time_decimal_year,TSOI,TSOIBNF,ELAI,H2OSOI,TVEG,GPP,AR,HR,NPP,NPP_NUPTAKE,NPP_PUPTAKE,NPP_NACTIVE,NPP_NFIX,NUPTAKE_NPP_FRACTION,PUPTAKE_NPP_FRACTION,COST_NFIX,COST_NACTIVE,COST_PACTIVE,VEGC_TO_LITTER,SNFIX,FNFIX,NGAS,NLEACH,NNETMIN,NUP,FN2O,PLOSS,PNETMIN,PUP,TOTVEGC,TOTECOC,VEGCAG,TOTLITC,SOILC,LEAFC,WOODC,CROOTC,FROOTC,CWDC,TOTVEGN,TOTECON,SMINN,TOTLITN,SOILN,LEAFN,WOODN,FROOTN,CWDN,TOTSOMN,TOTVEGP,TOTECOP,SMINP,TOTLITP,SOILP,LEAFP,WOODP,FROOTP,CWDP,TOTSOMP,ET,TNFIX,VEGCBG,TOTROOTC
2015.0417,260.675,260.856,0,0.194722,0,0,0.000641939,1.42754e-07,-0.000641939,0,0,0,0,0,0,0,0,0,0.000622003,0,9.2419e-08,0,1.44244e-17,1.2402e-08,1.76069e-06,0,1.54886e-21,2.75361e-10,1.76069e-07,4.89972,82.047,2.65464,0.3828,75.2001,0.2699,3.10018,0.00218007,0.2699,1.56437,0.0566733,-0.329995,0.625275,0.00731471,-1.02244,0.00674754,0.00475495,0.0064262,0.00318318,-1.02244,0.00483965,1.82181,1.09434,0.000486617,0.15064,0.000674754,0.000792491,0.0002699,0.000521662,0.15064,0.102435,9.2419e-08,2.24508,0.27208
2015.1250,262.819,262.912,0,0.194723,0,0,0.000712702,1.32487e-07,-0.000712702,0,0,0,0,0,0,0,0,0,0.000610696,0,1.06556e-07,0,9.4048e-18,1.1408e-08,1.71773e-06,0,1.00937e-21,2.54758e-10,1.71773e-07,4.87193,82.0517,2.6442,0.410309,75.2001,0.263314,3.09517,0.00205688,0.263314,1.56938,0.0563328,-0.329721,0.6253,0.00789401,-1.02244,0.00658289,0.00474806,0.00626939,0.00319346,-1.02244,0.00481543,1.82182,1.09434,0.000525577,0.15064,0.000658289,0.000791344,0.000263314,0.000523331,0.15064,0.282404,1.06556e-07,2.22773,0.265371
2015.2083,271.46,270.89,0.389015,0.482668,0.0922821,0.000556816,0.00108808,0.000889467,-0.000531268,1.95221e-09,6.4499e-07,1.68794e-09,6.6165e-12,1.34305e-06,0.000467297,0.00635683,11.6299,0.00241316,0.000599295,1.25369e-12,1.64729e-07,5.28128e-05,6.99826e-18,-2.73359e-05,2.11777e-06,4.21215e-06,7.51175e-22,4.45203e-07,1.99304e-07,4.83971,82.0477,2.63359,0.429193,75.2047,0.256677,3.09001,0.00193691,0.256677,1.57415,0.0559882,-0.329777,0.624807,0.00828394,-1.02206,0.00641696,0.00474092,0.00611136,0.00320325,-1.02206,0.00479089,1.82184,1.09434,0.00055025,0.150653,0.000641696,0.000790154,0.000256677,0.000524923,0.150653,0.696052,1.64731e-07,2.20612,0.258614
2015.2917,283.572,281.875,2.16006,0.22178,1.31058,0.00637289,0.00230451,0.00233418,0.00406838,9.65684e-08,1.91176e-05,8.36802e-08,8.68791e-10,1.88632e-05,0.00472512,0.138954,164.912,0.0769905,0.000592662,2.846e-10,2.88517e-07,1.53651e-05,5.52243e-18,1.70939e-05,2.36817e-05,1.86893e-06,5.95059e-22,2.43409e-06,1.76128e-06,4.84056,82.0201,2.62858,0.375501,75.2316,0.252769,3.08858,0.00190832,0.252769,1.57252,0.0559313,-0.331394,0.622177,0.00708629,-1.01979,0.00631925,0.00473891,0.0060183,0.00319983,-1.01979,0.00478713,1.82186,1.09436,0.000468916,0.150726,0.000631925,0.000789817,0.000252769,0.000524378,0.150726,1.72329,2.88802e-07,2.21198,0.254677
2015.3750,292.805,290.637,2.20029,0.110968,1.7386,0.00698825,0.00301193,0.0014537,0.00397632,1.29786e-07,2.44061e-05,1.10453e-07,2.88306e-09,2.27013e-05,0.00520883,0.323804,196.789,0.0983033,0.00059604,1.32419e-09,4.64333e-07,1.86177e-08,5.57142e-18,2.10157e-05,3.0896e-05,2.12586e-09,6.00628e-22,1.73468e-06,2.28528e-06,4.90966,82.0657,2.63558,0.349658,75.2363,0.254566,3.09534,0.00206449,0.254566,1.57008,0.0564427,-0.331194,0.621995,0.00653705,-1.01936,0.00636418,0.00474826,0.00606109,0.00319478,-1.01936,0.00482459,1.82187,1.09437,0.000433733,0.150737,0.000636418,0.000791377,0.000254566,0.000523567,0.150737,2.02381,4.65657e-07,2.27409,0.25663
2015.4583,294.081,292.503,2.20394,0.126372,1.0318,0.00463211,0.00295848,0.00149002,0.00167363,8.17588e-08,1.6945e-05,6.88857e-08,2.25876e-09,1.94718e-05,0.00536359,0.299249,166.947,0.0677068,0.000596961,1.07943e-09,5.46034e-07,5.08997e-08,1.22803e-17,2.04645e-05,1.98796e-05,7.1399e-09,1.32404e-21,1.8172e-06,1.48505e-06,4.94733,82.0945,2.63965,0.339354,75.2385,0.254957,3.10012,0.00216643,0.254957,1.56927,0.0567588,-0.330915,0.621947,0.00632783,-1.01914,0.00637396,0.00475494,0.00607041,0.00319308,-1.01914,0.00484787,1.82189,1.09437,0.000419421,0.150742,0.000637396,0.00079249,0.000254957,0.000523295,0.150742,1.40724,5.47113e-07,2.30768,0.257124
2015.5417,291.159,290.438,2.19327,0.109326,0.655209,0.00248476,0.00253356,0.0011889,-4.87918e-05,3.11608e-08,8.53626e-06,2.61316e-08,9.00456e-10,1.48497e-05,0.00530862,0.210705,125.117,0.0320794,0.00059519,4.49798e-10,5.8323e-07,8.83631e-10,1.60832e-17,1.78133e-05,8.54453e-06,1.52965e-10,1.73454e-21,1.46306e-06,6.6213e-07,4.96115,82.0958,2.64052,0.327142,75.2401,0.253812,3.10273,0.00221376,0.253812,1.5674,0.0569053,-0.330633,0.622148,0.00608785,-1.01896,0.00634534,0.00475865,0.00604315,0.00318923,-1.01896,0.00485884,1.82191,1.09439,0.000402114,0.150744,0.000634534,0.000793108,0.000253812,0.000522673,0.150744,0.853816,5.8368e-07,2.32063,0.256026
2015.6250,286.961,286.758,2.14974,0.147695,0.466506,0.00209151,0.0024582,0.00145455,-0.000366686,2.47841e-08,7.57727e-06,2.09137e-08,4.94431e-10,1.44448e-05,0.00513818,0.137282,117.772,0.0284059,0.000587207,1.56452e-10,5.72562e-07,2.31791e-07,1.59524e-17,2.31123e-05,7.01721e-06,3.72814e-08,1.72081e-21,1.82564e-06,5.50286e-07,4.93344,82.0609,2.63379,0.319822,75.2413,0.249133,3.10007,0.00214089,0.249133,1.56631,0.0567178,-0.330366,0.622605,0.00594433,-1.01882,0.00622837,0.00475503,0.00593175,0.00318697,-1.01882,0.00484553,1.82192,1.09443,0.000391337,0.150746,0.000622837,0.000792505,0.000249133,0.000522308,0.150746,0.767436,5.72718e-07,2.29965,0.251274
2015.7083,272.393,273.59,0.937946,0.126075,0.0474391,0.000330352,0.0012595,0.000598996,-0.000929152,3.16118e-10,1.7008e-07,2.68485e-10,3.8052e-12,1.06305e-06,0.000444483,0.00459949,8.53135,0.00045756,0.00057804,6.64817e-13,5.46095e-07,1.12016e-12,1.61424e-17,1.03825e-05,1.65879e-06,4.41166e-13,1.74126e-21,7.31012e-07,1.63883e-07,4.90281,82.0285,2.62551,0.317997,75.2415,0.243785,3.09626,0.00204626,0.243785,1.56621,0.0564666,-0.330097,0.623114,0.0059121,-1.01878,0.00609465,0.00474981,0.0058044,0.00318675,-1.01878,0.00482762,1.82194,1.09446,0.00038928,0.150745,0.000609465,0.000791634,0.000243785,0.000522277,0.150745,0.250815,5.46096e-07,2.2773,0.245831
2015.7917,264.235,265.475,0,0.0467631,0,0,0.000776983,5.21968e-05,-0.000776983,0,0,0,0,0,0,0,0,0,0.000567458,0,5.06558e-07,0,1.66974e-17,1.60759e-06,1.55022e-06,0,1.80017e-21,5.78548e-08,1.55022e-07,4.87104,82.0204,2.61539,0.3375,75.2414,0.237637,3.09109,0.0019268,0.237637,1.57046,0.05614,-0.329828,0.623301,0.00631964,-1.01878,0.00594095,0.00474265,0.00565802,0.00319545,-1.01878,0.00480425,1.82195,1.09447,0.000417794,0.150745,0.000594095,0.000790442,0.000237637,0.000523692,0.150745,0.131584,5.06558e-07,2.25566,0.239564
2015.8750,262.262,263.219,0,0.0363895,0,0,0.000633235,8.97529e-06,-0.000633235,0,0,0,0,0,0,0,0,0,0.000557135,0,4.71782e-07,0,1.71523e-17,4.4226e-07,1.51112e-06,0,1.84824e-21,1.14814e-08,1.51112e-07,4.84376,82.0231,2.60542,0.362435,75.2413,0.231643,3.08593,0.00181431,0.231643,1.57559,0.0558197,-0.329564,0.623362,0.00684607,-1.0188,0.00579112,0.00473546,0.00551532,0.00320597,-1.0188,0.00478131,1.82197,1.09447,0.000453503,0.150744,0.000579112,0.000789243,0.000231643,0.000525403,0.150744,0.119293,4.71782e-07,2.23834,0.233458
2015.9583,264.361,264.804,0,0.0372275,0,0,0.000702406,4.39861e-06,-0.000702406,0,0,0,0,0,0,0,0,0,0.000546903,0,4.44703e-07,0,1.75533e-17,2.28594e-07,1.47239e-06,0,1.89046e-21,5.75143e-09,1.47239e-07,4.81598,82.0255,2.59546,0.38749,75.2412,0.225706,3.08069,0.00170669,0.225706,1.58082,0.0555006,-0.329302,0.623408,0.00737656,-1.0188,0.00564269,0.00472812,0.00537396,0.00321666,-1.0188,0.00475841,1.82198,1.09447,0.000489345,0.150744,0.000564269,0.00078802,0.000225706,0.000527147,0.150744,0.227356,4.44703e-07,2.22052,0.227413
2016.0417,263.547,264.206,0,0.0392102,0,0,0.000531801,3.90391e-06,-0.000531801,0,0,0,0,0,0,0,0,0,0.0005374,0,4.18666e-07,0,1.78133e-17,1.95081e-07,1.43645e-06,0,1.91752e-21,4.90685e-09,1.43645e-07,4.7909,82.0287,2.58612,0.410802,75.2411,0.220197,3.07572,0.00161016,0.220197,1.5858,0.0552027,-0.329059,0.623449,0.00787097,-1.01881,0.00550495,0.00472111,0.00524277,0.00322682,-1.01881,0.004737,1.822,1.09447,0.000522749,0.150744,0.000550495,0.000786851,0.000220197,0.000528804,0.150744,0.0309701,4.18666e-07,2.20478,0.221807
2016.1250,263.942,264.257,0,0.0407645,0,0,0.000676143,1.75459e-06,-0.000676143,0,0,0,0,0,0,0,0,0,0.000528127,0,3.94742e-07,0,1.81032e-17,1.03917e-07,1.4014e-06,0,1.94778e-21,2.47045e-09,1.4014e-07,4.76687,82.0324,2.57692,0.433598,75.2411,0.214824,3.07075,0.00151918,0.214824,1.59076,0.0549104,-0.328821,0.623487,0.0083552,-1.01881,0.00537062,0.00471407,0.00511485,0.00323695,-1.01881,0.00471597,1.82201,1.09447,0.000555465,0.150744,0.000537062,0.000785679,0.000214824,0.00053046,0.150744,0.268912,3.94742e-07,2.18995,0.216343
2016.2083,274.219,273.493,0.413627,0.407038,0.194075,0.000854509,0.00118632,0.00155377,-0.000331811,7.11032e-09,1.74576e-06,6.22438e-09,5.29817e-11,4.60951e-06,0.0014936,0.0276301,24.7042,0.00733136,0.000518928,1.60586e-11,3.91812e-07,5.2765e-05,1.51535e-17,-1.85195e-05,2.77251e-06,4.63113e-06,1.63166e-21,1.24373e-06,2.36531e-07,4.73612,82.0158,2.5677,0.434457,75.2507,0.209498,3.06569,0.00143195,0.209498,1.59448,0.0546175,-0.329221,0.622577,0.00834431,-1.018,0.00523749,0.00470687,0.00498806,0.0032445,-1.018,0.00469486,1.82202,1.09447,0.000553196,0.15077,0.000523749,0.000784478,0.000209498,0.0005317,0.15077,0.887748,3.91828e-07,2.16842,0.21093
2016.2917,284.641,283.594,1.82307,0.23069,1.11526,0.00608866,0.00256812,0.00252413,0.00352055,1.33141e-07,1.96978e-05,1.15429e-07,1.57686e-09,2.71155e-05,0.00508796,0.1447,150.367,0.0945848,0.000525837,4.43226e-10,4.30382e-07,7.53779e-06,1.26691e-17,3.47445e-05,2.81193e-05,1.16721e-06,1.36854e-21,3.05273e-06,2.05406e-06,4.73579,81.97,2.57288,0.375358,75.2685,0.213588,3.0671,0.00149625,0.213588,1.5903,0.0546985,-0.330146,0.62133,0.00704448,-1.01645,0.00533974,0.00470861,0.00508544,0.00323578,-1.01645,0.00470048,1.82204,1.09452,0.000466528,0.150817,0.000533974,0.000784769,0.000213588,0.000530306,0.150817,1.7781,4.30825e-07,2.16291,0.215085
2016.3750,292.153,290.634,2.0506,0.159921,2.10116,0.00910125,0.00387449,0.00210426,0.00522676,2.47941e-07,3.21538e-05,2.10012e-07,6.14981e-09,3.08113e-05,0.00483271,0.33645,197.204,0.150973,0.000568263,2.89846e-09,5.00032e-07,3.24718e-06,1.44335e-17,3.87292e-05,5.42171e-05,3.8626e-07,1.56042e-21,2.74115e-06,3.93639e-06,4.82105,82.0122,2.61,0.337617,75.2688,0.238402,3.08309,0.00188358,0.238402,1.58475,0.0556659,-0.330062,0.621119,0.00627825,-1.01635,0.00596009,0.00473063,0.00567625,0.00322428,-1.01635,0.00476987,1.82205,1.09452,0.000415933,0.150813,0.000596009,0.000788439,0.000238402,0.000528455,0.150813,2.53529,5.0293e-07,2.21105,0.240286
2016.4583,293.237,292.428,2.31749,0.203509,1.69803,0.00837251,0.00426867,0.0024389,0.00410384,2.1297e-07,2.99457e-05,1.7794e-07,6.47019e-09,2.69492e-05,0.00442702,0.362341,201.732,0.141588,0.000617352,3.31449e-09,5.81069e-07,2.08694e-05,1.47816e-17,4.82385e-05,5.03501e-05,2.29263e-06,1.59864e-21,3.2904e-06,3.66369e-06,4.92986,82.0905,2.65339,0.31449,75.2663,0.267077,3.10223,0.00231753,0.267077,1.57982,0.056895,-0.330014,0.620537,0.00581642,-1.01648,0.00667696,0.00475718,0.00635898,0.00321413,-1.01648,0.00485826,1.82207,1.09449,0.000385073,0.150803,0.000667696,0.000792864,0.000267077,0.000526813,0.150803,2.39638,5.84383e-07,2.27647,0.269395
2016.5417,290.585,290.323,2.50808,0.220082,1.21749,0.00604657,0.0039071,0.00243843,0.00213947,1.33545e-07,2.17565e-05,1.11283e-07,3.69343e-09,2.15779e-05,0.00404034,0.26031,179.044,0.105393,0.000651929,1.62954e-09,6.44021e-07,1.38826e-05,1.43914e-17,5.87622e-05,3.38972e-05,1.80808e-06,1.5584e-21,3.41699e-06,2.48383e-06,5.00721,82.1228,2.6841,0.28607,75.2584,0.287263,3.11591,0.00260347,0.287263,1.57106,0.0578092,-0.330437,0.620343,0.00525227,-1.01704,0.00718161,0.00477632,0.0068396,0.00319613,-1.01704,0.00492416,1.82208,1.09451,0.00034734,0.150777,0.000718161,0.000796053,0.000287263,0.000523891,0.150777,1.78177,6.45651e-07,2.32311,0.289867
2016.6250,282.268,282.693,2.55052,0.228122,0.391607,0.00260097,0.00255919,0.00184683,4.17824e-05,3.86823e-08,8.90833e-06,3.24252e-08,6.22678e-10,1.46836e-05,0.00437585,0.0840901,125.248,0.0419222,0.000661827,1.56999e-10,6.58455e-07,5.88615e-06,1.42357e-17,4.60267e-05,1.13567e-05,9.53666e-07,1.54169e-21,2.56646e-06,8.65481e-07,5.02368,82.1097,2.69289,0.271823,75.2498,0.293034,3.11983,0.002655,0.293034,1.56442,0.0580656,-0.330403,0.621087,0.00496682,-1.01771,0.00732589,0.00478202,0.00697701,0.00318253,-1.01771,0.00494283,1.8221,1.09456,0.000328912,0.15075,0.000732589,0.000797003,0.000293034,0.000521681,0.15075,0.803571,6.58612e-07,2.33079,0.295689
2016.7083,270.775,271.784,1.50028,0.339966,0.0443607,0.000310375,0.00132635,0.00093799,-0.00101597,8.35632e-10,3.78611e-07,7.06245e-10,4.66616e-12,1.35338e-06,0.000660941,0.00300027,11.3739,0.00127113,0.000652554,3.90107e-13,6.35255e-07,3.09842e-06,1.43331e-17,2.4023e-05,2.07984e-06,6.12896e-07,1.55177e-21,1.26692e-06,2.01937e-07,4.9934,82.0704,2.68454,0.27085,75.2444,0.28762,3.11602,0.00253075,0.28762,1.56174,0.057784,-0.330214,0.622017,0.00494734,-1.01814,0.00719053,0.00477697,0.00684809,0.00317706,-1.01814,0.00492292,1.82212,1.09461,0.000328412,0.150734,0.000719053,0.000796162,0.00028762,0.000520787,0.150734,0.440402,6.35255e-07,2.30886,0.290151
2016.7917,260.7,261.445,0,0.156703,0,0,0.000763036,8.81466e-06,-0.000763036,0,0,0,0,0,0,0,0,0,0.000640141,0,6.00638e-07,1.3857e-37,1.70036e-17,5.1321e-07,1.82905e-06,3.47098e-38,1.83986e-21,1.2891e-08,1.82905e-07,4.96145,82.0642,2.67331,0.294264,75.243,0.280379,3.11082,0.00238318,0.280379,1.56552,0.0574139,-0.329932,0.622296,0.00543504,-1.01826,0.00700952,0.00476996,0.0066757,0.00318485,-1.01826,0.00489667,1.82214,1.09462,0.000362102,0.150731,0.000700952,0.000794994,0.000280379,0.000522045,0.150731,0.201574,6.00638e-07,2.28815,0.282763
2016.8750,265.454,265.725,0,0.129456,0,0,0.000726978,2.49368e-06,-0.000726978,0,0,0,0,0,0,0,0,0,0.00062801,0,5.61369e-07,0,1.75302e-17,1.73685e-07,1.78292e-06,0,1.89586e-21,4.01071e-09,1.78292e-07,4.93218,82.0695,2.66224,0.323731,75.2429,0.273308,3.10563,0.00224404,0.273308,1.57071,0.0570507,-0.329624,0.622344,0.00605404,-1.01827,0.00683273,0.0047629,0.00650733,0.00319554,-1.01827,0.00487089,1.82216,1.09462,0.000403738,0.150731,0.000683273,0.000793817,0.000273308,0.000523775,0.150731,0.136527,5.61369e-07,2.26994,0.275552
2016.9583,265.52,265.78,0,0.129456,0,0,0.000707787,2.02557e-06,-0.000707787,0,0,0,0,0,0,0,0,0,0.000615987,0,5.26243e-07,0,1.78487e-17,1.39644e-07,1.73722e-06,0,1.92929e-21,3.22193e-09,1.73722e-07,4.90293,82.0747,2.65118,0.352977,75.2429,0.266303,3.10036,0.00211093,0.266303,1.57598,0.0566892,-0.329319,0.622388,0.00666924,-1.01827,0.0066576,0.00475568,0.00634055,0.00320637,-1.01827,0.00484518,1.82217,1.09462,0.000445126,0.150731,0.00066576,0.000792613,0.000266303,0.000525532,0.150731,0.104142,5.26243e-07,2.25175,0.268414
2017.0417,264.772,264.987,0,0.129456,0,0,0.000714428,1.44913e-06,-0.000714428,0,0,0,0,0,0,0,0,0,0.000604822,0,4.91913e-07,0,1.82049e-17,9.93963e-08,1.69481e-06,0,1.96683e-21,2.28928e-09,1.69482e-07,4.8766,82.0806,2.64083,0.380157,75.2428,0.259802,3.09535,0.00199153,0.259802,1.58099,0.0563519,-0.329036,0.622429,0.00724171,-1.01828,0.00649509,0.00474877,0.00618577,0.00321664,-1.01828,0.00482117,1.82219,1.09462,0.000483653,0.150731,0.000649509,0.000791462,0.000259802,0.000527201,0.150731,0.135398,4.91913e-07,2.23577,0.261794
2017.1250,267.737,267.744,0,0.129456,0,0,0.000913571,1.24979e-06,-0.000913571,0,0,0,0,0,0,0,0,0,0.000593929,0,4.67998e-07,0,1.78335e-17,8.43243e-08,1.65346e-06,0,1.92576e-21,1.94043e-09,1.65346e-07,4.84628,82.0818,2.63064,0.406701,75.2428,0.253463,3.09035,0.001879,0.253463,1.58598,0.0560213,-0.32876,0.622468,0.00780156,-1.01828,0.0063366,0.00474183,0.00603483,0.00322688,-1.01828,0.00479759,1.82221,1.09462,0.000521344,0.15073,0.00063366,0.000790305,0.000253463,0.000528867,0.15073,0.392204,4.67998e-07,2.21563,0.255342
2017.2083,275.812,274.871,0.975042,0.340787,0.305507,0.00168335,0.00142401,0.00171709,0.000259341,1.00208e-08,2.82082e-06,8.73199e-09,4.65579e-11,5.29047e-06,0.00179744,0.0279492,42.6299,0.0110435,0.000583094,9.31607e-12,4.58557e-07,6.30848e-05,1.52367e-17,-2.36437e-05,3.85257e-06,5.97371e-06,1.64683e-21,1.2592e-06,3.22236e-07,4.81214,82.0646,2.62046,0.409414,75.2534,0.247161,3.08531,0.00177198,0.247161,1.58965,0.055695,-0.329223,0.621405,0.00783348,-1.01739,0.00617905,0.00473479,0.00588477,0.00323436,-1.01739,0.0047743,1.82222,1.09463,0.000521509,0.150759,0.000617905,0.000789131,0.000247161,0.000530089,0.150759,0.791749,4.58566e-07,2.19168,0.248933
2017.2917,286.428,284.852,2.11454,0.224622,1.65953,0.00738026,0.00271328,0.00244904,0.00466698,1.32605e-07,2.31769e-05,1.14044e-07,1.79209e-09,2.16919e-05,0.00455935,0.189644,172.876,0.0961279,0.000580067,6.48332e-10,4.95756e-07,8.93971e-06,1.26261e-17,3.66236e-05,3.08741e-05,1.45729e-06,1.36948e-21,2.96955e-06,2.27809e-06,4.82764,82.0348,2.6191,0.349019,75.2732,0.24534,3.0859,0.0017986,0.24534,1.58491,0.0557941,-0.330423,0.619731,0.00651236,-1.01569,0.00613352,0.00473552,0.00584142,0.00322455,-1.01569,0.00478172,1.82224,1.09467,0.000432897,0.150812,0.000613352,0.000789254,0.00024534,0.00052851,0.150812,2.13273,4.96404e-07,2.20855,0.247138
2017.3750,294.381,292.613,2.17812,0.143505,2.33126,0.00912272,0.00370735,0.0019232,0.00541537,1.97197e-07,3.09866e-05,1.65789e-07,5.52297e-09,2.48915e-05,0.00484415,0.387523,201.474,0.125504,0.000592176,2.94496e-09,5.8072e-07,4.33909e-07,1.42223e-17,3.46381e-05,4.50405e-05,4.36359e-08,1.54309e-21,2.47571e-06,3.30781e-06,4.93246,82.1065,2.63507,0.320595,75.2732,0.252184,3.09777,0.00207603,0.252184,1.58023,0.0566411,-0.330215,0.619629,0.00593487,-1.01564,0.00630462,0.00475194,0.00600437,0.00321487,-1.01564,0.00484338,1.82225,1.09467,0.000394571,0.15081,0.000630462,0.000791989,0.000252184,0.000526948,0.15081,2.86989,5.83665e-07,2.29739,0.25426
2017.4583,294.611,293.626,2.26145,0.168131,1.78484,0.00802415,0.00390042,0.00200966,0.00412373,1.76763e-07,2.86436e-05,1.46795e-07,5.89222e-09,2.30193e-05,0.00434318,0.383935,192.99,0.117226,0.000607947,3.21929e-09,6.67571e-07,3.52793e-06,1.47738e-17,3.85283e-05,4.10558e-05,4.40546e-07,1.60312e-21,2.66423e-06,3.02022e-06,5.03867,82.1861,2.6554,0.300744,75.2712,0.261113,3.11259,0.00240301,0.261113,1.57548,0.0575537,-0.33,0.619439,0.00554432,-1.01574,0.00652787,0.00477255,0.00621699,0.00320512,-1.01574,0.00490986,1.82227,1.09465,0.000367387,0.150801,0.000652787,0.000795425,0.000261113,0.000525367,0.150801,2.43944,6.70791e-07,2.38327,0.263516
2017.5417,290.495,290.241,2.32299,0.17101,1.18463,0.00506228,0.00337434,0.00171989,0.00168794,9.79352e-08,1.89738e-05,8.11973e-08,2.94691e-09,1.96336e-05,0.00438892,0.272381,169.052,0.080106,0.000619615,1.47521e-09,7.20825e-07,2.71741e-06,1.49844e-17,3.58997e-05,2.38144e-05,4.67407e-07,1.62606e-21,2.30273e-06,1.76976e-06,5.11154,82.2355,2.67126,0.285922,75.2675,0.26768,3.12467,0.00264829,0.26768,1.57053,0.0582121,-0.32979,0.619535,0.00525701,-1.01599,0.00669203,0.0047895,0.00637333,0.00319496,-1.01599,0.00495795,1.82229,1.09466,0.000347184,0.150788,0.000669203,0.000798249,0.00026768,0.000523715,0.150788,1.70069,7.223e-07,2.44029,0.270328
2017.6250,281.547,281.848,2.28572,0.216557,0.432991,0.00255305,0.00238259,0.001662,0.000170456,3.84305e-08,9.42338e-06,3.22983e-08,5.27684e-10,1.39594e-05,0.00434309,0.0751629,119.963,0.0387831,0.000618854,1.08689e-10,7.22601e-07,2.62399e-06,1.45169e-17,3.80198e-05,1.04618e-05,5.9383e-07,1.57536e-21,2.23621e-06,8.02505e-07,5.12129,82.2272,2.67293,0.276366,75.2631,0.267127,3.12757,0.00267491,0.267127,1.56639,0.0583122,-0.329617,0.620132,0.00506847,-1.01632,0.0066782,0.00479378,0.00636016,0.00318649,-1.01632,0.00496554,1.8223,1.09469,0.000334385,0.150775,0.000667821,0.000798963,0.000267127,0.000522334,0.150775,0.797657,7.22709e-07,2.44836,0.269802
2017.7083,273.684,274.375,1.02063,0.263425,0.0728838,0.000465108,0.00146167,0.000977653,-0.000996557,2.04817e-09,9.35158e-07,1.73183e-09,1.27227e-11,2.92039e-06,0.00136579,0.00752743,24.6144,0.00287283,0.000609861,1.11979e-12,6.94585e-07,3.96921e-07,1.44851e-17,2.42169e-05,2.16985e-06,1.03441e-07,1.57149e-21,1.29358e-06,2.03633e-07,5.09271,82.1887,2.66514,0.27308,75.2589,0.261864,3.12428,0.00256165,0.261864,1.56402,0.0580649,-0.329394,0.621015,0.00500132,-1.01666,0.00654663,0.00478948,0.00623486,0.00318166,-1.01666,0.004948,1.82232,1.09474,0.00033054,0.150762,0.000654663,0.000798247,0.000261864,0.000521544,0.150762,0.440929,6.94586e-07,2.42756,0.264426
2017.7917,269.192,269.571,0,0.266501,0,0,0.000933357,0.000155111,-0.000933357,0,0,0,0,0,0,0,0,0,0.000598564,0,6.59043e-07,3.39648e-19,1.54171e-17,4.48144e-06,1.66537e-06,9.78076e-20,1.67145e-21,1.78397e-07,1.66537e-07,5.05813,82.1738,2.65459,0.291004,75.2573,0.255289,3.1191,0.00241293,0.255289,1.56742,0.0577203,-0.329109,0.621413,0.00536897,-1.0168,0.00638226,0.00478251,0.00607831,0.00318869,-1.0168,0.00492343,1.82234,1.09476,0.000357036,0.150758,0.000638226,0.000797085,0.000255289,0.000522677,0.150758,0.208014,6.59043e-07,2.40354,0.257702
2017.8750,267.586,267.931,0,0.266501,0,0,0.000719713,9.28672e-05,-0.000719713,0,0,0,0,0,0,0,0,0,0.000587493,0,6.15516e-07,0,1.59173e-17,1.81103e-06,1.62337e-06,0,1.72459e-21,8.89786e-08,1.62337e-07,5.02873,82.1732,2.64414,0.314885,75.2572,0.248851,3.1139,0.00227206,0.248851,1.57233,0.0573806,-0.328823,0.621545,0.00586405,-1.01681,0.0062213,0.00477543,0.00592501,0.00319882,-1.01681,0.00489918,1.82235,1.09476,0.000391454,0.150759,0.00062213,0.000795906,0.000248851,0.000524316,0.150759,0.117639,6.15516e-07,2.38459,0.251123
2017.9583,266.162,266.483,0,0.266501,0,0,0.000691607,4.63975e-05,-0.000691607,0,0,0,0,0,0,0,0,0,0.000576518,0,5.71558e-07,0,1.64786e-17,6.87793e-07,1.58177e-06,0,1.78435e-21,3.88916e-08,1.58177e-07,5.00149,82.1762,2.6337,0.339704,75.2575,0.242472,3.10861,0.00213728,0.242472,1.57747,0.0570421,-0.328541,0.621621,0.00638156,-1.01679,0.00606184,0.0047682,0.00577315,0.00320938,-1.01679,0.00487498,1.82237,1.09476,0.000426977,0.150759,0.000606184,0.0007947,0.000242472,0.000526028,0.150759,0.0555906,5.71558e-07,2.36779,0.24461
2018.0417,267.658,267.755,0,0.266501,0,0,0.000846032,1.19047e-05,-0.000846032,0,0,0,0,0,0,0,0,0,0.000566328,0,5.40263e-07,0,1.69103e-17,4.23723e-07,1.54315e-06,0,1.83014e-21,1.25117e-08,1.54315e-07,4.97323,82.1773,2.62392,0.364128,75.2575,0.236553,3.10359,0.0020164,0.236553,1.58245,0.0567262,-0.328278,0.621675,0.00689389,-1.01679,0.00591387,0.00476128,0.00563222,0.0032196,-1.01679,0.00485237,1.82238,1.09476,0.000461776,0.15076,0.000591387,0.000793547,0.000236553,0.000527688,0.15076,0.345394,5.40263e-07,2.34931,0.23857
2018.1250,267.859,267.984,0,0.266501,0,0,0.000822582,1.24637e-05,-0.000822582,0,0,0,0,0,0,0,0,0,0.000556384,0,5.16733e-07,0,1.70553e-17,3.833e-07,1.5055e-06,0,1.84489e-21,1.16948e-08,1.5055e-07,4.94346,82.1768,2.61429,0.388401,75.2575,0.230781,3.09858,0.00190246,0.230781,1.58745,0.0564165,-0.328023,0.621725,0.00740454,-1.0168,0.00576956,0.00475433,0.00549479,0.00322984,-1.0168,0.00483016,1.8224,1.09476,0.000496376,0.15076,0.000576956,0.000792389,0.000230781,0.000529354,0.15076,0.386021,5.16733e-07,2.32917,0.232684
2018.2083,271.881,271.549,0.622827,0.458231,0.0946646,0.000716277,0.00108233,0.00130596,-0.000366053,4.24013e-10,1.85947e-07,3.70409e-10,6.89643e-13,1.02407e-06,0.000432497,0.00261456,7.21541,0.000527822,0.000546353,8.04449e-14,4.97947e-07,6.23283e-05,1.62568e-17,-2.05725e-05,1.55534e-06,4.95714e-06,1.75972e-21,9.3197e-07,1.53001e-07,4.91157,82.1644,2.60449,0.396215,75.265,0.224963,3.09341,0.00179144,0.224963,1.59159,0.0561024,-0.328419,0.620858,0.00755287,-1.01617,0.0056241,0.00474712,0.00535625,0.00323832,-1.01617,0.00480761,1.82241,1.09477,0.000504826,0.15078,0.00056241,0.000791186,0.000224963,0.000530736,0.15078,0.547327,4.97947e-07,2.30707,0.226754
2018.2917,283.716,282.313,1.90309,0.23453,1.21025,0.00633143,0.00237177,0.00228382,0.00395966,1.09612e-07,1.94893e-05,9.48113e-08,1.13696e-09,2.12995e-05,0.00478589,0.135806,150.193,0.0789018,0.00054269,3.30348e-10,5.14185e-07,9.63814e-06,1.40049e-17,3.32593e-05,2.39888e-05,1.38085e-06,1.52171e-21,2.74914e-06,1.77724e-06,4.90952,82.1259,2.60215,0.345226,75.2829,0.222789,3.09319,0.00179923,0.222789,1.58823,0.0560663,-0.329934,0.61898,0.00643275,-1.01464,0.00556975,0.00474674,0.00530449,0.00323134,-1.01464,0.00480514,1.82243,1.09481,0.000428737,0.150829,0.000556975,0.000791123,0.000222789,0.000529617,0.150829,1.7138,5.14515e-07,2.30736,0.224588
2018.3750,292.509,290.277,1.98201,0.129785,1.84165,0.00777815,0.00327927,0.00165307,0.00449888,1.73652e-07,2.72469e-05,1.4742e-07,3.71234e-09,2.40503e-05,0.00466203,0.27873,174.477,0.108379,0.000557194,1.57356e-09,5.7626e-07,4.04853e-07,1.42588e-17,3.19014e-05,3.73528e-05,4.83445e-08,1.54977e-21,2.11881e-06,2.75027e-06,5.00137,82.1857,2.62146,0.317413,75.2828,0.230978,3.10765,0.00213508,0.230978,1.58407,0.0568035,-0.329747,0.618972,0.00586449,-1.01461,0.00577447,0.00476673,0.00549947,0.00322274,-1.01461,0.0048588,1.82244,1.09481,0.000390992,0.150826,0.000577447,0.000794455,0.000230978,0.000528228,0.150826,2.14856,5.77834e-07,2.37991,0.233113
2018.4583,298.995,296.867,2.00627,0.092511,0.958593,0.00303332,0.00304647,0.0012249,-1.3147e-05,4.24791e-08,9.88672e-06,3.52934e-08,1.62325e-09,1.6457e-05,0.00485078,0.296046,119.772,0.0390585,0.000562006,9.79454e-10,6.10808e-07,2.36894e-13,1.50961e-17,2.21253e-05,1.0232e-05,5.73702e-14,1.64022e-21,1.54427e-06,7.80605e-07,5.02664,82.2018,2.6294,0.309992,75.2819,0.233618,3.11453,0.00227913,0.233618,1.58332,0.0571069,-0.329484,0.619152,0.0057109,-1.01467,0.00584047,0.00477637,0.00556232,0.00322119,-1.01467,0.00488099,1.82246,1.09482,0.000381455,0.150823,0.000584047,0.000796061,0.000233618,0.000527977,0.150823,1.20947,6.11788e-07,2.39724,0.235897
2018.5417,293.022,292.583,1.9696,0.133153,0.484062,0.0023121,0.00267306,0.00141223,-0.000360957,2.94797e-08,6.61631e-06,2.4581e-08,9.1746e-10,1.08959e-05,0.00294289,0.131884,75.9946,0.0267573,0.00055519,3.87612e-10,6.08056e-07,5.86063e-07,1.52925e-17,2.53883e-05,7.41465e-06,8.94576e-08,1.66139e-21,1.82043e-06,5.76735e-07,4.98805,82.1561,2.62353,0.303948,75.2814,0.229628,3.11209,0.00220754,0.229628,1.58264,0.0569257,-0.329224,0.619729,0.00558864,-1.01469,0.00574074,0.00477309,0.00546734,0.0032198,-1.01469,0.00486804,1.82247,1.09485,0.000373167,0.150821,0.000574074,0.000795515,0.000229628,0.000527752,0.150821,0.880331,6.08444e-07,2.36451,0.231836
2018.6250,285.319,285.496,1.95275,0.183359,0.496981,0.00253483,0.00247778,0.00173157,5.70521e-05,3.84211e-08,9.08958e-06,3.22268e-08,8.77013e-10,1.53752e-05,0.00428524,0.123475,106.053,0.0364544,0.000552137,2.69209e-10,6.12118e-07,1.78545e-06,1.48886e-17,3.68139e-05,9.18731e-06,3.00347e-07,1.61797e-21,2.32434e-06,7.0383e-07,4.97654,82.1215,2.62202,0.287387,75.2789,0.227792,3.11252,0.00220485,0.227792,1.57866,0.0568926,-0.329042,0.620445,0.00526423,-1.01485,0.00569484,0.00477376,0.00542362,0.00321161,-1.01485,0.00486577,1.82249,1.0949,0.000350293,0.150812,0.000569484,0.000795627,0.000227792,0.000526425,0.150812,0.891901,6.12387e-07,2.35451,0.229997
2018.7083,277.157,277.784,1.75912,0.196778,0.0927217,0.000598227,0.00163929,0.00131173,-0.00104106,5.04197e-10,2.93867e-07,4.27295e-10,5.36112e-12,1.86477e-06,0.000905609,0.0067028,12.5946,0.000674335,0.000544451,6.98798e-13,5.92103e-07,1.45346e-07,1.47447e-17,2.90828e-05,1.55738e-06,4.10551e-08,1.60216e-21,1.7609e-06,1.52754e-07,4.94613,82.0754,2.61494,0.278015,75.2753,0.223313,3.10913,0.00211615,0.223313,1.57597,0.0566693,-0.328809,0.62136,0.00508076,-1.01513,0.00558284,0.00476914,0.00531696,0.00320606,-1.01513,0.00484974,1.8225,1.09496,0.000337882,0.1508,0.000558285,0.000794857,0.000223313,0.000525528,0.1508,0.319387,5.92104e-07,2.33119,0.225429
2018.7917,257.999,259.953,0.153023,0.116252,0.00199455,8.21366e-06,0.000688164,0.000116517,-0.00067995,0,0,0,0,0,0,0,0,0,0.000534745,0,5.5973e-07,2.48189e-12,1.60918e-17,3.76936e-06,1.42009e-06,7.67861e-13,1.7477e-21,1.55379e-07,1.42009e-07,4.91285,82.0494,2.60533,0.285753,75.2732,0.217688,3.10395,0.00199283,0.217688,1.57755,0.0563622,-0.328561,0.621912,0.00524593,-1.01529,0.00544223,0.004762,0.00518305,0.00320928,-1.01529,0.00482765,1.82251,1.09499,0.000349822,0.150794,0.000544223,0.000793666,0.000217688,0.000526055,0.150794,0.167455,5.5973e-07,2.30752,0.219681
2018.8750,256.77,257.761,0,0.0510242,0,0,0.000532501,1.66089e-06,-0.000532501,0,0,0,0,0,0,0,0,0,0.000525264,0,5.21619e-07,0,1.74103e-17,1.23886e-07,1.38427e-06,0,1.88987e-21,2.85702e-09,1.38427e-07,4.88658,82.0514,2.59585,0.308999,75.2731,0.212198,3.09877,0.00187648,0.212198,1.5827,0.0560606,-0.328314,0.621973,0.00573813,-1.01531,0.00530497,0.0047548,0.00505233,0.00321983,-1.01531,0.00480592,1.82253,1.09499,0.00038319,0.150794,0.000530497,0.000792466,0.000212198,0.000527771,0.150794,0.0766743,5.21619e-07,2.29073,0.214074
2018.9583,261.554,261.751,0,0.0497658,0,0,0.00063314,4.75964e-07,-0.00063314,0,0,0,0,0,0,0,0,0,0.000515865,0,4.86716e-07,0,1.82201e-17,3.97441e-08,1.34879e-06,0,1.97671e-21,9.05093e-10,1.34879e-07,4.86064,82.054,2.58637,0.332346,75.2731,0.206759,3.09351,0.00176517,0.206759,1.58796,0.0557599,-0.32807,0.622013,0.0062337,-1.01531,0.005169,0.00474745,0.00492283,0.00323059,-1.01531,0.00478422,1.82254,1.09498,0.000416686,0.150794,0.000516901,0.000791242,0.000206759,0.000529524,0.150794,0.170492,4.86716e-07,2.27427,0.208524
2019.0417,265.809,265.977,0,0.0497179,0,0,0.000690631,3.84048e-07,-0.000690631,0,0,0,0,0,0,0,0,0,0.000507136,0,4.60399e-07,0,1.83553e-17,3.22341e-08,1.31587e-06,0,1.99038e-21,7.32353e-10,1.31587e-07,4.8339,82.054,2.57748,0.354052,75.273,0.201712,3.08851,0.00166533,0.201712,1.59295,0.0554791,-0.327843,0.62205,0.00669522,-1.01531,0.00504282,0.00474043,0.00480266,0.0032408,-1.01531,0.00476392,1.82255,1.09498,0.000447894,0.150794,0.000504283,0.000790071,0.000201712,0.000531189,0.150794,0.213398,4.60399e-07,2.25642,0.203377
2019.1250,267.292,267.401,0,0.0497022,0,0,0.00072957,3.83146e-07,-0.00072957,0,0,0,0,0,0,0,0,0,0.000498618,0,4.39654e-07,0,1.81827e-17,3.21336e-08,1.28376e-06,0,1.97068e-21,7.30348e-10,1.28376e-07,4.80652,82.0528,2.56872,0.375254,75.273,0.19679,3.08352,0.00157123,0.19679,1.59794,0.0552034,-0.327621,0.622086,0.00714684,-1.01531,0.00491978,0.00473338,0.00468547,0.00325098,-1.01531,0.00474397,1.82257,1.09498,0.000478447,0.150794,0.000491978,0.000788897,0.00019679,0.000532852,0.150794,0.279962,4.39654e-07,2.23781,0.198361
2019.2083,271.849,271.634,0,0.498765,0,0,0.000956946,0.000468778,-0.000956946,0,0,0,0,0,0,0,0,0,0.00049002,0,4.24267e-07,2.27836e-05,1.69889e-17,-1.40777e-05,1.25138e-06,1.75733e-06,1.84076e-21,3.14779e-07,1.25138e-07,4.77622,82.0451,2.55979,0.38963,75.2766,0.191826,3.07838,0.00147947,0.191826,1.60269,0.0549236,-0.327478,0.621908,0.00744359,-1.01501,0.00479568,0.00472607,0.00456728,0.00326066,-1.01501,0.00472369,1.82258,1.09498,0.000497208,0.150804,0.000479568,0.000787679,0.000191826,0.000534435,0.150804,0.554761,4.24267e-07,2.21643,0.193305
2019.2917,286.583,284.721,1.64055,0.263852,1.3615,0.00594433,0.00289991,0.00267959,0.00304442,1.34319e-07,1.82927e-05,1.15599e-07,2.19045e-09,2.89852e-05,0.00527571,0.19939,136.292,0.0903081,0.000501151,8.5785e-10,4.49648e-07,4.37354e-05,1.36437e-17,2.53579e-05,2.66888e-05,4.54568e-06,1.48409e-21,2.99824e-06,1.94462e-06,4.76188,82.0018,2.56742,0.344512,75.2947,0.198447,3.07968,0.00153964,0.198447,1.60068,0.0549255,-0.329276,0.619574,0.00643081,-1.01346,0.00496122,0.00472768,0.00472494,0.00325643,-1.01346,0.00472351,1.82259,1.09502,0.000427632,0.150853,0.000496122,0.000787947,0.000198447,0.000533766,0.150853,1.90138,4.50506e-07,2.19446,0.199987
2019.3750,293.468,291.734,2.05444,0.134626,2.07225,0.00876153,0.00420416,0.00172379,0.00455737,2.41634e-07,3.04358e-05,2.0365e-07,6.4925e-09,3.1419e-05,0.00478442,0.360208,191.315,0.149026,0.000569845,3.27929e-09,5.27721e-07,5.8352e-08,1.44758e-17,3.2122e-05,5.24888e-05,7.51358e-09,1.57541e-21,2.23059e-06,3.8041e-06,4.82827,82.0325,2.62354,0.31269,75.2955,0.238796,3.10019,0.00202576,0.238796,1.596,0.0558978,-0.329209,0.619225,0.00577327,-1.01335,0.00596994,0.00475599,0.00568563,0.00324673,-1.01335,0.00479299,1.8226,1.09501,0.000384183,0.150852,0.000596994,0.000792664,0.000238796,0.000532204,0.150852,2.50245,5.31e-07,2.20473,0.240822
2019.4583,291.825,291.143,2.43421,0.206781,1.69745,0.00871009,0.004375,0.00234986,0.00433509,2.25732e-07,3.07827e-05,1.88411e-07,6.13622e-09,2.73256e-05,0.00441202,0.325816,208.598,0.150514,0.00063911,2.86294e-09,6.06378e-07,8.72592e-06,1.44606e-17,5.00881e-05,5.47826e-05,1.10604e-06,1.57415e-21,3.17658e-06,3.97699e-06,4.92937,82.1033,2.68053,0.291312,75.2922,0.279445,3.12143,0.0024992,0.279445,1.5904,0.0571833,-0.329123,0.618672,0.00535137,-1.01356,0.00698614,0.00478551,0.00665344,0.00323522,-1.01356,0.00488523,1.82262,1.09497,0.000355042,0.150841,0.000698615,0.000797586,0.000279445,0.000530338,0.150841,2.3966,6.09241e-07,2.24884,0.281944
2019.5417,292.492,291.966,2.66234,0.141799,1.35902,0.00526956,0.00378785,0.00152285,0.00148171,1.08089e-07,1.87697e-05,8.91548e-08,3.34801e-09,2.1842e-05,0.00460206,0.311448,186.002,0.0947293,0.000679968,1.81663e-09,6.67814e-07,2.13862e-06,1.50993e-17,3.15463e-05,2.86103e-05,2.67234e-07,1.64337e-21,2.01647e-06,2.10198e-06,4.9974,82.1486,2.71401,0.279106,75.287,0.303416,3.13379,0.00274484,0.303416,1.5851,0.0580667,-0.32889,0.618661,0.0051114,-1.01395,0.00758543,0.00480288,0.00722419,0.00322437,-1.01395,0.00494878,1.82264,1.09496,0.000338864,0.150824,0.000758543,0.00080048,0.000303416,0.000528571,0.150824,1.78629,6.69631e-07,2.28339,0.306161
2019.6250,284.802,285.068,2.69234,0.252286,0.510925,0.0030339,0.00293088,0.00211956,0.000103014,4.81795e-08,1.03146e-05,4.01529e-08,8.88875e-10,1.55719e-05,0.00415952,0.113441,136.419,0.0518246,0.000688592,2.59988e-10,6.81739e-07,2.42595e-05,1.41614e-17,5.10451e-05,1.41361e-05,3.53946e-06,1.54219e-21,2.88672e-06,1.06583e-06,5.00236,82.1363,2.72061,0.270986,75.2826,0.308492,3.13577,0.00274571,0.308492,1.58038,0.0582323,-0.329025,0.618869,0.00495057,-1.01429,0.00771234,0.00480592,0.00734505,0.00321472,-1.01429,0.00496091,1.82266,1.09499,0.00032788,0.15081,0.000771234,0.000800987,0.000308492,0.000526997,0.15081,1.04798,6.81999e-07,2.28175,0.311238
2019.7083,268.775,269.769,1.60384,0.218611,0.0430307,0.000246606,0.00119063,0.000454321,-0.000944025,1.68455e-10,9.92396e-08,1.42288e-10,6.44846e-13,6.42065e-07,0.000313822,0.00190786,5.62976,0.000282047,0.000680344,6.61335e-14,6.60669e-07,4.46603e-08,1.47524e-17,1.21856e-05,2.02376e-06,1.09412e-08,1.60673e-21,5.92221e-07,2.01072e-07,4.9754,82.1055,2.71306,0.274155,75.2775,0.303679,3.13222,0.00262276,0.303679,1.57842,0.0579719,-0.329059,0.619455,0.00501608,-1.01471,0.00759201,0.00480129,0.00723046,0.00321075,-1.01471,0.00494258,1.82268,1.09504,0.000333547,0.150796,0.000759201,0.000800214,0.000303679,0.000526343,0.150796,0.298025,6.6067e-07,2.26233,0.306302
2019.7917,257.008,258.148,0.0615271,0.194205,0.000151296,1.94674e-07,0.000711689,2.14031e-05,-0.000711494,0,0,0,0,0,0,0,0,0,0.00066723,0,6.2033e-07,5.11575e-31,1.6422e-17,9.65789e-07,1.93109e-06,1.42757e-31,1.7875e-21,2.76051e-08,1.93109e-07,4.94249,82.1054,2.70138,0.302737,75.277,0.296022,3.12699,0.00246962,0.296022,1.58318,0.0575856,-0.328736,0.619608,0.00561243,-1.01476,0.00740057,0.00479426,0.00704813,0.0032206,-1.01476,0.00491525,1.8227,1.09504,0.000374268,0.150795,0.000740057,0.000799044,0.000296022,0.000527933,0.150795,0.191208,6.2033e-07,2.24111,0.298491
2019.8750,259.253,259.52,0,0.189682,0,0,0.000695575,6.21982e-07,-0.000695575,0,0,0,0,0,0,0,0,0,0.000654437,0,5.78124e-07,0,1.79668e-17,5.17113e-08,1.88238e-06,0,1.95463e-21,1.18121e-09,1.88238e-07,4.9128,82.1117,2.6899,0.333591,75.2769,0.288556,3.12177,0.00232544,0.288556,1.5884,0.0572073,-0.328413,0.619657,0.00626079,-1.01477,0.00721392,0.00478719,0.00687037,0.00323134,-1.01477,0.00488845,1.82272,1.09504,0.00041786,0.150795,0.000721392,0.000797865,0.000288556,0.000529672,0.150795,0.0738582,5.78124e-07,2.22289,0.290881
2019.9583,253.407,254.068,0,0.187867,0,0,0.000487596,2.46346e-07,-0.000487596,0,0,0,0,0,0,0,0,0,0.000641757,0,5.37738e-07,0,1.86163e-17,2.09209e-08,1.83414e-06,0,2.02424e-21,4.71296e-10,1.83414e-07,4.88397,82.1189,2.67843,0.364259,75.2769,0.28116,3.11647,0.00218749,0.28116,1.5937,0.0568307,-0.328093,0.619699,0.00690626,-1.01477,0.00702902,0.00477996,0.00669428,0.00324224,-1.01477,0.00486174,1.82274,1.09504,0.000461238,0.150795,0.000702903,0.00079666,0.00028116,0.000531438,0.150795,0.0569977,5.37738e-07,2.20554,0.283347
2020.0417,259.215,259.236,0,0.189461,0,0,0.000667527,4.55822e-08,-0.000667527,0,0,0,0,0,0,0,0,0,0.000629984,0,5.04899e-07,0,1.37672e-17,4.33832e-09,1.78937e-06,0,1.49627e-21,9.06155e-11,1.78937e-07,4.85713,82.1255,2.6677,0.392757,75.2769,0.274296,3.11144,0.00206377,0.274296,1.59873,0.0564795,-0.327796,0.619736,0.00750676,-1.01477,0.00685744,0.00477304,0.00653087,0.00325257,-1.01477,0.0048368,1.82275,1.09504,0.000501608,0.150795,0.000685744,0.000795507,0.000274296,0.000533116,0.150795,0.19889,5.04899e-07,2.18944,0.27636
2020.1250,262.828,262.905,0,0.190129,0,0,0.000683553,3.04528e-08,-0.000683553,0,0,0,0,0,0,0,0,0,0.000618497,0,4.75706e-07,0,9.02138e-18,2.94574e-09,1.7457e-06,0,9.79984e-22,6.08855e-11,1.7457e-07,4.82942,82.1307,2.65714,0.420581,75.2769,0.267603,3.10641,0.00194716,0.267603,1.60376,0.0561353,-0.327506,0.619772,0.00809384,-1.01477,0.00669011,0.00476609,0.00637151,0.00326288,-1.01477,0.00481232,1.82277,1.09504,0.000541092,0.150795,0.000669011,0.000794348,0.000267603,0.000534791,0.150795,0.240675,4.75706e-07,2.17228,0.26955
2020.2083,266.344,266.288,0,0.197731,0,0,0.000820643,2.58706e-05,-0.000820643,0,0,0,0,0,0,0,0,0,0.000606905,0,4.56425e-07,3.92837e-16,7.35218e-18,-1.52362e-06,1.70167e-06,2.85953e-17,7.98261e-22,1.09927e-08,1.70167e-07,4.79945,82.134,2.6464,0.448627,75.2769,0.260853,3.10122,0.00183344,0.260853,1.60894,0.0557864,-0.327222,0.6198,0.0086864,-1.01477,0.00652136,0.00475886,0.00621079,0.00327349,-1.01477,0.00478748,1.82279,1.09504,0.000580947,0.150795,0.000652136,0.000793144,0.000260853,0.00053652,0.150795,0.393457,4.56425e-07,2.15305,0.262687
2020.2917,279.84,278.344,1.53539,0.408198,0.920536,0.00473045,0.00188416,0.00252243,0.00284629,7.01767e-08,1.29254e-05,6.1023e-08,5.24943e-10,1.40007e-05,0.00326763,0.0854833,113.425,0.0563884,0.000597785,1.61817e-10,4.63495e-07,5.93594e-05,5.9216e-18,-2.04692e-05,1.78214e-05,6.81628e-06,6.44385e-22,2.01529e-06,1.33088e-06,4.78071,82.1141,2.63814,0.424512,75.2981,0.255537,3.0974,0.00175729,0.255537,1.61076,0.0555757,-0.328349,0.617678,0.00811582,-1.013,0.00638846,0.00475349,0.00608421,0.00327717,-1.013,0.00477254,1.8228,1.09505,0.00054065,0.150853,0.000638846,0.000792248,0.000255537,0.000537126,0.150853,1.59517,4.63657e-07,2.14257,0.257294
2020.3750,289.532,288.08,2.25397,0.222162,1.84722,0.00993375,0.00335602,0.00279704,0.00657773,2.14956e-07,3.25973e-05,1.84135e-07,3.78205e-09,2.50953e-05,0.00453285,0.261181,206.567,0.13875,0.000606153,1.49822e-09,5.35061e-07,9.41953e-06,4.98099e-18,4.17472e-05,5.1189e-05,1.28801e-06,5.43525e-22,3.41958e-06,3.74407e-06,4.87025,82.1485,2.64824,0.358214,75.3156,0.260314,3.10432,0.00192723,0.260314,1.60448,0.0563138,-0.32899,0.616236,0.00668244,-1.01149,0.00650787,0.00476301,0.00619794,0.0032642,-1.01149,0.00482609,1.82282,1.09506,0.000445494,0.150899,0.000650787,0.000793834,0.000260314,0.000535033,0.150899,2.44004,5.3656e-07,2.22201,0.262241
2020.4583,294.251,292.886,2.35875,0.155372,2.15859,0.00861061,0.00401228,0.00217048,0.00459832,1.87614e-07,2.9606e-05,1.5737e-07,5.36201e-09,2.36789e-05,0.00440638,0.376851,202.185,0.127047,0.000625623,2.93025e-09,6.19715e-07,1.3378e-06,8.17603e-18,4.07503e-05,4.52861e-05,1.6514e-07,8.92871e-22,2.8147e-06,3.31875e-06,4.99996,82.2324,2.67015,0.320046,75.315,0.27148,3.11829,0.002244,0.27148,1.59742,0.0574526,-0.328878,0.615964,0.00591526,-1.01146,0.00678703,0.00478239,0.0064638,0.00324965,-1.01146,0.0049087,1.82284,1.09505,0.000393805,0.150894,0.000678703,0.000797064,0.00027148,0.000532679,0.150894,2.6276,6.22646e-07,2.32981,0.273724
2020.5417,289.838,289.302,2.42276,0.16119,1.0587,0.0053848,0.00335835,0.00167695,0.00202646,1.07431e-07,2.00613e-05,9.00068e-08,2.51418e-09,1.99662e-05,0.00417924,0.236626,175.022,0.0893234,0.000637522,1.02595e-09,6.69374e-07,5.84451e-07,1.4634e-17,2.96122e-05,2.70549e-05,8.57433e-08,1.59795e-21,2.16869e-06,2.00058e-06,5.07119,82.2858,2.6843,0.307003,75.3136,0.278266,3.12786,0.00244313,0.278266,1.59406,0.0581279,-0.328586,0.615916,0.00565743,-1.01153,0.00695668,0.00479578,0.00662538,0.00324277,-1.01153,0.00495781,1.82285,1.09505,0.000376257,0.150888,0.000695668,0.000799297,0.000278266,0.000531559,0.150888,1.54005,6.704e-07,2.38689,0.280709
2020.6250,283.044,283.221,2.4289,0.161658,0.487212,0.00275775,0.00254079,0.00147425,0.000216966,4.11574e-08,9.87037e-06,3.4665e-08,5.8758e-10,1.45447e-05,0.00419345,0.0887801,127.49,0.0429936,0.000638786,1.38404e-10,6.74227e-07,1.90485e-07,1.45963e-17,2.91001e-05,1.15206e-05,3.57905e-08,1.59394e-21,1.92387e-06,8.78759e-07,5.08788,82.2854,2.68731,0.295658,75.3116,0.278916,3.13094,0.0024857,0.278916,1.59032,0.0583142,-0.328306,0.616356,0.00543729,-1.01165,0.00697293,0.00480023,0.00664085,0.00323509,-1.01165,0.00497159,1.82287,1.09507,0.000360664,0.15088,0.000697293,0.000800038,0.000278916,0.00053031,0.15088,0.667724,6.74366e-07,2.40057,0.281402
2020.7083,270.148,271.44,0.894507,0.11262,0.0620799,0.000362646,0.00126128,0.000559517,-0.000898632,8.54662e-10,4.65416e-07,7.25695e-10,4.172e-12,1.86478e-06,0.000954355,0.00392226,16.1133,0.00130633,0.000629533,3.28685e-13,6.43468e-07,4.10782e-12,1.49723e-17,1.15082e-05,1.98498e-06,1.62541e-12,1.63447e-21,6.95847e-07,1.92556e-07,5.06062,82.2609,2.67923,0.299519,75.3104,0.273503,3.12747,0.00237955,0.273503,1.59033,0.0580636,-0.328,0.616909,0.0055182,-1.01173,0.00683761,0.0047956,0.00651197,0.00323515,-1.01173,0.00495385,1.82289,1.09511,0.00036645,0.150876,0.000683761,0.000799266,0.000273503,0.000530315,0.150876,0.273911,6.43469e-07,2.38138,0.275882
2020.7917,265.323,266.027,0,0.0602132,0,0,0.000768399,3.5455e-05,-0.000768399,0,0,0,0,0,0,0,0,0,0.000617712,0,6.02571e-07,0,1.58439e-17,1.33445e-06,1.73927e-06,0,1.72862e-21,4.12773e-08,1.73927e-07,5.02953,82.2581,2.66834,0.323751,75.31,0.266616,3.12226,0.00224088,0.266616,1.59482,0.0577067,-0.327699,0.617094,0.00602193,-1.01177,0.00666544,0.00478851,0.00634801,0.0032444,-1.01177,0.00492846,1.82291,1.09511,0.00040122,0.150875,0.000666544,0.000798085,0.000266616,0.000531813,0.150875,0.0931226,6.02571e-07,2.36119,0.268857
2020.8750,264.192,264.882,0,0.0602132,0,0,0.000673603,1.70346e-05,-0.000673603,0,0,0,0,0,0,0,0,0,0.000606162,0,5.60097e-07,0,1.63328e-17,6.19093e-07,1.6954e-06,0,1.78099e-21,1.84481e-08,1.6954e-07,5.00183,82.2632,2.65761,0.351488,75.3099,0.259892,3.11705,0.00211005,0.259892,1.6,0.0573562,-0.327404,0.617162,0.00660276,-1.01178,0.00649733,0.00478136,0.00618791,0.00325504,-1.01178,0.00490348,1.82292,1.09511,0.000440608,0.150875,0.000649733,0.000796893,0.000259892,0.000533539,0.150875,0.0661819,5.60097e-07,2.34422,0.262002
2020.9583,260.808,261.515,0,0.0602132,0,0,0.000609197,2.66484e-06,-0.000609197,0,0,0,0,0,0,0,0,0,0.000594713,0,5.2041e-07,0,1.70348e-17,1.61004e-07,1.65195e-06,0,1.85655e-21,3.89623e-09,1.65195e-07,4.97484,82.2693,2.64688,0.379371,75.3098,0.253231,3.11176,0.00198488,0.253231,1.60528,0.0570071,-0.327112,0.617213,0.00718823,-1.01179,0.0063308,0.00477406,0.00602931,0.00326587,-1.01179,0.00487857,1.82294,1.09511,0.000480143,0.150875,0.00063308,0.000795676,0.000253231,0.000535298,0.150875,0.0664936,5.2041e-07,2.32796,0.255216
2021.0417,262.379,262.766,0,0.0602142,0,0,0.000696925,1.00181e-06,-0.000696925,0,0,0,0,0,0,0,0,0,0.000584082,0,4.88144e-07,0,1.7661e-17,7.06758e-08,1.61162e-06,0,1.92386e-21,1.62739e-09,1.61162e-07,4.94798,82.2735,2.63683,0.405458,75.3098,0.247049,3.10673,0.00187262,0.247049,1.61031,0.0566813,-0.326842,0.617253,0.00773712,-1.01179,0.00617626,0.00476707,0.00588213,0.00327616,-1.01179,0.0048553,1.82295,1.09511,0.000517131,0.150875,0.000617626,0.000794512,0.000247049,0.000536973,0.150875,0.205477,4.88144e-07,2.31115,0.248922
2021.1250,266.031,266.181,0,0.0602446,0,0,0.000816263,8.38561e-07,-0.000816263,0,0,0,0,0,0,0,0,0,0.000573709,0,4.67577e-07,0,1.6391e-17,5.81151e-08,1.5723e-06,0,1.78467e-21,1.33689e-09,1.5723e-07,4.91801,82.274,2.62694,0.430941,75.3098,0.241021,3.10171,0.00176681,0.241021,1.61532,0.0563619,-0.326578,0.617291,0.00827408,-1.01179,0.00602556,0.00476006,0.0057386,0.00328643,-1.01179,0.00483245,1.82297,1.09511,0.000553326,0.150875,0.000602556,0.000793343,0.000241021,0.000538646,0.150875,0.334806,4.67577e-07,2.29107,0.242788
2021.2083,270.087,269.644,0.283032,0.211412,0.12608,0.000572572,0.00103128,0.000951123,-0.000458711,3.35724e-09,9.67511e-07,2.92018e-09,2.02417e-11,1.80531e-06,0.000656156,0.0133255,13.5776,0.00365941,0.000563258,5.79234e-12,4.52568e-07,4.74341e-05,1.35549e-17,-2.50358e-05,2.24886e-06,3.66728e-06,1.47565e-21,5.1521e-07,2.04769e-07,4.8871,82.2702,2.6169,0.449718,75.3132,0.234951,3.09655,0.00166395,0.234951,1.62019,0.0560389,-0.326513,0.616994,0.00866355,-1.01151,0.00587382,0.0047528,0.00559408,0.00329636,-1.01151,0.0048093,1.82299,1.09511,0.000578802,0.150884,0.000587382,0.000792133,0.000234951,0.000540267,0.150884,0.646838,4.52573e-07,2.27021,0.236615
2021.2917,286.662,285.05,1.99688,0.186427,1.46289,0.00675992,0.00260565,0.00235605,0.00415427,1.11561e-07,2.05339e-05,9.64534e-08,1.54212e-09,2.16562e-05,0.0048702,0.198259,163.35,0.0835711,0.000559299,5.51822e-10,4.82935e-07,4.89854e-06,1.06867e-17,2.07705e-05,2.52599e-05,7.87359e-07,1.16713e-21,2.57477e-06,1.87078e-06,4.88998,82.2385,2.61443,0.391358,75.3393,0.232598,3.0964,0.00168064,0.232598,1.6179,0.0560439,-0.327672,0.614923,0.00735902,-1.00929,0.00581497,0.00475246,0.00553804,0.00329157,-1.00929,0.00480985,1.823,1.09514,0.00049084,0.150955,0.000581497,0.000792077,0.000232598,0.000539504,0.150955,1.90356,4.83487e-07,2.27555,0.234278
2021.3750,292.381,290.901,2.06019,0.163208,2.08687,0.00952875,0.0036039,0.00216385,0.00592485,2.13863e-07,3.28751e-05,1.81231e-07,5.48427e-09,2.56984e-05,0.00473644,0.352391,197.888,0.130129,0.000571492,2.67827e-09,5.5503e-07,7.7378e-07,1.25581e-17,3.23858e-05,4.7105e-05,7.92062e-08,1.37253e-21,2.71956e-06,3.4603e-06,4.98773,82.3015,2.63114,0.356562,75.3436,0.239463,3.10919,0.0019866,0.239463,1.61365,0.0568196,-0.327435,0.614694,0.00663692,-1.00887,0.00598662,0.0047701,0.00570151,0.00328279,-1.00887,0.00486635,1.82301,1.09514,0.00044247,0.150964,0.000598662,0.000795017,0.000239463,0.000538089,0.150964,2.67159,5.57708e-07,2.35659,0.24145
2021.4583,293.11,292.213,2.14071,0.154823,1.35276,0.00639447,0.00334878,0.00178803,0.00304569,1.36204e-07,2.43696e-05,1.13993e-07,4.14221e-09,2.37632e-05,0.00509716,0.36018,189.411,0.0993131,0.000586924,2.07042e-09,6.29024e-07,1.42156e-06,1.49852e-17,2.86633e-05,3.09412e-05,1.72226e-07,1.63843e-21,2.30493e-06,2.28593e-06,5.08937,82.3765,2.65187,0.333535,75.344,0.248161,3.12484,0.00233669,0.248161,1.60956,0.057673,-0.327187,0.614436,0.00618318,-1.00875,0.00620405,0.00479184,0.00590859,0.00327436,-1.00875,0.00492855,1.82303,1.09513,0.000410662,0.150962,0.000620405,0.00079864,0.000248161,0.000536725,0.150962,2.0093,6.31094e-07,2.4375,0.250498
2021.5417,289.419,289.002,2.18414,0.188639,1.06182,0.00539189,0.0033072,0.00207056,0.00208469,1.13569e-07,2.08204e-05,9.50253e-08,2.83372e-09,2.01083e-05,0.00416588,0.230414,162.985,0.0857539,0.000595314,1.10339e-09,6.6596e-07,4.12121e-06,1.46485e-17,4.15915e-05,2.63035e-05,6.09853e-07,1.6026e-21,2.77291e-06,1.95049e-06,5.14409,82.4005,2.66445,0.310643,75.3418,0.252832,3.13512,0.0025473,0.252832,1.60398,0.0581651,-0.327057,0.614638,0.00573422,-1.00886,0.00632083,0.00480626,0.0060198,0.00326292,-1.00886,0.00496452,1.82305,1.09515,0.000379311,0.150951,0.000632083,0.000801043,0.000252832,0.000534866,0.150951,1.50266,6.67063e-07,2.47963,0.255379
2021.6250,283.062,283.448,2.15776,0.200687,0.362394,0.00241484,0.00244524,0.00169448,-3.03956e-05,3.60348e-08,8.82146e-06,3.02279e-08,6.73814e-10,1.36456e-05,0.00414153,0.0957781,110.469,0.0354434,0.000596524,1.92691e-10,6.71953e-07,1.12324e-06,1.4618e-17,3.56141e-05,9.48653e-06,2.62354e-07,1.59938e-21,2.27693e-06,7.304e-07,5.15938,82.3928,2.66856,0.296042,75.3379,0.253399,3.13972,0.00261783,0.253399,1.59952,0.0583343,-0.326829,0.615257,0.00544646,-1.00912,0.00633501,0.00481286,0.00603331,0.00325379,-1.00912,0.00497708,1.82306,1.09519,0.000359869,0.150938,0.000633501,0.000802143,0.000253399,0.000533379,0.150938,0.789533,6.72146e-07,2.49082,0.256017
2021.7083,270.366,271.208,1.11362,0.271613,0.0218889,0.000232406,0.00122071,0.000674053,-0.000988309,0,0,0,0,0,0,0,0,0,0.000587385,0,6.46977e-07,1.19887e-07,1.48349e-17,1.52095e-05,1.61824e-06,3.17094e-08,1.6227e-21,8.74684e-07,1.61824e-07,5.12868,82.356,2.66034,0.294183,75.3349,0.248064,3.13598,0.00249813,0.248064,1.59822,0.0580709,-0.326582,0.616026,0.00541134,-1.00934,0.00620163,0.0048079,0.00590628,0.00325115,-1.00934,0.00495831,1.82308,1.09523,0.000358253,0.150928,0.000620163,0.000801317,0.000248064,0.000532945,0.150928,0.386457,6.46977e-07,2.46833,0.250562
2021.7917,265.163,265.642,0.00791777,0.248224,4.01937e-09,3.34254e-08,0.00080912,2.3693e-05,-0.000809086,0,0,0,0,0,0,0,0,0,0.000576616,0,6.12008e-07,0,1.60274e-17,1.02888e-06,1.57742e-06,0,1.75219e-21,2.96068e-08,1.57742e-07,5.09516,82.3471,2.65006,0.315166,75.3343,0.241807,3.13074,0.00235224,0.241807,1.60246,0.0577374,-0.326314,0.616236,0.00584715,-1.00939,0.0060452,0.00480082,0.0057573,0.00325989,-1.00939,0.00493445,1.82309,1.09524,0.000388458,0.150927,0.00060452,0.000800136,0.000241807,0.000534356,0.150927,0.217966,6.12008e-07,2.44511,0.244159
2021.8750,266.571,266.783,0,0.242345,0,0,0.000771927,1.38908e-05,-0.000771927,0,0,0,0,0,0,0,0,0,0.000566113,0,5.7296e-07,0,1.63504e-17,5.6666e-07,1.53764e-06,0,1.78654e-21,1.60533e-08,1.53764e-07,5.06545,82.3482,2.63994,0.340892,75.3342,0.235708,3.12551,0.00221491,0.235708,1.60766,0.0574105,-0.326042,0.616298,0.00638609,-1.00941,0.00589273,0.00479369,0.0056121,0.0032706,-1.00941,0.00491102,1.82311,1.09524,0.000424994,0.150926,0.000589273,0.000798949,0.000235708,0.000536092,0.150926,0.14786,5.7296e-07,2.42551,0.237923
2021.9583,265.039,265.302,0,0.242345,0,0,0.0007012,9.3065e-06,-0.0007012,0,0,0,0,0,0,0,0,0,0.000555702,0,5.3594e-07,0,1.65943e-17,3.4978e-07,1.49823e-06,0,1.81222e-21,1.00058e-08,1.49823e-07,5.03615,82.3497,2.62981,0.366461,75.3341,0.229667,3.12021,0.00208352,0.229667,1.61295,0.0570848,-0.325773,0.616352,0.00692267,-1.00941,0.0057417,0.00478641,0.00546826,0.00328146,-1.00941,0.00488764,1.82312,1.09524,0.00046136,0.150926,0.00057417,0.000797734,0.000229667,0.000537855,0.150926,0.131034,5.3594e-07,2.40633,0.23175
2022.0417,265.215,265.402,0,0.242345,0,0,0.00074565,5.24132e-06,-0.00074565,0,0,0,0,0,0,0,0,0,0.000546035,0,5.07689e-07,0,1.69524e-17,2.19622e-07,1.46166e-06,0,1.85041e-21,5.90159e-09,1.46166e-07,5.00787,82.3503,2.62033,0.390351,75.3341,0.22406,3.11517,0.00196568,0.22406,1.61798,0.0567806,-0.325524,0.616397,0.00742504,-1.00942,0.00560154,0.00477944,0.00533477,0.00329178,-1.00942,0.00486579,1.82314,1.09524,0.000495355,0.150926,0.000560154,0.000796573,0.00022406,0.000539532,0.150926,0.275972,5.07689e-07,2.38754,0.226026
2022.1250,266.018,266.093,0,0.242345,0,0,0.00081434,3.17381e-06,-0.00081434,0,0,0,0,0,0,0,0,0,0.0005366,0,4.81802e-07,0,1.72582e-17,1.52097e-07,1.42599e-06,0,1.88286e-21,3.87025e-09,1.42599e-07,4.97941,82.3502,2.61099,0.413742,75.334,0.218593,3.11014,0.00185461,0.218593,1.62301,0.0564823,-0.325281,0.616439,0.00791783,-1.00942,0.00546486,0.00477244,0.0052046,0.00330208,-1.00942,0.00484431,1.82315,1.09524,0.000528686,0.150926,0.000546486,0.000795406,0.000218593,0.000541208,0.150926,0.328089,4.81802e-07,2.36841,0.220448
2022.2083,276.388,275.37,0.994311,0.353965,0.371264,0.00193271,0.00146772,0.00182722,0.000464999,1.8505e-08,4.30803e-06,1.61245e-08,1.31483e-10,7.9365e-06,0.00246253,0.0452044,50.1844,0.0172797,0.000527571,3.52579e-11,4.70958e-07,5.67401e-05,1.59037e-17,-1.69557e-05,5.06926e-06,4.73354e-06,1.73733e-21,1.47549e-06,4.03678e-07,4.94692,82.3276,2.60204,0.408856,75.3456,0.213362,3.1053,0.00175452,0.213362,1.62621,0.056198,-0.325968,0.615181,0.00778764,-1.00844,0.00533409,0.00476567,0.00508005,0.0033086,-1.00844,0.00482381,1.82317,1.09525,0.000518338,0.150958,0.000533409,0.000794278,0.000213362,0.000542274,0.150958,0.833629,4.70993e-07,2.34488,0.215117
2022.2917,288.435,286.981,1.83119,0.174898,1.40528,0.00642643,0.00285267,0.00217302,0.00357376,1.29427e-07,2.12134e-05,1.10772e-07,2.46905e-09,2.44325e-05,0.00492237,0.231381,154.672,0.0886281,0.000529611,1.00249e-09,5.0375e-07,1.18151e-06,1.42362e-17,3.44118e-05,2.69021e-05,1.53033e-07,1.55927e-21,2.69927e-06,1.98324e-06,4.95755,82.2953,2.60556,0.355178,75.3608,0.214485,3.10842,0.00183949,0.214485,1.62183,0.0563261,-0.326728,0.614156,0.00661906,-1.00713,0.00536216,0.00476989,0.00510679,0.00329953,-1.00713,0.00483308,1.82318,1.09529,0.000440204,0.150997,0.000536216,0.000794981,0.000214485,0.000540815,0.150997,1.86862,5.04753e-07,2.35199,0.216325
2022.3750,296.338,294.454,1.90308,0.131664,1.78091,0.00697994,0.00353506,0.00183221,0.00344488,1.60679e-07,2.48897e-05,1.34069e-07,5.83773e-09,2.63913e-05,0.00519286,0.415423,172.558,0.102843,0.000543457,3.54968e-09,5.61934e-07,1.09371e-06,1.4703e-17,3.19306e-05,3.32479e-05,1.16706e-07,1.61083e-21,2.37626e-06,2.44495e-06,5.01418,82.3247,2.62253,0.331509,75.3606,0.222366,3.12022,0.00211353,0.222366,1.61841,0.0568849,-0.326504,0.61427,0.00613841,-1.00709,0.00555918,0.00478623,0.00529443,0.00329247,-1.00709,0.00487356,1.82319,1.0953,0.000408255,0.150994,0.000555918,0.000797705,0.000222366,0.000539676,0.150994,2.31605,5.65484e-07,2.39166,0.224479
2022.4583,294.28,293.605,2.01853,0.177635,1.65523,0.00767763,0.00385173,0.0021388,0.0038259,1.91151e-07,2.88984e-05,1.58246e-07,7.09309e-09,2.62918e-05,0.00455458,0.407572,183.49,0.119553,0.000565514,3.97716e-09,6.39724e-07,3.7474e-06,1.48653e-17,4.22505e-05,4.04265e-05,4.67372e-07,1.62934e-21,2.89741e-06,2.96806e-06,5.10053,82.3786,2.64899,0.307178,75.3581,0.234945,3.13828,0.00251215,0.234945,1.61277,0.057723,-0.326341,0.614199,0.00566423,-1.00721,0.00587365,0.00481134,0.00559393,0.00328088,-1.00721,0.00493437,1.82321,1.0953,0.000374619,0.150984,0.000587365,0.00080189,0.000234945,0.000537796,0.150984,2.39113,6.43701e-07,2.45154,0.237457
2022.5417,289.235,289.105,2.10961,0.183205,0.876589,0.00477144,0.00317287,0.00176698,0.00159857,1.0516e-07,1.90261e-05,8.72985e-08,3.01959e-09,2.14582e-05,0.00443268,0.240481,157.84,0.0808376,0.000582868,1.28055e-09,6.86294e-07,4.99759e-06,1.48958e-17,3.87158e-05,2.35745e-05,8.75168e-07,1.63289e-21,2.41677e-06,1.74742e-06,5.16705,82.417,2.67041,0.289716,75.3532,0.244808,3.1533,0.00281794,0.244808,1.60707,0.0583775,-0.326166,0.614413,0.00532554,-1.00755,0.00612023,0.00483242,0.00582876,0.00326921,-1.00755,0.00498195,1.82322,1.09531,0.000350912,0.150967,0.000612023,0.000805403,0.000244808,0.000535894,0.150967,1.4395,6.87574e-07,2.49664,0.247626
2022.6250,281.038,281.492,2.01438,0.239918,0.306746,0.00224053,0.00224266,0.00179448,-2.12962e-06,3.6187e-08,8.77875e-06,3.04047e-08,4.99522e-10,1.4855e-05,0.00443699,0.0724939,110.012,0.0359438,0.000584353,9.78938e-11,6.83618e-07,9.25977e-06,1.39783e-17,4.53365e-05,9.24442e-06,1.70339e-06,1.53302e-21,2.48628e-06,7.1005e-07,5.17138,82.3957,2.67397,0.276274,75.3464,0.245571,3.15693,0.00285179,0.245571,1.60162,0.0584688,-0.326277,0.615009,0.00505657,-1.00807,0.0061393,0.00483778,0.00584693,0.00325808,-1.00807,0.00498874,1.82324,1.09536,0.000333138,0.150946,0.00061393,0.000806296,0.000245571,0.000534079,0.150946,0.729228,6.83716e-07,2.49742,0.248423
2022.7083,270.096,271.121,0.597965,0.169502,0.0149218,0.000183618,0.00117366,0.000633823,-0.000990045,1.5594e-11,1.16918e-09,1.32099e-11,6.59703e-14,2.73389e-07,1.32111e-05,0.000514512,1.9979,1.60727e-05,0.000576269,4.20667e-15,6.61281e-07,1.31011e-06,1.43561e-17,1.68154e-05,1.57449e-06,2.80098e-07,1.57381e-21,8.39294e-07,1.5736e-07,5.14243,82.3605,2.66665,0.276242,75.3415,0.240853,3.15356,0.0027273,0.240853,1.60029,0.0582261,-0.32611,0.615825,0.00505359,-1.00847,0.00602136,0.00483342,0.0057346,0.00325541,-1.00847,0.00497138,1.82325,1.0954,0.000334482,0.150932,0.000602136,0.00080557,0.000240853,0.000533634,0.150932,0.423729,6.61281e-07,2.47578,0.24358
2022.7917,267.286,267.896,0,0.06403,0,0,0.000904948,4.23289e-05,-0.000904948,0,0,0,0,0,0,0,0,0,0.000565803,0,6.22507e-07,2.33389e-33,1.57319e-17,1.69329e-06,1.53157e-06,6.61709e-34,1.72351e-21,5.26986e-08,1.53157e-07,5.10876,82.3513,2.65653,0.297237,75.3406,0.234778,3.14829,0.00256803,0.234778,1.60474,0.0578992,-0.325843,0.61606,0.00548859,-1.00856,0.00586948,0.00482638,0.00558995,0.00326461,-1.00856,0.00494795,1.82327,1.09541,0.000364982,0.15093,0.000586948,0.000804397,0.000234778,0.000535117,0.15093,0.204103,6.22507e-07,2.45223,0.237346
2022.8750,266.048,266.523,0,0.0636383,0,0,0.000718377,2.27294e-05,-0.000718377,0,0,0,0,0,0,0,0,0,0.000555596,0,5.8264e-07,0,1.61096e-17,8.38659e-07,1.49294e-06,0,1.76389e-21,2.56247e-08,1.49294e-07,5.07873,82.351,2.64656,0.321965,75.3404,0.228857,3.14304,0.00241811,0.228857,1.60995,0.0575787,-0.325579,0.616137,0.00600665,-1.00858,0.00572145,0.00481929,0.00544897,0.00327535,-1.00858,0.00492495,1.82328,1.09541,0.000400293,0.150929,0.000572145,0.000803215,0.000228857,0.000536853,0.150929,0.117772,5.8264e-07,2.43216,0.231275
2022.9583,267.013,267.287,0,0.0636383,0,0,0.000670069,1.76166e-05,-0.000670069,0,0,0,0,0,0,0,0,0,0.000545477,0,5.4333e-07,0,1.63845e-17,5.07561e-07,1.45468e-06,0,1.793e-21,1.68118e-08,1.45468e-07,5.05106,82.3533,2.63659,0.34668,75.3403,0.222991,3.1377,0.00227467,0.222991,1.61525,0.0572593,-0.325316,0.616196,0.00652568,-1.00858,0.0055748,0.00481204,0.00530931,0.00328628,-1.00858,0.00490198,1.8233,1.09541,0.000435579,0.150929,0.00055748,0.000802007,0.000222991,0.000538622,0.150929,0.0926942,5.4333e-07,2.41447,0.225265
2023.0417,266.532,266.749,0,0.0636383,0,0,0.000751131,1.53117e-05,-0.000751131,0,0,0,0,0,0,0,0,0,0.000536081,0,5.08385e-07,0,1.65868e-17,3.4011e-07,1.41917e-06,0,1.81421e-21,1.24426e-08,1.41917e-07,5.02459,82.3549,2.62725,0.369641,75.3403,0.217547,3.13263,0.00214601,0.217547,1.6203,0.0569611,-0.325073,0.616246,0.00700854,-1.00859,0.00543872,0.0048051,0.0051797,0.00329664,-1.00859,0.00488051,1.82331,1.09541,0.00046842,0.150929,0.000543872,0.00080085,0.000217547,0.000540303,0.150929,0.145725,5.08385e-07,2.39734,0.219693
2023.1250,267.177,267.393,0,0.0636383,0,0,0.00069156,1.57494e-05,-0.00069156,0,0,0,0,0,0,0,0,0,0.000526912,0,4.78284e-07,0,1.67385e-17,2.70958e-07,1.38454e-06,0,1.82987e-21,1.10398e-08,1.38454e-07,4.99693,82.3547,2.61805,0.392045,75.3404,0.212239,3.12757,0.00202475,0.212239,1.62533,0.0566684,-0.324836,0.616292,0.00748037,-1.00858,0.00530601,0.00479813,0.00505331,0.00330698,-1.00858,0.00485941,1.82333,1.09541,0.000500534,0.150929,0.000530601,0.000799688,0.000212239,0.000541983,0.150929,0.160233,4.78284e-07,2.37888,0.214264
2023.2083,270.784,270.641,0,0.222016,0,0,0.00101865,0.000329159,-0.00101865,0,0,0,0,0,0,0,0,0,0.000517657,0,4.61034e-07,7.70003e-06,1.67342e-17,-1.17123e-05,1.34962e-06,3.56066e-07,1.82863e-21,1.86231e-07,1.34962e-07,4.96598,82.3503,2.60868,0.412297,75.3417,0.206885,3.12235,0.0019065,0.206885,1.63042,0.0563715,-0.324639,0.616243,0.00790497,-1.00848,0.00517217,0.00479088,0.00492584,0.0033174,-1.00848,0.00483796,1.82334,1.09541,0.000528979,0.150933,0.000517217,0.00079848,0.000206885,0.000543677,0.150933,0.525017,4.61034e-07,2.3573,0.208792
2023.2917,283.734,282.135,1.57832,0.351505,1.07201,0.00572437,0.0024047,0.00296798,0.00331966,1.09996e-07,1.71225e-05,9.50308e-08,1.43567e-09,2.21688e-05,0.00448936,0.134631,126.155,0.0744189,0.000515892,4.9971e-10,4.70376e-07,7.17514e-05,1.33014e-17,1.5743e-05,2.25685e-05,8.10265e-06,1.45967e-21,3.08317e-06,1.66343e-06,4.951,82.3084,2.60707,0.363558,75.3649,0.205865,3.12159,0.00189639,0.205865,1.62895,0.0562942,-0.326638,0.613445,0.00681694,-1.00651,0.00514665,0.00478977,0.00490154,0.00331432,-1.00651,0.0048323,1.82335,1.09544,0.000453042,0.150996,0.000514665,0.000798295,0.000205865,0.000543186,0.150996,1.63604,4.70875e-07,2.34393,0.207761
2023.3750,295.276,293.171,1.89267,0.141899,2.22914,0.00820889,0.00380576,0.00207086,0.00440313,1.99684e-07,2.77554e-05,1.68049e-07,5.98673e-09,2.80647e-05,0.00498588,0.377969,173.022,0.119095,0.000542518,3.25667e-09,5.47887e-07,5.61288e-07,1.33693e-17,4.10006e-05,4.09081e-05,9.86194e-08,1.46954e-21,2.69676e-06,2.99193e-06,5.02527,82.3324,2.63526,0.317605,75.3672,0.221221,3.13826,0.00227768,0.221221,1.62235,0.0570606,-0.32701,0.613026,0.00586495,-1.00626,0.00553055,0.00481288,0.00526716,0.00330073,-1.00626,0.00488757,1.82337,1.09546,0.000389914,0.151,0.000553055,0.000802147,0.000221221,0.000540988,0.151,2.7183,5.51144e-07,2.39001,0.223499
2023.4583,294.385,293.556,2.03945,0.158343,1.61748,0.0074058,0.00395546,0.00192786,0.00345034,1.81903e-07,2.69608e-05,1.50851e-07,6.52026e-09,2.69098e-05,0.00483848,0.395941,181.488,0.11699,0.000570283,3.61466e-09,6.22495e-07,8.54754e-07,1.39696e-17,3.9468e-05,3.89368e-05,1.21223e-07,1.53534e-21,2.57893e-06,2.85185e-06,5.09836,82.3787,2.66492,0.297961,75.3643,0.237213,3.15603,0.00266017,0.237213,1.61809,0.0578729,-0.326768,0.613057,0.00547436,-1.00646,0.00593035,0.00483767,0.00564792,0.00329201,-1.00646,0.00494627,1.82338,1.09545,0.000363467,0.15099,0.000593035,0.000806279,0.000237213,0.000539568,0.15099,2.19126,6.2611e-07,2.43344,0.239873
2023.5417,289.521,289.314,2.16609,0.145896,1.10232,0.00526414,0.0033667,0.00150507,0.00189744,1.19723e-07,2.01785e-05,9.93779e-08,3.39616e-09,2.21657e-05,0.00426257,0.244497,160.978,0.0895755,0.000594065,1.43094e-09,6.70869e-07,9.6648e-08,1.42688e-17,3.26316e-05,2.71333e-05,1.68043e-08,1.56798e-21,2.02174e-06,2.00092e-06,5.16251,82.4189,2.6907,0.28342,75.3596,0.250891,3.17176,0.00297403,0.250891,1.61327,0.0585769,-0.326524,0.613228,0.00518967,-1.0068,0.0062723,0.00485979,0.00597359,0.00328218,-1.0068,0.00499723,1.8234,1.09545,0.000343775,0.150975,0.00062723,0.000809964,0.000250891,0.000537961,0.150975,1.46478,6.723e-07,2.47182,0.253865
2023.6250,284.195,284.418,2.19567,0.144027,0.475684,0.00257628,0.00253709,0.00123923,3.91934e-05,4.27413e-08,9.83605e-06,3.57327e-08,7.83404e-10,1.64526e-05,0.00445574,0.110936,121.663,0.0427349,0.000599668,2.10461e-10,6.68675e-07,4.95421e-09,1.44128e-17,2.53653e-05,1.08892e-05,1.53241e-09,1.58331e-21,1.62448e-06,8.28198e-07,5.17095,82.4189,2.69762,0.279952,75.3569,0.25407,3.17663,0.00302701,0.25407,1.61113,0.0587384,-0.326252,0.61361,0.0051247,-1.007,0.00635178,0.00486691,0.00604929,0.00327787,-1.007,0.00500903,1.82341,1.09547,0.000339069,0.150966,0.000635178,0.000811152,0.00025407,0.000537247,0.150966,0.691647,6.68885e-07,2.47333,0.257097
2023.7083,267.276,269.096,1.04153,0.14214,0.0553187,0.000378042,0.00123108,0.000550711,-0.000853035,1.47591e-09,5.96287e-07,1.24179e-09,1.65332e-11,1.84933e-06,0.000778584,0.00765673,13.5619,0.00195492,0.000592527,2.6867e-12,6.38882e-07,5.94877e-09,1.47268e-17,1.10336e-05,1.94868e-06,1.33377e-09,1.61719e-21,6.91498e-07,1.85592e-07,5.14236,82.3937,2.69121,0.284296,75.3557,0.249899,3.17372,0.0029034,0.249899,1.61138,0.0585147,-0.325979,0.614108,0.00521659,-1.0071,0.00624751,0.00486326,0.00594998,0.00327849,-1.0071,0.00499306,1.82343,1.0955,0.000345236,0.150962,0.000624751,0.000810544,0.000249899,0.000537332,0.150962,0.265317,6.38884e-07,2.45115,0.252803
2023.7917,255.679,256.958,0,0.045948,0,0,0.000625105,5.083e-06,-0.000625105,0,0,0,0,0,0,0,0,0,0.000581701,0,5.96468e-07,0,1.62734e-17,3.39001e-07,1.58918e-06,0,1.78607e-21,8.01484e-09,1.58918e-07,5.11247,82.3906,2.68085,0.306877,75.3553,0.243609,3.16843,0.00273415,0.243609,1.61589,0.0581794,-0.325703,0.614266,0.00568925,-1.00713,0.00609026,0.00485626,0.00580022,0.00328782,-1.00713,0.00496907,1.82344,1.0955,0.000377439,0.150961,0.000609026,0.000809377,0.000243609,0.000538833,0.150961,0.0692386,5.96468e-07,2.43162,0.246343
2023.8750,260.884,261.536,0,0.0440153,0,0,0.000589698,1.49249e-06,-0.000589698,0,0,0,0,0,0,0,0,0,0.000571118,0,5.55079e-07,0,1.69055e-17,1.09581e-07,1.5491e-06,0,1.85449e-21,2.53317e-09,1.5491e-07,5.08455,82.3941,2.67064,0.333051,75.3553,0.237465,3.16314,0.00257452,0.237465,1.62117,0.05785,-0.325431,0.614311,0.00623955,-1.00713,0.00593666,0.00484919,0.00565393,0.00329875,-1.00713,0.00494548,1.82346,1.0955,0.000414561,0.150961,0.000593666,0.000808198,0.000237465,0.000540596,0.150961,0.0492986,5.55079e-07,2.41391,0.24004
2023.9583,262.457,262.837,0,0.0418464,0,0,0.000609672,1.0409e-06,-0.000609672,0,0,0,0,0,0,0,0,0,0.000560628,0,5.14602e-07,0,1.73488e-17,7.53904e-08,1.5094e-06,0,1.90213e-21,1.74018e-09,1.5094e-07,5.05843,82.3993,2.66042,0.35904,75.3553,0.231379,3.15777,0.0024218,0.231379,1.62654,0.0575218,-0.325161,0.614354,0.00678669,-1.00713,0.0057845,0.00484194,0.00550901,0.00330982,-1.00713,0.00492193,1.82347,1.0955,0.000451479,0.150961,0.00057845,0.000806991,0.000231379,0.000542385,0.150961,0.0838769,5.14602e-07,2.398,0.2338
2024.0417,261.355,261.924,0,0.0417137,0,0,0.000549746,8.23011e-07,-0.000549746,0,0,0,0,0,0,0,0,0,0.000550887,0,4.80865e-07,0,1.75667e-17,5.87277e-08,1.47255e-06,0,1.92508e-21,1.35394e-09,1.47255e-07,5.03317,82.4033,2.65085,0.383202,75.3552,0.22573,3.15267,0.00228483,0.22573,1.63164,0.0572154,-0.32491,0.614392,0.00729604,-1.00713,0.00564329,0.00483501,0.00537453,0.00332031,-1.00713,0.00489991,1.82349,1.0955,0.000485861,0.150961,0.000564329,0.000805835,0.00022573,0.000544085,0.150961,0.0519981,4.80865e-07,2.38232,0.228015
2024.1250,263.001,263.27,0,0.0417675,0,0,0.000641533,4.70005e-07,-0.000641533,0,0,0,0,0,0,0,0,0,0.000541381,0,4.50608e-07,0,1.60005e-17,3.44014e-08,1.43662e-06,0,1.75261e-21,7.88211e-10,1.43662e-07,5.00755,82.4063,2.64143,0.406811,75.3552,0.220222,3.14758,0.00215573,0.220222,1.63673,0.0569148,-0.324666,0.614429,0.00779441,-1.00714,0.00550559,0.00482804,0.00524339,0.00333078,-1.00714,0.00487828,1.8235,1.0955,0.000519515,0.150961,0.000550559,0.000804673,0.000220222,0.000545782,0.150961,0.139957,4.50608e-07,2.36612,0.222378
2024.2083,267.19,267.056,0,0.106502,0,0,0.000856484,0.000253052,-0.000856484,0,0,0,0,0,0,0,0,0,0.000531788,0,4.29257e-07,6.68404e-06,1.27908e-17,-1.1133e-05,1.40038e-06,2.82099e-07,1.40037e-21,1.18646e-07,1.40038e-07,4.97857,82.406,2.63183,0.429745,75.3557,0.214667,3.14233,0.00202983,0.214667,1.64196,0.0566098,-0.32443,0.614435,0.00827855,-1.00709,0.00536672,0.00482079,0.00511113,0.0033415,-1.00709,0.0048563,1.82352,1.0955,0.000552015,0.150963,0.000536672,0.000803465,0.000214667,0.000547524,0.150963,0.392897,4.29257e-07,2.34674,0.216697
2024.2917,280.467,279.197,1.38698,0.339907,0.738935,0.0045482,0.00199358,0.00262966,0.00255462,8.36396e-08,1.35182e-05,7.27054e-08,7.77665e-10,1.75563e-05,0.00376279,0.0853732,105.088,0.0588265,0.00052698,2.23217e-10,4.40308e-07,6.04416e-05,9.63833e-18,1.51764e-06,1.79967e-05,5.70937e-06,1.05885e-21,2.49889e-06,1.33478e-06,4.95823,82.3669,2.62713,0.386681,75.3801,0.211885,3.13983,0.00197414,0.211885,1.64184,0.0564489,-0.325967,0.611964,0.00731067,-1.00503,0.00529716,0.00481733,0.00504489,0.00334121,-1.00503,0.00484466,1.82353,1.09553,0.000483673,0.151029,0.000529716,0.000802888,0.000211885,0.000547484,0.151029,1.49811,4.40531e-07,2.3311,0.21386
2024.3750,291.276,289.523,1.94642,0.172782,2.00175,0.00949101,0.00375528,0.00228674,0.00573572,2.41569e-07,3.25714e-05,2.05412e-07,5.37564e-09,2.86329e-05,0.00470492,0.306967,185.637,0.139018,0.000553324,2.45847e-09,5.03386e-07,1.03769e-06,9.11668e-18,3.94807e-05,5.08407e-05,1.41512e-07,1.00325e-21,2.89202e-06,3.71128e-06,5.03851,82.3997,2.65492,0.337898,75.3872,0.227088,3.1562,0.00234572,0.227088,1.6361,0.057238,-0.326233,0.611308,0.0062809,-1.00439,0.00567723,0.00484003,0.00540685,0.00332937,-1.00439,0.00490161,1.82354,1.09553,0.000416157,0.151046,0.000567723,0.000806672,0.000227088,0.00054557,0.151046,2.46295,5.05844e-07,2.38358,0.229434
2024.4583,294.911,293.373,2.14867,0.139327,1.8984,0.00768346,0.00402182,0.00181778,0.00366164,1.85446e-07,2.74942e-05,1.5482e-07,5.75791e-09,2.53108e-05,0.00456952,0.377417,184.442,0.118754,0.000591362,3.10137e-09,5.9166e-07,2.32323e-06,1.37086e-17,3.5503e-05,4.13069e-05,2.65998e-07,1.50887e-21,2.37582e-06,3.02558e-06,5.15364,82.4809,2.69522,0.311293,75.3851,0.24901,3.18009,0.00286158,0.24901,1.63083,0.0583926,-0.326037,0.611003,0.00574829,-1.0045,0.00622528,0.00487334,0.00592881,0.00331859,-1.0045,0.00498512,1.82356,1.09551,0.000380432,0.151038,0.000622528,0.000812223,0.00024901,0.000543814,0.151038,2.33683,5.94761e-07,2.45842,0.251872
2024.5417,290.904,290.533,2.22615,0.153846,0.842359,0.00417671,0.00319461,0.00154946,0.000982108,8.2678e-08,1.62568e-05,6.8807e-08,2.37497e-09,2.10749e-05,0.00473399,0.268295,160.265,0.0732136,0.000605882,1.10207e-09,6.29236e-07,7.57249e-07,1.44384e-17,2.78714e-05,1.97742e-05,1.19666e-07,1.58903e-21,2.01149e-06,1.46939e-06,5.18601,82.4999,2.71135,0.301952,75.3836,0.257338,3.19023,0.00303833,0.257338,1.62836,0.0588345,-0.325776,0.611096,0.005565,-1.00458,0.00643348,0.00488776,0.00612709,0.0033136,-1.00458,0.00501718,1.82358,1.09551,0.000367862,0.151031,0.000643348,0.000814627,0.000257338,0.00054299,0.151031,1.30219,6.30338e-07,2.47467,0.260376
2024.6250,283.37,283.516,2.24573,0.191012,0.426972,0.00259018,0.00252216,0.00162392,6.80139e-05,4.24824e-08,9.71819e-06,3.56924e-08,6.82094e-10,1.58353e-05,0.00448178,0.0931588,121.74,0.0420925,0.000609604,1.7232e-10,6.32525e-07,1.47305e-06,1.41705e-17,3.36564e-05,1.10871e-05,3.26718e-07,1.55964e-21,2.15015e-06,8.43549e-07,5.18968,82.4879,2.71632,0.291975,75.3813,0.259434,3.19396,0.00306341,0.259434,1.625,0.0589483,-0.325536,0.611573,0.00537024,-1.00473,0.00648589,0.00489334,0.00617701,0.00330679,-1.00473,0.00502555,1.82359,1.09554,0.000354157,0.151023,0.000648589,0.000815557,0.000259434,0.00054187,0.151023,0.80459,6.32697e-07,2.47337,0.262498
2024.7083,272.544,273.469,1.67438,0.17409,0.0698665,0.000427904,0.00141273,0.0008089,-0.000984823,2.47018e-09,8.77135e-07,2.08664e-09,2.10055e-11,2.39352e-06,0.000997134,0.00774864,18.1445,0.00316428,0.000602075,2.77817e-12,6.11411e-07,1.52751e-07,1.41907e-17,1.89069e-05,2.20743e-06,4.24481e-08,1.56159e-21,1.04901e-06,2.05051e-07,5.16016,82.4498,2.70956,0.2885,75.378,0.255037,3.1909,0.00293492,0.255037,1.6231,0.0587158,-0.325298,0.612365,0.00530097,-1.00498,0.00637595,0.00488949,0.0060723,0.00330297,-1.00498,0.00500898,1.82361,1.09559,0.000350152,0.151013,0.000637595,0.000814915,0.000255037,0.000541236,0.151013,0.309004,6.11413e-07,2.4506,0.257972
2024.7917,265.74,266.616,0.248756,0.109242,0.00102749,3.58042e-06,0.000857431,7.23468e-05,-0.00085385,0,0,0,0,0,0,0,0,0,0.000591073,0,5.73574e-07,1.11023e-33,1.51632e-17,2.19442e-06,1.62201e-06,3.46389e-34,1.66756e-21,8.53142e-08,1.62201e-07,5.12619,82.4385,2.6991,0.307892,75.3773,0.248642,3.18561,0.00276441,0.248642,1.62714,0.0583766,-0.325017,0.612646,0.00570154,-1.00505,0.00621608,0.00488249,0.00592005,0.00331138,-1.00505,0.00498473,1.82362,1.0956,0.000378493,0.151011,0.000621608,0.000813748,0.000248642,0.000542586,0.151011,0.150495,5.73574e-07,2.42709,0.251407
2024.8750,262.926,263.561,0,0.0748637,0,0,0.000706024,8.75257e-06,-0.000706024,0,0,0,0,0,0,0,0,0,0.000580277,0,5.3695e-07,0,1.60088e-17,4.36406e-07,1.5811e-06,0,1.75959e-21,1.16003e-08,1.5811e-07,5.09738,82.4408,2.68874,0.333914,75.3771,0.242371,3.18029,0.00260302,0.242371,1.63241,0.0580421,-0.324741,0.612716,0.0062474,-1.00507,0.00605931,0.00487538,0.00577074,0.00332226,-1.00507,0.00496079,1.82364,1.0956,0.000415551,0.151011,0.000605931,0.000812564,0.000242371,0.000544341,0.151011,0.190253,5.3695e-07,2.40864,0.244974
2024.9583,262.396,262.987,0,0.0694484,0,0,0.00064405,3.18823e-06,-0.00064405,0,0,0,0,0,0,0,0,0,0.000569575,0,5.03694e-07,0,1.64621e-17,1.88905e-07,1.54058e-06,0,1.80847e-21,4.62657e-09,1.54058e-07,5.06793,82.4431,2.67837,0.360298,75.377,0.236159,3.1749,0.00244861,0.236159,1.6378,0.0577088,-0.324466,0.612764,0.00680279,-1.00508,0.005904,0.00486811,0.00562283,0.00333338,-1.00508,0.00493691,1.82366,1.0956,0.000453046,0.151011,0.000590401,0.000811351,0.000236159,0.000546139,0.151011,0.0957464,5.03694e-07,2.38955,0.238608
2025.0417,263.27,263.539,0,0.0694587,0,0,0.000660803,1.15235e-06,-0.000660803,0,0,0,0,0,0,0,0,0,0.000559636,0,4.73876e-07,0,1.7036e-17,8.20325e-08,1.50297e-06,0,1.87061e-21,1.8954e-09,1.50297e-07,5.04181,82.4466,2.66867,0.38487,75.377,0.230394,3.16977,0.00231012,0.230394,1.64293,0.0573977,-0.324212,0.612804,0.00732088,-1.00508,0.00575988,0.00486114,0.00548557,0.00334394,-1.00508,0.00491458,1.82367,1.0956,0.000488011,0.15101,0.000575988,0.00081019,0.000230394,0.000547848,0.15101,0.250611,4.73876e-07,2.37314,0.232704
2025.1250,265.331,265.492,0,0.0694509,0,0,0.000777049,1.00003e-06,-0.000777049,0,0,0,0,0,0,0,0,0,0.000549938,0,4.53164e-07,0,1.71416e-17,6.92052e-08,1.4663e-06,0,1.88129e-21,1.59908e-09,1.4663e-07,5.0136,82.4475,2.65911,0.408883,75.377,0.224772,3.16465,0.00217959,0.224772,1.64805,0.0570925,-0.323964,0.612842,0.00782796,-1.00508,0.00561934,0.00485414,0.00535172,0.00335446,-1.00508,0.00489264,1.82368,1.0956,0.000522241,0.15101,0.000561934,0.000809023,0.000224772,0.000549554,0.15101,0.293409,4.53164e-07,2.35449,0.226952
2025.2083,269.935,269.712,0.099523,0.411222,0.0167735,0.000117652,0.000956718,0.000491376,-0.000839066,3.88941e-11,2.58759e-08,3.35568e-11,1.09569e-13,1.86429e-07,0.000107751,0.000702281,1.10937,5.36119e-05,0.000540151,1.74743e-14,4.40821e-07,2.28933e-05,1.5491e-17,-1.66993e-05,1.437e-06,1.15447e-06,1.69973e-21,2.80737e-07,1.43463e-07,4.9817,82.4411,2.64937,0.425541,75.3809,0.219103,3.15936,0.0020523,0.219103,1.65298,0.0567828,-0.323822,0.612609,0.00817273,-1.00475,0.0054776,0.00484685,0.00521673,0.00336457,-1.00475,0.00487035,1.8237,1.0956,0.000544071,0.151021,0.00054776,0.000807809,0.000219103,0.000551197,0.151021,0.703698,4.40821e-07,2.33233,0.221155
2025.2917,285.938,284.072,1.8518,0.22603,1.37371,0.00638989,0.00264238,0.00262748,0.00374751,1.19087e-07,1.92419e-05,1.02672e-07,1.77975e-09,2.38405e-05,0.00480157,0.191221,147.878,0.0845805,0.000539382,6.89566e-10,4.69232e-07,3.37489e-05,1.25163e-17,1.40811e-05,2.54868e-05,3.71278e-06,1.37819e-21,2.69527e-06,1.87524e-06,4.97387,82.4069,2.64889,0.377827,75.4036,0.218654,3.15932,0.00205125,0.218654,1.6516,0.0567482,-0.325305,0.610307,0.0071034,-1.00283,0.00546637,0.00484679,0.00520604,0.00336168,-1.00283,0.00486782,1.82371,1.09563,0.000471076,0.151083,0.000546637,0.000807798,0.000218654,0.000550736,0.151083,1.89723,4.69921e-07,2.32498,0.220705
2025.3750,294.481,292.4,1.98316,0.158235,1.77367,0.00768108,0.0036119,0.00216593,0.00406918,1.78951e-07,2.5885e-05,1.51202e-07,5.07701e-09,2.59465e-05,0.00482345,0.339765,171.776,0.112026,0.000560955,2.59726e-09,5.36448e-07,9.98652e-06,1.32347e-17,3.68154e-05,3.84737e-05,1.11291e-06,1.4585e-21,2.74929e-06,2.81677e-06,5.03565,82.4341,2.67158,0.343519,75.4074,0.231101,3.17263,0.00234881,0.231101,1.64756,0.057401,-0.325237,0.610083,0.00638338,-1.00246,0.00577755,0.00486529,0.0055024,0.00335338,-1.00246,0.00491491,1.82373,1.09563,0.000424008,0.151091,0.000577756,0.000810882,0.000231101,0.000549392,0.151091,2.373,5.39045e-07,2.36407,0.23345
2025.4583,294.571,293.767,2.17119,0.171753,1.98564,0.00894791,0.00435677,0.00234,0.00459114,2.21749e-07,3.15387e-05,1.84283e-07,8.01874e-09,2.62454e-05,0.00428918,0.41514,193.326,0.136163,0.000596194,4.67422e-09,6.25916e-07,6.78901e-06,1.40243e-17,4.85862e-05,4.94105e-05,7.95948e-07,1.54713e-21,3.14769e-06,3.61134e-06,5.14028,82.4915,2.70865,0.307551,75.4039,0.251429,3.19441,0.00281936,0.251429,1.63981,0.0584803,-0.325349,0.609831,0.00566594,-1.00266,0.00628575,0.00489565,0.0059864,0.00333746,-1.00266,0.00499297,1.82374,1.09563,0.000375333,0.151077,0.000628575,0.000815942,0.000251429,0.000546806,0.151077,2.58754,6.3059e-07,2.43163,0.254248
2025.5417,290.24,289.962,2.31309,0.237867,0.916858,0.00566192,0.00371479,0.00238046,0.00194713,1.22895e-07,2.09165e-05,1.02181e-07,3.40476e-09,2.09718e-05,0.00413196,0.246007,166.899,0.0931745,0.000622592,1.42623e-09,6.80086e-07,3.19535e-05,1.38669e-17,5.54496e-05,2.9277e-05,3.59081e-06,1.53021e-21,3.29698e-06,2.15814e-06,5.21744,82.5372,2.73694,0.287986,75.3983,0.266623,3.21142,0.00315346,0.266623,1.63346,0.0592941,-0.325303,0.609865,0.00527918,-1.00307,0.00666561,0.0049196,0.00634817,0.0033245,-1.00307,0.00505193,1.82376,1.09564,0.000349062,0.151058,0.000666561,0.000819934,0.000266623,0.000544692,0.151058,1.68794,6.81512e-07,2.48051,0.269776
2025.6250,282.819,283.088,2.34232,0.296046,0.327421,0.00251542,0.0025539,0.00223874,-3.84867e-05,3.65496e-08,9.0928e-06,3.08112e-08,5.72156e-10,1.49581e-05,0.00458045,0.0833613,122.907,0.0391872,0.000628084,1.33196e-10,6.87518e-07,4.20763e-05,1.23251e-17,6.16585e-05,1.0145e-05,4.76416e-06,1.36363e-21,3.16817e-06,7.7716e-07,5.22727,82.5066,2.74378,0.267433,75.3871,0.269736,3.21627,0.00319692,0.269736,1.62475,0.0594669,-0.326594,0.609718,0.0048622,-1.00395,0.00674343,0.00492677,0.00642228,0.0033067,-1.00395,0.00506463,1.82378,1.0957,0.000322113,0.151025,0.000674343,0.000821129,0.000269736,0.000541788,0.151025,0.806536,6.87651e-07,2.48349,0.272933
2025.7083,273.463,274.186,0.591049,0.294549,0.0495353,0.000331957,0.0014043,0.000966785,-0.00107235,2.22151e-09,8.08514e-07,1.87946e-09,2.49196e-11,2.0938e-06,0.000870653,0.0086464,16.9984,0.00292801,0.000619951,4.03871e-12,6.64821e-07,4.34283e-06,1.25148e-17,2.93038e-05,2.23633e-06,5.48794e-07,1.38496e-21,1.34176e-06,2.08978e-07,5.19684,82.4584,2.73654,0.262763,75.3782,0.264984,3.21303,0.00305761,0.264984,1.62061,0.0592191,-0.326906,0.610505,0.00476314,-1.00469,0.00662464,0.00492272,0.00630915,0.00329829,-1.00469,0.00504701,1.82379,1.09577,0.0003172,0.151001,0.000662464,0.000820453,0.000264984,0.000540408,0.151001,0.485187,6.64825e-07,2.46031,0.268042
2025.7917,270.248,270.594,0,0.235846,0,0,0.000942999,0.000266331,-0.000942999,0,0,0,0,0,0,0,0,0,0.000608499,0,6.276e-07,3.30621e-13,1.33445e-17,7.78166e-06,1.68516e-06,8.27813e-14,1.47543e-21,3.19717e-07,1.68516e-07,5.16258,82.4439,2.72576,0.281322,75.3757,0.258322,3.20769,0.00287955,0.258322,1.62423,0.0588687,-0.326625,0.610979,0.00514092,-1.00492,0.00645809,0.00491569,0.00615053,0.00330583,-1.00492,0.00502202,1.82381,1.09579,0.00034503,0.150995,0.000645809,0.000819281,0.000258322,0.000541615,0.150995,0.115484,6.276e-07,2.43682,0.261202
2025.8750,269.663,269.961,0,0.235846,0,0,0.00078236,0.00020956,-0.00078236,0,0,0,0,0,0,0,0,0,0.000597291,0,5.83893e-07,1.61737e-26,1.38335e-17,4.23799e-06,1.64266e-06,4.14836e-27,1.52833e-21,2.18003e-07,1.64266e-07,5.13273,82.4399,2.71513,0.302646,75.3755,0.251807,3.20233,0.00271144,0.251807,1.62894,0.0585242,-0.326338,0.611194,0.00557933,-1.00495,0.00629521,0.00490857,0.00599541,0.00331558,-1.00495,0.00499741,1.82383,1.09579,0.000376172,0.150995,0.000629521,0.000818095,0.000251807,0.000543183,0.150995,0.0836038,5.83893e-07,2.4176,0.254519
2025.9583,268.266,268.517,0,0.235846,0,0,0.000801971,0.000139275,-0.000801971,0,0,0,0,0,0,0,0,0,0.000586182,0,5.43578e-07,0,1.45605e-17,1.52221e-06,1.60056e-06,0,1.60754e-21,1.23697e-07,1.60056e-07,5.10429,82.439,2.70449,0.324655,75.3761,0.245353,3.1969,0.00255059,0.245353,1.63392,0.0581809,-0.326053,0.611319,0.00603465,-1.00491,0.00613386,0.00490128,0.00584174,0.00332587,-1.00491,0.00497286,1.82384,1.0958,0.000407992,0.150997,0.000613386,0.00081688,0.000245353,0.000544843,0.150997,0.159407,5.43578e-07,2.3998,0.247904
2026.0417,267.989,268.234,0,0.235846,0,0,0.000807209,0.000105756,-0.000807209,0,0,0,0,0,0,0,0,0,0.000575866,0,5.13361e-07,0,1.50926e-17,6.48917e-07,1.56149e-06,0,1.66531e-21,8.35421e-08,1.56149e-07,5.07523,82.4367,2.69453,0.34571,75.377,0.239364,3.19174,0.00240633,0.239364,1.63878,0.0578605,-0.325789,0.611387,0.00647213,-1.00485,0.00598413,0.0048943,0.00569914,0.00333589,-1.00485,0.00494991,1.82386,1.0958,0.00043829,0.151,0.000598413,0.000815716,0.000239364,0.000546463,0.151,0.150302,5.13361e-07,2.3807,0.24177
2026.1250,266.996,267.2,0,0.235846,0,0,0.000805569,5.25216e-05,-0.000805569,0,0,0,0,0,0,0,0,0,0.000565799,0,4.89961e-07,0,1.56026e-17,2.54016e-07,1.52339e-06,0,1.72064e-21,3.69609e-08,1.52339e-07,5.04618,82.4356,2.68473,0.367996,75.3776,0.233523,3.18658,0.00227036,0.233523,1.64378,0.0575463,-0.325532,0.611436,0.00693851,-1.0048,0.00583811,0.00488727,0.00556007,0.00334618,-1.0048,0.00492737,1.82387,1.0958,0.000470286,0.151002,0.000583811,0.000814545,0.000233523,0.00054813,0.151002,0.434771,4.89961e-07,2.36146,0.235794
2026.2083,273.547,272.917,0.906285,0.412602,0.19603,0.00130428,0.00125691,0.00140237,4.73645e-05,6.72619e-09,1.65317e-06,5.85425e-09,2.78483e-11,3.56068e-06,0.00120139,0.0128088,23.7767,0.00669793,0.000555731,5.49494e-12,4.7768e-07,3.13695e-05,1.50305e-17,-1.42769e-05,2.88115e-06,2.96834e-06,1.65793e-21,1.19724e-06,2.48632e-07,5.01368,82.4202,2.67484,0.372858,75.386,0.227685,3.18132,0.00213913,0.227685,1.64772,0.0572306,-0.325594,0.610895,0.00702381,-1.0041,0.00569217,0.00488005,0.00542108,0.00335427,-1.0041,0.00490469,1.82389,1.09581,0.00047395,0.151025,0.000569217,0.000813342,0.000227685,0.000549444,0.151025,0.702265,4.77685e-07,2.33884,0.229824
2026.2917,287.164,285.38,1.96256,0.240897,1.52461,0.00723271,0.00294221,0.00251698,0.0042905,1.39711e-07,2.22218e-05,1.19579e-07,2.1299e-09,2.34925e-05,0.00455231,0.205688,157.8,0.0955593,0.000557819,8.587e-10,5.05098e-07,1.19897e-05,1.26531e-17,4.32623e-05,3.03765e-05,1.79619e-06,1.39908e-21,3.15586e-06,2.23359e-06,5.02173,82.3891,2.67792,0.32556,75.3988,0.22886,3.18379,0.00219053,0.22886,1.64305,0.0573266,-0.32626,0.610058,0.00600291,-1.00299,0.00572153,0.00488351,0.00544905,0.00334463,-1.00299,0.00491167,1.8239,1.09585,0.000402753,0.151059,0.000572153,0.000813919,0.00022886,0.000547886,0.151059,2.01738,5.05957e-07,2.34381,0.231051
2026.3750,290.724,289.714,2.10873,0.211522,1.82581,0.00994793,0.00387793,0.00242169,0.00607,2.42695e-07,3.39618e-05,2.04198e-07,5.77378e-09,2.70687e-05,0.00450406,0.301302,196.807,0.141962,0.000585389,2.47611e-09,5.82301e-07,1.08403e-05,1.2343e-17,5.3689e-05,5.33411e-05,1.26767e-06,1.36577e-21,3.25965e-06,3.89994e-06,5.12394,82.4459,2.70844,0.291453,75.3948,0.244702,3.20287,0.00261113,0.244702,1.63563,0.0582776,-0.326356,0.609994,0.00531933,-1.00328,0.00611758,0.00491006,0.00582624,0.00332939,-1.00328,0.00498054,1.82392,1.09586,0.000356347,0.151045,0.000611758,0.000818343,0.000244702,0.000545415,0.151045,2.53612,5.84777e-07,2.4155,0.247313
2026.4583,292.096,291.36,2.31134,0.190963,1.81647,0.00932427,0.00430474,0.00214644,0.00501953,2.2334e-07,3.27467e-05,1.85185e-07,6.449e-09,2.48489e-05,0.00428992,0.33526,201.249,0.137307,0.000623219,3.06985e-09,6.63428e-07,1.21256e-05,1.27359e-17,5.31215e-05,5.15512e-05,1.43947e-06,1.40887e-21,2.95729e-06,3.77443e-06,5.26108,82.5472,2.7503,0.270458,75.3871,0.266428,3.22905,0.00316521,0.266428,1.62855,0.059553,-0.326249,0.609869,0.00490104,-1.00389,0.00666073,0.00494665,0.00634352,0.00331489,-1.00389,0.00507303,1.82393,1.09584,0.000328251,0.151023,0.000666073,0.000824441,0.000266428,0.000543054,0.151023,2.51643,6.66498e-07,2.51078,0.269593
2026.5417,292.647,292.026,2.45192,0.170129,1.64145,0.00634425,0.00418728,0.00197672,0.00215697,1.29758e-07,2.24593e-05,1.06743e-07,4.04967e-09,2.02551e-05,0.00390949,0.311339,176.239,0.0975668,0.00064927,2.07458e-09,7.23293e-07,7.52918e-06,1.28589e-17,5.29104e-05,3.17244e-05,1.12013e-06,1.42246e-21,2.74122e-06,2.34096e-06,5.34914,82.6054,2.77993,0.256867,75.3777,0.281347,3.24818,0.00352737,0.281347,1.62168,0.0604292,-0.326364,0.60994,0.00462713,-1.00466,0.00703369,0.00497366,0.00669873,0.00330089,-1.00466,0.00513674,1.82395,1.09584,0.000310435,0.150996,0.00070337,0.000828943,0.000281347,0.000540762,0.150996,2.03123,7.25367e-07,2.5692,0.284874
2026.6250,287.128,287.174,2.48782,0.175788,0.762031,0.00334423,0.00332327,0.00173373,2.09632e-05,5.04281e-08,1.13204e-05,4.16623e-08,1.18045e-09,1.49715e-05,0.00396209,0.151575,132.361,0.049538,0.000656004,4.32749e-10,7.41381e-07,1.36767e-06,1.29737e-17,4.59945e-05,1.36079e-05,2.83185e-07,1.43441e-21,2.37463e-06,1.03128e-06,5.36509,82.6015,2.78903,0.250344,75.3695,0.285135,3.25508,0.00359643,0.285135,1.61655,0.0606739,-0.326211,0.610681,0.00449414,-1.00535,0.0071284,0.00498381,0.00678892,0.00329052,-1.00535,0.00515479,1.82397,1.09587,0.000302137,0.150973,0.00071284,0.000830635,0.000285135,0.000539055,0.150973,1.05348,7.41813e-07,2.57607,0.288731
2026.7083,272.737,273.827,0.7265,0.260234,0.0230822,0.00024324,0.00144315,0.000909497,-0.00119991,4.06533e-10,1.85393e-07,3.38401e-10,5.88216e-12,6.18972e-07,0.000301034,0.00359794,5.43182,0.000586436,0.000647851,1.16634e-12,7.217e-07,7.70052e-07,1.30584e-17,2.44683e-05,1.92356e-06,1.86162e-07,1.44281e-21,1.2031e-06,1.89599e-07,5.33373,82.5645,2.78217,0.25228,75.3641,0.280352,3.25238,0.00344703,0.280352,1.6144,0.0604357,-0.325935,0.611627,0.00453312,-1.00582,0.00700884,0.00498065,0.00667505,0.00328625,-1.00582,0.00513798,1.82399,1.09591,0.000305434,0.150959,0.000700884,0.000830109,0.000280352,0.000538337,0.150959,0.600415,7.21701e-07,2.55156,0.283799
2026.7917,268.996,269.369,0,0.278232,0,0,0.000997418,8.9533e-05,-0.000997418,0,0,0,0,0,0,0,0,0,0.00063571,0,6.8542e-07,1.27339e-29,1.40094e-17,3.52722e-06,1.78275e-06,3.74872e-30,1.54676e-21,1.12056e-07,1.78275e-07,5.29835,82.5524,2.77092,0.273827,75.3622,0.273282,3.24695,0.00324575,0.273282,1.61811,0.0600676,-0.325642,0.612018,0.00497662,-1.006,0.00683208,0.00497364,0.00650671,0.003294,-1.006,0.00511179,1.824,1.09593,0.000336687,0.150955,0.000683208,0.000828941,0.000273282,0.000539572,0.150955,0.208911,6.8542e-07,2.52742,0.276528
2026.8750,267.965,268.343,0,0.278232,0,0,0.000833027,7.31748e-05,-0.000833027,0,0,0,0,0,0,0,0,0,0.000623867,0,6.41859e-07,0,1.42971e-17,2.17283e-06,1.73779e-06,0,1.57752e-21,7.65021e-08,1.73779e-07,5.26575,82.5519,2.75986,0.301035,75.3618,0.266389,3.24153,0.00305626,0.266389,1.62336,0.0597068,-0.325338,0.612147,0.00554146,-1.00604,0.00665977,0.00496657,0.00634261,0.00330492,-1.00604,0.0050861,1.82402,1.09593,0.00037554,0.150954,0.000665977,0.000827761,0.000266389,0.000541323,0.150954,0.160127,6.41859e-07,2.50589,0.269446
2026.9583,265.288,265.666,0,0.278232,0,0,0.000705473,2.70983e-05,-0.000705473,0,0,0,0,0,0,0,0,0,0.000612128,0,5.98064e-07,0,1.50811e-17,7.84891e-07,1.69325e-06,0,1.66303e-21,2.6575e-08,1.69325e-07,5.23687,82.5559,2.7488,0.328607,75.3617,0.259562,3.23603,0.00287496,0.259562,1.62877,0.0593474,-0.325038,0.612232,0.00611613,-1.00605,0.00648907,0.00495931,0.00618004,0.00331612,-1.00605,0.00506046,1.82404,1.09593,0.000414773,0.150954,0.000648907,0.000826552,0.000259562,0.000543126,0.150954,0.0979272,5.98064e-07,2.48807,0.262437
2027.0417,266.676,266.859,0,0.278232,0,0,0.000802028,1.92314e-05,-0.000802028,0,0,0,0,0,0,0,0,0,0.000601227,0,5.58199e-07,0,1.55207e-17,4.40851e-07,1.65191e-06,0,1.71062e-21,1.58297e-08,1.65191e-07,5.20891,82.5595,2.73844,0.354956,75.3617,0.253226,3.2308,0.00271236,0.253226,1.63396,0.059012,-0.324759,0.612288,0.00666743,-1.00605,0.00633067,0.00495235,0.00602918,0.00332687,-1.00605,0.00503651,1.82405,1.09593,0.000452157,0.150954,0.000633067,0.000825392,0.000253226,0.000544857,0.150954,0.104222,5.58199e-07,2.47047,0.255938
2027.1250,267.201,267.326,0,0.278232,0,0,0.000862597,1.99057e-05,-0.000862597,0,0,0,0,0,0,0,0,0,0.00059059,0,5.26194e-07,0,1.58471e-17,3.18734e-07,1.6116e-06,0,1.74568e-21,1.33734e-08,1.61161e-07,5.1791,82.5606,2.72825,0.380626,75.3617,0.247047,3.22558,0.0025591,0.247047,1.63915,0.0586832,-0.324488,0.612337,0.00720512,-1.00605,0.0061762,0.00494535,0.00588206,0.00333758,-1.00605,0.00501299,1.82407,1.09593,0.000488659,0.150955,0.00061762,0.000824225,0.000247047,0.000546587,0.150955,0.342324,5.26194e-07,2.45085,0.249606
2027.2083,274.562,273.879,0.647052,0.395888,0.237663,0.00135091,0.00139134,0.00151821,-4.04337e-05,8.66956e-09,2.343e-06,7.5274e-09,4.66487e-11,3.91752e-06,0.00132933,0.0223926,31.0678,0.00903134,0.000580006,1.01447e-11,5.11487e-07,7.46852e-05,1.50273e-17,-2.55329e-05,3.44976e-06,6.06546e-06,1.65655e-21,1.00819e-06,2.92645e-07,5.14422,82.5462,2.71806,0.388288,75.3703,0.240901,3.22032,0.00241259,0.240901,1.64348,0.058356,-0.324901,0.611387,0.00734985,-1.00534,0.00602255,0.00493824,0.00573573,0.0033465,-1.00534,0.00498956,1.82408,1.09593,0.000496788,0.150978,0.000602255,0.000823039,0.000240901,0.000548029,0.150978,0.756897,5.11497e-07,2.42616,0.243313
2027.2917,285.759,284.377,2.04614,0.238142,1.45652,0.007337,0.00283778,0.00250511,0.00449922,1.20989e-07,2.17572e-05,1.03974e-07,1.63142e-09,2.03233e-05,0.00447698,0.169696,161.343,0.0862859,0.000578152,5.52444e-10,5.39546e-07,8.95422e-06,1.24137e-17,3.93689e-05,2.76227e-05,1.38776e-06,1.3743e-21,3.0167e-06,2.04693e-06,5.14994,82.5093,2.71844,0.329115,75.3911,0.239734,3.22234,0.00243908,0.239734,1.63916,0.0583958,-0.326608,0.609182,0.00606671,-1.00359,0.00599339,0.00494116,0.00570796,0.00333762,-1.00359,0.00499269,1.8241,1.09598,0.00040887,0.151035,0.000599339,0.000823526,0.000239734,0.000546591,0.151035,1.99057,5.40098e-07,2.4315,0.242174
2027.3750,292.087,290.442,2.14349,0.126042,1.97102,0.00867203,0.003525,0.00162942,0.00514703,1.78737e-07,2.95939e-05,1.50719e-07,4.34834e-09,2.4151e-05,0.0049989,0.326636,197.431,0.115472,0.000593687,2.02041e-09,6.06554e-07,2.78058e-07,1.28417e-17,3.15249e-05,4.03122e-05,3.03858e-08,1.42197e-21,2.06102e-06,2.9718e-06,5.24419,82.5724,2.74019,0.30318,75.3902,0.248458,3.23926,0.00279768,0.248458,1.63476,0.0591462,-0.326421,0.609203,0.00554168,-1.00364,0.00621148,0.00496481,0.00591567,0.00332859,-1.00364,0.00504749,1.82411,1.09598,0.000373732,0.151032,0.000621148,0.000827468,0.000248458,0.000545124,0.151032,2.31371,6.08575e-07,2.50401,0.251256
2027.4583,296.967,295.612,2.23158,0.137712,1.76488,0.00704143,0.00407948,0.00173926,0.00296195,1.41214e-07,2.50028e-05,1.16807e-07,5.25832e-09,2.19178e-05,0.00463761,0.426923,186.087,0.0991988,0.000610546,3.21571e-09,6.74981e-07,1.68696e-06,1.34127e-17,3.25481e-05,3.25269e-05,1.62657e-07,1.48497e-21,2.2391e-06,2.40673e-06,5.3314,82.6401,2.76378,0.288633,75.3887,0.257919,3.25764,0.00316694,0.257919,1.63139,0.0599132,-0.326165,0.609091,0.00525504,-1.00375,0.00644802,0.00499062,0.00614094,0.00332175,-1.00375,0.00510358,1.82413,1.09596,0.000353642,0.151027,0.000644802,0.000831769,0.000257919,0.000544001,0.151027,2.2015,6.78196e-07,2.56761,0.261086
2027.5417,289.283,289.194,2.2838,0.265995,0.86407,0.00559097,0.00360388,0.00257359,0.00198709,1.09202e-07,2.06047e-05,9.07555e-08,3.12477e-09,1.89979e-05,0.00413436,0.237235,165.85,0.0827004,0.000620609,1.33989e-09,7.15766e-07,3.93871e-05,1.27008e-17,6.31405e-05,2.59607e-05,4.71384e-06,1.40745e-21,3.5199e-06,1.93024e-06,5.37968,82.6574,2.7793,0.269247,75.3835,0.263502,3.27055,0.00339186,0.263502,1.625,0.060391,-0.326419,0.609151,0.00487333,-1.00414,0.00658758,0.00500898,0.00627386,0.00330872,-1.00414,0.00513866,1.82415,1.09599,0.000327096,0.151011,0.000658758,0.000834831,0.000263502,0.000541871,0.151011,1.69701,7.17106e-07,2.60038,0.266894
2027.6250,284.334,284.567,2.29182,0.279664,0.481529,0.00282935,0.00280083,0.00222363,2.85225e-05,4.03778e-08,9.94132e-06,3.3815e-08,8.20321e-10,1.38089e-05,0.00428651,0.108871,121.715,0.0392087,0.000622373,2.4619e-10,7.2513e-07,3.35814e-05,1.18611e-17,6.32689e-05,1.0777e-05,4.01468e-06,1.31673e-21,3.12068e-06,8.26832e-07,5.39243,82.6299,2.78469,0.249439,75.3718,0.264358,3.27645,0.00344735,0.264358,1.6163,0.0605402,-0.327371,0.609444,0.00447185,-1.00512,0.00660898,0.00501769,0.00629424,0.00329095,-1.00512,0.00514988,1.82416,1.09605,0.000301027,0.150978,0.000660899,0.000836282,0.000264358,0.00053897,0.150978,0.979043,7.25377e-07,2.60774,0.267805
2027.7083,266.948,268.27,0.760312,0.265466,0.0177069,0.000158372,0.00107901,0.000451385,-0.00092064,1.09546e-10,5.89606e-08,9.26555e-11,1.07488e-12,2.84228e-07,0.000141329,0.001084,2.48638,0.000159803,0.000613347,1.32783e-13,7.02412e-07,2.39107e-06,1.24941e-17,1.56788e-05,1.71466e-06,3.08557e-07,1.38719e-21,6.27589e-07,1.70753e-07,5.36234,82.5912,2.77683,0.251167,75.3637,0.259077,3.27309,0.00329267,0.259077,1.61397,0.0602782,-0.327655,0.610086,0.00450578,-1.00581,0.00647696,0.00501355,0.0061685,0.00328629,-1.00581,0.00513125,1.82418,1.09611,0.000304833,0.150957,0.000647696,0.000835591,0.000259077,0.000538193,0.150957,0.428744,7.02412e-07,2.58551,0.26237
2027.7917,266.09,266.486,0,0.256432,0,0,0.000915798,2.08362e-05,-0.000915798,0,0,0,0,0,0,0,0,0,0.0006021,0,6.62497e-07,2.04644e-34,1.40902e-17,1.20216e-06,1.64746e-06,5.18414e-35,1.56338e-21,3.07474e-08,1.64746e-07,5.32878,82.5876,2.76609,0.276973,75.3627,0.252542,3.26762,0.00310038,0.252542,1.61908,0.0599306,-0.327371,0.610265,0.00504218,-1.00591,0.00631359,0.00500642,0.00601291,0.00329692,-1.00591,0.00510641,1.8242,1.09611,0.000341663,0.150955,0.000631359,0.000834404,0.000252542,0.000539898,0.150955,0.251177,6.62497e-07,2.5627,0.255643
2027.8750,263.217,263.69,0,0.256253,0,0,0.000725096,6.47154e-06,-0.000725096,0,0,0,0,0,0,0,0,0,0.000591132,0,6.20932e-07,0,1.51898e-17,3.92283e-07,1.60591e-06,0,1.68445e-21,9.73764e-09,1.60591e-07,5.29746,82.5886,2.75552,0.304025,75.3626,0.246173,3.26217,0.00291938,0.246173,1.62452,0.0595898,-0.327088,0.61033,0.00560833,-1.00592,0.00615435,0.00499923,0.00586126,0.0033082,-1.00592,0.00508202,1.82421,1.09611,0.000379921,0.150954,0.000615436,0.000833206,0.000246173,0.000541712,0.150954,0.151761,6.20932e-07,2.54194,0.249092
2027.9583,263.854,264.081,0,0.256253,0,0,0.000737419,1.84587e-06,-0.000737419,0,0,0,0,0,0,0,0,0,0.000580259,0,5.81489e-07,0,1.61675e-17,1.3043e-07,1.56475e-06,0,1.7919e-21,3.05836e-09,1.56475e-07,5.26756,82.5911,2.74495,0.331006,75.3625,0.239863,3.25663,0.0027462,0.239863,1.63006,0.0592502,-0.326807,0.610378,0.00617416,-1.00593,0.00599661,0.00499187,0.00571103,0.00331964,-1.00593,0.00505769,1.82423,1.09611,0.000418093,0.150954,0.000599661,0.000831978,0.000239863,0.000543556,0.150954,0.23073,5.81489e-07,2.5226,0.24261
2028.0417,266.841,266.946,0,0.256253,0,0,0.000793317,1.39863e-06,-0.000793317,0,0,0,0,0,0,0,0,0,0.000570162,0,5.48826e-07,0,1.66012e-17,9.83819e-08,1.52655e-06,0,1.83905e-21,2.29074e-09,1.52655e-07,5.2381,82.592,2.73505,0.356112,75.3625,0.234008,3.25137,0.00259088,0.234008,1.63532,0.0589332,-0.326547,0.61042,0.00670148,-1.00593,0.00585023,0.00498481,0.00557162,0.00333049,-1.00593,0.00503494,1.82424,1.09611,0.000453668,0.150954,0.000585023,0.000830802,0.000234008,0.000545309,0.150954,0.165848,5.48826e-07,2.50305,0.236599
2028.1250,269.374,269.385,0,0.256254,0,0,0.000956057,1.40864e-06,-0.000956057,0,0,0,0,0,0,0,0,0,0.000560309,0,5.27412e-07,0,1.6655e-17,9.70588e-08,1.4893e-06,0,1.84408e-21,2.26143e-09,1.4893e-07,5.20588,82.5895,2.7253,0.380634,75.3624,0.228298,3.24612,0.00244448,0.228298,1.64057,0.0586222,-0.326293,0.610461,0.00721733,-1.00593,0.00570748,0.00497771,0.00543567,0.00334131,-1.00593,0.00501259,1.82426,1.09611,0.000488485,0.150954,0.000570748,0.000829618,0.000228298,0.000547059,0.150954,0.536961,5.27412e-07,2.48058,0.230743
2028.2083,272.152,271.563,0.496833,0.358428,0.140128,0.000864812,0.00116957,0.00119496,-0.00030476,4.64702e-09,1.17705e-06,4.04027e-09,2.03885e-11,2.4653e-06,0.00075789,0.0107332,16.1574,0.00469264,0.000550415,4.16259e-12,5.09246e-07,3.70325e-05,1.59601e-17,-2.89502e-05,2.39523e-06,4.3504e-06,1.76698e-21,6.65175e-07,2.12915e-07,5.17282,82.5803,2.71543,0.394035,75.368,0.222569,3.24074,0.00230255,0.222569,1.64543,0.0583082,-0.326257,0.610066,0.0074901,-1.00547,0.00556425,0.00497037,0.00529925,0.00335131,-1.00547,0.00498999,1.82427,1.09611,0.00050559,0.150969,0.000556425,0.000828396,0.000222569,0.00054868,0.150969,0.56677,5.0925e-07,2.45739,0.224871
2028.2917,284.927,283.331,1.91329,0.277817,1.24186,0.00681013,0.00272365,0.00270284,0.00408648,1.30198e-07,2.14194e-05,1.12208e-07,1.40086e-09,2.32624e-05,0.00467586,0.155784,155.122,0.0899255,0.000552077,4.27821e-10,5.31706e-07,2.47243e-05,1.26932e-17,3.78069e-05,2.80258e-05,3.73873e-06,1.40981e-21,3.14656e-06,2.06553e-06,5.17423,82.5386,2.71838,0.330057,75.3928,0.223483,3.24339,0.0023508,0.223483,1.6415,0.0583589,-0.327475,0.608115,0.00608927,-1.00338,0.0055871,0.00497413,0.00532102,0.00334321,-1.00338,0.00499369,1.82429,1.09615,0.000409855,0.151038,0.00055871,0.000829022,0.000223483,0.000547371,0.151038,1.84236,5.32134e-07,2.45584,0.225834
2028.3750,290.821,289.416,2.06814,0.199837,2.1185,0.0102896,0.00399507,0.00237418,0.00629453,2.52467e-07,3.54964e-05,2.13262e-07,5.50622e-09,2.72574e-05,0.0045409,0.312316,198.412,0.14428,0.000581483,2.43799e-09,6.05687e-07,6.99998e-06,1.18702e-17,4.95983e-05,5.48412e-05,8.7963e-07,1.3195e-21,3.10783e-06,4.01405e-06,5.27611,82.5951,2.75246,0.292977,75.3913,0.240313,3.2658,0.00283957,0.240313,1.63467,0.0592894,-0.327594,0.607925,0.00533913,-1.00348,0.00600785,0.00500536,0.00572173,0.00332916,-1.00348,0.00506117,1.8243,1.09615,0.000359407,0.151032,0.000600785,0.000834227,0.000240313,0.000545092,0.151032,2.85883,6.08125e-07,2.52365,0.243152
2028.4583,296.142,294.709,2.27253,0.168696,2.24936,0.00846727,0.00458056,0.00219945,0.00388671,1.90064e-07,2.95731e-05,1.57282e-07,6.35551e-09,2.4471e-05,0.0047282,0.431558,199.025,0.121633,0.000619917,3.76099e-09,6.99011e-07,7.53655e-06,1.21133e-17,5.46055e-05,4.35599e-05,9.50237e-07,1.34673e-21,2.99578e-06,3.19939e-06,5.40531,82.6839,2.79702,0.267546,75.384,0.262292,3.29516,0.00345291,0.262292,1.62705,0.0605073,-0.327645,0.607762,0.00483227,-1.00406,0.00655734,0.00504643,0.00624505,0.00331359,-1.00406,0.00514966,1.82432,1.09614,0.000325276,0.15101,0.000655734,0.000841072,0.000262292,0.000542554,0.15101,2.74889,7.02772e-07,2.60829,0.265745
2028.5417,288.823,288.632,2.38229,0.235105,0.987341,0.00577026,0.00373121,0.00222801,0.00203905,1.18187e-07,2.12582e-05,9.7991e-08,2.96389e-09,1.96755e-05,0.00407487,0.222865,169.569,0.0901222,0.000640449,1.16982e-09,7.47948e-07,2.18978e-05,1.19703e-17,5.93856e-05,2.8628e-05,2.88383e-06,1.33087e-21,3.08359e-06,2.11857e-06,5.46732,82.7167,2.82199,0.253412,75.3754,0.273978,3.31243,0.00375915,0.273978,1.62056,0.0611636,-0.327737,0.608029,0.00454813,-1.00478,0.00684949,0.00507096,0.0065233,0.0033004,-1.00478,0.0051975,1.82433,1.09615,0.000306602,0.150986,0.000684949,0.00084516,0.000273978,0.000540391,0.150986,1.64854,7.49117e-07,2.64533,0.277738
2028.6250,284.723,284.895,2.41686,0.205476,0.544515,0.00303319,0.00300102,0.00179678,3.21618e-05,4.65696e-08,1.05753e-05,3.8681e-08,9.00443e-10,1.41365e-05,0.00402515,0.113109,123.627,0.0445304,0.000647013,2.65993e-10,7.55541e-07,2.10638e-06,1.1942e-17,4.96745e-05,1.2487e-05,4.68814e-07,1.32752e-21,2.47106e-06,9.50455e-07,5.48334,82.7052,2.8315,0.242841,75.3651,0.277642,3.32004,0.00383306,0.277642,1.614,0.0613818,-0.327809,0.60884,0.00433295,-1.00565,0.00694108,0.00508217,0.00661053,0.00328706,-1.00565,0.00521364,1.82435,1.09619,0.000292961,0.150958,0.000694109,0.000847029,0.000277642,0.000538202,0.150958,0.918818,7.55807e-07,2.65183,0.281475
2028.7083,274.124,274.962,1.70389,0.309692,0.0674172,0.000553555,0.00171434,0.00122398,-0.00116079,1.38207e-09,6.85119e-07,1.15743e-09,1.2787e-11,2.28691e-06,0.00114599,0.00865352,19.7454,0.00202101,0.000638767,1.57091e-12,7.28165e-07,4.7194e-06,1.18136e-17,3.44209e-05,2.09569e-06,9.96136e-07,1.31254e-21,1.65308e-06,2.00348e-07,5.45008,82.6584,2.82449,0.24046,75.3575,0.272809,3.3172,0.00366912,0.272809,1.61029,0.0611325,-0.327664,0.609947,0.00428325,-1.00631,0.00682025,0.0050789,0.00649545,0.00327961,-1.00631,0.00519597,1.82437,1.09625,0.000290181,0.150939,0.000682026,0.000846483,0.000272809,0.000536967,0.150939,0.47013,7.28167e-07,2.62559,0.276478
2028.7917,257.524,258.916,0,0.172287,0,0,0.00073805,2.89182e-05,-0.00073805,0,0,0,0,0,0,0,0,0,0.000626979,0,6.87845e-07,3.30261e-19,1.39658e-17,1.57214e-06,1.73493e-06,8.23443e-20,1.55055e-21,4.24892e-08,1.73493e-07,5.4149,82.6428,2.81339,0.259684,75.3549,0.265952,3.31169,0.00345553,0.265952,1.61333,0.0607715,-0.32739,0.610418,0.0046805,-1.00655,0.00664884,0.00507185,0.0063322,0.00328601,-1.00655,0.00517025,1.82439,1.09627,0.00031793,0.150932,0.000664884,0.000845308,0.000265952,0.000537979,0.150932,0.173028,6.87845e-07,2.60151,0.269408
2028.8750,254.445,255.368,0,0.161843,0,0,0.000586174,1.31904e-06,-0.000586174,0,0,0,0,0,0,0,0,0,0.00061544,0,6.41404e-07,0,1.58957e-17,1.04404e-07,1.69118e-06,0,1.76386e-21,2.40425e-09,1.69118e-07,5.38506,82.6469,2.80243,0.288169,75.3548,0.259245,3.30616,0.00325379,0.259245,1.61885,0.0604165,-0.327093,0.610475,0.00527574,-1.00656,0.00648115,0.00506468,0.0061725,0.00329749,-1.00656,0.00514491,1.8244,1.09627,0.000358054,0.150932,0.000648115,0.000844114,0.000259245,0.00053982,0.150932,0.118131,6.41404e-07,2.58263,0.262499
2028.9583,258.696,259.111,0,0.162192,0,0,0.000690156,2.54003e-07,-0.000690156,0,0,0,0,0,0,0,0,0,0.000604002,0,5.97663e-07,0,1.72469e-17,2.15626e-08,1.64783e-06,0,1.91277e-21,4.86297e-10,1.64783e-07,5.35474,82.6505,2.79147,0.316518,75.3548,0.2526,3.30055,0.00306077,0.2526,1.62446,0.0600629,-0.326799,0.610518,0.00586909,-1.00656,0.00631504,0.00505734,0.00601429,0.00330914,-1.00656,0.00511963,1.82442,1.09627,0.000398018,0.150932,0.000631504,0.00084289,0.0002526,0.000541691,0.150932,0.140907,5.97663e-07,2.56327,0.255661
2029.0417,260.374,260.489,0,0.162078,0,0,0.000747274,1.02194e-07,-0.000747274,0,0,0,0,0,0,0,0,0,0.00059338,0,5.60323e-07,0,1.3703e-17,8.98668e-09,1.60761e-06,0,1.51899e-21,1.97822e-10,1.60761e-07,5.32491,82.6523,2.78121,0.34287,75.3548,0.246434,3.29522,0.00288766,0.246434,1.62979,0.0597328,-0.326527,0.610558,0.00642137,-1.00656,0.00616088,0.00505029,0.00586748,0.00332017,-1.00656,0.00509601,1.82444,1.09627,0.000435233,0.150932,0.000616088,0.000841715,0.000246434,0.000543467,0.150932,0.153499,5.60323e-07,2.5437,0.249322
2029.1250,267.019,266.942,0,0.223685,0,0,0.000973086,8.56783e-05,-0.000973086,0,0,0,0,0,0,0,0,0,0.000583015,0,5.32791e-07,2.33125e-07,9.49074e-18,-4.74737e-06,1.56838e-06,1.27279e-08,1.05157e-21,2.96216e-08,1.56838e-07,5.29159,82.6497,2.7711,0.367804,75.3552,0.240421,3.2899,0.00272449,0.240421,1.63509,0.059409,-0.32629,0.610547,0.00694456,-1.00652,0.00601055,0.00504319,0.0057243,0.00333113,-1.00652,0.0050728,1.82445,1.09627,0.000470283,0.150933,0.000601055,0.000840532,0.000240421,0.000545234,0.150933,0.503428,5.32791e-07,2.52049,0.243145
2029.2083,271.63,270.71,0.842929,0.281383,0.158769,0.00105005,0.00118228,0.000939674,-0.000132234,5.54702e-09,1.43292e-06,4.74642e-09,2.35542e-11,2.63435e-06,0.000811304,0.0127753,18.6073,0.00560274,0.000572616,5.00524e-12,5.33413e-07,1.95722e-06,8.2522e-18,-2.41836e-05,2.66877e-06,3.63131e-07,9.14226e-22,4.86632e-07,2.3494e-07,5.25631,82.6372,2.76088,0.377417,75.3636,0.234392,3.28445,0.0025665,0.234392,1.63989,0.0590828,-0.326147,0.610114,0.00713717,-1.00582,0.00585982,0.00503587,0.00558075,0.00334102,-1.00582,0.00504939,1.82447,1.09627,0.000480681,0.150956,0.000585982,0.000839311,0.000234392,0.000546833,0.150956,1.04612,5.33418e-07,2.49543,0.236958
2029.2917,287.993,285.432,2.01142,0.148992,1.48809,0.0068716,0.00294264,0.00184176,0.00392897,1.26716e-07,2.19229e-05,1.07561e-07,1.73316e-09,2.31305e-05,0.00490622,0.237944,165.777,0.0890809,0.000572373,7.38866e-10,5.58062e-07,3.58216e-07,6.83827e-18,1.67451e-05,2.76814e-05,8.86905e-08,7.5784e-22,1.92154e-06,2.04644e-06,5.25752,82.6181,2.76252,0.336575,75.3848,0.234176,3.28686,0.00259541,0.234176,1.63921,0.0591135,-0.325951,0.609412,0.00623187,-1.00405,0.00585442,0.00503938,0.00557561,0.00333963,-1.00405,0.00505176,1.82448,1.09628,0.000419264,0.151015,0.000585442,0.000839897,0.000234176,0.000546607,0.151015,1.86171,5.58801e-07,2.495,0.236771
2029.3750,294.975,293.007,2.12848,0.157861,2.21244,0.0094921,0.00422669,0.00213081,0.00526541,2.1533e-07,3.23349e-05,1.79408e-07,5.85436e-09,2.57202e-05,0.00479981,0.40936,196.472,0.127844,0.000594685,3.23344e-09,6.32655e-07,1.18743e-06,6.27465e-18,3.51602e-05,4.70184e-05,2.4935e-07,6.95703e-22,2.63847e-06,3.45467e-06,5.34823,82.6793,2.79081,0.307872,75.388,0.246837,3.30718,0.00302404,0.246837,1.63523,0.0599315,-0.325745,0.609107,0.00564499,-1.00376,0.00617095,0.00506778,0.00587707,0.00333148,-1.00376,0.00511131,1.8245,1.09627,0.000379396,0.151023,0.000617095,0.00084463,0.000246837,0.000545281,0.151023,2.78703,6.35889e-07,2.55743,0.249861
2029.4583,293.957,292.93,2.29422,0.179153,1.99485,0.00933225,0.00445906,0.00214438,0.0048732,2.14725e-07,3.30758e-05,1.77304e-07,6.4983e-09,2.39147e-05,0.00424743,0.392313,200.301,0.131154,0.000625977,3.55748e-09,7.18223e-07,8.21815e-06,1.13689e-17,4.28152e-05,4.88986e-05,1.45545e-06,1.26124e-21,2.78569e-06,3.59475e-06,5.47131,82.7711,2.83001,0.284062,75.3862,0.264606,3.33504,0.00359596,0.264606,1.62953,0.0610436,-0.325686,0.608641,0.00517838,-1.00387,0.00661517,0.00510684,0.00630014,0.00331985,-1.00387,0.00519236,1.82451,1.09625,0.000346459,0.151016,0.000661517,0.00085114,0.000264606,0.00054338,0.151016,2.668,7.21781e-07,2.6413,0.268202
2029.5417,293.677,292.788,2.41182,0.136452,1.40246,0.00563907,0.00405298,0.0015803,0.00158609,1.08353e-07,2.04224e-05,8.89185e-08,3.43734e-09,1.92242e-05,0.00419456,0.328274,170.897,0.0840435,0.000648096,1.89743e-09,7.71257e-07,7.56453e-08,1.30983e-17,3.38981e-05,2.62452e-05,2.53178e-08,1.45306e-21,2.06523e-06,1.95023e-06,5.55285,82.8295,2.85883,0.270202,75.382,0.277109,3.35626,0.00398293,0.277109,1.62438,0.0618304,-0.325515,0.608634,0.00490608,-1.00419,0.00692775,0.0051369,0.00659782,0.00330942,-1.00419,0.00524987,1.82453,1.09624,0.000327636,0.151004,0.000692775,0.000856149,0.000277109,0.000541663,0.151004,1.69854,7.73155e-07,2.69402,0.281092
2029.6250,287.978,287.876,2.37751,0.112274,0.30824,0.00129533,0.00260175,0.000967346,-0.00130642,3.11455e-09,1.62376e-06,2.57578e-09,7.18724e-11,6.34192e-06,0.00313897,0.0743017,55.8699,0.00449668,0.000645339,2.99435e-11,7.602e-07,4.16833e-10,1.3403e-17,1.64221e-05,2.49966e-06,1.24687e-10,1.48635e-21,1.16436e-06,2.29511e-07,5.53168,82.8077,2.85849,0.272024,75.3805,0.275397,3.35803,0.00391384,0.275397,1.62353,0.0617733,-0.325223,0.609067,0.00494685,-1.00432,0.00688495,0.00514008,0.00655706,0.00330786,-1.00432,0.00524616,1.82455,1.09626,0.000330043,0.150999,0.000688495,0.000856681,0.000275397,0.00054138,0.150999,0.508108,7.6023e-07,2.6732,0.27931
2029.7083,271.877,273.082,0.928489,0.146843,0.0394989,0.000318917,0.00140885,0.000685919,-0.00108993,2.62958e-10,1.50586e-07,2.20721e-10,2.40604e-12,1.01538e-06,0.000464935,0.00369469,8.81386,0.00038175,0.000633764,3.26367e-13,7.24512e-07,3.30717e-08,1.3327e-17,1.31004e-05,1.81193e-06,1.03751e-08,1.47752e-21,8.245e-07,1.79454e-07,5.4861,82.7684,2.84766,0.277396,75.3807,0.268661,3.35272,0.00369186,0.268661,1.62424,0.0614186,-0.324953,0.609557,0.00505918,-1.0043,0.00671655,0.00513339,0.00639668,0.0033095,-1.0043,0.00522088,1.82456,1.0963,0.000337361,0.151,0.000671655,0.000855565,0.000268661,0.000541618,0.151,0.366055,7.24513e-07,2.63844,0.272352
2029.7917,264.144,264.988,0,0.0604878,0,0,0.000875511,2.86717e-05,-0.000875511,0,0,0,0,0,0,0,0,0,0.000622112,0,6.78408e-07,0,1.39838e-17,1.33674e-06,1.70842e-06,0,1.54943e-21,3.6768e-08,1.70842e-07,5.45115,82.7604,2.83659,0.299997,75.3804,0.261888,3.34712,0.00347638,0.261888,1.62883,0.0610601,-0.324659,0.609762,0.00552719,-1.00433,0.00654723,0.00512622,0.00623543,0.00331908,-1.00433,0.0051953,1.82458,1.0963,0.00036972,0.150999,0.000654723,0.00085437,0.000261888,0.000543146,0.150999,0.127564,6.78408e-07,2.61456,0.265364
2029.8750,264.408,265.013,0,0.0533784,0,0,0.000741518,1.77056e-05,-0.000741518,0,0,0,0,0,0,0,0,0,0.000610741,0,6.32901e-07,0,1.43698e-17,7.74784e-07,1.66533e-06,0,1.59131e-21,2.10795e-08,1.66533e-07,5.41963,82.762,2.82568,0.327771,75.3802,0.255283,3.34153,0.00327342,0.255283,1.63439,0.0607085,-0.324366,0.609835,0.00610729,-1.00435,0.0063821,0.00511898,0.00607816,0.00333065,-1.00435,0.00517018,1.8246,1.0963,0.000409014,0.150999,0.00063821,0.000853163,0.000255283,0.000544999,0.150999,0.111497,6.32901e-07,2.59395,0.258556
2029.9583,265.775,266.103,0,0.0533784,0,0,0.000809019,1.39517e-05,-0.000809019,0,0,0,0,0,0,0,0,0,0.00059947,0,5.89357e-07,0,1.47266e-17,4.97976e-07,1.62265e-06,0,1.62993e-21,1.42269e-08,1.62265e-07,5.38888,82.7644,2.81478,0.355381,75.3801,0.24874,3.33586,0.00307924,0.24874,1.64004,0.0603582,-0.324077,0.609896,0.00668493,-1.00436,0.00621852,0.00511154,0.00592237,0.00334237,-1.00436,0.00514511,1.82461,1.0963,0.000448124,0.150999,0.000621852,0.000851924,0.00024874,0.000546883,0.150999,0.118256,5.89357e-07,2.5741,0.251819
2030.0417,265.31,265.682,0,0.0533784,0,0,0.000745066,1.16437e-05,-0.000745066,0,0,0,0,0,0,0,0,0,0.000589003,0,5.51152e-07,0,1.50832e-17,3.83386e-07,1.58304e-06,0,1.66854e-21,1.10375e-08,1.58304e-07,5.35965,82.7662,2.80456,0.381055,75.3801,0.242668,3.33047,0.00290508,0.242668,1.64541,0.0600312,-0.323809,0.609948,0.00722282,-1.00436,0.00606673,0.00510442,0.0057778,0.00335349,-1.00436,0.00512168,1.82463,1.0963,0.00048455,0.150999,0.000606673,0.000850736,0.000242668,0.000548673,0.150999,0.101867,5.51152e-07,2.55509,0.245573
2030.1250,267.644,267.807,0,0.0533784,0,0,0.000935308,1.13487e-05,-0.000935308,0,0,0,0,0,0,0,0,0,0.000578789,0,5.24118e-07,0,1.53748e-17,3.3153e-07,1.54441e-06,0,1.69994e-21,9.75119e-09,1.54441e-07,5.32833,82.7653,2.7945,0.406158,75.3801,0.236746,3.3251,0.00274093,0.236746,1.65078,0.0597104,-0.323547,0.609996,0.00774958,-1.00437,0.00591869,0.00509724,0.00563682,0.00336458,-1.00437,0.00509866,1.82464,1.0963,0.000520225,0.150999,0.000591869,0.000849539,0.000236746,0.000550462,0.150999,0.424883,5.24118e-07,2.53383,0.239487
2030.2083,276.422,275.538,1.24957,0.34446,0.39808,0.00221409,0.00161761,0.00218733,0.000596475,1.87295e-08,4.11892e-06,1.61736e-08,1.39851e-10,6.91169e-06,0.00196169,0.0390732,47.3752,0.0172761,0.000569066,4.0604e-11,5.12775e-07,6.9941e-05,1.39719e-17,-1.69565e-05,5.4057e-06,5.62248e-06,1.5491e-21,1.75132e-06,4.31116e-07,5.29331,82.7303,2.7849,0.385217,75.3987,0.231113,3.31994,0.00258995,0.231113,1.65308,0.059402,-0.324905,0.607853,0.00727321,-1.0028,0.00577785,0.00509031,0.00550268,0.00336933,-1.0028,0.0050765,1.82466,1.09632,0.000485707,0.15105,0.000577785,0.000848385,0.000231113,0.000551229,0.15105,0.912819,5.12815e-07,2.50841,0.233703
2030.2917,287.205,285.927,2.02155,0.180978,1.45044,0.00745558,0.00318482,0.0021282,0.00427077,1.51603e-07,2.40311e-05,1.29147e-07,2.36875e-09,2.37401e-05,0.00453073,0.201583,166.212,0.101662,0.000576359,8.52109e-10,5.46172e-07,9.90202e-07,1.28294e-17,3.24709e-05,3.32816e-05,1.65607e-07,1.42541e-21,2.57124e-06,2.44689e-06,5.3086,82.7082,2.79386,0.340147,75.4103,0.235273,3.32618,0.00270502,0.235273,1.64918,0.0595919,-0.32537,0.607182,0.00630182,-1.00181,0.00588185,0.00509914,0.00560173,0.00336131,-1.00181,0.00509028,1.82467,1.09635,0.000421515,0.151081,0.000588185,0.000849857,0.000235273,0.00054993,0.151081,1.96558,5.47024e-07,2.51474,0.237978
2030.3750,293.358,291.769,2.19397,0.132415,1.87768,0.00856973,0.00393811,0.00165919,0.00463162,1.95553e-07,2.96696e-05,1.63726e-07,5.09372e-09,2.56258e-05,0.00488707,0.352489,197.05,0.123401,0.000608806,2.49159e-09,6.12118e-07,3.56635e-08,1.31201e-17,2.801e-05,4.4038e-05,8.37147e-09,1.45807e-21,2.07979e-06,3.22988e-06,5.40676,82.7799,2.83052,0.316676,75.411,0.253878,3.34965,0.00319878,0.253878,1.64551,0.0605317,-0.32512,0.606879,0.00582975,-1.00171,0.00634698,0.00513195,0.00604471,0.00335381,-1.00171,0.00515843,1.82469,1.09633,0.000389498,0.151081,0.000634698,0.000855326,0.000253878,0.000548707,0.151081,2.25063,6.1461e-07,2.57625,0.257077
2030.4583,297.081,295.406,2.29351,0.120286,1.13911,0.00457797,0.00355742,0.00148509,0.00102055,8.60982e-08,1.6521e-05,7.12269e-08,2.86809e-09,1.99463e-05,0.0049358,0.338786,161.235,0.0700499,0.000627477,1.57431e-09,6.53448e-07,9.6437e-08,1.35609e-17,2.39344e-05,2.07924e-05,2.1759e-08,1.50708e-21,1.85569e-06,1.54773e-06,5.45358,82.8151,2.85243,0.306818,75.4112,0.264537,3.36428,0.00346363,0.264537,1.64354,0.061074,-0.324849,0.606752,0.00563827,-1.00166,0.00661345,0.0051527,0.00629849,0.00334986,-1.00166,0.00519788,1.82471,1.09633,0.000375696,0.15108,0.000661345,0.000858783,0.000264537,0.00054805,0.15108,1.57912,6.55023e-07,2.60115,0.268
2030.5417,290.508,290.471,2.34058,0.16225,0.910299,0.00494201,0.0034732,0.00175323,0.00146881,9.88164e-08,1.8755e-05,8.16623e-08,3.00278e-09,2.03731e-05,0.00438451,0.273287,168.049,0.0817844,0.000636325,1.41533e-09,6.78825e-07,1.15405e-06,1.35183e-17,3.28734e-05,2.38422e-05,2.40052e-07,1.50276e-21,2.27357e-06,1.76901e-06,5.4649,82.8087,2.86379,0.293757,75.4102,0.26955,3.37253,0.00357093,0.26955,1.6399,0.0613298,-0.324605,0.607029,0.00538658,-1.00169,0.00673877,0.00516468,0.00641785,0.00334247,-1.00169,0.00521663,1.82472,1.09635,0.000357388,0.151075,0.000673877,0.00086078,0.000269549,0.000546835,0.151075,1.36217,6.80241e-07,2.60111,0.27312
2030.6250,285.614,285.722,2.36368,0.165166,0.470641,0.00268102,0.0027913,0.00149212,-0.000110285,3.99615e-08,9.85527e-06,3.32752e-08,8.12457e-10,1.52704e-05,0.00442626,0.125414,127.477,0.041806,0.00064074,2.44138e-10,6.77005e-07,1.14406e-07,1.35204e-17,2.85882e-05,1.07976e-05,3.49399e-08,1.50296e-21,1.92648e-06,8.26051e-07,5.46964,82.801,2.87036,0.286215,75.4082,0.272006,3.37787,0.00360734,0.272006,1.63702,0.0614559,-0.324339,0.607452,0.00524156,-1.00182,0.00680018,0.00517265,0.00647633,0.00333669,-1.00182,0.00522601,1.82474,1.09637,0.000347121,0.151068,0.000680018,0.000862109,0.000272006,0.000545877,0.151068,0.831129,6.77249e-07,2.59928,0.275613
2030.7083,272.882,273.858,1.31744,0.18552,0.0659706,0.000415087,0.00147313,0.000746698,-0.00105805,1.21506e-09,5.47783e-07,1.02041e-09,1.30616e-11,1.87038e-06,0.000868018,0.00757008,15.464,0.00170223,0.000632643,1.8823e-12,6.50785e-07,1.69601e-08,1.36002e-17,1.39842e-05,2.01774e-06,5.3532e-09,1.51154e-21,9.16246e-07,1.93799e-07,5.4372,82.7664,2.86323,0.286604,75.4065,0.267271,3.37476,0.00345271,0.267271,1.63613,0.0612044,-0.324061,0.608093,0.00525381,-1.00195,0.0066818,0.00516889,0.00636359,0.00333498,-1.00195,0.00520813,1.82476,1.09641,0.000347952,0.151062,0.00066818,0.000861482,0.000267271,0.00054558,0.151062,0.307215,6.50787e-07,2.57397,0.270723
2030.7917,263.095,264.297,0.337586,0.0921622,0.00170778,8.25395e-06,0.000866513,0.00013538,-0.000858259,0,0,0,0,0,0,0,0,0,0.000621063,0,6.1234e-07,1.2047e-19,1.41785e-17,2.47305e-06,1.69964e-06,2.72776e-20,1.57498e-21,1.48064e-07,1.69964e-07,5.40068,82.7523,2.85217,0.30436,75.4071,0.260542,3.36914,0.0032514,0.260542,1.64012,0.060848,-0.323777,0.60831,0.00562041,-1.0019,0.00651357,0.00516159,0.00620337,0.0033433,-1.0019,0.00518269,1.82477,1.09642,0.000373427,0.151064,0.000651357,0.000860265,0.000260542,0.00054691,0.151064,0.142228,6.1234e-07,2.5485,0.263793
2030.8750,261.001,261.656,0,0.0638957,0,0,0.000698772,5.18124e-06,-0.000698772,0,0,0,0,0,0,0,0,0,0.000609747,0,5.70372e-07,0,1.48623e-17,3.18775e-07,1.65677e-06,0,1.65005e-21,7.72141e-09,1.65677e-07,5.37066,82.755,2.84128,0.331681,75.407,0.253971,3.36351,0.00306158,0.253971,1.64568,0.0604981,-0.323488,0.608376,0.00619332,-1.00191,0.0063493,0.0051542,0.00604692,0.00335484,-1.00191,0.00515767,1.82479,1.09642,0.000412195,0.151064,0.00063493,0.000859033,0.000253971,0.000548764,0.151064,0.085129,5.70372e-07,2.52939,0.257032
2030.9583,263.311,263.624,0,0.06389,0,0,0.000784281,2.0708e-06,-0.000784281,0,0,0,0,0,0,0,0,0,0.00059853,0,5.3389e-07,0,1.53532e-17,1.49414e-07,1.61431e-06,0,1.70364e-21,3.46192e-09,1.61431e-07,5.34006,82.7578,2.83038,0.359368,75.4069,0.247461,3.3578,0.00287997,0.247461,1.65139,0.0601494,-0.323202,0.608423,0.0067756,-1.00192,0.00618656,0.00514663,0.00589193,0.00336664,-1.00192,0.00513271,1.82481,1.09642,0.000451441,0.151064,0.000618656,0.000857771,0.000247461,0.000550666,0.151064,0.285414,5.3389e-07,2.50968,0.250341
2031.0417,263.01,263.452,0,0.0638921,0,0,0.000741719,1.72439e-06,-0.000741719,0,0,0,0,0,0,0,0,0,0.000588113,0,5.06563e-07,0,1.56949e-17,1.22916e-07,1.5749e-06,0,1.7407e-21,2.84412e-09,1.5749e-07,5.30943,82.7583,2.82016,0.385118,75.4069,0.24142,3.35238,0.00271708,0.24142,1.65681,0.0598239,-0.322936,0.608464,0.00731799,-1.00192,0.00603554,0.00513937,0.0057481,0.00337784,-1.00192,0.00510938,1.82482,1.09642,0.000488004,0.151064,0.000603554,0.000856562,0.00024142,0.000552474,0.151064,0.195232,5.06563e-07,2.48927,0.244137
2031.1250,267.994,267.971,0.085496,0.153662,0.00313995,2.4922e-05,0.000956481,0.000148466,-0.000931559,0,0,0,0,0,0,0,0,0,0.000577949,0,4.85275e-07,5.4113e-07,1.58964e-17,-6.07369e-06,1.53647e-06,3.41833e-08,1.76224e-21,7.20678e-08,1.53647e-07,5.27793,82.7569,2.81011,0.409522,75.4073,0.23553,3.34697,0.00256355,0.23553,1.6622,0.0595046,-0.322695,0.608468,0.00783234,-1.00189,0.00588827,0.00513206,0.00560785,0.00338895,-1.00189,0.00508645,1.82484,1.09642,0.000522513,0.151065,0.000588827,0.000855344,0.00023553,0.00055427,0.151065,0.452566,4.85275e-07,2.46782,0.238093
2031.2083,278.182,277.02,1.94455,0.232436,0.463738,0.00248858,0.00167177,0.00163802,0.000816817,2.47814e-08,5.23612e-06,2.11921e-08,2.08932e-10,9.66548e-06,0.00247922,0.0630229,60.0099,0.0233138,0.000568967,6.69259e-11,4.75282e-07,8.4053e-06,1.49143e-17,-1.23588e-05,6.55368e-06,1.26302e-06,1.65431e-21,1.34611e-06,5.11925e-07,5.24462,82.7278,2.80113,0.394313,75.424,0.230331,3.34206,0.00242945,0.230331,1.66486,0.059211,-0.322722,0.607672,0.00747615,-1.00048,0.00575831,0.00512541,0.00548407,0.0033944,-1.00048,0.00506534,1.82485,1.09644,0.000495196,0.15111,0.000575831,0.000854235,0.000230331,0.000555155,0.15111,0.755819,4.75349e-07,2.44349,0.23276
2031.2917,288.196,286.538,1.9794,0.141584,1.10219,0.00565061,0.00280281,0.00164795,0.0028478,1.11043e-07,1.83896e-05,9.39615e-08,1.92468e-09,2.43181e-05,0.00504646,0.220041,154.616,0.0833055,0.000575078,7.78955e-10,4.93617e-07,1.42458e-06,1.38063e-17,1.85024e-05,2.4358e-05,3.22038e-07,1.53235e-21,1.89401e-06,1.79339e-06,5.24342,82.7085,2.80705,0.365757,75.4354,0.233887,3.34513,0.00248279,0.233887,1.66391,0.0592813,-0.32255,0.607432,0.0068404,-0.999496,0.0058472,0.00512978,0.00556873,0.00339243,-0.999496,0.00507032,1.82487,1.09646,0.000454032,0.151141,0.00058472,0.000854964,0.000233887,0.000554838,0.151141,1.58843,4.94396e-07,2.43637,0.236369
2031.3750,296.299,294.436,2.17813,0.133764,1.54741,0.00632396,0.00365422,0.00187595,0.00266974,1.46174e-07,2.13924e-05,1.21672e-07,4.20483e-09,2.19714e-05,0.00427922,0.31339,152.797,0.0947981,0.000606637,2.23905e-09,5.61427e-07,1.80368e-06,1.36426e-17,2.96795e-05,3.26734e-05,4.30238e-07,1.5155e-21,2.3424e-06,2.3984e-06,5.30449,82.7409,2.83828,0.337978,75.4384,0.252179,3.36194,0.0028408,0.252179,1.66,0.0599964,-0.322403,0.607122,0.00627861,-0.999184,0.00630451,0.00515326,0.00600427,0.00338438,-0.999184,0.00512187,1.82488,1.09645,0.000415311,0.151146,0.000630451,0.000858877,0.000252179,0.000553536,0.151146,2.03841,5.63666e-07,2.46621,0.25502
2031.4583,295.561,294.745,2.28752,0.163844,1.52614,0.00686185,0.00399923,0.00211155,0.00286262,1.59405e-07,2.46506e-05,1.30896e-07,5.83587e-09,2.50022e-05,0.00475262,0.406685,185.906,0.110631,0.000626859,3.43464e-09,6.08528e-07,4.72292e-06,1.36881e-17,3.66069e-05,3.66014e-05,1.03877e-06,1.52154e-21,2.73311e-06,2.68265e-06,5.33483,82.7474,2.85854,0.318257,75.4383,0.263888,3.37306,0.0030504,0.263888,1.65601,0.0604578,-0.322284,0.607128,0.0058888,-0.999135,0.00659723,0.00516897,0.00628305,0.00337622,-0.999135,0.00515524,1.8249,1.09647,0.000388254,0.151143,0.000659723,0.000861495,0.000263888,0.000552207,0.151143,2.20107,6.11963e-07,2.47628,0.266938
2031.5417,290.909,290.706,2.40246,0.181368,0.819845,0.00448099,0.00335843,0.00188796,0.00112256,8.94475e-08,1.69865e-05,7.3748e-08,2.56501e-09,2.14027e-05,0.00479711,0.277064,169.141,0.0780379,0.000648007,1.15311e-09,6.521e-07,5.59727e-06,1.35947e-17,3.72501e-05,2.20176e-05,1.3198e-06,1.51194e-21,2.48948e-06,1.63214e-06,5.37227,82.7606,2.87993,0.301196,75.436,0.276117,3.38497,0.00326297,0.276117,1.65109,0.0609649,-0.322173,0.607196,0.00555615,-0.999256,0.00690295,0.00518586,0.00657421,0.00336615,-0.999256,0.00519195,1.82492,1.09648,0.000364984,0.151133,0.000690295,0.000864311,0.000276117,0.000550567,0.151133,1.39542,6.53253e-07,2.49234,0.27938
2031.6250,284.93,285.136,2.44636,0.177894,0.521161,0.0029268,0.00282532,0.00166635,0.000101472,4.84778e-08,1.06127e-05,4.02389e-08,9.37789e-10,1.57648e-05,0.00413511,0.119569,127.588,0.0483173,0.000656075,2.75353e-10,6.57773e-07,3.99128e-07,1.34272e-17,3.61696e-05,1.29447e-05,1.19247e-07,1.49357e-21,2.21389e-06,9.79901e-07,5.38066,82.7474,2.88851,0.288638,75.4318,0.280762,3.39008,0.00331316,0.280762,1.64635,0.0611404,-0.322008,0.607751,0.00530491,-0.999561,0.00701907,0.0051934,0.0066848,0.00335647,-0.999561,0.0052048,1.82493,1.09652,0.000348452,0.151119,0.000701907,0.000865567,0.000280762,0.000548986,0.151119,0.823173,6.58049e-07,2.49215,0.284075
2031.7083,272.815,273.779,2.26806,0.19957,0.0603407,0.000488267,0.00149785,0.000874915,-0.00100959,7.68913e-10,4.32498e-07,6.45527e-10,5.4498e-12,2.25921e-06,0.00112361,0.00666962,18.1271,0.00117055,0.000648617,5.601e-13,6.34856e-07,1.73777e-07,1.35251e-17,1.95971e-05,1.97968e-06,5.1945e-08,1.50408e-21,1.12989e-06,1.92672e-07,5.35077,82.711,2.88175,0.28707,75.4286,0.276407,3.38696,0.00317593,0.276407,1.64453,0.0608977,-0.321741,0.608533,0.00527363,-0.999798,0.00691021,0.00518951,0.00658112,0.00335281,-0.999798,0.00518757,1.82495,1.09656,0.000347059,0.15111,0.000691021,0.000864919,0.000276407,0.00054838,0.15111,0.331979,6.34857e-07,2.46902,0.279583
2031.7917,264.708,265.628,0.113572,0.0941971,0.000518161,1.0747e-06,0.000941703,6.08439e-05,-0.000940629,0,0,0,0,0,0,0,0,0,0.000636674,0,5.97741e-07,2.35778e-32,1.44462e-17,1.63557e-06,1.75783e-06,5.53586e-33,1.60558e-21,6.75175e-08,1.75783e-07,5.3152,82.7,2.87047,0.308231,75.4278,0.269462,3.38133,0.00299101,0.269462,1.64868,0.0605337,-0.321451,0.608811,0.00571375,-0.999871,0.00673658,0.00518208,0.00641576,0.00336142,-0.999871,0.00516163,1.82497,1.09658,0.000377899,0.151108,0.000673658,0.00086368,0.000269462,0.000549762,0.151108,0.195608,5.97741e-07,2.44473,0.272453
2031.8750,259.195,260.219,0,0.0377491,0,0,0.000679644,4.38977e-06,-0.000679644,0,0,0,0,0,0,0,0,0,0.00062498,0,5.59125e-07,0,1.50472e-17,2.6768e-07,1.7135e-06,0,1.67147e-21,6.46477e-09,1.7135e-07,5.28376,82.7022,2.85933,0.336451,75.4277,0.262666,3.37568,0.00281639,0.262666,1.65429,0.0601757,-0.321155,0.60887,0.00630798,-0.999882,0.00656668,0.00517456,0.00625395,0.00337302,-0.999882,0.00513608,1.82498,1.09657,0.000418043,0.151108,0.000656668,0.000862427,0.000262666,0.000551633,0.151108,0.122395,5.59125e-07,2.42443,0.265482
2031.9583,258.323,259.214,0,0.0402654,0,0,0.000643744,1.3249e-06,-0.000643744,0,0,0,0,0,0,0,0,0,0.000613388,0,5.22259e-07,0,1.565e-17,9.76605e-08,1.66958e-06,0,1.73751e-21,2.25297e-09,1.66958e-07,5.25354,82.7061,2.84819,0.364817,75.4277,0.255934,3.36995,0.00264932,0.255934,1.66002,0.0598191,-0.32086,0.608915,0.00690688,-0.999886,0.00639837,0.00516686,0.00609366,0.00338484,-0.999886,0.0051106,1.825,1.09657,0.00045837,0.151107,0.000639837,0.000861143,0.000255934,0.000553542,0.151107,0.118373,5.22259e-07,2.40535,0.258583
2032.0417,261.889,262.094,0,0.0407697,0,0,0.000741557,4.07246e-07,-0.000741557,0,0,0,0,0,0,0,0,0,0.000602624,0,4.92133e-07,0,1.6268e-17,3.41235e-08,1.62882e-06,0,1.80522e-21,7.75962e-10,1.62882e-07,5.22479,82.7091,2.83776,0.391194,75.4277,0.249686,3.36451,0.00249948,0.249686,1.66546,0.0594864,-0.320587,0.608953,0.00746465,-0.999888,0.00624218,0.00515949,0.0059449,0.00339605,-0.999888,0.00508679,1.82502,1.09657,0.000495933,0.151107,0.000624218,0.000859914,0.000249686,0.000555356,0.151107,0.207833,4.92133e-07,2.38703,0.252185
2032.1250,266.947,266.901,0.0875113,0.0818831,0.00117942,8.63208e-06,0.000880798,0.000100498,-0.000872165,0,0,0,0,0,0,0,0,0,0.000592121,0,4.68322e-07,5.85911e-07,1.62558e-17,-5.0063e-06,1.58908e-06,3.45885e-08,1.803e-21,4.77905e-08,1.58908e-07,5.194,82.7093,2.82749,0.416517,75.4279,0.243593,3.35908,0.00235824,0.243593,1.67088,0.05916,-0.320328,0.608972,0.00800065,-0.999868,0.00608987,0.00515207,0.00579984,0.0034072,-0.999868,0.0050634,1.82503,1.09657,0.000531931,0.151108,0.000608987,0.000858678,0.000243593,0.000557164,0.151108,0.410363,4.68322e-07,2.36651,0.245952
2032.2083,276.949,275.791,1.93205,0.305311,0.430898,0.0026284,0.00163799,0.00188491,0.000990404,2.89728e-08,5.72584e-06,2.47723e-08,1.73704e-10,1.0451e-05,0.0027451,0.0455906,65.3011,0.0260958,0.000583059,4.31184e-11,4.6029e-07,2.08352e-05,1.43422e-17,-1.35559e-05,7.60195e-06,3.57889e-06,1.59202e-21,1.56778e-06,5.87881e-07,5.16242,82.6833,2.81846,0.402417,75.4446,0.238348,3.35416,0.00223645,0.238348,1.67378,0.0588636,-0.320544,0.607977,0.00766069,-0.998458,0.00595873,0.00514532,0.00567495,0.00341312,-0.998458,0.00504212,1.82505,1.09659,0.000506146,0.151154,0.000595873,0.000857553,0.000238348,0.000558129,0.151154,0.827983,4.60334e-07,2.34396,0.240584
2032.2917,287.931,286.229,2.12318,0.140353,1.38201,0.00662622,0.00305702,0.00170139,0.0035692,1.44434e-07,2.21306e-05,1.21969e-07,2.21491e-09,2.59987e-05,0.00488669,0.2259,170.903,0.104148,0.000597613,8.85302e-10,4.90911e-07,2.68149e-07,1.33445e-17,2.34387e-05,3.23373e-05,7.71107e-08,1.48302e-21,2.00627e-06,2.36636e-06,5.18001,82.6702,2.83137,0.361495,75.4577,0.246861,3.35988,0.00236121,0.246861,1.671,0.0591156,-0.320581,0.607473,0.00675836,-0.997335,0.00617155,0.00515328,0.00587763,0.00340735,-0.997335,0.00506017,1.82506,1.09661,0.000447068,0.151188,0.000617155,0.000858881,0.000246861,0.000557203,0.151188,1.69689,4.91796e-07,2.34864,0.249222
2032.3750,293.793,292.243,2.33095,0.149363,1.65403,0.00798289,0.00383628,0.00184858,0.0041466,1.9599e-07,2.84938e-05,1.62975e-07,5.05578e-09,2.74916e-05,0.00489489,0.360928,202.351,0.132106,0.000634761,2.54909e-09,5.48076e-07,1.21704e-06,1.36585e-17,2.59004e-05,4.55047e-05,3.22561e-07,1.51835e-21,2.29052e-06,3.31894e-06,5.25187,82.7257,2.86545,0.344626,75.4602,0.268513,3.37604,0.00271193,0.268513,1.66906,0.0599447,-0.320362,0.606954,0.00641469,-0.997079,0.00671285,0.0051758,0.00639316,0.00340334,-0.997079,0.00511984,1.82508,1.09658,0.000423928,0.151193,0.000671285,0.000862634,0.000268513,0.000556555,0.151193,2.26263,5.50625e-07,2.38642,0.271225
2032.4583,295.3,294.048,2.529,0.122707,1.16001,0.00517786,0.00352949,0.00151024,0.00164837,1.14362e-07,1.84401e-05,9.42406e-08,3.44986e-09,1.91242e-05,0.00390819,0.283035,155.474,0.0861258,0.000670749,1.81558e-09,6.09693e-07,2.0126e-07,1.3918e-17,2.38819e-05,2.85256e-05,6.23557e-08,1.54795e-21,1.9005e-06,2.1015e-06,5.32501,82.7788,2.89875,0.327367,75.4611,0.289463,3.39208,0.0030384,0.289463,1.66532,0.0608092,-0.320153,0.606499,0.00607891,-0.996936,0.00723661,0.00519831,0.00689197,0.00339567,-0.996936,0.0051822,1.8251,1.09656,0.000399765,0.151192,0.000723661,0.000866385,0.000289463,0.000555308,0.151192,1.50999,6.11509e-07,2.42627,0.292501
2032.5417,289.748,289.628,2.59345,0.19246,0.913067,0.00534866,0.00354258,0.00211237,0.00180608,1.12342e-07,1.96383e-05,9.26914e-08,2.8928e-09,2.11122e-05,0.00423441,0.245824,177.764,0.0938564,0.000682363,1.2181e-09,6.27196e-07,5.90239e-06,1.35591e-17,3.87484e-05,2.86633e-05,1.43836e-06,1.50893e-21,2.74942e-06,2.11129e-06,5.33756,82.7737,2.9096,0.313987,75.4606,0.296222,3.3974,0.00310642,0.296222,1.66154,0.0610732,-0.320034,0.606602,0.00581654,-0.996914,0.00740557,0.00520604,0.00705289,0.00338794,-0.996914,0.00520143,1.82512,1.09659,0.000381361,0.151188,0.000740557,0.000867673,0.000296222,0.000554049,0.151188,1.48404,6.28414e-07,2.42797,0.299328
2032.6250,284.228,284.517,2.50954,0.176841,0.493628,0.00282719,0.00274612,0.00155343,8.10711e-05,4.50417e-08,9.87662e-06,3.73747e-08,8.02982e-10,1.43756e-05,0.00378378,0.107302,124.683,0.0468106,0.000692375,2.28794e-10,6.35432e-07,1.40492e-06,1.36041e-17,2.94799e-05,1.28726e-05,3.28515e-07,1.51417e-21,2.00885e-06,9.7711e-07,5.35326,82.7721,2.91905,0.303079,75.4582,0.302037,3.40213,0.00315716,0.302037,1.65757,0.0613082,-0.319806,0.606966,0.00560116,-0.997061,0.00755096,0.00521297,0.00719136,0.00337982,-0.997061,0.00521859,1.82514,1.09661,0.000366952,0.151179,0.000755096,0.000868828,0.000302037,0.000552724,0.151179,0.831691,6.35661e-07,2.43421,0.305194
2032.7083,273.324,273.999,1.50462,0.242031,0.0656298,0.000454059,0.00151322,0.00107102,-0.00105916,5.91664e-10,3.117e-07,4.97631e-10,2.54779e-12,1.437e-06,0.000649411,0.00331518,12.3733,0.000927571,0.000683569,1.99749e-13,6.14244e-07,5.94264e-07,1.32896e-17,2.19028e-05,2.08052e-06,1.6124e-07,1.47917e-21,1.36017e-06,2.0375e-07,5.32248,82.736,2.91103,0.300963,75.4566,0.296898,3.39839,0.00301588,0.296898,1.6559,0.0610338,-0.319588,0.607605,0.00555927,-0.997162,0.00742247,0.00520817,0.00706899,0.00337645,-0.997162,0.0051992,1.82515,1.09666,0.000364673,0.151173,0.000742247,0.000868028,0.000296898,0.000552168,0.151173,0.383621,6.14244e-07,2.41145,0.299913
2032.7917,259.027,260.428,0,0.14536,0,0,0.000771856,7.90711e-05,-0.000771856,0,0,0,0,0,0,0,0,0,0.000670749,0,5.82671e-07,2.45504e-19,1.4571e-17,2.17853e-06,1.88809e-06,7.45982e-20,1.6209e-21,9.09593e-08,1.88809e-07,5.2871,82.7223,2.89922,0.31997,75.4558,0.28943,3.39273,0.00284012,0.28943,1.65939,0.0606498,-0.319281,0.607961,0.00595287,-0.997228,0.00723578,0.00520064,0.00689119,0.00338369,-0.997228,0.00517194,1.82517,1.09668,0.000392691,0.151171,0.000723579,0.000866773,0.00028943,0.000553334,0.151171,0.196184,5.82671e-07,2.38789,0.29227
2032.8750,260.01,260.355,0,0.139828,0,0,0.000688434,1.37559e-06,-0.000688434,0,0,0,0,0,0,0,0,0,0.000658211,0,5.44009e-07,0,1.5569e-17,1.01183e-07,1.84047e-06,0,1.73101e-21,2.3337e-09,1.84047e-07,5.25749,82.7284,2.88756,0.350112,75.4558,0.28213,3.38707,0.00267431,0.28213,1.66503,0.0602726,-0.318965,0.608016,0.00658774,-0.997236,0.00705329,0.00519303,0.00671739,0.00339533,-0.997236,0.00514512,1.82519,1.09667,0.000435478,0.151171,0.000705329,0.000865504,0.00028213,0.000555213,0.151171,0.124346,5.44009e-07,2.36993,0.284805
2032.9583,262.633,262.931,0,0.139827,0,0,0.000719991,9.24108e-07,-0.000719991,0,0,0,0,0,0,0,0,0,0.000645782,0,5.12078e-07,0,1.59817e-17,6.77583e-08,1.7933e-06,0,1.77596e-21,1.55886e-09,1.7933e-07,5.22649,82.7333,2.8759,0.380292,75.4557,0.274899,3.38132,0.00251567,0.274899,1.67078,0.059897,-0.318652,0.608057,0.00722485,-0.997238,0.00687251,0.00518524,0.00654522,0.00340717,-0.997238,0.00511839,1.82521,1.09667,0.000478313,0.151171,0.000687251,0.000864207,0.000274899,0.000557129,0.151171,0.201154,5.12078e-07,2.35058,0.277415
2033.0417,263.23,263.486,0,0.139828,0,0,0.000729565,7.97508e-07,-0.000729565,0,0,0,0,0,0,0,0,0,0.000634241,0,4.81812e-07,0,1.61748e-17,5.68354e-08,1.74952e-06,0,1.79652e-21,1.307e-09,1.74952e-07,5.19735,82.7377,2.86499,0.408334,75.4557,0.268189,3.37586,0.00237339,0.268189,1.67624,0.0595466,-0.318361,0.608096,0.00781768,-0.99724,0.00670475,0.00517779,0.00638544,0.0034184,-0.99724,0.00509341,1.82523,1.09667,0.000518187,0.151171,0.000670475,0.000862964,0.000268189,0.00055895,0.151171,0.13203,4.81812e-07,2.33236,0.270562
2033.1250,265.095,265.205,0,0.139828,0,0,0.000812524,7.1337e-07,-0.000812524,0,0,0,0,0,0,0,0,0,0.00062298,0,4.5994e-07,0,1.60694e-17,4.9409e-08,1.70683e-06,0,1.78393e-21,1.13576e-09,1.70683e-07,5.16735,82.7405,2.85425,0.435715,75.4557,0.261645,3.37041,0.00223928,0.261645,1.68169,0.0592031,-0.318078,0.608133,0.00839738,-0.997241,0.00654115,0.00517029,0.00622963,0.0034296,-0.997241,0.00506889,1.82524,1.09667,0.000557193,0.151171,0.000654115,0.000861715,0.000261645,0.000560767,0.151171,0.419386,4.5994e-07,2.31309,0.263884
2033.2083,274.145,273.145,0.882914,0.268459,0.324705,0.00166102,0.00136627,0.00140057,0.000294748,1.44021e-08,3.2459e-06,1.23121e-08,9.18898e-11,5.27078e-06,0.00141259,0.0336306,38.7477,0.0143246,0.000611912,2.80957e-11,4.51578e-07,4.17038e-05,1.39548e-17,-2.52404e-05,4.82867e-06,5.83986e-06,1.54997e-21,9.45935e-07,3.93373e-07,5.13511,82.731,2.84363,0.44579,75.4637,0.255217,3.36495,0.00211241,0.255217,1.68636,0.0588657,-0.318328,0.607344,0.0085905,-0.996567,0.00638045,0.00516274,0.00607659,0.00343915,-0.996567,0.00504477,1.82526,1.09668,0.000568821,0.151193,0.000638045,0.000860457,0.000255217,0.000562323,0.151193,0.840571,4.51606e-07,2.29149,0.257329
2033.2917,288.581,286.889,2.21696,0.17811,1.58107,0.00734073,0.00305168,0.00228091,0.00428904,1.38537e-07,2.24871e-05,1.17116e-07,2.37524e-09,2.28379e-05,0.00454942,0.227462,170.569,0.0996949,0.000613905,1.04447e-09,4.87397e-07,7.71834e-06,1.18536e-17,2.6673e-05,3.21846e-05,1.52273e-06,1.32042e-21,2.61701e-06,2.36518e-06,5.14863,82.7074,2.84625,0.388895,75.4865,0.256352,3.36688,0.00215969,0.256352,1.68331,0.059003,-0.319182,0.605683,0.007318,-0.994618,0.00640883,0.00516539,0.00610362,0.00343281,-0.994618,0.00505479,1.82528,1.09671,0.000483792,0.151254,0.000640883,0.000860898,0.000256352,0.000561307,0.151254,2.00452,4.88442e-07,2.30238,0.258512
2033.3750,297.23,294.863,2.29281,0.114583,1.32998,0.0054508,0.00325204,0.00159711,0.00219875,1.01001e-07,1.74238e-05,8.40255e-08,2.95572e-09,2.05625e-05,0.00499193,0.324973,158.308,0.076074,0.000627989,1.66639e-09,5.45863e-07,2.00378e-07,1.36132e-17,2.12945e-05,2.4116e-05,5.84949e-08,1.51719e-21,1.93488e-06,1.78441e-06,5.20426,82.7418,2.86126,0.366452,75.4901,0.264464,3.37584,0.00235994,0.264464,1.68104,0.0595666,-0.318961,0.605472,0.00684632,-0.994274,0.00661162,0.00517785,0.00629675,0.00342807,-0.994274,0.0050956,1.82529,1.0967,0.000453099,0.151262,0.000661162,0.000862975,0.000264464,0.000560548,0.151262,1.75915,5.4753e-07,2.343,0.266824
2033.4583,292.303,291.875,2.37696,0.196536,1.26286,0.00785328,0.00369793,0.00235569,0.00415535,1.83088e-07,2.85572e-05,1.51447e-07,5.58427e-09,2.50617e-05,0.00451569,0.350962,200.787,0.126042,0.00064351,2.79758e-09,5.9884e-07,1.20116e-05,1.35465e-17,3.89172e-05,4.30787e-05,2.44857e-06,1.51099e-21,3.05064e-06,3.15513e-06,5.25971,82.7718,2.87786,0.343454,75.4917,0.27341,3.3858,0.00257302,0.27341,1.6769,0.0601597,-0.318817,0.605272,0.00639093,-0.99406,0.00683529,0.00519175,0.00650977,0.00341954,-0.99406,0.00513858,1.82531,1.09671,0.000420866,0.151263,0.000683529,0.000865291,0.00027341,0.00055917,0.151263,2.03428,6.01637e-07,2.38185,0.275983
2033.5417,289.293,289.042,2.49464,0.226158,1.12874,0.00616159,0.00361574,0.00252592,0.00254585,1.33567e-07,2.24952e-05,1.10657e-07,3.30134e-09,2.05533e-05,0.00395658,0.229174,175.446,0.100442,0.000665108,1.29384e-09,6.45015e-07,1.86903e-05,1.28259e-17,5.45059e-05,3.2958e-05,3.8262e-06,1.43323e-21,3.41354e-06,2.42673e-06,5.34067,82.8086,2.90085,0.311807,75.4874,0.285851,3.39951,0.00285589,0.285851,1.66866,0.060946,-0.319319,0.604886,0.00576144,-0.994315,0.00714631,0.00521096,0.00680598,0.00340256,-0.994315,0.00519559,1.82533,1.09673,0.000378315,0.151246,0.000714631,0.000868493,0.000285851,0.000556421,0.151246,1.68162,6.46309e-07,2.43982,0.288707
2033.6250,283.12,283.439,2.52745,0.197855,0.387967,0.00272742,0.0026135,0.00176891,0.00011392,4.09924e-08,9.37288e-06,3.41216e-08,6.90839e-10,1.41622e-05,0.00417217,0.0904354,123.042,0.0413311,0.000671179,1.84775e-10,6.52092e-07,1.11201e-06,1.29343e-17,3.92723e-05,1.15461e-05,2.85606e-07,1.44544e-21,2.37783e-06,8.81982e-07,5.36312,82.8038,2.90816,0.296012,75.4816,0.289304,3.40452,0.00292744,0.289304,1.663,0.0611937,-0.319176,0.605536,0.00544388,-0.99474,0.00723264,0.00521819,0.0068882,0.00339094,-0.99474,0.00521377,1.82535,1.09677,0.000357889,0.151227,0.000723264,0.000869698,0.000289304,0.000554535,0.151227,0.734747,6.52277e-07,2.45497,0.292232
2033.7083,274.648,275.322,1.24036,0.240909,0.0784842,0.000550226,0.00159381,0.00112465,-0.00104358,1.95776e-09,8.76953e-07,1.64487e-09,1.3185e-11,2.97854e-06,0.00132283,0.00877019,25.4241,0.0028356,0.000661773,1.43079e-12,6.28369e-07,8.69456e-07,1.28537e-17,2.67625e-05,2.31052e-06,2.22997e-07,1.43609e-21,1.48772e-06,2.17614e-07,5.33198,82.7616,2.89969,0.291741,75.4775,0.283813,3.40065,0.00279668,0.283813,1.66034,0.0609188,-0.318937,0.606457,0.00535695,-0.995055,0.00709535,0.00521311,0.00675744,0.0033855,-0.995055,0.00519427,1.82536,1.09683,0.000352835,0.151215,0.000709535,0.000868851,0.000283813,0.000553649,0.151215,0.455159,6.2837e-07,2.4323,0.286609
2033.7917,271.009,271.338,0,0.2283,0,0,0.000970946,0.000286999,-0.000970946,0,0,0,0,0,0,0,0,0,0.000649585,0,5.9486e-07,1.23412e-16,1.34022e-17,7.82991e-06,1.80518e-06,3.52496e-17,1.49629e-21,3.32373e-07,1.80518e-07,5.2968,82.7444,2.88828,0.308316,75.4757,0.27672,3.39504,0.00263483,0.27672,1.66357,0.0605501,-0.318642,0.606939,0.00569575,-0.995219,0.00691804,0.00520555,0.00658858,0.00339217,-0.995219,0.00516803,1.82538,1.09685,0.000378047,0.15121,0.000691804,0.000867592,0.00027672,0.000554726,0.15121,0.116748,5.9486e-07,2.40852,0.279355
2033.8750,269.776,270.106,0,0.227378,0,0,0.000835234,0.000207704,-0.000835234,0,0,0,0,0,0,0,0,0,0.000637583,0,5.54041e-07,5.38159e-31,1.37446e-17,4.24403e-06,1.75965e-06,1.51485e-31,1.53338e-21,2.13865e-07,1.75965e-07,5.26645,82.7413,2.87694,0.330754,75.4755,0.269741,3.38937,0.00248101,0.269741,1.66856,0.0601852,-0.318338,0.607163,0.00615785,-0.995246,0.00674356,0.00519786,0.00642241,0.00340245,-0.995246,0.00514202,1.8254,1.09686,0.000411259,0.15121,0.000674356,0.000866309,0.000269741,0.000556389,0.15121,0.102322,5.54041e-07,2.38951,0.272222
2033.9583,268.372,268.726,0,0.227378,0,0,0.000774044,0.000141212,-0.000774044,0,0,0,0,0,0,0,0,0,0.000625686,0,5.17792e-07,0,1.41039e-17,2.08411e-06,1.71455e-06,0,1.57239e-21,1.29478e-07,1.71455e-07,5.23647,82.7406,2.8656,0.354248,75.476,0.262827,3.38362,0.00233383,0.262827,1.67386,0.0598218,-0.318037,0.607297,0.00664539,-0.995214,0.00657072,0.00518999,0.0062578,0.00341334,-0.995214,0.00511608,1.82542,1.09686,0.000445596,0.151212,0.000657072,0.000864998,0.000262827,0.000558155,0.151212,0.101278,5.17792e-07,2.37087,0.265161
2034.0417,266.33,266.615,0,0.227399,0,0,0.000664436,3.1337e-05,-0.000664436,0,0,0,0,0,0,0,0,0,0.000614639,0,4.82719e-07,0,1.46041e-17,6.78456e-07,1.6727e-06,0,1.62723e-21,2.83928e-08,1.6727e-07,5.21077,82.745,2.85498,0.378795,75.4763,0.256412,3.37815,0.00220183,0.256412,1.67915,0.0594826,-0.317758,0.60737,0.00716076,-0.995196,0.00641032,0.00518246,0.00610504,0.0034242,-0.995196,0.00509184,1.82543,1.09686,0.000480993,0.151213,0.000641032,0.000863743,0.000256412,0.000559919,0.151213,0.0619183,4.82719e-07,2.35579,0.258613
2034.1250,267.051,267.183,0,0.229742,0,0,0.000794193,3.71149e-05,-0.000794193,0,0,0,0,0,0,0,0,0,0.000603859,0,4.53979e-07,7.91974e-17,1.47987e-17,-3.45851e-08,1.63188e-06,5.98731e-18,1.64803e-21,2.47713e-08,1.63188e-07,5.18409,82.7492,2.84453,0.404183,75.4764,0.250155,3.3727,0.00207742,0.250155,1.68455,0.0591501,-0.317486,0.607421,0.00769682,-0.995188,0.00625391,0.00517489,0.00595607,0.00343528,-0.995188,0.00506804,1.82545,1.09686,0.000517456,0.151213,0.000625391,0.000862482,0.000250155,0.00056172,0.151213,0.319241,4.53979e-07,2.33957,0.252232
2034.2083,275.048,274.37,0.57701,0.642081,0.204339,0.0012871,0.00137077,0.00128293,-8.36761e-05,1.10864e-08,2.46678e-06,9.55057e-09,5.64644e-11,3.95122e-06,0.00103177,0.0185883,28.51,0.0106337,0.00059316,1.2288e-11,4.47536e-07,6.69591e-05,1.41703e-17,-1.68556e-05,3.97732e-06,6.29422e-06,1.57936e-21,1.01705e-06,3.30602e-07,5.15002,82.7375,2.83408,0.415375,75.483,0.243949,3.36718,0.00195876,0.243949,1.68912,0.0588197,-0.317951,0.606506,0.00791193,-0.994634,0.00609877,0.0051672,0.00580832,0.00344461,-0.994634,0.00504435,1.82546,1.09687,0.000530539,0.151231,0.000609877,0.0008612,0.000243949,0.000563242,0.151231,0.827224,4.47548e-07,2.31594,0.245908
2034.2917,285.569,284.293,2.10822,0.213701,1.44179,0.0074936,0.00277586,0.00242259,0.00471774,1.37086e-07,2.23592e-05,1.17005e-07,1.79215e-09,2.23848e-05,0.00449979,0.165142,164.13,0.0961122,0.000594442,5.9002e-10,4.80225e-07,1.01581e-05,1.21047e-17,3.54333e-05,3.1191e-05,1.47876e-06,1.35551e-21,2.94809e-06,2.29533e-06,5.16294,82.7134,2.83635,0.364527,75.5003,0.244656,3.36922,0.00201769,0.244656,1.68563,0.0589371,-0.319929,0.604062,0.00678162,-0.993147,0.00611644,0.00516994,0.00582515,0.00343733,-0.993147,0.00505294,1.82548,1.0969,0.000453544,0.151278,0.000611644,0.000861656,0.000244656,0.000562078,0.151278,1.91267,4.80815e-07,2.32659,0.246674
2034.3750,293.669,292.05,2.21561,0.114752,1.87452,0.008317,0.00356961,0.00154103,0.00474739,1.80648e-07,2.8436e-05,1.51013e-07,5.07957e-09,2.60658e-05,0.00503804,0.368819,200.491,0.121193,0.000614562,2.54228e-09,5.50436e-07,1.29049e-09,1.29264e-17,2.6703e-05,4.11691e-05,3.82906e-10,1.44784e-21,1.94342e-06,3.01902e-06,5.25081,82.7735,2.85884,0.339774,75.5008,0.256205,3.38344,0.00234544,0.256205,1.68215,0.0597383,-0.31971,0.603911,0.00627308,-0.993062,0.00640516,0.00518963,0.00610012,0.00343011,-0.993062,0.00511097,1.82549,1.0969,0.000419927,0.151277,0.000640516,0.000864939,0.000256205,0.000560918,0.151277,2.14144,5.52978e-07,2.39197,0.258551
2034.4583,295.681,294.373,2.28031,0.128451,1.1759,0.00518599,0.00333876,0.00160436,0.00184723,1.00629e-07,1.87761e-05,8.32177e-08,3.52226e-09,2.23103e-05,0.00521452,0.367211,176.954,0.0812965,0.000626684,1.94691e-09,5.90634e-07,5.29267e-07,1.34203e-17,2.52341e-05,2.39699e-05,9.1145e-08,1.50303e-21,2.03123e-06,1.77545e-06,5.29781,82.811,2.87297,0.330845,75.5014,0.26313,3.39281,0.00254415,0.26313,1.68097,0.060228,-0.319437,0.60379,0.00609575,-0.992978,0.00657828,0.00520273,0.006265,0.00342767,-0.992978,0.00514653,1.82551,1.09689,0.000407545,0.151277,0.000657828,0.000867121,0.00026313,0.000560524,0.151277,1.66962,5.92581e-07,2.42483,0.265674
2034.5417,289.621,289.562,2.35691,0.223397,1.02678,0.00582318,0.00355204,0.00248492,0.00227115,1.24278e-07,2.13588e-05,1.02993e-07,3.6564e-09,2.03836e-05,0.00398516,0.250302,168.143,0.0929132,0.000640942,1.65891e-09,6.38716e-07,1.52403e-05,1.28615e-17,5.23877e-05,2.97752e-05,2.38693e-06,1.44191e-21,3.35856e-06,2.19777e-06,5.35108,82.8299,2.88954,0.305632,75.4986,0.271285,3.40375,0.00276771,0.271285,1.67457,0.0607794,-0.319531,0.603801,0.00560039,-0.993126,0.00678217,0.00521806,0.00645917,0.0034145,-0.993126,0.0051866,1.82553,1.09691,0.000372792,0.151265,0.000678217,0.000869677,0.000271285,0.000558393,0.151265,1.68955,6.40375e-07,2.46154,0.274053
2034.6250,285.397,285.497,2.38632,0.169161,0.636253,0.00320005,0.00287626,0.00168319,0.000323796,5.31581e-08,1.14572e-05,4.42553e-08,1.1007e-09,1.53609e-05,0.00411788,0.126671,128.291,0.0498691,0.000646483,3.47413e-10,6.50122e-07,1.37947e-07,1.30015e-17,3.77253e-05,1.38845e-05,4.11556e-08,1.45769e-21,2.27353e-06,1.04929e-06,5.3726,82.8243,2.8969,0.289743,75.4929,0.274408,3.40925,0.0028559,0.274408,1.66908,0.0610187,-0.319369,0.604473,0.0052865,-0.993551,0.00686023,0.00522594,0.00653352,0.00340322,-0.993551,0.00520414,1.82555,1.09695,0.0003518,0.151247,0.000686024,0.00087099,0.000274408,0.000556563,0.151247,0.93321,6.50469e-07,2.4757,0.277264
2034.7083,274.062,274.76,0.653598,0.329953,0.0248622,0.00025726,0.00137055,0.0011411,-0.00111329,1.80612e-10,1.08883e-07,1.51861e-10,1.71801e-12,6.99787e-07,0.000306866,0.00255147,5.80606,0.000271351,0.000638423,2.13819e-13,6.28682e-07,1.11739e-07,1.29434e-17,2.45553e-05,1.80054e-06,3.05951e-08,1.45067e-21,1.49631e-06,1.78824e-07,5.34523,82.7886,2.88972,0.286871,75.4894,0.269697,3.40605,0.00274425,0.269697,1.66711,0.0607867,-0.319086,0.605314,0.00523128,-0.993818,0.00674247,0.00522176,0.00642137,0.00339918,-0.993818,0.00518767,1.82556,1.097,0.000348407,0.151236,0.000674247,0.000870293,0.000269697,0.000555905,0.151236,0.341547,6.28682e-07,2.45551,0.272442
2034.7917,269.645,270.172,0,0.377171,0,0,0.000952724,0.000366508,-0.000952724,0,0,0,0,0,0,0,0,0,0.000626717,0,5.92253e-07,3.16409e-13,1.34304e-17,8.45961e-06,1.71499e-06,1.04387e-13,1.50434e-21,4.44303e-07,1.71499e-07,5.31043,82.7652,2.87855,0.29737,75.4882,0.262895,3.40036,0.002584,0.262895,1.66923,0.0604281,-0.318791,0.605851,0.00544683,-0.99392,0.00657242,0.00521408,0.00625942,0.00340357,-0.99392,0.00516207,1.82558,1.09703,0.000364184,0.151233,0.000657242,0.000869013,0.000262895,0.000556613,0.151233,0.186388,5.92253e-07,2.43189,0.265479
2034.8750,267.248,267.648,0,0.342746,0,0,0.000744165,0.000132831,-0.000744165,0,0,0,0,0,0,0,0,0,0.000615299,0,5.54327e-07,0,1.39896e-17,2.03534e-06,1.67174e-06,0,1.56592e-21,1.34171e-07,1.67174e-07,5.28056,82.7624,2.86755,0.319291,75.4883,0.256265,3.39468,0.00243314,0.256265,1.67422,0.0600766,-0.3185,0.606024,0.00590248,-0.993917,0.00640666,0.00520635,0.00610155,0.00341384,-0.993917,0.00513694,1.8256,1.09704,0.000396006,0.151234,0.000640666,0.000867724,0.000256265,0.000558277,0.151234,0.0952814,5.54327e-07,2.41301,0.258698
2034.9583,265.948,266.271,0,0.337826,0,0,0.000689348,5.0389e-05,-0.000689348,0,0,0,0,0,0,0,0,0,0.00060398,0,5.16445e-07,0,1.44178e-17,6.82831e-07,1.62889e-06,0,1.61287e-21,4.38183e-08,1.62889e-07,5.25199,82.7648,2.85655,0.344308,75.4887,0.249697,3.38892,0.00228881,0.249697,1.67977,0.0597263,-0.318212,0.606099,0.00642774,-0.993891,0.00624245,0.00519845,0.00594516,0.00342524,-0.993891,0.00511187,1.82561,1.09704,0.000431938,0.151235,0.000624245,0.000866408,0.000249697,0.000560127,0.151235,0.0786693,5.16445e-07,2.39544,0.251986
2035.0417,264.359,264.623,0,0.337142,0,0,0.000678374,7.60473e-06,-0.000678374,0,0,0,0,0,0,0,0,0,0.000593469,0,4.81857e-07,0,1.48446e-17,3.26458e-07,1.58913e-06,0,1.65972e-21,8.98371e-09,1.58913e-07,5.226,82.7692,2.84624,0.369236,75.4888,0.243601,3.38345,0.00215936,0.243601,1.68519,0.0593995,-0.317945,0.60615,0.00695434,-0.993885,0.00609007,0.00519089,0.00580003,0.00343637,-0.993885,0.00508843,1.82563,1.09704,0.000467669,0.151235,0.000609007,0.000865148,0.000243601,0.000561933,0.151235,0.0898367,4.81857e-07,2.37976,0.245761
2035.1250,265.484,265.653,0,0.337008,0,0,0.000718475,5.55101e-06,-0.000718475,0,0,0,0,0,0,0,0,0,0.000583213,0,4.54678e-07,0,1.50692e-17,2.32024e-07,1.55036e-06,0,1.68396e-21,6.29264e-09,1.55036e-07,5.19822,82.7719,2.8361,0.394295,75.4888,0.237657,3.37798,0.00203734,0.237657,1.69065,0.0590789,-0.317685,0.606193,0.00748571,-0.99389,0.00594147,0.00518329,0.00565851,0.00344755,-0.99389,0.00506541,1.82564,1.09704,0.000503555,0.151235,0.000594147,0.000863882,0.000237657,0.000563753,0.151235,0.222413,4.54678e-07,2.36212,0.239695
2035.2083,271.246,270.945,0.124207,0.604096,0.0375077,0.000225818,0.00104619,0.00061066,-0.000820372,1.15922e-09,3.46843e-07,9.97891e-10,4.67799e-12,7.97219e-07,0.000256271,0.00407889,5.28798,0.0013351,0.000572866,1.05144e-12,4.43799e-07,3.88548e-05,1.49343e-17,-1.64639e-05,1.74956e-06,3.33961e-06,1.66858e-21,3.73058e-07,1.6815e-07,5.16665,82.7687,2.82577,0.414979,75.491,0.231665,3.37234,0.00191843,0.231665,1.69602,0.0587538,-0.317604,0.605965,0.00791842,-0.9937,0.00579166,0.00517541,0.00551584,0.00345854,-0.9937,0.00504204,1.82566,1.09704,0.000532003,0.151242,0.000579166,0.000862569,0.000231665,0.000565544,0.151242,0.903322,4.438e-07,2.34089,0.233584
2035.2917,285.405,283.76,1.97466,0.211682,1.33741,0.0068909,0.00259998,0.00238233,0.00429092,1.19738e-07,1.97066e-05,1.02475e-07,1.71961e-09,2.19828e-05,0.00450532,0.176367,148.978,0.0844511,0.000571073,6.82495e-10,4.74801e-07,1.80431e-05,1.26582e-17,2.31497e-05,2.63294e-05,2.24336e-06,1.41947e-21,2.65645e-06,1.94163e-06,5.16287,82.7397,2.82457,0.371094,75.5111,0.230609,3.37216,0.00193005,0.230609,1.69467,0.058728,-0.319193,0.603704,0.00692043,-0.992001,0.00576526,0.00517505,0.00549069,0.00345566,-0.992001,0.0050402,1.82567,1.09707,0.000463965,0.151296,0.000576526,0.000862509,0.000230609,0.000565093,0.151296,1.81593,4.75483e-07,2.3383,0.232539
2035.3750,290.239,289.186,2.1034,0.190963,1.77044,0.0100084,0.00369134,0.00234657,0.0063171,2.4031e-07,3.3584e-05,2.02439e-07,5.52181e-09,2.6899e-05,0.00463921,0.287154,194.943,0.13958,0.000594606,2.37432e-09,5.45546e-07,3.78672e-06,1.26116e-17,4.15669e-05,5.27414e-05,4.92386e-07,1.41525e-21,3.0249e-06,3.85733e-06,5.25739,82.796,2.85074,0.335911,75.5131,0.244128,3.38861,0.00231419,0.244128,1.68959,0.0595804,-0.319067,0.603501,0.00618851,-0.991782,0.00610323,0.0051978,0.00581256,0.00344512,-0.991782,0.0051019,1.82569,1.09707,0.000414938,0.151299,0.000610323,0.000866301,0.000244128,0.000563398,0.151299,2.47324,5.4792e-07,2.40664,0.246442
2035.4583,295.286,294.307,2.30839,0.193122,2.13052,0.009858,0.00465528,0.00259122,0.00520272,2.32826e-07,3.36296e-05,1.92211e-07,8.1898e-09,2.48748e-05,0.00411671,0.425344,200.986,0.140223,0.00063289,4.83332e-09,6.33704e-07,9.37738e-06,1.27684e-17,5.50647e-05,5.34179e-05,1.27774e-06,1.4338e-21,3.50935e-06,3.91053e-06,5.4026,82.8968,2.89314,0.303627,75.5088,0.266114,3.41515,0.00290066,0.266114,1.68184,0.0609127,-0.319088,0.603083,0.00554882,-0.992061,0.00665288,0.00523472,0.00633604,0.00342915,-0.992061,0.00519851,1.8257,1.09705,0.000370951,0.151283,0.000665288,0.000872453,0.000266114,0.000560814,0.151283,2.78823,6.38537e-07,2.50946,0.269014
2035.5417,291.966,291.599,2.44423,0.187693,1.26591,0.0060564,0.00401379,0.002142,0.00204261,1.2244e-07,2.14945e-05,1.00796e-07,3.81639e-09,1.99809e-05,0.00401183,0.294515,172.629,0.0929662,0.000658077,1.89217e-09,7.01077e-07,7.38877e-06,1.29268e-17,5.1265e-05,2.99033e-05,1.21438e-06,1.45184e-21,2.95454e-06,2.2094e-06,5.48982,82.9483,2.92182,0.282735,75.5014,0.280535,3.43368,0.00327217,0.280535,1.67429,0.0617841,-0.319015,0.603259,0.00513825,-0.99261,0.00701341,0.00526076,0.00667941,0.00341367,-0.99261,0.00526184,1.82572,1.09705,0.000342832,0.15126,0.000701341,0.000876793,0.000280535,0.000558298,0.15126,1.8187,7.02969e-07,2.568,0.283807
2035.6250,283.324,283.757,2.46715,0.202264,0.367472,0.00269703,0.00268337,0.00171501,1.36621e-05,3.79688e-08,9.32218e-06,3.15597e-08,6.78088e-10,1.42103e-05,0.00419739,0.0977729,124.207,0.0397158,0.000662425,1.846e-10,7.08938e-07,1.32486e-06,1.2855e-17,4.14427e-05,1.06532e-05,3.53041e-07,1.4434e-21,2.33627e-06,8.17546e-07,5.50106,82.9372,2.9282,0.272867,75.4943,0.282956,3.43884,0.00332386,0.282956,1.6689,0.0619586,-0.318813,0.604056,0.0049424,-0.993173,0.00707393,0.00526834,0.00673705,0.00340266,-0.993173,0.00527477,1.82574,1.09709,0.000329813,0.151239,0.000707393,0.000878056,0.000282956,0.000556502,0.151239,0.751341,7.09122e-07,2.57285,0.28628
2035.7083,271.675,272.555,0.429196,0.150084,0.0165355,0.000171449,0.00128302,0.00057704,-0.00111157,2.81812e-10,1.6317e-07,2.36401e-10,2.11053e-12,7.48445e-07,0.000403573,0.00238588,6.47399,0.000438346,0.000653179,2.21594e-13,6.79585e-07,5.14459e-08,1.31741e-17,1.5701e-05,1.87595e-06,1.49862e-08,1.4784e-21,7.52668e-07,1.85656e-07,5.47027,82.9051,2.91992,0.277002,75.4899,0.277556,3.43509,0.00317399,0.277556,1.66789,0.0616838,-0.318532,0.604895,0.0050287,-0.99354,0.00693893,0.00526357,0.00660848,0.00340067,-0.99354,0.00525525,1.82576,1.09714,0.000336418,0.151227,0.000693893,0.000877262,0.000277556,0.000556165,0.151227,0.449591,6.79586e-07,2.55035,0.28073
2035.7917,270.496,270.897,0,0.118554,0,0,0.000971595,0.000243108,-0.000971595,0,0,0,0,0,0,0,0,0,0.00064114,0,6.42769e-07,3.16752e-21,1.34866e-17,6.17213e-06,1.76497e-06,9.83842e-22,1.51226e-21,2.70193e-07,1.76497e-07,5.43508,82.8956,2.90851,0.299073,75.4889,0.270557,3.42936,0.00298868,0.270557,1.67257,0.0613163,-0.318227,0.605204,0.00548154,-0.993639,0.00676395,0.00525599,0.00644183,0.00341037,-0.993639,0.00522905,1.82577,1.09715,0.000368947,0.151225,0.000676395,0.000875998,0.000270557,0.000557725,0.151225,0.156352,6.42769e-07,2.52656,0.273545
2035.8750,270.104,270.42,0,0.118554,0,0,0.000906626,0.000191655,-0.000906626,0,0,0,0,0,0,0,0,0,0.000629395,0,6.04026e-07,0,1.36581e-17,4.07374e-06,1.72046e-06,0,1.53037e-21,1.93363e-07,1.72046e-07,5.40276,82.8914,2.89728,0.32204,75.4889,0.263733,3.42363,0.00281419,0.263733,1.67772,0.060956,-0.317927,0.605393,0.00595483,-0.993652,0.00659336,0.00524834,0.00627936,0.00342103,-0.993652,0.00520333,1.82579,1.09715,0.000402545,0.151225,0.000659336,0.000874724,0.000263733,0.000559442,0.151225,0.221597,6.04026e-07,2.50548,0.266547
2035.9583,267.444,267.897,0,0.118554,0,0,0.000817595,8.51871e-05,-0.000817595,0,0,0,0,0,0,0,0,0,0.000617753,0,5.67102e-07,0,1.40828e-17,1.76516e-06,1.67636e-06,0,1.57688e-21,8.09817e-08,1.67636e-07,5.37153,82.8903,2.88606,0.346485,75.4891,0.256973,3.41782,0.00264725,0.256973,1.68317,0.0605971,-0.31763,0.605526,0.00646252,-0.993648,0.00642437,0.00524052,0.00611841,0.00343227,-0.993648,0.00517767,1.82581,1.09716,0.000438048,0.151226,0.000642437,0.000873419,0.000256973,0.000561259,0.151226,0.204343,5.67102e-07,2.48548,0.259621
2036.0417,267.549,267.773,0,0.118559,0,0,0.000831001,5.30461e-05,-0.000831001,0,0,0,0,0,0,0,0,0,0.000606942,0,5.32833e-07,0,1.44097e-17,7.29941e-07,1.63544e-06,0,1.61257e-21,4.18411e-08,1.63544e-07,5.3421,82.8911,2.87554,0.371188,75.4892,0.2507,3.4123,0.00249753,0.2507,1.68856,0.0602621,-0.317355,0.605597,0.00698014,-0.993638,0.00626754,0.00523302,0.00596906,0.00344337,-0.993638,0.00515368,1.82582,1.09716,0.000473549,0.151227,0.000626754,0.00087217,0.0002507,0.000563056,0.151227,0.171715,5.32833e-07,2.46657,0.253198
2036.1250,270.005,270.07,0,0.215459,0,0,0.000994034,0.000443554,-0.000994034,0,0,0,0,0,0,0,0,0,0.000596393,0,5.11096e-07,1.18449e-05,1.4397e-17,-1.41959e-05,1.59554e-06,6.58506e-07,1.61042e-21,2.35364e-07,1.59554e-07,5.31046,82.8878,2.86518,0.392452,75.4911,0.244583,3.40679,0.0023564,0.244583,1.69385,0.0599335,-0.31713,0.605547,0.0074234,-0.993488,0.00611461,0.00522548,0.00582341,0.00345425,-0.993488,0.00513012,1.82584,1.09716,0.0005035,0.151232,0.000611461,0.000870914,0.000244583,0.000564819,0.151232,0.66455,5.11096e-07,2.44528,0.24694
2036.2083,275.934,275.122,1.0974,0.382641,0.328589,0.00214994,0.00152906,0.00169532,0.00062088,1.57342e-08,3.85137e-06,1.36073e-08,8.38338e-11,6.13088e-06,0.00192849,0.0284427,47.3295,0.0151264,0.000586132,1.6854e-11,5.20389e-07,4.6146e-05,1.32347e-17,4.37107e-06,4.91528e-06,4.21549e-06,1.48335e-21,1.70834e-06,3.98211e-07,5.27534,82.8553,2.8551,0.376079,75.5077,0.238634,3.40142,0.00222625,0.238634,1.69619,0.0596166,-0.318023,0.603953,0.00703964,-0.992092,0.00596588,0.0052181,0.00568176,0.00345903,-0.992092,0.00510737,1.82586,1.09718,0.000473938,0.151278,0.000596588,0.000869683,0.000238634,0.0005656,0.151278,1.10904,5.20406e-07,2.42023,0.24086
2036.2917,285.126,284.135,2.03734,0.228104,1.15665,0.00707264,0.00272801,0.00238176,0.00434463,1.24047e-07,2.16409e-05,1.05855e-07,1.784e-09,2.06411e-05,0.00441689,0.152936,158.284,0.0858487,0.000585234,5.78055e-10,5.45608e-07,1.01461e-05,1.2004e-17,4.12419e-05,2.77768e-05,1.22347e-06,1.34899e-21,2.99788e-06,2.05747e-06,5.28665,82.8297,2.85632,0.336513,75.5148,0.238027,3.40379,0.0022782,0.238027,1.69168,0.0596907,-0.318786,0.60334,0.00619382,-0.99146,0.00595071,0.00522139,0.00566731,0.00344969,-0.99146,0.00511293,1.82587,1.09723,0.000416929,0.151296,0.000595071,0.000870232,0.000238027,0.000564096,0.151296,1.84317,5.46186e-07,2.43033,0.240305
2036.3750,292.206,291.044,2.14147,0.146235,2.07325,0.00975847,0.00375985,0.00190516,0.00599862,2.16563e-07,3.33546e-05,1.81091e-07,5.96453e-09,2.51941e-05,0.00464277,0.349954,201.065,0.129377,0.000603342,2.81554e-09,6.18053e-07,8.69038e-07,1.25318e-17,3.94527e-05,4.7855e-05,1.40328e-07,1.40901e-21,2.50181e-06,3.52048e-06,5.39205,82.8965,2.88074,0.306709,75.512,0.248238,3.42227,0.00268842,0.248238,1.68574,0.0605325,-0.318739,0.603341,0.00559629,-0.991646,0.00620598,0.00524708,0.00591043,0.00343742,-0.991646,0.00517432,1.82589,1.09723,0.000376538,0.151286,0.000620598,0.000874514,0.000248238,0.000562114,0.151286,2.51853,6.20868e-07,2.51131,0.250926
2036.4583,293.647,292.882,2.274,0.196401,1.71195,0.00916508,0.0042869,0.00231533,0.00487818,2.0443e-07,3.22411e-05,1.68961e-07,6.76128e-09,2.30689e-05,0.0042437,0.378184,197.258,0.125163,0.000628512,3.61094e-09,6.87143e-07,1.24062e-05,1.27937e-17,4.95533e-05,4.66216e-05,1.64781e-06,1.43835e-21,3.1218e-06,3.43358e-06,5.52247,83.0029,2.91406,0.290568,75.5086,0.262451,3.4471,0.00321603,0.262451,1.6812,0.0616073,-0.318588,0.602986,0.00527953,-0.991888,0.00656131,0.00528178,0.00624884,0.00342812,-0.991888,0.00525277,1.8259,1.0972,0.000354431,0.151275,0.000656131,0.000880296,0.000262451,0.000560601,0.151275,2.44575,6.90754e-07,2.60841,0.265667
2036.5417,291.51,291.16,2.37291,0.189214,1.23166,0.00628196,0.0039964,0.00205021,0.00228556,1.24713e-07,2.26135e-05,1.02624e-07,3.92303e-09,1.89722e-05,0.00391235,0.286256,170.02,0.0905685,0.000647257,1.89569e-09,7.41466e-07,8.24678e-06,1.28323e-17,5.03856e-05,2.97596e-05,1.34592e-06,1.443e-21,2.81593e-06,2.20802e-06,5.61217,83.0585,2.93992,0.271768,75.5008,0.272984,3.46703,0.00360162,0.272984,1.67379,0.0623968,-0.318606,0.603174,0.00490855,-0.992499,0.00682464,0.00530986,0.00649963,0.00341297,-0.992499,0.00531055,1.82592,1.09721,0.000329101,0.151251,0.000682464,0.000884977,0.000272984,0.000558133,0.151251,1.87177,7.43361e-07,2.67224,0.276586
2036.6250,284.681,285.012,2.39009,0.24702,0.480669,0.00295442,0.00290768,0.00208503,4.67408e-05,4.23947e-08,1.02576e-05,3.51167e-08,9.2959e-10,1.36676e-05,0.00414467,0.120257,123.669,0.040807,0.000650716,3.0877e-10,7.5624e-07,1.72362e-05,1.2179e-17,5.721e-05,1.139e-05,3.01012e-06,1.37026e-21,2.9078e-06,8.73082e-07,5.62968,83.0452,2.9473,0.258083,75.4909,0.274808,3.47426,0.00368176,0.274808,1.6665,0.0625994,-0.318897,0.603776,0.004634,-0.993304,0.00687022,0.00532045,0.00654304,0.00339807,-0.993304,0.00532566,1.82594,1.09726,0.000310956,0.151223,0.000687022,0.000886741,0.000274808,0.000555701,0.151223,0.974431,7.56549e-07,2.68237,0.278489
2036.7083,272.677,273.634,0.872088,0.284516,0.0731284,0.000466758,0.00155338,0.000993041,-0.00108663,2.73327e-09,1.06902e-06,2.2865e-09,2.82907e-11,2.63422e-06,0.00109854,0.0114674,23.4865,0.0035937,0.000641914,3.97644e-12,7.31075e-07,1.58801e-06,1.23719e-17,2.80524e-05,2.3763e-06,3.85985e-07,1.39143e-21,1.35214e-06,2.2012e-07,5.59777,82.9985,2.93974,0.255138,75.4829,0.269653,3.47112,0.0035258,0.269653,1.66266,0.0623462,-0.318823,0.604851,0.00457347,-0.993985,0.00674136,0.00531666,0.00642031,0.0033903,-0.993985,0.00530768,1.82595,1.09732,0.000307667,0.151201,0.000674136,0.00088611,0.000269653,0.000554423,0.151201,0.568749,7.31079e-07,2.65803,0.273179
2036.7917,267.923,268.387,0,0.237239,0,0,0.000999304,7.5161e-05,-0.000999304,0,0,0,0,0,0,0,0,0,0.000630263,0,6.97177e-07,5.419e-22,1.35449e-17,3.08837e-06,1.71493e-06,1.45043e-22,1.52228e-21,9.50206e-08,1.71493e-07,5.56053,82.985,2.92855,0.276851,75.4809,0.262886,3.46538,0.00332103,0.262886,1.66675,0.0619871,-0.318551,0.605209,0.00502344,-0.994169,0.00657217,0.00530919,0.00625918,0.00339882,-0.994169,0.00528203,1.82597,1.09734,0.000339108,0.151196,0.000657217,0.000884865,0.000262885,0.000555785,0.151196,0.342699,6.97177e-07,2.63198,0.266207
2036.8750,264.521,265.01,0,0.234698,0,0,0.000759702,2.6705e-05,-0.000759702,0,0,0,0,0,0,0,0,0,0.000618839,0,6.5442e-07,0,1.43422e-17,9.76029e-07,1.67168e-06,0,1.6109e-21,3.01863e-08,1.67168e-07,5.52825,82.9853,2.91747,0.304,75.4806,0.256255,3.45959,0.00312714,0.256255,1.67244,0.061633,-0.318258,0.605309,0.00559033,-0.994201,0.00640642,0.00530158,0.00610132,0.00341062,-0.994201,0.0052567,1.82599,1.09734,0.000377817,0.151195,0.000640642,0.000883596,0.000256255,0.000557681,0.151195,0.154634,6.5442e-07,2.61078,0.259382
2036.9583,266.821,266.971,0,0.234698,0,0,0.000861642,6.87933e-06,-0.000861642,0,0,0,0,0,0,0,0,0,0.000607515,0,6.12405e-07,0,1.48583e-17,3.43e-07,1.62883e-06,0,1.66791e-21,8.98592e-09,1.62883e-07,5.49671,82.9872,2.90638,0.331757,75.4805,0.249687,3.45372,0.00294164,0.249687,1.67829,0.0612802,-0.317967,0.605368,0.00617272,-0.994211,0.00624221,0.00529378,0.00594494,0.00342272,-0.994211,0.00523143,1.826,1.09734,0.000417196,0.151195,0.000624222,0.000882297,0.000249687,0.000559631,0.151195,0.18908,6.12405e-07,2.59032,0.252629
2037.0417,266.875,267.029,0,0.234698,0,0,0.000875583,6.66975e-06,-0.000875583,0,0,0,0,0,0,0,0,0,0.000596999,0,5.74507e-07,0,1.49215e-17,3.02872e-07,1.58907e-06,0,1.67413e-21,8.05153e-09,1.58907e-07,5.46495,82.9869,2.896,0.357696,75.4804,0.243592,3.44814,0.00277526,0.243592,1.68386,0.0609508,-0.317697,0.605417,0.00671809,-0.994218,0.00608984,0.00528631,0.00579981,0.00343423,-0.994218,0.0052078,1.82602,1.09734,0.000454023,0.151195,0.000608984,0.000881051,0.000243592,0.000561488,0.151195,0.163318,5.74507e-07,2.56896,0.246367
2037.1250,269.398,269.373,0,0.286553,0,0,0.00101096,0.000106841,-0.00101096,0,0,0,0,0,0,0,0,0,0.000586737,0,5.44174e-07,3.42727e-07,1.50043e-17,-4.42459e-06,1.5503e-06,1.16145e-08,1.68258e-21,5.84257e-08,1.5503e-07,5.43187,82.9844,2.88577,0.382434,75.4807,0.237648,3.44257,0.00261844,0.237648,1.6894,0.0606277,-0.317447,0.605437,0.00723875,-0.994196,0.00594124,0.00527879,0.00565829,0.00344565,-0.994196,0.00518459,1.82603,1.09734,0.000489047,0.151196,0.000594124,0.000879798,0.000237648,0.000563335,0.151196,0.360149,5.44174e-07,2.5461,0.240267
2037.2083,275.336,274.705,0.85285,0.577607,0.2485,0.00165051,0.00145512,0.00191345,0.00019539,1.2636e-08,3.02868e-06,1.09801e-08,5.4971e-11,4.48129e-06,0.00134129,0.0191841,33.7356,0.0118264,0.000576642,1.10149e-11,5.34922e-07,8.0265e-05,1.35264e-17,-1.55078e-05,4.16112e-06,7.61428e-06,1.51978e-21,1.54982e-06,3.42759e-07,5.39438,82.9543,2.87568,0.37098,75.4965,0.231804,3.43705,0.00247086,0.231804,1.69242,0.0603101,-0.318398,0.603741,0.00696719,-0.992868,0.00579512,0.00527128,0.00551914,0.00345186,-0.992868,0.00516174,1.82605,1.09735,0.000466959,0.151239,0.000579513,0.000878547,0.000231804,0.000564342,0.151239,0.943194,5.34933e-07,2.5187,0.234275
2037.2917,285.623,284.255,1.99233,0.254882,1.29797,0.00736857,0.00287704,0.00252743,0.00449153,1.34222e-07,2.29905e-05,1.14961e-07,1.83084e-09,2.10301e-05,0.00443006,0.162438,158.161,0.0896728,0.00057734,6.27042e-10,5.56975e-07,1.50708e-05,1.14426e-17,4.50061e-05,2.94557e-05,2.17838e-06,1.29075e-21,3.13434e-06,2.18065e-06,5.40701,82.9222,2.87894,0.318828,75.5093,0.232101,3.4409,0.00254349,0.232101,1.68702,0.0604051,-0.319895,0.602172,0.005855,-0.991768,0.00580257,0.00527672,0.00552622,0.0034407,-0.991768,0.0051688,1.82606,1.0974,0.000392244,0.151274,0.000580257,0.000879454,0.000232101,0.000562541,0.151274,1.79857,5.57602e-07,2.52807,0.234645
2037.3750,294.27,292.668,2.10792,0.153519,2.20937,0.00988136,0.00412025,0.00205467,0.0057611,2.18065e-07,3.31307e-05,1.82039e-07,6.4499e-09,2.45074e-05,0.00458118,0.380011,193.669,0.125868,0.000599562,3.40104e-09,6.28333e-07,3.59724e-07,1.19579e-17,4.53989e-05,4.74906e-05,5.3846e-08,1.34914e-21,2.70698e-06,3.49721e-06,5.51776,82.9936,2.90915,0.28953,75.5056,0.24462,3.46391,0.00304112,0.24462,1.68071,0.0613071,-0.319819,0.602232,0.0052667,-0.992052,0.00611554,0.00530879,0.00582429,0.00342771,-0.992052,0.00523464,1.82608,1.0974,0.00035297,0.151262,0.000611554,0.000884799,0.00024462,0.000560437,0.151262,2.74308,6.31734e-07,2.6086,0.247661
2037.4583,294.64,293.905,2.24169,0.156178,1.87823,0.00878184,0.00428261,0.00185095,0.00449923,1.93211e-07,3.11179e-05,1.5883e-07,7.04961e-09,2.31946e-05,0.00444134,0.417363,195.89,0.119491,0.000625094,4.07363e-09,7.11272e-07,1.13803e-06,1.25343e-17,4.15871e-05,4.34171e-05,1.8106e-07,1.41354e-21,2.47219e-06,3.20254e-06,5.63458,83.0858,2.94385,0.274797,75.5006,0.258997,3.49031,0.00358478,0.258997,1.67586,0.0623037,-0.31957,0.602183,0.00497405,-0.992449,0.00647496,0.0053458,0.0061666,0.00341783,-0.992449,0.00530747,1.82609,1.09738,0.000333129,0.151247,0.000647496,0.000890966,0.000258997,0.000558823,0.151247,2.52289,7.15346e-07,2.69073,0.262582
2037.5417,290.82,290.586,2.33091,0.21631,1.0635,0.00578929,0.00383178,0.00216091,0.00195751,1.13405e-07,2.13402e-05,9.33619e-08,3.48662e-09,1.89402e-05,0.00403216,0.2732,167.889,0.0847181,0.000642123,1.61917e-09,7.56211e-07,2.82994e-05,1.21771e-17,5.55681e-05,2.68635e-05,3.60876e-06,1.37372e-21,2.94815e-06,1.99822e-06,5.70901,83.1362,2.96831,0.2629,75.4941,0.268522,3.50974,0.00393869,0.268522,1.67027,0.0629731,-0.319752,0.602111,0.00473738,-0.99298,0.00671309,0.00537332,0.00639339,0.00340646,-0.99298,0.00535654,1.82611,1.09738,0.000317129,0.151229,0.000671309,0.000895554,0.000268522,0.000556959,0.151229,1.64148,7.57831e-07,2.7407,0.272461
2037.6250,283.991,284.248,2.34712,0.185661,0.523292,0.00296954,0.00285913,0.00168085,0.000110411,4.39565e-08,1.06069e-05,3.65009e-08,8.3134e-10,1.38797e-05,0.00412077,0.108888,124.105,0.041713,0.000645428,2.33161e-10,7.56246e-07,1.2651e-06,1.19739e-17,4.56483e-05,1.159e-05,2.72274e-07,1.35093e-21,2.28574e-06,8.87493e-07,5.72373,83.1228,2.97578,0.251149,75.4842,0.270246,3.51721,0.00400631,0.270246,1.66378,0.0631441,-0.319944,0.602839,0.00449592,-0.993816,0.00675618,0.00538437,0.00643442,0.00339326,-0.993816,0.00536935,1.82613,1.09743,0.000302011,0.151202,0.000675618,0.000897395,0.000270246,0.000554795,0.151202,0.729532,7.56479e-07,2.74795,0.274252
2037.7083,277.411,278.018,1.95682,0.275046,0.085182,0.000745625,0.00200555,0.00140896,-0.00125993,2.72732e-09,1.12254e-06,2.27498e-09,3.48901e-11,3.08218e-06,0.00132215,0.0156932,27.0731,0.00357796,0.000637278,6.06384e-12,7.27049e-07,4.04508e-06,1.18237e-17,3.82467e-05,2.33766e-06,9.432e-07,1.33316e-21,1.89027e-06,2.16565e-07,5.69035,83.0761,2.96895,0.248023,75.4773,0.265465,3.51454,0.00384339,0.265465,1.6604,0.0629065,-0.319749,0.603939,0.00442981,-0.994411,0.00663666,0.00538134,0.0063206,0.00338646,-0.994411,0.00535248,1.82615,1.09749,0.00029826,0.151184,0.000663666,0.000896891,0.000265465,0.00055367,0.151184,0.518714,7.27055e-07,2.7214,0.269308
2037.7917,264.994,265.958,0,0.132413,0,0,0.000972592,8.87813e-05,-0.000972592,0,0,0,0,0,0,0,0,0,0.00062581,0,6.87763e-07,1.3569e-13,1.31081e-17,3.88191e-06,1.68834e-06,3.56877e-14,1.47689e-21,1.20355e-07,1.68834e-07,5.65127,83.0511,2.95783,0.263099,75.474,0.258809,3.50874,0.00362034,0.258809,1.66281,0.0625507,-0.319504,0.604527,0.00473992,-0.994714,0.00647027,0.0053739,0.00616213,0.00339156,-0.994714,0.00532704,1.82616,1.09751,0.000320518,0.151176,0.000647027,0.00089565,0.000258809,0.000554471,0.151176,0.228446,6.87763e-07,2.69344,0.26243
2037.8750,257.148,258.143,0,0.10845,0,0,0.000662856,5.81924e-06,-0.000662856,0,0,0,0,0,0,0,0,0,0.000614555,0,6.43791e-07,0,1.46081e-17,3.62075e-07,1.64576e-06,0,1.6449e-21,8.90675e-09,1.64576e-07,5.6188,83.0516,2.94679,0.29053,75.4736,0.252282,3.50288,0.00340897,0.252282,1.66861,0.0621996,-0.319214,0.604614,0.00531346,-0.994745,0.00630708,0.0053663,0.00600671,0.00340362,-0.994745,0.00530189,1.82618,1.09751,0.000359425,0.151175,0.000630708,0.000894383,0.000252282,0.000556406,0.151175,0.181892,6.43791e-07,2.67201,0.255691
2037.9583,263.063,263.302,0,0.108449,0,0,0.000823343,6.53422e-07,-0.000823343,0,0,0,0,0,0,0,0,0,0.000603397,0,6.07463e-07,0,1.55795e-17,5.27891e-08,1.60358e-06,0,1.75332e-21,1.20903e-09,1.60358e-07,5.58627,83.0527,2.93575,0.318258,75.4736,0.245816,3.49693,0.00320675,0.245816,1.67456,0.0618496,-0.318927,0.604661,0.00589528,-0.994749,0.00614543,0.0053585,0.00585276,0.00341595,-0.994749,0.00527679,1.8262,1.09751,0.00039864,0.151175,0.000614543,0.000893083,0.000245816,0.000558387,0.151175,0.236698,6.07463e-07,2.65052,0.249022
2038.0417,265.469,265.596,0,0.108449,0,0,0.000845822,5.04252e-07,-0.000845822,0,0,0,0,0,0,0,0,0,0.000593036,0,5.73329e-07,0,1.58163e-17,4.03771e-08,1.56443e-06,0,1.77903e-21,9.23238e-10,1.56443e-07,5.55424,83.0521,2.92541,0.344044,75.4736,0.239815,3.49128,0.00302538,0.239815,1.6802,0.0615229,-0.318661,0.604701,0.00643723,-0.99475,0.00599541,0.00535102,0.00570988,0.00342764,-0.99475,0.00525333,1.82621,1.09751,0.000435175,0.151175,0.000599541,0.000891836,0.000239815,0.00056027,0.151175,0.341465,5.73329e-07,2.62883,0.242841
2038.1250,267.873,267.862,0,0.115228,0,0,0.000994927,2.69428e-05,-0.000994927,0,0,0,0,0,0,0,0,0,0.000582924,0,5.50635e-07,3.98863e-09,1.58474e-17,-1.48576e-06,1.52626e-06,8.66454e-10,1.78164e-21,9.97032e-09,1.52626e-07,5.52087,83.0495,2.91522,0.369181,75.4736,0.233963,3.48565,0.00285443,0.233963,1.68584,0.0612023,-0.318413,0.604728,0.00696639,-0.994749,0.00584912,0.00534348,0.00557056,0.00343928,-0.994749,0.00523027,1.82622,1.09751,0.000470849,0.151175,0.000584912,0.000890581,0.000233963,0.000562149,0.151175,0.548649,5.50635e-07,2.60565,0.236818
2038.2083,274.867,273.903,0.72392,0.31794,0.317176,0.00161105,0.0014636,0.00134653,0.000147448,1.59086e-08,3.54651e-06,1.36449e-08,1.23317e-10,5.47874e-06,0.00148962,0.0408183,38.0235,0.0142439,0.000573064,3.83903e-11,5.44779e-07,4.05863e-05,1.50411e-17,-2.59121e-05,4.72341e-06,3.72823e-06,1.69189e-21,8.37898e-07,3.82381e-07,5.48455,83.0337,2.90525,0.375773,75.4827,0.22826,3.4801,0.00269415,0.22826,1.69069,0.0608884,-0.318691,0.603869,0.0070917,-0.993989,0.00570652,0.00533603,0.00543475,0.00344927,-0.993989,0.00520765,1.82624,1.09751,0.000476896,0.1512,0.000570652,0.000889338,0.00022826,0.000563764,0.1512,0.959991,5.44818e-07,2.5793,0.230954
2038.2917,285.99,284.226,1.97522,0.159,1.34159,0.00717092,0.00288489,0.00183706,0.00428604,1.37505e-07,2.29036e-05,1.17279e-07,1.77503e-09,2.24586e-05,0.00459021,0.189364,160.049,0.0920929,0.00057665,6.62442e-10,5.67925e-07,6.83297e-07,1.26465e-17,2.54686e-05,2.97489e-05,1.13745e-07,1.42537e-21,2.09366e-06,2.1974e-06,5.49629,83.0154,2.91123,0.327555,75.503,0.230239,3.4853,0.00278556,0.230239,1.68861,0.0610135,-0.319357,0.602441,0.00603443,-0.992291,0.00575601,0.0053434,0.00548188,0.00344499,-0.992291,0.00521681,1.82625,1.09753,0.000405104,0.151256,0.000575601,0.000890567,0.000230239,0.000563072,0.151256,1.70087,5.68588e-07,2.58507,0.233025
2038.3750,296.524,293.842,2.07613,0.102951,1.5212,0.00625511,0.00353042,0.00137094,0.00272469,1.23846e-07,2.13437e-05,1.03602e-07,3.46839e-09,2.19665e-05,0.00487402,0.346448,164.619,0.0853579,0.000595987,1.85581e-09,6.16067e-07,8.99873e-11,1.25934e-17,2.31462e-05,2.73578e-05,2.08412e-11,1.41926e-21,1.65973e-06,2.02563e-06,5.56527,83.0681,2.9361,0.311482,75.5043,0.24119,3.50339,0.00315883,0.24119,1.68703,0.0616539,-0.319098,0.602277,0.00570482,-0.992176,0.00602977,0.00536876,0.00574261,0.00344178,-0.992176,0.00526342,1.82627,1.09752,0.000383394,0.151259,0.000602977,0.000894793,0.00024119,0.000562546,0.151259,1.77758,6.17923e-07,2.62917,0.244348
2038.4583,295.695,294.561,2.14197,0.129605,1.39409,0.0060225,0.00364658,0.00156624,0.00237593,1.25939e-07,2.28347e-05,1.04019e-07,4.62016e-09,2.37027e-05,0.00513368,0.415108,183.509,0.0930804,0.000608599,2.67961e-09,6.5537e-07,7.22561e-09,1.30218e-17,2.49958e-05,2.81203e-05,1.71849e-09,1.46752e-21,1.93963e-06,2.08124e-06,5.6001,83.0917,2.95318,0.300988,75.5051,0.248295,3.51636,0.00339635,0.248295,1.68561,0.0620749,-0.318839,0.602245,0.00549864,-0.992096,0.0062074,0.00538712,0.00591178,0.00343893,-0.992096,0.00529412,1.82628,1.09752,0.000368591,0.151261,0.000620741,0.000897853,0.000248295,0.000562072,0.151261,1.90629,6.58049e-07,2.64692,0.251691
2038.5417,292.014,291.697,2.20071,0.188567,1.05253,0.0053086,0.00367138,0.00211496,0.00163722,1.09162e-07,2.00124e-05,9.00312e-08,3.6117e-09,2.00766e-05,0.00422087,0.300181,159.87,0.0821072,0.000619845,1.8143e-09,6.93262e-07,8.08741e-06,1.28088e-17,4.46603e-05,2.49562e-05,1.25694e-06,1.44422e-21,2.77512e-06,1.85328e-06,5.6308,83.0991,2.96882,0.28393,75.5033,0.25461,3.52849,0.00360021,0.25461,1.6811,0.0624524,-0.318732,0.602429,0.00516611,-0.992209,0.00636528,0.00540443,0.00606214,0.00342973,-0.992209,0.00532172,1.8263,1.09754,0.000344752,0.151254,0.000636528,0.000900738,0.00025461,0.000560568,0.151254,1.71119,6.95076e-07,2.66198,0.25821
2038.6250,283.898,284.255,2.22925,0.135205,0.49642,0.00282649,0.00264654,0.00128476,0.000179952,4.57845e-08,1.0667e-05,3.81502e-08,8.67242e-10,1.50395e-05,0.00414326,0.113493,121.563,0.0433769,0.0006254,2.39028e-10,6.96585e-07,2.19774e-08,1.29366e-17,2.86191e-05,1.15731e-05,7.15687e-09,1.45853e-21,1.66585e-06,8.82351e-07,5.64628,83.0946,2.97778,0.272715,75.4986,0.257671,3.53615,0.00369262,0.257671,1.67704,0.0626457,-0.318563,0.603015,0.00494103,-0.992586,0.00644181,0.0054156,0.00613503,0.00342148,-0.992586,0.00533598,1.82632,1.09757,0.000330021,0.15124,0.000644181,0.0009026,0.000257671,0.000559214,0.15124,0.633372,6.96824e-07,2.6685,0.261364
2038.7083,277.776,278.559,1.78509,0.120219,0.11812,0.00070485,0.0018356,0.000841847,-0.00113075,2.38241e-09,1.13818e-06,1.99884e-09,2.75132e-11,3.63912e-06,0.00177432,0.0175351,29.0562,0.00323753,0.000618289,4.61535e-12,6.61907e-07,7.80576e-14,1.31261e-17,1.50534e-05,2.16725e-06,1.83514e-14,1.47911e-21,1.01522e-06,2.01861e-07,5.61577,83.0675,2.97165,0.276437,75.4975,0.253507,3.53359,0.00355123,0.253507,1.67777,0.0624269,-0.318276,0.603541,0.00501619,-0.992683,0.0063377,0.0054126,0.00603588,0.0034231,-0.992683,0.00532036,1.82633,1.0976,0.000335372,0.151238,0.00063377,0.000902101,0.000253507,0.000559457,0.151238,0.23381,6.61912e-07,2.64413,0.257058
2038.7917,264.358,265.804,0,0.0740816,0,0,0.00084696,0.000105491,-0.00084696,0,0,0,0,0,0,0,0,0,0.000607346,0,6.21245e-07,3.98054e-22,1.36278e-17,3.31585e-06,1.61237e-06,1.64074e-22,1.53475e-21,1.27275e-07,1.61237e-07,5.57813,83.048,2.96082,0.291151,75.4974,0.247164,3.52777,0.00334548,0.247164,1.68136,0.0620837,-0.317998,0.603863,0.0053213,-0.992697,0.00617914,0.00540501,0.00588486,0.0034306,-0.992697,0.00529575,1.82635,1.09761,0.000356668,0.151238,0.000617914,0.000900835,0.000247164,0.000560655,0.151238,0.128152,6.21245e-07,2.61731,0.25051
2038.8750,263.967,264.63,0,0.0660873,0,0,0.000766963,1.39481e-05,-0.000766963,0,0,0,0,0,0,0,0,0,0.00059658,0,5.78652e-07,0,1.41471e-17,6.88887e-07,1.57171e-06,0,1.59231e-21,1.8344e-08,1.57171e-07,5.54836,83.0498,2.95006,0.317154,75.4971,0.240931,3.52188,0.00315016,0.240931,1.68718,0.0617444,-0.317721,0.603947,0.0058677,-0.992722,0.0060233,0.00539725,0.00573644,0.00344267,-0.992722,0.00527138,1.82636,1.09761,0.00039384,0.151237,0.00060233,0.000899542,0.000240931,0.000562596,0.151237,0.142804,5.78652e-07,2.5983,0.244081
2038.9583,267.504,267.841,0,0.0660872,0,0,0.000782421,9.95407e-06,-0.000782421,0,0,0,0,0,0,0,0,0,0.000585908,0,5.41505e-07,0,1.42995e-17,4.9967e-07,1.53142e-06,0,1.60854e-21,1.29378e-08,1.53143e-07,5.51683,83.0505,2.93928,0.343469,75.497,0.234755,3.5159,0.0029633,0.234755,1.69315,0.0614063,-0.317447,0.604004,0.00642262,-0.992735,0.00586892,0.0053893,0.00558941,0.00345501,-0.992735,0.00524706,1.82638,1.09761,0.000431366,0.151237,0.000586892,0.000898217,0.000234755,0.000564584,0.151237,0.125001,5.41505e-07,2.57754,0.237719
2039.0417,265.898,266.386,0,0.0660899,0,0,0.00073114,9.36733e-06,-0.00073114,0,0,0,0,0,0,0,0,0,0.000575997,0,5.07994e-07,0,1.43681e-17,4.37066e-07,1.49404e-06,0,1.6154e-21,1.14532e-08,1.49404e-07,5.48788,83.0515,2.92919,0.367926,75.4969,0.229025,3.51022,0.0027957,0.229025,1.69882,0.0610905,-0.317193,0.604055,0.00693915,-0.992744,0.00572565,0.00538168,0.00545297,0.00346671,-0.992744,0.00522431,1.82639,1.09761,0.000466314,0.151237,0.000572565,0.000896947,0.000229025,0.000566473,0.151237,0.138123,5.07994e-07,2.5587,0.23182
2039.1250,266.112,266.284,0,0.0942827,0,0,0.000813901,8.36877e-05,-0.000813901,0,0,0,0,0,0,0,0,0,0.000566325,0,4.79105e-07,5.98673e-08,1.45819e-17,-3.51638e-06,1.45759e-06,3.36973e-09,1.63858e-21,4.56782e-08,1.45759e-07,5.46013,83.0532,2.91924,0.391575,75.497,0.223436,3.50455,0.00263772,0.223436,1.70447,0.0607806,-0.316946,0.604095,0.00743925,-0.992739,0.00558594,0.00537401,0.00531991,0.00347836,-0.992739,0.00520196,1.82641,1.09761,0.000500091,0.151237,0.000558594,0.000895669,0.000223436,0.000568358,0.151237,0.306881,4.79105e-07,2.5409,0.226074
2039.2083,271.187,271.064,0.0556833,0.630473,0.0156281,9.47403e-05,0.00104839,0.000602121,-0.000953648,4.43441e-10,1.3036e-07,3.81987e-10,1.79063e-12,3.67899e-07,0.000125484,0.00186777,2.04244,0.000499364,0.000556564,4.58641e-13,4.68831e-07,3.31728e-05,1.44594e-17,-1.66611e-05,1.50754e-06,2.57414e-06,1.62462e-21,3.40231e-07,1.48235e-07,5.4254,83.0425,2.9091,0.404927,75.5025,0.217801,3.4987,0.00248369,0.217801,1.70973,0.0604661,-0.316822,0.603791,0.00771025,-0.992279,0.00544505,0.00536604,0.00518573,0.00348917,-0.992279,0.00517924,1.82642,1.09761,0.000516307,0.151252,0.000544505,0.00089434,0.000217801,0.000570111,0.151252,0.727489,4.68832e-07,2.5163,0.220284
2039.2917,285.935,284.449,1.90944,0.234481,1.30147,0.00721278,0.00308703,0.00273389,0.00412576,1.5013e-07,2.1722e-05,1.28717e-07,2.24608e-09,2.54293e-05,0.00464149,0.180622,152.263,0.099233,0.000565506,8.31174e-10,4.93697e-07,2.64157e-05,1.21532e-17,2.45403e-05,3.20099e-05,3.07972e-06,1.37076e-21,2.94613e-06,2.34144e-06,5.42096,83.0087,2.91682,0.355551,75.524,0.223051,3.50191,0.00254408,0.223051,1.70815,0.0605229,-0.318494,0.601352,0.00661,-0.990464,0.00557631,0.00537058,0.00531074,0.00348587,-0.990464,0.00518317,1.82644,1.09764,0.000442052,0.151311,0.000557631,0.000895096,0.000223051,0.000569583,0.151311,1.92482,4.94529e-07,2.50414,0.225595
2039.3750,293.961,292.713,2.22032,0.188668,2.25573,0.0109805,0.00489395,0.00260617,0.00608653,2.77567e-07,3.60645e-05,2.31734e-07,8.52694e-09,2.85869e-05,0.00445704,0.398854,206.017,0.160354,0.0006233,4.56352e-09,5.78668e-07,7.10516e-06,1.23161e-17,5.00362e-05,6.26684e-05,8.82449e-07,1.39059e-21,3.3701e-06,4.55942e-06,5.51528,83.0545,2.97147,0.312882,75.5251,0.25667,3.52926,0.00314171,0.25667,1.70117,0.0616331,-0.318482,0.600994,0.00573853,-0.990319,0.00641679,0.00540866,0.0061112,0.0034715,-0.990319,0.00526307,1.82645,1.09763,0.000383587,0.151312,0.000641679,0.000901444,0.00025667,0.000567258,0.151312,2.96739,5.83231e-07,2.54381,0.259812
2039.4583,294.255,293.422,2.57448,0.146925,1.77074,0.00868049,0.00455867,0.00171542,0.00412182,2.00962e-07,3.05252e-05,1.65753e-07,6.66976e-09,2.48057e-05,0.00433244,0.398481,215.566,0.138792,0.000687941,3.7077e-09,6.66777e-07,2.00445e-06,1.29922e-17,3.21321e-05,4.99046e-05,2.82017e-07,1.4669e-21,2.21545e-06,3.64469e-06,5.64106,83.1532,3.03319,0.294015,75.5221,0.294222,3.56067,0.003793,0.294222,1.69611,0.063042,-0.318298,0.600363,0.00536579,-0.990531,0.00735558,0.00545266,0.00700528,0.00346116,-0.990531,0.00536476,1.82647,1.09759,0.000358206,0.151301,0.000735558,0.000908776,0.000294222,0.00056557,0.151301,2.27597,6.70485e-07,2.60786,0.298015
2039.5417,290.651,290.492,2.77929,0.201584,1.1546,0.00647218,0.00421625,0.0021457,0.00225594,1.33176e-07,2.27915e-05,1.09564e-07,3.82098e-09,1.98699e-05,0.0039383,0.269579,189.567,0.1054,0.000724697,1.79423e-09,7.15565e-07,7.04745e-06,1.28438e-17,4.73095e-05,3.53681e-05,1.18529e-06,1.45035e-21,2.86649e-06,2.60076e-06,5.71183,83.2022,3.0687,0.281439,75.5183,0.315553,3.5791,0.00411537,0.315553,1.69061,0.063893,-0.318127,0.600206,0.00512021,-0.990796,0.00788886,0.00547886,0.00751317,0.00344997,-0.990796,0.00542638,1.82649,1.09757,0.000340802,0.151289,0.000788886,0.000913143,0.000315553,0.000563737,0.151289,1.84226,7.17359e-07,2.64313,0.319669
2039.6250,285.641,285.659,2.84452,0.211733,0.591788,0.00340116,0.00331063,0.00195297,9.05255e-05,5.10565e-08,1.15542e-05,4.22808e-08,8.84774e-10,1.48851e-05,0.00395972,0.120032,146.085,0.0543507,0.000736359,2.42856e-10,7.24981e-07,5.65599e-06,1.24827e-17,4.64155e-05,1.51176e-05,1.20963e-06,1.40978e-21,2.60628e-06,1.14294e-06,5.72666,83.1938,3.08043,0.270775,75.5118,0.322293,3.5856,0.00415332,0.322293,1.68447,0.0641421,-0.318047,0.600777,0.00490521,-0.991309,0.00805736,0.00548859,0.00767364,0.0034375,-0.991309,0.0054447,1.82651,1.09761,0.000326724,0.15127,0.000805736,0.000914766,0.000322293,0.000561691,0.15127,0.976099,7.25224e-07,2.64623,0.326446
2039.7083,275.436,276.234,1.60055,0.383511,0.0762837,0.000627982,0.00184213,0.00128006,-0.00121414,2.18164e-09,7.21549e-07,1.80949e-09,3.05263e-11,1.66154e-06,0.000685985,0.00940974,16.2067,0.0029707,0.000729543,6.5105e-12,7.04521e-07,8.05431e-06,1.22408e-17,3.21085e-05,2.63147e-06,1.56523e-06,1.38234e-21,1.68509e-06,2.47154e-07,5.69642,83.1508,3.07454,0.267543,75.5062,0.3183,3.58313,0.00398882,0.3183,1.68058,0.0639149,-0.317943,0.60165,0.00483742,-0.991776,0.00795753,0.00548589,0.00757857,0.00342965,-0.991776,0.00542878,1.82653,1.09767,0.000323128,0.151254,0.000795753,0.000914315,0.0003183,0.000560396,0.151254,0.480424,7.04527e-07,2.62188,0.322289
2039.7917,269.72,270.057,0,0.556341,0,0,0.00100341,0.000190984,-0.00100341,0,0,0,0,0,0,0,0,0,0.000715809,0,6.66293e-07,6.90442e-15,1.30819e-17,5.30156e-06,2.0242e-06,1.83962e-15,1.47645e-21,2.12971e-07,2.0242e-07,5.65861,83.1342,3.06195,0.28781,75.504,0.310296,3.57716,0.00375634,0.310296,1.68377,0.0635058,-0.317692,0.602091,0.00525258,-0.991978,0.00775743,0.00547827,0.00738799,0.00343636,-0.991978,0.0053998,1.82655,1.09769,0.000352967,0.151248,0.000775743,0.000913045,0.000310296,0.000561456,0.151248,0.161731,6.66293e-07,2.59666,0.314052
2039.8750,270.147,270.338,0,0.556338,0,0,0.000989508,0.000179869,-0.000989508,0,0,0,0,0,0,0,0,0,0.000702372,0,6.22806e-07,7.78462e-36,1.33426e-17,2.94287e-06,1.97315e-06,2.27793e-36,1.50479e-21,1.6264e-07,1.97315e-07,5.62513,83.1339,3.04953,0.315273,75.5042,0.30247,3.57119,0.00353703,0.30247,1.68927,0.0631039,-0.317354,0.602252,0.005819,-0.991977,0.00756178,0.00547054,0.00720166,0.00344782,-0.991977,0.0053713,1.82657,1.09769,0.000392536,0.15125,0.000756178,0.000911757,0.00030247,0.000563291,0.15125,0.17137,6.22806e-07,2.5756,0.306007
2039.9583,267.977,268.215,0,0.556338,0,0,0.000899659,0.0001179,-0.000899659,0,0,0,0,0,0,0,0,0,0.000689053,0,5.82026e-07,0,1.3754e-17,8.56347e-07,1.92258e-06,0,1.55013e-21,8.93692e-08,1.92258e-07,5.59194,83.1343,3.03712,0.342414,75.505,0.294717,3.56513,0.00332722,0.294717,1.69495,0.0627038,-0.317019,0.602353,0.00637989,-0.991915,0.00736797,0.00546262,0.00701708,0.00345962,-0.991915,0.00534288,1.82659,1.0977,0.000431528,0.151252,0.000736797,0.000910436,0.000294717,0.000565185,0.151252,0.159603,5.82026e-07,2.55483,0.298044
2040.0417,267.704,267.87,0,0.556338,0,0,0.0008998,8.8644e-05,-0.0008998,0,0,0,0,0,0,0,0,0,0.000676685,0,5.47075e-07,0,1.40628e-17,-1.27753e-07,1.87565e-06,0,1.584e-21,5.33968e-08,1.87565e-07,5.56003,83.1355,3.02549,0.369008,75.5059,0.287523,3.55937,0.00313903,0.287523,1.70051,0.0623306,-0.316708,0.6024,0.00693325,-0.991843,0.00718811,0.00545501,0.00684578,0.00347113,-0.991843,0.00531633,1.82661,1.0977,0.000469419,0.151255,0.000718811,0.000909169,0.000287523,0.000567038,0.151255,0.200127,5.47075e-07,2.53454,0.290662
2040.1250,270.066,270.073,0,0.565535,0,0,0.00111277,0.000105791,-0.00111277,0,0,0,0,0,0,0,0,0,0.000664618,0,5.2356e-07,2.18731e-20,1.41904e-17,-1.45818e-06,1.82988e-06,6.99883e-22,1.5975e-21,4.97483e-08,1.82988e-07,5.52563,83.1336,3.01405,0.394761,75.5071,0.280507,3.55362,0.00296166,0.280507,1.70609,0.0619648,-0.316418,0.602411,0.00746956,-0.991746,0.00701271,0.00544735,0.00667874,0.00348267,-0.991746,0.00529027,1.82662,1.0977,0.000506145,0.151259,0.000701271,0.000907892,0.000280507,0.000568897,0.151259,0.450038,5.2356e-07,2.51157,0.283469
2040.2083,271.995,271.995,0,0.704739,0,0,0.00111829,0.000249492,-0.00111829,0,0,0,0,0,0,0,0,0,0.00065244,0,5.10615e-07,4.8106e-13,1.41426e-17,-5.02159e-06,1.78373e-06,1.36872e-14,1.59177e-21,1.60106e-07,1.78373e-07,5.48772,83.1254,3.00241,0.414445,75.5117,0.273432,3.54769,0.0027887,0.273432,1.71152,0.0615939,-0.316248,0.602162,0.00787249,-0.99137,0.00683582,0.00543937,0.00651028,0.00349388,-0.99137,0.00526382,1.82664,1.0977,0.000532602,0.151271,0.000683582,0.000906562,0.000273432,0.000570709,0.151271,0.755304,5.10615e-07,2.48531,0.27622
2040.2917,279.995,278.803,1.77587,0.445552,0.817975,0.00563906,0.00224786,0.00258664,0.00339119,6.94193e-08,1.32168e-05,6.00328e-08,5.83899e-10,1.25351e-05,0.00307961,0.0721594,112.915,0.0543243,0.000643801,1.63834e-10,5.20201e-07,7.21287e-05,1.19666e-17,2.40313e-06,1.81116e-05,6.72341e-06,1.35083e-21,2.48333e-06,1.3584e-06,5.46464,83.0994,2.99466,0.393794,75.5281,0.268394,3.54416,0.00268059,0.268394,1.71291,0.0613648,-0.317646,0.600101,0.00738685,-0.989995,0.00670989,0.00543467,0.00639034,0.00349673,-0.989995,0.00524758,1.82666,1.09772,0.000498589,0.151317,0.00067099,0.000905778,0.000268394,0.000571171,0.151317,1.39839,5.20365e-07,2.46997,0.271075
2040.3750,289.021,288.034,2.40154,0.263645,1.71537,0.0108511,0.00380124,0.00310373,0.00704987,2.09253e-07,3.3047e-05,1.77589e-07,4.20318e-09,2.25072e-05,0.00430278,0.24444,207.401,0.132605,0.000657248,1.6957e-09,5.7188e-07,2.56466e-05,1.09503e-17,5.51539e-05,5.12554e-05,4.09647e-06,1.24039e-21,3.92179e-06,3.76413e-06,5.54557,83.1236,3.01208,0.335665,75.5369,0.276015,3.5569,0.00294451,0.276015,1.70541,0.0620248,-0.31861,0.598932,0.00616636,-0.989214,0.0069004,0.00545251,0.00657177,0.00348127,-0.989214,0.00529573,1.82668,1.09775,0.000416036,0.151339,0.00069004,0.000908751,0.000276015,0.000568672,0.151339,2.42916,5.73576e-07,2.53349,0.278959
2040.4583,293.649,292.672,2.56964,0.171619,2.17847,0.0106344,0.00473317,0.00237866,0.00590125,2.16844e-07,3.43618e-05,1.80105e-07,6.60203e-09,2.16894e-05,0.00396514,0.367582,212.88,0.137633,0.000688342,3.49658e-09,6.5789e-07,1.09387e-06,1.15034e-17,5.02616e-05,5.41716e-05,1.63943e-07,1.30404e-21,3.14316e-06,3.97923e-06,5.69854,83.2281,3.04988,0.29955,75.5329,0.293724,3.58301,0.00349123,0.293724,1.69715,0.0633224,-0.318699,0.598568,0.0054454,-0.9895,0.00734314,0.00548903,0.00699343,0.00346429,-0.9895,0.00539028,1.82669,1.09774,0.000367243,0.151325,0.000734314,0.000914839,0.000293724,0.000565917,0.151325,2.65824,6.61387e-07,2.64866,0.297215
2040.5417,289.768,289.571,2.68349,0.212029,0.997771,0.00647258,0.004036,0.00226008,0.00243658,1.15993e-07,2.19578e-05,9.59368e-08,3.15413e-09,1.76984e-05,0.00391259,0.243477,181.949,0.091278,0.000709334,1.40561e-09,7.1401e-07,1.20603e-05,1.16135e-17,5.18487e-05,3.05378e-05,1.66312e-06,1.31649e-21,3.04592e-06,2.265e-06,5.7935,83.292,3.07654,0.280815,75.5271,0.30562,3.6022,0.00384868,0.30562,1.69061,0.0641856,-0.318558,0.598668,0.00507632,-0.989939,0.00764054,0.00551618,0.00727667,0.00345093,-0.989939,0.00545338,1.82671,1.09774,0.000342015,0.151307,0.000764054,0.000919363,0.00030562,0.000563737,0.151307,1.582,7.15415e-07,2.71697,0.309469
2040.6250,282.566,282.991,2.65504,0.19854,0.42187,0.00280222,0.00280549,0.00174646,-3.26752e-06,3.45779e-08,8.76821e-06,2.87424e-08,6.31303e-10,1.15474e-05,0.00373765,0.0872821,119.334,0.0359216,0.000711835,1.9659e-10,7.16618e-07,9.62012e-07,1.15701e-17,4.16975e-05,1.05652e-05,2.3156e-07,1.31146e-21,2.33409e-06,8.17622e-07,5.80972,83.2841,3.08223,0.269528,75.52,0.30692,3.60792,0.00388557,0.30692,1.68491,0.0643552,-0.318445,0.599422,0.00485098,-0.990512,0.00767305,0.00552472,0.00730763,0.00343931,-0.990512,0.00546618,1.82673,1.09778,0.000327126,0.151287,0.000767305,0.000920787,0.00030692,0.000561836,0.151287,0.780742,7.16814e-07,2.72749,0.310806
2040.7083,269.196,270.46,0.670759,0.173014,0.0161767,0.000180735,0.00134137,0.000713636,-0.00116063,0,0,0,0,0,0,0,0,0,0.000700618,0,6.88121e-07,6.54094e-07,1.18352e-17,1.75607e-05,1.95944e-06,1.50885e-07,1.34076e-21,9.14077e-07,1.95944e-07,5.77399,83.2472,3.07224,0.273144,75.5161,0.300368,3.60345,0.00369303,0.300368,1.68392,0.0640289,-0.318158,0.600288,0.00492455,-0.990837,0.00750924,0.00551913,0.00715162,0.00343741,-0.990837,0.00544309,1.82675,1.09783,0.000332928,0.151276,0.000750924,0.000919854,0.000300368,0.000561509,0.151276,0.372244,6.88121e-07,2.70175,0.304061
2040.7917,262.41,263.75,0.198349,0.0524204,0.000440987,1.25493e-06,0.000941541,3.4322e-05,-0.000940286,0,0,0,0,0,0,0,0,0,0.000687597,0,6.43496e-07,7.02191e-42,1.32199e-17,1.60686e-06,1.91002e-06,1.93659e-42,1.4966e-21,4.53417e-08,1.91002e-07,5.73603,83.2393,3.06004,0.29908,75.5153,0.292792,3.59743,0.00347735,0.292792,1.68888,0.0636356,-0.317834,0.60054,0.00546194,-0.99092,0.00731982,0.00551131,0.00697123,0.00344773,-0.99092,0.00541513,1.82677,1.09784,0.00036995,0.151274,0.000731983,0.000918551,0.000292792,0.000563159,0.151274,0.0475614,6.43496e-07,2.67599,0.296269
2040.8750,256.703,257.886,0,0.0390995,0,0,0.00064352,1.90355e-06,-0.00064352,0,0,0,0,0,0,0,0,0,0.000674897,0,5.97475e-07,0,1.46654e-17,1.35311e-07,1.86185e-06,0,1.65932e-21,3.18035e-09,1.86185e-07,5.70419,83.2442,3.04803,0.330029,75.5151,0.285407,3.59142,0.00327434,0.285407,1.69486,0.0632502,-0.317514,0.600601,0.0061093,-0.990934,0.00713521,0.00550342,0.00679541,0.00346015,-0.990934,0.0053877,1.82679,1.09784,0.000413565,0.151274,0.000713521,0.000917236,0.000285407,0.000565156,0.151274,0.0716157,5.97475e-07,2.65616,0.288681
2040.9583,258.473,259.109,0,0.0391873,0,0,0.000657232,3.38657e-07,-0.000657232,0,0,0,0,0,0,0,0,0,0.000662309,0,5.54802e-07,0,1.55633e-17,2.8339e-08,1.81413e-06,0,1.75997e-21,6.42936e-10,1.81413e-07,5.67366,83.2507,3.03603,0.36094,75.5151,0.278092,3.58533,0.0030801,0.278092,1.70096,0.0628664,-0.317196,0.600644,0.00675714,-0.990936,0.00695233,0.00549534,0.00662124,0.00347276,-0.990936,0.00536034,1.82681,1.09784,0.000457119,0.151274,0.000695233,0.000915889,0.000278092,0.000567188,0.151274,0.0969003,5.54802e-07,2.63763,0.281172
2041.0417,261.862,262.199,0,0.0391279,0,0,0.000700945,1.71373e-07,-0.000700945,0,0,0,0,0,0,0,0,0,0.00065062,0,5.19392e-07,0,1.54602e-17,1.46277e-08,1.76984e-06,0,1.74742e-21,3.27348e-10,1.76984e-07,5.64344,83.255,3.02478,0.389673,75.5151,0.271303,3.57954,0.0029059,0.271303,1.70675,0.0625083,-0.316902,0.600682,0.00736009,-0.990937,0.00678262,0.00548759,0.00645961,0.00348472,-0.990937,0.00533478,1.82683,1.09784,0.000497669,0.151274,0.000678262,0.000914598,0.000271303,0.000569118,0.151274,0.103459,5.19392e-07,2.61865,0.274209
2041.1250,265.368,265.392,0,0.0392132,0,0,0.000900569,1.55935e-07,-0.000900569,0,0,0,0,0,0,0,0,0,0.000639213,0,4.92347e-07,0,1.2858e-17,1.32883e-08,1.72666e-06,0,1.45257e-21,2.97597e-10,1.72666e-07,5.6112,83.2566,3.01372,0.417735,75.5151,0.264683,3.57376,0.0027417,0.264683,1.71253,0.0621571,-0.316614,0.600719,0.00794975,-0.990937,0.00661712,0.00547979,0.00630199,0.00349664,-0.990937,0.00530968,1.82684,1.09783,0.000537341,0.151274,0.000661712,0.000913298,0.000264683,0.000571045,0.151274,0.332822,4.92347e-07,2.59748,0.267425
2041.2083,272.461,271.725,0.718794,0.192201,0.130634,0.00101273,0.00130086,0.00122765,-0.000288133,4.14791e-09,1.23099e-06,3.60483e-09,1.1686e-11,2.05795e-06,0.000707898,0.00766125,17.9264,0.00468196,0.00062775,1.6902e-12,4.76583e-07,5.24304e-05,1.10306e-17,-2.9946e-05,2.62638e-06,4.55981e-06,1.24653e-21,6.68386e-07,2.3629e-07,5.57441,83.2464,3.00251,0.432385,75.5217,0.258035,3.56783,0.00258252,0.258035,1.71782,0.0618029,-0.31677,0.600054,0.00824604,-0.99038,0.0064509,0.00547173,0.00614368,0.00350752,-0.99038,0.00528433,1.82686,1.09784,0.00055584,0.151292,0.00064509,0.000911955,0.000258035,0.000572808,0.151292,0.629856,4.76585e-07,2.5719,0.260617
2041.2917,284.611,282.862,2.22257,0.200836,1.35907,0.00771129,0.00283545,0.00226932,0.00487584,1.28864e-07,2.33416e-05,1.11222e-07,1.30939e-09,1.94722e-05,0.0043248,0.150924,171.115,0.0920683,0.000626043,4.26918e-10,4.96736e-07,5.14717e-06,9.12489e-18,2.27058e-05,3.10016e-05,8.51675e-07,1.03456e-21,2.46649e-06,2.29575e-06,5.58181,83.2205,3.00306,0.375,75.5481,0.256954,3.56995,0.00261491,0.256954,1.71558,0.0618427,-0.317927,0.597914,0.00697209,-0.988158,0.00642388,0.00547478,0.00611794,0.00350285,-0.988158,0.0052875,1.82687,1.09786,0.000469866,0.151364,0.000642388,0.000912464,0.000256954,0.000572061,0.151364,1.75008,4.97163e-07,2.57875,0.259569
2041.3750,295.83,292.771,2.31002,0.100648,1.73178,0.00720173,0.00359259,0.00144066,0.00360914,1.32215e-07,2.37719e-05,1.1204e-07,2.99115e-09,1.99258e-05,0.00449399,0.325266,180.432,0.0935136,0.000642664,1.52259e-09,5.57746e-07,4.35835e-09,9.83097e-18,2.21635e-05,3.19674e-05,4.83163e-10,1.11489e-21,1.71693e-06,2.3678e-06,5.67544,83.2919,3.02603,0.351213,75.5519,0.266297,3.58766,0.00299289,0.266297,1.71332,0.0626056,-0.317662,0.597576,0.0064697,-0.987811,0.00665747,0.0054995,0.00634041,0.00349818,-0.987811,0.00534327,1.82689,1.09785,0.000437284,0.151374,0.000665747,0.000916584,0.000266297,0.000571306,0.151374,1.89624,5.59268e-07,2.64942,0.26929
2041.4583,295.018,293.848,2.36581,0.199487,1.61302,0.00826883,0.00422374,0.0026155,0.00404508,1.67198e-07,2.8749e-05,1.39633e-07,5.52556e-09,2.13296e-05,0.00436797,0.390327,197.528,0.112526,0.000653302,3.05775e-09,6.08731e-07,2.30343e-05,1.20623e-17,4.40783e-05,4.02477e-05,2.83385e-06,1.36891e-21,3.32733e-06,2.97133e-06,5.72625,83.3241,3.04189,0.333626,75.5533,0.272228,3.60057,0.00324264,0.272228,1.71085,0.0631063,-0.31765,0.597286,0.00611588,-0.987651,0.00680574,0.00551771,0.00648162,0.00349313,-0.987651,0.00537999,1.82691,1.09785,0.000412946,0.151376,0.000680574,0.000919618,0.000272228,0.000570484,0.151376,2.45272,6.11789e-07,2.68436,0.275471
2041.5417,292.457,292.014,2.46758,0.157801,1.34456,0.0067897,0.00427984,0.00206924,0.00250986,1.28651e-07,2.35527e-05,1.06627e-07,4.23611e-09,1.80513e-05,0.00379547,0.307056,174.251,0.0934859,0.00067247,2.24564e-09,6.74296e-07,1.92524e-07,1.21879e-17,4.28093e-05,3.18946e-05,2.95967e-08,1.38462e-21,2.73413e-06,2.36558e-06,5.81627,83.3715,3.06839,0.302283,75.5496,0.282999,3.62103,0.00364484,0.282999,1.70334,0.0639114,-0.317776,0.597233,0.00549303,-0.987891,0.00707501,0.00554649,0.00673808,0.00347772,-0.987891,0.00543895,1.82693,1.09787,0.000370434,0.151362,0.000707501,0.000924415,0.000282999,0.00056798,0.151362,1.6915,6.76542e-07,2.74788,0.286644
2041.6250,285.725,285.835,2.48797,0.180196,0.546081,0.00324187,0.00312227,0.00171505,0.000119594,4.54991e-08,1.10669e-05,3.79296e-08,9.68875e-10,1.34777e-05,0.00400369,0.127714,130.785,0.0443897,0.000676514,3.16652e-10,6.82746e-07,1.30842e-06,1.2273e-17,3.50245e-05,1.25566e-05,2.29019e-07,1.39405e-21,2.25258e-06,9.59701e-07,5.83684,83.373,3.0766,0.290754,75.546,0.28515,3.6289,0.00374257,0.28515,1.69933,0.0641376,-0.317481,0.597792,0.0052687,-0.988148,0.00712877,0.00555795,0.00678928,0.00346956,-0.988148,0.00545583,1.82694,1.0979,0.000354848,0.15135,0.000712877,0.000926326,0.00028515,0.000566643,0.15135,0.925657,6.83063e-07,2.76024,0.288892
2041.7083,274.483,275.376,1.94488,0.244717,0.107184,0.000645595,0.00173711,0.000994258,-0.00109151,2.54021e-09,9.86414e-07,2.13441e-09,2.85754e-11,2.3018e-06,0.00101044,0.0108002,22.0159,0.00336347,0.000667766,4.66292e-12,6.57955e-07,5.17256e-08,1.22675e-17,2.22042e-05,2.42197e-06,1.44418e-08,1.39312e-21,1.28452e-06,2.25357e-07,5.80483,83.3317,3.0692,0.286832,75.5429,0.280021,3.62594,0.00359281,0.280021,1.69715,0.0638903,-0.317207,0.598632,0.00519492,-0.988389,0.00700057,0.0055544,0.00666718,0.00346517,-0.988389,0.00543832,1.82696,1.09795,0.000349808,0.15134,0.000700057,0.000925733,0.000280022,0.000565917,0.15134,0.395812,6.57959e-07,2.73563,0.283614
2041.7917,268.456,269.005,0,0.51224,0,0,0.000989618,0.000261174,-0.000989618,0,0,0,0,0,0,0,0,0,0.000655662,0,6.26667e-07,3.55047e-17,1.27589e-17,5.51325e-06,1.78086e-06,1.23719e-18,1.44797e-21,2.92131e-07,1.78086e-07,5.76603,83.3127,3.05755,0.3037,75.5421,0.272992,3.61994,0.0033841,0.272992,1.70088,0.0635187,-0.316911,0.599018,0.00553936,-0.98846,0.00682483,0.00554656,0.00649981,0.00347296,-0.98846,0.00541179,1.82698,1.09796,0.000374516,0.151339,0.000682483,0.000924426,0.000272992,0.000567161,0.151339,0.266424,6.26667e-07,2.70848,0.276376
2041.8750,264.178,264.669,0,0.48456,0,0,0.00077836,2.58377e-05,-0.00077836,0,0,0,0,0,0,0,0,0,0.000643797,0,5.85314e-07,0,1.35827e-17,9.87955e-07,1.73594e-06,0,1.54048e-21,3.04681e-08,1.73594e-07,5.73469,83.3134,3.04601,0.330086,75.542,0.266107,3.61389,0.00318653,0.266107,1.70661,0.0631524,-0.316609,0.599142,0.0060882,-0.988476,0.0066527,0.00553857,0.00633587,0.00348483,-0.988476,0.00538561,1.827,1.09797,0.000412179,0.151339,0.00066527,0.000923095,0.000266107,0.00056907,0.151339,0.0863435,5.85314e-07,2.68868,0.269293
2041.9583,262.155,262.543,0,0.48456,0,0,0.000748297,3.7774e-06,-0.000748297,0,0,0,0,0,0,0,0,0,0.000632035,0,5.44428e-07,0,1.43017e-17,2.22553e-07,1.69145e-06,0,1.62112e-21,5.49702e-09,1.69145e-07,5.70329,83.3169,3.03448,0.358938,75.5419,0.259286,3.60776,0.00299751,0.259286,1.71272,0.0627875,-0.316311,0.599198,0.00669317,-0.988487,0.00648219,0.0055304,0.00617348,0.00349747,-0.988487,0.00535949,1.82701,1.09797,0.00045302,0.151339,0.000648219,0.000921733,0.000259286,0.000571109,0.151339,0.0970696,5.44428e-07,2.66881,0.262284
2042.0417,265.692,265.858,0,0.48456,0,0,0.000769907,1.76687e-06,-0.000769907,0,0,0,0,0,0,0,0,0,0.000621113,0,5.0884e-07,0,1.46742e-17,1.24462e-07,1.65016e-06,0,1.66248e-21,2.89481e-09,1.65016e-07,5.67279,83.3191,3.02366,0.385946,75.5419,0.252957,3.60193,0.00282797,0.252957,1.71855,0.0624468,-0.316034,0.59924,0.00726073,-0.988491,0.00632395,0.00552256,0.00602278,0.00350949,-0.988491,0.00533507,1.82703,1.09797,0.000491248,0.151338,0.000632395,0.000920427,0.000252957,0.000573051,0.151338,0.0845353,5.0884e-07,2.64912,0.255785
2042.1250,266.879,266.971,0,0.488317,0,0,0.000857557,1.66869e-06,-0.000857557,0,0,0,0,0,0,0,0,0,0.000610454,0,4.78659e-07,0,1.48257e-17,1.15238e-07,1.6099e-06,0,1.67879e-21,2.68179e-09,1.6099e-07,5.642,83.3205,3.01302,0.41233,75.5418,0.246784,3.59611,0.00266818,0.246784,1.72437,0.0621127,-0.315764,0.59928,0.00781599,-0.988494,0.00616964,0.00551468,0.00587582,0.00352147,-0.988494,0.00531108,1.82705,1.09796,0.000528662,0.151338,0.000616965,0.000919113,0.000246784,0.00057499,0.151338,0.280099,4.78659e-07,2.62898,0.249453
2042.2083,273.936,273.399,0.847501,0.50904,0.156028,0.00138278,0.00140418,0.00171036,-2.14022e-05,5.25583e-09,1.61844e-06,4.58783e-09,1.08298e-11,3.67839e-06,0.00140379,0.00794028,27.5077,0.00589704,0.000599838,1.32211e-12,4.68192e-07,5.75502e-05,1.36726e-17,-1.80158e-05,2.70837e-06,4.9745e-06,1.55007e-21,1.30607e-06,2.38538e-07,5.60481,83.2984,3.00233,0.412247,75.5529,0.240641,3.59021,0.00251467,0.240641,1.72847,0.0617779,-0.316364,0.598107,0.00778704,-0.987565,0.00601605,0.00550662,0.00572954,0.0035299,-0.987565,0.00528702,1.82706,1.09798,0.000525324,0.151369,0.000601605,0.00091777,0.000240641,0.000576358,0.151369,0.753055,4.68193e-07,2.60247,0.243155
2042.2917,286.468,284.787,2.08531,0.189873,1.5064,0.00773906,0.00311573,0.00220736,0.00462333,1.47514e-07,2.39339e-05,1.26392e-07,2.25806e-09,2.18563e-05,0.00435596,0.197253,164.591,0.0990508,0.000602593,9.1717e-10,4.9353e-07,2.52317e-06,1.20299e-17,3.19531e-05,3.34166e-05,3.89663e-07,1.36749e-21,2.64914e-06,2.46089e-06,5.61135,83.2677,3.00658,0.362058,75.5692,0.24218,3.59374,0.00258362,0.24218,1.725,0.0618621,-0.317138,0.596958,0.00668313,-0.986164,0.00605454,0.00551158,0.0057662,0.0035227,-0.986164,0.0052932,1.82708,1.09801,0.000451732,0.151412,0.000605454,0.000918597,0.00024218,0.000575202,0.151412,1.89512,4.94447e-07,2.60477,0.244764
2042.3750,293.707,292.296,2.25575,0.155274,2.07298,0.0105553,0.00441005,0.00204043,0.00614525,2.40166e-07,3.5367e-05,2.0112e-07,6.96832e-09,2.5411e-05,0.00448792,0.386949,207.986,0.142974,0.000634607,3.63971e-09,5.72368e-07,2.8578e-07,1.22233e-17,3.2998e-05,5.51184e-05,3.41365e-08,1.38988e-21,2.58689e-06,4.03901e-06,5.7195,83.347,3.04387,0.335845,75.5704,0.260493,3.6184,0.00312185,0.260493,1.72121,0.0628688,-0.31688,0.5966,0.00615038,-0.986014,0.00651235,0.00554594,0.00620221,0.00351486,-0.986014,0.00536629,1.82709,1.09799,0.00041565,0.151413,0.000651235,0.000924323,0.000260493,0.000573936,0.151413,2.67568,5.76008e-07,2.67563,0.263615
2042.4583,294.689,293.768,2.45451,0.168066,1.60694,0.0084312,0.00440803,0.00202893,0.00402317,1.82306e-07,2.99729e-05,1.50649e-07,6.15938e-09,2.2979e-05,0.00440385,0.404051,207.358,0.12347,0.000671574,3.45655e-09,6.52209e-07,5.86621e-06,1.25825e-17,3.50513e-05,4.40635e-05,6.99256e-07,1.43102e-21,2.63604e-06,3.23999e-06,5.84286,83.4455,3.08713,0.316167,75.5697,0.281614,3.64718,0.00371919,0.281614,1.7167,0.0640349,-0.31661,0.59608,0.00577003,-0.986,0.00704039,0.00558624,0.0067051,0.00350563,-0.986,0.00545109,1.82711,1.09796,0.000388092,0.151408,0.000704039,0.000931039,0.000281614,0.000572433,0.151408,2.33451,6.55666e-07,2.75573,0.285334
2042.5417,290.594,290.31,2.58038,0.253319,1.08042,0.00661204,0.00425228,0.00276497,0.00235975,1.30418e-07,2.33836e-05,1.07997e-07,3.66762e-09,1.85873e-05,0.00373517,0.25722,179.096,0.0978829,0.000694831,1.60455e-09,6.99442e-07,3.92436e-05,1.17034e-17,6.49532e-05,3.31733e-05,5.01049e-06,1.33346e-21,3.78342e-06,2.45289e-06,5.91543,83.4777,3.1154,0.290004,75.564,0.294855,3.66673,0.0040743,0.294855,1.70828,0.0647752,-0.317188,0.595687,0.00525852,-0.986397,0.0073714,0.00561394,0.00702035,0.0034884,-0.986397,0.0055051,1.82713,1.09798,0.000352492,0.151388,0.00073714,0.000935656,0.000294855,0.000569627,0.151388,1.79432,7.01047e-07,2.80002,0.298929
2042.6250,285.203,285.573,2.54821,0.209143,0.617716,0.00340041,0.00327412,0.00195142,0.000126289,5.0441e-08,1.13096e-05,4.18048e-08,1.14214e-09,1.30292e-05,0.00365841,0.132259,128.185,0.0478651,0.000704086,3.97595e-10,7.19576e-07,2.91377e-06,1.17371e-17,4.86409e-05,1.41819e-05,5.26528e-07,1.33796e-21,2.66107e-06,1.07777e-06,5.93966,83.4684,3.12813,0.273224,75.5547,0.300053,3.67651,0.00419157,0.300053,1.70081,0.0650787,-0.317413,0.596243,0.00492167,-0.987129,0.00750135,0.00562821,0.00714411,0.00347315,-0.987129,0.00552751,1.82715,1.09803,0.000330749,0.151361,0.000750135,0.000938035,0.000300053,0.000567136,0.151361,1.13088,7.19974e-07,2.81153,0.304244
2042.7083,269.893,270.801,0.372405,0.267998,0.00989227,0.000100747,0.00127235,0.000609466,-0.0011716,7.58214e-13,0,6.37857e-13,3.89964e-15,1.97775e-08,0,8.41182e-05,0.19416,0,0.000694968,4.88109e-16,7.04747e-07,1.1719e-06,1.21121e-17,1.59579e-05,1.92274e-06,2.18928e-07,1.3799e-21,7.87011e-07,1.92269e-07,5.90735,83.4334,3.12024,0.276742,75.5498,0.294714,3.67319,0.00400909,0.294714,1.69957,0.0648057,-0.317174,0.597098,0.00499307,-0.987541,0.00736788,0.00562432,0.00701699,0.00347076,-0.987541,0.00550821,1.82717,1.09807,0.000336756,0.151347,0.000736788,0.000937386,0.000294714,0.000566725,0.151347,0.52978,7.04747e-07,2.78711,0.298723
2042.7917,270.99,271.174,0,0.250256,0,0,0.00110031,0.000161763,-0.00110031,0,0,0,0,0,0,0,0,0,0.000682178,0,6.64465e-07,3.75658e-26,1.26986e-17,4.52007e-06,1.87406e-06,1.06616e-26,1.44568e-21,1.74624e-07,1.87406e-07,5.86939,83.4249,3.10808,0.301952,75.5488,0.28728,3.66706,0.00377495,0.28728,1.70471,0.0644165,-0.316863,0.597365,0.00551136,-0.987638,0.00718203,0.00561644,0.00683999,0.0034815,-0.987638,0.00548051,1.82718,1.09808,0.000373179,0.151345,0.000718203,0.000936073,0.00028728,0.000568438,0.151345,0.178321,6.64465e-07,2.76131,0.291055
2042.8750,268.626,268.961,0,0.250253,0,0,0.000876151,0.000130501,-0.000876151,0,0,0,0,0,0,0,0,0,0.000669706,0,6.19304e-07,1.37846e-33,1.30248e-17,2.65194e-06,1.8268e-06,4.09927e-34,1.48175e-21,1.21829e-07,1.8268e-07,5.836,83.4236,3.09613,0.328413,75.5487,0.280034,3.66093,0.00355456,0.280034,1.71046,0.0640351,-0.316547,0.597522,0.00605637,-0.987653,0.00700089,0.00560849,0.00666748,0.00349346,-0.987653,0.00545331,1.8272,1.09809,0.00041133,0.151345,0.000700089,0.000934748,0.000280034,0.000570355,0.151345,0.0964279,6.19304e-07,2.73987,0.283589
2042.9583,269.647,269.779,0,0.250253,0,0,0.000967104,0.000104288,-0.000967104,0,0,0,0,0,0,0,0,0,0.000657342,0,5.77155e-07,0,1.33501e-17,1.25491e-06,1.77998e-06,0,1.51777e-21,8.07658e-08,1.77998e-07,5.80206,83.423,3.08417,0.355344,75.5492,0.272857,3.65472,0.00334371,0.272857,1.71642,0.0636551,-0.316234,0.597618,0.00661377,-0.987626,0.00682145,0.00560034,0.00649659,0.00350582,-0.987626,0.00542618,1.82722,1.09809,0.000449931,0.151347,0.000682146,0.000933389,0.000272857,0.00057234,0.151347,0.134583,5.77155e-07,2.71789,0.276201
2043.0417,269.131,269.287,0,0.250253,0,0,0.000955425,0.000104413,-0.000955425,0,0,0,0,0,0,0,0,0,0.00064586,0,5.43088e-07,0,1.351e-17,7.64048e-07,1.73653e-06,0,1.53501e-21,7.12522e-08,1.73653e-07,5.76955,83.4216,3.07297,0.380133,75.5499,0.266196,3.64882,0.00315459,0.266196,1.7221,0.0633005,-0.315943,0.597686,0.00712718,-0.987575,0.00665494,0.00559252,0.006338,0.00351758,-0.987575,0.00540083,1.82724,1.09809,0.000485539,0.151349,0.000665494,0.000932086,0.000266196,0.000574234,0.151349,0.274073,5.43088e-07,2.69658,0.269351
2043.1250,269.772,269.891,0,0.250253,0,0,0.000948084,0.000108704,-0.000948084,0,0,0,0,0,0,0,0,0,0.000634656,0,5.16782e-07,0,1.35856e-17,4.88856e-07,1.69415e-06,0,1.54269e-21,6.82885e-08,1.69416e-07,5.73509,83.4176,3.06194,0.403972,75.5508,0.259701,3.64292,0.00297634,0.259701,1.72778,0.0629528,-0.31566,0.597742,0.00762103,-0.987505,0.00649255,0.00558464,0.00618335,0.00352931,-0.987505,0.00537594,1.82725,1.09809,0.000519905,0.151352,0.000649255,0.000930773,0.000259701,0.000576127,0.151352,0.257283,5.16782e-07,2.67315,0.262677
2043.2083,272.519,272.316,0.0786945,0.642686,0.0222419,0.000181469,0.00130326,0.000640861,-0.00112179,1.02118e-09,2.92782e-07,8.83683e-10,1.80598e-12,4.71727e-07,0.000156116,0.00120797,3.90243,0.00113994,0.000623353,1.6433e-13,5.00897e-07,2.53943e-05,1.34103e-17,-1.87302e-05,1.87788e-06,1.37929e-06,1.52235e-21,3.17048e-07,1.81456e-07,5.69753,83.4076,3.05071,0.421756,75.5549,0.253152,3.63684,0.00280259,0.253152,1.73333,0.0626002,-0.31552,0.597515,0.00798276,-0.987159,0.00632883,0.00557644,0.00602743,0.00354076,-0.987159,0.00535066,1.82727,1.09809,0.000544271,0.151364,0.000632883,0.000929407,0.000253152,0.000577977,0.151364,0.766834,5.00897e-07,2.64681,0.255955
2043.2917,285.648,284.049,2.17506,0.293995,1.41652,0.00793743,0.0030528,0.00309781,0.00488463,1.1814e-07,2.13103e-05,1.01519e-07,1.62495e-09,1.88693e-05,0.00424395,0.163686,158.492,0.0847504,0.000621243,5.93051e-10,5.24658e-07,3.68188e-05,1.08952e-17,3.24264e-05,2.7954e-05,5.2249e-06,1.2413e-21,3.48671e-06,2.07238e-06,5.69361,83.3735,3.05045,0.372273,75.5764,0.251856,3.63819,0.00280729,0.251856,1.73126,0.0625801,-0.316938,0.59542,0.00688243,-0.985357,0.00629644,0.00557848,0.00599658,0.00353647,-0.985357,0.00534944,1.82729,1.09813,0.000468373,0.151422,0.000629644,0.000929747,0.000251856,0.000577288,0.151422,1.96432,5.25251e-07,2.64316,0.254663
2043.3750,293.081,291.544,2.29547,0.134901,2.25379,0.0106331,0.00422292,0.001964,0.00641022,2.15271e-07,3.38757e-05,1.80772e-07,5.89607e-09,2.3192e-05,0.00432644,0.347885,204.063,0.131432,0.000644022,2.89102e-09,6.04118e-07,1.97825e-07,1.14886e-17,3.63494e-05,5.02236e-05,3.94111e-08,1.31022e-21,2.49179e-06,3.69511e-06,5.79644,83.4319,3.08032,0.332272,75.5779,0.264739,3.66026,0.00327622,0.264739,1.72527,0.0634525,-0.316942,0.59521,0.00605579,-0.985185,0.00661852,0.00560931,0.00630332,0.00352414,-0.985185,0.00541309,1.8273,1.09813,0.000412782,0.151425,0.000661852,0.000934885,0.000264739,0.000575292,0.151425,2.62301,6.07009e-07,2.71613,0.268016
2043.4583,294.727,293.823,2.46178,0.183109,2.0899,0.0100694,0.00487037,0.0024653,0.005199,2.07346e-07,3.34452e-05,1.71545e-07,7.09696e-09,2.18776e-05,0.00407991,0.403834,208.34,0.129823,0.000675191,3.99044e-09,6.84695e-07,8.02383e-06,1.18018e-17,4.68759e-05,5.00375e-05,9.05063e-07,1.34609e-21,3.23605e-06,3.68495e-06,5.92888,83.536,3.12066,0.310405,75.5762,0.282381,3.68978,0.00388352,0.282381,1.72054,0.064599,-0.316745,0.594796,0.00562486,-0.98528,0.00705956,0.00565067,0.00672336,0.00351445,-0.98528,0.00549682,1.82732,1.0981,0.00038262,0.151417,0.000705956,0.000941779,0.000282381,0.000573713,0.151417,2.78044,6.88686e-07,2.80822,0.286265
2043.5417,293.239,292.939,2.57845,0.14974,1.43626,0.00667563,0.00446906,0.00184654,0.00220657,1.20996e-07,2.27874e-05,9.91924e-08,4.38304e-09,1.78896e-05,0.00386869,0.334282,178.855,0.0914144,0.000696985,2.54436e-09,7.54728e-07,3.61874e-07,1.21994e-17,3.80802e-05,3.06199e-05,5.66844e-08,1.39177e-21,2.44928e-06,2.27383e-06,6.0119,83.5866,3.15013,0.289472,75.5713,0.294654,3.71213,0.00429274,0.294654,1.71389,0.0654011,-0.316589,0.594909,0.00522022,-0.98562,0.00736637,0.00568234,0.00701556,0.0035009,-0.98562,0.00555559,1.82734,1.09811,0.000353892,0.151401,0.000736637,0.000947057,0.000294654,0.000571498,0.151401,1.90579,7.57273e-07,2.86177,0.298946
2043.6250,285.623,285.837,2.59812,0.138261,0.553148,0.00304585,0.00303507,0.00128256,1.07832e-05,4.03103e-08,1.04407e-05,3.34319e-08,8.75722e-10,1.32477e-05,0.00411894,0.133111,133.832,0.0421588,0.00070087,2.92173e-10,7.57336e-07,1.60176e-08,1.24159e-17,2.36641e-05,1.16119e-05,3.8006e-09,1.41605e-21,1.62901e-06,8.92669e-07,6.02597,83.5936,3.15814,0.286949,75.5689,0.296713,3.71987,0.00435284,0.296713,1.71171,0.0655813,-0.316275,0.595256,0.00517947,-0.985789,0.00741786,0.00569384,0.0070646,0.00349658,-0.985789,0.00556916,1.82736,1.09813,0.000350242,0.151393,0.000741786,0.000948974,0.000296713,0.00057077,0.151393,0.773364,7.57629e-07,2.86782,0.301066
2043.7083,274.864,275.827,1.51203,0.21342,0.0805228,0.000620196,0.00182947,0.00109626,-0.00120927,1.80171e-09,7.93127e-07,1.51042e-09,1.88647e-11,2.14902e-06,0.000986196,0.0107722,21.4533,0.00257789,0.000691457,2.83842e-12,7.26894e-07,3.94525e-07,1.22331e-17,2.21851e-05,2.33185e-06,1.03721e-07,1.39492e-21,1.38832e-06,2.20863e-07,5.98906,83.5552,3.15008,0.287585,75.5678,0.291199,3.71656,0.00416296,0.291199,1.71078,0.0653055,-0.315976,0.595887,0.00519767,-0.985862,0.00728002,0.00569001,0.00693332,0.00349482,-0.985862,0.00554963,1.82738,1.09817,0.000350808,0.151389,0.000728002,0.000948335,0.000291199,0.000570459,0.151389,0.46751,7.26897e-07,2.83898,0.295362
2043.7917,264.628,265.667,0,0.123326,0,0,0.001044,0.000105117,-0.001044,0,0,0,0,0,0,0,0,0,0.000678871,0,6.87722e-07,4.41853e-27,1.29547e-17,3.41418e-06,1.85194e-06,1.53049e-27,1.47628e-21,1.23667e-07,1.85194e-07,5.94794,83.536,3.13803,0.306796,75.5667,0.283888,3.7104,0.00392093,0.283888,1.7146,0.0649207,-0.315662,0.59628,0.00559331,-0.985959,0.00709723,0.00568215,0.00675923,0.00350286,-0.985959,0.00552221,1.82739,1.09819,0.000378723,0.151386,0.000709723,0.000947026,0.000283888,0.000571735,0.151386,0.21864,6.87722e-07,2.8099,0.287809
2043.8750,264.334,264.864,0,0.109373,0,0,0.000889427,9.77632e-06,-0.000889427,0,0,0,0,0,0,0,0,0,0.000666538,0,6.45308e-07,0,1.37291e-17,5.56494e-07,1.80523e-06,0,1.56363e-21,1.39435e-08,1.80523e-07,5.91224,83.536,3.12611,0.336554,75.5665,0.276728,3.70421,0.00369202,0.276728,1.72073,0.0645417,-0.315348,0.596365,0.00621361,-0.985984,0.00691823,0.00567415,0.00658876,0.00351561,-0.985984,0.00549516,1.82741,1.09819,0.00042075,0.151386,0.000691823,0.000945691,0.000276728,0.000573777,0.151386,0.21716,6.45308e-07,2.78613,0.28042
2043.9583,264.974,265.314,0,0.109373,0,0,0.000834774,7.03684e-06,-0.000834774,0,0,0,0,0,0,0,0,0,0.000654312,0,6.03558e-07,0,1.40159e-17,3.63756e-07,1.75896e-06,0,1.59541e-21,9.30439e-09,1.75896e-07,5.87843,83.5385,3.11418,0.366657,75.5664,0.269635,3.69792,0.00347301,0.269635,1.72701,0.0641641,-0.315038,0.596421,0.00684318,-0.985995,0.00674091,0.00566594,0.00641988,0.00352864,-0.985995,0.00546817,1.82743,1.09819,0.000463178,0.151386,0.000674091,0.000944323,0.000269635,0.000575869,0.151386,0.151016,6.03558e-07,2.76425,0.273108
2044.0417,267.501,267.667,0,0.109373,0,0,0.000928651,6.74339e-06,-0.000928651,0,0,0,0,0,0,0,0,0,0.000642958,0,5.67484e-07,0,1.41139e-17,3.24322e-07,1.71602e-06,0,1.60574e-21,8.37091e-09,1.71602e-07,5.84501,83.5389,3.103,0.394645,75.5663,0.263053,3.69195,0.00327658,0.263053,1.73297,0.0638116,-0.314749,0.59647,0.00742934,-0.986001,0.00657636,0.00565806,0.00626317,0.003541,-0.986001,0.00544295,1.82745,1.09819,0.000502691,0.151385,0.000657636,0.00094301,0.000263053,0.000577858,0.151385,0.173815,5.67484e-07,2.742,0.26633
2044.1250,269.471,269.489,0,0.109373,0,0,0.00111638,7.08178e-06,-0.00111638,0,0,0,0,0,0,0,0,0,0.000631879,0,5.41224e-07,0,1.41502e-17,3.22186e-07,1.67415e-06,0,1.60903e-21,8.35263e-09,1.67415e-07,5.80946,83.5366,3.092,0.421963,75.5662,0.256634,3.68598,0.00309144,0.256634,1.73893,0.063466,-0.314468,0.596518,0.00800231,-0.986008,0.00641589,0.00565012,0.00611034,0.00355331,-0.986008,0.00541817,1.82746,1.09818,0.000541338,0.151385,0.000641589,0.000941686,0.000256634,0.000579843,0.151385,0.528122,5.41224e-07,2.71746,0.259726
2044.2083,275.382,274.715,0.820422,0.299732,0.284153,0.00178292,0.00159636,0.00194714,0.000186566,1.48523e-08,3.54545e-06,1.29028e-08,8.75011e-11,4.83953e-06,0.00141546,0.0259495,40.0606,0.0142034,0.000621135,2.14567e-11,5.29345e-07,7.14642e-05,1.28576e-17,-2.01669e-05,4.93773e-06,6.09755e-06,1.46414e-21,1.46393e-06,4.02053e-07,5.77045,83.5117,3.08132,0.419673,75.5786,0.250411,3.68019,0.00291915,0.250411,1.74299,0.0631302,-0.315191,0.595155,0.00792822,-0.984966,0.00626031,0.00564235,0.00596217,0.00356169,-0.984966,0.00539408,1.82748,1.09819,0.000534805,0.151419,0.000626031,0.000940392,0.000250411,0.000581196,0.151419,0.757335,5.29366e-07,2.68913,0.25333
2044.2917,289.238,287.241,2.17801,0.167975,1.66987,0.00754238,0.00336203,0.0021909,0.00418036,1.2405e-07,2.2101e-05,1.05961e-07,2.17548e-09,1.96951e-05,0.00426569,0.220861,163.597,0.0882577,0.000624375,9.45302e-10,5.57304e-07,2.26852e-06,1.14293e-17,3.29923e-05,2.90674e-05,3.61358e-07,1.30586e-21,2.61436e-06,2.1529e-06,5.78444,83.4836,3.08735,0.363802,75.5965,0.252172,3.68574,0.00301304,0.252172,1.73886,0.0632691,-0.316247,0.593667,0.00670585,-0.983442,0.00630433,0.00565026,0.00600409,0.00355317,-0.983442,0.00540436,1.82749,1.09823,0.000453875,0.151467,0.000630433,0.00094171,0.000252172,0.000579822,0.151467,2.02612,5.58249e-07,2.69709,0.255185
2044.3750,297.022,295.159,2.25746,0.141182,1.83593,0.00809864,0.00417008,0.0020664,0.00392856,1.54558e-07,2.61013e-05,1.28602e-07,5.59335e-09,2.19756e-05,0.00463574,0.411303,187.605,0.103068,0.000639481,3.3837e-09,6.16035e-07,5.7469e-06,1.20867e-17,3.3495e-05,3.59366e-05,6.08086e-07,1.38123e-21,2.59204e-06,2.65402e-06,5.83854,83.516,3.10775,0.343344,75.5975,0.260686,3.70119,0.00332172,0.260686,1.73658,0.0638088,-0.316005,0.593674,0.00628283,-0.983319,0.00651719,0.00567198,0.00620682,0.00354848,-0.983319,0.00544378,1.82751,1.09824,0.000426291,0.151469,0.000651719,0.00094533,0.000260686,0.00057906,0.151469,2.42386,6.19419e-07,2.73079,0.264008
2044.4583,294.732,294.288,2.41739,0.190106,1.97394,0.0102423,0.00494083,0.00259221,0.00530143,2.19012e-07,3.42237e-05,1.80455e-07,8.4524e-09,2.22213e-05,0.00398317,0.427948,204.927,0.13279,0.000669489,5.08396e-09,7.06709e-07,9.20923e-06,1.21044e-17,5.25532e-05,5.18812e-05,1.05275e-06,1.3848e-21,3.46115e-06,3.81787e-06,5.94989,83.5824,3.14632,0.309207,75.5946,0.277688,3.72924,0.00389649,0.277688,1.72873,0.0648434,-0.316094,0.593398,0.0056103,-0.983478,0.00694223,0.0057113,0.00661161,0.00353236,-0.983478,0.00551931,1.82753,1.09824,0.000379309,0.151457,0.000694223,0.000951883,0.000277688,0.000576443,0.151457,2.7606,7.11793e-07,2.80356,0.281584
2044.5417,290.783,290.545,2.55043,0.199753,1.23901,0.00668332,0.00418398,0.00221847,0.00249934,1.28112e-07,2.35502e-05,1.0554e-07,3.91815e-09,1.81909e-05,0.00378975,0.273736,178.215,0.0944839,0.000694337,1.8454e-09,7.63597e-07,6.4671e-06,1.21804e-17,4.89401e-05,3.20943e-05,9.55186e-07,1.3937e-21,3.00121e-06,2.38025e-06,6.04359,83.6422,3.17915,0.288308,75.5887,0.291715,3.75367,0.0043527,0.291715,1.72159,0.0656995,-0.31594,0.593539,0.00520565,-0.983902,0.00729291,0.00574584,0.0069456,0.00351776,-0.983902,0.00558196,1.82755,1.09824,0.000350928,0.151437,0.000729291,0.00095764,0.000291715,0.000574062,0.151437,1.83351,7.65443e-07,2.86444,0.296068
2044.6250,287.155,287.278,2.58705,0.147891,0.750032,0.00364526,0.00344756,0.00157569,0.000197696,5.34114e-08,1.2387e-05,4.40744e-08,1.31015e-09,1.37628e-05,0.00374615,0.158811,136.531,0.050783,0.000701329,4.8946e-10,7.72117e-07,2.46421e-07,1.23468e-17,3.58817e-05,1.46151e-05,5.65302e-08,1.41246e-21,2.09569e-06,1.11056e-06,6.0659,83.6428,3.1907,0.277937,75.5825,0.295555,3.7637,0.00446241,0.295555,1.71641,0.0659614,-0.315724,0.594181,0.00500433,-0.984379,0.00738891,0.00576054,0.00703703,0.00350725,-0.984379,0.00560144,1.82756,1.09828,0.000337225,0.151418,0.000738891,0.000960089,0.000295555,0.000572335,0.151418,0.918378,7.72607e-07,2.8752,0.300018
2044.7083,275.357,276.371,2.2792,0.183269,0.0764991,0.000568672,0.00187829,0.00111781,-0.00130961,5.01005e-10,2.234e-07,4.17907e-10,6.47437e-12,8.31691e-07,0.000353029,0.00453749,8.21889,0.00071606,0.000692961,1.18652e-12,7.39165e-07,1.43882e-07,1.23619e-17,2.16095e-05,2.01538e-06,4.27485e-08,1.41354e-21,1.40509e-06,1.98128e-07,6.03317,83.6096,3.1838,0.280372,75.5803,0.29064,3.76112,0.00428396,0.29064,1.71572,0.065716,-0.315412,0.59486,0.00505695,-0.984551,0.00726603,0.00575776,0.00692,0.00350602,-0.984551,0.00558412,1.82758,1.09831,0.000340832,0.151411,0.000726603,0.000959627,0.00029064,0.000572108,0.151411,0.365597,7.39166e-07,2.84937,0.294924
2044.7917,262.527,263.698,0.286519,0.145125,0.00112012,4.06939e-06,0.0008855,6.98551e-05,-0.000881431,0,0,0,0,0,0,0,0,0,0.000680341,0,6.95212e-07,2.68538e-15,1.32392e-17,2.58369e-06,1.84818e-06,8.01027e-16,1.51303e-21,8.71854e-08,1.84818e-07,5.99295,83.5878,3.17164,0.296678,75.5794,0.283311,3.75484,0.00403386,0.283311,1.71881,0.0653293,-0.315103,0.595292,0.00539519,-0.984632,0.00708282,0.00574977,0.00674551,0.00351254,-0.984632,0.00555655,1.8276,1.09834,0.000364287,0.151409,0.000708282,0.000958296,0.000283311,0.000573138,0.151409,0.140897,6.95212e-07,2.82131,0.287345
2044.8750,263.555,263.962,0,0.134217,0,0,0.000850469,6.57346e-06,-0.000850469,0,0,0,0,0,0,0,0,0,0.000668028,0,6.49131e-07,0,1.39041e-17,3.78051e-07,1.80156e-06,0,1.58813e-21,9.38214e-09,1.80156e-07,5.95955,83.5905,3.15968,0.326748,75.5792,0.276166,3.74857,0.00379835,0.276166,1.72505,0.0649502,-0.31479,0.595362,0.00602318,-0.98465,0.00690418,0.0057417,0.00657538,0.00352553,-0.98465,0.00552947,1.82762,1.09834,0.000406696,0.151408,0.000690419,0.00095695,0.000276166,0.000575217,0.151408,0.179035,6.49131e-07,2.79987,0.279964
2044.9583,266.084,266.298,0,0.134217,0,0,0.000813682,5.33935e-06,-0.000813682,0,0,0,0,0,0,0,0,0,0.000655822,0,6.05448e-07,0,1.40363e-17,2.86121e-07,1.75539e-06,0,1.60234e-21,7.17943e-09,1.75539e-07,5.92607,83.5934,3.1477,0.356847,75.5791,0.269088,3.74221,0.00357304,0.269088,1.73141,0.0645724,-0.314479,0.595414,0.00665323,-0.984658,0.00672723,0.00573341,0.00640685,0.00353873,-0.984658,0.00550247,1.82764,1.09834,0.00044913,0.151408,0.000672723,0.000955569,0.000269088,0.000577335,0.151408,0.144618,6.05448e-07,2.77837,0.272661
2045.0417,265.627,265.844,0,0.134217,0,0,0.000855517,4.9329e-06,-0.000855517,0,0,0,0,0,0,0,0,0,0.000644487,0,5.6803e-07,0,1.41246e-17,2.47325e-07,1.71254e-06,0,1.61158e-21,6.25735e-09,1.71254e-07,5.89445,83.5958,3.13649,0.384824,75.579,0.262519,3.73617,0.00337095,0.262519,1.73745,0.0642198,-0.314192,0.595461,0.00723965,-0.984664,0.00656301,0.00572546,0.00625045,0.00355125,-0.984664,0.00547722,1.82765,1.09834,0.00048864,0.151408,0.000656301,0.000954243,0.000262519,0.000579349,0.151408,0.142407,5.6803e-07,2.75796,0.26589
2045.1250,267.532,267.653,0,0.134217,0,0,0.000962178,4.97363e-06,-0.000962178,0,0,0,0,0,0,0,0,0,0.000633425,0,5.39722e-07,0,1.42393e-17,2.32247e-07,1.67075e-06,0,1.62383e-21,5.92469e-09,1.67075e-07,5.86032,83.5949,3.12544,0.412143,75.579,0.256113,3.73013,0.00318047,0.256113,1.74348,0.063874,-0.313911,0.595507,0.00781312,-0.984668,0.00640287,0.00571745,0.00609794,0.00356372,-0.984668,0.00545242,1.82767,1.09833,0.000527297,0.151408,0.000640287,0.000952908,0.000256113,0.000581358,0.151408,0.366886,5.39722e-07,2.73488,0.259294
2045.2083,275.771,274.926,1.01167,0.391771,0.370844,0.0021905,0.00170303,0.00198834,0.000487468,2.04858e-08,4.72863e-06,1.7769e-08,1.14746e-10,6.52926e-06,0.0018679,0.0354334,52.2086,0.0194714,0.000623073,2.65947e-11,5.23568e-07,7.37982e-05,1.27591e-17,-1.85315e-05,6.17711e-06,6.52598e-06,1.45742e-21,1.5238e-06,4.90964e-07,5.82368,83.5711,3.11512,0.408028,75.592,0.250119,3.72452,0.00300873,0.250119,1.74734,0.0635478,-0.314762,0.593997,0.00769638,-0.983575,0.006253,0.00570995,0.00595521,0.0035717,-0.983575,0.00542901,1.82769,1.09835,0.00051785,0.151444,0.0006253,0.000951658,0.000250119,0.000582646,0.151444,0.837995,5.23594e-07,2.70855,0.253127
2045.2917,287.844,286.5,2.20091,0.183798,1.58087,0.00855179,0.00352535,0.00231228,0.00502644,1.5992e-07,2.624e-05,1.36336e-07,2.76837e-09,2.15241e-05,0.00418269,0.212998,175.802,0.106645,0.00063105,1.05097e-09,5.55231e-07,1.5066e-06,1.14786e-17,3.57565e-05,3.723e-05,2.4415e-07,1.31547e-21,2.79419e-06,2.74232e-06,5.84607,83.5514,3.12583,0.35398,75.6084,0.254628,3.73257,0.00315565,0.254628,1.74299,0.0637826,-0.315824,0.592492,0.00651681,-0.982178,0.00636574,0.00572136,0.00606257,0.00356273,-0.982178,0.00544617,1.8277,1.09838,0.000439799,0.151488,0.000636574,0.000953561,0.000254628,0.000581198,0.151488,2.02476,5.56282e-07,2.72024,0.257784
2045.3750,294.257,292.686,2.36991,0.129924,1.98959,0.00935287,0.00423767,0.00172018,0.0051152,1.94153e-07,3.15337e-05,1.62106e-07,5.68041e-09,2.42394e-05,0.00491597,0.393608,214.024,0.12692,0.000662681,2.97939e-09,6.23624e-07,4.03249e-08,1.21624e-17,2.8284e-05,4.61093e-05,5.22239e-09,1.39396e-21,2.1426e-06,3.38989e-06,5.95193,83.6314,3.16396,0.331209,75.6087,0.272659,3.7587,0.00369754,0.272659,1.73956,0.0647488,-0.315542,0.592208,0.00605472,-0.982109,0.00681651,0.00575796,0.00649189,0.00355569,-0.982109,0.00551648,1.82772,1.09836,0.000408925,0.151487,0.000681652,0.000959659,0.000272659,0.000580054,0.151487,2.42758,6.26603e-07,2.78797,0.276357
2045.4583,297.682,296.455,2.5223,0.13471,1.6681,0.00709844,0.00443018,0.00180625,0.00266826,1.38311e-07,2.45446e-05,1.13685e-07,5.27802e-09,2.0608e-05,0.00455373,0.431363,194.476,0.100179,0.000690983,3.31263e-09,6.92448e-07,2.18577e-07,1.26181e-17,2.98432e-05,3.42708e-05,2.8536e-08,1.44639e-21,2.29491e-06,2.53345e-06,6.03905,83.7005,3.19865,0.316437,75.6088,0.288759,3.78287,0.0041631,0.288759,1.73625,0.0656214,-0.315248,0.591857,0.00577005,-0.982046,0.00721901,0.00579202,0.00687522,0.00354896,-0.982046,0.00558009,1.82774,1.09833,0.000388037,0.151485,0.000721901,0.000965337,0.000288759,0.000578949,0.151485,2.18251,6.9576e-07,2.8404,0.292922
2045.5417,292.992,292.792,2.57865,0.153402,1.02004,0.00508566,0.00392086,0.00176396,0.0011648,8.9319e-08,1.85719e-05,7.31929e-08,3.18825e-09,1.84623e-05,0.00431107,0.329991,177.87,0.0785902,0.000701514,1.76431e-09,7.28411e-07,4.16495e-07,1.27659e-17,3.05433e-05,2.30551e-05,6.787e-08,1.46362e-21,2.26135e-06,1.71977e-06,6.05888,83.7048,3.2132,0.305254,75.608,0.294675,3.7941,0.00431068,0.294675,1.73269,0.065951,-0.314948,0.592053,0.00556085,-0.982055,0.0073669,0.00580832,0.00701606,0.00354178,-0.982055,0.00560436,1.82776,1.09835,0.000372165,0.15148,0.00073669,0.000968053,0.000294675,0.000577764,0.15148,1.56901,7.30175e-07,2.84568,0.298985
2045.6250,285.521,285.742,2.59274,0.201839,0.442249,0.00303923,0.00308441,0.00187854,-4.51807e-05,4.28244e-08,1.06212e-05,3.55025e-08,8.97982e-10,1.38106e-05,0.004057,0.128724,133.803,0.0444481,0.000704295,2.74808e-10,7.29398e-07,2.48351e-06,1.24302e-17,3.77791e-05,1.21541e-05,5.91261e-07,1.42538e-21,2.45075e-06,9.30381e-07,6.0587,83.6874,3.21889,0.294576,75.6056,0.296151,3.79958,0.00432283,0.296151,1.72856,0.0660431,-0.314691,0.592578,0.00535761,-0.982203,0.00740381,0.00581667,0.00705122,0.0035334,-0.982203,0.00561142,1.82777,1.09839,0.000357381,0.15147,0.000740381,0.000969444,0.000296151,0.000576387,0.15147,0.932836,7.29673e-07,2.83981,0.300474
2045.7083,273.285,274.247,1.63612,0.339301,0.0627062,0.000496654,0.00165928,0.00109209,-0.00116262,1.08254e-09,5.13443e-07,9.05085e-10,1.18802e-11,1.57254e-06,0.000724124,0.00776366,15.0946,0.00161039,0.00069578,1.7748e-12,7.06423e-07,1.22711e-06,1.22692e-17,2.43586e-05,2.1577e-06,3.14259e-07,1.40681e-21,1.40347e-06,2.08315e-07,6.02487,83.6424,3.21157,0.289515,75.6021,0.291164,3.79653,0.00414362,0.291164,1.72585,0.0657842,-0.314459,0.593433,0.00525806,-0.982463,0.00727914,0.00581318,0.00693248,0.00352796,-0.982463,0.00559309,1.82779,1.09844,0.000351082,0.15146,0.000727914,0.000968863,0.000291164,0.000575484,0.15146,0.44129,7.06425e-07,2.8133,0.295308
2045.7917,264.339,264.958,0,0.486629,0,0,0.00091776,4.11974e-05,-0.00091776,0,0,0,0,0,0,0,0,0,0.000683155,0,6.65808e-07,2.86113e-35,1.34135e-17,1.59985e-06,1.85159e-06,8.33256e-36,1.53709e-21,4.98529e-08,1.85159e-07,5.98686,83.6289,3.19937,0.31077,75.6011,0.283834,3.79021,0.00390205,0.283834,1.73022,0.0653975,-0.314154,0.593769,0.00569788,-0.982556,0.00709589,0.00580507,0.00675796,0.00353709,-0.982556,0.00556552,1.82781,1.09845,0.000381895,0.151457,0.000709589,0.000967511,0.000283834,0.000576938,0.151457,0.149117,6.65808e-07,2.78749,0.287736
2045.8750,264.694,264.993,0,0.486629,0,0,0.000829668,1.25362e-05,-0.000829668,0,0,0,0,0,0,0,0,0,0.000670816,0,6.20965e-07,0,1.38147e-17,5.27877e-07,1.80489e-06,0,1.58217e-21,1.46404e-08,1.80489e-07,5.95302,83.6312,3.18735,0.34077,75.6009,0.276676,3.78388,0.00367424,0.276676,1.73651,0.0650177,-0.313841,0.593837,0.00632568,-0.982571,0.00691692,0.00579685,0.00658751,0.00355018,-0.982571,0.0055384,1.82783,1.09845,0.000424319,0.151457,0.000691692,0.000966142,0.000276676,0.000579038,0.151457,0.108681,6.20965e-07,2.76567,0.28035
2045.9583,265.953,266.134,0,0.486629,0,0,0.000811672,1.08166e-05,-0.000811672,0,0,0,0,0,0,0,0,0,0.000658585,0,5.79404e-07,0,1.39763e-17,3.71077e-07,1.75863e-06,0,1.59978e-21,1.07961e-08,1.75863e-07,5.91942,83.6339,3.17532,0.37067,75.6009,0.269584,3.77746,0.00345629,0.269584,1.74292,0.0646393,-0.313531,0.593892,0.00695259,-0.982578,0.00673964,0.00578842,0.00641867,0.00356346,-0.982578,0.00551134,1.82785,1.09845,0.000466626,0.151457,0.000673964,0.000964737,0.000269584,0.000581173,0.151457,0.124754,5.79404e-07,2.7441,0.27304
2046.0417,262.253,262.615,0,0.486629,0,0,0.000632989,4.19952e-06,-0.000632989,0,0,0,0,0,0,0,0,0,0.000647227,0,5.40387e-07,0,1.42062e-17,1.8785e-07,1.7157e-06,0,1.62524e-21,4.91589e-09,1.7157e-07,5.89088,83.6392,3.16404,0.39851,75.6008,0.263003,3.77136,0.0032608,0.263003,1.74901,0.0642862,-0.313244,0.593939,0.00753721,-0.982582,0.00657512,0.00578034,0.00626198,0.00357607,-0.982582,0.00548605,1.82786,1.09845,0.000506068,0.151457,0.000657512,0.00096339,0.000263003,0.000583204,0.151457,0.0674987,5.40387e-07,2.72684,0.266264
2046.1250,264.094,264.231,0,0.486629,0,0,0.000806083,1.23731e-06,-0.000806083,0,0,0,0,0,0,0,0,0,0.000636142,0,5.07568e-07,0,1.46071e-17,8.67489e-08,1.67384e-06,0,1.67025e-21,2.01272e-09,1.67384e-07,5.86109,83.6429,3.15294,0.425883,75.6008,0.256586,3.76527,0.00307655,0.256586,1.7551,0.0639398,-0.312964,0.59398,0.00811319,-0.982585,0.00641468,0.0057722,0.00610919,0.00358865,-0.982585,0.00546121,1.82788,1.09845,0.000544847,0.151457,0.000641468,0.000962033,0.000256586,0.000585234,0.151457,0.238326,5.07568e-07,2.70815,0.259662
2046.2083,270.151,269.746,0.329436,0.517138,0.0909508,0.000595994,0.00116791,0.000881404,-0.000571917,3.60028e-09,8.96375e-07,3.11421e-09,1.34621e-11,1.65479e-06,0.00044365,0.00749546,12.4644,0.0037845,0.000624992,2.6189e-12,4.87659e-07,5.67877e-05,1.43579e-17,-2.63696e-05,2.42221e-06,4.13507e-06,1.64173e-21,4.10355e-07,2.1993e-07,5.82591,83.6385,3.14167,0.447816,75.6037,0.250135,3.75901,0.00289744,0.250135,1.76112,0.0635894,-0.31297,0.593615,0.00856982,-0.982346,0.00625341,0.00576376,0.00595559,0.00360106,-0.982346,0.00543605,1.8279,1.09845,0.000574928,0.151464,0.000625341,0.000960626,0.000250135,0.000587239,0.151464,0.609749,4.87662e-07,2.68424,0.253032
2046.2917,285.432,283.958,2.17968,0.227804,1.31055,0.00781747,0.00313019,0.00269022,0.00468727,1.39894e-07,2.31224e-05,1.20441e-07,1.72841e-09,2.14255e-05,0.00435793,0.16073,167.88,0.0979808,0.000628872,5.65041e-10,5.09794e-07,1.29659e-05,1.18915e-17,2.47756e-05,3.29114e-05,2.04794e-06,1.36568e-21,2.90559e-06,2.42269e-06,5.82839,83.6069,3.14659,0.387987,75.6313,0.252348,3.76252,0.00295018,0.252348,1.75914,0.0636558,-0.314788,0.590735,0.00723286,-0.980009,0.00630874,0.00576881,0.00600829,0.00359693,-0.980009,0.00544094,1.82791,1.09848,0.000484936,0.15154,0.000630874,0.000961469,0.000252348,0.000586579,0.15154,1.80486,5.10359e-07,2.6818,0.255299
2046.3750,293.589,291.95,2.38136,0.146807,2.04319,0.010157,0.00444586,0.00208565,0.00571116,2.19324e-07,3.31076e-05,1.84398e-07,5.71322e-09,2.45307e-05,0.00464918,0.363168,211.065,0.137025,0.000666324,2.84969e-09,5.80194e-07,5.17475e-07,1.20963e-17,3.35859e-05,5.2379e-05,5.75544e-08,1.39016e-21,2.58529e-06,3.83723e-06,5.93371,83.6746,3.18801,0.351551,75.635,0.273866,3.78839,0.00350026,0.273866,1.75436,0.0646752,-0.314582,0.590336,0.00647186,-0.979652,0.0068467,0.00580494,0.00652063,0.00358708,-0.979652,0.00551486,1.82793,1.09846,0.000434728,0.151548,0.00068467,0.000967491,0.000273866,0.000584986,0.151548,2.52174,5.83044e-07,2.7457,0.277367
2046.4583,294.165,293.499,2.60724,0.192101,1.82892,0.0099634,0.00497867,0.0025653,0.00498473,2.15067e-07,3.3448e-05,1.77753e-07,7.22788e-09,2.25949e-05,0.00409352,0.398872,215.688,0.13872,0.000707764,4.05459e-09,6.62106e-07,1.10919e-05,1.22586e-17,4.69308e-05,5.38064e-05,1.27592e-06,1.40971e-21,3.33999e-06,3.94526e-06,6.04904,83.7572,3.23418,0.325335,75.6341,0.297652,3.81749,0.0040899,0.297652,1.74872,0.0658413,-0.314462,0.589817,0.00595306,-0.979649,0.00744134,0.00584579,0.00708696,0.00357552,-0.979649,0.00559956,1.82795,1.09844,0.000398709,0.151542,0.000744134,0.000974298,0.000297652,0.000583107,0.151542,2.56087,6.66161e-07,2.81486,0.301742
2046.5417,288.566,288.404,2.7765,0.23865,0.916038,0.00648622,0.0040644,0.00250201,0.00242182,1.2445e-07,2.29418e-05,1.03311e-07,2.86101e-09,1.80905e-05,0.00383453,0.208432,186.93,0.0982709,0.00073853,1.01738e-09,7.08387e-07,2.09891e-05,1.18143e-17,5.43182e-05,3.3351e-05,2.74294e-06,1.35998e-21,3.35053e-06,2.46604e-06,6.13743,83.8082,3.26925,0.300723,75.629,0.315268,3.84019,0.00449924,0.315268,1.74102,0.0667244,-0.314655,0.58959,0.00546854,-0.979997,0.00788173,0.00587797,0.00750638,0.00355977,-0.979997,0.00566391,1.82797,1.09845,0.000365549,0.151524,0.000788173,0.000979662,0.000315268,0.00058054,0.151524,1.55271,7.09404e-07,2.86818,0.319767
2046.6250,285.049,285.217,2.82793,0.188751,0.624294,0.00352169,0.00332617,0.00188195,0.000195517,5.08866e-08,1.1829e-05,4.22193e-08,9.59412e-10,1.35291e-05,0.00383848,0.118519,142.438,0.0513575,0.000747935,2.94483e-10,7.14845e-07,1.18158e-06,1.18364e-17,4.31158e-05,1.50134e-05,2.34673e-07,1.36285e-21,2.50788e-06,1.13996e-06,6.15849,83.8012,3.28143,0.285997,75.6222,0.320583,3.84911,0.00457898,0.320583,1.73459,0.0669935,-0.314636,0.590172,0.00517569,-0.980524,0.00801462,0.00589117,0.00763293,0.00354667,-0.980524,0.00568385,1.82799,1.09849,0.000346362,0.151503,0.000801462,0.000981862,0.000320583,0.000578395,0.151503,0.899828,7.15139e-07,2.87706,0.325162
2046.7083,273.539,274.568,1.91035,0.169567,0.077772,0.000582031,0.00178185,0.000969402,-0.00119982,2.00879e-09,6.86784e-07,1.6767e-09,2.15546e-11,1.28567e-06,0.000498017,0.00645939,13.4316,0.00272861,0.000739334,3.41266e-12,6.85528e-07,3.01014e-08,1.20644e-17,2.10617e-05,2.56808e-06,9.15311e-09,1.38838e-21,1.23072e-06,2.42318e-07,6.12614,83.7643,3.27416,0.286788,75.6185,0.315539,3.84621,0.00438977,0.315539,1.73285,0.066732,-0.314299,0.591046,0.00519299,-0.980813,0.00788851,0.00588797,0.00751284,0.00354325,-0.980813,0.00566545,1.82801,1.09854,0.000348199,0.151492,0.000788851,0.000981328,0.000315539,0.000577815,0.151492,0.284068,6.85531e-07,2.85198,0.319929
2046.7917,267.766,268.693,0.0399485,0.0727114,0.0004964,1.70127e-06,0.00114419,0.000190281,-0.00114249,0,0,0,0,0,0,0,0,0,0.00072568,0,6.44094e-07,4.77939e-19,1.27175e-17,4.28705e-06,2.0066e-06,1.45283e-19,1.46252e-21,2.04584e-07,2.0066e-07,6.08449,83.7481,3.26129,0.308524,75.6179,0.307597,3.83981,0.00413385,0.307597,1.73718,0.0663206,-0.313957,0.591408,0.00563867,-0.980877,0.00768996,0.00587983,0.00732374,0.00355234,-0.980877,0.00563624,1.82803,1.09855,0.000379609,0.151491,0.000768997,0.000979971,0.000307597,0.000579259,0.151491,0.233345,6.44094e-07,2.8232,0.311731
2046.8750,265.364,266.161,0,0.0573273,0,0,0.000883695,6.00113e-05,-0.000883695,0,0,0,0,0,0,0,0,0,0.000712333,0,6.04553e-07,0,1.33302e-17,1.28699e-06,1.95599e-06,0,1.53199e-21,5.57965e-08,1.956e-07,6.04819,83.7475,3.2486,0.338085,75.6179,0.299839,3.8334,0.0038925,0.299839,1.74331,0.0659167,-0.313622,0.591525,0.00625095,-0.98088,0.00749602,0.00587157,0.00713903,0.00356511,-0.98088,0.00560751,1.82805,1.09856,0.000421712,0.151491,0.000749602,0.000978595,0.000299839,0.000581302,0.151491,0.130503,6.04553e-07,2.79959,0.303732
2046.9583,263.722,264.326,0,0.0573276,0,0,0.000760088,1.09627e-05,-0.000760088,0,0,0,0,0,0,0,0,0,0.000699102,0,5.62253e-07,0,1.3839e-17,3.8425e-07,1.90586e-06,0,1.58956e-21,1.15224e-08,1.90586e-07,6.01607,83.7535,3.23591,0.369719,75.6179,0.292154,3.82689,0.0036616,0.292154,1.74976,0.0655143,-0.313291,0.591589,0.00691123,-0.980883,0.00730389,0.0058631,0.00695605,0.00357851,-0.980883,0.00557885,1.82806,1.09856,0.000466393,0.151491,0.000730389,0.000977184,0.000292154,0.000583452,0.151491,0.133414,5.62253e-07,2.78015,0.295816
2047.0417,265.13,265.51,0,0.057328,0,0,0.000786035,4.05232e-06,-0.000786035,0,0,0,0,0,0,0,0,0,0.000686817,0,5.27178e-07,0,1.40395e-17,2.0746e-07,1.85934e-06,0,1.61175e-21,5.24196e-09,1.85934e-07,5.98484,83.7584,3.22402,0.39978,75.6179,0.285022,3.82071,0.00345451,0.285022,1.75593,0.065139,-0.312983,0.591634,0.00754078,-0.980888,0.0071256,0.00585497,0.00678625,0.0035913,-0.980888,0.00555208,1.82808,1.09855,0.000508752,0.151491,0.00071256,0.000975829,0.000285022,0.00058551,0.151491,0.108799,5.27178e-07,2.76082,0.288477
2047.1250,264.929,265.252,0,0.0573493,0,0,0.000814594,3.75686e-06,-0.000814594,0,0,0,0,0,0,0,0,0,0.000674828,0,4.96052e-07,0,1.42261e-17,1.771e-07,1.81397e-06,0,1.63233e-21,4.52197e-09,1.81397e-07,5.95375,83.7629,3.21232,0.429185,75.6178,0.278068,3.81454,0.00325931,0.278068,1.7621,0.0647709,-0.312683,0.591677,0.00815747,-0.980892,0.00695173,0.00584678,0.00662066,0.00360406,-0.980892,0.0055258,1.8281,1.09855,0.000550241,0.151491,0.000695173,0.000974463,0.000278068,0.000587566,0.151491,0.18679,4.96052e-07,2.74143,0.281327
2047.2083,270.14,270.01,0,0.245435,0,0,0.00114821,0.000688793,-0.00114821,0,0,0,0,0,0,0,0,0,0.000662729,0,4.73686e-07,1.17083e-05,1.41679e-17,-2.19386e-05,1.76821e-06,5.59678e-07,1.62508e-21,3.67361e-07,1.76821e-07,5.91737,83.7586,3.20041,0.451551,75.6215,0.271054,3.80817,0.00306896,0.271054,1.76811,0.0643976,-0.312431,0.591517,0.0086216,-0.980583,0.00677638,0.00583825,0.00645366,0.00361648,-0.980583,0.0054991,1.82812,1.09855,0.00058034,0.151501,0.000677638,0.000973042,0.000271054,0.000589571,0.151501,0.442871,4.73686e-07,2.71696,0.274123
2047.2917,282.491,281.039,1.94185,0.350182,1.09919,0.00685885,0.00269079,0.0028742,0.00416806,9.72536e-08,1.81143e-05,8.37755e-08,9.90953e-10,1.5048e-05,0.00352561,0.111972,138.904,0.0715256,0.000656894,3.02742e-10,4.85794e-07,6.05672e-05,1.16988e-17,1.4708e-05,2.44222e-05,7.21268e-06,1.34713e-21,2.88344e-06,1.81999e-06,5.90252,83.7194,3.19596,0.402081,75.6478,0.26762,3.80685,0.0030045,0.26762,1.76695,0.0642586,-0.313902,0.589053,0.00752466,-0.978352,0.00669054,0.00583665,0.00637191,0.00361405,-0.978352,0.00548936,1.82813,1.09859,0.000504124,0.151573,0.000669054,0.000972775,0.00026762,0.000589183,0.151573,1.73337,4.86097e-07,2.70656,0.270624
2047.3750,292.982,291.58,2.43106,0.22371,2.21265,0.0115576,0.0046241,0.00313607,0.00693353,2.21919e-07,3.53085e-05,1.86511e-07,5.84315e-09,2.19176e-05,0.00414424,0.348696,209.774,0.135352,0.000677312,3.01236e-09,5.68645e-07,1.90901e-05,1.10703e-17,5.59616e-05,5.38779e-05,2.60425e-06,1.27805e-21,4.0002e-06,3.96564e-06,6.00372,83.7647,3.2235,0.348231,75.6535,0.279136,3.82768,0.00344078,0.279136,1.75929,0.0650971,-0.314438,0.588275,0.00639966,-0.977808,0.00697844,0.00586578,0.0066461,0.00359823,-0.977808,0.00555066,1.82815,1.0986,0.00043021,0.151585,0.000697844,0.000977631,0.000279136,0.00058663,0.151585,2.98852,5.71658e-07,2.78022,0.282577
2047.4583,294.97,294.232,2.61138,0.260509,2.02855,0.0111136,0.00527915,0.00342688,0.00583445,2.19263e-07,3.54164e-05,1.81033e-07,7.73465e-09,2.07633e-05,0.00381547,0.416575,213.965,0.135715,0.000710836,4.52221e-09,6.67774e-07,4.68039e-05,1.07125e-17,8.01138e-05,5.47975e-05,6.74464e-06,1.24008e-21,4.69728e-06,4.03628e-06,6.1529,83.8475,3.26734,0.301537,75.6458,0.298091,3.86003,0.00410846,0.298091,1.74724,0.0663817,-0.315376,0.587551,0.00546771,-0.97835,0.00745231,0.00591111,0.00709741,0.00357343,-0.97835,0.00564457,1.82817,1.09862,0.000367482,0.151559,0.000745232,0.000985185,0.000298091,0.000582614,0.151559,2.86188,6.72296e-07,2.88556,0.3022
2047.5417,291.805,291.595,2.7435,0.20427,1.38889,0.007268,0.00464866,0.0024549,0.00261933,1.27734e-07,2.404e-05,1.04705e-07,4.11669e-09,1.70818e-05,0.00366362,0.295912,184.741,0.0952743,0.00073529,2.12572e-09,7.38565e-07,7.02612e-06,1.10431e-17,6.4156e-05,3.34577e-05,1.07408e-06,1.27899e-21,3.4157e-06,2.48458e-06,6.25557,83.8994,3.30063,0.274498,75.6331,0.311852,3.88542,0.00457852,0.311852,1.73629,0.0673116,-0.31572,0.587843,0.00492883,-0.979355,0.00779634,0.00594703,0.00742505,0.00355096,-0.979355,0.00571278,1.82819,1.09865,0.000331946,0.151521,0.000779634,0.000991172,0.000311852,0.000578962,0.151521,1.91162,7.4069e-07,2.95494,0.316431
2047.6250,283.793,284.211,2.76287,0.197908,0.486998,0.00315739,0.00313116,0.00178387,2.62351e-05,3.87496e-08,9.89919e-06,3.19961e-08,7.50863e-10,1.18384e-05,0.00378963,0.105553,128.828,0.0397813,0.000739118,2.34174e-10,7.44847e-07,1.78057e-06,1.11664e-17,4.48156e-05,1.16531e-05,3.72991e-07,1.29233e-21,2.40476e-06,8.99511e-07,6.2725,83.8937,3.30899,0.266638,75.6241,0.31386,3.89368,0.00464008,0.31386,1.73049,0.0675069,-0.315472,0.588805,0.00477096,-0.980094,0.00784654,0.00595933,0.00747286,0.00353918,-0.980094,0.00572756,1.82821,1.09869,0.000322012,0.151496,0.000784654,0.000993222,0.00031386,0.00057703,0.151496,0.848918,7.45081e-07,2.96351,0.3185
2047.7083,272.862,273.997,2.22449,0.216025,0.108429,0.000692049,0.0018389,0.00104315,-0.00114685,1.72851e-09,8.62536e-07,1.44138e-09,1.41364e-11,2.40801e-06,0.00122095,0.00966547,25.7861,0.00264102,0.000728705,1.6543e-12,7.14409e-07,4.49604e-07,1.13034e-17,2.64599e-05,2.43489e-06,1.24597e-07,1.3073e-21,1.36845e-06,2.31247e-07,6.2353,83.8497,3.29999,0.267633,75.6186,0.307765,3.88991,0.00442956,0.307765,1.72813,0.0672044,-0.315174,0.589851,0.00479163,-0.980556,0.00769415,0.00595493,0.00732773,0.00353447,-0.980556,0.00570618,1.82823,1.09874,0.000323823,0.151481,0.000769415,0.000992488,0.000307765,0.000576242,0.151481,0.367403,7.14411e-07,2.93531,0.312194
2047.7917,264.645,265.717,0,0.0693792,0,0,0.00104627,4.7243e-05,-0.00104627,0,0,0,0,0,0,0,0,0,0.000715407,0,6.71182e-07,1.63861e-26,1.25272e-17,2.16165e-06,1.95728e-06,4.56905e-27,1.44777e-21,6.18758e-08,1.95728e-07,6.19463,83.8364,3.28731,0.292167,75.6168,0.300037,3.88346,0.00417204,0.300037,1.73272,0.0668007,-0.31484,0.590231,0.00529793,-0.980714,0.00750096,0.00594673,0.00714374,0.00354411,-0.980714,0.00567746,1.82825,1.09876,0.000358904,0.151476,0.000750096,0.000991122,0.000300037,0.000577774,0.151476,0.144504,6.71182e-07,2.90732,0.304209
2047.8750,254.857,256.415,0,0.0587786,0,0,0.000667073,3.71478e-06,-0.000667073,0,0,0,0,0,0,0,0,0,0.000702375,0,6.26127e-07,0,1.39236e-17,2.43541e-07,1.90792e-06,0,1.60821e-21,5.83288e-09,1.90792e-07,6.16021,83.8399,3.27475,0.323887,75.6166,0.29247,3.87698,0.00392847,0.29247,1.73917,0.0664032,-0.314512,0.590305,0.00595867,-0.980736,0.00731178,0.00593838,0.00696357,0.00355754,-0.980736,0.00564914,1.82827,1.09876,0.000403502,0.151476,0.000731178,0.00098973,0.00029247,0.000579924,0.151476,0.113813,6.26127e-07,2.88546,0.296398
2047.9583,258.549,259.072,0,0.0587993,0,0,0.000701707,3.89869e-07,-0.000701707,0,0,0,0,0,0,0,0,0,0.000689457,0,5.82331e-07,0,1.49462e-17,3.24161e-08,1.85902e-06,0,1.72537e-21,7.36713e-10,1.85902e-07,6.12714,83.8452,3.2622,0.355756,75.6166,0.284974,3.8704,0.00369543,0.284974,1.74575,0.0660071,-0.314186,0.590349,0.00662436,-0.980739,0.00712437,0.00592981,0.00678508,0.0035712,-0.980739,0.00562089,1.82829,1.09876,0.000448234,0.151476,0.000712437,0.000988302,0.000284974,0.000582117,0.151476,0.0849144,5.82331e-07,2.86494,0.288669
2048.0417,262.248,262.513,0,0.0587923,0,0,0.00075396,2.04069e-07,-0.00075396,0,0,0,0,0,0,0,0,0,0.000677461,0,5.44672e-07,0,1.52205e-17,1.72467e-08,1.81364e-06,0,1.75613e-21,3.87563e-10,1.81364e-07,6.09509,83.8491,3.25043,0.385388,75.6166,0.278017,3.86415,0.00348642,0.278017,1.752,0.0656376,-0.313885,0.590389,0.00724409,-0.980739,0.00695046,0.00592159,0.00661945,0.00358416,-0.980739,0.00559448,1.8283,1.09876,0.000489888,0.151476,0.000695046,0.000986931,0.000278017,0.000584201,0.151476,0.112632,5.44672e-07,2.84466,0.281503
2048.1250,264.886,264.837,0,0.0679702,0,0,0.000964612,2.65007e-05,-0.000964612,0,0,0,0,0,0,0,0,0,0.000665755,0,5.11035e-07,7.30375e-10,1.41653e-17,-1.56087e-06,1.76939e-06,1.05661e-10,1.63356e-21,7.17092e-09,1.76939e-07,6.06263,83.8518,3.23885,0.41428,75.6166,0.271233,3.85791,0.00328942,0.271233,1.75824,0.0652752,-0.313592,0.590424,0.00784907,-0.980737,0.00678087,0.0059133,0.00645793,0.00359707,-0.980737,0.00556856,1.82832,1.09876,0.000530551,0.151476,0.000678087,0.00098555,0.000271233,0.000586281,0.151476,0.241271,5.11035e-07,2.82379,0.274523
2048.2083,277.546,276.341,1.4778,0.409259,0.494135,0.00290566,0.00193292,0.00211917,0.000972742,2.60341e-08,6.49331e-06,2.25305e-08,1.37334e-10,7.84808e-06,0.00238477,0.0490483,72.7602,0.0253335,0.000655032,3.24467e-11,4.98141e-07,6.37112e-05,1.14258e-17,-2.3061e-05,7.74098e-06,5.4548e-06,1.32019e-21,1.52495e-06,6.08399e-07,6.02476,83.8231,3.22844,0.402242,75.6342,0.265012,3.85247,0.00312017,0.265012,1.76188,0.0649488,-0.314519,0.588628,0.00756459,-0.979265,0.00662533,0.00590605,0.00630981,0.00360458,-0.979265,0.0055452,1.82834,1.09877,0.000509034,0.151524,0.000662533,0.000984342,0.000265012,0.000587494,0.151524,0.918352,4.98174e-07,2.79632,0.268132
2048.2917,289.299,287.318,2.31763,0.180766,1.74908,0.00838295,0.00368826,0.00231848,0.00469469,1.43642e-07,2.59618e-05,1.22297e-07,2.4759e-09,1.96353e-05,0.00428696,0.247454,183.015,0.0993146,0.000658956,1.12149e-09,5.35671e-07,2.37318e-06,9.91377e-18,3.48028e-05,3.4729e-05,2.85008e-07,1.14832e-21,2.76431e-06,2.57318e-06,6.05114,83.8107,3.23653,0.351021,75.6506,0.267107,3.86026,0.00325904,0.267107,1.75796,0.0651705,-0.315147,0.5875,0.00645702,-0.977871,0.00667771,0.00591711,0.00635969,0.00359645,-0.977871,0.00556165,1.82835,1.0988,0.000435445,0.151569,0.000667772,0.000986186,0.000267107,0.000586186,0.151569,2.23361,5.36792e-07,2.81461,0.270366
2048.3750,295.581,294.066,2.44189,0.165707,2.28155,0.0110302,0.004857,0.00232315,0.00617323,2.20734e-07,3.57597e-05,1.8354e-07,6.95858e-09,2.23032e-05,0.00452078,0.43443,217.495,0.133339,0.000682435,3.99882e-09,6.28048e-07,6.205e-06,1.13906e-17,4.15257e-05,5.30953e-05,6.45044e-07,1.32005e-21,2.94809e-06,3.91567e-06,6.1607,83.8865,3.26961,0.322143,75.6508,0.280283,3.88614,0.00379486,0.280283,1.75286,0.0661063,-0.314946,0.587287,0.00587712,-0.977803,0.0070071,0.00595336,0.0066734,0.00358595,-0.977803,0.00563021,1.82837,1.09879,0.000395884,0.151567,0.00070071,0.000992226,0.000280283,0.000584485,0.151567,2.92849,6.32047e-07,2.89109,0.284078
2048.4583,291.669,291.055,2.60975,0.182057,1.52636,0.00986447,0.00462016,0.00207061,0.00524431,1.98505e-07,3.38761e-05,1.6446e-07,5.50535e-09,2.0475e-05,0.00414695,0.322375,215.545,0.127233,0.000713833,2.54402e-09,7.02248e-07,9.35213e-06,1.17895e-17,3.97358e-05,4.96938e-05,1.16029e-06,1.36654e-21,2.67629e-06,3.67056e-06,6.30559,84.0051,3.31315,0.303098,75.6485,0.297924,3.9198,0.00447313,0.297924,1.74784,0.0673007,-0.314801,0.586764,0.00550449,-0.977946,0.00744813,0.00600062,0.00709342,0.00357571,-0.977946,0.00571776,1.82839,1.09875,0.000369785,0.151559,0.000744813,0.0010001,0.000297924,0.000582814,0.151559,2.15583,7.04792e-07,2.99244,0.302397
2048.5417,290.467,290.146,2.72244,0.214924,1.0568,0.00680554,0.00444127,0.0023702,0.00236427,1.20799e-07,2.35417e-05,9.95669e-08,3.24938e-09,1.66222e-05,0.00372621,0.249141,183.174,0.0910049,0.000734878,1.40446e-09,7.40114e-07,1.09363e-05,1.15298e-17,5.46639e-05,3.16781e-05,1.6589e-06,1.33705e-21,3.17328e-06,2.35867e-06,6.39917,84.067,3.34402,0.284129,75.6429,0.309668,3.94467,0.00491256,0.309668,1.74084,0.0681058,-0.314833,0.58674,0.00513199,-0.978372,0.00774173,0.00603595,0.00737305,0.00356141,-0.978372,0.00577701,1.82841,1.09876,0.000344132,0.151541,0.000774173,0.00100599,0.000309668,0.000580478,0.151541,1.63326,7.41518e-07,3.05515,0.314581
2048.6250,281.878,282.424,2.45074,0.257901,0.37052,0.00278212,0.0029464,0.00196906,-0.000164275,3.47889e-08,8.94609e-06,2.88121e-08,6.32075e-10,1.01821e-05,0.00328449,0.0871836,113.063,0.0349818,0.000738028,1.77909e-10,7.44128e-07,1.03996e-05,1.11485e-17,4.91513e-05,1.06326e-05,1.93249e-06,1.29323e-21,2.64284e-06,8.26515e-07,6.41351,84.0531,3.35232,0.270918,75.6346,0.311256,3.95339,0.00496691,0.311256,1.73408,0.0682758,-0.314924,0.587423,0.00486724,-0.979038,0.00778145,0.00604901,0.00741087,0.00354768,-0.979038,0.00579,1.82843,1.09881,0.000326809,0.151517,0.000778145,0.00100817,0.000311256,0.000578227,0.151517,0.866112,7.44306e-07,3.06119,0.316223
2048.7083,273.263,273.679,1.96787,0.403605,0.0556818,0.000485259,0.00179171,0.00130259,-0.00130645,9.0851e-11,5.24968e-08,7.6344e-11,2.29545e-13,4.14948e-07,0.000179127,0.000974011,4.52048,0.000142732,0.000726598,1.45339e-14,7.12809e-07,4.40819e-06,1.09157e-17,2.89373e-05,2.00934e-06,8.40602e-07,1.26584e-21,1.65254e-06,2.0029e-07,6.37302,84.0052,3.34205,0.270594,75.6297,0.304584,3.94871,0.00471938,0.304584,1.73191,0.0679367,-0.314802,0.588316,0.0048586,-0.979457,0.00761462,0.00604346,0.00725199,0.00354339,-0.979457,0.00576597,1.82845,1.09886,0.000327205,0.151503,0.000761463,0.00100724,0.000304584,0.000577503,0.151503,0.380211,7.12809e-07,3.03098,0.309303
2048.7917,267.706,268.407,0,0.406436,0,0,0.0011112,0.000195379,-0.0011112,0,0,0,0,0,0,0,0,0,0.000713374,0,6.78321e-07,3.41989e-09,1.19591e-17,6.41072e-06,1.93685e-06,8.30843e-10,1.38595e-21,2.38721e-07,1.93685e-07,6.32891,83.9768,3.3293,0.285415,75.6278,0.296905,3.94212,0.0044439,0.296905,1.73464,0.0675331,-0.31454,0.588841,0.00516,-0.979624,0.00742265,0.00603517,0.00706916,0.00354921,-0.979624,0.00573723,1.82847,1.09889,0.000348837,0.151499,0.000742265,0.00100586,0.000296905,0.000578413,0.151499,0.371425,6.78321e-07,2.99961,0.301348
2048.8750,267.288,267.597,0,0.398569,0,0,0.000980816,6.85576e-05,-0.000980816,0,0,0,0,0,0,0,0,0,0.000700469,0,6.36949e-07,0,1.28477e-17,1.49362e-06,1.888e-06,0,1.48792e-21,6.4201e-08,1.888e-07,6.29228,83.9755,3.31675,0.314709,75.6276,0.289416,3.93554,0.00418446,0.289416,1.74096,0.0671373,-0.314214,0.588975,0.00576483,-0.979654,0.00723544,0.00602677,0.00689087,0.00356238,-0.979654,0.005709,1.82849,1.09889,0.000390402,0.151499,0.000723545,0.00100446,0.000289416,0.000580518,0.151499,0.155562,6.36949e-07,2.97553,0.293601
2048.9583,266.534,266.829,0,0.398569,0,0,0.000921743,4.08562e-05,-0.000921743,0,0,0,0,0,0,0,0,0,0.000687677,0,5.95199e-07,0,1.33196e-17,6.49963e-07,1.83961e-06,0,1.54162e-21,3.20069e-08,1.83961e-07,6.25574,83.9756,3.30419,0.344609,75.6278,0.281998,3.92886,0.00393624,0.281998,1.74751,0.066743,-0.313892,0.589048,0.00638472,-0.979643,0.00705,0.00601815,0.00671425,0.00357602,-0.979643,0.00568084,1.82851,1.0989,0.000432664,0.151499,0.000705,0.00100302,0.000281998,0.000582702,0.151499,0.137153,5.95199e-07,2.95155,0.285935
2049.0417,266.569,266.742,0,0.398569,0,0,0.000924124,2.59371e-05,-0.000924124,0,0,0,0,0,0,0,0,0,0.000675797,0,5.5664e-07,0,1.36202e-17,2.82459e-07,1.79471e-06,0,1.57554e-21,1.65255e-08,1.79471e-07,6.22142,83.9763,3.29243,0.373145,75.6279,0.275115,3.92252,0.00371361,0.275115,1.7538,0.066375,-0.313592,0.5891,0.00697845,-0.979635,0.0068779,0.00600987,0.00655035,0.00358909,-0.979635,0.00565452,1.82852,1.0989,0.000472927,0.1515,0.00068779,0.00100164,0.000275115,0.0005848,0.1515,0.0955777,5.5664e-07,2.92899,0.278828
2049.1250,269.682,269.657,0,0.440435,0,0,0.0011873,7.99314e-05,-0.0011873,0,0,0,0,0,0,0,0,0,0.000664205,0,5.30041e-07,5.2519e-19,1.3774e-17,-2.10339e-06,1.75091e-06,2.2372e-20,1.59251e-21,3.762e-08,1.75091e-07,6.1836,83.9725,3.28084,0.40033,75.6285,0.268402,3.91618,0.00350377,0.268402,1.76007,0.066014,-0.313315,0.589114,0.00754451,-0.979589,0.00671007,0.00600152,0.00639051,0.00360208,-0.979589,0.00562867,1.82854,1.09889,0.000511206,0.151502,0.000671007,0.00100025,0.000268402,0.000586889,0.151502,0.532366,5.30041e-07,2.90276,0.271905
2049.2083,278.413,277.256,1.67449,0.405053,0.551177,0.00345745,0.00210778,0.00239642,0.00134968,3.14128e-08,7.5084e-06,2.71735e-08,1.81761e-10,8.7374e-06,0.00252348,0.0510345,80.3303,0.0292472,0.000654004,4.2082e-11,5.22526e-07,6.69195e-05,1.19528e-17,-6.24895e-06,8.91068e-06,6.08399e-06,1.38543e-21,2.07513e-06,6.93126e-07,6.14545,83.9362,3.27096,0.382591,75.6457,0.262483,3.91103,0.00333094,0.262483,1.76252,0.0657011,-0.314512,0.587194,0.00713535,-0.97815,0.00656211,0.00599475,0.00624959,0.00360715,-0.97815,0.00560626,1.82856,1.09891,0.000481957,0.151549,0.000656211,0.000999126,0.000262483,0.000587705,0.151549,0.949723,5.22568e-07,2.87449,0.265814
2049.2917,286.957,285.655,2.30631,0.201177,1.53872,0.00872518,0.003531,0.00234225,0.00519418,1.53323e-07,2.71416e-05,1.30504e-07,2.26988e-09,1.99011e-05,0.00430001,0.194733,184,0.102967,0.00066026,8.11126e-10,5.55959e-07,4.20454e-06,1.07084e-17,4.02199e-05,3.67239e-05,6.28112e-07,1.24417e-21,2.88358e-06,2.71932e-06,6.1774,83.9256,3.28204,0.335562,75.6552,0.2659,3.921,0.00350853,0.2659,1.75734,0.0659685,-0.315095,0.586533,0.00613398,-0.977328,0.00664754,0.0060089,0.00633096,0.00359646,-0.977328,0.00562604,1.82857,1.09895,0.000415124,0.151575,0.000664754,0.00100148,0.0002659,0.00058598,0.151575,2.01447,5.5677e-07,2.89536,0.269409
2049.3750,293.682,292.439,2.45726,0.185342,2.37172,0.0119401,0.00499782,0.00251421,0.00694232,2.42981e-07,3.84575e-05,2.01905e-07,7.1333e-09,2.24654e-05,0.00427095,0.390368,220.707,0.142172,0.000688743,3.78266e-09,6.34976e-07,6.80314e-06,1.10102e-17,5.07429e-05,5.83398e-05,7.83987e-07,1.27963e-21,3.26322e-06,4.30015e-06,6.30539,84.0172,3.32176,0.307196,75.653,0.281902,3.95182,0.0041435,0.281902,1.75153,0.0670085,-0.314958,0.586356,0.0055675,-0.977475,0.00704758,0.00605209,0.00671195,0.00358451,-0.977475,0.00570222,1.82859,1.09894,0.000376555,0.151567,0.000704758,0.00100868,0.000281902,0.000584044,0.151567,2.96713,6.38758e-07,2.98363,0.286045
2049.4583,294.306,293.516,2.65658,0.158591,2.06749,0.0103536,0.00509213,0.00195,0.00526145,2.04816e-07,3.4809e-05,1.67988e-07,6.93995e-09,2.05038e-05,0.0039998,0.404942,219.586,0.13018,0.000725941,3.9117e-09,7.27559e-07,1.61959e-06,1.15723e-17,3.9813e-05,5.12818e-05,2.35788e-07,1.34465e-21,2.53978e-06,3.78844e-06,6.46343,84.1456,3.37311,0.288164,75.6483,0.302811,3.9914,0.00493578,0.302811,1.74566,0.0683317,-0.314742,0.585986,0.00519623,-0.977829,0.00757031,0.00610769,0.00720978,0.00357253,-0.977829,0.00579923,1.82861,1.0989,0.000350772,0.151552,0.000757031,0.00101795,0.000302811,0.000582086,0.151552,2.67003,7.31471e-07,3.09032,0.307747
2049.5417,291.31,291.079,2.77674,0.212571,1.18494,0.0070344,0.00469613,0.00236066,0.00233827,1.22327e-07,2.39895e-05,1.00191e-07,3.70355e-09,1.65504e-05,0.00376091,0.2814,186.643,0.0922679,0.000748321,1.80233e-09,7.80301e-07,1.79134e-05,1.13881e-17,5.59873e-05,3.22714e-05,2.50395e-06,1.32371e-21,3.16531e-06,2.40358e-06,6.55327,84.2099,3.40606,0.274646,75.6425,0.315294,4.01801,0.00538945,0.315294,1.73952,0.0691372,-0.314804,0.585848,0.00493366,-0.978283,0.00788238,0.00614561,0.007507,0.00356008,-0.978283,0.00585856,1.82863,1.0989,0.000332351,0.151534,0.000788238,0.00102427,0.000315294,0.000580039,0.151534,1.81855,7.82103e-07,3.1472,0.320683
2049.6250,282.846,283.273,2.74959,0.259703,0.359692,0.00295117,0.00313687,0.00207742,-0.000185702,3.49867e-08,9.38255e-06,2.89169e-08,6.25706e-10,1.0973e-05,0.00360557,0.0934411,125.018,0.0365222,0.000751869,1.69505e-10,7.85888e-07,1.80269e-05,1.08862e-17,5.31051e-05,1.08016e-05,3.26333e-06,1.26582e-21,2.79126e-06,8.3975e-07,6.56589,84.1953,3.4151,0.262972,75.6337,0.317097,4.02741,0.00543387,0.317097,1.73273,0.0693024,-0.314982,0.586481,0.00469955,-0.979011,0.00792747,0.00615978,0.00754994,0.00354632,-0.979011,0.00587124,1.82865,1.09895,0.000317013,0.151509,0.000792747,0.00102663,0.000317097,0.000577777,0.151509,0.877731,7.86058e-07,3.15079,0.322531
2049.7083,273.893,274.731,1.94478,0.261309,0.0931204,0.000627092,0.00190499,0.00122351,-0.00127789,9.70422e-10,4.91408e-07,8.10292e-10,6.49365e-12,1.45752e-06,0.00068884,0.00516786,16.3793,0.00148481,0.000740977,6.45719e-13,7.5095e-07,1.36386e-06,1.08285e-17,3.07174e-05,2.26881e-06,3.3648e-07,1.25881e-21,1.583e-06,2.20001e-07,6.52538,84.1434,3.40562,0.261364,75.6272,0.310724,4.02338,0.00517613,0.310724,1.7295,0.0689795,-0.314925,0.587455,0.00466545,-0.979565,0.00776815,0.00615529,0.0073982,0.00353988,-0.979565,0.00584841,1.82867,1.09901,0.000315437,0.151492,0.000776815,0.00102588,0.000310724,0.000576698,0.151492,0.349123,7.5095e-07,3.11976,0.315901
2049.7917,263.502,264.367,0,0.229403,0,0,0.00102771,6.20014e-05,-0.00102771,0,0,0,0,0,0,0,0,0,0.00072751,0,7.07221e-07,1.15188e-15,1.23254e-17,2.70123e-06,1.97599e-06,3.00406e-16,1.43167e-21,8.16862e-08,1.97599e-07,6.4827,84.1243,3.39266,0.282974,75.6251,0.302904,4.01669,0.00487448,0.302904,1.73352,0.068569,-0.314593,0.58794,0.00510744,-0.979758,0.00757264,0.00614701,0.007212,0.00354842,-0.979758,0.00581919,1.82869,1.09903,0.000346433,0.151487,0.000757264,0.0010245,0.000302904,0.00057804,0.151487,0.241832,7.07221e-07,3.09004,0.307778
2049.8750,264.588,264.987,0,0.229346,0,0,0.000958229,8.30511e-06,-0.000958229,0,0,0,0,0,0,0,0,0,0.000714345,0,6.63349e-07,0,1.33838e-17,4.5836e-07,1.92615e-06,0,1.55371e-21,1.16816e-08,1.92615e-07,6.4446,84.1249,3.37986,0.315255,75.6249,0.295264,4.00998,0.0045899,0.295264,1.7402,0.0681658,-0.31426,0.588015,0.00577688,-0.97978,0.00738165,0.00613859,0.00703011,0.00356238,-0.97978,0.00579045,1.82871,1.09903,0.000391588,0.151487,0.000738165,0.0010231,0.000295264,0.000580265,0.151487,0.138537,6.63349e-07,3.06474,0.299854
2049.9583,264.741,265.09,0,0.229346,0,0,0.000931591,4.93334e-06,-0.000931591,0,0,0,0,0,0,0,0,0,0.000701294,0,6.21408e-07,0,1.36243e-17,2.74291e-07,1.87678e-06,0,1.58073e-21,6.86269e-09,1.87678e-07,6.40617,84.1255,3.36705,0.347559,75.6248,0.287697,4.00317,0.00431763,0.287697,1.747,0.067764,-0.313931,0.588068,0.00644842,-0.979788,0.00719245,0.00612993,0.00684992,0.00357657,-0.979788,0.00576178,1.82873,1.09903,0.000436755,0.151487,0.000719245,0.00102166,0.000287697,0.000582531,0.151487,0.202276,6.21408e-07,3.03912,0.292014
2050.0417,264.468,264.628,0,0.229346,0,0,0.000910807,1.79946e-06,-0.000910807,0,0,0,0,0,0,0,0,0,0.000689175,0,5.81391e-07,0,1.41276e-17,1.16313e-07,1.83097e-06,0,1.63826e-21,2.76592e-09,1.83097e-07,6.37193,84.1278,3.35506,0.377629,75.6248,0.280674,3.99671,0.00407343,0.280674,1.75346,0.0673891,-0.313626,0.588114,0.00707442,-0.979793,0.00701688,0.00612161,0.00668271,0.00359003,-0.979793,0.00573498,1.82874,1.09903,0.000478851,0.151487,0.000701688,0.00102027,0.000280674,0.000584685,0.151487,0.161201,5.81391e-07,3.01687,0.284747
2050.1250,266.923,267.013,0,0.229346,0,0,0.0010365,1.68493e-06,-0.0010365,0,0,0,0,0,0,0,0,0,0.000677349,0,5.50717e-07,0,1.43263e-17,1.0311e-07,1.78629e-06,0,1.66043e-21,2.46386e-09,1.78629e-07,6.33555,84.1272,3.34324,0.407025,75.6247,0.273825,3.99025,0.00384326,0.273825,1.75991,0.0670214,-0.313328,0.588156,0.00768726,-0.979796,0.00684566,0.00611321,0.00651964,0.00360344,-0.979796,0.00570867,1.82876,1.09903,0.000520062,0.151486,0.000684566,0.00101887,0.000273825,0.000586837,0.151486,0.384702,5.50717e-07,2.9923,0.277668
2050.2083,274.412,273.621,0.775834,0.449397,0.293697,0.00173817,0.00166022,0.00158334,7.79479e-05,1.45366e-08,3.6193e-06,1.25722e-08,7.76328e-11,4.22199e-06,0.00125252,0.0269403,40.3155,0.0139046,0.000665739,1.96477e-11,5.36762e-07,7.05232e-05,1.34369e-17,-3.02808e-05,5.10371e-06,6.30512e-06,1.55854e-21,8.79608e-07,4.18277e-07,6.29447,84.1108,3.33164,0.416908,75.634,0.267103,3.98391,0.00362623,0.267103,1.76544,0.0666603,-0.31374,0.587127,0.00788018,-0.979023,0.00667761,0.00610491,0.0063596,0.00361491,-0.979023,0.00568279,1.82878,1.09903,0.000531467,0.151512,0.000667761,0.00101748,0.000267103,0.00058868,0.151512,0.844135,5.36782e-07,2.96283,0.270729
2050.2917,286.717,285.19,2.32822,0.248131,1.45722,0.00879903,0.00355178,0.00281446,0.00524724,1.41949e-07,2.60961e-05,1.2143e-07,1.92582e-09,1.85392e-05,0.00409847,0.183384,179.144,0.0970647,0.000668012,6.82988e-10,5.64939e-07,1.36966e-05,1.08305e-17,3.97424e-05,3.45731e-05,2.1661e-06,1.26156e-21,3.26419e-06,2.56677e-06,6.31048,84.083,3.33828,0.35274,75.6583,0.268235,3.99107,0.00372689,0.268235,1.76144,0.0667973,-0.315336,0.584753,0.00648759,-0.97698,0.0067059,0.00611525,0.00638654,0.00360664,-0.97698,0.00569315,1.8288,1.09907,0.000438456,0.151579,0.00067059,0.00101921,0.000268235,0.000587344,0.151579,2.01564,5.65622e-07,2.97219,0.271962
2050.3750,296.902,294.522,2.45374,0.136175,2.45954,0.0100275,0.00482458,0.00204551,0.0052029,1.8479e-07,3.17218e-05,1.54059e-07,5.55021e-09,1.99241e-05,0.00417872,0.39663,200.917,0.116052,0.000691861,3.25171e-09,6.4478e-07,1.03411e-06,1.09891e-17,3.83063e-05,4.48904e-05,1.53107e-07,1.28086e-21,2.55558e-06,3.32331e-06,6.42095,84.1543,3.37365,0.319132,75.6584,0.281536,4.01975,0.00430236,0.281536,1.75586,0.0677009,-0.315241,0.584607,0.00580384,-0.976949,0.00703844,0.00615554,0.00670325,0.00359519,-0.976949,0.00575953,1.82881,1.09906,0.000392834,0.151578,0.000703845,0.00102592,0.000281536,0.000585486,0.151578,2.86353,6.48031e-07,3.0473,0.285839
2050.4583,295.854,294.778,2.56114,0.139651,1.58011,0.00804868,0.00459792,0.00176585,0.00345076,1.46409e-07,2.75066e-05,1.20409e-07,5.31722e-09,1.91832e-05,0.00436596,0.407277,201.761,0.102518,0.000712208,3.14283e-09,7.13494e-07,1.11717e-06,1.16264e-17,3.04505e-05,3.65238e-05,1.42102e-07,1.35484e-21,2.20729e-06,2.71328e-06,6.50371,84.2219,3.40474,0.307255,75.6575,0.292839,4.04548,0.0047774,0.292839,1.75347,0.068468,-0.31494,0.584427,0.00556994,-0.976995,0.007321,0.00619196,0.00697235,0.00359039,-0.976995,0.00581602,1.82883,1.09905,0.000376587,0.151574,0.000732101,0.00103199,0.000292839,0.000584688,0.151574,2.06003,7.16637e-07,3.09897,0.297616
2050.5417,292.41,292.123,2.64308,0.194046,1.21411,0.00673196,0.00462338,0.00228787,0.00210859,1.15875e-07,2.31093e-05,9.50455e-08,3.8812e-09,1.65952e-05,0.00376973,0.307152,180.111,0.0874855,0.000727746,2.03912e-09,7.55363e-07,9.82999e-06,1.15296e-17,4.79694e-05,2.97499e-05,1.35477e-06,1.34404e-21,2.99774e-06,2.22021e-06,6.56513,84.2585,3.42983,0.290243,75.6548,0.30141,4.06695,0.00512868,0.30141,1.74828,0.06906,-0.314806,0.584485,0.00524203,-0.977173,0.00753528,0.00622264,0.00717643,0.00357985,-0.977173,0.00585979,1.82885,1.09906,0.000352955,0.151565,0.000753528,0.00103711,0.00030141,0.000582959,0.151565,1.86141,7.57402e-07,3.1353,0.306539
2050.6250,286.631,286.742,2.66353,0.184506,0.693741,0.00374358,0.00363105,0.0018922,0.000112538,5.01266e-08,1.244e-05,4.13791e-08,1.12769e-09,1.26568e-05,0.00367526,0.144841,138.049,0.0481902,0.000731896,3.77337e-10,7.68384e-07,3.03384e-06,1.14153e-17,4.39872e-05,1.40764e-05,5.5805e-07,1.33089e-21,2.49798e-06,1.07677e-06,6.57908,84.2456,3.43995,0.275688,75.6485,0.303542,4.07734,0.00521283,0.303542,1.74227,0.0692537,-0.314705,0.585189,0.00495543,-0.977671,0.00758859,0.00623806,0.0072272,0.00356765,-0.977671,0.00587451,1.82887,1.0991,0.000333538,0.151546,0.000758859,0.00103968,0.000303542,0.000580957,0.151546,1.02188,7.68761e-07,3.13913,0.308755
2050.7083,277.644,278.416,2.52039,0.176821,0.125779,0.000829927,0.00226733,0.00129153,-0.0014374,1.59189e-09,7.49502e-07,1.32445e-09,2.06452e-11,2.10266e-06,0.000947284,0.0127442,22.6601,0.00231629,0.000723232,3.64539e-12,7.39079e-07,6.68493e-08,1.15004e-17,2.70437e-05,2.33046e-06,2.01844e-08,1.34016e-21,1.62743e-06,2.22218e-07,6.54233,84.2015,3.43309,0.274125,75.6447,0.298441,4.07505,0.00500868,0.298441,1.74035,0.0690037,-0.314402,0.586094,0.00492512,-0.977989,0.00746107,0.00623591,0.00710574,0.00356388,-0.977989,0.00585689,1.82889,1.09915,0.000331794,0.151535,0.000746107,0.00103932,0.000298441,0.000580315,0.151535,0.330745,7.39082e-07,3.10924,0.30345
2050.7917,264.236,265.657,0.123447,0.135765,0.00071981,5.47909e-06,0.00106754,0.000159015,-0.00106206,0,0,0,0,0,0,0,0,0,0.000710288,0,6.93626e-07,3.33177e-13,1.22427e-17,5.13668e-06,1.89791e-06,1.08629e-13,1.42571e-21,1.96785e-07,1.89791e-07,6.49726,84.1728,3.42038,0.289006,75.6432,0.290936,4.06829,0.00471705,0.290936,1.74333,0.0686052,-0.314077,0.586641,0.00523039,-0.978124,0.00727343,0.00622744,0.00692704,0.00357022,-0.978124,0.00582845,1.82891,1.09917,0.000353365,0.151532,0.000727343,0.00103791,0.000290936,0.000581308,0.151532,0.168144,6.93626e-07,3.07688,0.295653
2050.8750,263.921,264.561,0,0.119123,0,0,0.000823272,1.59229e-05,-0.000823272,0,0,0,0,0,0,0,0,0,0.000697624,0,6.45995e-07,0,1.2967e-17,7.52047e-07,1.85005e-06,0,1.50913e-21,2.02681e-08,1.85005e-07,6.46132,84.1738,3.40782,0.319556,75.6429,0.283598,4.0615,0.00444166,0.283598,1.75002,0.0682133,-0.313757,0.586738,0.00586453,-0.978156,0.00708999,0.00621883,0.00675233,0.0035842,-0.978156,0.00580045,1.82893,1.09918,0.000396388,0.151531,0.000708999,0.00103647,0.000283598,0.000583539,0.151531,0.0748969,6.45995e-07,3.05351,0.28804
2050.9583,262.083,262.681,0,0.119123,0,0,0.000781212,3.92378e-06,-0.000781212,0,0,0,0,0,0,0,0,0,0.00068507,0,6.00911e-07,0,1.35168e-17,2.34444e-07,1.80263e-06,0,1.57222e-21,5.75143e-09,1.80263e-07,6.42819,84.1784,3.39525,0.3506,75.6428,0.276329,4.0546,0.00417818,0.276329,1.7569,0.0678228,-0.313439,0.586795,0.0065113,-0.978167,0.00690827,0.00620998,0.00657927,0.00359854,-0.978167,0.0057725,1.82894,1.09917,0.000439961,0.151531,0.000690827,0.001035,0.000276329,0.000585832,0.151531,0.148271,6.00911e-07,3.03294,0.280507
2051.0417,264.764,264.969,0,0.119129,0,0,0.000917374,2.23311e-06,-0.000917374,0,0,0,0,0,0,0,0,0,0.000673411,0,5.65134e-07,0,1.38779e-17,1.39402e-07,1.75863e-06,0,1.61337e-21,3.34534e-09,1.75863e-07,6.39454,84.1803,3.38346,0.379599,75.6427,0.269584,4.04805,0.00394186,0.269584,1.76345,0.0674583,-0.313145,0.586839,0.00711658,-0.978171,0.00673963,0.00620148,0.00641866,0.00361214,-0.978171,0.00574638,1.82896,1.09917,0.000480677,0.151531,0.000673963,0.00103358,0.000269584,0.000588015,0.151531,0.268594,5.65134e-07,3.01107,0.273526
2051.1250,267.502,267.588,0,0.119123,0,0,0.00103329,2.22963e-06,-0.00103329,0,0,0,0,0,0,0,0,0,0.000662033,0,5.38002e-07,0,1.40019e-17,1.32531e-07,1.71572e-06,0,1.62692e-21,3.19336e-09,1.71572e-07,6.35798,84.1786,3.37186,0.407928,75.6427,0.263006,4.04152,0.00371913,0.263006,1.76998,0.0671007,-0.312858,0.586881,0.00770873,-0.978174,0.00657518,0.00619291,0.00626204,0.0036257,-0.978174,0.00572072,1.82898,1.09917,0.000520522,0.151531,0.000657518,0.00103215,0.000263006,0.000590193,0.151531,0.31724,5.38002e-07,2.98613,0.266725
2051.2083,275.451,274.612,1.04264,0.303839,0.364605,0.00224601,0.0017847,0.0019238,0.000461302,2.08923e-08,4.7134e-06,1.80967e-08,1.24086e-10,6.35973e-06,0.00181247,0.0350506,52.0124,0.019453,0.000651419,3.17788e-11,5.20869e-07,6.98484e-05,1.27561e-17,-2.19073e-05,6.38332e-06,5.603e-06,1.48439e-21,1.35659e-06,5.06992e-07,6.31821,84.1543,3.36102,0.405744,75.6557,0.256872,4.0354,0.00351645,0.256872,1.77461,0.0667603,-0.313624,0.585424,0.00763952,-0.977083,0.00642183,0.00618485,0.00611599,0.00363528,-0.977083,0.00569626,1.82899,1.09918,0.000514318,0.151567,0.000642183,0.00103081,0.000256872,0.000591736,0.151567,0.789911,5.20901e-07,2.95719,0.260388
2051.2917,287.03,285.648,2.28364,0.199938,1.50379,0.00871318,0.00372422,0.00240748,0.00498897,1.61023e-07,2.64394e-05,1.37488e-07,2.35332e-09,2.12248e-05,0.00422332,0.192063,179.529,0.10804,0.000663007,8.33807e-10,5.49957e-07,3.20434e-06,1.10981e-17,3.62821e-05,3.84057e-05,4.21551e-07,1.29548e-21,2.8659e-06,2.82777e-06,6.33655,84.1327,3.37528,0.351854,75.6734,0.263477,4.04535,0.00368809,0.263477,1.77085,0.0670005,-0.314599,0.58389,0.00646857,-0.975585,0.00658697,0.00619901,0.00627327,0.0036275,-0.975585,0.00571378,1.82901,1.09921,0.00043661,0.151615,0.000658697,0.00103317,0.000263477,0.000590483,0.151615,2.02051,5.5079e-07,2.96128,0.267165
2051.3750,295.353,293.871,2.50208,0.159966,2.27454,0.0107662,0.00514601,0.00226206,0.00562014,2.21933e-07,3.42027e-05,1.8432e-07,6.9367e-09,2.32251e-05,0.00439927,0.414792,216.096,0.137049,0.000703483,3.88944e-09,6.32974e-07,3.14541e-06,1.1441e-17,4.05662e-05,5.41317e-05,3.38869e-07,1.33609e-21,2.85808e-06,3.97401e-06,6.43796,84.1993,3.42252,0.322074,75.6735,0.28662,4.07668,0.00432769,0.28662,1.76583,0.068028,-0.314376,0.583647,0.00586754,-0.975535,0.00716555,0.00624294,0.0068243,0.00361718,-0.975535,0.0057885,1.82903,1.0992,0.000395905,0.151613,0.000716555,0.00104049,0.000286621,0.00058881,0.151613,2.88023,6.36863e-07,3.01545,0.290948
2051.4583,294.129,293.473,2.7764,0.236766,1.61917,0.0109307,0.00560672,0.00289786,0.00532399,2.24171e-07,3.54921e-05,1.84453e-07,7.42956e-09,2.11488e-05,0.00394581,0.392725,223.03,0.141927,0.000753566,4.10709e-09,7.18522e-07,4.32538e-05,1.1302e-17,6.25477e-05,5.78665e-05,4.97759e-06,1.32101e-21,3.85581e-06,4.25085e-06,6.57477,84.3007,3.48118,0.297138,75.6698,0.315241,4.11573,0.00510314,0.315241,1.75899,0.069368,-0.314537,0.5829,0.00537836,-0.975787,0.00788107,0.00629785,0.00750574,0.00360317,-0.975787,0.00588612,1.82905,1.09917,0.000361804,0.1516,0.000788107,0.00104964,0.000315241,0.000586528,0.1516,2.59473,7.22629e-07,3.0936,0.320344
2051.5417,291.19,290.968,2.9742,0.237197,1.41626,0.0075395,0.00494865,0.0026443,0.00259085,1.34554e-07,2.49982e-05,1.1066e-07,4.00839e-09,1.70555e-05,0.00357583,0.279674,196.35,0.103026,0.000789289,1.93445e-09,7.77497e-07,3.11965e-05,1.07854e-17,6.83525e-05,3.71921e-05,3.93157e-06,1.26335e-21,3.61821e-06,2.75313e-06,6.67054,84.3487,3.52417,0.271256,75.6586,0.335595,4.14516,0.0056144,0.335595,1.74836,0.0703492,-0.315559,0.582327,0.00486253,-0.976679,0.00838991,0.00633972,0.00799036,0.00358142,-0.976679,0.00595785,1.82907,1.09919,0.000327527,0.151567,0.000838991,0.00105662,0.000335595,0.000582985,0.151567,2.03662,7.79432e-07,3.14637,0.341209
2051.6250,286.567,286.623,3.02883,0.248509,0.65547,0.00391747,0.00388279,0.00231131,3.46721e-05,5.15178e-08,1.24674e-05,4.26624e-08,1.04255e-09,1.26551e-05,0.00364624,0.134247,149.562,0.0530281,0.000799255,3.21645e-10,7.89117e-07,2.3836e-05,1.04335e-17,6.22153e-05,1.58709e-05,3.03311e-06,1.22328e-21,3.15166e-06,1.20763e-06,6.68859,84.3344,3.53827,0.258587,75.6471,0.341174,4.15623,0.00568819,0.341174,1.74021,0.0706157,-0.316212,0.582639,0.0046051,-0.977636,0.00852938,0.00635627,0.00812318,0.00356483,-0.977636,0.00597778,1.82909,1.09924,0.000311304,0.151535,0.000852938,0.00105938,0.000341174,0.000580269,0.151535,1.04417,7.89438e-07,3.15032,0.346862
2051.7083,273.677,274.569,0.950618,0.291878,0.0465533,0.000405939,0.00178281,0.00106492,-0.00137687,1.28855e-09,5.01689e-07,1.07028e-09,1.73719e-11,1.12595e-06,0.000502137,0.0072065,13.1909,0.00186503,0.000790394,3.42094e-12,7.61203e-07,2.2203e-06,1.06566e-17,2.927e-05,2.53196e-06,3.44444e-07,1.24869e-21,1.39027e-06,2.43533e-07,6.65225,84.2875,3.53108,0.259426,75.6391,0.335963,4.15366,0.00545272,0.335963,1.73676,0.070343,-0.316117,0.583687,0.00461948,-0.978324,0.00839911,0.00635387,0.00799912,0.00355796,-0.978324,0.00595867,1.82911,1.0993,0.000313533,0.151514,0.000839911,0.00105898,0.000335963,0.000579119,0.151514,0.412473,7.61206e-07,3.12118,0.341416
2051.7917,269.199,269.667,0,0.246702,0,0,0.00118699,0.000254044,-0.00118699,0,0,0,0,0,0,0,0,0,0.000775838,0,7.16828e-07,6.21897e-14,1.13346e-17,7.21323e-06,2.13644e-06,1.65813e-14,1.32681e-21,2.89635e-07,2.13644e-07,6.60857,84.2702,3.51729,0.283228,75.637,0.3275,4.14673,0.00513461,0.3275,1.74141,0.0699057,-0.315763,0.58419,0.00510142,-0.978528,0.00818754,0.00634535,0.00779762,0.0035678,-0.978528,0.00592766,1.82913,1.09932,0.000348106,0.151509,0.000818754,0.00105756,0.0003275,0.000580669,0.151509,0.216736,7.16828e-07,3.09128,0.332635
2051.8750,268.607,268.884,0,0.246702,0,0,0.00100015,0.000141512,-0.00100015,0,0,0,0,0,0,0,0,0,0.000761622,0,6.67824e-07,3.15993e-41,1.19591e-17,2.00072e-06,2.08256e-06,8.59556e-42,1.39887e-21,1.20935e-07,2.08256e-07,6.57139,84.2696,3.5037,0.313341,75.637,0.31924,4.13981,0.00483484,0.31924,1.74786,0.0694768,-0.315407,0.584355,0.00571961,-0.97854,0.00798104,0.00633669,0.00760096,0.00358132,-0.97854,0.0058972,1.82915,1.09932,0.000390859,0.15151,0.000798104,0.00105612,0.00031924,0.000582818,0.15151,0.0741392,6.67824e-07,3.06769,0.324075
2051.9583,268.098,268.352,0,0.246702,0,0,0.000958512,0.000129624,-0.000958512,0,0,0,0,0,0,0,0,0,0.00074753,0,6.20218e-07,0,1.23454e-17,4.3694e-07,2.02918e-06,0,1.44304e-21,8.58977e-08,2.02918e-07,6.53489,84.2706,3.49012,0.343124,75.638,0.311058,4.13278,0.00454804,0.311058,1.75455,0.0690496,-0.315055,0.584433,0.00633231,-0.978465,0.00777648,0.00632779,0.00740614,0.00359531,-0.978465,0.00586681,1.82917,1.09932,0.000433012,0.151513,0.000777648,0.00105463,0.000311058,0.000585048,0.151513,0.0866882,6.20218e-07,3.04477,0.315606
2052.0417,268.112,268.339,0,0.246702,0,0,0.00106941,0.000107483,-0.00106941,0,0,0,0,0,0,0,0,0,0.000734444,0,5.81203e-07,0,1.26877e-17,-2.71495e-07,1.97965e-06,0,1.48212e-21,5.94015e-08,1.97965e-07,6.49808,84.2691,3.47739,0.37067,75.6394,0.303465,4.12611,0.0042908,0.303465,1.76096,0.0686511,-0.314728,0.584472,0.00689979,-0.978359,0.00758665,0.00631924,0.00722535,0.00360868,-0.978359,0.00583843,1.82919,1.09932,0.000471979,0.151517,0.000758665,0.00105321,0.000303465,0.000587186,0.151517,0.183493,5.81203e-07,3.02069,0.307755
2052.1250,268.93,269.035,0,0.246703,0,0,0.00116388,4.69225e-05,-0.00116388,0,0,0,0,0,0,0,0,0,0.000721675,0,5.52773e-07,0,1.29444e-17,2.2151e-07,1.93134e-06,0,1.51122e-21,2.63239e-08,1.93134e-07,6.45928,84.2664,3.46486,0.399468,75.6401,0.29606,4.11944,0.00404835,0.29606,1.76749,0.0682603,-0.314409,0.584512,0.00749645,-0.9783,0.00740153,0.0063106,0.00704904,0.00362226,-0.9783,0.00581056,1.82921,1.09932,0.000512664,0.15152,0.000740153,0.00105177,0.00029606,0.000589362,0.15152,0.408557,5.52773e-07,2.99442,0.300108
2052.2083,273.681,273.128,0.773633,0.427778,0.182877,0.00148857,0.00160624,0.00144619,-0.000117665,7.32682e-09,2.13349e-06,6.34909e-09,1.9662e-11,2.89562e-06,0.00106919,0.00978854,30.0015,0.00814793,0.000708935,2.89617e-12,5.39694e-07,4.38594e-05,1.22729e-17,-2.20641e-05,3.68126e-06,4.14371e-06,1.43322e-21,9.43417e-07,3.18273e-07,6.41704,84.2508,3.45228,0.411971,75.6486,0.288676,4.1127,0.00381494,0.288676,1.77321,0.0678693,-0.314503,0.583844,0.00774251,-0.977593,0.00721694,0.00630178,0.00687324,0.00363413,-0.977593,0.00578263,1.82923,1.09933,0.000527844,0.151543,0.000721694,0.0010503,0.000288676,0.000591269,0.151543,0.856668,5.39697e-07,2.96476,0.292491
2052.2917,283.045,281.842,2.479,0.286608,1.09208,0.00773253,0.00308106,0.00276184,0.00465147,1.03764e-07,2.02529e-05,8.89251e-08,1.02699e-09,1.58932e-05,0.0040162,0.110668,163.465,0.078298,0.00070564,3.17497e-10,5.54689e-07,2.17779e-05,1.00385e-17,3.82681e-05,2.71034e-05,3.60216e-06,1.17636e-21,3.2019e-06,2.02026e-06,6.41066,84.208,3.45135,0.358673,75.6688,0.28667,4.1141,0.00377945,0.28667,1.76988,0.0678089,-0.315617,0.582275,0.00657831,-0.975907,0.0071668,0.00630417,0.00682549,0.00362725,-0.975907,0.00577866,1.82925,1.09937,0.000448799,0.151599,0.00071668,0.0010507,0.00028667,0.000590158,0.151599,1.6003,5.55006e-07,2.9593,0.29045
2052.3750,292.177,290.719,2.63743,0.177827,2.43556,0.0124441,0.00491201,0.00246233,0.0075321,2.33641e-07,3.82123e-05,1.95655e-07,5.63305e-09,2.12058e-05,0.00407012,0.333754,227.778,0.143194,0.000730773,2.73189e-09,6.21385e-07,5.4709e-06,1.02455e-17,4.60586e-05,5.93931e-05,6.92819e-07,1.20188e-21,3.09848e-06,4.37644e-06,6.52527,84.2807,3.48604,0.322137,75.6695,0.30081,4.14081,0.00431456,0.30081,1.76385,0.0687416,-0.315668,0.581961,0.00583668,-0.975822,0.00752029,0.00634171,0.00716215,0.00361482,-0.975822,0.00584703,1.82927,1.09937,0.000398525,0.1516,0.000752029,0.00105695,0.00030081,0.000588149,0.1516,2.88828,6.24117e-07,3.03923,0.305125
2052.4583,297.529,295.96,2.7987,0.10595,1.8977,0.00760256,0.00471948,0.00148618,0.00288307,1.24173e-07,2.47422e-05,1.02006e-07,4.46661e-09,1.90388e-05,0.00486938,0.442816,217.011,0.0960443,0.000760578,2.79874e-09,7.08199e-07,2.72526e-10,1.10591e-17,2.78246e-05,3.31625e-05,8.57557e-11,1.29697e-21,1.84359e-06,2.46618e-06,6.64778,84.3823,3.52699,0.306757,75.6674,0.317565,4.17226,0.00492003,0.317565,1.76041,0.0698204,-0.315406,0.581612,0.00553084,-0.975977,0.00793917,0.00638605,0.00756108,0.00360784,-0.975977,0.00592618,1.82929,1.09934,0.000377783,0.151593,0.000793917,0.00106434,0.000317565,0.000587002,0.151593,2.15782,7.10998e-07,3.12079,0.322485
2052.5417,290.142,290.044,2.85589,0.212372,0.991008,0.00665662,0.00435353,0.00230957,0.00230309,1.12352e-07,2.29163e-05,9.256e-08,3.23212e-09,1.62914e-05,0.00382759,0.258464,189.715,0.0899308,0.000771282,1.49645e-09,7.43052e-07,1.0703e-05,1.10141e-17,4.33863e-05,3.06089e-05,1.46556e-06,1.29177e-21,2.95423e-06,2.28146e-06,6.68537,84.4068,3.54444,0.297334,75.6665,0.323463,4.18728,0.00512334,0.323463,1.7576,0.0702367,-0.315175,0.581656,0.00535069,-0.976021,0.00808661,0.0064078,0.0077015,0.00360221,-0.976021,0.00595708,1.82931,1.09935,0.000364329,0.151589,0.000808661,0.00106797,0.000323463,0.000586066,0.151589,1.72194,7.44549e-07,3.14093,0.328586
2052.6250,281.695,282.254,2.78074,0.232594,0.321238,0.00284733,0.00295942,0.00196499,-0.000112093,3.22279e-08,9.05296e-06,2.67978e-08,5.21264e-10,1.0934e-05,0.00385139,0.0818235,128.316,0.0353639,0.000773744,1.30603e-10,7.43755e-07,6.71009e-06,1.06166e-17,4.35233e-05,1.03715e-05,1.14398e-06,1.24571e-21,2.56076e-06,8.09046e-07,6.69689,84.3923,3.55164,0.281764,75.6617,0.324671,4.19507,0.00515364,0.324671,1.75196,0.0703702,-0.315154,0.582223,0.00504791,-0.976386,0.00811682,0.00641958,0.00773027,0.00359071,-0.976386,0.00596743,1.82933,1.0994,0.000343191,0.151574,0.000811682,0.00106993,0.000324671,0.000584184,0.151574,0.759415,7.43886e-07,3.14525,0.329825
2052.7083,271.392,272.415,2.74184,0.238834,0.100285,0.00057589,0.00172889,0.000959339,-0.001153,9.23582e-10,5.23627e-07,7.75902e-10,3.9404e-12,1.62029e-06,0.000852298,0.00504078,18.7208,0.0015011,0.000762206,3.21593e-13,7.0992e-07,1.03695e-07,1.07857e-17,2.18202e-05,2.3098e-06,2.97592e-08,1.26513e-21,1.20991e-06,2.24205e-07,6.65716,84.3475,3.54128,0.281688,75.6581,0.317936,4.19036,0.00490363,0.317936,1.75055,0.070028,-0.314908,0.583111,0.00504832,-0.976684,0.00794843,0.006414,0.0075699,0.00358798,-0.976684,0.00594321,1.82935,1.09945,0.000343576,0.151564,0.000794843,0.001069,0.000317936,0.000583716,0.151564,0.2519,7.09921e-07,3.11588,0.322839
2052.7917,261.296,262.508,0.682596,0.144411,0.00182326,3.1865e-06,0.00100745,2.92509e-05,-0.00100426,0,0,0,0,0,0,0,0,0,0.000748427,0,6.62597e-07,3.94543e-27,1.21508e-17,1.45315e-06,2.02187e-06,1.10661e-27,1.42427e-21,3.97412e-08,2.02187e-07,6.61574,84.336,3.52793,0.307441,75.657,0.309938,4.1834,0.004618,0.309938,1.75585,0.0696091,-0.314563,0.583439,0.00557941,-0.976789,0.00774847,0.00640519,0.00737946,0.00359908,-0.976789,0.0059134,1.82937,1.09946,0.000380189,0.151562,0.000774848,0.00106753,0.000309938,0.00058548,0.151562,0.0829023,6.62597e-07,3.08781,0.314556
2052.8750,258.93,259.848,0,0.084487,0,0,0.000837157,3.14881e-06,-0.000837157,0,0,0,0,0,0,0,0,0,0.000734949,0,6.16763e-07,0,1.32088e-17,2.11735e-07,1.97088e-06,0,1.54739e-21,5.04678e-09,1.97088e-07,6.57766,84.3378,3.51474,0.340522,75.6568,0.302121,4.17641,0.0043484,0.302121,1.76282,0.0691974,-0.314225,0.583501,0.00626798,-0.976804,0.00755305,0.00639624,0.00719335,0.00361361,-0.976804,0.00588406,1.82939,1.09946,0.000426497,0.151561,0.000755305,0.00106604,0.000302121,0.000587804,0.151561,0.115677,6.16763e-07,3.06292,0.306469
2052.9583,260.185,260.639,0,0.0844095,0,0,0.000814573,6.74924e-07,-0.000814573,0,0,0,0,0,0,0,0,0,0.000721589,0,5.74612e-07,0,1.41347e-17,5.30228e-08,1.92036e-06,0,1.65493e-21,1.21713e-09,1.92036e-07,6.54148,84.3417,3.50154,0.37351,75.6568,0.294377,4.16932,0.00409045,0.294377,1.7699,0.0687873,-0.31389,0.583545,0.00695597,-0.976807,0.00735946,0.00638706,0.00700898,0.00362834,-0.976807,0.00585479,1.82941,1.09946,0.000472688,0.151561,0.000735946,0.00106451,0.000294377,0.000590166,0.151561,0.128839,5.74612e-07,3.03994,0.298467
2053.0417,263.585,263.805,0,0.0844109,0,0,0.000904032,4.56536e-07,-0.000904032,0,0,0,0,0,0,0,0,0,0.000709182,0,5.37897e-07,0,1.44488e-17,3.49185e-08,1.87349e-06,0,1.69082e-21,8.00248e-10,1.87349e-07,6.50615,84.3438,3.48918,0.404183,75.6568,0.287191,4.16259,0.0038591,0.287191,1.77664,0.0684046,-0.31358,0.583585,0.00759648,-0.976808,0.00717981,0.00637824,0.00683788,0.00364231,-0.976808,0.00582744,1.82942,1.09946,0.0005157,0.151561,0.000717981,0.00106304,0.000287191,0.000592411,0.151561,0.140839,5.37897e-07,3.01697,0.29105
2053.1250,266.277,266.339,0,0.0844146,0,0,0.00101535,4.26482e-07,-0.00101535,0,0,0,0,0,0,0,0,0,0.000697075,0,5.08588e-07,0,1.44818e-17,3.21164e-08,1.82777e-06,0,1.69378e-21,7.36009e-10,1.82777e-07,6.46939,84.3437,3.477,0.434141,75.6568,0.280183,4.15587,0.00364104,0.280183,1.78336,0.0680293,-0.313278,0.583623,0.00822293,-0.976809,0.00700462,0.00636935,0.00667103,0.00365623,-0.976809,0.00580058,1.82944,1.09946,0.000557782,0.151561,0.000700462,0.00106156,0.000280183,0.000594652,0.151561,0.272553,5.08588e-07,2.99239,0.283824
2053.2083,271.767,271.44,0.572198,0.400988,0.0896894,0.000799848,0.00134458,0.00127264,-0.000544727,2.18964e-09,8.37299e-07,1.89398e-09,3.33641e-12,1.88478e-06,0.000849606,0.00409236,17.0499,0.00292085,0.000684935,2.93543e-13,4.93e-07,5.87559e-05,1.33577e-17,-2.80471e-05,2.29479e-06,5.71433e-06,1.56297e-21,6.6153e-07,2.14904e-07,6.42846,84.3307,3.46469,0.448579,75.6643,0.273162,4.14899,0.00342984,0.273162,1.78935,0.0676509,-0.313479,0.582873,0.00850992,-0.976181,0.00682908,0.00636018,0.00650385,0.0036686,-0.976181,0.00577346,1.82946,1.09946,0.00057575,0.151582,0.000682908,0.00106003,0.000273162,0.000596648,0.151582,0.794008,4.93001e-07,2.96378,0.276592
2053.2917,284.553,282.815,2.33142,0.275309,1.34165,0.00799002,0.00329243,0.00287624,0.00469759,1.30972e-07,2.29849e-05,1.1249e-07,1.54692e-09,1.81754e-05,0.00400753,0.154347,167.333,0.0919032,0.00068484,5.664e-10,5.1645e-07,1.89581e-05,1.10863e-17,2.93952e-05,3.26394e-05,3.25963e-06,1.30248e-21,3.15446e-06,2.41489e-06,6.42431,84.291,3.46637,0.38961,75.6902,0.273039,4.15134,0.00344032,0.273039,1.78693,0.0676362,-0.314987,0.580515,0.00720036,-0.974002,0.00682601,0.00636373,0.00650093,0.00366355,-0.974002,0.00577264,1.82948,1.0995,0.000489133,0.151653,0.000682601,0.00106062,0.000273039,0.000595843,0.151653,1.86888,5.17017e-07,2.95793,0.276479
2053.3750,292.188,290.759,2.57767,0.204635,2.28369,0.0126008,0.00506935,0.0028227,0.00753142,2.59567e-07,3.96584e-05,2.18151e-07,6.02623e-09,2.26182e-05,0.00410429,0.342006,226.42,0.153957,0.000722624,2.89364e-09,5.99542e-07,8.45419e-06,1.04714e-17,4.88035e-05,6.49335e-05,1.05126e-06,1.23204e-21,3.55384e-06,4.76705e-06,6.55131,84.3674,3.51264,0.342484,75.6937,0.294553,4.18352,0.00411899,0.294553,1.77996,0.0687796,-0.315015,0.579967,0.00623645,-0.973647,0.00736386,0.00640872,0.00701317,0.00364912,-0.973647,0.00585599,1.8295,1.09949,0.000424288,0.15166,0.000736386,0.00106812,0.000294553,0.000593519,0.15166,2.92121,6.02435e-07,3.03867,0.298672
2053.4583,295.561,294.105,2.83609,0.144833,2.34692,0.0106626,0.00549653,0.00206305,0.00516603,2.07524e-07,3.4527e-05,1.71233e-07,6.40927e-09,2.03364e-05,0.0040487,0.407065,225.862,0.135527,0.00076983,3.63532e-09,6.91864e-07,1.06663e-06,1.09062e-17,3.96651e-05,5.45905e-05,1.24084e-07,1.28355e-21,2.6517e-06,4.01938e-06,6.71069,84.4909,3.57051,0.315398,75.6911,0.32141,4.22383,0.00493779,0.32141,1.77379,0.0702265,-0.314842,0.579395,0.00570099,-0.973801,0.0080353,0.00646527,0.00765263,0.00363646,-0.973801,0.0059616,1.82951,1.09945,0.000387677,0.151649,0.00080353,0.00107755,0.00032141,0.000591463,0.151649,2.73903,6.95499e-07,3.14018,0.326348
2053.5417,292.556,292.129,2.97374,0.176617,1.39109,0.00705455,0.00485504,0.00213687,0.00219951,1.20596e-07,2.3659e-05,9.8886e-08,3.68431e-09,1.66477e-05,0.0036985,0.305935,194.711,0.0963306,0.00079483,1.89358e-09,7.52167e-07,5.20603e-06,1.11711e-17,4.08884e-05,3.34517e-05,6.51667e-07,1.31475e-21,2.76257e-06,2.48461e-06,6.78427,84.546,3.6029,0.303442,75.6885,0.33555,4.24757,0.00533525,0.33555,1.76976,0.0710041,-0.314613,0.579249,0.00547044,-0.973965,0.00838879,0.00649913,0.00798929,0.0036283,-0.973965,0.00601866,1.82954,1.09944,0.000371351,0.15164,0.000838879,0.00108319,0.00033555,0.000590119,0.15164,1.93357,7.54061e-07,3.18137,0.340885
2053.6250,286.374,286.506,3.01935,0.151285,0.669292,0.00374303,0.003689,0.00153107,5.40368e-05,4.84018e-08,1.20803e-05,3.98897e-08,1.04582e-09,1.24546e-05,0.0036886,0.140779,148.172,0.0503289,0.000803248,3.80329e-10,7.6697e-07,6.172e-08,1.13627e-17,2.8686e-05,1.49033e-05,1.69779e-08,1.33712e-21,1.93128e-06,1.13864e-06,6.80428,84.5528,3.61605,0.296575,75.6857,0.340208,4.2586,0.00542824,0.340208,1.76633,0.0712762,-0.314306,0.579615,0.0053421,-0.974162,0.00850524,0.00651549,0.00810019,0.0036214,-0.974162,0.00603905,1.82956,1.09946,0.000361996,0.15163,0.000850524,0.00108591,0.000340208,0.000588974,0.15163,0.94501,7.6735e-07,3.18823,0.345636
2053.7083,275.42,276.425,1.46572,0.146011,0.116243,0.000769708,0.00212092,0.000899423,-0.00135121,3.8923e-09,1.43904e-06,3.22888e-09,5.44981e-11,2.77796e-06,0.00116126,0.0193971,32.7065,0.0054141,0.000794051,1.17697e-11,7.36769e-07,2.3334e-09,1.1475e-17,1.67772e-05,3.20263e-06,8.2953e-10,1.34989e-21,1.0862e-06,2.91542e-07,6.76652,84.5183,3.60855,0.300791,75.6848,0.334802,4.25588,0.00520889,0.334802,1.76621,0.0710039,-0.313947,0.580216,0.00543132,-0.974219,0.00837009,0.00651277,0.00797148,0.00362136,-0.974219,0.00601995,1.82958,1.0995,0.000367783,0.151627,0.000837009,0.00108546,0.000334802,0.000588936,0.151627,0.370364,7.36781e-07,3.15797,0.340011
2053.7917,267.303,268.169,0,0.0605135,0,0,0.00119344,0.000164595,-0.00119344,0,0,0,0,0,0,0,0,0,0.00077963,0,6.93502e-07,7.3084e-37,1.18276e-17,3.77952e-06,2.12941e-06,2.84894e-37,1.39043e-21,1.67483e-07,2.12941e-07,6.72146,84.5027,3.59478,0.325199,75.6846,0.326423,4.24887,0.00490669,0.326423,1.77143,0.0705695,-0.313587,0.580524,0.00592992,-0.974242,0.0081606,0.00650399,0.00777197,0.00363233,-0.974242,0.00598911,1.8296,1.09951,0.000402713,0.151627,0.00081606,0.001084,0.000326423,0.000590675,0.151627,0.203082,6.93502e-07,3.12668,0.331329
2053.8750,265.455,266.015,0,0.0594224,0,0,0.00101224,3.54396e-05,-0.00101224,0,0,0,0,0,0,0,0,0,0.00076545,0,6.47593e-07,0,1.22668e-17,1.1507e-06,2.0757e-06,0,1.44114e-21,3.62832e-08,2.07571e-07,6.68236,84.5029,3.58109,0.357721,75.6845,0.31819,4.24177,0.00462023,0.31819,1.77832,0.0701405,-0.313232,0.580634,0.00660187,-0.974255,0.00795479,0.00649499,0.00757595,0.00364672,-0.974255,0.00595861,1.82962,1.09952,0.000448612,0.151627,0.000795479,0.0010825,0.00031819,0.000592971,0.151627,0.131385,6.47593e-07,3.10127,0.32281
2053.9583,267.064,267.394,0,0.0594223,0,0,0.00102857,3.14064e-05,-0.00102857,0,0,0,0,0,0,0,0,0,0.000751393,0,6.058e-07,0,1.2535e-17,7.0511e-07,2.0225e-06,0,1.47177e-21,2.53261e-08,2.0225e-07,6.64286,84.5042,3.56739,0.391411,75.6845,0.310034,4.23457,0.00434616,0.310034,1.78546,0.0697132,-0.312881,0.580704,0.00730134,-0.974261,0.0077509,0.00648574,0.00738177,0.0036616,-0.974261,0.00592819,1.82964,1.09952,0.000495958,0.151627,0.00077509,0.00108096,0.000310034,0.000595352,0.151627,0.163763,6.058e-07,3.07547,0.314381
2054.0417,265.353,265.786,0,0.0594231,0,0,0.000945122,1.67012e-05,-0.000945122,0,0,0,0,0,0,0,0,0,0.000738341,0,5.6666e-07,0,1.27571e-17,4.50979e-07,1.97313e-06,0,1.49701e-21,1.42994e-08,1.97313e-07,6.60768,84.5073,3.55456,0.422794,75.6845,0.302466,4.22773,0.00410034,0.302466,1.79226,0.0693146,-0.312556,0.58076,0.00795394,-0.97426,0.00756169,0.00647686,0.00720158,0.00367573,-0.97426,0.00589977,1.82966,1.09951,0.000540108,0.151628,0.000756169,0.00107948,0.000302466,0.000597618,0.151628,0.117566,5.6666e-07,3.05312,0.306567
2054.1250,267.968,268.158,0,0.0594231,0,0,0.00104178,1.25864e-05,-0.00104178,0,0,0,0,0,0,0,0,0,0.000725603,0,5.35288e-07,0,1.29104e-17,3.68857e-07,1.92499e-06,0,1.5142e-21,1.08637e-08,1.92499e-07,6.56942,84.5069,3.54193,0.453869,75.6845,0.295086,4.22091,0.00386865,0.295086,1.79907,0.0689237,-0.312238,0.58081,0.00860193,-0.974264,0.00737718,0.0064679,0.00702585,0.00368986,-0.974264,0.00587186,1.82968,1.09951,0.000583779,0.151628,0.000737718,0.00107798,0.000295086,0.000599889,0.151628,0.241708,5.35288e-07,3.02749,0.298954
2054.2083,269.985,269.872,0.121668,0.168276,0.000234143,0.000160271,0.00123216,0.00087184,-0.00107189,3.23482e-11,2.05333e-08,2.81053e-11,3.82831e-14,5.69926e-08,3.73005e-05,0.000111574,0.583866,5.2601e-05,0.000712748,2.07923e-15,5.11926e-07,5.15912e-05,1.27104e-17,-2.73239e-05,1.88433e-06,3.25185e-06,1.49041e-21,3.39056e-07,1.88203e-07,6.53032,84.5031,3.52906,0.479498,75.6874,0.287642,4.21386,0.00364272,0.287642,1.80587,0.0685272,-0.312095,0.580561,0.00913345,-0.974021,0.0071911,0.00645856,0.00684863,0.00370392,-0.974021,0.00584352,1.8297,1.09951,0.000619013,0.151636,0.00071911,0.00107643,0.000287642,0.000602154,0.151636,0.578805,5.11926e-07,3.00126,0.291285
2054.2917,284.044,282.695,2.49386,0.270048,1.24173,0.00840252,0.00320115,0.00305142,0.00520137,1.12422e-07,2.17599e-05,9.67813e-08,1.15035e-09,1.62594e-05,0.00390462,0.127105,167.265,0.0841406,0.000709675,3.28247e-10,5.27638e-07,2.98583e-05,1.02132e-17,2.40048e-05,2.92597e-05,5.00922e-06,1.20345e-21,3.18541e-06,2.17717e-06,6.52569,84.4645,3.52829,0.416977,75.7175,0.28577,4.21528,0.00362207,0.28577,1.80432,0.0684742,-0.31402,0.577539,0.00774914,-0.971483,0.00714429,0.00646089,0.00680405,0.00370069,-0.971483,0.00584008,1.82972,1.09955,0.000526803,0.151718,0.000714429,0.00107682,0.00028577,0.000601639,0.151718,1.68674,5.27967e-07,2.9974,0.289392
2054.3750,291.447,290.077,2.61927,0.171473,2.06545,0.0118699,0.00466228,0.00247887,0.00720767,2.17206e-07,3.62657e-05,1.82799e-07,4.98986e-09,2.10298e-05,0.00433715,0.3133,225.017,0.136064,0.000733056,2.32254e-09,5.84028e-07,2.35482e-06,1.04546e-17,3.84921e-05,5.5336e-05,3.26629e-07,1.23354e-21,3.04838e-06,4.08043e-06,6.63316,84.527,3.56073,0.372036,75.7229,0.298915,4.24036,0.00413291,0.298915,1.7989,0.0693463,-0.313947,0.577181,0.00680683,-0.970971,0.00747292,0.00649607,0.00711703,0.00368946,-0.970971,0.00590401,1.82973,1.09955,0.000464592,0.15173,0.000747292,0.00108268,0.000298915,0.00059983,0.15173,2.53281,5.8635e-07,3.07243,0.303048
2054.4583,292.841,292.189,2.82076,0.185789,2.00057,0.0113816,0.00528029,0.00251693,0.00610127,2.14178e-07,3.62779e-05,1.77225e-07,6.47148e-09,1.95745e-05,0.00387904,0.358984,225.81,0.136131,0.000770174,3.34662e-09,6.78858e-07,5.95856e-06,1.0822e-17,4.39184e-05,5.62161e-05,7.01029e-07,1.27759e-21,3.23035e-06,4.14867e-06,6.7924,84.6509,3.61079,0.342371,75.7228,0.319834,4.27825,0.00489955,0.319834,1.79339,0.0706757,-0.313733,0.576601,0.00621716,-0.970906,0.0079959,0.00654925,0.0076151,0.00367816,-0.970906,0.00600142,1.82975,1.09952,0.000423919,0.151726,0.00079959,0.00109154,0.000319834,0.000597996,0.151726,2.67131,6.82205e-07,3.18161,0.324734
2054.5417,293.082,292.337,2.95019,0.1448,1.43226,0.00676131,0.00471533,0.00183051,0.00204598,1.09235e-07,2.24916e-05,8.96992e-08,3.35712e-09,1.5863e-05,0.00380831,0.305494,191.644,0.0881007,0.000793951,1.73832e-09,7.34234e-07,2.73852e-06,1.12022e-17,3.2857e-05,3.03271e-05,3.68785e-07,1.32268e-21,2.32984e-06,2.26305e-06,6.88829,84.724,3.6447,0.325976,75.7207,0.333144,4.30503,0.00536901,0.333144,1.78908,0.0715347,-0.313483,0.57643,0.00589575,-0.971013,0.00832864,0.00658731,0.007932,0.00366941,-0.971013,0.00606466,1.82977,1.09951,0.000401657,0.151717,0.000832864,0.00109789,0.000333144,0.000596559,0.151717,1.78767,7.35972e-07,3.24359,0.338513
2054.6250,284.211,284.585,2.95817,0.204653,0.486151,0.00333208,0.00339557,0.00200454,-6.34904e-05,3.92587e-08,1.02551e-05,3.24952e-08,7.73583e-10,1.07172e-05,0.0034362,0.107542,130.105,0.04071,0.000795735,2.36592e-10,7.40294e-07,2.96974e-06,1.09853e-17,3.89816e-05,1.23728e-05,5.24835e-07,1.29741e-21,2.59785e-06,9.56523e-07,6.89138,84.7103,3.65121,0.314924,75.7186,0.333961,4.31243,0.00538125,0.333961,1.78544,0.0716453,-0.313266,0.576874,0.00568048,-0.971128,0.00834906,0.00659862,0.00795144,0.00366206,-0.971128,0.00607338,1.8298,1.09954,0.000386444,0.151708,0.000834906,0.00109977,0.000333961,0.000595344,0.151708,0.875094,7.4053e-07,3.24017,0.339342
2054.7083,268.712,270.109,1.29988,0.172104,0.0554968,0.000428739,0.00161469,0.000723224,-0.00118595,1.41789e-09,5.68746e-07,1.18365e-09,1.31123e-11,1.19619e-06,0.000511173,0.00585466,14.3336,0.00203203,0.000784551,1.78266e-12,7.11238e-07,5.2985e-07,1.13134e-17,1.60924e-05,2.5032e-06,1.25678e-07,1.33586e-21,9.18589e-07,2.4001e-07,6.85185,84.6684,3.64143,0.315899,75.7161,0.327419,4.30822,0.00513319,0.327419,1.78463,0.0713178,-0.312956,0.577669,0.00570453,-0.971308,0.00818552,0.0065938,0.00779569,0.00366056,-0.971308,0.00605027,1.82982,1.09959,0.000388444,0.1517,0.000818552,0.00109897,0.000327419,0.000595073,0.1517,0.365424,7.1124e-07,3.21042,0.332552
2054.7917,264.241,264.931,0,0.0765524,0,0,0.00102955,1.74194e-05,-0.00102955,0,0,0,0,0,0,0,0,0,0.000770345,0,6.67293e-07,0,1.23358e-17,8.63231e-07,2.08212e-06,0,1.45569e-21,2.28623e-08,2.08212e-07,6.81037,84.6637,3.62767,0.346807,75.7154,0.319173,4.30105,0.00483386,0.319173,1.79106,0.0708873,-0.312602,0.577859,0.00634274,-0.971365,0.00797937,0.00658476,0.00759937,0.00367403,-0.971365,0.00601965,1.82984,1.0996,0.000431995,0.151699,0.000797937,0.00109746,0.000319173,0.000597218,0.151699,0.12693,6.67293e-07,3.18271,0.324007
2054.8750,261.99,262.608,0,0.0764931,0,0,0.000906021,5.0761e-06,-0.000906021,0,0,0,0,0,0,0,0,0,0.000756467,0,6.22633e-07,0,1.29137e-17,2.91056e-07,2.02961e-06,0,1.52303e-21,7.22209e-09,2.02961e-07,6.77305,84.6675,3.61409,0.380863,75.7153,0.311124,4.29387,0.00455165,0.311124,1.79823,0.0704647,-0.312255,0.577919,0.00705006,-0.971378,0.00777813,0.00657559,0.0074077,0.00368898,-0.971378,0.00598955,1.82986,1.0996,0.000479551,0.151698,0.000777813,0.00109593,0.000311124,0.000599607,0.151698,0.200744,6.22633e-07,3.15896,0.315675
2054.9583,264.415,264.738,0,0.0764941,0,0,0.00100204,1.91635e-06,-0.00100204,0,0,0,0,0,0,0,0,0,0.000742709,0,5.86525e-07,0,1.33199e-17,1.35534e-07,1.97759e-06,0,1.57008e-21,3.15707e-09,1.97759e-07,6.73346,84.6691,3.60051,0.414826,75.7153,0.303149,4.28658,0.00428165,0.303149,1.80551,0.0700437,-0.311912,0.577966,0.00775679,-0.971383,0.00757877,0.00656618,0.00721784,0.00370414,-0.971383,0.00595953,1.82988,1.0996,0.000526985,0.151698,0.000757877,0.00109436,0.000303149,0.000602036,0.151698,0.275186,5.86525e-07,3.13295,0.307431
2055.0417,265.793,266.071,0,0.0764936,0,0,0.00101887,1.72355e-06,-0.00101887,0,0,0,0,0,0,0,0,0,0.000729933,0,5.55063e-07,0,1.3533e-17,1.19332e-07,1.92931e-06,0,1.59438e-21,2.78118e-09,1.92932e-07,6.6945,84.6686,3.58779,0.446403,75.7152,0.295749,4.27966,0.00403949,0.295749,1.81244,0.0696509,-0.311593,0.578009,0.00841478,-0.971386,0.00739376,0.00655714,0.00704164,0.00371851,-0.971386,0.00593148,1.8299,1.0996,0.000571156,0.151698,0.000739377,0.00109286,0.000295749,0.000604343,0.151698,0.169308,5.55063e-07,3.10671,0.299789
2055.1250,266.896,267.014,0,0.0764955,0,0,0.00110731,1.64362e-06,-0.00110731,0,0,0,0,0,0,0,0,0,0.000717465,0,5.24725e-07,0,1.36473e-17,1.11508e-07,1.88224e-06,0,1.60702e-21,2.60026e-09,1.88224e-07,6.65533,84.6671,3.57525,0.477241,75.7152,0.288533,4.27274,0.00381123,0.288533,1.81935,0.0692656,-0.311282,0.57805,0.00905829,-0.971389,0.00721335,0.00654803,0.00686982,0.00373283,-0.971389,0.00590393,1.82991,1.0996,0.00061437,0.151698,0.000721335,0.00109134,0.000288533,0.000606647,0.151698,0.30332,5.24725e-07,3.08008,0.292344
2055.2083,278.124,276.905,1.89049,0.29146,0.548486,0.00351898,0.00215448,0.00237713,0.00136451,3.04118e-08,7.3317e-06,2.62948e-08,1.84408e-10,7.80948e-06,0.0024045,0.0500072,79.0716,0.0284695,0.000706274,4.66696e-11,5.12718e-07,4.49661e-05,1.22454e-17,-2.59501e-05,9.16752e-06,3.7932e-06,1.44442e-21,1.70098e-06,7.15434e-07,6.61589,84.633,3.56426,0.458007,75.7361,0.282046,4.26689,0.00361795,0.282046,1.82298,0.0689234,-0.31191,0.576435,0.00861863,-0.969628,0.00705118,0.00654031,0.00671538,0.00374032,-0.969628,0.00587946,1.82993,1.09961,0.000583019,0.151755,0.000705118,0.00109005,0.000282046,0.000607857,0.151755,0.963043,5.12765e-07,3.05163,0.285664
2055.2917,287.859,286.207,2.48534,0.153113,1.48725,0.0083364,0.00363479,0.00202582,0.00470161,1.331e-07,2.50833e-05,1.13616e-07,2.00537e-09,1.80747e-05,0.00421186,0.206589,184.643,0.0955665,0.000711491,7.84384e-10,5.42994e-07,1.82945e-07,1.1164e-17,2.34773e-05,3.38693e-05,2.25553e-08,1.31919e-21,2.32129e-06,2.51421e-06,6.6432,84.6274,3.57406,0.410674,75.7529,0.284871,4.27596,0.0037718,0.284871,1.82057,0.0691514,-0.312069,0.575637,0.00758332,-0.968176,0.00712182,0.00655323,0.00678265,0.00373529,-0.968176,0.00589643,1.82995,1.09963,0.000515948,0.1518,0.000712182,0.00109221,0.000284871,0.000607053,0.1518,1.88671,5.43779e-07,3.06914,0.288643
2055.3750,293.215,291.653,2.62118,0.138054,1.80684,0.00980591,0.00441557,0.00185909,0.00539034,1.82684e-07,3.21843e-05,1.53359e-07,4.46829e-09,2.03491e-05,0.00444615,0.339791,218.43,0.120942,0.000736875,2.11554e-09,6.08474e-07,1.01555e-07,1.13877e-17,2.34312e-05,4.65239e-05,1.10923e-08,1.34632e-21,2.24225e-06,3.43986e-06,6.75453,84.7175,3.60971,0.387365,75.7571,0.299118,4.30378,0.00433687,0.299118,1.8185,0.0700727,-0.311755,0.575094,0.00710654,-0.96776,0.00747799,0.00659228,0.00712186,0.00373103,-0.96776,0.005964,1.82997,1.09961,0.000483497,0.151808,0.000747799,0.00109871,0.000299118,0.000606365,0.151808,2.25351,6.10589e-07,3.14481,0.303455
2055.4583,295.626,294.593,2.71931,0.15022,1.46092,0.00758641,0.00456925,0.00208342,0.00301716,1.34606e-07,2.60069e-05,1.11053e-07,4.62706e-09,1.85073e-05,0.00440304,0.389087,205.138,0.099201,0.000755207,2.6412e-09,6.64578e-07,1.06007e-06,1.16763e-17,2.85157e-05,3.51709e-05,1.27076e-07,1.38121e-21,2.59163e-06,2.61321e-06,6.82465,84.7707,3.63675,0.370116,75.7598,0.309343,4.32564,0.00473313,0.309343,1.81618,0.0707434,-0.311444,0.574768,0.00677089,-0.967453,0.00773361,0.00662326,0.00736531,0.00372631,-0.967453,0.00601337,1.82999,1.0996,0.000459014,0.151812,0.000773361,0.00110388,0.000309343,0.000605592,0.151812,2.00518,6.67219e-07,3.1879,0.314076
2055.5417,291.966,291.617,2.79692,0.208542,1.08452,0.00667342,0.00460102,0.00264018,0.0020724,1.1408e-07,2.30791e-05,9.38945e-08,3.51074e-09,1.64283e-05,0.00376993,0.290731,186.977,0.0895608,0.000769701,1.7138e-09,7.01963e-07,1.36677e-05,1.13222e-17,4.81996e-05,3.05067e-05,1.8413e-06,1.34095e-21,3.45128e-06,2.27463e-06,6.87697,84.7909,3.6592,0.344383,75.7592,0.317381,4.34438,0.00503659,0.317381,1.81032,0.0712794,-0.311399,0.57473,0.00626859,-0.967391,0.00793456,0.00665007,0.00755668,0.00371428,-0.967391,0.00605298,1.83001,1.09962,0.00042343,0.151805,0.000793456,0.00110834,0.000317381,0.000603637,0.151805,1.69034,7.03677e-07,3.21777,0.322417
2055.6250,286.784,286.893,2.82359,0.176966,0.650811,0.00371663,0.00369093,0.00194912,2.56946e-05,4.90063e-08,1.23086e-05,4.04576e-08,1.10923e-09,1.24945e-05,0.00368583,0.146338,143.042,0.0487946,0.000774891,3.94894e-10,7.15292e-07,6.33079e-07,1.13565e-17,3.83815e-05,1.43616e-05,1.36556e-07,1.34563e-21,2.5483e-06,1.09894e-06,6.89334,84.7782,3.66991,0.325022,75.7552,0.320135,4.35472,0.00513542,0.320135,1.80465,0.0714985,-0.311228,0.575317,0.00588632,-0.967633,0.00800343,0.00666532,0.00762227,0.00370269,-0.967633,0.00606953,1.83003,1.09967,0.000397672,0.15179,0.000800343,0.00111089,0.000320135,0.000601747,0.15179,1.01612,7.15687e-07,3.22343,0.325271
2055.7083,275.378,276.426,2.16045,0.159936,0.111472,0.000726537,0.00204531,0.00110314,-0.00131877,1.50121e-09,7.1126e-07,1.252e-09,1.58761e-11,1.87999e-06,0.000860769,0.0099643,21.3015,0.00225572,0.000765644,2.45308e-12,6.87859e-07,1.34856e-09,1.14818e-17,2.07646e-05,2.42891e-06,4.76216e-10,1.36016e-21,1.37747e-06,2.32238e-07,6.85611,84.7353,3.66223,0.322697,75.7531,0.314707,4.35179,0.00493181,0.314707,1.80341,0.0712301,-0.310891,0.576107,0.00584155,-0.96777,0.00786772,0.00666217,0.00749303,0.00370026,-0.96777,0.00605061,1.83005,1.09972,0.000395003,0.151782,0.000786772,0.00111036,0.000314707,0.000601333,0.151782,0.278016,6.87861e-07,3.19388,0.319639
2055.7917,263.916,265.225,0.294981,0.107163,0.00491105,1.82266e-05,0.00113843,0.000168206,-0.00112021,0,0,0,0,0,0,0,0,0,0.000751999,0,6.47702e-07,7.02646e-15,1.21687e-17,3.43654e-06,2.00139e-06,1.45296e-15,1.44071e-21,1.91111e-07,2.00139e-07,6.81046,84.712,3.64877,0.340988,75.7528,0.306798,4.34457,0.00464483,0.306798,1.80775,0.0708127,-0.310554,0.576494,0.00621503,-0.967785,0.00766999,0.00665297,0.00730471,0.00370937,-0.967785,0.00602085,1.83007,1.09974,0.000421351,0.151781,0.000766999,0.00110883,0.000306798,0.000602781,0.151781,0.23631,6.47702e-07,3.16169,0.311443
2055.8750,261.444,262.137,0,0.0836653,0,0,0.000889132,6.38994e-06,-0.000889132,0,0,0,0,0,0,0,0,0,0.000738639,0,6.06562e-07,0,1.28502e-17,3.52104e-07,1.95091e-06,0,1.52052e-21,8.81253e-09,1.95091e-07,6.77216,84.7129,3.63545,0.373153,75.7527,0.29906,4.33731,0.00437366,0.29906,1.81491,0.070402,-0.31022,0.57657,0.00688402,-0.967799,0.00747654,0.00664362,0.00712048,0.00372426,-0.967799,0.00599153,1.83009,1.09974,0.000466516,0.151781,0.000747654,0.00110727,0.00029906,0.000605166,0.151781,0.17332,6.06562e-07,3.13671,0.303434
2055.9583,264.745,265.005,0,0.0836652,0,0,0.000979707,3.77712e-06,-0.000979707,0,0,0,0,0,0,0,0,0,0.000725395,0,5.68773e-07,0,1.30831e-17,2.05025e-07,1.90091e-06,0,1.54723e-21,5.0913e-09,1.90091e-07,6.73356,84.7143,3.62212,0.405845,75.7526,0.291395,4.32995,0.00411421,0.291395,1.82226,0.0699928,-0.309888,0.576618,0.00756618,-0.967805,0.00728491,0.00663402,0.00693798,0.00373954,-0.967805,0.00596227,1.83011,1.09974,0.000512348,0.151781,0.000728491,0.00110567,0.000291395,0.000607619,0.151781,0.189688,5.68773e-07,3.11144,0.295509
2056.0417,264.941,265.319,0,0.0836652,0,0,0.000797852,3.78608e-06,-0.000797852,0,0,0,0,0,0,0,0,0,0.000713096,0,5.35042e-07,0,1.32065e-17,1.93254e-07,1.85451e-06,0,1.56099e-21,4.82442e-09,1.85451e-07,6.69797,84.716,3.60963,0.436234,75.7526,0.284282,4.32296,0.00388152,0.284282,1.82925,0.0696109,-0.309581,0.576663,0.00820115,-0.96781,0.00710708,0.00662482,0.00676861,0.00375403,-0.96781,0.00593493,1.83012,1.09974,0.000555023,0.151781,0.000710708,0.00110414,0.000284282,0.000609949,0.151781,0.0880285,5.35042e-07,3.08834,0.288163
2056.1250,265.488,265.674,0,0.0836656,0,0,0.0009637,3.50596e-06,-0.0009637,0,0,0,0,0,0,0,0,0,0.000701094,0,5.0214e-07,0,1.33866e-17,1.659e-07,1.80926e-06,0,1.58146e-21,4.17775e-09,1.80926e-07,6.66353,84.7182,3.59732,0.465915,75.7526,0.277345,4.31598,0.00366219,0.277345,1.83623,0.0692363,-0.309281,0.576705,0.00882213,-0.967813,0.00693367,0.00661554,0.00660345,0.00376846,-0.967813,0.00590807,1.83014,1.09974,0.000596774,0.151781,0.000693367,0.00110259,0.000277345,0.000612275,0.151781,0.22514,5.0214e-07,3.06621,0.281007
2056.2083,270.167,270.092,0,0.303084,0,0,0.00116157,0.000390531,-0.00116157,0,0,0,0,0,0,0,0,0,0.000688979,0,4.8076e-07,7.10683e-07,1.33673e-17,-1.47686e-05,1.76362e-06,3.68572e-08,1.57848e-21,1.6689e-07,1.76362e-07,6.62397,84.7131,3.58478,0.490679,75.7552,0.270349,4.30877,0.00344832,0.270349,1.84318,0.0688562,-0.309004,0.576609,0.00933747,-0.967589,0.00675877,0.00660588,0.00643689,0.00378279,-0.967589,0.00588078,1.83016,1.09974,0.000630573,0.151788,0.000675877,0.00110098,0.000270349,0.00061459,0.151788,0.479093,4.8076e-07,3.03919,0.273798
2056.2917,282.032,280.539,1.42871,0.416061,1.13553,0.00574815,0.00280818,0.00245022,0.00293998,8.67614e-08,1.50691e-05,7.43024e-08,1.25888e-09,1.26332e-05,0.00261355,0.135461,109.145,0.0620153,0.00068311,5.2676e-10,4.99414e-07,5.2769e-05,1.19264e-17,-8.1656e-06,2.17149e-05,5.85775e-06,1.41166e-21,2.10303e-06,1.61961e-06,6.59604,84.6821,3.5792,0.462543,75.7777,0.266946,4.30594,0.00334672,0.266946,1.84575,0.0686471,-0.309832,0.574711,0.00870341,-0.965682,0.00667369,0.0066022,0.00635586,0.00378804,-0.965682,0.00586582,1.83018,1.09975,0.000585547,0.151849,0.000667369,0.00110037,0.000266946,0.000615448,0.151849,1.97427,4.9994e-07,3.01683,0.270293
2056.3750,296.135,293.56,2.45012,0.10534,1.67417,0.00776402,0.00409066,0.00176079,0.00367336,1.28389e-07,2.21981e-05,1.08417e-07,3.17074e-09,1.89317e-05,0.0043799,0.307241,172.763,0.0901271,0.000707986,1.60339e-09,5.68312e-07,5.20187e-09,1.14452e-17,2.21588e-05,3.19286e-05,7.91939e-10,1.35798e-21,2.04377e-06,2.36186e-06,6.65672,84.7063,3.60862,0.41433,75.7923,0.281153,4.32572,0.00375695,0.281153,1.84287,0.0692911,-0.310331,0.57334,0.00765602,-0.9644,0.00702887,0.00662989,0.00669412,0.00378203,-0.9644,0.00591267,1.83019,1.09975,0.000518467,0.151886,0.000702887,0.00110498,0.000281153,0.000614489,0.151886,1.92535,5.69916e-07,3.0481,0.28491
2056.4583,297.186,296.02,2.49572,0.13647,1.12066,0.00576354,0.00403473,0.00201083,0.00172881,9.06383e-08,1.78239e-05,7.4913e-08,3.49328e-09,1.83709e-05,0.00470346,0.370362,169.578,0.0737394,0.000716499,2.12387e-09,6.05747e-07,7.71229e-07,1.18377e-17,2.45763e-05,2.30491e-05,8.14391e-08,1.40532e-21,2.44919e-06,1.71768e-06,6.65588,84.6908,3.61969,0.396795,75.7961,0.285965,4.33386,0.00388079,0.285965,1.84202,0.0694899,-0.310025,0.573427,0.00729993,-0.964022,0.00714917,0.00664158,0.0068087,0.00378024,-0.964022,0.00592729,1.83021,1.09977,0.000494188,0.151894,0.000714917,0.00110693,0.000285965,0.000614203,0.151894,1.69669,6.0787e-07,3.03618,0.289846
2056.5417,290.276,290.116,2.58767,0.17492,0.915847,0.00595981,0.00388591,0.00214146,0.0020739,1.1057e-07,2.11072e-05,9.15909e-08,3.28512e-09,1.85172e-05,0.00403617,0.25763,177.184,0.088716,0.000733462,1.49739e-09,6.40683e-07,3.02865e-06,1.17527e-17,3.26132e-05,2.82305e-05,4.0792e-07,1.39647e-21,2.73325e-06,2.09499e-06,6.68994,84.6983,3.64052,0.372208,75.798,0.295618,4.34838,0.00414127,0.295618,1.8381,0.0699381,-0.309744,0.57348,0.00681955,-0.963754,0.00739049,0.0066622,0.00703853,0.00377212,-0.963754,0.00596002,1.83023,1.09979,0.000459778,0.151894,0.000739049,0.00111037,0.000295618,0.000612896,0.151894,1.45031,6.4218e-07,3.04942,0.299759
2056.6250,283.458,283.762,2.61745,0.204895,0.364786,0.00295557,0.00291325,0.00205019,4.23168e-05,4.02447e-08,9.86759e-06,3.36146e-08,6.54269e-10,1.28888e-05,0.00378196,0.0911563,124.947,0.0415231,0.000739045,1.53506e-10,6.43369e-07,3.68074e-06,1.13482e-17,3.75367e-05,1.16327e-05,5.98894e-07,1.34951e-21,2.66615e-06,8.93029e-07,6.69434,84.6758,3.64855,0.351107,75.7968,0.298735,4.35477,0.00420413,0.298735,1.83354,0.0700693,-0.309597,0.573922,0.00640398,-0.963755,0.00746841,0.00667161,0.00711274,0.00376271,-0.963755,0.0059698,1.83025,1.09984,0.000431049,0.151886,0.000746841,0.00111193,0.000298735,0.000611378,0.151886,0.767306,6.43522e-07,3.04579,0.302939
2056.7083,276.759,277.359,1.69034,0.234464,0.083733,0.000716393,0.00200649,0.0015296,-0.00129009,2.38065e-09,9.5049e-07,1.99649e-09,2.28548e-11,2.4007e-06,0.000985852,0.0100312,22.9283,0.00331159,0.000730669,3.03029e-12,6.21888e-07,2.00078e-06,1.11885e-17,3.0157e-05,2.48687e-06,4.34016e-07,1.33074e-21,1.98291e-06,2.32399e-07,6.65712,84.622,3.64073,0.339552,75.7945,0.293857,4.35094,0.00403491,0.293857,1.8309,0.0698002,-0.309344,0.574805,0.00617247,-0.963879,0.00734646,0.00666684,0.00699659,0.00375726,-0.963879,0.00595064,1.83027,1.0999,0.000415986,0.151876,0.000734646,0.00111114,0.000293857,0.000610497,0.151876,0.49572,6.21891e-07,3.01639,0.297892
2056.7917,267.591,268.257,0,0.219495,0,0,0.00106781,0.000119409,-0.00106781,0,0,0,0,0,0,0,0,0,0.000717941,0,5.94934e-07,1.55465e-13,1.20806e-17,3.59671e-06,1.86894e-06,4.31517e-14,1.43613e-21,1.34729e-07,1.86894e-07,6.61453,84.5957,3.62782,0.353566,75.7931,0.286494,4.34374,0.00380068,0.286494,1.83457,0.0694059,-0.309053,0.575299,0.00646241,-0.963985,0.00716239,0.00665732,0.00682129,0.00376487,-0.963985,0.00592241,1.83029,1.09993,0.000437178,0.151872,0.000716239,0.00110955,0.000286494,0.000611722,0.151872,0.324078,5.94934e-07,2.9867,0.290295
2056.8750,263.446,264.029,0,0.219446,0,0,0.000817329,3.04334e-05,-0.000817329,0,0,0,0,0,0,0,0,0,0.000705439,0,5.62955e-07,0,1.26557e-17,8.34646e-07,1.8218e-06,0,1.50355e-21,3.10812e-08,1.8218e-07,6.57832,84.5954,3.61502,0.382449,75.7929,0.279268,4.33648,0.00357879,0.279268,1.84167,0.0690169,-0.308739,0.575399,0.00706582,-0.964001,0.00698175,0.00664764,0.00664925,0.00377953,-0.964001,0.00589453,1.8303,1.09993,0.000478512,0.151872,0.000698175,0.00110794,0.000279268,0.000614087,0.151872,0.191133,5.62955e-07,2.9633,0.282847
2056.9583,263.777,264.048,0,0.219446,0,0,0.000808122,2.7315e-06,-0.000808122,0,0,0,0,0,0,0,0,0,0.000693045,0,5.27599e-07,0,1.31133e-17,1.66992e-07,1.77511e-06,0,1.55702e-21,4.02315e-09,1.77511e-07,6.54438,84.599,3.6022,0.412764,75.7929,0.27211,4.32912,0.00336649,0.27211,1.84901,0.0686292,-0.308429,0.575451,0.00770374,-0.964007,0.0068028,0.00663773,0.00647882,0.00379468,-0.964007,0.0058667,1.83032,1.09993,0.000521472,0.151872,0.00068028,0.00110629,0.000272111,0.000616535,0.151872,0.202057,5.27599e-07,2.94219,0.275477
2057.0417,265.215,265.405,0,0.219446,0,0,0.000857691,1.97768e-06,-0.000857691,0,0,0,0,0,0,0,0,0,0.000681535,0,4.9934e-07,0,1.32967e-17,1.25827e-07,1.73178e-06,0,1.57797e-21,2.9779e-09,1.73178e-07,6.51037,84.6003,3.59018,0.441129,75.7928,0.265468,4.32213,0.00317609,0.265468,1.856,0.0682673,-0.30814,0.575492,0.00830191,-0.96401,0.00663674,0.00662825,0.00632067,0.00380908,-0.96401,0.00584069,1.83034,1.09993,0.000561686,0.151872,0.000663674,0.00110471,0.000265468,0.000618866,0.151872,0.191785,4.9934e-07,2.92019,0.268644
2057.1250,266.682,266.77,0,0.219446,0,0,0.000960377,1.93173e-06,-0.000960377,0,0,0,0,0,0,0,0,0,0.000670301,0,4.73482e-07,0,1.34063e-17,1.18901e-07,1.68952e-06,0,1.59013e-21,2.81993e-09,1.68952e-07,6.4753,84.5999,3.57833,0.468833,75.7928,0.25899,4.31515,0.00299662,0.25899,1.86298,0.0679122,-0.307859,0.575532,0.00888708,-0.964013,0.0064748,0.0066187,0.00616644,0.00382343,-0.964013,0.00581512,1.83036,1.09993,0.00060104,0.151872,0.00064748,0.00110312,0.00025899,0.000621192,0.151872,0.304593,4.73482e-07,2.89697,0.261987
2057.2083,273.293,272.647,0.585317,0.48541,0.180315,0.00122843,0.00146335,0.00127317,-0.000234922,1.25315e-08,2.41807e-06,1.08491e-08,6.0098e-11,4.32498e-06,0.00111641,0.0175865,28.2257,0.0117328,0.000659498,1.44432e-11,4.61206e-07,5.68692e-05,1.28041e-17,-2.41592e-05,4.4194e-06,5.07845e-06,1.51923e-21,8.23667e-07,3.625e-07,6.43638,84.5881,3.56671,0.483318,75.7991,0.252774,4.30813,0.00282588,0.252774,1.86935,0.0675589,-0.308022,0.574891,0.00917752,-0.963486,0.00631938,0.00660904,0.00601843,0.00383647,-0.963486,0.00578964,1.83037,1.09993,0.000619374,0.151889,0.000631939,0.00110151,0.000252774,0.000623313,0.151889,0.749784,4.61221e-07,2.86967,0.2556
2057.2917,285.586,284.176,2.36538,0.221369,1.38862,0.00855218,0.00409616,0.00271693,0.00445603,1.782e-07,2.51754e-05,1.52525e-07,2.31043e-09,2.38697e-05,0.00421717,0.164144,176.562,0.121743,0.000692294,7.99336e-10,4.87297e-07,8.67543e-06,1.07894e-17,3.02564e-05,4.37174e-05,1.51523e-06,1.2852e-21,3.14243e-06,3.18327e-06,6.43628,84.5498,3.5922,0.423878,75.8227,0.272123,4.31611,0.00300451,0.272123,1.86685,0.0677798,-0.309362,0.572626,0.00784878,-0.961447,0.0068031,0.00662013,0.00647911,0.00383115,-0.961447,0.00580529,1.83039,1.09996,0.000531111,0.151952,0.000680311,0.00110336,0.000272123,0.000622479,0.151952,1.84885,4.88096e-07,2.84407,0.275127
2057.3750,290.283,289.348,2.94857,0.198671,1.67786,0.0120445,0.00557448,0.00266985,0.00647001,2.74822e-07,3.74029e-05,2.30115e-07,5.74989e-09,2.47477e-05,0.00410453,0.275502,238.217,0.176785,0.000795845,2.37358e-09,5.54894e-07,7.62441e-06,1.08272e-17,4.25665e-05,7.47874e-05,8.94485e-07,1.29108e-21,3.3924e-06,5.42876e-06,6.53578,84.6081,3.67821,0.385397,75.8256,0.332875,4.34894,0.00372767,0.332875,1.86132,0.069181,-0.30923,0.571814,0.00705864,-0.961104,0.00832192,0.00666581,0.00792561,0.00381962,-0.961104,0.00590592,1.83041,1.09992,0.000478462,0.151955,0.000832192,0.00111097,0.000332875,0.000620636,0.151955,2.28852,5.57268e-07,2.85757,0.336603
2057.4583,293.525,292.858,3.53848,0.220354,2.09189,0.0123553,0.00621342,0.00307139,0.00614187,2.59181e-07,3.78439e-05,2.12728e-07,7.47475e-09,2.18423e-05,0.00377676,0.374781,259.303,0.178614,0.000897105,4.01222e-09,6.45513e-07,2.18281e-05,1.08839e-17,5.76971e-05,7.74576e-05,2.71509e-06,1.29948e-21,4.06803e-06,5.63222e-06,6.69648,84.7254,3.76287,0.352871,75.8232,0.392237,4.38184,0.00440904,0.392237,1.85292,0.0711298,-0.309325,0.570502,0.00641514,-0.961174,0.00980596,0.00671188,0.00933897,0.00380226,-0.961174,0.00604632,1.83043,1.09987,0.000434331,0.151942,0.000980596,0.00111865,0.000392237,0.000617839,0.151942,2.84852,6.49526e-07,2.93361,0.396646
2057.5417,291.302,290.839,3.86632,0.162058,1.51658,0.00822861,0.00529744,0.00210536,0.00293117,1.46707e-07,2.58042e-05,1.19711e-07,3.65775e-09,1.74889e-05,0.00353827,0.267583,229.023,0.126005,0.000951908,1.64665e-09,7.01783e-07,1.94869e-06,1.11732e-17,4.05501e-05,4.72389e-05,3.0223e-07,1.33472e-21,2.74152e-06,3.46484e-06,6.80441,84.8026,3.80852,0.334639,75.8183,0.42436,4.39942,0.00470636,0.42436,1.84528,0.0724199,-0.309241,0.569967,0.00605763,-0.961472,0.010609,0.00673695,0.0101038,0.0037865,-0.961472,0.00613964,1.83046,1.09984,0.000410133,0.151923,0.0010609,0.00112283,0.00042436,0.000615289,0.151923,1.80676,7.03429e-07,2.99589,0.429066
2057.6250,286.625,286.765,3.96769,0.138289,0.777493,0.00434591,0.0040314,0.00153741,0.000314517,5.65871e-08,1.28257e-05,4.61936e-08,1.12834e-09,1.28522e-05,0.00346811,0.143136,173.048,0.0650557,0.000968616,4.02733e-10,7.19155e-07,2.80212e-07,1.15122e-17,2.532e-05,2.02373e-05,4.58464e-08,1.37483e-21,1.90477e-06,1.52757e-06,6.83171,84.8273,3.82204,0.336011,75.817,0.434164,4.40424,0.00470311,0.434164,1.84264,0.0728362,-0.308808,0.570009,0.00608963,-0.961524,0.0108541,0.00674439,0.0103372,0.00378113,-0.961524,0.00617026,1.83048,1.09984,0.000412203,0.151917,0.00108541,0.00112407,0.000434164,0.000614409,0.151917,0.945737,7.19558e-07,3.00967,0.438867
2057.7083,275.794,276.91,2.88986,0.130658,0.118685,0.000840057,0.00229077,0.000943329,-0.00145071,1.9312e-09,7.71571e-07,1.58845e-09,2.28391e-11,1.75788e-06,0.000722274,0.0112014,23.5858,0.00337994,0.000957664,4.35452e-12,6.90055e-07,3.70983e-11,1.16626e-17,1.22263e-05,3.38597e-06,1.46653e-11,1.39238e-21,1.07493e-06,3.2121e-07,6.79546,84.8063,3.81207,0.348856,75.8184,0.42777,4.3996,0.00448862,0.42777,1.84362,0.0725143,-0.308355,0.570372,0.00635025,-0.961374,0.0106943,0.00673868,0.010185,0.00378324,-0.961374,0.00614794,1.83051,1.09987,0.000429741,0.151919,0.00106943,0.00112311,0.00042777,0.000614737,0.151919,0.28383,6.90059e-07,2.98338,0.432259
2057.7917,271.374,271.92,0,0.0724735,0,0,0.00138864,0.000281539,-0.00138864,0,0,0,0,0,0,0,0,0,0.000939253,0,6.48613e-07,5.88067e-25,1.18396e-17,4.29739e-06,2.72041e-06,2.37614e-25,1.4127e-21,2.56942e-07,2.72041e-07,6.74836,84.7947,3.79569,0.378068,75.8196,0.41702,4.39228,0.004227,0.41702,1.84872,0.0719871,-0.307907,0.570639,0.00694598,-0.961274,0.0104255,0.00672916,0.00992904,0.00379386,-0.961274,0.00611093,1.83054,1.09989,0.000471345,0.151922,0.00104255,0.00112153,0.00041702,0.000616438,0.151922,0.179698,6.48613e-07,2.95267,0.421247
2057.8750,270.089,270.599,0,0.0743307,0,0,0.00122864,0.000290552,-0.00122864,0,0,0,0,0,0,0,0,0,0.000921233,0,6.04773e-07,1.04011e-29,1.18506e-17,2.7201e-06,2.6518e-06,4.27099e-30,1.41298e-21,2.35955e-07,2.6518e-07,6.70701,84.795,3.77953,0.411679,75.821,0.406502,4.38494,0.00398022,0.406502,1.85529,0.0714694,-0.307468,0.57079,0.0076304,-0.961165,0.0101626,0.00671952,0.00967862,0.00380748,-0.961165,0.00607454,1.83056,1.0999,0.000519729,0.151927,0.00101626,0.00111992,0.000406502,0.000618627,0.151927,0.0983713,6.04773e-07,2.92748,0.410482
2057.9583,266.986,267.779,0,0.0815684,0,0,0.000996055,0.000173579,-0.000996055,0,0,0,0,0,0,0,0,0,0.000903371,0,5.61687e-07,6.05361e-43,1.20628e-17,6.75078e-07,2.58383e-06,2.42425e-43,1.4373e-21,1.24227e-07,2.58383e-07,6.6686,84.7992,3.76339,0.445638,75.8229,0.396083,4.3775,0.00374411,0.396083,1.86212,0.0709543,-0.307033,0.570882,0.00832502,-0.961016,0.00990211,0.00670965,0.00943055,0.00382163,-0.961016,0.00603829,1.83059,1.0999,0.000568272,0.151932,0.000990211,0.00111827,0.000396083,0.000620905,0.151932,0.0642431,5.61687e-07,2.90522,0.399827
2058.0417,266.027,266.56,0,0.0861574,0,0,0.00107526,3.28736e-05,-0.00107526,0,0,0,0,0,0,0,0,0,0.000886787,0,5.2707e-07,0,1.24353e-17,5.64745e-07,2.52076e-06,0,1.48084e-21,2.53321e-08,2.52076e-07,6.63243,84.8072,3.74828,0.482166,75.8236,0.386414,4.37043,0.00353235,0.386414,1.86901,0.0704742,-0.306629,0.570935,0.00908219,-0.960956,0.0096604,0.00670018,0.00920034,0.00383585,-0.960956,0.00600446,1.83061,1.0999,0.000619695,0.151935,0.00096604,0.0011167,0.000386414,0.000623201,0.151935,0.202003,5.2707e-07,2.88415,0.389947
2058.1250,266.714,267.081,0,0.0885806,0,0,0.00102945,2.64657e-05,-0.00102945,0,0,0,0,0,0,0,0,0,0.000870605,0,4.97632e-07,0,1.25556e-17,4.1022e-07,2.45925e-06,0,1.49437e-21,1.72482e-08,2.45925e-07,6.59416,84.8141,3.73342,0.520218,75.8237,0.376985,4.36337,0.00333275,0.376985,1.87603,0.070004,-0.306235,0.570987,0.00987521,-0.960951,0.00942468,0.00669065,0.00897584,0.00385033,-0.960951,0.00597128,1.83064,1.0999,0.000673119,0.151935,0.000942468,0.00111511,0.000376985,0.000625541,0.151935,0.205204,4.97632e-07,2.86073,0.380318
2058.2083,270.83,270.654,0.06562,0.247985,0.0262763,0.000141168,0.00134827,0.00135773,-0.0012071,7.70671e-10,2.23954e-07,6.65836e-10,1.65299e-12,1.89385e-07,6.23011e-05,0.00103439,2.79057,0.000909059,0.000854277,2.88158e-13,4.74526e-07,4.907e-05,1.21445e-17,-2.76721e-05,2.62092e-06,3.47948e-06,1.44591e-21,8.06023e-07,2.55948e-07,6.55411,84.8107,3.71831,0.542879,75.8312,0.367476,4.35609,0.00313812,0.367476,1.88245,0.0695277,-0.306213,0.570382,0.0103351,-0.960322,0.00918695,0.00668074,0.00874944,0.00386354,-0.960322,0.00593763,1.83066,1.09991,0.000702877,0.151956,0.000918695,0.00111346,0.000367476,0.000627682,0.151956,0.492086,4.74526e-07,2.8358,0.370614
2058.2917,287.196,285.679,3.22204,0.247847,1.85247,0.0104481,0.00368396,0.00336097,0.00676417,1.08969e-07,2.37757e-05,9.26288e-08,1.61727e-09,1.40067e-05,0.00363973,0.178963,201.505,0.091118,0.000842812,6.36038e-10,4.99597e-07,2.18029e-05,1.02066e-17,2.88448e-05,3.33044e-05,4.08426e-06,1.22087e-21,3.68611e-06,2.48739e-06,6.55581,84.7733,3.70916,0.478819,75.8595,0.360739,4.35295,0.00304876,0.360739,1.87909,0.069437,-0.30747,0.56821,0.00891822,-0.957892,0.00901852,0.00667651,0.00858903,0.00385646,-0.957892,0.00593196,1.83069,1.09995,0.00060847,0.152031,0.000901852,0.00111275,0.000360739,0.000626562,0.152031,2.18584,5.00233e-07,2.84665,0.363788
2058.3750,293.296,292.081,3.2359,0.171742,2.27011,0.0130492,0.00474307,0.00270107,0.0083061,1.93504e-07,3.63073e-05,1.61442e-07,5.16359e-09,1.7516e-05,0.00389802,0.35384,247.765,0.134969,0.000845684,2.62363e-09,5.90455e-07,1.00659e-05,1.08339e-17,3.37957e-05,5.64437e-05,1.27584e-06,1.29788e-21,3.26997e-06,4.17637e-06,6.68631,84.8627,3.7182,0.435013,75.8675,0.362134,4.36289,0.00325782,0.362134,1.87389,0.0703307,-0.307268,0.567674,0.00800398,-0.957122,0.00905338,0.00669041,0.00862223,0.00384558,-0.957122,0.00599799,1.83071,1.09995,0.000547819,0.152048,0.000905338,0.00111507,0.000362134,0.000624828,0.152048,2.97802,5.93079e-07,2.96811,0.365391
2058.4583,296.443,295.594,3.31203,0.193661,2.64601,0.0127688,0.00583326,0.00322597,0.00693557,2.03786e-07,3.74822e-05,1.67084e-07,7.43293e-09,1.72962e-05,0.00357741,0.454611,246.903,0.138857,0.000859586,4.7493e-09,7.03776e-07,1.2625e-05,1.0878e-17,5.42709e-05,5.91306e-05,1.83302e-06,1.30597e-21,4.18496e-06,4.37405e-06,6.86236,84.9856,3.74141,0.389326,75.8691,0.369772,4.38314,0.00368541,0.369772,1.86483,0.0716396,-0.307395,0.566877,0.00709341,-0.956832,0.00924435,0.0067187,0.0088041,0.00382676,-0.956832,0.00609438,1.83073,1.09995,0.000485019,0.152045,0.000924435,0.00111978,0.000369772,0.000621809,0.152045,3.29695,7.08525e-07,3.12095,0.373458
2058.5417,293.564,293.278,3.37045,0.198874,1.56384,0.00826609,0.0052994,0.00280694,0.00296668,1.19286e-07,2.51693e-05,9.72535e-08,4.10505e-09,1.44243e-05,0.00347621,0.332992,207.573,0.0964336,0.000870349,2.35231e-09,7.82694e-07,1.26184e-05,1.10598e-17,5.31796e-05,3.56948e-05,1.5202e-06,1.32934e-21,3.73455e-06,2.66432e-06,6.97939,85.06,3.7609,0.35887,75.8656,0.375613,4.40088,0.00402986,0.375613,1.85607,0.0725653,-0.307374,0.566734,0.00649223,-0.956974,0.00939037,0.0067437,0.00894317,0.00380861,-0.956974,0.00616286,1.83076,1.09996,0.000443562,0.152029,0.000939037,0.00112395,0.000375613,0.000618889,0.152029,2.12425,7.85046e-07,3.21849,0.379643
2058.6250,283.956,284.407,3.34594,0.267515,0.299809,0.00317018,0.00338974,0.00244148,-0.000219564,2.7701e-08,8.42491e-06,2.28173e-08,5.56418e-10,9.43366e-06,0.00358288,0.101958,134.939,0.0327854,0.00086649,1.79514e-10,7.93161e-07,3.51814e-05,1.05489e-17,5.00534e-05,1.01729e-05,4.13952e-06,1.26923e-21,3.24509e-06,8.04099e-07,6.99272,85.0422,3.7617,0.340224,75.8605,0.373165,4.4051,0.00405226,0.373165,1.84881,0.0726858,-0.307478,0.567213,0.00612647,-0.957297,0.00932918,0.00675005,0.00888489,0.00379357,-0.957297,0.0061726,1.83078,1.10002,0.000418328,0.15201,0.000932918,0.00112501,0.000373165,0.000616467,0.15201,0.948887,7.93341e-07,3.23103,0.377218
2058.7083,275.024,275.719,1.86246,0.299085,0.0728557,0.000632613,0.00207492,0.0015246,-0.0014423,2.91341e-10,1.7661e-07,2.43876e-10,2.12741e-12,6.66655e-07,0.000329056,0.00308813,9.38254,0.000520848,0.000851934,2.47946e-13,7.64007e-07,1.05004e-05,9.97716e-18,3.46736e-05,2.46022e-06,1.36859e-06,1.20233e-21,2.0005e-06,2.43697e-07,6.94656,84.9776,3.7487,0.331581,75.8552,0.364666,4.39925,0.00384897,0.364666,1.84422,0.0722833,-0.308032,0.56762,0.00595407,-0.957674,0.0091167,0.0067424,0.00868253,0.00378407,-0.957674,0.00614425,1.8308,1.1001,0.000407402,0.151992,0.000911669,0.00112373,0.000364666,0.000614937,0.151992,0.461175,7.64007e-07,3.19786,0.368515
2058.7917,270.721,271.096,0,0.323212,0,0,0.00121159,0.000386477,-0.00121159,0,0,0,0,0,0,0,0,0,0.000836146,0,7.18336e-07,1.03706e-11,1.06398e-17,9.49519e-06,2.31897e-06,2.56054e-12,1.2812e-21,4.3778e-07,2.31897e-07,6.90126,84.9535,3.73388,0.351464,75.8529,0.355481,4.39193,0.00362467,0.355481,1.84791,0.0718159,-0.30773,0.568184,0.00635329,-0.957875,0.00888706,0.00673263,0.00846383,0.0037917,-0.957875,0.00611115,1.83083,1.10013,0.000437008,0.151986,0.000888706,0.00112211,0.000355481,0.000616168,0.151986,0.0753835,7.18336e-07,3.16738,0.359105
2058.8750,270.933,271.142,0,0.323212,0,0,0.00114744,0.000304852,-0.00114744,0,0,0,0,0,0,0,0,0,0.000820725,0,6.69258e-07,6.68661e-22,1.09236e-17,4.95067e-06,2.26048e-06,1.8318e-22,1.31424e-21,2.9416e-07,2.26048e-07,6.8617,84.9487,3.71927,0.379656,75.8531,0.346515,4.38459,0.00341305,0.346515,1.85425,0.0713571,-0.307348,0.568434,0.00692471,-0.957868,0.00866292,0.00672276,0.00825036,0.00380478,-0.957868,0.00607862,1.83085,1.10014,0.000477708,0.151987,0.000866292,0.00112046,0.000346515,0.000618282,0.151987,0.171128,6.69258e-07,3.14243,0.349928
2058.9583,269.724,269.991,0,0.323212,0,0,0.00109666,0.000247159,-0.00109666,0,0,0,0,0,0,0,0,0,0.000805439,0,6.24877e-07,7.92564e-30,1.12132e-17,2.80792e-06,2.20255e-06,1.66517e-30,1.348e-21,2.14887e-07,2.20255e-07,6.82214,84.9451,3.70467,0.407844,75.8543,0.337634,4.37715,0.00321059,0.337634,1.8609,0.0709003,-0.306969,0.5686,0.00749766,-0.957785,0.00844088,0.00671266,0.0080389,0.00381847,-0.957785,0.00604619,1.83087,1.10015,0.000518262,0.151991,0.000844089,0.00111878,0.000337634,0.000620498,0.151991,0.127886,6.24877e-07,3.11747,0.340844
2059.0417,269.576,269.744,0,0.323212,0,0,0.00113108,0.000186619,-0.00113108,0,0,0,0,0,0,0,0,0,0.000791245,0,5.84859e-07,1.01706e-41,1.15993e-17,7.97198e-07,2.14878e-06,1.93659e-42,1.39347e-21,1.37568e-07,2.14878e-07,6.78417,84.9428,3.69099,0.435586,75.8556,0.329392,4.37008,0.003029,0.329392,1.86746,0.0704742,-0.306617,0.568689,0.00806565,-0.957678,0.00823484,0.006703,0.00784266,0.00383195,-0.957678,0.0060159,1.83089,1.10016,0.000557816,0.151995,0.000823484,0.00111717,0.000329392,0.000622685,0.151995,0.124585,5.84859e-07,3.09319,0.332421
2059.1250,270.563,270.657,0,0.323212,0,0,0.00125046,0.000188243,-0.00125046,0,0,0,0,0,0,0,0,0,0.000777395,0,5.51259e-07,4.23753e-42,1.17666e-17,1.03229e-07,2.09635e-06,8.47786e-43,1.41266e-21,1.23393e-07,2.09635e-07,6.74416,84.9383,3.67752,0.462706,75.8574,0.321354,4.36302,0.00285785,0.321354,1.8741,0.0700566,-0.306275,0.568739,0.00862177,-0.957538,0.0080339,0.00669328,0.0076513,0.00384558,-0.957538,0.00598617,1.83091,1.10016,0.000596479,0.152,0.00080339,0.00111555,0.000321354,0.000624898,0.152,0.338046,5.51259e-07,3.06664,0.324212
2059.2083,274.565,274.071,0.667361,0.643138,0.223058,0.00153652,0.0017361,0.00149884,-0.000199584,9.24688e-09,2.58099e-06,7.97871e-09,2.40349e-11,2.42041e-06,0.000787413,0.00976441,29.981,0.00969274,0.000763577,3.29414e-12,5.36747e-07,3.31845e-05,1.09684e-17,-1.12845e-05,4.4276e-06,3.5143e-06,1.31706e-21,1.25292e-06,3.77983e-07,6.69896,84.9156,3.66404,0.469752,75.8678,0.313339,4.35591,0.002695,0.313339,1.87913,0.0696423,-0.306198,0.568227,0.00874029,-0.956664,0.00783352,0.00668343,0.00746045,0.00385584,-0.956664,0.00595665,1.83093,1.10017,0.000603331,0.152029,0.000783352,0.0011139,0.000313339,0.000626573,0.152029,0.856961,5.3675e-07,3.03493,0.316034
2059.2917,285.579,284.306,2.70541,0.265184,1.55182,0.00966787,0.00346791,0.0030695,0.00619996,1.20574e-07,2.48287e-05,1.02609e-07,1.51823e-09,1.52173e-05,0.00382087,0.151898,185.151,0.0891262,0.000758051,4.73081e-10,5.63077e-07,2.15106e-05,9.32583e-18,3.96319e-05,3.25949e-05,3.66394e-06,1.12384e-21,3.65816e-06,2.43619e-06,6.71197,84.8922,3.66195,0.423472,75.8818,0.309992,4.35756,0.00273949,0.309992,1.87495,0.0696757,-0.307118,0.567062,0.00773028,-0.955433,0.00774985,0.00668566,0.00738077,0.00384702,-0.955433,0.00595977,1.83095,1.10022,0.000534928,0.152065,0.000774985,0.00111428,0.000309992,0.00062518,0.152065,1.94361,5.6355e-07,3.05001,0.312732
2059.3750,292.62,291.402,2.78783,0.174688,2.33463,0.0128636,0.00486717,0.00259156,0.00799638,2.13383e-07,3.80922e-05,1.77647e-07,5.69921e-09,1.87644e-05,0.00390465,0.343163,229.596,0.133057,0.000769979,2.83709e-09,6.41017e-07,3.96451e-06,9.82189e-18,4.4063e-05,5.57671e-05,5.19127e-07,1.18508e-21,3.30971e-06,4.13559e-06,6.84488,84.9779,3.68434,0.381648,75.8832,0.31644,4.37828,0.00320927,0.31644,1.8681,0.07059,-0.30708,0.56682,0.00689143,-0.955215,0.00791105,0.00671441,0.00753429,0.00383273,-0.955215,0.00602737,1.83097,1.10023,0.000477499,0.152064,0.000791105,0.00111907,0.00031644,0.000622899,0.152064,2.87692,6.43854e-07,3.16054,0.319649
2059.4583,294.249,293.237,2.89285,0.148836,2.0398,0.0109286,0.00518296,0.00210833,0.00574563,1.85348e-07,3.46061e-05,1.52358e-07,5.91613e-09,1.78273e-05,0.00387869,0.378059,224.878,0.121943,0.000789734,3.17762e-09,7.19585e-07,1.18938e-06,1.03334e-17,3.67011e-05,4.91784e-05,1.42279e-07,1.24684e-21,2.71207e-06,3.65429e-06,7.00895,85.1149,3.71797,0.360562,75.8818,0.327262,4.40793,0.00384991,0.327262,1.86354,0.0717835,-0.306779,0.566384,0.00647805,-0.955248,0.0081816,0.00675575,0.00779196,0.00382323,-0.955248,0.00611552,1.83099,1.1002,0.00044871,0.152057,0.00081816,0.00112596,0.000327262,0.000621376,0.152057,2.44707,7.22762e-07,3.29098,0.331112
2059.5417,291.974,291.638,2.92817,0.150949,0.966605,0.00539054,0.00413826,0.00171884,0.00125228,7.46867e-08,1.84892e-05,6.11357e-08,2.38348e-09,1.49102e-05,0.00421522,0.300583,189.568,0.0692011,0.000796707,1.26324e-09,7.59514e-07,4.49906e-06,1.06928e-17,2.78845e-05,2.11583e-05,6.10101e-07,1.29013e-21,2.15956e-06,1.60139e-06,7.07217,85.1668,3.73404,0.352404,75.8809,0.330889,4.42411,0.0041493,0.330889,1.86126,0.0723164,-0.306466,0.566335,0.00632357,-0.955259,0.00827228,0.00677865,0.00787832,0.00381854,-0.955259,0.0061553,1.83101,1.1002,0.000437365,0.152051,0.000827228,0.00112977,0.000330889,0.000620619,0.152051,1.42668,7.60777e-07,3.33812,0.335039
2059.6250,284.901,285.173,2.91059,0.189109,0.613652,0.00386538,0.00353402,0.00199256,0.000331365,4.84532e-08,1.24584e-05,4.00482e-08,9.781e-10,1.09059e-05,0.00340228,0.121017,137.681,0.0462747,0.000793989,3.02207e-10,7.59813e-07,2.71272e-06,1.04676e-17,3.78307e-05,1.44957e-05,4.85205e-07,1.26339e-21,2.58216e-06,1.1148e-06,7.07874,85.1557,3.73645,0.340182,75.8792,0.329086,4.42959,0.00419499,0.329086,1.85755,0.0723919,-0.30627,0.566774,0.00608739,-0.955335,0.00822719,0.00678677,0.00783538,0.00381088,-0.955335,0.00616158,1.83103,1.10024,0.000420448,0.152043,0.000822719,0.00113113,0.000329086,0.000619379,0.152043,0.969972,7.60115e-07,3.34229,0.333281
2059.7083,271.312,272.365,0.920289,0.168528,0.0514681,0.000306107,0.00164929,0.000854254,-0.00134318,2.75026e-10,1.49621e-07,2.30046e-10,1.87998e-12,4.56773e-07,0.000227649,0.00230714,5.72182,0.000433599,0.000782868,2.32509e-13,7.338e-07,3.52262e-08,1.05841e-17,1.71549e-05,2.1745e-06,9.9004e-09,1.27712e-21,1.05059e-06,2.15475e-07,7.04301,85.1183,3.72696,0.340908,75.8772,0.322571,4.42572,0.00402808,0.322571,1.85715,0.0720949,-0.305968,0.567486,0.00610492,-0.955463,0.00806432,0.00678193,0.00768027,0.00381008,-0.955463,0.00614065,1.83105,1.10028,0.000422065,0.152036,0.000806432,0.00113032,0.000322571,0.000619247,0.152036,0.518867,7.338e-07,3.31604,0.326599
2059.7917,268.149,268.746,0,0.0970024,0,0,0.00124905,0.000166207,-0.00124905,0,0,0,0,0,0,0,0,0,0.000768836,0,6.97769e-07,3.84128e-26,1.11199e-17,4.34404e-06,2.05122e-06,1.2072e-26,1.34078e-21,1.80273e-07,2.05122e-07,6.99614,85.1002,3.71315,0.364505,75.8768,0.314436,4.41833,0.00379291,0.314436,1.86273,0.0716671,-0.30562,0.567813,0.0065842,-0.955506,0.00786095,0.00677213,0.00748658,0.00382163,-0.955506,0.00611015,1.83107,1.1003,0.000455977,0.152035,0.000786095,0.00112869,0.000314436,0.000621106,0.152035,0.28685,6.97769e-07,3.28299,0.318229
2059.8750,266.709,267.15,0,0.0970023,0,0,0.00103516,6.95427e-05,-0.00103516,0,0,0,0,0,0,0,0,0,0.000755147,0,6.54879e-07,0,1.15613e-17,1.49139e-06,1.99949e-06,0,1.39306e-21,6.40209e-08,1.99949e-07,6.95504,85.0971,3.69954,0.395448,75.8767,0.306506,4.41095,0.00357147,0.306506,1.86984,0.0712477,-0.305277,0.567938,0.00722061,-0.955519,0.00766269,0.00676226,0.00729776,0.00383632,-0.955519,0.0060802,1.83109,1.1003,0.000499758,0.152035,0.000766269,0.00112704,0.000306506,0.000623477,0.152035,0.146277,6.54879e-07,3.2555,0.310077
2059.9583,264.406,264.944,0,0.0970023,0,0,0.000843677,3.09947e-05,-0.000843677,0,0,0,0,0,0,0,0,0,0.000741577,0,6.10111e-07,0,1.20199e-17,6.72401e-07,1.94824e-06,0,1.44741e-21,2.6931e-08,1.94824e-07,6.91746,85.099,3.68593,0.427439,75.8769,0.29865,4.40347,0.00335961,0.29865,1.87722,0.0708299,-0.304937,0.568012,0.00788202,-0.955513,0.00746629,0.00675215,0.00711071,0.00385153,-0.955513,0.00605031,1.83111,1.1003,0.000544774,0.152036,0.000746629,0.00112536,0.00029865,0.000625936,0.152036,0.107084,6.10111e-07,3.23154,0.302009
2060.0417,263.778,264.147,0,0.0970028,0,0,0.000889971,5.22601e-06,-0.000889971,0,0,0,0,0,0,0,0,0,0.000728974,0,5.70587e-07,0,1.25088e-17,2.55758e-07,1.90068e-06,0,1.50545e-21,6.66133e-09,1.90068e-07,6.88359,85.1031,3.67316,0.458366,75.8768,0.29136,4.39635,0.00316959,0.29136,1.88431,0.0704399,-0.304622,0.568065,0.00852456,-0.955517,0.00728403,0.00674248,0.00693713,0.00386613,-0.955517,0.00602239,1.83113,1.1003,0.000588092,0.152036,0.000728403,0.00112375,0.00029136,0.000628299,0.152036,0.152217,5.70587e-07,3.21043,0.294529
2060.1250,266.866,266.993,0,0.0970023,0,0,0.00104296,3.67466e-06,-0.00104296,0,0,0,0,0,0,0,0,0,0.000716676,0,5.37484e-07,0,1.28136e-17,1.92919e-07,1.85431e-06,0,1.54132e-21,4.84367e-09,1.85431e-07,6.84613,85.1032,3.66059,0.488875,75.8768,0.28425,4.38925,0.0029905,0.28425,1.8914,0.0700574,-0.304315,0.568109,0.00915987,-0.955522,0.00710629,0.00673275,0.00676786,0.00388071,-0.955522,0.00599496,1.83115,1.1003,0.000630808,0.152036,0.000710629,0.00112212,0.00028425,0.000630665,0.152036,0.28411,5.37484e-07,3.18554,0.287241
2060.2083,273.194,272.528,0.915378,0.314508,0.238269,0.00172245,0.00158337,0.00153612,0.000139075,1.13883e-08,2.91847e-06,9.85509e-09,4.748e-11,3.55861e-06,0.00107457,0.0188219,35.0493,0.0112385,0.00070449,1.0731e-11,5.21743e-07,4.8402e-05,1.22026e-17,-2.63794e-05,4.49246e-06,3.88873e-06,1.46884e-21,9.52632e-07,3.75568e-07,6.80419,85.0858,3.64808,0.497484,75.8869,0.277209,4.38214,0.00282092,0.277209,1.89729,0.0696781,-0.304565,0.567214,0.00932284,-0.954673,0.00693027,0.00672294,0.00660022,0.00389275,-0.954673,0.00596772,1.83117,1.10031,0.00064006,0.152063,0.000693027,0.00112049,0.000277209,0.000632626,0.152063,0.780222,5.21754e-07,3.15611,0.28003
2060.2917,283.889,282.489,2.2993,0.188521,1.2706,0.00833263,0.00319206,0.00226949,0.00514057,1.29656e-07,2.40301e-05,1.11356e-07,1.42158e-09,1.7097e-05,0.00398047,0.140303,169.775,0.0895975,0.000703732,4.72097e-10,5.41105e-07,1.46686e-06,1.0626e-17,2.18557e-05,3.23577e-05,2.4157e-07,1.28255e-21,2.508e-06,2.40586e-06,6.81235,85.0629,3.65038,0.445688,75.9093,0.276643,4.38587,0.00290623,0.276643,1.89552,0.0697319,-0.305267,0.56569,0.00818034,-0.952758,0.00691611,0.00672811,0.00658674,0.00388894,-0.952758,0.00597196,1.83119,1.10033,0.000564627,0.152124,0.000691611,0.00112135,0.000276643,0.000632036,0.152124,1.67555,5.41577e-07,3.16196,0.279549
2060.3750,294.778,292.513,2.49581,0.106252,1.65525,0.00826461,0.00408676,0.00157339,0.00417785,1.40938e-07,2.7111e-05,1.18475e-07,3.79367e-09,2.03774e-05,0.00477049,0.365825,207.747,0.102104,0.000720503,1.9293e-09,5.91834e-07,9.3244e-10,1.08353e-17,1.85559e-05,3.51389e-05,1.14995e-10,1.30836e-21,1.84043e-06,2.60919e-06,6.89743,85.1286,3.67573,0.422377,75.9144,0.285974,4.40669,0.00336758,0.285974,1.89436,0.070441,-0.304964,0.56529,0.00769193,-0.952273,0.0071494,0.00675706,0.00680891,0.00388645,-0.952273,0.00602402,1.8312,1.10032,0.000532372,0.152135,0.00071494,0.00112618,0.000285974,0.000631651,0.152135,1.90741,5.93763e-07,3.2217,0.289342
2060.4583,295.716,294.597,2.57433,0.162716,1.51522,0.00865146,0.00476609,0.00245222,0.00388536,1.62638e-07,2.93371e-05,1.34563e-07,5.88931e-09,1.94937e-05,0.00429808,0.406125,204.034,0.10881,0.000735368,3.43269e-09,6.37952e-07,2.89013e-06,1.10339e-17,3.2657e-05,4.05667e-05,2.97297e-07,1.33322e-21,3.05775e-06,3.00791e-06,6.96205,85.174,3.69882,0.401519,75.9182,0.294218,4.42599,0.00376944,0.294218,1.89227,0.071061,-0.304682,0.564967,0.00728381,-0.951876,0.0073555,0.00678407,0.0070052,0.00388207,-0.951876,0.00606961,1.83122,1.10031,0.000502786,0.152142,0.00073555,0.00113068,0.000294218,0.000630953,0.152142,2.08305,6.41385e-07,3.26323,0.297988
2060.5417,293.133,292.681,2.67296,0.157063,1.23163,0.00678284,0.00461588,0.00217207,0.00216696,1.19487e-07,2.35185e-05,9.82002e-08,4.11874e-09,1.66773e-05,0.00366932,0.319612,180.266,0.0896088,0.000753912,2.19573e-09,6.85717e-07,1.30189e-06,1.11102e-17,3.61993e-05,3.07107e-05,1.65127e-07,1.34379e-21,2.80861e-06,2.28995e-06,7.04102,85.2161,3.72706,0.370921,75.9182,0.304523,4.4493,0.00423531,0.304523,1.88595,0.0718032,-0.304437,0.564946,0.00669187,-0.951747,0.00761312,0.00681683,0.00725055,0.003869,-0.951747,0.00612423,1.83124,1.10033,0.000460236,0.152136,0.000761312,0.00113614,0.000304523,0.000628848,0.152136,1.64421,6.87913e-07,3.31396,0.308758
2060.6250,285.819,286.229,2.68753,0.221851,0.438279,0.00320754,0.00342906,0.00226477,-0.000221516,4.13793e-08,1.03807e-05,3.41498e-08,1.08004e-09,1.12923e-05,0.00347429,0.142341,122.589,0.0401559,0.000756929,4.13817e-10,6.99236e-07,1.34983e-05,1.07994e-17,4.17707e-05,1.19896e-05,1.8642e-06,1.30715e-21,2.96801e-06,9.25107e-07,7.04893,85.2006,3.73509,0.353776,75.9164,0.306041,4.45778,0.00434289,0.306041,1.88151,0.0719768,-0.304328,0.565277,0.00636128,-0.951804,0.00765107,0.00682915,0.00728669,0.00385984,-0.951804,0.00613737,1.83126,1.10037,0.000436651,0.152126,0.000765107,0.00113819,0.000306041,0.000627366,0.152126,1.061,6.9965e-07,3.31384,0.310384
2060.7083,272.341,273.187,0.990843,0.23563,0.0240813,0.000213809,0.0016223,0.00112077,-0.00140849,3.71158e-11,2.37818e-08,3.12298e-11,1.8728e-13,1.07659e-07,6.06801e-05,0.000433219,1.16025,5.91497e-05,0.000746524,2.0128e-14,6.80926e-07,9.57151e-07,1.05945e-17,2.27073e-05,1.96591e-06,1.89659e-07,1.28274e-21,1.41997e-06,1.9633e-07,7.00798,85.146,3.72551,0.345654,75.9132,0.299977,4.4532,0.00415274,0.299977,1.87915,0.0716688,-0.304237,0.566044,0.00620187,-0.952007,0.00749946,0.00682339,0.0071423,0.00385501,-0.952007,0.00611545,1.83128,1.10043,0.000426454,0.152115,0.000749946,0.00113723,0.000299977,0.00062658,0.152115,0.463711,6.80926e-07,3.28246,0.304129
2060.7917,265.793,266.752,0,0.100991,0,0,0.00106673,0.00015472,-0.00106673,0,0,0,0,0,0,0,0,0,0.000733443,0,6.42525e-07,1.25909e-15,1.14288e-17,4.07018e-06,1.90754e-06,3.6815e-16,1.38279e-21,1.7905e-07,1.90754e-07,6.96301,85.1232,3.71223,0.363713,75.9125,0.29241,4.44577,0.00391025,0.29241,1.88397,0.0712631,-0.303918,0.566454,0.00656817,-0.952069,0.0073103,0.00681356,0.00696215,0.00386499,-0.952069,0.0060864,1.8313,1.10045,0.000452912,0.152113,0.00073103,0.00113559,0.000292411,0.000628187,0.152113,0.166813,6.42525e-07,3.25079,0.296321
2060.8750,267.112,267.422,0,0.0902044,0,0,0.000964526,2.01947e-05,-0.000964526,0,0,0,0,0,0,0,0,0,0.000720682,0,5.99011e-07,0,1.19933e-17,8.19043e-07,1.85943e-06,0,1.4502e-21,2.36937e-08,1.85943e-07,6.92503,85.1228,3.69914,0.39419,75.9123,0.285036,4.43835,0.00368196,0.285036,1.89127,0.0708654,-0.303598,0.566546,0.0072005,-0.95209,0.00712593,0.00680367,0.00678656,0.00388007,-0.95209,0.00605787,1.83132,1.10045,0.000495878,0.152112,0.000712593,0.00113394,0.000285036,0.000630618,0.152112,0.0883714,5.99011e-07,3.22589,0.288718
2060.9583,267.917,268.112,0,0.0902044,0,0,0.0010864,1.96122e-05,-0.0010864,0,0,0,0,0,0,0,0,0,0.000708031,0,5.65415e-07,0,1.21086e-17,6.67977e-07,1.81177e-06,0,1.46327e-21,2.01497e-08,1.81177e-07,6.88558,85.1217,3.68604,0.425221,75.9122,0.27773,4.43081,0.00346355,0.27773,1.89877,0.070469,-0.30328,0.56661,0.00784647,-0.952101,0.00694329,0.00679353,0.00661262,0.00389555,-0.952101,0.0060294,1.83134,1.10045,0.000539551,0.152112,0.000694329,0.00113226,0.00027773,0.000633119,0.152112,0.376131,5.65415e-07,3.19954,0.281193
2061.0417,267.784,267.98,0,0.0902044,0,0,0.00108838,1.93943e-05,-0.00108838,0,0,0,0,0,0,0,0,0,0.000696281,0,5.36897e-07,0,1.2179e-17,5.61699e-07,1.76754e-06,0,1.47095e-21,1.76762e-08,1.76754e-07,6.84644,85.1184,3.67376,0.454009,75.9121,0.27095,4.42366,0.00326765,0.27095,1.9059,0.0700989,-0.302986,0.566666,0.00844651,-0.952108,0.0067738,0.00678383,0.0064512,0.00391024,-0.952108,0.00600277,1.83135,1.10045,0.000580162,0.152112,0.00067738,0.00113064,0.00027095,0.000635496,0.152112,0.232953,5.36897e-07,3.17268,0.274218
2061.1250,269.547,269.603,0,0.107046,0,0,0.00121665,3.37188e-05,-0.00121665,0,0,0,0,0,0,0,0,0,0.000684815,0,5.14614e-07,0,1.21986e-17,-2.86162e-07,1.72442e-06,0,1.47251e-21,1.97991e-08,1.72442e-07,6.8051,85.1122,3.66165,0.481915,75.9122,0.264339,4.41651,0.00308301,0.264339,1.91301,0.0697358,-0.302701,0.566713,0.00902901,-0.952103,0.00660851,0.00677407,0.00629378,0.00392487,-0.952103,0.00597662,1.83137,1.10045,0.00061959,0.152112,0.000660851,0.00112901,0.000264339,0.000637867,0.152112,0.608257,5.14614e-07,3.14345,0.267422
2061.2083,278.722,277.505,1.48906,0.283561,0.584671,0.00355417,0.00225768,0.00225234,0.00129649,4.13542e-08,8.13461e-06,3.56527e-08,3.46131e-10,9.55776e-06,0.00233746,0.0645243,75.8766,0.0347965,0.000675773,9.86063e-11,5.1438e-07,5.124e-05,1.10091e-17,-1.4404e-05,1.09621e-05,4.89962e-06,1.33084e-21,1.8311e-06,8.37622e-07,6.76533,85.0817,3.65209,0.472205,75.927,0.259131,4.41085,0.00294208,0.259131,1.91723,0.0694316,-0.303315,0.565386,0.0087891,-0.950856,0.00647831,0.00676629,0.00616978,0.00393347,-0.950856,0.00595466,1.83139,1.10046,0.000602805,0.152153,0.000647831,0.00112772,0.000259131,0.000639272,0.152153,1.03946,5.14479e-07,3.11324,0.262073
2061.2917,288.322,287.14,2.33459,0.184571,1.47399,0.00904198,0.00404533,0.0025681,0.00499664,1.7512e-07,2.74043e-05,1.48432e-07,3.39397e-09,2.16621e-05,0.00414688,0.218712,179.846,0.113802,0.000692773,1.35951e-09,5.47758e-07,3.75516e-06,1.03309e-17,3.58888e-05,4.16086e-05,4.3404e-07,1.25181e-21,3.13498e-06,3.05738e-06,6.79296,85.0661,3.67098,0.417629,75.9424,0.268904,4.42271,0.00320385,0.268904,1.91311,0.0697976,-0.30375,0.564421,0.00760781,-0.949501,0.00672265,0.0067828,0.00640248,0.00392484,-0.949501,0.00598114,1.8314,1.10049,0.000524616,0.152192,0.000672265,0.00113047,0.000268904,0.000637901,0.152192,1.96296,5.49117e-07,3.12198,0.272108
2061.3750,295.682,294.219,2.59714,0.152266,2.12011,0.0110957,0.00524058,0.00227329,0.00585509,2.37393e-07,3.52858e-05,1.96484e-07,7.788e-09,2.33344e-05,0.00427784,0.418034,217.808,0.143878,0.000740973,4.422e-09,6.25919e-07,3.98018e-06,1.08195e-17,3.58387e-05,5.83378e-05,4.23141e-07,1.31194e-21,2.89313e-06,4.27583e-06,6.91139,85.1478,3.72431,0.385051,75.9433,0.296593,4.45604,0.00393066,0.296593,1.90812,0.071013,-0.303536,0.563909,0.00695666,-0.949329,0.00741487,0.00682923,0.00706174,0.00391445,-0.949329,0.0060693,1.83142,1.10047,0.000479997,0.15219,0.000741487,0.00113821,0.000296593,0.000636236,0.15219,2.77107,6.30341e-07,3.18708,0.300524
2061.4583,296.624,295.665,2.88661,0.175284,2.24997,0.011147,0.00587421,0.00267799,0.00527277,2.32023e-07,3.55554e-05,1.89216e-07,8.90499e-09,2.13195e-05,0.00391854,0.452224,224.845,0.144828,0.00079326,5.62163e-09,7.18664e-07,8.90013e-06,1.09422e-17,5.06466e-05,6.02589e-05,1.13065e-06,1.3282e-21,3.56173e-06,4.42113e-06,7.04473,85.2413,3.78267,0.355143,75.9408,0.3266,4.4929,0.00469441,0.3266,1.90062,0.072404,-0.303518,0.563211,0.0063776,-0.949409,0.00816505,0.00688084,0.0077762,0.00389896,-0.949409,0.00617041,1.83144,1.10045,0.000438699,0.152177,0.000816505,0.00114681,0.0003266,0.000633735,0.152177,2.85455,7.24286e-07,3.26206,0.331295
2061.5417,296.771,295.833,2.98693,0.106983,0.578584,0.00272238,0.00405292,0.00138048,-0.00133054,2.94834e-08,7.15588e-06,2.39257e-08,1.0917e-09,9.04204e-06,0.00280642,0.187341,99.0781,0.0304548,0.000811344,6.36253e-10,7.49219e-07,8.67455e-08,1.14865e-17,2.23407e-05,9.72677e-06,1.63567e-08,1.3942e-21,1.71814e-06,7.621e-07,7.07159,85.2558,3.80414,0.34818,75.9383,0.3369,4.50742,0.00490778,0.3369,1.89774,0.0728764,-0.303222,0.563304,0.00624881,-0.949545,0.00842255,0.00690176,0.00802143,0.00389313,-0.949545,0.00620511,1.83146,1.10045,0.0004293,0.152167,0.000842255,0.00115029,0.0003369,0.000632777,0.152167,0.83166,7.49856e-07,3.26745,0.341808
2061.6250,286.398,286.813,2.94697,0.155855,0.396205,0.00257344,0.00319346,0.00155002,-0.000620021,2.2374e-08,6.733e-06,1.83109e-08,6.13123e-10,1.11842e-05,0.00421902,0.144506,120.494,0.0273218,0.000804373,2.57599e-10,7.28457e-07,2.80395e-07,1.14048e-17,2.45083e-05,7.86566e-06,7.37911e-08,1.38419e-21,1.93616e-06,6.25887e-07,7.0258,85.2091,3.79828,0.34779,75.9385,0.332814,4.50511,0.00473793,0.332814,1.89702,0.0726502,-0.302873,0.563813,0.00624776,-0.949476,0.00832039,0.00689934,0.00792414,0.00389175,-0.949476,0.00618918,1.83148,1.10049,0.000428145,0.152165,0.000832039,0.00114989,0.000332814,0.000632537,0.152165,0.756708,7.28715e-07,3.22752,0.337552
2061.7083,272.52,273.51,1.49912,0.196893,0.0422685,0.000385313,0.00170939,0.000990876,-0.00132407,1.34751e-11,1.47271e-09,1.1237e-11,1.07908e-13,1.73076e-07,1.40603e-05,0.000879296,1.84606,3.45813e-06,0.000791706,1.54809e-14,6.98012e-07,1.25119e-07,1.12348e-17,1.72021e-05,2.12654e-06,3.43294e-08,1.36344e-21,1.20761e-06,2.12561e-07,6.97711,85.1614,3.78608,0.349075,75.9384,0.325456,4.49882,0.00448851,0.325456,1.89686,0.0722615,-0.302541,0.564466,0.00628041,-0.949441,0.00813643,0.00689133,0.00774894,0.00389151,-0.949441,0.00616152,1.8315,1.10054,0.000429887,0.152163,0.000813643,0.00114855,0.000325456,0.000632485,0.152163,0.305707,6.98012e-07,3.19103,0.329944
2061.7917,266.966,267.75,0,0.0719501,0,0,0.00122577,0.000126811,-0.00122577,0,0,0,0,0,0,0,0,0,0.000777542,0,6.54403e-07,4.01171e-26,1.17708e-17,2.9973e-06,2.06955e-06,1.34697e-26,1.42758e-21,1.34315e-07,2.06955e-07,6.93142,85.1431,3.77209,0.371129,75.9384,0.317246,4.49131,0.00422639,0.317246,1.90217,0.0718306,-0.302191,0.56478,0.00673279,-0.949438,0.0079312,0.00688152,0.00755349,0.00390253,-0.949438,0.00613079,1.83152,1.10055,0.000461742,0.152163,0.00079312,0.00114692,0.000317246,0.000634252,0.152163,0.189103,6.54403e-07,3.15933,0.321473
2061.8750,264.92,265.498,0,0.0639354,0,0,0.000979538,3.00814e-05,-0.000979538,0,0,0,0,0,0,0,0,0,0.000763728,0,6.14875e-07,0,1.20807e-17,8.68264e-07,2.01736e-06,0,1.46426e-21,3.00287e-08,2.01736e-07,6.8908,85.1421,3.75832,0.403374,75.9384,0.309245,4.48381,0.00397964,0.309245,1.90952,0.0714082,-0.301847,0.564871,0.00740286,-0.949447,0.00773117,0.00687162,0.00736298,0.00391776,-0.949447,0.00610063,1.83154,1.10056,0.000507395,0.152163,0.000773117,0.00114527,0.000309245,0.000636703,0.152163,0.182071,6.14875e-07,3.13247,0.313225
2061.9583,264.928,265.313,0,0.0639347,0,0,0.000921111,1.3616e-05,-0.000921111,0,0,0,0,0,0,0,0,0,0.000750033,0,5.73934e-07,0,1.2271e-17,4.78995e-07,1.96565e-06,0,1.48646e-21,1.39652e-08,1.96565e-07,6.85271,85.1447,3.74454,0.436626,75.9383,0.301319,4.4762,0.00374357,0.301319,1.9171,0.0709874,-0.301506,0.564932,0.00809739,-0.949455,0.00753301,0.00686149,0.00717426,0.00393344,-0.949455,0.00607054,1.83156,1.10056,0.000554236,0.152163,0.000753301,0.00114358,0.000301319,0.000639231,0.152163,0.14258,5.73934e-07,3.10817,0.305063
2062.0417,267.038,267.256,0,0.0639347,0,0,0.00101275,1.30187e-05,-0.00101275,0,0,0,0,0,0,0,0,0,0.000737315,0,5.41553e-07,0,1.23554e-17,3.74241e-07,1.91767e-06,0,1.49585e-21,1.1492e-08,1.91767e-07,6.81541,85.1456,3.73163,0.467607,75.9383,0.293963,4.46897,0.00353184,0.293963,1.92432,0.0705948,-0.301189,0.564982,0.0087455,-0.94946,0.00734913,0.00685178,0.00699913,0.00394833,-0.94946,0.00604242,1.83158,1.10055,0.00059793,0.152163,0.000734913,0.00114196,0.000293964,0.000641635,0.152163,0.198972,5.41553e-07,3.08378,0.297495
2062.1250,265.997,266.205,0,0.0639352,0,0,0.000986285,1.25698e-05,-0.000986285,0,0,0,0,0,0,0,0,0,0.000724904,0,5.12309e-07,0,1.24009e-17,3.03898e-07,1.87088e-06,0,1.50054e-21,9.75776e-09,1.87088e-07,6.77889,85.1465,3.7189,0.497828,75.9382,0.286791,4.46175,0.00333227,0.286791,1.93152,0.0702096,-0.30088,0.56503,0.00937856,-0.949461,0.0071698,0.00684201,0.00682835,0.00396316,-0.949461,0.0060148,1.8316,1.10055,0.000640642,0.152163,0.00071698,0.00114033,0.000286791,0.000644035,0.152163,0.286897,5.12309e-07,3.05999,0.290123
2062.2083,276.421,275.593,1.09082,0.568111,0.386737,0.00250817,0.00189192,0.0017942,0.000616255,2.48445e-08,5.2255e-06,2.14184e-08,1.52553e-10,6.09438e-06,0.00156829,0.0353972,53.2458,0.0227922,0.000713438,3.73481e-11,4.97493e-07,5.88977e-05,1.15513e-17,-2.46014e-05,7.71728e-06,5.39983e-06,1.39925e-21,1.20889e-06,6.06934e-07,6.73862,85.1279,3.70707,0.502428,75.9496,0.28017,4.45498,0.00315325,0.28017,1.93723,0.0698481,-0.301355,0.56388,0.0094478,-0.948506,0.00700429,0.00683278,0.00667072,0.00397489,-0.948506,0.00598883,1.83162,1.10056,0.00064439,0.152194,0.000700429,0.0011388,0.00028017,0.00064594,0.152194,0.874729,4.9753e-07,3.03154,0.283323
2062.2917,287.134,286.02,2.50972,0.17325,1.52624,0.00945312,0.00379537,0.00243587,0.00565775,1.68771e-07,2.731e-05,1.43701e-07,2.68444e-09,2.05827e-05,0.00403653,0.19381,186.918,0.115085,0.000726047,9.2924e-10,5.32581e-07,9.311e-07,1.07109e-17,2.67256e-05,4.24189e-05,1.25271e-07,1.3015e-21,2.80429e-06,3.11683e-06,6.76451,85.1154,3.7209,0.444529,75.9719,0.287432,4.46352,0.00332999,0.287432,1.93445,0.0701515,-0.302168,0.562139,0.00816609,-0.946594,0.00718583,0.00684474,0.00684361,0.00396904,-0.946594,0.00601087,1.83164,1.10058,0.000560252,0.152254,0.000718583,0.00114079,0.000287432,0.000645013,0.152254,1.98298,5.3351e-07,3.0436,0.290762
2062.3750,293.286,292.013,2.75217,0.154585,2.08131,0.0120396,0.0051101,0.00232927,0.00692951,2.50878e-07,3.76571e-05,2.09036e-07,7.07745e-09,2.28601e-05,0.0041003,0.363675,229.343,0.155297,0.000769994,3.62374e-09,6.0146e-07,2.76991e-06,1.10993e-17,3.11697e-05,6.46768e-05,2.68921e-07,1.34975e-21,2.86392e-06,4.73446e-06,6.88783,85.2089,3.76845,0.413641,75.9765,0.312728,4.49244,0.00395265,0.312728,1.93093,0.071353,-0.301897,0.561377,0.00753517,-0.946124,0.00781824,0.00688508,0.00744591,0.0039617,-0.946124,0.00609802,1.83166,1.10055,0.000517273,0.152262,0.000781824,0.00114751,0.000312728,0.000643839,0.152262,2.57965,6.05084e-07,3.11938,0.316681
2062.4583,297.349,295.991,2.92652,0.131387,1.15548,0.00588508,0.00440543,0.00189721,0.00147965,9.76645e-08,1.86966e-05,8.01027e-08,3.48146e-09,1.69817e-05,0.00439116,0.347107,181.595,0.0795255,0.000801335,2.01754e-09,6.5461e-07,1.24834e-06,1.1468e-17,2.54942e-05,2.71315e-05,1.47981e-07,1.39544e-21,2.34013e-06,2.01811e-06,6.96473,85.2658,3.80298,0.394618,75.9787,0.330719,4.51395,0.00436876,0.330719,1.92782,0.0722263,-0.301597,0.560903,0.00716557,-0.945847,0.00826801,0.0069154,0.00787426,0.00395529,-0.945847,0.00616158,1.83168,1.10053,0.000490627,0.152264,0.000826801,0.00115257,0.000330719,0.000642802,0.152264,1.66727,6.56628e-07,3.16175,0.335088
2062.5417,293.084,292.712,2.99102,0.163391,0.874192,0.00518948,0.00420757,0.00204705,0.000981909,8.27759e-08,1.78929e-05,6.76997e-08,2.76196e-09,1.75522e-05,0.00429631,0.317705,191.004,0.079121,0.000812897,1.45984e-09,6.85912e-07,6.22111e-06,1.14428e-17,3.03423e-05,2.35158e-05,7.79125e-07,1.39322e-21,2.58586e-06,1.75626e-06,6.9783,85.2627,3.81666,0.379843,75.9801,0.337318,4.52315,0.00448755,0.337318,1.92452,0.0725458,-0.301286,0.560967,0.00688383,-0.945632,0.008433,0.00692877,0.00803139,0.00394852,-0.945632,0.00618507,1.8317,1.10055,0.00046967,0.152263,0.0008433,0.00115479,0.000337318,0.000641704,0.152263,1.48817,6.87372e-07,3.16164,0.341806
2062.6250,284.622,284.934,3.01269,0.252241,0.39649,0.00333963,0.0033546,0.00256708,-1.4973e-05,4.38784e-08,1.07075e-05,3.63266e-08,8.62358e-10,1.27103e-05,0.00379695,0.111769,140.341,0.0466489,0.00081685,2.50631e-10,6.94995e-07,2.64615e-05,1.0518e-17,5.02846e-05,1.36629e-05,3.60161e-06,1.283e-21,3.37101e-06,1.04537e-06,6.97605,85.2286,3.82229,0.356796,75.9778,0.339529,4.5276,0.00449386,0.339529,1.91793,0.0726494,-0.301626,0.561066,0.00643272,-0.945709,0.00848826,0.00693557,0.00808402,0.00393493,-0.945709,0.00619296,1.83172,1.10061,0.000438323,0.152252,0.000848826,0.00115593,0.000339529,0.000639506,0.152252,0.929933,6.95245e-07,3.15375,0.344023
2062.7083,271.083,272.197,1.22121,0.24704,0.0575608,0.000443314,0.00167992,0.000916972,-0.0012366,1.13746e-09,4.86671e-07,9.48642e-10,1.21087e-11,1.14702e-06,0.000524988,0.00578099,12.5681,0.0017452,0.000806807,1.76087e-12,6.75805e-07,2.52776e-06,1.07605e-17,2.06783e-05,2.4735e-06,4.05429e-07,1.31315e-21,1.18715e-06,2.38805e-07,6.93847,85.1775,3.81297,0.350058,75.9739,0.333677,4.52309,0.00429898,0.333677,1.91509,0.0723421,-0.301619,0.561786,0.00630032,-0.945976,0.00834196,0.00692993,0.00794468,0.00392912,-0.945976,0.00617119,1.83174,1.10067,0.000430511,0.152238,0.000834196,0.00115499,0.000333677,0.00063856,0.152238,0.552637,6.75806e-07,3.1255,0.337976
2062.7917,267.814,268.359,0.888317,0.232946,0.00342936,9.60779e-06,0.00127165,0.000205493,-0.00126204,0,0,0,0,0,0,0,0,0,0.000792315,0,6.43809e-07,4.76069e-09,1.15031e-17,1.79225e-06,2.1219e-06,3.09423e-10,1.40294e-21,2.08254e-07,2.1219e-07,6.8933,85.1635,3.79877,0.375228,75.9741,0.325272,4.51555,0.00404822,0.325272,1.92092,0.0719037,-0.30128,0.562019,0.00681884,-0.945962,0.00813184,0.00692,0.00774457,0.0039412,-0.945962,0.00613997,1.83176,1.10068,0.000466352,0.152239,0.000813184,0.00115333,0.000325272,0.000640503,0.152239,0.282011,6.43809e-07,3.09454,0.32932
2062.8750,267.274,267.542,0,0.155816,0,0,0.000993943,4.70909e-05,-0.000993943,0,0,0,0,0,0,0,0,0,0.000778159,0,6.03463e-07,0,1.19892e-17,8.14998e-07,2.06839e-06,0,1.46134e-21,3.84898e-08,2.06839e-07,6.85281,85.1627,3.78476,0.40739,75.9743,0.317068,4.50801,0.00381187,0.317068,1.92823,0.0714736,-0.300929,0.562101,0.00748847,-0.945948,0.00792674,0.00690997,0.00754924,0.00395632,-0.945948,0.00610929,1.83178,1.10068,0.000511885,0.152239,0.000792674,0.00115166,0.000317068,0.000642938,0.152239,0.144615,6.03463e-07,3.06805,0.32088
2062.9583,268.074,268.27,0,0.155816,0,0,0.00101169,5.02584e-05,-0.00101169,0,0,0,0,0,0,0,0,0,0.000764126,0,5.67816e-07,0,1.20769e-17,4.29344e-07,2.01538e-06,0,1.47112e-21,3.17264e-08,2.01538e-07,6.81427,85.1646,3.77075,0.440041,75.9746,0.308941,4.50036,0.00358576,0.308941,1.93578,0.0710452,-0.30058,0.562161,0.00816969,-0.945928,0.00772358,0.00689971,0.00735575,0.00397192,-0.945928,0.00607869,1.8318,1.10068,0.00055823,0.15224,0.000772358,0.00114995,0.000308941,0.000645458,0.15224,0.230635,5.67816e-07,3.04352,0.312527
2063.0417,267.992,268.157,0,0.155817,0,0,0.000910703,5.28067e-05,-0.000910703,0,0,0,0,0,0,0,0,0,0.000751094,0,5.31949e-07,0,1.21464e-17,1.41339e-07,1.96618e-06,0,1.47873e-21,2.68128e-08,1.96618e-07,6.77881,85.1668,3.75762,0.470062,75.975,0.3014,4.49309,0.00338295,0.3014,1.94297,0.0706453,-0.300257,0.562207,0.00879624,-0.945892,0.00753504,0.00688988,0.00717619,0.00398672,-0.945892,0.00605009,1.83182,1.10068,0.000600979,0.152242,0.000753504,0.00114831,0.0003014,0.000647851,0.152242,0.0721867,5.31949e-07,3.02119,0.304783
2063.1250,267.338,267.509,0,0.155821,0,0,0.000953103,5.16535e-05,-0.000953103,0,0,0,0,0,0,0,0,0,0.000738377,0,5.00047e-07,0,1.22371e-17,-1.43452e-07,1.9182e-06,0,1.48891e-21,2.06817e-08,1.9182e-07,6.7444,85.1693,3.74468,0.499172,75.9756,0.294046,4.48583,0.00319179,0.294046,1.95014,0.0702533,-0.299941,0.562244,0.00940419,-0.945845,0.00735118,0.00687999,0.00700108,0.00400148,-0.945845,0.006022,1.83184,1.10068,0.000642533,0.152244,0.000735118,0.00114667,0.000294046,0.000650243,0.152244,0.25732,5.00047e-07,2.99972,0.297237
2063.2083,269.379,269.352,0,0.219498,0,0,0.00117801,0.000201301,-0.00117801,0,0,0,0,0,0,0,0,0,0.000725541,0,4.77969e-07,3.78625e-07,1.22535e-17,-5.41295e-06,1.86982e-06,1.33653e-08,1.49009e-21,1.06498e-07,1.86982e-07,6.70601,85.1679,3.7315,0.527687,75.9767,0.286628,4.47834,0.00300539,0.286628,1.9575,0.0698556,-0.299639,0.562244,0.00999935,-0.945755,0.00716575,0.00686971,0.00682449,0.00401659,-0.945755,0.00599348,1.83186,1.10068,0.000683144,0.152247,0.000716575,0.00114495,0.000286628,0.000652695,0.152247,0.381605,4.77969e-07,2.97451,0.289634
2063.2917,284.238,282.523,2.33526,0.275928,1.32626,0.00859691,0.00323452,0.00333172,0.00536239,1.32574e-07,2.25001e-05,1.13657e-07,1.48893e-09,1.78165e-05,0.00374892,0.136848,164.27,0.0936867,0.000724358,4.78214e-10,4.87096e-07,5.46517e-05,1.02323e-17,1.01479e-06,3.3794e-05,6.69437e-06,1.24853e-21,3.16187e-06,2.49509e-06,6.69935,85.1397,3.73099,0.479377,76.0035,0.285925,4.47859,0.00300536,0.285925,1.95752,0.0698259,-0.300856,0.559889,0.00889644,-0.943484,0.00714817,0.00687009,0.00680774,0.00401651,-0.943484,0.0059915,1.83188,1.10071,0.000608643,0.152319,0.000714817,0.00114501,0.000285925,0.000652704,0.152319,1.67777,4.87574e-07,2.96836,0.288931
2063.3750,292.323,291.028,2.69577,0.156953,2.20093,0.0129731,0.00501374,0.00250771,0.00795941,2.62846e-07,3.88679e-05,2.2e-07,6.80421e-09,2.2537e-05,0.00392449,0.337378,224.253,0.157173,0.000760861,3.32681e-09,5.60558e-07,4.32523e-07,1.04612e-17,3.4009e-05,6.69129e-05,5.55395e-08,1.27866e-21,3.06335e-06,4.9008e-06,6.82561,85.2175,3.77193,0.427166,76.0129,0.306878,4.50457,0.00358256,0.306878,1.9518,0.0709899,-0.300862,0.558953,0.00779286,-0.942602,0.00767198,0.00690622,0.00730661,0.00400458,-0.942602,0.00607603,1.83189,1.10069,0.000535381,0.152341,0.000767198,0.00115104,0.000306878,0.000650798,0.152341,2.65948,5.63885e-07,3.05368,0.31046
2063.4583,293.978,293.194,2.95109,0.148357,1.819,0.0103023,0.0050131,0.00208452,0.0052892,2.03175e-07,3.36193e-05,1.67279e-07,6.63555e-09,2.09416e-05,0.00406532,0.388523,229.859,0.138328,0.000806816,3.69743e-09,6.45623e-07,6.60679e-07,1.09872e-17,2.82023e-05,5.43421e-05,6.99421e-08,1.34365e-21,2.59482e-06,3.99266e-06,6.97984,85.3445,3.82371,0.401679,76.0152,0.333225,4.53763,0.00428191,0.333225,1.94772,0.0724521,-0.300533,0.558028,0.00729294,-0.942302,0.00833066,0.00695242,0.00793392,0.00399613,-0.942302,0.00618236,1.83191,1.10064,0.000500192,0.152342,0.000833066,0.00115874,0.000333225,0.000649436,0.152342,2.32842,6.49321e-07,3.15613,0.337507
2063.5417,291.083,290.69,3.10097,0.209175,1.09348,0.00738974,0.00471185,0.00268643,0.00267789,1.32893e-07,2.47384e-05,1.09249e-07,3.66186e-09,1.70677e-05,0.00363233,0.262541,197.929,0.104192,0.000833553,1.62303e-09,6.89072e-07,1.62843e-05,1.08004e-17,4.44702e-05,3.73603e-05,2.12398e-06,1.32202e-21,3.46964e-06,2.76422e-06,7.0656,85.4056,3.85489,0.381105,76.016,0.348504,4.5583,0.00466226,0.348504,1.94282,0.0733117,-0.300367,0.557557,0.00689666,-0.942119,0.00871263,0.00698168,0.0082977,0.00398606,-0.942119,0.0062451,1.83194,1.10063,0.000471414,0.152339,0.000871263,0.00116361,0.000348504,0.000647804,0.152339,1.71465,6.90695e-07,3.21072,0.353166
2063.6250,284.585,284.886,3.1453,0.241001,0.485511,0.0035798,0.00351062,0.00247708,6.91832e-05,4.56217e-08,1.12444e-05,3.77119e-08,8.59588e-10,1.2275e-05,0.00365436,0.10939,145.208,0.0485138,0.000841543,2.56391e-10,7.04082e-07,2.26604e-05,1.0225e-17,4.95649e-05,1.45057e-05,2.90019e-06,1.25383e-21,3.27111e-06,1.10977e-06,7.08516,85.3877,3.8657,0.355441,76.012,0.352996,4.56653,0.00474333,0.352996,1.93501,0.0735839,-0.300726,0.557661,0.00639067,-0.942331,0.00882494,0.00699379,0.00840467,0.00396998,-0.942331,0.00626534,1.83196,1.10069,0.000436979,0.152323,0.000882494,0.00116563,0.000352996,0.000645201,0.152323,0.995596,7.04338e-07,3.21946,0.357739
2063.7083,273.698,274.881,1.92942,0.183534,0.111118,0.00078422,0.0020954,0.00132913,-0.00131118,1.91802e-09,8.57579e-07,1.59757e-09,1.82634e-11,2.11092e-06,0.000957974,0.00979475,24.6823,0.00301069,0.000830886,2.42343e-12,6.80251e-07,2.07113e-06,1.03265e-17,2.82986e-05,2.77449e-06,3.72862e-07,1.26676e-21,1.73109e-06,2.6273e-07,7.04522,85.3301,3.85608,0.346156,76.0077,0.346774,4.56211,0.00453742,0.346774,1.93103,0.0732698,-0.300672,0.558514,0.00620652,-0.942625,0.00866939,0.00698836,0.00825653,0.00396182,-0.942625,0.00624317,1.83198,1.10076,0.000425244,0.152307,0.000866939,0.00116473,0.000346774,0.000643873,0.152307,0.396499,6.80253e-07,3.18914,0.351312
2063.7917,265.424,266.43,0,0.0524913,0,0,0.00107818,5.65797e-05,-0.00107818,0,0,0,0,0,0,0,0,0,0.000815883,0,6.39711e-07,9.57434e-24,1.15016e-17,2.03659e-06,2.20536e-06,2.60658e-24,1.41003e-21,6.59638e-08,2.20537e-07,7.00093,85.3153,3.84155,0.371801,76.0064,0.338066,4.55454,0.00427346,0.338066,1.93622,0.0728188,-0.300314,0.558892,0.0067374,-0.942734,0.00845169,0.00697848,0.00804919,0.00397261,-0.942734,0.0062111,1.832,1.10078,0.000462068,0.152304,0.000845169,0.00116308,0.000338066,0.000645602,0.152304,0.126569,6.39711e-07,3.15938,0.342339
2063.8750,265.003,265.561,0,0.0515667,0,0,0.000989924,1.77736e-05,-0.000989924,0,0,0,0,0,0,0,0,0,0.000801183,0,5.96402e-07,0,1.2089e-17,6.01225e-07,2.14974e-06,0,1.48115e-21,1.86998e-08,2.14974e-07,6.96247,85.3194,3.82717,0.406935,76.0062,0.32954,4.54693,0.00402396,0.32954,1.94376,0.072375,-0.29995,0.558968,0.00746927,-0.942751,0.00823853,0.00696844,0.00784618,0.00398824,-0.942751,0.0061795,1.83202,1.10078,0.000511527,0.152303,0.000823853,0.00116141,0.00032954,0.000648117,0.152303,0.117105,5.96402e-07,3.1353,0.333564
2063.9583,265.138,265.621,0,0.0515674,0,0,0.00101191,1.29688e-05,-0.00101191,0,0,0,0,0,0,0,0,0,0.000786611,0,5.57987e-07,0,1.22928e-17,3.62187e-07,2.09465e-06,0,1.50524e-21,1.17675e-08,2.09465e-07,6.92218,85.322,3.81279,0.442158,76.0062,0.321093,4.53921,0.00378526,0.321093,1.95146,0.0719329,-0.29959,0.559024,0.00820487,-0.942755,0.00802737,0.00695816,0.00764508,0.00400415,-0.942755,0.00614798,1.83205,1.10078,0.00056107,0.152303,0.000802737,0.00115969,0.000321093,0.000650681,0.152303,0.126712,5.57987e-07,3.10939,0.324878
2064.0417,264.452,264.853,0,0.0515805,0,0,0.0010146,4.0492e-06,-0.0010146,0,0,0,0,0,0,0,0,0,0.000773079,0,5.28527e-07,0,1.25112e-17,1.7791e-07,2.04351e-06,0,1.53116e-21,4.70756e-09,2.04351e-07,6.88355,85.3236,3.79931,0.475088,76.0062,0.313255,4.53188,0.00357117,0.313255,1.95878,0.0715205,-0.299255,0.559069,0.008894,-0.942758,0.00783142,0.00694831,0.00745845,0.00401925,-0.942758,0.00611853,1.83207,1.10078,0.000607399,0.152303,0.000783142,0.00115805,0.000313255,0.000653122,0.152303,0.393272,5.28527e-07,3.08423,0.316826
2064.1250,267.689,267.575,0.499034,0.112323,0.0267073,0.000212331,0.00118148,0.000467813,-0.000969147,0,0,0,0,0,0,0,0,0,0.000759874,0,5.13552e-07,6.47048e-06,1.26789e-17,-1.76415e-05,1.99365e-06,4.19946e-07,1.55096e-21,1.87106e-07,1.99365e-07,6.84441,85.3226,3.78604,0.504662,76.0076,0.305611,4.52456,0.00336938,0.305611,1.96597,0.071116,-0.298951,0.559028,0.00951242,-0.942642,0.00764032,0.00693839,0.00727646,0.00403407,-0.942642,0.00608962,1.83208,1.10077,0.000648493,0.152307,0.000764032,0.0011564,0.000305611,0.000655521,0.152307,0.600648,5.13552e-07,3.05838,0.308981
2064.2083,277.341,276.04,2.52193,0.182302,0.537093,0.00356458,0.00201191,0.0016288,0.00155268,3.04417e-08,7.11317e-06,2.59909e-08,1.8239e-10,6.89386e-06,0.00204014,0.0501499,73.664,0.0274574,0.00074749,5.42746e-11,5.02249e-07,1.01288e-06,1.19763e-17,-8.73589e-06,9.38298e-06,1.79591e-07,1.46584e-21,1.32547e-06,7.34861e-07,6.8049,85.2903,3.77375,0.48622,76.0293,0.298438,4.51791,0.00319324,0.298438,1.96987,0.0707474,-0.298838,0.558095,0.00908386,-0.940806,0.00746099,0.00692933,0.00710567,0.00404203,-0.940806,0.00606326,1.8321,1.10079,0.000616772,0.152366,0.000746099,0.00115489,0.000298438,0.000656819,0.152366,0.79478,5.02303e-07,3.03116,0.301631
2064.2917,288.706,286.546,2.62375,0.132796,1.43937,0.00811743,0.00346269,0.00189125,0.00465474,1.22682e-07,2.38837e-05,1.03801e-07,1.72061e-09,1.72168e-05,0.00411777,0.208274,184.587,0.0901679,0.00074945,6.79111e-10,5.29905e-07,1.44284e-07,1.06926e-17,1.92267e-05,3.18408e-05,2.48344e-08,1.3096e-21,2.10078e-06,2.37093e-06,6.84064,85.3044,3.77994,0.452173,76.0429,0.299392,4.52472,0.00333059,0.299392,1.96869,0.0709965,-0.298532,0.557721,0.00832343,-0.939613,0.00748483,0.00693889,0.00712837,0.00403949,-0.939613,0.00608184,1.83212,1.1008,0.000568678,0.152402,0.000748483,0.00115648,0.000299392,0.000656425,0.152402,1.67691,5.30584e-07,3.0607,0.302722
2064.3750,295.448,293.479,2.68574,0.123622,1.59741,0.00846302,0.00421161,0.00190448,0.00425141,1.47323e-07,2.70335e-05,1.22581e-07,3.98488e-09,1.86311e-05,0.00446191,0.342778,202.545,0.101058,0.000761157,2.01141e-09,5.7883e-07,2.56061e-06,1.0961e-17,2.3253e-05,3.78492e-05,3.13625e-07,1.34314e-21,2.26313e-06,2.811e-06,6.92142,85.3698,3.79887,0.432734,76.0479,0.305852,4.54093,0.0036696,0.305852,1.9678,0.0716363,-0.298265,0.557286,0.00791335,-0.939138,0.00764634,0.00696157,0.00728219,0.00403759,-0.939138,0.00612894,1.83214,1.10079,0.000541957,0.152412,0.000764634,0.00116026,0.000305852,0.00065613,0.152412,1.93328,5.80841e-07,3.12255,0.309522
2064.4583,293.985,293.299,2.77094,0.199948,1.71911,0.0104467,0.00495557,0.00297293,0.00549117,1.98842e-07,3.42913e-05,1.63472e-07,6.64961e-09,1.94543e-05,0.00392465,0.384627,218.063,0.12664,0.00077708,3.60231e-09,6.36262e-07,1.68635e-05,1.08174e-17,4.6198e-05,5.09322e-05,2.15546e-06,1.32756e-21,3.78775e-06,3.76794e-06,7.01234,85.4287,3.82347,0.40313,76.0502,0.314691,4.56142,0.00408553,0.314691,1.96304,0.0724111,-0.298327,0.556745,0.0073228,-0.938834,0.0078673,0.00699032,0.00749263,0.00402772,-0.938834,0.00618595,1.83216,1.10079,0.000501098,0.152414,0.00078673,0.00116505,0.000314691,0.000654543,0.152414,2.47913,6.39864e-07,3.18887,0.318776
2064.5417,293.961,293.464,2.87063,0.125171,1.21275,0.00605229,0.00441004,0.00172072,0.00164225,9.70649e-08,2.05947e-05,7.89831e-08,3.58453e-09,1.63482e-05,0.00428575,0.348977,189.102,0.0788777,0.000795614,2.14158e-09,6.94111e-07,2.06007e-08,1.12664e-17,2.78398e-05,2.62099e-05,4.14356e-09,1.38371e-21,2.18651e-06,1.96429e-06,7.11079,85.4943,3.8518,0.37768,76.0488,0.324981,4.58488,0.00453987,0.324981,1.95706,0.073256,-0.298147,0.55659,0.00682333,-0.938832,0.00812456,0.00702338,0.00773764,0.0040154,-0.938832,0.00624816,1.83218,1.1008,0.000466529,0.152404,0.000812456,0.00117056,0.000324981,0.000652551,0.152404,1.50538,6.96253e-07,3.25899,0.329521
2064.6250,285.774,286.082,2.84914,0.141171,0.411547,0.00285085,0.0031075,0.00145665,-0.000256647,3.31473e-08,9.71919e-06,2.7308e-08,7.36855e-10,1.19954e-05,0.00405522,0.136147,137.602,0.0378893,0.000792056,2.44889e-10,6.88617e-07,1.18095e-09,1.13406e-17,2.06738e-05,1.03538e-05,4.40362e-10,1.39293e-21,1.80069e-06,8.07967e-07,7.09884,85.4792,3.85153,0.37468,76.0495,0.322769,4.5874,0.00450174,0.322769,1.95624,0.0732287,-0.297806,0.556889,0.00677241,-0.93871,0.00806927,0.00702752,0.00768498,0.00401376,-0.93871,0.00624671,1.8322,1.10082,0.00046193,0.152403,0.000806927,0.00117125,0.000322769,0.000652277,0.152403,0.653452,6.88862e-07,3.24731,0.327271
2064.7083,273.692,274.598,1.0371,0.247255,0.0402719,0.000435778,0.0017717,0.000997499,-0.00133592,1.51539e-09,6.9268e-07,1.25903e-09,1.99836e-11,1.73061e-06,0.000798683,0.0109242,19.591,0.0022281,0.000780899,3.73254e-12,6.63313e-07,1.11436e-06,1.12294e-17,1.52801e-05,2.43927e-06,2.51202e-07,1.37935e-21,1.20904e-06,2.33319e-07,7.05716,85.4391,3.84129,0.375254,76.0502,0.316266,4.58253,0.0043008,0.316266,1.9565,0.0729076,-0.297502,0.557379,0.00679073,-0.938594,0.0079067,0.00702137,0.00753015,0.00401434,-0.938594,0.00622389,1.83222,1.10086,0.000462551,0.152403,0.00079067,0.00117023,0.000316266,0.000652363,0.152403,0.551317,6.63317e-07,3.21588,0.320567
2064.7917,261.862,262.648,0,0.152886,0,0,0.000967452,3.10423e-05,-0.000967452,0,0,0,0,0,0,0,0,0,0.000767146,0,6.31779e-07,1.2488e-32,1.19853e-17,1.07953e-06,2.01123e-06,4.58842e-33,1.4715e-21,3.54685e-08,2.01123e-07,7.01387,85.4252,3.82746,0.398622,76.0505,0.308306,4.57491,0.00405027,0.308306,1.96224,0.0724854,-0.297183,0.557594,0.00727532,-0.938564,0.00770768,0.00701131,0.00734061,0.00402622,-0.938564,0.00619371,1.83224,1.10088,0.000495902,0.152403,0.000770768,0.00116855,0.000308306,0.000654274,0.152403,0.216733,6.31779e-07,3.18641,0.312356
2064.8750,265.342,265.5,0,0.152238,0,0,0.00102899,4.13292e-06,-0.00102899,0,0,0,0,0,0,0,0,0,0.000753702,0,5.92208e-07,0,1.24143e-17,2.42697e-07,1.9605e-06,0,1.52332e-21,5.89618e-09,1.9605e-07,6.97478,85.4266,3.81381,0.431552,76.0504,0.30053,4.56727,0.00381381,0.30053,1.96986,0.0720705,-0.296847,0.557649,0.00796415,-0.938573,0.00751329,0.00700113,0.00715548,0.00404199,-0.938573,0.00616401,1.83226,1.10088,0.000542246,0.152403,0.000751329,0.00116686,0.00030053,0.000656817,0.152403,0.194731,5.92208e-07,3.16097,0.304344
2064.9583,266.765,266.941,0,0.152167,0,0,0.00105261,4.02264e-06,-0.00105261,0,0,0,0,0,0,0,0,0,0.000740373,0,5.5825e-07,0,1.24289e-17,2.29147e-07,1.91026e-06,0,1.52426e-21,5.57695e-09,1.91026e-07,6.93333,85.4256,3.80014,0.464345,76.0503,0.292827,4.55952,0.00358757,0.292827,1.97761,0.071657,-0.296515,0.557697,0.00865147,-0.938579,0.00732072,0.00699072,0.00697208,0.00405798,-0.938579,0.00613436,1.83228,1.10088,0.000588436,0.152403,0.000732072,0.00116512,0.000292827,0.0006594,0.152403,0.258264,5.5825e-07,3.13319,0.296415
2065.0417,266.32,266.474,0,0.152167,0,0,0.00101263,3.58204e-06,-0.00101263,0,0,0,0,0,0,0,0,0,0.000727995,0,5.27789e-07,0,1.2468e-17,1.9747e-07,1.86363e-06,0,1.52823e-21,4.82178e-09,1.86363e-07,6.89508,85.4252,3.78733,0.494819,76.0503,0.285679,4.55215,0.00338466,0.285679,1.98497,0.0712711,-0.296207,0.557741,0.00929119,-0.938583,0.00714201,0.00698074,0.00680188,0.00407314,-0.938583,0.00610666,1.8323,1.10088,0.000631444,0.152403,0.000714202,0.00116346,0.000285679,0.000661853,0.152403,0.1949,5.27789e-07,3.10775,0.289064
2065.1250,268.394,268.409,0,0.152612,0,0,0.0011431,3.61808e-06,-0.0011431,0,0,0,0,0,0,0,0,0,0.000715915,0,5.01685e-07,0,1.24711e-17,1.92459e-07,1.81815e-06,0,1.52781e-21,4.71214e-09,1.81815e-07,6.85543,85.4226,3.7747,0.52458,76.0502,0.278708,4.5448,0.00319341,0.278708,1.99232,0.0708925,-0.295907,0.557783,0.00991693,-0.938588,0.00696774,0.0069707,0.00663591,0.00408826,-0.938588,0.00607944,1.83232,1.10087,0.000673527,0.152403,0.000696775,0.00116178,0.000278708,0.000664303,0.152403,0.47048,5.01685e-07,3.08073,0.281902
2065.2083,280.531,279.305,1.91201,0.264559,0.599883,0.00406747,0.00243156,0.00273976,0.00163591,4.31492e-08,9.39866e-06,3.71002e-08,3.94524e-10,1.0601e-05,0.00282507,0.0726342,94.687,0.0385916,0.000706481,1.0858e-10,5.038e-07,5.75465e-05,1.09448e-17,-1.55713e-05,1.17791e-05,5.43344e-06,1.34433e-21,2.30153e-06,9.01005e-07,6.81879,85.3857,3.76509,0.500909,76.0705,0.273257,4.53939,0.00305664,0.273257,1.99545,0.0705965,-0.296941,0.555868,0.00936687,-0.936867,0.00683146,0.00696329,0.00650612,0.00409461,-0.936867,0.00605814,1.83233,1.10089,0.000635808,0.152458,0.000683146,0.00116055,0.000273257,0.000665345,0.152458,1.1173,5.03909e-07,3.0537,0.276314
2065.2917,288.46,287.23,2.4354,0.146579,1.44773,0.00880468,0.00368711,0.00212035,0.00511758,1.62066e-07,2.76274e-05,1.37186e-07,3.10395e-09,2.07456e-05,0.00419096,0.230037,189.445,0.110358,0.000717679,1.22967e-09,5.3568e-07,6.87458e-07,1.06932e-17,2.71793e-05,3.94891e-05,9.58914e-08,1.31646e-21,2.52226e-06,2.91352e-06,6.85607,85.3795,3.77973,0.447076,76.0851,0.279599,4.55017,0.00329195,0.279599,1.99128,0.0709587,-0.297214,0.555105,0.00820043,-0.935564,0.00699,0.00697831,0.00665711,0.00408587,-0.935564,0.00608455,1.83235,1.10093,0.000559726,0.152494,0.000699,0.00116305,0.000279599,0.000663956,0.152494,1.73575,5.36909e-07,3.07635,0.28289
2065.3750,295.647,294.182,2.57348,0.160568,1.7192,0.00999214,0.00477373,0.00255252,0.00521842,2.02719e-07,3.17207e-05,1.67795e-07,6.99914e-09,2.07875e-05,0.00408968,0.380933,200.923,0.124157,0.000743232,3.94783e-09,5.88878e-07,1.02221e-05,1.0959e-17,3.67684e-05,4.99507e-05,1.20329e-06,1.35031e-21,3.20267e-06,3.67828e-06,6.94286,85.4414,3.81147,0.421934,76.088,0.294124,4.57256,0.00377284,0.294124,1.98863,0.0717805,-0.297071,0.554607,0.00769109,-0.93523,0.00735314,0.00700955,0.00700295,0.00408031,-0.93523,0.00614444,1.83237,1.10091,0.000525627,0.152498,0.000735314,0.00116826,0.000294124,0.000663071,0.152498,2.30305,5.92826e-07,3.13138,0.297897
2065.4583,293.302,292.705,2.79873,0.21234,1.64755,0.0109851,0.0053028,0.00300164,0.00568233,2.26478e-07,3.60964e-05,1.86161e-07,7.48186e-09,2.08407e-05,0.00384368,0.370042,221.216,0.140856,0.000784414,3.95642e-09,6.62497e-07,1.80856e-05,1.07294e-17,5.42347e-05,5.79751e-05,2.11474e-06,1.32414e-21,3.97152e-06,4.26576e-06,7.08856,85.5407,3.86203,0.385018,76.0866,0.317557,4.60782,0.00451438,0.317557,1.98051,0.0731018,-0.297201,0.553866,0.00696346,-0.935196,0.00793896,0.00705884,0.00756088,0.00406354,-0.935196,0.0062408,1.83239,1.1009,0.000475187,0.152487,0.000793896,0.00117647,0.000317557,0.000660367,0.152487,2.45837,6.66453e-07,3.22653,0.322071
2065.5417,289.8,289.722,2.96459,0.22565,1.10126,0.00734027,0.00459826,0.00277754,0.002742,1.3338e-07,2.49335e-05,1.09643e-07,3.72065e-09,1.68852e-05,0.00366951,0.247204,192.186,0.100324,0.000814494,1.5823e-09,7.14912e-07,3.04913e-05,1.02702e-17,5.97597e-05,3.62674e-05,3.54733e-06,1.27e-21,3.76344e-06,2.68983e-06,7.19153,85.5942,3.90005,0.35262,76.0796,0.334614,4.63507,0.00503066,0.334614,1.97036,0.074073,-0.297777,0.553417,0.00632578,-0.935636,0.0083654,0.00709733,0.00796701,0.00404263,-0.935636,0.00631183,1.83241,1.10092,0.000431872,0.152461,0.00083654,0.00118289,0.000334614,0.000656983,0.152461,1.62128,7.16494e-07,3.29148,0.339645
2065.6250,285.694,285.805,3.00729,0.2252,0.470595,0.003763,0.00367365,0.00232566,8.93468e-05,5.11421e-08,1.2441e-05,4.21879e-08,9.69984e-10,1.26441e-05,0.00362625,0.119978,146.043,0.0518228,0.00082237,2.66278e-10,7.19799e-07,1.44785e-05,1.01772e-17,5.06074e-05,1.54077e-05,1.91451e-06,1.25902e-21,3.1193e-06,1.17519e-06,7.21439,85.5874,3.91218,0.336633,76.0727,0.338978,4.64517,0.00513497,0.338978,1.96369,0.0743421,-0.29785,0.553903,0.00601009,-0.936134,0.0084745,0.00711217,0.00807092,0.00402895,-0.936134,0.00633189,1.83243,1.10097,0.000411112,0.152438,0.00084745,0.00118536,0.000338978,0.000654758,0.152438,0.960598,7.20065e-07,3.30221,0.344113
2065.7083,272.714,273.648,0.862227,0.360587,0.0335306,0.000356773,0.00172056,0.00108896,-0.00136378,9.67067e-10,4.052e-07,8.00309e-10,1.38584e-11,8.71611e-07,0.000408681,0.00592359,10.0004,0.00142078,0.000813062,2.72649e-12,7.00672e-07,3.6239e-06,1.01947e-17,2.68471e-05,2.42485e-06,5.49223e-07,1.26133e-21,1.43967e-06,2.35411e-07,7.17802,85.5361,3.90409,0.331531,76.0666,0.333529,4.64174,0.00493114,0.333529,1.96002,0.0740666,-0.297851,0.554744,0.00591214,-0.936594,0.00833827,0.00710826,0.00794117,0.00402149,-0.936594,0.00631245,1.83245,1.10103,0.000405393,0.152419,0.000833827,0.00118471,0.000333529,0.000653535,0.152419,0.464998,7.00674e-07,3.27393,0.33846
2065.7917,271.215,271.421,0,0.373751,0,0,0.00124699,0.000274772,-0.00124699,0,0,0,0,0,0,0,0,0,0.000798553,0,6.59157e-07,9.80591e-21,1.08216e-17,6.06311e-06,2.12092e-06,2.63679e-21,1.33773e-21,2.94312e-07,2.12093e-07,7.1339,85.5208,3.88973,0.35601,76.0651,0.325122,4.634,0.00464333,0.325122,1.96573,0.0736252,-0.297504,0.55515,0.00641119,-0.936724,0.00812808,0.00709826,0.00774099,0.00403341,-0.936724,0.00628098,1.83247,1.10105,0.000441201,0.152415,0.000812808,0.00118304,0.000325122,0.000655439,0.152415,0.162283,6.59157e-07,3.24417,0.329765
2065.8750,270.872,271.047,0,0.373748,0,0,0.00120351,0.000269299,-0.00120351,0,0,0,0,0,0,0,0,0,0.000784393,0,6.19348e-07,5.79577e-27,1.09327e-17,4.03201e-06,2.06743e-06,1.61189e-27,1.35033e-21,2.5297e-07,2.06743e-07,7.09266,85.5136,3.87558,0.382669,76.0656,0.316922,4.62626,0.00437224,0.316922,1.97267,0.0731924,-0.297151,0.555347,0.00695519,-0.936694,0.00792309,0.00708816,0.00754576,0.00404782,-0.936694,0.00625007,1.83249,1.10106,0.000479849,0.152417,0.000792309,0.00118136,0.000316922,0.000657752,0.152417,0.32071,6.19348e-07,3.21708,0.321294
2065.9583,269.71,269.947,0,0.373748,0,0,0.00102593,0.000227645,-0.00102593,0,0,0,0,0,0,0,0,0,0.000770356,0,5.87393e-07,4.64636e-37,1.11551e-17,2.27061e-06,2.01444e-06,1.37695e-37,1.37672e-21,1.94391e-07,2.01445e-07,7.05148,85.5069,3.86142,0.408748,76.0668,0.308799,4.61841,0.00411288,0.308799,1.97981,0.0727611,-0.296803,0.555488,0.00748819,-0.936602,0.00772001,0.00707781,0.00735235,0.00406262,-0.936602,0.00621924,1.83251,1.10106,0.000517599,0.152421,0.000772001,0.00117964,0.000308799,0.000660131,0.152421,0.222032,5.87393e-07,3.19006,0.312912
2066.0417,268.884,269.055,0,0.373748,0,0,0.00104736,0.000177764,-0.00104736,0,0,0,0,0,0,0,0,0,0.000757319,0,5.50649e-07,0,1.14722e-17,4.71762e-07,1.96527e-06,0,1.4149e-21,1.2995e-07,1.96527e-07,7.01579,85.505,3.84814,0.434162,76.0683,0.301261,4.61095,0.00388026,0.301261,1.98678,0.0723587,-0.296479,0.555563,0.00801133,-0.936489,0.00753156,0.00706789,0.00717288,0.00407704,-0.936489,0.00619042,1.83253,1.10107,0.000554055,0.152425,0.000753156,0.00117798,0.000301261,0.000662454,0.152425,0.124625,5.50649e-07,3.16765,0.305141
2066.1250,269.563,269.652,0,0.373748,0,0,0.00119483,0.00015592,-0.00119483,0,0,0,0,0,0,0,0,0,0.000744597,0,5.22415e-07,0,1.17064e-17,-3.30703e-07,1.91732e-06,0,1.44287e-21,1.00688e-07,1.91732e-07,6.97674,85.4999,3.83506,0.459338,76.07,0.29391,4.6035,0.00366101,0.29391,1.99383,0.071964,-0.296163,0.555602,0.00853125,-0.936352,0.00734778,0.00705789,0.00699785,0.0040916,-0.936352,0.00616212,1.83255,1.10107,0.000590077,0.15243,0.000734779,0.00117632,0.00029391,0.000664807,0.15243,0.409062,5.22415e-07,3.14168,0.297571
2066.2083,275.145,274.61,0.98366,0.578308,0.262069,0.0021957,0.00180126,0.00179562,0.000394444,1.52759e-08,3.91609e-06,1.31645e-08,3.96523e-11,4.5273e-06,0.00140884,0.015125,45.5669,0.0153343,0.000732401,5.32059e-12,5.11222e-07,5.18293e-05,1.06579e-17,-4.83423e-06,5.52819e-06,5.19846e-06,1.31478e-21,1.62682e-06,4.52175e-07,6.93311,85.4749,3.82256,0.462867,76.08,0.286862,4.59641,0.00346091,0.286862,1.9989,0.0715877,-0.296512,0.554738,0.00857147,-0.935512,0.0071716,0.00704832,0.00683006,0.00410202,-0.935512,0.00613512,1.83257,1.10108,0.000592156,0.152458,0.00071716,0.00117472,0.000286862,0.000666495,0.152458,0.866318,5.11227e-07,3.11055,0.290323
2066.2917,285.233,284.114,2.48308,0.251046,1.27395,0.00910848,0.00348308,0.0029052,0.0056254,1.39806e-07,2.55026e-05,1.18841e-07,1.75324e-09,1.77555e-05,0.00395813,0.150298,178.481,0.0965741,0.000733954,5.15447e-10,5.42304e-07,1.50817e-05,9.36707e-18,4.23031e-05,3.51036e-05,2.24287e-06,1.15947e-21,3.54854e-06,2.60564e-06,6.95131,85.452,3.82752,0.414077,76.0925,0.287619,4.60188,0.00355592,0.287619,1.99416,0.0717211,-0.297425,0.553684,0.00750033,-0.934423,0.00719052,0.0070561,0.00684808,0.00409213,-0.934423,0.00614514,1.83259,1.10113,0.00052001,0.15249,0.000719052,0.00117602,0.000287619,0.000664915,0.15249,1.92233,5.42819e-07,3.12378,0.291175
2066.3750,292.728,291.695,2.66054,0.214156,2.21403,0.0131707,0.00516907,0.00310967,0.00800167,2.55047e-07,4.01792e-05,2.11466e-07,7.26389e-09,2.13246e-05,0.003948,0.361715,225.572,0.147593,0.000761714,3.78351e-09,6.18122e-07,1.15867e-05,9.52898e-18,5.89037e-05,6.33857e-05,1.68625e-06,1.18134e-21,4.07401e-06,4.67328e-06,7.08801,85.535,3.86619,0.370283,76.0912,0.303219,4.63186,0.00419534,0.303219,1.98552,0.0728064,-0.297592,0.553325,0.00662484,-0.934423,0.00758051,0.00709797,0.0072195,0.00407423,-0.934423,0.00622464,1.83261,1.10114,0.000459653,0.152482,0.000758051,0.00118299,0.000303219,0.000662035,0.152482,2.90473,6.21906e-07,3.22182,0.307414
2066.4583,295.225,294.352,2.86707,0.166111,2.1938,0.0114219,0.00556924,0.00243544,0.00585269,2.16328e-07,3.62589e-05,1.76045e-07,7.75987e-09,1.97331e-05,0.00380761,0.424751,224.939,0.134658,0.000799746,4.68851e-09,7.12412e-07,6.42506e-06,1.00366e-17,5.0447e-05,5.56109e-05,7.78606e-07,1.24452e-21,3.23679e-06,4.1092e-06,7.25922,85.6621,3.91849,0.34079,76.0852,0.324605,4.67206,0.00502397,0.324605,1.97683,0.0742268,-0.297438,0.553059,0.00604997,-0.93483,0.00811517,0.00715427,0.0077287,0.00405632,-0.93483,0.00632875,1.83263,1.10112,0.000419647,0.152461,0.000811517,0.00119238,0.000324605,0.000659139,0.152461,2.76282,7.17101e-07,3.34073,0.329629
2066.5417,292.584,292.21,2.99509,0.201507,1.49841,0.00810695,0.00526692,0.00267042,0.00284002,1.37522e-07,2.6237e-05,1.11885e-07,4.5457e-09,1.59911e-05,0.00347636,0.306962,192.33,0.0996899,0.000823249,2.36244e-09,7.72876e-07,2.60879e-05,9.84489e-18,6.11982e-05,3.71672e-05,3.10177e-06,1.22214e-21,3.60913e-06,2.76529e-06,7.3581,85.7246,3.95277,0.320472,76.0774,0.337731,4.69955,0.00551806,0.337731,1.96863,0.0751105,-0.297892,0.55271,0.00565583,-0.935408,0.00844331,0.00719329,0.00804121,0.00403953,-0.935408,0.00639379,1.83265,1.10113,0.000392345,0.152436,0.000844331,0.00119888,0.000337731,0.000656407,0.152436,1.99845,7.75238e-07,3.40533,0.343249
2066.6250,285.737,286.078,3.02933,0.155523,0.621832,0.00394204,0.0037605,0.00168637,0.000181537,4.9702e-08,1.22982e-05,4.06472e-08,1.1595e-09,1.17194e-05,0.00353048,0.138407,142.657,0.0482637,0.000829773,4.16675e-10,7.82143e-07,4.05667e-08,1.01861e-17,3.5785e-05,1.49773e-05,1.046e-08,1.26386e-21,2.1832e-06,1.1481e-06,7.38396,85.7326,3.9655,0.313523,76.0711,0.341225,4.71157,0.00563895,0.341225,1.96403,0.0753961,-0.297654,0.553296,0.0055243,-0.935901,0.00853067,0.00721096,0.00812441,0.0040302,-0.935901,0.00641527,1.83267,1.10116,0.000383417,0.152417,0.000853067,0.00120183,0.000341225,0.000654872,0.152417,0.864998,7.8256e-07,3.41846,0.346864
2066.7083,277.307,278.168,2.4744,0.202286,0.120713,0.000914354,0.00244851,0.00147059,-0.00153416,1.66333e-09,6.63038e-07,1.37227e-09,2.24105e-11,1.57069e-06,0.000637534,0.0100087,18.9064,0.00233267,0.000819291,4.27719e-12,7.51079e-07,1.0066e-06,1.00849e-17,3.07189e-05,2.61245e-06,2.44451e-07,1.25066e-21,1.87251e-06,2.49308e-07,7.34258,85.6867,3.95646,0.313784,76.0681,0.335087,4.70779,0.00540038,0.335087,1.96229,0.0750939,-0.297315,0.554165,0.00553407,-0.936134,0.00837722,0.00720675,0.00797826,0.00402679,-0.936134,0.00639392,1.83269,1.10121,0.000383799,0.152407,0.000837722,0.00120112,0.000335087,0.000654293,0.152407,0.492198,7.51083e-07,3.38612,0.340487
2066.7917,271.281,271.659,0,0.180998,0,0,0.00126794,0.00026398,-0.00126794,0,0,0,0,0,0,0,0,0,0.000804734,0,7.10066e-07,1.98473e-16,1.04984e-17,8.15857e-06,2.13092e-06,5.59979e-17,1.30098e-21,3.10403e-07,2.13092e-07,7.29374,85.6571,3.94201,0.331507,76.066,0.326654,4.69997,0.00508568,0.326654,1.96585,0.0746501,-0.29697,0.554762,0.00589719,-0.936314,0.00816638,0.0071968,0.00777747,0.0040343,-0.936314,0.00636228,1.83271,1.10124,0.00040968,0.152402,0.000816638,0.00119947,0.000326654,0.00065548,0.152402,0.131364,7.10066e-07,3.35173,0.331739
2066.8750,271.337,271.616,0,0.180998,0,0,0.00115474,0.000280234,-0.00115474,0,0,0,0,0,0,0,0,0,0.000790503,0,6.60405e-07,7.43524e-18,1.05136e-17,7.33909e-06,2.07717e-06,1.85837e-18,1.30167e-21,3.04121e-07,2.07718e-07,7.25344,85.6511,3.92773,0.359565,76.0652,0.318415,4.69212,0.00478877,0.318415,1.97287,0.0742141,-0.296615,0.555048,0.00646801,-0.936394,0.00796042,0.0071867,0.00758131,0.00404893,-0.936394,0.00633114,1.83273,1.10125,0.000450556,0.152401,0.000796042,0.00119778,0.000318415,0.000657819,0.152401,0.147046,6.60405e-07,3.32571,0.323204
2066.9583,271.296,271.513,0,0.180998,0,0,0.00116005,0.000262528,-0.00116005,0,0,0,0,0,0,0,0,0,0.000776395,0,6.17323e-07,6.54896e-25,1.05985e-17,6.02448e-06,2.02394e-06,1.79139e-25,1.31103e-21,2.68266e-07,2.02394e-07,7.2122,85.6443,3.91344,0.387017,76.065,0.310254,4.68415,0.0045047,0.310254,1.98005,0.0737797,-0.296264,0.555296,0.00702695,-0.93643,0.00775639,0.00717635,0.007387,0.00406387,-0.93643,0.00630007,1.83275,1.10126,0.000490606,0.152401,0.000775639,0.00119606,0.000310254,0.000660213,0.152401,0.14578,6.17323e-07,3.29875,0.314759
2067.0417,271.464,271.61,0,0.181,0,0,0.00124821,0.000254821,-0.00124821,0,0,0,0,0,0,0,0,0,0.000763294,0,5.79166e-07,7.78259e-28,1.06541e-17,5.29935e-06,1.97453e-06,1.82695e-28,1.31686e-21,2.49845e-07,1.97453e-07,7.17192,85.6364,3.90005,0.412395,76.0651,0.30268,4.67659,0.00424992,0.30268,1.98693,0.0733742,-0.295938,0.555501,0.00754449,-0.936435,0.00756705,0.00716641,0.00720667,0.00407814,-0.936435,0.00627104,1.83277,1.10126,0.000527667,0.152402,0.000756705,0.0011944,0.00030268,0.000662507,0.152402,0.198337,5.79166e-07,3.27187,0.30693
2067.1250,272.116,272.2,0,0.181977,0,0,0.0013681,0.000264137,-0.0013681,0,0,0,0,0,0,0,0,0,0.000750508,0,5.50946e-07,3.6558e-27,1.06638e-17,5.26941e-06,1.92635e-06,8.57184e-28,1.31704e-21,2.55315e-07,1.92635e-07,7.12845,85.6245,3.88685,0.436772,76.0654,0.295295,4.66903,0.00400978,0.295295,1.99381,0.0729766,-0.29562,0.555694,0.0080418,-0.936424,0.0073824,0.00715639,0.00703082,0.00409238,-0.936424,0.00624252,1.83279,1.10127,0.000563431,0.152403,0.00073824,0.00119273,0.000295295,0.000664799,0.152403,0.435442,5.50946e-07,3.2416,0.299304
2067.2083,275.979,275.475,0.992291,0.403123,0.300232,0.0022643,0.00194371,0.00221056,0.000320587,1.60617e-08,4.03023e-06,1.37971e-08,9.67644e-11,4.11749e-06,0.00125293,0.0237828,43.3932,0.0152294,0.0007382,1.92775e-11,5.37099e-07,6.04579e-05,9.55778e-18,-4.00268e-06,5.725e-06,4.94973e-06,1.1821e-21,2.02052e-06,4.67714e-07,7.08356,85.5903,3.87423,0.431347,76.0773,0.288183,4.66186,0.00378991,0.288183,1.99809,0.0725965,-0.296277,0.554569,0.00789283,-0.935437,0.00720462,0.00714682,0.0068615,0.0041012,-0.935437,0.00621524,1.83281,1.10129,0.000552997,0.152436,0.000720462,0.00119114,0.000288183,0.000666225,0.152436,0.800444,5.37118e-07,3.20933,0.291973
2067.2917,288.943,287.832,2.52174,0.252265,1.59329,0.0100364,0.00411321,0.00321717,0.00592317,1.47788e-07,2.71388e-05,1.24161e-07,3.11915e-09,1.74078e-05,0.00385018,0.223951,181.56,0.0983194,0.000739422,1.26999e-09,5.67644e-07,2.03054e-05,8.77141e-18,5.55554e-05,3.67e-05,3.21676e-06,1.08899e-21,4.0485e-06,2.72987e-06,7.10112,85.5561,3.87991,0.375739,76.0881,0.288702,4.66857,0.00389635,0.288702,1.99122,0.0727371,-0.297331,0.553637,0.00670679,-0.934499,0.00721759,0.00715643,0.00687386,0.00408694,-0.934499,0.00622591,1.83283,1.10135,0.000471334,0.152464,0.000721759,0.00119274,0.000288702,0.000663935,0.152464,2.2162,5.68914e-07,3.22121,0.292598
2067.3750,295.157,293.912,2.6566,0.166353,2.57542,0.0131087,0.00544236,0.00257581,0.00766635,2.38734e-07,3.90667e-05,1.95953e-07,8.19687e-09,2.04902e-05,0.00407747,0.420623,223.212,0.137964,0.000764809,4.70651e-09,6.59759e-07,3.37874e-06,9.2928e-18,5.30461e-05,5.87996e-05,4.87355e-07,1.15472e-21,3.38163e-06,4.35044e-06,7.23518,85.6398,3.91873,0.338191,76.0838,0.302813,4.7007,0.00456584,0.302813,1.98256,0.0737878,-0.297382,0.553584,0.00596375,-0.934786,0.00757036,0.00720139,0.00720983,0.00406904,-0.934786,0.00630319,1.83285,1.10136,0.000419675,0.15245,0.000757036,0.00120023,0.000302813,0.000661049,0.15245,3.15668,6.64465e-07,3.31645,0.307379
2067.4583,295.929,295.219,2.83589,0.195625,2.11629,0.0121206,0.00604456,0.00282465,0.00607603,2.21069e-07,3.73369e-05,1.78856e-07,8.65567e-09,1.89241e-05,0.00372951,0.443258,220.274,0.132238,0.000798194,5.40816e-09,7.54856e-07,9.26224e-06,9.58934e-18,6.12553e-05,5.60768e-05,1.22576e-06,1.19152e-21,3.78337e-06,4.1545e-06,7.39807,85.7636,3.96895,0.313962,76.0773,0.321396,4.74183,0.00539706,0.321396,1.97432,0.0751002,-0.297208,0.553409,0.00549824,-0.935268,0.00803494,0.00725913,0.00765229,0.00405209,-0.935268,0.00639976,1.83287,1.10134,0.000386254,0.152429,0.000803494,0.00120985,0.000321396,0.000658301,0.152429,2.85852,7.60264e-07,3.42911,0.326793
2067.5417,292.205,292.03,2.95982,0.230898,1.11816,0.00774335,0.00522987,0.00273131,0.00251348,1.24538e-07,2.4753e-05,1.00648e-07,4.27671e-09,1.54237e-05,0.00356614,0.302541,188.024,0.0907719,0.000821243,2.26899e-09,8.14006e-07,3.01627e-05,9.54628e-18,6.50596e-05,3.32676e-05,4.21529e-06,1.18649e-21,3.69365e-06,2.48682e-06,7.50502,85.8312,4.00566,0.293632,76.0678,0.334129,4.773,0.00595331,0.334129,1.96467,0.0760096,-0.297271,0.553574,0.00511504,-0.936001,0.00835326,0.00730338,0.00795545,0.00403233,-0.936001,0.00646695,1.83289,1.10136,0.000358429,0.1524,0.000835327,0.00121723,0.000334129,0.000655085,0.1524,1.89604,8.16275e-07,3.49936,0.340082
2067.6250,286.077,286.532,2.97522,0.238512,0.644118,0.00384567,0.0039049,0.0024231,-5.92275e-05,4.4576e-08,1.13952e-05,3.62593e-08,1.24857e-09,1.07641e-05,0.00337518,0.15285,133.077,0.0428671,0.000824481,5.52199e-10,8.2413e-07,2.60017e-05,9.13091e-18,6.34936e-05,1.34394e-05,3.66472e-06,1.13684e-21,3.29578e-06,1.03774e-06,7.51729,85.8031,4.01551,0.276082,76.0554,0.335704,4.78375,0.00602344,0.335704,1.95434,0.0761985,-0.298207,0.553818,0.00478308,-0.937017,0.00839264,0.00731945,0.00799295,0.00401119,-0.937017,0.00648145,1.83291,1.10142,0.000334969,0.152364,0.000839264,0.00121991,0.000335704,0.000651644,0.152364,1.01118,8.24682e-07,3.50178,0.341728
2067.7083,274.41,275.366,2.39642,0.250484,0.0931045,0.000690902,0.0021196,0.00130943,-0.0014287,9.80635e-10,4.61181e-07,8.11812e-10,9.04105e-12,9.69639e-07,0.000482482,0.00564762,11.8979,0.0014667,0.000813238,1.32644e-12,7.8776e-07,8.06933e-07,9.26705e-18,3.24718e-05,2.39579e-06,2.07527e-07,1.15295e-21,1.69233e-06,2.32616e-07,7.47474,85.7494,4.00553,0.275748,76.048,0.329134,4.77933,0.00575054,0.329134,1.95087,0.07587,-0.298041,0.554946,0.00478383,-0.937646,0.00822839,0.00731446,0.00783652,0.00400423,-0.937646,0.00645818,1.83293,1.10149,0.000335019,0.152344,0.000822839,0.00121908,0.000329134,0.000650486,0.152344,0.378625,7.87762e-07,3.46921,0.334884
2067.7917,265.776,266.605,0,0.140835,0,0,0.00122208,7.20859e-05,-0.00122208,0,0,0,0,0,0,0,0,0,0.000798915,0,7.42161e-07,4.74615e-16,1.0305e-17,3.33557e-06,2.09302e-06,1.24096e-16,1.28093e-21,9.7898e-08,2.09302e-07,7.42732,85.7271,3.99112,0.298668,76.0456,0.320844,4.77137,0.00541522,0.320844,1.95556,0.0754303,-0.297691,0.555477,0.00525529,-0.937868,0.00802114,0.00730445,0.00763915,0.00401412,-0.937868,0.00642678,1.83295,1.10151,0.00036775,0.152339,0.000802114,0.00121741,0.000320844,0.00065205,0.152339,0.316428,7.42161e-07,3.4362,0.326259
2067.8750,263.803,264.444,0,0.139066,0,0,0.00106351,1.59918e-05,-0.00106351,0,0,0,0,0,0,0,0,0,0.000784923,0,6.98921e-07,0,1.11155e-17,8.61442e-07,2.04023e-06,0,1.38076e-21,2.25196e-08,2.04023e-07,7.38445,85.7258,3.9769,0.332682,76.0452,0.312752,4.7634,0.00509907,0.312752,1.96347,0.0749985,-0.29734,0.555576,0.0059614,-0.937906,0.00781884,0.0072943,0.00744648,0.00403061,-0.937906,0.0063959,1.83297,1.10151,0.000415471,0.152338,0.000781884,0.00121572,0.000312752,0.000654684,0.152338,0.196065,6.98921e-07,3.40755,0.317851
2067.9583,267.764,267.992,0,0.139066,0,0,0.00105853,9.4475e-06,-0.00105853,0,0,0,0,0,0,0,0,0,0.000771052,0,6.56411e-07,0,1.14811e-17,5.05607e-07,1.98794e-06,0,1.42531e-21,1.3001e-08,1.98794e-07,7.34194,85.7254,3.96267,0.366901,76.045,0.304736,4.75532,0.00479659,0.304736,1.97154,0.0745682,-0.296993,0.555638,0.00667402,-0.937921,0.00761844,0.00728388,0.00725562,0.00404741,-0.937921,0.00636508,1.83299,1.10151,0.000463397,0.152337,0.000761844,0.00121398,0.000304736,0.000657374,0.152337,0.23454,6.56411e-07,3.37927,0.309533
2068.0417,268.363,268.526,0,0.139066,0,0,0.00109551,9.17834e-06,-0.00109551,0,0,0,0,0,0,0,0,0,0.000758169,0,6.15815e-07,0,1.1526e-17,4.58022e-07,1.93942e-06,0,1.43005e-21,1.18724e-08,1.93942e-07,7.30313,85.726,3.94932,0.398708,76.0449,0.297297,4.74764,0.0045253,0.297297,1.97921,0.0741666,-0.296671,0.555693,0.00733733,-0.937931,0.00743247,0.00727388,0.00707851,0.00406334,-0.937931,0.00633628,1.83301,1.10151,0.00050802,0.152337,0.000743247,0.00121231,0.000297297,0.000659931,0.152337,0.231586,6.15815e-07,3.35381,0.301823
2068.1250,270.023,270.061,0,0.139066,0,0,0.00132589,9.49388e-06,-0.00132589,0,0,0,0,0,0,0,0,0,0.000745597,0,5.90383e-07,0,1.15623e-17,4.45933e-07,1.89209e-06,0,1.43373e-21,1.16227e-08,1.89209e-07,7.26029,85.7218,3.93617,0.429758,76.0448,0.290043,4.73997,0.0042696,0.290043,1.98687,0.0737726,-0.296357,0.555746,0.00798574,-0.93794,0.00725111,0.00726378,0.00690578,0.00407921,-0.93794,0.00630798,1.83303,1.10151,0.000551666,0.152337,0.000725111,0.00121063,0.000290043,0.000662484,0.152337,0.577051,5.90383e-07,3.32412,0.294313
2068.2083,275.936,275.177,1.39438,0.375782,0.340721,0.00277714,0.00199957,0.00227143,0.000777573,1.91144e-08,4.95411e-06,1.64423e-08,7.24026e-11,5.82113e-06,0.00198741,0.0220484,58.9478,0.0183808,0.000733639,1.34376e-11,5.77349e-07,7.69778e-05,1.03129e-17,-2.07105e-05,6.36326e-06,7.35397e-06,1.28145e-21,1.6217e-06,5.12704e-07,7.21408,85.6878,3.92375,0.420664,76.0615,0.283141,4.73279,0.00403717,0.283141,1.9915,0.0733979,-0.297345,0.553959,0.00775746,-0.936548,0.00707856,0.00725429,0.00674145,0.00408879,-0.936548,0.00628104,1.83305,1.10152,0.000535151,0.152383,0.000707856,0.00120905,0.000283141,0.000664027,0.152383,0.83081,5.77362e-07,3.29033,0.287178
2068.2917,287.727,286.154,2.49677,0.214333,1.57841,0.0099125,0.00408332,0.00267912,0.00582918,1.60888e-07,2.86863e-05,1.36015e-07,2.52733e-09,1.81576e-05,0.00387465,0.205002,185.189,0.104771,0.000739091,9.64497e-10,6.04779e-07,9.04386e-06,9.05332e-18,4.19892e-05,3.97165e-05,1.26354e-06,1.12855e-21,3.18272e-06,2.94765e-06,7.24073,85.6707,3.93451,0.365448,76.078,0.286073,4.74297,0.0042101,0.286073,1.98653,0.0736218,-0.298296,0.552617,0.00655561,-0.93517,0.00715187,0.0072688,0.00681127,0.00407847,-0.93517,0.00629771,1.83306,1.10156,0.000455711,0.152429,0.000715187,0.00121147,0.000286073,0.000662371,0.152429,2.09057,6.05744e-07,3.30623,0.290283
2068.3750,293.802,292.613,2.67472,0.175119,2.41374,0.0136681,0.00561816,0.00257051,0.00804995,2.62259e-07,4.15105e-05,2.16308e-07,7.91798e-09,2.08236e-05,0.00392058,0.388257,226.577,0.147656,0.000772382,4.21619e-09,6.83451e-07,4.29369e-06,9.33261e-18,4.96246e-05,6.49249e-05,5.72798e-07,1.16411e-21,3.25343e-06,4.79561e-06,7.38629,85.7735,3.98279,0.331265,76.0765,0.304693,4.78153,0.00500889,0.304693,1.97945,0.0747963,-0.298234,0.552295,0.00587136,-0.93526,0.00761736,0.0073228,0.00725459,0.00406387,-0.93526,0.00638394,1.83308,1.10154,0.000408868,0.152423,0.000761736,0.00122047,0.000304693,0.000660012,0.152423,2.96064,6.87667e-07,3.4035,0.309702
2068.4583,297.813,296.471,2.868,0.148938,2.10216,0.0103864,0.00576263,0.00217064,0.00462372,1.86949e-07,3.27933e-05,1.51559e-07,7.22925e-09,1.81905e-05,0.00388354,0.445133,213.044,0.118445,0.000808213,4.63758e-09,7.62261e-07,8.32377e-06,9.84367e-18,4.15626e-05,4.82671e-05,9.45853e-07,1.22765e-21,2.74567e-06,3.58025e-06,7.53397,85.8979,4.03507,0.315543,76.0736,0.324706,4.82347,0.00583327,0.324706,1.97477,0.0760461,-0.297997,0.551808,0.00556787,-0.935473,0.00811768,0.00738183,0.00773108,0.00405434,-0.935473,0.00647583,1.8331,1.1015,0.000387305,0.152413,0.000811768,0.00123031,0.000324706,0.000658452,0.152413,2.63943,7.66898e-07,3.4989,0.330539
2068.5417,293.422,293.056,2.98036,0.128693,1.23231,0.00629581,0.00468065,0.00157062,0.00161516,9.7322e-08,2.07596e-05,7.86935e-08,3.55592e-09,1.54965e-05,0.00417394,0.334966,189.097,0.0774673,0.000829042,2.07e-09,8.14836e-07,4.68037e-07,1.02008e-17,2.89465e-05,2.66622e-05,7.55914e-08,1.27212e-21,1.94376e-06,2.00215e-06,7.61108,85.9582,4.06782,0.306089,76.0704,0.336229,4.85108,0.00628707,0.336229,1.97059,0.0767849,-0.297814,0.551672,0.0053927,-0.93571,0.00840577,0.00742127,0.00800546,0.00404593,-0.93571,0.00653046,1.83312,1.10149,0.000374163,0.152403,0.000840577,0.00123688,0.000336229,0.00065706,0.152403,1.55868,8.16906e-07,3.54326,0.342516
2068.6250,286.113,286.374,2.97891,0.209896,0.49179,0.00373591,0.00380439,0.00212122,-6.84772e-05,4.64131e-08,1.20335e-05,3.79488e-08,1.07187e-09,1.15711e-05,0.00352692,0.138748,141.201,0.0463427,0.000829179,3.69415e-10,8.10286e-07,5.42294e-06,9.92778e-18,4.28175e-05,1.39372e-05,1.07033e-06,1.23799e-21,2.68648e-06,1.07303e-06,7.60479,85.9408,4.073,0.300412,76.0683,0.336081,4.858,0.00625569,0.336081,1.96738,0.0768295,-0.297571,0.552135,0.00529013,-0.935866,0.00840206,0.00743213,0.00800192,0.00403953,-0.935866,0.00653437,1.83315,1.10153,0.00036588,0.152396,0.000840206,0.00123869,0.000336081,0.000655989,0.152396,1.00802,8.10655e-07,3.53179,0.342336
2068.7083,277.606,278.361,2.13032,0.254355,0.110462,0.000897027,0.00245874,0.00166666,-0.00156172,2.37831e-09,1.10638e-06,1.96434e-09,2.73635e-11,2.55231e-06,0.00121355,0.0156477,30.691,0.00354007,0.000819054,4.37203e-12,7.82923e-07,5.90187e-06,9.61068e-18,3.72546e-05,2.75409e-06,1.319e-06,1.19844e-21,2.11525e-06,2.58554e-07,7.56128,85.8812,4.06436,0.292869,76.0638,0.330147,4.85449,0.00599248,0.330147,1.96323,0.0765302,-0.297424,0.553095,0.00514695,-0.936227,0.00825373,0.00742848,0.00786065,0.00403118,-0.936227,0.0065132,1.83317,1.10159,0.000355795,0.152384,0.000825373,0.00123808,0.000330147,0.000654607,0.152384,0.55076,7.82927e-07,3.49691,0.33614
2068.7917,264.395,265.355,0,0.297759,0,0,0.0010847,0.00010348,-0.0010847,0,0,0,0,0,0,0,0,0,0.000804796,0,7.40261e-07,3.31979e-13,1.05657e-17,3.91143e-06,2.09989e-06,8.87454e-14,1.31667e-21,1.29543e-07,2.09989e-07,7.51308,85.8522,4.04999,0.310977,76.0612,0.321896,4.84652,0.00564557,0.321896,1.96689,0.0760919,-0.297133,0.553669,0.00552011,-0.936453,0.00804745,0.00741854,0.0076642,0.00403895,-0.936453,0.00648189,1.83319,1.10162,0.000382166,0.152377,0.000804745,0.00123642,0.000321896,0.000655826,0.152377,0.176145,7.40261e-07,3.4631,0.327542
2068.8750,264.198,264.672,0,0.297759,0,0,0.000927946,1.54875e-05,-0.000927946,0,0,0,0,0,0,0,0,0,0.000790752,0,6.89667e-07,0,1.12577e-17,7.17068e-07,2.04693e-06,0,1.40201e-21,1.95142e-08,2.04693e-07,7.47377,85.8547,4.03564,0.345037,76.061,0.313778,4.83843,0.00531597,0.313778,1.97491,0.075658,-0.296782,0.55376,0.00622746,-0.936482,0.00784449,0.00740829,0.0074709,0.0040557,-0.936482,0.00645085,1.83321,1.10162,0.000429971,0.152377,0.000784449,0.00123471,0.000313778,0.000658499,0.152377,0.110178,6.89667e-07,3.43812,0.319094
2068.9583,266.318,266.538,0,0.297759,0,0,0.00108524,7.25971e-06,-0.00108524,0,0,0,0,0,0,0,0,0,0.00077683,0,6.4645e-07,0,1.15452e-17,3.70353e-07,1.99446e-06,0,1.43694e-21,9.54824e-09,1.99446e-07,7.4326,85.8559,4.02128,0.379341,76.0608,0.305736,4.83022,0.00500063,0.305736,1.98311,0.0752256,-0.296434,0.553819,0.00694199,-0.936493,0.00764343,0.00739776,0.00727942,0.00407278,-0.936493,0.00641988,1.83323,1.10162,0.000478035,0.152376,0.000764343,0.00123296,0.000305736,0.000661231,0.152376,0.242038,6.4645e-07,3.41132,0.310736
2069.0417,266.437,266.615,0,0.297759,0,0,0.00110689,6.3672e-06,-0.00110689,0,0,0,0,0,0,0,0,0,0.0007639,0,6.08225e-07,0,1.16925e-17,2.96151e-07,1.94578e-06,0,1.45443e-21,7.72681e-09,1.94578e-07,7.39244,85.8554,4.00782,0.411297,76.0608,0.298272,4.82242,0.0047178,0.298272,1.9909,0.074822,-0.296111,0.55387,0.00760874,-0.9365,0.00745685,0.00738764,0.00710172,0.00408898,-0.9365,0.00639092,1.83325,1.10162,0.000522861,0.152376,0.000745685,0.00123127,0.000298272,0.000663829,0.152376,0.240695,6.08225e-07,3.38462,0.30299
2069.1250,268.34,268.387,0,0.297769,0,0,0.00123774,6.52357e-06,-0.00123774,0,0,0,0,0,0,0,0,0,0.000751282,0,5.77951e-07,0,1.18357e-17,2.7612e-07,1.8983e-06,0,1.47142e-21,7.28782e-09,1.8983e-07,7.34983,85.8517,3.99455,0.442501,76.0607,0.290994,4.81463,0.00445122,0.290994,1.99868,0.0744261,-0.295796,0.553917,0.00826074,-0.936505,0.0072749,0.00737743,0.00692843,0.00410512,-0.936505,0.00636248,1.83326,1.10162,0.000566716,0.152376,0.00072749,0.00122957,0.000290994,0.000666423,0.152376,0.4221,5.77951e-07,3.35528,0.295445
2069.2083,277.058,276.045,1.48213,0.357596,0.405595,0.00317172,0.00217065,0.00229506,0.00100106,2.78147e-08,6.61011e-06,2.39007e-08,1.47037e-10,7.04586e-06,0.00208184,0.0381015,70.0569,0.0255104,0.000739913,3.1313e-11,5.61053e-07,7.79772e-05,1.05679e-17,-2.13324e-05,8.45032e-06,7.54253e-06,1.31641e-21,1.64222e-06,6.64166e-07,7.30606,85.8227,3.98279,0.436767,76.0761,0.284431,4.80788,0.00422079,0.284431,2.00383,0.0740674,-0.296759,0.552171,0.00810809,-0.935222,0.00711081,0.00736859,0.00677216,0.00411577,-0.935222,0.0063367,1.83328,1.10163,0.000555509,0.152419,0.000711081,0.0012281,0.000284431,0.000668138,0.152419,0.835699,5.61084e-07,3.32326,0.288652
2069.2917,286.347,285.206,2.52575,0.238347,1.27394,0.00952172,0.00392985,0.00285904,0.00559187,1.58647e-07,2.80815e-05,1.34536e-07,2.18145e-09,1.84021e-05,0.00397942,0.168477,186.396,0.104904,0.000748397,6.80835e-10,5.85685e-07,1.38436e-05,9.01448e-18,4.44889e-05,3.96043e-05,1.98252e-06,1.12722e-21,3.40637e-06,2.93536e-06,7.3356,85.8042,3.99656,0.375567,76.0944,0.28912,4.81968,0.00442202,0.28912,1.99856,0.0743345,-0.297902,0.550551,0.00677683,-0.933669,0.00722804,0.0073854,0.00688381,0.00410485,-0.933669,0.00635644,1.8333,1.10167,0.000467746,0.152469,0.000722804,0.0012309,0.00028912,0.000666383,0.152469,1.82405,5.86366e-07,3.33903,0.293542
2069.3750,294.792,293.422,2.72756,0.182701,2.47804,0.0137198,0.00595748,0.00281677,0.00776233,2.66086e-07,4.15935e-05,2.19118e-07,8.34063e-09,2.10091e-05,0.0038462,0.413481,228.52,0.15146,0.000785825,4.82172e-09,6.606e-07,3.12625e-06,9.31902e-18,5.37047e-05,6.66184e-05,4.40854e-07,1.16635e-21,3.58186e-06,4.9126e-06,7.47668,85.8991,4.04796,0.338238,76.0931,0.310182,4.85912,0.00523094,0.310182,1.99105,0.075521,-0.297879,0.550215,0.00602612,-0.93373,0.0077546,0.00744068,0.00738529,0.00408934,-0.93373,0.00644337,1.83332,1.10166,0.00041686,0.152463,0.00077546,0.00124011,0.000310182,0.000663877,0.152463,3.09683,6.65422e-07,3.42872,0.315413
2069.4583,298.11,296.935,2.95885,0.124412,2.17991,0.00961629,0.00568704,0.00184578,0.00392925,1.6902e-07,3.09274e-05,1.36433e-07,6.86359e-09,1.94137e-05,0.00443365,0.495245,229.402,0.116097,0.000828246,4.70014e-09,7.59457e-07,2.02188e-07,9.98364e-18,3.51997e-05,4.44026e-05,3.0669e-08,1.24934e-21,2.33279e-06,3.29323e-06,7.62637,86.0173,4.10643,0.317277,76.089,0.334025,4.90414,0.0061139,0.334025,1.98456,0.0768729,-0.297579,0.549875,0.00562025,-0.934023,0.00835067,0.00750406,0.00795298,0.00407609,-0.934023,0.00654255,1.83334,1.10162,0.000388351,0.152449,0.000835067,0.00125068,0.000334025,0.000661716,0.152449,2.59581,7.64157e-07,3.51993,0.340139
2069.5417,292.802,292.583,3.05453,0.177796,1.16584,0.00725131,0.00508551,0.00217861,0.0021658,1.20196e-07,2.41308e-05,9.70811e-08,4.18641e-09,1.57435e-05,0.00356885,0.318181,192.234,0.0923349,0.000845836,2.31729e-09,7.97906e-07,3.76662e-06,1.01308e-17,4.04224e-05,3.28347e-05,6.61671e-07,1.26755e-21,2.75947e-06,2.45076e-06,7.67764,86.0564,4.13344,0.310446,76.0872,0.343788,4.92656,0.00643906,0.343788,1.98119,0.0774459,-0.297265,0.549864,0.00549743,-0.934142,0.00859475,0.00753638,0.00818544,0.00406935,-0.934142,0.00658494,1.83336,1.10162,0.000378536,0.152442,0.000859475,0.00125606,0.000343788,0.000660591,0.152442,1.72676,8.00223e-07,3.5442,0.350227
2069.6250,287.194,287.321,3.0859,0.170346,0.670962,0.00410048,0.00408834,0.00186453,1.21396e-05,5.26294e-08,1.28398e-05,4.28502e-08,1.23951e-09,1.16588e-05,0.00340073,0.150651,143.869,0.0502878,0.000851828,4.39607e-10,7.99379e-07,5.60294e-07,1.00819e-17,3.76682e-05,1.57938e-05,1.55667e-07,1.26132e-21,2.35779e-06,1.209e-06,7.69128,86.0524,4.14562,0.301326,76.0834,0.346977,4.93824,0.00650781,0.346977,1.97635,0.0776542,-0.296999,0.550379,0.00532811,-0.93442,0.00867446,0.0075539,0.00826135,0.00405959,-0.93442,0.00660079,1.83338,1.10165,0.000366042,0.15243,0.000867446,0.00125898,0.000346977,0.000658979,0.15243,0.982528,7.99819e-07,3.54566,0.353485
2069.7083,275.853,276.696,2.4045,0.33733,0.06566,0.000730856,0.00229675,0.00138425,-0.0015659,1.40773e-09,6.29558e-07,1.15772e-09,1.7876e-11,1.53913e-06,0.000708994,0.0102411,18.8496,0.00207715,0.000841942,3.24824e-12,7.74509e-07,2.62506e-06,9.89644e-18,2.82664e-05,2.5882e-06,6.75434e-07,1.23775e-21,1.7133e-06,2.48622e-07,7.64836,86.0038,4.1373,0.300387,76.0807,0.341178,4.93497,0.00623796,0.341178,1.97434,0.0773584,-0.296704,0.551198,0.00531494,-0.934631,0.00852949,0.00755066,0.00812328,0.00405567,-0.934631,0.00657993,1.83341,1.1017,0.000364899,0.152422,0.000852949,0.00125844,0.000341178,0.000658307,0.152422,0.579862,7.74512e-07,3.51106,0.347416
2069.7917,267.267,267.896,0.247002,0.678371,0.00118415,8.58877e-06,0.00133948,0.000201303,-0.00133089,0,0,0,0,0,0,0,0,0,0.000827106,0,7.33948e-07,1.19246e-10,1.04646e-17,5.1515e-06,2.16965e-06,2.49774e-11,1.30797e-21,2.2441e-07,2.16965e-07,7.5975,85.9756,4.1224,0.319849,76.0795,0.33259,4.92676,0.00587434,0.33259,1.97876,0.0769049,-0.296398,0.551663,0.00571239,-0.934743,0.0083148,0.00754046,0.00791882,0.00406503,-0.934743,0.00654758,1.83343,1.10173,0.000393152,0.152419,0.00083148,0.00125674,0.00033259,0.00065978,0.152419,0.235609,7.33948e-07,3.4751,0.338465
2069.8750,266.337,266.605,0,0.650937,0,0,0.00120674,2.47741e-05,-0.00120674,0,0,0,0,0,0,0,0,0,0.000812604,0,6.87063e-07,0,1.10863e-17,9.66225e-07,2.11493e-06,0,1.38475e-21,2.84278e-08,2.11493e-07,7.5525,85.9723,4.10768,0.35372,76.0793,0.324202,4.91853,0.00553139,0.324202,1.98677,0.0764594,-0.296036,0.551777,0.00641437,-0.934768,0.00810509,0.00753009,0.0077191,0.0040818,-0.934768,0.00651576,1.83345,1.10173,0.000440892,0.152419,0.000810509,0.00125501,0.000324202,0.000662452,0.152419,0.233623,6.87063e-07,3.44482,0.329733
2069.9583,267.381,267.586,0,0.65093,0,0,0.00112805,1.73261e-05,-0.00112805,0,0,0,0,0,0,0,0,0,0.000798227,0,6.52462e-07,0,1.12818e-17,6.58788e-07,2.06072e-06,0,1.40829e-21,1.86513e-08,2.06072e-07,7.50743,85.9705,4.09295,0.388796,76.0792,0.315892,4.91019,0.00520327,0.315892,1.99509,0.0760156,-0.295678,0.551844,0.00714499,-0.934782,0.00789735,0.00751943,0.00752125,0.00409914,-0.934782,0.00648401,1.83347,1.10173,0.000490118,0.152419,0.000789735,0.00125324,0.000315893,0.000665225,0.152419,0.395748,6.52462e-07,3.41448,0.321096
2070.0417,267.769,267.922,0,0.65093,0,0,0.00123035,1.72248e-05,-0.00123035,0,0,0,0,0,0,0,0,0,0.000784874,0,6.2314e-07,0,1.1363e-17,5.50284e-07,2.01042e-06,0,1.4176e-21,1.61769e-08,2.01042e-07,7.46497,85.9684,4.07914,0.421375,76.0791,0.308181,4.90226,0.00490897,0.308181,2.003,0.0756014,-0.295346,0.551902,0.00782456,-0.93479,0.00770457,0.00750919,0.00733765,0.0041156,-0.93479,0.00645433,1.83349,1.10173,0.000535931,0.152419,0.000770457,0.00125153,0.000308181,0.00066786,0.152419,0.525149,6.2314e-07,3.38583,0.31309
2070.1250,269.682,269.739,0,0.650933,0,0,0.00123794,1.80241e-05,-0.00123794,0,0,0,0,0,0,0,0,0,0.000771843,0,6.0084e-07,0,1.14098e-17,4.80735e-07,1.96136e-06,0,1.42262e-21,1.47705e-08,1.96136e-07,7.42096,85.9641,4.06553,0.453129,76.0791,0.300661,4.89434,0.00463159,0.300661,2.01089,0.075195,-0.295021,0.551957,0.00848783,-0.934793,0.00751658,0.00749886,0.00715861,0.00413198,-0.934793,0.00642519,1.83351,1.10173,0.00058069,0.152419,0.000751658,0.00124981,0.000300661,0.000670492,0.152419,0.420484,6.0084e-07,3.35543,0.305293
2070.2083,275.902,275.086,1.20772,0.506922,0.401455,0.0028427,0.00207848,0.00198246,0.000764219,2.51936e-08,5.75399e-06,2.16551e-08,1.49208e-10,5.68914e-06,0.00163173,0.0336588,58.2241,0.0226545,0.000759735,3.69907e-11,5.81013e-07,7.02596e-05,1.05106e-17,-2.49319e-05,8.03308e-06,6.63866e-06,1.31304e-21,1.31242e-06,6.35289e-07,7.37745,85.9433,4.05298,0.457732,76.091,0.293672,4.8871,0.00438257,0.293672,2.01709,0.0748147,-0.295998,0.550284,0.00855743,-0.933799,0.00734184,0.00748939,0.00699219,0.00414483,-0.933799,0.00639788,1.83353,1.10173,0.000584616,0.152452,0.000734184,0.00124823,0.000293672,0.000672558,0.152452,0.89445,5.8105e-07,3.32448,0.298055
2070.2917,287.809,286.437,2.6117,0.196844,1.61597,0.00981669,0.00415965,0.00268031,0.00565704,1.53584e-07,2.75264e-05,1.29884e-07,2.59734e-09,1.81533e-05,0.00396464,0.202043,188.94,0.104876,0.000767765,1.03086e-09,6.07511e-07,4.61443e-06,9.33501e-18,3.67483e-05,3.92389e-05,8.06117e-07,1.17102e-21,3.09559e-06,2.90697e-06,7.40098,85.922,4.06562,0.394684,76.1135,0.298129,4.89774,0.00455112,0.298129,2.01285,0.0750505,-0.297287,0.548257,0.00717092,-0.931902,0.00745326,0.00750463,0.00709831,0.00413604,-0.931902,0.00641534,1.83355,1.10176,0.000493201,0.152513,0.000745326,0.00125077,0.000298129,0.000671146,0.152513,2.00443,6.08542e-07,3.33537,0.30268
2070.3750,295.575,293.788,2.80568,0.141108,2.16291,0.0113405,0.00530473,0.00216389,0.00603573,2.04991e-07,3.41427e-05,1.69491e-07,6.03212e-09,1.96446e-05,0.0040097,0.376785,218.292,0.128078,0.000803462,3.24287e-09,6.77798e-07,2.39652e-06,9.8439e-18,3.56793e-05,5.28184e-05,2.67664e-07,1.23552e-21,2.64079e-06,3.90146e-06,7.52689,86.0136,4.11326,0.363385,76.1152,0.318274,4.93349,0.00527197,0.318274,2.00815,0.0761434,-0.297039,0.547873,0.00653089,-0.931713,0.00795689,0.00755483,0.00757795,0.00412636,-0.931713,0.00649535,1.83356,1.10174,0.000450373,0.152516,0.000795689,0.00125914,0.000318274,0.000669579,0.152516,2.5777,6.81041e-07,3.41363,0.323546
2070.4583,296.137,295.457,2.97298,0.257467,1.7593,0.01122,0.00606033,0.00368164,0.00515967,2.02996e-07,3.43435e-05,1.65372e-07,7.85485e-09,1.84161e-05,0.00369718,0.426887,218.443,0.128499,0.000834001,4.84897e-09,7.47022e-07,6.39579e-05,9.38119e-18,7.50323e-05,5.38953e-05,9.1004e-06,1.18023e-21,4.80126e-06,3.98334e-06,7.6222,86.0694,4.15494,0.333701,76.1126,0.335463,4.96533,0.00586242,0.335463,2.00089,0.077089,-0.297751,0.54697,0.00594255,-0.931864,0.00838661,0.00759988,0.00798721,0.00411144,-0.931864,0.00656475,1.83359,1.10175,0.000409987,0.152506,0.000838661,0.00126665,0.000335463,0.000667157,0.152506,2.71283,7.51871e-07,3.46725,0.341325
2070.5417,292.63,292.345,3.15921,0.201631,1.5789,0.00865607,0.00561611,0.00275281,0.00303997,1.44306e-07,2.72477e-05,1.16958e-07,4.87435e-09,1.58037e-05,0.00338122,0.313905,199.107,0.104167,0.000867669,2.56934e-09,8.15132e-07,1.19826e-05,9.34255e-18,6.47498e-05,4.00139e-05,1.61967e-06,1.17754e-21,3.67865e-06,2.9739e-06,7.73649,86.1271,4.20109,0.299894,76.102,0.354399,5.0007,0.00649418,0.354399,1.98866,0.0781426,-0.298526,0.546649,0.0052777,-0.932682,0.00886001,0.00765008,0.00843807,0.00408632,-0.932682,0.00664218,1.83361,1.10177,0.00036498,0.152473,0.000886001,0.00127501,0.000354399,0.00066308,0.152473,2.10638,8.17702e-07,3.5354,0.360893
2070.6250,287.381,287.621,3.20928,0.251006,0.62047,0.00421382,0.00426678,0.00257388,-5.29629e-05,5.01453e-08,1.24856e-05,4.07969e-08,1.29718e-09,1.1351e-05,0.00340348,0.156007,145.834,0.0496727,0.000876915,5.17057e-10,8.3313e-07,3.61572e-05,9.13421e-18,6.34357e-05,1.56034e-05,4.48407e-06,1.15182e-21,3.44705e-06,1.19617e-06,7.75944,86.1168,4.21686,0.284823,76.0922,0.359454,5.01463,0.00661214,0.359454,1.98028,0.0784435,-0.298849,0.547126,0.00498554,-0.933473,0.0089864,0.00767073,0.00855843,0.00406923,-0.933473,0.00666479,1.83363,1.10182,0.000345202,0.152445,0.00089864,0.00127845,0.000359454,0.000660288,0.152445,1.19277,8.33647e-07,3.54258,0.366066
2070.7083,276.385,277.138,2.84562,0.263966,0.0917687,0.000773654,0.00239945,0.00170686,-0.0016258,4.06172e-10,2.08699e-07,3.35084e-10,4.99106e-12,9.43822e-07,0.000354402,0.00627776,12.0818,0.000651884,0.000865986,8.82204e-13,8.02381e-07,7.19457e-06,8.93103e-18,4.03749e-05,2.41117e-06,1.11714e-06,1.12665e-21,2.20715e-06,2.38048e-07,7.71486,86.0524,4.20731,0.279062,76.0837,0.353059,5.01053,0.00632053,0.353059,1.97481,0.078116,-0.299164,0.547972,0.00487481,-0.934185,0.00882653,0.00766636,0.00840618,0.00405814,-0.934185,0.00664169,1.83365,1.1019,0.000338102,0.152421,0.000882653,0.00127773,0.000353059,0.000658464,0.152421,0.386806,8.02382e-07,3.50755,0.35938
2070.7917,267.719,268.502,0.126924,0.576409,0.00269604,1.54464e-05,0.00134306,0.000382285,-0.00132761,0,0,0,0,0,0,0,0,0,0.000850622,0,7.61044e-07,5.32249e-08,9.66415e-18,1.10878e-05,2.24513e-06,1.22393e-08,1.21804e-21,4.83822e-07,2.24513e-07,7.66317,86.0138,4.19198,0.293064,76.0806,0.344161,5.00217,0.00595167,0.344161,1.977,0.0776493,-0.29885,0.548741,0.0051619,-0.934465,0.00860407,0.00765596,0.00819431,0.0040629,-0.934465,0.00660845,1.83368,1.10194,0.00035856,0.152414,0.000860407,0.00127599,0.000344161,0.000659195,0.152414,0.42097,7.61044e-07,3.47119,0.350113
2070.8750,267.074,267.404,0,0.587689,0,0,0.00115421,4.23314e-05,-0.00115421,0,0,0,0,0,0,0,0,0,0.000835624,0,7.1601e-07,2.30093e-42,1.05249e-17,1.63858e-06,2.1885e-06,6.05361e-43,1.32555e-21,4.89588e-08,2.1885e-07,7.61931,86.0119,4.17688,0.327702,76.0799,0.335481,4.99382,0.0056042,0.335481,1.98502,0.0771916,-0.298477,0.548904,0.00587998,-0.934532,0.00838707,0.00764543,0.00798765,0.00407966,-0.934532,0.0065758,1.8337,1.10194,0.000407478,0.152412,0.000838707,0.00127424,0.000335481,0.000661866,0.152412,0.212854,7.1601e-07,3.44244,0.341085
2070.9583,267.702,267.912,0,0.587689,0,0,0.00118603,3.77442e-05,-0.00118603,0,0,0,0,0,0,0,0,0,0.000820755,0,6.70591e-07,0,1.09365e-17,1.00986e-06,2.13241e-06,0,1.37648e-21,3.39803e-08,2.13241e-07,7.57526,86.0117,4.16176,0.363272,76.0797,0.326882,4.98534,0.00527176,0.326882,1.99342,0.0767356,-0.298107,0.548988,0.00662016,-0.934548,0.0081721,0.0076346,0.00778292,0.00409718,-0.934548,0.00654323,1.83372,1.10195,0.000457562,0.152412,0.00081721,0.00127243,0.000326882,0.000664666,0.152412,0.217799,6.70591e-07,3.4135,0.332154
2071.0417,266.514,266.783,0,0.587689,0,0,0.000985758,2.80813e-05,-0.000985758,0,0,0,0,0,0,0,0,0,0.000806947,0,6.29422e-07,0,1.12033e-17,6.09646e-07,2.08036e-06,0,1.40918e-21,2.19407e-08,2.08036e-07,7.53457,86.012,4.14758,0.396238,76.0798,0.318903,4.97729,0.00497359,0.318903,2.00141,0.07631,-0.297764,0.549054,0.00730696,-0.934549,0.00797262,0.0076242,0.00759293,0.00411381,-0.934549,0.00651279,1.83374,1.10194,0.000504075,0.152412,0.000797262,0.0012707,0.000318903,0.00066733,0.152412,0.144321,6.29422e-07,3.38699,0.323877
2071.1250,269.031,269.067,0,0.590063,0,0,0.00124673,1.95728e-05,-0.00124673,0,0,0,0,0,0,0,0,0,0.000793471,0,5.94254e-07,0,1.14247e-17,3.61114e-07,2.0296e-06,0,1.4362e-21,1.34639e-08,2.0296e-07,7.49518,86.0132,4.13362,0.42881,76.0798,0.311122,4.96925,0.00469256,0.311122,2.00941,0.0758927,-0.297441,0.549096,0.00798736,-0.934547,0.00777808,0.00761371,0.00740766,0.00413043,-0.934547,0.00648289,1.83376,1.10194,0.000549998,0.152413,0.000777808,0.00126895,0.000311122,0.000669998,0.152413,0.413329,5.94254e-07,3.36156,0.315814
2071.2083,276.376,275.524,1.43331,0.449654,0.41595,0.00308469,0.00212467,0.00213855,0.000960023,2.38868e-08,5.87462e-06,2.04873e-08,9.0508e-11,6.07977e-06,0.00180338,0.0294053,65.2686,0.0233255,0.000781279,1.64181e-11,5.82164e-07,5.03482e-05,1.03724e-17,-2.15924e-05,7.91102e-06,5.3889e-06,1.30568e-21,1.53069e-06,6.28039e-07,7.4507,85.9856,4.12117,0.4248,76.0954,0.304075,4.96222,0.00444749,0.304075,2.0147,0.0755139,-0.297987,0.547739,0.00786776,-0.933249,0.00760193,0.00760453,0.00723989,0.00414139,-0.933249,0.00645576,1.83378,1.10195,0.000540505,0.152455,0.000760193,0.00126742,0.000304075,0.000671762,0.152455,0.959975,5.8218e-07,3.32953,0.308523
2071.2917,288.017,286.435,2.70611,0.220898,1.72069,0.0103049,0.00427982,0.00282426,0.00602506,1.59871e-07,2.86271e-05,1.34885e-07,2.52411e-09,1.79703e-05,0.00387344,0.21092,195.051,0.108649,0.000788332,9.77058e-10,6.13606e-07,1.26098e-05,8.95642e-18,4.27365e-05,4.16035e-05,1.77557e-06,1.13047e-21,3.34295e-06,3.08149e-06,7.4748,85.9693,4.13282,0.371334,76.1128,0.307968,4.97231,0.0046027,0.307968,2.01041,0.0757438,-0.298624,0.546578,0.00669838,-0.931777,0.00769924,0.00761901,0.00733257,0.00413248,-0.931777,0.00647284,1.8338,1.10199,0.000463036,0.152503,0.000769924,0.00126984,0.000307968,0.000670332,0.152503,2.20884,6.14583e-07,3.34199,0.312571
2071.3750,293.168,291.928,2.92148,0.177082,2.53099,0.0142671,0.00577161,0.00263297,0.00849552,2.67713e-07,4.23569e-05,2.20693e-07,7.40419e-09,2.05307e-05,0.00387127,0.367579,239.681,0.15642,0.000827692,3.81605e-09,6.92688e-07,3.95095e-06,9.15125e-18,4.9332e-05,7.0084e-05,4.84625e-07,1.15601e-21,3.31273e-06,5.16408e-06,7.62517,86.0777,4.18537,0.336796,76.1122,0.330183,5.01175,0.00540699,0.330183,2.00358,0.0770013,-0.29857,0.546095,0.00600107,-0.931786,0.00825462,0.00767432,0.00786151,0.00411837,-0.931786,0.00656494,1.83382,1.10197,0.000415699,0.1525,0.000825463,0.00127905,0.000330183,0.000668055,0.1525,3.08793,6.96504e-07,3.4398,0.33559
2071.4583,294.672,293.78,3.18044,0.151949,2.01401,0.0118304,0.00596107,0.00208005,0.00586935,2.1321e-07,3.69455e-05,1.73029e-07,7.08242e-09,1.86197e-05,0.00376344,0.398804,237.403,0.138036,0.000874415,4.0034e-09,7.79422e-07,1.54908e-06,9.6569e-18,3.78344e-05,5.83803e-05,2.19137e-07,1.21965e-21,2.60657e-06,4.31417e-06,7.79983,86.2279,4.24783,0.319981,76.1096,0.356535,5.05869,0.00632951,0.356535,1.99856,0.0784982,-0.298277,0.545411,0.00567303,-0.931967,0.00891342,0.00774039,0.00848894,0.00410813,-0.931967,0.00667468,1.83384,1.10191,0.000392681,0.15249,0.000891342,0.00129006,0.000356535,0.000666382,0.15249,2.5067,7.83425e-07,3.552,0.362865
2071.5417,293.091,292.704,3.33805,0.162276,1.37442,0.00804765,0.00547833,0.00207953,0.00256932,1.27926e-07,2.56892e-05,1.03172e-07,4.19172e-09,1.51426e-05,0.00339291,0.316796,202.748,0.0991063,0.000902675,2.27539e-09,8.27333e-07,1.90424e-06,9.85739e-18,3.86774e-05,3.67948e-05,3.07914e-07,1.24488e-21,2.61765e-06,2.74226e-06,7.89785,86.3078,4.28772,0.309239,76.1071,0.372375,5.08996,0.00684514,0.372375,1.99366,0.0794169,-0.297966,0.545174,0.00547322,-0.932129,0.00930941,0.00778506,0.00886607,0.00409822,-0.932129,0.00674239,1.83386,1.10189,0.000377525,0.152482,0.000930941,0.00129751,0.000372375,0.000664746,0.152482,1.82564,8.29608e-07,3.61012,0.37922
2071.6250,286.602,286.819,3.37049,0.139376,0.569075,0.0039301,0.00395774,0.00146624,-2.76426e-05,4.60043e-08,1.21661e-05,3.73744e-08,1.03435e-09,1.12503e-05,0.00345875,0.143634,152.339,0.0488795,0.000908759,3.68856e-10,8.24083e-07,4.55253e-09,1.00353e-17,2.46718e-05,1.49299e-05,1.62456e-09,1.26697e-21,1.76654e-06,1.14987e-06,7.91366,86.319,4.29995,0.308513,76.1054,0.375617,5.10163,0.00689563,0.375617,1.99135,0.0796361,-0.297592,0.545448,0.00546976,-0.932239,0.00939047,0.00780269,0.00894327,0.00409373,-0.932239,0.00675915,1.83389,1.10191,0.000376261,0.152476,0.000939047,0.00130045,0.000375617,0.000663979,0.152476,0.75956,8.24452e-07,3.61371,0.382513
2071.7083,273.902,275.187,2.10561,0.152911,0.0822041,0.000651877,0.0021774,0.000972792,-0.00152552,1.29662e-09,5.33573e-07,1.06092e-09,1.96603e-11,9.73851e-07,0.000427156,0.00819887,13.0885,0.00194567,0.000897361,4.32589e-12,7.87158e-07,1.1859e-08,1.00534e-17,1.59323e-05,2.75841e-06,4.03963e-09,1.26882e-21,1.13078e-06,2.65987e-07,7.86968,86.2839,4.29016,0.316048,76.1059,0.368941,5.0976,0.00659232,0.368941,1.99219,0.0793009,-0.297203,0.54596,0.00562632,-0.932185,0.00922356,0.0077985,0.00878431,0.00409574,-0.932185,0.00673557,1.83391,1.10194,0.000386327,0.152477,0.000922356,0.00129975,0.000368941,0.000664259,0.152477,0.363326,7.87162e-07,3.57952,0.375533
2071.7917,266.217,267.208,1.89047,0.107171,0.0057573,1.72652e-05,0.0013798,0.000121093,-0.00136254,0,0,0,0,0,0,0,0,0,0.000881323,0,7.35045e-07,6.22708e-20,1.03919e-17,2.88473e-06,2.34613e-06,1.28679e-20,1.31069e-21,1.20934e-07,2.34613e-07,7.81861,86.2669,4.27433,0.343685,76.1061,0.359645,5.0891,0.00620768,0.359645,1.99848,0.0788173,-0.296813,0.546247,0.00619335,-0.932179,0.00899116,0.00778799,0.00856297,0.004109,-0.932179,0.00670119,1.83393,1.10196,0.000425511,0.152477,0.000899116,0.001298,0.000359645,0.000666355,0.152477,0.0786473,7.35045e-07,3.54427,0.365853
2071.8750,261.541,262.668,0,0.0572339,0,0,0.001093,1.65551e-05,-0.001093,0,0,0,0,0,0,0,0,0,0.000865662,0,6.83323e-07,0,1.08966e-17,7.65372e-07,2.28696e-06,0,1.37345e-21,2.06559e-08,2.28696e-07,7.77285,86.2664,4.25872,0.380725,76.106,0.350574,5.0806,0.00584527,0.350574,2.00686,0.0783428,-0.296425,0.546341,0.00696088,-0.932197,0.0087644,0.00777733,0.00834701,0.00412653,-0.932197,0.00666741,1.83396,1.10196,0.000477498,0.152477,0.00087644,0.00129622,0.000350574,0.000669147,0.152477,0.102494,6.83323e-07,3.51413,0.35642
2071.9583,255.595,256.66,0,0.056891,0,0,0.00087432,1.91913e-06,-0.00087432,0,0,0,0,0,0,0,0,0,0.000850138,0,6.36031e-07,0,1.17368e-17,1.35835e-07,2.22835e-06,0,1.47848e-21,3.18624e-09,2.22835e-07,7.73094,86.271,4.24311,0.418744,76.1059,0.341589,5.07198,0.00549853,0.341589,2.01547,0.0778702,-0.296042,0.546397,0.00775263,-0.932207,0.00853976,0.00776638,0.00813307,0.00414452,-0.932207,0.00663372,1.83398,1.10196,0.00053059,0.152477,0.000853976,0.0012944,0.000341589,0.000672019,0.152477,0.17703,6.36031e-07,3.48783,0.347087
2072.0417,264.967,265.131,0,0.0574025,0,0,0.0011398,6.94321e-07,-0.0011398,0,0,0,0,0,0,0,0,0,0.00083572,0,5.99813e-07,0,1.22015e-17,5.48864e-08,2.17395e-06,0,1.53618e-21,1.25706e-09,2.17395e-07,7.68847,86.2722,4.22847,0.454182,76.1058,0.33325,5.06379,0.00518754,0.33325,2.02367,0.0774293,-0.295687,0.546439,0.00849181,-0.932209,0.0083313,0.00775585,0.00793453,0.00416157,-0.932209,0.00660224,1.834,1.10196,0.000580114,0.152477,0.00083313,0.00129264,0.00033325,0.00067475,0.152477,0.243498,5.99813e-07,3.46,0.338438
2072.1250,267.665,267.713,0,0.0710552,0,0,0.00124327,2.91159e-05,-0.00124327,0,0,0,0,0,0,0,0,0,0.00082165,0,5.67518e-07,1.93523e-11,1.22323e-17,-1.47509e-06,2.12091e-06,3.81961e-12,1.53922e-21,9.50568e-09,2.12091e-07,7.64461,86.271,4.21404,0.488702,76.1059,0.325119,5.05561,0.00489441,0.325119,2.03184,0.0769969,-0.295341,0.546477,0.00921291,-0.932206,0.00812801,0.00774522,0.00774092,0.00417856,-0.932206,0.00657133,1.83402,1.10195,0.000628417,0.152477,0.000812801,0.00129087,0.000325119,0.000677475,0.152477,0.277607,5.67518e-07,3.43057,0.330013
2072.2083,272.146,271.821,0.862292,0.484081,0.105357,0.00107717,0.00153473,0.00136893,-0.000457563,2.74243e-09,8.42394e-07,2.34728e-09,7.05673e-12,1.07946e-06,0.000426795,0.00455842,12.8891,0.00304719,0.000807477,1.16652e-12,5.51494e-07,4.23101e-05,1.17619e-17,-3.56243e-05,2.76202e-06,3.4698e-06,1.4809e-21,5.98249e-07,2.57228e-07,7.59694,86.2551,4.19939,0.503077,76.1159,0.316933,5.0472,0.00460926,0.316933,2.03917,0.0765593,-0.295499,0.545619,0.00949748,-0.931369,0.00792337,0.00773418,0.00754603,0.00419376,-0.931369,0.00654001,1.83404,1.10196,0.000646059,0.152505,0.000792337,0.00128903,0.000316933,0.000679918,0.152505,0.81299,5.51495e-07,3.39755,0.321542
2072.2917,284.743,283.175,2.76214,0.172472,1.35403,0.00941373,0.00351741,0.00226755,0.00589631,1.2553e-07,2.53292e-05,1.06682e-07,1.32971e-09,1.55012e-05,0.00387303,0.150231,187.092,0.090845,0.000804287,4.46801e-10,5.67504e-07,2.49429e-06,1.03207e-17,1.44792e-05,3.3824e-05,3.46757e-07,1.30299e-21,2.26863e-06,2.52656e-06,7.6005,86.2331,4.19982,0.448091,76.1455,0.314934,5.05036,0.00460295,0.314934,2.03901,0.0765412,-0.296075,0.543777,0.0082806,-0.928867,0.00787339,0.00773909,0.00749843,0.0041934,-0.928867,0.00653926,1.83406,1.10198,0.00056529,0.152586,0.000787339,0.00128985,0.000314934,0.000679865,0.152586,1.68181,5.67951e-07,3.40068,0.319537
2072.3750,293.368,291.696,2.87492,0.16134,1.70574,0.011235,0.00475989,0.00239469,0.0064751,1.84573e-07,3.45118e-05,1.53762e-07,4.63581e-09,1.84542e-05,0.00429974,0.353488,228.814,0.121746,0.000823342,2.38624e-09,6.21955e-07,8.41272e-06,1.00629e-17,2.50907e-05,4.90117e-05,9.50316e-07,1.2715e-21,2.74419e-06,3.64067e-06,7.71306,86.3268,4.23135,0.421873,76.1541,0.325419,5.07771,0.00513764,0.325419,2.03774,0.0773634,-0.295782,0.543056,0.00771542,-0.928108,0.00813552,0.0077776,0.00774807,0.00419078,-0.928108,0.00660001,1.83408,1.10195,0.000528105,0.152607,0.000813552,0.00129627,0.000325419,0.000679442,0.152607,2.37841,6.24341e-07,3.48171,0.330557
2072.4583,295.981,294.944,3.02232,0.161228,2.14204,0.0113848,0.00572403,0.00260037,0.00566081,1.95131e-07,3.62297e-05,1.59442e-07,6.93845e-09,1.80141e-05,0.00387011,0.441933,233.07,0.127654,0.000850626,4.2859e-09,7.06564e-07,2.10539e-06,1.01769e-17,3.75678e-05,5.2339e-05,2.54067e-07,1.28809e-21,3.18896e-06,3.88719e-06,7.85094,86.4251,4.27472,0.38439,76.1583,0.340505,5.11448,0.00585255,0.340505,2.03146,0.0784663,-0.295686,0.542352,0.00696861,-0.927651,0.00851266,0.0078294,0.00810726,0.00417784,-0.927651,0.00668143,1.8341,1.10194,0.000475657,0.152614,0.000851266,0.0013049,0.000340505,0.000677347,0.152614,2.73551,7.1085e-07,3.57622,0.346357
2072.5417,292.603,292.117,3.10557,0.146029,1.07732,0.00644957,0.00462476,0.00196718,0.00182481,9.57077e-08,2.15558e-05,7.79446e-08,2.99493e-09,1.45448e-05,0.00382174,0.300307,192.309,0.079218,0.000866181,1.52496e-09,7.4922e-07,2.16907e-06,1.03281e-17,3.01316e-05,2.70956e-05,2.82465e-07,1.30807e-21,2.41615e-06,2.03933e-06,7.92626,86.478,4.30225,0.365378,76.1592,0.348972,5.13926,0.00625258,0.348972,2.02713,0.0791206,-0.295388,0.542213,0.0065991,-0.92749,0.00872435,0.00786486,0.00830887,0.00416902,-0.92749,0.00673007,1.83412,1.10194,0.000449114,0.152613,0.000872435,0.00131081,0.000348972,0.000675903,0.152613,1.42688,7.50745e-07,3.62401,0.355225
2072.6250,286.697,286.942,3.1101,0.16909,0.552878,0.00384404,0.00383063,0.00194415,1.34125e-05,4.6244e-08,1.23616e-05,3.7818e-08,1.08262e-09,1.10481e-05,0.00348621,0.147747,145.689,0.0465046,0.000867472,3.88665e-10,7.50457e-07,1.33036e-06,1.02393e-17,3.20073e-05,1.42844e-05,2.4478e-07,1.29728e-21,2.41187e-06,1.10247e-06,7.93488,86.4714,4.30996,0.353616,76.1591,0.349431,5.1487,0.00629007,0.349431,2.02384,0.0792504,-0.29508,0.542564,0.00637079,-0.927428,0.00873582,0.00787913,0.00831979,0.00416239,-0.927428,0.00674033,1.83415,1.10197,0.000432853,0.152609,0.000873582,0.00131319,0.000349431,0.000674806,0.152609,0.893819,7.50846e-07,3.62491,0.355721
2072.7083,276.613,277.256,2.30525,0.263008,0.0591856,0.000791828,0.0023909,0.00152193,-0.00159907,2.3179e-09,1.10968e-06,1.91319e-09,2.9044e-11,2.40574e-06,0.00117437,0.0167289,31.2933,0.00353521,0.00085653,5.09988e-12,7.25946e-07,4.05486e-06,9.99611e-18,2.60166e-05,2.83783e-06,8.45515e-07,1.26666e-21,1.84961e-06,2.67036e-07,7.89094,86.4207,4.30055,0.348782,76.1586,0.343023,5.1448,0.00602686,0.343023,2.02236,0.078937,-0.294809,0.543236,0.00627626,-0.927418,0.00857562,0.00787488,0.00816722,0.00415951,-0.927418,0.0067182,1.83417,1.10202,0.000426304,0.152605,0.000857562,0.00131248,0.000343023,0.000674315,0.152605,0.603571,7.25951e-07,3.59039,0.34905
2072.7917,262.29,263.392,0,0.085553,0,0,0.00109984,5.24242e-05,-0.00109984,0,0,0,0,0,0,0,0,0,0.00084166,0,6.89188e-07,7.69074e-13,1.09154e-17,1.70333e-06,2.18161e-06,2.15953e-13,1.38257e-21,6.01312e-08,2.18161e-07,7.84133,86.395,4.28543,0.368092,76.1583,0.334424,5.13631,0.00567718,0.334424,2.02726,0.0784813,-0.294502,0.54361,0.00667282,-0.927436,0.00836064,0.00786416,0.00796248,0.0041698,-0.927436,0.00668566,1.83419,1.10205,0.00045422,0.152604,0.000836064,0.00131069,0.000334424,0.000675948,0.152604,0.197622,6.89188e-07,3.55591,0.340101
2072.8750,266.083,266.362,0,0.0591036,0,0,0.00112838,7.11638e-06,-0.00112838,0,0,0,0,0,0,0,0,0,0.000827061,0,6.44631e-07,0,1.1253e-17,3.72663e-07,2.12659e-06,0,1.4245e-21,9.36921e-09,2.12659e-07,7.79784,86.3957,4.27039,0.403859,76.1582,0.325989,5.12773,0.00534574,0.325989,2.03582,0.0780315,-0.29414,0.543671,0.00741783,-0.927448,0.00814978,0.00785317,0.00776165,0.00418764,-0.927448,0.0066535,1.83421,1.10205,0.000504285,0.152604,0.000814978,0.00130886,0.000325989,0.000678801,0.152604,0.221535,6.44631e-07,3.52744,0.331335
2072.9583,266.587,266.845,0,0.0590997,0,0,0.00112539,6.63459e-06,-0.00112539,0,0,0,0,0,0,0,0,0,0.000812588,0,6.06508e-07,0,1.13059e-17,3.22964e-07,2.07208e-06,0,1.43035e-21,8.19643e-09,2.07208e-07,7.75346,86.3956,4.25534,0.439469,76.1581,0.317634,5.11903,0.00502863,0.317634,2.04452,0.0775833,-0.293781,0.543724,0.00816094,-0.927455,0.00794089,0.0078419,0.00756272,0.00420572,-0.927455,0.0066214,1.83423,1.10205,0.000554173,0.152604,0.000794089,0.00130698,0.000317634,0.000681699,0.152604,0.208289,6.06508e-07,3.49812,0.322663
2073.0417,265.134,265.395,0,0.0591006,0,0,0.00106745,5.42655e-06,-0.00106745,0,0,0,0,0,0,0,0,0,0.000799146,0,5.68613e-07,0,1.14223e-17,2.43799e-07,2.0215e-06,0,1.44427e-21,6.26019e-09,2.0215e-07,7.71297,86.3964,4.24123,0.472568,76.1581,0.30988,5.11076,0.00474421,0.30988,2.05278,0.0771649,-0.293449,0.543772,0.00885263,-0.927461,0.00774705,0.00783107,0.0073781,0.00422286,-0.927461,0.0065914,1.83425,1.10205,0.000600623,0.152604,0.000774705,0.00130518,0.00030988,0.000684453,0.152604,0.131796,5.68613e-07,3.47174,0.314625
2073.1250,268.833,268.857,0,0.0624009,0,0,0.00131037,5.35824e-06,-0.00131037,0,0,0,0,0,0,0,0,0,0.000786027,0,5.42193e-07,0,1.1523e-17,2.21201e-07,1.97218e-06,0,1.45621e-21,5.74043e-09,1.97218e-07,7.66811,86.3921,4.22732,0.5049,76.158,0.302319,5.10251,0.00447614,0.302319,2.06103,0.0767545,-0.293127,0.543815,0.00952934,-0.927465,0.00755802,0.00782016,0.00719807,0.00423994,-0.927465,0.00656192,1.83427,1.10205,0.000646077,0.152604,0.000755802,0.00130336,0.000302319,0.000687203,0.152604,0.587241,5.42193e-07,3.44079,0.306795
2073.2083,277.012,276.059,2.147,0.267511,0.417541,0.00344505,0.00215542,0.00240951,0.00128963,2.71205e-08,6.42027e-06,2.32976e-08,1.21842e-10,6.98225e-06,0.0020576,0.0323292,70.8467,0.0255927,0.000774322,2.34719e-11,5.35076e-07,5.49803e-05,1.04552e-17,-2.51095e-05,8.51765e-06,4.98381e-06,1.32413e-21,1.76394e-06,6.70134e-07,7.62321,86.3559,4.21504,0.488926,76.178,0.295569,5.09532,0.00424521,0.295569,2.06577,0.0763824,-0.293909,0.542078,0.00915667,-0.925776,0.00738927,0.00781064,0.00703736,0.00424971,-0.925776,0.00653518,1.83429,1.10206,0.000619121,0.152658,0.000738927,0.00130177,0.000295569,0.000688784,0.152658,0.787666,5.35099e-07,3.40817,0.299814
2073.2917,288.818,287.173,2.64213,0.156223,1.49076,0.00937238,0.00418191,0.00226244,0.00519047,1.54549e-07,2.72768e-05,1.30463e-07,2.74653e-09,1.80787e-05,0.00389212,0.224751,187.033,0.104904,0.000784552,1.13319e-09,5.58852e-07,1.21225e-06,9.87194e-18,2.53163e-05,3.95609e-05,1.30532e-07,1.25311e-21,2.5693e-06,2.92909e-06,7.6503,86.3502,4.22976,0.440604,76.1957,0.301306,5.10699,0.00445272,0.301306,2.06361,0.076648,-0.294238,0.541018,0.00809352,-0.924243,0.00753269,0.00782722,0.00717395,0.00424516,-0.924243,0.00655475,1.83431,1.10208,0.000550718,0.152705,0.000753269,0.00130454,0.000301306,0.000688064,0.152705,1.91364,5.59985e-07,3.42054,0.305759
2073.3750,293.812,292.601,2.8582,0.147517,2.07898,0.0122025,0.00531964,0.00222632,0.00688284,2.34358e-07,3.85778e-05,1.93649e-07,6.88903e-09,2.11849e-05,0.00412168,0.392317,237.049,0.146005,0.000824079,3.63324e-09,6.29749e-07,9.72386e-07,1.02069e-17,2.95742e-05,6.06443e-05,1.10599e-07,1.29677e-21,2.69735e-06,4.46932e-06,7.77768,86.4487,4.28092,0.410725,76.2001,0.323685,5.14441,0.0052249,0.323685,2.06017,0.0777852,-0.293953,0.540329,0.00748299,-0.923789,0.00809218,0.00787964,0.00770679,0.00423802,-0.923789,0.0066379,1.83433,1.10205,0.000509505,0.152713,0.000809218,0.00131327,0.000323685,0.000686917,0.152713,2.56577,6.33382e-07,3.49676,0.32891
2073.4583,296.289,295.317,3.02463,0.151105,1.23058,0.00758018,0.00490225,0.00213811,0.00267793,1.28256e-07,2.52062e-05,1.04424e-07,4.60618e-09,1.80576e-05,0.00443932,0.405853,213.735,0.0980583,0.000854325,2.723e-09,6.85338e-07,5.11183e-06,1.04456e-17,2.79723e-05,3.49927e-05,6.28208e-07,1.32788e-21,2.61132e-06,2.60267e-06,7.8672,86.5222,4.32118,0.394541,76.2028,0.340745,5.17457,0.00578527,0.340745,2.0577,0.078668,-0.293627,0.539778,0.0071697,-0.923476,0.00851866,0.0079223,0.00811297,0.004233,-0.923476,0.00670262,1.83435,1.10203,0.000486658,0.152716,0.000851866,0.00132038,0.000340745,0.000686095,0.152716,1.88543,6.88061e-07,3.54602,0.34653
2073.5417,293.331,292.823,3.13876,0.1665,1.37478,0.00744798,0.00515205,0.00239642,0.00229593,1.26009e-07,2.47573e-05,1.02258e-07,4.19139e-09,1.63113e-05,0.00377742,0.32683,200.186,0.096866,0.000874961,2.22005e-09,7.26408e-07,5.75495e-06,1.02537e-17,4.15396e-05,3.49999e-05,8.34655e-07,1.30508e-21,3.04933e-06,2.60565e-06,7.92244,86.5462,4.34999,0.369912,76.2024,0.352331,5.19696,0.00614093,0.352331,2.05153,0.0792789,-0.29356,0.539643,0.0066876,-0.92339,0.00880832,0.00795437,0.00838884,0.00422033,-0.92339,0.00674764,1.83437,1.10205,0.000452857,0.152709,0.000880832,0.00132573,0.000352331,0.000684037,0.152709,1.83209,7.28628e-07,3.57245,0.358472
2073.6250,287.785,287.961,3.17314,0.180879,0.505308,0.00382352,0.00398667,0.00203564,-0.000163146,4.82108e-08,1.21316e-05,3.92438e-08,1.22668e-09,1.17247e-05,0.00347819,0.159101,145.124,0.0492777,0.000881366,4.70902e-10,7.35825e-07,2.76803e-06,1.03138e-17,3.41256e-05,1.49168e-05,4.78043e-07,1.31296e-21,2.57197e-06,1.14463e-06,7.92927,86.5374,4.36141,0.359056,76.2011,0.355809,5.20728,0.00620638,0.355809,2.04799,0.0794683,-0.293231,0.540024,0.00647668,-0.923413,0.00889527,0.00796982,0.00847165,0.00421315,-0.923413,0.00676202,1.83439,1.10208,0.000438254,0.152702,0.000889528,0.0013283,0.000355809,0.000682857,0.152702,0.95008,7.36296e-07,3.56786,0.362016
2073.7083,273.569,274.491,2.74638,0.25534,0.0734733,0.000580659,0.00198403,0.00123478,-0.00140337,3.31519e-10,1.89731e-07,2.73988e-10,2.97818e-12,7.08562e-07,0.000343837,0.00379153,8.71089,0.000539535,0.000870774,4.46689e-13,7.10506e-07,4.11156e-06,9.98781e-18,2.31975e-05,2.36777e-06,7.75281e-07,1.27184e-21,1.51713e-06,2.34276e-07,7.88606,86.4861,4.35184,0.354546,76.1994,0.349625,5.20289,0.00593925,0.349625,2.04609,0.0791446,-0.293061,0.540686,0.00638972,-0.923492,0.00874068,0.00796484,0.00832442,0.00420938,-0.923492,0.00673912,1.83442,1.10214,0.000432856,0.152694,0.000874068,0.00132747,0.000349625,0.000682225,0.152694,0.317069,7.10506e-07,3.53422,0.355565
2073.7917,265.114,266.271,0.0596248,0.0886316,0.000997179,5.28017e-06,0.0012488,0.000153445,-0.00124352,0,0,0,0,0,0,0,0,0,0.000855541,0,6.6903e-07,9.08852e-14,1.07466e-17,3.3509e-06,2.22331e-06,2.64314e-14,1.36756e-21,1.66388e-07,2.22331e-07,7.83675,86.4651,4.33636,0.376906,76.1994,0.340816,5.19422,0.00559272,0.340816,2.05204,0.0786796,-0.292698,0.54105,0.00684477,-0.923494,0.00852044,0.00795381,0.00811467,0.00422182,-0.923494,0.00670594,1.83444,1.10216,0.000465418,0.152694,0.000852044,0.00132564,0.000340816,0.000684206,0.152694,0.20924,6.6903e-07,3.50038,0.346409
2073.8750,265.061,265.551,0,0.0611635,0,0,0.00112187,1.42475e-05,-0.00112187,0,0,0,0,0,0,0,0,0,0.000840667,0,6.26095e-07,0,1.11796e-17,5.37806e-07,2.16723e-06,0,1.4218e-21,1.54706e-08,2.16723e-07,7.79275,86.4651,4.3211,0.412455,76.1993,0.33222,5.18554,0.0052662,0.33222,2.06062,0.0782233,-0.292331,0.541128,0.00758571,-0.923508,0.00830555,0.00794264,0.00791001,0.00423969,-0.923508,0.00667334,1.83446,1.10216,0.000515472,0.152694,0.000830555,0.00132377,0.00033222,0.000687068,0.152694,0.231674,6.26095e-07,3.47166,0.337487
2073.9583,264.37,264.937,0,0.0611626,0,0,0.00107961,1.16722e-05,-0.00107961,0,0,0,0,0,0,0,0,0,0.00082592,0,5.93465e-07,0,1.13015e-17,3.80594e-07,2.11169e-06,0,1.43644e-21,1.12343e-08,2.11169e-07,7.74771,86.4647,4.30581,0.44835,76.1992,0.323705,5.17674,0.00495381,0.323705,2.0694,0.0777687,-0.291967,0.541184,0.00833623,-0.923514,0.00809267,0.00793119,0.00770727,0.00425794,-0.923514,0.00664081,1.83448,1.10216,0.000565942,0.152694,0.000809267,0.00132186,0.000323705,0.000689995,0.152694,0.394626,5.93465e-07,3.44189,0.328659
2074.0417,265.712,265.834,0,0.0611656,0,0,0.00112042,2.701e-06,-0.00112042,0,0,0,0,0,0,0,0,0,0.000812225,0,5.63909e-07,0,1.1536e-17,1.56492e-07,2.06014e-06,0,1.46545e-21,3.77927e-09,2.06014e-07,7.70638,86.4652,4.29148,0.48186,76.1992,0.315803,5.16838,0.00467363,0.315803,2.07776,0.0773444,-0.291629,0.541231,0.00903834,-0.923518,0.00789512,0.00792019,0.00751913,0.00427525,-0.923518,0.0066104,1.8345,1.10215,0.000613087,0.152694,0.000789512,0.00132003,0.000315803,0.00069278,0.152694,0.237476,5.63909e-07,3.4149,0.320477
2074.1250,268.837,268.927,0,0.0748836,0,0,0.00131022,2.81295e-06,-0.00131022,0,0,0,0,0,0,0,0,0,0.000798859,0,5.48471e-07,0,1.15604e-17,1.5587e-07,2.00987e-06,0,1.46775e-21,3.77776e-09,2.00987e-07,7.66125,86.4612,4.27735,0.514698,76.1991,0.308097,5.16004,0.00440955,0.308097,2.0861,0.0769283,-0.291302,0.541271,0.00972774,-0.923521,0.00770248,0.00790911,0.00733565,0.00429252,-0.923521,0.00658054,1.83452,1.10215,0.000659331,0.152694,0.000770248,0.00131818,0.000308097,0.000695562,0.152694,0.812701,5.48471e-07,3.3839,0.312507
2074.2083,273.33,272.512,1.13989,0.286393,0.247265,0.00213388,0.00176156,0.00158031,0.000372327,1.66501e-08,3.78148e-06,1.41876e-08,8.41645e-11,4.38168e-06,0.00128782,0.0231394,42.8211,0.0153515,0.00078586,1.87182e-11,5.47364e-07,3.49264e-05,1.10585e-17,-3.37581e-05,5.99396e-06,3.84367e-06,1.40429e-21,8.77749e-07,4.87602e-07,7.61546,86.4461,4.26353,0.528805,76.2081,0.300609,5.1518,0.00416084,0.300609,2.09365,0.0765197,-0.291266,0.540661,0.0100087,-0.922763,0.00751526,0.0078981,0.00715735,0.00430808,-0.922763,0.00655118,1.83454,1.10216,0.000676769,0.152719,0.000751526,0.00131635,0.000300609,0.000698077,0.152719,0.926419,5.47382e-07,3.35193,0.30477
2074.2917,286.762,285.377,2.68404,0.199998,1.46978,0.00967437,0.00400109,0.00283664,0.00567328,1.57645e-07,2.7212e-05,1.33184e-07,2.2379e-09,1.88648e-05,0.00405627,0.18214,191.638,0.108078,0.000794793,8.02192e-10,5.72119e-07,6.90529e-06,9.65291e-18,2.81528e-05,4.07076e-05,9.68026e-07,1.22959e-21,3.15146e-06,3.00691e-06,7.63354,86.4245,4.27527,0.46246,76.2372,0.305671,5.16048,0.00430867,0.305671,2.0914,0.0767224,-0.291901,0.538811,0.00853906,-0.920277,0.00764182,0.00791047,0.00727788,0.00430332,-0.920277,0.0065661,1.83456,1.10218,0.000579841,0.152796,0.000764182,0.00131841,0.000305671,0.000697326,0.152796,1.92916,5.72921e-07,3.35827,0.30998
2074.3750,292.398,291.375,2.92541,0.148495,2.07576,0.013061,0.0053931,0.00229956,0.00766794,2.56131e-07,3.98272e-05,2.11553e-07,6.86406e-09,2.15192e-05,0.00404299,0.349615,238.269,0.154723,0.000838481,3.28814e-09,6.44888e-07,1.55342e-06,1.00709e-17,3.1324e-05,6.70434e-05,1.7398e-07,1.28431e-21,2.78897e-06,4.92716e-06,7.7639,86.5183,4.32793,0.424954,76.2424,0.33058,5.19656,0.00506163,0.33058,2.08701,0.0779231,-0.291672,0.538099,0.00775395,-0.919742,0.00826455,0.00796096,0.00787096,0.00429418,-0.919742,0.00665363,1.83458,1.10215,0.000528245,0.152806,0.000826455,0.00132683,0.00033058,0.000695863,0.152806,2.55482,6.48176e-07,3.43597,0.335642
2074.4583,297.582,296.158,3.14942,0.133456,1.49781,0.00784957,0.00509078,0.00203116,0.00275879,1.32835e-07,2.55419e-05,1.07932e-07,4.68902e-09,1.81313e-05,0.00425706,0.416471,216.799,0.103159,0.000878615,2.89329e-09,7.0305e-07,2.46764e-07,1.04492e-17,2.5382e-05,3.69642e-05,4.09219e-08,1.33325e-21,2.47245e-06,2.74278e-06,7.88167,86.6194,4.37702,0.408019,76.2451,0.35341,5.2307,0.00572244,0.35341,2.08458,0.0790554,-0.291327,0.537331,0.00742085,-0.919423,0.00883528,0.00800907,0.00841452,0.00428921,-0.919423,0.00673636,1.8346,1.10211,0.000504615,0.152809,0.000883528,0.00133485,0.00035341,0.000695053,0.152809,2.06419,7.05943e-07,3.50464,0.359132
2074.5417,292.795,292.471,3.23682,0.177619,0.911097,0.0060615,0.00463104,0.00227601,0.00143046,9.61159e-08,2.04604e-05,7.78875e-08,3.13479e-09,1.60522e-05,0.00401749,0.307779,196.765,0.0845859,0.000894247,1.63885e-09,7.38156e-07,2.70975e-05,1.03555e-17,3.3087e-05,2.77277e-05,3.07476e-06,1.32237e-21,2.83434e-06,2.07304e-06,7.91206,86.6331,4.39788,0.392811,76.2471,0.362225,5.24636,0.00593197,0.362225,2.08116,0.0794964,-0.291038,0.537201,0.00712986,-0.919148,0.00905568,0.00803177,0.00862442,0.00428223,-0.919148,0.00676891,1.83462,1.10213,0.000482937,0.15281,0.000905568,0.00133863,0.000362225,0.000693912,0.15281,1.46569,7.39794e-07,3.51417,0.368157
2074.6250,287.445,287.519,3.26428,0.214412,0.675753,0.00441485,0.0042016,0.00269042,0.000213255,5.91743e-08,1.37691e-05,4.8377e-08,1.39347e-09,1.21438e-05,0.00334963,0.150995,151.317,0.0573698,0.000899292,4.94678e-10,7.40357e-07,1.72187e-05,9.54181e-18,5.21901e-05,1.82031e-05,2.5773e-06,1.22199e-21,3.48416e-06,1.3828e-06,7.91383,86.6006,4.40647,0.367816,76.2448,0.364986,5.25393,0.00595097,0.364986,2.07418,0.0796338,-0.291869,0.53682,0.00663026,-0.91922,0.00912469,0.00804329,0.00869015,0.0042679,-0.91922,0.00677944,1.83465,1.10218,0.000449651,0.152798,0.000912469,0.00134055,0.000364986,0.000691588,0.152798,0.961269,7.40852e-07,3.50736,0.370937
2074.7083,277.1,277.938,2.32575,0.214886,0.146431,0.000994398,0.00245578,0.00153732,-0.00146138,4.05669e-09,1.53771e-06,3.33343e-09,6.07534e-11,2.92294e-06,0.00125602,0.0211473,36.0458,0.00579337,0.00089059,1.31581e-11,7.14931e-07,4.67132e-07,9.69343e-18,2.95608e-05,3.43e-06,1.08356e-07,1.24128e-21,1.93676e-06,3.12463e-07,7.8751,86.545,4.39897,0.357847,76.2414,0.359887,5.25082,0.00572902,0.359887,2.0707,0.0793653,-0.291583,0.537799,0.00642733,-0.919435,0.00899723,0.00803998,0.00856875,0.00426078,-0.919435,0.00676056,1.83467,1.10225,0.000437345,0.152785,0.000899723,0.00134,0.000359887,0.000690426,0.152785,0.450733,7.14944e-07,3.47613,0.365616
2074.7917,265.559,266.426,0,0.189751,0,0,0.00123157,0.000171006,-0.00123157,0,0,0,0,0,0,0,0,0,0.000875055,0,6.78143e-07,6.53518e-13,1.04828e-17,4.76852e-06,2.28907e-06,1.89731e-13,1.34141e-21,1.9767e-07,2.28907e-07,7.82551,86.5188,4.38333,0.377232,76.2405,0.350896,5.24217,0.00539708,0.350896,2.07559,0.0788939,-0.291206,0.538308,0.00682263,-0.919502,0.00877245,0.00802889,0.00835468,0.00427102,-0.919502,0.00672697,1.83469,1.10228,0.000465936,0.152782,0.000877245,0.00133815,0.000350896,0.000692058,0.152782,0.282593,6.78143e-07,3.44218,0.356294
2074.8750,263.975,264.451,0,0.168169,0,0,0.00104586,1.32578e-05,-0.00104586,0,0,0,0,0,0,0,0,0,0.00085975,0,6.36172e-07,0,1.11645e-17,5.60997e-07,2.23133e-06,0,1.42774e-21,1.57578e-08,2.23133e-07,7.78215,86.52,4.36775,0.413355,76.2403,0.342047,5.23342,0.00508199,0.342047,2.08422,0.0784277,-0.290828,0.538402,0.00757662,-0.919523,0.00855121,0.00801752,0.00814396,0.00428895,-0.919523,0.0066937,1.83471,1.10228,0.000516956,0.152782,0.000855121,0.00133625,0.000342047,0.000694934,0.152782,0.177638,6.36172e-07,3.4144,0.347129
2074.9583,264.465,264.718,0,0.168168,0,0,0.0010461,5.12727e-06,-0.0010461,0,0,0,0,0,0,0,0,0,0.000844578,0,5.95257e-07,0,1.14207e-17,2.48415e-07,2.17414e-06,0,1.45966e-21,6.41227e-09,2.17414e-07,7.73986,86.5235,4.35215,0.450277,76.2402,0.33328,5.22453,0.00478053,0.33328,2.09309,0.0779632,-0.290455,0.538455,0.00835067,-0.919531,0.00833203,0.00800587,0.00793523,0.00430735,-0.919531,0.00666051,1.83474,1.10228,0.000568879,0.152782,0.000833203,0.00133431,0.00033328,0.000697891,0.152782,0.243232,5.95257e-07,3.38771,0.33806
2075.0417,265.91,266.066,0,0.168168,0,0,0.0010959,3.81966e-06,-0.0010959,0,0,0,0,0,0,0,0,0,0.000830486,0,5.61669e-07,0,1.15043e-17,1.8062e-07,2.12107e-06,0,1.46953e-21,4.62779e-09,2.12107e-07,7.69848,86.5248,4.33752,0.48465,76.2402,0.325144,5.2161,0.00451015,0.325144,2.10153,0.0775298,-0.290108,0.5385,0.0090725,-0.919535,0.00812864,0.00799469,0.00774152,0.00432481,-0.919535,0.00662949,1.83476,1.10228,0.000617278,0.152782,0.000812864,0.00133245,0.000325144,0.000700703,0.152782,0.121716,5.61669e-07,3.36096,0.329654
2075.1250,269.31,269.291,0,0.238677,0,0,0.00132242,0.000116574,-0.00132242,0,0,0,0,0,0,0,0,0,0.000816734,0,5.36058e-07,2.15648e-07,1.15093e-17,-4.0863e-06,2.06932e-06,7.62156e-09,1.4694e-21,6.51044e-08,2.06932e-07,7.654,86.522,4.32311,0.517605,76.2405,0.31721,5.20767,0.0042553,0.31721,2.10991,0.0771047,-0.289779,0.538521,0.009765,-0.919511,0.0079303,0.00798342,0.00755262,0.00434212,-0.919511,0.00659903,1.83478,1.10228,0.000663597,0.152782,0.00079303,0.00133057,0.00031721,0.000703496,0.152782,0.588122,5.36058e-07,3.33089,0.321465
2075.2083,278.808,277.569,2.44812,0.300832,0.625871,0.00466488,0.00249399,0.00265679,0.00217089,4.48407e-08,9.71796e-06,3.83689e-08,2.75963e-10,9.26934e-06,0.0025514,0.054331,97.23,0.0398385,0.00080576,6.51618e-11,5.35937e-07,5.17352e-05,1.01167e-17,-1.35761e-05,1.32868e-05,4.56885e-06,1.29479e-21,2.20814e-06,1.01738e-06,7.6139,86.4835,4.31182,0.493083,76.2631,0.310874,5.20124,0.00405835,0.310874,2.11349,0.0767606,-0.290637,0.536666,0.00918592,-0.917599,0.00777188,0.00797484,0.00740175,0.00434945,-0.917599,0.00657437,1.8348,1.1023,0.000623648,0.152844,0.000777188,0.00132914,0.000310874,0.000704692,0.152844,1.10561,5.36002e-07,3.30208,0.314932
2075.2917,288.678,287.358,2.81574,0.170119,1.64737,0.010502,0.00439175,0.00251744,0.00611028,1.81183e-07,3.06675e-05,1.5227e-07,3.26467e-09,1.89115e-05,0.00381192,0.226118,203.415,0.121347,0.000820624,1.29155e-09,5.71697e-07,1.57874e-06,9.57891e-18,3.2101e-05,4.77758e-05,1.93494e-07,1.22844e-21,2.98086e-06,3.5232e-06,7.65982,86.4894,4.33067,0.443028,76.2771,0.319317,5.21477,0.00432228,0.319317,2.10947,0.0771943,-0.290743,0.535972,0.00809639,-0.916346,0.00798297,0.00799389,0.00760279,0.00434101,-0.916346,0.00660612,1.83482,1.10232,0.000552959,0.152879,0.000798297,0.00133232,0.000319317,0.000703352,0.152879,2.07098,5.72989e-07,3.32915,0.323639
2075.3750,296.32,294.532,3.00514,0.123488,1.83367,0.00970614,0.00491976,0.00194419,0.00478639,1.70888e-07,3.05524e-05,1.40469e-07,5.44341e-09,2.04226e-05,0.00457058,0.419923,233.322,0.121646,0.000854769,3.1174e-09,6.34587e-07,5.80465e-07,1.01546e-17,2.43797e-05,4.60826e-05,5.7962e-08,1.3029e-21,2.33791e-06,3.40271e-06,7.77155,86.581,4.37233,0.421691,76.2803,0.338754,5.24366,0.00491243,0.338754,2.10739,0.0782199,-0.290411,0.535361,0.00766247,-0.915991,0.00846889,0.00803441,0.00806557,0.00433665,-0.915991,0.00668097,1.83484,1.10229,0.000524021,0.152884,0.000846889,0.00133907,0.000338754,0.000702658,0.152884,2.22093,6.37705e-07,3.39922,0.343666
2075.4583,297.557,296.604,3.19074,0.154786,1.86167,0.00979808,0.00555454,0.00243965,0.00424354,1.78796e-07,3.13651e-05,1.4468e-07,7.08746e-09,1.89598e-05,0.00406852,0.463154,229.441,0.124202,0.000887866,4.67184e-09,7.09147e-07,3.73747e-06,1.03285e-17,3.54194e-05,4.91624e-05,4.11971e-07,1.32648e-21,3.07328e-06,3.63071e-06,7.87232,86.6559,4.41319,0.398519,76.2824,0.357575,5.27231,0.00546486,0.357575,2.10266,0.0792288,-0.290151,0.534779,0.00721229,-0.915698,0.00893942,0.00807481,0.00851369,0.00432686,-0.915698,0.00675472,1.83486,1.10227,0.000491371,0.152884,0.000893942,0.0013458,0.000357575,0.00070108,0.152884,2.62743,7.13819e-07,3.45913,0.36304
2075.5417,292.96,292.735,3.32865,0.187571,1.4024,0.00813039,0.00522433,0.00263641,0.00290607,1.405e-07,2.65808e-05,1.13453e-07,4.83998e-09,1.63338e-05,0.00345968,0.330602,206.393,0.107092,0.000912323,2.65727e-09,7.65448e-07,1.18986e-05,1.01868e-17,4.49478e-05,4.00171e-05,1.51074e-06,1.30964e-21,3.39281e-06,2.96827e-06,7.94456,86.7003,4.44441,0.377762,76.2815,0.371433,5.29487,0.00584558,0.371433,2.09645,0.079985,-0.290018,0.534512,0.00681231,-0.915641,0.00928588,0.00810698,0.00884365,0.00431406,-0.915641,0.00681022,1.83488,1.10228,0.000462593,0.152876,0.000928588,0.00135116,0.000371434,0.000699009,0.152876,2.01261,7.68105e-07,3.50016,0.377279
2075.6250,287.4,287.583,3.38244,0.225381,0.521497,0.00415307,0.00408915,0.0025352,6.39198e-05,5.28316e-08,1.27742e-05,4.28734e-08,1.31916e-09,1.18923e-05,0.00348217,0.155838,152.867,0.0532048,0.000921964,5.14034e-10,7.78389e-07,1.6138e-05,9.88741e-18,4.84884e-05,1.67579e-05,2.61272e-06,1.2722e-21,3.29897e-06,1.27996e-06,7.96882,86.6964,4.45852,0.359781,76.2781,0.376809,5.30623,0.00595499,0.376809,2.08968,0.0802924,-0.289958,0.534807,0.00646139,-0.915819,0.00942026,0.00812373,0.00897164,0.00430014,-0.915819,0.00683318,1.83491,1.10232,0.000438421,0.152861,0.000942026,0.00135395,0.000376809,0.000696754,0.152861,1.04174,7.78903e-07,3.5103,0.382764
2075.7083,274.056,275.076,1.8543,0.262859,0.0953086,0.000724257,0.00217257,0.00142156,-0.00144831,3.0868e-09,1.06204e-06,2.52685e-09,4.69454e-11,1.71702e-06,0.000663867,0.0134933,21.9395,0.00422017,0.000911465,1.01997e-11,7.55376e-07,4.26423e-06,9.67768e-18,2.92875e-05,3.25483e-06,8.39886e-07,1.24595e-21,1.80915e-06,3.01999e-07,7.92796,86.6386,4.44913,0.351333,76.2739,0.370675,5.302,0.00570994,0.370675,2.08547,0.0799803,-0.289987,0.535544,0.00629418,-0.916096,0.00926691,0.00811885,0.00882558,0.00429151,-0.916096,0.0068112,1.83493,1.10239,0.000428011,0.152846,0.000926691,0.00135314,0.000370675,0.000695349,0.152846,0.55144,7.55386e-07,3.47883,0.376384
2075.7917,269.065,269.501,0,0.192504,0,0,0.00130656,0.00014579,-0.00130656,0,0,0,0,0,0,0,0,0,0.000895383,0,7.19013e-07,4.01925e-24,1.04565e-17,3.77785e-06,2.35734e-06,1.07216e-24,1.34528e-21,1.52612e-07,2.35734e-07,7.8786,86.6188,4.43305,0.376118,76.2728,0.361362,5.2932,0.00537762,0.361362,2.09126,0.0794953,-0.289617,0.535962,0.00680324,-0.916181,0.0090341,0.00810752,0.00860386,0.0043036,-0.916181,0.00677669,1.83495,1.10241,0.000464095,0.152843,0.00090341,0.00135125,0.000361362,0.00069728,0.152843,0.353616,7.19013e-07,3.44555,0.36674
2075.8750,269.899,270.136,0,0.192496,0,0,0.00121236,0.000137573,-0.00121236,0,0,0,0,0,0,0,0,0,0.000879632,0,6.75572e-07,6.05361e-43,1.06569e-17,2.17948e-06,2.29788e-06,2.42425e-43,1.37007e-21,1.15951e-07,2.29789e-07,7.83525,86.6184,4.41714,0.410397,76.273,0.352248,5.28436,0.00506366,0.352248,2.09976,0.0790181,-0.289229,0.536093,0.00751279,-0.916174,0.00880625,0.00809602,0.00838687,0.00432126,-0.916174,0.00674268,1.83498,1.10242,0.000513191,0.152844,0.000880625,0.00134934,0.000352248,0.000700113,0.152844,0.174554,6.75572e-07,3.41812,0.357312
2075.9583,270.17,270.383,0,0.192496,0,0,0.00116138,0.000143811,-0.00116138,0,0,0,0,0,0,0,0,0,0.000864016,0,6.35473e-07,0,1.06949e-17,1.52236e-06,2.23899e-06,0,1.37397e-21,1.05725e-07,2.23899e-07,7.79132,86.6171,4.40121,0.443662,76.2737,0.34322,5.27539,0.00476328,0.34322,2.1084,0.0785428,-0.288844,0.536192,0.00820106,-0.91612,0.00858054,0.00808422,0.0081719,0.00433917,-0.91612,0.00670875,1.835,1.10242,0.000561009,0.152846,0.000858054,0.00134737,0.00034322,0.000702993,0.152846,0.254333,6.35473e-07,3.39011,0.347983
2076.0417,269.895,270.049,0,0.192496,0,0,0.00117189,0.000136851,-0.00117189,0,0,0,0,0,0,0,0,0,0.000849514,0,5.98835e-07,0,1.07831e-17,8.50915e-07,2.18433e-06,0,1.38437e-21,8.95415e-08,2.18433e-07,7.75088,86.6164,4.38628,0.47421,76.2747,0.334842,5.26687,0.00449388,0.334842,2.11662,0.0780992,-0.288487,0.536267,0.00883342,-0.916044,0.00837108,0.00807291,0.00797242,0.00435618,-0.916044,0.00667705,1.83502,1.10242,0.000605029,0.152849,0.000837109,0.00134548,0.000334842,0.000705734,0.152849,0.185967,5.98835e-07,3.36461,0.339336
2076.1250,270.041,270.155,0,0.192496,0,0,0.00119428,0.000139032,-0.00119428,0,0,0,0,0,0,0,0,0,0.000835361,0,5.63389e-07,0,1.08079e-17,5.06462e-07,2.13104e-06,0,1.38664e-21,8.41542e-08,2.13104e-07,7.70995,86.6145,4.37156,0.503796,76.2759,0.326671,5.25836,0.00423995,0.326671,2.12485,0.0776643,-0.288139,0.536326,0.00944647,-0.915949,0.00816682,0.00806152,0.00777789,0.00437317,-0.915949,0.00664592,1.83504,1.10242,0.000647749,0.152852,0.000816682,0.00134359,0.000326671,0.000708476,0.152852,0.313175,5.63389e-07,3.33838,0.330911
2076.2083,272.772,272.572,0.205867,0.518405,0.0494091,0.000481769,0.00157183,0.00114398,-0.00109006,2.9202e-09,7.50237e-07,2.50674e-09,3.95559e-12,8.02938e-07,0.000221667,0.001492,9.0102,0.00301623,0.000821098,3.00958e-13,5.45846e-07,4.22221e-05,1.02582e-17,-2.16614e-05,2.81905e-06,2.53933e-06,1.31649e-21,7.39818e-07,2.6148e-07,7.66319,86.5982,4.3566,0.5182,76.2845,0.318444,5.2496,0.00399278,0.318444,2.13228,0.0772239,-0.2882,0.535694,0.00972144,-0.915227,0.00796113,0.00804968,0.00758199,0.00438847,-0.915227,0.00661436,1.83506,1.10243,0.000666194,0.152876,0.000796113,0.00134161,0.000318443,0.000710953,0.152876,0.791278,5.45846e-07,3.3066,0.322436
2076.2917,285.001,283.753,2.79355,0.304121,1.33565,0.00998573,0.00366163,0.00362428,0.0063241,1.32055e-07,2.44733e-05,1.11837e-07,1.745e-09,1.5723e-05,0.00357461,0.139858,176.593,0.0934097,0.000818809,5.80617e-10,5.6496e-07,4.92917e-05,8.33532e-18,3.63803e-05,3.53941e-05,8.26069e-06,1.07537e-21,4.08843e-06,2.6307e-06,7.66301,86.5607,4.35648,0.460689,76.3078,0.317032,5.25129,0.00399667,0.317032,2.12917,0.0772072,-0.289882,0.533326,0.00843045,-0.913228,0.00792584,0.00805225,0.00754838,0.0043819,-0.913228,0.00661355,1.83508,1.10248,0.00057918,0.152938,0.000792584,0.00134204,0.000317032,0.000709918,0.152938,1.83325,5.65541e-07,3.30653,0.321029
2076.3750,291.749,290.663,2.95513,0.184128,2.2025,0.0139517,0.00524765,0.0028661,0.00870409,2.48947e-07,4.01141e-05,2.06001e-07,6.40066e-09,2.00545e-05,0.00390941,0.321571,235.277,0.149055,0.000848262,3.00385e-09,6.35123e-07,8.96646e-06,8.65961e-18,4.82111e-05,6.56825e-05,1.46142e-06,1.12002e-21,3.61352e-06,4.84301e-06,7.8003,86.6389,4.39632,0.407162,76.3109,0.333636,5.28149,0.00463982,0.333636,2.12057,0.0783033,-0.290246,0.532595,0.00733872,-0.912847,0.00834094,0.00809443,0.00794371,0.00436396,-0.912847,0.00669385,1.8351,1.10249,0.000505884,0.152941,0.000834094,0.00134907,0.000333636,0.000707049,0.152941,2.6545,6.38127e-07,3.40399,0.338276
2076.4583,294.157,293.276,3.16363,0.265583,1.55496,0.0111029,0.00580434,0.00363681,0.00529853,1.90121e-07,3.36528e-05,1.55196e-07,6.18496e-09,1.81033e-05,0.00387895,0.365997,228.209,0.126755,0.000885886,3.41418e-09,7.16953e-07,6.30952e-05,8.49106e-18,7.05476e-05,5.21804e-05,9.13515e-06,1.10011e-21,4.79675e-06,3.86124e-06,7.962,86.758,4.44691,0.375039,76.308,0.354843,5.31969,0.00542136,0.354843,2.11297,0.0796582,-0.290655,0.531615,0.00669761,-0.912975,0.00887111,0.00814799,0.00844863,0.00434822,-0.912975,0.00679318,1.83512,1.10247,0.00046274,0.152928,0.000887111,0.001358,0.000354843,0.000704517,0.152928,2.63833,7.20367e-07,3.5151,0.360264
2076.5417,292.812,292.584,3.29682,0.274292,1.3296,0.00856858,0.00562715,0.00359707,0.00294144,1.35938e-07,2.61666e-05,1.09941e-07,4.65746e-09,1.52521e-05,0.00337601,0.312797,199.236,0.100344,0.000909812,2.53838e-09,7.77097e-07,6.35175e-05,7.99829e-18,8.57281e-05,3.85379e-05,9.05101e-06,1.04107e-21,4.94793e-06,2.86882e-06,8.05509,86.7792,4.48085,0.331408,76.2954,0.368248,5.34638,0.00589903,0.368248,2.0973,0.0805269,-0.292477,0.530718,0.00583824,-0.913876,0.00920624,0.00818587,0.00876781,0.00431582,-0.913876,0.00685715,1.83515,1.10253,0.000404426,0.152886,0.000920624,0.00136431,0.000368248,0.000699294,0.152886,1.9492,7.79636e-07,3.57424,0.374147
2076.6250,288.131,288.148,3.3314,0.244353,0.812005,0.00474632,0.00449613,0.00274486,0.000250191,5.81944e-08,1.40675e-05,4.73705e-08,1.44295e-09,1.16399e-05,0.0033017,0.163193,154.087,0.0563841,0.000916249,5.37971e-10,7.8927e-07,2.63699e-05,7.94199e-18,6.79684e-05,1.8062e-05,3.65291e-06,1.03561e-21,3.74395e-06,1.37728e-06,8.07833,86.7555,4.49303,0.309353,76.2821,0.371713,5.35772,0.00600697,0.371713,2.08575,0.0807988,-0.293535,0.530883,0.00540833,-0.914918,0.00929286,0.00820259,0.0088503,0.004292,-0.914918,0.00687766,1.83517,1.10261,0.000375654,0.152846,0.000929286,0.0013671,0.000371713,0.000695444,0.152846,1.14908,7.89808e-07,3.58529,0.37772
2076.7083,275.384,276.484,1.53021,0.267292,0.0796402,0.000650676,0.00225241,0.00138941,-0.00160173,1.36964e-09,5.81161e-07,1.11702e-09,2.74199e-11,1.32308e-06,0.000579437,0.0136524,17.3436,0.00203563,0.000906045,7.81549e-12,7.6554e-07,4.6232e-06,8.13728e-18,3.63042e-05,2.75244e-06,7.04233e-07,1.06054e-21,1.84834e-06,2.64942e-07,8.03762,86.6956,4.48433,0.304821,76.2728,0.365732,5.35418,0.00577619,0.365732,2.08036,0.0805097,-0.293562,0.531988,0.0053252,-0.915666,0.00914335,0.00819869,0.00870791,0.00428095,-0.915666,0.00685736,1.83519,1.10268,0.000370591,0.152819,0.000914335,0.00136645,0.000365732,0.000693648,0.152819,0.495184,7.65547e-07,3.55329,0.371508
2076.7917,268.426,269.275,0,0.187049,0,0,0.00135497,0.000284565,-0.00135497,0,0,0,0,0,0,0,0,0,0.000890123,0,7.24958e-07,2.87335e-11,8.68344e-18,8.68159e-06,2.32575e-06,6.64084e-12,1.13041e-21,3.4193e-07,2.32575e-07,7.98706,86.6727,4.46826,0.329661,76.2699,0.356519,5.34526,0.00543929,0.356519,2.08608,0.0800273,-0.293197,0.53258,0.00583204,-0.915929,0.00891302,0.00818721,0.00848855,0.00429289,-0.915929,0.00682299,1.83522,1.10271,0.000407062,0.152812,0.000891302,0.00136454,0.000356519,0.000695553,0.152812,0.271687,7.24958e-07,3.51881,0.361959
2076.8750,267.806,268.269,0,0.18611,0,0,0.00111572,5.21968e-05,-0.00111572,0,0,0,0,0,0,0,0,0,0.000874571,0,6.78867e-07,3.45964e-33,9.38814e-18,1.96788e-06,2.26709e-06,8.93996e-34,1.22117e-21,6.10709e-08,2.26709e-07,7.94361,86.6721,4.4524,0.364541,76.2693,0.347527,5.33634,0.00512173,0.347527,2.09463,0.0795538,-0.292813,0.532755,0.00655585,-0.915989,0.00868823,0.0081756,0.00827446,0.00431065,-0.915989,0.00678921,1.83524,1.10271,0.00045664,0.152811,0.000868823,0.0013626,0.000347528,0.000698402,0.152811,0.123955,6.78867e-07,3.49121,0.352649
2076.9583,267.001,267.478,0,0.18611,0,0,0.000978494,4.6196e-05,-0.000978494,0,0,0,0,0,0,0,0,0,0.000859154,0,6.30875e-07,3.62936e-43,9.66619e-18,1.32878e-06,2.20898e-06,1.20512e-43,1.25646e-21,4.45877e-08,2.20898e-07,7.90242,86.6761,4.43652,0.401011,76.2691,0.33862,5.32728,0.00481791,0.33862,2.10359,0.0790821,-0.292433,0.532849,0.00731696,-0.91601,0.00846555,0.00816369,0.00806238,0.00432923,-0.91601,0.0067555,1.83526,1.10271,0.000508187,0.15281,0.000846555,0.00136061,0.00033862,0.000701389,0.15281,0.0796511,6.30875e-07,3.46589,0.343438
2077.0417,268.565,268.764,0,0.18611,0,0,0.00122213,3.9384e-05,-0.00122213,0,0,0,0,0,0,0,0,0,0.000844835,0,5.89459e-07,0,1.00644e-17,6.91636e-07,2.15506e-06,0,1.30739e-21,2.8867e-08,2.15506e-07,7.86282,86.679,4.42164,0.434865,76.2692,0.330354,5.31868,0.00454542,0.330354,2.11212,0.078642,-0.29208,0.532917,0.00802433,-0.916011,0.00825889,0.00815227,0.00786557,0.00434688,-0.916011,0.00672401,1.83528,1.10271,0.000556103,0.152811,0.000825889,0.00135871,0.000330354,0.000704233,0.152811,0.135194,5.89459e-07,3.44118,0.334899
2077.1250,270.195,270.314,0,0.18611,0,0,0.00126771,4.31934e-05,-0.00126771,0,0,0,0,0,0,0,0,0,0.000830861,0,5.60027e-07,0,1.00805e-17,5.29383e-07,2.10248e-06,0,1.30867e-21,2.64994e-08,2.10248e-07,7.8179,86.6756,4.40697,0.467722,76.2694,0.322293,5.31009,0.00428858,0.322293,2.12064,0.0782103,-0.291737,0.532974,0.00871153,-0.915997,0.00805737,0.00814076,0.00767365,0.00436448,-0.915997,0.00669307,1.8353,1.10271,0.00060274,0.152811,0.000805737,0.00135679,0.000322293,0.000707073,0.152811,0.368813,5.60027e-07,3.41093,0.326582
2077.2083,273.996,273.461,0.96812,0.483529,0.232549,0.0019328,0.0017982,0.00176415,0.000134597,1.20805e-08,2.98315e-06,1.03221e-08,3.95963e-11,2.79297e-06,0.000857596,0.0114319,31.7996,0.0113553,0.000817015,6.68222e-12,5.3746e-07,5.60925e-05,9.36102e-18,-2.86537e-05,5.07122e-06,5.71492e-06,1.21589e-21,1.15012e-06,4.24701e-07,7.77216,86.6574,4.39237,0.477113,76.2805,0.31431,5.30148,0.00404409,0.31431,2.12755,0.0777822,-0.291863,0.532162,0.00887687,-0.915063,0.0078578,0.00812915,0.00748358,0.0043787,-0.915063,0.00666237,1.83532,1.10272,0.000612408,0.152842,0.00078578,0.00135486,0.00031431,0.000709377,0.152842,0.680367,5.37466e-07,3.3798,0.318354
2077.2917,286.939,285.389,2.76876,0.280441,1.69789,0.0106614,0.00407771,0.00338256,0.00658366,1.51434e-07,2.78516e-05,1.27347e-07,2.26349e-09,1.65582e-05,0.00374612,0.187183,188.373,0.101768,0.000817566,8.68904e-10,5.62542e-07,3.75186e-05,7.71947e-18,4.49972e-05,3.96131e-05,6.38453e-06,1.00801e-21,3.93532e-06,2.94519e-06,7.78834,86.6252,4.39679,0.40939,76.3052,0.314468,5.30703,0.00413405,0.314468,2.12228,0.0778926,-0.293555,0.52976,0.00738443,-0.91296,0.00786174,0.00813709,0.00748733,0.00436763,-0.91296,0.00667087,1.83534,1.10277,0.000512192,0.152909,0.000786174,0.00135618,0.000314468,0.000707619,0.152909,2.17915,5.63411e-07,3.39154,0.318602
2077.3750,294.017,292.767,2.9313,0.223131,2.29848,0.0146845,0.00583236,0.00338189,0.00885217,2.61678e-07,4.22277e-05,2.14785e-07,7.82171e-09,1.96789e-05,0.00377585,0.387673,234.605,0.150446,0.000847504,4.25312e-09,6.51956e-07,2.50701e-05,7.85396e-18,6.38129e-05,6.78568e-05,3.32686e-06,1.02757e-21,4.33314e-06,5.01459e-06,7.94108,86.7219,4.4406,0.363108,76.3048,0.331197,5.34223,0.00488307,0.331197,2.11295,0.0790812,-0.293913,0.529118,0.00645102,-0.912912,0.00827996,0.00818625,0.00788564,0.00434822,-0.912912,0.00675821,1.83536,1.10277,0.000448883,0.152904,0.000827996,0.00136438,0.000331197,0.000704509,0.152904,3.13841,6.56209e-07,3.50048,0.33608
2077.4583,294.721,294.141,3.16119,0.274671,2.02598,0.0130958,0.00628673,0.00370911,0.00680906,2.30075e-07,3.89833e-05,1.86328e-07,8.30063e-09,1.80733e-05,0.00362621,0.412983,233.466,0.139542,0.00088932,4.91329e-09,7.59935e-07,6.80117e-05,7.69838e-18,8.58473e-05,6.19214e-05,9.39908e-06,1.00967e-21,4.99244e-06,4.58453e-06,8.13798,86.8551,4.50082,0.322281,76.2955,0.354591,5.39011,0.00587053,0.354591,2.09939,0.0806593,-0.294823,0.528142,0.00564913,-0.913593,0.00886483,0.00825333,0.00844265,0.00432014,-0.913593,0.00687423,1.83538,1.10276,0.000393748,0.152874,0.000886483,0.00137555,0.000354591,0.000699988,0.152874,2.98652,7.64848e-07,3.63715,0.360462
2077.5417,293.406,292.959,3.30488,0.255725,1.64126,0.00903415,0.00588826,0.0032738,0.00314589,1.41943e-07,2.77597e-05,1.14418e-07,4.82751e-09,1.49653e-05,0.00333945,0.322958,202.217,0.10207,0.000915372,2.60803e-09,8.21215e-07,4.83433e-05,7.44765e-18,8.47482e-05,3.99592e-05,6.62414e-06,9.79995e-22,4.47454e-06,2.98014e-06,8.25481,86.9113,4.5407,0.292039,76.2799,0.369056,5.42314,0.00646517,0.369056,2.08454,0.0816486,-0.296477,0.52736,0.00506185,-0.914837,0.00922645,0.00830018,0.00878706,0.00428952,-0.914837,0.0069473,1.83541,1.1028,0.000353716,0.152828,0.000922645,0.00138336,0.000369056,0.000695041,0.152828,2.16326,8.23823e-07,3.71412,0.375522
2077.6250,285.724,286.151,3.33771,0.219199,0.651981,0.00426485,0.00406609,0.00228573,0.000198757,4.89474e-08,1.24317e-05,3.96235e-08,1.23126e-09,1.06123e-05,0.00335105,0.1415,145.021,0.0474724,0.000921633,4.92044e-10,8.35933e-07,8.81656e-06,7.59788e-18,5.90409e-05,1.54878e-05,1.39592e-06,9.9976e-22,3.04426e-06,1.19292e-06,8.28168,86.9017,4.55438,0.279232,76.2663,0.372344,5.43666,0.00659131,0.372344,2.07447,0.0819368,-0.296935,0.528009,0.00481595,-0.915966,0.00930863,0.00832013,0.00886532,0.00426884,-0.915966,0.00696916,1.83543,1.10286,0.000337214,0.15279,0.000930863,0.00138669,0.000372344,0.000691684,0.15279,0.961525,8.36425e-07,3.7273,0.378935
2077.7083,279.036,279.737,2.76974,0.238409,0.170962,0.0011996,0.00287746,0.00181882,-0.00167786,4.77564e-09,1.68354e-06,3.8928e-09,7.41916e-11,2.59186e-06,0.00100493,0.0221622,34.9033,0.00631981,0.000910309,1.66789e-11,8.03277e-07,1.03694e-05,7.56594e-18,4.53756e-05,3.65526e-06,1.69906e-06,9.94737e-22,2.35758e-06,3.30483e-07,8.23699,86.8424,4.54459,0.277502,76.2582,0.365715,5.43254,0.0063166,0.365715,2.06975,0.0816133,-0.296812,0.529189,0.00478705,-0.916661,0.00914292,0.00831563,0.0087075,0.00425922,-0.916661,0.00694636,1.83546,1.10293,0.00033528,0.152768,0.000914292,0.00138594,0.000365715,0.00069011,0.152768,0.572304,8.03293e-07,3.6924,0.372032
2077.7917,268.992,269.785,0,0.155155,0,0,0.00144401,0.000297288,-0.00144401,0,0,0,0,0,0,0,0,0,0.000894495,0,7.64392e-07,3.92347e-09,8.04104e-18,1.03734e-05,2.32605e-06,9.1827e-10,1.05627e-21,3.71601e-07,2.32605e-07,8.18276,86.8058,4.52857,0.296272,76.2538,0.356566,5.4236,0.00595072,0.356566,2.07298,0.0811329,-0.296593,0.529891,0.00517129,-0.917054,0.00891421,0.00830433,0.00848968,0.00426607,-0.917054,0.00691212,1.83548,1.10297,0.000362844,0.152757,0.000891421,0.00138405,0.000356567,0.000691187,0.152757,0.341839,7.64392e-07,3.65419,0.362517
2077.8750,270.475,270.795,0,0.154876,0,0,0.00134931,0.000196187,-0.00134931,0,0,0,0,0,0,0,0,0,0.000878934,0,7.23762e-07,3.26945e-17,8.28563e-18,5.04788e-06,2.26739e-06,8.17839e-18,1.08736e-21,2.00684e-07,2.26739e-07,8.13423,86.798,4.51261,0.329363,76.2531,0.347574,5.41455,0.00560331,0.347574,2.0814,0.0806575,-0.296208,0.530136,0.00585173,-0.917136,0.00868938,0.00829271,0.00827556,0.00428362,-0.917136,0.00687818,1.8355,1.10298,0.000410183,0.152756,0.000868938,0.00138212,0.000347574,0.000693993,0.152756,0.435451,7.23762e-07,3.62162,0.353177
2077.9583,267.387,267.924,0,0.154876,0,0,0.00117679,0.000103524,-0.00117679,0,0,0,0,0,0,0,0,0,0.000863507,0,6.88945e-07,1.4534e-29,8.71161e-18,2.21733e-06,2.20928e-06,3.59785e-30,1.14228e-21,9.47624e-08,2.20928e-07,8.08915,86.7951,4.49663,0.362705,76.2531,0.338665,5.40536,0.00527092,0.338665,2.09015,0.0801839,-0.295826,0.530297,0.00653961,-0.917148,0.00846667,0.00828079,0.00806345,0.00430183,-0.917148,0.00684433,1.83552,1.10298,0.000457762,0.152757,0.000846667,0.00138013,0.000338665,0.00069691,0.152757,0.540328,6.88945e-07,3.59252,0.343936
2078.0417,269.365,269.577,0,0.154876,0,0,0.00127769,7.14889e-05,-0.00127769,0,0,0,0,0,0,0,0,0,0.00084918,0,6.59057e-07,0,9.08267e-18,1.00244e-06,2.15535e-06,0,1.1901e-21,5.28037e-08,2.15535e-07,8.04541,86.793,4.48165,0.395609,76.2533,0.330398,5.39663,0.0049728,0.330398,2.09871,0.0797419,-0.295472,0.530382,0.00722342,-0.917138,0.00825999,0.00826934,0.00786662,0.00431958,-0.917138,0.00681269,1.83554,1.10298,0.000504341,0.152758,0.000825999,0.00137822,0.000330398,0.000699763,0.152758,0.229822,6.59057e-07,3.56376,0.335371
2078.1250,269.809,269.948,0.140387,0.182121,0.0103731,8.91202e-05,0.00137994,0.000288352,-0.00129082,0,0,0,0,0,0,0,0,0,0.000835197,0,6.26224e-07,4.63577e-06,9.18453e-18,-9.09423e-06,2.10275e-06,2.39072e-07,1.20265e-21,1.03145e-07,2.10276e-07,7.99895,86.7871,4.46688,0.426788,76.2542,0.322336,5.38791,0.00469181,0.322336,2.10725,0.0793084,-0.295136,0.530419,0.00787136,-0.917071,0.00805844,0.00825781,0.00767466,0.00433726,-0.917071,0.00678161,1.83556,1.10298,0.000548463,0.152761,0.000805844,0.0013763,0.000322336,0.00070261,0.152761,0.545878,6.26224e-07,3.53207,0.327028
2078.2083,278.349,277.177,2.64013,0.303001,0.558718,0.00473804,0.00253594,0.00259212,0.00220209,3.1753e-08,8.35694e-06,2.70709e-08,1.38745e-10,7.92397e-06,0.00262402,0.0398846,95.6684,0.0302033,0.000822861,2.58639e-11,6.1423e-07,4.23349e-05,8.1872e-18,3.20573e-06,1.00156e-05,4.15185e-06,1.07441e-21,2.35717e-06,7.8633e-07,7.95659,86.7415,4.45439,0.397442,76.2775,0.315202,5.38096,0.00446433,0.315202,2.11001,0.0789398,-0.29589,0.528749,0.00720505,-0.915126,0.00788008,0.00824862,0.0075048,0.00434292,-0.915126,0.00675522,1.83558,1.10301,0.000501363,0.152825,0.000788008,0.00137477,0.000315202,0.000703531,0.152825,0.943619,6.14256e-07,3.50219,0.319666
2078.2917,288.608,287.22,2.78673,0.245844,1.63515,0.0103286,0.00443638,0.00304421,0.00589221,1.52214e-07,2.9048e-05,1.27102e-07,2.82612e-09,1.63582e-05,0.00384222,0.223327,195.364,0.101104,0.000825263,1.21791e-09,6.39303e-07,1.8506e-05,7.34858e-18,5.29702e-05,3.96345e-05,2.7962e-06,9.66382e-22,3.70806e-06,2.95685e-06,7.98831,86.732,4.46297,0.356125,76.2835,0.316327,5.39064,0.00462498,0.316327,2.10408,0.079155,-0.296226,0.528583,0.0063205,-0.914615,0.00790822,0.00826245,0.00753159,0.00433054,-0.914615,0.00677152,1.8356,1.10306,0.00044233,0.152842,0.000790822,0.00137708,0.000316327,0.000701554,0.152842,2.20432,6.40521e-07,3.52534,0.320952
2078.3750,294.688,293.551,2.92642,0.195387,2.43052,0.0144182,0.00603247,0.00293601,0.00838573,2.52908e-07,4.2389e-05,2.06104e-07,8.19371e-09,1.90508e-05,0.00382789,0.412327,235.74,0.14406,0.000851359,4.58539e-09,7.23477e-07,1.06561e-05,7.61909e-18,6.15904e-05,6.49736e-05,1.34196e-06,1.00282e-21,3.76865e-06,4.81995e-06,8.13808,86.8318,4.50585,0.319952,76.2791,0.3307,5.4277,0.00539012,0.3307,2.09466,0.080282,-0.296322,0.528428,0.00560175,-0.914945,0.00826755,0.00831436,0.00787382,0.00431099,-0.914945,0.00685476,1.83562,1.10306,0.000392781,0.152828,0.000826755,0.00138573,0.0003307,0.000698414,0.152828,3.07685,7.28062e-07,3.63223,0.33609
2078.4583,297.471,296.343,3.11821,0.170209,2.32293,0.0125792,0.00655292,0.00248713,0.00602626,2.14664e-07,3.81278e-05,1.7221e-07,8.31778e-09,1.76292e-05,0.00367656,0.466402,231.882,0.130582,0.000886763,5.41225e-09,8.20301e-07,9.42285e-06,7.99853e-18,5.21484e-05,5.67601e-05,1.17771e-06,1.05238e-21,3.19191e-06,4.2201e-06,8.32707,86.9887,4.56269,0.301381,76.2728,0.350247,5.47618,0.00636443,0.350247,2.08741,0.0817203,-0.296138,0.528052,0.00524267,-0.915449,0.00875622,0.00838245,0.00833922,0.00429604,-0.915449,0.00696101,1.83565,1.10302,0.000367571,0.152809,0.000875622,0.00139708,0.000350247,0.000695995,0.152809,3.07922,8.25714e-07,3.76439,0.356611
2078.5417,292.346,292.153,3.23452,0.169243,1.50019,0.00873149,0.00559953,0.00222514,0.00313196,1.34799e-07,2.7264e-05,1.08091e-07,4.59472e-09,1.45704e-05,0.0033856,0.312915,199.161,0.0957717,0.000908285,2.43472e-09,8.79756e-07,8.14416e-06,8.06569e-18,5.09286e-05,3.72343e-05,1.17837e-06,1.06144e-21,2.86975e-06,2.78884e-06,8.43405,87.0654,4.6002,0.286757,76.2652,0.361994,5.50968,0.00694379,0.361994,2.07935,0.0826101,-0.296226,0.527981,0.00496828,-0.916065,0.00904988,0.00843013,0.0086189,0.00427953,-0.916065,0.0070271,1.83567,1.10302,0.000347668,0.152787,0.000904988,0.00140502,0.000361994,0.000693309,0.152787,1.89188,8.82191e-07,3.83384,0.368937
2078.6250,287.334,287.503,3.2556,0.126019,0.724317,0.00448721,0.00423563,0.00140166,0.000251578,5.41258e-08,1.38805e-05,4.36998e-08,1.3394e-09,1.0862e-05,0.00324962,0.160898,149.54,0.0510645,0.000912617,5.03944e-10,8.76144e-07,3.63066e-09,8.31555e-18,2.75466e-05,1.64858e-05,1.21343e-09,1.09336e-21,1.69705e-06,1.26786e-06,8.46095,87.0889,4.61313,0.2889,76.2614,0.364114,5.52373,0.00705723,0.364114,2.07757,0.0828593,-0.295862,0.52837,0.00501871,-0.916385,0.00910289,0.00845098,0.00866938,0.00427609,-0.916385,0.00704622,1.83569,1.10303,0.000350807,0.152777,0.000910289,0.0014085,0.000364114,0.000692717,0.152777,0.867422,8.76648e-07,3.84782,0.371171
2078.7083,275.586,276.482,1.29555,0.184253,0.0697279,0.000613131,0.00231081,0.00110408,-0.00169768,1.57735e-09,7.74159e-07,1.28565e-09,2.42801e-11,1.67851e-06,0.000831438,0.0146252,22.9082,0.0024183,0.000901563,5.21469e-12,8.40691e-07,1.0015e-06,8.28107e-18,1.92871e-05,2.74433e-06,2.36629e-07,1.0881e-21,1.26658e-06,2.63002e-07,8.41704,87.055,4.60385,0.298074,76.2607,0.357629,5.5201,0.00676913,0.357629,2.07912,0.0825474,-0.295508,0.528916,0.00520513,-0.916456,0.00894077,0.00844732,0.00851498,0.00427952,-0.916456,0.00702426,1.83572,1.10306,0.00036328,0.152776,0.000894078,0.00140789,0.000357629,0.000693232,0.152776,0.57386,8.40696e-07,3.81318,0.364398
2078.7917,271.186,271.623,0,0.248354,0,0,0.00136308,0.000402112,-0.00136308,0,0,0,0,0,0,0,0,0,0.000885992,0,7.94005e-07,1.26052e-10,8.39605e-18,8.73999e-06,2.27431e-06,3.7713e-11,1.10228e-21,4.29481e-07,2.27431e-07,8.36424,87.0275,4.58781,0.317726,76.261,0.348634,5.51093,0.00637499,0.348634,2.08458,0.0820702,-0.295148,0.529347,0.00560132,-0.916457,0.0087159,0.00843585,0.00830081,0.00429103,-0.916457,0.00699018,1.83574,1.10309,0.000391419,0.152778,0.00087159,0.00140598,0.000348634,0.000695053,0.152778,0.157452,7.94005e-07,3.77643,0.355009
2078.8750,271.452,271.652,0,0.234202,0,0,0.0013546,0.000364197,-0.0013546,0,0,0,0,0,0,0,0,0,0.000870758,0,7.38366e-07,2.81292e-23,8.43013e-18,5.3504e-06,2.21695e-06,8.29909e-24,1.10569e-21,3.35309e-07,2.21695e-07,8.31904,87.0182,4.57194,0.345011,76.2616,0.339841,5.50173,0.0060028,0.339841,2.09258,0.0816008,-0.294769,0.529594,0.00615524,-0.916427,0.00849607,0.00842417,0.00809146,0.00430776,-0.916427,0.00695661,1.83576,1.1031,0.000430804,0.15278,0.000849608,0.00140403,0.000339841,0.00069772,0.15278,0.219696,7.38366e-07,3.7471,0.345844
2078.9583,268.961,269.347,0,0.234202,0,0,0.00112735,0.000259537,-0.00112735,0,0,0,0,0,0,0,0,0,0.000855655,0,6.918e-07,1.84343e-25,8.57903e-18,2.50597e-06,2.16013e-06,5.27009e-26,1.12418e-21,2.19874e-07,2.16013e-07,8.27326,87.0085,4.55605,0.371104,76.2633,0.331131,5.49239,0.00564672,0.331131,2.10085,0.0811331,-0.294395,0.529766,0.00668535,-0.916304,0.00827831,0.00841218,0.00788407,0.00432499,-0.916304,0.00692311,1.83578,1.1031,0.000468317,0.152786,0.000827832,0.00140203,0.000331131,0.000700475,0.152786,0.140182,6.918e-07,3.71721,0.336778
2079.0417,270.361,270.493,0,0.234225,0,0,0.0013699,0.000149773,-0.0013699,0,0,0,0,0,0,0,0,0,0.000841628,0,6.50275e-07,0,8.76431e-18,3.93269e-07,2.1074e-06,0,1.14763e-21,1.05154e-07,2.1074e-07,8.22972,87.0033,4.54114,0.399756,76.2645,0.323048,5.48352,0.00532734,0.323048,2.10926,0.0806965,-0.294047,0.529844,0.00727628,-0.916206,0.00807624,0.00840066,0.00769161,0.00434248,-0.916206,0.0068918,1.8358,1.10311,0.00050882,0.15279,0.000807624,0.00140011,0.000323048,0.000703279,0.15279,0.281496,6.50275e-07,3.68858,0.328375
2079.1250,270.844,270.911,0,0.293574,0,0,0.00141538,0.000311507,-0.00141538,0,0,0,0,0,0,0,0,0,0.000827938,0,6.16666e-07,1.01111e-08,8.75861e-18,-5.4221e-06,2.05598e-06,5.99216e-10,1.14609e-21,1.73309e-07,2.05598e-07,8.1822,86.9935,4.52644,0.42692,76.2666,0.315165,5.47467,0.00502632,0.315165,2.11772,0.0802682,-0.293712,0.529863,0.00783635,-0.91604,0.00787917,0.00838905,0.00750393,0.00436003,-0.91604,0.00686104,1.83582,1.10311,0.000547092,0.152796,0.000787917,0.00139817,0.000315165,0.000706098,0.152796,0.410971,6.16666e-07,3.65576,0.320191
2079.2083,276.186,275.615,1.41675,0.524274,0.309146,0.00294403,0.00219046,0.00214516,0.00075357,1.76005e-08,4.76458e-06,1.50611e-08,7.1792e-11,4.75483e-06,0.00154265,0.0196542,55.2684,0.017424,0.000814829,1.03503e-11,6.00066e-07,6.80618e-05,7.82112e-18,3.21507e-06,6.34866e-06,6.47349e-06,1.02574e-21,1.96147e-06,5.17228e-07,8.13232,86.9553,4.51248,0.419487,76.281,0.307613,5.46633,0.00475132,0.307613,2.12251,0.0798593,-0.294551,0.528419,0.0076437,-0.914843,0.00769037,0.00837806,0.00732412,0.00436992,-0.914843,0.00683166,1.83584,1.10313,0.000532911,0.152836,0.000769037,0.00139634,0.000307613,0.000707694,0.152836,0.888103,6.00076e-07,3.61984,0.312364
2079.2917,288.354,287.015,2.71477,0.20328,1.7161,0.0105315,0.00436072,0.00274331,0.00617073,1.49022e-07,2.82951e-05,1.24761e-07,2.87187e-09,1.62709e-05,0.00371537,0.218469,188.033,0.0986742,0.000817429,1.2257e-09,6.25788e-07,6.66817e-06,7.43208e-18,4.40113e-05,3.82728e-05,1.14194e-06,9.78359e-22,3.2723e-06,2.85529e-06,8.15493,86.9375,4.52091,0.374133,76.2906,0.30887,5.47566,0.00489103,0.30887,2.11785,0.0800157,-0.295583,0.527408,0.00666596,-0.914033,0.00772179,0.00839147,0.00735404,0.0043602,-0.914033,0.00684358,1.83586,1.10318,0.000468012,0.152862,0.000772179,0.00139858,0.00030887,0.000706142,0.152862,2.17974,6.27014e-07,3.63402,0.313761
2079.3750,295.888,294.585,2.86307,0.180621,2.68996,0.0142767,0.00616046,0.00291044,0.0081162,2.4671e-07,4.1423e-05,2.01222e-07,8.75281e-09,1.93266e-05,0.00387736,0.444167,233.027,0.141136,0.000845182,5.24654e-09,7.13876e-07,1.44959e-05,7.74919e-18,5.43857e-05,6.26936e-05,1.66698e-06,1.0208e-21,3.6596e-06,4.65065e-06,8.28988,87.0329,4.56567,0.34163,76.2897,0.324193,5.51393,0.00567103,0.324193,2.11163,0.0810685,-0.295476,0.527162,0.00601364,-0.914068,0.00810486,0.00844516,0.00771887,0.00434732,-0.914068,0.00692129,1.83588,1.10317,0.000423207,0.152858,0.000810486,0.00140753,0.000324193,0.000704071,0.152858,3.39123,7.19122e-07,3.72421,0.329864
2079.4583,294.382,293.708,3.04374,0.137231,1.67816,0.0107831,0.00553368,0.00183968,0.00524945,1.82567e-07,3.43949e-05,1.4763e-07,6.60222e-09,1.76761e-05,0.00387434,0.399162,227.154,0.119312,0.000878669,3.78318e-09,8.00405e-07,1.99901e-07,8.16186e-18,3.32177e-05,4.82754e-05,2.9624e-08,1.07529e-21,2.27792e-06,3.59469e-06,8.44655,87.1636,4.61925,0.323811,76.2864,0.342687,5.55953,0.0065667,0.342687,2.10681,0.0823079,-0.295368,0.526636,0.00566485,-0.914314,0.00856722,0.00850934,0.00815922,0.00433743,-0.914314,0.00701284,1.8359,1.10314,0.00039894,0.152847,0.000856723,0.00141822,0.000342687,0.000702462,0.152847,2.12605,8.04188e-07,3.82731,0.349254
2079.5417,292.113,291.84,3.15244,0.254776,1.04804,0.00823268,0.00557779,0.00311596,0.00265488,1.26822e-07,2.60561e-05,1.02531e-07,4.17203e-09,1.45008e-05,0.0034462,0.292167,194.082,0.0919797,0.000898865,2.09032e-09,8.32667e-07,5.32195e-05,7.82194e-18,6.6892e-05,3.49234e-05,6.258e-06,1.03171e-21,4.05391e-06,2.61743e-06,8.53803,87.2262,4.65434,0.305869,76.2823,0.353716,5.59082,0.00708811,0.353716,2.10002,0.0830714,-0.295667,0.52622,0.00532274,-0.914604,0.00884294,0.00855399,0.00842181,0.00432355,-0.914604,0.00706955,1.83592,1.10314,0.00037385,0.152834,0.000884295,0.00142567,0.000353716,0.000700198,0.152834,1.90888,8.34758e-07,3.88369,0.360804
2079.6250,286.881,287.052,3.17349,0.261036,0.573839,0.00422932,0.00430445,0.00269481,-7.51286e-05,4.79907e-08,1.26475e-05,3.92243e-08,1.177e-09,1.0553e-05,0.00339079,0.144121,143.791,0.0463664,0.000903174,4.13497e-10,8.41365e-07,3.29013e-05,7.40327e-18,6.6869e-05,1.48542e-05,4.22421e-06,9.79017e-22,3.57562e-06,1.14686e-06,8.55499,87.1991,4.66677,0.283471,76.2713,0.355844,5.60421,0.00718161,0.355844,2.08931,0.0832794,-0.296873,0.526152,0.00488859,-0.915495,0.00889614,0.00857398,0.00847248,0.00430157,-0.915495,0.00708558,1.83595,1.10321,0.000343996,0.152802,0.000889614,0.001429,0.000355844,0.000696629,0.152802,1.03134,8.41779e-07,3.88821,0.363026
2079.7083,273.297,274.282,1.57309,0.2319,0.0618774,0.000498665,0.00212332,0.00124914,-0.00162466,8.82632e-10,3.86443e-07,7.25174e-10,1.47561e-11,8.0228e-07,0.000369692,0.00716073,10.8185,0.00128449,0.000892017,3.31308e-12,8.093e-07,2.98487e-06,7.50406e-18,2.97695e-05,2.50866e-06,4.10904e-07,9.92007e-22,1.56262e-06,2.44517e-07,8.5097,87.1416,4.65694,0.28218,76.2637,0.34932,5.59991,0.00687431,0.34932,2.08599,0.0829516,-0.296944,0.527085,0.00486708,-0.916142,0.00873304,0.00856941,0.00831714,0.00429492,-0.916142,0.00706239,1.83597,1.10328,0.000343162,0.152782,0.000873304,0.00142824,0.00034932,0.000695523,0.152782,0.459359,8.09304e-07,3.85276,0.356194
2079.7917,266.951,267.908,0,0.121186,0,0,0.00136309,0.000164624,-0.00136309,0,0,0,0,0,0,0,0,0,0.000876752,0,7.64846e-07,2.04464e-10,8.15343e-18,5.7045e-06,2.22133e-06,5.1599e-11,1.07672e-21,2.06144e-07,2.22133e-07,8.45661,87.1151,4.64095,0.304635,76.2621,0.340513,5.59057,0.00647305,0.340513,2.09182,0.0824803,-0.29659,0.527603,0.00532446,-0.916305,0.00851287,0.00855772,0.00810746,0.0043072,-0.916305,0.00702867,1.83599,1.1033,0.000375342,0.152778,0.000851287,0.00142629,0.000340513,0.000697467,0.152778,0.292081,7.64846e-07,3.81566,0.346986
2079.8750,269.182,269.533,0,0.0921657,0,0,0.00130632,5.13058e-05,-0.00130632,0,0,0,0,0,0,0,0,0,0.000861854,0,7.16306e-07,3.51349e-38,8.44967e-18,2.07687e-06,2.16531e-06,9.55211e-39,1.11501e-21,6.03742e-08,2.16531e-07,8.40913,87.1118,4.62518,0.340171,76.2615,0.331925,5.58124,0.00609514,0.331925,2.10101,0.082018,-0.29622,0.527733,0.00606132,-0.916359,0.00829817,0.00854588,0.00790298,0.00432638,-0.916359,0.00699555,1.83601,1.1033,0.000425316,0.152777,0.000829817,0.00142431,0.000331925,0.000700527,0.152777,0.185654,7.16306e-07,3.78396,0.33802
2079.9583,270.03,270.266,0,0.0921657,0,0,0.00119924,5.20105e-05,-0.00119924,0,0,0,0,0,0,0,0,0,0.000847083,0,6.71733e-07,8.59556e-42,8.4852e-18,1.74926e-06,2.10981e-06,2.42144e-42,1.11888e-21,5.31059e-08,2.10981e-07,8.36125,87.1084,4.60939,0.375518,76.2613,0.323418,5.57176,0.00573358,0.323418,2.11038,0.0815573,-0.295854,0.527837,0.00679544,-0.916389,0.00808548,0.00853371,0.00770042,0.00434591,-0.916389,0.00696249,1.83603,1.1033,0.000475103,0.152777,0.000808548,0.00142229,0.000323418,0.000703652,0.152777,0.206126,6.71733e-07,3.75186,0.329151
2080.0417,270.584,270.763,0,0.0921657,0,0,0.00124978,5.30855e-05,-0.00124978,0,0,0,0,0,0,0,0,0,0.000833365,0,6.29265e-07,0,8.53954e-18,1.50989e-06,2.05831e-06,0,1.12528e-21,4.80988e-08,2.05831e-07,8.31826,87.1069,4.59457,0.408184,76.2611,0.315523,5.56277,0.00540929,0.315523,2.11929,0.0811271,-0.295514,0.527925,0.00747444,-0.916405,0.00788811,0.00852203,0.00751245,0.00436443,-0.916405,0.00693159,1.83605,1.1033,0.000521246,0.152777,0.000788811,0.00142034,0.000315523,0.000706622,0.152777,0.149184,6.29265e-07,3.72369,0.320932
2080.1250,270.655,270.821,0,0.0921657,0,0,0.00123156,5.49675e-05,-0.00123156,0,0,0,0,0,0,0,0,0,0.000819975,0,5.92001e-07,0,8.57538e-18,1.36702e-06,2.00809e-06,0,1.12923e-21,4.55277e-08,2.00809e-07,8.27476,87.104,4.57996,0.4399,76.2611,0.307824,5.55378,0.00510364,0.307824,2.12818,0.0807051,-0.295183,0.528007,0.00813423,-0.916413,0.00769564,0.00851025,0.00732914,0.00438288,-0.916413,0.00690122,1.83607,1.10331,0.000566183,0.152777,0.000769564,0.00141837,0.000307824,0.000709586,0.152777,0.216697,5.92001e-07,3.6948,0.312927
2080.2083,274.836,274.207,0.650308,0.380529,0.305695,0.00200153,0.00206684,0.0017565,-6.53165e-05,1.96223e-08,4.21991e-06,1.67499e-08,1.0515e-10,3.34876e-06,0.000852281,0.022421,35.3979,0.0160743,0.000807026,2.48548e-11,5.64198e-07,5.45706e-05,8.1113e-18,-2.76627e-05,6.69339e-06,6.30994e-06,1.06832e-21,1.06684e-06,5.40518e-07,8.22762,87.0853,4.56581,0.451349,76.2706,0.30038,5.54507,0.00481851,0.30038,2.13572,0.0802939,-0.295213,0.527372,0.00834776,-0.915625,0.00750954,0.00849874,0.0071519,0.00439847,-0.915625,0.00687161,1.83609,1.10331,0.000579692,0.152803,0.000750954,0.00141646,0.00030038,0.000712098,0.152803,0.696977,5.64223e-07,3.66181,0.305198
2080.2917,287.436,286.05,2.66667,0.257403,1.59936,0.010302,0.00434404,0.00328244,0.00595799,1.47444e-07,2.68389e-05,1.23979e-07,2.44844e-09,1.6908e-05,0.00374336,0.190187,181.348,0.0985043,0.000813408,9.95462e-10,5.87584e-07,2.52852e-05,6.91878e-18,4.56484e-05,3.75609e-05,4.39455e-06,9.15581e-22,3.77966e-06,2.79252e-06,8.24239,87.0519,4.5772,0.382618,76.2959,0.303865,5.55534,0.00497835,0.303865,2.13099,0.0804647,-0.296733,0.525081,0.00683746,-0.913505,0.00759667,0.00851348,0.00723489,0.0043886,-0.913505,0.00688437,1.83611,1.10335,0.000479134,0.152873,0.000759667,0.00141891,0.000303865,0.000710523,0.152873,2.0915,5.88579e-07,3.66519,0.308844
2080.3750,295.257,293.632,2.85286,0.144563,2.25877,0.012729,0.00581558,0.00232313,0.00691338,2.23349e-07,3.71259e-05,1.82862e-07,7.05798e-09,1.96451e-05,0.00393707,0.394093,223.194,0.133789,0.000847789,4.01522e-09,6.63796e-07,7.56514e-07,7.37572e-18,4.2089e-05,5.68045e-05,1.15003e-07,9.76814e-22,2.86158e-06,4.20301e-06,8.36043,87.1266,4.62601,0.345682,76.2959,0.32314,5.59373,0.00575849,0.32314,2.12462,0.0814912,-0.296663,0.524847,0.00609077,-0.913467,0.00807854,0.00856735,0.00769381,0.00437537,-0.913467,0.00695972,1.83613,1.10335,0.000428703,0.152871,0.000807854,0.00142789,0.00032314,0.000708397,0.152871,2.66904,6.67811e-07,3.73442,0.328898
2080.4583,295.835,295.153,3.09325,0.223356,1.89372,0.012983,0.00666764,0.00325268,0.0063154,2.32299e-07,3.85857e-05,1.87265e-07,9.03544e-09,1.84026e-05,0.00360086,0.438542,228.207,0.13837,0.000891602,5.67453e-09,7.49387e-07,4.14623e-05,7.44993e-18,6.48283e-05,6.1188e-05,4.62531e-06,9.87301e-22,4.18734e-06,4.52862e-06,8.50967,87.241,4.68795,0.320618,76.2928,0.347706,5.64233,0.00672143,0.347706,2.11787,0.0828238,-0.296694,0.524192,0.00560123,-0.913673,0.00869269,0.00863569,0.00827871,0.0043615,-0.913673,0.00705763,1.83615,1.10332,0.000394229,0.152861,0.000869269,0.00143928,0.000347706,0.00070615,0.152861,2.84825,7.55062e-07,3.82172,0.354427
2080.5417,294.29,293.847,3.26701,0.281769,1.55913,0.00901652,0.00627557,0.00364201,0.00274095,1.41187e-07,2.73863e-05,1.13725e-07,5.22575e-09,1.49489e-05,0.00328929,0.340557,198.011,0.100946,0.000923063,3.00349e-09,8.11744e-07,7.03162e-05,6.8672e-18,9.29063e-05,3.94156e-05,1.01788e-05,9.13725e-22,4.93295e-06,2.93911e-06,8.61262,87.2826,4.73424,0.286108,76.2803,0.365257,5.67968,0.00737139,0.365257,2.10351,0.0837936,-0.298394,0.523212,0.00492924,-0.914661,0.00913146,0.00868882,0.00869659,0.00433191,-0.914661,0.00712917,1.83618,1.10336,0.00034784,0.152823,0.000913146,0.00144814,0.000365257,0.000701361,0.152823,2.17091,8.14747e-07,3.87838,0.372628
2080.6250,286.375,286.823,3.30362,0.309438,0.34058,0.00370864,0.00418997,0.0028661,-0.000481335,3.64263e-08,9.96681e-06,2.95223e-08,9.75285e-10,9.77324e-06,0.00321531,0.138914,131.304,0.0383644,0.000929968,3.92799e-10,8.27877e-07,6.44755e-05,6.52487e-18,7.94248e-05,1.20614e-05,8.2135e-06,8.70652e-22,3.89178e-06,9.42119e-07,8.6227,87.2418,4.74822,0.265506,76.2634,0.368931,5.69307,0.0074509,0.368931,2.09022,0.084013,-0.300046,0.523188,0.00452327,-0.916075,0.00922332,0.0087089,0.00878407,0.0043046,-0.916075,0.00714593,1.8362,1.10344,0.000320863,0.152776,0.000922332,0.00145148,0.000368931,0.000696931,0.152776,1.01648,8.2827e-07,3.87448,0.376382
2080.7083,271.114,272.135,1.14264,0.280621,0.0518996,0.00036227,0.00181551,0.00092582,-0.00145324,1.38254e-10,8.50324e-08,1.14015e-10,1.29456e-12,2.42951e-07,0.000146795,0.00156393,3.2484,0.000237529,0.000917143,2.01478e-13,7.96545e-07,5.65549e-06,6.6527e-18,2.74388e-05,2.39496e-06,7.1276e-07,8.88089e-22,1.2075e-06,2.38443e-07,8.57339,87.1814,4.73598,0.268377,76.2531,0.361475,5.68686,0.00708871,0.361475,2.08656,0.083622,-0.300689,0.523783,0.00458351,-0.916975,0.00903693,0.00870175,0.00860656,0.00429727,-0.916975,0.00711816,1.83622,1.10351,0.000326091,0.15275,0.000903693,0.00145029,0.000361475,0.000695713,0.15275,0.434377,7.96545e-07,3.8374,0.368564
2080.7917,269.73,270.094,0,0.231751,0,0,0.0012779,0.000204253,-0.0012779,0,0,0,0,0,0,0,0,0,0.000901352,0,7.48155e-07,7.84458e-14,7.11369e-18,6.52865e-06,2.29861e-06,1.80462e-14,9.48496e-22,2.30155e-07,2.29861e-07,8.52359,87.1679,4.71956,0.299054,76.2509,0.352359,5.67737,0.00667479,0.352359,2.09432,0.0831378,-0.300319,0.524203,0.00521171,-0.917185,0.00880902,0.00868991,0.0083895,0.00431356,-0.917185,0.00708357,1.83625,1.10353,0.000370115,0.152745,0.000880902,0.00144832,0.000352359,0.000698297,0.152745,0.141062,7.48155e-07,3.80403,0.359034
2080.8750,270.779,270.968,0,0.231751,0,0,0.00122332,0.000194329,-0.00122332,0,0,0,0,0,0,0,0,0,0.000885946,0,6.96927e-07,3.45774e-21,7.29952e-18,4.31905e-06,2.24064e-06,7.89634e-22,9.72331e-22,1.81862e-07,2.24064e-07,8.47984,87.1656,4.70338,0.331865,76.2506,0.343472,5.66789,0.0062851,0.343472,2.10324,0.0826631,-0.299938,0.524406,0.00588594,-0.917226,0.00858685,0.00867792,0.00817791,0.00433221,-0.917226,0.00704962,1.83627,1.10353,0.000416965,0.152745,0.000858685,0.00144632,0.000343472,0.000701271,0.152745,0.136882,6.96927e-07,3.77645,0.349757
2080.9583,271.103,271.259,0,0.231751,0,0,0.00128633,0.000200751,-0.00128633,0,0,0,0,0,0,0,0,0,0.000870671,0,6.49279e-07,3.49601e-26,7.34856e-18,3.6595e-06,2.18321e-06,7.48786e-27,9.77936e-22,1.7238e-07,2.18321e-07,8.43442,87.1613,4.68718,0.36354,76.251,0.334669,5.65827,0.00591227,0.334669,2.1123,0.0821901,-0.299562,0.524573,0.00653618,-0.917212,0.00836677,0.00866561,0.00796831,0.00435113,-0.917212,0.00701573,1.83629,1.10354,0.000462401,0.152747,0.000836677,0.00144427,0.000334669,0.000704293,0.152747,0.167612,6.49279e-07,3.74724,0.340581
2081.0417,270.622,270.796,0,0.231751,0,0,0.00132986,0.000181967,-0.00132986,0,0,0,0,0,0,0,0,0,0.000856485,0,6.10955e-07,3.7175e-30,7.4348e-18,2.80341e-06,2.12991e-06,9.42066e-31,9.88558e-22,1.47449e-07,2.12991e-07,8.38947,87.1547,4.67198,0.392644,76.2516,0.326499,5.64913,0.00557788,0.326499,2.12094,0.0817485,-0.299212,0.524711,0.00713401,-0.917175,0.00816253,0.00865377,0.00777379,0.00436909,-0.917175,0.00698406,1.83631,1.10354,0.000504271,0.15275,0.000816253,0.0014423,0.000326499,0.000707172,0.15275,0.357762,6.10955e-07,3.71749,0.332077
2081.1250,271.753,271.837,0,0.232621,0,0,0.00142644,0.00017771,-0.00142644,0,0,0,0,0,0,0,0,0,0.000842639,0,5.92476e-07,1.04146e-31,7.47144e-18,2.21211e-06,2.07794e-06,2.67796e-32,9.92633e-22,1.34403e-07,2.07794e-07,8.34116,87.1445,4.65699,0.42126,76.2525,0.318532,5.64001,0.0052627,0.318532,2.12963,0.0813154,-0.298873,0.524819,0.00772357,-0.917118,0.00796335,0.00864184,0.00758411,0.00438713,-0.917118,0.00695294,1.83633,1.10354,0.00054542,0.152752,0.000796336,0.00144031,0.000318532,0.000710068,0.152752,0.684253,5.92476e-07,3.68416,0.323795
2081.2083,274.551,273.957,0.720151,0.31202,0.213714,0.00175762,0.00197656,0.00161782,-0.000218947,1.27544e-08,3.04226e-06,1.08818e-08,4.10401e-11,2.89165e-06,0.000817659,0.0126615,31.3995,0.0118917,0.000829062,6.22842e-12,5.90886e-07,2.26667e-05,7.16415e-18,-2.19619e-05,5.17188e-06,2.85053e-06,9.51595e-22,1.08192e-06,4.31071e-07,8.28994,87.1192,4.64223,0.428394,76.2637,0.310724,5.63097,0.00496403,0.310724,2.13714,0.0808879,-0.298744,0.524311,0.00784517,-0.916191,0.00776815,0.00862992,0.0073982,0.00440267,-0.916191,0.00692219,1.83635,1.10355,0.000552765,0.152784,0.000776815,0.00143832,0.000310724,0.000712571,0.152784,1.09421,5.90893e-07,3.64771,0.315688
2081.2917,286.682,285.213,2.7563,0.263542,1.52564,0.0102455,0.00422998,0.00316968,0.00601552,1.41287e-07,2.60228e-05,1.1868e-07,2.06688e-09,1.66191e-05,0.0037656,0.176669,182.08,0.0971859,0.000833581,8.0595e-10,6.16166e-07,2.3552e-05,6.32294e-18,4.52673e-05,3.67784e-05,3.88079e-06,8.42236e-22,3.67325e-06,2.73397e-06,8.30012,87.0905,4.65073,0.373739,76.2831,0.313176,5.63883,0.00506454,0.313176,2.13345,0.0810028,-0.299468,0.523072,0.00663723,-0.914575,0.00782945,0.00864135,0.00745658,0.00439495,-0.914575,0.00693089,1.83637,1.10359,0.000470644,0.152838,0.000782945,0.00144022,0.000313176,0.00071134,0.152838,1.98887,6.16972e-07,3.64939,0.318241
2081.3750,294.705,293.154,2.95956,0.139652,2.47353,0.0135391,0.00574397,0.00224941,0.00779515,2.39681e-07,3.94066e-05,1.96105e-07,7.30447e-09,2.02974e-05,0.00401617,0.402474,237.078,0.144049,0.000870731,3.95808e-09,6.94296e-07,3.00993e-06,6.67823e-18,4.27098e-05,6.21146e-05,4.39726e-07,8.90277e-22,2.77559e-06,4.5881e-06,8.42783,87.174,4.70167,0.336415,76.2831,0.334085,5.67787,0.00585798,0.334085,2.12665,0.0821105,-0.299456,0.522728,0.00588174,-0.914557,0.00835218,0.00869613,0.00795442,0.00438084,-0.914557,0.0070121,1.83639,1.10358,0.000418766,0.152837,0.000835218,0.00144935,0.000334085,0.000709074,0.152837,2.80229,6.98254e-07,3.72616,0.339943
2081.4583,295.31,294.24,3.20597,0.168236,2.23302,0.0128647,0.00641597,0.00250928,0.00644872,2.30073e-07,3.89214e-05,1.86123e-07,7.92109e-09,1.85724e-05,0.00364034,0.409894,237.063,0.142123,0.000915211,4.57028e-09,7.7087e-07,8.17877e-06,6.88027e-18,4.51875e-05,6.22079e-05,8.73637e-07,9.17101e-22,3.11569e-06,4.59974e-06,8.58406,87.3105,4.76273,0.321775,76.2813,0.359105,5.72472,0.0067782,0.359105,2.12333,0.0834606,-0.299283,0.521979,0.00559278,-0.914689,0.00897767,0.00876206,0.00855012,0.00437406,-0.914689,0.0071112,1.83641,1.10353,0.000398585,0.152832,0.000897767,0.00146034,0.000359105,0.000707967,0.152832,2.80683,7.7544e-07,3.82133,0.365883
2081.5417,294.013,293.579,3.39329,0.168211,1.63509,0.00920352,0.00608423,0.00239948,0.00311929,1.46521e-07,2.81032e-05,1.17412e-07,5.26463e-09,1.51272e-05,0.00326856,0.344266,204.523,0.105046,0.00094874,3.05641e-09,8.33193e-07,6.19434e-06,6.999e-18,4.77583e-05,4.15265e-05,7.58993e-07,9.33082e-22,3.04441e-06,3.09233e-06,8.69347,87.3921,4.81033,0.304198,76.2777,0.377887,5.76218,0.0074309,0.377887,2.11675,0.0844935,-0.299099,0.521743,0.00525897,-0.914955,0.00944722,0.00881535,0.00899731,0.00436063,-0.914955,0.00718728,1.83644,1.10352,0.000373928,0.15282,0.000944722,0.00146922,0.000377887,0.000705775,0.15282,2.05896,8.36249e-07,3.88314,0.385318
2081.6250,286.93,287.332,3.44535,0.131278,0.637066,0.00415463,0.00414918,0.00142206,5.45396e-06,4.82965e-08,1.21841e-05,3.88674e-08,1.33636e-09,1.05863e-05,0.00329148,0.163492,145.552,0.0474963,0.00095827,5.86119e-10,8.40784e-07,6.48343e-09,7.16969e-18,2.46555e-05,1.55152e-05,1.65354e-09,9.55374e-22,1.7019e-06,1.19548e-06,8.71716,87.4101,4.82721,0.303295,76.275,0.38307,5.77738,0.00755089,0.38307,2.11464,0.0847961,-0.29874,0.522015,0.00525196,-0.915159,0.00957679,0.00883793,0.00912071,0.00435651,-0.915159,0.00721013,1.83646,1.10353,0.000372522,0.152812,0.000957679,0.00147299,0.00038307,0.000705072,0.152812,0.858889,8.4137e-07,3.88995,0.390621
2081.7083,273.204,274.156,1.21954,0.202967,0.037162,0.000421352,0.00206253,0.000967053,-0.00164118,7.59767e-10,3.46194e-07,6.20844e-10,9.24988e-12,6.81033e-07,0.00034082,0.00479679,9.32547,0.00117246,0.000946054,1.62499e-12,8.05611e-07,5.59596e-07,7.10906e-18,1.6342e-05,2.6584e-06,1.26928e-07,9.46817e-22,1.10566e-06,2.6006e-07,8.67017,87.3749,4.81597,0.312891,76.2752,0.375948,5.77204,0.00720509,0.375948,2.11659,0.0844272,-0.298359,0.522542,0.00544978,-0.915139,0.00939873,0.00883202,0.00895113,0.00436079,-0.915139,0.00718404,1.83648,1.10356,0.000385405,0.152812,0.000939873,0.001472,0.000375948,0.000705721,0.152812,0.456888,8.05612e-07,3.8542,0.383153
2081.7917,270.216,270.999,0,0.066388,0,0,0.00147147,0.000402969,-0.00147147,0,0,0,0,0,0,0,0,0,0.000929653,0,7.60634e-07,6.77014e-17,7.1857e-18,6.2016e-06,2.39067e-06,2.27979e-17,9.56192e-22,3.89174e-07,2.39067e-07,8.61626,87.3531,4.79909,0.337299,76.276,0.366472,5.76241,0.00678457,0.366472,2.12353,0.0839282,-0.297961,0.522882,0.00594483,-0.915091,0.00916183,0.00882001,0.00872551,0.00437539,-0.915091,0.00714846,1.83651,1.10358,0.000420384,0.152815,0.000916183,0.00147,0.000366472,0.000708035,0.152815,0.325153,7.60634e-07,3.81717,0.373256
2081.8750,269.212,269.879,0,0.0522592,0,0,0.00131111,0.000302718,-0.00131111,0,0,0,0,0,0,0,0,0,0.000913642,0,7.14341e-07,1.3215e-30,7.25084e-18,2.41301e-06,2.33038e-06,4.69366e-31,9.64001e-22,2.50548e-07,2.33038e-07,8.56827,87.3435,4.78245,0.365575,76.2776,0.357229,5.75279,0.00638847,0.357229,2.13201,0.0834387,-0.297567,0.523053,0.00652173,-0.914973,0.00893076,0.00880785,0.00850545,0.00439314,-0.914973,0.0071135,1.83653,1.10359,0.000460777,0.15282,0.000893077,0.00146797,0.000357229,0.000710862,0.15282,0.192801,7.14341e-07,3.78583,0.363617
2081.9583,268.623,269.174,0,0.0564401,0,0,0.00126297,0.000246457,-0.00126297,0,0,0,0,0,0,0,0,0,0.000897769,0,6.65911e-07,0,7.34247e-18,1.63788e-07,2.27065e-06,0,9.75386e-22,1.72553e-07,2.27065e-07,8.52111,87.3368,4.76578,0.394718,76.2799,0.348073,5.74302,0.00600951,0.348073,2.14098,0.082951,-0.297176,0.523134,0.0071194,-0.914792,0.00870186,0.00879535,0.00828745,0.00441185,-0.914792,0.00707863,1.83655,1.10359,0.000502084,0.152827,0.000870186,0.00146589,0.000348073,0.000713853,0.152827,0.14984,6.65911e-07,3.75533,0.354082
2082.0417,266.41,267.146,0,0.0602705,0,0,0.00119088,9.10598e-05,-0.00119088,0,0,0,0,0,0,0,0,0,0.000883027,0,6.25263e-07,0,7.52377e-18,7.29295e-07,2.21522e-06,0,9.98753e-22,6.84219e-08,2.21522e-07,8.47744,87.3329,4.75015,0.423828,76.2819,0.339576,5.73375,0.00566961,0.339576,2.14977,0.0824959,-0.296814,0.523179,0.00771991,-0.914639,0.00848944,0.00878335,0.00808514,0.00443013,-0.914639,0.00704604,1.83658,1.1036,0.000543242,0.152833,0.000848944,0.00146389,0.000339576,0.000716782,0.152833,0.23474,6.25263e-07,3.72729,0.345246
2082.1250,269.387,269.691,0.0527967,0.171666,0.00184383,1.94048e-05,0.00139291,0.000461666,-0.00137351,0,0,0,0,0,0,0,0,0,0.00086864,0,5.99259e-07,1.25403e-05,7.64946e-18,-1.21036e-05,2.16117e-06,6.35184e-07,1.01493e-21,2.35827e-07,2.16117e-07,8.43075,87.3281,4.73474,0.455349,76.2832,0.33129,5.72449,0.00534925,0.33129,2.15878,0.0820495,-0.296507,0.523147,0.00837548,-0.914529,0.0082823,0.00877124,0.00788786,0.00444882,-0.914529,0.00701403,1.8366,1.1036,0.000587143,0.152837,0.00082823,0.00146187,0.00033129,0.000719783,0.152837,0.642337,5.99259e-07,3.69601,0.336639
2082.2083,280.247,279.033,2.82608,0.245499,0.726906,0.00556685,0.00292292,0.00245347,0.00264393,4.46025e-08,1.07788e-05,3.77579e-08,2.98507e-10,9.59139e-06,0.00290493,0.0620451,113.147,0.0409787,0.000857522,6.93593e-11,5.91778e-07,2.19392e-05,6.92666e-18,1.10879e-05,1.34246e-05,2.10543e-06,9.21301e-22,2.39763e-06,1.03424e-06,8.38982,87.2832,4.72357,0.428743,76.3033,0.324859,5.71833,0.00511428,0.324859,2.16133,0.0817086,-0.297064,0.521843,0.00777098,-0.91284,0.00812151,0.00876333,0.00773473,0.00445407,-0.91284,0.00698965,1.83662,1.10363,0.000545011,0.152892,0.000812151,0.00146056,0.000324859,0.000720634,0.152892,0.980001,5.91847e-07,3.66625,0.329973
2082.2917,288.739,287.401,2.92387,0.140038,1.59386,0.010727,0.00458532,0.00201736,0.00614171,1.65284e-07,3.03906e-05,1.3751e-07,3.03935e-09,1.70567e-05,0.00372756,0.221438,202.894,0.110738,0.000867678,1.19158e-09,6.18149e-07,6.04072e-08,6.90288e-18,2.6133e-05,4.39032e-05,1.00074e-08,9.19008e-22,2.31673e-06,3.26105e-06,8.43365,87.3031,4.74062,0.39883,76.3112,0.330444,5.73324,0.00536679,0.330444,2.15949,0.0820674,-0.296834,0.521682,0.00711878,-0.912152,0.00826114,0.00878458,0.00786771,0.0044502,-0.912152,0.00701628,1.83664,1.10364,0.000502443,0.152912,0.000826114,0.0014641,0.000330444,0.000720021,0.152912,1.87662,6.1934e-07,3.69302,0.335811
2082.3750,294.166,292.863,3.08805,0.147786,2.01658,0.0126595,0.00557969,0.00220376,0.00707985,2.21616e-07,3.85331e-05,1.80936e-07,6.74776e-09,1.94234e-05,0.0040774,0.390642,243.31,0.13898,0.000897629,3.60737e-09,6.72078e-07,3.65179e-06,7.09285e-18,2.90567e-05,5.92388e-05,4.40204e-07,9.44728e-22,2.61362e-06,4.38551e-06,8.55654,87.4121,4.78428,0.382169,76.3149,0.347184,5.76823,0.00605414,0.347184,2.15844,0.0830768,-0.296528,0.520959,0.00678195,-0.911794,0.00867964,0.00883383,0.00826628,0.00444804,-0.911794,0.00709053,1.83666,1.10361,0.00047876,0.152921,0.000867964,0.00147231,0.000347184,0.000719672,0.152921,2.50782,6.75686e-07,3.77226,0.353238
2082.4583,297.112,296.202,3.28928,0.179231,1.83302,0.0111952,0.00617627,0.00270021,0.00501895,1.9112e-07,3.51316e-05,1.53389e-07,7.51919e-09,1.77178e-05,0.00378231,0.462876,235.942,0.127461,0.000933948,4.93033e-09,7.53434e-07,1.20813e-05,7.1939e-18,4.07955e-05,5.25791e-05,1.62057e-06,9.59065e-22,3.3411e-06,3.9018e-06,8.69644,87.5261,4.83694,0.359191,76.3168,0.367486,5.8103,0.00685889,0.367486,2.15366,0.0842934,-0.296294,0.520188,0.00633711,-0.91155,0.0091872,0.00889318,0.00874967,0.00443822,-0.91155,0.00718008,1.83668,1.10357,0.000445977,0.152922,0.00091872,0.0014822,0.000367486,0.000718077,0.152922,2.67096,7.58365e-07,3.8595,0.374345
2082.5417,294.472,293.944,3.44318,0.164683,1.68041,0.00909831,0.00609622,0.00246677,0.00300209,1.43413e-07,2.82094e-05,1.14662e-07,5.22293e-09,1.48462e-05,0.00325133,0.352276,206.784,0.103739,0.000961572,3.06913e-09,8.09582e-07,2.94621e-06,7.17874e-18,4.51823e-05,4.09001e-05,5.33202e-07,9.58134e-22,3.11893e-06,3.05097e-06,8.79839,87.5938,4.87866,0.334928,76.3146,0.382852,5.84456,0.007439,0.382852,2.1459,0.0852275,-0.296271,0.519854,0.00586842,-0.911643,0.00957134,0.00894202,0.00911552,0.00442231,-0.911643,0.00724911,1.83671,1.10357,0.000412348,0.152911,0.000957134,0.00149034,0.000382852,0.000715492,0.152911,2.04808,8.12651e-07,3.91973,0.390291
2082.6250,288.185,288.425,3.46583,0.122574,0.49431,0.00316939,0.00392303,0.00136936,-0.000753647,2.83554e-08,8.49691e-06,2.27688e-08,8.14074e-10,9.85468e-06,0.00369734,0.164417,138.111,0.0321614,0.000965987,3.76651e-10,8.12958e-07,3.00787e-08,7.34614e-18,2.08604e-05,1.01541e-05,1.01591e-08,9.80206e-22,1.60932e-06,8.05925e-07,8.80706,87.5989,4.88974,0.334158,76.3132,0.385102,5.85603,0.00747738,0.385102,2.14449,0.0854063,-0.295891,0.520135,0.00586093,-0.911713,0.00962758,0.00895942,0.00916909,0.00441961,-0.911713,0.00726301,1.83673,1.10359,0.000411186,0.152906,0.000962758,0.00149324,0.000385102,0.000715021,0.152906,0.677008,8.13335e-07,3.91732,0.392579
2082.7083,276.17,277.196,2.86314,0.174766,0.114007,0.000886179,0.00244649,0.0011888,-0.00156032,2.13795e-09,9.12759e-07,1.74491e-09,2.73201e-11,1.73977e-06,0.000804473,0.0129291,24.1432,0.00316731,0.000952078,5.24295e-12,7.72935e-07,1.44921e-08,7.27762e-18,1.75115e-05,3.03734e-06,4.90576e-09,9.70802e-22,1.37512e-06,2.87638e-07,8.75068,87.5515,4.87638,0.340197,76.3146,0.377021,5.84917,0.00710556,0.377021,2.14596,0.0849887,-0.295494,0.520676,0.00598531,-0.911567,0.00942557,0.00895134,0.00897669,0.00442287,-0.911567,0.00723337,1.83675,1.10363,0.000418816,0.152908,0.000942557,0.00149189,0.000377021,0.000715512,0.152908,0.341667,7.7294e-07,3.8743,0.384126
2082.7917,264.483,265.928,0.167442,0.0852185,0.000446671,1.24661e-06,0.00138628,0.000148614,-0.00138504,0,0,0,0,0,0,0,0,0,0.00093567,0,7.24115e-07,1.31821e-19,7.48594e-18,3.38807e-06,2.39766e-06,4.6863e-20,9.97954e-22,1.51638e-07,2.39766e-07,8.69548,87.5268,4.85943,0.363798,76.3152,0.367544,5.83946,0.00669187,0.367544,2.15234,0.0844891,-0.295095,0.521029,0.00646976,-0.91152,0.00918863,0.00893916,0.00875103,0.00443627,-0.91152,0.00719774,1.83678,1.10365,0.000452472,0.15291,0.000918863,0.00148986,0.000367543,0.000717636,0.15291,0.0947846,7.24115e-07,3.83605,0.374235
2082.8750,262.704,263.731,0,0.0438033,0,0,0.00116945,1.7485e-05,-0.00116945,0,0,0,0,0,0,0,0,0,0.000919607,0,6.72334e-07,0,7.66267e-18,8.30632e-07,2.33719e-06,0,1.02083e-21,2.16628e-08,2.33719e-07,8.64699,87.5258,4.84266,0.401858,76.315,0.358274,5.82971,0.00630119,0.358274,2.16195,0.0839977,-0.294701,0.521121,0.00726106,-0.911537,0.00895689,0.00892677,0.00853033,0.00445634,-0.911537,0.00716264,1.8368,1.10365,0.000505894,0.15291,0.000895689,0.00148779,0.000358274,0.000720842,0.15291,0.0863601,6.72334e-07,3.80433,0.364575
2082.9583,265.098,265.593,0,0.0433827,0,0,0.00112832,8.95869e-06,-0.00112832,0,0,0,0,0,0,0,0,0,0.000903682,0,6.26528e-07,0,7.81421e-18,4.86466e-07,2.27729e-06,0,1.04035e-21,1.2031e-08,2.27729e-07,8.59987,87.5273,4.82587,0.440706,76.3149,0.349091,5.81981,0.0059274,0.349091,2.17183,0.083508,-0.294311,0.521184,0.00807191,-0.911551,0.00872732,0.00891403,0.00831169,0.00447691,-0.911551,0.00712762,1.83682,1.10365,0.000560264,0.15291,0.000872732,0.00148567,0.000349091,0.000724135,0.15291,0.140041,6.26528e-07,3.77401,0.355018
2083.0417,266.961,267.269,0,0.0428353,0,0,0.00120782,8.66139e-06,-0.00120782,0,0,0,0,0,0,0,0,0,0.000888892,0,5.86547e-07,0,7.82566e-18,4.37629e-07,2.2217e-06,0,1.04126e-21,1.0894e-08,2.2217e-07,8.55675,87.5297,4.81011,0.47688,76.3148,0.340569,5.81041,0.00559215,0.340569,2.18122,0.0830511,-0.293948,0.521237,0.00882816,-0.911561,0.00851427,0.00890181,0.00810879,0.00449642,-0.911561,0.00709488,1.83685,1.10365,0.00061095,0.152909,0.000851428,0.00148363,0.000340569,0.000727265,0.152909,0.154776,5.86547e-07,3.74664,0.346161
2083.1250,271.042,270.996,0.103758,0.12074,0.0153396,0.000124878,0.00157573,0.000704423,-0.00145085,2.3371e-10,1.02358e-07,1.97703e-10,3.04598e-13,2.0234e-07,0.000103432,0.00038686,2.41141,0.000340434,0.000874457,2.83897e-14,5.65264e-07,3.76567e-05,7.72644e-18,-2.34692e-05,2.22684e-06,2.78336e-06,1.02767e-21,2.59459e-07,2.21026e-07,8.50758,87.523,4.79459,0.508316,76.3167,0.332259,5.80103,0.00527618,0.332259,2.19041,0.0826028,-0.293693,0.521109,0.00948368,-0.911404,0.00830653,0.00888948,0.00791094,0.00451548,-0.911404,0.00706273,1.83687,1.10365,0.000654496,0.152915,0.000830653,0.00148158,0.000332259,0.000730329,0.152915,0.794686,5.65264e-07,3.71299,0.337536
2083.2083,274.15,273.802,2.40186,0.260742,0.303149,0.00296534,0.00195694,0.00189508,0.00100839,1.5328e-08,4.22737e-06,1.30786e-08,3.08162e-11,4.7082e-06,0.00169145,0.0120123,55.9388,0.015681,0.000860628,3.82554e-12,5.60292e-07,1.89645e-05,7.08876e-18,9.71933e-07,6.0111e-06,2.26953e-06,9.46084e-22,1.63162e-06,4.94609e-07,8.45665,87.4685,4.77976,0.473455,76.3442,0.324297,5.7921,0.0049853,0.324297,2.19425,0.0821726,-0.2949,0.518812,0.00868505,-0.909094,0.00810747,0.00887768,0.00772136,0.00452338,-0.909094,0.00703184,1.83689,1.10368,0.000601502,0.15299,0.000810747,0.00147961,0.000324297,0.000731609,0.15299,0.754274,5.60296e-07,3.6769,0.329282
2083.2917,285.288,283.808,2.73926,0.168875,1.44326,0.00985087,0.00394117,0.00215742,0.0059097,1.47312e-07,2.74313e-05,1.2372e-07,2.09397e-09,1.58146e-05,0.00363871,0.172272,187.778,0.0992484,0.000862856,8.22901e-10,5.75283e-07,1.27349e-06,6.85199e-18,2.30001e-05,3.93098e-05,1.80172e-07,9.15433e-22,2.39175e-06,2.92644e-06,8.47553,87.4697,4.78638,0.445582,76.3545,0.325403,5.79928,0.00507551,0.325403,2.1941,0.0822796,-0.294695,0.518626,0.00806267,-0.908187,0.00813513,0.00888812,0.0077477,0.00452295,-0.908187,0.0070401,1.83691,1.1037,0.000562139,0.153017,0.000813513,0.00148135,0.000325403,0.000731556,0.153017,1.76084,5.76106e-07,3.68915,0.330479
2083.3750,292.939,291.819,3.05353,0.171687,1.94637,0.0138092,0.0057405,0.00264408,0.00806872,2.44931e-07,4.12421e-05,2.01388e-07,6.79768e-09,1.91766e-05,0.00382569,0.358198,240.102,0.146248,0.000895558,3.44204e-09,6.38423e-07,2.54401e-06,7.04529e-18,3.16659e-05,6.50977e-05,2.99244e-07,9.42029e-22,3.14295e-06,4.81664e-06,8.61851,87.5904,4.83427,0.419402,76.3603,0.343674,5.83777,0.00586179,0.343674,2.19212,0.0834053,-0.294382,0.517805,0.00752073,-0.907632,0.0085919,0.0089421,0.00818272,0.00451882,-0.907632,0.0071229,1.83693,1.10366,0.00052547,0.15303,0.00085919,0.00149035,0.000343674,0.000730899,0.15303,2.59848,6.41865e-07,3.78424,0.349536
2083.4583,291.748,291.299,3.2671,0.276576,1.14134,0.0115152,0.00586999,0.00371981,0.00564521,1.95364e-07,3.57159e-05,1.59619e-07,5.54022e-09,1.73251e-05,0.00374764,0.313709,233.793,0.128064,0.000934213,2.52281e-09,7.08588e-07,6.43849e-05,6.60434e-18,6.63082e-05,5.42364e-05,8.68595e-06,8.85931e-22,4.74824e-06,4.02528e-06,8.78056,87.7022,4.89076,0.37759,76.361,0.365262,5.88316,0.00675408,0.365262,2.18299,0.0847232,-0.295028,0.51649,0.00669396,-0.907435,0.00913158,0.00900597,0.0086967,0.00449994,-0.907435,0.00721992,1.83695,1.10365,0.000467777,0.153025,0.000913158,0.001501,0.000365262,0.000727856,0.153025,2.1741,7.11111e-07,3.8898,0.372016
2083.5417,291.629,291.282,3.40446,0.246271,1.21856,0.0085136,0.00571853,0.0032951,0.00279506,1.3013e-07,2.65636e-05,1.05462e-07,3.86169e-09,1.44262e-05,0.00338002,0.27406,202.365,0.0974226,0.000959,1.82953e-09,7.48045e-07,3.49573e-05,6.3164e-18,7.132e-05,3.75425e-05,5.14811e-06,8.50534e-22,4.35638e-06,2.80623e-06,8.87957,87.74,4.92922,0.337524,76.3529,0.379002,5.91529,0.00729542,0.379002,2.17003,0.0855802,-0.296335,0.515701,0.00589774,-0.907988,0.00947509,0.0090518,0.00902385,0.00447318,-0.907988,0.00728333,1.83698,1.1037,0.000414445,0.152996,0.000947509,0.00150863,0.000379002,0.000723534,0.152996,1.73282,7.49874e-07,3.95035,0.386297
2083.6250,285.894,286.095,3.43142,0.256391,0.423306,0.00392259,0.00421511,0.00266375,-0.000292518,4.11858e-08,1.12432e-05,3.34614e-08,8.78916e-10,1.01962e-05,0.00338181,0.122378,143.973,0.0429628,0.000964193,2.77893e-10,7.55178e-07,3.59574e-05,6.25164e-18,5.9783e-05,1.36397e-05,4.24593e-06,8.42494e-22,3.50464e-06,1.05994e-06,8.89564,87.7182,4.9415,0.317839,76.3438,0.381686,5.92776,0.00736781,0.381686,2.16097,0.0857914,-0.296728,0.51619,0.00551006,-0.908675,0.00954219,0.0090705,0.00908776,0.00445459,-0.908675,0.00729957,1.837,1.10376,0.000388684,0.152968,0.000954219,0.00151175,0.000381686,0.000720515,0.152968,0.951484,7.55456e-07,3.95415,0.389054
2083.7083,275.283,276.182,1.96261,0.308409,0.111671,0.000814438,0.0024423,0.00164195,-0.00162786,3.3852e-09,1.27657e-06,2.77926e-09,4.73184e-11,1.77959e-06,0.000726128,0.0141714,25.0289,0.0047191,0.000952129,9.18584e-12,7.33524e-07,1.40259e-05,6.10329e-18,3.87587e-05,3.36368e-06,1.72246e-06,8.23392e-22,2.11943e-06,3.10964e-07,8.84642,87.6495,4.93049,0.310739,76.3364,0.374649,5.9226,0.00704272,0.374649,2.15596,0.0854342,-0.297299,0.516708,0.00537162,-0.909258,0.00936628,0.00906473,0.00892022,0.00444437,-0.909258,0.00727431,1.83702,1.10384,0.00037992,0.152946,0.000936628,0.00151079,0.000374649,0.000718844,0.152946,0.557907,7.33534e-07,3.91593,0.381692
2083.7917,267.69,268.381,0,0.250421,0,0,0.00131005,0.000185335,-0.00131005,0,0,0,0,0,0,0,0,0,0.000935845,0,6.94025e-07,1.34959e-11,6.612e-18,5.90999e-06,2.38269e-06,3.16682e-12,8.91277e-22,2.1515e-07,2.38269e-07,8.79347,87.6232,4.91355,0.334289,76.3338,0.365249,5.9128,0.00663343,0.365249,2.16168,0.0849372,-0.297031,0.517212,0.00585274,-0.909489,0.00913126,0.00905239,0.0086964,0.0044564,-0.909489,0.00723884,1.83705,1.10387,0.000414139,0.15294,0.000913126,0.00150873,0.000365249,0.000720751,0.15294,0.167979,6.94025e-07,3.87991,0.371882
2083.8750,265.178,265.684,0,0.250421,0,0,0.00110737,3.38664e-05,-0.00110737,0,0,0,0,0,0,0,0,0,0.000919872,0,6.48042e-07,2.41338e-33,7.16547e-18,1.29669e-06,2.3226e-06,6.2454e-34,9.65133e-22,3.91821e-08,2.3226e-07,8.7489,87.6248,4.89675,0.371209,76.3334,0.356037,5.90293,0.00624615,0.356037,2.1713,0.0844472,-0.29664,0.517349,0.00661797,-0.90953,0.00890097,0.00903978,0.00847707,0.00447646,-0.90953,0.00720382,1.83707,1.10388,0.000466177,0.152939,0.000890097,0.00150663,0.000356037,0.000723957,0.152939,0.146599,6.48042e-07,3.85215,0.362283
2083.9583,268.245,268.494,0,0.250421,0,0,0.00120583,1.71117e-05,-0.00120583,0,0,0,0,0,0,0,0,0,0.000904036,0,6.09236e-07,0,7.41444e-18,7.25525e-07,2.26307e-06,0,9.98006e-22,1.96452e-08,2.26307e-07,8.70171,87.626,4.87991,0.409714,76.3333,0.346911,5.89291,0.00587563,0.346911,2.18129,0.083959,-0.296252,0.517419,0.00742087,-0.909548,0.00867283,0.00902683,0.00825979,0.00449724,-0.909548,0.00716887,1.83709,1.10388,0.000520095,0.152939,0.000867283,0.00150447,0.000346911,0.000727286,0.152939,0.253563,6.09236e-07,3.8218,0.352787
2084.0417,267.476,267.668,0,0.250421,0,0,0.00114747,1.54855e-05,-0.00114747,0,0,0,0,0,0,0,0,0,0.000889329,0,5.72013e-07,0,7.5127e-18,5.31887e-07,2.20783e-06,0,1.0106e-21,1.50459e-08,2.20783e-07,8.65847,87.6279,4.86412,0.445518,76.3332,0.338443,5.88339,0.00554331,0.338443,2.19078,0.0835033,-0.295892,0.517477,0.00816849,-0.909558,0.00846112,0.00901441,0.00805817,0.00451695,-0.909558,0.0071362,1.83711,1.10387,0.000570312,0.152939,0.000846112,0.0015024,0.000338443,0.000730451,0.152939,0.10874,5.72013e-07,3.79435,0.343986
2084.1250,270.665,270.654,0,0.317392,0,0,0.00150783,0.000160885,-0.00150783,0,0,0,0,0,0,0,0,0,0.000874974,0,5.41064e-07,3.34218e-09,7.56312e-18,-4.46679e-06,2.15396e-06,1.35236e-10,1.01678e-21,8.89875e-08,2.15396e-07,8.61118,87.6246,4.84856,0.479706,76.3335,0.330185,5.87389,0.00523009,0.330185,2.2002,0.0830563,-0.295546,0.51751,0.00888236,-0.909531,0.00825466,0.00900188,0.00786154,0.00453645,-0.909531,0.00710411,1.83713,1.10387,0.000618169,0.15294,0.000825466,0.00150031,0.000330185,0.00073359,0.15294,0.509124,5.41064e-07,3.76262,0.335415
2084.2083,278.661,277.456,2.11161,0.452407,0.638921,0.00473856,0.00272269,0.00288804,0.00201587,4.18956e-08,9.5195e-06,3.5556e-08,2.63794e-10,7.66912e-06,0.00228092,0.0496615,90.2889,0.0353274,0.000862639,6.7821e-11,5.35659e-07,6.62457e-05,6.58864e-18,-1.15557e-05,1.26766e-05,9.01507e-06,8.87758e-22,2.36592e-06,9.80679e-07,8.56354,87.5801,4.8356,0.456247,76.3562,0.323073,5.86629,0.00497524,0.323073,2.20408,0.0826746,-0.296274,0.515799,0.00832647,-0.907619,0.00807688,0.00899189,0.00769222,0.00454443,-0.907619,0.00707673,1.83716,1.1039,0.000579555,0.153002,0.000807688,0.00149865,0.000323073,0.000734885,0.153002,1.00274,5.35727e-07,3.72794,0.328049
2084.2917,288.321,286.915,2.91258,0.215808,1.72265,0.0112369,0.00470496,0.00294965,0.00653197,1.7192e-07,3.13596e-05,1.43545e-07,2.78728e-09,1.70288e-05,0.00369426,0.214126,203.209,0.112899,0.000873929,1.04641e-09,5.75511e-07,1.30595e-05,5.93731e-18,4.35138e-05,4.54874e-05,1.86337e-06,8.02719e-22,3.51933e-06,3.37912e-06,8.61285,87.5801,4.85448,0.398727,76.3705,0.329285,5.88276,0.00527687,0.329285,2.19806,0.0830797,-0.297039,0.514631,0.00709092,-0.906372,0.00823217,0.00901522,0.00784012,0.00453184,-0.906372,0.00710677,1.83718,1.10393,0.000498454,0.153039,0.000823217,0.00150254,0.000329285,0.000732879,0.153039,2.2434,5.76557e-07,3.75837,0.334562
2084.3750,295.167,293.432,3.11513,0.153414,2.5881,0.0143025,0.00622186,0.00248436,0.0080806,2.51742e-07,4.17542e-05,2.05429e-07,7.51648e-09,1.89498e-05,0.00371976,0.397296,240.537,0.147523,0.000910862,4.2326e-09,6.60049e-07,3.33184e-06,6.16277e-18,4.26457e-05,6.69403e-05,4.43427e-07,8.33824e-22,3.07713e-06,4.95379e-06,8.76988,87.7003,4.90835,0.367904,76.3702,0.349927,5.92596,0.0061596,0.349927,2.19234,0.0843356,-0.296956,0.514038,0.00647366,-0.906323,0.00874821,0.00907579,0.00833158,0.00451994,-0.906323,0.00719914,1.8372,1.10391,0.000456818,0.153035,0.000874821,0.00151263,0.000349927,0.000730971,0.153035,3.06767,6.64281e-07,3.86152,0.356086
2084.4583,298.435,297.228,3.34129,0.136943,2.48066,0.0121121,0.00659366,0.00220219,0.00551842,2.05272e-07,3.68936e-05,1.64109e-07,8.36256e-09,1.78212e-05,0.00379773,0.498501,241.901,0.132095,0.000951638,5.7378e-09,7.63528e-07,2.24555e-06,6.48331e-18,3.73149e-05,5.63674e-05,2.49119e-07,8.77285e-22,2.74716e-06,4.18313e-06,8.92919,87.8358,4.96808,0.350299,76.3688,0.372693,5.974,0.00709737,0.372693,2.18754,0.0857137,-0.296651,0.513358,0.00613276,-0.906365,0.00931737,0.00914345,0.00887364,0.00451009,-0.906365,0.00730063,1.83722,1.10386,0.000432479,0.153027,0.000931737,0.00152391,0.000372693,0.000729372,0.153027,2.92373,7.69266e-07,3.96111,0.37979
2084.5417,293.691,293.287,3.43845,0.190207,0.95902,0.00673995,0.00534548,0.00247736,0.00139447,9.43354e-08,2.10806e-05,7.56036e-08,3.26216e-09,1.385e-05,0.00370402,0.313417,194.054,0.0786979,0.00096927,1.79515e-09,8.08426e-07,2.56353e-05,6.47416e-18,4.40831e-05,2.77431e-05,3.11581e-06,8.76564e-22,3.09459e-06,2.09027e-06,8.98778,87.8815,4.99715,0.341717,76.3678,0.382384,5.99921,0.00746514,0.382384,2.18421,0.0863303,-0.296591,0.512991,0.00597368,-0.906389,0.00955965,0.00917977,0.00910439,0.00450335,-0.906389,0.0073465,1.83725,1.10386,0.000420334,0.153022,0.000955965,0.00152996,0.000382384,0.000728259,0.153022,1.56476,8.10222e-07,3.99063,0.389849
2084.6250,288,288.095,3.45032,0.2525,0.550587,0.00438663,0.00468719,0.00288587,-0.00030056,4.77905e-08,1.25357e-05,3.87211e-08,1.21724e-09,1.04355e-05,0.00327208,0.154205,148.155,0.0479171,0.000971792,4.53944e-10,8.10917e-07,3.9331e-05,6.07111e-18,6.29069e-05,1.54476e-05,4.87751e-06,8.24071e-22,3.75256e-06,1.19243e-06,8.99004,87.8463,5.00591,0.31962,76.3614,0.383563,6.00905,0.00747332,0.383563,2.17526,0.0864517,-0.297503,0.512872,0.00554027,-0.906851,0.00958913,0.00919486,0.00913246,0.00448499,-0.906851,0.00735617,1.83727,1.10392,0.00039078,0.153001,0.000958913,0.00153248,0.000383563,0.000725278,0.153001,1.07889,8.11371e-07,3.98413,0.391037
2084.7083,276.215,277.032,2.32106,0.285402,0.118735,0.000917983,0.00259465,0.00164966,-0.00167667,3.01977e-09,1.24108e-06,2.4714e-09,4.2152e-11,2.04875e-06,0.000896895,0.0165745,28.8036,0.00444205,0.000960227,8.16506e-12,7.86277e-07,9.66363e-06,6.03453e-18,3.6054e-05,3.27606e-06,1.26972e-06,8.19372e-22,2.08496e-06,3.04923e-07,8.94054,87.7768,4.99557,0.311525,76.3546,0.376808,6.00439,0.00715615,0.376808,2.17014,0.0861105,-0.297667,0.513755,0.00538345,-0.907391,0.00942025,0.00918981,0.00897163,0.00447453,-0.907391,0.00733208,1.83729,1.104,0.00038067,0.15298,0.000942025,0.00153164,0.000376808,0.00072357,0.15298,0.590129,7.86285e-07,3.94497,0.383965
2084.7917,265.586,266.54,0.413017,0.282074,0.00394336,1.54802e-05,0.00138687,0.000265466,-0.00137139,0,0,0,0,0,0,0,0,0,0.00094389,0,7.47928e-07,2.10228e-08,6.50223e-18,7.21711e-06,2.39659e-06,2.39881e-09,8.82156e-22,3.16015e-07,2.39659e-07,8.88527,87.7452,4.97853,0.331769,76.3529,0.367379,5.9945,0.00674128,0.367379,2.17524,0.0856117,-0.297359,0.51429,0.00579582,-0.907541,0.00918452,0.00917737,0.00874712,0.00448527,-0.907541,0.00729647,1.83732,1.10404,0.000409917,0.152976,0.000918452,0.00152956,0.000367379,0.00072527,0.152976,0.357565,7.47928e-07,3.90673,0.37412
2084.8750,266.754,267.04,0,0.266059,0,0,0.00127574,1.98729e-05,-0.00127574,0,0,0,0,0,0,0,0,0,0.00092782,0,7.02371e-07,0,7.06299e-18,9.77045e-07,2.33615e-06,0,9.57545e-22,2.58047e-08,2.33615e-07,8.83686,87.7442,4.96157,0.369846,76.3525,0.358113,5.98449,0.00634771,0.358113,2.18506,0.0851185,-0.296963,0.514409,0.00658763,-0.907584,0.00895288,0.00916459,0.00852651,0.00450576,-0.907584,0.00726122,1.83734,1.10404,0.000463365,0.152975,0.000895288,0.00152743,0.000358113,0.000728544,0.152975,0.223422,7.02371e-07,3.87529,0.364461
2084.9583,267.937,268.232,0,0.266059,0,0,0.00114617,1.9381e-05,-0.00114617,0,0,0,0,0,0,0,0,0,0.000911888,0,6.58018e-07,0,7.1419e-18,8.04956e-07,2.27627e-06,0,9.67595e-22,2.18608e-08,2.27627e-07,8.78834,87.7444,4.94458,0.408566,76.3523,0.348935,5.97434,0.00597116,0.348935,2.19519,0.0846272,-0.296572,0.51448,0.00739554,-0.907602,0.00872341,0.00915147,0.00830797,0.00452683,-0.907602,0.00722604,1.83736,1.10404,0.000517615,0.152975,0.000872341,0.00152525,0.000348935,0.000731919,0.152975,0.116936,6.58018e-07,3.84377,0.354906
2085.0417,266.86,267.061,0,0.266059,0,0,0.00118013,1.57114e-05,-0.00118013,0,0,0,0,0,0,0,0,0,0.00089709,0,6.15657e-07,0,7.28598e-18,5.11244e-07,2.2207e-06,0,9.86495e-22,1.46671e-08,2.2207e-07,8.74546,87.747,4.92864,0.444529,76.3522,0.340417,5.96469,0.00563344,0.340417,2.20481,0.0841685,-0.296209,0.51454,0.00814687,-0.907612,0.00851046,0.00913888,0.00810516,0.00454681,-0.907612,0.00719316,1.83738,1.10404,0.000568089,0.152975,0.000851046,0.00152315,0.000340417,0.000735128,0.152975,0.178748,6.15657e-07,3.81683,0.34605
2085.1250,269.001,269.058,0,0.266059,0,0,0.0013477,1.64087e-05,-0.0013477,0,0,0,0,0,0,0,0,0,0.000882647,0,5.79787e-07,0,7.38245e-18,4.30171e-07,2.16652e-06,0,9.98939e-22,1.2968e-08,2.16652e-07,8.69953,87.7457,4.91292,0.479621,76.3522,0.33211,5.95505,0.00531512,0.33211,2.21442,0.0837186,-0.295855,0.514593,0.008881,-0.907615,0.0083028,0.00912618,0.00790739,0.00456673,-0.907615,0.00716085,1.83741,1.10404,0.000617434,0.152975,0.00083028,0.00152103,0.00033211,0.000738331,0.152975,0.285613,5.79787e-07,3.78661,0.337425
2085.2083,275.887,275.048,1.28621,0.35639,0.315301,0.00279716,0.00225234,0.00195483,0.00054482,2.00123e-08,4.99397e-06,1.70339e-08,7.84431e-11,4.63406e-06,0.00142557,0.0221933,54.2436,0.0189747,0.000868957,1.37094e-11,5.64312e-07,5.20994e-05,6.89167e-18,-2.7815e-05,7.17438e-06,6.99551e-06,9.33434e-22,1.20896e-06,5.79496e-07,8.64801,87.7233,4.89809,0.489358,76.3636,0.324235,5.94601,0.0050253,0.324235,2.22233,0.0832911,-0.296221,0.513513,0.00905341,-0.906662,0.00810593,0.0091142,0.00771989,0.00458306,-0.906662,0.00713014,1.83743,1.10404,0.000628432,0.153007,0.000810593,0.00151903,0.000324235,0.000740968,0.153007,0.888705,5.64326e-07,3.74993,0.329261
2085.2917,291.496,289.432,2.89529,0.197566,2.19104,0.0115083,0.00514586,0.00310604,0.00636248,1.65684e-07,3.03652e-05,1.37957e-07,3.6981e-09,1.70662e-05,0.00367373,0.293602,201.418,0.110377,0.000875009,1.92658e-09,5.9943e-07,9.7441e-06,5.88457e-18,3.83192e-05,4.37432e-05,1.82103e-06,8.0013e-22,3.52435e-06,3.24997e-06,8.66774,87.6949,4.90958,0.419851,76.3896,0.327511,5.95669,0.00519752,0.327511,2.21778,0.083506,-0.297216,0.511648,0.00751182,-0.904455,0.00818782,0.00912948,0.00779788,0.00457349,-0.904455,0.00714624,1.83745,1.10408,0.000527583,0.153077,0.000818782,0.00152158,0.000327511,0.00073945,0.153077,2.53868,6.01356e-07,3.75816,0.332709
2085.3750,294.988,293.755,3.10353,0.178917,2.58252,0.0153595,0.00650813,0.00295923,0.00885141,2.69002e-07,4.34171e-05,2.193e-07,8.85499e-09,1.90896e-05,0.00360211,0.416776,240.101,0.153797,0.000912937,5.1212e-09,6.97642e-07,7.39808e-06,6.05665e-18,4.68099e-05,7.13015e-05,8.32343e-07,8.24361e-22,3.63277e-06,5.27136e-06,8.81685,87.8028,4.96407,0.381875,76.3923,0.348747,5.99993,0.00608939,0.348747,2.21176,0.0847602,-0.297043,0.51105,0.00674149,-0.904156,0.00871872,0.00919006,0.0083035,0.00456096,-0.904156,0.00723841,1.83747,1.10405,0.000475431,0.153081,0.000871872,0.00153168,0.000348747,0.000737445,0.153081,3.26983,7.02764e-07,3.85277,0.354836
2085.4583,298.403,297.055,3.34251,0.120236,2.03511,0.0106921,0.00620812,0.00187956,0.00448396,1.73637e-07,3.26297e-05,1.39129e-07,6.99135e-09,1.73671e-05,0.00396632,0.475907,234.787,0.118673,0.000955978,4.71826e-09,7.88412e-07,2.25006e-08,6.38506e-18,2.91802e-05,4.81246e-05,3.61883e-09,8.69368e-22,2.28572e-06,3.57836e-06,8.98208,87.9412,5.02611,0.360644,76.3917,0.372818,6.04929,0.00706214,0.372818,2.20672,0.086181,-0.296752,0.510314,0.00632907,-0.904126,0.0093205,0.00925951,0.00887662,0.00455058,-0.904126,0.00734297,1.83749,1.10401,0.000446195,0.153076,0.00093205,0.00154325,0.000372818,0.000735764,0.153076,2.35766,7.9313e-07,3.95597,0.37988
2085.5417,292.327,292.1,3.43395,0.17145,1.07294,0.00751191,0.00525972,0.00220084,0.00225219,1.13382e-07,2.42086e-05,9.09758e-08,3.75658e-09,1.45732e-05,0.00355599,0.303683,202.081,0.090409,0.000972546,1.94601e-09,8.19287e-07,3.37211e-06,6.44634e-18,3.35402e-05,3.27728e-05,5.28309e-07,8.77807e-22,2.68749e-06,2.45699e-06,9.03541,87.9862,5.05329,0.353772,76.3924,0.381936,6.07276,0.00739771,0.381936,2.20459,0.0867472,-0.29638,0.510122,0.00620537,-0.904001,0.00954844,0.00929338,0.00909371,0.00454632,-0.904001,0.00738509,1.83752,1.104,0.000436044,0.153075,0.000954844,0.0015489,0.000381936,0.000735053,0.153075,1.6554,8.21233e-07,3.98212,0.389333
2085.6250,288.021,288.08,3.46449,0.172232,0.69242,0.00465957,0.00456037,0.00209539,9.91951e-05,5.63883e-08,1.39963e-05,4.54105e-08,1.44338e-09,1.09983e-05,0.003245,0.162742,153.459,0.0535321,0.000978337,5.62793e-10,8.22632e-07,5.96242e-07,6.40412e-18,3.63977e-05,1.76508e-05,1.43468e-07,8.72242e-22,2.59074e-06,1.35319e-06,9.05158,87.9863,5.06613,0.342956,76.3913,0.38497,6.08552,0.00747734,0.38497,2.20044,0.0869661,-0.296066,0.510453,0.00600119,-0.904024,0.0096243,0.00931248,0.00916596,0.00453791,-0.904024,0.00740187,1.83754,1.10403,0.000420948,0.153069,0.00096243,0.00155208,0.00038497,0.000733672,0.153069,1.00624,8.23195e-07,3.98545,0.392448
2085.7083,275.406,276.333,1.70363,0.191989,0.0886612,0.000730962,0.00233401,0.00113591,-0.00160304,1.96074e-09,9.28852e-07,1.59848e-09,2.29499e-11,1.91494e-06,0.000881169,0.0135196,26.4995,0.00306863,0.000967222,3.95168e-12,7.88875e-07,3.73324e-08,6.42533e-18,1.98034e-05,2.99638e-06,1.08527e-08,8.74836e-22,1.33915e-06,2.84875e-07,9.00613,87.9411,5.0563,0.344355,76.3905,0.378472,6.08118,0.00716981,0.378472,2.20013,0.0866371,-0.295672,0.511179,0.00603512,-0.904061,0.00946185,0.00930786,0.00901124,0.00453743,-0.904061,0.00737866,1.83756,1.10408,0.000423013,0.153065,0.000946185,0.00155131,0.000378472,0.000733567,0.153065,0.392092,7.88879e-07,3.94983,0.385642
2085.7917,272.285,272.561,0,0.406443,0,0,0.00159698,0.000948217,-0.00159698,0,0,0,0,0,0,0,0,0,0.000950756,0,7.47839e-07,1.62946e-06,6.36072e-18,1.40017e-05,2.40698e-06,1.78144e-07,8.65482e-22,1.04277e-06,2.40698e-07,8.94982,87.9052,5.03905,0.358736,76.3916,0.368972,6.07111,0.00675293,0.368972,2.2051,0.0861341,-0.295335,0.51163,0.00632189,-0.903969,0.00922433,0.00929514,0.00878504,0.00454788,-0.903969,0.00734274,1.83759,1.10411,0.000444026,0.153068,0.000922433,0.00154919,0.000368972,0.000735222,0.153068,0.317826,7.47839e-07,3.91077,0.375724
2085.8750,270.909,271.139,0,0.367713,0,0,0.00145506,0.000531419,-0.00145506,0,0,0,0,0,0,0,0,0,0.000934611,0,7.06069e-07,1.29269e-15,6.46384e-18,6.67922e-06,2.34627e-06,2.35574e-16,8.78762e-22,5.34664e-07,2.34627e-07,8.89899,87.8826,5.02195,0.378538,76.393,0.359666,6.06097,0.00635868,0.359666,2.21209,0.0856385,-0.294944,0.51199,0.00672208,-0.903857,0.00899169,0.00928218,0.00856347,0.00456248,-0.903857,0.00730731,1.83761,1.10413,0.000473008,0.153072,0.000899169,0.00154703,0.000359666,0.000737553,0.153072,0.543581,7.06069e-07,3.87704,0.366024
2085.9583,270.065,270.224,0,0.350984,0,0,0.00133732,0.000358392,-0.00133732,0,0,0,0,0,0,0,0,0,0.000918605,0,6.75395e-07,9.09791e-24,6.55468e-18,1.77577e-06,2.28614e-06,1.21563e-24,8.90399e-22,3.0734e-07,2.28614e-07,8.84876,87.8688,5.00482,0.404051,76.3952,0.350447,6.05069,0.00598148,0.350447,2.22075,0.0851448,-0.294551,0.512157,0.00724437,-0.903678,0.00876123,0.00926886,0.00834398,0.0045805,-0.903678,0.00727195,1.83763,1.10415,0.000509531,0.153078,0.000876123,0.00154481,0.000350447,0.00074044,0.153078,0.243406,6.75395e-07,3.84394,0.356429
2086.0417,270.315,270.425,0,0.349255,0,0,0.00132914,0.000369898,-0.00132914,0,0,0,0,0,0,0,0,0,0.000903739,0,6.34395e-07,7.04902e-23,6.57759e-18,-2.83807e-07,2.23033e-06,9.41831e-24,8.92884e-22,2.84789e-07,2.23033e-07,8.80293,87.8585,4.98875,0.42782,76.3984,0.341893,6.04091,0.00564318,0.341893,2.22935,0.0846839,-0.294186,0.512217,0.00773167,-0.903417,0.00854736,0.00925609,0.0081403,0.00459835,-0.903417,0.0072389,1.83766,1.10415,0.000543285,0.153088,0.000854736,0.00154268,0.000341893,0.000743307,0.153088,0.313383,6.34395e-07,3.81418,0.347536
2086.1250,271.688,271.743,0,0.349683,0,0,0.00156095,0.000402848,-0.00156095,0,0,0,0,0,0,0,0,0,0.000889229,0,6.12169e-07,1.11928e-21,6.56466e-18,-9.87604e-07,2.17591e-06,1.49582e-22,8.90624e-22,3.00555e-07,2.17591e-07,8.75267,87.8422,4.9729,0.449106,76.4025,0.33355,6.03116,0.00532431,0.33355,2.23792,0.0842318,-0.293836,0.51223,0.00816686,-0.90308,0.0083388,0.0092432,0.00794167,0.00461609,-0.90308,0.00720644,1.83768,1.10416,0.000573521,0.153099,0.00083388,0.00154053,0.00033355,0.000746163,0.153099,0.845783,6.12169e-07,3.77978,0.338874
2086.2083,276.389,275.838,2.17471,0.33715,0.480797,0.00404312,0.00236246,0.00222111,0.00168066,2.76994e-08,6.72723e-06,2.33463e-08,1.22264e-10,6.52258e-06,0.00201068,0.0257344,74.6029,0.0257567,0.000876228,2.10658e-11,6.12348e-07,4.15154e-05,6.00578e-18,1.47514e-05,9.05782e-06,4.14413e-06,8.16725e-22,2.31965e-06,7.16316e-07,8.70387,87.8016,4.9589,0.442735,76.4127,0.326068,6.02269,0.00504982,0.326068,2.24223,0.0838245,-0.294584,0.511179,0.00799953,-0.902212,0.00815176,0.009232,0.00776354,0.00462495,-0.902212,0.00717718,1.8377,1.10419,0.00056257,0.153127,0.000815176,0.00153867,0.000326068,0.0007476,0.153127,0.959691,6.12369e-07,3.74497,0.331118
2086.2917,288.715,287.467,2.87208,0.180649,1.65322,0.0109747,0.00470052,0.00252972,0.00627414,1.65789e-07,2.94902e-05,1.36747e-07,3.41149e-09,1.70683e-05,0.00366602,0.233836,195.789,0.108488,0.000883534,1.50317e-09,6.40041e-07,3.50437e-06,6.01924e-18,3.64957e-05,4.33253e-05,5.12837e-07,8.19909e-22,3.02788e-06,3.217e-06,8.7318,87.8015,4.97139,0.411537,76.4188,0.330082,6.0337,0.00523096,0.330082,2.23935,0.0840544,-0.29469,0.510979,0.00731215,-0.901655,0.00825209,0.00924774,0.00785909,0.00461884,-0.901655,0.00719433,1.83772,1.10423,0.00051753,0.153142,0.000825209,0.00154129,0.000330082,0.000746638,0.153142,2.27689,6.41544e-07,3.76041,0.335313
2086.3750,297.485,295.523,3.11435,0.120346,2.15278,0.0111754,0.00566343,0.00199143,0.00551193,1.8456e-07,3.27236e-05,1.49222e-07,6.16795e-09,1.87031e-05,0.00410113,0.426594,227.512,0.120245,0.000918762,3.68191e-09,7.16183e-07,1.38465e-06,6.30979e-18,3.16243e-05,4.888e-05,2.2118e-07,8.59938e-22,2.42883e-06,3.62608e-06,8.86152,87.9044,5.02074,0.387366,76.4199,0.349855,6.07215,0.00601391,0.349855,2.23564,0.0851675,-0.294432,0.510468,0.00681958,-0.901498,0.00874642,0.00930167,0.00832989,0.00461111,-0.901498,0.00727606,1.83774,1.1042,0.000483875,0.153141,0.000874642,0.00155028,0.000349855,0.000745404,0.153141,2.39922,7.19865e-07,3.84078,0.355869
2086.4583,294.934,294.478,3.27544,0.173691,1.77349,0.0120755,0.00604305,0.00258924,0.00603244,2.15148e-07,3.71769e-05,1.72093e-07,8.08394e-09,1.84942e-05,0.0037989,0.429091,236.805,0.135302,0.000947773,4.85202e-09,7.75463e-07,4.45872e-06,6.45256e-18,4.0139e-05,5.79744e-05,7.30469e-07,8.79765e-22,3.23081e-06,4.29388e-06,8.96014,87.9861,5.06246,0.372639,76.4207,0.366093,6.10528,0.00663384,0.366093,2.23264,0.0860931,-0.294156,0.509973,0.00653446,-0.901361,0.00915236,0.0093485,0.00871649,0.00460491,-0.901361,0.00734419,1.83776,1.10418,0.000462799,0.15314,0.000915236,0.00155808,0.000366093,0.000744403,0.15314,2.49116,7.80315e-07,3.89768,0.372727
2086.5417,291.942,291.628,3.43071,0.141514,1.10202,0.00738581,0.00497287,0.00178658,0.00241294,1.16573e-07,2.44317e-05,9.32104e-08,3.74734e-09,1.52476e-05,0.00364843,0.299465,205.048,0.092665,0.000975581,1.89261e-09,8.13874e-07,1.6363e-07,6.5713e-18,2.65434e-05,3.33157e-05,4.62605e-08,8.96208e-22,2.17808e-06,2.4941e-06,9.06102,88.0707,5.10315,0.360901,76.4201,0.381614,6.138,0.0072026,0.381614,2.2287,0.0869879,-0.293819,0.509602,0.006317,-0.901323,0.0095404,0.00939505,0.00908605,0.00459685,-0.901323,0.00741022,1.83779,1.10416,0.000445884,0.153135,0.00095404,0.00156584,0.000381614,0.000743092,0.153135,1.51107,8.15767e-07,3.95787,0.388817
2086.6250,287.481,287.554,3.45388,0.216476,0.583331,0.00442594,0.00441892,0.00250729,7.0224e-06,5.46677e-08,1.36116e-05,4.40121e-08,1.29015e-09,1.12557e-05,0.00326052,0.15049,152.791,0.0531317,0.000980017,4.51304e-10,8.13902e-07,1.74811e-05,6.30642e-18,4.47328e-05,1.70871e-05,3.1046e-06,8.60768e-22,3.13842e-06,1.31057e-06,9.06993,88.066,5.11344,0.351524,76.4195,0.383917,6.14838,0.00724287,0.383917,2.22506,0.0871477,-0.293771,0.509653,0.00614073,-0.901302,0.00959796,0.00941076,0.00914087,0.00458942,-0.901302,0.0074226,1.83781,1.10419,0.000432461,0.15313,0.000959796,0.00156846,0.000383917,0.000741875,0.15313,1.10876,8.14353e-07,3.9565,0.39116
2086.7083,274.844,275.8,2.57193,0.293295,0.0741886,0.000685358,0.0023226,0.00143896,-0.00163724,1.23408e-09,5.44912e-07,1.00098e-09,1.87909e-11,1.12649e-06,0.000529634,0.00942949,15.1959,0.00186523,0.000969109,3.94509e-12,7.85333e-07,4.08357e-06,6.19557e-18,2.89118e-05,2.79241e-06,9.11506e-07,8.45895e-22,1.78448e-06,2.7002e-07,9.02505,88.0074,5.1036,0.344176,76.4164,0.377548,6.14387,0.00694744,0.377548,2.22178,0.0868215,-0.293682,0.510423,0.00599744,-0.901507,0.00943875,0.00940578,0.00898924,0.00458275,-0.901507,0.00739957,1.83784,1.10425,0.000423125,0.153119,0.000943875,0.00156763,0.000377548,0.000740783,0.153119,0.468086,7.85337e-07,3.92145,0.384496
2086.7917,265.947,266.772,0,0.191646,0,0,0.00130297,0.000118007,-0.00130297,0,0,0,0,0,0,0,0,0,0.000952614,0,7.43531e-07,3.05498e-16,6.65054e-18,3.5388e-06,2.40088e-06,8.76923e-17,9.07308e-22,1.31156e-07,2.40088e-07,8.97188,87.9861,5.08621,0.370218,76.4152,0.368036,6.13363,0.00654214,0.368036,2.22878,0.0863171,-0.293313,0.510851,0.00653354,-0.901612,0.00920095,0.00939273,0.00876277,0.00459739,-0.901612,0.00736354,1.83786,1.10428,0.000460857,0.153116,0.000920095,0.00156546,0.000368036,0.000743117,0.153116,0.282332,7.43531e-07,3.88567,0.374578
2086.8750,268.408,268.65,0,0.191016,0,0,0.00122907,5.62213e-05,-0.00122907,0,0,0,0,0,0,0,0,0,0.000936504,0,6.95097e-07,0,6.80972e-18,1.28665e-06,2.34033e-06,0,9.28367e-22,4.92532e-08,2.34033e-07,8.92529,87.9872,5.06905,0.407914,76.4151,0.358754,6.12339,0.0061602,0.358754,2.23887,0.0858222,-0.292918,0.510952,0.00731856,-0.901629,0.00896889,0.00937952,0.00854176,0.00461839,-0.901629,0.00732813,1.83788,1.10428,0.000514074,0.153116,0.000896889,0.00156325,0.000358754,0.00074648,0.153116,0.140601,6.95097e-07,3.85624,0.364914
2086.9583,268.38,268.632,0,0.191016,0,0,0.001244,5.96262e-05,-0.001244,0,0,0,0,0,0,0,0,0,0.000920531,0,6.48549e-07,0,6.80902e-18,9.10276e-07,2.28034e-06,0,9.27618e-22,4.21156e-08,2.28034e-07,8.87775,87.9873,5.05186,0.445152,76.4153,0.349559,6.11299,0.00579478,0.349559,2.24914,0.085329,-0.292526,0.51103,0.00809479,-0.90162,0.00873902,0.00936597,0.00832283,0.00463972,-0.90162,0.00729279,1.83791,1.10428,0.000566755,0.153116,0.000873902,0.00156099,0.000349559,0.000749904,0.153116,0.151397,6.48549e-07,3.82589,0.355354
2087.0417,267.909,268.151,0,0.191016,0,0,0.00126681,5.54389e-05,-0.00126681,0,0,0,0,0,0,0,0,0,0.000905695,0,6.09234e-07,0,6.86114e-18,5.00053e-07,2.22468e-06,0,9.34101e-22,3.19178e-08,2.22468e-07,8.83166,87.9857,5.03573,0.479533,76.4156,0.341026,6.10312,0.00546703,0.341026,2.25891,0.0848686,-0.292163,0.511092,0.00881208,-0.901595,0.00852569,0.00935296,0.00811966,0.00465996,-0.901595,0.00725977,1.83793,1.10428,0.000615523,0.153117,0.000852569,0.00155883,0.000341026,0.000753159,0.153117,0.264929,6.09234e-07,3.79592,0.346493
2087.1250,269.044,269.188,0,0.194912,0,0,0.00134817,7.42174e-05,-0.00134817,0,0,0,0,0,0,0,0,0,0.000891216,0,5.80173e-07,4.53962e-15,6.8877e-18,-9.15811e-07,2.17039e-06,4.03597e-16,9.37113e-22,3.02032e-08,2.17039e-07,8.7838,87.9816,5.01983,0.513006,76.4161,0.332704,6.09326,0.00515812,0.332704,2.26867,0.084417,-0.291809,0.51114,0.0095115,-0.901557,0.00831766,0.00933986,0.00792154,0.00468015,-0.901557,0.00722732,1.83795,1.10428,0.000663082,0.153119,0.000831766,0.00155664,0.000332704,0.000756414,0.153119,0.38128,5.80173e-07,3.76397,0.337863
2087.2083,276.191,275.461,1.93987,0.429517,0.455358,0.0038666,0.00231681,0.00271131,0.00154979,3.06373e-08,6.87511e-06,2.6123e-08,1.31754e-10,5.89742e-06,0.00168752,0.0272904,67.5446,0.0264584,0.000878082,2.56573e-11,5.63437e-07,9.26773e-05,6.19651e-18,-1.66696e-05,9.89461e-06,8.04761e-06,8.46466e-22,2.17781e-06,7.76998e-07,8.73627,87.9402,5.00552,0.491732,76.4384,0.325155,6.08447,0.00488859,0.325155,2.27372,0.0840045,-0.29345,0.508533,0.00899952,-0.899678,0.00812891,0.00932813,0.00774177,0.0046905,-0.899678,0.00719767,1.83797,1.1043,0.000628063,0.15318,0.000812891,0.00155469,0.000325155,0.000758097,0.15318,0.867443,5.63463e-07,3.73075,0.330043
2087.2917,289.898,288.255,2.9104,0.171381,1.91234,0.0113534,0.00486025,0.0026473,0.0064932,1.76525e-07,3.12417e-05,1.4695e-07,3.7906e-09,1.74667e-05,0.00364361,0.26216,202.268,0.116225,0.000888978,1.81848e-09,5.96185e-07,1.78313e-06,5.95182e-18,3.30423e-05,4.67037e-05,3.04147e-07,8.15602e-22,3.06165e-06,3.46082e-06,8.77439,87.9381,5.02194,0.440285,76.4536,0.331232,6.09793,0.00513636,0.331232,2.26978,0.0843349,-0.294035,0.507426,0.00787062,-0.898348,0.00828084,0.00934718,0.00788647,0.00468217,-0.898348,0.00722208,1.83799,1.10433,0.000554078,0.15322,0.000828084,0.00155786,0.000331232,0.000756783,0.15322,2.28527,5.98003e-07,3.75245,0.336368
2087.3750,296.705,295.215,3.1648,0.14822,2.40582,0.013867,0.00623264,0.0024611,0.00763441,2.46422e-07,4.04889e-05,2.00355e-07,8.58817e-09,1.95645e-05,0.00382618,0.451535,242.996,0.148067,0.000931049,5.26659e-09,6.80644e-07,5.71113e-07,6.26237e-18,3.20363e-05,6.58737e-05,6.32015e-08,8.5875e-22,2.96589e-06,4.8654e-06,8.92704,88.0626,5.07872,0.411889,76.4575,0.354947,6.14091,0.00603041,0.354947,2.26621,0.08564,-0.293687,0.506646,0.00729832,-0.897946,0.00887372,0.00940734,0.00845112,0.00467469,-0.897946,0.00731774,1.83801,1.10429,0.000514699,0.153226,0.000887372,0.00156789,0.000354947,0.000755593,0.153226,2.98793,6.8591e-07,3.84832,0.360977
2087.4583,299.597,298.2,3.26979,0.114169,0.810917,0.00487969,0.00480793,0.00176657,7.17538e-05,5.44202e-08,1.32492e-05,4.35961e-08,2.30493e-09,1.29388e-05,0.00415508,0.349585,164.964,0.0511329,0.000950042,1.54643e-09,7.28785e-07,8.51403e-06,6.52115e-18,2.29509e-05,1.65087e-05,8.54576e-07,8.94587e-22,2.0785e-06,1.2641e-06,8.97823,88.1022,5.10644,0.399624,76.4597,0.365539,6.16318,0.00640167,0.365539,2.26468,0.0862353,-0.293317,0.506396,0.00706423,-0.897684,0.00913852,0.00943913,0.00870331,0.00467156,-0.897684,0.00736174,1.83803,1.10428,0.000497271,0.153229,0.000913852,0.00157319,0.000365539,0.000755085,0.153229,1.29379,7.30331e-07,3.87179,0.37194
2087.5417,291.898,291.791,3.3317,0.264312,1.03704,0.00830768,0.00548268,0.00358821,0.002825,1.31567e-07,2.56932e-05,1.06326e-07,4.54389e-09,1.50424e-05,0.00341291,0.294812,196.959,0.0972557,0.000961258,2.33976e-09,7.54491e-07,6.33325e-05,5.99511e-18,6.78691e-05,3.71623e-05,8.236e-06,8.24813e-22,4.61838e-06,2.77166e-06,9.00368,88.0926,5.12444,0.372277,76.4589,0.37174,6.17851,0.00660218,0.37174,2.25778,0.0865949,-0.294072,0.505794,0.00652135,-0.89764,0.00929355,0.00946138,0.00885096,0.00465726,-0.89764,0.00738855,1.83806,1.10433,0.000459801,0.153221,0.000929355,0.0015769,0.00037174,0.000752783,0.153221,1.7648,7.56831e-07,3.87924,0.378342
2087.6250,288.51,288.531,3.37398,0.278525,0.649034,0.00473163,0.00467309,0.0032083,5.85369e-05,5.71738e-08,1.37315e-05,4.63677e-08,1.56834e-09,1.13018e-05,0.00328819,0.165799,149.906,0.0537429,0.000969021,6.23038e-10,7.67518e-07,4.99285e-05,5.56094e-18,7.12166e-05,1.76868e-05,6.89253e-06,7.67888e-22,4.25071e-06,1.35205e-06,9.0226,88.0578,5.13811,0.339388,76.45,0.375966,6.19079,0.00672132,0.375966,2.2458,0.0868497,-0.295407,0.505506,0.00587084,-0.898266,0.00939919,0.00947948,0.00895157,0.00463246,-0.898266,0.00740776,1.83808,1.10441,0.000416285,0.153192,0.000939919,0.00157991,0.000375966,0.000748791,0.153192,1.18573,7.68141e-07,3.88448,0.382687
2087.7083,275.489,276.521,2.62793,0.324666,0.0951911,0.00074896,0.00234293,0.0017796,-0.00159397,1.35386e-09,5.76759e-07,1.10699e-09,2.46077e-11,1.14209e-06,0.000535604,0.010437,15.059,0.00200977,0.000958078,6.1788e-12,7.42732e-07,1.23359e-05,5.43883e-18,4.14684e-05,2.77217e-06,1.62653e-06,7.52106e-22,2.31773e-06,2.67098e-07,8.97647,87.9818,5.12778,0.325462,76.4412,0.369596,6.18565,0.00644382,0.369596,2.23865,0.0865182,-0.296126,0.506086,0.00559831,-0.898946,0.00923996,0.00947341,0.00879992,0.00461768,-0.898946,0.00738426,1.8381,1.1045,0.000398558,0.153165,0.000923996,0.0015789,0.000369596,0.000746408,0.153165,0.401647,7.42738e-07,3.84869,0.37604
2087.7917,267.444,268.014,0,0.41777,0,0,0.00133897,0.000117608,-0.00133897,0,0,0,0,0,0,0,0,0,0.000941918,0,7.0087e-07,1.18164e-11,6.01187e-18,4.64983e-06,2.35032e-06,2.83744e-12,8.30561e-22,1.47257e-07,2.35032e-07,8.92409,87.9548,5.11054,0.347969,76.4384,0.360286,6.17534,0.00606797,0.360286,2.24436,0.086022,-0.295824,0.506647,0.00606443,-0.899187,0.00900721,0.00946006,0.00857825,0.00462956,-0.899187,0.00734876,1.83813,1.10453,0.000431432,0.153157,0.000900721,0.00157668,0.000360287,0.00074831,0.153157,0.271326,7.0087e-07,3.81354,0.366354
2087.8750,269.143,269.406,0,0.409809,0,0,0.00132046,7.6856e-05,-0.00132046,0,0,0,0,0,0,0,0,0,0.000926131,0,6.6768e-07,2.08727e-33,6.18804e-18,2.3864e-06,2.29105e-06,5.49304e-34,8.54226e-22,7.94683e-08,2.29105e-07,8.87516,87.9522,5.09352,0.384551,76.438,0.3512,6.16503,0.00571371,0.3512,2.25448,0.0855349,-0.295437,0.506784,0.00682836,-0.899234,0.00878004,0.00944656,0.0083619,0.00465057,-0.899234,0.00731386,1.83815,1.10453,0.000483416,0.153157,0.000878004,0.00157443,0.0003512,0.000751684,0.153157,0.508682,6.6768e-07,3.78163,0.356913
2087.9583,268.351,268.567,0,0.409809,0,0,0.00122647,6.55604e-05,-0.00122647,0,0,0,0,0,0,0,0,0,0.000910478,0,6.33807e-07,2.04618e-41,6.35244e-18,1.37586e-06,2.23233e-06,5.56876e-42,8.76251e-22,5.41108e-08,2.23233e-07,8.82701,87.9505,5.07647,0.420759,76.4379,0.342198,6.15456,0.00537478,0.342198,2.26479,0.0850495,-0.295053,0.506885,0.00758568,-0.899245,0.008555,0.00943272,0.00814758,0.00467192,-0.899245,0.00727903,1.83817,1.10453,0.000534935,0.153157,0.0008555,0.00157212,0.000342198,0.000755121,0.153157,0.248602,6.33807e-07,3.75054,0.347573
2088.0417,267.93,268.149,0,0.409809,0,0,0.00114306,5.79766e-05,-0.00114306,0,0,0,0,0,0,0,0,0,0.00089594,0,5.96536e-07,0,6.53367e-18,7.3333e-07,2.17783e-06,0,9.00621e-22,3.8125e-08,2.17783e-07,8.78289,87.95,5.06047,0.454344,76.4382,0.333845,6.14462,0.00507078,0.333845,2.27462,0.0845964,-0.294697,0.506956,0.00828928,-0.899231,0.00834617,0.00941946,0.00794869,0.00469222,-0.899231,0.00724648,1.83819,1.10453,0.000582788,0.153158,0.000834617,0.00156991,0.000333845,0.000758395,0.153158,0.190962,5.96536e-07,3.72241,0.338916
2088.1250,268.688,268.807,0,0.409946,0,0,0.00123853,5.76827e-05,-0.00123853,0,0,0,0,0,0,0,0,0,0.00088175,0,5.64729e-07,0,6.64018e-18,3.2129e-07,2.12469e-06,0,9.14686e-22,2.97587e-08,2.12469e-07,8.73902,87.9491,5.04469,0.487028,76.4386,0.325699,6.1347,0.00478426,0.325699,2.28443,0.0841519,-0.29435,0.50701,0.0089749,-0.899199,0.00814251,0.0094061,0.00775473,0.00471247,-0.899199,0.00721449,1.83821,1.10453,0.000629446,0.153159,0.000814251,0.00156768,0.000325699,0.000761668,0.153159,0.326444,5.64729e-07,3.69432,0.330483
2088.2083,272.599,272.214,0.643356,0.574771,0.152761,0.00134074,0.00166202,0.00125336,-0.000321285,9.69644e-09,2.12144e-06,8.23898e-09,3.20027e-11,2.24709e-06,0.000650186,0.00900371,22.6891,0.00875052,0.000867602,5.72281e-12,5.49441e-07,3.00752e-05,6.48436e-18,-2.79489e-05,4.46337e-06,3.53655e-06,8.92991e-22,6.86707e-07,3.80038e-07,8.68992,87.9363,5.0288,0.507678,76.4451,0.317584,6.12459,0.00450791,0.317584,2.29366,0.0837054,-0.29415,0.506682,0.00938963,-0.898658,0.00793965,0.00939238,0.00756153,0.00473146,-0.898658,0.00718231,1.83824,1.10454,0.000656874,0.153177,0.000793965,0.0015654,0.000317584,0.000764744,0.153177,0.818305,5.49447e-07,3.66111,0.322092
2088.2917,285.177,283.547,2.83864,0.258274,1.36924,0.0106179,0.00415296,0.00320593,0.00646494,1.62512e-07,2.70412e-05,1.36789e-07,1.8532e-09,1.75251e-05,0.00358691,0.144445,182.319,0.107656,0.000874748,6.16018e-10,5.65799e-07,2.36603e-05,5.45622e-18,3.15802e-05,4.26553e-05,4.12461e-06,7.5396e-22,3.52347e-06,3.15047e-06,8.69716,87.9086,5.03734,0.446448,76.4732,0.321678,6.13036,0.00460723,0.321678,2.29178,0.0838156,-0.295076,0.504656,0.00799549,-0.896271,0.00804199,0.00940061,0.00765899,0.00472734,-0.896271,0.00719044,1.83826,1.10456,0.000564139,0.153253,0.000804199,0.00156677,0.000321678,0.000764116,0.153253,1.79899,5.66415e-07,3.65982,0.326285
2088.3750,294.799,293.269,3.14052,0.194119,2.5956,0.0153197,0.00648273,0.00327244,0.00883699,2.90991e-07,4.30359e-05,2.37696e-07,8.73194e-09,2.10731e-05,0.00371441,0.402139,241.855,0.16741,0.000928578,4.9058e-09,6.41435e-07,1.28714e-05,5.43043e-18,5.40391e-05,7.73315e-05,1.94166e-06,7.51949e-22,4.06336e-06,5.67745e-06,8.84259,87.9982,5.09996,0.395565,76.477,0.352472,6.17173,0.00549836,0.352472,2.28305,0.0851946,-0.295234,0.503766,0.00695203,-0.895856,0.00881184,0.00945831,0.00839219,0.00470909,-0.895856,0.00729083,1.83828,1.10455,0.000493454,0.153259,0.000881184,0.00157639,0.000352472,0.000761208,0.153259,3.14146,6.46341e-07,3.74263,0.35797
2088.4583,298.326,296.899,3.49862,0.141861,2.50993,0.0123893,0.00676745,0.00235911,0.00562186,2.21905e-07,3.66314e-05,1.77763e-07,8.56393e-09,1.89573e-05,0.00367415,0.471984,243.261,0.144422,0.000991357,5.65825e-09,7.48924e-07,8.52652e-06,5.75316e-18,4.04035e-05,6.23334e-05,9.2752e-07,7.97081e-22,2.94066e-06,4.59255e-06,9.01831,88.1421,5.17363,0.371409,76.4754,0.388333,6.22089,0.0065083,0.388333,2.27704,0.0868919,-0.295099,0.502743,0.00647663,-0.895908,0.00970836,0.00952721,0.00924602,0.00469659,-0.895908,0.0074146,1.8383,1.10449,0.000460798,0.153251,0.000970836,0.00158787,0.000388333,0.000759202,0.153251,2.96225,7.54582e-07,3.84468,0.394841
2088.5417,293.704,293.386,3.69485,0.176323,1.35723,0.00884201,0.00591322,0.00245831,0.0029288,1.43846e-07,2.71004e-05,1.14755e-07,5.09289e-09,1.56312e-05,0.00332985,0.337152,212.251,0.109322,0.00102531,2.88568e-09,8.0822e-07,5.91767e-06,5.88208e-18,4.0309e-05,4.25113e-05,7.86674e-07,8.15197e-22,3.06494e-06,3.15489e-06,9.10297,88.2099,5.21479,0.359986,76.4742,0.407666,6.24927,0.0069926,0.407666,2.27275,0.0878309,-0.294862,0.502289,0.00626012,-0.895929,0.0101917,0.00956763,0.00970633,0.00468777,-0.895929,0.00748341,1.83833,1.10447,0.00044482,0.153244,0.00101917,0.00159461,0.000407666,0.000757772,0.153244,1.93982,8.11106e-07,3.88818,0.414658
2088.6250,287.018,287.32,3.76573,0.179946,0.645748,0.00461934,0.00449849,0.0021537,0.000120854,5.51402e-08,1.28705e-05,4.41944e-08,1.40316e-09,1.08691e-05,0.00311551,0.150145,150.38,0.0538202,0.00103762,5.49307e-10,8.19248e-07,1.05127e-06,5.86043e-18,3.88012e-05,1.81635e-05,2.16656e-07,8.12356e-22,2.69115e-06,1.38867e-06,9.1268,88.2131,5.2313,0.347896,76.4716,0.414594,6.26172,0.00709535,0.414594,2.26682,0.088168,-0.294562,0.502628,0.00603315,-0.896067,0.0103649,0.00958611,0.0098713,0.00467558,-0.896067,0.00750858,1.83835,1.1045,0.000427976,0.153233,0.00103649,0.00159769,0.000414594,0.000755797,0.153233,0.98455,8.19798e-07,3.89549,0.42169
2088.7083,275.497,276.272,2.4854,0.298024,0.0602339,0.000719464,0.00243798,0.00161559,-0.00171852,5.9358e-10,3.05493e-07,4.81966e-10,6.35304e-12,7.41557e-07,0.000372486,0.00470467,10.2124,0.00102418,0.00102531,1.0141e-12,7.88433e-07,4.41801e-06,5.7203e-18,2.88124e-05,2.82503e-06,9.30757e-07,7.92773e-22,1.95775e-06,2.77709e-07,9.07966,88.1629,5.2195,0.348012,76.4701,0.407441,6.25568,0.00677861,0.407441,2.26516,0.0877929,-0.29423,0.50341,0.00604096,-0.896146,0.0101861,0.00957893,0.00970097,0.00467224,-0.896146,0.0074821,1.83838,1.10456,0.000428224,0.153227,0.00101861,0.00159649,0.000407441,0.000755243,0.153227,0.532238,7.88434e-07,3.86016,0.414219
2088.7917,266.565,267.276,0,0.229647,0,0,0.00143492,0.00012252,-0.00143492,0,0,0,0,0,0,0,0,0,0.00100754,0,7.51337e-07,1.09087e-11,6.11216e-18,4.03038e-06,2.59095e-06,2.9897e-12,8.4654e-22,1.4098e-07,2.59095e-07,9.02378,88.1353,5.2012,0.371395,76.4693,0.397173,6.24525,0.00638301,0.397173,2.27087,0.0872583,-0.293863,0.503884,0.00652318,-0.896213,0.00992936,0.00956551,0.00945649,0.00468417,-0.896213,0.00744405,1.8384,1.10459,0.000461954,0.153225,0.000992936,0.00159425,0.000397173,0.000757147,0.153225,0.36211,7.51337e-07,3.82258,0.403556
2088.8750,266.785,267.115,0,0.207186,0,0,0.00131873,5.47716e-05,-0.00131873,0,0,0,0,0,0,0,0,0,0.000990187,0,7.0514e-07,0,6.32808e-18,1.3625e-06,2.5256e-06,0,8.75807e-22,4.92947e-08,2.5256e-07,8.97315,88.1351,5.18317,0.411723,76.4691,0.387156,6.23482,0.00601035,0.387156,2.28115,0.086734,-0.29344,0.503994,0.00736446,-0.896238,0.00967893,0.00955195,0.00921799,0.00470552,-0.896238,0.00740667,1.83843,1.10459,0.000518933,0.153224,0.000967893,0.00159199,0.000387156,0.000760572,0.153224,0.195122,7.0514e-07,3.78998,0.393166
2088.9583,265.955,266.295,0,0.207186,0,0,0.00119887,4.02208e-05,-0.00119887,0,0,0,0,0,0,0,0,0,0.000972984,0,6.5956e-07,0,6.48567e-18,7.70589e-07,2.46087e-06,0,8.96987e-22,3.04959e-08,2.46087e-07,8.92348,88.1361,5.1651,0.451858,76.4692,0.377232,6.22424,0.00565382,0.377232,2.29162,0.0862117,-0.29302,0.504071,0.00820342,-0.896233,0.00943086,0.00953805,0.00898173,0.00472724,-0.896233,0.0073694,1.83845,1.10459,0.000575658,0.153225,0.000943086,0.00158967,0.000377232,0.000764064,0.153225,0.178918,6.5956e-07,3.75838,0.382886
2089.0417,265.241,265.516,0,0.207186,0,0,0.00110337,1.10128e-05,-0.00110337,0,0,0,0,0,0,0,0,0,0.000957008,0,6.17096e-07,0,6.67042e-18,4.08028e-07,2.4008e-06,0,9.2196e-22,1.13084e-08,2.4008e-07,8.88015,88.1409,5.14816,0.489958,76.4692,0.368024,6.21418,0.00533405,0.368024,2.30164,0.0857244,-0.292631,0.504128,0.00900279,-0.896235,0.00920064,0.00952472,0.00876247,0.00474796,-0.896235,0.00733456,1.83848,1.10459,0.000629368,0.153225,0.000920064,0.00158745,0.000368024,0.000767402,0.153225,0.157449,6.17096e-07,3.73199,0.373358
2089.1250,269.934,269.925,0.0234331,0.314922,0.000626222,7.58029e-06,0.00147335,0.0001672,-0.00146577,0,0,0,0,0,0,0,0,0,0.000941415,0,5.88747e-07,5.62908e-07,6.75509e-18,-5.84743e-06,2.34222e-06,2.50695e-08,9.33164e-22,8.57401e-08,2.34222e-07,8.83198,88.1399,5.13146,0.52667,76.4696,0.359044,6.20415,0.00503265,0.359044,2.3116,0.0852465,-0.292279,0.50413,0.00977416,-0.896198,0.00897614,0.00951128,0.00854866,0.00476853,-0.896198,0.00730035,1.8385,1.10459,0.000680813,0.153226,0.000897614,0.00158521,0.000359044,0.000770722,0.153226,0.608886,5.88747e-07,3.70052,0.364076
2089.2083,279.671,278.423,3.1174,0.284708,0.713568,0.0057731,0.00283936,0.00286637,0.00293374,4.62345e-08,1.11818e-05,3.91051e-08,2.68573e-10,8.62717e-06,0.00257735,0.0578153,113.396,0.0419105,0.000928486,5.96476e-11,5.80383e-07,4.47745e-05,5.94997e-18,-1.69537e-05,1.4571e-05,4.2546e-06,8.24233e-22,2.28275e-06,1.12396e-06,8.79095,88.0985,5.11827,0.494702,76.4973,0.351573,6.19672,0.00480545,0.351573,2.31553,0.084875,-0.29303,0.50215,0.00902866,-0.89386,0.00878936,0.00950137,0.00837078,0.00477654,-0.89386,0.00727385,1.83852,1.10461,0.000629275,0.153302,0.000878936,0.00158356,0.000351573,0.000772034,0.153302,0.964859,5.80443e-07,3.67267,0.356378
2089.2917,290.113,288.626,3.15999,0.178232,1.79782,0.0117666,0.00488206,0.00276182,0.00688449,1.72375e-07,3.2068e-05,1.42866e-07,3.64684e-09,1.62522e-05,0.00366507,0.260709,213.198,0.114704,0.000933967,1.69618e-09,6.14961e-07,4.208e-06,5.61909e-18,3.23529e-05,4.75923e-05,4.74971e-07,7.79984e-22,3.17842e-06,3.53916e-06,8.84137,88.1122,5.13002,0.447319,76.5117,0.354478,6.20821,0.00501732,0.354478,2.3118,0.0852314,-0.293028,0.501564,0.00799621,-0.892588,0.00886199,0.00951763,0.00843995,0.00476861,-0.892588,0.00730047,1.83854,1.10464,0.000562224,0.153338,0.000886199,0.00158627,0.000354478,0.000770788,0.153338,2.33896,6.16657e-07,3.71136,0.359495
2089.3750,294.889,293.523,3.32374,0.135057,2.17051,0.0131429,0.00559064,0.00211711,0.0075523,2.17557e-07,3.92874e-05,1.76997e-07,6.78128e-09,1.85933e-05,0.00391614,0.413765,253.687,0.139861,0.000963555,3.73911e-09,6.97137e-07,1.03178e-06,5.88662e-18,2.74704e-05,6.0086e-05,1.2551e-07,8.17879e-22,2.50944e-06,4.45622e-06,9.00979,88.2528,5.17482,0.419398,76.5157,0.370939,6.24505,0.00578411,0.370939,2.30791,0.0864985,-0.292723,0.50075,0.00743314,-0.892166,0.00927352,0.00956921,0.00883188,0.00476046,-0.892166,0.00739382,1.83857,1.1046,0.000523772,0.153345,0.000927352,0.00159487,0.000370939,0.000769493,0.153345,2.62453,7.00876e-07,3.83497,0.376723
2089.4583,297.507,296.636,3.49744,0.178493,2.27439,0.0133784,0.006761,0.00301576,0.00661745,2.25067e-07,3.99814e-05,1.80146e-07,9.10908e-09,1.7337e-05,0.00354192,0.485974,247.931,0.141216,0.000994656,6.13176e-09,7.78824e-07,1.45043e-05,5.95234e-18,4.52216e-05,6.31578e-05,1.6548e-06,8.28167e-22,3.73706e-06,4.68498e-06,9.16748,88.3836,5.2222,0.395872,76.5177,0.388227,6.28417,0.00655725,0.388227,2.30254,0.0877684,-0.292654,0.49974,0.0069736,-0.891885,0.00970572,0.00962423,0.0092435,0.00474931,-0.891885,0.00748747,1.83859,1.10457,0.000490758,0.153346,0.000970573,0.00160404,0.000388227,0.000767703,0.153346,2.98573,7.84956e-07,3.94528,0.394784
2089.5417,291.214,291.135,3.62818,0.237469,1.09033,0.00876844,0.0055613,0.00312588,0.00320713,1.32083e-07,2.72483e-05,1.06072e-07,4.16219e-09,1.41012e-05,0.00331836,0.282648,209.597,0.0991497,0.00101803,2.03525e-09,8.36503e-07,3.57236e-05,5.77508e-18,5.72922e-05,3.8949e-05,4.35621e-06,8.0509e-22,3.99029e-06,2.91451e-06,9.28186,88.4595,5.25963,0.369063,76.5153,0.401132,6.31605,0.00711932,0.401132,2.29329,0.0887216,-0.292937,0.499116,0.00645314,-0.891957,0.0100283,0.00966954,0.00955075,0.00473018,-0.891957,0.00755809,1.83862,1.10457,0.000453892,0.153333,0.00100283,0.00161159,0.000401132,0.000764619,0.153333,1.88815,8.38538e-07,4.02223,0.408251
2089.6250,287.276,287.383,3.65227,0.204762,0.717533,0.00495079,0.00464523,0.00250213,0.000305555,5.76803e-08,1.45459e-05,4.65071e-08,1.38723e-09,1.04692e-05,0.00308734,0.152282,156.533,0.0553448,0.0010227,5.10986e-10,8.43093e-07,8.30066e-06,5.69247e-18,5.00445e-05,1.85878e-05,1.21142e-06,7.94539e-22,3.19386e-06,1.42583e-06,9.31023,88.4537,5.27177,0.349363,76.5095,0.403498,6.32876,0.00722283,0.403498,2.28463,0.0889855,-0.29321,0.49937,0.00606524,-0.892343,0.0100875,0.0096884,0.0096071,0.00471233,-0.892343,0.00757829,1.83864,1.10463,0.000427909,0.153312,0.00100875,0.00161473,0.000403498,0.000761733,0.153312,1.04164,8.43604e-07,4.03846,0.410721
2089.7083,278.476,279.294,3.01086,0.230396,0.121445,0.00113315,0.00294466,0.00176975,-0.00181152,3.71918e-09,1.54341e-06,3.01642e-09,5.59488e-11,2.41952e-06,0.00107804,0.0212094,35.6982,0.00548344,0.00101135,1.20558e-11,8.1152e-07,5.97759e-06,5.66677e-18,3.41459e-05,3.61389e-06,9.31515e-07,7.90664e-22,2.18757e-06,3.33007e-07,9.2676,88.4008,5.26206,0.345734,76.506,0.396849,6.32478,0.00694733,0.396849,2.28151,0.0886743,-0.292927,0.50029,0.00599401,-0.892591,0.00992127,0.00968411,0.00944878,0.00470597,-0.892591,0.00755646,1.83867,1.10469,0.000423563,0.1533,0.000992127,0.00161402,0.000396849,0.000760694,0.1533,0.579775,8.11532e-07,4.00554,0.403796
2089.7917,267.516,268.431,0,0.165988,0,0,0.0014358,0.000248182,-0.0014358,0,0,0,0,0,0,0,0,0,0.000994155,0,7.71545e-07,1.87895e-10,5.95689e-18,6.93732e-06,2.52408e-06,4.65133e-11,8.30618e-22,2.82166e-07,2.52408e-07,9.21007,88.3658,5.24413,0.36526,76.5042,0.386922,6.31437,0.00654503,0.386922,2.28629,0.0881529,-0.292631,0.500842,0.00639325,-0.892735,0.0096731,0.00967078,0.00921243,0.00471597,-0.892735,0.00751928,1.83869,1.10473,0.00045226,0.153295,0.00096731,0.0016118,0.000386922,0.000762287,0.153295,0.265016,7.71545e-07,3.96594,0.393467
2089.8750,265.429,265.968,0,0.165852,0,0,0.00124855,3.69503e-05,-0.00124855,0,0,0,0,0,0,0,0,0,0.00097723,0,7.23052e-07,0,6.34215e-18,1.19124e-06,2.46042e-06,0,8.83658e-22,3.83958e-08,2.46042e-07,9.16088,88.3652,5.22626,0.403897,76.5039,0.377163,6.30383,0.00616292,0.377163,2.29653,0.0876368,-0.292216,0.500982,0.00719574,-0.892767,0.00942913,0.00965711,0.00898008,0.00473725,-0.892767,0.00748242,1.83872,1.10473,0.000506894,0.153295,0.000942913,0.00160952,0.000377163,0.000765699,0.153295,0.184184,7.23052e-07,3.93462,0.383326
2089.9583,266.937,267.237,0,0.165852,0,0,0.00119226,3.12465e-05,-0.00119226,0,0,0,0,0,0,0,0,0,0.00096045,0,6.75823e-07,0,6.46581e-18,6.53091e-07,2.39736e-06,0,9.00275e-22,2.46327e-08,2.39736e-07,9.11151,88.3665,5.20836,0.443918,76.5039,0.367496,6.29313,0.00579734,0.367496,2.30716,0.0871227,-0.291806,0.501053,0.00803148,-0.892772,0.00918746,0.00964308,0.00874992,0.00475931,-0.892772,0.00744565,1.83874,1.10473,0.000563166,0.153295,0.000918746,0.00160718,0.000367496,0.000769244,0.153295,0.21987,6.75823e-07,3.90315,0.373294
2090.0417,266.465,266.719,0,0.165852,0,0,0.00116479,2.66533e-05,-0.00116479,0,0,0,0,0,0,0,0,0,0.000944865,0,6.3401e-07,0,6.54564e-18,3.25723e-07,2.33884e-06,0,9.10811e-22,1.5939e-08,2.33884e-07,9.06804,88.3704,5.19157,0.481077,76.504,0.358526,6.28297,0.00546945,0.358526,2.31728,0.0866429,-0.291425,0.501109,0.00880848,-0.892766,0.00896318,0.00962963,0.00853632,0.00478025,-0.892766,0.00741129,1.83876,1.10473,0.000615494,0.153295,0.000896319,0.00160494,0.000358526,0.000772615,0.153295,0.135898,6.3401e-07,3.87647,0.363995
2090.1250,270.103,270.079,0,0.244636,0,0,0.00151677,0.00025771,-0.00151677,0,0,0,0,0,0,0,0,0,0.000929654,0,6.00406e-07,2.25047e-06,6.54528e-18,-9.05571e-06,2.28177e-06,1.05182e-07,9.10221e-22,1.02473e-07,2.28177e-07,9.01837,88.3667,5.17502,0.516189,76.5048,0.349777,6.27282,0.00516039,0.349777,2.32731,0.0861723,-0.291064,0.501122,0.00954248,-0.892702,0.00874448,0.00961608,0.00832803,0.00480098,-0.892702,0.00737753,1.83879,1.10473,0.000664789,0.153298,0.000874448,0.00160268,0.000349777,0.00077596,0.153298,0.539354,6.00406e-07,3.84336,0.354938
2090.2083,278.392,277.295,2.78346,0.303879,0.621118,0.00518071,0.00269615,0.00291952,0.00248456,3.68884e-08,9.18493e-06,3.12455e-08,2.26342e-10,7.11082e-06,0.00232939,0.0446053,94.9599,0.0321584,0.00091589,5.60405e-11,5.8897e-07,5.4865e-05,5.71781e-18,-6.16052e-06,1.18162e-05,5.89986e-06,7.97881e-22,2.49214e-06,9.2436e-07,8.97027,88.3134,5.1605,0.480355,76.5323,0.341843,6.26427,0.00490289,0.341843,2.33049,0.0857617,-0.292169,0.498929,0.00871333,-0.890381,0.00854611,0.00960464,0.00813911,0.00480742,-0.890381,0.00734812,1.83881,1.10476,0.000608554,0.153373,0.000854611,0.00160077,0.000341843,0.000777018,0.153373,0.93087,5.89026e-07,3.80977,0.346746
2090.2917,285.725,284.804,3.04198,0.252578,1.09777,0.0103711,0.0041456,0.00315232,0.00622552,1.43737e-07,2.87692e-05,1.2022e-07,1.91676e-09,1.51959e-05,0.0037502,0.147379,201.24,0.0983021,0.000917532,5.50692e-10,6.11383e-07,1.94704e-05,5.29695e-18,4.34614e-05,3.92435e-05,2.98597e-06,7.40837e-22,3.73194e-06,2.93705e-06,9.01007,88.312,5.16866,0.433435,76.543,0.342512,6.274,0.00507196,0.342512,2.32548,0.0859909,-0.292343,0.49858,0.00770275,-0.889414,0.00856285,0.00961849,0.00815505,0.00479686,-0.889414,0.00736557,1.83883,1.1048,0.000542562,0.153399,0.000856285,0.00160308,0.000342512,0.000775348,0.153399,1.76279,6.11934e-07,3.84141,0.347584
2090.3750,294.017,292.589,3.17113,0.177692,2.47738,0.0144811,0.00593424,0.00284488,0.00854689,2.40708e-07,4.22416e-05,1.96063e-07,7.14808e-09,1.79135e-05,0.00377697,0.377803,242.743,0.141071,0.000941457,3.8127e-09,6.78962e-07,1.41034e-05,5.36772e-18,5.13336e-05,6.41881e-05,2.33548e-06,7.52367e-22,3.56458e-06,4.7735e-06,9.17169,88.4224,5.21005,0.391403,76.5426,0.355597,6.3108,0.00583867,0.355597,2.31665,0.0871094,-0.292657,0.497932,0.00685823,-0.889335,0.00888998,0.00966999,0.0084666,0.00477844,-0.889335,0.0074484,1.83885,1.10481,0.000485654,0.153393,0.000888998,0.00161166,0.000355597,0.000772407,0.153393,2.87224,6.82775e-07,3.96164,0.361436
2090.4583,295.747,294.866,3.32751,0.185013,1.79357,0.0127851,0.00648961,0.00282291,0.00629545,2.09302e-07,3.8461e-05,1.67912e-07,7.77509e-09,1.65862e-05,0.00357294,0.422951,234.748,0.129017,0.000970165,4.65987e-09,7.54672e-07,1.99359e-05,5.59106e-18,4.9315e-05,5.70188e-05,2.34112e-06,7.83956e-22,3.55199e-06,4.24891e-06,9.34138,88.5682,5.25906,0.373954,76.5407,0.371318,6.35407,0.00670301,0.371318,2.31219,0.0883689,-0.292569,0.497207,0.006511,-0.889425,0.009283,0.0097308,0.0088409,0.00476918,-0.889425,0.00754172,1.83887,1.10477,0.000462346,0.153384,0.0009283,0.0016218,0.000371318,0.000770918,0.153384,2.45517,7.59332e-07,4.08232,0.378021
2090.5417,293.167,292.879,3.44619,0.195583,1.36772,0.00929995,0.00610568,0.00280173,0.00319427,1.37319e-07,2.81737e-05,1.09594e-07,4.87361e-09,1.3958e-05,0.00330339,0.325387,203.801,0.0967003,0.000991959,2.68863e-09,8.06737e-07,1.04033e-05,5.60216e-18,5.57768e-05,3.87662e-05,1.40783e-06,7.86158e-22,3.60729e-06,2.90914e-06,9.46344,88.6509,5.29842,0.349408,76.5352,0.383153,6.38985,0.00734671,0.383153,2.30281,0.0893239,-0.29264,0.497032,0.00603323,-0.889779,0.00957886,0.00978156,0.00912268,0.00474982,-0.889779,0.00761277,1.8389,1.10478,0.00042903,0.153365,0.000957886,0.00163026,0.000383153,0.000767793,0.153365,1.95484,8.09426e-07,4.16502,0.390499
2090.6250,289.18,289.173,3.46253,0.196565,0.802489,0.00505379,0.00506265,0.0024979,-8.8647e-06,5.6908e-08,1.46418e-05,4.5567e-08,1.56666e-09,1.05186e-05,0.00307208,0.180751,153.564,0.0530009,0.000995454,6.3789e-10,8.204e-07,5.43292e-06,5.56724e-18,5.27474e-05,1.75742e-05,9.6101e-07,7.81415e-22,3.21596e-06,1.35296e-06,9.48695,88.6436,5.31078,0.333539,76.5284,0.384776,6.40381,0.0074677,0.384776,2.29465,0.0895703,-0.292588,0.497657,0.00572843,-0.890277,0.00961945,0.00980223,0.00916133,0.00473302,-0.890277,0.00763177,1.83892,1.10483,0.000407792,0.153342,0.000961945,0.00163371,0.000384776,0.000765071,0.153342,1.1743,8.21038e-07,4.17617,0.392244
2090.7083,276.871,277.905,3.20624,0.167077,0.16363,0.00106774,0.00275782,0.00130167,-0.00169009,3.09545e-09,1.35828e-06,2.496e-09,5.67487e-11,2.2943e-06,0.00103451,0.0242329,33.0495,0.00452464,0.000984215,1.44324e-11,7.92382e-07,9.92022e-08,5.66086e-18,2.6811e-05,3.2838e-06,2.84751e-08,7.93976e-22,1.59997e-06,3.05955e-07,9.43988,88.5881,5.30122,0.332569,76.5237,0.37819,6.39994,0.00718306,0.37819,2.292,0.0892616,-0.292237,0.4987,0.00571564,-0.890642,0.00945478,0.00979817,0.00900451,0.00472766,-0.890642,0.00761005,1.83895,1.10489,0.00040705,0.153328,0.000945479,0.00163303,0.00037819,0.000764188,0.153328,0.335501,7.92396e-07,4.13866,0.385373
2090.7917,271.194,271.721,0.285617,0.226352,0.00395577,2.3504e-05,0.00163245,0.00053937,-0.00160895,0,0,0,0,0,0,0,0,0,0.000967754,0,7.46489e-07,1.4077e-08,5.75788e-18,1.05754e-05,2.40526e-06,4.27774e-09,8.0677e-22,5.88249e-07,2.40526e-07,9.38174,88.5562,5.28362,0.353128,76.5232,0.368708,6.38938,0.00676636,0.368708,2.29812,0.0887556,-0.291837,0.499228,0.00613084,-0.890692,0.00921775,0.00978471,0.00877877,0.00474048,-0.890692,0.00757385,1.83897,1.10492,0.000436761,0.153327,0.000921775,0.00163078,0.000368708,0.00076623,0.153327,0.307573,7.46489e-07,4.09813,0.375475
2090.8750,271.956,272.223,0,0.224,0,0,0.00141787,0.000461236,-0.00141787,0,0,0,0,0,0,0,0,0,0.000951592,0,6.98524e-07,1.41852e-14,5.76523e-18,8.55477e-06,2.3446e-06,4.48963e-15,8.06916e-22,4.65919e-07,2.3446e-07,9.33049,88.5419,5.26611,0.380994,76.5233,0.359409,6.37872,0.00637133,0.359409,2.30713,0.088256,-0.291441,0.499555,0.0066952,-0.890706,0.00898527,0.00977093,0.00855736,0.00475924,-0.890706,0.00753805,1.83899,1.10493,0.000477517,0.153328,0.000898527,0.00162849,0.000359409,0.000769234,0.153328,0.139337,6.98524e-07,4.06438,0.36578
2090.9583,271.36,271.602,0,0.224501,0,0,0.00139721,0.000459832,-0.00139721,0,0,0,0,0,0,0,0,0,0.000935567,0,6.51825e-07,1.50665e-21,5.79649e-18,4.03258e-06,2.28451e-06,4.02162e-22,8.10438e-22,4.07153e-07,2.28451e-07,9.28072,88.528,5.24857,0.405957,76.525,0.350197,6.36789,0.00599339,0.350197,2.3163,0.087758,-0.291049,0.499796,0.00719937,-0.89058,0.00875497,0.00975679,0.00833803,0.00477828,-0.89058,0.00750232,1.83902,1.10494,0.000513865,0.153334,0.000875497,0.00162613,0.000350197,0.000772289,0.153334,0.238644,6.51825e-07,4.03215,0.35619
2091.0417,271.227,271.448,0,0.225691,0,0,0.00135217,0.000464894,-0.00135217,0,0,0,0,0,0,0,0,0,0.000920683,0,6.14405e-07,1.3077e-25,5.81604e-18,2.0722e-06,2.22874e-06,3.65302e-26,8.12432e-22,3.84934e-07,2.22874e-07,9.23326,88.5137,5.23211,0.427157,76.5282,0.341648,6.3576,0.0056544,0.341648,2.32511,0.0872931,-0.290685,0.499923,0.00762734,-0.890324,0.00854126,0.00974323,0.00813449,0.00479652,-0.890324,0.00746891,1.83904,1.10495,0.000544401,0.153343,0.000854126,0.00162387,0.000341648,0.000775225,0.153343,0.182831,6.14405e-07,4.00115,0.347303
2091.1250,271.615,271.744,0,0.295638,0,0,0.00151586,0.000810049,-0.00151586,0,0,0,0,0,0,0,0,0,0.000906155,0,5.82388e-07,1.595e-05,5.80053e-18,-4.07257e-06,2.17436e-06,1.04563e-06,8.0973e-22,6.38312e-07,2.17436e-07,9.18383,88.4958,5.21587,0.44547,76.5327,0.333312,6.34734,0.0053349,0.333312,2.3338,0.0868371,-0.290376,0.499936,0.00799544,-0.889959,0.00833284,0.00972956,0.007936,0.00481449,-0.889959,0.00743609,1.83906,1.10496,0.000570459,0.153356,0.000833285,0.00162159,0.000333312,0.000778123,0.153356,0.421902,5.82388e-07,3.96795,0.338647
2091.2083,278.629,277.962,1.59138,0.417235,0.532436,0.00412218,0.00268296,0.00283875,0.00143921,3.39064e-08,7.84788e-06,2.84862e-08,3.23271e-10,5.81319e-06,0.00160565,0.0473233,70.0674,0.0282972,0.000893039,7.78608e-11,5.69664e-07,6.02222e-05,4.97186e-18,3.51484e-05,1.05349e-05,6.7423e-06,6.96776e-22,3.24787e-06,8.27201e-07,9.13348,88.4358,5.20157,0.422861,76.5447,0.325773,6.33854,0.00506448,0.325773,2.33481,0.0864298,-0.291638,0.498575,0.00748105,-0.888941,0.00814436,0.00971782,0.00775649,0.00481645,-0.888941,0.00740679,1.83908,1.10502,0.00053535,0.153388,0.000814436,0.00161964,0.000325773,0.000778459,0.153388,1.04182,5.69742e-07,3.93191,0.330837
2091.2917,287.838,286.956,2.90805,0.211284,1.62231,0.0114991,0.00458674,0.00282669,0.00691233,1.62786e-07,3.01773e-05,1.34406e-07,3.1022e-09,1.61144e-05,0.00361034,0.200385,194.063,0.104027,0.000898839,1.12022e-09,6.05525e-07,7.9925e-06,4.9056e-18,4.99902e-05,4.21912e-05,1.23788e-06,6.89365e-22,3.5204e-06,3.14799e-06,9.16908,88.4269,5.21453,0.384009,76.546,0.328823,6.35143,0.00529839,0.328823,2.32782,0.0866947,-0.292242,0.498374,0.00666374,-0.888775,0.00822061,0.0097361,0.00782911,0.00480178,-0.888775,0.00742668,1.8391,1.10507,0.000480201,0.153389,0.000822062,0.00162268,0.000328823,0.000776127,0.153389,2.1363,6.06645e-07,3.95455,0.334121
2091.3750,297.109,295.297,3.07119,0.13026,2.5623,0.0137387,0.00624589,0.0021843,0.00749284,2.27513e-07,3.93575e-05,1.83083e-07,8.02865e-09,1.85906e-05,0.00390424,0.444157,233.826,0.133874,0.000928997,4.89068e-09,6.84053e-07,1.74522e-07,5.22082e-18,4.03739e-05,5.86707e-05,2.82434e-08,7.3355e-22,2.734e-06,4.36089e-06,9.31709,88.5451,5.26308,0.362161,76.5431,0.345475,6.3929,0.00615843,0.345475,2.3227,0.0878156,-0.291959,0.498161,0.00623162,-0.888959,0.00863691,0.00979416,0.00822559,0.00479109,-0.888959,0.00750946,1.83912,1.10505,0.000450266,0.153379,0.000863691,0.00163236,0.000345475,0.000774422,0.153379,2.9375,6.88944e-07,4.05401,0.351633
2091.4583,299.092,298.149,3.23081,0.204309,2.07516,0.0120923,0.00688319,0.00313602,0.00520908,1.97602e-07,3.57758e-05,1.56551e-07,9.00841e-09,1.70926e-05,0.00368051,0.506554,226.544,0.122542,0.000958296,6.52655e-09,7.74807e-07,5.61187e-05,5.31234e-18,6.00172e-05,5.2327e-05,6.14824e-06,7.46921e-22,4.00909e-06,3.89787e-06,9.44159,88.646,5.31095,0.346404,76.5405,0.361614,6.43415,0.00696241,0.361614,2.31753,0.0888928,-0.292004,0.497515,0.00593071,-0.889123,0.00904038,0.00985226,0.00860985,0.0047804,-0.889123,0.00758913,1.83915,1.10503,0.00042808,0.153369,0.000904038,0.00164204,0.000361614,0.000772698,0.153369,2.96783,7.81333e-07,4.13064,0.368576
2091.5417,292.513,292.34,3.35602,0.291338,1.06776,0.00869041,0.00599211,0.00366025,0.0026983,1.27991e-07,2.63573e-05,1.02534e-07,4.60208e-09,1.41426e-05,0.00337485,0.307434,197.416,0.092388,0.000981245,2.39874e-09,8.33093e-07,7.19722e-05,4.79751e-18,8.87628e-05,3.58122e-05,1.02472e-05,6.77758e-22,4.89018e-06,2.68754e-06,9.5394,88.6842,5.35023,0.313573,76.5285,0.374172,6.46888,0.00756975,0.374172,2.30273,0.0897424,-0.293969,0.496287,0.0052961,-0.890044,0.00935434,0.00990165,0.00890885,0.00474981,-0.890044,0.00765223,1.83917,1.10507,0.000383658,0.153332,0.000935434,0.00165027,0.000374172,0.000767766,0.153332,1.81174,8.35492e-07,4.18917,0.381742
2091.6250,288.653,288.83,3.37551,0.28028,0.609435,0.00459012,0.00482423,0.00305705,-0.000234108,4.93465e-08,1.28914e-05,3.96246e-08,1.47769e-09,1.0333e-05,0.00326095,0.174476,144.809,0.0471053,0.00098523,6.42593e-10,8.38266e-07,5.29701e-05,4.59437e-18,7.90513e-05,1.53679e-05,7.18752e-06,6.51174e-22,4.08606e-06,1.18854e-06,9.5511,88.6422,5.36219,0.290334,76.5125,0.376119,6.4819,0.00765957,0.376119,2.28829,0.0899356,-0.295699,0.496148,0.00485215,-0.891354,0.00940301,0.00992108,0.0089552,0.00472001,-0.891354,0.00766719,1.83919,1.10516,0.000352929,0.153286,0.000940301,0.00165351,0.000376118,0.000762953,0.153286,1.00425,8.38909e-07,4.18891,0.383778
2091.7083,275.394,276.398,1.76173,0.285909,0.102317,0.000752998,0.00237292,0.00147378,-0.00161993,1.87192e-09,8.17383e-07,1.52239e-09,2.97675e-11,1.58243e-06,0.000697655,0.0143889,22.0258,0.00274605,0.000973445,6.53373e-12,8.04465e-07,6.02167e-06,4.67902e-18,3.89215e-05,2.90008e-06,8.43182e-07,6.62982e-22,1.90231e-06,2.76468e-07,9.50141,88.5726,5.35123,0.287016,76.5019,0.369253,6.47657,0.00733428,0.369253,2.28232,0.0895866,-0.296099,0.497066,0.00479742,-0.892256,0.00923138,0.00991506,0.00879175,0.00470777,-0.892256,0.00764243,1.83922,1.10524,0.000349228,0.153258,0.000923138,0.00165251,0.000369253,0.000760963,0.153258,0.495313,8.04471e-07,4.15018,0.376588
2091.7917,272.049,272.385,0,0.278746,0,0,0.00164744,0.000671202,-0.00164744,0,0,0,0,0,0,0,0,0,0.000957305,0,7.63177e-07,1.10774e-07,4.8029e-18,1.93885e-05,2.34826e-06,2.51758e-08,6.79409e-22,8.03433e-07,2.34826e-07,9.44362,88.538,5.33368,0.308285,76.498,0.35997,6.46582,0.00690738,0.35997,2.28814,0.0890867,-0.295744,0.497844,0.0052275,-0.892623,0.0089993,0.00990137,0.00857072,0.00471996,-0.892623,0.0076066,1.83924,1.10528,0.000380755,0.153249,0.00089993,0.00165023,0.00035997,0.000762901,0.153249,0.303709,7.63177e-07,4.10994,0.366878
2091.8750,270.685,271.015,0,0.275388,0,0,0.00140864,0.000385318,-0.00140864,0,0,0,0,0,0,0,0,0,0.000941505,0,7.17868e-07,8.18125e-13,4.98317e-18,9.29549e-06,2.28904e-06,2.08693e-13,7.03909e-22,4.18829e-07,2.28904e-07,9.39128,88.5194,5.31629,0.334952,76.4965,0.350891,6.45503,0.00650411,0.350891,2.29668,0.0885948,-0.295357,0.498326,0.00576951,-0.892785,0.00877233,0.00988744,0.00835456,0.00473776,-0.892785,0.00757129,1.83926,1.10529,0.000419731,0.153247,0.000877233,0.00164791,0.000350891,0.000765749,0.153247,0.275485,7.17868e-07,4.07498,0.357396
2091.9583,271.234,271.397,0,0.275388,0,0,0.00141407,0.000353492,-0.00141407,0,0,0,0,0,0,0,0,0,0.000925839,0,6.77711e-07,6.95564e-19,5.05566e-18,5.98311e-06,2.23037e-06,1.81966e-19,7.13338e-22,3.37827e-07,2.23037e-07,9.34033,88.5068,5.29887,0.363341,76.4968,0.341898,6.44407,0.00611829,0.341898,2.30627,0.0881045,-0.294972,0.498595,0.00635074,-0.892781,0.00854749,0.00987316,0.00814042,0.00475767,-0.892781,0.00753605,1.83928,1.1053,0.000460709,0.153249,0.000854749,0.00164553,0.000341898,0.000768944,0.153249,0.416151,6.77711e-07,4.04146,0.348016
2092.0417,270.897,271.08,0,0.275388,0,0,0.00141993,0.00034396,-0.00141993,0,0,0,0,0,0,0,0,0,0.000911287,0,6.49915e-07,5.36587e-22,5.11551e-18,4.63684e-06,2.17592e-06,1.41155e-22,7.21058e-22,3.09152e-07,2.17592e-07,9.29118,88.4935,5.28252,0.388924,76.4979,0.333552,6.43366,0.00577225,0.333552,2.31548,0.0876468,-0.294615,0.498793,0.00687443,-0.892707,0.00833884,0.00985946,0.00794171,0.00477676,-0.892707,0.00750309,1.83931,1.10531,0.000497715,0.153253,0.000833884,0.00164324,0.000333552,0.000772014,0.153253,0.527719,6.49915e-07,4.00866,0.339324
2092.1250,272.12,272.066,0.578732,0.327515,0.0543794,0.000486325,0.00172624,0.000997543,-0.00123992,0,0,0,0,0,0,0,0,0,0.000897084,0,6.3265e-07,2.27626e-05,5.09974e-18,-7.67988e-06,2.12283e-06,1.37335e-06,7.18341e-22,7.58177e-07,2.12283e-07,9.23908,88.4735,5.26639,0.408137,76.502,0.325413,6.42327,0.00544609,0.325413,2.32428,0.0871976,-0.29436,0.498774,0.00726106,-0.892387,0.00813537,0.00984564,0.00774792,0.00479496,-0.892387,0.00747071,1.83933,1.10532,0.000524757,0.153265,0.000813537,0.00164094,0.000325413,0.000774949,0.153265,0.721852,6.3265e-07,3.97269,0.330859
2092.2083,274.637,274.134,2.21137,0.346154,0.377059,0.00346279,0.00219022,0.00194277,0.00127257,2.02642e-08,4.88857e-06,1.71637e-08,4.88468e-11,4.85454e-06,0.00153756,0.0140644,53.6134,0.0184131,0.000884047,6.97714e-12,6.22805e-07,1.97209e-05,4.66603e-18,2.5466e-05,7.04699e-06,2.34035e-06,6.58733e-22,2.1483e-06,5.68898e-07,9.1867,88.4141,5.25166,0.386052,76.5154,0.317941,6.41384,0.00515739,0.317941,2.32593,0.0867794,-0.295076,0.497882,0.00674207,-0.891278,0.00794857,0.00983305,0.00757003,0.00479825,-0.891278,0.00744052,1.83935,1.10537,0.000488986,0.153303,0.000794857,0.00163884,0.000317941,0.000775497,0.153303,0.975548,6.22812e-07,3.93504,0.323098
2092.2917,284.356,283.27,2.67954,0.219055,1.33485,0.0100792,0.00410294,0.00242808,0.00597629,1.55387e-07,2.75201e-05,1.29485e-07,2.08719e-09,1.65929e-05,0.00366283,0.14736,183.871,0.100575,0.000889658,7.58263e-10,6.42261e-07,6.04618e-06,4.60924e-18,4.03664e-05,4.00799e-05,8.48489e-07,6.51129e-22,2.89772e-06,2.97998e-06,9.2026,88.4104,5.26149,0.365625,76.5182,0.321016,6.42263,0.00529693,0.321016,2.32408,0.0869071,-0.295036,0.498023,0.00629334,-0.891054,0.00802544,0.00984564,0.00764323,0.00479427,-0.891054,0.00745011,1.83937,1.1054,0.000458934,0.153311,0.000802544,0.00164094,0.000321016,0.000774881,0.153311,1.90341,6.43019e-07,3.94111,0.326313
2092.3750,294.802,293.203,3.06093,0.130878,2.3741,0.0143073,0.00614814,0.00198921,0.00815914,2.6263e-07,4.2316e-05,2.12883e-07,8.20952e-09,2.01342e-05,0.0037557,0.407198,239.337,0.151658,0.0009313,4.55224e-09,7.11923e-07,1.24079e-08,4.88297e-18,3.40686e-05,6.77982e-05,2.22844e-09,6.89679e-22,2.40156e-06,5.0107e-06,9.34563,88.5316,5.31933,0.347642,76.5174,0.34442,6.46739,0.00623486,0.34442,2.32092,0.0881096,-0.294735,0.497535,0.00593336,-0.8911,0.00861053,0.00990826,0.00820046,0.00478763,-0.8911,0.0075383,1.83939,1.10536,0.000433618,0.153308,0.000861053,0.00165138,0.00034442,0.000773827,0.153308,2.78678,7.16475e-07,4.0263,0.350654
2092.4583,297.283,295.982,3.29207,0.13728,1.87278,0.0110029,0.00619319,0.00203537,0.00480967,1.91043e-07,3.41477e-05,1.52508e-07,7.39164e-09,1.78581e-05,0.00381841,0.441426,229.099,0.12417,0.000972921,4.64993e-09,7.79591e-07,1.43103e-06,5.07855e-18,3.19541e-05,5.15998e-05,1.74198e-07,7.17136e-22,2.43466e-06,3.82987e-06,9.48227,88.6598,5.37784,0.340496,76.5175,0.367764,6.51311,0.0071359,0.367764,2.31946,0.0893366,-0.294383,0.496762,0.00580239,-0.891069,0.00919414,0.00997259,0.00875628,0.00478466,-0.891069,0.00762846,1.83941,1.10531,0.00042291,0.153307,0.000919414,0.0016621,0.000367764,0.000773341,0.153307,2.34514,7.84241e-07,4.10443,0.3749
2092.5417,294.78,294.212,3.45354,0.125917,1.21087,0.00716663,0.00545225,0.001747,0.00171438,1.08009e-07,2.24616e-05,8.57775e-08,4.11893e-09,1.4968e-05,0.00406757,0.355667,201.293,0.0832634,0.0010018,2.49545e-09,8.20508e-07,7.20438e-07,5.18087e-18,2.86603e-05,3.08562e-05,1.06612e-07,7.31568e-22,2.08462e-06,2.3165e-06,9.56993,88.736,5.42015,0.332639,76.5172,0.383881,6.54715,0.00772052,0.383881,2.31629,0.0902003,-0.29402,0.496398,0.00566461,-0.891061,0.00959707,0.0100211,0.00914003,0.00477822,-0.891061,0.0076922,1.83943,1.10528,0.000411023,0.153305,0.000959707,0.00167018,0.000383881,0.000772284,0.153305,1.48763,8.23004e-07,4.14978,0.391602
2092.6250,288.801,288.852,3.45058,0.136154,0.566525,0.00409003,0.00433836,0.00156105,-0.000248329,4.88515e-08,1.28741e-05,3.91512e-08,1.32646e-09,1.15031e-05,0.00342199,0.180333,154.593,0.0505321,0.00100163,5.28614e-10,8.05928e-07,5.78197e-09,5.22793e-18,2.15972e-05,1.53929e-05,1.96269e-09,7.3797e-22,1.78801e-06,1.18708e-06,9.55121,88.7237,5.42421,0.33695,76.5182,0.383589,6.55281,0.00763987,0.383589,2.31726,0.0901896,-0.29362,0.496604,0.00576073,-0.890955,0.00958978,0.0100303,0.00913308,0.00478041,-0.890955,0.00769208,1.83946,1.1053,0.000416046,0.153307,0.000958978,0.00167172,0.000383589,0.000772608,0.153307,0.836304,8.06457e-07,4.127,0.391229
2092.7083,279.212,280.246,3.15584,0.137584,0.127806,0.00100018,0.00277577,0.00120448,-0.00177559,1.70639e-09,7.15676e-07,1.37474e-09,3.66843e-11,1.77187e-06,0.000702277,0.0193306,23.6165,0.00251141,0.000991061,1.10959e-11,7.70432e-07,7.96001e-09,5.22265e-18,1.5994e-05,2.91198e-06,2.70101e-09,7.36987e-22,1.34207e-06,2.78656e-07,9.50022,88.6825,5.41442,0.343005,76.52,0.37743,6.5481,0.00733191,0.37743,2.31924,0.0898629,-0.293218,0.497036,0.00588963,-0.890791,0.0094358,0.0100251,0.00898643,0.00478468,-0.890791,0.00766893,1.83948,1.10533,0.000423758,0.153311,0.00094358,0.00167085,0.00037743,0.00077327,0.153311,0.279786,7.70443e-07,4.0858,0.384762
2092.7917,270.68,271.578,0.332591,0.14976,0.00586531,3.03292e-05,0.00167706,0.000628383,-0.00164673,0,0,0,0,0,0,0,0,0,0.000974552,0,7.2521e-07,8.66666e-11,5.23848e-18,8.55117e-06,2.40019e-06,3.23816e-11,7.38822e-22,6.57155e-07,2.40019e-07,9.4398,88.6435,5.39654,0.35719,76.5221,0.367931,6.5372,0.00690457,0.367931,2.32437,0.0893541,-0.292824,0.497461,0.00617968,-0.890614,0.00919833,0.0100112,0.00876027,0.00479542,-0.890614,0.00763249,1.83951,1.10536,0.000443667,0.153317,0.000919833,0.00166853,0.000367931,0.000774979,0.153317,0.334952,7.2521e-07,4.04325,0.374836
2092.8750,271.149,271.483,0,0.118711,0,0,0.00151171,0.000319729,-0.00151171,0,0,0,0,0,0,0,0,0,0.000958409,0,6.89523e-07,6.76216e-25,5.26831e-18,4.40743e-06,2.33966e-06,2.70094e-25,7.42385e-22,2.80043e-07,2.33966e-07,9.38664,88.6288,5.37887,0.385312,76.5232,0.358652,6.52629,0.00650147,0.358652,2.33366,0.0888541,-0.29243,0.497679,0.00675717,-0.890535,0.00896634,0.00999709,0.00853933,0.00481474,-0.890535,0.00759664,1.83953,1.10537,0.000484257,0.153321,0.000896634,0.00166618,0.000358652,0.000778073,0.153321,0.554681,6.89523e-07,4.00777,0.365153
2092.9583,269.99,270.419,0,0.121426,0,0,0.0012468,0.000342781,-0.0012468,0,0,0,0,0,0,0,0,0,0.000942403,0,6.55117e-07,1.45532e-27,5.25946e-18,2.04006e-06,2.27969e-06,5.94121e-28,7.4046e-22,2.71589e-07,2.27969e-07,9.33706,88.6189,5.36116,0.413007,76.5252,0.349459,6.51521,0.0061158,0.349459,2.34359,0.0883559,-0.292039,0.49783,0.00732359,-0.890384,0.00873653,0.00998262,0.00832046,0.00483536,-0.890384,0.00756086,1.83955,1.10538,0.000524459,0.153327,0.000873653,0.00166377,0.000349459,0.000781384,0.153327,0.151113,6.55117e-07,3.9759,0.355575
2093.0417,269.779,270.108,0,0.125395,0,0,0.00135091,0.000333947,-0.00135091,0,0,0,0,0,0,0,0,0,0.000927536,0,6.14694e-07,2.16725e-41,5.26325e-18,6.29238e-08,2.22404e-06,7.62727e-42,7.40396e-22,2.39686e-07,2.22404e-07,9.29041,88.6093,5.34453,0.437516,76.5283,0.340929,6.50469,0.0057699,0.340929,2.35313,0.0878907,-0.291676,0.497897,0.00782541,-0.890144,0.00852326,0.00996874,0.00811735,0.00485512,-0.890144,0.0075274,1.83957,1.10539,0.000559634,0.153336,0.000852326,0.00166146,0.000340929,0.000784563,0.153336,0.231522,6.14694e-07,3.94588,0.346699
2093.1250,271.772,271.847,0,0.146112,0,0,0.0015412,0.000421048,-0.0015412,0,0,0,0,0,0,0,0,0,0.000913025,0,5.87395e-07,3.68885e-08,5.25645e-18,-3.60963e-06,2.16978e-06,2.75861e-09,7.3889e-22,2.74253e-07,2.16978e-07,9.24077,88.596,5.32813,0.460535,76.5319,0.33261,6.49418,0.00544387,0.33261,2.36271,0.0874344,-0.291322,0.497919,0.00829669,-0.889847,0.00831529,0.00995475,0.00791928,0.00487493,-0.889847,0.00749453,1.8396,1.10539,0.000592558,0.153346,0.000831529,0.00165912,0.00033261,0.000787758,0.153346,0.532316,5.87395e-07,3.91264,0.338054
2093.2083,280.345,279.682,2.35915,0.280498,0.631152,0.00520125,0.00299225,0.00286957,0.002209,4.44324e-08,1.0021e-05,3.72508e-08,3.62717e-10,9.39058e-06,0.0026041,0.0545893,102.182,0.0397253,0.000902379,7.4684e-11,5.78453e-07,5.1134e-05,4.63606e-18,2.26211e-05,1.31332e-05,5.52338e-06,6.53708e-22,3.0149e-06,1.01111e-06,9.19518,88.5447,5.3164,0.43774,76.5464,0.326498,6.48688,0.00520657,0.326498,2.36538,0.087082,-0.292214,0.496687,0.00776829,-0.888631,0.00816249,0.0099451,0.00777376,0.00488033,-0.888631,0.00746916,1.83962,1.10543,0.000557256,0.153386,0.000816249,0.00165752,0.000326498,0.000788646,0.153386,1.03702,5.78528e-07,3.87878,0.331704
2093.2917,287.658,286.703,2.95259,0.183046,1.47693,0.0105904,0.00460402,0.00258025,0.00598637,1.67382e-07,2.88795e-05,1.3788e-07,3.18611e-09,1.78083e-05,0.0038061,0.198559,196.663,0.109524,0.000914592,1.22179e-09,6.03624e-07,3.6645e-06,4.70277e-18,3.9492e-05,4.36337e-05,5.53851e-07,6.64251e-22,3.08246e-06,3.23344e-06,9.22352,88.537,5.33311,0.400961,76.5515,0.333382,6.49965,0.00543469,0.333382,2.36102,0.0873684,-0.292317,0.496628,0.00698014,-0.888164,0.00833461,0.00996323,0.00793768,0.00487113,-0.888164,0.00749021,1.83964,1.10547,0.000504746,0.153399,0.00083346,0.00166054,0.000333382,0.000787193,0.153399,1.92174,6.04846e-07,3.89041,0.338817
2093.3750,295.628,294.18,3.19056,0.128102,2.21109,0.0131593,0.00601885,0.0020025,0.00714042,2.4038e-07,3.93333e-05,1.93519e-07,8.1357e-09,2.05149e-05,0.00395766,0.430206,244.126,0.147466,0.000957262,4.68429e-09,6.73786e-07,1.45508e-07,4.96716e-18,2.95265e-05,6.33891e-05,2.56273e-08,7.01698e-22,2.39763e-06,4.67801e-06,9.35203,88.6454,5.38812,0.382303,76.5525,0.357551,6.53974,0.00626117,0.357551,2.35858,0.0885342,-0.291972,0.496059,0.00660714,-0.888038,0.00893881,0.0100194,0.00851311,0.00486601,-0.888038,0.00757547,1.83966,1.10543,0.0004789,0.153399,0.000893881,0.0016699,0.000357551,0.000786381,0.153399,2.61733,6.7847e-07,3.96391,0.363812
2093.4583,299.26,297.942,3.40116,0.144215,1.51717,0.00907576,0.00597567,0.0022576,0.00310009,1.48996e-07,2.77043e-05,1.18203e-07,6.27536e-09,1.6847e-05,0.00378563,0.446921,214.151,0.106121,0.000994649,4.28511e-09,7.36578e-07,9.60372e-06,5.1295e-18,3.22516e-05,4.12871e-05,1.28024e-06,7.24808e-22,2.71823e-06,3.07013e-06,9.45705,88.7406,5.43716,0.372427,76.5542,0.378672,6.57604,0.00695123,0.378672,2.35693,0.0895815,-0.291621,0.49535,0.00642218,-0.887838,0.00946685,0.0100706,0.00901601,0.00486261,-0.887838,0.00765225,1.83968,1.10539,0.000464301,0.153401,0.000946685,0.00167844,0.000378672,0.00078583,0.153401,2.15388,7.40863e-07,4.01989,0.385623
2093.5417,291.803,291.725,3.53752,0.227024,1.08516,0.0086231,0.00582559,0.00318566,0.00279751,1.37822e-07,2.63204e-05,1.09901e-07,4.67502e-09,1.51966e-05,0.00339055,0.293808,202.345,0.10111,0.00101869,2.37946e-09,7.75688e-07,3.09644e-05,4.90472e-18,6.2373e-05,3.93783e-05,4.46347e-06,6.94667e-22,4.06051e-06,2.93366e-06,9.51869,88.7639,5.47006,0.345861,76.5514,0.392196,6.60123,0.0073537,0.392196,2.34789,0.0902643,-0.292147,0.494812,0.00590727,-0.887974,0.00980495,0.0101067,0.00933801,0.00484393,-0.887974,0.00770258,1.83971,1.10542,0.000427403,0.153389,0.000980495,0.00168445,0.000392196,0.000782817,0.153389,1.68871,7.78068e-07,4.04862,0.39955
2093.6250,288.21,288.33,3.60157,0.191414,0.831217,0.00518641,0.00485057,0.0024197,0.000335848,6.61787e-08,1.4967e-05,5.28664e-08,1.83708e-09,1.14087e-05,0.00313627,0.173143,154.62,0.0592588,0.00103007,7.67485e-10,7.85536e-07,6.95548e-06,4.91633e-18,4.95486e-05,2.0463e-05,1.12929e-06,6.96701e-22,3.07293e-06,1.55696e-06,9.54397,88.7572,5.48744,0.328539,76.545,0.398516,6.61561,0.00749185,0.398516,2.33961,0.0905862,-0.292229,0.495231,0.00557265,-0.888446,0.00996295,0.0101279,0.00948848,0.00482687,-0.888446,0.00772667,1.83973,1.10547,0.000404218,0.153369,0.000996295,0.00168799,0.000398516,0.000780058,0.153369,1.13135,7.86304e-07,4.05653,0.406008
2093.7083,276.214,277.066,1.9719,0.335064,0.0721203,0.000727478,0.00252609,0.00171177,-0.00179861,2.63747e-09,8.9796e-07,2.12348e-09,4.69691e-11,1.28349e-06,0.000481789,0.0124334,17.2943,0.00355013,0.00101989,1.16919e-11,7.6207e-07,1.09404e-05,4.79576e-18,3.46918e-05,3.27367e-06,2.00123e-06,6.79415e-22,2.11445e-06,3.07548e-07,9.49995,88.7045,5.47799,0.326556,76.5411,0.39258,6.61104,0.00719776,0.39258,2.33685,0.0902703,-0.292036,0.496081,0.00553895,-0.888748,0.00981455,0.0101228,0.00934715,0.00482125,-0.888748,0.00770437,1.83976,1.10553,0.000401948,0.153357,0.000981455,0.00168714,0.00039258,0.000779136,0.153357,0.635855,7.62082e-07,4.02196,0.399778
2093.7917,267.422,268.191,0,0.164849,0,0,0.00142794,0.000197655,-0.00142794,0,0,0,0,0,0,0,0,0,0.00100275,0,7.27777e-07,7.63864e-10,5.10071e-18,6.26261e-06,2.49658e-06,1.91715e-10,7.22138e-22,2.33103e-07,2.49658e-07,9.44347,88.673,5.45966,0.347905,76.5392,0.382707,6.60004,0.00677843,0.382707,2.34246,0.0897468,-0.291783,0.496578,0.00597904,-0.88892,0.00956773,0.0101087,0.00911208,0.00483297,-0.88892,0.00766696,1.83978,1.10556,0.000433036,0.153352,0.000956773,0.00168479,0.000382707,0.000781007,0.153352,0.305183,7.27777e-07,3.98381,0.389486
2093.8750,269.901,270.123,0,0.149989,0,0,0.00135946,9.72346e-05,-0.00135946,0,0,0,0,0,0,0,0,0,0.000985975,0,6.81732e-07,0,5.29498e-18,2.00192e-06,2.43362e-06,0,7.49028e-22,8.44264e-08,2.43362e-07,9.39371,88.6718,5.44153,0.385929,76.539,0.373055,6.58902,0.00638269,0.373055,2.35318,0.0892322,-0.291374,0.496716,0.00677193,-0.888949,0.00932642,0.0100944,0.00888226,0.00485525,-0.888949,0.00763012,1.83981,1.10556,0.000487058,0.153352,0.000932642,0.0016824,0.000373055,0.00078458,0.153352,0.173112,6.81732e-07,3.95218,0.379438
2093.9583,271.878,272.011,0,0.149989,0,0,0.0014137,0.000114346,-0.0014137,0,0,0,0,0,0,0,0,0,0.000969345,0,6.38456e-07,0,5.27327e-18,1.51311e-06,2.37124e-06,0,7.45354e-22,8.16545e-08,2.37124e-07,9.34269,88.6691,5.42337,0.422947,76.5394,0.363493,6.57784,0.00600407,0.363493,2.3641,0.0887193,-0.290969,0.496813,0.00754366,-0.888922,0.00908738,0.0100797,0.0086546,0.0048779,-0.888922,0.00759336,1.83983,1.10556,0.000539834,0.153353,0.000908738,0.00167995,0.000363493,0.00078822,0.153353,0.209398,6.38456e-07,3.91932,0.369497
2094.0417,270.96,271.13,0,0.149989,0,0,0.00135475,0.000120427,-0.00135475,0,0,0,0,0,0,0,0,0,0.000953898,0,6.00933e-07,0,5.25065e-18,1.16659e-06,2.31336e-06,0,7.4158e-22,7.7163e-08,2.31336e-07,9.29516,88.6664,5.40632,0.456611,76.5401,0.35462,6.56722,0.00566449,0.35462,2.37446,0.0882406,-0.290593,0.496893,0.00824507,-0.888871,0.00886555,0.0100656,0.00844334,0.00489936,-0.888871,0.007559,1.83985,1.10557,0.000588071,0.153356,0.000886555,0.00167761,0.00035462,0.000791675,0.153356,0.286277,6.00933e-07,3.88884,0.360285
2094.1250,271.224,271.35,0,0.149989,0,0,0.00140883,0.000126282,-0.00140883,0,0,0,0,0,0,0,0,0,0.000938822,0,5.71975e-07,0,5.2408e-18,8.54829e-07,2.25691e-06,0,7.39623e-22,7.39862e-08,2.25691e-07,9.24613,88.661,5.38951,0.489004,76.5411,0.345967,6.55661,0.00534442,0.345967,2.38481,0.0877711,-0.290226,0.496961,0.00892018,-0.8888,0.00864922,0.0100515,0.00823731,0.00492074,-0.8888,0.00752525,1.83987,1.10557,0.000634666,0.153359,0.000864922,0.00167524,0.000345967,0.000795126,0.153359,0.334684,5.71975e-07,3.85662,0.351312
2094.2083,275.74,274.998,1.05616,0.317746,0.378491,0.0028956,0.00230861,0.00194997,0.000586988,2.62778e-08,5.61299e-06,2.22748e-08,1.28963e-10,4.21097e-06,0.00105314,0.0251694,48.8328,0.0220933,0.000924684,2.604e-11,5.49681e-07,5.62597e-05,4.92035e-18,-2.07196e-05,8.95183e-06,5.69945e-06,6.95112e-22,1.42143e-06,7.10492e-07,9.19566,88.6401,5.37372,0.499351,76.5518,0.337857,6.54662,0.00505441,0.337857,2.39339,0.0873276,-0.290628,0.495922,0.00909639,-0.887912,0.00844646,0.010038,0.0080442,0.00493838,-0.887912,0.00749334,1.8399,1.10557,0.000646602,0.153389,0.000844646,0.001673,0.000337857,0.000797983,0.153389,0.758314,5.49707e-07,3.82194,0.342911
2094.2917,289.684,288.47,3.05432,0.237401,1.84168,0.0123039,0.00505512,0.00362018,0.00724879,1.78261e-07,3.10471e-05,1.47897e-07,3.80396e-09,1.71851e-05,0.00358275,0.241967,202.187,0.116923,0.000935198,1.59966e-09,5.88761e-07,1.93194e-05,4.4442e-18,4.67418e-05,4.78829e-05,3.59058e-06,6.31174e-22,4.19639e-06,3.54588e-06,9.22685,88.6196,5.38869,0.429644,76.5754,0.343761,6.55841,0.00527242,0.343761,2.38763,0.0876356,-0.292064,0.493718,0.00754691,-0.885891,0.00859408,0.0100547,0.00818479,0.00492625,-0.885891,0.00751608,1.83992,1.10561,0.000542875,0.153452,0.000859408,0.00167578,0.000343761,0.000796064,0.153452,2.45877,5.9036e-07,3.83816,0.349034
2094.3750,294.891,293.849,3.29411,0.24076,2.19339,0.015167,0.00667209,0.00388373,0.00849488,2.61687e-07,4.16473e-05,2.11869e-07,8.92178e-09,1.92391e-05,0.0036257,0.407674,241.981,0.154168,0.000977963,5.16686e-09,6.80837e-07,3.34638e-05,4.48649e-18,6.90722e-05,7.08218e-05,5.04403e-06,6.3882e-22,4.8967e-06,5.22444e-06,9.37592,88.705,5.44437,0.37706,76.5759,0.367959,6.59934,0.00612974,0.367959,2.37614,0.0889403,-0.2924,0.493004,0.00649552,-0.885741,0.00919902,0.010112,0.00876093,0.0049023,-0.885741,0.00761157,1.83994,1.10562,0.000470339,0.153449,0.000919902,0.00168533,0.000367959,0.000792234,0.153449,3.07376,6.86004e-07,3.93155,0.374089
2094.4583,295.607,295.03,3.59244,0.197824,2.05332,0.013978,0.00712719,0.0031863,0.00685081,2.39533e-07,3.95211e-05,1.90662e-07,9.25056e-09,1.77914e-05,0.00345037,0.431933,243.007,0.146686,0.00103038,5.75618e-09,7.77005e-07,1.3842e-05,4.59959e-18,6.54738e-05,6.72173e-05,1.77019e-06,6.55908e-22,4.12395e-06,4.96691e-06,9.55937,88.8315,5.51284,0.340334,76.5687,0.397598,6.64982,0.00714982,0.397598,2.36305,0.0905611,-0.292719,0.492306,0.0057791,-0.88624,0.00994001,0.0101828,0.00946663,0.00487514,-0.88624,0.00773034,1.83996,1.1056,0.000420475,0.153424,0.000994001,0.00169714,0.000397598,0.00078787,0.153424,2.74497,7.82762e-07,4.04654,0.404748
2094.5417,293.09,292.798,3.77989,0.240405,1.29355,0.00931898,0.00638469,0.00328284,0.00293429,1.39614e-07,2.71503e-05,1.10984e-07,4.7964e-09,1.44983e-05,0.00325601,0.31165,209.334,0.103676,0.00106303,2.55576e-09,8.24628e-07,4.26853e-05,4.53212e-18,7.305e-05,4.14345e-05,5.37251e-06,6.47079e-22,4.29078e-06,3.08859e-06,9.66928,88.8984,5.55728,0.318492,76.5593,0.415971,6.68371,0.00773529,0.415971,2.35131,0.0915857,-0.293181,0.49197,0.00536092,-0.886948,0.0103993,0.0102311,0.00990407,0.0048509,-0.886948,0.00780579,1.83999,1.10562,0.000390984,0.153394,0.00103993,0.00170518,0.000415971,0.000783958,0.153394,1.944,8.27184e-07,4.112,0.423706
2094.6250,287.81,288.086,3.83097,0.16852,0.8786,0.00525104,0.00490156,0.00216724,0.000349476,6.11026e-08,1.4556e-05,4.87681e-08,1.65807e-09,1.08274e-05,0.00302792,0.169963,158.687,0.0580062,0.0010721,6.84593e-10,8.36e-07,2.50634e-06,4.60252e-18,4.86278e-05,1.98654e-05,4.1508e-07,6.57382e-22,2.75987e-06,1.51766e-06,9.69164,88.8907,5.57248,0.307182,76.5498,0.420941,6.69701,0.00782992,0.420941,2.34215,0.0918851,-0.293448,0.492398,0.0051497,-0.887713,0.0105236,0.0102509,0.0100224,0.00483206,-0.887713,0.0078284,1.84002,1.10567,0.000376194,0.153366,0.00105236,0.00170848,0.000420941,0.000780905,0.153366,1.06706,8.36684e-07,4.11916,0.428771
2094.7083,276.475,277.554,3.05072,0.179955,0.131897,0.000944288,0.0026808,0.00134789,-0.00173652,1.48289e-09,6.69597e-07,1.19789e-09,1.89578e-11,1.4378e-06,0.000658375,0.0109751,20.9537,0.00237996,0.00106038,3.61916e-12,7.99758e-07,1.44923e-07,4.67003e-18,2.54267e-05,3.11843e-06,3.17969e-08,6.66265e-22,1.5939e-06,3.00112e-07,9.64702,88.851,5.56167,0.315316,76.5466,0.414106,6.69183,0.00750575,0.414106,2.34209,0.0915374,-0.29301,0.493288,0.0053158,-0.887983,0.0103527,0.0102451,0.00985968,0.00483208,-0.887983,0.00780392,1.84004,1.10571,0.000387655,0.153358,0.00103527,0.00170751,0.000414106,0.000780884,0.153358,0.39217,7.99761e-07,4.08535,0.421612
2094.7917,269.705,270.29,0,0.316627,0,0,0.00147169,0.00028248,-0.00147169,0,0,0,0,0,0,0,0,0,0.00104231,0,7.56162e-07,8.19921e-12,4.83782e-18,7.81722e-06,2.63344e-06,2.33458e-12,6.89484e-22,3.12707e-07,2.63344e-07,9.58987,88.8242,5.54268,0.339966,76.5458,0.403686,6.6807,0.0070683,0.403686,2.34856,0.0909911,-0.292583,0.493825,0.00581964,-0.888064,0.0100922,0.0102309,0.00961158,0.00484562,-0.888064,0.00776497,1.84007,1.10574,0.000422949,0.153356,0.00100922,0.00170515,0.000403686,0.00078304,0.153356,0.226921,7.56162e-07,4.04719,0.410755
2094.8750,269.852,270.197,0,0.316157,0,0,0.00134493,0.000198674,-0.00134493,0,0,0,0,0,0,0,0,0,0.00102464,0,7.05588e-07,6.18999e-27,4.8945e-18,4.20769e-06,2.56702e-06,1.77478e-27,6.96885e-22,1.81794e-07,2.56702e-07,9.54064,88.8224,5.52392,0.377084,76.5457,0.393505,6.66954,0.00665564,0.393505,2.35903,0.0904543,-0.292153,0.494032,0.00658661,-0.888094,0.00983767,0.0102165,0.00936917,0.00486741,-0.888094,0.00772666,1.8401,1.10575,0.000476091,0.153357,0.000983767,0.00170274,0.000393505,0.00078653,0.153357,0.148849,7.05588e-07,4.01672,0.400161
2094.9583,269.702,269.97,0,0.316157,0,0,0.00128903,0.000181851,-0.00128903,0,0,0,0,0,0,0,0,0,0.00100713,0,6.5829e-07,1.07213e-34,4.95981e-18,2.55672e-06,2.50123e-06,3.29921e-35,7.05535e-22,1.41535e-07,2.50123e-07,9.49111,88.8209,5.50513,0.413753,76.5463,0.383419,6.65822,0.00626083,0.383419,2.36981,0.0899196,-0.291727,0.494179,0.00734501,-0.88806,0.00958553,0.0102017,0.00912903,0.00488979,-0.88806,0.00768843,1.84012,1.10575,0.000528652,0.153359,0.000958553,0.00170028,0.000383419,0.000790123,0.153359,0.129052,6.5829e-07,3.98598,0.38968
2095.0417,269.542,269.767,0,0.316157,0,0,0.00127652,0.000174682,-0.00127652,0,0,0,0,0,0,0,0,0,0.00099086,0,6.14898e-07,0,5.00319e-18,1.63483e-06,2.44017e-06,0,7.11117e-22,1.20638e-07,2.44017e-07,9.44559,88.8204,5.48749,0.447502,76.5472,0.37406,6.64747,0.00590672,0.37406,2.3801,0.0894206,-0.291333,0.49428,0.00804364,-0.887988,0.00935154,0.0101875,0.00890618,0.00491111,-0.887988,0.0076527,1.84014,1.10575,0.000577102,0.153362,0.000935154,0.00169792,0.00037406,0.000793554,0.153362,0.175934,6.14898e-07,3.9581,0.379966
2095.1250,270.564,270.69,0,0.316157,0,0,0.00144185,0.000180116,-0.00144185,0,0,0,0,0,0,0,0,0,0.000974982,0,5.84203e-07,0,5.01416e-18,1.20658e-06,2.38063e-06,0,7.12109e-22,1.15674e-07,2.38063e-07,9.39726,88.8163,5.47011,0.480055,76.5486,0.364932,6.63673,0.00557296,0.364932,2.3904,0.0889312,-0.290948,0.49436,0.00871786,-0.887889,0.00912335,0.0101732,0.00868886,0.0049324,-0.887889,0.00761761,1.84017,1.10576,0.000623962,0.153367,0.000912335,0.00169553,0.000364932,0.000796986,0.153367,0.511621,5.84203e-07,3.92715,0.370505
2095.2083,275.118,274.444,1.43753,0.572974,0.35901,0.0031804,0.00228181,0.00228964,0.00089859,2.11885e-08,5.38095e-06,1.79737e-08,6.80429e-11,4.06262e-06,0.00126901,0.0178394,55.6469,0.0194901,0.00095974,1.12643e-11,5.80851e-07,6.41585e-05,4.59927e-18,-1.76932e-05,7.9691e-06,5.81696e-06,6.54475e-22,1.82967e-06,6.44714e-07,9.34538,88.7825,5.45351,0.473113,76.5669,0.356168,6.62655,0.00526811,0.356168,2.39708,0.0884668,-0.291566,0.492869,0.0085119,-0.88636,0.00890425,0.0101596,0.00848019,0.00494614,-0.88636,0.00758431,1.84019,1.10577,0.000608642,0.153417,0.000890425,0.00169326,0.000356168,0.000799214,0.153417,1.17938,5.80862e-07,3.89187,0.361436
2095.2917,286.158,285.116,3.1755,0.243169,1.488,0.0114632,0.00432211,0.00321,0.0071411,1.45328e-07,2.87873e-05,1.21236e-07,2.02507e-09,1.47789e-05,0.00355806,0.154715,200.322,0.100045,0.000959911,6.12209e-10,6.10671e-07,1.75299e-05,4.17571e-18,4.22575e-05,4.05298e-05,3.14994e-06,5.96744e-22,3.68536e-06,3.02985e-06,9.37324,88.7689,5.45887,0.420623,76.583,0.356046,6.63368,0.00537123,0.356046,2.39208,0.0886203,-0.292512,0.491547,0.00736157,-0.884977,0.0089012,0.0101698,0.00847728,0.00493559,-0.884977,0.00759618,1.84021,1.10582,0.000531078,0.15346,0.00089012,0.00169497,0.000356046,0.000797546,0.15346,1.87598,6.11283e-07,3.91437,0.361417
2095.3750,294.238,292.777,3.32061,0.137867,2.59918,0.0159921,0.00617931,0.00234393,0.00981275,2.60178e-07,4.45195e-05,2.11392e-07,7.86513e-09,1.78571e-05,0.00350743,0.388872,248.806,0.150886,0.000986361,4.26747e-09,6.83009e-07,1.8747e-07,4.43794e-18,3.59136e-05,7.08828e-05,3.19578e-08,6.3472e-22,2.79202e-06,5.26126e-06,9.53898,88.9005,5.50219,0.389217,76.5853,0.370622,6.67104,0.00614686,0.370622,2.38704,0.0897941,-0.292307,0.490978,0.00672719,-0.884731,0.00926561,0.0102221,0.00882434,0.00492503,-0.884731,0.00768295,1.84024,1.10579,0.000487957,0.153464,0.000926561,0.00170369,0.000370622,0.000795866,0.153464,2.98708,6.87277e-07,4.03679,0.376769
2095.4583,294.843,293.927,3.47884,0.131606,1.50692,0.0104763,0.00548904,0.00184758,0.00498726,1.61668e-07,3.31242e-05,1.29795e-07,5.66709e-09,1.66772e-05,0.00394215,0.402659,242.263,0.11595,0.00101501,3.21854e-09,7.52403e-07,5.6012e-07,4.6635e-18,2.42412e-05,4.57011e-05,6.50232e-08,6.66936e-22,2.15023e-06,3.41327e-06,9.70095,89.0549,5.5492,0.380771,76.587,0.386391,6.71166,0.00694556,0.386391,2.3862,0.0910079,-0.291906,0.490141,0.00656504,-0.884544,0.00965982,0.0102793,0.00919979,0.0049233,-0.884544,0.00777276,1.84026,1.10574,0.000475984,0.153467,0.000965982,0.00171322,0.000386391,0.000795586,0.153467,1.95294,7.55622e-07,4.15175,0.393337
2095.5417,292.775,292.406,3.5698,0.217223,1.13286,0.0087724,0.00589597,0.00302073,0.00287643,1.27761e-07,2.68144e-05,1.02262e-07,4.32668e-09,1.37552e-05,0.00332937,0.304252,204.64,0.0943165,0.00103159,2.28614e-09,7.87386e-07,3.18877e-05,4.57381e-18,5.04519e-05,3.70396e-05,3.81705e-06,6.54795e-22,3.72375e-06,2.7804e-06,9.79059,89.1239,5.57938,0.363717,76.5882,0.395385,6.7392,0.00740493,0.395385,2.38144,0.0917377,-0.291818,0.489657,0.00623764,-0.884364,0.00988468,0.0103186,0.00941394,0.0049135,-0.884364,0.00782713,1.84028,1.10573,0.000451554,0.153466,0.000988468,0.00171977,0.000395385,0.000794,0.153466,1.83079,7.89672e-07,4.2112,0.40279
2095.6250,286.698,286.861,3.5827,0.181205,0.709129,0.00484813,0.00452978,0.00229616,0.000318349,5.51506e-08,1.41619e-05,4.45356e-08,1.2886e-09,1.02629e-05,0.00313058,0.141656,153.708,0.0518081,0.00103439,4.36043e-10,7.92391e-07,2.59424e-06,4.50134e-18,4.43152e-05,1.75962e-05,4.09805e-07,6.45382e-22,2.85572e-06,1.35514e-06,9.81262,89.114,5.58984,0.343479,76.5842,0.396658,6.75113,0.00749045,0.396658,2.37369,0.0919461,-0.292143,0.489796,0.00584253,-0.884625,0.0099165,0.0103364,0.00944424,0.00489753,-0.884625,0.00784328,1.84031,1.10579,0.000424233,0.153452,0.00099165,0.00172274,0.000396658,0.000791416,0.153452,0.915675,7.92827e-07,4.22278,0.404149
2095.7083,273.27,274.355,2.27599,0.306627,0.06852,0.000588906,0.00225298,0.0012928,-0.00166407,6.10248e-10,3.01445e-07,4.95546e-10,8.87103e-12,5.88701e-07,0.000297376,0.00504596,8.7192,0.000962674,0.00102176,1.73465e-12,7.62914e-07,6.52896e-07,4.52615e-18,2.4171e-05,2.70512e-06,1.12505e-07,6.48502e-22,1.54477e-06,2.65921e-07,9.76627,89.0654,5.57802,0.344153,76.582,0.389302,6.74534,0.00717442,0.389302,2.37295,0.0915866,-0.29175,0.490695,0.00585908,-0.884787,0.00973259,0.0103296,0.00926909,0.0048961,-0.884787,0.00781785,1.84033,1.10584,0.000425705,0.153445,0.000973259,0.0017216,0.000389302,0.00079117,0.153445,0.503167,7.62916e-07,4.18825,0.396476
2095.7917,266.612,267.247,0,0.321521,0,0,0.00138789,9.10883e-05,-0.00138789,0,0,0,0,0,0,0,0,0,0.0010047,0,7.20902e-07,7.59482e-20,4.83999e-18,3.22545e-06,2.47557e-06,2.20594e-20,6.92866e-22,1.03851e-07,2.47557e-07,9.71071,89.045,5.55955,0.371943,76.5814,0.379486,6.73409,0.00675562,0.379486,2.38095,0.0910628,-0.291343,0.491093,0.00643212,-0.884844,0.0094872,0.0103151,0.00903538,0.00491277,-0.884844,0.00778036,1.84036,1.10586,0.000465352,0.153443,0.00094872,0.00171918,0.000379486,0.000793837,0.153443,0.203077,7.20902e-07,4.15116,0.386242
2095.8750,267.396,267.698,0,0.321521,0,0,0.00127853,5.57561e-05,-0.00127853,0,0,0,0,0,0,0,0,0,0.000988047,0,6.73937e-07,0,4.97288e-18,1.34182e-06,2.41314e-06,0,7.11345e-22,4.91817e-08,2.41314e-07,9.66032,89.0445,5.54133,0.410984,76.5812,0.369915,6.72284,0.00636121,0.369915,2.39204,0.090549,-0.290937,0.4912,0.00724567,-0.884867,0.00924792,0.0103004,0.0088075,0.00493579,-0.884867,0.00774353,1.84038,1.10586,0.000520408,0.153443,0.000924792,0.00171674,0.000369915,0.000797533,0.153443,0.156856,6.73937e-07,4.11899,0.376276
2095.9583,267.418,267.723,0,0.321521,0,0,0.00124873,4.89578e-05,-0.00124873,0,0,0,0,0,0,0,0,0,0.00097154,0,6.30236e-07,0,5.03662e-18,8.72647e-07,2.35129e-06,0,7.19926e-22,3.59527e-08,2.35129e-07,9.61014,89.0445,5.52307,0.449651,76.5813,0.360434,6.71143,0.00598387,0.360434,2.40333,0.0900369,-0.290535,0.491277,0.00805262,-0.884861,0.00901089,0.0102854,0.00858176,0.00495919,-0.884861,0.00770678,1.84041,1.10586,0.000575002,0.153444,0.000901089,0.00171423,0.000360434,0.000801297,0.153444,0.184965,6.30236e-07,4.08707,0.366418
2096.0417,265.32,265.717,0,0.321521,0,0,0.00115755,2.49842e-05,-0.00115755,0,0,0,0,0,0,0,0,0,0.000956207,0,5.9062e-07,0,5.16893e-18,5.38662e-07,2.29389e-06,0,7.38337e-22,1.90963e-08,2.29389e-07,9.56349,89.0451,5.50593,0.486002,76.5815,0.351635,6.70059,0.00564542,0.351635,2.4141,0.0895589,-0.290163,0.491337,0.00881322,-0.884853,0.00879093,0.010271,0.00837227,0.00498146,-0.884853,0.00767242,1.84043,1.10586,0.000626316,0.153445,0.000879093,0.00171183,0.000351635,0.000804887,0.153445,0.133497,5.9062e-07,4.05756,0.357281
2096.1250,267.695,267.852,0,0.321521,0,0,0.00135317,7.89221e-06,-0.00135317,0,0,0,0,0,0,0,0,0,0.00094124,0,5.63134e-07,0,5.27171e-18,3.93208e-07,2.23792e-06,0,7.52539e-22,9.83836e-09,2.23792e-07,9.51448,89.0432,5.48903,0.522379,76.5814,0.343055,6.68977,0.00532643,0.343055,2.42491,0.08909,-0.289799,0.491389,0.00957747,-0.884859,0.00857643,0.0102564,0.00816798,0.00500376,-0.884859,0.00763867,1.84045,1.10586,0.000677531,0.153444,0.000857643,0.00170941,0.000343055,0.000808489,0.153444,0.524629,5.63134e-07,4.02545,0.348382
2096.2083,278.091,276.776,2.08569,0.301959,0.626924,0.00459097,0.00270885,0.00252357,0.00188212,3.82614e-08,9.2165e-06,3.24004e-08,3.10307e-10,7.12116e-06,0.00205177,0.0623537,89.4085,0.0335101,0.000928003,1.06558e-10,5.52145e-07,4.33766e-05,4.85209e-18,-2.46534e-05,1.19497e-05,4.14166e-06,6.93741e-22,1.79789e-06,9.31813e-07,9.46838,89.014,5.47447,0.512886,76.6008,0.335452,6.68073,0.00506414,0.335452,2.43201,0.0886826,-0.290266,0.489949,0.00932064,-0.883237,0.00838634,0.0102443,0.00798694,0.00501833,-0.883237,0.00760936,1.84047,1.10587,0.000659833,0.153498,0.000838634,0.00170738,0.000335452,0.000810855,0.153498,0.989568,5.52252e-07,3.9939,0.340516
2096.2917,287.838,286.507,3.00031,0.180835,1.38659,0.0110374,0.00461307,0.00273469,0.00642431,1.57764e-07,2.97806e-05,1.3171e-07,2.7853e-09,1.56316e-05,0.00363395,0.201679,197.055,0.103211,0.000933349,1.11035e-09,5.79175e-07,1.58989e-06,4.40854e-18,2.93048e-05,4.22629e-05,1.99774e-07,6.31797e-22,3.05309e-06,3.15366e-06,9.50354,89.0106,5.48644,0.456577,76.6217,0.338263,6.69263,0.00528842,0.338263,2.42885,0.088949,-0.290432,0.488989,0.00806161,-0.881443,0.00845662,0.0102611,0.00805388,0.00501159,-0.881443,0.00762932,1.84049,1.1059,0.000578077,0.153553,0.000845662,0.00171018,0.000338263,0.000809803,0.153553,1.81872,5.80285e-07,4.0171,0.343551
2096.3750,298.716,296.456,3.14316,0.114947,2.1302,0.011161,0.00579362,0.00207187,0.00536739,1.73778e-07,3.26951e-05,1.41423e-07,6.0494e-09,1.71436e-05,0.00393215,0.436794,222.832,0.113543,0.000959634,3.76205e-09,6.46367e-07,9.81177e-08,4.62809e-18,2.56742e-05,4.64955e-05,1.39776e-08,6.63818e-22,2.39813e-06,3.46625e-06,9.63381,89.114,5.52869,0.427333,76.6269,0.352776,6.72869,0.00603904,0.352776,2.42598,0.0899629,-0.29009,0.48841,0.00746454,-0.880933,0.00881944,0.0103116,0.00839942,0.00500552,-0.880933,0.00770419,1.84052,1.10588,0.000537397,0.153565,0.000881944,0.00171859,0.000352776,0.000808848,0.153565,2.4478,6.50129e-07,4.10512,0.358815
2096.4583,297.754,296.971,3.27817,0.182315,1.92434,0.0128303,0.00675271,0.00313747,0.00607761,2.16657e-07,3.856e-05,1.73319e-07,9.41329e-09,1.72241e-05,0.00352823,0.488682,231.912,0.132023,0.000984315,6.45514e-09,7.20175e-07,9.81712e-06,4.70123e-18,4.37329e-05,5.80412e-05,1.09884e-06,6.75097e-22,3.83845e-06,4.31642e-06,9.73935,89.1934,5.5691,0.402378,76.6302,0.366373,6.76355,0.00672098,0.366373,2.42143,0.0909029,-0.289845,0.487824,0.00698243,-0.88055,0.00915936,0.0103607,0.00872315,0.00499605,-0.88055,0.00777372,1.84054,1.10586,0.000501988,0.153569,0.000915936,0.00172678,0.000366373,0.000807331,0.153569,2.73852,7.2663e-07,4.17025,0.373093
2096.5417,291.81,291.693,3.40789,0.217245,1.02482,0.00844525,0.00563699,0.00297864,0.00280826,1.27811e-07,2.62667e-05,1.02301e-07,4.36175e-09,1.4175e-05,0.00335812,0.291968,197.586,0.0927335,0.00100794,2.2142e-09,7.74365e-07,2.13096e-05,4.63058e-18,5.22354e-05,3.58752e-05,2.74415e-06,6.65907e-22,3.76233e-06,2.69181e-06,9.84392,89.2561,5.60855,0.371835,76.6284,0.379344,6.79798,0.00734822,0.379344,2.41188,0.0917956,-0.289795,0.487601,0.00639401,-0.880562,0.00948364,0.0104094,0.009032,0.00497628,-0.880562,0.00783991,1.84056,1.10588,0.00045969,0.153557,0.000948365,0.0017349,0.000379344,0.000804148,0.153557,1.74666,7.7658e-07,4.23537,0.386692
2096.6250,287.427,287.542,3.42609,0.203279,0.616803,0.00462208,0.00459115,0.00252803,3.09265e-05,5.32103e-08,1.36224e-05,4.28323e-08,1.3371e-09,1.05705e-05,0.0032251,0.150738,148.105,0.050127,0.00101165,4.86013e-10,7.79904e-07,8.12566e-06,4.51912e-18,4.98862e-05,1.64782e-05,1.23067e-06,6.5075e-22,3.20753e-06,1.27024e-06,9.85965,89.2369,5.61961,0.350745,76.6232,0.381156,6.80999,0.00744098,0.381156,2.40327,0.0919878,-0.29007,0.487901,0.00598377,-0.880901,0.00952895,0.0104273,0.00907515,0.00495851,-0.880901,0.00785474,1.84059,1.10593,0.000431429,0.153538,0.000952895,0.00173788,0.000381156,0.000801278,0.153538,0.948858,7.8039e-07,4.24004,0.388597
2096.7083,278.376,279.181,3.01008,0.207641,0.136306,0.00108899,0.00286289,0.00179434,-0.00177391,2.81505e-09,1.09451e-06,2.27789e-09,4.75259e-11,1.65917e-06,0.000708921,0.0152909,22.9563,0.00384619,0.00100036,1.08402e-11,7.50146e-07,1.96854e-06,4.49989e-18,3.45581e-05,3.18094e-06,4.15422e-07,6.47666e-22,2.22019e-06,2.97857e-07,9.81143,89.1758,5.6091,0.34496,76.6194,0.374581,6.80488,0.00714528,0.374581,2.39999,0.0916582,-0.289751,0.488933,0.00587247,-0.881166,0.00936457,0.0104214,0.0089186,0.00495178,-0.881166,0.00783136,1.84061,1.106,0.000424086,0.153526,0.000936457,0.0017369,0.000374581,0.000800182,0.153526,0.419416,7.50157e-07,4.20233,0.381726
2096.7917,266.018,267.155,0.016099,0.150964,0.000353693,1.99071e-06,0.00141814,0.000347482,-0.00141615,0,0,0,0,0,0,0,0,0,0.000983968,0,7.1212e-07,1.09647e-10,4.74474e-18,8.41199e-06,2.38215e-06,3.30473e-11,6.8231e-22,4.09718e-07,2.38215e-07,9.75218,89.1346,5.591,0.360193,76.6177,0.365166,6.79358,0.0067295,0.365166,2.4045,0.09115,-0.289382,0.489623,0.00618591,-0.881302,0.00912919,0.0104068,0.00869442,0.00496119,-0.881302,0.0077949,1.84063,1.10604,0.000446631,0.153521,0.000912919,0.00173447,0.000365166,0.000801686,0.153521,0.37308,7.1212e-07,4.16118,0.371895
2096.8750,264.601,265.207,0,0.132151,0,0,0.00113682,2.85271e-05,-0.00113682,0,0,0,0,0,0,0,0,0,0.000967918,0,6.72705e-07,0,5.02344e-18,1.10153e-06,2.32207e-06,0,7.2183e-22,3.21236e-08,2.32207e-07,9.70264,89.1329,5.57306,0.397381,76.6173,0.355956,6.78224,0.00633662,0.355956,2.41551,0.0906497,-0.28899,0.489755,0.00696229,-0.881341,0.00889895,0.010392,0.00847514,0.00498403,-0.881341,0.00775895,1.84066,1.10604,0.000499217,0.15352,0.000889895,0.00173199,0.000355956,0.000805356,0.15352,0.234861,6.72705e-07,4.12958,0.362293
2096.9583,262.188,262.806,0,0.132151,0,0,0.000951422,8.18984e-06,-0.000951422,0,0,0,0,0,0,0,0,0,0.000952004,0,6.27969e-07,0,5.19788e-18,4.21748e-07,2.26256e-06,0,7.46376e-22,1.06797e-08,2.26256e-07,9.6565,89.1368,5.55508,0.436046,76.6172,0.346833,6.77073,0.00596073,0.346833,2.42699,0.090151,-0.288601,0.489821,0.0077735,-0.881354,0.00867086,0.0103768,0.00825792,0.00500781,-0.881354,0.00772307,1.84068,1.10604,0.000553613,0.15352,0.000867086,0.00172946,0.000346833,0.000809183,0.15352,0.104381,6.27969e-07,4.10142,0.352793
2097.0417,260.729,261.128,0,0.132152,0,0,0.000892133,1.79017e-06,-0.000892133,0,0,0,0,0,0,0,0,0,0.000937222,0,5.84748e-07,0,5.4383e-18,1.35206e-07,2.20733e-06,0,7.80404e-22,3.10785e-09,2.20733e-07,9.61662,89.144,5.5382,0.472275,76.6171,0.338366,6.75979,0.0056236,0.338366,2.43792,0.0896854,-0.288241,0.489868,0.00853529,-0.88136,0.0084592,0.0103622,0.00805634,0.00503041,-0.88136,0.00768951,1.8407,1.10604,0.000604561,0.15352,0.00084592,0.00172703,0.000338366,0.000812827,0.15352,0.0623192,5.84748e-07,4.07841,0.34399
2097.1250,266.115,266.28,0,0.132168,0,0,0.00119673,1.40511e-06,-0.00119673,0,0,0,0,0,0,0,0,0,0.000922793,0,5.5089e-07,0,5.59822e-18,1.04022e-07,2.15347e-06,0,8.02855e-22,2.38816e-09,2.15347e-07,9.5706,89.1443,5.52155,0.507719,76.6171,0.33011,6.74888,0.00530584,0.33011,2.44884,0.0892285,-0.28789,0.48991,0.00928175,-0.881364,0.00825279,0.0103475,0.00785975,0.00505293,-0.881364,0.00765653,1.84072,1.10604,0.000654466,0.15352,0.000825279,0.00172458,0.00033011,0.000816466,0.15352,0.329154,5.5089e-07,4.04905,0.335416
2097.2083,274.942,274.125,1.65065,0.317349,0.304954,0.00305255,0.0021382,0.00222574,0.000914352,2.31059e-08,5.38117e-06,1.96281e-08,8.71022e-11,4.97254e-06,0.00148733,0.0218812,55.4611,0.0203863,0.00090932,1.61016e-11,5.30929e-07,5.7927e-05,5.16071e-18,-2.58053e-05,7.82446e-06,4.97881e-06,7.41393e-22,1.54087e-06,6.26404e-07,9.52158,89.117,5.506,0.505279,76.6334,0.322402,6.73869,0.00502066,0.322402,2.4567,0.0887975,-0.288489,0.488452,0.00918353,-0.879991,0.0080601,0.0103337,0.00767624,0.00506907,-0.879991,0.00762539,1.84074,1.10605,0.000646903,0.153564,0.00080601,0.00172229,0.000322402,0.000819087,0.153564,0.697438,5.30945e-07,4.01558,0.327423
2097.2917,287.537,285.837,2.89979,0.186451,1.53652,0.0114599,0.00471281,0.00270233,0.0067471,1.82924e-07,3.15258e-05,1.52931e-07,2.88882e-09,1.72281e-05,0.00357001,0.207449,196.137,0.114406,0.000919321,1.1892e-09,5.53247e-07,2.64465e-06,4.51304e-18,2.97979e-05,4.75678e-05,4.22663e-07,6.50287e-22,3.02012e-06,3.5284e-06,9.55325,89.1123,5.52138,0.450075,76.655,0.32797,6.75144,0.00526998,0.32797,2.45398,0.0890726,-0.289039,0.48702,0.00794628,-0.878141,0.00819929,0.0103517,0.0078088,0.00506322,-0.878141,0.00764571,1.84076,1.10608,0.00056661,0.153622,0.000819929,0.00172528,0.00032797,0.000818179,0.153622,1.9646,5.54436e-07,4.03187,0.33324
2097.3750,292.356,291.075,3.15159,0.144472,1.85663,0.0143947,0.00590282,0.00219731,0.00849191,2.63528e-07,4.24583e-05,2.15774e-07,6.8482e-09,1.95176e-05,0.00375846,0.339069,240.377,0.152057,0.000964908,3.26991e-09,6.22014e-07,1.44341e-06,4.53485e-18,2.82203e-05,6.9556e-05,1.37714e-07,6.5391e-22,2.57205e-06,5.14117e-06,9.71758,89.2499,5.58418,0.422006,76.6595,0.353611,6.79974,0.00630021,0.353611,2.45089,0.0904364,-0.288703,0.486124,0.0073706,-0.877691,0.00884031,0.0104191,0.0084193,0.00505669,-0.877691,0.0077457,1.84078,1.10603,0.000527801,0.153631,0.000884031,0.00173652,0.000353611,0.000817149,0.153631,2.33323,6.25284e-07,4.1334,0.359911
2097.4583,292.488,291.865,3.42092,0.240006,1.48384,0.0131537,0.00650056,0.00347683,0.00665312,2.32479e-07,3.94282e-05,1.88182e-07,6.83068e-09,1.77824e-05,0.00357057,0.335699,238.835,0.14169,0.00101301,3.28461e-09,6.85876e-07,4.00492e-05,4.41877e-18,5.72425e-05,6.41132e-05,5.01016e-06,6.38249e-22,4.31899e-06,4.748e-06,9.89251,89.3918,5.65106,0.394051,76.6608,0.380625,6.85157,0.0073479,0.380625,2.44449,0.0919001,-0.288772,0.484933,0.00682232,-0.877471,0.00951567,0.0104919,0.0090625,0.00504345,-0.877471,0.0078532,1.84081,1.10598,0.000488992,0.153629,0.000951567,0.00174865,0.000380625,0.000815018,0.153629,2.41854,6.89161e-07,4.24145,0.387973
2097.5417,290.585,290.259,3.60872,0.241931,1.15923,0.008881,0.00584618,0.00324274,0.00303481,1.38524e-07,2.74229e-05,1.11696e-07,3.82441e-09,1.44859e-05,0.00335274,0.248731,205.938,0.10129,0.00104626,1.65464e-09,7.37668e-07,3.00247e-05,4.22103e-18,6.54032e-05,4.0312e-05,4.41097e-06,6.11746e-22,4.15726e-06,3.01038e-06,10.0091,89.4543,5.69909,0.358805,76.6546,0.399217,6.88984,0.00802711,0.399217,2.43178,0.0929264,-0.289761,0.484027,0.00612827,-0.877859,0.00998046,0.0105462,0.00950516,0.00501719,-0.877859,0.00792888,1.84083,1.10601,0.000441653,0.153606,0.000998046,0.00175771,0.000399216,0.00081078,0.153606,1.68985,7.39323e-07,4.30999,0.407244
2097.6250,285.136,285.354,3.65038,0.244246,0.509811,0.00421833,0.00435745,0.00264921,-0.000139119,4.68417e-08,1.20296e-05,3.78032e-08,1.00994e-09,1.02774e-05,0.00334366,0.116868,147.777,0.0459811,0.00105387,3.38989e-10,7.47081e-07,2.46087e-05,4.17892e-18,5.52497e-05,1.54668e-05,3.04431e-06,6.06131e-22,3.37599e-06,1.19664e-06,10.0276,89.4385,5.71353,0.341013,76.6472,0.403312,6.90329,0.00811506,0.403312,2.42273,0.0931688,-0.290059,0.484398,0.00577995,-0.878404,0.0100829,0.0105663,0.00960268,0.00499859,-0.878404,0.00794732,1.84086,1.10606,0.000418247,0.153582,0.00100829,0.00176106,0.000403312,0.000807764,0.153582,0.988474,7.4742e-07,4.31406,0.411427
2097.7083,276.844,277.402,2.38612,0.37377,0.0765721,0.000810185,0.00272424,0.00202497,-0.00191405,1.813e-09,7.20821e-07,1.47552e-09,2.45454e-11,1.56308e-06,0.000654286,0.0109784,22.3011,0.00258615,0.00104069,4.69228e-12,7.24353e-07,3.00247e-05,4.0038e-18,4.32695e-05,3.07815e-06,3.23209e-06,5.81387e-22,2.53988e-06,2.9402e-07,9.97197,89.3646,5.70045,0.33399,76.6411,0.395669,6.89623,0.00774021,0.395669,2.4175,0.0927665,-0.29058,0.484898,0.00564379,-0.878876,0.00989177,0.010558,0.00942069,0.0049879,-0.878876,0.00791873,1.84088,1.10615,0.000409387,0.153564,0.000989177,0.00175966,0.000395669,0.00080602,0.153564,0.58465,7.24358e-07,4.27152,0.403409
2097.7917,264.456,265.38,0.0952893,0.373995,0.00186452,1.1367e-05,0.00140092,0.000329336,-0.00138955,0,0,0,0,0,0,0,0,0,0.00102338,0,6.92553e-07,1.35423e-06,4.39384e-18,8.78445e-06,2.51618e-06,1.52853e-07,6.3782e-22,4.06907e-07,2.51618e-07,9.91217,89.3232,5.68167,0.351,76.6384,0.385712,6.88475,0.00728908,0.385712,2.42166,0.0922355,-0.290541,0.485342,0.00599143,-0.879106,0.00964284,0.0105433,0.00918362,0.00499666,-0.879106,0.00788074,1.84091,1.10619,0.000434292,0.153556,0.000964284,0.00175722,0.000385712,0.000807408,0.153556,0.348531,6.92553e-07,4.2305,0.393001
2097.8750,261.528,262.025,0,0.339374,0,0,0.00111067,7.74631e-06,-0.00111067,0,0,0,0,0,0,0,0,0,0.00100646,0,6.49182e-07,0,5.01833e-18,4.74327e-07,2.45272e-06,0,7.27941e-22,1.15438e-08,2.45272e-07,9.86201,89.3243,5.6631,0.39133,76.638,0.375984,6.87326,0.00686353,0.375984,2.43297,0.0917138,-0.290131,0.485447,0.00683309,-0.879145,0.00939964,0.0105285,0.008952,0.00502019,-0.879145,0.00784335,1.84093,1.10619,0.00049086,0.153555,0.000939964,0.00175475,0.000375984,0.000811178,0.153555,0.155972,6.49182e-07,4.19891,0.382847
2097.9583,264.166,264.367,0,0.339374,0,0,0.00112257,2.34667e-06,-0.00112257,0,0,0,0,0,0,0,0,0,0.000989673,0,6.07787e-07,0,5.29067e-18,1.62317e-07,2.38986e-06,0,7.66935e-22,3.79712e-09,2.38986e-07,9.8125,89.3274,5.64449,0.43235,76.6379,0.366347,6.86159,0.00645639,0.366347,2.44464,0.0911939,-0.289724,0.485498,0.00769212,-0.879152,0.00915872,0.0105132,0.00872255,0.0050444,-0.879152,0.00780605,1.84096,1.10619,0.000548246,0.153555,0.000915873,0.00175221,0.000366347,0.000815065,0.153555,0.153495,6.07787e-07,4.16801,0.372804
2098.0417,266.442,266.554,0,0.339375,0,0,0.0012374,2.06318e-06,-0.0012374,0,0,0,0,0,0,0,0,0,0.000974085,0,5.68905e-07,0,5.45209e-18,1.34205e-07,2.33152e-06,0,7.8984e-22,3.15227e-09,2.33152e-07,9.76528,89.3294,5.62702,0.4705,76.6379,0.357404,6.85051,0.00609122,0.357404,2.45572,0.0907086,-0.289347,0.485541,0.00849222,-0.879156,0.00893515,0.0104986,0.00850963,0.00506735,-0.879156,0.00777117,1.84098,1.10619,0.000601693,0.153555,0.000893515,0.00174977,0.000357404,0.000818759,0.153555,0.164346,5.68905e-07,4.13825,0.363495
2098.1250,268.61,268.643,0,0.339417,0,0,0.00141643,2.05964e-06,-0.00141643,0,0,0,0,0,0,0,0,0,0.00095887,0,5.37724e-07,0,5.48365e-18,1.28239e-07,2.27463e-06,0,7.93918e-22,3.01737e-09,2.27463e-07,9.71503,89.3274,5.60979,0.507756,76.6379,0.348683,6.83944,0.00574704,0.348683,2.46678,0.0902325,-0.288979,0.485583,0.00927476,-0.879159,0.00871713,0.0104839,0.00830198,0.00509022,-0.879159,0.0077369,1.841,1.10619,0.000653981,0.153555,0.000871713,0.00174732,0.000348683,0.000822446,0.153555,0.283425,5.37724e-07,4.10524,0.35443
2098.2083,272.343,271.786,0.83476,0.351304,0.197975,0.00179403,0.00190158,0.00135498,-0.000107553,1.29007e-08,3.22865e-06,1.08845e-08,4.28305e-11,2.61719e-06,0.000776358,0.0133312,32.8653,0.0116821,0.000943743,7.61328e-12,5.29086e-07,3.77477e-05,5.26502e-18,-3.0314e-05,5.49168e-06,5.43583e-06,7.62234e-22,6.66703e-07,4.60962e-07,9.65992,89.3122,5.59255,0.529723,76.6455,0.340019,6.82829,0.00541767,0.340019,2.47704,0.0897582,-0.288836,0.485092,0.009718,-0.878516,0.00850053,0.0104689,0.00809569,0.00511137,-0.878516,0.00770272,1.84102,1.10619,0.000682196,0.153576,0.000850053,0.00174482,0.000340019,0.000825865,0.153576,1.0437,5.29094e-07,4.06737,0.345437
2098.2917,285.56,283.826,3.02084,0.251741,1.50958,0.0114923,0.00433608,0.00332352,0.00715617,1.58102e-07,2.99322e-05,1.32488e-07,1.83397e-09,1.51206e-05,0.0034938,0.162945,192.682,0.102785,0.000944688,6.46107e-10,5.5525e-07,2.29377e-05,4.30166e-18,2.74476e-05,4.24882e-05,4.12428e-06,6.25273e-22,3.44518e-06,3.17256e-06,9.68088,89.2978,5.59846,0.466092,76.6759,0.340357,6.83554,0.00552321,0.340357,2.4749,0.0898812,-0.289957,0.482742,0.00826229,-0.875949,0.00850897,0.0104794,0.00810374,0.00510676,-0.875949,0.00771223,1.84104,1.10621,0.000588517,0.153659,0.000850897,0.00174656,0.000340357,0.000825152,0.153659,1.89546,5.55896e-07,4.08243,0.34588
2098.3750,293.887,291.866,3.19379,0.145794,2.49071,0.0154309,0.00616398,0.0025187,0.00926694,2.58405e-07,4.39495e-05,2.11594e-07,6.5673e-09,1.83308e-05,0.00371841,0.376181,244.052,0.148255,0.000976404,3.51299e-09,6.31135e-07,7.75644e-07,4.104e-18,3.44745e-05,6.87924e-05,1.05807e-07,5.97354e-22,2.93448e-06,5.10786e-06,9.85191,89.4278,5.64932,0.424105,76.6826,0.35788,6.87888,0.00643128,0.35788,2.46927,0.0911306,-0.289812,0.481891,0.00739097,-0.87532,0.00894705,0.01054,0.00852096,0.005095,-0.87532,0.00780448,1.84107,1.10619,0.000530541,0.153674,0.000894706,0.00175667,0.00035788,0.000823277,0.153674,2.8494,6.34648e-07,4.20258,0.364312
2098.4583,295.435,294.146,3.3951,0.150924,2.15506,0.0133378,0.00652373,0.00247366,0.00681406,2.21858e-07,3.99363e-05,1.78806e-07,7.49385e-09,1.69515e-05,0.00351997,0.410804,239.17,0.135676,0.00101294,4.37796e-09,7.15587e-07,9.28801e-06,4.22021e-18,3.70678e-05,6.07778e-05,1.02236e-06,6.14743e-22,2.95842e-06,4.5223e-06,10.0332,89.5852,5.70785,0.402074,76.6844,0.378061,6.92872,0.00742998,0.378061,2.46548,0.0925245,-0.289637,0.480886,0.00695521,-0.87509,0.00945156,0.01061,0.00900144,0.00508717,-0.87509,0.00790748,1.84109,1.10614,0.000500529,0.153676,0.000945156,0.00176834,0.000378061,0.000822015,0.153676,2.60559,7.19965e-07,4.32533,0.385491
2098.5417,290.262,290.06,3.51131,0.233562,0.684932,0.00741785,0.00528849,0.00294868,0.00212936,1.04115e-07,2.35564e-05,8.40486e-08,2.88589e-09,1.36249e-05,0.00351828,0.243776,199.397,0.0839463,0.00103411,1.25286e-09,7.60378e-07,3.57165e-05,4.16116e-18,4.90897e-05,3.04201e-05,4.23432e-06,6.06852e-22,3.62535e-06,2.29435e-06,10.1328,89.6613,5.74471,0.383517,76.6844,0.389609,6.96163,0.00798627,0.389609,2.46053,0.0933517,-0.289676,0.480308,0.00659276,-0.875006,0.00974026,0.010657,0.00927639,0.00507703,-0.875006,0.00796898,1.84112,1.10613,0.000475048,0.153672,0.000974026,0.00177616,0.000389609,0.000820364,0.153672,1.41849,7.61631e-07,4.38814,0.397595
2098.6250,287.46,287.328,3.50896,0.293652,0.433815,0.00435687,0.00476073,0.00328925,-0.000403864,4.58258e-08,1.27166e-05,3.72441e-08,9.66978e-10,1.02576e-05,0.00325579,0.131884,150.413,0.0470038,0.0010342,2.90987e-10,7.58818e-07,5.25851e-05,3.81072e-18,6.80224e-05,1.48731e-05,7.62021e-06,5.5766e-22,4.21277e-06,1.15451e-06,10.1337,89.6167,5.75105,0.354713,76.6786,0.389376,6.97018,0.00797048,0.389376,2.44967,0.0934285,-0.290774,0.480113,0.00602552,-0.875395,0.00973446,0.0106702,0.00927087,0.00505463,-0.875395,0.00797541,1.84114,1.10621,0.000436342,0.153651,0.000973446,0.00177837,0.000389376,0.000816742,0.153651,1.01878,7.59109e-07,4.38266,0.397347
2098.7083,278.638,279.428,2.7521,0.293013,0.154077,0.00122326,0.00308267,0.00212045,-0.00185941,4.90207e-09,1.86792e-06,3.98271e-09,9.21887e-11,2.69699e-06,0.00117762,0.0284273,38.8647,0.00657874,0.00102262,2.42924e-11,7.39249e-07,2.60416e-05,3.72302e-18,4.81386e-05,3.80379e-06,3.35745e-06,5.45979e-22,2.7214e-06,3.44626e-07,10.0791,89.5264,5.74034,0.336652,76.67,0.382632,6.96503,0.00764916,0.382632,2.44061,0.0930934,-0.29168,0.480571,0.00567245,-0.876052,0.00956586,0.0106644,0.0091103,0.00503596,-0.876052,0.00795167,1.84116,1.10631,0.000412749,0.153625,0.000956586,0.0017774,0.000382632,0.000813722,0.153625,0.582755,7.39274e-07,4.33878,0.390282
2098.7917,267.986,268.699,0.425275,0.253851,0.00170553,1.03531e-05,0.00147141,0.000219177,-0.00146106,0,0,0,0,0,0,0,0,0,0.00100599,0,7.01636e-07,7.20782e-10,4.03156e-18,6.61742e-06,2.43375e-06,1.60544e-10,5.90859e-22,2.52339e-07,2.43375e-07,10.02,89.491,5.72199,0.35797,76.6667,0.373075,6.9536,0.00720683,0.373075,2.44627,0.0925789,-0.291551,0.481047,0.00611265,-0.876337,0.00932692,0.0106498,0.00888274,0.00504782,-0.876337,0.00791477,1.84119,1.10634,0.000444029,0.153616,0.000932692,0.00177497,0.000373075,0.00081561,0.153616,0.235485,7.01636e-07,4.29805,0.380282
2098.8750,270.183,270.415,0,0.230436,0,0,0.00136789,0.000119574,-0.00136789,0,0,0,0,0,0,0,0,0,0.000989587,0,6.56595e-07,1.0961e-26,4.2178e-18,2.5531e-06,2.37237e-06,2.69118e-27,6.17596e-22,1.08672e-07,2.37237e-07,9.96851,89.4869,5.70365,0.394427,76.6665,0.363666,6.94199,0.00678608,0.363666,2.45746,0.0920686,-0.291152,0.481208,0.00686782,-0.876367,0.00909169,0.0106347,0.00865871,0.00507108,-0.876367,0.00787812,1.84121,1.10635,0.000495751,0.153616,0.000909169,0.00177246,0.000363666,0.000819338,0.153616,0.122052,6.56595e-07,4.26486,0.370452
2098.9583,269.173,269.449,0,0.230436,0,0,0.00134539,0.000115894,-0.00134539,0,0,0,0,0,0,0,0,0,0.000973327,0,6.12458e-07,2.6655e-31,4.27663e-18,1.48531e-06,2.31156e-06,6.88087e-32,6.25675e-22,8.46687e-08,2.31156e-07,9.9165,89.4829,5.68527,0.430614,76.6669,0.354345,6.9302,0.00638353,0.354345,2.46893,0.0915601,-0.290756,0.481313,0.00761834,-0.876343,0.00885866,0.0106193,0.00843678,0.00509489,-0.876343,0.00784154,1.84124,1.10635,0.000547169,0.153617,0.000885867,0.00176988,0.000354345,0.000823164,0.153617,0.153529,6.12458e-07,4.23123,0.360728
2099.0417,270.972,271.059,0,0.230436,0,0,0.00150166,0.00011979,-0.00150166,0,0,0,0,0,0,0,0,0,0.000958223,0,5.76924e-07,0,4.37135e-18,6.70183e-07,2.25514e-06,0,6.39033e-22,7.12073e-08,2.25514e-07,9.86582,89.4771,5.66801,0.463787,76.6677,0.345695,6.91901,0.00602248,0.345695,2.47986,0.0910853,-0.29039,0.481383,0.00830672,-0.876282,0.00864242,0.0106045,0.00823083,0.00511751,-0.876282,0.00780733,1.84126,1.10635,0.000594429,0.15362,0.000864242,0.00176741,0.000345695,0.000826806,0.15362,0.336033,5.76924e-07,4.19782,0.351717
2099.1250,272.097,272.14,0,0.283562,0,0,0.00165301,0.000261197,-0.00165301,0,0,0,0,0,0,0,0,0,0.000943481,0,5.54958e-07,1.72553e-09,4.35649e-18,-3.31863e-06,2.20011e-06,5.92872e-11,6.36378e-22,1.50133e-07,2.20011e-07,9.81128,89.466,5.65098,0.494813,76.6692,0.33726,6.90784,0.00568218,0.33726,2.49068,0.0906193,-0.290034,0.481422,0.00894906,-0.876164,0.00843154,0.0105896,0.00802999,0.00513986,-0.876164,0.00777372,1.84128,1.10635,0.000638665,0.153625,0.000843154,0.00176493,0.00033726,0.000830412,0.153625,0.492545,5.54958e-07,4.16031,0.342942
2099.2083,279.995,278.683,2.40992,0.419382,0.709031,0.00566472,0.00317075,0.00329052,0.00249397,5.1036e-08,1.14606e-05,4.28608e-08,3.72971e-10,8.88365e-06,0.00246361,0.0590638,104.537,0.042051,0.000931777,9.48936e-11,5.45517e-07,6.516e-05,3.69745e-18,2.25694e-06,1.48298e-05,9.48055e-06,5.41341e-22,3.04107e-06,1.14026e-06,9.76176,89.4131,5.63804,0.465997,76.6916,0.330542,6.89975,0.00542887,0.330542,2.49376,0.0902498,-0.290632,0.479986,0.008262,-0.874277,0.0082636,0.0105788,0.00787005,0.0051461,-0.874277,0.00774709,1.8413,1.10638,0.000591787,0.153686,0.00082636,0.00176313,0.000330542,0.000831438,0.153686,1.03537,5.45612e-07,4.12373,0.335971
2099.2917,289.339,288.201,2.99327,0.251189,1.75668,0.0119822,0.00515374,0.00347661,0.00682843,1.84634e-07,3.25936e-05,1.51742e-07,3.91025e-09,1.69761e-05,0.00360149,0.237285,201.607,0.114574,0.000944478,1.68042e-09,5.86322e-07,2.81836e-05,3.4741e-18,5.57145e-05,4.78295e-05,4.67894e-06,5.11006e-22,4.22234e-06,3.55704e-06,9.81151,89.4034,5.65899,0.406677,76.7007,0.337542,6.91788,0.00578045,0.337542,2.48457,0.0906734,-0.291806,0.478813,0.00701662,-0.873436,0.00843859,0.0106044,0.00803671,0.00512689,-0.873436,0.00777843,1.84132,1.10644,0.00050812,0.153707,0.000843859,0.00176739,0.000337542,0.000828377,0.153707,2.38685,5.88003e-07,4.15252,0.343322
2099.3750,296.116,294.894,3.22105,0.214365,2.70116,0.0161933,0.00720604,0.00362022,0.00898722,2.86115e-07,4.53724e-05,2.29372e-07,1.0331e-08,1.91696e-05,0.00363315,0.451665,243.6,0.156679,0.000985841,6.42798e-09,6.83412e-07,2.69121e-05,3.58621e-18,7.05065e-05,7.45854e-05,3.65016e-06,5.28398e-22,4.62654e-06,5.52352e-06,9.97875,89.5141,5.72024,0.36573,76.6966,0.360619,6.96751,0.00681732,0.360619,2.47308,0.092031,-0.292176,0.478152,0.00621145,-0.873674,0.00901552,0.0106738,0.00858616,0.00510296,-0.873674,0.00787832,1.84134,1.10643,0.000452606,0.153691,0.000901552,0.00177897,0.000360619,0.000824545,0.153691,3.49658,6.8984e-07,4.25852,0.367436
2099.4583,298.659,297.363,3.46717,0.136162,2.21653,0.0118341,0.00675456,0.00219294,0.00507951,1.94926e-07,3.58297e-05,1.53799e-07,8.43845e-09,1.76768e-05,0.00379581,0.501857,241.727,0.126711,0.00103003,5.84983e-09,7.89699e-07,1.84458e-05,3.81351e-18,4.25554e-05,5.31064e-05,1.99951e-06,5.62062e-22,2.72846e-06,3.95159e-06,10.1469,89.6492,5.7862,0.346997,76.69,0.38523,7.02127,0.00788197,0.38523,2.46528,0.0934833,-0.292253,0.477482,0.00584924,-0.874154,0.0096308,0.0107494,0.00917215,0.00508686,-0.874154,0.00798535,1.84137,1.1064,0.000427845,0.15367,0.00096308,0.00179157,0.00038523,0.000821945,0.15367,2.61917,7.95549e-07,4.3607,0.393112
2099.5417,294.892,294.595,3.61416,0.234038,1.53983,0.00990769,0.00688634,0.00345617,0.00302134,1.4965e-07,2.89659e-05,1.18264e-07,6.11751e-09,1.42624e-05,0.0032027,0.36725,205.224,0.102834,0.0010563,3.83447e-09,8.48142e-07,4.58854e-05,3.70347e-18,7.60839e-05,4.24781e-05,5.47966e-06,5.46852e-22,4.48287e-06,3.17613e-06,10.2381,89.7034,5.82795,0.32746,76.6827,0.399751,7.05666,0.00847369,0.399751,2.4552,0.0943599,-0.292978,0.476828,0.00547295,-0.874705,0.00999383,0.0107999,0.00951789,0.00506614,-0.874705,0.0080503,1.84139,1.10641,0.000401341,0.153646,0.000999383,0.00179998,0.000399751,0.000818588,0.153646,2.25517,8.51977e-07,4.41017,0.408225
2099.6250,286.462,286.823,3.64742,0.279051,0.530237,0.00442775,0.00459899,0.00293829,-0.000171238,4.6513e-08,1.19774e-05,3.73013e-08,1.24884e-09,9.69177e-06,0.00308642,0.142995,142.41,0.044476,0.00106257,4.75432e-10,8.57426e-07,4.89173e-05,3.50396e-18,6.96106e-05,1.52534e-05,6.32789e-06,5.18619e-22,3.80904e-06,1.18343e-06,10.2535,89.6759,5.84211,0.308774,76.6708,0.403022,7.07081,0.00855731,0.403022,2.44279,0.0945917,-0.294115,0.476785,0.00511757,-0.87565,0.0100756,0.0108211,0.00959576,0.00504058,-0.87565,0.00806809,1.84142,1.10648,0.000376575,0.153612,0.00100756,0.00180352,0.000403022,0.000814449,0.153612,0.999438,8.57902e-07,4.41144,0.411579
2099.7083,276.075,276.854,2.46194,0.31236,0.0975452,0.000758335,0.00255598,0.00187144,-0.00179765,1.57646e-10,8.82999e-08,1.28345e-10,1.85422e-12,4.44745e-07,0.000183566,0.00326033,6.50524,0.00027114,0.00104889,3.15777e-13,8.1921e-07,9.89109e-06,3.45184e-18,4.18639e-05,2.62042e-06,1.27774e-06,5.11123e-22,2.32962e-06,2.60834e-07,10.1983,89.6031,5.82846,0.305363,76.6624,0.395096,7.06337,0.00815408,0.395096,2.4371,0.0941778,-0.294567,0.477518,0.00505789,-0.87635,0.00987743,0.0108124,0.00940704,0.00502898,-0.87635,0.00803865,1.84144,1.10656,0.000372634,0.153588,0.000987743,0.00180206,0.000395096,0.000812553,0.153588,0.29794,8.1921e-07,4.3698,0.40325
2099.7917,274.362,274.784,0,0.238752,0,0,0.00179937,0.00173315,-0.00179937,0,0,0,0,0,0,0,0,0,0.00103155,0,7.70336e-07,4.46793e-06,3.43803e-18,3.46309e-05,2.5124e-06,7.0371e-07,5.08561e-22,2.08848e-06,2.5124e-07,10.1368,89.5425,5.80942,0.31016,76.6589,0.385132,7.05158,0.00767797,0.385132,2.43659,0.093644,-0.294322,0.47851,0.00515455,-0.876658,0.00962833,0.0107974,0.0091698,0.00502807,-0.876658,0.00800042,1.84147,1.10663,0.000379715,0.153579,0.000962834,0.00179957,0.000385132,0.000812384,0.153579,0.383117,7.70336e-07,4.32743,0.39281
2099.8750,273.856,274.215,0,0.227863,0,0,0.00168649,0.0016643,-0.00168649,0,0,0,0,0,0,0,0,0,0.00101463,0,7.30566e-07,2.3514e-06,3.43289e-18,3.20172e-05,2.44903e-06,4.79994e-07,5.07337e-22,1.98255e-06,2.44903e-07,10.0797,89.4868,5.79065,0.313747,76.6567,0.375418,7.03981,0.00722971,0.375418,2.4366,0.0931205,-0.294009,0.479472,0.00522703,-0.876857,0.0093855,0.0107823,0.00893853,0.00502816,-0.876857,0.00796287,1.84149,1.10669,0.000384912,0.153574,0.00093855,0.00179704,0.000375418,0.000812385,0.153574,0.357084,7.30566e-07,4.28909,0.382648
2099.9583,272.944,273.221,0,0.489608,0,0,0.00155135,0.00141462,-0.00155135,0,0,0,0,0,0,0,0,0,0.00099786,0,6.94358e-07,4.23012e-07,3.45859e-18,2.69371e-05,2.38626e-06,1.11262e-07,5.10653e-22,1.66191e-06,2.38626e-07,10.024,89.4351,5.77184,0.318235,76.6552,0.365796,7.02786,0.00680085,0.365796,2.43769,0.0925987,-0.293644,0.480404,0.00531716,-0.876994,0.00914495,0.0107667,0.00870943,0.00503045,-0.876994,0.0079254,1.84152,1.10675,0.000391389,0.15357,0.000914495,0.00179446,0.000365796,0.000812748,0.15357,0.439875,6.94358e-07,4.25213,0.372597
2100.0417,272.636,272.784,0,0.598379,0,0,0.00145592,0.00105245,-0.00145592,0,0,0,0,0,0,0,0,0,0.00098228,0,6.5956e-07,5.07565e-09,3.51993e-18,1.90311e-05,2.32801e-06,1.24854e-09,5.19154e-22,1.18332e-06,2.32801e-07,9.97357,89.3991,5.75418,0.328844,76.6548,0.356867,7.01651,0.0064162,0.356867,2.4419,0.0921117,-0.293268,0.481108,0.00552743,-0.877054,0.00892171,0.0107518,0.00849682,0.00503917,-0.877054,0.00789036,1.84154,1.10679,0.000406783,0.15357,0.000892171,0.00179197,0.000356866,0.000814152,0.15357,0.328026,6.5956e-07,4.2194,0.363283
2100.1250,272.932,272.992,0,0.668101,0,0,0.00173618,0.00108851,-0.00173618,0,0,0,0,0,0,0,0,0,0.000967072,0,6.34528e-07,4.82592e-06,3.50254e-18,1.8873e-05,2.27121e-06,8.97414e-07,5.16081e-22,1.22046e-06,2.27121e-07,9.92034,89.362,5.73675,0.339028,76.6555,0.348159,7.00517,0.00605365,0.348159,2.44706,0.0916338,-0.292922,0.481686,0.00572314,-0.877015,0.00870401,0.0107368,0.00828949,0.00504981,-0.877015,0.00785593,1.84156,1.10682,0.000421455,0.153574,0.000870401,0.00178947,0.000348159,0.000815871,0.153574,0.66839,6.34528e-07,4.18359,0.354212
2100.2083,275.643,275.399,0.767831,0.70497,0.260814,0.00209038,0.00220172,0.00130639,-0.000111338,1.49524e-08,3.48884e-06,1.23538e-08,1.22798e-10,2.82505e-06,0.00078611,0.0211258,33.1899,0.0130059,0.000952158,3.12653e-11,6.23813e-07,5.77019e-05,3.28562e-18,1.69136e-05,5.89783e-06,7.81942e-06,4.84553e-22,1.4175e-06,4.90066e-07,9.86147,89.3247,5.71958,0.352625,76.657,0.339624,6.99395,0.00571102,0.339624,2.45358,0.0911632,-0.293346,0.481352,0.00599073,-0.876915,0.00849064,0.0107218,0.00808628,0.00506323,-0.876915,0.007822,1.84158,1.10685,0.000440615,0.153579,0.000849064,0.00178697,0.000339624,0.000818045,0.153579,1.01545,6.23844e-07,4.14189,0.345335
2100.2917,287.254,286.252,3.01305,0.269739,1.41437,0.0110348,0.00457179,0.00304051,0.00646301,1.38044e-07,2.57301e-05,1.1301e-07,2.64118e-09,1.50669e-05,0.00348812,0.18293,178.695,0.0915794,0.0009523,1.01445e-09,6.45038e-07,4.15219e-05,3.14205e-18,5.97341e-05,3.62457e-05,5.18008e-06,4.6509e-22,3.74435e-06,2.709e-06,9.86218,89.3016,5.72318,0.332463,76.6574,0.339563,6.99871,0.00574952,0.339563,2.44962,0.0911837,-0.294755,0.480325,0.00557024,-0.876888,0.00848913,0.0107289,0.00808484,0.00505486,-0.876888,0.00782388,1.8416,1.1069,0.000411663,0.15358,0.000848913,0.00178815,0.000339563,0.000816724,0.15358,1.98822,6.46053e-07,4.139,0.345313
2100.3750,294.125,293.064,3.20455,0.210163,2.3892,0.0160378,0.00668584,0.00306871,0.00935198,2.7055e-07,4.32598e-05,2.17164e-07,8.76416e-09,1.87692e-05,0.00356557,0.386274,236.084,0.149636,0.000987101,4.78001e-09,7.22634e-07,2.14771e-05,3.23539e-18,6.84778e-05,7.03225e-05,2.73375e-06,4.79491e-22,3.89611e-06,5.21075e-06,10.0062,89.4013,5.77526,0.306265,76.6497,0.358959,7.0412,0.00663215,0.358959,2.43914,0.0923395,-0.295322,0.479768,0.00506241,-0.877524,0.00897403,0.0107884,0.00854665,0.00503304,-0.877524,0.00790897,1.84163,1.10689,0.000375768,0.153558,0.000897403,0.00179807,0.000358959,0.000813234,0.153558,3.09925,7.27414e-07,4.23096,0.365591
2100.4583,295.335,294.655,3.47019,0.23809,2.16678,0.0147833,0.00724116,0.00336652,0.00754217,2.49666e-07,4.16944e-05,1.98232e-07,9.43419e-09,1.74991e-05,0.00347354,0.424619,240.284,0.144442,0.00103474,5.62971e-09,8.16202e-07,4.27811e-05,3.23118e-18,8.22031e-05,6.76671e-05,5.54659e-06,4.79497e-22,4.34839e-06,5.02078e-06,10.2006,89.5469,5.84594,0.283413,76.6374,0.38552,7.09854,0.00779343,0.38552,2.42547,0.0939153,-0.296126,0.478877,0.00463081,-0.878554,0.00963804,0.0108689,0.00917904,0.0050047,-0.878554,0.00802505,1.84165,1.10687,0.000344763,0.153525,0.000963804,0.00181148,0.00038552,0.000808675,0.153525,2.9639,8.21832e-07,4.3547,0.393313
2100.5417,292.75,292.46,3.6468,0.197656,1.30851,0.00940592,0.00633784,0.00264524,0.00306808,1.38806e-07,2.75383e-05,1.09616e-07,4.83496e-09,1.41766e-05,0.00327742,0.308708,204.273,0.0984001,0.00106622,2.57453e-09,8.6954e-07,1.3667e-05,3.30089e-18,6.44218e-05,3.96318e-05,1.87043e-06,4.89636e-22,3.34597e-06,2.96803e-06,10.3225,89.634,5.89494,0.272073,76.625,0.40296,7.13958,0.00851688,0.40296,2.4144,0.0949678,-0.296365,0.478878,0.00442565,-0.879618,0.010074,0.0109272,0.00959428,0.00498189,-0.879618,0.00810293,1.84167,1.10687,0.00032977,0.153492,0.0010074,0.0018212,0.00040296,0.000804984,0.153492,1.74229,8.72114e-07,4.42755,0.411476
2100.6250,288.523,288.607,3.68312,0.191717,0.754089,0.00520304,0.00512214,0.00228195,8.09085e-05,5.89812e-08,1.4494e-05,4.67214e-08,1.62212e-09,1.06219e-05,0.00307712,0.172741,154.15,0.0542243,0.001073,6.66405e-10,8.70408e-07,3.30825e-06,3.32336e-18,5.40616e-05,1.8466e-05,6.58144e-07,4.92427e-22,2.82553e-06,1.4188e-06,10.3416,89.632,5.90985,0.268045,76.6155,0.406522,7.15433,0.00861521,0.406522,2.40678,0.0952202,-0.296227,0.47968,0.00436054,-0.880455,0.0101631,0.0109492,0.0096791,0.0049663,-0.880455,0.00812223,1.8417,1.10691,0.000324549,0.153468,0.00101631,0.00182487,0.000406522,0.000802446,0.153468,1.07548,8.71075e-07,4.43177,0.415137
2100.7083,274.245,275.661,1.74506,0.158638,0.0822727,0.000709807,0.00244856,0.00114259,-0.00173875,1.41998e-09,5.89821e-07,1.1346e-09,2.4912e-11,1.09126e-06,0.000449156,0.0109035,15.7238,0.00206752,0.00106133,6.05947e-12,8.35957e-07,3.05025e-07,3.36763e-18,2.7871e-05,2.98852e-06,9.05018e-08,4.98273e-22,1.36925e-06,2.88325e-07,10.2922,89.5823,5.89903,0.275085,76.6098,0.399719,7.1491,0.00826124,0.399719,2.40519,0.0948728,-0.295849,0.480783,0.00451053,-0.880979,0.00999302,0.0109435,0.00951712,0.00496319,-0.880979,0.00809766,1.84173,1.10696,0.000334612,0.153454,0.000999302,0.00182392,0.000399719,0.000801914,0.153454,0.396033,8.35963e-07,4.39316,0.40798
2100.7917,267.445,268.573,0,0.0411289,0,0,0.00147115,0.000152187,-0.00147115,0,0,0,0,0,0,0,0,0,0.00104381,0,7.81771e-07,3.89666e-16,3.52446e-18,5.20863e-06,2.54188e-06,1.07561e-16,5.20839e-22,1.71119e-07,2.54188e-07,10.2347,89.5649,5.8798,0.307705,76.6081,0.389651,7.1372,0.00777942,0.389651,2.41443,0.0943341,-0.295424,0.481236,0.0051827,-0.881159,0.00974133,0.0109284,0.00927741,0.00498253,-0.881159,0.00805909,1.84175,1.10698,0.000381154,0.153451,0.000974133,0.00182141,0.000389651,0.000804994,0.153451,0.0870598,7.81771e-07,4.35495,0.397431
2100.8750,268.638,269.229,0,0.0399673,0,0,0.0014481,0.000117771,-0.0014481,0,0,0,0,0,0,0,0,0,0.0010267,0,7.29585e-07,3.70002e-31,3.61618e-18,2.47395e-06,2.47778e-06,9.87994e-32,5.3389e-22,1.00291e-07,2.47778e-07,10.1819,89.5619,5.8608,0.346242,76.6078,0.379824,7.12528,0.00732524,0.379824,2.42597,0.0938051,-0.295007,0.481393,0.00598188,-0.881193,0.00949565,0.0109131,0.00904343,0.00500659,-0.881193,0.00802117,1.84178,1.10698,0.000435706,0.153451,0.000949565,0.00181885,0.000379824,0.000808844,0.153451,0.288898,7.29585e-07,4.32107,0.387149
