time_decimal_year,TSOI,TSOIBNF,ELAI,H2OSOI,TVEG,GPP,AR,HR,NPP,NPP_NUPTAKE,NPP_PUPTAKE,NPP_NACTIVE,NPP_NFIX,NUPTAKE_NPP_FRACTION,PUPTAKE_NPP_FRACTION,COST_NFIX,COST_NACTIVE,COST_PACTIVE,VEGC_TO_LITTER,SNFIX,FNFIX,NGAS,NLEACH,NNETMIN,NUP,FN2O,PLOSS,PNETMIN,PUP,TOTVEGC,TOTECOC,VEGCAG,TOTLITC,SOILC,LEAFC,WOODC,CROOTC,FROOTC,CWDC,TOTVEGN,TOTECON,SMINN,TOTLITN,SOILN,LEAFN,WOODN,FROOTN,CWDN,TOTSOMN,TOTVEGP,TOTECOP,SMINP,TOTLITP,SOILP,LEAFP,WOODP,FROOTP,CWDP,TOTSOMP,ET,TNFIX,VEGCBG,TOTROOTC
2015.0417,273.023,273.071,0,0.468998,0,0,0.00062833,0.000462802,-0.00062833,0,0,0,0,0,0,0,0,0,0.000523365,0,3.03593e-07,1.44701e-06,3.36688e-07,9.15983e-06,0,7.65476e-08,3.37431e-09,4.70121e-07,0,11.602,45.9094,7.23017,0.496931,31.122,0,8.69538,0.00553005,0,2.68842,0.142866,3.26555,0.00122024,0.0105974,3.10534,0,0.0133406,0,0.005529,3.10534,0.00917812,3.05066,1.67141,0.000603565,0.0625641,0,0.00222344,0,0.000896139,0.0625641,0.399092,3.03593e-07,4.37187,0.00553005
2015.1250,274.884,274.55,0,0.480251,0,0,0.000834619,0.00149905,-0.000834619,0,0,0,0,0,0,0,0,0,0.00052252,0,2.95848e-07,9.39687e-06,5.28103e-07,1.69031e-05,0,5.4617e-07,4.06218e-09,1.73112e-06,0,11.5643,45.8655,7.21849,0.475677,31.1267,0,8.68134,0.00521758,0,2.69883,0.142636,3.26546,0.00148371,0.0100425,3.10575,0,0.0133211,0,0.00555028,3.10575,0.00916329,3.05066,1.67144,0.000574998,0.0625764,0,0.00222019,0,0.00089961,0.0625764,0.529298,2.95848e-07,4.3458,0.00521758
2015.2083,283.009,282.037,0,0.203771,0,0,0.00111073,0.00218002,-0.00111073,0,0,0,0,0,0,0,0,0,0.000521647,0,3.61186e-07,1.92975e-05,2.38202e-06,3.56152e-05,0,1.50322e-06,1.58616e-08,2.71808e-06,0,11.5168,45.7767,7.20644,0.421895,31.136,0,8.66684,0.00491287,0,2.70197,0.142397,3.26504,0.00185716,0.00860983,3.10662,0,0.0133008,0,0.00555654,3.10662,0.00914799,3.05066,1.67151,0.000495139,0.0625981,0,0.00221681,0,0.000900656,0.0625981,1.12722,3.61186e-07,4.31033,0.00491287
2015.2917,291.194,289.719,1.69084,0.183895,1.37941,0.00531096,0.00273688,0.00234874,0.00257408,2.87955e-05,0.000112771,2.37352e-05,1.71034e-06,0.00291094,0.019984,2.09078,0.477684,0.00804144,0.000521681,7.89581e-06,4.90972e-07,3.19971e-05,2.07475e-06,5.56599e-05,3.42615e-05,2.92167e-06,1.26705e-08,3.24418e-06,1.99315e-06,11.4942,45.7038,7.20483,0.375323,31.1346,0.051982,8.75309,0.00691053,0.051982,2.69966,0.142476,3.2643,0.00218924,0.00745126,3.10663,0.00207928,0.0134202,0.00123767,0.00555162,3.10663,0.00915092,3.05066,1.67158,0.000429769,0.062588,0.000138619,0.0022367,5.1982e-05,0.000899885,0.062588,2.35004,8.38678e-06,4.28941,0.0588926
2015.3750,292.92,291.894,3.60903,0.174973,2.61599,0.0100345,0.00412281,0.00211648,0.00591164,7.31477e-05,0.000162269,6.12233e-05,3.39321e-06,0.00509974,0.0151529,2.9711,0.500139,0.0158806,0.00052576,1.61956e-05,7.37351e-07,2.98813e-05,9.36961e-07,6.31958e-05,6.74728e-05,2.87861e-06,8.05131e-09,3.08969e-06,3.99841e-06,11.6165,45.7778,7.24979,0.342291,31.1242,0.107798,8.84679,0.00890855,0.107798,2.69477,0.143961,3.26374,0.00171827,0.00663345,3.10588,0.00431193,0.0135511,0.00256662,0.00554178,3.10588,0.00923706,3.05066,1.67157,0.000384644,0.0625538,0.000287462,0.00225851,0.000107798,0.000898258,0.0625538,3.37972,1.69329e-05,4.36673,0.116707
2015.4583,295.957,294.903,3.60901,0.208295,2.35928,0.00993848,0.00457201,0.00227658,0.00536647,8.23241e-05,0.000161703,6.98385e-05,2.76087e-06,0.00579686,0.0158671,3.65492,0.425714,0.0156742,0.000530949,1.65316e-05,9.62851e-07,3.08748e-05,3.4397e-07,7.66446e-05,6.64454e-05,2.71373e-06,5.4068e-09,3.35193e-06,3.94558e-06,11.7733,45.8873,7.30754,0.318505,31.108,0.107798,8.83237,0.00839604,0.107798,2.68754,0.145822,3.26334,0.00134076,0.00604513,3.1046,0.00431191,0.0135323,0.00256661,0.00552711,3.1046,0.00934646,3.05066,1.67154,0.000352893,0.0625054,0.000287461,0.00225538,0.000107798,0.000895845,0.0625054,3.58265,1.74945e-05,4.46575,0.116194
2015.5417,295.809,295.201,3.6022,0.196314,2.19236,0.00822564,0.00436923,0.00215091,0.00385641,5.84047e-05,0.000147908,4.94117e-05,2.105e-06,0.00466989,0.0153559,3.52319,0.446719,0.0126786,0.000535456,1.33615e-05,1.10652e-06,3.46578e-05,4.41569e-07,7.83379e-05,5.3865e-05,3.04236e-06,8.31992e-09,3.1298e-06,3.1744e-06,11.8954,45.9589,7.35741,0.299042,31.087,0.107615,8.81738,0.00789799,0.107615,2.6774,0.147445,3.26282,0.00143692,0.00556665,3.10287,0.00430459,0.0135125,0.00256226,0.00550641,3.10287,0.00944128,3.05066,1.67154,0.00032749,0.0624465,0.000286973,0.00225209,0.000107615,0.000892466,0.0624465,2.94105,1.4468e-05,4.53802,0.115513
2015.6250,290.503,290.659,3.59552,0.1867,1.54475,0.00667244,0.00355939,0.00170764,0.00311304,4.82587e-05,0.000132724,4.04609e-05,2.16316e-06,0.00434121,0.0149109,2.4423,0.396943,0.0101953,0.000538833,1.05464e-05,1.16777e-06,3.0012e-05,6.91726e-07,6.4569e-05,4.32848e-05,2.99077e-06,9.22889e-09,2.44418e-06,2.53884e-06,11.9827,46.0071,7.39429,0.285735,31.0683,0.107435,8.80266,0.00743674,0.107435,2.67045,0.148678,3.26223,0.0015582,0.0052427,3.10126,0.00429741,0.013493,0.00255798,0.0054922,3.10126,0.00951245,3.05066,1.67153,0.00031056,0.0623965,0.000286494,0.00224883,0.000107435,0.00089015,0.0623965,2.28894,1.17142e-05,4.58836,0.114872
2015.7083,285.134,285.79,2.91192,0.215053,0.673861,0.00388324,0.00259594,0.00252505,0.00128729,2.52271e-05,7.6744e-05,2.0717e-05,1.6217e-06,0.00376244,0.0114484,1.36339,0.347271,0.00537771,0.00745491,5.56412e-06,1.16302e-06,2.9248e-05,1.27959e-06,5.5283e-06,7.06743e-05,2.1702e-06,1.81346e-08,1.56499e-06,4.51372e-06,11.997,46.0615,7.39924,0.338646,31.0593,0.0885376,8.78796,0.00700257,0.0885376,2.66661,0.148554,3.26253,0.001464,0.0065846,3.10044,0.00354049,0.0134733,0.00210804,0.00548435,3.10044,0.00950696,3.05071,1.67154,0.000381613,0.0623748,0.000236011,0.00224554,8.85376e-05,0.000888869,0.0623748,1.29327,6.72714e-06,4.59773,0.0955402
2015.7917,280.564,281.45,0,0.199385,0,0,0.00115053,0.00301837,-0.00115053,0,0,0,0,0,0,0,0,0,0.000529383,0,1.0991e-06,2.3444e-06,6.54935e-07,4.11451e-06,0,1.34419e-07,1.62152e-08,2.11526e-06,0,11.7957,46.1383,7.30955,0.569258,31.1072,0,8.77328,0.00659362,0,2.66609,0.144154,3.26661,0.000297948,0.0122897,3.10439,0,0.0134534,0,0.00548329,3.10439,0.00926393,3.05095,1.67157,0.000692618,0.06251,0,0.00224223,0,0.000888697,0.06251,0.407087,1.0991e-06,4.48617,0.00659362
2015.8750,274.448,275.354,0,0.220677,0,0,0.000791915,0.00200739,-0.000791915,0,0,0,0,0,0,0,0,0,0.000528499,0,1.03042e-06,7.52143e-06,5.32849e-07,1.98135e-05,0,4.52451e-07,1.32232e-08,2.05198e-06,0,11.7483,46.035,7.29735,0.488912,31.1288,0,8.75863,0.00620867,0,2.66901,0.143913,3.26654,0.000664523,0.0102478,3.10623,0,0.0134334,0,0.00548926,3.10623,0.00924846,3.05095,1.67164,0.000582756,0.0625681,0,0.0022389,0,0.000889671,0.0625681,0.375704,1.03042e-06,4.45094,0.00620867
2015.9583,275.234,275.897,0,0.174611,0,0,0.000669176,0.0017367,-0.000669176,0,0,0,0,0,0,0,0,0,0.000527602,0,9.63266e-07,1.21749e-05,5.41226e-07,2.45036e-05,0,8.84761e-07,9.51293e-09,1.98948e-06,0,11.7073,45.9563,7.28496,0.438026,31.1377,0,8.74377,0.00584037,0,2.6733,0.143669,3.26629,0.00110006,0.00898564,3.10704,0,0.013413,0,0.00549799,3.10704,0.00923276,3.05095,1.6717,0.000512786,0.0625896,0,0.0022355,0,0.000891098,0.0625896,0.362044,9.63266e-07,4.42232,0.00584037
2016.0417,275.208,275.803,0,0.163301,0,0,0.000704378,0.00146359,-0.000704378,0,0,0,0,0,0,0,0,0,0.00052675,0,9.15859e-07,1.25965e-05,7.25563e-07,2.72502e-05,0,1.21018e-06,6.97846e-09,1.82312e-06,0,11.6707,45.8919,7.2732,0.402819,31.1409,0,8.72964,0.00551005,0,2.67752,0.143437,3.26601,0.0015797,0.00812048,3.10737,0,0.0133935,0,0.00550657,3.10737,0.00921785,3.05095,1.67175,0.000464706,0.0625955,0,0.00223225,0,0.000892508,0.0625955,0.743626,9.15859e-07,4.39747,0.00551005
2016.1250,275.922,275.843,0,0.284429,0,0,0.000853246,0.00138323,-0.000853246,0,0,0,0,0,0,0,0,0,0.000525899,0,8.81457e-07,2.04178e-05,1.38991e-06,3.23938e-05,0,1.28321e-06,1.11639e-08,1.83825e-06,0,11.6302,45.8291,7.26145,0.377054,31.14,0,8.71555,0.0051987,0,2.68181,0.143205,3.26549,0.00192651,0.00748836,3.10735,0,0.0133739,0,0.00551522,3.10735,0.00920296,3.05095,1.6718,0.000430078,0.0625906,0,0.00222898,0,0.000893936,0.0625906,0.788942,8.81457e-07,4.36872,0.0051987
2016.2083,286.311,285.399,1.87328,0.183019,1.00723,0.00445104,0.00231741,0.001773,0.00213362,2.59177e-05,0.000112031,2.09874e-05,1.98344e-06,0.00319646,0.0242827,1.41722,0.468189,0.00660562,0.000525756,5.60791e-06,8.71497e-07,2.91166e-05,2.47711e-06,4.87796e-05,2.80399e-05,2.76794e-06,1.75587e-08,2.49038e-06,1.61855e-06,11.6077,45.7765,7.25782,0.351366,31.1346,0.0577735,8.81157,0.00740201,0.0577735,2.68276,0.143231,3.26475,0.00219044,0.0068519,3.10696,0.00231094,0.0135069,0.00137556,0.00551706,3.10696,0.00920267,3.05095,1.67185,0.000395369,0.0625724,0.000154063,0.00225115,5.77735e-05,0.000894253,0.0625724,1.81023,6.4794e-06,4.34992,0.0651755
2016.2917,288.152,287.357,3.77282,0.200899,1.80893,0.00953673,0.00365684,0.00177077,0.00587989,7.35489e-05,0.000158136,6.05609e-05,4.57492e-06,0.00520847,0.0150323,1.87838,0.481528,0.0150908,0.000529099,1.4268e-05,9.16611e-07,2.83212e-05,1.02112e-06,5.60841e-05,6.39484e-05,2.65822e-06,9.78523e-09,2.56491e-06,3.79725e-06,11.7188,45.8546,7.2945,0.32998,31.1244,0.11218,8.90117,0.00928007,0.11218,2.68141,0.144504,3.26417,0.00165997,0.00632628,3.10617,0.00448719,0.0136322,0.00267095,0.00551455,3.10617,0.00927626,3.05095,1.67184,0.00036706,0.0625416,0.000299146,0.00227204,0.00011218,0.000893804,0.0625416,2.70714,1.51846e-05,4.42429,0.12146
2016.3750,293.899,292.668,3.7707,0.18832,2.49591,0.00995659,0.00434627,0.00197925,0.00561032,9.02123e-05,0.000161074,7.62912e-05,3.31685e-06,0.0063185,0.017251,3.11539,0.386058,0.0156244,0.000533897,1.63157e-05,9.88941e-07,2.69883e-05,3.9506e-07,6.82566e-05,6.60075e-05,2.50273e-06,6.68674e-09,2.86909e-06,3.93511e-06,11.8757,45.9741,7.348,0.31162,31.1098,0.112124,8.88655,0.00874358,0.112124,2.67698,0.146276,3.26387,0.00123527,0.00587422,3.10498,0.00448494,0.0136133,0.00266961,0.00550571,3.10498,0.00938064,3.05095,1.6718,0.000343031,0.0624998,0.000298996,0.00226889,0.000112124,0.000892328,0.0624998,3.33481,1.73046e-05,4.52765,0.120867
2016.4583,297.807,296.294,3.76368,0.144612,2.87133,0.00943102,0.0047874,0.00186503,0.00464362,9.42964e-05,0.000159145,8.07137e-05,2.3749e-06,0.00705261,0.0199931,3.92395,0.338532,0.0145282,0.000538468,1.5419e-05,1.08241e-06,1.93169e-05,3.90204e-07,6.74579e-05,6.12159e-05,2.28784e-06,5.20875e-09,2.66463e-06,3.65027e-06,12.0077,46.0663,7.39888,0.296011,31.0923,0.111936,8.87172,0.00823311,0.111936,2.67026,0.147948,3.2637,0.00126581,0.00549196,3.1035,0.00447745,0.0135939,0.00266515,0.00549208,3.1035,0.00947918,3.05095,1.67177,0.000322928,0.0624517,0.000298497,0.00226565,0.000111936,0.000890088,0.0624517,3.51497,1.65015e-05,4.60887,0.120169
2016.5417,296.888,296.098,3.75655,0.178103,2.40339,0.00855029,0.00468749,0.00198389,0.0038628,7.52136e-05,0.00014855,6.42149e-05,2.07253e-06,0.00579422,0.0153042,3.70254,0.352484,0.013019,0.00054291,1.3811e-05,1.16239e-06,2.90637e-05,2.31697e-07,7.55607e-05,5.50057e-05,2.98955e-06,3.57043e-09,2.79438e-06,3.26568e-06,12.1304,46.1504,7.44824,0.283299,31.0736,0.111746,8.85666,0.00774473,0.111746,2.66312,0.149564,3.26339,0.00127998,0.00518126,3.10189,0.00446986,0.013574,0.00266063,0.00547751,3.10189,0.00957434,3.05095,1.67174,0.000306703,0.0624028,0.00029799,0.00226233,0.000111746,0.000887707,0.0624028,3.11754,1.49734e-05,4.68213,0.119491
2016.6250,292.989,292.963,3.74955,0.171597,1.61157,0.00661518,0.00394432,0.00171682,0.00267086,4.83228e-05,0.000132532,4.08546e-05,1.78281e-06,0.00447274,0.0159692,2.85848,0.376185,0.00979435,0.00054623,1.02509e-05,1.19489e-06,2.83485e-05,2.34082e-07,6.73404e-05,4.14938e-05,3.12247e-06,2.68272e-09,2.38087e-06,2.4361e-06,12.2122,46.1952,7.48466,0.272745,31.0545,0.11156,8.84187,0.00729243,0.11156,2.65583,0.150787,3.26293,0.00156548,0.00492581,3.10019,0.00446239,0.0135543,0.00265619,0.00546258,3.10019,0.00964532,3.05095,1.67173,0.000293472,0.0623544,0.000297493,0.00225904,0.00011156,0.000885276,0.0623544,2.18196,1.14458e-05,4.72753,0.118852
2016.7083,284.935,285.64,3.06246,0.178926,0.752993,0.00388225,0.00260762,0.00230414,0.00127463,2.67465e-05,7.59072e-05,2.2069e-05,1.6055e-06,0.00390452,0.0111254,1.37528,0.323004,0.00512141,0.00772758,5.43764e-06,1.18581e-06,2.92572e-05,2.4367e-07,3.48357e-06,7.18361e-05,2.79431e-06,2.31602e-09,1.29966e-06,4.60007e-06,12.2178,46.2478,7.48711,0.330852,31.0462,0.0919367,8.82711,0.00686668,0.0919367,2.65287,0.150575,3.26335,0.00152067,0.00639875,3.0994,0.00367662,0.0135344,0.00218897,0.00545652,3.0994,0.00963489,3.051,1.67173,0.000371613,0.0623363,0.000245082,0.00225573,9.19367e-05,0.000884291,0.0623363,1.22153,6.62345e-06,4.7307,0.0988034
2016.7917,279.736,280.834,0,0.212438,0,0,0.00117203,0.00299008,-0.00117203,0,0,0,0,0,0,0,0,0,0.00053618,0,1.13359e-06,2.95995e-06,1.08262e-07,8.51271e-07,0,1.61849e-07,2.54729e-09,1.90575e-06,0,12.0079,46.332,7.39425,0.577464,31.094,0,8.81237,0.00646566,0,2.6526,0.146009,3.26754,0.000290178,0.0124888,3.1033,0,0.0135144,0,0.00545594,3.1033,0.0093828,3.05125,1.67176,0.000704236,0.0624728,0,0.0022524,0,0.000884202,0.0624728,0.528083,1.13359e-06,4.6137,0.00646566
2016.8750,272.874,273.751,0,0.251041,0,0,0.000870792,0.00169599,-0.000870792,0,0,0,0,0,0,0,0,0,0.000535284,0,1.06856e-06,4.92054e-06,2.11436e-07,1.51948e-05,0,2.69244e-07,4.63734e-09,1.62243e-06,0,11.9602,46.2353,7.3819,0.502415,31.1157,0,8.79765,0.00608819,0,2.65702,0.145765,3.26753,0.000596216,0.0105806,3.10512,0,0.0134943,0,0.00546496,3.10512,0.00936714,3.05125,1.67182,0.0006025,0.0625324,0,0.00224904,0,0.000885673,0.0625324,0.569859,1.06856e-06,4.57831,0.00608819
2016.9583,272.176,272.362,0,0.415944,0,0,0.000808863,0.00103202,-0.000808863,0,0,0,0,0,0,0,0,0,0.000534376,0,1.01056e-06,4.27721e-06,3.28524e-07,1.15596e-05,0,1.70701e-07,5.16656e-09,1.07782e-06,0,11.9163,46.1747,7.36937,0.469096,31.1233,0,8.78272,0.00572704,0,2.66609,0.145517,3.26748,0.000938221,0.00976909,3.10578,0,0.0134737,0,0.00548353,3.10578,0.00935124,3.05125,1.67185,0.000558636,0.0625525,0,0.00224562,0,0.000888696,0.0625525,0.50162,1.01056e-06,4.54689,0.00572704
2017.0417,273.721,273.802,0,0.27657,0,0,0.000868557,0.00159319,-0.000868557,0,0,0,0,0,0,0,0,0,0.000533513,0,9.59753e-07,1.20569e-05,5.50631e-07,2.30416e-05,0,5.95195e-07,6.97445e-09,1.81888e-06,0,11.8735,46.1114,7.35747,0.43514,31.1296,0,8.76853,0.00540312,0,2.67315,0.145282,3.26729,0.0012588,0.00891744,3.10634,0,0.013454,0,0.00549793,3.10634,0.00933613,3.05125,1.67189,0.000511858,0.0625684,0,0.00224234,0,0.00089105,0.0625684,0.378478,9.59753e-07,4.51607,0.00540312
2017.1250,278.077,277.795,0,0.240202,0,0,0.00100166,0.0017103,-0.00100166,0,0,0,0,0,0,0,0,0,0.000532651,0,9.22263e-07,1.80517e-05,2.56055e-06,3.21349e-05,0,1.1061e-06,2.8108e-08,2.12279e-06,0,11.8271,46.0316,7.34558,0.395103,31.1333,0,8.75437,0.00509782,0,2.67609,0.145048,3.26686,0.00167137,0.00792665,3.10671,0,0.0134343,0,0.0055038,3.10671,0.00932106,3.05125,1.67195,0.000456197,0.0625756,0,0.00223905,0,0.00089203,0.0625756,1.30658,9.22263e-07,4.48155,0.00509782
2017.2083,285.773,284.723,0.29759,0.209343,0.231891,0.0011817,0.00152603,0.00193903,-0.000344333,5.46379e-06,3.51473e-05,4.42401e-06,4.00366e-07,0.000941651,0.0124026,0.520707,0.164857,0.00156221,0.000531805,1.41958e-06,9.19607e-07,3.10777e-05,2.95955e-06,4.70666e-05,6.58529e-06,2.28456e-06,2.63296e-08,2.61069e-06,3.76289e-07,11.777,45.947,7.33383,0.361951,31.131,0.00950683,8.75822,0.00522379,0.00950683,2.67702,0.144823,3.2661,0.0020721,0.00711083,3.10659,0.000380273,0.0134394,0.000226353,0.00550549,3.10659,0.00930646,3.05125,1.67202,0.000410718,0.0625659,2.53516e-05,0.00223989,9.50683e-06,0.000892341,0.0625659,1.50143,2.33918e-06,4.4432,0.0147306
2017.2917,290.574,289.504,3.63261,0.177811,2.20423,0.00934168,0.00370056,0.0019107,0.00564112,5.5542e-05,0.000157013,4.5883e-05,3.26592e-06,0.00406526,0.0163647,2.40561,0.57083,0.0136102,0.000533444,1.3115e-05,9.53503e-07,3.12181e-05,1.8567e-06,5.7312e-05,5.7402e-05,2.9991e-06,1.7006e-08,2.72054e-06,3.42018e-06,11.8371,45.9681,7.35134,0.33448,31.122,0.108291,8.9355,0.00922066,0.108291,2.6745,0.14558,3.2653,0.00187325,0.00643656,3.10591,0.00433163,0.0136855,0.00257835,0.00550037,3.10591,0.00934991,3.05125,1.67204,0.000373692,0.0625378,0.000288775,0.00228091,0.000108291,0.000891502,0.0625378,2.8356,1.40686e-05,4.48576,0.117511
2017.3750,296.317,294.045,4.14383,0.115521,2.98224,0.00967928,0.00456853,0.00159285,0.00511076,8.15655e-05,0.00015718,6.92577e-05,2.68802e-06,0.00589501,0.0172164,3.28297,0.368991,0.0139471,0.000537309,1.44226e-05,1.02662e-06,6.90628e-06,1.04963e-06,5.14936e-05,5.8477e-05,1.15733e-06,8.86163e-09,2.284e-06,3.50898e-06,11.9872,46.0849,7.39505,0.315451,31.1101,0.121965,8.94749,0.00927393,0.121965,2.67213,0.147173,3.26515,0.00156369,0.00597171,3.10495,0.00487861,0.0137035,0.00290393,0.00549581,3.10495,0.00944416,3.05125,1.67201,0.000348729,0.0625029,0.00032524,0.00228392,0.000121965,0.00089071,0.0625029,3.3473,1.54492e-05,4.59219,0.131239
2017.4583,297.739,296.127,4.13603,0.105858,2.76655,0.00749848,0.00423055,0.00120376,0.00326793,6.65541e-05,0.000150014,5.6888e-05,1.76578e-06,0.00634722,0.0278664,3.68989,0.332664,0.0104837,0.000540617,1.0972e-05,1.11186e-06,2.46459e-06,6.43989e-07,3.81267e-05,4.38517e-05,5.3259e-07,5.00839e-09,1.68866e-06,2.60752e-06,12.0933,46.1684,7.4322,0.303187,31.0999,0.121761,8.93255,0.0087325,0.121761,2.67199,0.148504,3.26531,0.00151609,0.00567317,3.10412,0.00487046,0.0136842,0.00289908,0.00549579,3.10412,0.00952274,3.05125,1.67197,0.000332853,0.062474,0.000324697,0.00228069,0.000121761,0.000890663,0.062474,3.22447,1.20839e-05,4.66113,0.130494
2017.5417,298.815,297.285,4.12813,0.0970211,2.03488,0.00503659,0.00402348,0.00113659,0.00101311,3.87675e-05,0.000126025,3.31245e-05,1.04048e-06,0.00505682,0.0297651,3.37771,0.31193,0.00658821,0.000542632,6.8907e-06,1.16083e-06,4.97024e-06,4.27536e-07,3.70488e-05,2.75692e-05,9.47816e-07,3.24684e-09,1.57742e-06,1.60832e-06,12.1363,46.1953,7.45411,0.294494,31.0913,0.121555,8.91739,0.00821449,0.121555,2.67307,0.149335,3.26531,0.00161207,0.0054601,3.10341,0.00486219,0.0136643,0.00289416,0.00549823,3.10341,0.00957049,3.05125,1.67196,0.000321438,0.06245,0.000324146,0.00227738,0.000121555,0.000891024,0.06245,2.43042,8.05153e-06,4.68224,0.129769
2017.6250,293.312,293.129,4.12036,0.126153,1.56532,0.0054003,0.00357645,0.00115751,0.00182385,3.91176e-05,0.000129291,3.31581e-05,1.3498e-06,0.00451602,0.0197502,2.82908,0.34176,0.00732558,0.000544191,7.56798e-06,1.18059e-06,1.02935e-05,3.59821e-07,3.94401e-05,3.07238e-05,1.49174e-06,2.37502e-09,1.59664e-06,1.79865e-06,12.1624,46.2067,7.47068,0.2874,31.0827,0.121352,8.9025,0.00773476,0.121352,2.67419,0.14999,3.26523,0.00178409,0.00528465,3.10267,0.00485407,0.0136446,0.00288933,0.00550067,3.10267,0.00960731,3.05125,1.67195,0.000312067,0.0624268,0.000323605,0.0022741,0.000121352,0.000891397,0.0624268,2.15484,8.74857e-06,4.69176,0.129087
2017.7083,285.173,285.777,3.36266,0.16928,0.733151,0.00400672,0.00266953,0.00222606,0.00133719,2.85956e-05,7.56926e-05,2.37265e-05,1.57252e-06,0.00399665,0.0105398,1.33687,0.285848,0.0050588,0.00835512,5.29358e-06,1.17046e-06,2.74151e-05,2.01192e-07,9.64158e-07,7.52809e-05,2.96606e-06,1.77593e-09,1.30323e-06,4.85139e-06,12.1548,46.2614,7.46517,0.352535,31.0793,0.100006,8.88763,0.00728319,0.100006,2.67466,0.149527,3.26577,0.0014689,0.00692874,3.10235,0.00399939,0.0136247,0.0023811,0.00550171,3.10235,0.00958263,3.0513,1.67195,0.000399169,0.0624195,0.000266604,0.00227079,0.000100006,0.000891553,0.0624195,1.22413,6.46403e-06,4.68967,0.10729
2017.7917,278.096,279.069,0,0.224383,0,0,0.0011183,0.00290154,-0.0011183,0,0,0,0,0,0,0,0,0,0.000532421,0,1.12615e-06,1.57534e-06,5.48884e-08,-4.55438e-06,0,8.65345e-08,1.36723e-09,1.7264e-06,0,11.9324,46.3709,7.36366,0.637233,31.1257,0,8.87279,0.00685785,0,2.67557,0.144547,3.27043,0.000246743,0.0139745,3.10616,0,0.0136047,0,0.00550362,3.10616,0.00930794,3.05157,1.67197,0.000784413,0.0625508,0,0.00226746,0,0.000891858,0.0625508,0.748331,1.12615e-06,4.56873,0.00685785
2017.8750,273.341,274.227,0,0.272522,0,0,0.000886916,0.00197073,-0.000886916,0,0,0,0,0,0,0,0,0,0.000531532,0,1.06942e-06,4.11721e-06,5.76719e-08,1.31841e-05,0,2.08055e-07,1.54666e-09,1.8324e-06,0,11.8837,46.2661,7.35136,0.550189,31.1525,0,8.85798,0.00645747,0,2.67967,0.144305,3.27045,0.000455773,0.0117486,3.10843,0,0.0135846,0,0.00551204,3.10843,0.0092924,3.05157,1.67203,0.000666323,0.0626238,0,0.0022641,0,0.000893225,0.0626238,0.571036,1.06942e-06,4.53237,0.00645747
2017.9583,272.435,272.732,0,0.481458,0,0,0.00078882,0.00107813,-0.00078882,0,0,0,0,0,0,0,0,0,0.000530629,0,1.01239e-06,3.95608e-06,1.426e-07,1.18213e-05,0,1.77975e-07,2.7392e-09,1.10291e-06,0,11.84,46.1989,7.33889,0.508018,31.1626,0,8.84294,0.00607442,0,2.68829,0.14406,3.27039,0.00078935,0.0107121,3.1093,0,0.013564,0,0.00552972,3.1093,0.00927663,3.05157,1.67207,0.000610703,0.0626497,0,0.00226067,0,0.000896098,0.0626497,0.566525,1.01239e-06,4.50113,0.00607442
2018.0417,272.024,272.338,0,0.624245,0,0,0.000808015,0.000752292,-0.000808015,0,0,0,0,0,0,0,0,0,0.000529772,0,9.77496e-07,1.25471e-06,2.81408e-07,9.82128e-06,0,7.3402e-08,3.60835e-09,8.11744e-07,0,11.7987,46.1471,7.32703,0.482478,31.1679,0,8.82866,0.00573085,0,2.69799,0.143828,3.27034,0.00108882,0.0100931,3.10978,0,0.0135443,0,0.00554958,3.10978,0.00926164,3.05157,1.6721,0.000577662,0.0626632,0,0.00225739,0,0.00089933,0.0626632,1.43886,9.77496e-07,4.47169,0.00573085
2018.1250,274.894,274.332,0,0.345436,0,0,0.000896598,0.00148831,-0.000896598,0,0,0,0,0,0,0,0,0,0.000528917,0,9.63187e-07,1.01817e-05,3.37911e-07,1.84151e-05,0,5.31432e-07,3.41983e-09,1.7443e-06,0,11.7553,46.0939,7.3152,0.457954,31.1734,0,8.8144,0.00540703,0,2.70732,0.143595,3.27026,0.00134855,0.00947805,3.11027,0,0.0135246,0,0.00556865,3.11027,0.00924668,3.05157,1.67213,0.000543722,0.0626764,0,0.0022541,0,0.00090244,0.0626764,0.992396,9.63187e-07,4.44011,0.00540703
2018.2083,285.392,283.915,0,0.176698,0,0,0.00124201,0.00215753,-0.00124201,0,0,0,0,0,0,0,0,0,0.000528034,0,9.38877e-07,2.19248e-05,7.85595e-07,3.84848e-05,0,1.76654e-06,6.20367e-09,2.76523e-06,0,11.7064,46.0074,7.30298,0.412831,31.1781,0,8.79968,0.00509126,0,2.7101,0.143356,3.26983,0.00178515,0.00834859,3.11077,0,0.013504,0,0.00557418,3.11077,0.00923124,3.05157,1.6722,0.000479861,0.0626847,0,0.00225067,0,0.000903368,0.0626847,1.11567,9.38877e-07,4.40338,0.00509126
2018.2917,292.897,291.293,1.51538,0.174999,1.19982,0.00475866,0.00284897,0.0023404,0.00190969,2.70392e-05,0.00010061,2.23062e-05,1.58122e-06,0.0028367,0.0225538,1.96222,0.434793,0.00754353,0.000528052,7.5224e-06,9.38189e-07,3.5872e-05,1.03936e-06,5.88279e-05,3.23409e-05,3.43882e-06,6.59987e-09,3.28442e-06,1.86883e-06,11.6707,45.921,7.30097,0.369655,31.1739,0.0468643,8.88362,0.00703229,0.0468643,2.70669,0.143384,3.26902,0.00221516,0.00728455,3.11057,0.00187457,0.0136202,0.00111582,0.00556699,3.11057,0.0092311,3.05157,1.67228,0.000420042,0.0626665,0.000124971,0.00227004,4.68643e-05,0.000902231,0.0626665,2.23248,8.46059e-06,4.36977,0.0538966
2018.3750,297.984,296.115,3.37111,0.139261,2.97978,0.00886225,0.0045998,0.00218925,0.00426245,6.26991e-05,0.000154785,5.28991e-05,2.41432e-06,0.00500189,0.0215442,3.75078,0.512941,0.0143848,0.000532696,1.50683e-05,1.00949e-06,2.66074e-05,7.10647e-07,6.72813e-05,6.1527e-05,3.17325e-06,5.4208e-09,3.20498e-06,3.60395e-06,11.7623,45.9618,7.35126,0.33834,31.161,0.101364,8.98366,0.00916966,0.101364,2.70016,0.14481,3.26837,0.00187986,0.00651551,3.10961,0.00405457,0.0137599,0.00241343,0.00555375,3.10961,0.00931281,3.05157,1.67228,0.00037786,0.062625,0.000270304,0.00229331,0.000101364,0.000900053,0.062625,3.49262,1.60778e-05,4.41107,0.110534
2018.4583,299.17,297.433,3.37374,0.136871,2.49593,0.00822424,0.00457697,0.0017257,0.00364727,6.73212e-05,0.000148782,5.72504e-05,2.08985e-06,0.00561076,0.0229896,3.88275,0.419254,0.0133115,0.00053735,1.41139e-05,1.09837e-06,1.95052e-05,6.09367e-07,5.68974e-05,5.67819e-05,2.19539e-06,3.9779e-09,2.52476e-06,3.32958e-06,11.851,46.0153,7.40168,0.31964,31.1477,0.101436,8.96917,0.0086454,0.101436,2.69694,0.146279,3.26828,0.00183049,0.00605984,3.10856,0.00405745,0.0137411,0.00241515,0.00554738,3.10856,0.00939748,3.05157,1.67226,0.000353546,0.0625856,0.000270497,0.00229018,0.000101436,0.000898981,0.0625856,3.33029,1.52123e-05,4.4493,0.110082
2018.5417,296.659,295.882,3.36742,0.17283,2.43676,0.0079987,0.00440161,0.00208773,0.00359708,6.20997e-05,0.000146863,5.26582e-05,2.0985e-06,0.00512979,0.0170894,3.65857,0.430358,0.0129906,0.000542262,1.37869e-05,1.17225e-06,3.18656e-05,2.44058e-07,7.5446e-05,5.548e-05,3.31705e-06,2.68378e-09,3.03969e-06,3.24799e-06,11.9547,46.0764,7.45497,0.302526,31.1297,0.101264,8.95395,0.00813256,0.101264,2.68946,0.147875,3.26772,0.0016027,0.0056381,3.10707,0.00405056,0.0137211,0.00241105,0.00553215,3.10707,0.00948973,3.05157,1.67224,0.000331123,0.0625346,0.000270038,0.00228685,0.000101264,0.000896486,0.0625346,3.15639,1.49592e-05,4.49978,0.109397
2018.6250,291.332,291.535,3.36121,0.142253,1.7311,0.00639192,0.00354959,0.00155332,0.00284234,5.18697e-05,0.000131956,4.37601e-05,2.01489e-06,0.00492055,0.0172146,2.67562,0.371757,0.0102491,0.000546013,1.07048e-05,1.21093e-06,1.8332e-05,3.1254e-07,5.79698e-05,4.371e-05,2.42913e-06,2.22494e-09,2.22754e-06,2.54544e-06,12.032,46.1184,7.49518,0.289816,31.1125,0.101095,8.93899,0.00765761,0.101095,2.68412,0.149134,3.26742,0.00182986,0.0053302,3.1056,0.0040438,0.0137012,0.00240702,0.00552128,3.1056,0.00956186,3.05157,1.67223,0.000315061,0.0624884,0.000269587,0.00228354,0.000101095,0.000894708,0.0624884,2.20028,1.19157e-05,4.53681,0.108753
2018.7083,285.514,286.059,2.74761,0.170205,0.758851,0.00389202,0.00256749,0.00231919,0.00132453,2.9409e-05,7.91845e-05,2.42948e-05,1.72825e-06,0.00421891,0.0125613,1.42733,0.329426,0.00569127,0.00705437,5.95315e-06,1.1976e-06,2.95464e-05,2.38373e-07,4.49494e-06,6.95844e-05,3.12359e-06,1.87094e-09,1.43336e-06,4.41897e-06,12.0464,46.1736,7.50383,0.340065,31.1049,0.0833127,8.92407,0.00721055,0.0833127,2.68228,0.149108,3.26778,0.0016383,0.00660468,3.10491,0.00333145,0.0136813,0.00198364,0.00551754,3.10491,0.00956144,3.05162,1.67223,0.000382151,0.0624699,0.000222078,0.00228021,8.33127e-05,0.000894093,0.0624699,1.22807,7.15075e-06,4.54254,0.0905232
2018.7917,280.277,281.185,0,0.22318,0,0,0.00112479,0.00304151,-0.00112479,0,0,0,0,0,0,0,0,0,0.00053769,0,1.15154e-06,4.51263e-06,9.12365e-08,4.14947e-06,0,2.51711e-07,1.66252e-09,2.12643e-06,0,11.8562,46.2433,7.42076,0.553474,31.1513,0,8.90917,0.00678944,0,2.68229,0.144999,3.27153,0.000392731,0.0118807,3.10874,0,0.0136611,0,0.00551757,3.10874,0.0093344,3.05184,1.67226,0.000668608,0.0626005,0,0.00227686,0,0.000894096,0.0626005,0.822363,1.15154e-06,4.43548,0.00678944
2018.8750,273.256,274.341,0,0.375603,0,0,0.00082541,0.00158078,-0.00082541,0,0,0,0,0,0,0,0,0,0.000536792,0,1.09705e-06,5.98342e-06,2.62901e-07,1.7829e-05,0,3.33458e-07,4.43724e-09,1.61146e-06,0,11.8083,46.1406,7.40837,0.476145,31.171,0,8.89429,0.00639306,0,2.68523,0.144757,3.27145,0.000821452,0.00992413,3.11043,0,0.0136409,0,0.00552358,3.11043,0.00931882,3.05184,1.67233,0.000563523,0.0626532,0,0.00227348,0,0.000895076,0.0626532,0.703793,1.09705e-06,4.3999,0.00639306
2018.9583,272.449,272.6,0,0.895842,0,0,0.000713816,0.000522224,-0.000713816,0,0,0,0,0,0,0,0,0,0.000535881,0,1.0455e-06,1.43817e-06,5.2495e-07,7.75303e-06,0,1.01974e-07,6.49565e-09,5.48292e-07,0,11.7663,46.0913,7.39579,0.453823,31.1753,0,8.87919,0.00601383,0,2.69581,0.144511,3.27143,0.00114496,0.00941326,3.11081,0,0.0136202,0,0.00554531,3.11081,0.009303,3.05184,1.67236,0.000536249,0.0626643,0,0.00227003,0,0.000898605,0.0626643,0.644115,1.0455e-06,4.37055,0.00601383
2019.0417,273.1,273.158,0,0.927934,0,0,0.000681907,0.000330646,-0.000681907,0,0,0,0,0,0,0,0,0,0.000535015,0,9.87596e-07,4.23615e-06,4.41982e-07,5.67493e-06,0,4.39095e-07,4.9004e-09,3.76198e-07,0,11.7291,46.0622,7.38385,0.448288,31.1763,0,8.86485,0.00567369,0,2.70855,0.144278,3.2714,0.00131769,0.00933664,3.11089,0,0.0136004,0,0.00557143,3.11089,0.00928797,3.05184,1.67237,0.000532879,0.0626668,0,0.00226674,0,0.000902851,0.0626668,0.373805,9.87596e-07,4.34522,0.00567369
2019.1250,273.433,273.673,0,0.596629,0,0,0.000742772,0.00141205,-0.000742772,0,0,0,0,0,0,0,0,0,0.000534151,0,9.37448e-07,1.00507e-05,4.40037e-07,1.99355e-05,0,6.27595e-07,4.51692e-09,1.70269e-06,0,11.6904,46.0193,7.37192,0.42868,31.1815,0,8.85054,0.0053531,0,2.71881,0.144045,3.27132,0.00153565,0.00879124,3.11135,0,0.0135805,0,0.00559239,3.11135,0.00927297,3.05184,1.67239,0.000503565,0.0626802,0,0.00226342,0,0.00090627,0.0626802,0.58448,9.37448e-07,4.31846,0.0053531
2019.2083,284.14,283.07,0,0.225468,0,0,0.0011284,0.00208701,-0.0011284,0,0,0,0,0,0,0,0,0,0.000533259,0,9.06243e-07,2.62569e-05,2.92174e-06,4.38421e-05,0,1.79031e-06,2.53912e-08,2.71511e-06,0,11.6435,45.9349,7.35961,0.386612,31.1841,0,8.83576,0.00504048,0,2.7207,0.143804,3.27078,0.00201305,0.00771093,3.11165,0,0.0135599,0,0.00559608,3.11165,0.00925749,3.05184,1.67246,0.000443671,0.0626837,0,0.00225998,0,0.000906901,0.0626837,1.27859,9.06243e-07,4.28385,0.00504048
2019.2917,287.454,286.622,1.29195,0.213907,0.53753,0.00449713,0.00228309,0.00199741,0.00221404,2.60956e-05,9.51413e-05,2.1066e-05,2.04335e-06,0.00263922,0.0175343,1.22481,0.438405,0.00757971,0.000533099,6.89219e-06,9.08301e-07,3.54139e-05,2.74028e-06,5.47266e-05,3.26166e-05,2.84217e-06,2.0728e-08,2.80275e-06,1.88156e-06,11.6137,45.8631,7.35551,0.352495,31.1782,0.0398442,8.89329,0.00639153,0.0398442,2.7187,0.143803,3.26982,0.00230282,0.0068666,3.11125,0.00159377,0.0136394,0.000948672,0.00559176,3.11125,0.00925564,3.05184,1.67253,0.000397195,0.0626631,0.000106251,0.00227323,3.98442e-05,0.000906234,0.0626631,1.91135,7.8005e-06,4.25818,0.0462358
2019.3750,294.006,292.567,3.90692,0.176941,2.67543,0.0102652,0.00444661,0.0020661,0.00581858,7.95001e-05,0.000162434,6.6589e-05,3.63643e-06,0.00543855,0.0151591,3.09476,0.522182,0.0175637,0.000537873,1.81289e-05,9.6883e-07,3.167e-05,1.88313e-06,6.6235e-05,7.53206e-05,3.15757e-06,2.18292e-08,3.00196e-06,4.42479e-06,11.7335,45.9396,7.40668,0.326738,31.1655,0.115731,9.01623,0.00908401,0.115731,2.71388,0.145436,3.26916,0.00164742,0.00623086,3.11026,0.00462923,0.0138106,0.00275549,0.00558198,3.11026,0.00934946,3.05184,1.67251,0.000362905,0.0626245,0.000308615,0.00230176,0.000115731,0.000904627,0.0626245,3.268,1.90977e-05,4.32683,0.124815
2019.4583,297.664,295.966,3.95073,0.143866,2.97103,0.00982188,0.00481801,0.00192293,0.00500387,0.000111785,0.00015949,9.56737e-05,2.83486e-06,0.0081119,0.0190239,3.82156,0.326536,0.0166003,0.000543773,1.78148e-05,1.05969e-06,1.74401e-05,7.04594e-07,6.65176e-05,7.05613e-05,2.32799e-06,9.83337e-09,2.78934e-06,4.17645e-06,11.8842,46.0491,7.47048,0.307847,31.1494,0.116896,9.00364,0.00860757,0.116896,2.70777,0.147478,3.26897,0.00120986,0.00576633,3.10894,0.00467584,0.0137944,0.00278324,0.00556964,3.10894,0.0094687,3.05184,1.67246,0.000338234,0.0625784,0.000311723,0.00229906,0.000116896,0.00090259,0.0625784,3.51715,1.88745e-05,4.41367,0.125504
2019.5417,295.028,294.356,3.94321,0.158013,2.26868,0.00851942,0.00436325,0.00170142,0.00415617,0.000101284,0.000147214,8.67063e-05,2.55299e-06,0.00780109,0.0155954,3.31227,0.285204,0.0142457,0.00054876,1.52934e-05,1.13847e-06,1.87153e-05,3.88015e-07,6.19563e-05,6.04597e-05,1.77351e-06,5.03591e-09,2.44088e-06,3.57328e-06,12.0034,46.1342,7.52401,0.294271,31.1335,0.116698,8.98836,0.00809697,0.116698,2.70295,0.149243,3.26902,0.00117599,0.00543419,3.10761,0.00466791,0.0137743,0.00277852,0.0055599,3.10761,0.00957193,3.05184,1.67242,0.000320796,0.0625349,0.000311194,0.00229571,0.000116698,0.000900984,0.0625349,3.01084,1.64319e-05,4.47943,0.124795
2019.6250,291.797,291.636,3.93583,0.163245,1.85737,0.00697481,0.00377235,0.00168157,0.00320246,6.8788e-05,0.000133127,5.83099e-05,2.38269e-06,0.00596799,0.0149177,2.57799,0.31033,0.0114875,0.000552634,1.22104e-05,1.17929e-06,2.23605e-05,1.86378e-07,6.4104e-05,4.89689e-05,2.33891e-06,3.17503e-09,2.38858e-06,2.86587e-06,12.0967,46.1935,7.56513,0.282862,31.1164,0.116503,8.97335,0.0076241,0.116503,2.69751,0.150659,3.26873,0.00123615,0.00515532,3.10613,0.00466011,0.0137543,0.00277388,0.0055488,3.10613,0.00965384,3.05184,1.67239,0.000306321,0.06249,0.000310674,0.00229239,0.000116503,0.00089917,0.06249,2.34668,1.33897e-05,4.53161,0.124127
2019.7083,287.152,287.529,3.21332,0.157305,0.898332,0.004143,0.00282257,0.00229239,0.00132042,4.06797e-05,7.88084e-05,3.42163e-05,1.71328e-06,0.00555042,0.0120022,1.59083,0.242825,0.00612079,0.00805265,6.70332e-06,1.17303e-06,2.23167e-05,2.28283e-07,7.47729e-06,7.80413e-05,2.30284e-06,2.65571e-09,1.41367e-06,4.977e-06,12.1125,46.2597,7.57185,0.343267,31.1088,0.0960103,8.95837,0.00717899,0.0960103,2.69513,0.150612,3.26948,0.00121852,0.00668492,3.10542,0.00383966,0.0137342,0.00228596,0.00554394,3.10542,0.00965302,3.0519,1.67239,0.000387206,0.0624723,0.000255963,0.00228904,9.60103e-05,0.000898375,0.0624723,1.31285,7.87636e-06,4.54064,0.103189
2019.7917,282.113,282.828,0,0.196943,0,0,0.00114619,0.00322222,-0.00114619,0,0,0,0,0,0,0,0,0,0.000542695,0,1.12064e-06,1.68239e-06,6.92843e-08,-1.62915e-07,0,8.97519e-08,2.28862e-09,2.05822e-06,0,11.897,46.3551,7.47564,0.609418,31.1542,0,8.94341,0.00675973,0,2.69454,0.145879,3.27402,0.000206751,0.013252,3.10914,0,0.013714,0,0.00554273,3.10914,0.00939181,3.05215,1.67241,0.000745342,0.0626015,0,0.00228567,0,0.000898179,0.0626015,0.392124,1.12064e-06,4.42135,0.00675973
2019.8750,275.067,276.166,0,0.23525,0,0,0.000884735,0.00220082,-0.000884735,0,0,0,0,0,0,0,0,0,0.000541789,0,1.05548e-06,6.1306e-06,1.12592e-07,1.80772e-05,0,3.11387e-07,3.55012e-09,2.14967e-06,0,11.8485,46.2415,7.46316,0.514926,31.1815,0,8.92847,0.00636508,0,2.69659,0.145635,3.274,0.000527066,0.0108413,3.11145,0,0.0136937,0,0.00554691,3.11145,0.00937613,3.05215,1.67248,0.000616339,0.0626756,0,0.00228228,0,0.000898864,0.0626756,0.602137,1.05548e-06,4.38533,0.00636508
2019.9583,272.873,273.456,0,0.255101,0,0,0.000751071,0.00140682,-0.000751071,0,0,0,0,0,0,0,0,0,0.00054087,0,1.00642e-06,7.01657e-06,5.1153e-07,1.81011e-05,0,3.31731e-07,1.08516e-08,1.53602e-06,0,11.8041,46.1613,7.45049,0.463296,31.1917,0,8.91332,0.00598751,0,2.7022,0.145388,3.27383,0.000953104,0.00957182,3.11236,0,0.0136729,0,0.00555838,3.11236,0.00936021,3.05215,1.67254,0.000546696,0.0627012,0,0.00227881,0,0.000900735,0.0627012,0.737724,1.00642e-06,4.35364,0.00598751
2020.0417,272.906,273.055,0,0.187425,0,0,0.000664513,0.000996326,-0.000664513,0,0,0,0,0,0,0,0,0,0.000539996,0,9.61574e-07,7.37606e-06,8.36647e-07,1.76225e-05,0,3.84308e-07,9.74831e-09,1.18404e-06,0,11.7668,46.1126,7.43846,0.439912,31.1947,0,8.89892,0.00564886,0,2.71119,0.145153,3.27373,0.00133935,0.00902056,3.11264,0,0.013653,0,0.00557676,3.11264,0.00934509,3.05215,1.67257,0.000517323,0.0627084,0,0.0022755,0,0.000903729,0.0627084,0.597517,9.61574e-07,4.32831,0.00564886
2020.1250,276.813,276.368,0,0.276471,0,0,0.000881538,0.00166643,-0.000881538,0,0,0,0,0,0,0,0,0,0.000539124,0,9.2163e-07,1.88737e-05,1.09307e-06,2.96889e-05,0,1.13265e-06,1.05312e-08,2.09403e-06,0,11.7269,46.0508,7.42645,0.408872,31.1979,0,8.88455,0.00532967,0,2.71703,0.144919,3.27335,0.00163949,0.0082374,3.11296,0,0.013633,0,0.00558863,3.11296,0.00933,3.05215,1.67262,0.000474058,0.0627147,0,0.00227217,0,0.000905678,0.0627147,0.902839,9.2163e-07,4.30049,0.00532967
2020.2083,287.036,285.884,0.229815,0.169299,0.17766,0.000871527,0.00135298,0.00195537,-0.000481456,4.49438e-06,3.02941e-05,3.63273e-06,3.3436e-07,0.000938551,0.0105259,0.431765,0.132428,0.00118848,0.000538251,1.06549e-06,9.0329e-07,2.79171e-05,2.08557e-06,4.61803e-05,5.04278e-06,2.66021e-06,1.50908e-08,2.65648e-06,2.80716e-07,11.6783,45.9657,7.41436,0.373294,31.1963,0.0073654,8.88164,0.00529226,0.0073654,2.71776,0.144688,3.27267,0.00211402,0.0073615,3.11292,0.000294616,0.0136288,0.000175367,0.0055899,3.11292,0.00931503,3.05215,1.67269,0.000424975,0.0627057,1.96411e-05,0.00227146,7.3654e-06,0.00090592,0.0627057,1.28118,1.96878e-06,4.26398,0.0126577
2020.2917,290.069,289.049,3.83449,0.153804,2.23752,0.00947371,0.00357582,0.00181454,0.00589789,6.48859e-05,0.000157429,5.37429e-05,3.66766e-06,0.00470555,0.016583,2.32059,0.536771,0.0147609,0.000539838,1.42736e-05,9.295e-07,2.44792e-05,1.28123e-06,5.27111e-05,6.27234e-05,3.02457e-06,8.59059e-09,2.60384e-06,3.71e-06,11.7366,45.986,7.43064,0.34525,31.1882,0.113348,9.0384,0.00883371,0.113348,2.71593,0.145473,3.27204,0.00197549,0.00667478,3.11233,0.00453391,0.0138463,0.00269875,0.00558614,3.11233,0.00935953,3.05215,1.67271,0.000387167,0.0626792,0.000302261,0.00230772,0.000113348,0.000905309,0.0626792,2.71855,1.52031e-05,4.30592,0.122181
2020.3750,295.71,293.823,4.50114,0.173783,2.59365,0.0101396,0.00452261,0.00195783,0.005617,8.66019e-05,0.000158258,7.33686e-05,3.04323e-06,0.00602482,0.0176948,3.26117,0.396724,0.0156673,0.000543906,1.638e-05,1.01139e-06,2.5233e-05,5.27006e-07,6.36744e-05,6.63161e-05,2.0771e-06,5.0006e-09,2.84887e-06,3.94754e-06,11.8911,46.1051,7.47551,0.324683,31.1762,0.131211,9.05253,0.00896088,0.131211,2.71305,0.147229,3.27185,0.00147542,0.00617097,3.11139,0.00524845,0.0138672,0.00312408,0.00558049,3.11139,0.00946266,3.05215,1.67267,0.000359988,0.0626432,0.000349897,0.00231121,0.000131211,0.00090435,0.0626432,3.52797,1.73914e-05,4.41561,0.140172
2020.4583,297.651,296.122,4.4926,0.135825,3.47186,0.0103046,0.00483448,0.00188879,0.00547013,9.95136e-05,0.000161832,8.50976e-05,2.60677e-06,0.00692995,0.0146896,3.90721,0.353183,0.0158791,0.00054841,1.68622e-05,1.1122e-06,1.58698e-05,2.64e-07,6.5995e-05,6.70403e-05,1.74346e-06,3.84483e-09,2.72567e-06,4.00032e-06,12.0488,46.219,7.52542,0.305885,31.1586,0.130992,9.03742,0.00843772,0.130992,2.70565,0.149094,3.27156,0.00125013,0.00571085,3.10994,0.00523969,0.0138475,0.00311886,0.00556547,3.10994,0.00957266,3.05215,1.67264,0.00033554,0.0625933,0.000349313,0.00230791,0.000130992,0.000901885,0.0625933,3.84069,1.79744e-05,4.52341,0.13943
2020.5417,296.291,295.455,4.48393,0.163078,2.78337,0.00869147,0.00453651,0.00193052,0.00415496,8.2235e-05,0.000147818,7.02967e-05,2.18332e-06,0.00633187,0.0162286,3.57167,0.322971,0.0131418,0.000552495,1.39655e-05,1.20118e-06,2.72945e-05,2.08668e-07,7.12589e-05,5.5482e-05,2.58304e-06,3.27845e-09,2.75312e-06,3.29724e-06,12.1794,46.3122,7.57048,0.291931,31.1413,0.13077,9.02208,0.0079372,0.13077,2.69963,0.150747,3.27136,0.00121215,0.00537054,3.10848,0.0052308,0.0138272,0.00311357,0.00555322,3.10848,0.00967008,3.05215,1.6726,0.000317728,0.0625466,0.00034872,0.00230453,0.00013077,0.000899876,0.0625466,3.3905,1.51667e-05,4.60889,0.138707
2020.6250,292.677,292.591,4.47542,0.18403,1.58378,0.00717149,0.00402519,0.00176177,0.00314629,5.7171e-05,0.000132522,4.84175e-05,2.02855e-06,0.00489237,0.0153298,2.73995,0.34564,0.010648,0.000555605,1.1183e-05,1.24208e-06,2.90224e-05,1.9736e-07,6.74252e-05,4.50961e-05,2.82114e-06,2.59861e-09,2.47476e-06,2.65894e-06,12.2704,46.3685,7.60432,0.280695,31.1236,0.130552,9.00701,0.00747366,0.130552,2.69372,0.152008,3.27099,0.0014131,0.00509803,3.10693,0.00522206,0.0138071,0.00310837,0.00554113,3.10693,0.00974345,3.05215,1.67259,0.000303559,0.0625007,0.000348137,0.00230119,0.000130552,0.000897906,0.0625007,2.28888,1.24251e-05,4.6661,0.138025
2020.7083,284.436,285.321,3.59544,0.210065,0.606083,0.00396907,0.00259204,0.00248109,0.00137703,2.77553e-05,7.19994e-05,2.29056e-05,1.66708e-06,0.00411397,0.0102838,1.32484,0.309191,0.00520416,0.00895918,5.53212e-06,1.23603e-06,2.78454e-05,1.6407e-07,3.83195e-06,8.0393e-05,2.08141e-06,2.3347e-09,1.43847e-06,5.17201e-06,12.2804,46.4342,7.60369,0.348864,31.1153,0.107588,8.99197,0.00703733,0.107588,2.68962,0.151715,3.27157,0.00134499,0.00682535,3.10615,0.00430263,0.0137869,0.00256162,0.00553272,3.10615,0.00972903,3.05221,1.67259,0.000395407,0.0624819,0.000286822,0.00229781,0.000107588,0.000896541,0.0624819,1.28755,6.76815e-06,4.67669,0.114625
2020.7917,280.119,280.875,0,0.184535,0,0,0.00114126,0.00294272,-0.00114126,0,0,0,0,0,0,0,0,0,0.000543408,0,1.1744e-06,9.6972e-07,1.59972e-07,-3.38766e-06,0,5.40097e-08,5.27837e-09,1.74964e-06,0,12.0426,46.557,7.49398,0.661441,31.1627,0,8.97696,0.00662635,0,2.69027,0.146348,3.27667,0.000191056,0.0145693,3.11002,0,0.0137665,0,0.00553403,3.11002,0.00943289,3.0525,1.67262,0.000818235,0.062617,0,0.00229442,0,0.000896756,0.062617,0.424891,1.1744e-06,4.54861,0.00662635
2020.8750,273.714,274.942,0,0.291858,0,0,0.000852161,0.00206621,-0.000852161,0,0,0,0,0,0,0,0,0,0.000542501,0,1.10945e-06,2.96063e-06,2.03228e-07,1.15725e-05,0,1.51957e-07,6.61516e-09,1.8377e-06,0,11.9923,46.4421,7.48147,0.563023,31.1936,0,8.96197,0.00623949,0,2.69319,0.146104,3.2767,0.000397228,0.0120377,3.11262,0,0.013746,0,0.00553998,3.11262,0.00941713,3.0525,1.67268,0.000683824,0.0627018,0,0.00229101,0,0.000897729,0.0627018,0.637841,1.10945e-06,4.51079,0.00623949
2020.9583,272.635,272.851,0,0.310152,0,0,0.000808393,0.00140262,-0.000808393,0,0,0,0,0,0,0,0,0,0.00054158,0,1.04739e-06,5.24433e-06,2.91676e-07,1.2973e-05,0,2.2022e-07,6.93208e-09,1.43393e-06,0,11.9484,46.3703,7.46877,0.515031,31.2057,0,8.94676,0.00586936,0,2.70124,0.145856,3.27665,0.000718369,0.0108513,3.11367,0,0.0137251,0,0.00555645,3.11367,0.00940115,3.0525,1.67272,0.000619479,0.0627332,0,0.00228752,0,0.000900413,0.0627332,0.489037,1.04739e-06,4.47965,0.00586936
2021.0417,272.39,272.753,0,0.258069,0,0,0.000708296,0.00104525,-0.000708296,0,0,0,0,0,0,0,0,0,0.000540705,0,9.95845e-07,4.71473e-06,3.93187e-07,1.36864e-05,0,1.90697e-07,6.57673e-09,1.14108e-06,0,11.9081,46.314,7.45671,0.48352,31.2123,0,8.93231,0.0055374,0,2.71004,0.14562,3.27655,0.00101369,0.0100819,3.11426,0,0.0137051,0,0.00557443,3.11426,0.00938597,3.0525,1.67276,0.000577777,0.0627499,0,0.00228418,0,0.000903347,0.0627499,0.611394,9.95845e-07,4.45137,0.0055374
2021.1250,277.668,276.777,0,0.141296,0,0,0.00094493,0.00157849,-0.00094493,0,0,0,0,0,0,0,0,0,0.000539832,0,9.50998e-07,1.08999e-05,4.87573e-07,2.26626e-05,0,5.76004e-07,5.63717e-09,1.87445e-06,0,11.8684,46.261,7.44467,0.457357,31.2164,0,8.91788,0.00522451,0,2.71884,0.145385,3.2764,0.00134631,0.00944426,3.11464,0,0.013685,0,0.00559237,3.11464,0.00937081,3.0525,1.6728,0.000543392,0.0627594,0,0.00228083,0,0.000906279,0.0627594,0.789358,9.50998e-07,4.42374,0.00522451
2021.2083,284.642,283.875,0,0.188596,0,0,0.00115176,0.00213109,-0.00115176,0,0,0,0,0,0,0,0,0,0.000538931,0,9.34789e-07,2.41229e-05,7.64437e-07,3.94693e-05,0,1.82306e-06,6.74248e-09,2.74436e-06,0,11.8162,46.1657,7.43223,0.408402,31.2208,0,8.90299,0.00491939,0,2.72023,0.145142,3.27587,0.00178919,0.00821856,3.11512,0,0.0136641,0,0.005595,3.11512,0.00935516,3.0525,1.67287,0.000473943,0.0627665,0,0.00227735,0,0.000906743,0.0627665,1.32412,9.34789e-07,4.38398,0.00491939
2021.2917,288.254,287.36,2.65268,0.189475,1.38793,0.00733148,0.00286492,0.00204685,0.00446656,4.29872e-05,0.000143807,3.51306e-05,2.94335e-06,0.0038888,0.0236522,1.90144,0.54839,0.0105528,0.000539257,9.80238e-06,9.42828e-07,2.98753e-05,9.55874e-07,5.14708e-05,4.4536e-05,2.58938e-06,7.24411e-09,2.86648e-06,2.62948e-06,11.8228,46.1285,7.43422,0.370038,31.217,0.0799171,9.02883,0.00781034,0.0799171,2.71875,0.145414,3.27518,0.0019671,0.00727886,3.11492,0.00319668,0.0138384,0.00190279,0.00559183,3.11492,0.0093696,3.0525,1.67293,0.000421043,0.0627502,0.000213112,0.00230641,7.99171e-05,0.00090625,0.0627502,2.41119,1.07452e-05,4.38855,0.0877274
2021.3750,296.294,294.273,4.20517,0.143977,3.30277,0.0100231,0.0044799,0.0020883,0.00554321,7.40875e-05,0.000159172,6.26127e-05,2.7693e-06,0.00522054,0.0178241,3.38708,0.440885,0.0145587,0.000542674,1.50005e-05,1.01736e-06,2.20115e-05,6.70828e-07,6.28104e-05,6.12686e-05,2.30734e-06,7.25441e-09,3.0339e-06,3.66563e-06,11.9682,46.2291,7.4725,0.340933,31.2057,0.123565,9.09084,0.0090573,0.123565,2.71428,0.146943,3.27472,0.00154206,0.00656582,3.11409,0.00494259,0.0139255,0.00294202,0.00558287,3.11409,0.0094595,3.0525,1.67291,0.000381773,0.0627139,0.000329506,0.00232092,0.000123565,0.00090476,0.0627139,3.70511,1.60178e-05,4.49573,0.132622
2021.4583,298.8,296.841,4.19725,0.118859,3.15363,0.00928052,0.00472318,0.00162923,0.00455734,8.35844e-05,0.000157292,7.15169e-05,2.13601e-06,0.00642926,0.0195552,3.91379,0.341319,0.013324,0.000546384,1.4003e-05,1.12534e-06,1.14532e-05,6.35667e-07,5.17258e-05,5.58369e-05,1.74972e-06,5.5478e-09,2.3593e-06,3.34411e-06,12.1053,46.3306,7.51423,0.321604,31.1928,0.123358,9.07566,0.00852851,0.123358,2.71093,0.148521,3.27473,0.00146245,0.00609509,3.11307,0.00493433,0.0139057,0.0029371,0.00557619,3.11307,0.00955298,3.0525,1.67288,0.000356382,0.0626752,0.000328956,0.00231762,0.000123358,0.000903643,0.0626752,3.74718,1.51283e-05,4.59106,0.131887
2021.5417,297.066,296.195,4.18921,0.138576,2.77702,0.00870185,0.00461249,0.00174332,0.00408936,7.46898e-05,0.00014768,6.38522e-05,1.96989e-06,0.0057489,0.0170968,3.68625,0.333995,0.0124227,0.000549799,1.30643e-05,1.20953e-06,1.49856e-05,3.64491e-07,5.98657e-05,5.21125e-05,1.93607e-06,3.53185e-09,2.51084e-06,3.11727e-06,12.2176,46.4109,7.55246,0.307046,31.1791,0.123149,9.06026,0.00802261,0.123149,2.70717,0.149935,3.27464,0.00144259,0.00573686,3.11196,0.00492596,0.0138854,0.00293212,0.00556862,3.11196,0.00963649,3.0525,1.67286,0.00033709,0.0626362,0.000328397,0.00231423,0.000123149,0.000902391,0.0626362,3.36394,1.42738e-05,4.66509,0.131172
2021.6250,293.548,293.301,4.18132,0.13233,2.00625,0.00695567,0.00401969,0.00149932,0.00293598,5.24347e-05,0.00013289,4.45141e-05,1.73473e-06,0.00465053,0.0153156,2.92127,0.339182,0.00969426,0.000552618,1.00751e-05,1.25436e-06,1.05349e-05,3.40462e-07,5.32333e-05,4.07378e-05,1.70384e-06,2.57358e-09,2.12251e-06,2.41581e-06,12.3049,46.4684,7.58373,0.295448,31.1647,0.122943,9.04513,0.00755408,0.122943,2.7034,0.151091,3.27453,0.0016814,0.0054542,3.11074,0.00491773,0.0138652,0.00292722,0.00556094,3.11074,0.0097042,3.0525,1.67284,0.000322011,0.0625967,0.000327849,0.00231087,0.000122943,0.000901134,0.0625967,2.37356,1.13295e-05,4.72112,0.130497
2021.7083,285.19,286.084,3.41196,0.147355,0.908955,0.00431346,0.00270228,0.00214089,0.00161118,3.06008e-05,7.57396e-05,2.54926e-05,1.56605e-06,0.00399542,0.0104734,1.49806,0.294893,0.00543585,0.00846645,5.79247e-06,1.24907e-06,2.3958e-05,2.77699e-07,-2.7559e-06,7.7881e-05,2.95782e-06,2.00831e-09,1.1799e-06,5.01348e-06,12.319,46.5434,7.58352,0.36132,31.1599,0.101318,9.03002,0.00711306,0.101318,2.70321,0.150814,3.27537,0.0015665,0.00712199,3.1103,0.00405164,0.0138449,0.00241233,0.00556059,3.1103,0.00969098,3.05256,1.67283,0.000410189,0.0625853,0.000270084,0.00230749,0.000101318,0.00090107,0.0625853,1.32403,7.04154e-06,4.73548,0.108431
2021.7917,279.121,280.174,0,0.18877,0,0,0.00114108,0.00284556,-0.00114108,0,0,0,0,0,0,0,0,0,0.000541166,0,1.18905e-06,4.58115e-07,6.81153e-08,-7.21181e-06,0,3.51802e-08,1.60486e-09,1.62526e-06,0,12.0958,46.6616,7.48075,0.653575,31.2069,0,9.01494,0.00669765,0,2.70531,0.145777,3.28015,0.000258356,0.0143715,3.11418,0,0.0138245,0,0.00556491,3.11418,0.00941315,3.05283,1.67285,0.000805871,0.0627178,0,0.00230408,0,0.00090177,0.0627178,0.575014,1.18905e-06,4.61507,0.00669765
2021.8750,272.06,272.808,0,0.412005,0,0,0.000842564,0.00163803,-0.000842564,0,0,0,0,0,0,0,0,0,0.000540263,0,1.12757e-06,2.67124e-06,5.48316e-08,9.5411e-06,0,1.38426e-07,1.39446e-09,1.46868e-06,0,12.048,46.5653,7.46826,0.57387,31.2326,0,8.99989,0.00630663,0,2.71083,0.145534,3.2802,0.000421117,0.0123281,3.11634,0,0.0138039,0,0.00557622,3.11634,0.00939743,3.05283,1.6729,0.000698549,0.062788,0,0.00230066,0,0.00090361,0.062788,0.600056,1.12757e-06,4.57974,0.00630663
2021.9583,271.355,272.049,0,0.314719,0,0,0.000834542,0.00115562,-0.000834542,0,0,0,0,0,0,0,0,0,0.000539346,0,1.06556e-06,3.30246e-06,7.14295e-08,1.03453e-05,0,1.58448e-07,1.4158e-09,1.16065e-06,0,12.0022,46.4921,7.45558,0.525838,31.2449,0,8.98462,0.00593252,0,2.71904,0.145287,3.28016,0.000735067,0.0111274,3.11742,0,0.0137829,0,0.00559303,3.11742,0.00938148,3.05283,1.67295,0.000633568,0.06282,0,0.00229716,0,0.000906348,0.06282,0.498257,1.06556e-06,4.54666,0.00593252
2022.0417,274.62,273.96,0,0.468925,0,0,0.000960233,0.00148831,-0.000960233,0,0,0,0,0,0,0,0,0,0.000538475,0,1.01337e-06,6.33771e-06,1.20097e-07,1.48495e-05,0,2.30363e-07,1.71141e-09,1.63566e-06,0,11.959,46.4351,7.44354,0.495519,31.2523,0,8.9701,0.00559698,0,2.72832,0.145052,3.28014,0.00102459,0.0103761,3.11808,0,0.0137628,0,0.00561199,3.11808,0.00936633,3.05283,1.67298,0.000592358,0.0628385,0,0.00229381,0,0.00090944,0.0628385,0.713529,1.01337e-06,4.51541,0.00559698
2022.1250,279.332,278.786,0,0.221859,0,0,0.00104568,0.00204506,-0.00104568,0,0,0,0,0,0,0,0,0,0.000537605,0,9.74161e-07,1.61453e-05,8.12231e-07,2.95064e-05,0,1.01431e-06,9.26343e-09,2.45803e-06,0,11.9112,46.3522,7.43152,0.448643,31.2598,0,8.95562,0.00528072,0,2.73254,0.144818,3.27985,0.00140749,0.00920556,3.1188,0,0.0137427,0,0.00562051,3.1188,0.0093512,3.05283,1.67304,0.000526783,0.062855,0,0.00229044,0,0.000910848,0.062855,1.09772,9.74161e-07,4.47964,0.00528072
2022.2083,284.925,283.796,0.11943,0.18143,0.115049,0.000328128,0.00127078,0.00204157,-0.000942652,1.33998e-06,1.35658e-05,1.09302e-06,8.45894e-08,0.000506082,0.00885029,0.264443,0.0616843,0.000330957,0.000536714,3.11302e-07,9.55204e-07,2.36945e-05,1.54956e-06,4.14122e-05,1.39418e-06,1.91341e-06,1.35997e-08,2.70194e-06,7.3178e-08,11.8603,46.2603,7.41919,0.404725,31.2615,0.00396229,8.94853,0.00515314,0.00396229,2.73378,0.144578,3.27927,0.00188365,0.00812558,3.11906,0.000158492,0.0137326,9.43403e-05,0.00562283,3.11906,0.00933571,3.05283,1.67312,0.000466096,0.062854,1.05661e-05,0.00228877,3.96229e-06,0.000911261,0.062854,1.12402,1.26651e-06,4.44111,0.00911543
2022.2917,291.013,289.924,2.94717,0.158621,1.8208,0.00829028,0.00348375,0.00204028,0.00480653,5.45177e-05,0.000148805,4.51361e-05,3.08379e-06,0.00435131,0.019592,2.32772,0.51571,0.0125857,0.000537956,1.23355e-05,9.69812e-07,2.86207e-05,1.41903e-06,5.38149e-05,5.33515e-05,3.31767e-06,9.62243e-09,2.90161e-06,3.15082e-06,11.882,46.2382,7.43159,0.369008,31.2556,0.0892825,9.10296,0.00865707,0.0892825,2.73158,0.145077,3.27863,0.00198872,0.00724817,3.1187,0.0035713,0.0139468,0.00212577,0.00561828,3.1187,0.00936339,3.05283,1.67316,0.000417424,0.0628314,0.000238087,0.00232447,8.92825e-05,0.000910528,0.0628314,2.53201,1.33053e-05,4.45041,0.0979396
2022.3750,296.577,294.804,3.57274,0.157789,2.67963,0.00951864,0.00458932,0.00212583,0.00492932,7.77254e-05,0.000159703,6.59003e-05,2.65362e-06,0.00581206,0.0198935,3.55693,0.416152,0.0144874,0.000542488,1.51097e-05,1.03283e-06,2.43709e-05,5.95968e-07,6.49718e-05,6.12014e-05,2.99268e-06,5.45397e-09,3.10531e-06,3.63899e-06,12.0203,46.3351,7.48215,0.343121,31.2439,0.106822,9.12288,0.00892464,0.106822,2.72777,0.146705,3.27831,0.00154664,0.00661254,3.11783,0.00427289,0.0139757,0.00254339,0.00561068,3.11783,0.00945878,3.05283,1.67314,0.000382863,0.0627943,0.00028486,0.00232928,0.000106822,0.000909255,0.0627943,3.38353,1.61425e-05,4.53814,0.115747
2022.4583,300.384,298.511,3.56611,0.128833,3.14092,0.00914304,0.0049835,0.00205333,0.00415954,7.20959e-05,0.000159159,6.15114e-05,2.02037e-06,0.00568202,0.0198544,4.34323,0.418214,0.0137483,0.000547016,1.4527e-05,1.12673e-06,1.87991e-05,3.54284e-07,6.96494e-05,5.81039e-05,2.15789e-06,3.54605e-09,2.99563e-06,3.44614e-06,12.1424,46.4093,7.53267,0.320993,31.2264,0.106644,9.10764,0.0084036,0.106644,2.71955,0.148322,3.27798,0.00155891,0.00607,3.11643,0.00426576,0.0139557,0.00253914,0.00559397,3.11643,0.00955365,3.05283,1.67312,0.000353748,0.0627424,0.000284384,0.00232596,0.000106644,0.000906518,0.0627424,3.70451,1.56537e-05,4.60976,0.115048
2022.5417,298.425,297.191,3.5594,0.0965478,2.63589,0.00683315,0.00424028,0.00135179,0.00259287,5.54683e-05,0.000138726,4.73545e-05,1.52312e-06,0.00537855,0.0252381,3.73771,0.356312,0.00996661,0.000550742,1.05057e-05,1.20746e-06,5.95278e-06,3.92734e-07,4.54949e-05,4.20523e-05,1.06566e-06,2.70652e-09,1.9213e-06,2.47513e-06,12.2301,46.4667,7.57386,0.307228,31.2126,0.106463,9.09218,0.0079051,0.106463,2.7167,0.14966,3.27802,0.00173319,0.00573685,3.1153,0.00425852,0.0139353,0.00253483,0.00558823,3.1153,0.00963145,3.05283,1.6731,0.000336267,0.0627037,0.000283901,0.00232255,0.000106463,0.000905567,0.0627037,3.02902,1.17132e-05,4.65628,0.114368
2022.6250,297.009,295.964,3.5528,0.0652256,1.11095,0.00259997,0.00318019,0.000812466,-0.000580218,1.49401e-05,8.80968e-05,1.26715e-05,5.02376e-07,0.00329958,0.0340799,2.44724,0.291814,0.00307385,0.000552122,3.19222e-06,1.21715e-06,1.16592e-06,4.13307e-07,2.57235e-05,1.29538e-05,2.63188e-07,2.19364e-09,1.12225e-06,7.17861e-07,12.2347,46.4593,7.58788,0.299812,31.2048,0.106285,9.077,0.00744344,0.106285,2.72,0.150195,3.27807,0.00207669,0.00556202,3.11464,0.00425141,0.013915,0.0025306,0.00559512,3.11464,0.00966079,3.05283,1.6731,0.000327198,0.0626821,0.000283427,0.00231917,0.000106285,0.000906668,0.0626821,1.30763,4.40937e-06,4.64684,0.113729
2022.7083,286.462,287.62,2.88329,0.0771481,0.477148,0.00163518,0.00209188,0.00135411,-0.0004567,7.44796e-06,5.12558e-05,6.20834e-06,3.72445e-07,0.00324238,0.0303996,1.8579,0.343491,0.00133113,0.00739193,1.66495e-06,1.1661e-06,1.50138e-06,4.20934e-07,-1.848e-05,5.32691e-05,3.3674e-07,1.8242e-09,6.01984e-07,3.46814e-06,12.1596,46.4539,7.56691,0.361622,31.2053,0.0875899,9.06184,0.00700888,0.0875899,2.72734,0.149302,3.27898,0.00225717,0.0071267,3.11468,0.00350254,0.0138946,0.00208547,0.00561026,3.11468,0.00960901,3.05288,1.67311,0.000410767,0.0626839,0.000233495,0.00231576,8.75899e-05,0.000909112,0.0626839,0.602477,2.83104e-06,4.59269,0.0945988
2022.7917,279.45,280.447,0,0.126173,0,0,0.00108779,0.00240232,-0.00108779,0,0,0,0,0,0,0,0,0,0.000539904,0,1.09737e-06,1.15056e-06,2.11951e-07,-2.52599e-05,0,1.73417e-07,1.54109e-09,1.13385e-06,0,11.94,46.5363,7.47093,0.605513,31.2565,0,9.04671,0.00659955,0,2.73424,0.144753,3.28333,0.00080584,0.0131934,3.11896,0,0.013874,0,0.00562446,3.11896,0.00935678,3.05312,1.67313,0.000739175,0.0628255,0,0.00231234,0,0.000911414,0.0628255,0.356775,1.09737e-06,4.4691,0.00659955
2022.8750,274.884,275.972,0,0.241197,0,0,0.000954743,0.00190475,-0.000954743,0,0,0,0,0,0,0,0,0,0.000539002,0,1.03397e-06,6.80814e-06,1.24189e-07,1.16697e-05,0,3.87956e-07,1.29761e-09,1.81222e-06,0,11.8909,46.4422,7.45845,0.530008,31.2813,0,9.03161,0.00621426,0,2.74005,0.144512,3.28329,0.000794141,0.0112682,3.12108,0,0.0138534,0,0.00563635,3.12108,0.00934115,3.05312,1.67318,0.000635301,0.062892,0,0.00230889,0,0.00091335,0.062892,0.584135,1.03397e-06,4.43241,0.00621426
2022.9583,274.027,274.529,0,0.281665,0,0,0.000826416,0.00179012,-0.000826416,0,0,0,0,0,0,0,0,0,0.000538088,0,9.81989e-07,1.02496e-05,9.57679e-08,2.2999e-05,0,6.57814e-07,1.06618e-09,2.00887e-06,0,11.8445,46.3591,7.44579,0.475964,31.2929,0,9.01628,0.00584563,0,2.74581,0.144266,3.2831,0.00115578,0.00991688,3.12212,0,0.0138322,0,0.00564809,3.12212,0.0093253,3.05312,1.67324,0.000561376,0.0629204,0,0.00230537,0,0.000915271,0.0629204,0.70162,9.81989e-07,4.39871,0.00584563
2023.0417,272.995,273.279,0,0.525614,0,0,0.000778342,0.00149864,-0.000778342,0,0,0,0,0,0,0,0,0,0.000537219,0,9.46863e-07,1.4714e-05,1.23796e-07,2.5242e-05,0,7.74897e-07,1.16678e-09,1.84265e-06,0,11.8041,46.2928,7.43377,0.439633,31.2973,0,9.00172,0.00551501,0,2.75173,0.144033,3.28282,0.00155361,0.00901796,3.12255,0,0.013812,0,0.00566013,3.12255,0.00931024,3.05312,1.67329,0.000512443,0.0629296,0,0.002302,0,0.000917244,0.0629296,0.839335,9.46863e-07,4.37035,0.00551501
2023.1250,276.684,276.525,0,0.244127,0,0,0.000888043,0.00162862,-0.000888043,0,0,0,0,0,0,0,0,0,0.000536351,0,9.17559e-07,2.20787e-05,3.82698e-07,3.47305e-05,0,1.53422e-06,3.05895e-09,2.15654e-06,0,11.7623,46.2232,7.42176,0.407106,31.2981,0,8.98718,0.00520338,0,2.75564,0.143801,3.28234,0.00196196,0.00820511,3.1227,0,0.0137917,0,0.00566798,3.1227,0.0092952,3.05312,1.67335,0.000467919,0.0629279,0,0.00229862,0,0.000918547,0.0629279,1.02483,9.17559e-07,4.34057,0.00520338
2023.2083,285.746,284.654,0,0.206283,0,0,0.00118507,0.00194612,-0.00118507,0,0,0,0,0,0,0,0,0,0.000535455,0,8.94997e-07,3.36718e-05,2.53858e-06,5.06419e-05,0,2.72833e-06,1.75946e-08,2.73107e-06,0,11.7132,46.1391,7.40937,0.376141,31.2935,0,8.97217,0.0048995,0,2.75623,0.143561,3.28151,0.00242457,0.00743255,3.12242,0,0.0137707,0,0.00566895,3.12242,0.00927968,3.05312,1.67342,0.000425934,0.0629106,0,0.00229511,0,0.000918742,0.0629106,1.01699,8.94997e-07,4.30383,0.0048995
2023.2917,291.345,290.158,2.09985,0.178455,1.45909,0.0065461,0.00331849,0.00202866,0.00322761,3.97323e-05,0.000140014,3.25319e-05,2.59058e-06,0.00405979,0.0280418,2.40607,0.639639,0.011471,0.000536699,1.11768e-05,8.9812e-07,4.18297e-05,2.44708e-06,6.21563e-05,4.9593e-05,4.21869e-06,1.52092e-08,2.95643e-06,2.84224e-06,11.7062,46.0912,7.42051,0.349209,31.2828,0.0645352,9.08646,0.00753314,0.0645352,2.753,0.143908,3.2804,0.00244331,0.00676382,3.12162,0.00258141,0.0139289,0.00153655,0.00566215,3.12162,0.00929751,3.05312,1.67347,0.000390051,0.0628765,0.000172094,0.00232149,6.45352e-05,0.000917666,0.0628765,2.31251,1.20749e-05,4.28569,0.0720684
2023.3750,294.464,293.505,3.30546,0.199097,2.13963,0.00972676,0.00448914,0.00217164,0.00523762,7.6191e-05,0.000162301,6.3853e-05,3.41673e-06,0.00547825,0.0152598,3.31202,0.538973,0.0176116,0.000542996,1.84835e-05,9.66889e-07,3.74842e-05,8.18985e-07,7.39471e-05,7.59394e-05,3.47613e-06,8.84961e-09,3.18921e-06,4.42618e-06,11.8202,46.1597,7.48722,0.32669,31.2664,0.0995745,9.14169,0.00864863,0.0995745,2.74639,0.145723,3.27962,0.00172289,0.00620713,3.12031,0.00398298,0.0140065,0.00237082,0.00564873,3.12031,0.0094011,3.05312,1.67345,0.000360625,0.0628282,0.000265532,0.00233441,9.95745e-05,0.000915463,0.0628282,3.1036,1.94504e-05,4.333,0.108223
2023.4583,298.029,296.83,3.29937,0.204647,2.1841,0.00931199,0.0047762,0.00232596,0.00453579,8.3478e-05,0.00015954,7.09149e-05,2.67463e-06,0.00631298,0.0181329,4.04743,0.447477,0.0166708,0.000549524,1.79273e-05,1.04892e-06,3.36533e-05,4.28353e-07,8.46736e-05,7.16847e-05,2.91739e-06,7.27471e-09,3.37147e-06,4.18392e-06,11.9497,46.2419,7.55648,0.308171,31.2465,0.0994083,9.12642,0.0081437,0.0994083,2.73743,0.147743,3.27917,0.00137977,0.00575135,3.11866,0.00397633,0.0139864,0.00236686,0.00563046,3.11866,0.00951752,3.05312,1.67341,0.000336803,0.0627726,0.000265089,0.00233106,9.94083e-05,0.000912478,0.0627726,3.3709,1.89762e-05,4.39325,0.107552
2023.5417,297.021,296.366,3.2932,0.197741,2.01083,0.00814869,0.00446625,0.00219139,0.00368244,6.49661e-05,0.000147535,5.50227e-05,2.26365e-06,0.00525362,0.0162356,3.77586,0.459915,0.0143802,0.000555117,1.54475e-05,1.12001e-06,3.72407e-05,4.90127e-07,8.39504e-05,6.19657e-05,3.25908e-06,1.04412e-08,3.11939e-06,3.59821e-06,12.0604,46.3007,7.61542,0.291795,31.2229,0.0992395,9.11093,0.00766062,0.0992395,2.72561,0.149596,3.27862,0.00143225,0.00535131,3.11664,0.00396958,0.0139657,0.00236285,0.00560622,3.11664,0.00962385,3.05312,1.67339,0.000316041,0.0627099,0.000264639,0.00232762,9.92395e-05,0.000908538,0.0627099,2.82588,1.65675e-05,4.44494,0.1069
2023.6250,293.005,293.052,3.28714,0.148181,1.93543,0.0064371,0.00364885,0.00171697,0.00278824,5.63703e-05,0.000132472,4.77024e-05,2.02342e-06,0.00532315,0.0159454,2.96953,0.370823,0.0111339,0.000559174,1.1877e-05,1.15905e-06,2.52585e-05,7.13298e-07,6.76644e-05,4.78507e-05,2.79682e-06,8.92522e-09,2.41106e-06,2.76504e-06,12.1396,46.34,7.65751,0.280249,31.2026,0.0990738,9.09572,0.00721324,0.0990738,2.71758,0.15102,3.27808,0.00154766,0.00507244,3.11485,0.00396295,0.0139453,0.0023589,0.00558972,3.11485,0.00970474,3.05312,1.67338,0.000301719,0.062658,0.000264197,0.00232422,9.90738e-05,0.000905859,0.062658,2.32417,1.3036e-05,4.48206,0.106287
2023.7083,286.431,286.977,2.6875,0.204543,0.691482,0.0040363,0.00259854,0.00249758,0.00143776,3.65936e-05,8.09859e-05,3.05179e-05,1.82443e-06,0.00516976,0.0112444,1.57186,0.291072,0.00652255,0.00693766,6.99086e-06,1.15645e-06,3.03717e-05,4.97534e-07,8.33109e-06,7.21219e-05,2.52618e-06,5.51202e-09,1.52846e-06,4.54967e-06,12.1576,46.3952,7.66757,0.329174,31.1939,0.081647,9.08053,0.00679211,0.081647,2.71453,0.151138,3.27845,0.00139817,0.00631339,3.11402,0.003265,0.0139248,0.00194398,0.00558344,3.11402,0.00971218,3.05317,1.67337,0.000367128,0.0626386,0.000217634,0.00232079,8.1647e-05,0.000904844,0.0626386,1.38963,8.14731e-06,4.49,0.0884391
2023.7917,281.922,282.748,0,0.199774,0,0,0.00108854,0.00305694,-0.00108854,0,0,0,0,0,0,0,0,0,0.000551305,0,1.10784e-06,2.71515e-06,3.33051e-07,8.79292e-06,0,1.4345e-07,8.52859e-09,2.21441e-06,0,11.9724,46.46,7.5862,0.535254,31.2391,0,9.06537,0.00639545,0,2.71326,0.14715,3.28218,0.000324798,0.0114051,3.11771,0,0.0139041,0,0.00558077,3.11771,0.0094917,3.05338,1.6734,0.000642993,0.0627673,0,0.00231735,0,0.000904419,0.0627673,0.515069,1.10784e-06,4.38619,0.00639545
2023.8750,273.652,274.752,0,0.310783,0,0,0.000755395,0.00183283,-0.000755395,0,0,0,0,0,0,0,0,0,0.000550384,0,1.04348e-06,9.32471e-06,5.23074e-07,2.22523e-05,0,5.13044e-07,1.2242e-08,1.90855e-06,0,11.927,46.3614,7.57353,0.460647,31.2576,0,9.05023,0.00602207,0,2.7161,0.146904,3.28207,0.000781437,0.00951808,3.11928,0,0.0138833,0,0.00558653,3.11928,0.00947586,3.05338,1.67346,0.00054166,0.0628176,0,0.00231388,0,0.000905368,0.0628176,0.382904,1.04348e-06,4.35351,0.00602207
2023.9583,275.994,276.397,0,0.244471,0,0,0.000876938,0.00172902,-0.000876938,0,0,0,0,0,0,0,0,0,0.00054945,0,9.86437e-07,1.60348e-05,9.05092e-07,2.91705e-05,0,9.21442e-07,1.65455e-08,2.01626e-06,0,11.8826,46.2816,7.56068,0.414619,31.264,0,9.03487,0.00566484,0,2.72037,0.146655,3.28173,0.00124257,0.0083809,3.11986,0,0.013862,0,0.00559517,3.11986,0.00945977,3.05338,1.67352,0.000479048,0.0628335,0,0.00231034,0,0.00090679,0.0628335,0.672212,9.86437e-07,4.32191,0.00566484
2024.0417,274.219,274.672,0,0.26017,0,0,0.000697121,0.00138726,-0.000697121,0,0,0,0,0,0,0,0,0,0.000548563,0,9.46073e-07,1.78735e-05,1.21997e-06,3.03369e-05,0,1.15887e-06,1.51948e-08,1.76109e-06,0,11.8424,46.215,7.54847,0.383212,31.265,0,9.02028,0.00534444,0,2.72446,0.146418,3.28127,0.00165779,0.00761043,3.11998,0,0.0138417,0,0.00560341,3.11998,0.00944449,3.05338,1.67358,0.000436801,0.0628343,0,0.00230695,0,0.000908153,0.0628343,0.783525,9.46073e-07,4.29392,0.00534444
2024.1250,280.131,279.433,0,0.225946,0,0,0.000938171,0.00152204,-0.000938171,0,0,0,0,0,0,0,0,0,0.000547677,0,9.19701e-07,2.40859e-05,1.73991e-06,3.93474e-05,0,1.90939e-06,1.52231e-08,2.04818e-06,0,11.8005,46.1498,7.53628,0.359212,31.2622,0,9.00571,0.00504246,0,2.72786,0.146181,3.28066,0.00207263,0.00701815,3.11978,0,0.0138213,0,0.00561021,3.11978,0.00942924,3.05338,1.67363,0.00040466,0.0628248,0,0.00230355,0,0.000909288,0.0628248,1.08835,9.19701e-07,4.26423,0.00504246
2024.2083,284.839,284.25,1.45231,0.160078,0.752176,0.00365649,0.00180836,0.00154966,0.00184813,2.17647e-05,8.15471e-05,1.76359e-05,1.66016e-06,0.00234902,0.0168025,0.957335,0.346522,0.0056451,0.000547127,4.61862e-06,9.09952e-07,2.24808e-05,2.47788e-06,4.6491e-05,2.40513e-05,2.80994e-06,1.37532e-08,2.17783e-06,1.39511e-06,11.7697,46.0912,7.52787,0.33742,31.2553,0.0448881,9.05796,0.00628086,0.0448881,2.72887,0.146098,3.27996,0.00253045,0.00648024,3.11924,0.00179553,0.0138934,0.00106876,0.00561207,3.11924,0.00942267,3.05338,1.67368,0.000375672,0.062804,0.000119702,0.00231558,4.48881e-05,0.000909624,0.062804,1.75445,5.52858e-06,4.2418,0.051169
2024.2917,293.352,291.608,4.79658,0.150505,2.65409,0.00913476,0.00400975,0.00175056,0.00512501,6.09509e-05,0.000152448,5.07368e-05,3.16691e-06,0.00466611,0.023157,2.80975,0.529941,0.0141776,0.000549539,1.39113e-05,9.60292e-07,2.46521e-05,1.28327e-06,5.81996e-05,6.03643e-05,3.25648e-06,7.49827e-09,2.51391e-06,3.55839e-06,11.8692,46.1602,7.55344,0.319336,31.2442,0.13871,9.18359,0.00904583,0.13871,2.72751,0.147292,3.2794,0.00212648,0.00603491,3.11833,0.00554841,0.0140683,0.00330262,0.0056094,3.11833,0.00949123,3.05338,1.67367,0.000351966,0.0627723,0.000369894,0.00234472,0.00013871,0.000909169,0.0627723,3.10563,1.48716e-05,4.31576,0.147756
2024.3750,293.657,292.412,4.87361,0.149593,2.94767,0.0111564,0.0043718,0.00170355,0.00678462,9.94695e-05,0.000162902,8.40771e-05,3.72481e-06,0.00632453,0.0143882,3.05552,0.404623,0.0178203,0.000553784,1.8552e-05,1.04804e-06,2.15212e-05,5.12336e-07,6.08557e-05,7.556e-05,2.41331e-06,4.44321e-09,2.44368e-06,4.50385e-06,12.0381,46.2956,7.60002,0.304103,31.2297,0.140671,9.17154,0.00858946,0.140671,2.72377,0.149197,3.27913,0.00154772,0.00566111,3.11712,0.00562685,0.0140528,0.00334931,0.00560193,3.11712,0.009603,3.05338,1.67362,0.000332297,0.0627324,0.000375123,0.00234213,0.000140671,0.000907922,0.0627324,3.55366,1.96e-05,4.43805,0.149261
2024.4583,296.679,295.479,4.86427,0.188269,2.34974,0.0105957,0.00493872,0.00191528,0.00565702,0.000107902,0.000160204,9.22562e-05,2.85071e-06,0.00720783,0.0165024,3.72586,0.338116,0.0166365,0.00055832,1.77093e-05,1.13959e-06,2.54166e-05,2.12114e-07,7.12723e-05,7.03096e-05,2.21457e-06,2.96873e-09,2.70768e-06,4.19743e-06,12.2037,46.4295,7.64994,0.291871,31.2142,0.140436,9.15623,0.00808799,0.140436,2.71978,0.151134,3.27907,0.00119149,0.00536149,3.11579,0.00561745,0.0140326,0.00334372,0.00559388,3.11579,0.00971747,3.05338,1.67356,0.000316772,0.0626914,0.000374497,0.00233876,0.000140436,0.000906592,0.0626914,3.46534,1.88489e-05,4.55375,0.148524
2024.5417,297.41,296.547,4.8548,0.158729,2.97112,0.00918879,0.00487664,0.001959,0.00431215,7.88375e-05,0.000148447,6.72859e-05,2.21029e-06,0.0057508,0.0144783,3.7787,0.361985,0.0140931,0.000562633,1.50124e-05,1.21412e-06,2.55742e-05,1.23119e-07,7.62756e-05,5.97631e-05,2.58169e-06,2.39211e-09,2.72768e-06,3.54335e-06,12.3441,46.5272,7.69728,0.279268,31.1932,0.140198,9.14069,0.00760822,0.140198,2.71056,0.15293,3.27873,0.00123162,0.00505347,3.11394,0.00560792,0.0140119,0.00333805,0.005575,3.11394,0.00982312,3.05338,1.67353,0.000300851,0.0626376,0.000373861,0.00233531,0.000140198,0.00090352,0.0626376,3.41895,1.62265e-05,4.64686,0.147806
2024.6250,291.426,291.793,4.84551,0.154808,1.58108,0.00721748,0.00392019,0.00155296,0.00329728,6.27627e-05,0.000131508,5.32518e-05,2.12345e-06,0.00534421,0.0160651,2.66279,0.317454,0.0108364,0.000565904,1.14003e-05,1.25641e-06,2.20522e-05,2.12735e-07,6.12895e-05,4.5908e-05,2.69935e-06,2.32129e-09,2.13023e-06,2.70703e-06,12.4418,46.5922,7.73271,0.270259,31.1753,0.139964,9.12543,0.00716389,0.139964,2.70485,0.154288,3.27847,0.00144763,0.00483696,3.11233,0.00559855,0.0139914,0.00333247,0.00556329,3.11233,0.00990218,3.05338,1.6735,0.000289802,0.0625933,0.000373237,0.00233189,0.000139964,0.000901618,0.0625933,2.04819,1.26567e-05,4.70907,0.147128
2024.7083,285.42,286.293,3.94848,0.160251,0.954066,0.00456675,0.00281325,0.00222149,0.0017535,3.76642e-05,7.64541e-05,3.15031e-05,1.79087e-06,0.00467696,0.00938266,1.50428,0.26857,0.00622509,0.00957534,6.74779e-06,1.24029e-06,2.38535e-05,2.12631e-07,3.10476e-06,8.87996e-05,2.6202e-06,2.01981e-09,1.17912e-06,5.70577e-06,12.4569,46.6772,7.73197,0.348288,31.1688,0.115345,9.11019,0.00674565,0.115345,2.70321,0.15399,3.27939,0.00134596,0.00681067,3.11168,0.00461314,0.0139707,0.0027463,0.0055599,3.11168,0.00988787,3.05345,1.67349,0.000394802,0.0625805,0.000307512,0.00232845,0.000115345,0.00090107,0.0625805,1.36718,7.98809e-06,4.72495,0.12209
2024.7917,277.938,279.012,0,0.214888,0,0,0.00103608,0.00278352,-0.00103608,0,0,0,0,0,0,0,0,0,0.000552934,0,1.18888e-06,1.12372e-06,5.20719e-08,-5.85342e-06,0,5.79358e-08,1.69807e-09,1.44845e-06,0,12.2074,46.8238,7.61564,0.697814,31.2144,0,9.09497,0.0063517,0,2.70412,0.148279,3.28486,0.000183767,0.0154673,3.11537,0,0.0139499,0,0.00556172,3.11537,0.00957297,3.05376,1.67351,0.000868651,0.0627119,0,0.00232499,0,0.000901375,0.0627119,0.630079,1.18888e-06,4.59181,0.0063517
2024.8750,276.124,277.034,0,0.207638,0,0,0.000953783,0.00254906,-0.000953783,0,0,0,0,0,0,0,0,0,0.000552011,0,1.11952e-06,2.38226e-06,6.63473e-08,9.9868e-06,0,1.12633e-07,2.38957e-09,2.15291e-06,0,12.1582,46.7098,7.60292,0.596183,31.2481,0,9.07979,0.00598087,0,2.70734,0.148031,3.28491,0.00030413,0.0128357,3.11817,0,0.013929,0,0.00556823,3.11817,0.00955699,3.05376,1.67356,0.000729919,0.0628056,0,0.00232151,0,0.000902446,0.0628056,0.614039,1.11952e-06,4.5553,0.00598087
2024.9583,272.735,273.645,0,0.165432,0,0,0.000840036,0.0016706,-0.000840036,0,0,0,0,0,0,0,0,0,0.000551074,0,1.06428e-06,5.81984e-06,2.10454e-07,1.39522e-05,0,2.65683e-07,5.51907e-09,1.66762e-06,0,12.1131,46.6288,7.59002,0.53764,31.2634,0,9.06438,0.00562609,0,2.71469,0.14778,3.28488,0.000634212,0.0113867,3.11949,0,0.0139077,0,0.00558322,3.11949,0.00954077,3.05376,1.67361,0.000651504,0.0628463,0,0.00231795,0,0.000904897,0.0628463,0.592766,1.06428e-06,4.5231,0.00562609
2025.0417,272.739,273.039,0,0.256069,0,0,0.000753644,0.00139855,-0.000753644,0,0,0,0,0,0,0,0,0,0.000550184,0,1.0197e-06,7.7567e-06,5.92893e-07,1.68701e-05,0,3.82868e-07,1.11157e-08,1.52543e-06,0,12.0707,46.5567,7.57776,0.491128,31.2735,0,9.04974,0.00530788,0,2.72132,0.147541,3.28472,0.000957254,0.0102326,3.1204,0,0.0138873,0,0.00559669,3.1204,0.00952536,3.05376,1.67366,0.000587771,0.0628719,0,0.00231455,0,0.000907106,0.0628719,0.836292,1.0197e-06,4.49296,0.00530788
2025.1250,277.423,276.76,0,0.31176,0,0,0.000972383,0.00174201,-0.000972383,0,0,0,0,0,0,0,0,0,0.000549295,0,9.87315e-07,1.31229e-05,6.86859e-07,2.41731e-05,0,7.21995e-07,9.27225e-09,2.05626e-06,0,12.0286,46.4916,7.56552,0.455265,31.2795,0,9.03512,0.00500796,0,2.72815,0.147303,3.28449,0.00127492,0.0093482,3.12095,0,0.0138668,0,0.00561054,3.12095,0.00950997,3.05376,1.67371,0.00053868,0.0628858,0,0.00231113,0,0.000909383,0.0628858,1.04531,9.87315e-07,4.46311,0.00500796
2025.2083,286.949,285.6,0.00181211,0.166748,0.0033694,9.40355e-06,0.00122765,0.00219821,-0.00121825,0,0,0,0,0,0,0,0,0,0.000548378,0,9.57292e-07,2.36762e-05,1.24795e-06,4.09456e-05,0,1.93094e-06,1.23176e-08,2.83183e-06,0,11.9765,46.3958,7.55289,0.406909,31.2832,6.01755e-05,9.02013,0.00471779,6.01755e-05,2.72918,0.147057,3.28394,0.00173412,0.00815872,3.12137,2.40702e-06,0.0138457,1.43275e-06,0.0056124,3.12137,0.00949409,3.05376,1.67379,0.000470922,0.0628907,1.60468e-07,0.00230761,6.01755e-08,0.000909727,0.0628907,0.976547,9.57292e-07,4.42357,0.00477797
2025.2917,290.608,289.632,3.15926,0.157359,2.05951,0.0081828,0.00314517,0.00203914,0.00503763,4.92116e-05,0.000151896,4.08111e-05,2.70368e-06,0.00417442,0.02413,2.46811,0.531226,0.0113549,0.000548726,1.10699e-05,9.67803e-07,2.70069e-05,1.26421e-06,5.19679e-05,4.76825e-05,2.88273e-06,9.3242e-09,2.85606e-06,2.83617e-06,11.9929,46.3664,7.55525,0.367881,31.2787,0.0940969,9.16081,0.00795522,0.0940969,2.72686,0.147408,3.28326,0.00191332,0.00720893,3.12113,0.00376388,0.0140405,0.0022404,0.0056075,3.12113,0.00951342,3.05376,1.67384,0.000417306,0.0628723,0.000250925,0.00234009,9.40969e-05,0.000908953,0.0628723,2.73214,1.20378e-05,4.43767,0.102052
2025.3750,295.245,293.634,4.63551,0.12411,3.40731,0.010826,0.00439987,0.00175112,0.00642616,8.76731e-05,0.000160591,7.44283e-05,2.91166e-06,0.0056806,0.0150309,3.28924,0.385563,0.0153278,0.000551782,1.58156e-05,1.05573e-06,8.09342e-06,7.16893e-07,5.13597e-05,6.41141e-05,1.30555e-06,5.53626e-09,2.52647e-06,3.87033e-06,12.1524,46.4871,7.58968,0.341922,31.2686,0.134645,9.21292,0.00897882,0.134645,2.72416,0.14897,3.28313,0.00159812,0.00657748,3.12038,0.00538579,0.0141139,0.00320583,0.00560219,3.12038,0.00960615,3.05376,1.67381,0.000382465,0.0628399,0.000359053,0.00235231,0.000134645,0.000908055,0.0628399,3.84214,1.68713e-05,4.56267,0.143624
2025.4583,296.773,295.594,4.62669,0.168758,2.72063,0.0103231,0.00477701,0.00191654,0.00554607,9.34068e-05,0.000160987,7.98762e-05,2.44689e-06,0.00644667,0.0164531,3.7589,0.338191,0.0145247,0.000555306,1.52124e-05,1.15742e-06,2.41772e-05,3.10092e-07,6.20067e-05,6.061e-05,2.27421e-06,3.5053e-09,2.77891e-06,3.65998e-06,12.3164,46.621,7.62967,0.324688,31.2575,0.13442,9.19754,0.00845462,0.13442,2.72239,0.150634,3.28317,0.00126475,0.00615681,3.11951,0.0053768,0.0140937,0.00320048,0.00559876,3.11951,0.00970567,3.05376,1.67377,0.000359591,0.0628064,0.000358453,0.00234895,0.00013442,0.000907464,0.0628064,3.73933,1.63698e-05,4.68671,0.142875
2025.5417,296.914,295.893,4.61773,0.116371,3.30604,0.00891919,0.00468752,0.00165794,0.00423167,7.4885e-05,0.000148525,6.4038e-05,1.95866e-06,0.00564886,0.0149744,3.64908,0.328303,0.0123028,0.000558675,1.28905e-05,1.25095e-06,9.15571e-06,2.14305e-07,5.69921e-05,5.13939e-05,1.23828e-06,2.45551e-09,2.36877e-06,3.08922e-06,12.4525,46.7171,7.66779,0.307534,31.2408,0.134192,9.18193,0.00795309,0.134192,2.71626,0.152155,3.28298,0.00137199,0.00573885,3.11813,0.00536767,0.014073,0.00319504,0.00558628,3.11813,0.00979626,3.05376,1.67375,0.000337279,0.062759,0.000357845,0.0023455,0.000134192,0.000905419,0.062759,3.63098,1.41414e-05,4.78472,0.142145
2025.6250,292.179,292.14,4.60894,0.125797,1.87127,0.00675196,0.00387222,0.00132932,0.00287974,5.38642e-05,0.000131627,4.57445e-05,1.77057e-06,0.00494434,0.0171444,2.69563,0.306715,0.00906859,0.000561119,9.37693e-06,1.29465e-06,1.10543e-05,2.49527e-07,4.63229e-05,3.78846e-05,1.57869e-06,2.01106e-09,1.86869e-06,2.25672e-06,12.5384,46.7804,7.69499,0.297165,31.2292,0.133968,9.1666,0.00748863,0.133968,2.71566,0.153249,3.28304,0.00156043,0.00548819,3.11715,0.00535871,0.0140525,0.00318971,0.00558514,3.11715,0.00986061,3.05376,1.67373,0.000324142,0.0627274,0.000357247,0.00234209,0.000133968,0.000905221,0.0627274,2.31347,1.06716e-05,4.84343,0.141456
2025.7083,285.592,285.929,3.75754,0.186663,0.702043,0.00405528,0.00278622,0.00244678,0.00126906,2.87134e-05,7.48793e-05,2.37989e-05,1.61241e-06,0.00399572,0.011059,1.2906,0.278587,0.00480127,0.00918395,5.06771e-06,1.27364e-06,2.90324e-05,1.57106e-07,1.07041e-06,8.00101e-05,2.6711e-06,1.56152e-09,1.42577e-06,5.17626e-06,12.541,46.8498,7.68772,0.36814,31.2252,0.110403,9.15129,0.00705142,0.110403,2.71551,0.152753,3.28378,0.00137631,0.00728226,3.11678,0.00441498,0.0140319,0.00262865,0.00558486,3.11678,0.00983489,3.05382,1.67373,0.000419084,0.0627181,0.000294302,0.00233865,0.000110403,0.00090517,0.0627181,1.16683,6.34135e-06,4.85326,0.117455
2025.7917,278.096,279.433,0,0.210503,0,0,0.00111139,0.00296352,-0.00111139,0,0,0,0,0,0,0,0,0,0.000547955,0,1.21698e-06,1.09782e-06,4.07272e-08,-4.25819e-06,0,6.02578e-08,1.36462e-09,1.74528e-06,0,12.2962,46.9716,7.57536,0.685728,31.2741,0,9.13601,0.00663962,0,2.71554,0.147255,3.28896,0.000183697,0.0151285,3.12081,0,0.0140111,0,0.0055849,3.12081,0.00953176,3.05412,1.67376,0.000847678,0.0628568,0,0.00233519,0,0.00090518,0.0628568,0.663613,1.21698e-06,4.72083,0.00663962
2025.8750,278.224,278.722,0,0.21897,0,0,0.00116967,0.00283695,-0.00116967,0,0,0,0,0,0,0,0,0,0.00054704,0,1.14941e-06,4.37933e-06,5.78476e-08,1.47848e-05,0,2.18228e-07,2.02262e-09,2.63343e-06,0,12.2425,46.8486,7.56271,0.581548,31.3063,0,9.12076,0.00625198,0,2.71821,0.147009,3.28898,0.000391543,0.0124582,3.12354,0,0.0139903,0,0.00559032,3.12354,0.00951584,3.05412,1.67383,0.000705474,0.0629436,0,0.00233171,0,0.000906069,0.0629436,0.497869,1.14941e-06,4.67982,0.00625198
2025.9583,271.795,272.78,0,0.190378,0,0,0.000822718,0.00109478,-0.000822718,0,0,0,0,0,0,0,0,0,0.000546112,0,1.09067e-06,2.62957e-06,2.23439e-07,1.08252e-05,0,1.3297e-07,5.08e-09,1.11292e-06,0,12.1934,46.7601,7.54988,0.521749,31.3204,0,9.10528,0.00588112,0,2.72454,0.14676,3.28892,0.00077917,0.0109892,3.12479,0,0.0139689,0,0.00560324,3.12479,0.00949969,3.05412,1.67389,0.000625021,0.0629791,0,0.00232815,0,0.000908179,0.0629791,0.753256,1.09067e-06,4.64352,0.00588112
2026.0417,272.894,273.017,0,0.400448,0,0,0.0008146,0.00123532,-0.0008146,0,0,0,0,0,0,0,0,0,0.00054523,0,1.04312e-06,6.5285e-06,3.75725e-07,1.42932e-05,0,3.22647e-07,5.12864e-09,1.37283e-06,0,12.1519,46.7111,7.53768,0.498609,31.3255,0,9.09057,0.00554849,0,2.7351,0.146523,3.28891,0.00107701,0.0104355,3.12525,0,0.0139485,0,0.00562484,3.12525,0.00948435,3.05412,1.67391,0.000595836,0.0629916,0,0.00232475,0,0.0009117,0.0629916,0.761551,1.04312e-06,4.61418,0.00554849
2026.1250,277.346,276.945,0,0.344546,0,0,0.00102431,0.00199722,-0.00102431,0,0,0,0,0,0,0,0,0,0.000544349,0,1.01182e-06,1.71744e-05,6.62182e-07,2.87005e-05,0,9.19343e-07,8.3081e-09,2.43074e-06,0,12.1072,46.6358,7.52551,0.455763,31.3325,0,9.07589,0.00523497,0,2.74035,0.146286,3.28859,0.001377,0.00935631,3.12593,0,0.013928,0,0.00563546,3.12593,0.00946903,3.05412,1.67397,0.000535671,0.0630068,0,0.00232133,0,0.00091345,0.0630068,1.20122,1.01182e-06,4.58166,0.00523497
2026.2083,283.022,282.401,0,0.197308,0,0,0.00116793,0.00197201,-0.00116793,0,0,0,0,0,0,0,0,0,0.00054344,0,9.95829e-07,2.47489e-05,1.97766e-06,3.97233e-05,0,1.84012e-06,2.01519e-08,2.62544e-06,0,12.0543,46.5406,7.51294,0.410638,31.3343,0,9.06073,0.00492924,0,2.74144,0.146042,3.28798,0.00182798,0.00825098,3.12622,0,0.0139067,0,0.00563747,3.12622,0.00945322,3.05412,1.67405,0.000473321,0.0630051,0,0.00231779,0,0.000913814,0.0630051,1.41089,9.95829e-07,4.54132,0.00492924
2026.2917,289.774,288.503,2.14053,0.173383,1.49351,0.00634226,0.00292828,0.00206959,0.00341399,3.62507e-05,0.000131936,2.97598e-05,2.31281e-06,0.00357011,0.0256341,2.06997,0.522588,0.0091707,0.000543751,8.74003e-06,1.00216e-06,3.22811e-05,1.59817e-06,5.36706e-05,3.87885e-05,2.95307e-06,1.28863e-08,2.9505e-06,2.27516e-06,12.0448,46.4893,7.51463,0.375744,31.3287,0.0654483,9.17483,0.00756322,0.0654483,2.74007,0.146226,3.28719,0.00204041,0.00739724,3.12589,0.00261793,0.0140647,0.00155829,0.00563451,3.12589,0.00946225,3.05412,1.67411,0.000425923,0.0629831,0.000174529,0.00234412,6.54483e-05,0.000913358,0.0629831,2.37117,9.74219e-06,4.53018,0.0730116
2026.3750,294.436,293.31,3.5962,0.217602,1.94194,0.0104595,0.00450595,0.00235619,0.0059536,7.01667e-05,0.000162212,5.89102e-05,3.04139e-06,0.00468576,0.0141771,3.22257,0.506827,0.015786,0.000547802,1.62524e-05,1.05906e-06,3.43095e-05,6.83399e-07,7.25873e-05,6.67248e-05,2.83296e-06,8.65662e-09,3.46346e-06,3.98026e-06,12.1733,46.5714,7.55999,0.347264,31.3159,0.107453,9.24267,0.0089601,0.107453,2.73502,0.147711,3.28656,0.00158564,0.00670025,3.12494,0.00429814,0.0141598,0.00255842,0.00562433,3.12494,0.00954909,3.05412,1.6741,0.000387953,0.0629418,0.000286543,0.00235996,0.000107453,0.000911674,0.0629418,3.17143,1.73115e-05,4.61331,0.116414
2026.4583,297.393,296.17,3.5896,0.180315,2.88523,0.00970928,0.00476918,0.00229516,0.00494009,6.81265e-05,0.000160369,5.77145e-05,2.36722e-06,0.00495598,0.017746,3.91982,0.472507,0.0144978,0.00055261,1.51888e-05,1.14445e-06,3.4048e-05,6.70699e-07,7.81314e-05,6.12224e-05,3.26292e-06,1.18457e-08,3.36088e-06,3.6449e-06,12.3203,46.6671,7.6142,0.323556,31.2971,0.107276,9.22724,0.00843707,0.107276,2.72616,0.149442,3.28605,0.00143214,0.00612149,3.12345,0.00429104,0.0141395,0.00255419,0.00560629,3.12345,0.00965103,3.05412,1.67408,0.000356969,0.0628862,0.000286069,0.00235658,0.000107276,0.00090872,0.0628862,3.68141,1.63333e-05,4.70611,0.115713
2026.5417,296.294,295.549,3.58283,0.145575,2.483,0.00861087,0.00450692,0.00190654,0.00410395,6.95128e-05,0.00014879,5.92195e-05,2.05366e-06,0.00532219,0.0154395,3.62384,0.372238,0.0127461,0.00055696,1.3401e-05,1.22417e-06,2.41044e-05,6.75343e-07,6.84012e-05,5.36813e-05,2.72613e-06,7.51695e-09,2.74523e-06,3.1974e-06,12.4425,46.7449,7.66303,0.306153,31.2778,0.107094,9.21158,0.00793658,0.107094,2.71841,0.150998,3.28564,0.00149995,0.00569902,3.12185,0.00428375,0.0141188,0.00254985,0.00559048,3.12185,0.00974246,3.05412,1.67407,0.000334652,0.0628325,0.000285584,0.00235313,0.000107094,0.000906136,0.0628325,3.05541,1.46252e-05,4.77951,0.11503
2026.6250,291.405,291.523,3.57618,0.194493,1.61056,0.00687787,0.00377115,0.00182978,0.00310673,4.66324e-05,0.000132826,3.91799e-05,1.99361e-06,0.00406362,0.0150458,2.60186,0.402896,0.0100435,0.000560333,1.0361e-05,1.25752e-06,3.17237e-05,3.61944e-07,6.87818e-05,4.24111e-05,2.93182e-06,4.33119e-09,2.60039e-06,2.50453e-06,12.5317,46.7975,7.70048,0.293307,31.2599,0.106915,9.1962,0.00747308,0.106915,2.71252,0.15221,3.28509,0.00160036,0.00538751,3.12031,0.0042766,0.0140982,0.0025456,0.00557843,3.12031,0.00981309,3.05412,1.67406,0.000318352,0.0627849,0.000285107,0.0023497,0.000106915,0.000904173,0.0627849,2.31278,1.16185e-05,4.83126,0.114388
2026.7083,288.407,288.644,2.92196,0.182653,0.864251,0.00425243,0.00304481,0.00269734,0.00120762,2.76601e-05,7.75622e-05,2.30281e-05,1.42068e-06,0.00373849,0.0107747,1.72909,0.328726,0.0055588,0.00744302,5.95119e-06,1.24564e-06,3.25825e-05,3.64327e-07,5.96089e-06,7.13633e-05,2.86088e-06,3.95889e-09,1.66633e-06,4.56697e-06,12.5483,46.8526,7.70688,0.344271,31.2513,0.088109,9.18084,0.00703679,0.088109,2.70879,0.152104,3.2854,0.00151469,0.00668155,3.11952,0.00352318,0.0140775,0.00209783,0.00557078,3.11952,0.00980897,3.05417,1.67407,0.000386664,0.0627643,0.000234851,0.00234624,8.8109e-05,0.00090293,0.0627643,1.25452,7.19683e-06,4.8414,0.0951457
2026.7917,280.569,281.75,0,0.184554,0,0,0.00120084,0.00301507,-0.00120084,0,0,0,0,0,0,0,0,0,0.000551067,0,1.18321e-06,2.16015e-06,2.18304e-07,5.56816e-06,0,1.25015e-07,4.85856e-09,2.13801e-06,0,12.3431,46.9194,7.61823,0.568751,31.2998,0,9.16551,0.00662583,0,2.70766,0.147734,3.28939,0.000335066,0.0122328,3.12352,0,0.0140566,0,0.00556844,3.12352,0.00956769,3.0544,1.67411,0.000688367,0.0629012,0,0.00234277,0,0.000902554,0.0629012,0.355409,1.18321e-06,4.72492,0.00662583
2026.8750,272.8,273.741,0,0.401863,0,0,0.000833504,0.00144113,-0.000833504,0,0,0,0,0,0,0,0,0,0.000550146,0,1.11638e-06,6.17211e-06,3.73319e-07,1.67812e-05,0,3.24871e-07,7.57341e-09,1.43463e-06,0,12.2942,46.8225,7.6055,0.497277,31.3187,0,9.15021,0.006239,0,2.71239,0.147487,3.28933,0.000718719,0.010428,3.12512,0,0.0140356,0,0.0055781,3.12512,0.00955171,3.0544,1.67416,0.000592165,0.0629521,0,0.00233927,0,0.00090413,0.0629521,0.641482,1.11638e-06,4.68868,0.006239
2026.9583,273.239,273.847,0,0.237621,0,0,0.000940784,0.00149369,-0.000940784,0,0,0,0,0,0,0,0,0,0.000549213,0,1.04935e-06,8.46422e-06,7.83526e-07,1.98127e-05,0,4.34383e-07,1.26627e-08,1.65223e-06,0,12.2467,46.7493,7.5926,0.456855,31.3259,0,9.13468,0.00586891,0,2.71989,0.147237,3.28913,0.00110784,0.00942596,3.12576,0,0.0140142,0,0.00559343,3.12576,0.0095355,3.0544,1.67421,0.000538071,0.0629703,0,0.0023357,0,0.000906631,0.0629703,0.481921,1.04935e-06,4.65407,0.00586891
2027.0417,273.537,273.104,0,0.219762,0,0,0.000882449,0.00104271,-0.000882449,0,0,0,0,0,0,0,0,0,0.000548326,0,9.97656e-07,6.05986e-06,1.04792e-06,1.36472e-05,0,3.24867e-07,1.2215e-08,1.21269e-06,0,12.2037,46.6966,7.58033,0.433768,31.33,0,9.11992,0.00553697,0,2.7292,0.146999,3.28903,0.00140717,0.00886856,3.12614,0,0.0139937,0,0.00561244,3.12614,0.0095201,3.0544,1.67424,0.000507452,0.0629802,0,0.00233229,0,0.000909733,0.0629802,0.554582,9.97656e-07,4.62333,0.00553697
2027.1250,277.956,277.63,0,0.247563,0,0,0.00101479,0.00169658,-0.00101479,0,0,0,0,0,0,0,0,0,0.00054744,0,9.61291e-07,1.99952e-05,1.02622e-06,3.36615e-05,0,1.31478e-06,9.41343e-09,2.15651e-06,0,12.157,46.6255,7.56809,0.401408,31.3329,0,9.10519,0.0052241,0,2.73425,0.146762,3.28864,0.001766,0.00805309,3.12644,0,0.0139732,0,0.00562264,3.12644,0.00950473,3.0544,1.6743,0.000462071,0.0629853,0,0.00232886,0,0.000911416,0.0629853,1.06162,9.61291e-07,4.58888,0.0052241
2027.2083,286.188,285.169,0.357959,0.204232,0.233436,0.00124422,0.00158471,0.00197054,-0.000340494,5.87728e-06,4.00666e-05,4.7517e-06,4.36492e-07,0.00113699,0.0150539,0.621363,0.196385,0.00170566,0.000546593,1.52768e-06,9.42429e-07,3.25332e-05,2.34476e-06,4.98177e-05,7.24222e-06,2.61915e-06,1.77933e-08,2.6954e-06,4.06568e-07,12.1053,46.5379,7.55623,0.368314,31.3294,0.0114267,9.11366,0.00546157,0.0114267,2.73488,0.146539,3.28786,0.00223411,0.00723424,3.12623,0.000457069,0.0139846,0.000272065,0.00562372,3.12623,0.00949004,3.0544,1.67437,0.000416818,0.0629719,3.04713e-05,0.00233077,1.14267e-05,0.000911628,0.0629719,1.42859,2.47011e-06,4.54907,0.0168883
2027.2917,287.683,287.209,3.27527,0.208197,1.45978,0.00889676,0.00352759,0.00189056,0.00536917,5.43496e-05,0.000156609,4.41225e-05,4.0709e-06,0.00415495,0.0169529,1.8533,0.619634,0.0139614,0.000548894,1.27702e-05,9.68016e-07,3.37423e-05,1.50694e-06,5.77851e-05,5.93659e-05,2.912e-06,1.30752e-08,2.7148e-06,3.50168e-06,12.1588,46.5523,7.58075,0.341509,31.3195,0.0985748,9.27901,0.00918591,0.0985748,2.73248,0.147342,3.28701,0.00199728,0.00657439,3.12548,0.00394299,0.0142142,0.00234702,0.00561882,3.12548,0.00953537,3.0544,1.67439,0.00038094,0.062941,0.000262866,0.00236903,9.85748e-05,0.000910826,0.062941,2.47587,1.37382e-05,4.57807,0.107761
2027.3750,293.191,291.671,3.62427,0.149924,2.73484,0.0106321,0.00443893,0.00181224,0.00619319,9.47185e-05,0.000162469,7.98442e-05,3.77176e-06,0.00616031,0.0151658,2.89338,0.411032,0.0168773,0.000554247,1.73873e-05,1.0276e-06,1.94935e-05,8.40885e-07,6.05124e-05,7.1357e-05,2.14525e-06,1.08417e-08,2.62465e-06,4.26134e-06,12.3167,46.6739,7.64052,0.321886,31.306,0.108208,9.28382,0.00909541,0.108208,2.72932,0.149143,3.28664,0.00140443,0.00609256,3.12439,0.00432831,0.0142222,0.00257638,0.00561261,3.12439,0.00964101,3.0544,1.67435,0.000355264,0.0629017,0.000288554,0.00237036,0.000108208,0.000909774,0.0629017,3.21444,1.84149e-05,4.67617,0.117303
2027.4583,298.201,296.143,3.61754,0.120322,3.05304,0.00909332,0.0048029,0.00160544,0.00429042,0.00010166,0.00015972,8.71824e-05,2.37723e-06,0.00792297,0.0192425,3.81197,0.299675,0.0140322,0.000559409,1.48927e-05,1.11385e-06,7.72579e-06,6.28291e-07,5.48662e-05,5.89549e-05,1.09055e-06,6.65491e-09,2.28972e-06,3.51872e-06,12.4543,46.7812,7.6981,0.307604,31.2925,0.108027,9.26831,0.0085644,0.108027,2.72679,0.150878,3.28677,0.0012701,0.00574276,3.12328,0.00432108,0.0142018,0.00257207,0.00560763,3.12328,0.00974348,3.0544,1.6743,0.000336848,0.0628639,0.000288072,0.00236697,0.000108027,0.00090893,0.0628639,3.56021,1.60066e-05,4.75619,0.116591
2027.5417,296.63,295.768,3.61072,0.180827,2.31261,0.00872226,0.0047151,0.00202915,0.00400716,7.92532e-05,0.000148878,6.7652e-05,2.19613e-06,0.00588295,0.0143616,3.61071,0.349824,0.0134333,0.00056409,1.42525e-05,1.19412e-06,3.08051e-05,2.17886e-07,7.55957e-05,5.67373e-05,2.66356e-06,3.72826e-09,2.88649e-06,3.37331e-06,12.5693,46.8612,7.7501,0.294528,31.2758,0.107844,9.25258,0.00805636,0.107844,2.72168,0.152466,3.28656,0.0012255,0.00542102,3.12185,0.00431375,0.014181,0.00256771,0.00559728,3.12185,0.00983696,3.0544,1.67427,0.000320016,0.062819,0.000287583,0.00236351,0.000107844,0.000907228,0.062819,3.21468,1.54467e-05,4.81916,0.1159
2027.6250,293.133,293.121,3.60402,0.165563,1.672,0.00690371,0.00405015,0.001782,0.00285356,5.28402e-05,0.000132357,4.4738e-05,1.87633e-06,0.0045964,0.0148986,2.88605,0.362212,0.0103662,0.00056773,1.0874e-05,1.23299e-06,2.76074e-05,2.42689e-07,6.8651e-05,4.39001e-05,3.01928e-06,3.14402e-09,2.49459e-06,2.58574e-06,12.6515,46.9048,7.7901,0.282592,31.2562,0.107664,9.23713,0.00758586,0.107664,2.71441,0.153726,3.28607,0.00149012,0.0051307,3.12014,0.00430655,0.0141604,0.00256342,0.0055824,3.12014,0.0099101,3.0544,1.67426,0.000304985,0.0627685,0.000287103,0.00236007,0.000107664,0.000904805,0.0627685,2.20061,1.2107e-05,4.8614,0.11525
2027.7083,285.164,285.964,2.94453,0.193361,0.680058,0.00402268,0.00269154,0.00243062,0.00133114,2.86729e-05,7.81244e-05,2.37425e-05,1.62418e-06,0.00404922,0.0114739,1.436,0.31548,0.00546709,0.00749866,5.77602e-06,1.22213e-06,3.0364e-05,2.42116e-07,5.91715e-06,7.13032e-05,2.58669e-06,2.70701e-09,1.45224e-06,4.55597e-06,12.663,46.9585,7.79673,0.336881,31.2473,0.0887259,9.22171,0.00714298,0.0887259,2.71123,0.153612,3.28645,0.00145357,0.00650771,3.1193,0.00354818,0.0141396,0.00211252,0.00557588,3.1193,0.00990522,3.05445,1.67426,0.000377888,0.0627481,0.000236512,0.0023566,8.87259e-05,0.000903743,0.0627481,1.32437,6.99815e-06,4.86631,0.0958689
2027.7917,278.833,279.832,0,0.185659,0,0,0.00112794,0.0027659,-0.00112794,0,0,0,0,0,0,0,0,0,0.000558444,0,1.16659e-06,1.77214e-06,1.43532e-07,1.36804e-06,0,1.06748e-07,3.26561e-09,1.79431e-06,0,12.4616,47.0436,7.70728,0.577371,31.2924,0,9.20631,0.00672583,0,2.7121,0.149207,3.29054,0.000297241,0.0124656,3.123,0,0.0141187,0,0.00557767,3.123,0.00966185,3.05469,1.67429,0.000702414,0.0628765,0,0.00235312,0,0.000904035,0.0628765,0.474447,1.16659e-06,4.75437,0.00672583
2027.8750,274.006,274.468,0,0.484491,0,0,0.000969845,0.00194777,-0.000969845,0,0,0,0,0,0,0,0,0,0.000557512,0,1.10012e-06,6.22211e-06,2.00499e-07,1.81333e-05,0,3.14866e-07,4.29106e-09,1.91149e-06,0,12.4122,46.9449,7.69441,0.502048,31.3139,0,9.19094,0.00633316,0,2.7167,0.148958,3.29052,0.000633887,0.0105433,3.1248,0,0.0140977,0,0.00558707,3.1248,0.00964572,3.05469,1.67435,0.000599998,0.0629354,0,0.00234961,0,0.000905567,0.0629354,0.509665,1.10012e-06,4.71777,0.00633316
2027.9583,272.306,273.303,0,0.281713,0,0,0.000860613,0.00134082,-0.000860613,0,0,0,0,0,0,0,0,0,0.000556566,0,1.0426e-06,7.93121e-06,5.43644e-07,1.89734e-05,0,3.82404e-07,9.02118e-09,1.45682e-06,0,12.3623,46.8605,7.68135,0.452025,31.3236,0,9.17534,0.00595748,0,2.72251,0.148705,3.29034,0.00108023,0.00929968,3.12565,0,0.0140762,0,0.00559892,3.12565,0.00962935,3.05469,1.6744,0.000531747,0.0629603,0,0.00234603,0,0.000907503,0.0629603,0.89247,1.0426e-06,4.681,0.00595748
2028.0417,270.838,271.196,0,0.266169,0,0,0.000715859,0.000546543,-0.000715859,0,0,0,0,0,0,0,0,0,0.000555667,0,1.00895e-06,9.65559e-07,8.96165e-07,6.53088e-06,0,5.0714e-08,1.14799e-08,6.14091e-07,0,12.3215,46.8164,7.66894,0.435025,31.3267,0,9.16052,0.00562053,0,2.73315,0.148465,3.29026,0.00133826,0.00890858,3.12593,0,0.0140556,0,0.00562068,3.12593,0.00961379,3.05469,1.67443,0.00051054,0.062968,0,0.00234261,0,0.00091105,0.062968,0.842968,1.00895e-06,4.65254,0.00562053
2028.1250,276.547,275.541,0,0.448529,0,0,0.000920626,0.00124702,-0.000920626,0,0,0,0,0,0,0,0,0,0.000554769,0,9.61989e-07,9.31873e-06,6.73095e-07,1.82736e-05,0,5.10137e-07,6.65129e-09,1.48552e-06,0,12.2798,46.7714,7.65655,0.417384,31.3308,0,9.14572,0.00530294,0,2.74342,0.148225,3.2902,0.0015694,0.00846318,3.1263,0,0.014035,0,0.00564164,3.1263,0.00959827,3.05469,1.67445,0.000485793,0.0629783,0,0.00233916,0,0.000914473,0.0629783,0.566364,9.61989e-07,4.62323,0.00530294
2028.2083,286.097,285.064,0.028671,0.199973,0.0258973,0.000152801,0.00133956,0.00208744,-0.00118675,5.81872e-07,7.39821e-06,4.69122e-07,3.72227e-08,0.000286077,0.00592805,0.145808,0.0363391,0.000147959,0.000553844,1.40982e-07,9.28101e-07,2.96301e-05,7.78747e-07,4.72577e-05,6.21162e-07,2.23947e-06,6.40625e-09,2.73979e-06,3.15063e-08,12.2258,46.6815,7.64378,0.379039,31.3316,0.000942393,9.13234,0.00503681,0.000942393,2.74503,0.147978,3.2896,0.00203085,0.00749577,3.12645,3.76957e-05,0.0140162,2.24379e-05,0.00564473,3.12645,0.00958225,3.05469,1.67452,0.000431872,0.0629767,2.51305e-06,0.00233603,9.42393e-07,0.000915012,0.0629767,1.12196,1.06908e-06,4.582,0.0059792
2028.2917,290.571,289.472,3.06633,0.184669,1.99736,0.00851179,0.00354593,0.00205805,0.00496586,4.62441e-05,0.000154376,3.79331e-05,2.99443e-06,0.00373323,0.0215147,2.43881,0.654486,0.0127655,0.000554933,1.21973e-05,9.47155e-07,3.47586e-05,1.14068e-06,5.91972e-05,5.41512e-05,3.13878e-06,9.27958e-09,2.89243e-06,3.19541e-06,12.246,46.659,7.65449,0.34711,31.3236,0.0920999,9.30001,0.00886194,0.0920999,2.74237,0.148448,3.28874,0.00208365,0.00670911,3.12586,0.00368399,0.0142486,0.00219285,0.00563919,3.12586,0.00960815,3.05469,1.67456,0.000388806,0.0629508,0.0002456,0.00237477,9.20999e-05,0.000914123,0.0629508,2.82857,1.31444e-05,4.59148,0.100962
2028.3750,296.551,293.932,4.12753,0.101812,3.29012,0.00931844,0.00448252,0.00146893,0.00483592,7.60851e-05,0.000154618,6.44233e-05,2.70807e-06,0.00576531,0.0226285,3.244,0.400244,0.0138956,0.000559379,1.43412e-05,1.03455e-06,4.38407e-06,1.00521e-06,4.51645e-05,5.85768e-05,7.45935e-07,7.5515e-09,2.08464e-06,3.49205e-06,12.3912,46.7702,7.7043,0.326109,31.3123,0.121539,9.34386,0.00965397,0.121539,2.74051,0.150095,3.28859,0.00170076,0.00619607,3.12496,0.00486157,0.0143108,0.00289379,0.0056357,3.12496,0.00970481,3.05469,1.67453,0.00036137,0.0629172,0.000324105,0.00238514,0.000121539,0.000913504,0.0629172,3.62779,1.53757e-05,4.68692,0.131193
2028.4583,299.09,296.652,4.11977,0.0862227,2.29748,0.00604417,0.00403359,0.00111977,0.00201058,5.25463e-05,0.000129394,4.48467e-05,1.46961e-06,0.00565427,0.0312052,3.22383,0.306889,0.00853933,0.00056239,8.95549e-06,1.10396e-06,4.08834e-06,6.28944e-07,3.4265e-05,3.58767e-05,7.54892e-07,4.68343e-09,1.5744e-06,2.11224e-06,12.4638,46.8266,7.73741,0.314701,31.3049,0.121336,9.32826,0.00909036,0.121336,2.74319,0.151218,3.28874,0.00158356,0.00591949,3.12438,0.00485346,0.0142906,0.00288896,0.0056415,3.12438,0.00977003,3.05469,1.67449,0.000346783,0.0628953,0.000323564,0.00238176,0.000121336,0.000914395,0.0628953,2.65896,1.00595e-05,4.7264,0.130427
2028.5417,297.814,296.513,4.1119,0.137683,2.13473,0.00726931,0.0044971,0.00160089,0.00277221,5.72755e-05,0.000137237,4.87635e-05,1.7337e-06,0.00511394,0.0216077,3.42457,0.352097,0.0105045,0.000564885,1.10239e-05,1.15069e-06,1.95633e-05,3.57805e-07,5.53087e-05,4.42707e-05,2.53017e-06,3.02713e-09,2.28129e-06,2.62016e-06,12.5109,46.8531,7.76447,0.304032,31.2948,0.12113,9.31243,0.00855112,0.12113,2.74343,0.152157,3.28858,0.00159061,0.00565118,3.12353,0.00484522,0.0142698,0.00288406,0.00564223,3.12353,0.00982399,3.05469,1.67448,0.000332495,0.0628668,0.000323015,0.0023783,0.00012113,0.000914476,0.0628668,2.76012,1.21746e-05,4.74643,0.129682
2028.6250,293.641,292.955,4.10417,0.106074,2.26888,0.0068875,0.00406602,0.00139074,0.00282148,5.34763e-05,0.000132743,4.53249e-05,1.85217e-06,0.00475424,0.0155353,2.81003,0.341947,0.00992719,0.000568063,1.03299e-05,1.19112e-06,9.29024e-06,2.9113e-07,5.0423e-05,4.18483e-05,1.11217e-06,2.24672e-09,1.96448e-06,2.47339e-06,12.5942,46.9082,7.79953,0.293249,31.2804,0.120928,9.29688,0.00805173,0.120928,2.74037,0.153329,3.28835,0.00169642,0.00538625,3.1223,0.00483713,0.0142492,0.00287924,0.00563608,3.1223,0.00989209,3.05469,1.67447,0.000318549,0.0628283,0.000322475,0.00237487,0.000120928,0.000913456,0.0628283,2.54385,1.1521e-05,4.79471,0.12898
2028.7083,286.145,287.129,3.34956,0.125606,0.887652,0.00383941,0.00270932,0.00176446,0.0011301,2.91339e-05,7.43689e-05,2.44213e-05,1.317e-06,0.00420465,0.0109011,1.63812,0.275627,0.00478368,0.00835222,5.30214e-06,1.19044e-06,1.36494e-05,2.9682e-07,-1.33233e-05,7.46537e-05,1.61757e-06,1.87687e-09,7.66018e-07,4.80529e-06,12.5933,46.9766,7.79954,0.361046,31.2782,0.0996573,9.28135,0.00758165,0.0996573,2.7441,0.153002,3.28947,0.00162975,0.00710233,3.12209,0.00398547,0.0142285,0.00237279,0.00564385,3.12209,0.00987534,3.05475,1.67445,0.000409388,0.0628235,0.000265674,0.00237141,9.96573e-05,0.000914698,0.0628235,1.24644,6.49258e-06,4.79372,0.107239
2028.7917,280.692,281.569,0,0.204203,0,0,0.00122161,0.00320692,-0.00122161,0,0,0,0,0,0,0,0,0,0.000556813,0,1.14057e-06,2.03528e-06,5.92595e-08,-5.41902e-06,0,1.23479e-07,1.41363e-09,1.93558e-06,0,12.3651,47.0816,7.69789,0.642482,31.3275,0,9.26585,0.00713888,0,2.74654,0.148018,3.29413,0.000262414,0.0140426,3.12616,0,0.0142076,0,0.00564891,3.12616,0.00960009,3.05501,1.67447,0.000788419,0.0629624,0,0.00236793,0,0.000915513,0.0629624,0.590618,1.14057e-06,4.66719,0.00713888
2028.8750,273.256,274.191,0,0.292262,0,0,0.00081712,0.00207294,-0.00081712,0,0,0,0,0,0,0,0,0,0.000555883,0,1.07616e-06,4.83514e-06,4.75621e-08,1.45291e-05,0,2.47586e-07,1.23916e-09,1.97336e-06,0,12.3155,46.9728,7.68503,0.551822,31.355,0,9.25038,0.0067221,0,2.75056,0.14777,3.29414,0.00048946,0.0117317,3.1285,0,0.0141865,0,0.00565717,3.1285,0.00958406,3.05501,1.67453,0.000665655,0.0630369,0,0.00236442,0,0.000916853,0.0630369,0.483867,1.07616e-06,4.63042,0.0067221
2028.9583,271.905,272.785,0,0.29647,0,0,0.000845444,0.00136707,-0.000845444,0,0,0,0,0,0,0,0,0,0.00055494,0,1.01456e-06,5.5307e-06,1.21702e-07,1.52809e-05,0,2.7266e-07,2.39067e-09,1.45316e-06,0,12.2697,46.8879,7.67199,0.494209,31.3676,0,9.23468,0.00632334,0,2.75641,0.14752,3.29402,0.000904518,0.0103055,3.12962,0,0.014165,0,0.00566914,3.12962,0.0095678,3.05501,1.67459,0.000587194,0.0630683,0,0.00236084,0,0.000918802,0.0630683,0.588308,1.01456e-06,4.59769,0.00632334
2029.0417,273.327,272.931,0,0.529691,0,0,0.000855042,0.00108724,-0.000855042,0,0,0,0,0,0,0,0,0,0.000554043,0,9.63251e-07,4.17746e-06,3.70472e-07,1.09041e-05,0,1.48954e-07,5.25892e-09,1.2216e-06,0,12.2274,46.8374,7.6596,0.470668,31.3728,0,9.21977,0.0059657,0,2.76649,0.147281,3.29399,0.001183,0.00973978,3.13009,0,0.0141445,0,0.0056898,3.13009,0.00955234,3.05501,1.67462,0.000556206,0.0630809,0,0.00235741,0,0.000922165,0.0630809,0.470755,9.63251e-07,4.56783,0.0059657
2029.1250,281.699,280.774,0,0.228103,0,0,0.0011394,0.00212926,-0.0011394,0,0,0,0,0,0,0,0,0,0.000553149,0,9.2456e-07,2.0137e-05,6.40035e-07,3.55925e-05,0,1.22515e-06,7.55853e-09,2.64977e-06,0,12.1803,46.7606,7.64723,0.430839,31.3783,0,9.20487,0.00562861,0,2.77116,0.147043,3.29368,0.00154859,0.00874201,3.13065,0,0.0141238,0,0.00569926,3.13065,0.00953692,3.05501,1.67468,0.00050031,0.0630919,0,0.00235397,0,0.000923721,0.0630919,0.843797,9.2456e-07,4.53303,0.00562861
2029.2083,284.295,283.846,0.632022,0.183661,0.453141,0.00211291,0.00167577,0.00193897,0.000437139,1.25093e-05,5.83382e-05,1.01017e-05,9.6937e-07,0.00181607,0.0150703,0.702652,0.255243,0.00328189,0.000552441,2.85073e-06,8.97882e-07,2.88051e-05,1.7155e-06,4.50116e-05,1.40508e-05,2.33645e-06,1.58887e-08,2.6348e-06,7.96705e-07,12.1319,46.6688,7.63689,0.389297,31.3767,0.020498,9.23168,0.00626404,0.020498,2.77085,0.146862,3.29294,0.00201853,0.00772214,3.13064,0.000819922,0.0141608,0.000488049,0.00569843,3.13064,0.00952457,3.05501,1.67476,0.000443638,0.0630816,5.46615e-05,0.00236014,2.0498e-05,0.000923616,0.0630816,1.31872,3.74861e-06,4.49504,0.0267621
2029.2917,293.635,291.627,3.47505,0.151749,2.28162,0.00832966,0.0041933,0.00206601,0.00413637,6.49142e-05,0.000147334,5.42102e-05,3.15751e-06,0.00526529,0.0227664,2.68377,0.46357,0.0136422,0.000555654,1.37298e-05,9.30987e-07,2.64356e-05,1.26452e-06,5.82216e-05,5.82976e-05,3.09866e-06,1.13814e-08,2.96831e-06,3.41571e-06,12.1928,46.691,7.67078,0.360057,31.3687,0.104119,9.38838,0.00974163,0.104119,2.76943,0.147866,3.29236,0.00171417,0.0070049,3.13008,0.00416474,0.0143787,0.00247901,0.00569567,3.13008,0.00958118,3.05501,1.67477,0.000404528,0.0630545,0.000277649,0.00239645,0.000104119,0.000923145,0.0630545,2.87811,1.46608e-05,4.52203,0.11386
2029.3750,297.617,295.952,3.65882,0.138901,3.19015,0.010089,0.00492055,0.00202013,0.00516842,0.000102954,0.00016032,8.78744e-05,2.86851e-06,0.00721619,0.0174732,3.80521,0.361454,0.0168168,0.000561215,1.79252e-05,1.02183e-06,1.71595e-05,5.92928e-07,6.40885e-05,7.15115e-05,2.44908e-06,5.98717e-09,2.94139e-06,4.23464e-06,12.3116,46.7662,7.73116,0.335646,31.3549,0.109134,9.38338,0.00940689,0.109134,2.76411,0.149622,3.29215,0.00141782,0.00640575,3.12902,0.00436537,0.0143733,0.00259844,0.00568503,3.12902,0.00968328,3.05501,1.67474,0.000372242,0.0630117,0.000291025,0.00239554,0.000109134,0.000921372,0.0630117,3.80459,1.8947e-05,4.58047,0.118541
2029.4583,298.841,297.464,3.65202,0.132536,2.79952,0.00870801,0.00469899,0.00157804,0.00400902,0.000102113,0.00015516,8.76826e-05,2.26189e-06,0.00831291,0.0224861,4.05413,0.299709,0.0142986,0.000566746,1.53473e-05,1.12434e-06,9.28324e-06,3.83092e-07,5.05846e-05,6.05428e-05,1.34517e-06,3.82011e-09,2.24979e-06,3.58053e-06,12.4327,46.8531,7.79121,0.319239,31.3411,0.108952,9.36771,0.0088577,0.108952,2.76014,0.151419,3.29231,0.001302,0.00600522,3.12791,0.00435808,0.0143528,0.0025941,0.0056771,3.12791,0.00978835,3.05501,1.6747,0.000350873,0.0629714,0.000290539,0.00239214,0.000108952,0.000920047,0.0629714,3.56742,1.64716e-05,4.64147,0.11781
2029.5417,297.055,296.376,3.64512,0.168169,2.48406,0.00833815,0.00460367,0.00200793,0.00373449,8.69771e-05,0.000147042,7.44601e-05,2.17701e-06,0.00686437,0.0174667,3.74651,0.321387,0.0136563,0.000571383,1.46582e-05,1.20267e-06,2.5532e-05,1.57761e-07,7.22248e-05,5.80119e-05,2.41054e-06,2.55587e-09,2.87248e-06,3.42142e-06,12.529,46.9156,7.84113,0.305765,31.3258,0.108767,9.35182,0.00833226,0.108767,2.75504,0.152977,3.29214,0.00118323,0.00567328,3.12664,0.00435069,0.0143319,0.00258969,0.00566678,3.12664,0.00987894,3.05501,1.67466,0.000333207,0.062929,0.000290046,0.00238864,0.000108767,0.000918348,0.062929,3.22402,1.58608e-05,4.68787,0.117099
2029.6250,293.499,293.427,3.63835,0.190382,1.6664,0.00688828,0.00400791,0.00193242,0.00288037,5.5482e-05,0.00013254,4.69502e-05,1.99747e-06,0.00488632,0.0155405,2.95603,0.374075,0.0110842,0.000575196,1.17542e-05,1.24308e-06,3.15638e-05,1.09018e-07,7.28892e-05,4.73339e-05,2.93655e-06,1.83926e-09,2.72584e-06,2.76298e-06,12.6077,46.9544,7.88181,0.292585,31.3066,0.108586,9.3362,0.00784565,0.108586,2.74746,0.154304,3.29169,0.00139573,0.00535267,3.12498,0.00434342,0.0143111,0.00258537,0.00565127,3.12498,0.00995524,3.05501,1.67466,0.00031655,0.0628781,0.000289561,0.00238518,0.000108586,0.00091582,0.0628781,2.34715,1.29972e-05,4.72591,0.116431
2029.7083,285.744,286.389,2.97235,0.196831,0.784867,0.00406501,0.00267367,0.00253638,0.00139134,3.2066e-05,7.72034e-05,2.65008e-05,1.74279e-06,0.00458428,0.0118207,1.5165,0.309996,0.0059025,0.00756572,6.38077e-06,1.23446e-06,2.75927e-05,1.24839e-07,6.74769e-06,7.39573e-05,2.21706e-06,1.93103e-09,1.56404e-06,4.70571e-06,12.623,47.0089,7.89033,0.345668,31.297,0.0894856,9.32061,0.00738761,0.0894856,2.74327,0.154291,3.29206,0.00132475,0.00670104,3.1241,0.0035784,0.0142901,0.00213061,0.0056427,3.1241,0.00995585,3.05507,1.67466,0.000387933,0.062855,0.00023854,0.00238169,8.94856e-05,0.000914423,0.062855,1.34024,7.61523e-06,4.73268,0.0968732
2029.7917,280.89,282.036,0,0.215712,0,0,0.00117406,0.00319951,-0.00117406,0,0,0,0,0,0,0,0,0,0.000566132,0,1.18256e-06,3.08948e-06,2.34245e-07,5.17041e-06,0,1.50439e-07,8.00704e-09,2.223e-06,0,12.4177,47.0801,7.80047,0.574449,31.3459,0,9.30505,0.00695617,0,2.74201,0.149873,3.29624,0.000254118,0.0123408,3.12813,0,0.0142691,0,0.00564011,3.12813,0.00971169,3.0553,1.6747,0.000694658,0.0629936,0,0.00237818,0,0.000914004,0.0629936,0.679157,1.18256e-06,4.61721,0.00695617
2029.8750,272.674,273.302,0,0.631283,0,0,0.000751515,0.00162192,-0.000751515,0,0,0,0,0,0,0,0,0,0.000565186,0,1.11993e-06,6.95663e-06,3.5184e-07,1.7609e-05,0,3.68021e-07,1.08747e-08,1.63056e-06,0,12.3715,46.9866,7.78744,0.503017,31.3651,0,9.28951,0.00655005,0,2.74702,0.149622,3.29618,0.000611337,0.0105392,3.12975,0,0.0142479,0,0.00565038,3.12975,0.00969548,3.0553,1.67475,0.000598937,0.0630455,0,0.00237465,0,0.000915675,0.0630455,0.413856,1.11993e-06,4.58403,0.00655005
2029.9583,274.096,274.643,0,0.297604,0,0,0.00071235,0.0017593,-0.00071235,0,0,0,0,0,0,0,0,0,0.000564227,0,1.04298e-06,1.21327e-05,4.75707e-07,2.34376e-05,0,7.76019e-07,1.03832e-08,1.97301e-06,0,12.3293,46.9123,7.77423,0.456198,31.3736,0,9.27374,0.0061615,0,2.75324,0.149368,3.29595,0.0010235,0.00937523,3.13052,0,0.0142262,0,0.00566307,3.13052,0.00967902,3.0553,1.67481,0.000535261,0.0630668,0,0.00237104,0,0.000917746,0.0630668,0.248664,1.04298e-06,4.55503,0.0061615
2030.0417,274.795,275.307,0,0.1869,0,0,0.00071815,0.00159681,-0.00071815,0,0,0,0,0,0,0,0,0,0.000563316,0,9.82207e-07,1.58294e-05,6.24189e-07,2.77361e-05,0,1.13461e-06,8.48204e-09,1.94125e-06,0,12.2897,46.8429,7.76167,0.417364,31.3781,0,9.25876,0.00581302,0,2.75779,0.149127,3.2956,0.00142768,0.00841773,3.13095,0,0.0142055,0,0.00567231,3.13095,0.00966339,3.0553,1.67486,0.000481974,0.0630762,0,0.00236758,0,0.000919264,0.0630762,0.502213,9.82207e-07,4.52803,0.00581302
2030.1250,274.169,274.703,0,0.222825,0,0,0.00070627,0.00141925,-0.00070627,0,0,0,0,0,0,0,0,0,0.000562406,0,9.44519e-07,1.88357e-05,8.19862e-07,3.12556e-05,0,1.37718e-06,7.52259e-09,1.85075e-06,0,12.2506,46.7794,7.74914,0.388449,31.3782,0,9.24381,0.00548455,0,2.76214,0.148886,3.29514,0.00184324,0.00770875,3.13102,0,0.0141847,0,0.00568109,3.13102,0.00964778,3.0553,1.67492,0.000442812,0.0630736,0,0.00236411,0,0.000920715,0.0630736,1.07048,9.44519e-07,4.50149,0.00548455
2030.2083,283.59,282.504,0,0.221465,0,0,0.00114624,0.00177191,-0.00114624,0,0,0,0,0,0,0,0,0,0.000561467,0,9.1829e-07,2.94909e-05,3.14345e-06,4.65829e-05,0,2.29894e-06,2.42732e-08,2.44251e-06,0,12.2038,46.7058,7.7362,0.363151,31.3741,0,9.22837,0.00516425,0,2.76472,0.148638,3.29442,0.00226734,0.00708456,3.13074,0,0.0141631,0,0.00568616,3.13074,0.00963167,3.0553,1.67498,0.000408733,0.0630594,0,0.00236051,0,0.000921572,0.0630594,0.959458,9.1829e-07,4.46759,0.00516425
2030.2917,290.252,289.09,2.44697,0.182663,1.74223,0.00688053,0.00295791,0.00191982,0.00392262,3.65822e-05,0.000128523,2.99656e-05,2.40704e-06,0.00315693,0.0220049,2.13481,0.573047,0.0104792,0.00056174,9.90844e-06,9.28019e-07,3.75851e-05,2.84191e-06,5.95315e-05,4.46001e-05,3.56663e-06,1.98183e-08,2.75035e-06,2.6172e-06,12.1997,46.6648,7.73728,0.338862,31.3639,0.0733958,9.34198,0.00778432,0.0733958,2.76242,0.148864,3.29336,0.0023729,0.00648652,3.12995,0.00293583,0.0143204,0.00174752,0.00568129,3.12995,0.00964318,3.0553,1.67503,0.000376416,0.0630281,0.000195722,0.00238673,7.33958e-05,0.000920808,0.0630281,2.62015,1.08365e-05,4.46238,0.0811801
2030.3750,295.883,293.755,4.64946,0.121447,3.25791,0.0100583,0.00451682,0.00168856,0.00554151,7.40795e-05,0.000157755,6.24417e-05,2.96136e-06,0.00521055,0.0188047,3.26546,0.46339,0.0153532,0.000565634,1.57497e-05,1.01689e-06,1.34652e-05,1.59484e-06,5.6654e-05,6.50642e-05,2.02473e-06,1.04934e-08,2.43889e-06,3.86587e-06,12.3402,46.7717,7.78022,0.320863,31.3508,0.135,9.43488,0.00973189,0.135,2.75989,0.15048,3.293,0.00191187,0.00604723,3.12889,0.00539999,0.0144503,0.00321428,0.00567634,3.12889,0.00973742,3.0553,1.675,0.00035317,0.0629903,0.00036,0.00240839,0.000135,0.000919963,0.0629903,3.7422,1.67666e-05,4.55995,0.144732
2030.4583,299.696,297.225,4.64269,0.0953621,2.78593,0.00767087,0.00448532,0.00128738,0.00318555,6.04656e-05,0.000139076,5.14932e-05,1.81756e-06,0.00530754,0.0259525,3.53996,0.370196,0.0112529,0.000569175,1.18237e-05,1.11171e-06,1.19029e-05,8.223e-07,4.37029e-05,4.75746e-05,1.33247e-06,5.50116e-09,1.83559e-06,2.81019e-06,12.4475,46.8553,7.81908,0.308768,31.3392,0.134827,9.41921,0.00916575,0.134827,2.75984,0.151922,3.29303,0.00174964,0.00575543,3.12793,0.0053931,0.01443,0.00321018,0.00567654,3.12793,0.00982154,3.0553,1.67496,0.000337952,0.062958,0.00035954,0.002405,0.000134827,0.000919947,0.062958,3.29548,1.29354e-05,4.62841,0.143993
2030.5417,296.167,295.509,4.6337,0.193421,2.19441,0.00936751,0.00475138,0.00211137,0.00461613,6.75532e-05,0.000148532,5.72741e-05,2.31406e-06,0.00480087,0.0149293,3.56169,0.429142,0.0141369,0.000572846,1.48845e-05,1.17657e-06,3.68083e-05,2.21545e-07,7.88652e-05,5.99392e-05,3.39664e-06,3.15861e-09,3.00422e-06,3.55767e-06,12.5563,46.9297,7.85941,0.295832,31.3228,0.134599,9.40323,0.00862204,0.134599,2.75481,0.153389,3.29249,0.00147765,0.00543289,3.12653,0.00538394,0.014409,0.00320473,0.00566639,3.12653,0.00990711,3.0553,1.67493,0.000321146,0.0629139,0.00035893,0.0024015,0.000134599,0.00091827,0.0629139,3.05299,1.60611e-05,4.69685,0.143221
2030.6250,292.8,292.731,4.62487,0.130341,2.00655,0.00755023,0.00408962,0.00157655,0.00346061,5.86012e-05,0.000133136,4.96494e-05,2.05515e-06,0.00475334,0.0142008,2.83505,0.350997,0.0111493,0.000576319,1.16521e-05,1.21815e-06,1.47069e-05,3.54087e-07,6.00207e-05,4.71803e-05,1.91872e-06,3.07637e-09,2.20557e-06,2.79014e-06,12.6594,46.9967,7.89751,0.28439,31.3043,0.134374,9.38753,0.00811851,0.134374,2.74861,0.154762,3.29214,0.00166402,0.00515632,3.12491,0.00537495,0.0143882,0.00319938,0.00565377,3.12491,0.00998703,3.0553,1.67492,0.00030693,0.0628661,0.00035833,0.00239804,0.000134374,0.000916204,0.0628661,2.365,1.28703e-05,4.76191,0.142492
2030.7083,286.877,287.35,3.77041,0.204092,0.74379,0.00442268,0.00294487,0.00263959,0.00147781,3.18063e-05,7.72537e-05,2.64592e-05,1.66991e-06,0.00420198,0.0109319,1.52602,0.303636,0.00578076,0.00922608,6.22946e-06,1.20967e-06,3.52818e-05,2.42686e-07,6.37948e-06,8.45689e-05,2.84939e-06,2.6662e-09,1.56632e-06,5.43573e-06,12.675,47.0747,7.89859,0.355039,31.2981,0.110738,9.37185,0.00764453,0.110738,2.74657,0.15449,3.2928,0.00140528,0.00694283,3.12431,0.00442874,0.0143673,0.00263662,0.00564965,3.12431,0.0099741,3.05537,1.67491,0.000401776,0.0628529,0.000295223,0.00239454,0.000110738,0.000915525,0.0628529,1.3155,7.43913e-06,4.77637,0.118382
2030.7917,280.587,281.507,0,0.203662,0,0,0.00115017,0.00322822,-0.00115017,0,0,0,0,0,0,0,0,0,0.000564039,0,1.15741e-06,1.49029e-06,1.31947e-07,-2.60254e-06,0,7.20892e-08,4.73193e-09,1.95889e-06,0,12.4311,47.1952,7.78717,0.670294,31.348,0,9.3562,0.00719809,0,2.7458,0.149007,3.29795,0.000181318,0.0147336,3.12838,0,0.0143462,0,0.00564809,3.12838,0.00967166,3.05566,1.67494,0.000827076,0.0629954,0,0.00239103,0,0.000915268,0.0629954,0.443152,1.15741e-06,4.64397,0.00719809
2030.8750,274.569,275.378,0,0.294297,0,0,0.000910717,0.00220907,-0.000910717,0,0,0,0,0,0,0,0,0,0.000563097,0,1.09126e-06,4.13417e-06,2.91717e-07,1.3576e-05,0,1.95927e-07,1.02701e-08,2.01636e-06,0,12.3814,47.0804,7.77416,0.571429,31.3784,0,9.34058,0.00677785,0,2.74918,0.148758,3.29797,0.000410365,0.0122023,3.13095,0,0.0143249,0,0.00565501,3.13095,0.00965551,3.05566,1.675,0.000692961,0.0630787,0,0.00238749,0,0.000916393,0.0630787,0.503462,1.09126e-06,4.60721,0.00677785
2030.9583,272.139,272.753,0,0.161762,0,0,0.000678379,0.00114787,-0.000678379,0,0,0,0,0,0,0,0,0,0.000562141,0,1.02798e-06,5.7389e-06,4.82538e-07,1.34894e-05,0,2.87024e-07,1.17727e-08,1.17442e-06,0,12.3375,47.0093,7.76097,0.524484,31.3894,0,9.32472,0.00637579,0,2.75787,0.148505,3.2979,0.000755938,0.0110558,3.13191,0,0.0143032,0,0.00567285,3.13191,0.00963912,3.05566,1.67505,0.000631431,0.0631072,0,0.00238387,0,0.000919291,0.0631072,0.42846,1.02798e-06,4.57654,0.00637579
2031.0417,273.345,273.615,0,0.470384,0,0,0.000796667,0.00182876,-0.000796667,0,0,0,0,0,0,0,0,0,0.000561233,0,9.70046e-07,1.25257e-05,4.89953e-07,2.17691e-05,0,6.43577e-07,8.94728e-09,2.06989e-06,0,12.2973,46.9445,7.74843,0.484451,31.3973,0,9.30966,0.00601518,0,2.76537,0.148265,3.29768,0.00105598,0.0100536,3.13262,0,0.0142825,0,0.00568816,3.13262,0.00962355,3.05566,1.67509,0.000576595,0.0631265,0,0.00238041,0,0.000921789,0.0631265,0.617329,9.70046e-07,4.5489,0.00601518
2031.1250,275.204,275.285,0,0.270147,0,0,0.000854904,0.00174877,-0.000854904,0,0,0,0,0,0,0,0,0,0.000560327,0,9.32717e-07,1.6567e-05,8.77394e-07,2.74765e-05,0,9.21563e-07,1.23612e-08,2.13521e-06,0,12.2547,46.8687,7.73592,0.441025,31.4032,0,9.29463,0.00567529,0,2.7698,0.148026,3.29732,0.00141517,0.00897971,3.1332,0,0.0142616,0,0.00569712,3.1332,0.00960801,3.05566,1.67516,0.000516109,0.0631388,0,0.00237693,0,0.000923266,0.0631388,0.834849,9.32717e-07,4.51875,0.00567529
2031.2083,285.382,284.34,0.00766026,0.211228,0.00993005,4.93152e-05,0.00122982,0.00214439,-0.0011805,1.27765e-07,2.57882e-06,1.02004e-07,7.33945e-09,0.000132093,0.00302343,0.054559,0.0126819,2.79327e-05,0.000559391,2.73559e-08,9.11662e-07,2.85009e-05,1.77202e-06,4.43926e-05,1.16022e-07,1.86508e-06,1.96827e-08,2.84276e-06,4.70621e-09,12.2043,46.7793,7.723,0.399743,31.404,0.000253484,9.27958,0.00535467,0.000253484,2.7713,0.147779,3.29668,0.00185729,0.00796698,3.13338,1.01394e-05,0.0142406,6.03533e-06,0.0057,3.13338,0.00959197,3.05566,1.67523,0.000458945,0.0631357,6.75957e-07,0.00237343,2.53484e-07,0.000923766,0.0631357,1.24373,9.39018e-07,4.48128,0.00560816
2031.2917,290.448,289.253,2.88126,0.158665,1.8789,0.00818834,0.00331805,0.00199184,0.0048703,5.34335e-05,0.000151933,4.41637e-05,3.09937e-06,0.00441094,0.023323,2.37765,0.562432,0.0124413,0.000560227,1.21551e-05,9.28691e-07,2.98821e-05,1.6968e-06,5.37474e-05,5.28079e-05,2.93719e-06,1.44381e-08,2.82796e-06,3.10764e-06,12.2173,46.7494,7.73056,0.365494,31.3974,0.0867906,9.42432,0.00865426,0.0867906,2.76925,0.148183,3.2959,0.00194908,0.00713005,3.13294,0.00347162,0.0144413,0.00206644,0.00569572,3.13294,0.00961381,3.05566,1.67528,0.000412382,0.0631119,0.000231442,0.00240688,8.67906e-05,0.000923085,0.0631119,2.58042,1.30838e-05,4.4867,0.0954448
2031.3750,294.824,293.225,4.07994,0.144552,2.95782,0.0104654,0.00449591,0.00197146,0.00596954,9.779e-05,0.000162741,8.28895e-05,3.39187e-06,0.00663136,0.0146121,3.21177,0.371873,0.0162272,0.00056486,1.69027e-05,9.9866e-07,1.84312e-05,6.07233e-07,6.10881e-05,6.84856e-05,2.12986e-06,7.51127e-09,2.86631e-06,4.08985e-06,12.3753,46.8679,7.78199,0.340953,31.3855,0.120294,9.47089,0.00952378,0.120294,2.76607,0.149961,3.29555,0.00133162,0.00653037,3.13204,0.00481175,0.0145071,0.00286414,0.00568945,3.13204,0.00971819,3.05566,1.67524,0.000379785,0.0630749,0.000320783,0.00241785,0.000120294,0.000922022,0.0630749,3.41254,1.79013e-05,4.59333,0.129817
2031.4583,297.255,296.038,4.07228,0.180311,2.84279,0.0107059,0.00495306,0.00212781,0.00575281,0.00011076,0.000162119,9.48626e-05,2.73213e-06,0.00729661,0.0147775,3.89771,0.326803,0.0166044,0.000569738,1.765e-05,1.10737e-06,2.58379e-05,3.09382e-07,7.19307e-05,6.99302e-05,2.55872e-06,4.53739e-09,3.08652e-06,4.19032e-06,12.5263,46.9783,7.83625,0.321428,31.37,0.120093,9.45507,0.00896776,0.120093,2.76057,0.15179,3.29548,0.00115888,0.00605245,3.1308,0.00480371,0.0144865,0.00285935,0.00567837,3.1308,0.00982645,3.05566,1.6752,0.000354144,0.0630296,0.000320247,0.00241441,0.000120093,0.000920189,0.0630296,3.93415,1.87574e-05,4.69006,0.129061
2031.5417,296.317,295.498,4.0645,0.159004,2.701,0.0091249,0.00464356,0.00200687,0.00448134,8.48552e-05,0.000148653,7.24948e-05,2.29304e-06,0.00611233,0.01406,3.58085,0.330119,0.0139471,0.000574567,1.48149e-05,1.1981e-06,2.42591e-05,1.51925e-07,7.24258e-05,5.88648e-05,2.66406e-06,2.98516e-09,2.86904e-06,3.50775e-06,12.6717,47.0795,7.88992,0.304498,31.3507,0.119889,9.43903,0.0084358,0.119889,2.75261,0.153586,3.29522,0.00115425,0.00563985,3.12918,0.00479556,0.0144653,0.0028545,0.00566216,3.12918,0.0099325,3.05566,1.67517,0.000332328,0.0629763,0.000319704,0.00241089,0.000119889,0.000917536,0.0629763,3.22353,1.60129e-05,4.78176,0.128325
2031.6250,293.384,293.36,4.05687,0.160775,1.74765,0.00719076,0.0041319,0.00178283,0.00305885,5.88328e-05,0.000132546,4.99738e-05,1.91536e-06,0.00498274,0.015223,2.93388,0.333578,0.0106822,0.000578086,1.12438e-05,1.23388e-06,2.36202e-05,1.89588e-07,6.6693e-05,4.51679e-05,2.80706e-06,2.37175e-09,2.50756e-06,2.66805e-06,12.7647,47.135,7.92849,0.291811,31.3324,0.119689,9.42327,0.00794314,0.119689,2.74615,0.154906,3.29491,0.00141521,0.00533241,3.1276,0.00478755,0.0144444,0.00284973,0.00564896,3.1276,0.0100096,3.05566,1.67516,0.000316247,0.062928,0.00031917,0.0024074,0.000119689,0.000915383,0.062928,2.30103,1.24776e-05,4.83617,0.127632
2031.7083,285.649,286.304,3.31129,0.204434,0.707572,0.00429055,0.00278047,0.00253728,0.00151008,3.28603e-05,7.65312e-05,2.71164e-05,1.71526e-06,0.0043982,0.0105826,1.44997,0.289931,0.00572909,0.00828282,6.17317e-06,1.22806e-06,3.02436e-05,1.60966e-07,5.46522e-06,7.79237e-05,2.40564e-06,1.87562e-09,1.53627e-06,4.99477e-06,12.7792,47.2,7.93223,0.352414,31.325,0.0986359,9.40753,0.0074794,0.0986359,2.74342,0.154731,3.29549,0.00134214,0.00686854,3.12691,0.0039443,0.0144233,0.00234847,0.00564341,3.12691,0.0100017,3.05572,1.67516,0.000397653,0.0629108,0.000262927,0.00240388,9.86359e-05,0.000914475,0.0629108,1.3545,7.40123e-06,4.84696,0.106115
2031.7917,281.15,282.069,0,0.20348,0,0,0.0012304,0.00325313,-0.0012304,0,0,0,0,0,0,0,0,0,0.000567395,0,1.17263e-06,2.15782e-06,7.70508e-08,9.60518e-07,0,1.02416e-07,3.09211e-09,2.12755e-06,0,12.5558,47.2906,7.83255,0.617746,31.3746,0,9.39182,0.0070426,0,2.74243,0.149838,3.30006,0.000189973,0.0134111,3.13098,0,0.014402,0,0.00564137,3.13098,0.00973158,3.05598,1.6752,0.000754656,0.0630517,0,0.00240033,0,0.000914144,0.0630517,0.495342,1.17263e-06,4.72329,0.0070426
2031.8750,276.396,277.068,0,0.242462,0,0,0.00105139,0.00239101,-0.00105139,0,0,0,0,0,0,0,0,0,0.000566447,0,1.11038e-06,6.67471e-06,2.36952e-07,1.97472e-05,0,3.28172e-07,8.64518e-09,2.35614e-06,0,12.5044,47.1772,7.81947,0.526793,31.4005,0,9.37614,0.00663144,0,2.74555,0.149588,3.30004,0.000528922,0.0110983,3.13318,0,0.0143806,0,0.00564774,3.13318,0.00971533,3.05598,1.67526,0.000630694,0.0631215,0,0.00239677,0,0.000915184,0.0631215,0.642345,1.11038e-06,4.68498,0.00663144
2031.9583,273.773,274.153,0,0.193785,0,0,0.000880874,0.001547,-0.000880874,0,0,0,0,0,0,0,0,0,0.000565486,0,1.04881e-06,1.03458e-05,6.27603e-07,2.10294e-05,0,5.64511e-07,1.55597e-08,1.71812e-06,0,12.4548,47.0863,7.8062,0.469589,31.4114,0,9.36023,0.00623806,0,2.75051,0.149334,3.29982,0.000982413,0.00968714,3.13416,0,0.0143588,0,0.00565785,3.13416,0.00969884,3.05598,1.67533,0.000552942,0.0631485,0,0.00239313,0,0.000916837,0.0631485,0.553125,1.04881e-06,4.64862,0.00623806
2032.0417,278.356,277.839,0,0.217865,0,0,0.00105963,0.0017917,-0.00105963,0,0,0,0,0,0,0,0,0,0.000564573,0,9.98681e-07,1.76913e-05,6.54353e-07,2.90292e-05,0,1.19312e-06,1.00868e-08,2.17076e-06,0,12.4093,47.0155,7.79359,0.433901,31.4158,0,9.34511,0.00588524,0,2.75659,0.149093,3.2995,0.00133726,0.00881047,3.13459,0,0.0143379,0,0.00567023,3.13459,0.00968318,3.05598,1.67538,0.000504621,0.0631578,0,0.00238964,0,0.000918865,0.0631578,0.714369,9.98681e-07,4.61567,0.00588524
2032.1250,280.497,280.265,0.000410939,0.225136,0.000411295,1.95611e-06,0.0010727,0.00179655,-0.00107074,0,0,0,0,0,0,0,0,0,0.000563661,0,9.66158e-07,2.42601e-05,7.88686e-07,3.87085e-05,0,1.66354e-06,8.66815e-09,2.35527e-06,0,12.3594,46.9321,7.781,0.397342,31.4163,1.3674e-05,9.33004,0.0055533,1.3674e-05,2.75908,0.148852,3.29893,0.00176887,0.007914,3.13472,5.4696e-07,0.0143169,3.25572e-07,0.00567518,3.13472,0.00966754,3.05598,1.67544,0.000454609,0.0631552,3.6464e-08,0.00238615,1.3674e-08,0.000919695,0.0631552,1.06821,9.66158e-07,4.5784,0.00556697
2032.2083,285.397,284.907,2.74737,0.180322,1.28059,0.00661247,0.00272924,0.00179778,0.00388322,4.02742e-05,0.00013588,3.26217e-05,3.10117e-06,0.00387302,0.0245831,1.42673,0.52525,0.00958956,0.000563941,8.35621e-06,9.61712e-07,2.87819e-05,1.36725e-06,4.80643e-05,4.04916e-05,2.69814e-06,1.25921e-08,2.51244e-06,2.38195e-06,12.3596,46.8965,7.7823,0.366619,31.4109,0.0828567,9.4723,0.00879323,0.0828567,2.75932,0.149073,3.2982,0.0019254,0.00716224,3.13436,0.00331427,0.0145142,0.00197278,0.00567559,3.13436,0.00967874,3.05598,1.67549,0.000413198,0.0631362,0.000220951,0.00241903,8.28567e-05,0.000919772,0.0631362,2.03027,9.31792e-06,4.57731,0.09165
2032.2917,290.447,289.421,4.14855,0.155015,2.40019,0.010191,0.00396103,0.00181294,0.00622997,8.54357e-05,0.000158142,7.15595e-05,3.9427e-06,0.00570065,0.0153305,2.36764,0.406005,0.0153144,0.000567449,1.54125e-05,1.00483e-06,2.09661e-05,7.05415e-07,5.56648e-05,6.44194e-05,2.25651e-06,8.21932e-09,2.60965e-06,3.86179e-06,12.4951,46.9973,7.82137,0.343322,31.4007,0.122088,9.5315,0.00993609,0.122088,2.75809,0.150509,3.29779,0.00143909,0.00659268,3.13358,0.00488354,0.0145976,0.00290687,0.00567339,3.13358,0.00976289,3.05598,1.67547,0.000382381,0.0631046,0.000325569,0.00243293,0.000122088,0.000919364,0.0631046,2.87475,1.64173e-05,4.67374,0.132025
2032.3750,295.305,293.905,4.14075,0.174257,2.47545,0.0109135,0.00478331,0.00205397,0.00613016,0.000109279,0.000163217,9.3209e-05,3.13531e-06,0.00703625,0.0138738,3.38172,0.327259,0.0163723,0.000572054,1.72135e-05,1.07321e-06,2.54962e-05,2.89735e-07,6.8926e-05,6.86245e-05,2.35664e-06,5.02301e-09,2.9655e-06,4.13528e-06,12.6632,47.1288,7.87329,0.324215,31.3868,0.121885,9.51558,0.00935582,0.121885,2.7546,0.152305,3.29765,0.00110309,0.00612466,3.13245,0.00487538,0.014577,0.00290201,0.00566649,3.13245,0.00986971,3.05598,1.67543,0.000357427,0.063064,0.000325026,0.0024295,0.000121885,0.000918199,0.063064,3.12969,1.82868e-05,4.78996,0.13124
2032.4583,298.028,296.454,4.13296,0.132212,3.19364,0.0105283,0.00510998,0.00187078,0.00541833,0.000113623,0.000161665,9.7574e-05,2.51732e-06,0.00766711,0.015972,3.9725,0.296407,0.0156293,0.000576961,1.65667e-05,1.15155e-06,1.44039e-05,1.94931e-07,6.6195e-05,6.53808e-05,1.71359e-06,3.60334e-09,2.6635e-06,3.94286e-06,12.8265,47.2511,7.92873,0.307454,31.369,0.121681,9.49969,0.00880961,0.121681,2.74808,0.154161,3.29755,0.0010457,0.00571568,3.13097,0.00486724,0.0145562,0.00289717,0.00565328,3.13097,0.00998055,3.05598,1.67539,0.000335855,0.0630148,0.000324483,0.00242603,0.000121681,0.000916025,0.0630148,3.64602,1.77183e-05,4.89781,0.130491
2032.5417,301.406,298.932,4.12506,0.0728193,2.40138,0.00537663,0.00445557,0.00105426,0.000921066,5.38946e-05,0.000114365,4.63677e-05,1.09577e-06,0.00581369,0.0246045,3.20235,0.220154,0.00727129,0.000580234,7.69726e-06,1.22371e-06,1.47331e-06,2.9104e-07,3.47953e-05,3.03653e-05,3.18292e-07,2.92771e-09,1.44216e-06,1.79648e-06,12.9069,47.3091,7.96504,0.297285,31.357,0.121475,9.48357,0.00828702,0.121475,2.74793,0.155405,3.29777,0.00129708,0.00547349,3.12995,0.00485898,0.0145349,0.00289225,0.00565313,3.12995,0.0100539,3.05598,1.67536,0.000323355,0.0629825,0.000323932,0.00242248,0.000121475,0.000915977,0.0629825,2.65246,8.92097e-06,4.94189,0.129762
2032.6250,293.142,293.12,4.1173,0.172224,1.79152,0.00726108,0.00413456,0.00168617,0.00312653,5.859e-05,0.000132947,4.97966e-05,1.87545e-06,0.00489678,0.0142248,2.90813,0.323576,0.0103743,0.000582337,1.08585e-05,1.25161e-06,2.52486e-05,1.85429e-07,6.24898e-05,4.36332e-05,2.75221e-06,2.15533e-09,2.34631e-06,2.59285e-06,12.9437,47.3261,7.98768,0.288877,31.3457,0.121272,9.46773,0.00780306,0.121272,2.74783,0.156228,3.29752,0.00141669,0.00526432,3.12896,0.00485087,0.0145137,0.00288742,0.00565301,3.12896,0.0101012,3.05598,1.67535,0.000312497,0.0629531,0.000323391,0.00241895,0.000121272,0.000915943,0.0629531,2.54961,1.21102e-05,4.95604,0.129075
2032.7083,288.226,288.685,3.36018,0.148379,1.10837,0.00455796,0.00312548,0.0023568,0.00143248,3.43232e-05,7.73258e-05,2.89042e-05,1.40028e-06,0.00426976,0.00961114,1.85906,0.27617,0.00581103,0.00838891,6.35902e-06,1.25332e-06,2.31245e-05,2.08109e-07,3.00196e-06,7.8775e-05,2.26652e-06,1.7421e-09,1.35068e-06,5.06304e-06,12.9576,47.3949,7.9913,0.352434,31.3388,0.0999404,9.45192,0.0073475,0.0999404,2.74606,0.156027,3.29832,0.00146106,0.00687235,3.12831,0.00399666,0.0144924,0.00237953,0.0056494,3.12831,0.0100924,3.05604,1.67534,0.000397515,0.0629374,0.00026642,0.00241541,9.99404e-05,0.000915354,0.0629374,1.54605,7.61234e-06,4.9663,0.107288
2032.7917,278.813,280.164,0,0.20162,0,0,0.00114991,0.0029126,-0.00114991,0,0,0,0,0,0,0,0,0,0.00057146,0,1.20083e-06,8.44527e-07,5.11055e-08,-2.32268e-06,0,4.98991e-08,1.39246e-09,1.744e-06,0,12.733,47.4984,7.89062,0.632809,31.386,0,9.43614,0.0069184,0,2.74663,0.151071,3.30293,0.000233726,0.0137973,3.13218,0,0.014471,0,0.00565054,3.13218,0.00981898,3.05631,1.67537,0.000775235,0.063072,0,0.00241184,0,0.000915543,0.063072,0.642902,1.20083e-06,4.84235,0.0069184
2032.8750,273.168,273.863,0,0.260974,0,0,0.000844712,0.00188698,-0.000844712,0,0,0,0,0,0,0,0,0,0.000570506,0,1.13451e-06,4.06392e-06,5.19501e-08,1.3279e-05,0,2.45013e-07,1.34658e-09,1.73997e-06,0,12.6833,47.397,7.87744,0.550722,31.4111,0,9.42038,0.00651449,0,2.75183,0.150819,3.30295,0.000479846,0.011706,3.13429,0,0.0144495,0,0.00566117,3.13429,0.00980258,3.05631,1.67543,0.000664628,0.0631408,0,0.00240824,0,0.000917275,0.0631408,0.369711,1.13451e-06,4.80586,0.00651449
2032.9583,274.513,275.017,0,0.22833,0,0,0.000776323,0.00199114,-0.000776323,0,0,0,0,0,0,0,0,0,0.000569537,0,1.0566e-06,9.65277e-06,8.08665e-08,2.08609e-05,0,5.67976e-07,1.55165e-09,2.12181e-06,0,12.6398,47.318,7.86407,0.496086,31.4236,0,9.4044,0.00612805,0,2.75851,0.150563,3.30283,0.000870116,0.0103405,3.13539,0,0.0144274,0,0.00567481,3.13539,0.00978594,3.05631,1.67548,0.000589914,0.0631729,0,0.00240457,0,0.000919503,0.0631729,0.148005,1.0566e-06,4.77568,0.00612805
2033.0417,275.168,275.633,0,0.206789,0,0,0.000867103,0.00181917,-0.000867103,0,0,0,0,0,0,0,0,0,0.000568618,0,9.95557e-07,1.50775e-05,1.96916e-07,2.64215e-05,0,9.18143e-07,2.77892e-09,2.12202e-06,0,12.5968,47.2387,7.85137,0.447779,31.4314,0,9.38921,0.00578145,0,2.76281,0.15032,3.30254,0.00128584,0.00914531,3.13611,0,0.0144064,0,0.00568352,3.13611,0.00977014,3.05631,1.67554,0.000523261,0.0631908,0,0.00240107,0,0.000920939,0.0631908,0.418947,9.95557e-07,4.74538,0.00578145
2033.1250,280.603,279.902,0,0.253947,0,0,0.00119027,0.00193733,-0.00119027,0,0,0,0,0,0,0,0,0,0.000567699,0,9.47975e-07,2.24957e-05,1.81111e-06,3.74716e-05,0,1.34164e-06,2.13608e-08,2.46616e-06,0,12.5486,47.1571,7.83869,0.40877,31.4338,0,9.37404,0.00545477,0,2.76592,0.150077,3.30206,0.00170614,0.00818947,3.1364,0,0.0143852,0,0.00568971,3.1364,0.00975436,3.05631,1.67561,0.000469828,0.0631934,0,0.00239754,0,0.000921974,0.0631934,0.955123,9.47975e-07,4.7099,0.00545477
2033.2083,286.104,285.605,0.88301,0.164702,0.601324,0.00278979,0.0018266,0.00189438,0.00096319,1.44294e-05,6.69141e-05,1.16645e-05,1.1192e-06,0.00173949,0.0149023,0.788127,0.287557,0.00385043,0.000566977,3.32244e-06,9.24975e-07,2.96032e-05,2.46485e-06,4.80978e-05,1.62249e-05,2.70273e-06,2.1548e-08,2.59755e-06,9.46037e-07,12.4998,47.0677,7.82826,0.373008,31.4296,0.0275085,9.41498,0.0064284,0.0275085,2.76531,0.149911,3.30121,0.00214046,0.00731421,3.13615,0.00110034,0.0144417,0.000654964,0.00568822,3.13615,0.00974293,3.05631,1.67568,0.000421292,0.0631771,7.3356e-05,0.00240695,2.75085e-05,0.00092177,0.0631771,1.41959,4.24741e-06,4.67153,0.0339369
2033.2917,289.086,288.098,3.95526,0.172429,2.12918,0.00994224,0.00377828,0.00181056,0.00616396,6.9742e-05,0.00015702,5.76174e-05,4.12257e-06,0.00480446,0.016627,2.09452,0.482263,0.0145792,0.000569605,1.38914e-05,9.58961e-07,2.71855e-05,1.14487e-06,5.37809e-05,6.1313e-05,2.94588e-06,1.01559e-08,2.59137e-06,3.67376e-06,12.6007,47.1347,7.8573,0.348587,31.4206,0.116965,9.58337,0.0101595,0.116965,2.7647,0.15099,3.30059,0.00171593,0.00671828,3.13548,0.00467861,0.0146759,0.00278489,0.00568715,3.13548,0.0098057,3.05631,1.67568,0.00038899,0.0631486,0.000311908,0.00244599,0.000116965,0.000921568,0.0631486,2.8902,1.48503e-05,4.74343,0.127125
2033.3750,292.915,292.099,4.10551,0.196354,2.21795,0.011194,0.00453324,0.0020468,0.00666079,9.44317e-05,0.000163687,7.98336e-05,3.50565e-06,0.00586194,0.0130716,2.98088,0.389019,0.0165469,0.000574124,1.71345e-05,1.03462e-06,2.73815e-05,3.78709e-07,6.76719e-05,6.93966e-05,2.55908e-06,5.48413e-09,2.95435e-06,4.18436e-06,12.7692,47.2655,7.90864,0.328219,31.4069,0.120963,9.576,0.00975524,0.120963,2.76112,0.152729,3.30029,0.00127877,0.00621909,3.13439,0.00483854,0.0146673,0.00288008,0.00568011,3.13439,0.00990903,3.05631,1.67564,0.000362284,0.0631082,0.000322569,0.00244454,0.000120963,0.000920374,0.0631082,3.15671,1.81691e-05,4.86058,0.130719
2033.4583,297.818,296.439,4.0978,0.177478,2.76641,0.0102844,0.00516566,0.00218753,0.00511871,8.48769e-05,0.000159998,7.23949e-05,2.42056e-06,0.00584933,0.0188306,3.951,0.382521,0.014873,0.000578883,1.56335e-05,1.11601e-06,2.86177e-05,1.9289e-07,7.73622e-05,6.23765e-05,2.87987e-06,3.86987e-09,3.12236e-06,3.74963e-06,12.9309,47.3841,7.96279,0.310333,31.3888,0.120761,9.56001,0.00918571,0.120761,2.75406,0.154509,3.30003,0.00118886,0.00578184,3.13288,0.00483046,0.0146465,0.00287527,0.00566582,3.13288,0.0100151,3.05631,1.67561,0.000339199,0.0630575,0.00032203,0.00244108,0.000120761,0.000918019,0.0630575,3.58637,1.67495e-05,4.9681,0.129947
2033.5417,296.895,296.255,4.08997,0.191449,2.48247,0.00945652,0.00498295,0.00217049,0.00447357,6.56396e-05,0.000149131,5.57884e-05,2.08648e-06,0.00455535,0.0139695,3.76955,0.420348,0.0135547,0.000583179,1.42145e-05,1.19733e-06,3.32002e-05,1.67139e-07,8.11499e-05,5.70251e-05,3.05899e-06,3.11584e-09,3.04736e-06,3.41477e-06,13.0583,47.4651,8.01147,0.294784,31.3674,0.120556,9.54378,0.00864082,0.120556,2.74456,0.156098,3.29956,0.00136692,0.00540365,3.13105,0.00482226,0.0146251,0.00287039,0.00564644,3.13105,0.0101091,3.05631,1.67559,0.000319407,0.0630006,0.000321484,0.00243752,0.000120556,0.000914853,0.0630006,3.24265,1.54118e-05,5.04684,0.129197
2033.6250,292.639,292.71,4.08229,0.182708,1.82373,0.00746868,0.0041947,0.00182141,0.00327397,4.88357e-05,0.000133257,4.11928e-05,1.90954e-06,0.0039344,0.0137181,2.83064,0.396636,0.0104922,0.000586708,1.08691e-05,1.24393e-06,3.20452e-05,2.39618e-07,7.00068e-05,4.41595e-05,3.12451e-06,3.22493e-09,2.51148e-06,2.62678e-06,13.1593,47.5272,8.05114,0.283062,31.3476,0.120355,9.52784,0.00813619,0.120355,2.7372,0.1574,3.299,0.00154425,0.00512109,3.1293,0.00481421,0.014604,0.0028656,0.0056314,3.1293,0.0101856,3.05631,1.67558,0.000304812,0.06295,0.000320947,0.002434,0.000120355,0.0009124,0.06295,2.46514,1.21131e-05,5.10817,0.128491
2033.7083,285.158,285.874,3.33185,0.208054,0.681443,0.004188,0.00281615,0.00256562,0.00137186,2.5444e-05,7.60883e-05,2.0963e-05,1.56204e-06,0.00355485,0.0107676,1.43111,0.345999,0.00527135,0.0083342,5.46476e-06,1.23886e-06,3.03146e-05,3.008e-07,3.42896e-06,7.58198e-05,2.4143e-06,3.97398e-09,1.45043e-06,4.87949e-06,13.172,47.5895,8.05402,0.344935,31.3389,0.099185,9.51193,0.00766118,0.099185,2.7337,0.157153,3.2994,0.00146895,0.00669009,3.12847,0.00396642,0.0145827,0.00236155,0.00562425,3.12847,0.0101739,3.05636,1.67559,0.000388163,0.0629307,0.000264403,0.00243045,9.9185e-05,0.000911233,0.0629307,1.34205,6.70362e-06,5.11797,0.106846
2033.7917,279.225,280.406,0,0.181964,0,0,0.00120524,0.00291055,-0.00120524,0,0,0,0,0,0,0,0,0,0.000575737,0,1.1795e-06,1.76694e-06,3.57065e-07,-3.39083e-07,0,1.00174e-07,9.79909e-09,1.81174e-06,0,12.9461,47.6854,7.95301,0.616575,31.3886,0,9.49605,0.00721376,0,2.73408,0.1522,3.30401,0.000244965,0.0134065,3.13253,0,0.0145612,0,0.00562505,3.13253,0.00990041,3.05663,1.67562,0.000755028,0.0630725,0,0.00242687,0,0.000911362,0.0630725,0.393021,1.1795e-06,4.99309,0.00721376
2033.8750,273.219,274.148,0,0.33203,0,0,0.000923663,0.00193915,-0.000923663,0,0,0,0,0,0,0,0,0,0.000574776,0,1.10841e-06,4.7517e-06,3.11527e-07,1.41262e-05,0,2.88896e-07,8.27725e-09,1.81142e-06,0,12.8949,47.5846,7.93973,0.537808,31.4124,0,9.48019,0.00679261,0,2.7395,0.151946,3.30401,0.000498526,0.0113984,3.13453,0,0.0145396,0,0.00563615,3.13453,0.00988387,3.05663,1.67567,0.000648374,0.0631379,0,0.00242327,0,0.000913166,0.0631379,0.448704,1.10841e-06,4.95516,0.00679261
2033.9583,274.631,275.278,0,0.194616,0,0,0.000857816,0.00196472,-0.000857816,0,0,0,0,0,0,0,0,0,0.0005738,0,1.03742e-06,1.07176e-05,3.05166e-07,2.22228e-05,0,6.20049e-07,6.26e-09,2.10513e-06,0,12.8478,47.4985,7.92625,0.480317,31.4251,0,9.4641,0.00638968,0,2.7453,0.151688,3.30385,0.000903753,0.00995881,3.13565,0,0.0145176,0,0.005648,3.13565,0.0098671,3.05663,1.67573,0.000568989,0.0631707,0,0.00241959,0,0.000915099,0.0631707,0.399503,1.03742e-06,4.9215,0.00638968
2034.0417,275.23,275.718,0,0.162115,0,0,0.000752686,0.00165397,-0.000752686,0,0,0,0,0,0,0,0,0,0.000572873,0,9.80863e-07,1.24041e-05,6.90341e-07,2.49979e-05,0,1.00927e-06,9.46139e-09,1.93066e-06,0,12.804,47.4219,7.91345,0.436034,31.4318,0,9.44882,0.00602828,0,2.75006,0.151443,3.30355,0.00131633,0.00886695,3.13627,0,0.0144965,0,0.00565767,3.13627,0.00985116,3.05663,1.67579,0.000508064,0.063186,0,0.00241608,0,0.000916686,0.063186,0.513882,9.80863e-07,4.89054,0.00602828
2034.1250,277.637,277.48,0,0.232047,0,0,0.00108826,0.00170959,-0.00108826,0,0,0,0,0,0,0,0,0,0.000571948,0,9.39668e-07,2.18298e-05,1.1608e-06,3.35937e-05,0,1.37096e-06,1.19875e-08,2.16178e-06,0,12.7587,47.3487,7.90067,0.401883,31.4337,0,9.43356,0.00568765,0,2.75437,0.151199,3.30309,0.00169774,0.0080302,3.1365,0,0.0144752,0,0.00566636,3.1365,0.00983525,3.05663,1.67585,0.000461333,0.0631882,0,0.00241254,0,0.000918123,0.0631882,0.934031,9.39668e-07,4.85808,0.00568765
2034.2083,284.472,283.685,0.790628,0.192371,0.453538,0.00246902,0.00187201,0.00179486,0.000597014,1.24087e-05,6.21792e-05,1.00996e-05,8.81913e-07,0.0016455,0.0169872,0.894799,0.268582,0.00331947,0.000571181,2.95101e-06,9.30468e-07,2.87339e-05,2.251e-06,4.48578e-05,1.39684e-05,2.50576e-06,1.8213e-08,2.43696e-06,8.11985e-07,12.7103,47.2684,7.8897,0.371305,31.4305,0.0250603,9.47309,0.00661852,0.0250603,2.75626,0.151013,3.30238,0.00209886,0.00728073,3.13631,0.00100241,0.0145299,0.000596673,0.00567006,3.13631,0.00982265,3.05663,1.67591,0.00041987,0.0631757,6.68273e-05,0.00242164,2.50603e-05,0.000918754,0.0631757,1.71507,3.88148e-06,4.8206,0.0316788
2034.2917,288.056,287.268,3.85473,0.172905,2.25518,0.0101745,0.00378767,0.00179668,0.0063868,6.9669e-05,0.000158404,5.73689e-05,4.32971e-06,0.00465122,0.0149317,1.94339,0.503913,0.0148989,0.000573837,1.39744e-05,9.71818e-07,2.53899e-05,1.10568e-06,5.34383e-05,6.26168e-05,2.46468e-06,1.07682e-08,2.55078e-06,3.75826e-06,12.8023,47.3257,7.91916,0.346149,31.4217,0.114297,9.65423,0.010627,0.114297,2.75556,0.152041,3.30173,0.00171135,0.00666527,3.13564,0.00457188,0.0147818,0.00272136,0.00566881,3.13564,0.00988239,3.05663,1.67591,0.000386366,0.0631478,0.000304792,0.00246364,0.000114297,0.00091852,0.0631478,2.8807,1.49462e-05,4.88317,0.124924
2034.3750,295.108,293.051,4.02343,0.122602,3.0671,0.0105274,0.00474064,0.00169334,0.00578681,9.91628e-05,0.00016085,8.43471e-05,3.10746e-06,0.00661175,0.0173346,3.1678,0.338258,0.015283,0.000578561,1.5859e-05,1.04972e-06,1.26297e-05,5.99379e-07,5.46619e-05,6.38488e-05,1.50679e-06,6.99888e-09,2.42084e-06,3.85756e-06,12.9691,47.4594,7.97306,0.327013,31.4094,0.118811,9.64849,0.0102339,0.118811,2.75384,0.153767,3.3016,0.00130202,0.00619763,3.13466,0.00475243,0.0147756,0.00282883,0.00566566,3.13466,0.00998516,3.05663,1.67587,0.00036136,0.063112,0.000316829,0.0024626,0.000118811,0.000917945,0.063112,3.53148,1.69087e-05,4.99606,0.129045
2034.4583,299.973,297.362,4.01589,0.106573,2.63334,0.00730484,0.00469711,0.00125822,0.00260773,7.49327e-05,0.000141853,6.43501e-05,1.65559e-06,0.00698973,0.0288061,3.61934,0.268172,0.010108,0.000582167,1.06251e-05,1.13061e-06,4.78827e-06,4.4315e-07,3.79311e-05,4.20648e-05,8.3211e-07,4.44625e-09,1.73865e-06,2.51829e-06,13.0679,47.5381,8.01377,0.314783,31.4,0.118612,9.63238,0.00963644,0.118612,2.75537,0.155074,3.30182,0.00127268,0.00590156,3.1339,0.00474449,0.0147548,0.0028241,0.00566914,3.1339,0.0100627,3.05663,1.67583,0.000345808,0.0630849,0.000316299,0.00245913,0.000118612,0.000918458,0.0630849,3.17472,1.17557e-05,5.05415,0.128249
2034.5417,298.162,297.139,4.00823,0.144868,2.71604,0.00866578,0.00506564,0.00181383,0.00360014,7.91867e-05,0.000148412,6.7883e-05,1.88142e-06,0.00602237,0.0151939,3.81345,0.308746,0.0122253,0.000585623,1.28664e-05,1.20679e-06,1.77873e-05,2.35057e-07,6.36959e-05,5.10681e-05,2.36917e-06,2.93577e-09,2.55222e-06,3.06788e-06,13.1523,47.5958,8.05266,0.303091,31.3875,0.118411,9.61603,0.00906481,0.118411,2.75299,0.156317,3.30171,0.00126892,0.00560982,3.13285,0.00473644,0.0147335,0.00281931,0.00566446,3.13285,0.010136,3.05663,1.67581,0.000330188,0.0630501,0.000315763,0.00245558,0.000118411,0.000917663,0.0630501,3.38756,1.40732e-05,5.0996,0.127476
2034.6250,291.672,291.917,4.00072,0.177093,1.73584,0.00734087,0.00406084,0.00175897,0.00328002,5.30913e-05,0.000133583,4.48794e-05,1.9733e-06,0.00436322,0.0141432,2.69177,0.355231,0.0102626,0.000588839,1.06274e-05,1.24955e-06,2.9622e-05,1.58986e-07,6.54115e-05,4.30571e-05,2.87799e-06,2.05585e-09,2.45072e-06,2.56714e-06,13.2331,47.643,8.08876,0.291726,31.3705,0.118213,9.59997,0.00853542,0.118213,2.74766,0.157472,3.3013,0.00145061,0.00533231,3.13139,0.00472853,0.0147123,0.0028146,0.00565364,3.13139,0.0102038,3.05663,1.6758,0.000315575,0.0630055,0.000315235,0.00245205,0.000118213,0.000915886,0.0630055,2.36147,1.1877e-05,5.14431,0.126749
2034.7083,287.176,287.556,3.26584,0.134989,1.10172,0.00466167,0.00312976,0.00227417,0.00153191,3.44317e-05,7.827e-05,2.88559e-05,1.56476e-06,0.00405143,0.00937918,1.65163,0.2784,0.00588276,0.00819871,6.32323e-06,1.24435e-06,1.93161e-05,2.12679e-07,9.55908e-07,7.76269e-05,2.47013e-06,1.70791e-09,1.27376e-06,4.99269e-06,13.2536,47.7172,8.0947,0.353437,31.3636,0.0974199,9.58394,0.00803711,0.0974199,2.74654,0.157294,3.30208,0.00150511,0.00689639,3.13074,0.00389582,0.0146909,0.00231952,0.00565144,3.13074,0.0101965,3.05668,1.67579,0.000398497,0.0629894,0.00025969,0.00244849,9.74199e-05,0.000915514,0.0629894,1.39929,7.56758e-06,5.15895,0.105457
2034.7917,282.596,283.444,0,0.180982,0,0,0.00147301,0.00324906,-0.00147301,0,0,0,0,0,0,0,0,0,0.000578458,0,1.18733e-06,1.2976e-06,6.10753e-08,-2.33796e-06,0,8.77745e-08,1.44051e-09,2.03112e-06,0,13.0279,47.8079,7.99705,0.619699,31.413,0,9.56794,0.00756773,0,2.7473,0.152465,3.30666,0.000276915,0.0134701,3.1348,0,0.0146695,0,0.00565303,3.1348,0.00993005,3.05694,1.67582,0.000757681,0.0631294,0,0.00244491,0,0.000915766,0.0631294,0.485236,1.18733e-06,5.03089,0.00756773
2034.8750,274.298,275.238,0,0.190907,0,0,0.00105181,0.00190784,-0.00105181,0,0,0,0,0,0,0,0,0,0.000577492,0,1.11831e-06,4.62744e-06,5.84647e-08,1.50794e-05,0,2.48292e-07,1.31334e-09,1.81314e-06,0,12.9711,47.6909,7.9837,0.529582,31.4392,0,9.55196,0.00712591,0,2.75098,0.152211,3.30666,0.00059341,0.0111748,3.13702,0,0.0146478,0,0.0056606,3.13702,0.00991347,3.05694,1.67588,0.000634882,0.0632004,0,0.0024413,0,0.000916994,0.0632004,0.437122,1.11831e-06,4.98744,0.00712591
2034.9583,274.298,274.652,0,0.286962,0,0,0.00102967,0.00178909,-0.00102967,0,0,0,0,0,0,0,0,0,0.000576512,0,1.05387e-06,1.01553e-05,8.44041e-08,2.07345e-05,0,5.29035e-07,1.41547e-09,1.93358e-06,0,12.9193,47.61,7.97015,0.48275,31.4493,0,9.53575,0.00670321,0,2.7587,0.151952,3.30653,0.000970274,0.0100155,3.13791,0,0.0146257,0,0.00567645,3.13791,0.00989665,3.05695,1.67594,0.000571649,0.0632261,0,0.00243762,0,0.000919568,0.0632261,0.558446,1.05387e-06,4.94914,0.00670321
2035.0417,273.582,273.87,0,0.325066,0,0,0.000959117,0.00154271,-0.000959117,0,0,0,0,0,0,0,0,0,0.000575581,0,1.00738e-06,1.35135e-05,2.87743e-07,2.40903e-05,0,7.05561e-07,3.5935e-09,1.81315e-06,0,12.8707,47.5311,7.95728,0.440786,31.4554,0,9.52035,0.00632408,0,2.76424,0.151707,3.30624,0.00137589,0.00898163,3.13849,0,0.0146045,0,0.00568775,3.13849,0.00988066,3.05695,1.67599,0.000514352,0.0632399,0,0.00243409,0,0.000921415,0.0632399,0.868188,1.00738e-06,4.91341,0.00632408
2035.1250,276.601,276.316,0,0.386528,0,0,0.00100425,0.00157661,-0.00100425,0,0,0,0,0,0,0,0,0,0.000574651,0,9.7474e-07,1.75794e-05,1.18112e-06,3.02017e-05,0,1.24459e-06,1.08537e-08,1.99585e-06,0,12.824,47.4608,7.94442,0.409548,31.4573,0,9.50497,0.00596674,0,2.7699,0.151462,3.30585,0.00175585,0.00821573,3.13871,0,0.0145833,0,0.00569923,3.13871,0.0098647,3.05695,1.67604,0.000471914,0.0632421,0,0.00243054,0,0.000923299,0.0632421,1.00008,9.7474e-07,4.87961,0.00596674
2035.2083,286.102,285.196,0.26853,0.179426,0.191715,0.00111146,0.00163622,0.00193925,-0.000524761,5.45023e-06,3.46266e-05,4.38569e-06,4.28957e-07,0.00103094,0.0129238,0.407845,0.161545,0.00149253,0.000573746,1.24031e-06,9.49035e-07,2.90219e-05,1.75809e-06,4.6998e-05,6.31575e-06,2.65777e-06,1.19329e-08,2.63692e-06,3.57133e-07,12.7681,47.3712,7.93179,0.37696,31.4545,0.00940476,9.51081,0.00611624,0.00940476,2.77155,0.151225,3.30514,0.00222747,0.00741392,3.13857,0.00037619,0.0145912,0.000223923,0.00570243,3.13857,0.00984914,3.05695,1.67611,0.000427318,0.0632301,2.50794e-05,0.00243187,9.40476e-06,0.00092385,0.0632301,1.28902,2.18934e-06,4.83636,0.015521
2035.2917,291.039,289.437,3.37631,0.154921,2.08057,0.00836747,0.00390118,0.00188982,0.00446628,4.95307e-05,0.000149123,4.07107e-05,3.14135e-06,0.0040333,0.0226955,2.26649,0.574453,0.0124721,0.000575961,1.17004e-05,9.66605e-07,2.71203e-05,1.23132e-06,5.52489e-05,5.28596e-05,3.0943e-06,8.11891e-09,2.70118e-06,3.12295e-06,12.8115,47.3786,7.95548,0.350592,31.4458,0.101254,9.70696,0.0105112,0.101254,2.77066,0.151949,3.30444,0.00209224,0.00676826,3.13793,0.00405017,0.0148637,0.00241081,0.0057007,3.13793,0.00988986,3.05695,1.67614,0.000392011,0.063202,0.000270011,0.00247729,0.000101254,0.000923552,0.063202,2.55815,1.2667e-05,4.85604,0.111765
2035.3750,296.511,295.014,3.82047,0.182731,2.43018,0.0100497,0.00502625,0.00221509,0.00502344,6.81919e-05,0.000158615,5.74481e-05,2.73871e-06,0.00472538,0.0163576,3.51905,0.492113,0.0151362,0.000580763,1.56304e-05,1.03725e-06,3.45437e-05,6.04286e-07,7.30686e-05,6.40609e-05,3.32625e-06,5.08903e-09,3.20913e-06,3.81276e-06,12.9305,47.4584,8.0093,0.329199,31.4319,0.113447,9.71929,0.0105247,0.113447,2.76683,0.153477,3.304,0.00175482,0.00624321,3.13683,0.0045379,0.0148826,0.00270113,0.00569322,3.13683,0.00997916,3.05695,1.67612,0.000363779,0.0631607,0.000302526,0.00248043,0.000113447,0.000922277,0.0631607,3.38321,1.66677e-05,4.92121,0.123972
2035.4583,297.12,296.316,3.81334,0.207639,2.49074,0.0111514,0.00532784,0.00233604,0.0058236,7.55996e-05,0.000162704,6.40172e-05,2.65628e-06,0.00475593,0.0145027,4.03993,0.501219,0.0169939,0.000586491,1.78458e-05,1.13114e-06,3.78316e-05,2.41502e-07,8.36305e-05,7.19705e-05,3.26477e-06,3.83409e-09,3.34964e-06,4.29694e-06,13.0735,47.551,8.07389,0.309207,31.4111,0.113258,9.70306,0.00991026,0.113258,2.75721,0.15531,3.30336,0.00151606,0.00575386,3.13511,0.00453032,0.0148617,0.00269662,0.00567372,3.13511,0.010087,3.05695,1.67609,0.000337846,0.0631024,0.000302021,0.00247695,0.000113258,0.000919069,0.0631024,3.68997,1.8977e-05,4.99958,0.123168
2035.5417,296.741,296.156,3.80611,0.176505,2.67037,0.00933094,0.00496613,0.0021221,0.00436481,6.54489e-05,0.000149189,5.55502e-05,2.15889e-06,0.004603,0.0142073,3.77871,0.436632,0.0139693,0.000591992,1.47064e-05,1.21723e-06,3.41474e-05,3.002e-07,7.97234e-05,5.91071e-05,3.22041e-06,4.72997e-09,2.98577e-06,3.51764e-06,13.2098,47.6401,8.13582,0.293569,31.3891,0.113066,9.68659,0.00932239,0.113066,2.74767,0.157087,3.30281,0.00147659,0.00537392,3.13322,0.00452263,0.0148403,0.00269204,0.00565431,3.13322,0.0101916,3.05695,1.67607,0.000318006,0.063044,0.000301509,0.00247338,0.000113066,0.000915889,0.063044,3.35174,1.59236e-05,5.07396,0.122388
2035.6250,293.178,293.089,3.79901,0.177648,1.70552,0.00715724,0.0042611,0.00180063,0.00289614,5.04126e-05,0.000132784,4.26041e-05,1.87695e-06,0.00427312,0.0152136,2.89999,0.38396,0.0104389,0.00059602,1.08854e-05,1.2594e-06,3.08697e-05,4.10222e-07,6.91886e-05,4.41315e-05,3.16056e-06,4.60974e-09,2.48556e-06,2.60801e-06,13.3017,47.695,8.18063,0.282324,31.3698,0.112877,9.67041,0.00877795,0.112877,2.74118,0.15841,3.30228,0.00160456,0.00510269,3.13152,0.00451508,0.014819,0.00268755,0.00564112,3.13152,0.0102686,3.05695,1.67606,0.000304005,0.0629948,0.000301005,0.00246984,0.000112877,0.000913727,0.0629948,2.33275,1.21448e-05,5.12106,0.121655
2035.7083,286.409,287.136,3.10253,0.19969,0.786684,0.00432991,0.00297439,0.00260958,0.00135552,2.66876e-05,7.7874e-05,2.21092e-05,1.49498e-06,0.00358203,0.0105953,1.63885,0.351344,0.00566591,0.00786265,6.058e-06,1.24824e-06,3.20602e-05,5.49876e-07,6.67871e-06,7.46028e-05,2.63185e-06,7.09821e-09,1.54134e-06,4.77538e-06,13.3122,47.7487,8.18895,0.339338,31.36,0.0930222,9.65427,0.00826548,0.0930222,2.73709,0.158275,3.30257,0.00151958,0.00654904,3.13059,0.00371992,0.0147976,0.00221481,0.0056328,3.13059,0.0102629,3.057,1.67606,0.000380702,0.0629727,0.000247968,0.00246627,9.30222e-05,0.000912362,0.0629727,1.28151,7.30625e-06,5.12328,0.101288
2035.7917,278.699,279.765,0,0.200809,0,0,0.00122726,0.00285253,-0.00122726,0,0,0,0,0,0,0,0,0,0.000586387,0,1.19446e-06,1.76289e-06,5.11114e-07,1.67067e-06,0,1.06221e-07,1.15507e-08,1.83895e-06,0,13.0988,47.8337,8.09536,0.588895,31.4083,0,9.63814,0.00778277,0,2.73768,0.153651,3.30686,0.000301974,0.012727,3.13454,0,0.014776,0,0.00563408,3.13454,0.0100074,3.05725,1.67609,0.000717612,0.0631103,0,0.00246267,0,0.00091256,0.0631103,0.696745,1.19446e-06,5.00342,0.00778277
2035.8750,272.735,273.951,0,0.288507,0,0,0.000940421,0.0017883,-0.000940421,0,0,0,0,0,0,0,0,0,0.000585408,0,1.12662e-06,5.30771e-06,4.43758e-07,1.5816e-05,0,2.86748e-07,9.89156e-09,1.705e-06,0,13.0465,47.7321,8.08185,0.512251,31.4304,0,9.62205,0.00732839,0,2.74289,0.153395,3.30682,0.000612634,0.0107727,3.1364,0,0.0147543,0,0.0056448,3.1364,0.00999071,3.05725,1.67614,0.000613485,0.063171,0,0.00245905,0,0.000914296,0.063171,0.457683,1.12662e-06,4.96467,0.00732839
2035.9583,271.865,272.43,0,0.0954523,0,0,0.000831712,0.000726483,-0.000831712,0,0,0,0,0,0,0,0,0,0.000584414,0,1.0609e-06,1.20807e-06,5.95813e-07,8.86718e-06,0,6.09985e-08,9.30954e-09,7.25471e-07,0,12.9994,47.6732,8.06813,0.482942,31.437,0,9.60572,0.00689368,0,2.75388,0.153134,3.30679,0.000953437,0.0100767,3.13696,0,0.0147321,0,0.00566741,3.13696,0.00997375,3.05725,1.67617,0.000576471,0.0631883,0,0.00245535,0,0.000917961,0.0631883,0.322847,1.0609e-06,4.93125,0.00689368
2036.0417,272.735,272.87,0,0.110627,0,0,0.000918406,0.00103856,-0.000918406,0,0,0,0,0,0,0,0,0,0.00058347,0,9.99208e-07,2.70086e-06,6.00745e-07,1.40656e-05,0,1.38028e-07,6.15786e-09,1.13473e-06,0,12.9543,47.6213,8.0551,0.459552,31.4425,0,9.5902,0.00650378,0,2.76486,0.152887,3.30676,0.00126194,0.00948387,3.13744,0,0.0147108,0,0.00568992,3.13744,0.00995764,3.05725,1.6762,0.000544951,0.063203,0,0.0024518,0,0.000921619,0.063203,0.674068,9.99208e-07,4.89923,0.00650378
2036.1250,275.897,275.497,0,0.104597,0,0,0.00098384,0.0014101,-0.00098384,0,0,0,0,0,0,0,0,0,0.000582528,0,9.60094e-07,1.06197e-05,5.64351e-07,2.27209e-05,0,7.52186e-07,4.34085e-09,1.66514e-06,0,12.9075,47.5632,8.04209,0.435136,31.4461,0,9.57472,0.00613628,0,2.77443,0.15264,3.30659,0.00160021,0.00887865,3.13777,0,0.0146894,0,0.0057095,3.13777,0.00994156,3.05725,1.67624,0.000512239,0.063212,0,0.00244824,0,0.000924809,0.063212,0.75639,9.60094e-07,4.86538,0.00613628
2036.2083,286.032,284.923,0,0.189775,0,0,0.0013731,0.00219417,-0.0013731,0,0,0,0,0,0,0,0,0,0.000581555,0,9.27039e-07,2.47223e-05,6.05533e-07,4.41491e-05,0,2.06698e-06,3.63258e-09,2.81139e-06,0,12.8518,47.4708,8.02866,0.392946,31.4488,0,9.55873,0.00577792,0,2.77726,0.152385,3.3061,0.00211818,0.00781963,3.13806,0,0.0146672,0,0.00571512,3.13806,0.00992496,3.05725,1.67631,0.00045247,0.0632159,0,0.00244454,0,0.000925752,0.0632159,1.05595,9.27039e-07,4.82311,0.00577792
2036.2917,291.872,290.602,2.4168,0.163471,1.7017,0.00746782,0.00344413,0.00214769,0.00402369,3.8554e-05,0.000132696,3.16766e-05,2.42646e-06,0.00311339,0.0192206,2.30007,0.582895,0.0111587,0.000582161,1.07403e-05,9.343e-07,3.42474e-05,8.80862e-07,5.8046e-05,4.74168e-05,3.74132e-06,4.64273e-09,2.98599e-06,2.79529e-06,12.8419,47.4146,8.03359,0.35535,31.4427,0.0729103,9.70258,0.00905635,0.0729103,2.77462,0.152642,3.30531,0.00242135,0.00689256,3.13764,0.00291641,0.0148667,0.00173596,0.00570959,3.13764,0.00993828,3.05725,1.67637,0.000400528,0.0631944,0.000194428,0.00247778,7.29103e-05,0.000924874,0.0631944,2.51175,1.16746e-05,4.80834,0.0819667
2036.3750,296.284,294.245,4.2743,0.12261,2.92375,0.010271,0.00495104,0.001787,0.00531996,7.09031e-05,0.000155952,5.97491e-05,2.84005e-06,0.00479932,0.0186977,3.33668,0.484691,0.0153877,0.000587031,1.57725e-05,1.01314e-06,1.09975e-05,7.17099e-07,5.49486e-05,6.51504e-05,1.72723e-06,4.30892e-09,2.55363e-06,3.88189e-06,12.9784,47.513,8.08812,0.331256,31.4312,0.125361,9.80162,0.0110767,0.125361,2.77212,0.154281,3.30502,0.00198508,0.00630145,3.13675,0.00501445,0.0150056,0.00298479,0.00570483,3.13675,0.0100341,3.05725,1.67634,0.000368274,0.0631597,0.000334297,0.00250093,0.000125361,0.000924041,0.0631597,3.28793,1.67856e-05,4.89028,0.136438
2036.4583,298.905,297.117,4.2667,0.125784,3.10356,0.0101185,0.00529627,0.00169741,0.00482223,8.22328e-05,0.000158656,7.01154e-05,2.36969e-06,0.00580962,0.0195655,4.01413,0.402064,0.015085,0.000592236,1.58595e-05,1.09867e-06,1.38296e-05,4.74555e-07,5.5408e-05,6.36798e-05,2.19741e-06,3.28598e-09,2.41943e-06,3.8005e-06,13.1132,47.6163,8.14655,0.314818,31.4185,0.125164,9.78528,0.0104306,0.125164,2.76978,0.156026,3.30506,0.00170882,0.00589698,3.13573,0.00500656,0.0149847,0.00298009,0.00570039,3.13573,0.0101368,3.05725,1.67629,0.000346487,0.063123,0.00033377,0.00249746,0.000125164,0.00092326,0.063123,3.69251,1.69581e-05,4.96667,0.135595
2036.5417,299.158,297.806,4.25851,0.119164,2.81061,0.00788066,0.00494706,0.00156328,0.0029336,6.49693e-05,0.000143399,5.55376e-05,1.71496e-06,0.00556868,0.021878,3.86455,0.351169,0.011397,0.000596712,1.20332e-05,1.18726e-06,9.30016e-06,3.17609e-07,5.28266e-05,4.80465e-05,1.54254e-06,2.5187e-09,2.1888e-06,2.84818e-06,13.2173,47.6922,8.19646,0.302561,31.4053,0.124951,9.76867,0.00981188,0.124951,2.76707,0.157538,3.30504,0.00159382,0.00559498,3.13462,0.00499806,0.0149633,0.00297503,0.00569511,3.13462,0.0102254,3.05725,1.67626,0.000330194,0.063086,0.000333204,0.00249389,0.000124951,0.000922356,0.063086,3.30403,1.32204e-05,5.02083,0.134763
2036.6250,295.666,295.082,4.25048,0.0682247,1.35771,0.00371121,0.0035434,0.000853266,0.00016781,2.464e-05,0.000104315,2.09559e-05,7.70198e-07,0.00403784,0.0319899,2.75188,0.30375,0.00468476,0.000598856,4.89132e-06,1.21116e-06,1.42078e-06,3.31633e-07,2.74859e-05,1.97324e-05,3.10358e-07,2.0569e-09,1.15634e-06,1.12562e-06,13.2409,47.7012,8.2193,0.295273,31.396,0.124743,9.75236,0.00923886,0.124743,2.76905,0.158296,3.3051,0.00185459,0.00542149,3.13383,0.00498971,0.014942,0.00297007,0.00569943,3.13383,0.0102682,3.05725,1.67625,0.000320947,0.0630611,0.000332647,0.00249034,0.000124743,0.000923017,0.0630611,1.53836,6.10248e-06,5.02163,0.133982
2036.7083,288.571,288.917,3.46789,0.1102,0.790829,0.00314598,0.00280808,0.00183753,0.000337902,2.12989e-05,6.64007e-05,1.79024e-05,9.04829e-07,0.00404343,0.0146314,1.92491,0.294034,0.00350304,0.00862734,4.09831e-06,1.1808e-06,1.50499e-05,2.84794e-07,-1.46129e-05,7.11779e-05,1.81856e-06,1.70291e-09,8.36249e-07,4.60249e-06,13.1871,47.7257,8.20499,0.366521,31.3969,0.102801,9.73607,0.00869947,0.102801,2.77524,0.157514,3.30608,0.00174155,0.00721831,3.13389,0.00411117,0.0149206,0.00244764,0.00571234,3.13389,0.0102238,3.05731,1.67625,0.000416071,0.0630644,0.000274055,0.00248676,0.000102801,0.000925079,0.0630644,1.14143,5.2791e-06,4.98207,0.1115
2036.7917,279.337,280.589,0,0.154196,0,0,0.00117137,0.00256622,-0.00117137,0,0,0,0,0,0,0,0,0,0.000585845,0,1.12187e-06,8.02726e-08,7.90297e-08,-9.61931e-06,0,8.39605e-09,1.41678e-09,1.41304e-06,0,12.9423,47.8357,8.09792,0.669259,31.4445,0,9.71982,0.00819142,0,2.77969,0.152306,3.31089,0.000331892,0.0147071,3.13783,0,0.014899,0,0.00572162,3.13783,0.00993572,3.05758,1.67627,0.000823141,0.0631982,0,0.00248316,0,0.000926565,0.0631982,0.336829,1.12187e-06,4.84434,0.00819142
2036.8750,275.076,276.125,0,0.272117,0,0,0.000991725,0.00257479,-0.000991725,0,0,0,0,0,0,0,0,0,0.000584866,0,1.05859e-06,3.4878e-06,5.08861e-08,1.1757e-05,0,1.7071e-07,1.11932e-09,2.29402e-06,0,12.89,47.7248,8.0844,0.575372,31.4751,0,9.70359,0.00771319,0,2.7844,0.152052,3.31094,0.000451406,0.0122922,3.14041,0,0.0148772,0,0.00573136,3.14041,0.00991913,3.05758,1.67633,0.000694508,0.0632813,0,0.00247953,0,0.000928135,0.0632813,0.660773,1.05859e-06,4.80557,0.00771319
2036.9583,271.821,272.617,0,0.122795,0,0,0.000826947,0.00114659,-0.000826947,0,0,0,0,0,0,0,0,0,0.000583874,0,1.00873e-06,5.4246e-06,6.39412e-08,1.25176e-05,0,2.69677e-07,1.20684e-09,1.15898e-06,0,12.8429,47.647,8.07067,0.523183,31.4879,0,9.68712,0.00725564,0,2.79302,0.151793,3.31088,0.000785921,0.0110148,3.14154,0,0.0148549,0,0.0057491,3.14154,0.00990229,3.05758,1.67637,0.000626033,0.0633143,0,0.00247581,0,0.000931007,0.0633143,0.84925,1.00873e-06,4.77223,0.00725564
2037.0417,274.441,274.479,0,0.315322,0,0,0.000963369,0.00169513,-0.000963369,0,0,0,0,0,0,0,0,0,0.000582931,0,9.78785e-07,1.16711e-05,1.03282e-07,2.12862e-05,0,5.64669e-07,1.5843e-09,1.92456e-06,0,12.7968,47.5784,8.05764,0.484712,31.4956,0,9.67147,0.00684527,0,2.80132,0.151548,3.3107,0.00109493,0.0100549,3.14224,0,0.0148335,0,0.00576613,3.14224,0.0098863,3.05758,1.67642,0.000573888,0.0633328,0,0.00247226,0,0.000933774,0.0633328,1.0405,9.78785e-07,4.73912,0.00684527
2037.1250,275.568,275.387,0,0.33713,0,0,0.000908947,0.00167925,-0.000908947,0,0,0,0,0,0,0,0,0,0.000581989,0,9.51895e-07,1.5971e-05,3.10614e-07,2.72253e-05,0,8.75279e-07,3.7896e-09,2.06724e-06,0,12.7508,47.5033,8.04463,0.444904,31.5005,0,9.65585,0.00645848,0,2.80709,0.151304,3.31036,0.00146462,0.00907285,3.14274,0,0.0148121,0,0.00577789,3.14274,0.00987033,3.05758,1.67648,0.000519338,0.0633426,0,0.00246868,0,0.000935696,0.0633426,1.02239,9.51895e-07,4.70613,0.00645848
2037.2083,286.177,284.973,0,0.201806,0,0,0.00132824,0.00218077,-0.00132824,0,0,0,0,0,0,0,0,0,0.000581017,0,9.34322e-07,3.00293e-05,1.04211e-06,4.64058e-05,0,2.17118e-06,9.8551e-09,2.92035e-06,0,12.6981,47.4134,8.03119,0.405214,31.5008,0,9.63973,0.0060813,0,2.80934,0.151051,3.30973,0.00193204,0.00809346,3.14287,0,0.0147898,0,0.00578235,3.14287,0.00985385,3.05758,1.67655,0.00046465,0.0633377,0,0.00246497,0,0.000936447,0.0633377,1.27938,9.34322e-07,4.66687,0.0060813
2037.2917,291.057,290.045,2.41231,0.210775,1.39684,0.00770106,0.00363333,0.00229152,0.00406774,4.81818e-05,0.000141862,3.95722e-05,3.03677e-06,0.00404177,0.0210111,2.34338,0.592687,0.0130253,0.000582403,1.29139e-05,9.51265e-07,3.80854e-05,1.2863e-06,6.31614e-05,5.6076e-05,2.99419e-06,1.24848e-08,3.27439e-06,3.25531e-06,12.695,47.3618,8.04407,0.368481,31.4926,0.0731777,9.78016,0.0092632,0.0731777,2.80577,0.151453,3.30878,0.00203255,0.00718979,3.14233,0.00292711,0.0149846,0.00174233,0.00577492,3.14233,0.00987507,3.05758,1.67661,0.000414825,0.0633085,0.00019514,0.00249744,7.31777e-05,0.000935256,0.0633085,2.55976,1.38652e-05,4.65093,0.0824409
2037.3750,294.768,293.546,3.91844,0.190669,2.71693,0.011401,0.00511993,0.00226838,0.00628111,0.000103627,0.000164066,8.7525e-05,3.92415e-06,0.0063481,0.0123694,3.31306,0.442137,0.0198264,0.00058953,2.09458e-05,1.02288e-06,2.94393e-05,7.33392e-07,7.23716e-05,8.48995e-05,2.60583e-06,1.31541e-08,3.31155e-06,5.01436e-06,12.8404,47.4593,8.12103,0.341339,31.4776,0.116044,9.85578,0.0107544,0.116044,2.79988,0.153525,3.30834,0.00133959,0.00652418,3.14119,0.00464174,0.015091,0.00276294,0.00576312,3.14119,0.00999497,3.05758,1.67657,0.000379029,0.0632624,0.00030945,0.00251517,0.000116044,0.000933292,0.0632624,3.50869,2.19687e-05,4.71941,0.126798
2037.4583,297.626,295.932,3.91112,0.126848,3.13482,0.0103548,0.00513435,0.00179965,0.00522043,0.000156635,0.000161479,0.000134912,3.04362e-06,0.0107951,0.0165569,3.84225,0.2466,0.0177923,0.000596861,1.92378e-05,1.1201e-06,1.14525e-05,5.00538e-07,6.02688e-05,7.50729e-05,1.39158e-06,8.939e-09,2.59596e-06,4.4852e-06,12.9983,47.5765,8.20027,0.322166,31.4613,0.11585,9.83932,0.0101265,0.11585,2.79465,0.155769,3.3084,0.000953513,0.00605625,3.13987,0.004634,0.0150699,0.00275833,0.00575267,3.13987,0.0101269,3.05758,1.67651,0.000354321,0.063215,0.000308933,0.00251165,0.00011585,0.000931549,0.063215,3.68372,2.03579e-05,4.79803,0.125976
2037.5417,298.126,296.751,3.90368,0.10027,2.97072,0.00841602,0.00483299,0.00153299,0.00358303,0.000131442,0.000143528,0.000113476,2.26572e-06,0.0101411,0.0170293,3.65559,0.207061,0.0141307,0.000602648,1.53123e-05,1.20782e-06,3.88652e-06,2.96678e-07,5.30545e-05,5.94937e-05,6.47482e-07,4.96197e-09,2.17765e-06,3.54573e-06,13.1166,47.6634,8.26224,0.308576,31.4466,0.115653,9.82262,0.00952584,0.115653,2.7916,0.157625,3.30868,0.000936488,0.00572435,3.13865,0.00462613,0.0150482,0.00275365,0.00574665,3.13865,0.0102364,3.05758,1.67646,0.000336946,0.063174,0.000308409,0.00250804,0.000115653,0.000930535,0.063174,3.29691,1.65201e-05,4.85434,0.125179
2037.6250,295.105,294.378,3.89638,0.102455,1.39377,0.0045775,0.00358346,0.00103154,0.000994041,6.05369e-05,0.000114437,5.20442e-05,1.28673e-06,0.00800402,0.0271066,2.77066,0.191744,0.00705525,0.000605642,7.59745e-06,1.23324e-06,5.54548e-06,2.56155e-07,3.32313e-05,2.97433e-05,7.99524e-07,3.31847e-09,1.4149e-06,1.72221e-06,13.1581,47.6914,8.29308,0.300837,31.4379,0.11546,9.80622,0.00896952,0.11546,2.7945,0.158647,3.30893,0.00107875,0.00554058,3.13791,0.00461841,0.0150267,0.00274905,0.00575281,3.13791,0.010295,3.05758,1.67643,0.000327446,0.0631502,0.000307894,0.00250445,0.00011546,0.000931501,0.0631502,1.76092,8.83069e-06,4.86506,0.12443
2037.7083,286.176,286.822,3.18138,0.173309,0.796296,0.00433934,0.00281055,0.00225123,0.00152878,5.03038e-05,7.99709e-05,4.15241e-05,1.90493e-06,0.00611968,0.0111819,1.58991,0.208922,0.00657414,0.00803799,7.31936e-06,1.21281e-06,1.89979e-05,1.41414e-07,9.1868e-06,7.96524e-05,1.72391e-06,2.28951e-09,1.49124e-06,5.07326e-06,13.143,47.7354,8.29331,0.361963,31.4344,0.0951511,9.78985,0.00844586,0.0951511,2.79601,0.158361,3.30975,0.000975598,0.00707496,3.13758,0.00380501,0.015005,0.0022655,0.00575602,3.13758,0.0102798,3.05764,1.67642,0.00040853,0.063142,0.000253647,0.00250083,9.51511e-05,0.000932003,0.063142,1.30072,8.53217e-06,4.84971,0.103597
2037.7917,280.896,281.917,0,0.197719,0,0,0.00114164,0.00316546,-0.00114164,0,0,0,0,0,0,0,0,0,0.000595352,0,1.15768e-06,8.10927e-07,3.71908e-08,-8.22704e-07,0,4.11604e-08,1.72346e-09,2.00344e-06,0,12.9304,47.8335,8.19879,0.629265,31.4773,0,9.7735,0.00795262,0,2.79648,0.153696,3.31435,0.000154006,0.0136331,3.14111,0,0.0149831,0,0.00575705,3.14111,0.0100222,3.05789,1.67645,0.000766392,0.0632639,0,0.00249719,0,0.000932162,0.0632639,0.504392,1.15768e-06,4.73158,0.00795262
2037.8750,274.79,275.64,0,0.278351,0,0,0.000891439,0.00224804,-0.000891439,0,0,0,0,0,0,0,0,0,0.000594358,0,1.09186e-06,5.4536e-06,4.26452e-08,1.73507e-05,0,2.61385e-07,1.88868e-09,2.17795e-06,0,12.8812,47.7218,8.1851,0.536002,31.5046,0,9.75718,0.00748833,0,2.79991,0.153439,3.31435,0.0004559,0.0112633,3.14343,0,0.0149611,0,0.0057641,3.14343,0.0100054,3.05789,1.67652,0.00063996,0.0633377,0,0.00249352,0,0.000933303,0.0633377,0.470688,1.09186e-06,4.6961,0.00748833
2037.9583,269.875,271.06,0,0.196326,0,0,0.00069554,0.000640195,-0.00069554,0,0,0,0,0,0,0,0,0,0.000593349,0,1.03512e-06,1.31554e-06,1.75352e-07,7.4792e-06,0,6.56242e-08,4.59078e-09,6.60614e-07,0,12.8369,47.6564,8.17121,0.496839,31.5132,0,9.74062,0.00704412,0,2.80945,0.153179,3.3143,0.000819445,0.0103266,3.14419,0,0.0149386,0,0.00578371,3.14419,0.00998844,3.05789,1.67656,0.000589113,0.0633593,0,0.00248977,0,0.000936485,0.0633593,0.701507,1.03512e-06,4.66566,0.00704412
2038.0417,272.594,272.737,0,0.268009,0,0,0.000717251,0.000564228,-0.000717251,0,0,0,0,0,0,0,0,0,0.000592391,0,9.89704e-07,1.16818e-07,3.08014e-07,7.42811e-06,0,8.45376e-09,4.96648e-09,6.10281e-07,0,12.7965,47.6204,8.15801,0.484741,31.5165,0,9.72488,0.00664571,0,2.82265,0.152932,3.31434,0.00105892,0.0100593,3.14448,0,0.0149171,0,0.00581081,3.14448,0.00997231,3.05789,1.67658,0.000575071,0.0633677,0,0.00248618,0,0.000940883,0.0633677,0.883296,9.89704e-07,4.63851,0.00664571
2038.1250,273.51,273.313,0,0.302589,0,0,0.000801883,0.00117549,-0.000801883,0,0,0,0,0,0,0,0,0,0.000591434,0,9.51819e-07,4.8891e-06,3.8275e-07,1.43221e-05,0,2.61085e-07,3.93167e-09,1.35302e-06,0,12.7562,47.5772,8.14484,0.46523,31.5213,0,9.70918,0.0062702,0,2.83448,0.152685,3.31433,0.00134195,0.00956567,3.1449,0,0.0148954,0,0.00583506,3.1449,0.00995621,3.05789,1.6766,0.000548846,0.0633798,0,0.00248257,0,0.000944828,0.0633798,0.636698,9.51819e-07,4.61132,0.0062702
2038.2083,287.04,285.494,0,0.204478,0,0,0.00125494,0.00244053,-0.00125494,0,0,0,0,0,0,0,0,0,0.000590446,0,9.19121e-07,2.81826e-05,5.84677e-07,4.44892e-05,0,1.9837e-06,5.44561e-09,3.09652e-06,0,12.7049,47.4889,8.13124,0.419909,31.5262,0,9.69297,0.00590401,0,2.838,0.15243,3.31384,0.00173057,0.00842263,3.14541,0,0.0148729,0,0.00584208,3.14541,0.00993958,3.05789,1.67667,0.00048478,0.0633886,0,0.00247882,0,0.000945999,0.0633886,1.11713,9.19121e-07,4.57363,0.00590401
2038.2917,289.99,288.865,2.16289,0.181475,1.30061,0.00628731,0.00278982,0.0022285,0.00349749,3.66035e-05,0.00011344,3.01228e-05,2.25676e-06,0.00304652,0.0168657,1.82317,0.457838,0.0097276,0.000590423,9.46557e-06,9.18293e-07,3.45224e-05,1.10161e-06,5.66253e-05,4.14788e-05,3.07799e-06,9.01374e-09,3.09439e-06,2.43351e-06,12.6888,47.4239,8.12872,0.377934,31.5216,0.0647761,9.78667,0.0080541,0.0647761,2.83553,0.152556,3.313,0.00204366,0.00739513,3.14517,0.00259104,0.0150027,0.00154229,0.00583682,3.14517,0.00994516,3.05789,1.67674,0.000427612,0.0633699,0.000172736,0.00250045,6.47761e-05,0.000945177,0.0633699,2.16421,1.03839e-05,4.56011,0.0728302
2038.3750,296.2,294.872,5.06644,0.19525,2.58427,0.0119641,0.00508753,0.00242465,0.00687653,9.23136e-05,0.000164272,7.81179e-05,3.34012e-06,0.00549235,0.0120476,3.60025,0.460609,0.0187907,0.000594753,1.97155e-05,9.97625e-07,3.1185e-05,5.49096e-07,7.42585e-05,7.98451e-05,2.95836e-06,7.3376e-09,3.50311e-06,4.75792e-06,12.8441,47.5298,8.17619,0.347267,31.5087,0.145498,9.90746,0.0106267,0.145498,2.82978,0.154373,3.31249,0.00144661,0.00664476,3.1442,0.00581992,0.0151714,0.00346424,0.00582522,3.1442,0.0100513,3.05789,1.67672,0.000386783,0.0633287,0.000387994,0.00252857,0.000145498,0.00094326,0.0633287,3.72985,2.07132e-05,4.6679,0.156125
2038.4583,297.908,296.629,5.07503,0.156405,3.34609,0.01141,0.00528664,0.00222823,0.00612338,0.000105468,0.000162387,9.01174e-05,2.84697e-06,0.00665447,0.0143805,4.02675,0.373287,0.0177485,0.000600106,1.88941e-05,1.10532e-06,2.4724e-05,3.81281e-07,7.55319e-05,7.51347e-05,2.53126e-06,8.06896e-09,3.21924e-06,4.48768e-06,13.0257,47.6592,8.23542,0.323405,31.4896,0.145713,9.89169,0.0100233,0.145713,2.82058,0.156526,3.31223,0.00116461,0.00606273,3.14267,0.00582853,0.0151512,0.00346936,0.00580655,3.14267,0.0101783,3.05789,1.67668,0.000355745,0.0632729,0.000388569,0.00252519,0.000145713,0.000940192,0.0632729,3.82639,1.99994e-05,4.79025,0.155737
2038.5417,297.538,296.441,5.0651,0.112366,3.03421,0.0097707,0.0051192,0.00168114,0.00465151,0.000115447,0.000148736,9.93311e-05,2.36066e-06,0.00792194,0.0143349,3.74546,0.256693,0.01492,0.000604918,1.59547e-05,1.19567e-06,8.90755e-06,4.69909e-07,5.87768e-05,6.27348e-05,1.38178e-06,6.13746e-09,2.38775e-06,3.76083e-06,13.1753,47.7715,8.28841,0.308051,31.4727,0.145466,9.8749,0.00942871,0.145466,2.81548,0.158419,3.3123,0.00114117,0.00569109,3.14125,0.00581864,0.0151293,0.00346347,0.00579629,3.14125,0.0102903,3.05789,1.67663,0.000336269,0.0632259,0.000387909,0.00252155,0.000145466,0.000938495,0.0632259,3.46056,1.71504e-05,4.8869,0.154895
2038.6250,292.776,292.702,5.05536,0.125931,1.97668,0.00733694,0.00414688,0.00134396,0.00319007,7.86128e-05,0.000132453,6.72188e-05,2.08284e-06,0.00664355,0.0150859,2.8055,0.250609,0.0109002,0.000608373,1.1564e-05,1.24888e-06,1.16575e-05,3.49187e-07,4.7329e-05,4.59052e-05,1.40181e-06,3.87074e-09,1.87375e-06,2.72339e-06,13.2697,47.8429,8.32585,0.29834,31.4601,0.145223,9.85841,0.00887807,0.145223,2.81483,0.159784,3.31245,0.00124069,0.00545694,3.14018,0.00580892,0.0151076,0.00345769,0.00579508,3.14018,0.0103704,3.05789,1.6766,0.000324073,0.0631922,0.000387261,0.00251793,0.000145223,0.000938275,0.0631922,2.48328,1.28129e-05,4.94386,0.154101
2038.7083,284.431,285.266,4.11772,0.17299,0.746829,0.00452693,0.00278143,0.00227449,0.0017455,4.24965e-05,7.64736e-05,3.48049e-05,1.98369e-06,0.00509801,0.0105143,1.34447,0.235736,0.00604721,0.00995631,6.62856e-06,1.23857e-06,2.05957e-05,1.66909e-07,6.65623e-06,9.047e-05,1.92732e-06,2.59339e-09,1.40245e-06,5.82364e-06,13.2798,47.928,8.32458,0.37861,31.4549,0.119679,9.84195,0.00835975,0.119679,2.81472,0.159422,3.31345,0.00105606,0.00748306,3.1397,0.00478633,0.0150857,0.00284949,0.00579495,3.1397,0.0103526,3.05796,1.67659,0.00043171,0.0631802,0.000319056,0.00251429,0.000119679,0.000938239,0.0631802,1.21094,7.86713e-06,4.95519,0.128038
2038.7917,279.147,280.003,0,0.199928,0,0,0.00110313,0.00298649,-0.00110313,0,0,0,0,0,0,0,0,0,0.000594863,0,1.17865e-06,2.66827e-07,4.21865e-08,-5.46465e-06,0,1.56483e-08,2.01131e-09,1.65004e-06,0,13.0216,48.0844,8.20365,0.747797,31.4986,0,9.82551,0.00787153,0,2.81649,0.153488,3.31929,0.000129075,0.0166057,3.14326,0,0.0150637,0,0.00579863,3.14326,0.0100252,3.05828,1.67661,0.000930643,0.063305,0,0.00251062,0,0.00093883,0.063305,0.435244,1.17865e-06,4.81791,0.00787153
2038.8750,273.332,274.723,0,0.211292,0,0,0.000865023,0.00231288,-0.000865023,0,0,0,0,0,0,0,0,0,0.00059387,0,1.11043e-06,1.29316e-06,5.57947e-08,6.63197e-06,0,6.68579e-08,2.6775e-09,1.89499e-06,0,12.9708,47.9659,8.18995,0.640482,31.5344,0,9.80911,0.00741198,0,2.82025,0.153231,3.31936,0.00022648,0.0138245,3.14627,0,0.0150415,0,0.00580635,3.14627,0.0100084,3.05828,1.67667,0.000784632,0.0634039,0,0.00250692,0,0.000940083,0.0634039,0.594393,1.11043e-06,4.78083,0.00741198
2038.9583,272.612,272.85,0,0.167406,0,0,0.000697735,0.00105519,-0.000697735,0,0,0,0,0,0,0,0,0,0.000592862,0,1.04524e-06,3.37735e-06,1.27009e-07,9.07025e-06,0,1.77078e-07,4.18288e-09,9.83874e-07,0,12.928,47.9028,8.17605,0.597307,31.5462,0,9.79246,0.0069723,0,2.83131,0.152971,3.31938,0.000495642,0.012793,3.14729,0,0.0150188,0,0.00582908,3.14729,0.00999144,3.05828,1.67671,0.000730425,0.0634349,0,0.00250314,0,0.000943771,0.0634349,0.407522,1.04524e-06,4.75192,0.0069723
2039.0417,275.885,275.77,0,0.253589,0,0,0.00096724,0.00229352,-0.00096724,0,0,0,0,0,0,0,0,0,0.000591905,0,9.93099e-07,9.96266e-06,2.44582e-07,1.94309e-05,0,4.84496e-07,6.25116e-09,2.45823e-06,0,12.8832,47.8261,8.16284,0.544613,31.5592,0,9.77664,0.00657795,0,2.83904,0.152724,3.31925,0.00078314,0.0114551,3.14844,0,0.0149971,0,0.00584488,3.14844,0.0099753,3.05828,1.67676,0.000657186,0.0634676,0,0.00249952,0,0.000946346,0.0634676,0.771454,9.93099e-07,4.72036,0.00657795
2039.1250,278.376,278.254,0,0.23139,0,0,0.000986573,0.00214893,-0.000986573,0,0,0,0,0,0,0,0,0,0.000590949,0,9.64515e-07,1.55611e-05,6.21548e-07,2.77457e-05,0,8.65409e-07,1.16254e-08,2.53702e-06,0,12.8351,47.733,8.14966,0.485629,31.5696,0,9.76085,0.00620627,0,2.84266,0.152478,3.31894,0.00118143,0.00999711,3.14943,0,0.0149753,0,0.00585217,3.14943,0.00995919,3.05828,1.67683,0.000574884,0.0634906,0,0.00249589,0,0.000947553,0.0634906,1.15985,9.64515e-07,4.68547,0.00620627
2039.2083,285.348,284.481,0.742005,0.183273,0.424571,0.00244013,0.00168477,0.00227877,0.000755367,1.4047e-05,5.81062e-05,1.13883e-05,1.05743e-06,0.001719,0.013484,0.663302,0.222681,0.00335395,0.000590117,3.01068e-06,9.49679e-07,2.5022e-05,9.91181e-07,3.98821e-05,1.41397e-05,1.79079e-06,1.28469e-08,2.94212e-06,8.23515e-07,12.7905,47.643,8.13787,0.434767,31.5735,0.0239852,9.78695,0.00681333,0.0239852,2.84427,0.152288,3.31839,0.00158764,0.00875488,3.14991,0.000959407,0.0150114,0.000571076,0.00585527,3.14991,0.00994629,3.05828,1.67691,0.000504351,0.0634947,6.39605e-05,0.0025019,2.39852e-05,0.000948089,0.0634947,1.44765,3.96036e-06,4.65259,0.0307985
2039.2917,290.721,289.179,4.39807,0.144612,2.43996,0.00973709,0.00388164,0.00204905,0.00585545,8.38259e-05,0.000152643,7.02378e-05,3.85254e-06,0.00586274,0.0182733,2.28625,0.378919,0.0141819,0.000592122,1.40987e-05,9.83881e-07,1.6922e-05,7.39442e-07,4.84516e-05,5.95205e-05,1.88973e-06,9.14578e-09,2.86328e-06,3.57178e-06,12.8789,47.6882,8.15936,0.395258,31.5702,0.128446,9.95533,0.0105415,0.128446,2.84386,0.153271,3.31803,0.00132878,0.0077972,3.14978,0.00513782,0.0152456,0.00305823,0.00585456,3.14978,0.0100032,3.05828,1.67692,0.0004504,0.0634782,0.000342521,0.00254093,0.000128446,0.000947953,0.0634782,2.84267,1.50826e-05,4.71951,0.138987
2039.3750,293.704,292.657,4.65765,0.185083,2.82381,0.0121481,0.00471453,0.0022969,0.00743358,0.000135106,0.00016448,0.000115366,3.75204e-06,0.0077595,0.01173,3.10417,0.293564,0.0181308,0.000596339,1.90752e-05,1.05758e-06,2.32936e-05,2.14857e-07,6.61535e-05,7.57268e-05,1.98822e-06,5.30221e-09,3.32684e-06,4.5968e-06,13.055,47.8188,8.20682,0.364298,31.5595,0.135208,9.95104,0.0101964,0.135208,2.84002,0.155088,3.31792,0.000914727,0.00704362,3.14903,0.00540833,0.0152413,0.00321924,0.00584697,3.14903,0.0101117,3.05828,1.67689,0.000408791,0.063442,0.000360555,0.00254022,0.000135208,0.000946675,0.063442,3.58728,2.01328e-05,4.84821,0.145405
2039.4583,299.718,296.894,4.64878,0.0762621,3.36609,0.00881157,0.00488304,0.00147502,0.00392854,0.000121879,0.000145912,0.000105239,2.08311e-06,0.00952465,0.0254359,3.63808,0.203869,0.0125467,0.000600448,1.33203e-05,1.15569e-06,3.52002e-06,2.30729e-07,4.49614e-05,5.19619e-05,5.18561e-07,4.21792e-09,2.12241e-06,3.15071e-06,13.2054,47.9345,8.253,0.343644,31.5472,0.134983,9.93442,0.0096011,0.134983,2.83825,0.156783,3.31814,0.000876711,0.00654624,3.14809,0.0053993,0.0152197,0.00321387,0.00584355,3.14809,0.0102135,3.05828,1.67685,0.000382162,0.0634041,0.000359953,0.00253662,0.000134983,0.000946082,0.0634041,3.61556,1.4476e-05,4.95239,0.144584
2039.5417,299.118,297.088,4.63978,0.0740585,1.94528,0.00491127,0.00406118,0.000990724,0.000850095,6.20744e-05,0.000115616,5.36065e-05,1.05256e-06,0.00773152,0.0309649,3.07761,0.17498,0.00640177,0.000603018,6.78466e-06,1.21254e-06,8.09777e-07,2.15705e-07,2.82003e-05,2.64743e-05,1.73914e-07,3.15836e-09,1.38368e-06,1.56801e-06,13.2728,47.9854,8.2811,0.331782,31.5394,0.134753,9.91756,0.00903156,0.134753,2.84147,0.157852,3.31842,0.000973706,0.00626041,3.14748,0.00539014,0.0151976,0.00320841,0.00585037,3.14748,0.0102767,3.05828,1.67682,0.000366991,0.0633802,0.000359342,0.00253293,0.000134753,0.000947156,0.0633802,2.19209,7.99721e-06,4.99169,0.143785
2039.6250,292.635,292.7,4.63094,0.0929655,1.67183,0.00584644,0.00371834,0.00111166,0.0021281,5.9881e-05,0.000128191,5.13264e-05,1.44311e-06,0.00643886,0.0220185,2.85,0.23734,0.00799585,0.000604402,8.41956e-06,1.21608e-06,4.54536e-06,2.00654e-07,3.50161e-05,3.33449e-05,6.67808e-07,2.36395e-09,1.57515e-06,1.97416e-06,13.2917,47.9922,8.29533,0.322784,31.5324,0.134528,9.901,0.00850411,0.134528,2.84527,0.158472,3.3185,0.00120072,0.0060385,3.14693,0.00538114,0.0151756,0.00320306,0.00585832,3.14693,0.0103118,3.05828,1.67682,0.000355146,0.0633596,0.000358742,0.00252927,0.000134528,0.000948424,0.0633596,1.90417,9.63563e-06,4.99637,0.143033
2039.7083,286.985,287.474,3.71613,0.126268,0.592678,0.00263607,0.00255851,0.00184067,7.75593e-05,2.39735e-05,6.13378e-05,1.91808e-05,8.56615e-07,0.00497289,0.022413,1.62223,0.192992,0.00266237,0.00926247,3.22811e-06,1.18224e-06,1.30798e-05,1.69895e-07,-1.06689e-05,7.14951e-05,1.16709e-06,1.87903e-09,9.35856e-07,4.65616e-06,13.2437,48.0286,8.27766,0.398299,31.5344,0.110865,9.88446,0.00800763,0.110865,2.85223,0.157623,3.31966,0.00111561,0.00794459,3.1471,0.0044334,0.0151535,0.00263965,0.00587271,3.1471,0.0102642,3.05834,1.67682,0.000456126,0.0633647,0.000295548,0.00252558,0.000110865,0.000950744,0.0633647,0.954302,4.41035e-06,4.96602,0.118873
2039.7917,281.246,282.104,0,0.191827,0,0,0.00124729,0.00333084,-0.00124729,0,0,0,0,0,0,0,0,0,0.000590113,0,1.12765e-06,1.61439e-07,3.63084e-08,-5.43465e-06,0,9.49876e-09,1.41438e-09,2.04079e-06,0,12.9865,48.1475,8.16196,0.72582,31.5809,0,9.86796,0.00753997,0,2.85424,0.152019,3.325,0.0001593,0.0159966,3.15095,0,0.0151312,0,0.00587682,3.15095,0.0099544,3.05864,1.67685,0.000895771,0.0634948,0,0.00252187,0,0.000951412,0.0634948,0.51421,1.12765e-06,4.82457,0.00753997
2039.8750,277.008,277.821,0,0.205915,0,0,0.00107036,0.002777,-0.00107036,0,0,0,0,0,0,0,0,0,0.000589127,0,1.06047e-06,3.57449e-06,2.76364e-08,1.28092e-05,0,1.98934e-07,1.23917e-09,2.58712e-06,0,12.9324,48.0188,8.14834,0.613337,31.6161,0,9.85148,0.00709978,0,2.85696,0.151765,3.32505,0.000320867,0.0131165,3.15396,0,0.0151088,0,0.00588236,3.15396,0.00993778,3.05864,1.67693,0.000742513,0.063589,0,0.00251813,0,0.000952321,0.063589,0.436313,1.06047e-06,4.78411,0.00709978
2039.9583,274.069,274.949,0,0.216338,0,0,0.000775291,0.0021645,-0.000775291,0,0,0,0,0,0,0,0,0,0.000588127,0,9.98053e-07,9.80179e-06,3.92264e-08,2.11701e-05,0,5.44346e-07,1.33474e-09,2.36915e-06,0,12.8843,47.9179,8.13451,0.539272,31.6328,0,9.83476,0.00667862,0,2.86159,0.151508,3.32492,0.000743782,0.0112901,3.15549,0,0.0150859,0,0.00589177,3.15549,0.00992091,3.05864,1.677,0.00064156,0.0636291,0,0.00251431,0,0.000953864,0.0636291,0.555148,9.98053e-07,4.74978,0.00667862
2040.0417,274.365,274.787,0,0.267381,0,0,0.000877802,0.00183319,-0.000877802,0,0,0,0,0,0,0,0,0,0.000587177,0,9.54737e-07,1.48241e-05,1.32583e-07,2.53917e-05,0,8.47327e-07,2.9773e-09,2.20011e-06,0,12.8413,47.8377,8.12137,0.489393,31.6405,0,9.81888,0.00630088,0,2.86642,0.151263,3.32463,0.00113615,0.0100713,3.15626,0,0.015064,0,0.00590155,3.15626,0.00990489,3.05864,1.67707,0.000573809,0.0636446,0,0.00251066,0,0.000955472,0.0636446,0.773397,9.54737e-07,4.71996,0.00630088
2040.1250,275.006,274.943,0,0.343058,0,0,0.000852353,0.0016217,-0.000852353,0,0,0,0,0,0,0,0,0,0.000586229,0,9.33714e-07,1.89339e-05,7.52745e-07,2.90841e-05,0,1.0477e-06,1.23665e-08,2.09813e-06,0,12.7968,47.764,8.10825,0.452529,31.6431,0,9.80302,0.00594485,0,2.87158,0.151019,3.3242,0.00149669,0.0091766,3.1566,0,0.0150419,0,0.00591197,3.1566,0.00988889,3.05864,1.67713,0.000524285,0.0636464,0,0.00250699,0,0.000957192,0.0636464,1.15515,9.33714e-07,4.68854,0.00594485
2040.2083,285.912,284.837,0.0934948,0.19095,0.0896533,0.000371215,0.00134921,0.00212282,-0.00097799,1.56052e-06,1.64155e-05,1.25945e-06,1.09732e-07,0.000601691,0.0110632,0.308981,0.081654,0.000417363,0.000585258,3.87237e-07,9.1119e-07,3.17162e-05,1.2163e-06,4.74199e-05,1.76511e-06,2.42196e-06,1.46018e-08,2.93218e-06,9.24953e-08,12.7451,47.6764,8.0948,0.416682,31.6411,0.00306398,9.79268,0.00573647,0.00306398,2.8735,0.150769,3.32347,0.00191694,0.00830017,3.15657,0.000122559,0.0150274,7.29519e-05,0.00591565,3.15657,0.0098725,3.05864,1.6772,0.000475743,0.0636339,8.17061e-06,0.00250457,3.06398e-06,0.000957832,0.0636339,1.18679,1.29843e-06,4.6503,0.00880045
2040.2917,292.639,291.195,3.03869,0.159161,2.16034,0.008828,0.00384715,0.0021822,0.00498085,5.73082e-05,0.000153331,4.77165e-05,2.92734e-06,0.00438154,0.0205084,2.79893,0.564306,0.0137506,0.000586707,1.38065e-05,9.39431e-07,3.41404e-05,1.11639e-06,6.0031e-05,5.84824e-05,3.45333e-06,1.04591e-08,3.16457e-06,3.446e-06,12.7688,47.6551,8.10919,0.383686,31.632,0.0917098,9.95093,0.00932615,0.0917098,2.87062,0.151334,3.32262,0.00190501,0.00749657,3.15597,0.00366839,0.0152469,0.00218357,0.00590965,3.15597,0.00990349,3.05864,1.67725,0.000431729,0.0636014,0.000244559,0.00254116,9.17098e-05,0.000956873,0.0636014,2.96597,1.47459e-05,4.65958,0.101036
2040.3750,295.825,294.509,3.77555,0.156175,2.96579,0.0112667,0.00479519,0.00219064,0.00647146,0.000105636,0.000163702,8.98783e-05,3.26572e-06,0.00653771,0.0128849,3.55277,0.382743,0.0179714,0.000592194,1.89505e-05,1.02759e-06,2.41373e-05,4.39164e-07,6.80477e-05,7.60003e-05,2.70612e-06,5.99149e-09,3.20929e-06,4.54245e-06,12.9294,47.7699,8.17004,0.357586,31.6176,0.112253,9.97507,0.00967938,0.112253,2.86534,0.153254,3.32222,0.00131724,0.00686096,3.15489,0.0044901,0.0152817,0.00267268,0.00589899,3.15489,0.0100161,3.05864,1.67721,0.000397554,0.0635556,0.00029934,0.00254696,0.000112253,0.000955114,0.0635556,3.59989,1.99781e-05,4.75937,0.121932
2040.4583,298.826,297.417,3.76851,0.169002,3.01862,0.010397,0.00513814,0.00231023,0.00525884,0.000105536,0.000159822,9.04434e-05,2.53201e-06,0.00712027,0.0176591,4.15387,0.338471,0.0163525,0.000597747,1.74336e-05,1.13216e-06,2.55383e-05,2.36903e-07,7.75993e-05,6.9008e-05,2.30252e-06,3.85254e-09,3.35024e-06,4.12302e-06,13.0826,47.8775,8.23166,0.336668,31.6,0.112065,9.95842,0.00911428,0.112065,2.85823,0.155191,3.32209,0.00116574,0.0063516,3.1535,0.00448261,0.0152599,0.00266822,0.00588452,3.1535,0.0101306,3.05864,1.67718,0.00037049,0.0635037,0.00029884,0.00254331,0.000112065,0.000952745,0.0635037,3.90808,1.85658e-05,4.85096,0.121179
2040.5417,298.257,297.49,3.76137,0.134199,2.8218,0.00911871,0.00493544,0.00209798,0.00418327,8.08492e-05,0.000148812,6.91516e-05,2.08609e-06,0.00584267,0.0146998,4.00566,0.354188,0.014128,0.000602728,1.50384e-05,1.22027e-06,2.01239e-05,1.9404e-07,7.4705e-05,5.97849e-05,2.47329e-06,2.76014e-09,2.99042e-06,3.55182e-06,13.2089,47.9549,8.28666,0.31823,31.579,0.111875,9.94151,0.00857362,0.111875,2.84868,0.156947,3.32181,0.00134489,0.0059047,3.15175,0.004475,0.0152375,0.00266369,0.00586493,3.15175,0.0102337,3.05864,1.67716,0.000346998,0.0634451,0.000298333,0.00253958,0.000111875,0.000949561,0.0634451,3.32562,1.62587e-05,4.92228,0.120449
2040.6250,293.712,293.53,3.75436,0.214017,1.30256,0.0071488,0.00420559,0.00210601,0.00294322,5.15402e-05,0.000131994,4.35509e-05,1.92491e-06,0.00433485,0.0150888,2.92613,0.394468,0.0108354,0.000606575,1.13898e-05,1.25539e-06,4.02511e-05,1.37745e-07,7.83618e-05,4.60065e-05,3.22421e-06,2.21057e-09,2.95562e-06,2.70614e-06,13.3039,48.01,8.32865,0.304532,31.5599,0.111688,9.92491,0.00807292,0.111688,2.84175,0.158327,3.32132,0.00146628,0.00557381,3.15011,0.00446753,0.0152153,0.00265924,0.00585066,3.15011,0.0103139,3.05864,1.67715,0.00032982,0.0633942,0.000297835,0.00253588,0.000111688,0.000947249,0.0633942,2.11934,1.26452e-05,4.9752,0.119761
2040.7083,286.208,286.984,3.06636,0.19778,0.715054,0.00431995,0.00279555,0.00270057,0.00152441,2.7181e-05,7.7529e-05,2.24514e-05,1.59733e-06,0.00370069,0.0108276,1.61534,0.365315,0.00594187,0.00779656,6.30804e-06,1.24318e-06,3.06323e-05,2.69821e-07,6.93824e-06,7.52328e-05,2.45793e-06,4.20513e-09,1.66309e-06,4.80107e-06,13.3161,48.0589,8.33498,0.358197,31.5486,0.0920425,9.90834,0.0076016,0.0920425,2.83603,0.15824,3.32158,0.00147723,0.00693971,3.14909,0.00368053,0.0151929,0.00219149,0.00583886,3.14909,0.0103104,3.05869,1.67716,0.000401999,0.0633669,0.000245342,0.00253215,9.20425e-05,0.000945345,0.0633669,1.33122,7.55122e-06,4.98108,0.0996441
2040.7917,277.547,279.011,0,0.18238,0,0,0.00104155,0.00274627,-0.00104155,0,0,0,0,0,0,0,0,0,0.00059692,0,1.18233e-06,1.32733e-06,3.01292e-07,1.92781e-06,0,8.76908e-08,7.12165e-09,1.79599e-06,0,13.1095,48.1463,8.24209,0.603282,31.5968,0,9.8918,0.00715766,0,2.83675,0.153688,3.32588,0.000293775,0.0130115,3.15305,0,0.0151704,0,0.00584026,3.15305,0.0100588,3.05894,1.67719,0.000731849,0.0635032,0,0.0025284,0,0.000945583,0.0635032,0.456317,1.18233e-06,4.8674,0.00715766
2040.8750,273.334,274.318,0,0.303209,0,0,0.000911818,0.00171321,-0.000911818,0,0,0,0,0,0,0,0,0,0.000595923,0,1.11607e-06,4.19571e-06,2.83641e-07,1.49561e-05,0,2.32947e-07,6.28942e-09,1.64547e-06,0,13.0599,48.0494,8.22832,0.529179,31.6179,0,9.87528,0.00673978,0,2.84247,0.153431,3.32587,0.000625864,0.011127,3.15483,0,0.0151478,0,0.00585192,3.15483,0.0100421,3.05894,1.67725,0.000631791,0.0635604,0,0.00252463,0,0.000947489,0.0635604,0.57497,1.11607e-06,4.8316,0.00673978
2040.9583,271.765,272.481,0,0.345814,0,0,0.00083844,0.00120052,-0.00083844,0,0,0,0,0,0,0,0,0,0.000594911,0,1.05284e-06,4.72014e-06,3.66437e-07,1.4649e-05,0,2.39921e-07,5.91276e-09,1.27619e-06,0,13.0122,47.9806,8.21436,0.490045,31.6264,0,9.85852,0.00633998,0,2.85193,0.153171,3.32577,0.000991634,0.010159,3.15558,0,0.0151247,0,0.00587127,3.15558,0.010025,3.05894,1.67729,0.000579649,0.0635825,0,0.00252078,0,0.000950645,0.0635825,0.410463,1.05284e-06,4.79788,0.00633998
2041.0417,274.532,273.989,0,0.429473,0,0,0.000922055,0.00160927,-0.000922055,0,0,0,0,0,0,0,0,0,0.00059395,0,9.98483e-07,1.27663e-05,4.35557e-07,2.28449e-05,0,6.72509e-07,5.38243e-09,1.85555e-06,0,12.9669,47.9171,8.20109,0.457486,31.6323,0,9.84259,0.0059814,0,2.86044,0.152923,3.3256,0.00132359,0.00934878,3.15611,0,0.0151026,0,0.00588859,3.15611,0.0100088,3.05894,1.67733,0.000535177,0.0635967,0,0.0025171,0,0.00095348,0.0635967,0.798303,9.98483e-07,4.76581,0.0059814
2041.1250,275.144,274.432,0,0.175373,0,0,0.00088761,0.00132238,-0.00088761,0,0,0,0,0,0,0,0,0,0.000592991,0,9.64492e-07,1.13701e-05,9.63386e-07,2.46246e-05,0,6.39359e-07,8.82449e-09,1.6352e-06,0,12.9224,47.853,8.18785,0.427684,31.6351,0,9.8267,0.00564342,0,2.86783,0.152676,3.32529,0.00169586,0.0086177,3.15639,0,0.0150804,0,0.00590358,3.15639,0.00999265,3.05894,1.67738,0.000495078,0.0636023,0,0.0025134,0,0.000955944,0.0636023,0.912298,9.64492e-07,4.73456,0.00564342
2041.2083,285.619,284.378,0,0.175657,0,0,0.00123136,0.00202047,-0.00123136,0,0,0,0,0,0,0,0,0,0.000592001,0,9.35164e-07,2.76502e-05,1.22428e-06,4.58067e-05,0,2.48038e-06,8.34455e-09,2.67885e-06,0,12.8705,47.771,8.17417,0.394808,31.6344,0,9.81029,0.00531384,0,2.87138,0.152421,3.32471,0.00217435,0.00779823,3.15641,0,0.0150573,0,0.00591059,3.15641,0.00997597,3.05894,1.67744,0.000449769,0.0635968,0,0.00250955,0,0.000957126,0.0635968,0.999352,9.35164e-07,4.69632,0.00531384
2041.2917,292.576,291.245,2.16617,0.171561,1.63041,0.00689919,0.00310762,0.00223846,0.00379156,3.30995e-05,0.00011956,2.7214e-05,2.05495e-06,0.00262546,0.0187446,2.26234,0.552558,0.010099,0.000592064,9.77443e-06,9.4065e-07,3.89921e-05,1.3568e-06,6.40442e-05,4.27966e-05,4.00956e-06,7.83485e-09,3.15161e-06,2.53112e-06,12.8537,47.7086,8.17284,0.361598,31.6254,0.0655155,9.91951,0.00784977,0.0655155,2.86786,0.15257,3.32371,0.002506,0.00697836,3.15576,0.00262062,0.0152085,0.00155989,0.00590311,3.15576,0.00998293,3.05894,1.67751,0.000404683,0.0635677,0.000174708,0.00253474,6.55155e-05,0.000955954,0.0635677,2.53696,1.07151e-05,4.68088,0.0733653
2041.3750,295.735,293.703,4.31138,0.114857,3.26098,0.0106342,0.00454546,0.0017775,0.00608876,7.00323e-05,0.000159999,5.88751e-05,2.96476e-06,0.00464157,0.0179476,3.30192,0.511765,0.015745,0.000596079,1.59905e-05,1.02403e-06,1.20836e-05,1.07089e-06,5.67394e-05,6.64829e-05,1.90928e-06,6.15308e-09,2.55093e-06,3.97234e-06,13.0042,47.8205,8.21775,0.339162,31.6125,0.126322,10.0197,0.00997839,0.126322,2.86466,0.154206,3.32335,0.0020852,0.00642946,3.15473,0.00505288,0.0153484,0.00300767,0.0058967,3.15473,0.0100788,3.05894,1.67748,0.000375246,0.0635291,0.000336859,0.00255807,0.000126322,0.000954887,0.0635291,3.681,1.70146e-05,4.78643,0.1363
2041.4583,300.014,297.511,4.30697,0.0825562,3.18729,0.00869857,0.00476373,0.00135959,0.00393484,6.39206e-05,0.000146892,5.43868e-05,1.96891e-06,0.00507412,0.0252478,3.78771,0.408246,0.0125428,0.000600021,1.30889e-05,1.12056e-06,7.83608e-06,6.58494e-07,4.46822e-05,5.28308e-05,1.05474e-06,4.09312e-09,1.93494e-06,3.14618e-06,13.1328,47.9235,8.26181,0.32516,31.6009,0.126208,10.0032,0.00939988,0.126208,2.86466,0.15577,3.32339,0.0018483,0.00608898,3.15379,0.00504832,0.0153268,0.00300495,0.00589693,3.15379,0.0101707,3.05894,1.67744,0.000357306,0.0634961,0.000336555,0.00255447,0.000126208,0.000954887,0.0634961,3.52381,1.42095e-05,4.87098,0.135608
2041.5417,299.935,298.059,4.2987,0.092138,1.73874,0.00430222,0.00385884,0.00108401,0.000443384,2.78082e-05,0.000108371,2.36567e-05,8.60197e-07,0.00391154,0.0302247,3.01924,0.321426,0.00552703,0.000602129,5.75734e-06,1.16602e-06,3.90038e-06,4.73641e-07,3.33559e-05,2.32402e-05,8.23133e-07,2.89273e-09,1.49554e-06,1.34393e-06,13.1735,47.9502,8.28438,0.316138,31.5927,0.125994,9.98621,0.00884228,0.125994,2.86782,0.156642,3.32343,0.00190273,0.00587012,3.15311,0.00503975,0.0153044,0.00299985,0.00590361,3.15311,0.0102205,3.05894,1.67742,0.000345799,0.0634728,0.000335984,0.00255074,0.000125994,0.000955942,0.0634728,2.18874,6.92336e-06,4.88915,0.134836
2041.6250,292.682,292.901,4.29059,0.144745,1.79171,0.00746355,0.00397396,0.00154382,0.00348959,5.09968e-05,0.000133465,4.30632e-05,1.94323e-06,0.00412937,0.0138751,2.86014,0.389935,0.0107481,0.000604258,1.10857e-05,1.19802e-06,1.77425e-05,3.20776e-07,5.48246e-05,4.53235e-05,2.45458e-06,2.12734e-09,2.16589e-06,2.68885e-06,13.2221,47.9772,8.30723,0.306836,31.5813,0.125783,9.96953,0.00832589,0.125783,2.86701,0.157511,3.32311,0.0019133,0.0056354,3.15215,0.00503134,0.0152822,0.00299484,0.00590201,3.15215,0.01027,3.05894,1.67741,0.000333308,0.0634419,0.000335423,0.00254704,0.000125783,0.000955671,0.0634419,2.41609,1.22837e-05,4.91483,0.134109
2041.7083,286.868,287.292,3.50032,0.186798,0.767599,0.00458766,0.00294471,0.00259514,0.00164296,3.04859e-05,7.69865e-05,2.53247e-05,1.63766e-06,0.0037996,0.00947021,1.56598,0.322061,0.0059053,0.00870114,6.27509e-06,1.19225e-06,3.75554e-05,1.84818e-07,4.19145e-06,8.12346e-05,3.39779e-06,1.60092e-09,1.57519e-06,5.2205e-06,13.2416,48.0547,8.30947,0.372252,31.5753,0.103659,9.95288,0.00783981,0.103659,2.86546,0.157287,3.32365,0.00157874,0.00728923,3.1516,0.00414549,0.0152599,0.00246806,0.00589883,3.1516,0.0102598,3.059,1.67741,0.000420673,0.0634277,0.000276336,0.00254331,0.000103659,0.000955155,0.0634277,1.29501,7.46734e-06,4.93215,0.111498
2041.7917,279.018,280.178,0,0.216189,0,0,0.00114413,0.00313322,-0.00114413,0,0,0,0,0,0,0,0,0,0.000592819,0,1.13923e-06,1.14206e-06,5.33059e-08,-1.60685e-06,0,6.25514e-08,1.30741e-09,1.97283e-06,0,13.0127,48.1645,8.20466,0.66086,31.625,0,9.93626,0.00738196,0,2.86593,0.152151,3.32842,0.00025887,0.014426,3.15569,0,0.0152373,0,0.00589974,3.15569,0.00997624,3.05928,1.67744,0.000809504,0.063568,0,0.00253956,0,0.00095531,0.063568,0.615733,1.13923e-06,4.80803,0.00738196
2041.8750,274.434,275.27,0,0.249707,0,0,0.0008808,0.00209182,-0.0008808,0,0,0,0,0,0,0,0,0,0.000591829,0,1.08072e-06,5.07497e-06,9.30941e-08,1.5863e-05,0,2.55515e-07,2.29944e-09,1.97486e-06,0,12.9618,48.0505,8.19096,0.565874,31.653,0,9.91967,0.00695098,0,2.8698,0.151897,3.32842,0.00054526,0.0120009,3.15807,0,0.0152147,0,0.00590763,3.15807,0.00995958,3.05928,1.6775,0.000680635,0.0636438,0,0.00253578,0,0.0009566,0.0636438,0.531079,1.08072e-06,4.7708,0.00695098
2041.9583,272.746,273.103,0,0.510766,0,0,0.000784258,0.00151065,-0.000784258,0,0,0,0,0,0,0,0,0,0.000590824,0,1.01428e-06,8.52873e-06,3.30465e-07,1.86205e-05,0,4.22846e-07,6.60198e-09,1.62896e-06,0,12.917,47.9751,8.17706,0.516768,31.6633,0,9.90284,0.00653865,0,2.8781,0.151639,3.32827,0.000928903,0.0107917,3.15898,0,0.0151915,0,0.00592459,3.15898,0.00994268,3.05928,1.67756,0.00061551,0.0636696,0,0.00253192,0,0.000959366,0.0636696,0.497199,1.01428e-06,4.73991,0.00653865
2042.0417,273.952,274.019,0,0.267327,0,0,0.00086348,0.0013658,-0.00086348,0,0,0,0,0,0,0,0,0,0.00058987,0,9.74887e-07,9.3751e-06,6.11778e-07,2.06602e-05,0,4.70244e-07,8.99507e-09,1.58312e-06,0,12.8722,47.9082,8.16385,0.480755,31.669,0,9.88684,0.00616883,0,2.88625,0.151394,3.32802,0.00127016,0.00990418,3.15951,0,0.0151694,0,0.0059412,3.15951,0.00992662,3.05928,1.6776,0.000567352,0.0636827,0,0.00252823,0,0.000962082,0.0636827,0.926701,9.74887e-07,4.70839,0.00616883
2042.1250,277.949,277.393,0,0.226746,0,0,0.00098475,0.00181213,-0.00098475,0,0,0,0,0,0,0,0,0,0.000588917,0,9.41922e-07,1.83426e-05,8.62855e-07,2.941e-05,0,1.16249e-06,9.03398e-09,2.24634e-06,0,12.8276,47.8425,8.15066,0.448892,31.6723,0,9.87087,0.00582026,0,2.89368,0.151149,3.32769,0.00161874,0.00911784,3.15985,0,0.0151472,0,0.0059563,3.15985,0.00991059,3.05928,1.67765,0.000524154,0.0636891,0,0.00252453,0,0.00096456,0.0636891,0.958398,9.41922e-07,4.67692,0.00582026
2042.2083,284.512,283.659,0,0.215202,0,0,0.00120135,0.00212692,-0.00120135,0,0,0,0,0,0,0,0,0,0.000587934,0,9.22458e-07,2.99922e-05,1.34896e-06,4.65441e-05,0,2.08421e-06,1.13935e-08,2.85054e-06,0,12.7753,47.7502,8.13705,0.407511,31.6723,0,9.85439,0.00548036,0,2.8951,0.150897,3.32699,0.00207937,0.00809254,3.15996,0,0.0151241,0,0.00595893,3.15996,0.00989404,3.05928,1.67773,0.000466552,0.0636837,0,0.00252068,0,0.000965032,0.0636837,1.14244,9.22458e-07,4.63822,0.00548036
2042.2917,291.383,290.216,2.37968,0.202552,1.199,0.00755916,0.00347694,0.00232198,0.00408222,4.24132e-05,0.000145726,3.47985e-05,2.70689e-06,0.00386957,0.0260857,2.50745,0.644052,0.0121761,0.000588986,1.19438e-05,9.26686e-07,4.00193e-05,1.59467e-06,6.48316e-05,5.2186e-05,3.26197e-06,1.30842e-08,3.30786e-06,3.03397e-06,12.7755,47.7039,8.14651,0.372657,31.6639,0.0725712,9.9861,0.00850468,0.0725712,2.89181,0.151272,3.32604,0.00219021,0.0072353,3.15939,0.00290285,0.0153065,0.00172789,0.005952,3.15939,0.00991364,3.05928,1.67779,0.000419132,0.0636547,0.000193523,0.00255109,7.25712e-05,0.000963938,0.0636547,2.22492,1.28704e-05,4.62897,0.0810759
2042.3750,296.007,294.56,3.61418,0.176574,2.65209,0.0109888,0.00485525,0.00231238,0.00613351,8.53388e-05,0.000162511,7.19937e-05,3.30916e-06,0.005403,0.0142471,3.53988,0.493301,0.0183127,0.000594792,1.92116e-05,9.95672e-07,3.35818e-05,1.24655e-06,7.41606e-05,7.82029e-05,3.34936e-06,1.63173e-08,3.35708e-06,4.62489e-06,12.9163,47.795,8.20982,0.345448,31.6483,0.107937,10.0419,0.00960801,0.107937,2.88499,0.153144,3.32539,0.00156274,0.00656803,3.15818,0.00431746,0.015385,0.00256992,0.00593814,3.15818,0.0100219,3.05928,1.67776,0.000383073,0.0636071,0.000287831,0.00256416,0.000107937,0.000961664,0.0636071,3.43667,2.02073e-05,4.70643,0.117545
2042.4583,299.243,297.406,3.60747,0.12725,3.07665,0.0106281,0.00520125,0.0020048,0.00542685,0.000114099,0.000161297,9.77743e-05,2.7412e-06,0.00761517,0.0164424,4.14924,0.339325,0.0175996,0.000601319,1.88544e-05,1.08773e-06,1.38734e-05,5.88339e-07,6.85191e-05,7.46332e-05,1.68513e-06,8.17934e-09,2.87924e-06,4.44047e-06,13.0763,47.9085,8.2813,0.325316,31.6297,0.107756,10.0251,0.00904708,0.107756,2.87713,0.15529,3.32521,0.00125829,0.00607618,3.15667,0.00431025,0.0153629,0.00256563,0.00592211,3.15667,0.0101478,3.05928,1.67772,0.000356962,0.0635539,0.00028735,0.00256049,0.000107756,0.000959044,0.0635539,3.54771,1.99421e-05,4.79499,0.116803
2042.5417,298.872,297.582,3.60066,0.119041,2.4952,0.00801948,0.00460524,0.00149887,0.00341424,9.42065e-05,0.000145833,8.09821e-05,1.98645e-06,0.00781863,0.0198066,3.88461,0.274204,0.0129253,0.000606295,1.38678e-05,1.16705e-06,6.73216e-06,4.71722e-07,5.00659e-05,5.4615e-05,1.213e-06,4.81533e-09,2.08762e-06,3.2322e-06,13.1838,47.9868,8.33518,0.312596,31.6159,0.107573,10.0081,0.00851041,0.107573,2.8746,0.156973,3.32545,0.00128764,0.00576794,3.15551,0.00430294,0.0153403,0.00256127,0.00591701,3.15551,0.0102461,3.05928,1.67767,0.000340853,0.0635154,0.000286863,0.00255672,0.000107573,0.000958201,0.0635154,3.0525,1.50348e-05,4.84858,0.116084
2042.6250,292.108,292.109,3.59398,0.136347,1.72629,0.00705102,0.00381306,0.00146237,0.00323796,7.79372e-05,0.000133394,6.65105e-05,2.19694e-06,0.00661976,0.0146797,2.74744,0.26724,0.0113683,0.000610173,1.2097e-05,1.20041e-06,1.16959e-05,2.92109e-07,5.21516e-05,4.81184e-05,1.69064e-06,3.17617e-09,2.02875e-06,2.83766e-06,13.2698,48.0489,8.37667,0.30307,31.6031,0.107394,9.99138,0.0080134,0.107394,2.87282,0.158325,3.32549,0.00130157,0.00553451,3.15442,0.00429575,0.0153179,0.002557,0.00591338,3.15442,0.0103245,3.05928,1.67764,0.00032855,0.0634814,0.000286384,0.00255299,0.000107394,0.000957608,0.0634814,2.23495,1.32974e-05,4.89318,0.115407
2042.7083,285.912,286.558,2.93639,0.166853,0.774478,0.00437743,0.0027576,0.00227384,0.00161983,4.40611e-05,7.99625e-05,3.66644e-05,1.88352e-06,0.00548054,0.0112014,1.5146,0.236408,0.00659615,0.00752407,7.04839e-06,1.1936e-06,2.29006e-05,2.05051e-07,7.29366e-06,7.55657e-05,2.31273e-06,2.30638e-09,1.44001e-06,4.80943e-06,13.2903,48.1184,8.38609,0.35888,31.5969,0.0885036,9.97469,0.00754556,0.0885036,2.87239,0.158345,3.32625,0.00121028,0.00694498,3.15384,0.00353906,0.0152954,0.00210723,0.00591246,3.15384,0.0103274,3.05932,1.67762,0.000402984,0.0634667,0.000235908,0.00254923,8.85036e-05,0.000957462,0.0634667,1.27802,8.24199e-06,4.90422,0.0960491
2042.7917,278.376,279.589,0,0.209422,0,0,0.00106788,0.00290052,-0.00106788,0,0,0,0,0,0,0,0,0,0.000601323,0,1.14316e-06,9.47221e-07,5.28533e-08,9.02387e-07,0,5.25276e-08,1.72635e-09,1.87889e-06,0,13.0919,48.2069,8.29738,0.601626,31.6398,0,9.95804,0.00710489,0,2.87346,0.153997,3.33042,0.00021856,0.0129232,3.15736,0,0.0152727,0,0.0059146,3.15736,0.0100871,3.05956,1.67765,0.000729055,0.0635887,0,0.00254545,0,0.000957821,0.0635887,0.634449,1.14316e-06,4.79454,0.00710489
2042.8750,274.433,275.234,0,0.21156,0,0,0.000878277,0.00182575,-0.000878277,0,0,0,0,0,0,0,0,0,0.000600319,0,1.08051e-06,5.38783e-06,6.05252e-08,1.76531e-05,0,2.83763e-07,1.81282e-09,1.7753e-06,0,13.0415,48.1019,8.28352,0.519723,31.6629,0,9.94141,0.00669009,0,2.87776,0.15374,3.3304,0.000577387,0.0108444,3.15931,0,0.0152499,0,0.00592333,3.15931,0.0100703,3.05956,1.67771,0.000618087,0.0636513,0,0.00254165,0,0.000959254,0.0636513,0.453533,1.08051e-06,4.75801,0.00669009
2042.9583,274.058,274.485,0,0.219858,0,0,0.000641782,0.00178666,-0.000641782,0,0,0,0,0,0,0,0,0,0.0005993,0,1.01222e-06,1.02597e-05,1.40376e-07,2.19249e-05,0,7.35801e-07,2.65304e-09,1.97531e-06,0,12.9985,48.0305,8.26946,0.47489,31.6716,0,9.92453,0.00629324,0,2.88551,0.153479,3.33024,0.000994656,0.00973823,3.16009,0,0.0152266,0,0.00593913,3.16009,0.0100532,3.05956,1.67776,0.000557701,0.0636734,0,0.00253776,0,0.000961836,0.0636734,0.3491,1.01222e-06,4.72906,0.00629324
2043.0417,275.081,275.617,0,0.164298,0,0,0.000653224,0.00162215,-0.000653224,0,0,0,0,0,0,0,0,0,0.000598332,0,9.55574e-07,1.29616e-05,2.72103e-07,2.70534e-05,0,1.13273e-06,2.9999e-09,1.94618e-06,0,12.9595,47.9621,8.25611,0.434996,31.6768,0,9.90851,0.0059373,0,2.89082,0.153231,3.32997,0.0014549,0.00875712,3.16058,0,0.0152043,0,0.00594985,3.16058,0.0100369,3.05956,1.67782,0.000502912,0.0636847,0,0.00253405,0,0.000963606,0.0636847,0.425354,9.55574e-07,4.70343,0.0059373
2043.1250,280.497,280.096,0,0.238257,0,0,0.00109293,0.00188763,-0.00109293,0,0,0,0,0,0,0,0,0,0.000597365,0,9.01039e-07,2.72972e-05,1.5029e-06,4.11456e-05,0,1.75898e-06,1.46041e-08,2.44849e-06,0,12.9145,47.8869,8.24277,0.40141,31.6768,0,9.8925,0.00560181,0,2.89412,0.152984,3.32941,0.00187823,0.00793282,3.16066,0,0.0151819,0,0.0059564,3.16066,0.0100207,3.05956,1.67788,0.000457189,0.0636814,0,0.00253031,0,0.000964705,0.0636814,0.623461,9.01039e-07,4.67175,0.00560181
2043.2083,285.546,284.73,1.19617,0.16946,0.742569,0.00368113,0.00195768,0.00180805,0.00172345,2.01948e-05,7.9022e-05,1.64151e-05,1.46752e-06,0.00210014,0.0160464,1.01823,0.34203,0.00547639,0.000596731,4.82048e-06,8.84112e-07,2.95852e-05,2.4277e-06,4.85365e-05,2.32231e-05,2.95404e-06,1.83728e-08,2.49158e-06,1.35669e-06,12.8767,47.814,8.23323,0.371613,31.6712,0.0370008,9.94231,0.00678721,0.0370008,2.89449,0.152871,3.32856,0.00226101,0.00720274,3.16026,0.00148003,0.0152506,0.000880973,0.00595689,3.16026,0.0100122,3.05956,1.67795,0.000417212,0.0636623,9.86689e-05,0.00254177,3.70008e-05,0.000964829,0.0636623,1.54471,5.7046e-06,4.64348,0.0437881
2043.2917,290.964,289.949,4.44204,0.19019,2.19912,0.0111932,0.00417281,0.00201675,0.0070204,8.11829e-05,0.000159131,6.75535e-05,4.24468e-06,0.00489181,0.0128873,2.41397,0.487949,0.0173446,0.000599918,1.72465e-05,9.31121e-07,3.20311e-05,1.01903e-06,6.26249e-05,7.33895e-05,3.13813e-06,9.30331e-09,2.87128e-06,4.38796e-06,13.001,47.9021,8.2681,0.348249,31.6603,0.129663,10.0919,0.010093,0.129663,2.89257,0.15424,3.32795,0.00170524,0.00663021,3.15942,0.00518653,0.0154588,0.00308722,0.00595308,3.15942,0.0100919,3.05956,1.67793,0.000386382,0.0636293,0.000345769,0.00257646,0.000129663,0.000964191,0.0636293,3.10984,1.81776e-05,4.73289,0.139756
2043.3750,294.216,293.097,4.54786,0.19076,2.55791,0.0117379,0.00478703,0.00212996,0.00695084,0.000109918,0.000163992,9.32774e-05,3.69291e-06,0.00652882,0.0124648,3.21348,0.366729,0.0181464,0.000605135,1.90159e-05,1.02057e-06,2.56065e-05,2.95391e-07,7.19987e-05,7.64246e-05,2.4379e-06,6.00322e-09,3.03033e-06,4.59466e-06,13.1992,48.0592,8.32657,0.328341,31.6444,0.132408,10.0804,0.00961979,0.132408,2.88715,0.15633,3.32767,0.0011366,0.00614303,3.15812,0.00529631,0.0154442,0.00315257,0.00594215,3.15812,0.0102158,3.05956,1.67788,0.000360556,0.063584,0.000353087,0.00257403,0.000132408,0.000962384,0.063584,3.49204,2.00365e-05,4.87266,0.142028
2043.4583,296.564,295.604,4.53922,0.183116,3.00817,0.012058,0.00521237,0.00220172,0.00684565,0.000117989,0.000163603,0.000100901,3.08695e-06,0.00685157,0.012907,3.85611,0.343442,0.0185875,0.000610631,1.97265e-05,1.1178e-06,2.42724e-05,1.68893e-07,7.90836e-05,7.82284e-05,2.26545e-06,4.70102e-09,3.09079e-06,4.71217e-06,13.3892,48.2033,8.38829,0.311234,31.6245,0.132187,10.0636,0.00905816,0.132187,2.8783,0.158456,3.32757,0.00101929,0.0057255,3.15644,0.00528747,0.015422,0.0031473,0.0059241,3.15644,0.0103425,3.05956,1.67783,0.00033865,0.0635297,0.000352498,0.00257033,0.000132187,0.000959435,0.0635297,3.83468,2.08443e-05,5.00093,0.141245
2043.5417,297.308,296.607,4.53045,0.194707,2.27203,0.0100123,0.00520993,0.00220201,0.00480232,9.16982e-05,0.00014872,7.84849e-05,2.3205e-06,0.00596257,0.0123456,3.77818,0.33171,0.0150291,0.000615628,1.59587e-05,1.2061e-06,2.85188e-05,1.7195e-07,8.22883e-05,6.33086e-05,2.68838e-06,3.95658e-09,3.03096e-06,3.79473e-06,13.5456,48.3158,8.44417,0.297345,31.6037,0.131962,10.0465,0.00852084,0.131962,2.86919,0.160355,3.32739,0.00111185,0.00538838,3.15463,0.00527849,0.0153993,0.00314196,0.00590541,3.15463,0.0104553,3.05956,1.67779,0.000321139,0.0634752,0.0003519,0.00256655,0.000131962,0.000956395,0.0634752,3.27567,1.71648e-05,5.10142,0.140483
2043.6250,293.37,293.36,4.52185,0.193579,1.61284,0.00773631,0.00437864,0.00196144,0.00335767,5.4507e-05,0.000132617,4.60914e-05,2.00788e-06,0.00424007,0.0134388,2.9193,0.38417,0.0112958,0.00061945,1.18382e-05,1.25091e-06,3.20317e-05,2.16424e-07,7.56152e-05,4.77905e-05,2.87754e-06,4.37121e-09,2.65931e-06,2.83192e-06,13.6548,48.3836,8.48644,0.285951,31.5826,0.131742,10.0297,0.00802321,0.131742,2.86027,0.161814,3.32694,0.0013733,0.0051141,3.15275,0.00526968,0.0153768,0.00313671,0.00588707,3.15275,0.0105408,3.05956,1.67777,0.000307031,0.0634222,0.000351312,0.0025628,0.000131742,0.000953423,0.0634222,2.32646,1.30891e-05,5.16837,0.139765
2043.7083,287.349,287.751,3.6872,0.178851,0.980631,0.00490486,0.0031584,0.0026184,0.00174646,3.29841e-05,7.83021e-05,2.74162e-05,1.75418e-06,0.00394954,0.00997297,1.64559,0.329176,0.00645884,0.00909998,6.98283e-06,1.23921e-06,2.7905e-05,3.84855e-07,7.04101e-06,8.64438e-05,2.51026e-06,6.15873e-09,1.48894e-06,5.5469e-06,13.6705,48.4541,8.48964,0.355288,31.5729,0.108569,10.013,0.0075548,0.108569,2.85541,0.161596,3.3275,0.00133228,0.00687131,3.15182,0.00434198,0.0153542,0.00258497,0.00587702,3.15182,0.0105309,3.05962,1.67777,0.000400064,0.0634013,0.000289433,0.00255903,0.000108569,0.000951802,0.0634013,1.35585,8.22204e-06,5.18088,0.116124
2043.7917,278.269,279.789,0,0.236185,0,0,0.00111631,0.00302571,-0.00111631,0,0,0,0,0,0,0,0,0,0.000607684,0,1.18205e-06,1.03956e-06,1.9012e-07,-2.8479e-06,0,5.84252e-08,6.13929e-09,1.73131e-06,0,13.4312,48.573,8.38133,0.663862,31.6227,0,9.99623,0.0071136,0,2.85521,0.156251,3.33268,0.000195086,0.0144889,3.15587,0,0.0153314,0,0.00587654,3.15587,0.0102361,3.05991,1.6778,0.00081523,0.0635444,0,0.00255523,0,0.000951737,0.0635444,0.459347,1.18205e-06,5.04991,0.0071136
2043.8750,274.875,275.705,0,0.26598,0,0,0.00105109,0.00245542,-0.00105109,0,0,0,0,0,0,0,0,0,0.000606669,0,1.11399e-06,4.25287e-06,3.66107e-07,1.51373e-05,0,1.90506e-07,1.25658e-08,2.21408e-06,0,13.3792,48.4602,8.36733,0.569682,31.6519,0,9.97954,0.00669829,0,2.85944,0.15599,3.3327,0.00042852,0.0120771,3.15831,0,0.0153085,0,0.00588513,3.15831,0.010219,3.05991,1.67786,0.000687632,0.0636248,0,0.00255141,0,0.000953146,0.0636248,0.649225,1.11399e-06,5.01188,0.00669829
2043.9583,274.219,274.367,0,0.1858,0,0,0.000990435,0.00162374,-0.000990435,0,0,0,0,0,0,0,0,0,0.000605639,0,1.05535e-06,7.35198e-06,7.31858e-07,1.7265e-05,0,3.64817e-07,1.99216e-08,1.67168e-06,0,13.327,48.37,8.35313,0.510993,31.6657,0,9.9626,0.00630095,0,2.86634,0.155725,3.33257,0.000809478,0.0106213,3.15951,0,0.0152851,0,0.00589918,3.15951,0.0102016,3.05991,1.67792,0.000608281,0.0636606,0,0.00254751,0,0.000955447,0.0636606,0.477485,1.05535e-06,4.97389,0.00630095
2044.0417,275.086,275.34,0,0.340055,0,0,0.0010129,0.00183427,-0.0010129,0,0,0,0,0,0,0,0,0,0.000604661,0,1.00859e-06,1.44663e-05,6.28156e-07,2.56005e-05,0,7.34661e-07,1.24161e-08,2.08399e-06,0,13.2768,48.2887,8.33964,0.465984,31.6735,0,9.94651,0.00594457,0,2.87238,0.155474,3.33229,0.00116797,0.0095087,3.16022,0,0.0152627,0,0.00591141,3.16022,0.0101852,3.05991,1.67797,0.000546802,0.0636794,0,0.00254378,0,0.00095746,0.0636794,1.02957,1.00859e-06,4.93721,0.00594457
2044.1250,275.443,274.643,0,0.167637,0,0,0.000933747,0.00138098,-0.000933747,0,0,0,0,0,0,0,0,0,0.000603685,0,9.76193e-07,1.32722e-05,1.09291e-06,2.41349e-05,0,7.40871e-07,1.3553e-08,1.67376e-06,0,13.2294,48.219,8.32617,0.433647,31.6767,0,9.93045,0.00560868,0,2.87922,0.155223,3.33196,0.00154223,0.00872257,3.16055,0,0.0152402,0,0.00592525,3.16055,0.0101687,3.05991,1.67802,0.000503408,0.0636858,0,0.00254004,0,0.000959739,0.0636858,0.902696,9.76193e-07,4.90324,0.00560868
2044.2083,286.264,284.668,0.11392,0.16841,0.0765472,0.000444551,0.0014052,0.00205295,-0.000960651,1.88307e-06,1.71459e-05,1.53049e-06,1.28717e-07,0.000512452,0.00810768,0.287408,0.0750024,0.000479298,0.000602683,4.36721e-07,9.53416e-07,2.46232e-05,1.30377e-06,4.36026e-05,1.9986e-06,2.1489e-06,1.12713e-08,2.68107e-06,1.10087e-07,13.1759,48.134,8.31234,0.398742,31.6768,0.00368886,9.92101,0.00544552,0.00368886,2.88252,0.154966,3.33137,0.00197095,0.00786476,3.16064,0.000147554,0.0152268,8.78299e-05,0.00593176,3.16064,0.0101519,3.05991,1.67809,0.000455395,0.0636821,9.83695e-06,0.0025378,3.68886e-06,0.000960841,0.0636821,1.10839,1.39014e-06,4.86356,0.00913437
2044.2917,288.306,287.607,3.7979,0.20659,1.64938,0.0100615,0.00353795,0.00208537,0.00652354,5.68127e-05,0.000156884,4.64632e-05,3.88382e-06,0.0038695,0.0171946,1.92087,0.583848,0.014036,0.000603596,1.29644e-05,9.66617e-07,3.55011e-05,1.02192e-06,5.74141e-05,5.88311e-05,2.82636e-06,9.23656e-09,2.91143e-06,3.5378e-06,13.2238,48.1403,8.32135,0.366203,31.6696,0.11206,10.1144,0.00984746,0.11206,2.88073,0.155568,3.33059,0.00188106,0.00707119,3.16014,0.00448238,0.015495,0.00266808,0.00592802,3.16014,0.0101862,3.05991,1.67812,0.000411368,0.0636576,0.000298825,0.0025825,0.00011206,0.000960244,0.0636576,2.58493,1.3931e-05,4.90242,0.121907
2044.3750,295.229,293.619,4.74073,0.165313,2.90137,0.0116438,0.00487044,0.00213688,0.00677335,8.71286e-05,0.000163064,7.37298e-05,3.15929e-06,0.00523362,0.0141367,3.29462,0.419762,0.0162225,0.000607131,1.66431e-05,1.03777e-06,2.71515e-05,6.04945e-07,6.6838e-05,6.77273e-05,2.76662e-06,8.17132e-09,3.04298e-06,4.10619e-06,13.4031,48.2777,8.36163,0.341569,31.6564,0.137317,10.1468,0.0103583,0.137317,2.87656,0.157272,3.33016,0.0013936,0.0064707,3.15911,0.00549268,0.0155414,0.00326945,0.00591975,3.15911,0.0102878,3.05991,1.67809,0.000378814,0.0636178,0.000366178,0.00259024,0.000137317,0.000958854,0.0636178,3.61596,1.76809e-05,5.04147,0.147675
2044.4583,296.728,295.718,4.73168,0.209483,2.53084,0.0117838,0.00526974,0.00238964,0.00651403,8.76517e-05,0.000162449,7.45861e-05,2.70175e-06,0.00522758,0.0139672,3.82044,0.40833,0.0163985,0.000611353,1.70991e-05,1.13554e-06,2.9801e-05,2.43677e-07,8.2067e-05,6.84858e-05,2.51323e-06,5.32337e-09,3.38831e-06,4.15387e-06,13.5925,48.4207,8.4101,0.321275,31.6382,0.137088,10.1299,0.00975355,0.137088,2.86871,0.159159,3.32986,0.00120462,0.00597536,3.15762,0.0054835,0.0155194,0.00326399,0.00590384,3.15762,0.0104012,3.05991,1.67806,0.000352371,0.0635661,0.000365567,0.00258657,0.000137088,0.000956237,0.0635661,3.66232,1.82347e-05,5.18242,0.146841
2044.5417,297.843,296.886,4.7225,0.151876,3.04911,0.0101199,0.00525723,0.0021362,0.00486272,6.71075e-05,0.000149422,5.711e-05,2.05827e-06,0.00438212,0.0121561,3.85131,0.412727,0.0137942,0.000615327,1.43797e-05,1.22217e-06,2.45884e-05,3.1577e-07,7.7465e-05,5.76996e-05,2.43705e-06,4.99999e-09,2.97577e-06,3.48323e-06,13.7487,48.527,8.45558,0.303991,31.6162,0.136855,10.1127,0.00917497,0.136855,2.85818,0.160867,3.32947,0.00142663,0.0055563,3.15574,0.0054742,0.0154968,0.00325845,0.00588233,3.15574,0.0105032,3.05991,1.67804,0.000330307,0.0635066,0.000364946,0.0025828,0.000136855,0.000952726,0.0635066,3.48402,1.56019e-05,5.2931,0.14603
2044.6250,294.684,294.167,4.71349,0.112943,2.04723,0.00780341,0.0046578,0.00141122,0.00314561,5.53011e-05,0.000132605,4.70369e-05,1.72898e-06,0.00433465,0.0138269,3.06094,0.335382,0.0102957,0.000618253,1.06389e-05,1.27502e-06,4.55248e-06,6.79535e-07,5.00777e-05,4.2982e-05,9.47183e-07,4.59152e-09,1.90937e-06,2.58114e-06,13.8469,48.5962,8.48859,0.293503,31.6006,0.136626,10.0958,0.00863915,0.136626,2.85513,0.162112,3.32947,0.00179073,0.00530571,3.15438,0.00546506,0.0154744,0.00325301,0.00587617,3.15438,0.0105768,3.05991,1.67802,0.000317406,0.0634665,0.000364337,0.00257907,0.000136626,0.000951711,0.0634665,2.44928,1.1914e-05,5.3583,0.145266
2044.7083,286.736,287.502,3.84194,0.191301,0.633057,0.00449971,0.00316626,0.00263478,0.00133345,2.74741e-05,7.44153e-05,2.2917e-05,1.37096e-06,0.00347299,0.0106535,1.63616,0.31255,0.00511508,0.00941255,5.58658e-06,1.26061e-06,3.661e-05,3.70312e-07,3.7534e-06,8.27585e-05,3.32266e-06,3.10743e-09,1.50329e-06,5.3576e-06,13.8548,48.6708,8.48524,0.366184,31.5957,0.112594,10.0789,0.00813478,0.112594,2.85412,0.161713,3.33017,0.00153864,0.0071435,3.1539,0.00450272,0.0154518,0.00268081,0.00587414,3.1539,0.0105572,3.05998,1.67801,0.000414923,0.0634561,0.00030016,0.00257531,0.000112594,0.000951374,0.0634561,1.18934,6.84719e-06,5.36954,0.120729
2044.7917,283.929,284.435,0,0.206084,0,0,0.0016192,0.00370242,-0.0016192,0,0,0,0,0,0,0,0,0,0.000605089,0,1.19771e-06,1.46119e-06,9.29363e-08,-1.68068e-06,0,8.23992e-08,2.45021e-09,2.32181e-06,0,13.5961,48.7798,8.36967,0.681667,31.6487,0,10.0621,0.0076597,0,2.85331,0.156084,3.33536,0.000240899,0.0149273,3.15824,0,0.0154291,0,0.00587247,3.15824,0.0102465,3.06028,1.67805,0.000840318,0.063607,0,0.00257152,0,0.000951105,0.063607,0.495179,1.19771e-06,5.22647,0.0076597
2044.8750,276.21,277.031,0,0.293482,0,0,0.00119146,0.00242504,-0.00119146,0,0,0,0,0,0,0,0,0,0.000604079,0,1.13378e-06,5.29133e-06,1.63039e-07,1.60867e-05,0,2.40282e-07,4.4691e-09,2.26266e-06,0,13.5329,48.6396,8.35569,0.569323,31.6822,0,10.0453,0.00721251,0,2.8552,0.155823,3.33535,0.000525655,0.0120572,3.16107,0,0.0154062,0,0.0058763,3.16107,0.0102294,3.06028,1.67812,0.000687085,0.0636979,0,0.00256771,0,0.000951734,0.0636979,0.598518,1.13378e-06,5.17717,0.00721251
2044.9583,274.633,275.195,0,0.354666,0,0,0.00104877,0.00194246,-0.00104877,0,0,0,0,0,0,0,0,0,0.000603053,0,1.06955e-06,1.11381e-05,5.86589e-07,2.22693e-05,0,5.48959e-07,1.30703e-08,2.08779e-06,0,13.4766,48.541,8.34151,0.507834,31.6953,0,10.0283,0.00678467,0,2.86125,0.155559,3.33517,0.000936357,0.0105374,3.16225,0,0.0153829,0,0.00588864,3.16225,0.010212,3.06028,1.67819,0.000603664,0.0637308,0,0.00256381,0,0.00095375,0.0637308,0.472885,1.06955e-06,5.1351,0.00678467
2045.0417,273.614,274.024,0,0.385779,0,0,0.000857423,0.00168615,-0.000857423,0,0,0,0,0,0,0,0,0,0.000602079,0,1.00938e-06,1.49995e-05,9.78959e-07,2.4708e-05,0,8.4978e-07,1.62555e-08,1.97696e-06,0,13.4301,48.4664,8.32804,0.467294,31.7012,0,10.0121,0.00640093,0,2.86781,0.155307,3.33484,0.0012829,0.00954403,3.16281,0,0.0153605,0,0.00590202,3.16281,0.0101955,3.06028,1.67824,0.000548954,0.0637437,0,0.00256008,0,0.000955938,0.0637437,0.532683,1.00938e-06,5.10205,0.00640093
2045.1250,275.02,275.1,0,0.305136,0,0,0.0010003,0.00163763,-0.0010003,0,0,0,0,0,0,0,0,0,0.000601107,0,9.78132e-07,1.83496e-05,1.16792e-06,2.90278e-05,0,1.06631e-06,1.43339e-08,2.0463e-06,0,13.3829,48.3919,8.31459,0.431612,31.7042,0,9.9959,0.00603925,0,2.87317,0.155057,3.3344,0.00162123,0.00866939,3.16314,0,0.015338,0,0.00591285,3.16314,0.0101791,3.06028,1.6783,0.000500021,0.0637481,0,0.00255634,0,0.000957724,0.0637481,1.21801,9.78132e-07,5.0683,0.00603925
2045.2083,285.09,284.057,0,0.199543,0,0,0.00139724,0.00204313,-0.00139724,0,0,0,0,0,0,0,0,0,0.000600103,0,9.56714e-07,3.04579e-05,1.86505e-06,4.62005e-05,0,2.20336e-06,1.78875e-08,2.74492e-06,0,13.3261,48.3011,8.30071,0.396969,31.7026,0,9.9792,0.00568655,0,2.87549,0.154798,3.33369,0.00203843,0.00782303,3.16311,0,0.0153147,0,0.00591737,3.16311,0.0101621,3.06028,1.67837,0.000452556,0.0637388,0,0.00255245,0,0.000958496,0.0637388,1.18058,9.56714e-07,5.02538,0.00568655
2045.2917,291.013,289.872,2.26212,0.185014,1.48876,0.00749421,0.00343577,0.00217075,0.00405845,3.64873e-05,0.000134923,2.98882e-05,2.39357e-06,0.00304688,0.0208438,2.20488,0.591857,0.0105568,0.000600567,1.00812e-05,9.60208e-07,3.90559e-05,1.6203e-06,6.1251e-05,4.45467e-05,3.51013e-06,1.31736e-08,3.07845e-06,2.6402e-06,13.3157,48.2481,8.30414,0.365778,31.6937,0.0687883,10.116,0.00882379,0.0687883,2.87295,0.155027,3.33268,0.00220058,0.00706229,3.16248,0.00275153,0.0155042,0.00163782,0.00591199,3.16248,0.0101738,3.06028,1.67843,0.000410499,0.0637088,0.000183435,0.00258403,6.87883e-05,0.00095765,0.0637088,2.3593,1.10414e-05,5.01157,0.0776121
2045.3750,297.812,296.137,3.8631,0.17275,2.73203,0.0112714,0.0053469,0.00238562,0.00592446,7.07312e-05,0.000163782,5.97345e-05,2.66917e-06,0.00444131,0.0128347,3.8565,0.515237,0.0162521,0.000605327,1.67964e-05,1.03088e-06,3.58917e-05,7.88017e-07,7.66908e-05,6.84193e-05,3.64051e-06,8.25696e-09,3.43591e-06,4.10654e-06,13.4602,48.3467,8.35825,0.340946,31.6784,0.114579,10.2014,0.0105724,0.114579,2.86711,0.156675,3.33201,0.00169031,0.00645688,3.16129,0.00458315,0.015624,0.00272807,0.00590026,3.16129,0.0102708,3.06028,1.67841,0.000377706,0.0636627,0.000305543,0.00260401,0.000114579,0.000955704,0.0636627,3.46326,1.78273e-05,5.10196,0.125151
2045.4583,299.511,298.14,3.85603,0.148215,3.1679,0.0110783,0.00552558,0.00222679,0.00555268,7.83919e-05,0.000161575,6.678e-05,2.31253e-06,0.00501744,0.0153867,4.34807,0.447045,0.0159596,0.000610713,1.67193e-05,1.13297e-06,2.40324e-05,4.55863e-07,7.70888e-05,6.70723e-05,2.71879e-06,5.22754e-09,3.16717e-06,4.0328e-06,13.6131,48.4486,8.41976,0.320091,31.6579,0.114391,10.1844,0.00995537,0.114391,2.85748,0.158511,3.33152,0.00157132,0.00594975,3.15961,0.00457565,0.015602,0.0027236,0.0058807,3.15961,0.0103797,3.06028,1.67839,0.000350662,0.0636047,0.000305044,0.00260033,0.000114391,0.000952494,0.0636047,3.84835,1.78522e-05,5.19332,0.124347
2045.5417,299.798,298.189,3.84871,0.126646,2.71338,0.00853167,0.00521362,0.00179738,0.00331805,6.20219e-05,0.000145665,5.29323e-05,1.72206e-06,0.00490438,0.0202096,4.01902,0.386506,0.0119038,0.00061515,1.24649e-05,1.2162e-06,1.69337e-05,5.0304e-07,6.33088e-05,4.99598e-05,1.95705e-06,3.78397e-09,2.49624e-06,2.9847e-06,13.7236,48.5236,8.47004,0.306248,31.6411,0.114197,10.1671,0.00936482,0.114197,2.85261,0.160023,3.33142,0.00172879,0.00561541,3.15818,0.00456789,0.0155793,0.00271898,0.00587087,3.15818,0.0104689,3.06028,1.67836,0.000333143,0.063559,0.000304526,0.00259655,0.000114197,0.00095087,0.063559,3.16201,1.36811e-05,5.2536,0.123562
2045.6250,294.9,294.84,3.84152,0.135013,2.02228,0.00772026,0.00456011,0.0017468,0.00316015,4.94908e-05,0.000133689,4.19472e-05,1.70055e-06,0.00388373,0.0135915,3.27234,0.399749,0.0107561,0.000618699,1.11504e-05,1.25936e-06,2.12025e-05,4.1377e-07,6.46827e-05,4.52421e-05,2.99164e-06,2.72523e-09,2.40413e-06,2.69537e-06,13.8037,48.5698,8.50988,0.294928,31.6237,0.114006,10.1502,0.00881791,0.114006,2.84739,0.161241,3.33105,0.00194368,0.00534113,3.15666,0.00456026,0.0155568,0.00271444,0.00586026,3.15666,0.01054,3.06028,1.67835,0.000318803,0.0635138,0.000304017,0.00259281,0.000114006,0.000949131,0.0635138,2.50828,1.24097e-05,5.29384,0.122824
2045.7083,287.524,288.133,3.13696,0.190692,0.825055,0.0046114,0.00319912,0.00270889,0.00141229,2.67802e-05,7.69301e-05,2.22788e-05,1.39428e-06,0.0032904,0.00981488,1.76689,0.34951,0.00575344,0.00795797,6.14149e-06,1.25637e-06,3.8847e-05,2.80166e-07,4.34179e-06,7.54021e-05,3.37649e-06,2.0191e-09,1.60061e-06,4.83956e-06,13.8197,48.633,8.51782,0.352052,31.6162,0.0939531,10.1332,0.0083031,0.0939531,2.84498,0.16111,3.33146,0.00174842,0.00678921,3.15595,0.00375694,0.0155342,0.00223698,0.00585537,3.15595,0.0105349,3.06033,1.67835,0.000395593,0.063497,0.00025043,0.00258903,9.39531e-05,0.000948328,0.063497,1.46431,7.39786e-06,5.3019,0.102256
2045.7917,280.348,281.521,0,0.1933,0,0,0.0012996,0.0031753,-0.0012996,0,0,0,0,0,0,0,0,0,0.000608842,0,1.20306e-06,3.35458e-06,7.85958e-08,3.71656e-06,0,1.8104e-07,1.76928e-09,2.16034e-06,0,13.6014,48.7091,8.42283,0.596008,31.6672,0,10.1163,0.0078182,0,2.84447,0.156439,3.33557,0.000321896,0.0128177,3.16014,0,0.0155114,0,0.00585432,3.16014,0.0102769,3.06058,1.67839,0.000724727,0.0636416,0,0.00258523,0,0.000948157,0.0636416,0.506526,1.20306e-06,5.17861,0.0078182
2045.8750,274.588,275.521,0,0.254611,0,0,0.00108446,0.00213402,-0.00108446,0,0,0,0,0,0,0,0,0,0.000607825,0,1.13439e-06,7.90993e-06,1.23673e-07,2.08352e-05,0,4.12651e-07,2.62254e-09,2.13708e-06,0,13.5459,48.5986,8.40876,0.514443,31.6894,0,10.0994,0.00736176,0,2.84889,0.156178,3.33552,0.000711802,0.010745,3.16202,0,0.0154884,0,0.00586339,3.16202,0.0102597,3.06058,1.67845,0.000613468,0.0637016,0,0.00258141,0,0.000949631,0.0637016,0.548141,1.13439e-06,5.13713,0.00736176
2045.9583,273.891,274.482,0,0.26794,0,0,0.00103977,0.00173766,-0.00103977,0,0,0,0,0,0,0,0,0,0.000606794,0,1.07411e-06,1.34774e-05,4.63646e-07,2.49361e-05,0,7.03254e-07,7.6746e-09,1.94868e-06,0,13.4914,48.5056,8.39449,0.460879,31.6988,0,10.0822,0.00692506,0,2.85449,0.155913,3.33525,0.00118218,0.00941721,3.16286,0,0.015465,0,0.00587481,3.16286,0.0102423,3.06058,1.67851,0.000540219,0.0637249,0,0.0025775,0,0.000951496,0.0637249,0.780926,1.07411e-06,5.09691,0.00692506
2046.0417,276.985,276.853,0,0.25767,0,0,0.00113649,0.00179088,-0.00113649,0,0,0,0,0,0,0,0,0,0.000605814,0,1.03052e-06,1.90742e-05,1.03492e-06,3.18687e-05,0,1.05692e-06,1.34781e-08,2.17989e-06,0,13.4402,48.4267,8.38093,0.424112,31.7023,0,10.066,0.00653338,0,2.86013,0.155661,3.33483,0.00156018,0.00851307,3.16321,0,0.0154425,0,0.0058863,3.16321,0.0102257,3.06058,1.67857,0.000490177,0.0637318,0,0.00257376,0,0.000953378,0.0637318,0.736437,1.03052e-06,5.05924,0.00653338
2046.1250,277.984,277.845,0,0.233424,0,0,0.00109306,0.00160804,-0.00109306,0,0,0,0,0,0,0,0,0,0.000604835,0,9.92962e-07,2.22471e-05,2.59908e-06,3.65041e-05,0,1.54745e-06,2.69581e-08,2.09995e-06,0,13.3878,48.345,8.3674,0.392042,31.7015,0,10.0497,0.00616421,0,2.8637,0.155409,3.33423,0.00198378,0.00772663,3.16321,0,0.01542,0,0.00589346,3.16321,0.0102092,3.06058,1.67863,0.000446528,0.0637265,0,0.00257,0,0.000954568,0.0637265,1.00137,9.92962e-07,5.02039,0.00616421
2046.2083,288.272,287.103,0.906085,0.158954,0.652566,0.00286573,0.00224011,0.00192163,0.000625621,1.48074e-05,6.49519e-05,1.20978e-05,1.00115e-06,0.00178048,0.0189927,1.08346,0.296057,0.00411785,0.000604135,3.79428e-06,9.71361e-07,3.04601e-05,2.23092e-06,5.22202e-05,1.75105e-05,3.23235e-06,1.50131e-08,2.65246e-06,1.01355e-06,13.3358,48.261,8.35699,0.364758,31.6956,0.0282721,10.0982,0.00729353,0.0282721,2.86492,0.155239,3.3334,0.00241525,0.00705486,3.16279,0.00113088,0.015487,0.000673145,0.00589575,3.16279,0.0101972,3.06058,1.6787,0.000409633,0.063707,7.53922e-05,0.00258117,2.82721e-05,0.000954972,0.063707,1.57099,4.76564e-06,4.97876,0.0355656
2046.2917,290.64,289.63,3.72949,0.183818,2.31293,0.0104946,0.00443548,0.00196885,0.00605911,7.13866e-05,0.000158466,5.91463e-05,4.00568e-06,0.00465551,0.0147476,2.42402,0.534795,0.0164702,0.000608222,1.60876e-05,1.01161e-06,3.51862e-05,1.02844e-06,6.20573e-05,6.99611e-05,3.33286e-06,8.20015e-09,2.8082e-06,4.15723e-06,13.4245,48.3138,8.40189,0.341984,31.6841,0.11099,10.2724,0.011126,0.11099,2.86319,0.156454,3.33263,0.00189904,0.00649682,3.16189,0.0044396,0.0157294,0.00264262,0.00589241,3.16189,0.0102672,3.06058,1.67869,0.000379481,0.0636728,0.000295973,0.00262157,0.00011099,0.000954398,0.0636728,3.10665,1.70992e-05,5.0226,0.122116
2046.3750,295.606,294.308,3.84708,0.152063,2.82154,0.0113982,0.00517317,0.00198821,0.00622505,0.000105856,0.000163152,9.00658e-05,3.27296e-06,0.00645738,0.0139691,3.51071,0.380142,0.0179558,0.000614775,1.89116e-05,1.09727e-06,2.23054e-05,4.91049e-07,6.74934e-05,7.58635e-05,2.73804e-06,5.82787e-09,2.83037e-06,4.54327e-06,13.5832,48.4334,8.47527,0.323188,31.6684,0.114154,10.2629,0.0106456,0.114154,2.85864,0.158418,3.33232,0.00137806,0.0060362,3.1606,0.00456616,0.0157182,0.00271795,0.00588339,3.1606,0.0103827,3.06058,1.67865,0.000354955,0.063628,0.00030441,0.00261969,0.000114154,0.000952879,0.063628,3.5414,2.00088e-05,5.10791,0.1248
2046.4583,299.972,298.031,3.8399,0.138981,3.17816,0.0101879,0.00561004,0.00193517,0.00457784,0.000105693,0.000160418,9.06846e-05,2.41989e-06,0.00736813,0.0174219,4.20226,0.322599,0.0157218,0.000621131,1.67362e-05,1.1858e-06,1.41846e-05,3.07029e-07,6.77733e-05,6.62177e-05,1.74137e-06,3.90625e-09,2.70271e-06,3.96113e-06,13.7311,48.5435,8.54638,0.30827,31.651,0.113963,10.2458,0.0100241,0.113963,2.85309,0.160362,3.33229,0.00125203,0.00567176,3.15913,0.00455853,0.0156959,0.00271341,0.00587225,3.15913,0.0104977,3.06058,1.6786,0.000335771,0.0635808,0.000303902,0.00261599,0.000113963,0.00095103,0.0635808,3.73111,1.7922e-05,5.18474,0.123987
2046.5417,298.385,297.477,3.83261,0.18203,2.41952,0.00932522,0.0053407,0.00208624,0.00398452,8.36334e-05,0.000148554,7.15618e-05,2.12548e-06,0.00589065,0.014622,3.9559,0.350943,0.0142659,0.000626505,1.51744e-05,1.26896e-06,3.01661e-05,1.90484e-07,7.71502e-05,6.02877e-05,2.63142e-06,2.68408e-09,2.87462e-06,3.59204e-06,13.8399,48.6168,8.60611,0.296111,31.6336,0.11377,10.2284,0.00942944,0.11377,2.84726,0.162048,3.3322,0.00129392,0.00537494,3.15762,0.0045508,0.0156731,0.00270881,0.00586043,3.15762,0.0105969,3.06058,1.67856,0.00032024,0.0635349,0.000303386,0.00261219,0.00011377,0.000949085,0.0635349,3.31238,1.64433e-05,5.23376,0.123199
2046.6250,292.915,292.991,3.82546,0.176365,1.72653,0.00750521,0.00428459,0.00186799,0.00322062,5.50405e-05,0.000133429,4.65415e-05,2.02075e-06,0.00441573,0.0140901,2.91967,0.381768,0.0113137,0.000630881,1.18843e-05,1.30426e-06,3.08703e-05,1.43926e-07,7.20713e-05,4.79807e-05,2.94411e-06,2.21887e-09,2.54819e-06,2.83336e-06,13.9329,48.6702,8.65435,0.284876,31.613,0.11358,10.2113,0.00887875,0.11358,2.83947,0.16346,3.33166,0.00145643,0.00510332,3.15579,0.0045432,0.0156505,0.00270428,0.00584452,3.15579,0.0106791,3.06058,1.67854,0.000306222,0.063483,0.00030288,0.00260842,0.00011358,0.00094649,0.063483,2.25385,1.31885e-05,5.27851,0.122459
2046.7083,287.766,288.335,3.12395,0.183799,1.00951,0.00483984,0.00322705,0.00264677,0.00161279,3.44452e-05,8.0487e-05,2.87941e-05,1.6404e-06,0.00403718,0.0100092,1.79,0.31337,0.00669677,0.00794312,7.23258e-06,1.29176e-06,2.94336e-05,1.69221e-07,9.47216e-06,7.92101e-05,2.60141e-06,2.26658e-09,1.58199e-06,5.05345e-06,13.9502,48.7319,8.66628,0.342459,31.6034,0.0936015,10.1943,0.00836039,0.0936015,2.83575,0.163428,3.33208,0.00137447,0.00656305,3.15488,0.00374314,0.0156278,0.00222861,0.00583692,3.15488,0.0106792,3.06064,1.67854,0.000383408,0.0634621,0.000249507,0.00260463,9.36015e-05,0.000945251,0.0634621,1.56526,8.52434e-06,5.28394,0.101962
2046.7917,281.206,282.321,0,0.198521,0,0,0.00133477,0.00321333,-0.00133477,0,0,0,0,0,0,0,0,0,0.000621693,0,1.23806e-06,2.24624e-06,1.17734e-07,3.70491e-06,0,1.2295e-07,3.19799e-09,2.12049e-06,0,13.7351,48.8121,8.57374,0.58985,31.652,0,10.1772,0.00787214,0,2.83513,0.158827,3.33644,0.000274933,0.0126652,3.15884,0,0.0156048,0,0.00583565,3.15884,0.010425,3.06089,1.67857,0.000715694,0.0636012,0,0.0026008,0,0.000945044,0.0636012,0.567087,1.23806e-06,5.16137,0.00787214
2046.8750,271.159,272.432,0,0.159608,0,0,0.000856984,0.0011752,-0.000856984,0,0,0,0,0,0,0,0,0,0.000620655,0,1.17203e-06,2.87761e-06,2.15781e-07,1.14951e-05,0,1.45471e-07,4.85174e-09,1.08048e-06,0,13.6828,48.7183,8.55942,0.521487,31.6718,0,10.1603,0.00741255,0,2.8422,0.158562,3.33645,0.000602238,0.0109414,3.16049,0,0.0155817,0,0.00585016,3.16049,0.0104076,3.06089,1.67862,0.000624992,0.063656,0,0.00259696,0,0.0009474,0.063656,0.577,1.17203e-06,5.12335,0.00741255
2046.9583,273.068,273.312,0,0.830772,0,0,0.000937836,0.00127414,-0.000937836,0,0,0,0,0,0,0,0,0,0.000619602,0,1.09977e-06,6.23363e-06,2.53608e-07,1.43717e-05,0,3.51391e-07,4.36621e-09,1.30995e-06,0,13.6329,48.654,8.5449,0.487787,31.68,0,10.143,0.00697284,0,2.85329,0.158292,3.33637,0.00091185,0.0101023,3.16119,0,0.0155581,0,0.00587292,3.16119,0.01039,3.06089,1.67866,0.000580206,0.0636779,0,0.00259302,0,0.000951096,0.0636779,0.360877,1.09977e-06,5.08804,0.00697284
2047.0417,276.354,276.161,0,0.286518,0,0,0.00106914,0.00188371,-0.00106914,0,0,0,0,0,0,0,0,0,0.000618601,0,1.04488e-06,1.33652e-05,4.28274e-07,2.63722e-05,0,8.04155e-07,5.61862e-09,2.12394e-06,0,13.5835,48.5801,8.5311,0.448553,31.6872,0,10.1266,0.00657846,0,2.86084,0.158037,3.33616,0.00128471,0.00911956,3.16183,0,0.0155356,0,0.00588833,3.16183,0.0103732,3.06089,1.67871,0.000525964,0.063696,0,0.00258926,0,0.000953613,0.063696,0.839526,1.04488e-06,5.0524,0.00657846
2047.1250,283.524,282.475,0,0.172671,0,0,0.00132174,0.00198535,-0.00132174,0,0,0,0,0,0,0,0,0,0.000617602,0,1.00386e-06,2.08696e-05,9.69704e-07,3.71438e-05,0,1.75285e-06,8.15048e-09,2.44899e-06,0,13.529,48.4923,8.51732,0.407876,31.6906,0,10.1103,0.00620674,0,2.86477,0.157782,3.33575,0.00178356,0.00811758,3.16217,0,0.0155129,0,0.00589623,3.16217,0.0103564,3.06089,1.67877,0.000469686,0.0637026,0,0.00258548,0,0.000954923,0.0637026,0.868672,1.00386e-06,5.0117,0.00620674
2047.2083,291.639,290.292,1.691,0.137886,1.12526,0.00426795,0.00272673,0.00215118,0.00154122,2.13654e-05,8.90358e-05,1.75894e-05,1.30523e-06,0.00221648,0.0188765,1.59821,0.378379,0.00589239,0.000617056,5.6487e-06,9.84676e-07,2.81906e-05,1.11836e-06,5.43966e-05,2.48994e-05,3.11803e-06,6.46931e-09,2.89166e-06,1.45976e-06,13.4814,48.401,8.5088,0.3692,31.6867,0.0512426,10.2005,0.00828101,0.0512426,2.86372,0.157691,3.335,0.00231552,0.00716681,3.16194,0.0020497,0.0156378,0.00122006,0.00589389,3.16194,0.0103491,3.06089,1.67884,0.000416593,0.0636879,0.000136647,0.00260631,5.12426e-05,0.000954574,0.0636879,1.90967,6.63338e-06,4.97256,0.0595236
2047.2917,290.709,289.986,4.84873,0.150917,2.66435,0.0116694,0.00448546,0.00186052,0.00718395,8.04638e-05,0.000159371,6.71117e-05,4.03239e-06,0.00470244,0.0130141,2.49743,0.491987,0.0173076,0.000620692,1.71995e-05,1.03637e-06,2.37604e-05,6.85503e-07,5.62327e-05,7.2988e-05,2.77434e-06,4.79758e-09,2.61972e-06,4.38656e-06,13.6062,48.4883,8.54937,0.343356,31.6766,0.140035,10.3692,0.0119253,0.140035,2.86214,0.15908,3.33451,0.00185555,0.00653488,3.16115,0.00560141,0.0158731,0.00333417,0.00589098,3.16115,0.0104303,3.06089,1.67883,0.000382163,0.063657,0.000373427,0.00264551,0.000140035,0.000954048,0.063657,3.13918,1.82358e-05,5.05681,0.151961
2047.3750,294.859,293.63,4.89558,0.14929,3.01533,0.0120688,0.00517803,0.00190731,0.00689081,0.000115823,0.000164418,9.86838e-05,3.45342e-06,0.00673033,0.0119398,3.35839,0.339946,0.0178614,0.00062626,1.86661e-05,1.12029e-06,1.81305e-05,3.01369e-07,6.25513e-05,7.48617e-05,1.97535e-06,3.4066e-09,2.69864e-06,4.52828e-06,13.8006,48.6494,8.61262,0.32502,31.6636,0.141224,10.3548,0.0112939,0.141224,2.86011,0.161108,3.33447,0.00129267,0.00608549,3.1601,0.00564895,0.0158552,0.00336247,0.00588724,3.1601,0.0105513,3.06089,1.67877,0.00035811,0.0636198,0.000376596,0.00264254,0.000141224,0.000953371,0.0636198,3.69692,1.97863e-05,5.188,0.152518
2047.4583,301.682,298.628,4.8862,0.062479,2.82078,0.00708193,0.00501433,0.00107051,0.00206761,7.97351e-05,0.000124326,6.86569e-05,1.56843e-06,0.00687956,0.0246064,3.28874,0.211924,0.0097566,0.000630958,1.03237e-05,1.20921e-06,6.58522e-07,2.42703e-07,3.38706e-05,4.06223e-05,1.40797e-07,2.68963e-09,1.46757e-06,2.44078e-06,13.9378,48.7614,8.66568,0.312252,31.6515,0.140988,10.3375,0.0106345,0.140988,2.85988,0.162795,3.33472,0.00117137,0.0057782,3.15909,0.00563951,0.015833,0.00335685,0.00588711,3.15909,0.010652,3.06089,1.67871,0.00034195,0.0635861,0.000375968,0.00263884,0.000140988,0.000953293,0.0635861,2.9675,1.15329e-05,5.27209,0.151622
2047.5417,298.321,297.436,4.87668,0.145958,2.31931,0.00874433,0.00520684,0.00173606,0.00353749,7.89222e-05,0.000140617,6.76626e-05,1.87479e-06,0.00588219,0.0162355,3.689,0.294854,0.0123276,0.00063329,1.30265e-05,1.24334e-06,2.02962e-05,1.68295e-07,6.01423e-05,5.16721e-05,2.57382e-06,2.06625e-09,2.40971e-06,3.10023e-06,13.9684,48.7767,8.69092,0.30343,31.6423,0.140749,10.32,0.0100037,0.140749,2.86259,0.16367,3.33469,0.00126612,0.005558,3.1583,0.00562994,0.0158102,0.00335116,0.00589298,3.1583,0.0107026,3.06089,1.6787,0.000330445,0.063561,0.00037533,0.00263504,0.000140749,0.000954197,0.063561,3.01799,1.42698e-05,5.27749,0.150752
2047.6250,291.985,292.261,4.86734,0.127647,2.10126,0.00795963,0.004331,0.00135519,0.00362863,7.20807e-05,0.00013393,6.14597e-05,2.09936e-06,0.00551145,0.0133071,2.81199,0.282226,0.0112441,0.000637023,1.17805e-05,1.28914e-06,9.60762e-06,1.694e-07,4.76305e-05,4.71288e-05,1.37409e-06,1.71933e-09,1.83994e-06,2.82262e-06,14.0681,48.8501,8.73265,0.294206,31.6279,0.140514,10.3028,0.00941947,0.140514,2.85988,0.165012,3.33466,0.00137607,0.00533082,3.15705,0.00562054,0.0157876,0.00334556,0.00588758,3.15705,0.0107818,3.06089,1.67867,0.000318353,0.0635234,0.000374703,0.00263127,0.000140514,0.000953294,0.0635234,2.51331,1.30696e-05,5.33546,0.149933
2047.7083,286.815,287.529,3.96583,0.113199,1.12801,0.00504369,0.0032544,0.00208335,0.00178929,4.45549e-05,7.83106e-05,3.76269e-05,1.68808e-06,0.00485489,0.00901019,1.69872,0.230598,0.00638111,0.00968219,7.05676e-06,1.28143e-06,7.02188e-06,1.50734e-07,-7.64884e-06,8.97655e-05,1.13535e-06,1.46843e-09,9.9774e-07,5.7898e-06,14.0856,48.9452,8.73654,0.37386,31.6242,0.115798,10.2856,0.00886954,0.115798,2.86157,0.164709,3.33587,0.00124022,0.00734316,3.15669,0.00463109,0.0157648,0.00275709,0.00589118,3.15669,0.0107679,3.06095,1.67865,0.000424509,0.0635159,0.000308704,0.00262747,0.000115798,0.000953856,0.0635159,1.34998,8.33819e-06,5.34906,0.124667
2047.7917,282.107,282.986,0,0.21024,0,0,0.00141873,0.00346696,-0.00141873,0,0,0,0,0,0,0,0,0,0.000624454,0,1.22283e-06,1.16263e-07,2.89131e-08,-6.05901e-06,0,6.11567e-09,1.17211e-09,2.01796e-06,0,13.828,49.0808,8.62103,0.712042,31.6768,0,10.2684,0.00835155,0,2.86385,0.158984,3.34174,0.000157593,0.0156928,3.16101,0,0.0157418,0,0.00589594,3.16101,0.0104522,3.06126,1.67867,0.000878839,0.063665,0,0.00262364,0,0.000954617,0.063665,0.594691,1.22283e-06,5.20702,0.00835155
2047.8750,275.036,275.587,0,0.252712,0,0,0.00108871,0.00239316,-0.00108871,0,0,0,0,0,0,0,0,0,0.000623411,0,1.1567e-06,2.92857e-06,2.18399e-08,1.00663e-05,0,1.2468e-07,9.94883e-10,2.07327e-06,0,13.772,48.9592,8.60663,0.608692,31.7102,0,10.2512,0.00786397,0,2.86831,0.158719,3.3418,0.000314806,0.0130367,3.16382,0,0.0157187,0,0.00590512,3.16382,0.0104347,3.06126,1.67873,0.000739119,0.0637565,0,0.00261979,0,0.000956103,0.0637565,0.532239,1.1567e-06,5.16538,0.00786397
2047.9583,274.198,274.669,0,0.255706,0,0,0.00102673,0.00191451,-0.00102673,0,0,0,0,0,0,0,0,0,0.000622353,0,1.09255e-06,8.23303e-06,1.44521e-07,1.78738e-05,0,3.84002e-07,5.13257e-09,1.96027e-06,0,13.7174,48.8611,8.59203,0.541326,31.727,0,10.2338,0.00739748,0,2.87529,0.158449,3.34171,0.000674873,0.0113619,3.1653,0,0.0156951,0,0.00591943,3.1653,0.010417,3.06126,1.67879,0.000647911,0.0637995,0,0.00261584,0,0.000958429,0.0637995,0.744999,1.09255e-06,5.12542,0.00739748
2048.0417,274.99,274.885,0,0.215502,0,0,0.00100314,0.00168836,-0.00100314,0,0,0,0,0,0,0,0,0,0.000621348,0,1.04126e-06,1.19976e-05,4.23321e-07,2.14563e-05,0,6.0612e-07,1.06457e-08,1.90126e-06,0,13.6675,48.7826,8.57815,0.496734,31.7356,0,10.2173,0.00697909,0,2.88283,0.158193,3.34149,0.00100767,0.0102646,3.16609,0,0.0156724,0,0.00593486,3.16609,0.0104002,3.06126,1.67884,0.000587774,0.0638197,0,0.00261207,0,0.000960942,0.0638197,0.793134,1.04126e-06,5.08932,0.00697909
2048.1250,280.417,279.763,0,0.24622,0,0,0.00121232,0.00211001,-0.00121232,0,0,0,0,0,0,0,0,0,0.000620344,0,1.01168e-06,2.08465e-05,9.13128e-07,3.33892e-05,0,1.15622e-06,1.75253e-08,2.58838e-06,0,13.6143,48.6935,8.56429,0.4511,31.7409,0,10.2008,0.00658473,0,2.88719,0.157938,3.34106,0.00139421,0.00914065,3.16664,0,0.0156497,0,0.00594369,3.16664,0.0103834,3.06126,1.67891,0.000524998,0.0638294,0,0.00260828,0,0.000962398,0.0638294,1.12456,1.01168e-06,5.05001,0.00658473
2048.2083,285.127,284.393,0.154442,0.179949,0.134491,0.000638905,0.00146887,0.00208597,-0.000829962,2.72942e-06,2.07039e-05,2.23237e-06,1.7292e-07,0.000617333,0.0101313,0.416206,0.0964369,0.00074642,0.000619322,7.20809e-07,9.88072e-07,2.89645e-05,1.34603e-06,4.49553e-05,3.14467e-06,2.28455e-06,1.72024e-08,2.78405e-06,1.75822e-07,13.5567,48.5947,8.55016,0.408941,31.7406,0.00498119,10.1946,0.00644968,0.00498119,2.88849,0.157679,3.34033,0.00184667,0.00811169,3.16675,0.000199248,0.015641,0.0001186,0.00594614,3.16675,0.0103663,3.06126,1.67899,0.000467314,0.0638223,1.32832e-05,0.00260684,4.98119e-06,0.00096283,0.0638223,1.23044,1.70888e-06,5.00658,0.0114309
2048.2917,289.905,289.012,3.77282,0.182328,2.06315,0.0104077,0.00400848,0.00213115,0.0063992,6.67472e-05,0.000157611,5.51389e-05,3.93549e-06,0.00436493,0.0149723,2.26648,0.539808,0.0153079,0.000621223,1.49435e-05,1.007e-06,3.17787e-05,8.81764e-07,5.80731e-05,6.46e-05,2.68956e-06,1.03813e-08,3.01989e-06,3.86273e-06,13.6077,48.6023,8.57033,0.375442,31.7326,0.111547,10.4098,0.0112893,0.111547,2.88653,0.158416,3.33956,0.00169322,0.00729482,3.16621,0.00446188,0.0159398,0.00265588,0.00594216,3.16621,0.0104083,3.06126,1.67902,0.000422301,0.063794,0.000297459,0.00265664,0.000111547,0.000962176,0.063794,2.7627,1.59505e-05,5.0374,0.122836
2048.3750,295.205,293.932,4.58637,0.192276,2.23564,0.0118937,0.00528366,0.00232539,0.00661008,0.000104912,0.000163979,8.9135e-05,3.40289e-06,0.00622719,0.0126036,3.35617,0.368214,0.0175361,0.00062668,1.83424e-05,1.07142e-06,2.70226e-05,3.72358e-07,7.21877e-05,7.36135e-05,2.6049e-06,7.03141e-09,3.35334e-06,4.44176e-06,13.7884,48.7401,8.63223,0.350085,31.719,0.133392,10.4404,0.011687,0.133392,2.88254,0.160341,3.33928,0.00115158,0.00667587,3.16518,0.00533568,0.0159843,0.003176,0.00593438,3.16518,0.0105226,3.06126,1.67898,0.000388929,0.0637519,0.000355712,0.00266405,0.000133392,0.000960846,0.0637519,3.14206,1.94138e-05,5.15618,0.145079
2048.4583,299.225,298.058,4.57765,0.173583,2.79348,0.0121411,0.00592494,0.00241504,0.00621613,0.00010825,0.000163017,9.2783e-05,2.58685e-06,0.00631,0.0130153,4.36129,0.355867,0.0177788,0.000632403,1.88266e-05,1.15177e-06,2.75229e-05,2.12377e-07,8.17196e-05,7.46246e-05,2.94682e-06,4.81386e-09,3.44913e-06,4.50738e-06,13.9563,48.8568,8.69725,0.327728,31.6994,0.133169,10.423,0.0110047,0.133169,2.87337,0.162328,3.33907,0.00110092,0.0061301,3.16359,0.00532677,0.015962,0.00317069,0.00591587,3.16359,0.0106412,3.06126,1.67895,0.000359855,0.0636948,0.000355118,0.00266034,0.000133169,0.000957791,0.0636948,3.61796,1.99783e-05,5.2591,0.144174
2048.5417,297.617,297.005,4.5688,0.188912,2.44522,0.0100142,0.00547391,0.00232845,0.00454025,7.63725e-05,0.000148372,6.51774e-05,2.13844e-06,0.00502667,0.013342,3.89675,0.379371,0.0143583,0.000637755,1.51548e-05,1.23506e-06,3.23875e-05,1.5397e-07,8.38303e-05,6.04261e-05,3.00899e-06,3.38308e-09,3.26556e-06,3.62486e-06,14.1062,48.9569,8.7579,0.309874,31.6775,0.132943,10.4053,0.0103519,0.132943,2.86335,0.164178,3.33875,0.00123139,0.0056964,3.16175,0.00531773,0.0159392,0.00316531,0.0058955,3.16175,0.0107512,3.06126,1.67892,0.000337052,0.063635,0.000354515,0.00265653,0.000132943,0.00095445,0.063635,3.23882,1.63899e-05,5.34831,0.143295
2048.6250,293.966,293.837,4.56011,0.19401,1.65036,0.00783187,0.00466218,0.00205394,0.00316969,4.81254e-05,0.000132684,4.06105e-05,1.86394e-06,0.00377557,0.0147374,3.02701,0.419212,0.010932,0.000641603,1.13921e-05,1.26971e-06,3.5029e-05,1.72705e-07,7.66783e-05,4.6142e-05,3.1784e-06,3.07294e-09,2.8268e-06,2.74133e-06,14.2027,49.01,8.80093,0.296142,31.6563,0.132721,10.3879,0.0097473,0.132721,2.85481,0.165528,3.33817,0.00148995,0.00536509,3.15991,0.00530885,0.0159165,0.00316003,0.00587811,3.15991,0.0108302,3.06126,1.67892,0.000319863,0.0635798,0.000353923,0.00265274,0.000132721,0.000951604,0.0635798,2.24377,1.26619e-05,5.40176,0.142468
2048.7083,286.888,287.644,3.71811,0.192621,0.873017,0.00484857,0.00322308,0.00271851,0.00162549,2.92965e-05,7.65595e-05,2.43593e-05,1.5466e-06,0.00353286,0.009508,1.70636,0.342273,0.00610755,0.00918528,6.54975e-06,1.2625e-06,3.02146e-05,2.58003e-07,6.42697e-06,8.50577e-05,2.58516e-06,3.74918e-09,1.59924e-06,5.4734e-06,14.2136,49.0748,8.80592,0.364197,31.6468,0.109376,10.3706,0.00917824,0.109376,2.85023,0.16527,3.33866,0.00141292,0.00709168,3.15901,0.00437387,0.0158936,0.00260419,0.0058688,3.15901,0.0108182,3.06132,1.67892,0.000411438,0.0635578,0.000291569,0.00264893,0.000109376,0.000950078,0.0635578,1.47865,7.81225e-06,5.40772,0.118554
2048.7917,280.386,281.584,0,0.197795,0,0,0.00130896,0.0032987,-0.00130896,0,0,0,0,0,0,0,0,0,0.000629777,0,1.20377e-06,1.49553e-06,1.74247e-07,-2.00525e-06,0,8.25381e-08,5.14391e-09,2.00681e-06,0,13.9663,49.1854,8.69575,0.669832,31.6988,0,10.3533,0.00864222,0,2.85045,0.159836,3.34383,0.000218506,0.0146395,3.16327,0,0.0158705,0,0.00586932,3.16327,0.0105181,3.06162,1.67895,0.000823486,0.0637062,0,0.00264508,0,0.00095015,0.0637062,0.410413,1.20377e-06,5.27058,0.00864222
2048.8750,274.936,275.98,0,0.257999,0,0,0.00107568,0.00247769,-0.00107568,0,0,0,0,0,0,0,0,0,0.000628726,0,1.1284e-06,4.89863e-06,2.28185e-07,1.58445e-05,0,2.35845e-07,6.91768e-09,2.30364e-06,0,13.9107,49.0653,8.68123,0.571014,31.7289,0,10.336,0.00813767,0,2.85463,0.159569,3.34384,0.000472875,0.01211,3.16581,0,0.0158473,0,0.00587794,3.16581,0.0105005,3.06162,1.67902,0.000688943,0.0637882,0,0.00264121,0,0.000951542,0.0637882,0.441914,1.1284e-06,5.22951,0.00813767
2048.9583,274.748,274.936,0,0.269634,0,0,0.00108753,0.00192622,-0.00108753,0,0,0,0,0,0,0,0,0,0.000627659,0,1.06848e-06,1.05913e-05,6.96535e-07,2.15089e-05,0,4.99455e-07,1.69899e-08,2.05463e-06,0,13.8557,48.9656,8.6665,0.506065,31.7432,0,10.3184,0.00765495,0,2.86061,0.159298,3.34367,0.000904311,0.0104991,3.16708,0,0.0158235,0,0.00589023,3.16708,0.0104827,3.06162,1.67909,0.000600337,0.0638242,0,0.00263725,0,0.000953537,0.0638242,0.721475,1.06848e-06,5.18925,0.00765495
2049.0417,277.798,277.842,0,0.257676,0,0,0.00116631,0.0019832,-0.00116631,0,0,0,0,0,0,0,0,0,0.000626645,0,1.02388e-06,1.76278e-05,8.53197e-07,2.95379e-05,0,1.005e-06,1.5886e-08,2.3271e-06,0,13.8021,48.8775,8.6525,0.459345,31.7501,0,10.3018,0.00722199,0,2.866,0.159041,3.34331,0.00128669,0.00934783,3.16773,0,0.0158007,0,0.00590125,3.16773,0.0104658,3.06162,1.67915,0.00053648,0.0638395,0,0.00263346,0,0.000955335,0.0638395,0.797306,1.02388e-06,5.14962,0.00722199
2049.1250,278.35,278.243,0,0.223671,0,0,0.00110298,0.00178082,-0.00110298,0,0,0,0,0,0,0,0,0,0.000625633,0,9.90504e-07,2.20507e-05,1.14217e-06,3.40443e-05,0,1.35858e-06,1.52962e-08,2.25466e-06,0,13.7492,48.7925,8.63853,0.420926,31.7521,0,10.2851,0.00681391,0,2.87022,0.158784,3.34277,0.00167093,0.0084106,3.16799,0,0.0157779,0,0.00590979,3.16799,0.0104489,3.06162,1.67921,0.000484196,0.0638409,0,0.00262964,0,0.000956742,0.0638409,1.06198,9.90504e-07,5.11069,0.00681391
2049.2083,287.86,286.794,1.07839,0.196172,0.548606,0.00347191,0.00230607,0.00214868,0.00116583,1.61791e-05,7.39772e-05,1.30759e-05,1.25389e-06,0.00171443,0.0135904,1.01232,0.335937,0.00473701,0.000624919,4.30891e-06,9.71352e-07,3.53164e-05,1.61966e-06,5.25922e-05,1.99914e-05,2.68979e-06,1.64202e-08,2.92908e-06,1.172e-06,13.7022,48.7088,8.62801,0.386665,31.7485,0.0332619,10.3419,0.00810418,0.0332619,2.87149,0.158634,3.34195,0.00203553,0.00757359,3.1678,0.00133048,0.0158566,0.00079195,0.00591222,3.1678,0.0104381,3.06162,1.67928,0.000437687,0.0638259,8.86984e-05,0.00264278,3.32619e-05,0.000957162,0.0638259,1.64531,5.28027e-06,5.07417,0.0413661
2049.2917,290.405,289.498,4.44638,0.174657,2.42446,0.0113964,0.00441895,0.00201855,0.00697748,7.6492e-05,0.000158596,6.34992e-05,4.1689e-06,0.004593,0.0136301,2.34335,0.500274,0.0166149,0.00062831,1.63949e-05,1.01166e-06,2.80389e-05,9.32523e-07,5.96617e-05,6.99376e-05,2.65387e-06,1.19246e-08,2.8742e-06,4.20677e-06,13.8151,48.7807,8.66585,0.358273,31.738,0.129759,10.5394,0.0124174,0.129759,2.86936,0.159897,3.34127,0.00157038,0.00688239,3.16702,0.00519037,0.0161317,0.0030895,0.00590814,3.16702,0.0105119,3.06162,1.67928,0.000399961,0.0637924,0.000346024,0.00268861,0.000129759,0.000956454,0.0637924,2.97162,1.74066e-05,5.14922,0.142177
2049.3750,295.578,294.138,4.58678,0.144709,3.03566,0.0122363,0.00532188,0.00196803,0.00691437,0.000127506,0.000163623,0.000109101,3.28036e-06,0.00728252,0.0132483,3.46379,0.307826,0.0178602,0.000633732,1.87548e-05,1.09385e-06,1.76643e-05,5.15051e-07,6.31389e-05,7.45494e-05,2.08466e-06,7.13344e-09,2.81072e-06,4.52981e-06,13.9963,48.9252,8.72765,0.337706,31.7244,0.133402,10.5304,0.0118803,0.133402,2.86674,0.161823,3.34121,0.0011573,0.00638112,3.16594,0.00533609,0.0161214,0.00317625,0.00590321,3.16594,0.0106268,3.06162,1.67923,0.000373113,0.0637521,0.000355739,0.0026869,0.000133402,0.000955579,0.0637521,3.64211,1.98487e-05,5.26869,0.145283
2049.4583,299.827,298.189,4.57805,0.141664,3.41111,0.0117419,0.00600666,0.00211644,0.00573525,0.000124009,0.000162574,0.000106723,2.49317e-06,0.00749889,0.0138132,4.31285,0.292014,0.0169002,0.000639447,1.78949e-05,1.19625e-06,1.71128e-05,2.19181e-07,7.25995e-05,7.05037e-05,1.93595e-06,4.21533e-09,2.99053e-06,4.28007e-06,14.1703,49.0585,8.7929,0.320098,31.7071,0.13318,10.5128,0.0111867,0.13318,2.86105,0.163807,3.34119,0.00102524,0.00595111,3.16451,0.00532718,0.016099,0.00317094,0.00589186,3.16451,0.0107461,3.06162,1.67918,0.000350311,0.0637033,0.000355145,0.00268316,0.00013318,0.000953683,0.0637033,4.02208,1.90912e-05,5.37738,0.144366
2049.5417,296.307,295.952,4.56921,0.210178,2.19879,0.0102884,0.00536134,0.00229996,0.00492706,8.20043e-05,0.000149153,6.99993e-05,2.28253e-06,0.00522505,0.0130189,3.73,0.365228,0.0146713,0.000644602,1.54573e-05,1.28023e-06,3.26813e-05,1.04469e-07,8.41608e-05,6.15839e-05,2.54687e-06,2.74132e-09,3.20558e-06,3.70886e-06,14.3144,49.159,8.85152,0.304647,31.6868,0.132954,10.495,0.0105231,0.132954,2.85314,0.16559,3.34096,0.0011414,0.00557508,3.16278,0.00531814,0.0160759,0.00316556,0.00587584,3.16278,0.0108526,3.06162,1.67915,0.000330597,0.0636489,0.000354543,0.00267932,0.000132954,0.000951046,0.0636489,3.2281,1.67376e-05,5.46286,0.143477
2049.6250,294.656,294.394,4.56052,0.196215,1.58647,0.0079362,0.00489512,0.0020851,0.00304109,4.65303e-05,0.000132282,3.92466e-05,1.821e-06,0.00358692,0.0144582,3.0976,0.431253,0.0109252,0.000648471,1.13676e-05,1.30767e-06,3.59912e-05,1.37145e-07,7.8864e-05,4.60566e-05,3.18434e-06,2.84377e-09,2.85064e-06,2.74218e-06,14.4133,49.2144,8.89503,0.29159,31.6651,0.132731,10.4774,0.00990851,0.132731,2.84445,0.166946,3.34042,0.00147675,0.00525982,3.16088,0.00530926,0.0160531,0.00316027,0.00585813,3.16088,0.0109323,3.06162,1.67915,0.000314255,0.0635933,0.000353951,0.00267551,0.000132731,0.000948149,0.0635933,2.21737,1.26753e-05,5.51823,0.14264
2049.7083,286.508,287.295,3.71844,0.176577,0.886434,0.00470946,0.00322418,0.00259042,0.00148529,2.9104e-05,7.5279e-05,2.42575e-05,1.47203e-06,0.00364586,0.00986622,1.72813,0.327493,0.005677,0.00919281,6.23995e-06,1.29797e-06,2.92911e-05,2.82648e-07,5.32582e-06,8.36627e-05,2.69659e-06,3.74123e-09,1.48949e-06,5.39325e-06,14.4242,49.2809,8.90012,0.360953,31.6554,0.109384,10.4599,0.00933003,0.109384,2.84036,0.166687,3.34092,0.00140925,0.00701929,3.15996,0.00437431,0.01603,0.00260439,0.00584983,3.15996,0.0109203,3.06168,1.67915,0.000407922,0.0635714,0.000291595,0.00267167,0.000109384,0.000946787,0.0635714,1.34887,7.53792e-06,5.52404,0.118714
2049.7917,283.237,284.019,0,0.204361,0,0,0.00158731,0.00359564,-0.00158731,0,0,0,0,0,0,0,0,0,0.000636543,0,1.23746e-06,1.74146e-06,1.35857e-07,-1.17251e-06,0,9.47782e-08,3.99757e-09,2.23535e-06,0,14.1699,49.383,8.78883,0.664364,31.7083,0,10.4425,0.00878515,0,2.8404,0.161225,3.34607,0.000223732,0.0144998,3.16428,0,0.0160068,0,0.00584997,3.16428,0.0106186,3.06197,1.67918,0.000817133,0.0637225,0,0.0026678,0,0.000946799,0.0637225,0.595319,1.23746e-06,5.38107,0.00878515
2049.8750,273.277,274.161,0,0.327744,0,0,0.00103387,0.00211118,-0.00103387,0,0,0,0,0,0,0,0,0,0.00063548,0,1.17184e-06,4.95476e-06,2.38543e-07,1.45827e-05,0,2.36012e-07,7.28228e-09,1.94846e-06,0,14.1115,49.2619,8.77415,0.567732,31.7375,0,10.425,0.00827226,0,2.84513,0.160955,3.34607,0.000482896,0.0120368,3.16674,0,0.0159834,0,0.00585974,3.16674,0.0106008,3.06197,1.67925,0.000686384,0.0638025,0,0.0026639,0,0.000948377,0.0638025,0.542938,1.17184e-06,5.33733,0.00827226
2049.9583,275.353,275.471,0,0.315808,0,0,0.00113376,0.00197702,-0.00113376,0,0,0,0,0,0,0,0,0,0.000634401,0,1.10275e-06,1.05066e-05,4.48766e-07,2.10583e-05,0,5.77213e-07,1.05364e-08,2.09747e-06,0,14.0573,49.1714,8.75926,0.510774,31.7505,0,10.4073,0.00778155,0,2.85286,0.160682,3.34592,0.000861893,0.0106215,3.16788,0,0.0159594,0,0.00587564,3.16788,0.0105829,3.06197,1.67931,0.000608799,0.0638357,0,0.0026599,0,0.000950955,0.0638357,0.516339,1.10275e-06,5.29806,0.00778155
2050.0417,276.665,276.89,0,0.207761,0,0,0.00111917,0.00186777,-0.00111917,0,0,0,0,0,0,0,0,0,0.000633377,0,1.04926e-06,1.53697e-05,7.74142e-07,2.7806e-05,0,8.8535e-07,1.31001e-08,2.16926e-06,0,14.0015,49.0766,8.74512,0.459051,31.7585,0,10.3905,0.00734143,0,2.85754,0.160423,3.34557,0.00128766,0.0093448,3.16863,0,0.0159365,0,0.00588518,3.16863,0.0105658,3.06197,1.67937,0.000537372,0.063854,0,0.00265608,0,0.000952515,0.063854,0.983459,1.04926e-06,5.25637,0.00734143
2050.1250,277.888,277.764,0,0.202888,0,0,0.00108942,0.00166892,-0.00108942,0,0,0,0,0,0,0,0,0,0.000632354,0,1.0141e-06,1.78847e-05,1.09401e-06,3.05201e-05,0,1.4141e-06,1.11102e-08,2.08312e-06,0,13.9492,48.998,8.73099,0.424357,31.761,0,10.3738,0.00692661,0,2.8635,0.160164,3.34517,0.00169809,0.00849877,3.16891,0,0.0159134,0,0.0058973,3.16891,0.0105487,3.06197,1.67943,0.000490194,0.0638574,0,0.00265224,0,0.000954499,0.0638574,0.977688,1.0141e-06,5.21822,0.00692661
2050.2083,283.319,282.622,0.04484,0.195492,0.0401825,0.00024167,0.0013453,0.00188818,-0.00110363,8.82477e-07,1.0391e-05,7.08432e-07,6.36258e-08,0.000337823,0.00617653,0.167935,0.0488054,0.000231489,0.0006313,2.08646e-07,9.91895e-07,2.8248e-05,1.12883e-06,4.34375e-05,9.66787e-07,2.22712e-06,8.54336e-09,2.52591e-06,5.10402e-08,13.8922,48.9104,8.71644,0.391965,31.7592,0.00146743,10.3598,0.00659964,0.00146743,2.86705,0.159897,3.34448,0.00211746,0.00770771,3.16885,5.86972e-05,0.0158942,3.49388e-05,0.0059044,3.16885,0.0105311,3.06197,1.6795,0.000445989,0.0638483,3.91315e-06,0.00264903,1.46743e-06,0.000955683,0.0638483,1.21663,1.20054e-06,5.17576,0.00806707
2050.2917,291.676,290.29,3.51327,0.175167,2.08119,0.00908027,0.00398732,0.0021347,0.00509296,4.61786e-05,0.000150311,3.80656e-05,2.79537e-06,0.00352729,0.0243116,2.58657,0.625005,0.012526,0.000632284,1.19236e-05,1.00867e-06,3.57491e-05,1.21371e-06,6.05642e-05,5.27327e-05,3.67745e-06,8.6911e-09,3.01829e-06,3.14515e-06,13.9122,48.8924,8.72603,0.362959,31.7508,0.104188,10.5782,0.0115209,0.104188,2.86632,0.160346,3.34366,0.0021605,0.00699936,3.16825,0.00416753,0.0161974,0.00248067,0.00590292,3.16825,0.0105558,3.06197,1.67954,0.000406887,0.0638207,0.000277835,0.00269957,0.000104188,0.000955439,0.0638207,2.87413,1.29323e-05,5.18621,0.115709
2050.3750,295.993,294.618,4.65516,0.175261,2.96123,0.0120811,0.00538448,0.0022442,0.00669657,8.06297e-05,0.000162509,6.80505e-05,3.11593e-06,0.00473125,0.0144844,3.52022,0.474277,0.0171498,0.000637093,1.76103e-05,1.09233e-06,3.16112e-05,5.99846e-07,7.22426e-05,7.20041e-05,3.36673e-06,6.24504e-09,3.2193e-06,4.34712e-06,14.0784,49.0151,8.78095,0.338936,31.736,0.135145,10.632,0.0124232,0.135145,2.86179,0.162112,3.34311,0.00161477,0.00641333,3.16708,0.00540579,0.0162741,0.00321773,0.00589408,3.16708,0.0106605,3.06197,1.67951,0.000375132,0.0637762,0.000360386,0.00271235,0.000135145,0.000953932,0.0637762,3.71653,1.87026e-05,5.29745,0.147568
2050.4583,297.355,296.256,4.64629,0.161482,3.07899,0.0122524,0.00564522,0.00212832,0.00660713,0.000100397,0.000163185,8.5736e-05,2.75405e-06,0.00576654,0.0130756,3.9893,0.379584,0.0174333,0.000642542,1.82662e-05,1.19164e-06,2.56865e-05,3.41798e-07,7.3591e-05,7.29532e-05,2.58226e-06,4.18513e-09,3.02074e-06,4.42199e-06,14.2539,49.1482,8.84344,0.320341,31.7182,0.134919,10.6143,0.0116979,0.134919,2.85582,0.164055,3.34287,0.0013546,0.0059605,3.16561,0.00539677,0.0162516,0.00321236,0.00588218,3.16561,0.0107767,3.06197,1.67947,0.000351016,0.0637259,0.000359784,0.00270861,0.000134919,0.00095194,0.0637259,3.89458,1.94578e-05,5.41043,0.146617
2050.5417,298.149,297.375,4.63729,0.162089,2.74523,0.0104622,0.00568948,0.00217636,0.00477275,7.68434e-05,0.000149469,6.56042e-05,2.12263e-06,0.00484874,0.0124575,3.96999,0.3794,0.0145705,0.000647644,1.5295e-05,1.27779e-06,2.92177e-05,1.85619e-07,7.91545e-05,6.10737e-05,3.27147e-06,2.95273e-09,3.03488e-06,3.68444e-06,14.4053,49.2547,8.90181,0.304478,31.6973,0.13469,10.5962,0.011004,0.13469,2.84767,0.165851,3.34247,0.00134486,0.00557463,3.16383,0.00538761,0.0162286,0.00320691,0.00586571,3.16383,0.0108839,3.06197,1.67944,0.00033069,0.0636699,0.000359174,0.00270476,0.00013469,0.000949224,0.0636699,3.40808,1.65728e-05,5.50347,0.145694
2050.6250,295.431,295.183,4.62846,0.196495,1.66181,0.00814359,0.00506225,0.00209314,0.00308134,5.07942e-05,0.00013293,4.30655e-05,1.73855e-06,0.00381771,0.0139951,3.25395,0.398404,0.0109777,0.000651533,1.1427e-05,1.32013e-06,3.64799e-05,1.78904e-07,7.89912e-05,4.61027e-05,3.38398e-06,2.33733e-09,2.86652e-06,2.75748e-06,14.5075,49.317,8.94583,0.292119,31.677,0.134465,10.5785,0.0103613,0.134465,2.8404,0.167225,3.34196,0.00155245,0.00527576,3.16205,0.00537861,0.0162056,0.00320155,0.00585096,3.16205,0.0109649,3.06197,1.67943,0.000315098,0.0636176,0.000358574,0.00270094,0.000134465,0.0009468,0.0636176,2.38459,1.27472e-05,5.56167,0.144827
2050.7083,286.579,287.466,3.7733,0.177001,0.924699,0.00491316,0.00324963,0.00265276,0.00166352,2.78939e-05,7.49056e-05,2.32009e-05,1.46329e-06,0.0033153,0.00899466,1.75362,0.348773,0.00593734,0.00930738,6.36854e-06,1.30944e-06,3.14477e-05,1.86052e-07,4.55954e-06,8.50554e-05,2.91272e-06,2.30058e-09,1.50125e-06,5.48677e-06,14.5171,49.3818,8.95005,0.361905,31.6669,0.110813,10.5609,0.00975643,0.110813,2.83584,0.166934,3.34241,0.00149304,0.00704595,3.1611,0.00443146,0.0161825,0.00263841,0.00584173,3.1611,0.0109513,3.06204,1.67943,0.000409031,0.0635948,0.000295402,0.00269708,0.000110813,0.000945281,0.0635948,1.37788,7.67798e-06,5.56708,0.12057
2050.7917,283.216,284.058,0,0.189592,0,0,0.00160813,0.00352171,-0.00160813,0,0,0,0,0,0,0,0,0,0.000639389,0,1.24281e-06,1.14853e-06,1.09583e-07,-1.62463e-06,0,7.03395e-08,2.84082e-09,2.16878e-06,0,14.2613,49.4877,8.83784,0.669518,31.7206,0,10.5432,0.00918664,0,2.83621,0.161412,3.34763,0.000247559,0.014636,3.16549,0,0.0161591,0,0.00584258,3.16549,0.0106464,3.06233,1.67946,0.000823538,0.0637481,0,0.00269319,0,0.000945403,0.0637481,0.45782,1.24281e-06,5.42347,0.00918664
2050.8750,274.824,275.808,0,0.27224,0,0,0.00112427,0.00245736,-0.00112427,0,0,0,0,0,0,0,0,0,0.000638322,0,1.17048e-06,5.27746e-06,1.58786e-07,1.61627e-05,0,2.55412e-07,4.10756e-09,2.29087e-06,0,14.2009,49.3598,8.82309,0.567141,31.7515,0,10.5256,0.00865031,0,2.84031,0.161142,3.34763,0.000521235,0.0120204,3.1681,0,0.0161356,0,0.00585108,3.1681,0.0106286,3.06233,1.67953,0.000684179,0.0638324,0,0.00268927,0,0.00094677,0.0638324,0.415162,1.17048e-06,5.37777,0.00865031
2050.9583,272.731,273.227,0,0.455378,0,0,0.000936975,0.00158983,-0.000936975,0,0,0,0,0,0,0,0,0,0.000637238,0,1.10425e-06,9.12706e-06,6.04889e-07,1.83851e-05,0,4.79719e-07,1.21461e-08,1.67656e-06,0,14.1474,49.2699,8.80811,0.510058,31.7643,0,10.5078,0.00813718,0,2.84822,0.160869,3.34748,0.000913542,0.0106109,3.16922,0,0.0161116,0,0.00586737,3.16922,0.0106106,3.06233,1.67959,0.000607125,0.0638648,0,0.00268526,0,0.000949408,0.0638648,0.659389,1.10425e-06,5.33928,0.00813718
2051.0417,273.907,274.021,0,0.545105,0,0,0.00103903,0.00168802,-0.00103903,0,0,0,0,0,0,0,0,0,0.000636209,0,1.05105e-06,1.33879e-05,6.58353e-07,2.38354e-05,0,7.32838e-07,9.9076e-09,1.94107e-06,0,14.0978,49.1943,8.79389,0.469554,31.771,0,10.4908,0.00767694,0,2.85594,0.160609,3.34721,0.00125854,0.00961094,3.16984,0,0.0160885,0,0.00588321,3.16984,0.0105935,3.06233,1.67964,0.000551992,0.0638804,0,0.00268142,0,0.00095198,0.0638804,0.812599,1.05105e-06,5.3039,0.00767694
2051.1250,279.394,279.054,0,0.240761,0,0,0.00121344,0.00193223,-0.00121344,0,0,0,0,0,0,0,0,0,0.000635181,0,1.01775e-06,2.13246e-05,1.05783e-06,3.40222e-05,0,1.28901e-06,1.25521e-08,2.39696e-06,0,14.0435,49.1094,8.77968,0.430296,31.7744,0,10.4739,0.00724316,0,2.86123,0.160349,3.34674,0.00163666,0.00864638,3.17021,0,0.0160653,0,0.00589398,3.17021,0.0105763,3.06233,1.67971,0.000498038,0.0638859,0,0.00267756,0,0.000953743,0.0638859,1.05446,1.01775e-06,5.26379,0.00724316
2051.2083,285.374,284.477,0.00882215,0.203969,0.00883285,4.20459e-05,0.00145923,0.00206065,-0.00141718,3.98535e-08,1.09233e-06,3.17163e-08,2.51076e-09,6.362e-05,0.00220436,0.0296377,0.00745553,9.44803e-06,0.000634121,9.03311e-09,9.91584e-07,3.17547e-05,1.79709e-06,4.73331e-05,3.88698e-08,2.34041e-06,1.61158e-08,2.76139e-06,1.42577e-09,13.9828,49.0122,8.76502,0.393417,31.7725,0.000291716,10.4571,0.0068362,0.000291716,2.86347,0.160082,3.34598,0.00209512,0.007746,3.17016,1.16686e-05,0.0160422,6.94562e-06,0.0058984,3.17016,0.0105587,3.06233,1.67978,0.000447607,0.0638759,7.7791e-07,0.0026737,2.91716e-07,0.000954491,0.0638759,1.15593,1.00062e-06,5.21782,0.00712792
2051.2917,292.673,291.37,3.06305,0.168506,1.90074,0.00914091,0.0041603,0.00217775,0.00498061,4.87109e-05,0.000149393,4.03134e-05,2.75557e-06,0.00363079,0.0238929,2.72792,0.615727,0.0130544,0.000635245,1.28265e-05,1.00252e-06,3.72748e-05,1.80891e-06,6.22005e-05,5.51891e-05,3.92168e-06,1.33857e-08,3.08665e-06,3.27957e-06,13.9881,48.9755,8.77602,0.362473,31.7633,0.0917408,10.6578,0.0113557,0.0917408,2.86164,0.160489,3.34504,0.00216619,0.00699056,3.1695,0.00366963,0.0163209,0.00218431,0.00589463,3.1695,0.0105808,3.06233,1.67983,0.000405932,0.0638456,0.000244642,0.00272016,9.17408e-05,0.000953882,0.0638456,2.74006,1.3829e-05,5.21207,0.103097
2051.3750,295.071,293.936,4.3311,0.176698,2.69823,0.0123361,0.00540571,0.00216681,0.00693038,9.50751e-05,0.000164532,8.04943e-05,3.39093e-06,0.00543307,0.011645,3.4258,0.429304,0.0182366,0.000641256,1.89177e-05,1.08349e-06,2.83708e-05,6.39486e-07,6.98468e-05,7.6758e-05,3.07126e-06,6.89622e-09,3.11257e-06,4.62485e-06,14.1589,49.1052,8.84436,0.339369,31.7489,0.126833,10.7241,0.0125483,0.126833,2.85806,0.162406,3.34458,0.00149728,0.00642722,3.16837,0.0050733,0.016415,0.00301982,0.00588769,3.16837,0.0106942,3.06233,1.67979,0.00037552,0.0638025,0.00033822,0.00273583,0.000126833,0.000952685,0.0638025,3.67678,2.00012e-05,5.31451,0.139381
2051.4583,298.62,297.255,4.32291,0.15215,3.35627,0.0116995,0.00578005,0.00216589,0.00591944,0.000101471,0.000162611,8.67924e-05,2.62379e-06,0.00616669,0.013699,4.15809,0.368702,0.0171412,0.000647603,1.80839e-05,1.18619e-06,2.34024e-05,2.77232e-07,7.48233e-05,7.19788e-05,2.4935e-06,4.27144e-09,3.07455e-06,4.34049e-06,14.3299,49.2309,8.91666,0.319965,31.73,0.126621,10.7062,0.0118157,0.126621,2.85107,0.164428,3.34433,0.00127233,0.00595392,3.1668,0.00506483,0.0163923,0.00301478,0.0058737,3.1668,0.0108146,3.06233,1.67975,0.000350348,0.063749,0.000337655,0.00273205,0.000126621,0.000950356,0.063749,3.98193,1.92701e-05,5.41324,0.138436
2051.5417,296.405,295.938,4.31461,0.206122,2.15583,0.010472,0.00544723,0.00229421,0.00502482,7.85645e-05,0.000148778,6.68903e-05,2.37242e-06,0.0048696,0.0126638,3.70409,0.392196,0.0152366,0.000653311,1.60484e-05,1.26897e-06,3.46683e-05,1.45278e-07,8.43872e-05,6.41637e-05,2.88031e-06,3.14809e-09,3.21091e-06,3.85507e-06,14.4747,49.3314,8.98143,0.30416,31.7092,0.126406,10.688,0.0111148,0.126406,2.84329,0.166258,3.34398,0.00126512,0.00556949,3.16503,0.00505623,0.016369,0.00300966,0.00585798,3.16503,0.0109233,3.06233,1.67972,0.000330178,0.0636933,0.000337082,0.00272817,0.000126406,0.000947765,0.0636933,3.15165,1.73174e-05,5.49324,0.137521
2051.6250,293.346,293.267,4.30646,0.190928,1.54801,0.00767235,0.00462765,0.00195613,0.0030447,5.05772e-05,0.000132288,4.27308e-05,1.90156e-06,0.00399639,0.014056,2.91097,0.393197,0.010775,0.000657611,1.1219e-05,1.30225e-06,3.27488e-05,1.99049e-07,7.40468e-05,4.54289e-05,2.9702e-06,3.30536e-09,2.68497e-06,2.70063e-06,14.5757,49.3923,9.02971,0.29164,31.6886,0.126195,10.6702,0.0104657,0.126195,2.83628,0.167662,3.34347,0.00146995,0.00526742,3.16323,0.00504779,0.0163459,0.00300464,0.00584375,3.16323,0.0110057,3.06233,1.6797,0.000314513,0.0636404,0.000336519,0.00272432,0.000126195,0.000945427,0.0636404,2.19276,1.25213e-05,5.54598,0.13666
2051.7083,287.273,287.934,3.51315,0.168953,0.955506,0.00491138,0.0033406,0.00258917,0.00157079,3.03675e-05,7.77096e-05,2.52827e-05,1.56381e-06,0.00358819,0.00951813,1.74021,0.335784,0.00619303,0.00878138,6.71851e-06,1.28419e-06,2.96937e-05,4.14985e-07,7.47314e-06,8.28033e-05,2.89376e-06,5.7173e-09,1.525e-06,5.31846e-06,14.5837,49.4524,9.03683,0.35686,31.6789,0.103997,10.6524,0.00985465,0.103997,2.83291,0.167435,3.34391,0.00141793,0.00692172,3.1623,0.00415878,0.0163226,0.00247613,0.00583695,3.1623,0.010995,3.06239,1.67971,0.000402179,0.0636184,0.000277215,0.00272043,0.000103997,0.000944303,0.0636184,1.32207,8.0027e-06,5.5469,0.113852
2051.7917,281.773,282.749,0,0.20759,0,0,0.00145787,0.00340335,-0.00145787,0,0,0,0,0,0,0,0,0,0.000646681,0,1.22257e-06,1.67577e-06,2.23088e-07,-4.89822e-07,0,9.06306e-08,5.7683e-09,2.11789e-06,0,14.3462,49.5545,8.93305,0.645179,31.7292,0,10.6346,0.00927914,0,2.834,0.162286,3.34883,0.000253752,0.0140423,3.16641,0,0.016299,0,0.00583929,3.16641,0.0107107,3.06267,1.67974,0.000790538,0.063762,0,0.00271651,0,0.000944665,0.063762,0.546402,1.22257e-06,5.41311,0.00927914
2051.8750,275.081,276.142,0,0.246608,0,0,0.000967588,0.00240316,-0.000967588,0,0,0,0,0,0,0,0,0,0.000645601,0,1.15093e-06,6.13376e-06,4.07996e-07,1.76782e-05,0,3.16402e-07,1.11624e-08,2.28135e-06,0,14.2879,49.4299,8.91813,0.545332,31.7587,0,10.6168,0.0087374,0,2.83798,0.162015,3.34881,0.000551584,0.0114896,3.1689,0,0.0162753,0,0.00584754,3.1689,0.0106928,3.06267,1.67981,0.000654342,0.0638427,0,0.00271255,0,0.000945995,0.0638427,0.335158,1.15093e-06,5.36978,0.0087374
2051.9583,274.372,275.199,0,0.245439,0,0,0.00089085,0.00194625,-0.00089085,0,0,0,0,0,0,0,0,0,0.000644505,0,1.07182e-06,1.18159e-05,5.58053e-07,2.33448e-05,0,6.94175e-07,1.1713e-08,2.108e-06,0,14.2388,49.3384,8.90299,0.48381,31.7716,0,10.5988,0.0082191,0,2.84422,0.16174,3.34859,0.000982273,0.00996528,3.17004,0,0.0162511,0,0.00586036,3.17004,0.0106746,3.06267,1.67987,0.000570079,0.063875,0,0.00270851,0,0.000948072,0.063875,0.412232,1.07182e-06,5.33585,0.0082191
2052.0417,274.824,275.161,0,0.288532,0,0,0.00104988,0.00175017,-0.00104988,0,0,0,0,0,0,0,0,0,0.000643464,0,1.01801e-06,1.63223e-05,9.01509e-07,2.76301e-05,0,8.98824e-07,1.39857e-08,2.06738e-06,0,14.1893,49.26,8.88861,0.44289,31.777,0,10.5817,0.00775424,0,2.8508,0.161479,3.34824,0.00135853,0.0089623,3.17057,0,0.0162278,0,0.00587384,3.17057,0.0106574,3.06267,1.67993,0.000514503,0.063887,0,0.00270464,0,0.000950265,0.063887,0.554079,1.01801e-06,5.30069,0.00775424
2052.1250,282.182,281.436,0,0.241269,0,0,0.00137145,0.00194631,-0.00137145,0,0,0,0,0,0,0,0,0,0.000642425,0,9.77168e-07,2.56645e-05,1.77433e-06,4.03748e-05,0,1.65442e-06,2.19865e-08,2.49924e-06,0,14.1337,49.1734,8.87426,0.406582,31.778,0,10.5646,0.00731608,0,2.85513,0.161218,3.34767,0.00176318,0.00807395,3.17074,0,0.0162045,0,0.00588263,3.17074,0.0106402,3.06267,1.67999,0.000465013,0.063886,0,0.00270074,0,0.00095171,0.063886,0.998211,9.77168e-07,5.25939,0.00731608
2052.2083,285.134,284.649,1.72204,0.174789,1.04119,0.00510318,0.00256646,0.00183358,0.00253672,2.7712e-05,9.60164e-05,2.25219e-05,2.03473e-06,0.0024721,0.0166814,1.12796,0.403158,0.00728123,0.000642088,6.49509e-06,9.6282e-07,2.91213e-05,1.82863e-06,4.7901e-05,3.07764e-05,2.60064e-06,1.72161e-08,2.51341e-06,1.81674e-06,14.0962,49.0994,8.86807,0.374052,31.7729,0.0525543,10.6691,0.00966674,0.0525543,2.85626,0.161182,3.34682,0.00207444,0.00727968,3.1704,0.00210217,0.0163496,0.00125129,0.00588483,3.1704,0.010636,3.06267,1.68006,0.000421181,0.0638674,0.000140145,0.00272493,5.25543e-05,0.000952086,0.0638674,1.83377,7.45791e-06,5.22814,0.062221
2052.2917,290.205,289.057,4.55837,0.130404,2.40436,0.0113224,0.0045607,0.00169332,0.00676167,9.81386e-05,0.000158711,8.23208e-05,4.40564e-06,0.00590864,0.013794,2.29152,0.388844,0.016848,0.000646504,1.68416e-05,1.00517e-06,1.36793e-05,1.09517e-06,5.03933e-05,7.07836e-05,1.94624e-06,9.5203e-09,2.40018e-06,4.26563e-06,14.2281,49.2012,8.91761,0.351664,31.7638,0.132672,10.8378,0.0132429,0.132672,2.85767,0.16265,3.34655,0.00157276,0.0067343,3.1697,0.00530686,0.0165852,0.00315885,0.00588815,3.1697,0.0107222,3.06267,1.68003,0.0003917,0.0638391,0.000353791,0.0027642,0.000132672,0.000952556,0.0638391,2.77932,1.78467e-05,5.31045,0.145915
2052.3750,295.912,293.772,4.58681,0.0875849,3.25806,0.0107414,0.00508927,0.00137011,0.00565215,0.0001312,0.000156337,0.000112529,3.08803e-06,0.00854381,0.019402,3.2343,0.255397,0.0158262,0.000652319,1.66594e-05,1.0864e-06,4.49919e-06,4.61065e-07,4.25682e-05,6.59248e-05,7.03636e-07,5.29773e-09,1.93529e-06,4.00109e-06,14.3984,49.3472,8.98356,0.335612,31.7535,0.133403,10.8219,0.012518,0.133403,2.85974,0.164547,3.34679,0.00111951,0.00634364,3.16889,0.00533612,0.0165656,0.00317626,0.00589294,3.16889,0.0108354,3.06267,1.67996,0.000370904,0.0638089,0.000355741,0.00276093,0.000133403,0.000953247,0.0638089,3.61165,1.77458e-05,5.4148,0.145921
2052.4583,300.065,297.742,4.57808,0.103144,2.40681,0.00743934,0.00498466,0.00129249,0.00245468,9.67383e-05,0.000140381,8.34961e-05,1.68877e-06,0.00880589,0.0257769,3.62276,0.207643,0.0104412,0.000656259,1.10796e-05,1.15407e-06,4.66979e-06,2.30227e-07,3.85259e-05,4.33094e-05,8.18629e-07,3.47048e-09,1.78582e-06,2.604e-06,14.4854,49.4209,9.02753,0.32521,31.746,0.13318,10.8038,0.0117871,0.13318,2.86425,0.165844,3.34707,0.000953116,0.0060898,3.16828,0.00532721,0.0165427,0.00317096,0.00590265,3.16828,0.0109124,3.06267,1.67992,0.000357404,0.0637868,0.000355147,0.00275711,0.00013318,0.00095475,0.0637868,3.03298,1.22337e-05,5.4579,0.144967
2052.5417,298.182,297.423,4.56923,0.180151,2.10153,0.0101374,0.00574581,0.00210707,0.0043916,0.000104123,0.000148518,8.95159e-05,2.2005e-06,0.00671939,0.0131004,3.88962,0.279843,0.0147026,0.000660565,1.5605e-05,1.21469e-06,2.45831e-05,1.05265e-07,7.37432e-05,6.15189e-05,2.69749e-06,2.35616e-09,2.95206e-06,3.71476e-06,14.5786,49.4844,9.07577,0.31259,31.7317,0.132954,10.7855,0.0110879,0.132954,2.86149,0.167267,3.34702,0.00098657,0.00577375,3.16709,0.00531817,0.0165191,0.00316558,0.00589726,3.16709,0.0109968,3.06267,1.67989,0.000340424,0.0637473,0.000354545,0.00275319,0.000132954,0.000953831,0.0637473,2.97957,1.68196e-05,5.50285,0.144042
2052.6250,295.582,295.202,4.56055,0.186395,2.07915,0.00824494,0.00503673,0.00209517,0.00320821,6.15998e-05,0.000133395,5.24391e-05,1.87662e-06,0.00453002,0.0131902,3.24397,0.346643,0.0116374,0.000664802,1.22489e-05,1.26146e-06,3.19314e-05,8.08725e-08,7.75617e-05,4.89923e-05,2.82944e-06,1.70724e-09,2.89376e-06,2.92542e-06,14.6752,49.5414,9.12322,0.299488,31.7121,0.132732,10.7675,0.0104404,0.132732,2.85457,0.16868,3.34666,0.001255,0.00545364,3.16539,0.00530929,0.0164957,0.00316029,0.00588318,3.16539,0.0110801,3.06267,1.67988,0.00032368,0.0636957,0.000353952,0.00274929,0.000132732,0.000951524,0.0636957,2.736,1.35103e-05,5.55199,0.143173
2052.7083,288.023,288.731,3.71846,0.177788,0.980973,0.00504201,0.00345047,0.00272291,0.00159154,3.19068e-05,7.77504e-05,2.65999e-05,1.48677e-06,0.00379195,0.00906797,1.87256,0.322127,0.00631027,0.00920943,6.94582e-06,1.2609e-06,2.9176e-05,7.60621e-08,1.06909e-05,8.62072e-05,2.60071e-06,1.4249e-09,1.7016e-06,5.54313e-06,14.685,49.6031,9.13093,0.36682,31.7016,0.109385,10.7495,0.00983086,0.109385,2.84971,0.168466,3.3472,0.00127749,0.00716123,3.16442,0.00437441,0.0164721,0.0026044,0.00587328,3.16442,0.0110707,3.06273,1.67988,0.000414448,0.0636709,0.000291594,0.00274535,0.000109385,0.000949905,0.0636709,1.32998,8.20672e-06,5.55409,0.119216
2052.7917,283.399,284.111,0,0.188873,0,0,0.00155188,0.00354551,-0.00155188,0,0,0,0,0,0,0,0,0,0.000653265,0,1.19713e-06,1.1692e-06,4.53536e-08,-1.60722e-06,0,6.48368e-08,1.60819e-09,2.20826e-06,0,14.4352,49.7117,9.02122,0.67396,31.7523,0,10.7315,0.00925673,0,2.85024,0.163042,3.35242,0.00018695,0.0147425,3.16857,0,0.0164483,0,0.00587442,3.16857,0.0107712,3.06302,1.67991,0.000828748,0.0638154,0,0.00274139,0,0.00095008,0.0638154,0.423016,1.19713e-06,5.41397,0.00925673
2052.8750,275.501,276.678,0,0.285358,0,0,0.00110477,0.00256662,-0.00110477,0,0,0,0,0,0,0,0,0,0.000652174,0,1.12659e-06,5.66175e-06,6.914e-08,1.73257e-05,0,2.70852e-07,2.46337e-09,2.42008e-06,0,14.3742,49.5781,9.00616,0.565524,31.7848,0,10.7136,0.0087163,0,2.85366,0.16277,3.35241,0.000474334,0.0119681,3.17132,0,0.0164244,0,0.00588148,3.17132,0.0107532,3.06302,1.67999,0.000680654,0.0639037,0,0.00273739,0,0.00095122,0.0639037,0.504021,1.12659e-06,5.368,0.0087163
2052.9583,273.996,274.443,0,0.372248,0,0,0.00104264,0.00193323,-0.00104264,0,0,0,0,0,0,0,0,0,0.000651068,0,1.05944e-06,1.10039e-05,3.96847e-07,2.17409e-05,0,5.36473e-07,1.05738e-08,2.08804e-06,0,14.32,49.4831,8.99087,0.504257,31.7981,0,10.6954,0.00819925,0,2.86075,0.162494,3.35224,0.000890504,0.0104538,3.17251,0,0.0163998,0,0.00589606,3.17251,0.010735,3.06302,1.68005,0.000597317,0.0639369,0,0.00273331,0,0.000953585,0.0639369,0.374552,1.05944e-06,5.32913,0.00819925
2053.0417,274.874,275.268,0,0.254779,0,0,0.00106151,0.00180861,-0.00106151,0,0,0,0,0,0,0,0,0,0.000650016,0,1.00572e-06,1.62138e-05,9.99243e-07,2.70955e-05,0,8.93276e-07,2.01798e-08,2.13216e-06,0,14.2676,49.398,8.97635,0.458749,31.8047,0,10.6782,0.00773551,0,2.86695,0.162231,3.35189,0.00126863,0.00933506,3.17315,0,0.0163764,0,0.00590872,3.17315,0.0107176,3.06302,1.68012,0.000535184,0.0639514,0,0.00272939,0,0.00095565,0.0639514,0.624817,1.00572e-06,5.29129,0.00773551
2053.1250,281.992,281.432,0,0.249433,0,0,0.00138152,0.0020733,-0.00138152,0,0,0,0,0,0,0,0,0,0.000648966,0,9.62621e-07,2.56468e-05,1.59657e-06,4.07851e-05,0,1.47562e-06,2.5262e-08,2.6594e-06,0,14.2121,49.3096,8.96185,0.419745,31.8065,0,10.6609,0.00729842,0,2.87126,0.161969,3.35133,0.0016688,0.00838183,3.1734,0,0.0163527,0,0.00591743,3.1734,0.0107003,3.06302,1.68018,0.000481901,0.0639518,0,0.00272546,0,0.000957085,0.0639518,0.907487,9.62621e-07,5.25021,0.00729842
2053.2083,286.773,285.966,0.687507,0.206716,0.50385,0.0023511,0.00201832,0.00210133,0.000332776,9.90309e-06,4.85183e-05,8.03079e-06,7.33098e-07,0.00105287,0.0106918,0.820109,0.245263,0.00318221,0.000648043,2.99333e-06,9.44565e-07,3.67655e-05,2.20707e-06,5.34221e-05,1.34728e-05,2.74098e-06,2.79659e-08,2.88996e-06,7.87618e-07,14.1528,49.2086,8.94877,0.383036,31.8015,0.0214626,10.6921,0.00799438,0.0214626,2.87124,0.161751,3.35039,0.00213591,0.00748619,3.1731,0.000858505,0.0163962,0.000511015,0.00591718,3.1731,0.0106855,3.06302,1.68026,0.000432229,0.0639324,5.72337e-05,0.00273269,2.14626e-05,0.000957081,0.0639324,1.69268,3.93789e-06,5.20405,0.029457
2053.2917,290.709,289.879,4.42803,0.173436,2.43899,0.0117507,0.0045775,0.00200581,0.00717318,7.67446e-05,0.000158959,6.3736e-05,4.15019e-06,0.00445429,0.0129811,2.43575,0.530913,0.0173499,0.000651317,1.71953e-05,9.90563e-07,3.06868e-05,1.30167e-06,6.04977e-05,7.32295e-05,2.88979e-06,1.63531e-08,2.87061e-06,4.39623e-06,14.246,49.2616,8.98492,0.355931,31.7902,0.129179,10.9205,0.0130309,0.129179,2.86942,0.162901,3.34955,0.00166479,0.00682608,3.17225,0.00516718,0.0167139,0.0030757,0.00591364,3.17225,0.0107522,3.06302,1.68027,0.000396402,0.0638967,0.000344478,0.00278565,0.000129179,0.000956474,0.0638967,3.14059,1.81859e-05,5.2611,0.14221
2053.3750,293.252,292.238,4.74069,0.169076,2.33738,0.0126003,0.00523294,0.00194489,0.00736739,0.000140447,0.000164491,0.000119878,3.96012e-06,0.00779999,0.0117382,3.02683,0.29268,0.0187794,0.00065747,1.9696e-05,1.06663e-06,1.9207e-05,5.09665e-07,6.33455e-05,7.84467e-05,2.08269e-06,8.00722e-09,2.78733e-06,4.76724e-06,14.4412,49.4234,9.05486,0.33693,31.7769,0.137316,10.9214,0.0126887,0.137316,2.86838,0.164965,3.34949,0.00106102,0.00636342,3.17119,0.00549264,0.0167175,0.00326943,0.00591197,3.17119,0.0108754,3.06302,1.68021,0.000371811,0.0638575,0.000366176,0.00278625,0.000137316,0.000956125,0.0638575,3.24132,2.07626e-05,5.38636,0.150005
2053.4583,298.738,297.305,4.73164,0.165707,3.21283,0.0120681,0.00600599,0.00228179,0.0060621,0.000122089,0.000162805,0.000104812,2.74452e-06,0.00716356,0.0137474,4.15051,0.313136,0.017706,0.000663805,1.87791e-05,1.16025e-06,2.20073e-05,1.48865e-07,7.98123e-05,7.41283e-05,2.21198e-06,4.62724e-09,3.23233e-06,4.48856e-06,14.6257,49.5643,9.12692,0.318752,31.758,0.137087,10.9031,0.0119479,0.137087,2.86187,0.16707,3.34944,0.000938489,0.00591834,3.16962,0.00548347,0.0166944,0.00326397,0.00589892,3.16962,0.0110018,3.06302,1.68016,0.000348294,0.0638045,0.000365564,0.0027824,0.000137087,0.000953956,0.0638045,3.85043,1.99394e-05,5.4988,0.149035
2053.5417,296.999,296.17,4.72246,0.123299,2.92726,0.0105631,0.00553474,0.00178406,0.00502833,0.000119852,0.000149759,0.000103168,2.39335e-06,0.00746482,0.0133041,3.7552,0.253683,0.0153308,0.000669502,1.62681e-05,1.24833e-06,1.24971e-05,2.28852e-07,6.42177e-05,6.39844e-05,1.45895e-06,3.82389e-09,2.4745e-06,3.87907e-06,14.7786,49.6791,9.19147,0.304626,31.7393,0.136854,10.8846,0.0112392,0.136854,2.85661,0.168966,3.34949,0.00103969,0.00557639,3.16802,0.00547416,0.0166706,0.00325843,0.00588837,3.16802,0.0111152,3.06302,1.68011,0.000330487,0.0637546,0.000364944,0.00277844,0.000136854,0.000952203,0.0637546,3.473,1.75164e-05,5.58708,0.148093
2053.6250,292.966,292.875,4.71345,0.172328,1.66625,0.00819823,0.00470153,0.00175412,0.0034967,7.67338e-05,0.000133459,6.55259e-05,2.12258e-06,0.00563736,0.0131076,2.84329,0.279009,0.0116075,0.000673702,1.22061e-05,1.29084e-06,2.24022e-05,2.0012e-07,6.45649e-05,4.86418e-05,2.02761e-06,2.79258e-09,2.39258e-06,2.91824e-06,14.8825,49.7556,9.2385,0.294602,31.7237,0.136625,10.8664,0.0105828,0.136625,2.85476,0.17038,3.34947,0.00121872,0.00533329,3.16665,0.00546502,0.016647,0.00325299,0.00588476,3.16665,0.011199,3.06302,1.68008,0.000317957,0.0637146,0.000364335,0.00277451,0.000136625,0.000951587,0.0637146,2.27764,1.3497e-05,5.64399,0.147208
2053.7083,287.4,287.917,3.84191,0.213515,0.682846,0.00485776,0.00340681,0.00279469,0.00145095,3.31288e-05,7.72657e-05,2.74195e-05,1.63761e-06,0.00371138,0.00971899,1.62839,0.300239,0.0060895,0.00946873,6.64433e-06,1.27736e-06,2.65618e-05,1.05854e-07,9.17546e-06,8.68518e-05,2.01229e-06,2.20117e-09,1.68746e-06,5.59163e-06,14.8917,49.825,9.24377,0.365692,31.7155,0.112593,10.8483,0.00996496,0.112593,2.85204,0.170093,3.35015,0.00117855,0.0071305,3.16587,0.00450268,0.0166232,0.0026808,0.00587927,3.16587,0.0111856,3.06309,1.68008,0.000413249,0.0636964,0.000300155,0.00277054,0.000112593,0.00095068,0.0636964,1.3825,7.92169e-06,5.64796,0.122558
2053.7917,280.335,281.529,0,0.187916,0,0,0.00134189,0.00325418,-0.00134189,0,0,0,0,0,0,0,0,0,0.000661572,0,1.21742e-06,1.36798e-06,1.04624e-07,-2.08489e-06,0,5.72894e-08,5.06011e-09,1.95587e-06,0,14.6367,49.9414,9.13063,0.686044,31.7661,0,10.8302,0.009383,0,2.85256,0.164505,3.35554,0.000137681,0.0150249,3.17,0,0.0165993,0,0.0058804,3.17,0.010877,3.06339,1.68011,0.00084452,0.0638411,0,0.00276654,0,0.000950853,0.0638411,0.383358,1.21742e-06,5.50605,0.009383
2053.8750,276.549,277.246,0,0.253188,0,0,0.00119749,0.00262462,-0.00119749,0,0,0,0,0,0,0,0,0,0.000660467,0,1.14455e-06,4.48902e-06,1.99537e-07,1.51785e-05,0,2.08614e-07,8.87517e-09,2.38328e-06,0,14.5751,49.8124,9.11538,0.581882,31.7982,0,10.8121,0.0088352,0,2.8571,0.164231,3.35557,0.000388729,0.0123599,3.1727,0,0.0165751,0,0.00588977,3.1727,0.0108588,3.06339,1.68018,0.000702901,0.0639288,0,0.00276251,0,0.000952367,0.0639288,0.455052,1.14455e-06,5.45976,0.0088352
2053.9583,275.58,276.288,0,0.179649,0,0,0.000875878,0.0021174,-0.000875878,0,0,0,0,0,0,0,0,0,0.000659346,0,1.06829e-06,1.09459e-05,4.28544e-07,2.17699e-05,0,6.62094e-07,1.38821e-08,2.24561e-06,0,14.5227,49.7132,9.09991,0.513118,31.8139,0,10.7937,0.0083111,0,2.86352,0.163952,3.3554,0.000801894,0.0106541,3.17409,0,0.0165504,0,0.00590296,3.17409,0.0108404,3.06339,1.68025,0.000608934,0.0639685,0,0.00275839,0,0.000954508,0.0639685,0.266437,1.06829e-06,5.42277,0.0083111
2054.0417,274.535,275.202,0,0.268047,0,0,0.00101574,0.00187731,-0.00101574,0,0,0,0,0,0,0,0,0,0.000658281,0,1.00354e-06,1.56703e-05,7.04657e-07,2.69079e-05,0,8.39158e-07,1.5047e-08,2.1823e-06,0,14.4731,49.6286,9.08521,0.464507,31.8216,0,10.7763,0.00784103,0,2.86946,0.163687,3.35508,0.0011902,0.00946071,3.17482,0,0.0165267,0,0.00591507,3.17482,0.0108229,3.06339,1.68031,0.000542418,0.0639856,0,0.00275444,0,0.000956485,0.0639856,0.403945,1.00354e-06,5.38788,0.00784103
2054.1250,277.807,277.732,0,0.24478,0,0,0.00115123,0.00181086,-0.00115123,0,0,0,0,0,0,0,0,0,0.000657218,0,9.58981e-07,2.13073e-05,1.63386e-06,3.35916e-05,0,1.24162e-06,2.84972e-08,2.27485e-06,0,14.4195,49.5438,9.07054,0.42569,31.8241,0,10.7589,0.00739797,0,2.87453,0.163423,3.35457,0.00158019,0.00851545,3.17513,0,0.0165028,0,0.00592536,3.17513,0.0108054,3.06339,1.68038,0.000489617,0.0639881,0,0.00275047,0,0.000958175,0.0639881,1.05526,9.58981e-07,5.34894,0.00739797
2054.2083,284.874,283.913,0.218202,0.191464,0.176233,0.000912736,0.00158862,0.00195904,-0.000675881,3.72669e-06,2.46503e-05,3.03534e-06,2.53612e-07,0.000631953,0.00908817,0.449616,0.116228,0.0010812,0.000656143,1.01501e-06,9.45374e-07,3.06266e-05,1.71144e-06,4.6027e-05,4.54142e-06,2.41104e-06,1.95058e-08,2.64235e-06,2.60723e-07,14.3613,49.4543,9.05566,0.393336,31.8215,0.00698623,10.7568,0.00733026,0.00698623,2.87807,0.163158,3.35381,0.0019818,0.0077281,3.17501,0.000279449,0.0165001,0.000166339,0.00593243,3.17501,0.0107878,3.06339,1.68045,0.000445952,0.0639764,1.863e-05,0.00275001,6.98623e-06,0.000959358,0.0639764,1.4215,1.96039e-06,5.30565,0.0143165
2054.2917,291.112,289.953,4.20265,0.164354,2.54097,0.0109394,0.00427246,0.00205307,0.0066669,6.58728e-05,0.000157772,5.46338e-05,3.64265e-06,0.00413947,0.0156973,2.49963,0.545572,0.0153963,0.000657956,1.50698e-05,9.82025e-07,3.07072e-05,1.15891e-06,5.89997e-05,6.46716e-05,3.02398e-06,1.18137e-08,2.91147e-06,3.89154e-06,14.4207,49.4746,9.07504,0.364437,31.8122,0.122871,11.0019,0.0128079,0.122871,2.87727,0.163937,3.35302,0.0017889,0.00702441,3.17434,0.00491485,0.0168406,0.0029255,0.00593086,3.17434,0.0108326,3.06339,1.68047,0.000407418,0.0639457,0.000327656,0.00280677,0.000122871,0.000959089,0.0639457,3.13856,1.60518e-05,5.34567,0.135679
2054.3750,294.759,293.559,5.00353,0.179805,2.32125,0.0126817,0.00544018,0.00213886,0.00724147,0.000109389,0.000164297,9.30566e-05,3.42214e-06,0.00608417,0.0120874,3.30221,0.360968,0.0179991,0.000663,1.87261e-05,1.06078e-06,2.56723e-05,4.92176e-07,6.82926e-05,7.51836e-05,2.60832e-06,6.59126e-09,3.06318e-06,4.56913e-06,14.6074,49.6236,9.13276,0.342541,31.7986,0.143929,11.0318,0.0131222,0.143929,2.87511,0.16584,3.35278,0.0012572,0.00649135,3.17327,0.00575717,0.0168845,0.00342689,0.00592691,3.17327,0.0109463,3.06339,1.68042,0.000378823,0.0639048,0.000383811,0.00281409,0.000143929,0.00095837,0.0639048,3.18098,1.97869e-05,5.47464,0.157051
2054.4583,299.617,298.156,4.99392,0.170377,3.29123,0.012068,0.00620065,0.00239575,0.00586734,9.78621e-05,0.000162002,8.37775e-05,2.45499e-06,0.00579188,0.0141392,4.32328,0.370638,0.0168382,0.000668296,1.77151e-05,1.15677e-06,2.88943e-05,1.86662e-07,8.27862e-05,7.04059e-05,2.91555e-06,4.17664e-09,3.39655e-06,4.26774e-06,14.781,49.7512,9.19346,0.322739,31.7793,0.143689,11.0134,0.0123561,0.143689,2.86806,0.167779,3.35252,0.00113501,0.00600821,3.17168,0.00574756,0.0168613,0.00342116,0.00591278,3.17168,0.0110625,3.06339,1.68039,0.000353193,0.0638503,0.00038317,0.00281022,0.000143689,0.000956021,0.0638503,4.01519,1.88718e-05,5.58756,0.156045
2054.5417,296.252,295.658,4.98417,0.151205,2.91063,0.0109482,0.0055095,0.00199724,0.00543866,9.46322e-05,0.0001496,8.09986e-05,2.39689e-06,0.00569117,0.0125944,3.68132,0.321177,0.0152543,0.000673474,1.60296e-05,1.24322e-06,2.26227e-05,1.86319e-07,7.19672e-05,6.37125e-05,2.3404e-06,3.15348e-09,2.77364e-06,3.86468e-06,14.9412,49.8682,9.25274,0.307001,31.759,0.143445,10.9947,0.0116231,0.143445,2.86099,0.169641,3.3523,0.00118649,0.00562712,3.16995,0.0057378,0.0168374,0.00341536,0.00589851,3.16995,0.011174,3.06339,1.68035,0.00033323,0.0637955,0.00038252,0.00280624,0.000143445,0.000953665,0.0637955,3.36709,1.72729e-05,5.68849,0.155068
2054.6250,294.487,294.047,4.9746,0.12802,2.04077,0.00814156,0.00499117,0.00168709,0.00315039,6.50568e-05,0.000132099,5.54975e-05,1.85953e-06,0.00488115,0.0141042,3.01868,0.301129,0.0109056,0.00067727,1.13871e-05,1.29082e-06,1.79374e-05,2.26237e-07,6.21202e-05,4.5571e-05,2.04174e-06,2.51738e-09,2.3036e-06,2.7402e-06,15.0469,49.9434,9.29566,0.296073,31.7421,0.143206,10.9763,0.0109443,0.143206,2.85826,0.171008,3.35215,0.00140955,0.00536408,3.16848,0.00572822,0.0168137,0.00340966,0.00589309,3.16848,0.011255,3.06339,1.68033,0.00031969,0.0637521,0.000381881,0.00280228,0.000143206,0.000952753,0.0637521,2.44096,1.26779e-05,5.75122,0.15415
2054.7083,287.865,288.406,4.0526,0.198327,0.834416,0.00508903,0.00357614,0.00277923,0.00151289,3.41461e-05,7.59475e-05,2.84428e-05,1.53699e-06,0.00390609,0.00899724,1.744,0.292546,0.00603047,0.00989552,6.62329e-06,1.28296e-06,3.08122e-05,1.5299e-07,7.75874e-06,8.95211e-05,2.51886e-06,1.99124e-09,1.65415e-06,5.78686e-06,15.053,50.0158,9.29752,0.371387,31.735,0.118016,10.958,0.0103054,0.118016,2.85642,0.170634,3.35287,0.0012937,0.00726843,3.16779,0.00471957,0.0167898,0.00280991,0.00588944,3.16779,0.011237,3.06345,1.68033,0.000420713,0.0637367,0.00031461,0.00279829,0.000118016,0.00095214,0.0637367,1.52974,7.90625e-06,5.75544,0.128321
2054.7917,277.517,278.985,0,0.270722,0,0,0.00124888,0.00299283,-0.00124888,0,0,0,0,0,0,0,0,0,0.000664125,0,1.23027e-06,9.19194e-07,5.09328e-08,-4.08707e-06,0,4.52475e-08,2.25907e-09,1.6747e-06,0,14.7872,50.1459,9.17835,0.7156,31.7854,0,10.9397,0.00970355,0,2.85762,0.164764,3.35846,0.000141316,0.01577,3.1719,0,0.0167656,0,0.00589201,3.1719,0.0109131,3.06377,1.68036,0.000884583,0.0638809,0,0.00279427,0,0.000952541,0.0638809,0.60108,1.23027e-06,5.6089,0.00970355
2054.8750,277.416,277.98,0,0.254863,0,0,0.00134687,0.00296215,-0.00134687,0,0,0,0,0,0,0,0,0,0.000663016,0,1.1569e-06,3.38581e-06,1.92763e-07,1.31667e-05,0,1.52033e-07,8.18174e-09,2.60618e-06,0,14.7267,50.0199,9.16302,0.611539,31.8187,0,10.9214,0.00913704,0,2.86297,0.164489,3.35851,0.000328544,0.0130949,3.1747,0,0.0167413,0,0.00590306,3.1747,0.0108949,3.06377,1.68042,0.000743238,0.0639722,0,0.00279022,0,0.000954323,0.0639722,0.462873,1.1569e-06,5.56367,0.00913704
2054.9583,274.141,274.622,0,0.202887,0,0,0.00110581,0.00184431,-0.00110581,0,0,0,0,0,0,0,0,0,0.000661891,0,1.09231e-06,6.96046e-06,5.58633e-07,1.75501e-05,0,3.69395e-07,1.79201e-08,1.88845e-06,0,14.6664,49.908,9.14747,0.535049,31.8373,0,10.9029,0.00859503,0,2.86927,0.16421,3.3584,0.000746715,0.0111915,3.17633,0,0.0167164,0,0.00591602,3.17633,0.0108764,3.06377,1.68049,0.000638731,0.0640197,0,0.00278607,0,0.000956424,0.0640197,0.527049,1.09231e-06,5.51898,0.00859503
2055.0417,278.285,277.675,0,0.260916,0,0,0.00136737,0.00217065,-0.00136737,0,0,0,0,0,0,0,0,0,0.000660822,0,1.0411e-06,1.59133e-05,6.61234e-07,2.74332e-05,0,7.11686e-07,1.63484e-08,2.47062e-06,0,14.6114,49.8243,9.13269,0.48992,31.8456,0,10.8853,0.0081089,0,2.8773,0.163944,3.35814,0.00107787,0.0100803,3.17711,0,0.0166925,0,0.00593248,3.17711,0.0108588,3.06377,1.68055,0.000577544,0.0640392,0,0.00278209,0,0.000959098,0.0640392,0.855084,1.0411e-06,5.47875,0.0081089
2055.1250,281.527,281.459,0,0.203852,0,0,0.00136691,0.00212129,-0.00136691,0,0,0,0,0,0,0,0,0,0.000659755,0,1.00627e-06,2.30119e-05,1.32613e-06,3.72183e-05,0,1.44325e-06,2.54849e-08,2.64e-06,0,14.5477,49.7165,9.11794,0.438564,31.8502,0,10.8677,0.00765071,0,2.88005,0.16368,3.35759,0.00153943,0.00882165,3.17761,0,0.0166686,0,0.00593798,3.17761,0.0108413,3.06377,1.68063,0.000506811,0.0640458,0,0.00277809,0,0.000960016,0.0640458,1.1364,1.00627e-06,5.4298,0.00765071
2055.2083,289.313,287.67,2.63579,0.158577,1.53967,0.00638266,0.00343302,0.00212672,0.00294964,3.57462e-05,0.000120925,2.95099e-05,2.12003e-06,0.00330436,0.0215833,1.85237,0.443732,0.0085113,0.000659827,8.19008e-06,1.00214e-06,2.8401e-05,1.20192e-06,4.86348e-05,3.57765e-05,2.70651e-06,1.40918e-08,2.87862e-06,2.1189e-06,14.526,49.6567,9.1166,0.400456,31.8479,0.0795256,11.0393,0.0114971,0.0795256,2.88236,0.163791,3.35691,0.00173143,0.00789705,3.17755,0.00318102,0.0169069,0.00189347,0.00594269,3.17755,0.0108457,3.06377,1.68068,0.000455196,0.0640338,0.000212068,0.00281782,7.95256e-05,0.000960785,0.0640338,2.14181,9.19223e-06,5.40937,0.0910227
2055.2917,293.617,292.5,4.58043,0.174743,2.28373,0.010989,0.00505314,0.00222871,0.00593585,8.4095e-05,0.000156305,7.10527e-05,3.17656e-06,0.00531021,0.0162931,2.95825,0.397345,0.0154717,0.000663727,1.59458e-05,1.05986e-06,2.7098e-05,6.36898e-07,6.32122e-05,6.48277e-05,2.67476e-06,7.324e-09,3.16741e-06,3.91147e-06,14.6368,49.7254,9.16054,0.369329,31.8383,0.13324,11.1493,0.0136663,0.13324,2.881,0.165147,3.35651,0.00141585,0.00713995,3.17687,0.00532961,0.0170617,0.00317238,0.00594038,3.17687,0.0109253,3.06377,1.68067,0.000413552,0.0640015,0.000355307,0.00284362,0.00013324,0.000960335,0.0640015,3.08371,1.70056e-05,5.47625,0.146906
2055.3750,295.636,294.573,4.5723,0.182611,2.74879,0.0125051,0.00560823,0.00231028,0.00689685,0.000112182,0.000164308,9.5701e-05,3.19829e-06,0.00631799,0.0120868,3.58038,0.349857,0.0179682,0.000669345,1.88484e-05,1.13544e-06,2.5341e-05,1.94088e-07,7.39422e-05,7.51161e-05,2.42847e-06,4.38502e-09,3.3106e-06,4.55987e-06,14.81,49.8544,9.22482,0.344774,31.8229,0.133032,11.1308,0.012869,0.133032,2.87673,0.167042,3.35626,0.00107137,0.00654181,3.17567,0.0053213,0.0170385,0.00316744,0.00593202,3.17567,0.0110385,3.06377,1.68064,0.000381387,0.063955,0.000354753,0.00283974,0.000133032,0.000958911,0.063955,3.6166,1.99838e-05,5.58518,0.145901
2055.4583,299.656,298.02,4.5636,0.129655,3.45094,0.0118139,0.00614311,0.00213798,0.00567079,0.00011526,0.000162494,9.90388e-05,2.48676e-06,0.00696346,0.0139689,4.29543,0.313728,0.016761,0.000675297,1.76965e-05,1.22881e-06,1.59461e-05,1.8283e-07,7.29363e-05,6.99258e-05,1.82335e-06,3.55093e-09,3.02288e-06,4.24593e-06,14.9823,49.9812,9.29304,0.32484,31.8038,0.13281,11.1122,0.0121177,0.13281,2.87018,0.169025,3.35618,0.00107289,0.0060572,3.1741,0.00531241,0.0170149,0.00316215,0.00591884,3.1741,0.0111574,3.06377,1.6806,0.000355734,0.0639009,0.000354161,0.00283581,0.00013281,0.000956725,0.0639009,3.88744,1.89254e-05,5.68929,0.144928
2055.5417,297.475,296.785,4.55479,0.134175,2.896,0.0103911,0.00564692,0.00181866,0.00474423,0.00010382,0.000149139,8.92598e-05,2.18393e-06,0.00656322,0.013402,3.88972,0.279301,0.0145967,0.000680531,1.54052e-05,1.31076e-06,1.37882e-05,2.21222e-07,6.33135e-05,6.08552e-05,1.63624e-06,2.91514e-09,2.51153e-06,3.69147e-06,15.1182,50.0834,9.35275,0.310948,31.7874,0.132585,11.0933,0.0113988,0.132585,2.86693,0.170762,3.35629,0.00118276,0.00572048,3.17271,0.0053034,0.0169906,0.00315678,0.0059124,3.17271,0.0112614,3.06377,1.68056,0.000338123,0.0638561,0.00035356,0.00283177,0.000132585,0.000955643,0.0638561,3.44582,1.6716e-05,5.76543,0.143984
2055.6250,294.763,294.484,4.54613,0.124161,2.03272,0.0080365,0.0049686,0.00145847,0.00306791,7.22443e-05,0.000133626,6.18526e-05,1.81099e-06,0.00550393,0.0141954,3.18157,0.273833,0.0109747,0.000684488,1.15154e-05,1.35512e-06,9.80984e-06,2.36639e-07,5.05755e-05,4.58248e-05,1.53815e-06,2.32955e-09,1.96314e-06,2.75584e-06,15.2115,50.1528,9.39738,0.301072,31.7735,0.132364,11.0748,0.0107331,0.132364,2.86666,0.172089,3.35637,0.00137812,0.00548242,3.17151,0.00529454,0.0169666,0.00315151,0.00591204,3.17151,0.01134,3.06377,1.68053,0.000325786,0.0638199,0.000352969,0.00282776,0.000132364,0.000955555,0.0638199,2.51938,1.28705e-05,5.81417,0.143097
2055.7083,286.928,287.895,3.69057,0.106102,1.08502,0.00501153,0.00341596,0.00195161,0.00159557,4.06662e-05,7.60833e-05,3.44598e-05,1.42233e-06,0.00457625,0.00866698,1.88686,0.237885,0.00609184,0.00920529,6.78664e-06,1.34522e-06,1.34423e-05,2.24058e-07,-2.42419e-06,8.4997e-05,1.32693e-06,1.90772e-09,1.02306e-06,5.48608e-06,15.2222,50.2361,9.40419,0.375203,31.7691,0.109081,11.0563,0.0101065,0.109081,2.86964,0.171841,3.35753,0.00133619,0.00735708,3.17108,0.00436205,0.0169423,0.00259717,0.00591829,3.17108,0.0113291,3.06383,1.68051,0.000425379,0.0638102,0.000290768,0.00282372,0.000109081,0.000956547,0.0638102,1.414,8.13185e-06,5.81804,0.119188
2055.7917,280.892,281.873,0,0.16705,0,0,0.00143906,0.00302512,-0.00143906,0,0,0,0,0,0,0,0,0,0.000672759,0,1.27546e-06,5.76856e-08,4.73641e-08,-7.74684e-06,0,5.50394e-09,1.53075e-09,1.6378e-06,0,14.9721,50.3656,9.29339,0.704673,31.8141,0,11.0378,0.00951629,0,2.87476,0.166401,3.36278,0.000187875,0.0154974,3.17476,0,0.0169178,0,0.00592891,3.17476,0.0110287,3.06412,1.68052,0.000870739,0.0639384,0,0.00281964,0,0.000958254,0.0639384,0.30644,1.27546e-06,5.67872,0.00951629
2055.8750,275.046,276.232,0,0.269276,0,0,0.00119266,0.00273839,-0.00119266,0,0,0,0,0,0,0,0,0,0.000671636,0,1.20284e-06,3.76365e-06,3.37864e-08,1.31031e-05,0,1.69406e-07,1.29188e-09,2.42611e-06,0,14.9095,50.2348,9.27787,0.596733,31.8491,0,11.0194,0.00896071,0,2.87944,0.166123,3.36282,0.000346399,0.0127098,3.1777,0,0.0168932,0,0.00593854,3.1777,0.0110102,3.06412,1.68059,0.000723007,0.0640348,0,0.00281553,0,0.000959815,0.0640348,0.770636,1.20284e-06,5.63159,0.00896071
2055.9583,273.845,274.383,0,0.399836,0,0,0.00117073,0.00199809,-0.00117073,0,0,0,0,0,0,0,0,0,0.000670496,0,1.14609e-06,8.79623e-06,2.03669e-07,1.99498e-05,0,4.06117e-07,6.10155e-09,2.0827e-06,0,14.8509,50.1318,9.26212,0.528512,31.8655,0,11.0007,0.00842916,0,2.88693,0.165841,3.36271,0.000749579,0.0110208,3.17914,0,0.016868,0,0.0059539,3.17914,0.0109915,3.06412,1.68066,0.000630135,0.0640765,0,0.00281133,0,0.000962309,0.0640765,0.927715,1.14609e-06,5.5888,0.00842916
2056.0417,274.453,274.681,0,0.274363,0,0,0.00102664,0.00173652,-0.00102664,0,0,0,0,0,0,0,0,0,0.000669413,0,1.10202e-06,1.24292e-05,1.06166e-06,2.28277e-05,0,6.94077e-07,2.34157e-08,1.97324e-06,0,14.7947,50.0421,9.24716,0.479696,31.8739,0,10.9829,0.00795242,0,2.89389,0.165573,3.36244,0.00114935,0.00982194,3.17993,0,0.0168438,0,0.00596813,3.17993,0.0109738,3.06412,1.68072,0.000563553,0.0640959,0,0.0028073,0,0.00096463,0.0640959,0.721027,1.10202e-06,5.54751,0.00795242
2056.1250,275.505,275.654,0,0.226588,0,0,0.00103208,0.00177553,-0.00103208,0,0,0,0,0,0,0,0,0,0.000668332,0,1.04704e-06,1.88203e-05,9.15804e-07,2.9247e-05,0,1.13295e-06,1.31582e-08,2.1793e-06,0,14.7453,49.9674,9.23223,0.443111,31.8779,0,10.9652,0.00750306,0,2.90107,0.165305,3.36206,0.00148637,0.00892793,3.18035,0,0.0168195,0,0.00598274,3.18035,0.0109561,3.06412,1.68077,0.000513497,0.0641031,0,0.00280325,0,0.000967023,0.0641031,0.629599,1.04704e-06,5.51303,0.00750306
2056.2083,284.791,283.884,0,0.186271,0,0,0.0014638,0.00203579,-0.0014638,0,0,0,0,0,0,0,0,0,0.000667216,0,1.01182e-06,2.87638e-05,1.87627e-06,4.47179e-05,0,2.25052e-06,2.0901e-08,2.70586e-06,0,14.6842,49.8721,9.21681,0.406149,31.8771,0,10.9469,0.00706488,0,2.90462,0.165029,3.36136,0.00192007,0.00802672,3.18039,0,0.0167943,0,0.0059898,3.18039,0.0109378,3.06412,1.68085,0.000462944,0.0640954,0,0.00279904,0,0.000968206,0.0640954,1.13784,1.01182e-06,5.46742,0.00706488
2056.2917,291.413,290.096,1.81154,0.174754,1.47948,0.00631915,0.00328253,0.00219038,0.00303662,3.08948e-05,0.000107896,2.55329e-05,1.7683e-06,0.00245712,0.0165942,1.96468,0.455683,0.00871378,0.000667049,8.50679e-06,1.00136e-06,3.77804e-05,1.52695e-06,5.99904e-05,3.66938e-05,3.6731e-06,1.24845e-08,3.08029e-06,2.18482e-06,14.65,49.7975,9.21265,0.37454,31.869,0.0547716,11.0611,0.00966373,0.0547716,2.90405,0.165067,3.36037,0.0022225,0.0072559,3.17984,0.00219086,0.0169526,0.00130409,0.00598838,3.17984,0.010938,3.06412,1.68092,0.000420432,0.0640675,0.000146058,0.00282544,5.47716e-05,0.000968016,0.0640675,2.28992,9.50815e-06,5.43734,0.0644353
2056.3750,294.753,293.516,4.76117,0.155083,2.92428,0.01286,0.00544746,0.00210064,0.00741257,9.14591e-05,0.000164802,7.72648e-05,3.45927e-06,0.0050253,0.0111856,3.32195,0.450195,0.0183375,0.000671953,1.88096e-05,1.07737e-06,2.66828e-05,8.56805e-07,6.56451e-05,7.69126e-05,3.04196e-06,7.89903e-09,3.01689e-06,4.65622e-06,14.8068,49.9145,9.26858,0.350401,31.8556,0.13783,11.2437,0.0135679,0.13783,2.90169,0.166763,3.35984,0.00162245,0.00666839,3.17881,0.00551321,0.0172076,0.00328167,0.00598386,3.17881,0.0110384,3.06412,1.68089,0.000388697,0.0640265,0.000367547,0.00286794,0.00013783,0.000967231,0.0640265,3.55995,1.9887e-05,5.53821,0.151398
2056.4583,299.212,297.295,4.7858,0.107777,3.29065,0.0111555,0.0058321,0.00169042,0.00532341,0.000101287,0.000159283,8.68309e-05,2.40907e-06,0.00652255,0.0171689,4.05113,0.327949,0.015577,0.000677704,1.63509e-05,1.17126e-06,9.52344e-06,4.39302e-07,5.43563e-05,6.49958e-05,1.4042e-06,4.68329e-09,2.38365e-06,3.93826e-06,14.9783,50.0489,9.33455,0.33207,31.84,0.138457,11.227,0.0128211,0.138457,2.89862,0.168707,3.35979,0.0013397,0.00622359,3.17754,0.00553829,0.0171869,0.0032966,0.00597795,3.17754,0.0111546,3.06412,1.68084,0.00036504,0.0639812,0.000369219,0.00286448,0.000138457,0.000966207,0.0639812,3.68847,1.75221e-05,5.64372,0.151278
2056.5417,298.904,297.606,4.77651,0.117355,2.78191,0.00924996,0.00555535,0.00154203,0.00369461,9.00658e-05,0.000143434,7.74356e-05,1.89438e-06,0.00642676,0.0165933,3.79371,0.26842,0.0126747,0.000682457,1.33504e-05,1.25117e-06,8.11284e-06,2.77194e-07,5.00395e-05,5.27739e-05,1.1436e-06,3.18813e-09,2.12738e-06,3.19223e-06,15.0999,50.1456,9.38865,0.319632,31.8274,0.138222,11.208,0.0120605,0.138222,2.89868,0.170308,3.35995,0.00123329,0.00591972,3.17651,0.00552889,0.0171627,0.00329101,0.00597844,3.17651,0.0112501,3.06412,1.68079,0.00034899,0.0639459,0.000368593,0.00286044,0.000138222,0.000966228,0.0639459,3.22063,1.46015e-05,5.71123,0.150283
2056.6250,294.129,293.845,4.76738,0.0512193,0.954827,0.00300146,0.00353509,0.000726272,-0.00053363,2.01395e-05,9.86134e-05,1.71863e-05,5.68556e-07,0.00452265,0.036019,2.53112,0.236409,0.00316921,0.000683999,3.28467e-06,1.24789e-06,6.0248e-07,2.92738e-07,2.13665e-05,1.3168e-05,1.35872e-07,2.43402e-09,9.5908e-07,7.39771e-07,15.1041,50.1447,9.40475,0.313569,31.821,0.137991,11.1893,0.0113562,0.137991,2.90602,0.170878,3.36013,0.00150542,0.00578197,3.17597,0.00551966,0.0171386,0.00328551,0.00599386,3.17597,0.011282,3.06412,1.68078,0.000341875,0.0639284,0.000367977,0.00285643,0.000137991,0.000968673,0.0639284,1.0653,4.53256e-06,5.69931,0.149348
2056.7083,286.916,287.65,3.86349,0.172322,0.646348,0.00424049,0.00321483,0.00233762,0.00102566,3.38174e-05,7.54695e-05,2.83988e-05,1.33247e-06,0.00455138,0.0122149,1.68916,0.238705,0.00510554,0.00956516,5.53977e-06,1.20986e-06,2.13939e-05,1.91906e-07,-2.43368e-06,8.25799e-05,1.83808e-06,1.82319e-09,1.33877e-06,5.34763e-06,15.0493,50.1748,9.38914,0.389383,31.823,0.113719,11.1706,0.0106932,0.113719,2.91311,0.170013,3.36111,0.00128729,0.00768615,3.17612,0.00454772,0.0171142,0.0027076,0.00600868,3.17612,0.0112333,3.06419,1.68079,0.000442903,0.0639346,0.000303152,0.00285237,0.000113719,0.000971036,0.0639346,1.29977,6.74963e-06,5.6602,0.124412
2056.7917,279.79,280.955,0,0.222117,0,0,0.00137939,0.00341739,-0.00137939,0,0,0,0,0,0,0,0,0,0.00066978,0,1.16205e-06,1.28156e-06,3.39697e-08,-3.66904e-06,0,6.03133e-08,1.33852e-09,2.09695e-06,0,14.7876,50.2919,9.27299,0.7166,31.8729,0,11.1519,0.0100687,0,2.91477,0.164324,3.36646,0.000161028,0.0157429,3.18022,0,0.0170897,0,0.0060122,3.18022,0.010919,3.06449,1.68082,0.000883771,0.0640757,0,0.00284828,0,0.00097159,0.0640757,0.594177,1.16205e-06,5.51459,0.0100687
2056.8750,275.729,276.617,0,0.243549,0,0,0.00118318,0.00284479,-0.00118318,0,0,0,0,0,0,0,0,0,0.000668661,0,1.09334e-06,3.92334e-06,9.10198e-08,1.47509e-05,0,1.81141e-07,3.50539e-09,2.64615e-06,0,14.7286,50.162,9.2575,0.607231,31.9067,0,11.1333,0.00948087,0,2.91947,0.164049,3.3665,0.000381421,0.0129442,3.1831,0,0.017065,0,0.00602192,3.1831,0.0109008,3.06449,1.68089,0.00073452,0.0641668,0,0.00284416,0,0.000973156,0.0641668,0.413202,1.09334e-06,5.47107,0.00948087
2056.9583,274.497,275.082,0,0.234165,0,0,0.00109572,0.00195165,-0.00109572,0,0,0,0,0,0,0,0,0,0.000667527,0,1.0289e-06,9.61935e-06,4.85588e-07,2.07729e-05,0,4.87376e-07,1.47687e-08,2.09558e-06,0,14.6704,50.0526,9.24179,0.533284,31.9233,0,11.1144,0.00891847,0,2.92569,0.163771,3.36635,0.000827527,0.0111161,3.1846,0,0.0170396,0,0.00603471,3.1846,0.0108823,3.06449,1.68097,0.000633535,0.0642073,0,0.00283994,0,0.000975229,0.0642073,0.621659,1.0289e-06,5.42861,0.00891847
2057.0417,273.054,273.212,0,0.605248,0,0,0.000931222,0.00159868,-0.000931222,0,0,0,0,0,0,0,0,0,0.000666448,0,9.89533e-07,1.3209e-05,6.84801e-07,2.1622e-05,0,6.44282e-07,1.45402e-08,1.86543e-06,0,14.6192,49.9764,9.22686,0.492707,31.9299,0,11.0965,0.00841405,0,2.93456,0.163506,3.36608,0.00115328,0.0101261,3.18524,0,0.0170154,0,0.00605294,3.18524,0.0108647,3.06449,1.68102,0.000579262,0.0642218,0,0.0028359,0,0.000978187,0.0642218,0.762641,9.89533e-07,5.39232,0.00841405
2057.1250,280.662,279.716,0,0.340408,0,0,0.00137632,0.0020801,-0.00137632,0,0,0,0,0,0,0,0,0,0.000665372,0,9.40534e-07,2.11056e-05,1.35003e-06,3.51589e-05,0,1.25226e-06,2.2022e-08,2.62721e-06,0,14.5664,49.895,9.21196,0.453837,31.9336,0,11.0785,0.00793861,0,2.94115,0.163242,3.36565,0.00150958,0.00917159,3.18566,0,0.016991,0,0.00606637,3.18566,0.0108471,3.06449,1.68108,0.000526016,0.064227,0,0.00283183,0,0.000980382,0.064227,0.628574,9.40534e-07,5.3544,0.00793861
2057.2083,290.899,289.685,1.15852,0.170107,0.78488,0.00412733,0.00292557,0.00240523,0.00120176,2.52041e-05,8.27035e-05,2.07249e-05,1.55798e-06,0.00246037,0.0161566,1.36655,0.334218,0.00656667,0.000664995,6.52888e-06,9.23797e-07,3.70797e-05,1.60814e-06,5.61644e-05,2.81497e-05,3.41792e-06,1.89874e-08,3.3046e-06,1.63101e-06,14.5102,49.7912,9.20485,0.40962,31.9305,0.0358433,11.1478,0.00947577,0.0358433,2.94084,0.163149,3.36476,0.00189777,0.00809108,3.18556,0.00143373,0.0170873,0.000853411,0.00606553,3.18556,0.0108392,3.06449,1.68117,0.000465565,0.0642106,9.55821e-05,0.00284789,3.58433e-05,0.00098028,0.0642106,1.83692,7.45268e-06,5.30539,0.045319
2057.2917,290.98,290.257,3.95648,0.195219,2.09896,0.0111404,0.00503935,0.00224652,0.00610104,0.000100099,0.000158112,8.38932e-05,4.54725e-06,0.00612451,0.0136998,2.51914,0.424487,0.0187233,0.000671265,1.94275e-05,9.77984e-07,2.76931e-05,5.53221e-07,6.44614e-05,7.98776e-05,2.43454e-06,8.88445e-09,3.23083e-06,4.73573e-06,14.6078,49.8426,9.27271,0.377084,31.9195,0.11703,11.3282,0.0133519,0.11703,2.93825,0.164728,3.3642,0.00133203,0.00729863,3.18478,0.00468119,0.017339,0.00278642,0.00606047,3.18478,0.01093,3.06449,1.68116,0.000422297,0.0641734,0.000312079,0.00288983,0.00011703,0.000979418,0.0641734,2.98784,2.04055e-05,5.33509,0.130382
2057.3750,295.743,294.641,4.03166,0.22182,1.85796,0.0121644,0.00586437,0.00254482,0.00630007,0.000134258,0.000163998,0.000114579,3.7727e-06,0.00772776,0.0125055,3.53599,0.33819,0.0205526,0.000679814,2.2049e-05,1.04096e-06,2.34801e-05,1.75017e-07,8.18788e-05,8.73042e-05,1.82031e-06,7.14213e-09,3.67928e-06,5.21048e-06,14.7703,49.9575,9.36626,0.35158,31.9028,0.119027,11.3147,0.0126897,0.119027,2.93284,0.167017,3.36415,0.000922835,0.00667576,3.18349,0.00476107,0.0173226,0.00283397,0.00604968,3.18349,0.0110644,3.06449,1.68111,0.00038899,0.0641226,0.000317405,0.0028871,0.000119027,0.000977613,0.0641226,3.03916,2.30899e-05,5.40407,0.131716
2057.4583,298.963,297.384,4.02409,0.138926,3.26985,0.0119763,0.00604416,0.00222032,0.00593209,0.00016641,0.000162995,0.0001434,3.14749e-06,0.00977189,0.0126932,4.17019,0.263607,0.0201625,0.000688227,2.17886e-05,1.12821e-06,1.70296e-05,2.44069e-07,7.62405e-05,8.50821e-05,1.75504e-06,9.55684e-09,3.1623e-06,5.11101e-06,14.939,50.0767,9.45828,0.330579,31.8823,0.118828,11.2958,0.0119488,0.118828,2.92485,0.169431,3.36424,0.000794027,0.00616488,3.18181,0.00475312,0.0172984,0.00282924,0.00603347,3.18181,0.0112071,3.06449,1.68105,0.00036204,0.064064,0.000316875,0.00288307,0.000118828,0.000974949,0.064064,3.74693,2.29168e-05,5.48073,0.130777
2057.5417,299.49,298.233,4.01642,0.111065,2.95081,0.00960343,0.00560999,0.00163826,0.00399344,0.000169106,0.000149172,0.000146526,2.3313e-06,0.0116115,0.0139231,4.05137,0.182873,0.0157588,0.000695016,1.70676e-05,1.21477e-06,4.3843e-06,2.98182e-07,5.54545e-05,6.58288e-05,7.39675e-07,6.03239e-09,2.25895e-06,3.97213e-06,15.0671,50.1723,9.53195,0.31678,31.8661,0.118626,11.2766,0.01124,0.118626,2.92226,0.171479,3.3646,0.000805055,0.00583177,3.18045,0.00474505,0.0172737,0.00282444,0.00602833,3.18045,0.0113289,3.06449,1.68099,0.000344755,0.0640198,0.000316337,0.00287895,0.000118626,0.000974086,0.0640198,3.42765,1.82823e-05,5.53519,0.129866
2057.6250,293.771,293.885,4.00889,0.139543,1.67378,0.00781612,0.00457639,0.00154976,0.00323973,0.000115153,0.000133307,9.92105e-05,2.21661e-06,0.00886384,0.0133188,3.09266,0.195896,0.0126494,0.000699717,1.36397e-05,1.25846e-06,1.04605e-05,2.00643e-07,5.38463e-05,5.31846e-05,1.38689e-06,3.75133e-09,2.10353e-06,3.17412e-06,15.1487,50.2304,9.58213,0.306971,31.8531,0.118428,11.2578,0.0105836,0.118428,2.92168,0.172977,3.36483,0.000906482,0.00559299,3.17933,0.00473713,0.0172491,0.00281972,0.00602726,3.17933,0.0114171,3.06449,1.68095,0.000332282,0.0639852,0.000315809,0.00287485,0.000118428,0.000973892,0.0639852,2.18472,1.48981e-05,5.56654,0.129012
2057.7083,287.502,288.113,3.27246,0.16309,0.782486,0.00483662,0.00328436,0.00237389,0.00155226,5.44545e-05,8.04576e-05,4.46612e-05,1.84947e-06,0.00596835,0.0104237,1.76197,0.2056,0.00712151,0.00832426,7.94464e-06,1.24299e-06,1.96874e-05,1.28868e-07,1.3983e-05,8.3196e-05,1.99494e-06,2.57951e-09,1.58849e-06,5.30378e-06,15.1646,50.3011,9.59517,0.369465,31.8456,0.0975971,11.239,0.0099657,0.0975971,2.92146,0.173014,3.36575,0.000902785,0.00716744,3.17864,0.00390271,0.0172243,0.00232374,0.00602687,3.17864,0.0114217,3.06455,1.68093,0.000415611,0.0639676,0.000260141,0.00287071,9.75971e-05,0.000973822,0.0639676,1.28199,9.18764e-06,5.56942,0.107563
2057.7917,279.156,280.479,0,0.221377,0,0,0.00123959,0.00308389,-0.00123959,0,0,0,0,0,0,0,0,0,0.000690311,0,1.18899e-06,5.10757e-07,3.58184e-08,-1.99203e-06,0,2.30567e-08,1.94944e-09,1.8425e-06,0,14.943,50.4034,9.49825,0.648513,31.8883,0,11.2202,0.0093837,0,2.92363,0.168238,3.37053,0.000128259,0.0140089,3.18212,0,0.0171993,0,0.00603131,3.18212,0.0111577,3.06481,1.68095,0.000789614,0.0640898,0,0.00286655,0,0.000974542,0.0640898,0.73036,1.18899e-06,5.44471,0.0093837
2057.8750,275.435,276.048,0,0.243256,0,0,0.001105,0.00242549,-0.001105,0,0,0,0,0,0,0,0,0,0.000689159,0,1.13127e-06,5.2691e-06,5.70261e-08,1.75014e-05,0,2.52307e-07,3.04171e-09,2.2799e-06,0,14.8862,50.2878,9.48239,0.55612,31.9162,0,11.2015,0.00883586,0,2.92925,0.167957,3.37054,0.000408737,0.0116571,3.18448,0,0.0171741,0,0.00604286,3.18448,0.0111391,3.06481,1.68102,0.000664634,0.0641661,0,0.00286235,0,0.000976418,0.0641661,0.59215,1.13127e-06,5.40382,0.00883586
2057.9583,275.218,275.794,0,0.217186,0,0,0.00105309,0.00184199,-0.00105309,0,0,0,0,0,0,0,0,0,0.000687989,0,1.072e-06,9.87644e-06,3.11957e-07,2.24522e-05,0,5.51252e-07,1.02304e-08,1.9765e-06,0,14.8294,50.1871,9.4663,0.492649,31.9293,0,11.1825,0.00831172,0,2.93576,0.167672,3.37035,0.000888987,0.0100939,3.18564,0,0.0171484,0,0.00605614,3.18564,0.0111202,3.06481,1.68109,0.000578347,0.064199,0,0.00285806,0,0.000978586,0.064199,0.742402,1.072e-06,5.36307,0.00831172
2058.0417,273.61,273.752,0,0.383214,0,0,0.000907629,0.00163083,-0.000907629,0,0,0,0,0,0,0,0,0,0.000686878,0,1.02673e-06,1.52626e-05,5.48729e-07,2.4587e-05,0,8.47886e-07,1.0002e-08,1.90432e-06,0,14.7795,50.114,9.45101,0.455602,31.9347,0,11.1644,0.00784162,0,2.94425,0.167401,3.37008,0.00126221,0.00919376,3.18615,0,0.0171237,0,0.00607349,3.18615,0.0111022,3.06481,1.68114,0.000528667,0.0642111,0,0.00285395,0,0.000981416,0.0642111,0.753321,1.02673e-06,5.32846,0.00784162
2058.1250,280.851,280.297,0,0.22646,0,0,0.00117532,0.00197088,-0.00117532,0,0,0,0,0,0,0,0,0,0.000685768,0,9.93475e-07,2.4092e-05,1.08581e-06,3.87571e-05,0,1.50573e-06,1.55952e-08,2.49376e-06,0,14.7276,50.0334,9.43574,0.419683,31.9364,0,11.1464,0.00739853,0,2.94979,0.167131,3.36955,0.00164855,0.00831797,3.18637,0,0.0170989,0,0.00608468,3.18637,0.0110843,3.06481,1.6812,0.000479802,0.064212,0,0.00284982,0,0.000983263,0.064212,1.08663,9.93475e-07,5.29183,0.00739853
2058.2083,287.456,286.641,0.881465,0.180002,0.568381,0.00267124,0.00194672,0.00208979,0.00072452,1.23522e-05,5.64456e-05,1.00472e-05,8.89557e-07,0.0013103,0.0119373,0.902394,0.259262,0.00361804,0.000684777,3.32438e-06,9.71471e-07,3.4311e-05,1.87182e-06,5.30185e-05,1.52615e-05,2.96374e-06,1.8898e-08,2.83687e-06,8.95427e-07,14.673,49.9395,9.4218,0.384529,31.9314,0.0270611,11.1779,0.00811305,0.0270611,2.95055,0.166918,3.36866,0.00213916,0.00746311,3.18606,0.00108244,0.0171426,0.000644311,0.00608594,3.18606,0.0110696,3.06481,1.68128,0.000432414,0.0641937,7.21628e-05,0.0028571,2.70611e-05,0.000983516,0.0641937,1.54075,4.29585e-06,5.25117,0.0351741
2058.2917,288.471,287.874,5.92012,0.211965,1.9499,0.0124922,0.0043226,0.00203762,0.00816956,8.28572e-05,0.000159021,6.81188e-05,5.30008e-06,0.00452687,0.0135959,1.91027,0.517631,0.0181919,0.000687256,1.73588e-05,1.00924e-06,3.18316e-05,9.34511e-07,6.14111e-05,7.65658e-05,2.56327e-06,1.20801e-08,2.88475e-06,4.62058e-06,14.7939,50.0234,9.4488,0.358847,31.9207,0.166066,11.4166,0.0133944,0.166066,2.94994,0.168155,3.36792,0.00160067,0.00684027,3.18524,0.00664264,0.0174748,0.00395395,0.00608483,3.18524,0.0111419,3.06481,1.68127,0.000398688,0.0641605,0.000442843,0.00291246,0.000166066,0.000983312,0.0641605,2.95294,1.83681e-05,5.34513,0.17946
2058.3750,296.402,294.486,6.36363,0.134895,3.62201,0.0130863,0.00568684,0.00197317,0.00739949,0.000135693,0.000164763,0.000116142,3.47176e-06,0.0074399,0.0113109,3.48725,0.308311,0.0187411,0.000692177,1.96709e-05,1.10211e-06,1.5817e-05,5.37389e-07,6.40153e-05,7.81725e-05,1.79415e-06,1.08979e-08,2.7918e-06,4.76062e-06,15.0127,50.2041,9.50463,0.338438,31.9058,0.17682,11.418,0.0130605,0.17682,2.94714,0.170303,3.3678,0.00104067,0.00634461,3.18403,0.0070728,0.0174791,0.00421,0.00607949,3.18403,0.0112705,3.06481,1.68121,0.000372333,0.064117,0.00047152,0.00291318,0.00017682,0.000982381,0.064117,3.95133,2.0773e-05,5.5081,0.18988
2058.4583,298.498,297.163,6.35102,0.189708,2.61826,0.0130611,0.00634704,0.00232551,0.00671408,0.0001388,0.000161564,0.000119406,2.86331e-06,0.00756592,0.0133159,4.07602,0.291531,0.0184856,0.000697217,1.95731e-05,1.20521e-06,2.41299e-05,2.36664e-07,8.06887e-05,7.70609e-05,2.06815e-06,6.89174e-09,3.25705e-06,4.69813e-06,15.2012,50.3552,9.56186,0.322148,31.889,0.176525,11.3989,0.012298,0.176525,2.9429,0.172373,3.36791,0.000884632,0.0059477,3.18264,0.00706099,0.0174548,0.00420297,0.00607107,3.18264,0.0113955,3.06481,1.68115,0.000351462,0.0640702,0.000470732,0.00290914,0.000176525,0.000980967,0.0640702,3.74488,2.07784e-05,5.63935,0.188823
2058.5417,296.986,296.318,6.33823,0.154251,2.88339,0.0116865,0.00592811,0.00207364,0.00575837,0.000111842,0.000149803,9.60221e-05,2.51919e-06,0.00639165,0.0116383,3.77492,0.288603,0.016361,0.000702225,1.73078e-05,1.28366e-06,2.19325e-05,2.86546e-07,7.48736e-05,6.83765e-05,2.49771e-06,7.81908e-09,2.84688e-06,4.15297e-06,15.3753,50.4844,9.61867,0.306776,31.8676,0.176225,11.3796,0.0115685,0.176225,2.93479,0.174365,3.36777,0.000983352,0.00557548,3.1808,0.007049,0.0174299,0.00419584,0.00605454,3.1808,0.0115149,3.06481,1.68111,0.000332074,0.0640133,0.000469934,0.00290499,0.000176225,0.000978263,0.0640133,3.42436,1.85915e-05,5.75666,0.187794
2058.6250,294.757,294.447,6.32568,0.152095,2.00619,0.0089026,0.00531873,0.00183978,0.00358387,7.71247e-05,0.000133064,6.59813e-05,2.00266e-06,0.00536784,0.012825,3.09357,0.278434,0.0119808,0.000706127,1.26099e-05,1.32674e-06,1.88944e-05,3.13148e-07,6.77011e-05,5.01276e-05,2.45101e-06,4.87485e-09,2.47588e-06,3.01972e-06,15.499,50.5745,9.66248,0.295961,31.8494,0.175931,11.3606,0.0108929,0.175931,2.93019,0.175899,3.36765,0.0012017,0.00531495,3.17919,0.00703723,0.0174052,0.00418883,0.00604518,3.17919,0.0116063,3.06481,1.68108,0.000318631,0.0639669,0.000469149,0.00290087,0.000175931,0.00097673,0.0639669,2.52699,1.39366e-05,5.83648,0.186824
2058.7083,288.352,288.959,5.13955,0.137569,1.10249,0.00546907,0.00377918,0.0025112,0.00168989,4.32528e-05,7.50075e-05,3.65649e-05,1.6213e-06,0.00455416,0.00955311,1.81471,0.238007,0.00636437,0.0120303,7.17226e-06,1.31572e-06,1.76487e-05,3.33427e-07,4.83599e-08,0.000105656,1.96205e-06,3.32292e-09,1.28534e-06,6.85555e-06,15.5013,50.6705,9.65785,0.395298,31.8439,0.144985,11.3416,0.0102569,0.144985,2.93002,0.175305,3.36906,0.00123938,0.00782455,3.17865,0.00579866,0.0173803,0.00345203,0.00604491,3.17865,0.0115765,3.06489,1.68107,0.00045226,0.0639561,0.000386548,0.00289671,0.000144985,0.000976674,0.0639561,1.46587,8.48799e-06,5.8434,0.155242
2058.7917,281.655,282.814,0,0.210403,0,0,0.00144024,0.00356121,-0.00144024,0,0,0,0,0,0,0,0,0,0.000689333,0,1.26021e-06,1.78518e-07,4.48959e-08,-5.72297e-06,0,1.18141e-08,2.35361e-09,1.91302e-06,0,15.1783,50.8492,9.51127,0.842262,31.8976,0,11.3227,0.0096579,0,2.93109,0.168098,3.37611,0.000114647,0.0188466,3.183,0,0.0173551,0,0.00604712,3.183,0.0111792,3.06528,1.68109,0.001056,0.0641105,0,0.00289252,0,0.000977031,0.0641105,0.539074,1.26021e-06,5.667,0.0096579
2058.8750,275.439,276.499,0,0.291339,0,0,0.00118189,0.00309113,-0.00118189,0,0,0,0,0,0,0,0,0,0.000688182,0,1.19253e-06,1.21478e-06,1.18744e-07,4.63161e-06,0,6.02787e-08,6.47297e-09,2.45502e-06,0,15.116,50.7062,9.49539,0.714091,31.9409,0,11.3038,0.00909405,0,2.93521,0.167818,3.37619,0.000172999,0.0155203,3.18662,0,0.0173298,0,0.00605555,3.18662,0.0111605,3.06528,1.68116,0.000881642,0.0642303,0,0.0028883,0,0.000978402,0.0642303,0.728821,1.19253e-06,5.62064,0.00909405
2058.9583,275.297,275.493,0,0.248002,0,0,0.00116502,0.0024765,-0.00116502,0,0,0,0,0,0,0,0,0,0.000687014,0,1.12869e-06,5.57474e-06,3.11967e-07,1.37355e-05,0,2.77831e-07,1.42164e-08,2.40382e-06,0,15.0583,50.5939,9.47927,0.627209,31.9653,0,11.2846,0.0085546,0,2.94302,0.167533,3.37617,0.00045502,0.0133597,3.18876,0,0.0173039,0,0.00607157,3.18876,0.0111415,3.06528,1.68123,0.000763712,0.0642935,0,0.00288398,0,0.000981007,0.0642935,0.52482,1.12869e-06,5.57906,0.0085546
2059.0417,276.403,276.712,0,0.207409,0,0,0.00110647,0.00220221,-0.00110647,0,0,0,0,0,0,0,0,0,0.000685904,0,1.07048e-06,1.08336e-05,3.59605e-07,2.10721e-05,0,6.22739e-07,1.10391e-08,2.39007e-06,0,15.0023,50.4917,9.46396,0.559048,31.9809,0,11.2664,0.00807075,0,2.94951,0.167262,3.37601,0.000802712,0.0116806,3.19018,0,0.0172791,0,0.00608479,3.19018,0.0111236,3.06528,1.6813,0.000669998,0.0643308,0,0.00287984,0,0.00098317,0.0643308,0.707931,1.07048e-06,5.53831,0.00807075
2059.1250,283.636,283.07,0,0.227406,0,0,0.00148064,0.00264991,-0.00148064,0,0,0,0,0,0,0,0,0,0.000684796,0,1.02993e-06,2.07563e-05,5.39428e-07,3.62004e-05,0,1.10042e-06,1.2083e-08,3.18812e-06,0,14.9427,50.3855,9.44868,0.499431,31.9897,0,11.2482,0.00761472,0,2.95356,0.166992,3.37562,0.00123896,0.0102197,3.19107,0,0.0172541,0,0.00609292,3.19107,0.0111056,3.06528,1.68138,0.000587814,0.0643482,0,0.00287568,0,0.000984521,0.0643482,1.08573,1.02993e-06,5.49405,0.00761472
2059.2083,287.898,287.111,1.90018,0.204395,1.1314,0.00548207,0.00276912,0.00255993,0.00271295,2.51772e-05,9.549e-05,2.05499e-05,1.74678e-06,0.00211423,0.0155626,1.47004,0.412362,0.00714993,0.000684219,6.90324e-06,1.02166e-06,3.07341e-05,1.12287e-06,4.87145e-05,2.99978e-05,1.96245e-06,2.1242e-08,3.3707e-06,1.78829e-06,14.9035,50.2909,9.43965,0.442363,31.9917,0.0570728,11.3482,0.00987321,0.0570728,2.95336,0.166946,3.37492,0.00160029,0.00883839,3.19144,0.00228291,0.017393,0.00135888,0.00609226,3.19144,0.0111008,3.06528,1.68147,0.000509465,0.0643442,0.000152194,0.00289883,5.70728e-05,0.000984453,0.0643442,2.17018,7.92489e-06,5.46385,0.066946
2059.2917,291.674,290.762,5.29565,0.146588,2.49072,0.0113579,0.00462975,0.00213177,0.00672818,9.63336e-05,0.000158011,8.14751e-05,3.57042e-06,0.00599319,0.015613,2.65392,0.360574,0.0154115,0.000687131,1.57951e-05,1.08287e-06,1.84285e-05,8.24093e-07,5.273e-05,6.41263e-05,2.10173e-06,1.27282e-08,2.99091e-06,3.8981e-06,15.036,50.3758,9.47227,0.402199,31.9853,0.151169,11.5254,0.013654,0.151169,2.95227,0.168304,3.37457,0.00121488,0.00787592,3.19109,0.00604676,0.0176403,0.00359926,0.00609033,3.19109,0.011181,3.06528,1.68147,0.000455445,0.0643182,0.000403117,0.00294005,0.000151169,0.000984091,0.0643182,3.06806,1.6878e-05,5.56375,0.164823
2059.3750,296.262,294.993,5.33982,0.192687,2.48904,0.0131125,0.00581386,0.00254777,0.0072986,0.000127323,0.000164423,0.000109042,3.16889e-06,0.00692278,0.0118535,3.62515,0.305497,0.0180687,0.000691424,1.8938e-05,1.14485e-06,2.43023e-05,2.13108e-07,7.45501e-05,7.50201e-05,2.11431e-06,5.95353e-09,3.66379e-06,4.59009e-06,15.2181,50.5133,9.52136,0.373111,31.9728,0.152265,11.5089,0.012918,0.152265,2.94926,0.17013,3.37448,0.000912264,0.00717299,3.19018,0.0060906,0.0176199,0.00362536,0.00608452,3.19018,0.0112909,3.06528,1.68144,0.000416881,0.0642769,0.00040604,0.00293666,0.000152265,0.000983087,0.0642769,3.33986,2.00829e-05,5.69677,0.165183
2059.4583,298.956,297.459,5.32947,0.12549,3.99431,0.0130391,0.00622252,0.00208817,0.00681656,0.000146082,0.00016407,0.000125952,2.69201e-06,0.00798523,0.0125418,4.23966,0.267742,0.0179493,0.000696448,1.89059e-05,1.24449e-06,1.09897e-05,1.79522e-07,6.5542e-05,7.42725e-05,1.2655e-06,4.28721e-09,2.96181e-06,4.56026e-06,15.4094,50.6563,9.57918,0.348717,31.9551,0.152011,11.4897,0.0121638,0.152011,2.94303,0.172151,3.37451,0.000905941,0.00658412,3.1888,0.00608043,0.0175954,0.0036193,0.00607194,3.1888,0.0114132,3.06528,1.6814,0.000385268,0.0642236,0.000405362,0.00293257,0.000152011,0.00098101,0.0642236,4.34571,2.01504e-05,5.83025,0.164175
2059.5417,297.927,296.908,5.31899,0.153418,2.86315,0.0105448,0.00587491,0.00217145,0.00466988,0.000104809,0.000149447,9.01845e-05,2.13098e-06,0.00670299,0.0131527,3.86541,0.273325,0.0141712,0.000700977,1.49123e-05,1.32826e-06,2.05076e-05,1.28806e-07,7.33742e-05,5.87794e-05,1.79584e-06,3.24545e-09,3.05336e-06,3.58318e-06,15.564,50.7751,9.63106,0.3318,31.9393,0.151753,11.4702,0.0114422,0.151753,2.94003,0.173917,3.37461,0.000940529,0.0061751,3.18751,0.00607011,0.0175702,0.00361316,0.00606595,3.18751,0.0115201,3.06528,1.68136,0.000363671,0.0641784,0.000404674,0.00292837,0.000151753,0.00098001,0.0641784,3.35689,1.62406e-05,5.9329,0.163195
2059.6250,295.259,295.02,5.30869,0.138923,2.06981,0.00883304,0.00534313,0.00190995,0.00348991,6.95252e-05,0.000133719,5.94432e-05,1.83765e-06,0.00484079,0.012992,3.2739,0.298854,0.0116028,0.000704495,1.21259e-05,1.3723e-06,1.82469e-05,1.93637e-07,6.68166e-05,4.83489e-05,2.29103e-06,2.54922e-09,2.63534e-06,2.92401e-06,15.6685,50.8411,9.67091,0.316867,31.9207,0.151499,11.4511,0.010774,0.151499,2.93497,0.175291,3.37442,0.00132542,0.00581451,3.18593,0.00605998,0.0175452,0.00360713,0.00605562,3.18593,0.0116019,3.06528,1.68135,0.000344752,0.064128,0.000403998,0.0029242,0.000151499,0.000978325,0.064128,2.551,1.34982e-05,5.99762,0.162273
2059.7083,289.414,289.897,4.32186,0.159677,1.10177,0.00544099,0.00390603,0.00279445,0.00153496,3.59042e-05,7.62221e-05,3.02967e-05,1.39968e-06,0.00384874,0.00900977,2.04051,0.283766,0.00622633,0.0104564,6.94391e-06,1.36477e-06,3.21645e-05,1.60819e-07,9.5927e-06,9.40854e-05,3.09301e-06,2.02532e-09,1.75079e-06,6.09448e-06,15.6744,50.9167,9.67055,0.396622,31.9129,0.124851,11.4319,0.010145,0.124851,2.93286,0.174886,3.37527,0.00127983,0.00783524,3.18522,0.00499253,0.01752,0.00297264,0.00605128,3.18522,0.0115827,3.06535,1.68135,0.00045196,0.064109,0.000332814,0.00292,0.000124851,0.000977619,0.064109,1.39841,8.30868e-06,6.00385,0.134996
2059.7917,282.557,283.795,0,0.16724,0,0,0.00163523,0.00343172,-0.00163523,0,0,0,0,0,0,0,0,0,0.00069032,0,1.29392e-06,2.1376e-07,4.4603e-08,-5.68507e-06,0,1.57302e-08,1.79565e-09,1.9582e-06,0,15.3893,51.0538,9.544,0.765603,31.9644,0,11.4129,0.00955251,0,2.93444,0.168683,3.38127,0.000150895,0.0169455,3.18944,0,0.0174946,0,0.00605453,3.18944,0.0112404,3.06568,1.68138,0.000949511,0.0642556,0,0.00291576,0,0.000978148,0.0642556,0.419324,1.29392e-06,5.84532,0.00955251
2059.8750,276.873,277.894,0,0.229924,0,0,0.00130463,0.00306023,-0.00130463,0,0,0,0,0,0,0,0,0,0.000689167,0,1.21647e-06,3.37263e-06,3.91232e-08,1.20706e-05,0,1.59631e-07,1.69655e-09,2.70088e-06,0,15.3226,50.9102,9.52806,0.645963,32.0028,0,11.3938,0.00899482,0,2.9388,0.168401,3.38132,0.00030966,0.0138634,3.19269,0,0.017469,0,0.00606345,3.19269,0.0112217,3.06568,1.68145,0.000786398,0.0643603,0,0.00291149,0,0.000979602,0.0643603,0.467114,1.21647e-06,5.79455,0.00899482
2059.9583,273.458,274.209,0,0.397912,0,0,0.00101318,0.0021458,-0.00101318,0,0,0,0,0,0,0,0,0,0.000687997,0,1.14125e-06,8.67464e-06,1.31356e-07,1.88281e-05,0,4.55e-07,4.12125e-09,2.22146e-06,0,15.2638,50.7998,9.51189,0.567919,32.022,0,11.3745,0.00846125,0,2.946,0.168115,3.38123,0.000703409,0.0119308,3.1944,0,0.0174428,0,0.00607817,3.1944,0.0112026,3.06568,1.68153,0.000680236,0.0644085,0,0.00290713,0,0.000982002,0.0644085,0.512416,1.14125e-06,5.75191,0.00846125
2060.0417,275.463,275.732,0,0.25264,0,0,0.00120343,0.00206498,-0.00120343,0,0,0,0,0,0,0,0,0,0.000686886,0,1.08278e-06,1.43904e-05,6.09659e-07,2.60468e-05,0,7.12601e-07,1.4584e-08,2.36147e-06,0,15.2082,50.7055,9.49653,0.512559,32.0321,0,11.3561,0.00798269,0,2.95265,0.167844,3.38096,0.00110341,0.0105689,3.19535,0,0.0174177,0,0.0060917,3.19535,0.0111845,3.06568,1.68159,0.000604635,0.0644309,0,0.00290295,0,0.000984218,0.0644309,0.711733,1.08278e-06,5.71168,0.00798269
2060.1250,278.479,278.454,0,0.258115,0,0,0.00128374,0.00207469,-0.00128374,0,0,0,0,0,0,0,0,0,0.000685777,0,1.04649e-06,2.11396e-05,1.11151e-06,3.35875e-05,0,1.14778e-06,2.0309e-08,2.56851e-06,0,15.1494,50.6113,9.48119,0.46728,32.0365,0,11.3377,0.00753163,0,2.95818,0.167573,3.38048,0.00149564,0.00946274,3.19585,0,0.0173925,0,0.00610285,3.19585,0.0111665,3.06568,1.68166,0.000542934,0.0644374,0,0.00289875,0,0.00098606,0.0644374,1.03352,1.04649e-06,5.66816,0.00753163
2060.2083,285.832,284.862,0,0.173364,0,0,0.0015482,0.00215453,-0.0015482,0,0,0,0,0,0,0,0,0,0.000684632,0,1.01491e-06,3.05369e-05,1.94442e-06,4.5527e-05,0,2.49118e-06,2.45057e-08,2.87862e-06,0,15.0843,50.5072,9.46536,0.426037,32.0357,0,11.3188,0.00709177,0,2.96113,0.167293,3.37973,0.00193666,0.00846203,3.19593,0,0.0173663,0,0.00610862,3.19593,0.0111478,3.06568,1.68174,0.000486843,0.0644284,0,0.00289438,0,0.000987044,0.0644284,1.1181,1.01491e-06,5.61893,0.00709177
2060.2917,290.996,289.994,2.88077,0.209288,1.41618,0.00875278,0.00393081,0.002405,0.00482197,4.05751e-05,0.00014305,3.32072e-05,2.71327e-06,0.00310089,0.020939,2.2665,0.625677,0.0118154,0.000685166,1.13105e-05,1.01289e-06,4.11577e-05,1.16561e-06,6.49764e-05,4.96544e-05,3.13965e-06,1.26829e-08,3.41135e-06,2.96632e-06,15.0789,50.4575,9.46952,0.391367,32.0272,0.0860015,11.5013,0.011228,0.0860015,2.95997,0.167583,3.3787,0.00202122,0.0076202,3.19537,0.00344006,0.0176195,0.00204765,0.00610603,3.19537,0.011163,3.06568,1.6818,0.000440354,0.0643978,0.000229337,0.00293658,8.60015e-05,0.000986657,0.0643978,2.3876,1.23233e-05,5.60939,0.0972295
2060.3750,296.317,295.126,4.64706,0.180339,2.92248,0.0129895,0.00571152,0.0024651,0.00727802,8.25088e-05,0.000163998,6.97272e-05,3.08069e-06,0.00446758,0.0124656,3.69248,0.499757,0.0181736,0.000690124,1.8757e-05,1.09013e-06,3.49858e-05,9.30698e-07,7.64685e-05,7.61586e-05,3.48156e-06,1.40604e-08,3.55498e-06,4.61459e-06,15.2422,50.5709,9.5263,0.36276,32.0113,0.134939,11.5971,0.0131122,0.134939,2.95466,0.169356,3.37805,0.00151734,0.00692561,3.19416,0.00539755,0.0177542,0.00321283,0.0060954,3.19416,0.011268,3.06568,1.68179,0.000402778,0.0643479,0.000359837,0.00295903,0.000134939,0.000984888,0.0643479,3.7469,1.98472e-05,5.71592,0.148051
2060.4583,299.036,297.564,4.63821,0.141847,3.56773,0.0124509,0.00612454,0.002243,0.00632633,0.000102445,0.000163562,8.76692e-05,2.60306e-06,0.00585397,0.0126329,4.22763,0.367473,0.0173623,0.00069606,1.81941e-05,1.19395e-06,1.91879e-05,4.59962e-07,7.44459e-05,7.24409e-05,2.28839e-06,7.2329e-09,3.18986e-06,4.40339e-06,15.4319,50.7136,9.59474,0.341099,31.9923,0.134714,11.5777,0.0123467,0.134714,2.94822,0.171414,3.37779,0.00126238,0.00639995,3.19263,0.00538854,0.0177295,0.00320747,0.00608241,3.19263,0.0113913,3.06568,1.68175,0.000374775,0.0642927,0.000359236,0.00295492,0.000134714,0.000982742,0.0642927,4.10816,1.9388e-05,5.8372,0.14706
2060.5417,298.997,297.513,4.62923,0.102142,2.57582,0.00870042,0.00544487,0.00147023,0.00325554,7.95471e-05,0.000134551,6.83125e-05,1.75788e-06,0.00577125,0.0200326,3.60042,0.269264,0.0117016,0.00070081,1.22778e-05,1.27548e-06,9.92212e-06,4.42095e-07,4.77266e-05,4.86636e-05,1.1789e-06,4.41958e-09,2.01806e-06,2.9461e-06,15.5605,50.8129,9.64904,0.32724,31.9778,0.134485,11.558,0.0116143,0.134485,2.94743,0.173051,3.37796,0.00133473,0.00606816,3.19143,0.0053794,0.0177042,0.00320202,0.00608102,3.19143,0.0114892,3.06568,1.68171,0.0003574,0.0642521,0.000358626,0.0029507,0.000134485,0.000982478,0.0642521,2.95928,1.35533e-05,5.91143,0.146099
2060.6250,294.293,294.109,4.62042,0.141652,1.95962,0.00844569,0.00500811,0.0017762,0.00343758,6.46182e-05,0.000133485,5.50685e-05,1.90414e-06,0.0046638,0.0143256,3.11475,0.31901,0.0113541,0.000703984,1.18191e-05,1.30689e-06,1.82457e-05,2.73126e-07,6.27461e-05,4.73984e-05,2.2611e-06,2.92963e-09,2.45014e-06,2.85639e-06,15.6275,50.856,9.68462,0.316359,31.9644,0.13426,11.5387,0.010936,0.13426,2.94765,0.174164,3.37778,0.00145292,0.00580066,3.19029,0.00537041,0.017679,0.00319667,0.0060816,3.19029,0.0115546,3.06568,1.68169,0.000343433,0.0642163,0.000358028,0.0029465,0.00013426,0.00098255,0.0642163,2.47443,1.3126e-05,5.94292,0.145196
2060.7083,287.297,287.845,3.76681,0.212763,0.689042,0.00492267,0.00352293,0.00287881,0.00139974,3.22687e-05,7.68986e-05,2.66527e-05,1.51966e-06,0.00376596,0.00997962,1.69349,0.301478,0.00583264,0.00934669,6.33297e-06,1.30221e-06,3.25226e-05,1.64698e-07,6.96196e-06,8.46021e-05,2.63818e-06,2.05523e-09,1.77397e-06,5.46585e-06,15.6382,50.9265,9.68939,0.384792,31.9573,0.110644,11.5195,0.0102975,0.110644,2.94622,0.173876,3.37845,0.00133922,0.00753186,3.18963,0.00442449,0.0176536,0.00263439,0.00607869,3.18963,0.0115413,3.06574,1.68169,0.000434984,0.0641994,0.000294954,0.00294227,0.000110644,0.000982072,0.0641994,1.59876,7.63518e-06,5.94884,0.120942
2060.7917,281.535,282.58,0,0.190957,0,0,0.00156234,0.00354017,-0.00156234,0,0,0,0,0,0,0,0,0,0.000691891,0,1.2469e-06,1.37939e-06,4.81467e-08,-1.68659e-07,0,6.26051e-08,2.10726e-09,2.27728e-06,0,15.382,51.0291,9.57704,0.689843,32.0103,0,11.5002,0.00969613,0,2.94695,0.168362,3.38363,0.000161091,0.0150452,3.19398,0,0.017628,0,0.0060802,3.19398,0.0112366,3.06604,1.68173,0.00084471,0.0643495,0,0.002938,0,0.000982318,0.0643495,0.461177,1.2469e-06,5.805,0.00969613
2060.8750,274.867,275.879,0,0.264242,0,0,0.00123904,0.00230212,-0.00123904,0,0,0,0,0,0,0,0,0,0.000690736,0,1.17415e-06,4.92214e-06,9.20411e-08,1.55953e-05,0,2.60092e-07,3.56742e-09,2.14893e-06,0,15.3164,50.8977,9.56105,0.588274,32.0406,0,11.481,0.00913005,0,2.95242,0.168081,3.38364,0.000452503,0.0124581,3.19656,0,0.0176023,0,0.0060914,3.19656,0.0112179,3.06604,1.6818,0.000706976,0.0644313,0,0.00293371,0,0.000984139,0.0644313,0.693411,1.17415e-06,5.75536,0.00913005
2060.9583,270.865,271.44,0,0.41557,0,0,0.000882024,0.00065617,-0.000882024,0,0,0,0,0,0,0,0,0,0.000689563,0,1.11447e-06,1.67076e-06,2.24239e-07,7.79315e-06,0,8.23144e-08,5.46197e-09,6.36243e-07,0,15.2599,50.8208,9.54482,0.545847,32.0505,0,11.4615,0.00858846,0,2.96453,0.167796,3.38359,0.000805836,0.0114386,3.19743,0,0.0175759,0,0.00611631,3.19743,0.0111988,3.06604,1.68184,0.000652128,0.0644563,0,0.00292932,0,0.000988177,0.0644563,0.478036,1.11447e-06,5.71513,0.00858846
2061.0417,273.481,273.237,0,0.387274,0,0,0.00106689,0.000781985,-0.00106689,0,0,0,0,0,0,0,0,0,0.00068845,0,1.05092e-06,2.68218e-06,2.93396e-07,6.45317e-06,0,1.11258e-07,4.67562e-09,7.81949e-07,0,15.2102,50.783,9.5294,0.539251,32.0523,0,11.443,0.0081027,0,2.98128,0.167525,3.38364,0.0010339,0.0113411,3.19759,0,0.0175507,0,0.00615075,3.19759,0.0111807,3.06604,1.68185,0.000648012,0.064461,0,0.00292511,0,0.000993762,0.064461,0.310505,1.05092e-06,5.68081,0.0081027
2061.1250,280.576,279.819,0,0.216615,0,0,0.00135778,0.00241959,-0.00135778,0,0,0,0,0,0,0,0,0,0.000687338,0,9.97791e-07,1.74353e-05,3.09501e-07,3.09814e-05,0,1.04193e-06,4.11828e-09,2.80738e-06,0,15.1521,50.6979,9.51401,0.492479,32.063,0,11.4246,0.00764486,0,2.99036,0.167254,3.3834,0.00130856,0.0101015,3.19856,0,0.0175253,0,0.00616924,3.19856,0.0111627,3.06604,1.68191,0.000580093,0.0644872,0,0.00292088,0,0.000996786,0.0644872,0.907346,9.97791e-07,5.63804,0.00764486
2061.2083,290.322,288.954,0.192758,0.19357,0.194991,0.000861221,0.00208936,0.0027838,-0.00122814,3.56035e-06,2.45241e-05,2.92239e-06,2.11584e-07,0.000651557,0.00927951,0.538188,0.11791,0.00106052,0.000686219,1.05439e-06,9.71358e-07,3.32634e-05,9.43843e-07,5.51464e-05,4.49016e-06,2.45943e-06,9.51255e-09,3.61341e-06,2.53826e-07,15.0806,50.5708,9.49846,0.433489,32.0661,0.00620251,11.4207,0.00754891,0.00620251,2.99058,0.166983,3.38272,0.00193913,0.00864924,3.19898,0.0002481,0.01752,0.000147679,0.00616937,3.19898,0.0111445,3.06604,1.68201,0.000498005,0.0644882,1.654e-05,0.00292001,6.20251e-06,0.00099686,0.0644882,1.36025,2.02575e-06,5.58219,0.0137514
2061.2917,290.729,289.883,3.58895,0.181011,2.0489,0.010559,0.0045534,0.00233114,0.00600558,6.34801e-05,0.000157428,5.24455e-05,3.72052e-06,0.00413794,0.0158491,2.50825,0.587775,0.0158617,0.000689032,1.56034e-05,1.00194e-06,3.28348e-05,1.27767e-06,6.20778e-05,6.72157e-05,2.84751e-06,1.40457e-08,3.26749e-06,4.00286e-06,15.1206,50.5573,9.52872,0.391026,32.0581,0.106792,11.6491,0.0126632,0.106792,2.98762,0.167789,3.38186,0.00182864,0.0076125,3.19847,0.00427169,0.0178373,0.00254267,0.00616324,3.19847,0.0111899,3.06604,1.68205,0.000440576,0.0644588,0.000284779,0.00297289,0.000106792,0.000995873,0.0644588,2.93271,1.66053e-05,5.59189,0.119455
2061.3750,296.913,295.238,4.25504,0.143982,3.03376,0.0123766,0.00586166,0.00224748,0.00651493,0.000115104,0.000164024,9.8197e-05,3.27127e-06,0.00655535,0.0124369,3.67495,0.364062,0.0187949,0.000696178,1.97992e-05,1.07941e-06,2.12844e-05,7.33894e-07,6.82171e-05,7.90798e-05,2.44314e-06,1.06791e-08,3.21717e-06,4.76633e-06,15.2857,50.6768,9.60945,0.363004,32.044,0.124861,11.6746,0.0129115,0.124861,2.98408,0.169815,3.38156,0.00126305,0.00692775,3.1974,0.00499445,0.0178748,0.00297289,0.0061563,3.1974,0.0113095,3.06604,1.68201,0.000403544,0.0644148,0.000332964,0.00297913,0.000124861,0.000994694,0.0644148,3.61437,2.08786e-05,5.67629,0.137773
2061.4583,300.135,298.017,4.24701,0.118628,2.96348,0.0103592,0.00590274,0.00189,0.00445641,0.000117845,0.000152439,0.000101431,2.35207e-06,0.0079389,0.0213629,4.03774,0.26934,0.015392,0.000702519,1.63713e-05,1.17065e-06,1.43443e-05,3.92225e-07,6.04769e-05,6.44024e-05,1.52887e-06,5.6074e-09,2.68078e-06,3.88654e-06,15.4183,50.7778,9.68082,0.345068,32.0308,0.124653,11.6551,0.0121577,0.124653,2.98368,0.17165,3.38173,0.0010793,0.00649186,3.19635,0.00498611,0.0178498,0.00296792,0.00615576,3.19635,0.0114185,3.06604,1.68196,0.000380497,0.0643756,0.000332408,0.00297497,0.000124653,0.00099456,0.0643756,3.55534,1.75419e-05,5.73743,0.136811
2061.5417,297.196,296.562,4.23887,0.161117,2.57064,0.0108114,0.00576025,0.00217744,0.00505119,0.000111798,0.000149566,9.59976e-05,2.48506e-06,0.00668518,0.0132242,3.83714,0.29572,0.0162537,0.000708852,1.72812e-05,1.25332e-06,2.23125e-05,1.79018e-07,7.55589e-05,6.82288e-05,2.18929e-06,3.36278e-09,3.07207e-06,4.11641e-06,15.5524,50.8729,9.75206,0.328375,32.013,0.124441,11.6353,0.0114365,0.124441,2.9792,0.173527,3.3817,0.00107185,0.00608134,3.19488,0.00497765,0.0178242,0.00296289,0.00614669,3.19488,0.0115301,3.06604,1.68192,0.000358819,0.0643256,0.000331843,0.0029707,0.000124441,0.000993066,0.0643256,3.34922,1.85346e-05,5.80032,0.135878
2061.6250,293.728,293.662,4.23088,0.189158,1.68885,0.00849331,0.00487885,0.0021008,0.00361446,6.56592e-05,0.000133925,5.57517e-05,2.15891e-06,0.00461305,0.0128981,3.01586,0.352763,0.0124918,0.000713905,1.3144e-05,1.29476e-06,2.82582e-05,1.22631e-07,7.61535e-05,5.27343e-05,2.62111e-06,2.31469e-09,2.91427e-06,3.14548e-06,15.659,50.9389,9.80841,0.314064,31.9929,0.124233,11.6159,0.0107686,0.124233,2.97299,0.175072,3.3814,0.00130018,0.00573265,3.19316,0.00496934,0.0177988,0.00295794,0.00613395,3.19316,0.0116209,3.06604,1.6819,0.000340585,0.0642719,0.000331289,0.00296646,0.000124233,0.000990995,0.0642719,2.50246,1.44387e-05,5.85056,0.135002
2061.7083,288.209,288.667,3.45204,0.188741,0.900346,0.00506225,0.00353362,0.00289936,0.00152864,3.38459e-05,7.81818e-05,2.82159e-05,1.63132e-06,0.00392769,0.00995998,1.80822,0.319975,0.00664354,0.00871207,7.2518e-06,1.28817e-06,2.91503e-05,1.1275e-07,1.01996e-05,8.38994e-05,2.51171e-06,1.99923e-09,1.84809e-06,5.37656e-06,15.6764,51.0034,9.8225,0.374987,31.9827,0.102381,11.5965,0.0101399,0.102381,2.96923,0.175009,3.38194,0.00129518,0.00727752,3.19224,0.00409413,0.0177731,0.00243765,0.00612621,3.19224,0.0116198,3.0661,1.6819,0.000422501,0.0642473,0.000272914,0.00296219,0.000102381,0.000989742,0.0642473,1.43181,8.53997e-06,5.85391,0.112521
2061.7917,280.847,282.007,0,0.196204,0,0,0.00140713,0.00343383,-0.00140713,0,0,0,0,0,0,0,0,0,0.000703792,0,1.23021e-06,1.96365e-06,6.73391e-08,1.46165e-06,0,9.87354e-08,2.57214e-09,2.26672e-06,0,15.4379,51.092,9.71988,0.649875,32.0343,0,11.5771,0.00954775,0,2.96995,0.169938,3.38679,0.00019713,0.014054,3.19647,0,0.0177473,0,0.00612766,3.19647,0.0113395,3.06637,1.68194,0.000792106,0.0643934,0,0.00295788,0,0.000989985,0.0643934,0.501667,1.23021e-06,5.71804,0.00954775
2061.8750,275.794,276.937,0,0.265647,0,0,0.00116333,0.00254996,-0.00116333,0,0,0,0,0,0,0,0,0,0.000702617,0,1.16055e-06,7.87868e-06,2.3761e-07,2.17341e-05,0,4.05684e-07,8.99465e-09,2.50662e-06,0,15.3753,50.9609,9.70365,0.548937,32.0625,0,11.5578,0.00899034,0,2.97414,0.169654,3.38674,0.000584861,0.0114871,3.19888,0,0.0177213,0,0.00613621,3.19888,0.0113205,3.06637,1.68202,0.000654311,0.0644692,0,0.00295354,0,0.000991381,0.0644692,0.567597,1.16055e-06,5.67167,0.00899034
2061.9583,274.647,275.152,0,0.28413,0,0,0.00112606,0.0019014,-0.00112606,0,0,0,0,0,0,0,0,0,0.000701424,0,1.09255e-06,1.36977e-05,6.43812e-07,2.56626e-05,0,6.75052e-07,1.83611e-08,2.1156e-06,0,15.3178,50.8642,9.68718,0.49173,32.0731,0,11.5382,0.00845703,0,2.9816,0.169366,3.38647,0.00104264,0.0100771,3.19984,0,0.0176946,0,0.00615145,3.19984,0.0113013,3.06637,1.68208,0.000576833,0.0644948,0,0.0029491,0,0.000993866,0.0644948,0.591601,1.09255e-06,5.63064,0.00845703
2062.0417,274.342,274.35,0,0.218294,0,0,0.00106399,0.00154296,-0.00106399,0,0,0,0,0,0,0,0,0,0.000700291,0,1.04792e-06,1.5776e-05,1.01945e-06,2.62964e-05,0,8.66693e-07,1.97203e-08,1.84707e-06,0,15.2624,50.7824,9.67154,0.453301,32.0772,0,11.5195,0.00797871,0,2.98939,0.169093,3.38607,0.00141673,0.00913701,3.20025,0,0.0176691,0,0.00616731,3.20025,0.0112831,3.06637,1.68214,0.000525125,0.0645031,0,0.00294486,0,0.000996462,0.0645031,0.907759,1.04792e-06,5.59091,0.00797871
2062.1250,278.933,278.471,0,0.214322,0,0,0.00124121,0.0017633,-0.00124121,0,0,0,0,0,0,0,0,0,0.00069916,0,1.01552e-06,2.28026e-05,1.25581e-06,3.5936e-05,0,1.32826e-06,1.69823e-08,2.25709e-06,0,15.2063,50.7016,9.65592,0.421441,32.0777,0,11.5009,0.00752787,0,2.99611,0.16882,3.38552,0.00178976,0.00835695,3.20037,0,0.0176435,0,0.00618093,3.20037,0.0112648,3.06637,1.6822,0.000482037,0.064501,0,0.00294059,0,0.000998703,0.064501,1.06079,1.01552e-06,5.55036,0.00752787
2062.2083,288.362,287.358,0.655502,0.212744,0.330403,0.00241138,0.00216154,0.00228926,0.000249847,1.02841e-05,5.21999e-05,8.24407e-06,8.63237e-07,0.00114324,0.0107529,0.723162,0.267684,0.00334725,0.000698176,2.98762e-06,9.93228e-07,4.05617e-05,1.87048e-06,5.9217e-05,1.41801e-05,2.95223e-06,2.02742e-08,3.13721e-06,8.26894e-07,15.1462,50.6059,9.64193,0.389229,32.0724,0.020439,11.5278,0.00814449,0.020439,2.99807,0.168596,3.3846,0.00223583,0.00756456,3.20002,0.000817562,0.0176808,0.000486644,0.00618464,3.20002,0.0112494,3.06637,1.68228,0.000438385,0.0644817,5.45041e-05,0.00294681,2.0439e-05,0.000999356,0.0644817,1.56782,3.98085e-06,5.50426,0.0285835
2062.2917,291.801,290.503,4.74017,0.145072,2.68393,0.0117781,0.00484258,0.00198328,0.00693553,7.79326e-05,0.000158969,6.49176e-05,3.99964e-06,0.00455308,0.0142297,2.60183,0.533149,0.0174522,0.000701585,1.72054e-05,1.02856e-06,2.68791e-05,1.49832e-06,5.99298e-05,7.36896e-05,3.19257e-06,1.51881e-08,2.81517e-06,4.42129e-06,15.239,50.6592,9.67941,0.362773,32.0607,0.137086,11.772,0.0135591,0.137086,2.9968,0.169772,3.38381,0.00180884,0.00691891,3.19913,0.00548345,0.0180203,0.00326396,0.00618213,3.19913,0.0113173,3.06637,1.68228,0.000403426,0.0644452,0.000365563,0.00300339,0.000137086,0.000998933,0.0644452,3.05347,1.8234e-05,5.55956,0.150645
2062.3750,297.84,295.71,5.13073,0.116671,3.61461,0.0124322,0.005983,0.00190278,0.00644916,0.000121797,0.000163599,0.000104145,3.21519e-06,0.00699885,0.0132066,3.71661,0.328303,0.0183318,0.000707916,1.92859e-05,1.12073e-06,1.49449e-05,5.85304e-07,6.20799e-05,7.68348e-05,1.76174e-06,7.33504e-09,2.7018e-06,4.64876e-06,15.423,50.808,9.7511,0.343596,32.0463,0.147099,11.7754,0.0132748,0.147099,2.99519,0.171866,3.38371,0.00124179,0.00645023,3.19797,0.00588395,0.0180275,0.00350235,0.00617923,3.19797,0.0114418,3.06637,1.68222,0.000378485,0.0644032,0.000392263,0.00300459,0.000147099,0.000998396,0.0644032,4.10637,2.04066e-05,5.6719,0.160373
2062.4583,300.458,298.666,5.12084,0.16301,2.78988,0.0109279,0.0060342,0.00191049,0.0048937,0.000117698,0.000152939,0.000101306,2.35513e-06,0.0076184,0.0212084,4.16014,0.279534,0.0158652,0.000713096,1.68451e-05,1.22838e-06,1.64872e-05,2.75129e-07,6.2355e-05,6.63194e-05,1.59811e-06,4.19088e-09,2.64829e-06,4.01331e-06,15.5459,50.9056,9.80932,0.330206,32.0337,0.146853,11.7558,0.0124998,0.146853,2.99568,0.173586,3.38388,0.00105185,0.00612398,3.19694,0.00587412,0.0180025,0.0034965,0.00618059,3.19694,0.011544,3.06637,1.68217,0.00036134,0.0643678,0.000391608,0.00300041,0.000146853,0.000998561,0.0643678,3.99395,1.80735e-05,5.73662,0.159353
2062.5417,297.616,296.995,5.11081,0.158384,2.94357,0.011428,0.00592381,0.00223781,0.00550424,0.000101184,0.000149915,8.66897e-05,2.46842e-06,0.0058158,0.0119964,3.94937,0.329567,0.0166942,0.000719073,1.76961e-05,1.32009e-06,2.44073e-05,1.10211e-07,8.08979e-05,7.01506e-05,2.63394e-06,2.6239e-09,3.0968e-06,4.23475e-06,15.7011,51.0161,9.87684,0.314527,32.0128,0.146604,11.7358,0.0117583,0.146604,2.98769,0.175567,3.38372,0.00110105,0.0057376,3.19515,0.00586415,0.0179767,0.00349057,0.0061643,3.19515,0.0116621,3.06637,1.68213,0.000341074,0.0643114,0.000390943,0.00299612,0.000146604,0.000995898,0.0643114,3.51965,1.90162e-05,5.82427,0.158362
2062.6250,293.745,293.633,5.10097,0.142471,2.21772,0.00899834,0.00505172,0.00178626,0.00394663,8.09826e-05,0.000134463,6.918e-05,2.21049e-06,0.0054406,0.0120207,3.04079,0.287068,0.0128557,0.000723886,1.35464e-05,1.37269e-06,1.7271e-05,1.59882e-07,6.51904e-05,5.39688e-05,2.28153e-06,2.09933e-09,2.41492e-06,3.2434e-06,15.8243,51.1046,9.93077,0.303081,31.9941,0.146359,11.7162,0.0110716,0.146359,2.98319,0.177182,3.3836,0.00128882,0.00546084,3.19351,0.00585436,0.0179511,0.00348474,0.00615513,3.19351,0.0117577,3.06637,1.68209,0.000326821,0.0642632,0.000390291,0.00299186,0.000146359,0.000994398,0.0642632,2.74021,1.49191e-05,5.8935,0.157431
2062.7083,286.236,287.2,4.15449,0.145866,1.00095,0.00530372,0.00340194,0.00240709,0.00190178,4.4368e-05,7.89661e-05,3.73857e-05,1.79723e-06,0.00475644,0.00987244,1.69012,0.246714,0.00681483,0.0101457,7.4157e-06,1.36317e-06,1.9497e-05,1.7657e-07,2.09648e-06,9.39612e-05,2.18206e-06,1.75142e-09,1.30769e-06,6.05844e-06,15.8425,51.1978,9.93859,0.383838,31.9877,0.120615,11.6966,0.0104252,0.120615,2.98376,0.176934,3.38477,0.00127817,0.00750331,3.1929,0.00482367,0.0179253,0.00287178,0.00615637,3.1929,0.0117471,3.06644,1.68208,0.000435321,0.0642495,0.000321542,0.00298756,0.000120615,0.000994588,0.0642495,1.34739,8.77886e-06,5.90396,0.13104
2062.7917,281.511,282.445,0,0.202777,0,0,0.00145399,0.003537,-0.00145399,0,0,0,0,0,0,0,0,0,0.000711101,0,1.29643e-06,3.40675e-07,3.25985e-08,-5.433e-06,0,1.88853e-08,1.39806e-09,2.01418e-06,0,15.5728,51.3377,9.81753,0.739822,32.0388,0,11.6771,0.00981638,0,2.98623,0.170962,3.39061,0.000144084,0.016278,3.19706,0,0.0178994,0,0.00616144,3.19706,0.0114173,3.06676,1.6821,0.000915512,0.0643958,0,0.00298323,0,0.000995409,0.0643958,0.542216,1.29643e-06,5.7553,0.00981638
2062.8750,273.889,275.172,0,0.273823,0,0,0.00108941,0.00249331,-0.00108941,0,0,0,0,0,0,0,0,0,0.000709914,0,1.21968e-06,2.8186e-06,3.53833e-08,1.12505e-05,0,1.28349e-07,1.64184e-09,2.17044e-06,0,15.5116,51.2047,9.80114,0.626458,32.0753,0,11.6576,0.00924328,0,2.99129,0.170676,3.39066,0.000317028,0.0133627,3.20013,0,0.0178732,0,0.00617183,3.20013,0.0113983,3.06676,1.68217,0.00076123,0.0644961,0,0.00297886,0,0.000997098,0.0644961,0.538906,1.21968e-06,5.71045,0.00924328
2062.9583,270.71,271.161,0,0.271314,0,0,0.000992692,0.000791396,-0.000992692,0,0,0,0,0,0,0,0,0,0.000708709,0,1.15409e-06,1.13844e-06,1.46564e-07,4.49467e-06,0,4.94214e-08,4.72483e-09,7.56225e-07,0,15.4565,51.1294,9.7845,0.58099,32.0879,0,11.6378,0.00869497,0,3.00405,0.170387,3.39066,0.000594743,0.01226,3.20122,0,0.0178464,0,0.00619804,3.20122,0.0113789,3.06676,1.68221,0.000701317,0.0645289,0,0.0029744,0,0.00100135,0.0645289,0.672034,1.15409e-06,5.67199,0.00869497
2063.0417,272.424,272.736,0,0.170391,0,0,0.00100969,0.00080328,-0.00100969,0,0,0,0,0,0,0,0,0,0.000707564,0,1.09769e-06,3.43165e-06,2.07032e-07,5.05398e-06,0,1.93031e-07,4.63045e-09,7.86124e-07,0,15.4034,51.0786,9.7687,0.561054,32.0949,0,11.619,0.00820319,0,3.01928,0.170111,3.3907,0.000754475,0.011774,3.20183,0,0.0178208,0,0.00622934,3.20183,0.0113605,3.06676,1.68223,0.000674498,0.064547,0,0.00297013,0,0.00100643,0.064547,0.737125,1.09769e-06,5.63469,0.00820319
2063.1250,275.604,274.904,0,0.10078,0,0,0.00110431,0.00130327,-0.00110431,0,0,0,0,0,0,0,0,0,0.000706421,0,1.05637e-06,4.72077e-06,1.7719e-07,1.07362e-05,0,2.34805e-07,3.7095e-09,1.39112e-06,0,15.3506,51.0273,9.75292,0.541194,32.1013,0,11.6003,0.00773967,0,3.0342,0.169837,3.39066,0.00087597,0.0112907,3.2024,0,0.017795,0,0.0062599,3.2024,0.0113422,3.06676,1.68225,0.000647833,0.0645633,0,0.00296583,0,0.0010114,0.0645633,0.970983,1.05637e-06,5.5977,0.00773967
2063.2083,288.511,287.118,0,0.200567,0,0,0.00168498,0.00304291,-0.00168498,0,0,0,0,0,0,0,0,0,0.000705242,0,1.0287e-06,2.32135e-05,6.27472e-07,4.3655e-05,0,1.51025e-06,9.42587e-09,3.61755e-06,0,15.2838,50.911,9.73664,0.476821,32.1122,0,11.5809,0.00728766,0,3.03824,0.169553,3.39033,0.00139454,0.00967001,3.20344,0,0.0177682,0,0.00626793,3.20344,0.0113233,3.06676,1.68234,0.000556724,0.0645871,0,0.00296136,0,0.00101275,0.0645871,1.30577,1.0287e-06,5.54717,0.00728766
2063.2917,292.363,291.145,2.10205,0.199022,1.12339,0.00662199,0.00338644,0.00281432,0.00323555,3.16535e-05,0.000105537,2.61663e-05,1.81566e-06,0.00240455,0.0203583,2.11127,0.457711,0.00907409,0.000704947,9.05816e-06,1.02742e-06,3.73039e-05,1.34044e-06,6.27706e-05,3.82348e-05,2.88151e-06,1.69354e-08,3.75997e-06,2.28064e-06,15.2464,50.8106,9.73083,0.417914,32.1112,0.0628489,11.7022,0.0100581,0.0628489,3.03507,0.169585,3.38948,0.00184791,0.00823558,3.20355,0.00251396,0.0179364,0.0014964,0.00626109,3.20355,0.011323,3.06676,1.68243,0.000476216,0.0645757,0.000167597,0.0029894,6.28489e-05,0.00101169,0.0645757,2.30925,1.00856e-05,5.51555,0.072907
2063.3750,294.407,293.434,5.28527,0.20806,2.52748,0.0132643,0.00548799,0.00267303,0.00777631,8.24981e-05,0.000164336,6.92149e-05,3.65923e-06,0.00439881,0.0119154,3.26075,0.520589,0.0188903,0.00070949,1.93695e-05,1.0887e-06,3.13706e-05,6.87738e-07,7.62569e-05,7.94194e-05,2.5298e-06,1.47779e-08,3.78109e-06,4.79983e-06,15.4086,50.9146,9.78229,0.378221,32.0987,0.150919,11.8801,0.0138535,0.150919,3.02908,0.171322,3.38892,0.00141291,0.00726976,3.20267,0.00603677,0.0181846,0.00359331,0.006249,3.20267,0.0114256,3.06676,1.68242,0.00042341,0.0645337,0.000402451,0.00303077,0.000150919,0.00100969,0.0645337,3.48155,2.04582e-05,5.62626,0.164773
2063.4583,297.389,296.198,5.3044,0.147928,3.11047,0.0134237,0.00603909,0.00228654,0.00738459,0.00013126,0.000163257,0.000112602,3.05031e-06,0.00689477,0.0122224,3.95287,0.318722,0.0191284,0.000715463,2.01412e-05,1.18827e-06,2.12898e-05,6.12743e-07,7.21978e-05,7.97662e-05,2.49346e-06,1.2152e-08,3.24599e-06,4.86466e-06,15.6145,51.0711,9.85069,0.352015,32.0816,0.151394,11.8618,0.0130802,0.151394,3.023,0.173502,3.38878,0.00107632,0.00663237,3.20133,0.00605575,0.0181618,0.00360461,0.00623684,3.20133,0.0115562,3.06676,1.68238,0.000389328,0.0644821,0.000403717,0.00302696,0.000151394,0.00100767,0.0644821,3.79556,2.13295e-05,5.76379,0.164474
2063.5417,298.755,297.378,5.29397,0.103638,3.32877,0.0108656,0.00596332,0.00189804,0.00490225,0.000105596,0.000149342,9.07808e-05,2.23388e-06,0.006508,0.0126145,3.91914,0.280387,0.0150807,0.000720964,1.59144e-05,1.27745e-06,1.1575e-05,3.41912e-07,6.38405e-05,6.28517e-05,1.26102e-06,5.91938e-09,2.66467e-06,3.8169e-06,15.7849,51.1982,9.91348,0.332977,32.063,0.151137,11.8417,0.0123043,0.151137,3.01723,0.175468,3.38877,0.00109928,0.00617023,3.19981,0.00604547,0.018136,0.0035985,0.00622521,3.19981,0.0116743,3.06676,1.68234,0.000364892,0.0644291,0.000403032,0.00302266,0.000151137,0.00100574,0.0644291,3.5754,1.71918e-05,5.87145,0.163441
2063.6250,295.141,294.817,5.28373,0.167478,1.73784,0.00855649,0.00521127,0.00181714,0.00334522,8.07849e-05,0.000132009,6.92774e-05,1.90772e-06,0.00573679,0.0131718,3.13942,0.255663,0.0115556,0.00072476,1.21459e-05,1.32114e-06,1.97296e-05,2.77707e-07,6.0663e-05,4.81552e-05,2.33142e-06,3.66915e-09,2.48526e-06,2.90893e-06,15.8821,51.2716,9.95611,0.321354,32.0501,0.150884,11.8219,0.0115857,0.150884,3.01799,0.176836,3.38887,0.00119546,0.00588826,3.19873,0.00603538,0.0181104,0.00359249,0.00622697,3.19873,0.0117555,3.06676,1.6823,0.000350274,0.0643938,0.000402359,0.00301839,0.000150884,0.001006,0.0643938,2.44275,1.3467e-05,5.92599,0.16247
2063.7083,289.012,289.465,4.30176,0.198936,0.913318,0.00541992,0.00376882,0.00306045,0.00165111,3.36633e-05,7.79203e-05,2.7404e-05,1.53624e-06,0.0035291,0.00876221,1.88883,0.317211,0.00651545,0.0104373,7.11064e-06,1.30755e-06,2.96377e-05,1.39841e-07,1.34867e-05,9.48152e-05,2.28771e-06,3.2625e-09,2.01729e-06,6.12101e-06,15.8879,51.3421,9.95773,0.398574,32.0415,0.124344,11.8022,0.0109093,0.124344,3.01417,0.17644,3.38964,0.00118929,0.00783856,3.19795,0.00497261,0.0180845,0.00296058,0.00621918,3.19795,0.0117364,3.06683,1.68231,0.000453644,0.0643724,0.000331473,0.00301408,0.000124344,0.00100472,0.0643724,1.41175,8.41819e-06,5.93012,0.135254
2063.7917,282.777,283.706,0,0.201144,0,0,0.00156136,0.00387632,-0.00156136,0,0,0,0,0,0,0,0,0,0.000710956,0,1.2552e-06,9.65934e-07,1.26832e-07,-2.66111e-06,0,4.56951e-08,6.15162e-09,2.41359e-06,0,15.6085,51.4711,9.83282,0.752313,32.0964,0,11.7825,0.0102722,0,3.01388,0.170287,3.39563,0.000133978,0.0165295,3.20246,0,0.0180584,0,0.00621862,3.20246,0.0113967,3.06717,1.68235,0.000929133,0.0645281,0,0.00300974,0,0.00100463,0.0645281,0.57748,1.2552e-06,5.77566,0.0102722
2063.8750,273.322,274.613,0,0.282964,0,0,0.00109275,0.00224387,-0.00109275,0,0,0,0,0,0,0,0,0,0.000709769,0,1.18459e-06,2.78553e-06,1.98507e-07,1.04251e-05,0,1.41521e-07,9.00925e-09,1.97501e-06,0,15.5452,51.3345,9.8164,0.638362,32.1319,0,11.7628,0.00967248,0,3.019,0.170003,3.39567,0.000344546,0.0136209,3.20547,0,0.0180322,0,0.00622916,3.20547,0.0113776,3.06717,1.68242,0.000774926,0.064624,0,0.00300536,0,0.00100633,0.064624,0.768025,1.18459e-06,5.72885,0.00967248
2063.9583,272.42,272.796,0,0.429267,0,0,0.00100609,0.000967969,-0.00100609,0,0,0,0,0,0,0,0,0,0.000708565,0,1.1294e-06,3.61751e-06,2.36665e-07,7.56328e-06,0,1.93994e-07,8.47307e-09,9.18686e-07,0,15.4895,51.2593,9.79974,0.593803,32.1439,0,11.7428,0.00909871,0,3.03212,0.169714,3.39564,0.000601939,0.0125411,3.20652,0,0.0180053,0,0.00625617,3.20652,0.0113583,3.06717,1.68246,0.000717011,0.0646546,0,0.00300088,0,0.00101071,0.0646546,0.804457,1.1294e-06,5.68977,0.00909871
2064.0417,272.621,272.786,0,0.151853,0,0,0.000922842,0.000854549,-0.000922842,0,0,0,0,0,0,0,0,0,0.00070742,0,1.0824e-06,4.24244e-06,2.22565e-07,8.49836e-06,0,2.40254e-07,5.80489e-09,8.58406e-07,0,15.4379,51.2101,9.78391,0.57502,32.1493,0,11.7239,0.00858409,0,3.04777,0.16944,3.39562,0.000782955,0.0121046,3.20701,0,0.0179795,0,0.00628836,3.20701,0.01134,3.06717,1.68248,0.000694258,0.0646687,0,0.00299659,0,0.00101592,0.0646687,0.891585,1.0824e-06,5.65402,0.00858409
2064.1250,280.592,279.605,0,0.208517,0,0,0.00134867,0.00252082,-0.00134867,0,0,0,0,0,0,0,0,0,0.000706278,0,1.04017e-06,1.43548e-05,2.12893e-07,2.75574e-05,0,8.09909e-07,4.13069e-09,2.8741e-06,0,15.3833,51.1317,9.76811,0.531531,32.1588,0,11.7049,0.00809905,0,3.05815,0.169167,3.39543,0.00108681,0.0109995,3.20787,0,0.0179536,0,0.00630958,3.20787,0.0113217,3.06717,1.68254,0.000633693,0.0646911,0,0.00299227,0,0.00101938,0.0646911,0.768214,1.04017e-06,5.61518,0.00809905
2064.2083,288.51,287.321,0.0492326,0.191448,0.0385726,0.000301282,0.00174792,0.00282186,-0.00144664,1.14152e-06,1.1016e-05,9.35465e-07,6.31273e-08,0.000344952,0.00542938,0.239436,0.0483474,0.00030329,0.000705101,3.05055e-07,1.00887e-06,2.9668e-05,4.87041e-07,4.71411e-05,1.27413e-06,2.08055e-06,6.34938e-09,3.56771e-06,6.89322e-08,15.3148,51.0044,9.75184,0.464636,32.1659,0.00160974,11.6892,0.00771285,0.00160974,3.05913,0.168885,3.39485,0.00165569,0.00935027,3.20865,6.43897e-05,0.0179319,3.83272e-05,0.0063113,3.20865,0.0113028,3.06717,1.68264,0.000539984,0.0647021,4.29264e-06,0.00298865,1.60974e-06,0.00101971,0.0647021,1.22368,1.31393e-06,5.56297,0.00932259
2064.2917,291.325,290.5,3.54896,0.195529,1.75861,0.0100673,0.00436327,0.00261241,0.00570407,5.61565e-05,0.000156009,4.64337e-05,3.24018e-06,0.00387714,0.0176373,2.57985,0.600306,0.014381,0.000706602,1.42709e-05,1.02078e-06,3.45594e-05,7.09389e-07,6.2801e-05,6.07451e-05,2.78596e-06,9.21414e-09,3.62222e-06,3.62016e-06,15.3339,50.9649,9.76699,0.413779,32.1612,0.105165,11.9121,0.0127199,0.105165,3.05604,0.169445,3.39405,0.00172111,0.00811528,3.20846,0.00420659,0.0182415,0.00250392,0.00630486,3.20846,0.0113336,3.06717,1.6827,0.00047049,0.0646797,0.000280439,0.00304025,0.000105165,0.00101868,0.0646797,2.67356,1.52917e-05,5.56689,0.117885
2064.3750,294.474,293.472,4.67903,0.193665,2.49643,0.0132759,0.00558205,0.00256963,0.00769387,0.000109793,0.000164604,9.31036e-05,3.75724e-06,0.00581089,0.0114449,3.29761,0.398809,0.0196454,0.000712778,2.05299e-05,1.0861e-06,2.69255e-05,3.73533e-07,7.45879e-05,8.25583e-05,2.3683e-06,7.8759e-09,3.68771e-06,4.99293e-06,15.5159,51.0943,9.83705,0.37945,32.1477,0.135752,11.9642,0.013565,0.135752,3.05119,0.171468,3.39372,0.00117749,0.0072807,3.2075,0.00543007,0.0183161,0.00323219,0.00629524,3.2075,0.0114534,3.06717,1.68267,0.000424751,0.0646351,0.000362005,0.00305268,0.000135752,0.00101706,0.0646351,3.22871,2.1616e-05,5.67884,0.149317
2064.4583,298.927,297.13,4.67011,0.140306,3.23368,0.0127507,0.00617474,0.00226709,0.00657598,0.000141571,0.000163014,0.000121781,2.91367e-06,0.00789386,0.0136096,4.10292,0.286732,0.0187416,0.000719463,1.98694e-05,1.1751e-06,1.8392e-05,2.7365e-07,7.18748e-05,7.82334e-05,1.73404e-06,5.99018e-09,3.23649e-06,4.75882e-06,15.7047,51.2354,9.91308,0.354789,32.1304,0.135525,11.9443,0.012773,0.135525,3.04552,0.173639,3.39373,0.000972852,0.00668149,3.20615,0.00542101,0.0182906,0.00322679,0.00628385,3.20615,0.0115833,3.06717,1.68262,0.000392616,0.0645825,0.0003614,0.00304844,0.000135525,0.00101517,0.0645825,3.96738,2.10445e-05,5.79162,0.148298
2064.5417,299.149,298.223,4.66107,0.165734,3.02269,0.0110187,0.00610433,0.00254519,0.00491442,9.31034e-05,0.00014962,7.97704e-05,2.25874e-06,0.00554402,0.0121208,4.11497,0.342253,0.0159009,0.000725527,1.68431e-05,1.27442e-06,2.82234e-05,1.41234e-07,8.72013e-05,6.67772e-05,2.873e-06,4.05803e-09,3.59042e-06,4.02756e-06,15.8594,51.3407,9.98178,0.334418,32.1095,0.135295,11.924,0.0120153,0.135295,3.03738,0.175616,3.39359,0.00108151,0.00618502,3.20444,0.00541181,0.0182645,0.00322131,0.00626727,3.20444,0.0117015,3.06717,1.68259,0.000366313,0.0645231,0.000360787,0.00304408,0.000135295,0.00101246,0.0645231,3.57226,1.81175e-05,5.87763,0.14731
2064.6250,294.723,294.595,4.65219,0.139124,1.90819,0.00844351,0.00506434,0.00194926,0.00337917,6.71307e-05,0.000133234,5.72624e-05,1.91977e-06,0.0048724,0.0140797,3.21208,0.318927,0.0118178,0.000730006,1.24161e-05,1.31652e-06,2.09324e-05,2.68187e-07,6.86555e-05,4.96464e-05,2.70973e-06,3.26377e-09,2.68665e-06,2.97268e-06,15.9625,51.402,10.0319,0.319193,32.0894,0.135069,11.9041,0.0113136,0.135069,3.03087,0.177109,3.39333,0.0014166,0.00581763,3.20273,0.00540277,0.0182386,0.00321593,0.00625394,3.20273,0.0117893,3.06717,1.68258,0.000347035,0.0644687,0.000360185,0.00303976,0.000135069,0.00101029,0.0644687,2.35227,1.37326e-05,5.93056,0.146383
2064.7083,287.347,288.046,3.79246,0.163899,1.00572,0.00545733,0.00352875,0.00269107,0.00192858,3.99815e-05,8.0346e-05,3.35705e-05,1.74699e-06,0.00415639,0.00915058,1.7687,0.282804,0.00699954,0.00942513,7.59061e-06,1.30391e-06,2.80057e-05,2.21673e-07,7.85677e-06,8.98935e-05,2.77012e-06,2.5151e-09,1.65902e-06,5.77977e-06,15.9778,51.4781,10.0402,0.388717,32.0819,0.111311,11.8842,0.0106531,0.111311,3.02968,0.176906,3.3941,0.00132136,0.00757939,3.20204,0.00445116,0.0182124,0.00265026,0.00625154,3.20204,0.0117807,3.06723,1.68257,0.000440128,0.0644505,0.000296708,0.0030354,0.000111311,0.00100989,0.0644505,1.43532,8.89452e-06,5.93767,0.121964
2064.7917,281.678,282.761,0,0.174544,0,0,0.00147618,0.00345539,-0.00147618,0,0,0,0,0,0,0,0,0,0.000718389,0,1.2422e-06,8.29543e-07,5.79693e-08,-2.65747e-06,0,4.91162e-08,2.0827e-09,2.10041e-06,0,15.727,51.5958,9.92926,0.705527,32.1319,0,11.8644,0.010031,0,3.03137,0.17142,3.39939,0.000179827,0.0153957,3.20614,0,0.018186,0,0.00625503,3.20614,0.0114777,3.06753,1.6826,0.000866232,0.0645925,0,0.003031,0,0.00101046,0.0645925,0.409514,1.2422e-06,5.79775,0.010031
2064.8750,276.005,277.126,0,0.220319,0,0,0.00120982,0.00270496,-0.00120982,0,0,0,0,0,0,0,0,0,0.00071719,0,1.16576e-06,5.31854e-06,6.22262e-08,1.71602e-05,0,2.78646e-07,2.24273e-09,2.52542e-06,0,15.6629,51.4605,9.91268,0.596553,32.165,0,11.8446,0.00944534,0,3.03604,0.171134,3.39941,0.000453277,0.012602,3.20895,0,0.0181594,0,0.00626459,3.20895,0.0114585,3.06753,1.68268,0.000717699,0.0646822,0,0.00302657,0,0.00101201,0.0646822,0.567019,1.16576e-06,5.75021,0.00944534
2064.9583,271.918,272.573,0,0.161597,0,0,0.000888357,0.00107253,-0.000888357,0,0,0,0,0,0,0,0,0,0.000715973,0,1.09784e-06,4.70687e-06,1.64506e-07,1.2047e-05,0,2.5788e-07,3.62553e-09,1.07792e-06,0,15.6075,51.3789,9.89585,0.547907,32.176,0,11.8244,0.00888505,0,3.04748,0.170843,3.39933,0.000843924,0.0114274,3.20993,0,0.0181322,0,0.0062881,3.20993,0.0114391,3.06753,1.68273,0.000654351,0.0647102,0,0.00302204,0,0.00101583,0.0647102,0.356369,1.09784e-06,5.71166,0.00888505
2065.0417,274.148,274.229,0,0.451246,0,0,0.00109326,0.00203011,-0.00109326,0,0,0,0,0,0,0,0,0,0.000714816,0,1.04184e-06,1.40934e-05,5.87276e-07,2.51348e-05,0,6.55933e-07,1.0515e-08,2.2896e-06,0,15.5547,51.3039,9.87987,0.507085,32.1843,0,11.8054,0.00838252,0,3.05779,0.170567,3.39911,0.00114584,0.0104004,3.21068,0,0.0181062,0,0.00630922,3.21068,0.0114206,3.06753,1.68278,0.000598336,0.0647301,0,0.0030177,0,0.00101926,0.0647301,0.830959,1.04184e-06,5.67487,0.00838252
2065.1250,281.56,281.134,0,0.224222,0,0,0.00136979,0.00228907,-0.00136979,0,0,0,0,0,0,0,0,0,0.000713662,0,1.00511e-06,2.30359e-05,1.74456e-06,3.82154e-05,0,1.35458e-06,2.6157e-08,2.81798e-06,0,15.4948,51.2044,9.86391,0.457905,32.1893,0,11.7863,0.00790886,0,3.06243,0.170292,3.39861,0.00158782,0.00919193,3.21122,0,0.01808,0,0.00631852,3.21122,0.0114021,3.06753,1.68285,0.000530406,0.0647386,0,0.00301334,0,0.00102081,0.0647386,0.980637,1.00511e-06,5.63084,0.00790886
2065.2083,286.884,286.044,0.445168,0.207464,0.203748,0.00173512,0.00192536,0.00235227,-0.000190243,6.96848e-06,4.04349e-05,5.57665e-06,5.9338e-07,0.000910001,0.0103372,0.50932,0.209137,0.00224726,0.000712553,1.98573e-06,9.83711e-07,3.56172e-05,2.04836e-06,5.37383e-05,9.47829e-06,2.44236e-06,2.44965e-08,3.15205e-06,5.51007e-07,15.4312,51.0965,9.84842,0.414892,32.187,0.0140378,11.799,0.00818938,0.0140378,3.06349,0.170035,3.39774,0.00208219,0.00814301,3.21116,0.000561513,0.0180977,0.000334234,0.0063204,3.21116,0.0113847,3.06753,1.68294,0.000471723,0.0647256,3.74342e-05,0.00301628,1.40378e-05,0.00102116,0.0647256,1.43429,2.96944e-06,5.58277,0.0222272
2065.2917,293.54,292.095,4.44667,0.178786,2.38035,0.0114986,0.00497027,0.00239292,0.00652832,6.3824e-05,0.000156421,5.30608e-05,3.37735e-06,0.0038616,0.0169575,2.87939,0.58795,0.0163504,0.000715146,1.62371e-05,1.01754e-06,3.58951e-05,1.3829e-06,6.76897e-05,6.89061e-05,3.29712e-06,1.6306e-08,3.37844e-06,4.13874e-06,15.5058,51.1253,9.87664,0.381805,32.1765,0.129481,12.0456,0.0136769,0.129481,3.0612,0.171025,3.3969,0.00181033,0.00733653,3.21041,0.00517924,0.0184406,0.00308288,0.00631573,3.21041,0.0114416,3.06753,1.68296,0.000427501,0.0646907,0.000345283,0.00307343,0.000129481,0.0010204,0.0646907,3.12419,1.72546e-05,5.62913,0.143158
2065.3750,296.777,295.676,4.96692,0.213165,2.40761,0.0132436,0.0059754,0.0026875,0.00726818,8.84258e-05,0.000164498,7.48407e-05,3.17774e-06,0.00473866,0.011623,3.80302,0.478215,0.019058,0.000720853,1.98498e-05,1.09869e-06,3.33693e-05,4.19239e-07,8.63437e-05,8.01487e-05,2.72421e-06,8.40032e-09,3.8251e-06,4.84193e-06,15.6874,51.2562,9.94162,0.35531,32.1589,0.143013,12.0572,0.0135751,0.143013,3.05463,0.173036,3.39643,0.00136546,0.00668988,3.20904,0.00572053,0.0184591,0.00340508,0.00630257,3.20904,0.011561,3.06753,1.68293,0.00039273,0.0646378,0.000381369,0.00307651,0.000143013,0.00101821,0.0646378,3.51188,2.09485e-05,5.74577,0.156588
2065.4583,298.709,297.391,4.95738,0.139637,3.6691,0.0131489,0.00617119,0.00229821,0.0069777,0.000110759,0.000163484,9.47744e-05,2.83019e-06,0.00594139,0.0121445,4.23027,0.379225,0.0189289,0.000727145,1.99306e-05,1.20201e-06,2.58731e-05,4.99509e-07,7.85784e-05,7.9299e-05,2.69576e-06,9.68925e-09,3.21865e-06,4.81049e-06,15.8794,51.3968,10.0135,0.334133,32.1375,0.142774,12.0371,0.0127825,0.142774,3.04582,0.17521,3.39615,0.00121606,0.00617557,3.20727,0.00571098,0.0184334,0.00339939,0.00628468,3.20727,0.0116907,3.06753,1.68289,0.000365565,0.0645773,0.000380732,0.00307223,0.000142774,0.00101527,0.0645773,4.14711,2.11326e-05,5.86586,0.155557
2065.5417,299.062,297.771,4.94771,0.101077,3.03535,0.0103582,0.00592368,0.00173184,0.00443448,9.56392e-05,0.000148907,8.21386e-05,2.10928e-06,0.0061903,0.0140097,4.00772,0.299081,0.0144962,0.00073273,1.52972e-05,1.28984e-06,8.99164e-06,4.71535e-07,6.03466e-05,6.05663e-05,1.13528e-06,6.12479e-09,2.37359e-06,3.66264e-06,16.0349,51.5134,10.077,0.319476,32.1183,0.142532,12.0167,0.0120243,0.142532,3.04074,0.177123,3.39612,0.00126355,0.00582245,3.20564,0.00570129,0.018407,0.00339362,0.00627443,3.20564,0.0118049,3.06753,1.68284,0.00034715,0.0645258,0.000380086,0.00306784,0.000142532,0.00101358,0.0645258,3.33295,1.6587e-05,5.95785,0.154556
2065.6250,296.386,295.681,4.93822,0.0979617,1.84705,0.00623195,0.00465344,0.0010852,0.00157851,5.73215e-05,0.00012711,4.92179e-05,1.27915e-06,0.00579478,0.0208808,3.28868,0.250671,0.00815469,0.000736063,8.5776e-06,1.32486e-06,1.56486e-06,4.20798e-07,3.31777e-05,3.3983e-05,3.37796e-07,3.91079e-09,1.40036e-06,2.01985e-06,16.104,51.5689,10.114,0.31155,32.1084,0.142294,11.9966,0.0113221,0.142294,3.04489,0.178294,3.39636,0.00137021,0.00563456,3.20478,0.00569177,0.0183808,0.00338796,0.00628316,3.20478,0.0118734,3.06753,1.68281,0.000337599,0.0644997,0.000379451,0.00306347,0.000142294,0.00101496,0.0644997,2.13512,9.90246e-06,5.98998,0.153616
2065.7083,289.612,290.279,4.02327,0.115893,0.995418,0.00471918,0.00362251,0.00229139,0.00109667,3.89386e-05,7.53192e-05,3.31165e-05,1.22472e-06,0.00478798,0.0128514,2.1599,0.229807,0.00555889,0.00989469,6.29244e-06,1.29968e-06,1.51402e-05,2.65027e-07,-2.79986e-06,8.70838e-05,1.82954e-06,2.69317e-09,1.20526e-06,5.6348e-06,16.0612,51.6119,10.1041,0.391401,32.1083,0.117265,11.9766,0.0106611,0.117265,3.05101,0.177592,3.3975,0.0012333,0.00764936,3.20473,0.00468954,0.0183544,0.00279202,0.00629587,3.20473,0.0118348,3.06759,1.6828,0.000444117,0.064501,0.000312601,0.00305907,0.000117265,0.001017,0.064501,1.26425,7.59212e-06,5.95704,0.127926
2065.7917,282.306,283.631,0,0.153771,0,0,0.00151395,0.00310244,-0.00151395,0,0,0,0,0,0,0,0,0,0.000722094,0,1.23252e-06,4.46318e-09,5.99711e-08,-7.41844e-06,0,2.43939e-10,2.05441e-09,1.70005e-06,0,15.7945,51.7511,9.98599,0.745147,32.1561,0,11.9566,0.0100384,0,3.05529,0.171778,3.40331,0.000175749,0.0163972,3.20865,0,0.0183278,0,0.00630469,3.20865,0.0115138,3.06791,1.68282,0.000919758,0.064637,0,0.00305463,0,0.00101843,0.064637,0.391396,1.23252e-06,5.80854,0.0100384
2065.8750,275.429,276.741,0,0.229296,0,0,0.00120305,0.00273683,-0.00120305,0,0,0,0,0,0,0,0,0,0.000720888,0,1.1606e-06,2.90253e-06,3.94549e-08,1.17044e-05,0,1.37295e-07,1.57619e-09,2.34658e-06,0,15.7297,51.6155,9.96931,0.632229,32.1931,0,11.9366,0.00945237,0,3.06053,0.171492,3.40336,0.00032141,0.0134749,3.21176,0,0.018301,0,0.00631544,3.21176,0.0114945,3.06791,1.68289,0.000765595,0.0647384,0,0.00305017,0,0.00102018,0.0647384,0.579007,1.1606e-06,5.76034,0.00945237
2065.9583,271.3,271.828,0,0.422081,0,0,0.000941339,0.000649423,-0.000941339,0,0,0,0,0,0,0,0,0,0.000719664,0,1.09645e-06,9.72641e-07,7.99878e-08,5.69038e-06,0,4.96785e-08,2.19835e-09,5.86483e-07,0,15.6741,51.5407,9.9524,0.587898,32.2048,0,11.9163,0.00889166,0,3.07392,0.171201,3.40338,0.000632791,0.012418,3.21278,0,0.0182736,0,0.00634295,3.21278,0.011475,3.06791,1.68293,0.000709345,0.0647691,0,0.00304559,0,0.00102464,0.0647691,0.585496,1.09645e-06,5.72168,0.00889166
2066.0417,271.892,272.194,0,0.780824,0,0,0.000952913,0.000644632,-0.000952913,0,0,0,0,0,0,0,0,0,0.000718502,0,1.05074e-06,5.28074e-07,1.51688e-07,6.09881e-06,0,3.31969e-08,2.6143e-09,6.1928e-07,0,15.6228,51.4937,9.93632,0.570734,32.2101,0,11.8971,0.00838876,0,3.09006,0.170924,3.40342,0.000858203,0.012019,3.21324,0,0.0182473,0,0.00637612,3.21324,0.0114565,3.06791,1.68295,0.000688868,0.0647829,0,0.00304122,0,0.00103002,0.0647829,0.552745,1.05074e-06,5.68646,0.00838876
2066.1250,281.666,280.627,0,0.237738,0,0,0.00136163,0.00281869,-0.00136163,0,0,0,0,0,0,0,0,0,0.000717341,0,9.96332e-07,1.56379e-05,1.78873e-07,2.87275e-05,0,8.3981e-07,2.58204e-09,3.13269e-06,0,15.565,51.4094,9.92027,0.522669,32.2218,0,11.8779,0.00791475,0,3.09991,0.170648,3.40327,0.00115222,0.010775,3.21429,0,0.0182209,0,0.0063962,3.21429,0.011438,3.06791,1.683,0.00062011,0.0648116,0,0.00303682,0,0.0010333,0.0648116,0.900285,9.96332e-07,5.64475,0.00791475
2066.2083,289.595,288.309,0.0478431,0.198768,0.0531388,0.000243051,0.00181418,0.00294143,-0.00157113,8.12371e-07,8.18241e-06,6.64795e-07,4.58251e-08,0.000242258,0.00455931,0.193762,0.0400708,0.000234401,0.000716145,2.34942e-07,9.69395e-07,3.00166e-05,8.57975e-07,5.18817e-05,9.8497e-07,1.99604e-06,9.74118e-09,3.69946e-06,5.3658e-08,15.4952,51.2783,9.90373,0.454387,32.2286,0.0015644,11.8617,0.00753733,0.0015644,3.10005,0.170364,3.40266,0.00176994,0.00909291,3.21504,6.25759e-05,0.0181986,3.72476e-05,0.00639613,3.21504,0.0114189,3.06791,1.6831,0.000525127,0.0648224,4.17173e-06,0.00303309,1.5644e-06,0.00103335,0.0648224,1.29771,1.20434e-06,5.59149,0.00910173
2066.2917,293.321,292.406,3.6241,0.185301,2.28412,0.0108456,0.00459262,0.00270661,0.00625296,5.72982e-05,0.00015696,4.75819e-05,3.06691e-06,0.00363064,0.0169915,3.02764,0.636147,0.0155613,0.000717789,1.56483e-05,1.00325e-06,3.85661e-05,1.31088e-06,6.82854e-05,6.57184e-05,3.33036e-06,1.50281e-08,3.73627e-06,3.92989e-06,15.5207,51.2405,9.92061,0.403275,32.2218,0.107129,12.0904,0.0126909,0.107129,3.09479,0.170992,3.40178,0.00189887,0.00784572,3.21466,0.00428515,0.018516,0.00255069,0.00638517,3.21466,0.011454,3.06791,1.68316,0.000455777,0.0647945,0.000285677,0.00308601,0.000107129,0.0010316,0.0647945,3.17034,1.66515e-05,5.60008,0.11982
2066.3750,294.947,293.763,4.7942,0.156812,3.09028,0.0134809,0.00559364,0.00231843,0.00788724,0.000120926,0.000165044,0.000102935,3.70518e-06,0.00629048,0.0106969,3.41476,0.367305,0.0198408,0.000724086,2.07324e-05,1.0948e-06,2.3468e-05,5.57964e-07,6.83379e-05,8.31458e-05,2.64087e-06,8.74224e-09,3.29247e-06,5.04516e-06,15.7181,51.3897,9.99226,0.372677,32.2082,0.138669,12.1449,0.0135959,0.138669,3.09079,0.173099,3.40145,0.00122132,0.00710013,3.21365,0.00554678,0.0185938,0.00330165,0.00637728,3.21365,0.0115792,3.06791,1.68312,0.000415421,0.064751,0.000369785,0.00309897,0.000138669,0.00103026,0.064751,3.75264,2.18272e-05,5.72579,0.152265
2066.4583,299.251,297.957,4.78504,0.163876,3.2691,0.0129567,0.0062986,0.00254951,0.00665808,0.000123327,0.000163072,0.000105872,2.7691e-06,0.00673917,0.0131797,4.32843,0.329511,0.0188543,0.000730555,1.99537e-05,1.19719e-06,2.50319e-05,2.19983e-07,8.27975e-05,7.8903e-05,2.49003e-06,4.78239e-09,3.60835e-06,4.78961e-06,15.9028,51.5261,10.066,0.349393,32.19,0.138438,12.1246,0.0128022,0.138438,3.08396,0.175239,3.40138,0.00104868,0.00653058,3.2122,0.00553751,0.0185679,0.00329614,0.00636349,3.2122,0.0117074,3.06791,1.68308,0.000384994,0.0646971,0.000369168,0.00309465,0.000138438,0.00102799,0.0646971,4.06652,2.11509e-05,5.83684,0.15124
2066.5417,297.529,296.746,4.77574,0.165502,2.59959,0.0114182,0.00590928,0.00229205,0.00550888,0.000112566,0.000149215,9.66821e-05,2.47891e-06,0.00639382,0.0115335,3.84779,0.292525,0.0164733,0.000736782,1.74349e-05,1.28851e-06,2.33708e-05,1.58258e-07,7.87153e-05,6.8881e-05,2.23368e-06,3.20078e-09,3.1853e-06,4.1795e-06,16.0752,51.6524,10.1367,0.3309,32.1697,0.138203,12.104,0.0120427,0.138203,3.07667,0.177296,3.40131,0.00106172,0.00608079,3.21052,0.00552812,0.0185413,0.00329054,0.00634865,3.21052,0.0118305,3.06791,1.68304,0.000361342,0.0646404,0.000368541,0.00309022,0.000138203,0.00102556,0.0646404,3.39931,1.87234e-05,5.93842,0.150246
2066.6250,295.369,295.176,4.76662,0.191442,1.93805,0.00895779,0.00527757,0.00233126,0.00368022,5.80655e-05,0.00013419,4.92391e-05,1.9795e-06,0.00392555,0.0124499,3.30187,0.398092,0.0125466,0.000741449,1.31471e-05,1.33083e-06,3.42043e-05,1.08231e-07,8.41501e-05,5.28548e-05,3.04962e-06,2.6205e-09,3.1887e-06,3.16425e-06,16.1918,51.7234,10.1892,0.315585,32.1479,0.137972,12.0838,0.0113394,0.137972,3.0682,0.178864,3.40089,0.00134455,0.0057088,3.20864,0.00551888,0.0185149,0.00328505,0.00633126,3.20864,0.0119232,3.06791,1.68302,0.000341968,0.0645823,0.000367926,0.00308582,0.000137972,0.00102273,0.0645823,2.6344,1.4478e-05,6.00256,0.149312
2066.7083,287.657,288.391,3.88482,0.158342,1.16751,0.00563898,0.0035569,0.00275029,0.00208208,3.68749e-05,8.01021e-05,3.08886e-05,1.69069e-06,0.00382587,0.00865641,1.88899,0.318693,0.0071864,0.00962359,7.79913e-06,1.32957e-06,2.84204e-05,1.99754e-07,9.40803e-06,9.20284e-05,2.87403e-06,3.14982e-09,1.6875e-06,5.91752e-06,16.2141,51.801,10.1994,0.386197,32.137,0.113703,12.0637,0.0106774,0.113703,3.06373,0.178714,3.40151,0.00131814,0.00750039,3.20766,0.00454697,0.0184883,0.00270722,0.00632206,3.20766,0.0119178,3.06797,1.68302,0.000436862,0.0645563,0.000303093,0.00308138,0.000113703,0.00102124,0.0645563,1.43,9.1287e-06,6.01463,0.124381
2066.7917,284.989,285.807,0,0.198417,0,0,0.00179263,0.00409818,-0.00179263,0,0,0,0,0,0,0,0,0,0.000729697,0,1.26808e-06,1.82944e-06,9.11547e-08,-3.1475e-07,0,9.06733e-08,3.34567e-09,2.60659e-06,0,15.9514,51.9037,10.0859,0.696287,32.1927,0,12.0435,0.0100539,0,3.06337,0.173106,3.40695,0.000192826,0.0151174,3.21221,0,0.0184614,0,0.00632127,3.21221,0.0116081,3.06828,1.68306,0.000852668,0.0647144,0,0.00307691,0,0.00102112,0.0647144,0.622566,1.26808e-06,5.86553,0.0100539
2066.8750,275.54,276.556,0,0.235153,0,0,0.00120201,0.00258653,-0.00120201,0,0,0,0,0,0,0,0,0,0.000728479,0,1.19916e-06,5.91538e-06,1.66592e-07,1.81886e-05,0,2.79584e-07,6.40624e-09,2.45901e-06,0,15.8872,51.7675,10.0691,0.587631,32.2247,0,12.0234,0.00946689,0,3.06795,0.172817,3.40693,0.000495902,0.0123539,3.21494,0,0.0184344,0,0.00633065,3.21494,0.0115887,3.06828,1.68314,0.000705372,0.064801,0,0.0030724,0,0.00102265,0.064801,0.591857,1.19916e-06,5.81814,0.00946689
2066.9583,275.018,275.23,0,0.239693,0,0,0.0011717,0.00193614,-0.0011717,0,0,0,0,0,0,0,0,0,0.000727242,0,1.13746e-06,1.18715e-05,5.07296e-07,2.26436e-05,0,5.92596e-07,1.40021e-08,2.08435e-06,0,15.8268,51.6664,10.052,0.525721,32.2377,0,12.003,0.00890531,0,3.07621,0.172524,3.40674,0.000933833,0.0108302,3.21611,0,0.0184068,0,0.00634756,3.21611,0.011569,3.06828,1.68321,0.000621769,0.0648333,0,0.00306779,0,0.0010254,0.0648333,0.74886,1.13746e-06,5.77479,0.00890531
2067.0417,275.666,275.952,0,0.235434,0,0,0.00110878,0.00185947,-0.00110878,0,0,0,0,0,0,0,0,0,0.000726068,0,1.08598e-06,1.73294e-05,8.29099e-07,2.81566e-05,0,1.03316e-06,1.66244e-08,2.18021e-06,0,15.7693,51.5764,10.0357,0.479345,32.2443,0,11.9836,0.00840164,0,3.08342,0.172245,3.40636,0.0013243,0.00969182,3.21674,0,0.0183803,0,0.00636223,3.21674,0.0115503,3.06828,1.68327,0.000558765,0.0648472,0,0.00306338,0,0.00102781,0.0648472,0.80785,1.08598e-06,5.73361,0.00840164
2067.1250,278.681,278.663,0,0.229271,0,0,0.00118689,0.00195659,-0.00118689,0,0,0,0,0,0,0,0,0,0.000724895,0,1.04246e-06,2.38355e-05,1.35936e-06,3.70905e-05,0,1.4448e-06,1.90742e-08,2.46547e-06,0,15.7123,51.4884,10.0195,0.440777,32.2461,0,11.9642,0.0079269,0,3.08921,0.171967,3.4058,0.00171292,0.00875186,3.217,0,0.0183537,0,0.0063739,3.217,0.0115317,3.06827,1.68334,0.000506343,0.0648478,0,0.00305895,0,0.00102974,0.0648478,0.885903,1.04246e-06,5.69274,0.0079269
2067.2083,289.244,287.986,0.848995,0.16403,0.519539,0.00287349,0.00229803,0.00227071,0.000575457,1.27988e-05,5.69611e-05,1.04598e-05,8.64344e-07,0.00131494,0.0133927,0.969664,0.261264,0.00375429,0.000723891,3.54134e-06,1.01399e-06,3.53074e-05,2.11281e-06,5.50122e-05,1.58003e-05,3.34703e-06,2.12819e-08,3.0675e-06,9.31092e-07,15.6535,51.3908,10.0052,0.404566,32.2419,0.0262846,12.0058,0.00887157,0.0262846,3.09086,0.171751,3.40491,0.00215817,0.00786974,3.21676,0.00105138,0.0184114,0.000625823,0.00637698,3.21676,0.0115165,3.06827,1.68341,0.000457343,0.0648304,7.00922e-05,0.00306856,2.62846e-05,0.00103029,0.0648304,1.47387,4.55533e-06,5.64828,0.0351561
2067.2917,292.894,291.814,4.76974,0.158268,2.53343,0.011956,0.00495344,0.00220794,0.00700255,7.37646e-05,0.000158151,6.16837e-05,3.50915e-06,0.00422704,0.0139491,2.85847,0.521028,0.016867,0.000726781,1.69447e-05,1.04934e-06,3.11112e-05,1.1453e-06,6.41909e-05,7.08512e-05,3.41683e-06,1.02481e-08,3.10902e-06,4.2742e-06,15.7433,51.4375,10.0371,0.375121,32.2304,0.137924,12.2474,0.0141956,0.137924,3.08875,0.172866,3.40412,0.00182538,0.00715401,3.21591,0.00551696,0.0187475,0.0032839,0.00637279,3.21591,0.0115812,3.06827,1.68342,0.000418285,0.0647935,0.000367797,0.00312458,0.000137924,0.00102958,0.0647935,3.08646,1.7994e-05,5.7062,0.15212
2067.3750,297.766,295.671,5.04424,0.116183,3.48737,0.0123398,0.00573869,0.00174372,0.00660112,0.000116548,0.000162851,9.974e-05,2.97783e-06,0.00668665,0.0144632,3.72046,0.329801,0.0174583,0.00073222,1.82457e-05,1.13921e-06,7.21796e-06,5.82075e-07,5.20436e-05,7.2786e-05,1.23606e-06,5.62864e-09,2.42838e-06,4.42611e-06,15.9256,51.5869,10.0992,0.355347,32.2176,0.144946,12.2439,0.0137391,0.144946,3.08841,0.174816,3.40414,0.0013803,0.00667481,3.2149,0.00579783,0.0187452,0.00345109,0.00637253,3.2149,0.0116975,3.06827,1.68337,0.000392725,0.0647552,0.000386522,0.00312419,0.000144946,0.00102947,0.0647552,4.01326,1.93849e-05,5.82642,0.158685
2067.4583,303.621,300.812,5.03454,0.103334,2.81884,0.00785143,0.00580444,0.00147944,0.002047,7.85302e-05,0.000139425,6.76554e-05,1.50176e-06,0.00691655,0.0272879,4.03533,0.256418,0.0103314,0.000736636,1.08871e-05,1.22967e-06,3.34787e-06,3.10925e-07,4.27988e-05,4.28999e-05,6.95241e-07,3.68844e-09,1.99591e-06,2.57945e-06,16.0433,51.6833,10.1491,0.342378,32.2074,0.144704,12.2234,0.012937,0.144704,3.09024,0.176386,3.40439,0.00118146,0.00635934,3.21409,0.00578815,0.0187191,0.00344533,0.00637666,3.21409,0.011791,3.06827,1.68332,0.000375854,0.064725,0.000385877,0.00311984,0.000144704,0.00103008,0.064725,3.29713,1.21167e-05,5.89423,0.157641
2067.5417,303.356,301.348,5.0247,0.0742708,1.64348,0.00438166,0.00494031,0.00109406,-0.000558649,3.0558e-05,0.000101554,2.62364e-05,6.81685e-07,0.00419108,0.0291811,3.25151,0.24953,0.00506673,0.000738292,5.31598e-06,1.26478e-06,3.23903e-06,2.82158e-07,3.2005e-05,2.11182e-05,6.33421e-07,2.62616e-09,1.45127e-06,1.23404e-06,16.0329,51.659,10.1663,0.333147,32.199,0.144458,12.2027,0.0121696,0.144458,3.0939,0.177041,3.40448,0.00150419,0.00613572,3.21342,0.00577833,0.0186923,0.00343948,0.00638446,3.21342,0.0118277,3.06827,1.68332,0.000363856,0.0647009,0.000385222,0.00311538,0.000144458,0.0010313,0.0647009,2.03765,6.58076e-06,5.86663,0.156628
2067.6250,293.303,293.356,5.01504,0.145846,1.81551,0.00804712,0.00454189,0.00166584,0.00350522,5.78456e-05,0.000133538,4.91226e-05,1.9035e-06,0.00440126,0.0130859,2.99166,0.342755,0.0109514,0.000740036,1.13743e-05,1.267e-06,2.31081e-05,1.93317e-07,5.65024e-05,4.58501e-05,2.43965e-06,1.90814e-09,2.2715e-06,2.7476e-06,16.05,51.6626,10.1846,0.324974,32.1899,0.144217,12.1823,0.0114589,0.144217,3.09773,0.177726,3.40424,0.00155532,0.00593098,3.21264,0.00576868,0.0186656,0.00343374,0.00639252,3.21264,0.0118662,3.06827,1.68331,0.000353043,0.064676,0.000384579,0.00311094,0.000144217,0.00103258,0.064676,2.33906,1.26413e-05,5.8654,0.155676
2067.7083,287.404,288.022,4.08522,0.181521,0.808766,0.00525149,0.00346961,0.00279983,0.00178188,3.6512e-05,7.5377e-05,3.06261e-05,1.63189e-06,0.00400654,0.00797323,1.70221,0.281686,0.00627345,0.0100235,6.95053e-06,1.26101e-06,2.80264e-05,1.11517e-07,6.65027e-06,9.12784e-05,2.67996e-06,1.45716e-09,1.74077e-06,5.89733e-06,16.0654,51.7461,10.1875,0.400282,32.1835,0.11885,12.162,0.0107899,0.11885,3.09691,0.177391,3.40495,0.00128714,0.00783342,3.21205,0.0047529,0.0186388,0.00282975,0.00639088,3.21205,0.0118502,3.06834,1.68331,0.000454136,0.0646606,0.000316821,0.00310647,0.00011885,0.0010323,0.0646606,1.39725,8.21154e-06,5.87794,0.12964
2067.7917,282.06,283.101,0,0.181425,0,0,0.00146711,0.00365365,-0.00146711,0,0,0,0,0,0,0,0,0,0.000726865,0,1.20309e-06,5.02528e-07,2.92099e-08,-3.39491e-06,0,3.10551e-08,1.19529e-09,2.24194e-06,0,15.7966,51.8688,10.0667,0.737094,32.2374,0,12.1417,0.0101598,0,3.0977,0.171484,3.41065,0.000159968,0.0161271,3.21648,0,0.0186118,0,0.00639248,3.21648,0.0115239,3.06866,1.68335,0.000907318,0.0648133,0,0.00310196,0,0.00103257,0.0648133,0.450839,1.20309e-06,5.7299,0.0101598
2067.8750,275.075,276.147,0,0.293601,0,0,0.00106642,0.00279917,-0.00106642,0,0,0,0,0,0,0,0,0,0.000725651,0,1.12996e-06,4.59664e-06,2.48179e-08,1.55483e-05,0,2.16303e-07,1.04324e-09,2.59246e-06,0,15.7356,51.7353,10.0499,0.625192,32.2717,0,12.1214,0.00956661,0,3.10279,0.171198,3.41067,0.000404805,0.0132631,3.21941,0,0.0185845,0,0.00640291,3.21941,0.0115046,3.06866,1.68342,0.000754953,0.064906,0,0.00309742,0,0.00103426,0.064906,0.365928,1.12996e-06,5.68566,0.00956661
2067.9583,274.343,274.981,0,0.22767,0,0,0.00102031,0.00220511,-0.00102031,0,0,0,0,0,0,0,0,0,0.00072442,0,1.05873e-06,1.10973e-05,1.31573e-07,2.29716e-05,0,6.02656e-07,3.93244e-09,2.36645e-06,0,15.6803,51.6296,10.0328,0.551163,32.2883,0,12.1008,0.00899912,0,3.10984,0.170907,3.41051,0.000859003,0.011431,3.2209,0,0.0185567,0,0.00641731,3.2209,0.0114851,3.06866,1.6835,0.000653969,0.0649468,0,0.00309278,0,0.00103661,0.0649468,0.518637,1.05873e-06,5.64742,0.00899912
2068.0417,278.326,278.189,0,0.235483,0,0,0.0012315,0.002187,-0.0012315,0,0,0,0,0,0,0,0,0,0.00072325,0,1.01164e-06,1.8957e-05,6.24977e-07,3.10289e-05,0,1.10605e-06,1.4366e-08,2.5769e-06,0,15.624,51.5353,10.0166,0.498962,32.296,0,12.0813,0.00849014,0,3.11632,0.170631,3.41014,0.00127319,0.0101499,3.22166,0,0.01853,0,0.00643047,3.22166,0.0114666,3.06866,1.68357,0.000582899,0.0649629,0,0.00308833,0,0.00103877,0.0649629,0.830133,1.01164e-06,5.60737,0.00849014
2068.1250,277.854,278.043,0,0.245519,0,0,0.00110163,0.00198708,-0.00110163,0,0,0,0,0,0,0,0,0,0.000722082,0,9.7725e-07,2.38448e-05,1.02438e-06,3.67842e-05,0,1.3847e-06,1.74093e-08,2.52373e-06,0,15.5672,51.4424,10.0005,0.455665,32.2984,0,12.0618,0.0080104,0,3.12118,0.170356,3.40955,0.00167652,0.00909606,3.22198,0,0.0185032,0,0.00644022,3.22198,0.011448,3.06866,1.68364,0.000524117,0.0649636,0,0.00308386,0,0.00104039,0.0649636,0.926628,9.7725e-07,5.5667,0.0080104
2068.2083,284.653,283.977,0.0789741,0.192997,0.0663593,0.000363236,0.00143881,0.00210863,-0.00107557,1.36938e-06,1.22533e-05,1.10781e-06,9.54209e-08,0.000417953,0.0080563,0.237037,0.0654584,0.000395339,0.000720881,3.72877e-07,9.52117e-07,3.36469e-05,1.96957e-06,4.94194e-05,1.68015e-06,2.58972e-06,2.4732e-08,2.85731e-06,9.07117e-08,15.5065,51.3456,9.98382,0.420008,32.2949,0.00257185,12.0478,0.00768491,0.00257185,3.12417,0.170073,3.40869,0.00212661,0.00822808,3.22182,0.000102874,0.0184839,6.12346e-05,0.00644605,3.22182,0.011429,3.06866,1.68372,0.000476118,0.0649481,6.85828e-06,0.00308064,2.57185e-06,0.00104139,0.0649481,1.22078,1.32499e-06,5.5227,0.0102568
2068.2917,288.691,287.988,3.38321,0.180268,1.5885,0.0105189,0.00428227,0.00211117,0.00623665,7.14801e-05,0.000156874,5.86494e-05,4.65747e-06,0.00462161,0.0162801,2.03392,0.579516,0.0168694,0.000723611,1.62277e-05,9.63883e-07,3.53828e-05,1.23533e-06,5.92392e-05,7.18902e-05,3.33399e-06,1.33962e-08,2.9867e-06,4.2547e-06,15.5439,51.344,10.0121,0.390693,32.2854,0.100951,12.2643,0.0125573,0.100951,3.12407,0.170844,3.40779,0.00184875,0.00751464,3.22114,0.00403804,0.0187844,0.0024036,0.00644575,3.22114,0.0114719,3.06866,1.68375,0.000437309,0.0649159,0.000269203,0.00313074,0.000100951,0.00104136,0.0649159,2.34378,1.71916e-05,5.53177,0.113508
2068.3750,296.627,294.956,4.30157,0.153712,2.80475,0.0125584,0.0058311,0.00233142,0.00672734,0.000133023,0.000163649,0.00011361,3.64919e-06,0.00740689,0.0128826,3.61166,0.344202,0.0202861,0.000731359,2.15486e-05,1.02934e-06,2.37282e-05,3.89991e-07,7.22353e-05,8.57357e-05,2.7348e-06,7.22115e-09,3.31866e-06,5.14402e-06,15.7136,51.4723,10.0978,0.366867,32.2707,0.126068,12.3046,0.0131639,0.126068,3.12111,0.173024,3.40753,0.00112624,0.00693314,3.22001,0.00504272,0.0188424,0.00300162,0.00643996,3.22001,0.0115997,3.06866,1.68369,0.000406199,0.0648712,0.000336181,0.00314041,0.000126068,0.00104037,0.0648712,3.39816,2.25779e-05,5.6158,0.139232
2068.4583,299.533,298.201,4.29344,0.180124,3.2203,0.0127211,0.00631139,0.00264553,0.00640972,0.000142891,0.000163375,0.000122799,3.06166e-06,0.00784332,0.0124753,4.35018,0.314079,0.020539,0.000739528,2.20379e-05,1.13339e-06,2.47412e-05,1.38192e-07,8.89473e-05,8.67016e-05,2.31935e-06,4.37505e-09,3.72067e-06,5.21227e-06,15.8916,51.6004,10.1883,0.345452,32.2506,0.125858,12.2841,0.0123954,0.125858,3.11281,0.17542,3.40754,0.00092111,0.00641027,3.21837,0.0050343,0.0188159,0.00299661,0.00642304,3.21837,0.0117419,3.06866,1.68364,0.000378479,0.0648131,0.00033562,0.00313599,0.000125858,0.0010376,0.0648131,4.18586,2.31713e-05,5.70326,0.138253
2068.5417,298.003,297.182,4.2852,0.167544,2.26065,0.0108868,0.00579325,0.00226743,0.00509359,0.000127321,0.000148257,0.00010955,2.58816e-06,0.00754408,0.0117009,3.90309,0.272661,0.0173052,0.000746663,1.85664e-05,1.22048e-06,2.1731e-05,1.50009e-07,7.94614e-05,7.29498e-05,2.21691e-06,3.20993e-09,3.12025e-06,4.38191e-06,16.0442,51.7061,10.2669,0.328101,32.2292,0.125644,12.2632,0.0116601,0.125644,3.1046,0.177609,3.40758,0.00100614,0.00599004,3.21657,0.00502576,0.0187888,0.00299152,0.00640624,3.21657,0.0118714,3.06866,1.68359,0.000356554,0.0647548,0.00033505,0.00313146,0.000125644,0.00103487,0.0647548,3.02507,1.97869e-05,5.77732,0.137304
2068.6250,295.699,295.499,4.27711,0.201288,1.48805,0.00810489,0.00504249,0.00235147,0.00306239,5.99334e-05,0.000132302,5.08849e-05,1.97144e-06,0.00446476,0.0145528,3.31334,0.389013,0.0123945,0.000751743,1.31569e-05,1.25732e-06,3.35828e-05,1.00187e-07,8.633e-05,5.27385e-05,2.9755e-06,2.4538e-09,3.18664e-06,3.11169e-06,16.1461,51.7624,10.3221,0.313862,32.2068,0.125434,12.2428,0.0109791,0.125434,3.0956,0.179247,3.40722,0.00132145,0.00564522,3.21462,0.00501736,0.0187618,0.00298653,0.00638768,3.21462,0.0119669,3.06866,1.68357,0.000338666,0.0646966,0.000334491,0.00312697,0.000125434,0.00103187,0.0646966,2.35581,1.44142e-05,5.82401,0.136413
2068.7083,287.318,287.994,3.48942,0.193574,0.782977,0.00507098,0.00330858,0.00292114,0.0017624,3.36633e-05,7.9059e-05,2.78523e-05,1.76738e-06,0.00390557,0.00954376,1.74592,0.345506,0.00707767,0.00882696,7.66013e-06,1.24383e-06,3.08311e-05,1.47371e-07,9.73343e-06,8.63879e-05,2.59243e-06,2.78765e-09,1.78106e-06,5.51022e-06,16.1563,51.8176,10.3324,0.375687,32.1954,0.103371,12.2223,0.0103382,0.103371,3.09029,0.179181,3.40769,0.00136175,0.00721553,3.21356,0.00413359,0.0187346,0.0024612,0.0063767,3.21356,0.0119646,3.06872,1.68358,0.000421809,0.0646699,0.000275533,0.00312244,0.000103371,0.0010301,0.0646699,1.27128,8.90395e-06,5.82391,0.113709
2068.7917,282.943,283.831,0,0.188733,0,0,0.00142643,0.00365829,-0.00142643,0,0,0,0,0,0,0,0,0,0.000741284,0,1.18232e-06,2.05145e-06,1.17094e-07,3.05376e-06,0,9.88333e-08,4.89768e-09,2.42584e-06,0,15.9195,51.91,10.2284,0.651179,32.2485,0,12.2019,0.0097344,0,3.09083,0.174089,3.41257,0.000195131,0.0140014,3.2179,0,0.0187073,0,0.00637772,3.2179,0.0116829,3.06899,1.68361,0.000791434,0.064821,0,0.00311788,0,0.00103028,0.064821,0.4298,1.18232e-06,5.69116,0.0097344
2068.8750,279.865,280.529,0,0.235994,0,0,0.00133255,0.00292884,-0.00133255,0,0,0,0,0,0,0,0,0,0.000740046,0,1.11564e-06,9.90509e-06,2.63045e-07,2.72804e-05,0,4.9131e-07,1.01028e-08,2.91817e-06,0,15.8542,51.7683,10.2113,0.542755,32.2778,0,12.1815,0.00916608,0,3.09353,0.173799,3.4125,0.00066546,0.0112462,3.22041,0,0.0186797,0,0.00638315,3.22041,0.0116634,3.06899,1.6837,0.000643245,0.0649,0,0.00311328,0,0.00103118,0.0649,0.566445,1.11564e-06,5.64291,0.00916608
2068.9583,272.119,273.164,0,0.254756,0,0,0.000917295,0.00138362,-0.000917295,0,0,0,0,0,0,0,0,0,0.00073879,0,1.06119e-06,1.0347e-05,6.95646e-07,2.07317e-05,0,5.24703e-07,1.68411e-08,1.52863e-06,0,15.7954,51.67,10.194,0.486066,32.2875,0,12.1608,0.00862235,0,3.10099,0.173504,3.4122,0.00115704,0.00986021,3.22128,0,0.0186515,0,0.00639834,3.22128,0.0116436,3.06899,1.68377,0.000567188,0.0649234,0,0.00310859,0,0.00103366,0.0649234,0.866255,1.06119e-06,5.60147,0.00862235
2069.0417,273.853,273.475,0,0.141305,0,0,0.000945386,0.0011587,-0.000945386,0,0,0,0,0,0,0,0,0,0.000737597,0,1.01788e-06,7.49089e-06,8.3056e-07,1.81052e-05,0,3.8234e-07,1.09277e-08,1.35667e-06,0,15.7453,51.6139,10.1775,0.463859,32.2905,0,12.1412,0.00813468,0,3.11424,0.173224,3.41203,0.00148295,0.00933392,3.22156,0,0.0186245,0,0.00642547,3.22156,0.0116248,3.06899,1.6838,0.000539205,0.0649303,0,0.00310409,0,0.00103808,0.0649303,0.565036,1.01788e-06,5.56785,0.00813468
2069.1250,281.815,281.243,0,0.230228,0,0,0.00127793,0.00212359,-0.00127793,0,0,0,0,0,0,0,0,0,0.000736405,0,9.76526e-07,2.74171e-05,8.52552e-07,4.29039e-05,0,1.75216e-06,9.47888e-09,2.69046e-06,0,15.6891,51.5305,10.1611,0.428317,32.2923,0,12.1216,0.00767503,0,3.12077,0.172944,3.41147,0.00185781,0.00844392,3.22179,0,0.0185974,0,0.00643864,3.22179,0.011606,3.06899,1.68386,0.000489837,0.0649319,0,0.00309957,0,0.00104026,0.0649319,1.01245,9.76526e-07,5.52803,0.00767503
2069.2083,286.901,286.101,0.508816,0.195645,0.330561,0.00190652,0.00180321,0.00216852,0.000103307,7.69639e-06,4.25274e-05,6.23002e-06,5.73512e-07,0.00096542,0.012141,0.689985,0.221339,0.00251204,0.000735263,2.29295e-06,9.5649e-07,3.82393e-05,1.63403e-06,5.55652e-05,1.06027e-05,3.13912e-06,1.40994e-08,2.93165e-06,6.17921e-07,15.6287,51.4306,10.1451,0.393367,32.2868,0.0159198,12.1334,0.00796065,0.0159198,3.12178,0.172689,3.41051,0.00236443,0.00758812,3.22142,0.000636791,0.0186136,0.000379042,0.00644033,3.22142,0.0115886,3.06899,1.68395,0.000442541,0.0649121,4.24527e-05,0.00310227,1.59198e-05,0.00104059,0.0649121,1.46908,3.24944e-06,5.48356,0.0238804
2069.2917,293.415,292.009,5.18071,0.158334,2.83591,0.0120135,0.00478234,0.00218243,0.00723113,6.80515e-05,0.000156869,5.66593e-05,3.51732e-06,0.0038965,0.0157541,2.90376,0.58425,0.0172154,0.000737483,1.70374e-05,1.00378e-06,3.35014e-05,1.35337e-06,6.56098e-05,7.25723e-05,3.7389e-06,1.04965e-08,3.06082e-06,4.36228e-06,15.7154,51.4773,10.1688,0.366762,32.275,0.147902,12.3785,0.0134406,0.147902,3.12016,0.173726,3.40967,0.00205997,0.00693802,3.22051,0.00591607,0.0189543,0.00352147,0.00643699,3.22051,0.0116482,3.06899,1.68396,0.000407326,0.0648758,0.000394405,0.00315904,0.000147902,0.00104005,0.0648758,3.47171,1.80412e-05,5.54662,0.161342
2069.3750,296.462,295.155,5.80069,0.16615,3.21739,0.0142265,0.00584873,0.00226494,0.00837781,0.000115387,0.000165076,9.82342e-05,3.52381e-06,0.00572279,0.0105517,3.69427,0.396437,0.020681,0.000742924,2.16124e-05,1.11171e-06,2.57054e-05,4.71376e-07,7.43522e-05,8.67447e-05,2.49707e-06,5.74144e-09,3.17532e-06,5.2643e-06,15.9285,51.6498,10.2305,0.34617,32.2588,0.163468,12.3896,0.0133544,0.163468,3.1163,0.175924,3.40937,0.00137496,0.00643486,3.21921,0.00653872,0.018972,0.00389209,0.0064294,3.21921,0.0117792,3.06899,1.6839,0.000380535,0.0648293,0.000435915,0.00316199,0.000163468,0.00103877,0.0648293,4.0247,2.27241e-05,5.69805,0.176822
2069.4583,298.516,297.213,5.78934,0.155448,3.00092,0.0133131,0.00626015,0.00227901,0.00705298,0.000125809,0.000161867,0.000107951,2.8966e-06,0.00671946,0.0139009,4.15471,0.32764,0.0190792,0.000748791,2.01479e-05,1.20698e-06,2.3073e-05,1.84944e-07,7.87914e-05,7.97631e-05,2.54813e-06,3.62346e-09,3.14263e-06,4.84916e-06,16.1393,51.8167,10.2972,0.328784,32.2391,0.163195,12.3689,0.0125748,0.163195,3.10948,0.178189,3.40926,0.00109354,0.00601072,3.21755,0.0065278,0.0189453,0.00388559,0.00641557,3.21755,0.011915,3.06899,1.68384,0.000358246,0.0647753,0.000435187,0.00315755,0.000163195,0.00103649,0.0647753,3.64913,2.13548e-05,5.84217,0.17577
2069.5417,297.283,296.656,5.77782,0.14379,3.02071,0.0122739,0.0059819,0.00204389,0.00629203,0.00012441,0.000150085,0.000106965,2.62821e-06,0.00666488,0.0109675,3.86753,0.277078,0.0175242,0.000754379,1.85382e-05,1.29135e-06,1.64198e-05,1.59109e-07,7.2504e-05,7.31575e-05,2.22802e-06,2.74019e-09,2.75465e-06,4.45414e-06,16.3234,51.9602,10.3605,0.314954,32.219,0.162918,12.348,0.0118288,0.162918,3.10285,0.180288,3.40926,0.00108293,0.00567498,3.21581,0.00651672,0.018918,0.003879,0.00640205,3.21581,0.0120409,3.06899,1.68378,0.000340753,0.0647223,0.000434448,0.003153,0.000162918,0.00103428,0.0647223,3.54354,1.98295e-05,5.9629,0.174747
2069.6250,294.507,294.238,5.76652,0.172513,1.99132,0.00883665,0.00515413,0.00191973,0.00368252,7.34924e-05,0.00013266,6.27481e-05,2.04578e-06,0.00508375,0.0126762,3.07838,0.302666,0.0120777,0.000758556,1.26705e-05,1.34213e-06,2.49724e-05,1.38337e-07,6.99188e-05,5.05803e-05,2.10594e-06,2.09858e-09,2.54702e-06,3.04278e-06,16.4473,52.0535,10.4073,0.30495,32.2019,0.162646,12.3273,0.011138,0.162646,3.09938,0.181855,3.40922,0.00124638,0.00543309,3.21429,0.00650584,0.0188909,0.00387252,0.00639494,3.21429,0.0121341,3.06899,1.68375,0.000328253,0.0646788,0.000433723,0.00314848,0.000162646,0.00103313,0.0646788,2.64548,1.40127e-05,6.03998,0.173784
2069.7083,290.463,290.783,4.69032,0.191312,1.12207,0.00590878,0.00413081,0.00312697,0.00177797,3.70574e-05,7.73585e-05,3.03911e-05,1.5138e-06,0.00357721,0.0073624,2.11635,0.314903,0.00719282,0.0112281,7.95981e-06,1.33653e-06,3.03194e-05,8.5841e-08,1.38136e-05,0.000103104,2.54626e-06,1.7853e-09,1.89789e-06,6.65456e-06,16.4572,52.1354,10.4083,0.391295,32.1925,0.134037,12.3068,0.0104878,0.134037,3.0944,0.181455,3.41006,0.00121445,0.00761317,3.21339,0.00536061,0.0188635,0.00319136,0.00638466,3.21339,0.0121149,3.06907,1.68375,0.000444068,0.0646589,0.000357337,0.00314392,0.000134037,0.00103147,0.0646589,1.58749,9.29634e-06,6.0489,0.144525
2069.7917,281.227,282.38,0,0.206038,0,0,0.00142071,0.00365226,-0.00142071,0,0,0,0,0,0,0,0,0,0.000743622,0,1.2769e-06,4.77101e-07,4.89746e-08,-3.74009e-06,0,2.33887e-08,2.48431e-09,2.08338e-06,0,16.1621,52.2914,10.2737,0.788294,32.2467,0,12.2862,0.00987527,0,3.09432,0.174838,3.41651,0.000121321,0.0173812,3.21778,0,0.018836,0,0.00638442,3.21778,0.0117497,3.06943,1.68378,0.000978058,0.0648148,0,0.00313934,0,0.00103144,0.0648148,0.512467,1.2769e-06,5.88845,0.00987527
2069.8750,274.475,275.813,0,0.254091,0,0,0.0010378,0.00293383,-0.0010378,0,0,0,0,0,0,0,0,0,0.00074238,0,1.20639e-06,2.70986e-06,2.31393e-07,1.02515e-05,0,1.32735e-07,1.1235e-08,2.47875e-06,0,16.1003,52.1514,10.2565,0.665442,32.2866,0,12.2657,0.00929873,0,3.099,0.174546,3.41657,0.000279463,0.0142151,3.22113,0,0.0188083,0,0.00639395,3.22113,0.0117301,3.06943,1.68385,0.000811112,0.0649248,0,0.00313472,0,0.001033,0.0649248,0.669559,1.20639e-06,5.84375,0.00929873
2069.9583,274.094,274.763,0,0.312786,0,0,0.00101071,0.00238789,-0.00101071,0,0,0,0,0,0,0,0,0,0.00074112,0,1.13581e-06,8.07709e-06,3.72754e-07,1.86771e-05,0,3.92533e-07,1.50744e-08,2.40631e-06,0,16.0451,52.0449,10.2391,0.585532,32.3073,0,12.2449,0.00874713,0,3.10697,0.17425,3.41648,0.000637886,0.0122348,3.22294,0,0.0187799,0,0.00641022,3.22294,0.0117102,3.06943,1.68392,0.000702211,0.0649776,0,0.00312999,0,0.00103566,0.0649776,0.398864,1.13581e-06,5.80602,0.00874713
2070.0417,273.516,274.117,0,0.248005,0,0,0.00100796,0.00185922,-0.00100796,0,0,0,0,0,0,0,0,0,0.000739923,0,1.07798e-06,1.24828e-05,7.58347e-07,2.24729e-05,0,6.40505e-07,2.21315e-08,2.05819e-06,0,15.991,51.9542,10.2226,0.53016,32.3181,0,12.2251,0.0082524,0,3.11494,0.173968,3.41624,0.00101559,0.0108793,3.22395,0,0.0187528,0,0.00642643,3.22395,0.0116913,3.06943,1.68399,0.000627033,0.0650032,0,0.00312547,0,0.00103831,0.0650032,0.793342,1.07798e-06,5.7684,0.0082524
2070.1250,278.976,278.579,0,0.245896,0,0,0.00122028,0.00215934,-0.00122028,0,0,0,0,0,0,0,0,0,0.000738728,0,1.04041e-06,2.0361e-05,8.05023e-07,3.2686e-05,0,1.07609e-06,1.73825e-08,2.5942e-06,0,15.9344,51.8644,10.2061,0.484417,32.3238,0,12.2053,0.0077861,0,3.12176,0.173687,3.41581,0.00139099,0.00976134,3.22453,0,0.0187255,0,0.0064402,3.22453,0.0116724,3.06943,1.68405,0.000564636,0.0650139,0,0.00312092,0,0.00104059,0.0650139,1.05728,1.04041e-06,5.72837,0.0077861
2070.2083,284.624,283.933,0.00024255,0.194164,0.000289346,1.70062e-06,0.00141417,0.00227532,-0.00141247,0,0,0,0,0,0,0,0,0,0.000737495,0,1.01107e-06,3.10063e-05,1.18954e-06,4.50218e-05,0,2.05723e-06,1.82548e-08,2.94731e-06,0,15.871,51.7598,10.189,0.439297,32.3246,8.07303e-06,12.185,0.00733179,8.07303e-06,3.12491,0.173397,3.41507,0.00182408,0.00866937,3.22474,3.22921e-07,0.0186972,1.92215e-07,0.00644632,3.22474,0.0116529,3.06943,1.68414,0.00050305,0.0650094,2.15281e-08,0.00311621,8.07303e-09,0.00104164,0.0650094,1.17512,1.01107e-06,5.68202,0.00733986
2070.2917,290.666,289.494,3.55024,0.185808,1.92564,0.0102576,0.00395267,0.00236402,0.00630495,5.11136e-05,0.000151439,4.20209e-05,3.22693e-06,0.00339501,0.0185106,2.31103,0.625223,0.0138067,0.000738039,1.32126e-05,1.01759e-06,3.60091e-05,1.06596e-06,6.06045e-05,5.7855e-05,3.00011e-06,1.40951e-08,3.26809e-06,3.48093e-06,15.8918,51.7359,10.1932,0.402248,32.3176,0.104245,12.3916,0.0120251,0.104245,3.12424,0.173827,3.41418,0.001834,0.00777596,3.2243,0.00416979,0.0189838,0.00248202,0.00644475,3.2243,0.0116764,3.06943,1.68419,0.000453297,0.0649832,0.000277986,0.00316397,0.000104245,0.00104142,0.0649832,2.66799,1.42302e-05,5.6986,0.11627
2070.3750,296.015,294.568,5.32952,0.152137,3.30856,0.0142588,0.00570389,0.00231115,0.00855493,0.000122475,0.000165204,0.000104468,3.51919e-06,0.00602292,0.0103012,3.55386,0.3631,0.0198094,0.000742591,2.05688e-05,1.10559e-06,2.26765e-05,5.67697e-07,6.79899e-05,8.23985e-05,2.64839e-06,9.1857e-09,3.25866e-06,5.04241e-06,16.0979,51.8968,10.2453,0.373971,32.3041,0.152012,12.4753,0.0136278,0.152012,3.1209,0.175813,3.41384,0.00120818,0.00709278,3.22329,0.00608048,0.0191019,0.00361933,0.00643819,3.22329,0.0117952,3.06943,1.68415,0.000416067,0.0649405,0.000405365,0.00318365,0.000152012,0.0010403,0.0649405,3.96074,2.16744e-05,5.85261,0.16564
2070.4583,299.971,297.91,5.31921,0.116407,3.6475,0.0128462,0.00632562,0.00196261,0.00652058,0.000150217,0.000161688,0.000129626,2.64851e-06,0.00834796,0.0148031,4.19258,0.245727,0.017576,0.000747713,1.84904e-05,1.21845e-06,9.84903e-06,2.97866e-07,6.0894e-05,7.25441e-05,1.22711e-06,5.17742e-09,2.73346e-06,4.4615e-06,16.2997,52.0618,10.3041,0.354176,32.2895,0.151758,12.4545,0.0128322,0.151758,3.11841,0.177905,3.41403,0.000941633,0.00661456,3.22213,0.00607033,0.0190752,0.00361329,0.00643335,3.22213,0.011922,3.06943,1.68409,0.000390428,0.0648971,0.000404689,0.0031792,0.000151758,0.00103947,0.0648971,4.17154,1.97089e-05,5.99559,0.16459
2070.5417,298.361,297.554,5.30874,0.162721,2.87901,0.011862,0.00613441,0.00221369,0.00572761,0.000123494,0.000149447,0.000106408,2.34955e-06,0.00680057,0.0116717,3.97026,0.261453,0.0161417,0.000752473,1.69829e-05,1.31485e-06,2.01009e-05,1.40871e-07,7.32278e-05,6.68378e-05,2.1233e-06,3.21812e-09,3.04131e-06,4.09754e-06,16.4652,52.1911,10.3586,0.338144,32.2732,0.151501,12.4333,0.012071,0.151501,3.11456,0.179783,3.41416,0.000934508,0.00622397,3.22079,0.00606003,0.0190477,0.00360716,0.0064256,3.22079,0.0120358,3.06943,1.68404,0.000369561,0.0648511,0.000404002,0.00317462,0.000151501,0.00103819,0.0648511,3.66784,1.82977e-05,6.10652,0.163572
2070.6250,296.49,296.062,5.29847,0.157648,2.19779,0.00929371,0.00559894,0.00215721,0.00369477,6.9028e-05,0.000133862,5.89924e-05,1.85051e-06,0.00454427,0.0125822,3.42076,0.318507,0.0122292,0.000756318,1.278e-05,1.36672e-06,2.5086e-05,1.36092e-07,7.52388e-05,5.09632e-05,2.54636e-06,2.27495e-09,2.91928e-06,3.0862e-06,16.5864,52.2708,10.4023,0.323265,32.2534,0.151248,12.4126,0.011366,0.151248,3.10765,0.181295,3.41394,0.00126894,0.00586402,3.21911,0.00604991,0.0190205,0.00360113,0.00641143,3.21911,0.0121261,3.06943,1.68402,0.000350617,0.064798,0.000403327,0.00317008,0.000151248,0.00103588,0.064798,2.67622,1.41467e-05,6.18417,0.162614
2070.7083,288.475,289.181,4.31363,0.136097,1.1102,0.00567078,0.00376109,0.00267493,0.00190969,3.88158e-05,7.73525e-05,3.27599e-05,1.50807e-06,0.00391392,0.00825919,1.94421,0.271482,0.00669632,0.0104921,7.28414e-06,1.35719e-06,2.0581e-05,1.65438e-07,3.83171e-06,9.53928e-05,2.39751e-06,1.80306e-09,1.53601e-06,6.17679e-06,16.6011,52.3554,10.4029,0.403393,32.2453,0.124644,12.3918,0.0107024,0.124644,3.10558,0.180946,3.41493,0.00132226,0.00789453,3.21836,0.00498439,0.018993,0.00296771,0.00640719,3.21836,0.0121101,3.0695,1.68402,0.000458459,0.0647788,0.000332269,0.00316551,0.000124644,0.00103519,0.0647788,1.37342,8.64133e-06,6.19824,0.135346
2070.7917,283.062,284.119,0,0.215347,0,0,0.00170025,0.00399157,-0.00170025,0,0,0,0,0,0,0,0,0,0.000742213,0,1.2948e-06,7.81245e-07,3.35071e-08,-4.71387e-06,0,3.78706e-08,1.42476e-09,2.38465e-06,0,16.3176,52.4871,10.2758,0.761344,32.3012,0,12.3712,0.0100774,0,3.10695,0.174757,3.42096,0.00014787,0.0167031,3.22294,0,0.0189654,0,0.00640997,3.22294,0.0117685,3.06983,1.68405,0.000940866,0.0649376,0,0.00316089,0,0.00103565,0.0649376,0.685843,1.2948e-06,6.0418,0.0100774
2070.8750,275.788,276.534,0,0.220767,0,0,0.00130366,0.00274879,-0.00130366,0,0,0,0,0,0,0,0,0,0.000740974,0,1.22269e-06,4.11037e-06,3.73774e-08,1.33833e-05,0,2.11386e-07,1.70125e-09,2.49296e-06,0,16.2503,52.3431,10.2586,0.642316,32.3386,0,12.3505,0.00948907,0,3.11191,0.174465,3.42099,0.000348573,0.0136547,3.2261,0,0.0189375,0,0.0064201,3.2261,0.0117488,3.06983,1.68413,0.000779124,0.0650391,0,0.00315625,0,0.0010373,0.0650391,0.487513,1.22269e-06,5.99163,0.00948907
2070.9583,274.778,275.431,0,0.281586,0,0,0.00114253,0.00221436,-0.00114253,0,0,0,0,0,0,0,0,0,0.000739716,0,1.15378e-06,1.00497e-05,1.0349e-07,2.12898e-05,0,5.30669e-07,3.34523e-09,2.31676e-06,0,16.187,52.2318,10.2412,0.568719,32.356,0,12.3295,0.00892618,0,3.1201,0.174169,3.42086,0.000759119,0.0118367,3.22766,0,0.018909,0,0.00643684,3.22766,0.0117289,3.06983,1.6842,0.000678961,0.0650827,0,0.0031515,0,0.00104003,0.0650827,0.573653,1.15378e-06,5.94575,0.00892618
2071.0417,277.243,277.123,0,0.251274,0,0,0.00128639,0.00218746,-0.00128639,0,0,0,0,0,0,0,0,0,0.000738522,0,1.10038e-06,1.64792e-05,4.46392e-07,2.89808e-05,0,8.36459e-07,1.05071e-08,2.52361e-06,0,16.1279,52.1349,10.2247,0.514606,32.3651,0,12.3096,0.00842133,0,3.12728,0.173887,3.42055,0.00117442,0.0105082,3.22853,0,0.0188817,0,0.00645143,3.22853,0.0117099,3.06983,1.68427,0.000605192,0.0651027,0,0.00314696,0,0.00104243,0.0651027,0.947175,1.10038e-06,5.90324,0.00842133
2071.1250,280.613,280.562,0,0.226836,0,0,0.00136817,0.00223108,-0.00136817,0,0,0,0,0,0,0,0,0,0.000737329,0,1.06411e-06,2.50943e-05,1.16511e-06,3.84754e-05,0,1.43178e-06,2.14991e-08,2.78287e-06,0,16.0638,52.0292,10.2082,0.4652,32.3689,0,12.2897,0.00794548,0,3.13134,0.173607,3.41998,0.00162815,0.00930318,3.22898,0,0.0188543,0,0.00645951,3.22898,0.011691,3.06983,1.68435,0.000537522,0.0651066,0,0.00314239,0,0.00104378,0.0651066,1.09336,1.06411e-06,5.8556,0.00794548
2071.2083,289.674,288.431,1.65737,0.177844,0.947452,0.005139,0.0030653,0.00243688,0.0020737,2.35015e-05,9.56687e-05,1.91833e-05,1.62036e-06,0.00217215,0.0184893,1.56967,0.426842,0.00680644,0.000736794,6.45458e-06,1.04455e-06,3.69798e-05,1.44863e-06,5.56076e-05,2.86072e-05,3.06935e-06,1.90417e-08,3.28781e-06,1.69453e-06,16.0193,51.9413,10.1994,0.423647,32.3657,0.0504575,12.3902,0.0102342,0.0504575,3.13265,0.173542,3.4191,0.00192789,0.00829666,3.22887,0.0020183,0.0189937,0.00120137,0.00646193,3.22887,0.0116847,3.06983,1.68443,0.000481149,0.0650909,0.000134553,0.00316562,5.04575e-05,0.00104422,0.0650909,1.88993,7.49913e-06,5.81992,0.0606917
2071.2917,291.714,290.954,4.4962,0.199665,2.09548,0.0122381,0.00498939,0.00242692,0.00724868,7.89908e-05,0.000158184,6.59456e-05,3.87743e-06,0.0043963,0.0127625,2.65186,0.487124,0.0173588,0.000740794,1.75094e-05,1.09131e-06,3.08859e-05,6.35815e-07,6.83257e-05,7.27786e-05,2.58418e-06,9.44834e-09,3.41948e-06,4.40144e-06,16.1401,52.0158,10.2444,0.390745,32.3547,0.131079,12.5631,0.0139369,0.131079,3.13036,0.174932,3.41847,0.0014901,0.00749965,3.22809,0.00524315,0.019235,0.00312092,0.00645745,3.22809,0.011766,3.06983,1.68443,0.000437395,0.0650537,0.000349543,0.00320583,0.000131079,0.00104345,0.0650537,3.18371,1.86007e-05,5.89566,0.145016
2071.3750,296.737,295.299,4.52934,0.156706,3.19521,0.0132314,0.00593074,0.00244178,0.00730068,0.000109881,0.000164494,9.36558e-05,3.21857e-06,0.00583751,0.0114765,3.72195,0.380486,0.0189014,0.000747009,1.97575e-05,1.17123e-06,2.52317e-05,3.30369e-07,7.63544e-05,7.89389e-05,2.37587e-06,8.2643e-09,3.44697e-06,4.80109e-06,16.3362,52.1627,10.3157,0.364417,32.3375,0.131934,12.5447,0.0131793,0.131934,3.12464,0.177011,3.4182,0.00112879,0.00686044,3.22675,0.00527736,0.0192117,0.00314128,0.00644598,3.22675,0.0118902,3.06983,1.68439,0.000403075,0.0650018,0.000351824,0.00320196,0.000131934,0.00104155,0.0650018,3.59056,2.09288e-05,6.0204,0.145113
2071.4583,300.984,299.103,4.52074,0.137016,3.20246,0.0124612,0.00659589,0.00230419,0.00586528,0.000128904,0.000161349,0.000111025,2.48768e-06,0.00729211,0.0150266,4.46514,0.291298,0.0175774,0.000753103,1.85418e-05,1.26439e-06,1.90116e-05,3.6331e-07,7.59786e-05,7.30478e-05,2.08511e-06,6.41091e-09,3.202e-06,4.45846e-06,16.5068,52.2924,10.3856,0.345357,32.32,0.131714,12.5238,0.0124099,0.131714,3.12019,0.179022,3.41823,0.00105026,0.00639851,3.22533,0.00526854,0.0191846,0.00313604,0.00643703,3.22533,0.012011,3.06983,1.68434,0.00037871,0.0649517,0.000351236,0.00319744,0.000131714,0.00104006,0.0649517,3.89797,1.98062e-05,6.12114,0.144123
2071.5417,300.815,299.547,4.51201,0.102168,3.39098,0.010835,0.00632768,0.00201204,0.0045073,9.15148e-05,0.000149518,7.85914e-05,2.01546e-06,0.0056024,0.0131506,4.33579,0.324737,0.0150378,0.000758801,1.58279e-05,1.35062e-06,1.22726e-05,3.08075e-07,6.94863e-05,6.27614e-05,1.6629e-06,3.98988e-09,2.74632e-06,3.80454e-06,16.649,52.3887,10.4508,0.328559,32.299,0.13149,12.5025,0.0116737,0.13149,3.11216,0.1809,3.41818,0.00131909,0.00599153,3.22355,0.0052596,0.0191568,0.00313072,0.00642057,3.22355,0.0121234,3.06983,1.68431,0.000357205,0.0648944,0.00035064,0.00319281,0.00013149,0.00103739,0.0648944,3.73556,1.71785e-05,6.19818,0.143164
2071.6250,296.057,295.572,4.50345,0.132249,1.65348,0.00666604,0.00478949,0.00152613,0.00187655,4.81807e-05,0.000120863,4.10609e-05,1.41489e-06,0.00440632,0.0207006,3.11488,0.302663,0.00875165,0.000762002,9.12025e-06,1.38577e-06,1.97606e-05,2.88481e-07,5.13253e-05,3.65714e-05,1.82032e-06,2.79925e-09,2.02502e-06,2.18325e-06,16.7048,52.4264,10.4864,0.319442,32.2871,0.13127,12.4817,0.010992,0.13127,3.11512,0.181993,3.41821,0.00149358,0.00577538,3.22252,0.00525082,0.0191293,0.00312549,0.00642676,3.22252,0.0121871,3.06983,1.68429,0.000346135,0.0648632,0.000350055,0.00318821,0.00013127,0.00103837,0.0648632,2.26256,1.0506e-05,6.21839,0.142262
2071.7083,288.262,288.847,3.67234,0.159024,0.99596,0.00544585,0.00368384,0.00272561,0.00176201,3.59238e-05,7.76682e-05,3.01911e-05,1.53316e-06,0.0037014,0.00810869,1.92728,0.300728,0.00671864,0.0092123,7.30574e-06,1.37175e-06,2.64781e-05,1.84448e-07,8.08152e-06,8.69672e-05,2.96797e-06,2.02691e-09,1.65846e-06,5.60191e-06,16.7094,52.4912,10.4914,0.387588,32.2798,0.10818,12.4608,0.0103502,0.10818,3.11446,0.181715,3.41886,0.00139639,0.00749703,3.22183,0.00432592,0.0191015,0.00257572,0.00642538,3.22183,0.0121738,3.06989,1.68428,0.000437229,0.0648463,0.000288353,0.00318358,0.00010818,0.00103815,0.0648463,1.4328,8.67748e-06,6.21798,0.118531
2071.7917,282.819,283.888,0,0.164706,0,0,0.00161817,0.00352493,-0.00161817,0,0,0,0,0,0,0,0,0,0.000750302,0,1.30246e-06,8.89265e-07,5.88875e-08,-2.28512e-06,0,5.78343e-08,1.65191e-09,2.16307e-06,0,16.4576,52.5938,10.382,0.688169,32.3318,0,12.44,0.00974578,0,3.11626,0.17635,3.424,0.000232678,0.0149,3.22609,0,0.0190735,0,0.006429,3.22609,0.0118772,3.07018,1.68432,0.000841096,0.0649941,0,0.00317892,0,0.00103875,0.0649941,0.381814,1.30246e-06,6.07557,0.00974578
2071.8750,276.213,277.365,0,0.268535,0,0,0.00123643,0.00261407,-0.00123643,0,0,0,0,0,0,0,0,0,0.000749049,0,1.21957e-06,6.27789e-06,5.2222e-08,1.88314e-05,0,3.45706e-07,1.41698e-09,2.46539e-06,0,16.3895,52.4568,10.3647,0.582929,32.3629,0,12.4192,0.0091768,0,3.12135,0.176055,3.424,0.000556966,0.0122127,3.22874,0,0.0190453,0,0.00643936,3.22874,0.0118574,3.07018,1.68439,0.000697531,0.0650785,0,0.00317422,0,0.00104045,0.0650785,0.462516,1.21957e-06,6.02483,0.0091768
2071.9583,274.679,275.25,0,0.233377,0,0,0.0011953,0.00182138,-0.0011953,0,0,0,0,0,0,0,0,0,0.000747778,0,1.14664e-06,8.77327e-06,8.44743e-08,2.14014e-05,0,4.79514e-07,1.62494e-09,1.93617e-06,0,16.327,52.3531,10.3471,0.520706,32.3757,0,12.3982,0.00863243,0,3.12964,0.175756,3.42381,0.00103178,0.0106812,3.22989,0,0.0190165,0,0.00645625,3.22989,0.0118373,3.07018,1.68446,0.000613463,0.0651103,0,0.00316942,0,0.00104321,0.0651103,0.47484,1.14664e-06,5.97989,0.00863243
2072.0417,276.776,276.613,0,0.264474,0,0,0.00127064,0.0020243,-0.00127064,0,0,0,0,0,0,0,0,0,0.00074657,0,1.09168e-06,1.8607e-05,1.70029e-07,2.98899e-05,0,9.43177e-07,2.45144e-09,2.35553e-06,0,16.2681,52.2696,10.3304,0.480832,32.3816,0,12.3781,0.00814419,0,3.13895,0.175472,3.42351,0.00141022,0.00970206,3.23045,0,0.018989,0,0.00647521,3.23045,0.0118182,3.07018,1.68452,0.000559709,0.0651233,0,0.00316483,0,0.00104632,0.0651233,0.863079,1.09168e-06,5.93775,0.00814419
2072.1250,282.808,282.408,0,0.226549,0,0,0.00149835,0.00225747,-0.00149835,0,0,0,0,0,0,0,0,0,0.000745365,0,1.05222e-06,2.85434e-05,1.76007e-06,4.46442e-05,0,1.78359e-06,2.12165e-08,2.85569e-06,0,16.203,52.1657,10.3137,0.436944,32.3831,0,12.3581,0.007684,0,3.14269,0.175189,3.42288,0.00190044,0.00862843,3.23068,0,0.0189613,0,0.0064826,3.23068,0.0117991,3.07018,1.68459,0.000499698,0.0651222,0,0.00316022,0,0.00104756,0.0651222,1.00155,1.05222e-06,5.88928,0.007684
2072.2083,287.156,286.377,0.73347,0.195133,0.47148,0.00281874,0.00231836,0.00221387,0.000500384,1.12022e-05,5.5757e-05,9.047e-06,8.66045e-07,0.00115539,0.0127369,0.832478,0.29459,0.0037591,0.000744344,3.44587e-06,1.02638e-06,3.95898e-05,2.20001e-06,5.59352e-05,1.5841e-05,3.10033e-06,2.11682e-08,2.99398e-06,9.3283e-07,16.1394,52.0617,10.2991,0.401135,32.3774,0.0228475,12.3939,0.00852459,0.0228475,3.14368,0.174966,3.42185,0.00232,0.00775613,3.23032,0.000913901,0.0190107,0.000543989,0.00648426,3.23032,0.0117834,3.07018,1.68468,0.00045154,0.0651013,6.09267e-05,0.00316844,2.28475e-05,0.00104789,0.0651013,1.48376,4.47225e-06,5.84027,0.0313721
2072.2917,292.051,290.853,4.49692,0.170629,2.35078,0.0116957,0.00494335,0.00219363,0.00675235,6.6469e-05,0.000156532,5.50805e-05,3.72531e-06,0.003933,0.0162853,2.64777,0.576052,0.0166422,0.000747827,1.6226e-05,1.06273e-06,3.34416e-05,1.3212e-06,6.48278e-05,6.99811e-05,3.24671e-06,1.34818e-08,3.07307e-06,4.21422e-06,16.2359,52.118,10.3379,0.374079,32.3656,0.130961,12.64,0.0139884,0.130961,3.14243,0.176144,3.42102,0.00187003,0.00709731,3.22942,0.00523845,0.0193528,0.00311812,0.00648178,3.22942,0.0118517,3.07018,1.68468,0.000415902,0.0650643,0.00034923,0.00322547,0.000130961,0.00104748,0.0650643,3.12168,1.72887e-05,5.89802,0.14495
2072.3750,297.68,296.031,4.79284,0.143432,3.3195,0.0135967,0.00619257,0.00230765,0.0074041,0.000108471,0.000164759,9.24502e-05,3.18124e-06,0.0055951,0.0110414,3.87558,0.406119,0.0195523,0.000754034,2.04005e-05,1.14467e-06,2.28577e-05,5.3609e-07,7.44399e-05,8.18278e-05,2.53273e-06,7.41457e-09,3.23002e-06,4.97043e-06,16.4164,52.2551,10.4089,0.352023,32.3487,0.138635,12.6383,0.0135987,0.138635,3.13791,0.178156,3.42064,0.00139005,0.00655921,3.22807,0.0055454,0.0193529,0.00330084,0.00647283,3.22807,0.0119714,3.07018,1.68464,0.000387275,0.065015,0.000369694,0.00322549,0.000138635,0.00104597,0.065015,3.7641,2.15452e-05,6.00752,0.152234
2072.4583,300.239,298.3,4.78368,0.129999,3.16696,0.011687,0.00621791,0.00185356,0.00546914,0.00012256,0.000153957,0.000105474,2.46529e-06,0.00722621,0.0176398,4.09836,0.276765,0.0165446,0.000760319,1.74456e-05,1.24574e-06,1.36069e-05,3.91069e-07,5.99921e-05,6.8811e-05,1.39215e-06,4.95965e-09,2.52781e-06,4.19368e-06,16.5864,52.3937,10.4809,0.336968,32.3339,0.138404,12.6172,0.0128048,0.138404,3.13647,0.180174,3.42083,0.00114748,0.00619475,3.22684,0.00553614,0.0193257,0.00329532,0.00647014,3.22684,0.0120924,3.07018,1.68457,0.000368198,0.0649733,0.000369076,0.00322096,0.000138404,0.00104549,0.0649733,3.97416,1.86913e-05,6.10551,0.151208
2072.5417,299.176,298.317,4.77439,0.176809,2.97727,0.0115637,0.0063188,0.00257139,0.00524491,8.26748e-05,0.000149869,7.05895e-05,2.27508e-06,0.00466041,0.0122646,4.17251,0.4008,0.0163178,0.000766068,1.71605e-05,1.33233e-06,3.12381e-05,1.26673e-07,9.20093e-05,6.84306e-05,2.79922e-06,3.19914e-09,3.50354e-06,4.13908e-06,16.7302,52.4929,10.5464,0.321431,32.3128,0.138169,12.5958,0.0120452,0.138169,3.12849,0.182029,3.42057,0.0012395,0.00581333,3.22504,0.00552675,0.0192979,0.00328973,0.00645385,3.22504,0.0122032,3.07018,1.68454,0.000348256,0.064917,0.00036845,0.00321631,0.000138169,0.00104283,0.064917,3.65577,1.84928e-05,6.18375,0.150214
2072.6250,294.772,294.848,4.76527,0.194417,1.70921,0.00909674,0.00530471,0.00225731,0.00379203,5.54218e-05,0.000133647,4.69323e-05,1.96092e-06,0.00365093,0.0115887,3.27446,0.415039,0.0125108,0.000770732,1.3023e-05,1.38125e-06,3.7707e-05,1.93128e-07,8.29525e-05,5.25722e-05,3.52968e-06,3.3766e-09,3.01003e-06,3.15664e-06,16.8395,52.5566,10.5992,0.307989,32.2898,0.137938,12.5748,0.0113418,0.137938,3.11933,0.183559,3.42,0.00150607,0.00548893,3.22302,0.00551752,0.0192702,0.00328424,0.00643503,3.22302,0.0122933,3.07018,1.68453,0.00033152,0.064858,0.000367835,0.0032117,0.000137938,0.00103978,0.064858,2.5604,1.44042e-05,6.24027,0.14928
2072.7083,289.021,289.595,3.88373,0.183175,0.9234,0.00560868,0.00386311,0.00297818,0.00174557,3.4655e-05,7.79734e-05,2.91108e-05,1.49402e-06,0.00359103,0.00823901,2.02283,0.318518,0.0069598,0.00965068,7.52786e-06,1.36887e-06,3.2568e-05,2.53488e-07,9.5195e-06,9.07688e-05,2.98075e-06,3.31438e-09,1.76129e-06,5.84692e-06,16.8588,52.6326,10.6097,0.378623,32.2799,0.113675,12.5538,0.0106796,0.113675,3.11524,0.183382,3.42056,0.00140134,0.00727906,3.22207,0.00454597,0.0192423,0.00270655,0.00642658,3.22207,0.0122864,3.07025,1.68453,0.00042646,0.0648362,0.000303028,0.00320705,0.000113675,0.00103841,0.0648362,1.51777,8.89673e-06,6.24916,0.124355
2072.7917,280.429,281.698,0,0.190412,0,0,0.00144025,0.00347539,-0.00144025,0,0,0,0,0,0,0,0,0,0.000758909,0,1.30584e-06,1.46212e-06,1.12642e-07,-1.46334e-06,0,7.47585e-08,4.37577e-09,2.09961e-06,0,16.5995,52.7459,10.4952,0.697059,32.3331,0,12.5328,0.0100559,0,3.11621,0.177749,3.42589,0.000176133,0.0151311,3.22641,0,0.0192142,0,0.00642853,3.22641,0.011975,3.07055,1.68456,0.000855265,0.0649884,0,0.00320237,0,0.00103874,0.0649884,0.405558,1.30584e-06,6.10436,0.0100559
2072.8750,275.959,277.154,0,0.245997,0,0,0.00126363,0.00280623,-0.00126363,0,0,0,0,0,0,0,0,0,0.000757641,0,1.22648e-06,5.67447e-06,2.75912e-07,1.8614e-05,0,2.61509e-07,1.0301e-08,2.5969e-06,0,16.5337,52.6095,10.4777,0.58885,32.3658,0,12.5119,0.00946884,0,3.12125,0.177452,3.42589,0.000485428,0.0123583,3.22916,0,0.0191859,0,0.00643881,3.22916,0.011955,3.07055,1.68463,0.00070757,0.0650776,0,0.00319766,0,0.00104042,0.0650776,0.63089,1.22648e-06,6.05601,0.00946884
2072.9583,273.462,273.813,0,0.186318,0,0,0.00110023,0.00170907,-0.00110023,0,0,0,0,0,0,0,0,0,0.000756356,0,1.15883e-06,1.04594e-05,5.77559e-07,2.02891e-05,0,5.51821e-07,1.54491e-08,1.79612e-06,0,16.4722,52.5091,10.4599,0.527362,32.3792,0,12.4907,0.00890715,0,3.13037,0.177151,3.42571,0.000916009,0.0108426,3.23034,0,0.019157,0,0.00645745,3.23034,0.0119347,3.07055,1.6847,0.000624556,0.0651117,0,0.00319283,0,0.00104346,0.0651117,0.633709,1.15883e-06,6.01238,0.00890715
2073.0417,276.78,276.463,0,0.212662,0,0,0.00123737,0.00197823,-0.00123737,0,0,0,0,0,0,0,0,0,0.000755134,0,1.09876e-06,1.57408e-05,5.77183e-07,2.77592e-05,0,7.70719e-07,1.0748e-08,2.25776e-06,0,16.4139,52.4259,10.443,0.486395,32.3857,0,12.4705,0.00840337,0,3.13994,0.176865,3.4254,0.00127543,0.00983466,3.23095,0,0.0191293,0,0.00647697,3.23095,0.0119155,3.07055,1.68475,0.000569159,0.0651268,0,0.00318822,0,0.00104665,0.0651268,0.477916,1.09876e-06,5.97094,0.00840337
2073.1250,283.202,282.637,0,0.20267,0,0,0.00149531,0.00227509,-0.00149531,0,0,0,0,0,0,0,0,0,0.000753914,0,1.04824e-06,2.69443e-05,1.63455e-06,4.21438e-05,0,1.7386e-06,2.46856e-08,2.82286e-06,0,16.3486,52.3199,10.4261,0.439119,32.3886,0,12.4503,0.00792854,0,3.1436,0.176579,3.42479,0.00174364,0.00867654,3.23131,0,0.0191015,0,0.00648421,3.23131,0.0118962,3.07055,1.68483,0.000503977,0.0651299,0,0.00318358,0,0.00104787,0.0651299,0.918681,1.04824e-06,5.92248,0.00792854
2073.2083,290.787,289.725,1.15622,0.193081,0.72574,0.0039569,0.00282497,0.00250895,0.00113193,1.60182e-05,7.38221e-05,1.30317e-05,1.14131e-06,0.00151463,0.0141132,1.24709,0.369446,0.00529977,0.000753059,5.05279e-06,1.02577e-06,4.22279e-05,1.4795e-06,6.23418e-05,2.23321e-05,3.25023e-06,1.60706e-08,3.36852e-06,1.31993e-06,16.2876,52.2144,10.4135,0.399776,32.3834,0.0354344,12.517,0.00946231,0.0354344,3.14354,0.176412,3.42377,0.00216025,0.0077191,3.23099,0.00141737,0.0191939,0.000843675,0.00648373,3.23099,0.0118838,3.07055,1.68492,0.000450618,0.06511,9.44917e-05,0.00319898,3.54344e-05,0.00104785,0.06511,1.81104,6.07856e-06,5.87414,0.0448967
2073.2917,291.939,291.092,4.90819,0.187073,2.23752,0.0115802,0.00497313,0.00229651,0.0066071,6.55753e-05,0.000157127,5.43907e-05,3.62195e-06,0.00392065,0.0146282,2.69434,0.559603,0.0162921,0.000756745,1.61941e-05,1.07436e-06,3.52349e-05,1.01958e-06,6.82023e-05,6.84893e-05,3.24511e-06,1.23749e-08,3.20558e-06,4.12277e-06,16.3928,52.2746,10.4547,0.370377,32.3707,0.141481,12.7581,0.0147498,0.141481,3.14074,0.17768,3.42292,0.00174055,0.0070055,3.23002,0.00565924,0.0195295,0.0033686,0.00647819,3.23002,0.0119575,3.07055,1.68492,0.000411817,0.0650704,0.000377283,0.00325492,0.000141481,0.00104691,0.0650704,3.1211,1.72685e-05,5.93812,0.156231
2073.3750,297.155,295.983,5.07367,0.17113,3.08655,0.0139642,0.00622004,0.00248019,0.0077442,0.000101435,0.000165012,8.62233e-05,3.23204e-06,0.00509056,0.0106505,3.90169,0.444514,0.020003,0.000762834,2.08574e-05,1.1537e-06,3.01527e-05,4.46848e-07,8.09178e-05,8.38433e-05,2.92787e-06,8.08228e-09,3.46019e-06,5.0893e-06,16.5758,52.4103,10.5243,0.347391,32.3525,0.145679,12.7477,0.0141283,0.145679,3.13464,0.179694,3.42251,0.00135742,0.00644565,3.22855,0.00582718,0.0195177,0.00346856,0.00646606,3.22855,0.0120771,3.07055,1.68488,0.000381929,0.0650177,0.000388479,0.00325295,0.000145679,0.00104488,0.0650177,3.78261,2.20111e-05,6.05149,0.159808
2073.4583,300.887,299.291,5.06391,0.151179,3.40424,0.0130425,0.00679778,0.00235272,0.00624472,0.000117218,0.000162897,0.000100692,2.5589e-06,0.00638191,0.0127409,4.55654,0.337254,0.0184028,0.000769558,1.94001e-05,1.2596e-06,2.2926e-05,3.49069e-07,8.00295e-05,7.68098e-05,2.45764e-06,5.68064e-09,3.21496e-06,4.67331e-06,16.7666,52.5556,10.6015,0.32949,32.3322,0.145436,12.7264,0.0133035,0.145436,3.12731,0.181885,3.42238,0.00118882,0.00601089,3.22684,0.00581745,0.0194905,0.00346277,0.00645125,3.22684,0.0122085,3.07055,1.68483,0.000359,0.064962,0.00038783,0.00324841,0.000145436,0.00104244,0.064962,4.19578,2.06597e-05,6.16512,0.15874
2073.5417,298.79,298.082,5.05401,0.145986,2.9189,0.0117861,0.0063342,0.00223224,0.00545186,9.79172e-05,0.000149831,8.39659e-05,2.30003e-06,0.00546952,0.0120378,4.16444,0.334417,0.016501,0.000775595,1.73808e-05,1.34863e-06,2.18755e-05,2.29931e-07,7.95126e-05,6.89912e-05,2.69456e-06,3.59953e-09,2.9961e-06,4.18812e-06,16.9226,52.6684,10.6705,0.315081,32.3111,0.145189,12.7048,0.0125143,0.145189,3.11967,0.183853,3.42222,0.00125509,0.00566183,3.22501,0.00580757,0.0194625,0.00345689,0.00643572,3.22501,0.0123262,3.07055,1.68479,0.000340731,0.0649064,0.000387172,0.00324375,0.000145189,0.00103989,0.0649064,3.50955,1.87295e-05,6.25209,0.157704
2073.6250,294.653,294.561,5.04428,0.158061,1.7676,0.00897877,0.00531073,0.00193063,0.00366804,6.80912e-05,0.000133075,5.80736e-05,1.95676e-06,0.0045776,0.012277,3.21139,0.325592,0.0122041,0.000780256,1.27558e-05,1.38455e-06,2.53347e-05,2.31656e-07,6.98455e-05,5.10773e-05,2.73065e-06,2.59529e-09,2.53784e-06,3.07751e-06,17.038,52.751,10.7232,0.304656,32.2928,0.144947,12.6836,0.0117835,0.144947,3.11555,0.185391,3.42207,0.00144766,0.00541098,3.22339,0.00579788,0.0194347,0.00345112,0.00642733,3.22339,0.0124173,3.07055,1.68476,0.000327741,0.0648603,0.000386525,0.00323912,0.000144947,0.00103852,0.0648603,2.33902,1.41404e-05,6.31477,0.15673
2073.7083,289.483,289.955,4.10879,0.132096,1.27148,0.0059675,0.00400429,0.00265599,0.00196321,4.05572e-05,7.99129e-05,3.42315e-05,1.56936e-06,0.00382594,0.0081064,2.09183,0.288861,0.00739369,0.0101112,8.05887e-06,1.37097e-06,2.14531e-05,2.05073e-07,4.88498e-06,9.58013e-05,2.71706e-06,2.01624e-09,1.45054e-06,6.17594e-06,17.0551,52.8365,10.7322,0.382984,32.2845,0.119451,12.6625,0.0110955,0.119451,3.11389,0.185152,3.42296,0.00140512,0.00739323,3.22259,0.00477696,0.0194067,0.00284408,0.00642398,3.22259,0.0124072,3.07062,1.68474,0.000432779,0.0648428,0.000318424,0.00323445,0.000119451,0.00103796,0.0648428,1.51528,9.42984e-06,6.3229,0.130547
2073.7917,281.575,282.67,0,0.211302,0,0,0.00155991,0.00368249,-0.00155991,0,0,0,0,0,0,0,0,0,0.000767727,0,1.31187e-06,1.38819e-06,4.77665e-08,-5.33801e-06,0,7.13126e-08,1.58452e-09,2.09162e-06,0,16.7857,52.9696,10.6129,0.729305,32.338,0,12.6413,0.0104475,0,3.11656,0.179256,3.42875,0.000186486,0.0159366,3.22695,0,0.0193785,0,0.00642947,3.22695,0.0120816,3.07094,1.68477,0.000899979,0.0649958,0,0.00322975,0,0.00103885,0.0649958,0.666457,1.31187e-06,6.17279,0.0104475
2073.8750,273.167,274.301,0,0.339049,0,0,0.00111621,0.00212682,-0.00111621,0,0,0,0,0,0,0,0,0,0.000766445,0,1.24454e-06,3.82052e-06,6.65979e-08,1.23509e-05,0,1.81198e-07,2.61003e-09,1.84029e-06,0,16.719,52.8338,10.5952,0.619418,32.3728,0,12.6202,0.00983759,0,3.12263,0.178957,3.42876,0.000385508,0.0131128,3.22987,0,0.0193501,0,0.00644192,3.22987,0.0120614,3.07094,1.68484,0.000751015,0.0650919,0,0.00322502,0,0.00104088,0.0650919,0.83812,1.24454e-06,6.12372,0.00983759
2073.9583,272.992,273.321,0,0.404122,0,0,0.0010887,0.00201653,-0.0010887,0,0,0,0,0,0,0,0,0,0.000765145,0,1.17777e-06,8.14556e-06,2.22157e-07,1.72593e-05,0,4.02645e-07,6.23624e-09,2.02184e-06,0,16.6596,52.7454,10.5772,0.564458,32.3867,0,12.5988,0.00925403,0,3.13463,0.178653,3.42867,0.000724337,0.0117538,3.23107,0,0.019321,0,0.00646654,3.23107,0.012041,3.07094,1.68489,0.000677514,0.065128,0,0.00322017,0,0.00104488,0.065128,0.543838,1.17777e-06,6.08234,0.00925403
2074.0417,274.96,275.038,0,0.354317,0,0,0.00118444,0.00209269,-0.00118444,0,0,0,0,0,0,0,0,0,0.000763909,0,1.12082e-06,1.35252e-05,7.16921e-07,2.55852e-05,0,6.63782e-07,1.50232e-08,2.31533e-06,0,16.6016,52.6532,10.5602,0.511099,32.3973,0,12.5784,0.00873063,0,3.14313,0.178364,3.42843,0.00111455,0.0104307,3.23204,0,0.0192932,0,0.00648388,3.23204,0.0120215,3.07094,1.68495,0.00060386,0.0651538,0,0.00321554,0,0.00104771,0.0651538,0.780745,1.12082e-06,6.04147,0.00873063
2074.1250,280.246,279.622,0,0.238418,0,0,0.00138497,0.00220819,-0.00138497,0,0,0,0,0,0,0,0,0,0.000762675,0,1.08051e-06,2.15292e-05,1.44606e-06,3.51424e-05,0,1.21382e-06,2.42337e-08,2.65351e-06,0,16.5406,52.5566,10.5431,0.463947,32.4027,0,12.5581,0.0082373,0,3.14935,0.178076,3.42796,0.00153015,0.00927468,3.23258,0,0.0192653,0,0.00649643,3.23258,0.0120021,3.07094,1.68502,0.000538927,0.0651641,0,0.00321088,0,0.00104978,0.0651641,1.1326,1.08051e-06,5.99752,0.0082373
2074.2083,287.659,286.828,9.2159e-05,0.171182,6.25753e-05,5.95187e-07,0.00171394,0.00235282,-0.00171334,0,0,0,0,0,0,0,0,0,0.000761401,0,1.05322e-06,3.35161e-05,1.68455e-06,5.06291e-05,0,2.80807e-06,1.83121e-08,3.06852e-06,0,16.4677,52.4405,10.5255,0.419493,32.4019,3.06917e-06,12.5372,0.00775641,3.06917e-06,3.15142,0.177779,3.42715,0.00203084,0.00819378,3.23265,1.22767e-07,0.0192362,7.30754e-08,0.00650034,3.23265,0.0119821,3.07094,1.68511,0.000477868,0.0651558,8.18445e-09,0.00320604,3.06917e-09,0.00105047,0.0651558,1.24629,1.05322e-06,5.94219,0.00775948
2074.2917,291.764,290.767,3.51516,0.199154,1.45453,0.0103069,0.00443903,0.00245301,0.00586783,4.92467e-05,0.000149511,4.06093e-05,2.9595e-06,0.00329686,0.0212436,2.55761,0.636728,0.0140327,0.000762327,1.36624e-05,1.05531e-06,4.0846e-05,1.07653e-06,6.71594e-05,5.89671e-05,3.43225e-06,9.88762e-09,3.39751e-06,3.54016e-06,16.4777,52.4056,10.5341,0.385374,32.3927,0.103297,12.772,0.0130763,0.103297,3.14989,0.178212,3.42615,0.00207507,0.00736515,3.232,0.0041319,0.0195621,0.00245946,0.00649705,3.232,0.0120056,3.07094,1.68516,0.00043197,0.0651247,0.00027546,0.00326035,0.000103297,0.00104996,0.0651247,2.3488,1.47177e-05,5.94362,0.116374
2074.3750,296.884,295.481,5.29725,0.172706,3.2261,0.013955,0.00615269,0.00252123,0.00780231,9.14858e-05,0.000164858,7.74227e-05,3.30245e-06,0.00467555,0.0109084,3.7301,0.477683,0.0195389,0.000768195,2.01937e-05,1.1257e-06,3.20584e-05,4.94455e-07,7.86228e-05,8.1841e-05,3.16687e-06,7.85155e-09,3.53846e-06,4.96994e-06,16.674,52.5524,10.6014,0.358322,32.376,0.151218,12.8698,0.0149426,0.151218,3.14418,0.180264,3.42561,0.00145833,0.00670759,3.23069,0.00604871,0.0197001,0.00360042,0.00648573,3.23069,0.0121278,3.07094,1.68512,0.000396388,0.0650743,0.000403247,0.00328335,0.000151218,0.00104806,0.0650743,3.84241,2.13194e-05,6.07257,0.16616
2074.4583,298.683,297.439,5.287,0.152337,3.0931,0.0136489,0.00650343,0.00234204,0.00714548,0.000116763,0.000163017,0.000100045,2.83812e-06,0.00605238,0.0125364,4.21914,0.351223,0.0190446,0.000774436,1.999e-05,1.21842e-06,2.4104e-05,3.57136e-07,7.80655e-05,7.94079e-05,2.46088e-06,5.75042e-09,3.24443e-06,4.8436e-06,16.8668,52.7006,10.6732,0.338579,32.3571,0.150965,12.8483,0.0140702,0.150965,3.13816,0.182397,3.42544,0.00119894,0.00622816,3.22914,0.00603861,0.0196729,0.00359441,0.00647372,3.22914,0.0122556,3.07094,1.68508,0.000370924,0.0650207,0.000402574,0.00327881,0.000150965,0.00104605,0.0650207,3.70976,2.12084e-05,6.19362,0.165035
2074.5417,298.896,297.474,5.27661,0.0771085,3.31166,0.0111423,0.00612528,0.00154542,0.00501702,0.000114714,0.000149237,9.87789e-05,2.24956e-06,0.00687025,0.0133737,3.94228,0.259875,0.0152773,0.000780282,1.60814e-05,1.30723e-06,4.74954e-06,2.98122e-07,5.22433e-05,6.34087e-05,7.35612e-07,3.85693e-09,2.09304e-06,3.86978e-06,17.0359,52.8355,10.7402,0.324449,32.3397,0.150709,12.8265,0.0132356,0.150709,3.13542,0.18437,3.42555,0.00115878,0.00588858,3.22766,0.00602836,0.0196449,0.00358831,0.0064684,3.22766,0.0123742,3.07094,1.68502,0.000353198,0.0649736,0.00040189,0.00327414,0.000150709,0.00104514,0.0649736,3.57512,1.73886e-05,6.29568,0.163945
2074.6250,296.22,295.38,5.26641,0.0986743,1.43767,0.00583957,0.00469529,0.00109785,0.00114428,5.39275e-05,0.000116842,4.62874e-05,1.22612e-06,0.0055565,0.0212369,2.93225,0.218357,0.00730725,0.000783134,7.64916e-06,1.33024e-06,5.72149e-06,2.69355e-07,3.28998e-05,3.03034e-05,9.21198e-07,2.85114e-09,1.41301e-06,1.80952e-06,17.0856,52.8771,10.7717,0.31737,32.3315,0.150457,12.8051,0.0124626,0.150457,3.1426,0.185374,3.42579,0.00125582,0.00572171,3.22696,0.00601829,0.0196171,0.00358232,0.00648348,3.22696,0.0124329,3.07094,1.68499,0.000344736,0.0649521,0.000401219,0.00326951,0.000150457,0.00104753,0.0649521,1.80894,8.97939e-06,6.31384,0.16292
2074.7083,287.556,288.3,4.2878,0.133599,1.03878,0.00567919,0.00368838,0.00230759,0.00199081,5.13297e-05,7.82201e-05,4.24455e-05,1.66487e-06,0.00491046,0.00844788,1.86579,0.21623,0.00683401,0.0104678,7.63546e-06,1.30537e-06,1.31884e-05,1.82042e-07,1.5637e-06,9.6115e-05,1.69886e-06,2.13994e-09,1.31335e-06,6.22123e-06,17.0717,52.9512,10.7686,0.402451,32.3295,0.123992,12.7837,0.011735,0.123992,3.14752,0.184811,3.42704,0.00111965,0.00786026,3.22675,0.00495855,0.019589,0.0029522,0.00649376,3.22675,0.0124036,3.07101,1.68498,0.000457905,0.0649485,0.000330534,0.00326484,0.000123992,0.00104917,0.0649485,1.41018,8.94083e-06,6.30312,0.135727
2074.7917,284.586,285.123,0,0.169747,0,0,0.00179926,0.0036444,-0.00179926,0,0,0,0,0,0,0,0,0,0.000768954,0,1.24433e-06,1.46666e-08,3.7267e-08,-6.2482e-06,0,8.77402e-10,1.68167e-09,2.10066e-06,0,16.7908,53.0974,10.6437,0.77632,32.3792,0,12.7624,0.0110497,0,3.15106,0.178665,3.43316,0.000136957,0.0170437,3.23082,0,0.0195608,0,0.00650114,3.23082,0.0120643,3.07134,1.685,0.000958859,0.0650901,0,0.00326013,0,0.00105035,0.0650901,0.432323,1.24433e-06,6.14709,0.0110497
2074.8750,278.924,279.918,0,0.225999,0,0,0.00142954,0.00334055,-0.00142954,0,0,0,0,0,0,0,0,0,0.00076767,0,1.16853e-06,3.14654e-06,2.68111e-08,1.26084e-05,0,1.47844e-07,1.35042e-09,2.91275e-06,0,16.717,52.9403,10.6259,0.647483,32.4208,0,12.7411,0.0104046,0,3.15498,0.178367,3.43322,0.000292509,0.0137247,3.23433,0,0.0195323,0,0.00650919,3.23433,0.0120441,3.07134,1.68508,0.00078252,0.0652034,0,0.00325538,0,0.00105166,0.0652034,0.481291,1.16853e-06,6.09106,0.0104046
2074.9583,273.755,274.772,0,0.23991,0,0,0.00104636,0.00219674,-0.00104636,0,0,0,0,0,0,0,0,0,0.000766367,0,1.10238e-06,9.84505e-06,3.98869e-08,2.07727e-05,0,5.28255e-07,1.56347e-09,2.279e-06,0,16.6542,52.8229,10.6079,0.56578,32.4405,0,12.7194,0.00978739,0,3.16237,0.178064,3.4331,0.000713288,0.0117182,3.23608,0,0.0195031,0,0.00652435,3.23608,0.0120237,3.07134,1.68516,0.000672214,0.0652526,0,0.00325052,0,0.00105412,0.0652526,0.611874,1.10238e-06,6.04633,0.00978739
2075.0417,275.546,275.604,0,0.227521,0,0,0.00120066,0.00200447,-0.00120066,0,0,0,0,0,0,0,0,0,0.00076513,0,1.05309e-06,1.58035e-05,3.39457e-07,2.67928e-05,0,8.04594e-07,9.36254e-09,2.29206e-06,0,16.5966,52.7304,10.5908,0.514203,32.4491,0,12.6989,0.00923382,0,3.17047,0.177776,3.43281,0.00111915,0.0104599,3.23691,0,0.0194752,0,0.0065409,3.23691,0.0120043,3.07134,1.68523,0.000602725,0.0652716,0,0.00324587,0,0.00105682,0.0652716,0.758275,1.05309e-06,6.00582,0.00923382
2075.1250,281.98,281.508,0,0.194955,0,0,0.00141759,0.00223494,-0.00141759,0,0,0,0,0,0,0,0,0,0.000763894,0,1.01358e-06,2.47426e-05,1.06577e-06,3.7542e-05,0,1.68401e-06,2.15635e-08,2.76152e-06,0,16.5342,52.6322,10.5737,0.468895,32.4529,0,12.6784,0.00871207,0,3.17629,0.177489,3.43227,0.00151847,0.00935813,3.23735,0,0.0194471,0,0.00655269,3.23735,0.0119849,3.07134,1.6853,0.000541264,0.065276,0,0.00324119,0,0.00105876,0.065276,0.940507,1.01358e-06,5.96048,0.00871207
2075.2083,287.273,286.416,0.546761,0.1907,0.40602,0.00194009,0.00213212,0.00236468,-0.00019203,7.91253e-06,4.59546e-05,6.43781e-06,5.53725e-07,0.00111376,0.0150231,0.826897,0.232591,0.00248322,0.000762755,2.38142e-06,9.8948e-07,3.64445e-05,1.11855e-06,5.29615e-05,1.04945e-05,2.66031e-06,1.59377e-08,3.15284e-06,6.06166e-07,16.4676,52.523,10.5576,0.426885,32.4503,0.0171682,12.7006,0.00919678,0.0171682,3.17818,0.177231,3.43137,0.00194653,0.00834338,3.23729,0.000686727,0.019478,0.000408766,0.00655628,3.23729,0.011967,3.07134,1.68538,0.000484602,0.0652618,4.57818e-05,0.00324634,1.71682e-05,0.00105939,0.0652618,1.48789,3.3709e-06,5.91001,0.0263649
2075.2917,294.859,293.44,4.38948,0.155576,2.45096,0.0113875,0.00540248,0.00243942,0.00598498,7.14532e-05,0.000155262,5.99802e-05,3.13076e-06,0.00430008,0.0161335,3.15839,0.521169,0.0164455,0.000765873,1.68183e-05,1.02459e-06,3.49645e-05,9.77344e-07,6.71151e-05,6.93683e-05,3.62637e-06,1.07551e-08,3.41304e-06,4.15825e-06,16.5207,52.5291,10.5915,0.392932,32.4396,0.128109,12.9597,0.014933,0.128109,3.17584,0.178178,3.43053,0.00173586,0.00752253,3.23655,0.00512438,0.0198385,0.00305023,0.0065516,3.23655,0.0120208,3.07134,1.68541,0.000439614,0.0652254,0.000341625,0.00330641,0.000128109,0.00105861,0.0652254,3.09,1.78428e-05,5.92918,0.143042
2075.3750,299.511,297.816,4.79865,0.176954,3.2059,0.0132004,0.00656859,0.00270856,0.00663178,0.000106984,0.000164518,9.1328e-05,2.97193e-06,0.0057756,0.0113995,4.19967,0.400117,0.0193584,0.00077297,2.03848e-05,1.12042e-06,3.11869e-05,3.22531e-07,8.39279e-05,8.13545e-05,2.75084e-06,6.01644e-09,3.80937e-06,4.91359e-06,16.6931,52.6507,10.672,0.365756,32.4223,0.138782,12.9656,0.0146649,0.138782,3.16959,0.180274,3.43013,0.00125608,0.00686359,3.2352,0.00555127,0.0198493,0.00330433,0.00653918,3.2352,0.0121449,3.07134,1.68538,0.00040426,0.0651725,0.000370084,0.00330821,0.000138782,0.00105653,0.0651725,4.13346,2.15052e-05,6.02107,0.153447
2075.4583,300.494,298.743,4.78947,0.110115,3.72951,0.0130907,0.00656383,0.00219879,0.00652685,0.000127266,0.000161864,0.000109363,2.73378e-06,0.00700157,0.0147771,4.48058,0.329577,0.0192395,0.000780474,2.03932e-05,1.23229e-06,1.63865e-05,2.37032e-07,7.3436e-05,8.0573e-05,1.5153e-06,4.82249e-09,3.05624e-06,4.88662e-06,16.8724,52.779,10.7573,0.343941,32.4013,0.13855,12.9439,0.0138088,0.13855,3.16125,0.182519,3.42996,0.00109318,0.0063371,3.23349,0.005542,0.0198217,0.00329881,0.00652233,3.23349,0.0122787,3.07134,1.68533,0.000376505,0.0651128,0.000369466,0.00330361,0.00013855,0.00105375,0.0651128,4.00826,2.16255e-05,6.11513,0.152359
2075.5417,299.166,298.129,4.78017,0.133187,2.66883,0.0107301,0.00607095,0.00176845,0.00465914,0.000135422,0.000148848,0.000116991,2.2351e-06,0.00833527,0.0133157,4.07359,0.222924,0.0155264,0.000786537,1.65052e-05,1.31174e-06,9.25378e-06,2.63797e-07,5.61505e-05,6.45428e-05,1.40395e-06,3.96885e-09,2.36105e-06,3.92733e-06,17.0043,52.8848,10.8257,0.330946,32.3876,0.138315,12.922,0.0129896,0.138315,3.16188,0.184361,3.43025,0.000998609,0.00602493,3.23234,0.00553259,0.0197934,0.00329321,0.0065239,3.23234,0.0123886,3.07134,1.68527,0.00036043,0.0650751,0.000368839,0.00329889,0.000138315,0.00105396,0.0650751,3.31697,1.78169e-05,6.1786,0.151304
2075.6250,293.974,294.057,4.77103,0.186077,1.53264,0.00870583,0.0050761,0.00197606,0.00362973,8.35817e-05,0.000132945,7.15968e-05,2.0603e-06,0.0057533,0.012426,3.11523,0.277338,0.012345,0.00079142,1.30243e-05,1.34745e-06,2.19324e-05,1.53682e-07,6.8589e-05,5.16691e-05,1.81939e-06,2.73644e-09,2.64077e-06,3.10908e-06,17.1097,52.9617,10.8803,0.319797,32.3724,0.138084,12.9004,0.012231,0.138084,3.15974,0.185877,3.4303,0.0011158,0.00575223,3.23103,0.00552335,0.0197652,0.00328771,0.00651967,3.23103,0.0124786,3.07134,1.68524,0.0003461,0.0650347,0.000368224,0.0032942,0.000138084,0.00105325,0.0650347,2.33605,1.43718e-05,6.22946,0.150315
2075.7083,289.92,290.178,3.88839,0.175947,1.0707,0.00568279,0.00396145,0.00304097,0.00172134,4.18709e-05,7.84256e-05,3.47201e-05,1.59805e-06,0.00405226,0.00853913,2.04607,0.272154,0.00725134,0.00968092,8.02513e-06,1.33466e-06,2.66498e-05,1.08411e-07,1.28972e-05,9.24849e-05,2.39941e-06,2.28126e-09,1.92816e-06,5.94396e-06,17.1268,53.0365,10.8921,0.38958,32.3635,0.113795,12.8788,0.0115169,0.113795,3.15661,0.185714,3.43105,0.00110228,0.00751509,3.2302,0.00455056,0.0197368,0.00270941,0.00651327,3.2302,0.0124723,3.0714,1.68523,0.000439697,0.065014,0.00030333,0.00328947,0.000113795,0.0010522,0.065014,1.4475,9.35979e-06,6.23466,0.125312
2075.7917,284.182,285.135,0,0.221012,0,0,0.00165858,0.0041975,-0.00165858,0,0,0,0,0,0,0,0,0,0.000779812,0,1.27408e-06,1.1034e-06,1.04079e-07,2.31007e-06,0,5.11773e-08,5.54592e-09,2.76789e-06,0,16.8606,53.1297,10.778,0.694539,32.4194,0,12.8573,0.0108443,0,3.15511,0.180086,3.43649,0.000150026,0.0149659,3.23478,0,0.0197082,0,0.00651016,3.23478,0.0121611,3.07171,1.68528,0.000847855,0.0651732,0,0.00328471,0,0.0010517,0.0651732,0.571742,1.27408e-06,6.08257,0.0108443
2075.8750,274.957,276.338,0,0.267181,0,0,0.001153,0.00247916,-0.001153,0,0,0,0,0,0,0,0,0,0.000778509,0,1.20075e-06,6.85929e-06,4.07911e-07,1.8792e-05,0,3.72229e-07,1.91942e-08,2.36551e-06,0,16.7943,52.9876,10.76,0.582381,32.4515,0,12.8359,0.0102112,0,3.15947,0.179785,3.43647,0.00051863,0.0121317,3.23751,0,0.0196794,0,0.00651909,3.23751,0.0121408,3.07171,1.68536,0.000695794,0.0652591,0,0.0032799,0,0.00105316,0.0652591,0.586151,1.20075e-06,6.03426,0.0102112
2075.9583,273.803,274.197,0,0.359636,0,0,0.00113994,0.0016749,-0.00113994,0,0,0,0,0,0,0,0,0,0.000777188,0,1.13807e-06,9.22287e-06,4.28175e-07,1.86892e-05,0,4.60991e-07,1.24417e-08,1.78017e-06,0,16.733,52.8927,10.7418,0.527139,32.4628,0,12.8141,0.00960551,0,3.16963,0.17948,3.43628,0.00093167,0.0107847,3.23854,0,0.0196499,0,0.00653994,3.23854,0.0121202,3.07171,1.68542,0.000621899,0.0652872,0,0.00327499,0,0.00105654,0.0652872,0.748178,1.13807e-06,5.99127,0.00960551
2076.0417,276.746,276.497,0,0.240555,0,0,0.00118838,0.00194933,-0.00118838,0,0,0,0,0,0,0,0,0,0.000775933,0,1.08948e-06,1.69159e-05,4.47699e-07,2.85115e-05,0,9.24507e-07,8.97742e-09,2.26553e-06,0,16.6763,52.8146,10.7244,0.489302,32.4688,0,12.7934,0.00906223,0,3.18018,0.17919,3.43598,0.00126393,0.00985672,3.23911,0,0.0196217,0,0.00656153,3.23911,0.0121006,3.07171,1.68548,0.000570892,0.0653005,0,0.00327029,0,0.00106006,0.0653005,0.775752,1.08948e-06,5.95188,0.00906223
2076.1250,283.248,282.868,0,0.203973,0,0,0.00143956,0.00228249,-0.00143956,0,0,0,0,0,0,0,0,0,0.00077468,0,1.05093e-06,2.73882e-05,8.1147e-07,4.28684e-05,0,1.79981e-06,1.15581e-08,2.86491e-06,0,16.6116,52.7111,10.7071,0.444045,32.471,0,12.7727,0.00855017,0,3.1844,0.178901,3.43537,0.00173029,0.00875471,3.23941,0,0.0195934,0,0.00656996,3.23941,0.0120811,3.07171,1.68555,0.000508885,0.0653011,0,0.00326556,0,0.00106147,0.0653011,1.18334,1.05093e-06,5.90452,0.00855017
2076.2083,290.164,289.068,0.991423,0.19123,0.57782,0.00344534,0.00260897,0.00246144,0.000836368,1.39612e-05,6.52387e-05,1.13532e-05,9.97154e-07,0.00134292,0.0126115,1.1485,0.329603,0.00463632,0.0007737,4.4227e-06,1.03332e-06,4.16789e-05,1.09101e-06,6.08281e-05,1.95718e-05,3.31829e-06,1.10674e-08,3.32193e-06,1.15292e-06,16.5503,52.6065,10.6929,0.40566,32.4656,0.0304465,12.8236,0.00970031,0.0304465,3.18488,0.178704,3.43438,0.00219796,0.00782503,3.23909,0.00121786,0.0196639,0.000724917,0.00657062,3.23909,0.0120668,3.07171,1.68564,0.000457123,0.0652801,8.11907e-05,0.00327732,3.04465e-05,0.00106163,0.0652801,1.75598,5.45602e-06,5.8574,0.0401468
2076.2917,293.148,292.191,5.20092,0.182507,2.35956,0.0131054,0.00537929,0.00239633,0.00772608,7.61663e-05,0.000158289,6.35496e-05,3.78094e-06,0.00398512,0.011938,2.92567,0.557243,0.0188274,0.000777499,1.89322e-05,1.07491e-06,3.54942e-05,8.10504e-07,7.08645e-05,7.93071e-05,3.27648e-06,9.65891e-09,3.3557e-06,4.78296e-06,16.6623,52.6727,10.7351,0.375854,32.4526,0.148716,13.0826,0.0153951,0.148716,3.1819,0.180051,3.43357,0.00174137,0.0071037,3.23811,0.00594866,0.0200245,0.00354087,0.00656469,3.23811,0.0121452,3.07171,1.68564,0.000417877,0.0652392,0.000396577,0.00333741,0.000148716,0.00106063,0.0652392,3.05192,2.00071e-05,5.92718,0.164112
2076.3750,297.484,295.786,5.46778,0.118335,3.65142,0.0138654,0.00619854,0.00196092,0.00766687,0.00013625,0.000164978,0.000116751,3.31799e-06,0.00699715,0.0106724,3.83458,0.332193,0.0200112,0.000784176,2.1023e-05,1.15955e-06,1.33697e-05,4.57287e-07,6.14548e-05,8.3526e-05,1.5766e-06,6.85299e-09,2.72282e-06,5.08851e-06,16.8709,52.8382,10.8113,0.35372,32.4358,0.155401,13.0772,0.0148564,0.155401,3.17778,0.182302,3.43339,0.00119986,0.0065689,3.23676,0.00621603,0.0200197,0.00370002,0.0065567,3.23676,0.0122795,3.07171,1.68558,0.00038937,0.06519,0.000414402,0.00333662,0.000155401,0.00105926,0.06519,3.97123,2.21825e-05,6.05958,0.170257
2076.4583,302.168,299.428,5.45716,0.0728626,2.56899,0.00681473,0.0052632,0.00115494,0.00155153,8.11296e-05,0.000124366,7.01024e-05,1.32795e-06,0.0076613,0.0269226,3.49683,0.189121,0.00883026,0.00078867,9.34042e-06,1.23845e-06,1.48927e-06,3.37499e-07,3.27508e-05,3.6511e-05,3.15484e-07,4.57382e-09,1.53634e-06,2.19715e-06,16.9811,52.9337,10.8617,0.342472,32.4268,0.155141,13.0554,0.013989,0.155141,3.18332,0.183827,3.43374,0.00101609,0.00630314,3.23603,0.00620565,0.0199919,0.00369384,0.00656855,3.23603,0.0123703,3.07171,1.68553,0.000375603,0.0651639,0.00041371,0.00333199,0.000155141,0.00106111,0.0651639,2.88702,1.05789e-05,6.11941,0.16913
2076.5417,299.227,298.187,5.44639,0.116638,2.92056,0.0107532,0.00601346,0.00175962,0.00473975,0.000115215,0.000148024,9.92972e-05,2.1674e-06,0.00721071,0.0150591,4.06456,0.255734,0.015126,0.000792369,1.60101e-05,1.29848e-06,1.13945e-05,1.79709e-07,5.75669e-05,6.29626e-05,1.41826e-06,2.97039e-09,2.38484e-06,3.82589e-06,17.0547,52.9871,10.9027,0.331654,32.4154,0.154878,13.0332,0.0131592,0.154878,3.18525,0.185102,3.43383,0.00103875,0.00603296,3.23508,0.00619512,0.0199634,0.00368757,0.00657283,3.23508,0.0124454,3.07171,1.6855,0.00036126,0.0651324,0.000413008,0.00332723,0.000154878,0.00106175,0.0651324,3.4756,1.73086e-05,6.15203,0.168037
2076.6250,296.531,296.156,5.43581,0.132427,1.84582,0.00876859,0.00550427,0.00178572,0.00326432,8.02544e-05,0.000131776,6.88819e-05,1.82829e-06,0.0056524,0.0144431,3.40321,0.263225,0.0119644,0.000796344,1.2621e-05,1.33639e-06,1.71379e-05,1.4047e-07,6.10946e-05,4.99526e-05,1.99204e-06,2.19826e-09,2.39003e-06,3.01279e-06,17.1455,53.0543,10.947,0.322023,32.4016,0.154619,13.0115,0.0123907,0.154619,3.18519,0.186462,3.43387,0.0011466,0.00579702,3.23389,0.00618477,0.019935,0.00368141,0.00657288,3.23389,0.0125257,3.07171,1.68547,0.000348743,0.0650958,0.000412318,0.0033225,0.000154619,0.00106173,0.0650958,2.46677,1.39574e-05,6.19853,0.16701
2076.7083,288.31,289.011,4.42423,0.157586,1.06512,0.00584275,0.0038072,0.00266236,0.00203555,4.72908e-05,7.78601e-05,3.90603e-05,1.66334e-06,0.00445981,0.00787978,1.94022,0.242499,0.00724115,0.0107496,8.01091e-06,1.33169e-06,2.09494e-05,1.08553e-07,8.50478e-06,9.95025e-05,2.18031e-06,1.69641e-09,1.62096e-06,6.42465e-06,17.1568,53.1437,10.9524,0.406997,32.3947,0.127422,12.9897,0.0116673,0.127422,3.18514,0.186127,3.43497,0.00108416,0.00794046,3.23325,0.00509584,0.0199064,0.00303386,0.00657286,3.23325,0.0125103,3.07178,1.68545,0.000462472,0.0650801,0.000339682,0.00331774,0.000127422,0.00106171,0.0650801,1.59078,9.3426e-06,6.20437,0.13909
2076.7917,282.868,283.891,0,0.216517,0,0,0.00157855,0.00389871,-0.00157855,0,0,0,0,0,0,0,0,0,0.000782566,0,1.2768e-06,2.59895e-08,2.49748e-08,-4.61906e-06,0,1.27771e-09,1.34131e-09,2.28663e-06,0,16.8712,53.2882,10.8244,0.782206,32.4479,0,12.968,0.0109859,0,3.18691,0.179827,3.44125,0.000118293,0.0171418,3.23759,0,0.0198776,0,0.00657652,3.23759,0.0121623,3.07212,1.68548,0.000966428,0.0652318,0,0.00331293,0,0.0010623,0.0652318,0.679388,1.2768e-06,6.04681,0.0109859
2076.8750,274.11,275.106,0,0.285649,0,0,0.00111508,0.00272,-0.00111508,0,0,0,0,0,0,0,0,0,0.00078126,0,1.20663e-06,2.94639e-06,2.3197e-08,1.05055e-05,0,1.44253e-07,1.23833e-09,2.3673e-06,0,16.8073,53.1509,10.8063,0.664598,32.4859,0,12.9464,0.0103446,0,3.19306,0.179526,3.44131,0.000273687,0.0141281,3.2408,0,0.0198486,0,0.00658914,3.2408,0.012142,3.07212,1.68556,0.000807289,0.0653356,0,0.00330809,0,0.00106435,0.0653356,0.474843,1.20663e-06,6.00101,0.0103446
2076.9583,271.422,272.241,0,0.236558,0,0,0.000944392,0.00115886,-0.000944392,0,0,0,0,0,0,0,0,0,0.000779934,0,1.14186e-06,2.0176e-06,5.99776e-08,8.851e-06,0,1.09492e-07,1.99546e-09,1.10537e-06,0,16.7492,53.0601,10.788,0.603686,32.502,0,12.9244,0.00973092,0,3.20526,0.179222,3.44129,0.000605435,0.012643,3.24221,0,0.0198188,0,0.00661421,3.24221,0.0121214,3.07212,1.68561,0.000726569,0.0653768,0,0.00330314,0,0.00106842,0.0653768,0.67688,1.14186e-06,5.96118,0.00973092
2077.0417,273.068,273.15,0,0.431646,0,0,0.000998813,0.00177876,-0.000998813,0,0,0,0,0,0,0,0,0,0.000778674,0,1.09019e-06,7.98559e-06,1.13394e-07,1.67369e-05,0,4.08964e-07,2.51709e-09,1.89059e-06,0,16.695,52.9893,10.7706,0.563852,32.512,0,12.9035,0.00918055,0,3.21839,0.178932,3.44122,0.000883745,0.0116543,3.24311,0,0.0197904,0,0.00664114,3.24311,0.0121018,3.07212,1.68565,0.000672281,0.0654016,0,0.0032984,0,0.0010728,0.0654016,0.936329,1.09019e-06,5.92446,0.00918055
2077.1250,280.217,279.403,0,0.393684,0,0,0.00134797,0.00237098,-0.00134797,0,0,0,0,0,0,0,0,0,0.000777416,0,1.05758e-06,1.72452e-05,2.05477e-07,3.06981e-05,0,9.26944e-07,3.54549e-09,2.76016e-06,0,16.6377,52.9037,10.7532,0.518162,32.5199,0,12.8827,0.0086618,0,3.22801,0.178643,3.44095,0.0012556,0.0105311,3.24386,0,0.0197618,0,0.00666075,3.24386,0.0120823,3.07212,1.68571,0.000609899,0.0654189,0,0.00329363,0,0.001076,0.0654189,1.13426,1.05758e-06,5.88449,0.0086618
2077.2083,285.934,285.21,0,0.181402,0,0,0.00149299,0.00251634,-0.00149299,0,0,0,0,0,0,0,0,0,0.000776118,0,1.02878e-06,2.9372e-05,9.81853e-07,4.53316e-05,0,2.17905e-06,1.24321e-08,3.19791e-06,0,16.5692,52.7844,10.7352,0.461242,32.5237,0,12.8612,0.00815594,0,3.23029,0.178345,3.4403,0.00178965,0.00914481,3.24435,0,0.0197321,0,0.0066651,3.24435,0.0120621,3.07212,1.68581,0.000531326,0.0654214,0,0.00328868,0,0.00107677,0.0654214,1.05723,1.02878e-06,5.834,0.00815594
2077.2917,292.974,291.582,2.03806,0.156059,1.43171,0.00714414,0.00351674,0.00257043,0.0036274,3.65978e-05,0.000110031,3.0387e-05,1.94461e-06,0.00259426,0.0143361,2.14636,0.44669,0.0100542,0.000776034,1.00569e-05,1.01311e-06,3.86378e-05,1.24816e-06,6.21306e-05,4.24424e-05,3.72006e-06,1.11277e-08,3.51941e-06,2.52826e-06,16.5379,52.7029,10.7315,0.417989,32.518,0.0610981,12.985,0.0109801,0.0610981,3.22905,0.178429,3.43932,0.00208066,0.00809885,3.24405,0.00244392,0.0199037,0.00145472,0.00666221,3.24405,0.0120645,3.07212,1.68589,0.000472782,0.0653975,0.000162928,0.00331728,6.10981e-05,0.00107635,0.0653975,2.166,1.107e-05,5.80631,0.0720782
2077.3750,297.676,295.943,5.15073,0.149163,3.18224,0.0135955,0.00612304,0.00247472,0.0074725,0.000105678,0.000163995,8.98529e-05,3.35132e-06,0.00556282,0.0122239,3.78041,0.416692,0.0196983,0.000781667,2.0509e-05,1.08564e-06,2.41148e-05,5.97306e-07,7.06077e-05,8.27155e-05,2.94107e-06,6.76302e-09,3.48925e-06,5.00324e-06,16.7025,52.8182,10.7951,0.386123,32.5046,0.147592,13.1692,0.0149111,0.147592,3.22494,0.180308,3.43884,0.00147062,0.00732757,3.24308,0.00590367,0.0201608,0.00351409,0.00665402,3.24308,0.0121753,3.07212,1.68586,0.00043059,0.0653537,0.000393578,0.00336014,0.000147592,0.00107498,0.0653537,3.8525,2.15946e-05,5.90746,0.162503
2077.4583,302.394,300.25,5.17031,0.113367,3.68455,0.0120129,0.00650146,0.0019382,0.00551145,0.000122317,0.000161479,0.000105324,2.39604e-06,0.00740516,0.0156413,4.56022,0.298968,0.0171183,0.000787944,1.81084e-05,1.20673e-06,8.41729e-06,3.65099e-07,5.67412e-05,7.14324e-05,1.3375e-06,4.33963e-09,2.68202e-06,4.33078e-06,16.8689,52.9444,10.8662,0.364351,32.4896,0.148081,13.1489,0.0140788,0.148081,3.22155,0.182375,3.43896,0.00122031,0.0068011,3.24192,0.00592323,0.0201353,0.00352573,0.00664741,3.24192,0.0122985,3.07212,1.68581,0.000402248,0.0653079,0.000394882,0.00335588,0.000148081,0.00107385,0.0653079,4.21969,1.93152e-05,6.00268,0.16216
2077.5417,299.118,298.169,5.16017,0.147321,2.88041,0.0116426,0.00612781,0.00222675,0.00551474,0.000118594,0.00014981,0.000102065,2.38634e-06,0.00671818,0.011864,4.08949,0.278473,0.0167014,0.000793654,1.76943e-05,1.29476e-06,1.91336e-05,1.58449e-07,7.20671e-05,6.97245e-05,2.16824e-06,2.90626e-09,3.0662e-06,4.23351e-06,17.0126,53.0528,10.9306,0.348198,32.4743,0.147829,13.1266,0.0132436,0.147829,3.21779,0.184261,3.43903,0.00104422,0.00640676,3.24068,0.00591318,0.0201065,0.00351975,0.00663993,3.24068,0.0124109,3.07212,1.68577,0.000380947,0.0652634,0.000394212,0.00335108,0.000147829,0.0010726,0.0652634,3.57455,1.89891e-05,6.08195,0.161073
2077.6250,295.319,295.09,5.15022,0.0981697,2.12682,0.00818074,0.00492002,0.00130983,0.00326072,8.64287e-05,0.00013234,7.43248e-05,1.80997e-06,0.00652237,0.0150467,3.28007,0.23153,0.0113278,0.000798035,1.19646e-05,1.34769e-06,4.25594e-06,1.85728e-07,4.07021e-05,4.71809e-05,7.83915e-07,2.2923e-09,1.73884e-06,2.84252e-06,17.1168,53.1325,10.9795,0.336784,32.4607,0.147583,13.1047,0.0124702,0.147583,3.21826,0.185733,3.43922,0.00116996,0.00613412,3.23954,0.0059033,0.0200779,0.00351387,0.00664108,3.23954,0.0124978,3.07212,1.68573,0.000366565,0.0652263,0.000393554,0.00334632,0.000147583,0.00107275,0.0652263,2.44777,1.33123e-05,6.13729,0.160053
2077.7083,287.08,287.764,4.19419,0.14567,0.798978,0.00538096,0.00344968,0.00226325,0.00193128,5.29928e-05,7.77106e-05,4.32423e-05,1.74303e-06,0.00517836,0.00865924,1.76464,0.196166,0.00674065,0.0102982,7.5527e-06,1.3274e-06,1.56875e-05,1.22063e-07,4.13333e-06,9.44148e-05,1.94731e-06,1.81886e-09,1.39121e-06,6.09808e-06,17.122,53.2224,10.9824,0.4197,32.4581,0.121623,13.0828,0.0117421,0.121623,3.22258,0.185351,3.44048,0.00096493,0.00821615,3.2393,0.00486367,0.0200491,0.00289579,0.00665011,3.2393,0.0124792,3.07219,1.68571,0.000477103,0.0652201,0.000324206,0.00334152,0.000121623,0.00107419,0.0652201,1.24113,8.8801e-06,6.13966,0.133365
2077.7917,283.063,283.864,0,0.174916,0,0,0.00154003,0.0034898,-0.00154003,0,0,0,0,0,0,0,0,0,0.000784683,0,1.25663e-06,9.36817e-09,2.7323e-08,-5.04966e-06,0,5.24532e-10,1.47411e-09,2.04985e-06,0,16.849,53.3701,10.8596,0.79067,32.5041,0,13.061,0.0110564,0,3.2263,0.179328,3.44646,0.000117145,0.0172978,3.24306,0,0.0200201,0,0.00665779,3.24306,0.0121463,3.07252,1.68574,0.000974013,0.0653508,0,0.00333668,0,0.00107543,0.0653508,0.342822,1.25663e-06,5.98946,0.0110564
2077.8750,278.876,279.857,0,0.217716,0,0,0.00132756,0.0034233,-0.00132756,0,0,0,0,0,0,0,0,0,0.000783373,0,1.17751e-06,3.11624e-06,2.10637e-08,1.22591e-05,0,1.51316e-07,1.19555e-09,2.98223e-06,0,16.7805,53.2188,10.8415,0.662753,32.5452,0,13.0391,0.0104109,0,3.2304,0.179028,3.44652,0.000276243,0.014007,3.24655,0,0.0199908,0,0.00666618,3.24655,0.012126,3.07252,1.68582,0.000799041,0.0654626,0,0.0033318,0,0.0010768,0.0654626,0.444005,1.17751e-06,5.93905,0.0104109
2077.9583,276.817,277.593,0,0.256191,0,0,0.00117876,0.00262937,-0.00117876,0,0,0,0,0,0,0,0,0,0.000782044,0,1.10994e-06,1.0711e-05,1.10598e-07,2.53987e-05,0,4.94141e-07,4.99877e-09,2.7736e-06,0,16.7168,53.0904,10.8231,0.571362,32.5665,0,13.017,0.00979332,0,3.23582,0.178724,3.4464,0.0007648,0.0117683,3.24847,0,0.0199609,0,0.00667722,3.24847,0.0121054,3.07252,1.68591,0.000675255,0.0655148,0,0.00332682,0,0.00107861,0.0655148,0.702428,1.10994e-06,5.89375,0.00979332
2078.0417,277.361,277.363,0,0.279685,0,0,0.00118414,0.00217257,-0.00118414,0,0,0,0,0,0,0,0,0,0.000780781,0,1.06622e-06,1.84454e-05,5.87109e-07,2.98918e-05,0,9.81509e-07,2.06858e-08,2.5421e-06,0,16.6589,52.9928,10.8056,0.516449,32.5747,0,12.996,0.00923942,0,3.24269,0.178436,3.44604,0.00119325,0.0104395,3.24928,0,0.0199322,0,0.00669121,3.24928,0.0120859,3.07252,1.68598,0.000601502,0.0655317,0,0.00332204,0,0.0010809,0.0655317,0.876904,1.06622e-06,5.85333,0.00923942
2078.1250,283.358,282.988,0.00120733,0.202088,0.00109566,8.6929e-06,0.00142157,0.00234936,-0.00141288,0,0,0,0,0,0,0,0,0,0.000779519,0,1.02705e-06,2.91193e-05,8.32055e-07,4.27019e-05,0,1.90067e-06,1.96388e-08,2.97492e-06,0,16.5966,52.8899,10.7881,0.469343,32.5771,4.0114e-05,12.9751,0.00871952,4.0114e-05,3.24681,0.178147,3.44539,0.00161106,0.00930374,3.24963,1.60456e-06,0.0199036,9.55094e-07,0.00669943,3.24963,0.0120664,3.07252,1.68606,0.000537838,0.0655312,1.06971e-07,0.00331726,4.0114e-08,0.00108227,0.0655312,0.960419,1.02705e-06,5.80852,0.00875963
2078.2083,287.1,286.55,3.30169,0.197639,1.4002,0.00864321,0.00365057,0.00232948,0.00499264,4.74415e-05,0.000137063,3.85415e-05,3.52559e-06,0.00344064,0.0188131,1.68445,0.568802,0.0125071,0.00078015,1.17653e-05,1.01718e-06,3.35328e-05,7.43383e-07,5.57882e-05,5.28647e-05,2.50325e-06,1.36973e-08,3.16697e-06,3.1405e-06,16.5939,52.8431,10.7927,0.429245,32.5721,0.098305,13.1837,0.0134088,0.098305,3.24774,0.178448,3.44456,0.00169027,0.00834097,3.24938,0.0039322,0.0201932,0.00234059,0.00670123,3.24938,0.0120814,3.07252,1.68612,0.000484437,0.0655101,0.000262147,0.00336553,9.8305e-05,0.00108258,0.0655101,2.22809,1.27825e-05,5.80124,0.111714
2078.2917,292.325,291.383,4.98889,0.189491,2.31693,0.0132271,0.00534474,0.00242927,0.00788241,0.000123298,0.000159579,0.000104404,4.41505e-06,0.00632194,0.0118472,2.75919,0.356302,0.0199142,0.000785976,2.07423e-05,1.07401e-06,2.44973e-05,4.25586e-07,6.82049e-05,8.35375e-05,2.31266e-06,1.09394e-08,3.40166e-06,5.05877e-06,16.7654,52.97,10.858,0.398284,32.5604,0.143563,13.2681,0.0149757,0.143563,3.24588,0.180355,3.44424,0.00106178,0.00759533,3.24853,0.00574253,0.0203126,0.00341817,0.00669781,3.24853,0.0121938,3.07252,1.68608,0.000443953,0.0654711,0.000382835,0.00338544,0.000143563,0.00108196,0.0654711,3.21918,2.18164e-05,5.90742,0.158539
2078.3750,297.945,296.136,4.97931,0.128359,3.55654,0.0139797,0.00629091,0.00230435,0.00768877,0.000208405,0.000165171,0.000180011,3.50499e-06,0.0104044,0.0101851,3.89247,0.218405,0.0210776,0.000793248,2.24215e-05,1.1637e-06,1.3606e-05,1.76843e-07,7.03748e-05,8.72882e-05,1.6467e-06,6.53133e-09,3.21336e-06,5.35995e-06,16.9772,53.1371,10.9403,0.373854,32.5444,0.143323,13.2459,0.0141011,0.143323,3.24171,0.182696,3.44438,0.000700577,0.00700574,3.24729,0.00573294,0.0202844,0.00341246,0.00668958,3.24729,0.0123345,3.07252,1.68602,0.00041249,0.0654226,0.000382196,0.00338073,0.000143323,0.00108057,0.0654226,3.99719,2.35852e-05,6.03691,0.157425
2078.4583,300.621,299.199,4.96975,0.145697,3.22381,0.0132521,0.00673322,0.00212222,0.00651893,0.000259591,0.000162589,0.000225649,2.8133e-06,0.0137746,0.0131009,4.50499,0.157697,0.0197692,0.000800465,2.11134e-05,1.27278e-06,7.8619e-06,1.30157e-07,6.53502e-05,8.09304e-05,1.06661e-06,4.32393e-09,2.87254e-06,5.02148e-06,17.1689,53.2911,11.0219,0.355834,32.5286,0.143084,13.2238,0.0132778,0.143084,3.23785,0.184995,3.44483,0.000576397,0.00657056,3.24601,0.00572336,0.0202558,0.00340676,0.00668187,3.24601,0.0124749,3.07252,1.68595,0.000389377,0.0653766,0.000381558,0.00337597,0.000143084,0.00107928,0.0653766,4.02746,2.23862e-05,6.147,0.156362
2078.5417,299.569,298.62,4.96005,0.116423,3.14229,0.0114339,0.00624735,0.00191702,0.00518657,0.000174829,0.000149686,0.000151536,2.35268e-06,0.01012,0.0117661,4.18674,0.18429,0.0167873,0.000806843,1.79138e-05,1.35985e-06,8.56536e-06,9.43398e-08,6.27874e-05,6.94133e-05,1.04833e-06,2.96294e-09,2.56275e-06,4.25391e-06,17.3264,53.4122,11.0936,0.341159,32.5115,0.142841,13.2014,0.0124902,0.142841,3.23309,0.187053,3.44521,0.000688688,0.00621635,3.24458,0.00571365,0.0202265,0.00340098,0.00667221,3.24458,0.0126,3.07252,1.68589,0.000370552,0.0653296,0.00038091,0.00337109,0.000142841,0.0010777,0.0653296,3.5785,1.92736e-05,6.2328,0.155331
2078.6250,294.599,294.445,4.95053,0.147986,1.82971,0.00877292,0.00509749,0.00168222,0.00367543,0.000120115,0.000133816,0.000103688,2.09187e-06,0.00827778,0.0132226,3.20187,0.188577,0.0126075,0.000811439,1.34074e-05,1.39667e-06,1.16481e-05,9.18039e-08,5.54743e-05,5.22868e-05,1.10881e-06,2.23937e-09,2.19576e-06,3.17455e-06,17.4329,53.4962,11.1446,0.331396,32.4984,0.142603,13.1793,0.0117608,0.142603,3.23346,0.188578,3.44548,0.000795295,0.00598134,3.24345,0.00570411,0.0201975,0.0033953,0.00667304,3.24345,0.0126912,3.07252,1.68584,0.000358188,0.0652952,0.000380274,0.00336625,0.000142603,0.00107782,0.0652952,2.53767,1.48041e-05,6.28829,0.154363
2078.7083,287.888,288.492,4.0332,0.195408,0.875506,0.0054989,0.00363883,0.00291565,0.00186007,4.50823e-05,7.84518e-05,3.7574e-05,1.72727e-06,0.00435283,0.00896345,1.81622,0.239695,0.00718282,0.00999149,7.88889e-06,1.3857e-06,1.98956e-05,3.98741e-08,1.6324e-05,9.37621e-05,1.65755e-06,1.59166e-09,1.93544e-06,6.03348e-06,17.4486,53.5777,11.1524,0.405948,32.4912,0.117519,13.1573,0.0110741,0.117519,3.23189,0.188364,3.44652,0.000845346,0.00786194,3.24277,0.00469957,0.0201682,0.00279808,0.00666977,3.24277,0.0126825,3.07258,1.68583,0.000458416,0.0652785,0.000313282,0.00336137,0.000117519,0.0010773,0.0652785,1.43028,9.27459e-06,6.29621,0.128593
2078.7917,281.639,282.827,0,0.217493,0,0,0.00156085,0.00383826,-0.00156085,0,0,0,0,0,0,0,0,0,0.000798923,0,1.32401e-06,5.89714e-07,2.14801e-08,-1.21572e-06,0,2.72344e-08,1.52717e-09,2.36563e-06,0,17.1775,53.6901,11.0327,0.737855,32.543,0,13.1354,0.0104274,0,3.23169,0.182535,3.45229,0.000101427,0.0159746,3.24701,0,0.0201387,0,0.00666927,3.24701,0.01236,3.0729,1.68588,0.000904717,0.0654267,0,0.00335645,0,0.00107723,0.0654267,0.702198,1.32401e-06,6.14475,0.0104274
2078.8750,274.406,275.177,0,0.236272,0,0,0.00114786,0.00247991,-0.00114786,0,0,0,0,0,0,0,0,0,0.000797588,0,1.25357e-06,4.02483e-06,4.7851e-08,1.31671e-05,0,2.01547e-07,2.90429e-09,2.23914e-06,0,17.1145,53.5662,11.0143,0.637916,32.5744,0,13.1134,0.00981864,0,3.23943,0.18223,3.45233,0.000325035,0.0134322,3.24966,0,0.020109,0,0.0066851,3.24966,0.0123394,3.0729,1.68594,0.00077015,0.0655121,0,0.00335151,0,0.00107981,0.0655121,0.547043,1.25357e-06,6.10015,0.00981864
2078.9583,276.47,276.998,0,0.255683,0,0,0.00121406,0.00243053,-0.00121406,0,0,0,0,0,0,0,0,0,0.000796235,0,1.17586e-06,1.15756e-05,2.35286e-07,2.47328e-05,0,5.68778e-07,1.02551e-08,2.55192e-06,0,17.0497,53.4485,10.9956,0.559756,32.5924,0,13.0912,0.0092362,0,3.24666,0.181921,3.45217,0.000793371,0.0114994,3.25126,0,0.0200787,0,0.00669979,3.25126,0.0123185,3.0729,1.68602,0.000662968,0.0655572,0,0.00334645,0,0.00108222,0.0655572,0.509928,1.17586e-06,6.05411,0.0092362
2079.0417,277.187,277.173,0,0.259295,0,0,0.00121333,0.00217444,-0.00121333,0,0,0,0,0,0,0,0,0,0.000794949,0,1.11616e-06,1.81425e-05,6.81502e-07,3.04951e-05,0,9.35004e-07,2.1723e-08,2.51329e-06,0,16.9904,53.3521,10.9779,0.507339,32.6003,0,13.07,0.00871381,0,3.25398,0.181627,3.45181,0.00121744,0.0102228,3.25203,0,0.0200496,0,0.00671463,3.25203,0.0122986,3.0729,1.68609,0.000591872,0.0655744,0,0.00334161,0,0.00108466,0.0655744,0.799335,1.11616e-06,6.01258,0.00871381
2079.1250,276.31,276.346,0,0.214411,0,0,0.00105006,0.001729,-0.00105006,0,0,0,0,0,0,0,0,0,0.000793665,0,1.08209e-06,1.92554e-05,1.19245e-06,3.08084e-05,0,1.3515e-06,2.15998e-08,2.13454e-06,0,16.9318,53.2629,10.9601,0.46702,32.603,0,13.0489,0.00822143,0,3.261,0.181334,3.45129,0.00162583,0.00924954,3.25235,0,0.0200204,0,0.00672877,3.25235,0.0122787,3.0729,1.68616,0.000537449,0.065577,0,0.00333674,0,0.001087,0.065577,1.25255,1.08209e-06,5.97169,0.00822143
2079.2083,288.843,287.555,0.251683,0.211041,0.138254,0.00125479,0.00193849,0.00256643,-0.000683699,4.39168e-06,2.8325e-05,3.55748e-06,3.16941e-07,0.000564096,0.00708606,0.519969,0.14881,0.00152626,0.00079237,1.45666e-06,1.05686e-06,4.0438e-05,9.34455e-07,5.72361e-05,6.3892e-06,2.64233e-06,1.19315e-08,3.39031e-06,3.7433e-07,16.8675,53.1632,10.9422,0.430266,32.6006,0.00800686,13.0452,0.00815594,0.00800686,3.26479,0.181044,3.45044,0.00202876,0.00835917,3.25227,0.000320274,0.0200151,0.00019064,0.00673618,3.25227,0.012259,3.0729,1.68624,0.000487539,0.0655647,2.13516e-05,0.00333585,8.00686e-06,0.00108826,0.0655647,1.40239,2.51352e-06,5.92534,0.0161628
2079.2917,292.01,290.946,5.00529,0.162588,2.51528,0.0130121,0.00470745,0.00231981,0.00830469,7.0027e-05,0.000158545,5.81453e-05,3.79841e-06,0.00365077,0.0120272,2.66858,0.598118,0.017801,0.000794023,1.74793e-05,1.0797e-06,3.41203e-05,1.00763e-06,6.42525e-05,7.44189e-05,3.30529e-06,1.33605e-08,3.21299e-06,4.51954e-06,16.9516,53.1988,10.9595,0.39589,32.5896,0.143111,13.3279,0.0145168,0.143111,3.26177,0.181994,3.44951,0.00177696,0.00753093,3.25148,0.00572446,0.0204077,0.00340742,0.00672992,3.25148,0.012314,3.0729,1.68626,0.000441851,0.0655279,0.000381631,0.00340129,0.000143111,0.00108726,0.0655279,2.99026,1.8559e-05,5.99203,0.157628
2079.3750,296.561,295.063,5.98485,0.169023,2.88373,0.0143693,0.00604974,0.00239881,0.00831957,0.000126801,0.000164892,0.000108337,3.44832e-06,0.00622337,0.0106874,3.61875,0.338071,0.0196669,0.000798766,2.0452e-05,1.15844e-06,2.32474e-05,5.04043e-07,7.30083e-05,8.15818e-05,2.33797e-06,7.44777e-09,3.33455e-06,5.00398e-06,17.1806,53.3881,11.0139,0.372647,32.5753,0.167875,13.362,0.0149094,0.167875,3.25955,0.184139,3.44938,0.00117101,0.0069699,3.25037,0.00671501,0.0204576,0.00399703,0.00672579,3.25037,0.0124431,3.0729,1.68621,0.00041168,0.0654846,0.000447667,0.0034096,0.000167875,0.00108652,0.0654846,3.79617,2.16105e-05,6.16669,0.182785
2079.4583,299.548,297.926,5.97309,0.138112,3.59116,0.013919,0.00658944,0.00230545,0.0073296,0.000137804,0.000162973,0.000118606,2.77092e-06,0.00706183,0.0121218,4.28207,0.291091,0.0188784,0.000803867,1.98043e-05,1.27243e-06,1.9722e-05,2.07353e-07,7.47554e-05,7.81148e-05,1.93646e-06,4.57648e-09,3.16052e-06,4.80079e-06,17.3927,53.5551,11.0726,0.352377,32.5566,0.167595,13.3397,0.0140389,0.167595,3.25346,0.186302,3.44933,0.000986462,0.00647989,3.24885,0.0067038,0.0204291,0.00399036,0.00671356,3.24885,0.012574,3.0729,1.68616,0.000385731,0.0654312,0.00044692,0.00340484,0.000167595,0.00108449,0.0654312,4.26503,2.10767e-05,6.32011,0.181634
2079.5417,299.163,298.263,5.96116,0.16184,3.45755,0.0126302,0.00653837,0.00258857,0.00609185,9.13212e-05,0.00015033,7.81337e-05,2.34465e-06,0.00477735,0.0107112,4.16605,0.36862,0.0169462,0.000808689,1.77376e-05,1.36973e-06,2.87068e-05,1.20266e-07,8.94043e-05,7.05776e-05,2.64448e-06,3.57276e-09,3.49688e-06,4.30717e-06,17.5705,53.6831,11.1278,0.334402,32.5342,0.16731,13.3171,0.0132062,0.16731,3.24404,0.188276,3.4491,0.00112724,0.00604521,3.24695,0.00669242,0.0203998,0.00398358,0.00669434,3.24695,0.0126929,3.0729,1.68612,0.000362967,0.0653704,0.000446161,0.00339996,0.00016731,0.00108135,0.0653704,3.96405,1.91073e-05,6.44264,0.180517
2079.6250,293.949,294.086,5.94945,0.149353,2.09673,0.00997723,0.00539166,0.00195901,0.00458557,7.82864e-05,0.000134236,6.68835e-05,2.13015e-06,0.00476564,0.0122154,3.16992,0.302179,0.0130911,0.00081265,1.36235e-05,1.42571e-06,2.2179e-05,2.81211e-07,6.8307e-05,5.44158e-05,2.56973e-06,3.63623e-09,2.58256e-06,3.31209e-06,17.7076,53.7835,11.1728,0.321629,32.5151,0.167031,13.2949,0.0124349,0.167031,3.23914,0.189879,3.44893,0.00134021,0.00574002,3.24529,0.00668124,0.0203707,0.00397693,0.00668437,3.24529,0.0127887,3.0729,1.68609,0.000347223,0.0653206,0.000445416,0.00339512,0.000167031,0.00107971,0.0653206,2.70945,1.50492e-05,6.5348,0.179466
2079.7083,287.728,288.368,4.83738,0.182336,0.955698,0.00596673,0.00388093,0.00289855,0.0020858,3.98448e-05,7.72107e-05,3.35067e-05,1.68955e-06,0.00383773,0.00754463,1.80335,0.278699,0.00690993,0.0115642,7.56697e-06,1.41345e-06,2.83154e-05,1.93529e-07,9.44363e-06,0.000103568,2.59236e-06,2.74073e-09,1.71752e-06,6.71696e-06,17.7296,53.8869,11.1715,0.412593,32.5074,0.137651,13.2727,0.0117089,0.137651,3.23725,0.189445,3.44994,0.00121965,0.00804044,3.24455,0.00550497,0.0203414,0.0032774,0.00668052,3.24455,0.0127684,3.07297,1.68608,0.000469554,0.0653037,0.00036696,0.00339023,0.000137651,0.00107908,0.0653037,1.50835,8.98042e-06,6.55813,0.14936
2079.7917,284.762,285.338,0,0.201426,0,0,0.00188108,0.0042122,-0.00188108,0,0,0,0,0,0,0,0,0,0.000796866,0,1.34732e-06,6.83688e-07,5.49122e-08,-3.6593e-06,0,3.09117e-08,2.88264e-09,2.48374e-06,0,17.4207,54.0413,11.031,0.81976,32.5633,0,13.2505,0.0110251,0,3.23756,0.182614,3.45656,0.000118321,0.0180413,3.2491,0,0.0203119,0,0.00668114,3.2491,0.0123912,3.07334,1.68612,0.00101726,0.0654641,0,0.00338531,0,0.00107919,0.0654641,0.41976,1.34732e-06,6.38966,0.0110251
2079.8750,276.783,278.133,0,0.223091,0,0,0.00135177,0.00322528,-0.00135177,0,0,0,0,0,0,0,0,0,0.000795536,0,1.26192e-06,3.22672e-06,1.14016e-07,1.17401e-05,0,1.54365e-07,5.76795e-09,2.78435e-06,0,17.3455,53.8762,11.0126,0.682085,32.6074,0,13.2284,0.0103815,0,3.24121,0.182309,3.45661,0.000292536,0.0144972,3.25282,0,0.0202821,0,0.00668855,3.25282,0.0123706,3.07334,1.6862,0.000829558,0.0655845,0,0.00338035,0,0.0010804,0.0655845,0.486208,1.26192e-06,6.3329,0.0103815
2079.9583,273.245,273.944,0,0.251664,0,0,0.00110301,0.00205363,-0.00110301,0,0,0,0,0,0,0,0,0,0.000794185,0,1.18994e-06,8.45991e-06,2.56392e-07,1.73057e-05,0,4.36355e-07,9.94576e-09,2.06746e-06,0,17.2811,53.7617,10.9939,0.603057,32.6272,0,13.2059,0.00976563,0,3.25034,0.182,3.45651,0.000664744,0.0125566,3.25458,0,0.0202517,0,0.00670726,3.25458,0.0123496,3.07334,1.68628,0.000723014,0.0656345,0,0.00337528,0,0.00108345,0.0656345,0.625003,1.18994e-06,6.28721,0.00976563
2080.0417,275.913,275.986,0,0.2558,0,0,0.00124731,0.00223681,-0.00124731,0,0,0,0,0,0,0,0,0,0.000792903,0,1.12883e-06,1.43762e-05,4.681e-07,2.57166e-05,0,7.376e-07,1.32838e-08,2.49329e-06,0,17.2226,53.67,10.9761,0.550209,32.6375,0,13.1846,0.00921329,0,3.25976,0.181706,3.45626,0.00102616,0.0112603,3.25554,0,0.0202226,0,0.00672647,3.25554,0.0123296,3.07334,1.68634,0.000651354,0.0656581,0,0.00337043,0,0.00108659,0.0656581,0.657866,1.12883e-06,6.24646,0.00921329
2080.1250,283.013,282.426,0,0.192348,0,0,0.00155043,0.00244738,-0.00155043,0,0,0,0,0,0,0,0,0,0.000791622,0,1.08374e-06,2.43893e-05,8.06511e-07,3.73549e-05,0,1.67265e-06,1.61776e-08,2.95992e-06,0,17.1559,53.5616,10.9584,0.497189,32.6435,0,13.1633,0.00869269,0,3.26505,0.181412,3.45575,0.00145547,0.00996509,3.25618,0,0.0201933,0,0.0067371,3.25618,0.0123097,3.07334,1.68642,0.000578538,0.0656681,0,0.00336554,0,0.00108835,0.0656681,1.02916,1.08374e-06,6.19751,0.00869269
2080.2083,287.446,286.732,0.663464,0.197359,0.35811,0.00253067,0.0022615,0.0025585,0.000269168,9.94806e-06,5.30757e-05,8.02239e-06,7.84252e-07,0.00112929,0.0114967,0.769069,0.258548,0.00314615,0.000790455,2.88908e-06,1.05402e-06,3.58492e-05,8.57853e-07,5.21263e-05,1.31764e-05,2.41625e-06,1.20954e-08,3.34141e-06,7.7595e-07,17.0865,53.4438,10.9419,0.448028,32.6429,0.0207019,13.1924,0.00935413,0.0207019,3.26634,0.181163,3.45488,0.00188544,0.0087806,3.25631,0.000828077,0.0202336,0.000492903,0.00673941,3.25631,0.0122922,3.07334,1.68651,0.00051151,0.0656583,5.52051e-05,0.00337227,2.07019e-05,0.00108878,0.0656583,1.45125,3.9431e-06,6.14458,0.0300561
2080.2917,293.238,292.181,4.60551,0.191969,2.24481,0.0121333,0.00519621,0.00264917,0.00693705,6.5092e-05,0.000157489,5.41573e-05,3.39937e-06,0.00373694,0.0151407,2.92076,0.571707,0.0164946,0.000793107,1.64776e-05,1.08524e-06,3.52784e-05,7.15132e-07,6.94922e-05,6.90156e-05,2.98249e-06,1.08586e-08,3.66867e-06,4.17707e-06,17.17,53.4767,10.9711,0.409552,32.6334,0.133689,13.4492,0.0150427,0.133689,3.26373,0.182211,3.4541,0.00162434,0.00785632,3.25568,0.00534756,0.0205908,0.00318307,0.00673413,3.25568,0.0123528,3.07334,1.68654,0.000460093,0.0656241,0.000356504,0.00343179,0.000133689,0.00108791,0.0656241,3.10128,1.75628e-05,6.1989,0.148732
2080.3750,295.842,294.59,4.96547,0.197798,2.39525,0.0137345,0.00602983,0.00268946,0.0077047,9.33499e-05,0.000164398,7.89642e-05,3.40995e-06,0.00480657,0.0114905,3.51511,0.449795,0.0190337,0.000798709,1.96686e-05,1.15094e-06,2.96404e-05,3.40194e-07,8.0695e-05,7.9424e-05,2.47115e-06,9.01054e-09,3.75951e-06,4.83683e-06,17.3665,53.6207,11.0356,0.379913,32.6167,0.142977,13.4502,0.0146793,0.142977,3.25761,0.184224,3.45374,0.00123873,0.00714188,3.25441,0.00571909,0.0205947,0.00340422,0.00672191,3.25441,0.012473,3.07334,1.68651,0.000421323,0.0655722,0.000381272,0.00343246,0.000142977,0.00108587,0.0655722,3.31951,2.08195e-05,6.33095,0.157656
2080.4583,299.844,298.531,4.95594,0.158227,3.3019,0.0138309,0.00680504,0.002607,0.00702587,0.000119665,0.000163251,0.00010268,2.73976e-06,0.0060618,0.0115971,4.41544,0.342739,0.0191285,0.000804828,2.0057e-05,1.24657e-06,2.6924e-05,3.81601e-07,8.38398e-05,7.94907e-05,2.95987e-06,8.88917e-09,3.58935e-06,4.86414e-06,17.5622,53.7656,11.1062,0.357031,32.5967,0.142738,13.4277,0.0138223,0.142738,3.24967,0.186361,3.45354,0.00108383,0.0065896,3.2528,0.00570954,0.0205659,0.00339853,0.00670582,3.2528,0.0126015,3.07334,1.68647,0.000391857,0.0655141,0.000380636,0.00342765,0.000142738,0.00108322,0.0655141,4.03522,2.13035e-05,6.45599,0.156561
2080.5417,299.262,298.32,4.94628,0.116593,3.17438,0.0122461,0.00649352,0.00203171,0.00575262,0.000116136,0.000150243,9.99568e-05,2.32187e-06,0.00620474,0.0114676,4.17531,0.28309,0.0167512,0.000810603,1.7582e-05,1.3395e-06,1.02093e-05,3.92637e-07,6.6518e-05,6.94704e-05,1.62696e-06,5.22674e-09,2.71861e-06,4.25435e-06,17.7277,53.8873,11.1727,0.339698,32.5769,0.142496,13.4049,0.0130024,0.142496,3.24302,0.188347,3.45356,0.0012102,0.00617311,3.25114,0.00569985,0.0205363,0.00339277,0.0066923,3.25114,0.012721,3.07334,1.68642,0.000369866,0.0654594,0.00037999,0.00342272,0.000142496,0.00108101,0.0654594,3.63131,1.89215e-05,6.55508,0.155498
2080.6250,295.012,294.876,4.93679,0.149031,1.95762,0.00931151,0.00547937,0.0019771,0.00383215,7.4527e-05,0.000133957,6.37299e-05,1.95569e-06,0.00485359,0.0126222,3.27695,0.29739,0.0123758,0.000815016,1.29072e-05,1.37812e-06,1.96988e-05,2.7894e-07,6.71752e-05,5.14682e-05,2.54969e-06,3.39845e-09,2.60312e-06,3.12304e-06,17.8464,53.975,11.2229,0.327761,32.5605,0.142258,13.3826,0.012243,0.142258,3.24024,0.189872,3.45352,0.00134487,0.00588546,3.24973,0.00569033,0.0205069,0.0033871,0.00668667,3.24973,0.012812,3.07334,1.68639,0.000354733,0.0654164,0.000379355,0.00341782,0.000142258,0.00108008,0.0654164,2.48982,1.42853e-05,6.62356,0.154501
2080.7083,289.517,289.869,4.02211,0.169379,0.925009,0.00564776,0.00409561,0.00293523,0.00155215,3.80276e-05,7.74339e-05,3.20863e-05,1.48309e-06,0.00384307,0.00887576,2.01858,0.278862,0.00658976,0.00997263,7.27239e-06,1.36847e-06,2.82168e-05,2.02714e-07,8.03245e-06,9.14865e-05,2.92845e-06,2.43309e-09,1.74476e-06,5.91529e-06,17.8594,54.0534,11.2287,0.402016,32.5532,0.117235,13.3602,0.0115282,0.117235,3.23883,0.189598,3.45438,0.00129265,0.00776462,3.24904,0.00468798,0.0204773,0.00279132,0.00668379,3.24904,0.0127999,3.07341,1.68639,0.000454011,0.0653997,0.000312498,0.00341289,0.000117235,0.00107961,0.0653997,1.5121,8.64086e-06,6.63062,0.128764
2080.7917,281.705,282.975,0,0.190836,0,0,0.00166234,0.00369067,-0.00166234,0,0,0,0,0,0,0,0,0,0.000802303,0,1.30481e-06,4.04565e-07,4.82908e-08,-3.10297e-06,0,2.16384e-08,1.88442e-09,2.21475e-06,0,17.5849,54.1641,11.1099,0.730962,32.6081,0,13.3379,0.010855,0,3.2401,0.183785,3.46002,0.000166652,0.0158491,3.25353,0,0.0204475,0,0.00668635,3.25353,0.0124786,3.07372,1.68642,0.00089544,0.065556,0,0.00340791,0,0.00108003,0.065556,0.469545,1.30481e-06,6.47501,0.010855
2080.8750,277.469,278.576,0,0.237225,0,0,0.00144721,0.00306113,-0.00144721,0,0,0,0,0,0,0,0,0,0.000800963,0,1.22496e-06,6.37838e-06,5.83364e-08,1.91742e-05,0,3.04525e-07,2.49288e-09,2.82966e-06,0,17.5116,54.013,11.0914,0.613147,32.6435,0,13.3156,0.0102212,0,3.2448,0.183478,3.46002,0.000463332,0.0128425,3.25654,0,0.0204174,0,0.00669593,3.25654,0.0124578,3.07372,1.6865,0.000735002,0.0656515,0,0.00340291,0,0.0010816,0.0656515,0.47317,1.22496e-06,6.42027,0.0102212
2080.9583,275.375,276.098,0,0.224444,0,0,0.00126375,0.00227853,-0.00126375,0,0,0,0,0,0,0,0,0,0.000799604,0,1.15386e-06,1.2978e-05,2.63278e-07,2.504e-05,0,7.34372e-07,7.94888e-09,2.43002e-06,0,17.4436,53.8958,11.0725,0.541004,32.6588,0,13.293,0.00961492,0,3.25242,0.183166,3.4598,0.000937411,0.0110661,3.25792,0,0.0203867,0,0.00671146,3.25792,0.0124367,3.07372,1.68658,0.000637102,0.0656891,0,0.00339779,0,0.00108414,0.0656891,0.646833,1.15386e-06,6.37103,0.00961492
2081.0417,275.881,276.273,0,0.230711,0,0,0.00125457,0.00202618,-0.00125457,0,0,0,0,0,0,0,0,0,0.000798312,0,1.09723e-06,1.83015e-05,6.29187e-07,3.01388e-05,0,1.04978e-06,1.29422e-08,2.35511e-06,0,17.382,53.7999,11.0546,0.492461,32.6655,0,13.2716,0.00907111,0,3.26002,0.18287,3.45941,0.00135097,0.00987999,3.25858,0,0.0203573,0,0.00672689,3.25858,0.0124166,3.07372,1.68665,0.000571285,0.0657029,0,0.00339289,0,0.00108667,0.0657029,0.64068,1.09723e-06,6.32731,0.00907111
2081.1250,278.867,278.771,0,0.249383,0,0,0.00135474,0.00204549,-0.00135474,0,0,0,0,0,0,0,0,0,0.000797023,0,1.05899e-06,2.53026e-05,1.53049e-06,3.87809e-05,0,1.40927e-06,2.51789e-08,2.55699e-06,0,17.3185,53.7053,11.0368,0.453436,32.6669,0,13.2501,0.00855855,0,3.26643,0.182575,3.45881,0.00175559,0.00893389,3.2588,0,0.0203278,0,0.00673982,3.2588,0.0123965,3.07372,1.68672,0.000518694,0.0657019,0,0.00338796,0,0.00108881,0.0657019,1.12299,1.05899e-06,6.28176,0.00855855
2081.2083,286.531,285.847,0.269049,0.226836,0.126392,0.00122738,0.0019902,0.00236713,-0.000762819,4.24526e-06,3.14466e-05,3.36417e-06,3.85441e-07,0.000646584,0.00916017,0.430183,0.179875,0.00147484,0.000795747,1.28067e-06,1.03351e-06,3.91486e-05,2.03936e-06,5.70986e-05,6.19088e-06,2.52361e-06,2.77397e-08,3.15913e-06,3.57242e-07,17.2468,53.5951,11.019,0.417553,32.6621,0.00858386,13.2502,0.00856805,0.00858386,3.26876,0.182287,3.45785,0.00223557,0.00806294,3.25852,0.000343354,0.0203278,0.000204378,0.00674422,3.25852,0.0123767,3.07372,1.6868,0.000470551,0.0656828,2.28903e-05,0.00338796,8.58386e-06,0.00108959,0.0656828,1.39097,2.31417e-06,6.22777,0.0171519
2081.2917,291.904,290.796,4.17616,0.17842,2.29309,0.012324,0.00505002,0.00233928,0.00727401,6.11615e-05,0.000158845,5.04329e-05,3.70052e-06,0.00336774,0.0130748,2.64891,0.683797,0.0173042,0.000798378,1.67345e-05,1.05506e-06,3.78953e-05,1.70235e-06,6.70511e-05,7.26784e-05,3.46354e-06,2.28509e-08,3.24398e-06,4.38454e-06,17.3071,53.6118,11.0477,0.387832,32.65,0.122301,13.522,0.0146613,0.122301,3.26685,0.183169,3.45684,0.00196239,0.00734262,3.25762,0.00489205,0.0207053,0.00291193,0.00674027,3.25762,0.012427,3.07372,1.68683,0.000431449,0.0656442,0.000326137,0.00345088,0.000122301,0.00108895,0.0656442,2.96153,1.77896e-05,6.25945,0.136963
2081.3750,297.761,295.812,4.87064,0.138757,3.04516,0.0134865,0.00638836,0.00228568,0.00709809,0.000111353,0.000164474,9.49775e-05,3.19352e-06,0.00583771,0.0113299,3.766,0.376215,0.0189875,0.000805069,1.97548e-05,1.12973e-06,2.10282e-05,7.85844e-07,7.09247e-05,7.91609e-05,2.56857e-06,1.07813e-08,3.16524e-06,4.82144e-06,17.5011,53.7645,11.1247,0.365556,32.6341,0.140597,13.5472,0.0148568,0.140597,3.26368,0.185259,3.45649,0.00132819,0.00680216,3.25637,0.00562386,0.0207428,0.00334754,0.00673417,3.25637,0.0125516,3.07372,1.68678,0.00040262,0.0655972,0.000374924,0.00345713,0.000140597,0.00108789,0.0655972,3.51145,2.08845e-05,6.37645,0.155453
2081.4583,299.607,298.012,4.86131,0.154669,2.84557,0.0126935,0.00664005,0.0022388,0.00605347,0.000116555,0.000159781,0.000100057,2.61818e-06,0.00650582,0.0152585,4.21761,0.320887,0.0177256,0.000811374,1.86208e-05,1.21966e-06,2.284e-05,3.59178e-07,7.30784e-05,7.3743e-05,2.19703e-06,5.38285e-09,3.05422e-06,4.49684e-06,17.6588,53.8863,11.197,0.348664,32.6178,0.140362,13.5246,0.0139894,0.140362,3.26097,0.187222,3.45652,0.00115069,0.00639273,3.25503,0.00561447,0.0207138,0.00334195,0.0067289,3.25503,0.0126692,3.07372,1.68673,0.000381101,0.0655511,0.000374298,0.00345229,0.000140362,0.00108699,0.0655511,3.62776,1.98405e-05,6.46179,0.154351
2081.5417,300.046,298.75,4.85185,0.114545,3.07724,0.0117158,0.00664144,0.00207577,0.00507435,0.00010301,0.000149464,8.84872e-05,2.24687e-06,0.00575936,0.0111412,4.1673,0.30996,0.0162264,0.000817677,1.70557e-05,1.29852e-06,1.07248e-05,2.40675e-07,7.01171e-05,6.75744e-05,1.459e-06,3.35576e-09,2.77635e-06,4.11479e-06,17.8154,54,11.2693,0.332902,32.5974,0.140124,13.5016,0.0131596,0.140124,3.25436,0.18919,3.45646,0.00125703,0.00601022,3.25329,0.00560494,0.020684,0.00333627,0.00671548,3.25329,0.012787,3.07372,1.68669,0.000361101,0.065496,0.000373663,0.00344733,0.000140124,0.00108479,0.065496,3.42511,1.83542e-05,6.54601,0.153283
2081.6250,295.794,295.488,4.84256,0.125262,2.08154,0.0091256,0.00554344,0.00162389,0.00358216,8.02314e-05,0.000133949,6.87756e-05,1.91564e-06,0.00531838,0.012625,3.36358,0.275036,0.0123601,0.000822443,1.29403e-05,1.33928e-06,1.00329e-05,2.62855e-07,5.31001e-05,5.14415e-05,1.59267e-06,2.54376e-09,2.09232e-06,3.11662e-06,17.9223,54.083,11.3234,0.322915,32.5834,0.13989,13.4791,0.012391,0.13989,3.25436,0.190699,3.45665,0.00139813,0.00576995,3.25207,0.00559558,0.0206544,0.0033307,0.00671561,3.25207,0.0128766,3.07372,1.68664,0.00034868,0.0654593,0.000373039,0.0034424,0.00013989,0.00108479,0.0654593,2.553,1.42796e-05,6.59887,0.152281
2081.7083,289.938,290.363,3.94611,0.169725,0.920921,0.00566696,0.00413346,0.00286716,0.00153351,4.24536e-05,7.77114e-05,3.5692e-05,1.4478e-06,0.0042754,0.00821956,2.10672,0.255596,0.00683591,0.00982792,7.51632e-06,1.33336e-06,2.7813e-05,1.48181e-07,1.07232e-05,9.109e-05,2.53842e-06,1.92857e-09,1.76055e-06,5.8834e-06,17.9297,54.1593,11.3329,0.397288,32.5777,0.115283,13.4566,0.0116676,0.115283,3.25459,0.190456,3.45754,0.00120527,0.00764825,3.25152,0.00461018,0.0206246,0.00274484,0.00671613,3.25152,0.0128661,3.07379,1.68663,0.000448046,0.065447,0.000307313,0.00343744,0.000115283,0.00108486,0.065447,1.42118,8.84968e-06,6.59686,0.126951
2081.7917,281.716,282.889,0,0.192205,0,0,0.00163599,0.0036491,-0.00163599,0,0,0,0,0,0,0,0,0,0.000810323,0,1.26858e-06,4.16046e-07,3.68305e-08,-2.9838e-06,0,2.35345e-08,1.54298e-09,2.17592e-06,0,17.6602,54.2707,11.2164,0.724777,32.6297,0,13.4341,0.0109862,0,3.2561,0.184732,3.46307,0.000157617,0.0156996,3.25576,0,0.0205946,0,0.00671919,3.25576,0.0125497,3.07409,1.68667,0.000887693,0.0655955,0,0.00343243,0,0.00108537,0.0655955,0.45462,1.26858e-06,6.4438,0.0109862
2081.8750,278.242,279.095,0,0.196679,0,0,0.00145572,0.00296635,-0.00145572,0,0,0,0,0,0,0,0,0,0.00080897,0,1.18945e-06,5.7241e-06,3.32067e-08,1.826e-05,0,3.12454e-07,1.39812e-09,2.72916e-06,0,17.5878,54.1255,11.1977,0.61197,32.6642,0,13.4117,0.0103448,0,3.26161,0.184423,3.46308,0.000436162,0.0128117,3.25868,0,0.0205644,0,0.00673044,3.25868,0.0125287,3.07409,1.68674,0.000734036,0.0656892,0,0.00342739,0,0.0010872,0.0656892,0.370255,1.18945e-06,6.39009,0.0103448
2081.9583,273.438,274.205,0,0.334598,0,0,0.00117655,0.00177448,-0.00117655,0,0,0,0,0,0,0,0,0,0.000807597,0,1.1191e-06,9.34283e-06,6.47203e-08,1.93138e-05,0,4.98127e-07,1.65102e-09,1.84472e-06,0,17.5207,54.015,11.1787,0.544518,32.6791,0,13.3889,0.00973118,0,3.27069,0.18411,3.46292,0.000895834,0.0111539,3.26001,0,0.0205334,0,0.00674901,3.26001,0.0125074,3.07409,1.68681,0.000642936,0.0657266,0,0.00342224,0,0.00109023,0.0657266,0.587328,1.1191e-06,6.34203,0.00973118
2082.0417,277.577,277.696,0,0.240249,0,0,0.00133008,0.0022125,-0.00133008,0,0,0,0,0,0,0,0,0,0.000806292,0,1.06417e-06,1.76981e-05,1.25067e-07,3.13359e-05,0,9.73711e-07,2.41449e-09,2.53188e-06,0,17.4585,53.9248,11.1606,0.499965,32.6862,0,13.3673,0.00918079,0,3.28024,0.183813,3.4626,0.00127795,0.0100581,3.26069,0,0.0205038,0,0.00676849,3.26069,0.0124872,3.0741,1.68687,0.000582558,0.0657425,0,0.0034173,0,0.00109341,0.0657425,0.930908,1.06417e-06,6.29784,0.00918079
2082.1250,280.551,280.084,0,0.219822,0,0,0.0014361,0.00211276,-0.0014361,0,0,0,0,0,0,0,0,0,0.00080499,0,1.03813e-06,2.54615e-05,8.31007e-07,3.86923e-05,0,1.60175e-06,1.17209e-08,2.61078e-06,0,17.3934,53.8256,11.1426,0.457225,32.6887,0,13.3457,0.00866203,0,3.28632,0.183516,3.46204,0.00172232,0.00901949,3.261,0,0.0204741,0,0.00678073,3.261,0.0124671,3.0741,1.68695,0.00052459,0.0657445,0,0.00341234,0,0.00109544,0.0657445,1.10565,1.03813e-06,6.25076,0.00866203
2082.2083,289.139,288.053,0.726002,0.190515,0.34206,0.00293806,0.00256598,0.00246786,0.000372083,1.18593e-05,5.47311e-05,9.65285e-06,8.3146e-07,0.001131,0.0100137,0.92985,0.272141,0.00392383,0.000803887,3.75303e-06,1.01069e-06,3.98458e-05,1.29909e-06,5.85904e-05,1.65463e-05,3.11214e-06,1.32906e-08,3.2759e-06,9.75845e-07,17.3251,53.7158,11.1268,0.418182,32.6845,0.0225754,13.3816,0.00948837,0.0225754,3.288,0.183278,3.46109,0.00218104,0.00807127,3.26078,0.000903016,0.0205238,0.000537509,0.00678381,3.26078,0.0124502,3.07409,1.68703,0.000471814,0.0657272,6.0201e-05,0.00342064,2.25754e-05,0.001096,0.0657272,1.46834,4.76372e-06,6.19822,0.0320638
2082.2917,294.354,293.142,4.75056,0.176493,2.43838,0.0129068,0.00577377,0.00252874,0.00713303,7.18521e-05,0.000158581,6.00035e-05,3.4967e-06,0.00385404,0.0132402,3.14175,0.587178,0.0184302,0.000808082,1.85485e-05,1.04778e-06,3.73689e-05,8.87866e-07,7.27503e-05,7.75837e-05,3.50946e-06,1.06748e-08,3.49776e-06,4.67636e-06,17.4195,53.7616,11.1736,0.386053,32.6716,0.137388,13.6554,0.0155546,0.137388,3.28444,0.184552,3.46025,0.00180872,0.00729192,3.25982,0.0054955,0.0209047,0.00327113,0.00677661,3.25982,0.0125241,3.07409,1.68704,0.000429351,0.0656861,0.000366367,0.00348411,0.000137388,0.00109481,0.0656861,3.1201,1.95963e-05,6.24583,0.152942
2082.3750,298.177,297.029,5.09376,0.183698,2.92346,0.0146992,0.0067997,0.00272668,0.00789949,0.000110551,0.000165132,9.4214e-05,3.24609e-06,0.00529501,0.0102368,4.14145,0.423405,0.0212514,0.000815642,2.22784e-05,1.13263e-06,3.14895e-05,3.82576e-07,8.68188e-05,8.91064e-05,3.08174e-06,7.14492e-09,3.77101e-06,5.41058e-06,17.614,53.9051,11.2602,0.361078,32.6528,0.14618,13.6559,0.0151568,0.14618,3.27729,0.186802,3.45984,0.00128256,0.00668504,3.25831,0.00584718,0.020908,0.00348047,0.00676231,3.25831,0.012658,3.07409,1.68699,0.000396936,0.0656306,0.000389812,0.00348467,0.00014618,0.00109243,0.0656306,3.71495,2.3411e-05,6.35375,0.161336
2082.4583,299.616,298.445,5.08395,0.160948,3.48617,0.0141586,0.00691512,0.00260793,0.00724349,0.000119979,0.000163986,0.000102816,2.89264e-06,0.00598434,0.0116612,4.48483,0.369794,0.0204137,0.000823615,2.15295e-05,1.23396e-06,2.80008e-05,1.89714e-07,8.82822e-05,8.54208e-05,2.75255e-06,4.59854e-09,3.54275e-06,5.19412e-06,17.8189,54.0574,11.3517,0.340957,32.6302,0.145935,13.6331,0.0142719,0.145935,3.26738,0.189191,3.45967,0.00112135,0.00619762,3.25642,0.00583742,0.0208788,0.00347465,0.00674219,3.25642,0.012801,3.07409,1.68694,0.000371264,0.0655681,0.000389161,0.00347981,0.000145935,0.00108913,0.0655681,4.20878,2.27635e-05,6.4672,0.160207
2082.5417,300.836,299.433,5.07401,0.10481,3.2801,0.0112083,0.00663156,0.001792,0.00457674,0.000116169,0.000149366,0.000100151,2.14002e-06,0.0068948,0.0126648,4.29157,0.265391,0.0157391,0.000830257,1.66421e-05,1.33415e-06,6.13877e-06,2.88399e-07,5.91266e-05,6.55202e-05,1.04419e-06,3.77784e-09,2.34701e-06,3.98453e-06,17.9711,54.1725,11.4274,0.327042,32.6113,0.145688,13.61,0.0134253,0.145688,3.26304,0.19121,3.45978,0.00117608,0.00586437,3.2548,0.00582751,0.0208489,0.00346876,0.00673349,3.2548,0.0129216,3.07409,1.68689,0.00035405,0.0655181,0.000388501,0.00347482,0.000145688,0.00108768,0.0655181,3.67502,1.79763e-05,6.54377,0.159113
2082.6250,296.679,296.358,5.06424,0.147767,1.72817,0.00868576,0.00561315,0.00181415,0.00307262,7.873e-05,0.000131975,6.75876e-05,1.77168e-06,0.00556071,0.0143817,3.48308,0.270651,0.0118437,0.000834829,1.24772e-05,1.3756e-06,1.92585e-05,2.16525e-07,6.16489e-05,4.94201e-05,1.93267e-06,2.81254e-09,2.34082e-06,2.98056e-06,18.0593,54.2393,11.4786,0.318003,32.5982,0.145444,13.5872,0.0126413,0.145444,3.26379,0.192633,3.4599,0.00123143,0.00564539,3.25365,0.00581778,0.0208192,0.00346296,0.00673519,3.25365,0.0130056,3.0741,1.68685,0.000342738,0.0654844,0.000387852,0.00346986,0.000145445,0.00108793,0.0654844,2.36363,1.38528e-05,6.58069,0.158086
2082.7083,290.301,290.779,4.12488,0.175052,1.12668,0.00612447,0.00420245,0.00309437,0.00192201,4.05482e-05,8.02149e-05,3.36732e-05,1.537e-06,0.00378623,0.00807493,2.20601,0.302561,0.00763517,0.010198,8.39812e-06,1.36196e-06,2.88801e-05,1.03542e-07,1.61445e-05,9.71868e-05,2.49122e-06,2.00733e-09,1.95037e-06,6.25831e-06,18.0683,54.3112,11.4895,0.39415,32.5888,0.119861,13.5645,0.0119032,0.119861,3.25997,0.192399,3.46065,0.00119502,0.00756989,3.25275,0.00479334,0.0207892,0.00285384,0.00672734,3.25275,0.0129957,3.07416,1.68684,0.000444671,0.0654634,0.000319529,0.00346486,0.000119861,0.00108666,0.0654634,1.45575,9.76009e-06,6.57884,0.131764
2082.7917,282.327,283.657,0,0.186371,0,0,0.00161354,0.00378099,-0.00161354,0,0,0,0,0,0,0,0,0,0.000822474,0,1.29573e-06,7.30048e-07,3.95379e-08,-2.46054e-06,0,4.16369e-08,1.83838e-09,2.24462e-06,0,17.7929,54.4284,11.37,0.731925,32.6433,0,13.5419,0.0112081,0,3.26027,0.186484,3.46642,0.000145003,0.0158656,3.2572,0,0.020759,0,0.00672793,3.2572,0.0126688,3.07448,1.68688,0.000898201,0.0656197,0,0.00345983,0,0.00108676,0.0656197,0.534867,1.29573e-06,6.42291,0.0112081
2082.8750,275.488,275.976,0,0.233739,0,0,0.00127612,0.0025032,-0.00127612,0,0,0,0,0,0,0,0,0,0.000821101,0,1.22154e-06,4.22977e-06,4.72234e-08,1.4017e-05,0,2.08154e-07,2.04493e-09,2.22799e-06,0,17.7266,54.3,11.351,0.629873,32.6754,0,13.5193,0.0105537,0,3.26815,0.186173,3.46645,0.000384694,0.0132563,3.25989,0,0.0207285,0,0.00674411,3.25989,0.0126476,3.07448,1.68695,0.000760722,0.0657076,0,0.00345476,0,0.00108938,0.0657076,0.507633,1.22154e-06,6.3756,0.0105537
2082.9583,272.927,273.767,0,0.329658,0,0,0.00109019,0.00183162,-0.00109019,0,0,0,0,0,0,0,0,0,0.000819707,0,1.15471e-06,8.40027e-06,1.19577e-07,1.80981e-05,0,3.8512e-07,3.45527e-09,1.84951e-06,0,17.6608,54.1921,11.3317,0.56144,32.6917,0,13.4963,0.0099277,0,3.27813,0.185857,3.46633,0.000815017,0.0115626,3.26133,0,0.0206974,0,0.00676455,3.26133,0.0126262,3.07448,1.68701,0.000667937,0.0657493,0,0.00344957,0,0.00109271,0.0657493,0.738752,1.15471e-06,6.32911,0.0099277
2083.0417,276.316,276.328,0,0.283765,0,0,0.00124091,0.00229115,-0.00124091,0,0,0,0,0,0,0,0,0,0.000818383,0,1.09171e-06,1.55273e-05,3.53278e-07,2.84911e-05,0,7.61377e-07,7.74926e-09,2.55678e-06,0,17.602,54.1062,11.3134,0.51532,32.7004,0,13.4745,0.00936619,0,3.28853,0.185557,3.46608,0.00117978,0.0104257,3.26213,0,0.0206676,0,0.00678579,3.26213,0.0126058,3.07448,1.68707,0.000605153,0.0657698,0,0.0034446,0,0.00109618,0.0657698,0.319397,1.09171e-06,6.28861,0.00936619
2083.1250,280.58,280.461,0,0.191395,0,0,0.00135301,0.00217759,-0.00135301,0,0,0,0,0,0,0,0,0,0.000817061,0,1.04031e-06,2.31774e-05,1.21718e-06,3.66738e-05,0,1.571e-06,1.98861e-08,2.6333e-06,0,17.5366,54.0012,11.2951,0.465781,32.705,0,13.4528,0.00883696,0,3.29382,0.185257,3.46553,0.00162714,0.0092169,3.26263,0,0.0206377,0,0.00679641,3.26263,0.0125854,3.07448,1.68715,0.000537116,0.0657774,0,0.00343961,0,0.00109794,0.0657774,0.99413,1.04031e-06,6.24148,0.00883696
2083.2083,288.346,287.022,0.139358,0.180857,0.13037,0.000543074,0.00186771,0.00243434,-0.00132464,1.76952e-06,1.48746e-05,1.44975e-06,1.07389e-07,0.000378238,0.00759178,0.352878,0.0788849,0.000552232,0.000815707,5.40034e-07,1.01012e-06,3.65129e-05,1.25021e-06,5.37958e-05,2.31453e-06,2.83839e-06,1.3343e-08,3.17885e-06,1.30887e-07,17.4654,53.8912,11.2764,0.425763,32.7029,0.00448675,13.4415,0.0085773,0.00448675,3.29712,0.184951,3.46467,0.00209135,0.00824761,3.26258,0.00017947,0.020622,0.000106827,0.00680283,3.26258,0.0125646,3.07448,1.68723,0.000482836,0.0657659,1.19647e-05,0.003437,4.48675e-06,0.00109904,0.0657659,1.19285,1.55015e-06,6.18898,0.013064
2083.2917,293.623,292.576,4.58729,0.15798,2.45531,0.0125552,0.00512544,0.00242157,0.00742972,7.00682e-05,0.000155551,5.85093e-05,3.41789e-06,0.00377841,0.0139071,2.97345,0.566294,0.017475,0.000817699,1.75208e-05,1.03544e-06,3.7182e-05,1.18018e-06,6.67335e-05,7.33445e-05,3.8887e-06,1.01081e-08,3.33137e-06,4.4326e-06,17.5107,53.8896,11.2974,0.391745,32.6923,0.13234,13.7367,0.0152178,0.13234,3.29479,0.185722,3.46374,0.00197239,0.00742368,3.26182,0.00529359,0.021032,0.00315095,0.006798,3.26182,0.0126084,3.07448,1.68727,0.000437472,0.0657307,0.000352906,0.00350533,0.00013234,0.00109826,0.0657307,3.18184,1.85562e-05,6.21327,0.147558
2083.3750,295.898,294.786,5.73143,0.171333,3.23292,0.0148888,0.00630549,0.00247756,0.00858332,0.000119624,0.000165347,0.000101824,3.67258e-06,0.00565748,0.00990515,3.63301,0.390937,0.021086,0.000824325,2.19458e-05,1.12924e-06,2.78904e-05,3.32547e-07,7.62753e-05,8.80538e-05,2.8234e-06,5.56825e-09,3.43362e-06,5.37074e-06,17.7286,54.0628,11.3735,0.367092,32.6764,0.1618,13.7875,0.0159536,0.1618,3.29083,0.187961,3.46338,0.0012426,0.00682565,3.26056,0.00647201,0.0211052,0.00385239,0.00679035,3.26056,0.0127422,3.07448,1.68721,0.000405317,0.0656827,0.000431467,0.00351754,0.0001618,0.00109694,0.0656827,4.03071,2.3075e-05,6.3551,0.177754
2083.4583,300.42,298.413,5.72023,0.093501,3.49672,0.0124856,0.00661665,0.00169387,0.00586897,0.000149944,0.000159178,0.000129485,2.54085e-06,0.00873479,0.0160347,4.25088,0.240494,0.0172637,0.000831103,1.82101e-05,1.24124e-06,5.06366e-06,2.29159e-07,5.222e-05,7.13621e-05,7.30143e-07,3.83992e-09,2.2849e-06,4.37668e-06,17.9309,54.2275,11.4513,0.349183,32.6598,0.16153,13.7645,0.0150222,0.16153,3.2877,0.190207,3.46356,0.000966255,0.00639431,3.25921,0.0064612,0.021076,0.00384595,0.00678433,3.25921,0.0128776,3.07448,1.68715,0.000382514,0.0656354,0.000430747,0.00351267,0.00016153,0.0010959,0.0656354,3.81918,1.94513e-05,6.47956,0.176552
2083.5417,298.178,297.355,5.70887,0.165199,2.8584,0.012404,0.00655868,0.00245065,0.00584529,0.00012523,0.000150004,0.000107787,2.51264e-06,0.00661989,0.010601,3.97033,0.270782,0.0172053,0.000836567,1.81505e-05,1.31552e-06,2.41593e-05,9.41521e-08,8.29179e-05,7.14941e-05,2.13173e-06,2.56654e-09,3.30967e-06,4.37137e-06,18.0738,54.3393,11.5135,0.335241,32.6441,0.161256,13.7412,0.0141311,0.161256,3.28622,0.192018,3.46367,0.000927832,0.00605303,3.25789,0.00645024,0.021046,0.00383943,0.00678162,3.25789,0.0129865,3.07448,1.6871,0.000364738,0.0655926,0.000430016,0.00350767,0.000161256,0.00109541,0.0655926,3.52573,1.9466e-05,6.56028,0.175387
2083.6250,294.813,294.67,5.69772,0.160741,1.99249,0.00985072,0.00565566,0.00213179,0.00419506,8.0098e-05,0.000134149,6.84626e-05,2.14324e-06,0.00493135,0.0120202,3.22702,0.301364,0.0133178,0.000841415,1.39535e-05,1.36342e-06,2.42387e-05,1.09253e-07,7.43338e-05,5.55734e-05,2.68685e-06,1.99762e-09,2.82044e-06,3.36787e-06,18.1999,54.4272,11.5684,0.322205,32.6244,0.160987,13.7182,0.0133058,0.160987,3.28078,0.19364,3.46352,0.00119137,0.00573728,3.25618,0.00643947,0.0210162,0.00383302,0.00677059,3.25618,0.0130831,3.07448,1.68707,0.000348338,0.065541,0.000429298,0.0035027,0.000160987,0.00109359,0.065541,2.58068,1.53169e-05,6.63144,0.174292
2083.7083,288.575,289.192,4.63499,0.185033,0.931531,0.00595013,0.00403838,0.00299773,0.00191174,3.9829e-05,7.78973e-05,3.33686e-05,1.6397e-06,0.00383551,0.00817151,1.91237,0.285024,0.00711646,0.0112046,7.8229e-06,1.35535e-06,2.77769e-05,9.42511e-08,1.14486e-05,0.000101846,2.5559e-06,1.6046e-09,1.82123e-06,6.58733e-06,18.2157,54.5173,11.575,0.408367,32.6154,0.13267,13.6953,0.012529,0.13267,3.27774,0.193295,3.46449,0.00117473,0.00791594,3.25534,0.00530567,0.0209862,0.0031588,0.00676444,3.25534,0.0130674,3.07456,1.68706,0.000464112,0.0655206,0.000353679,0.00349769,0.00013267,0.00109258,0.0655206,1.52303,9.17825e-06,6.64069,0.145199
2083.7917,285.316,285.936,0,0.20163,0,0,0.00187842,0.00434402,-0.00187842,0,0,0,0,0,0,0,0,0,0.000827033,0,1.29115e-06,7.75868e-07,2.65789e-08,-2.48701e-06,0,3.1765e-08,1.46523e-09,2.647e-06,0,17.9121,54.6539,11.4407,0.791604,32.6724,0,13.6724,0.0117973,0,3.27779,0.18671,3.47088,0.000117182,0.0173145,3.25998,0,0.0209559,0,0.00676455,3.25998,0.0127035,3.07491,1.6871,0.000979341,0.0656836,0,0.00349264,0,0.0010926,0.0656836,0.472566,1.29115e-06,6.4714,0.0117973
2083.8750,275.238,276.676,0,0.239624,0,0,0.00121541,0.00280418,-0.00121541,0,0,0,0,0,0,0,0,0,0.000825652,0,1.21319e-06,3.93153e-06,5.98724e-08,1.25058e-05,0,2.22437e-07,2.94446e-09,2.46341e-06,0,17.8392,54.4957,11.4216,0.660515,32.7136,0,13.6496,0.0111086,0,3.28238,0.186398,3.47092,0.00033218,0.0139553,3.26346,0,0.0209253,0,0.00677399,3.26346,0.0126823,3.07491,1.68719,0.000800974,0.0657958,0,0.00348755,0,0.00109413,0.0657958,0.462633,1.21319e-06,6.41757,0.0111086
2083.9583,273.837,274.532,0,0.304077,0,0,0.0011187,0.0023341,-0.0011187,0,0,0,0,0,0,0,0,0,0.000824251,0,1.1398e-06,9.11489e-06,1.27759e-07,2.01159e-05,0,4.44353e-07,4.7302e-09,2.39509e-06,0,17.7766,54.3894,11.4023,0.58895,32.7312,0,13.6264,0.0104496,0,3.29263,0.186082,3.47081,0.000707436,0.0121946,3.26503,0,0.0208941,0,0.00679504,3.26503,0.0126608,3.07491,1.68726,0.000704101,0.06584,0,0.00348235,0,0.00109754,0.06584,0.355543,1.1398e-06,6.37438,0.0104496
2084.0417,276.523,276.468,0,0.309904,0,0,0.00128016,0.00224576,-0.00128016,0,0,0,0,0,0,0,0,0,0.00082292,0,1.06943e-06,1.56655e-05,8.98811e-07,2.82028e-05,0,7.72383e-07,2.581e-08,2.54018e-06,0,17.7169,54.2921,11.3838,0.532786,32.7413,0,13.6044,0.00985859,0,3.30103,0.185781,3.47053,0.00112523,0.0108184,3.26599,0,0.0208642,0,0.00681219,3.26599,0.0126404,3.07491,1.68733,0.000627517,0.0658629,0,0.00347736,0,0.00110034,0.0658629,0.502526,1.06943e-06,6.33309,0.00985859
2084.1250,280.873,280.819,0,0.194938,0,0,0.00139513,0.00226323,-0.00139513,0,0,0,0,0,0,0,0,0,0.000821591,0,1.02517e-06,2.48332e-05,1.26084e-06,3.68243e-05,0,1.63242e-06,2.52886e-08,2.7591e-06,0,17.6505,54.1859,11.3655,0.482839,32.746,0,13.5825,0.00930153,0,3.30663,0.185481,3.46997,0.00155356,0.00960207,3.26651,0,0.0208341,0,0.00682349,3.26651,0.0126199,3.07491,1.68741,0.000559196,0.0658694,0,0.00347234,0,0.00110221,0.0658694,0.971826,1.02517e-06,6.28502,0.00930153
2084.2083,287.768,286.596,0.331314,0.175671,0.295385,0.00123446,0.0019922,0.00244851,-0.00075774,4.36028e-06,2.96072e-05,3.56222e-06,2.85676e-07,0.000649836,0.00961357,0.625964,0.15321,0.00141739,0.000820268,1.37688e-06,9.95242e-07,3.5685e-05,1.27709e-06,5.18258e-05,5.94866e-06,2.71961e-06,1.73743e-08,3.20958e-06,3.43867e-07,17.5806,54.0754,11.3471,0.440374,32.7445,0.0104962,13.5862,0.00936389,0.0104962,3.30992,0.185187,3.46909,0.00195334,0.00857889,3.26654,0.000419848,0.0208393,0.00024991,0.00682994,3.26654,0.0125998,3.07491,1.68749,0.000501595,0.0658584,2.79899e-05,0.00347322,1.04962e-05,0.00110331,0.0658584,1.29272,2.37212e-06,6.23352,0.0198601
2084.2917,294.923,293.548,4.73008,0.173966,2.54529,0.0123935,0.00541137,0.00264976,0.00698208,6.82142e-05,0.000152583,5.70865e-05,3.1882e-06,0.00370207,0.0157125,3.11774,0.555223,0.0170708,0.00082241,1.72836e-05,1.03446e-06,3.90801e-05,1.16788e-06,7.09749e-05,7.16153e-05,3.77494e-06,1.29848e-08,3.6665e-06,4.32905e-06,17.6278,54.0726,11.3699,0.403524,32.7342,0.136476,13.8802,0.0159196,0.136476,3.30713,0.186001,3.46814,0.00178942,0.00769078,3.26583,0.00545903,0.021248,0.00324942,0.00682427,3.26583,0.012646,3.07491,1.68753,0.000452334,0.0658224,0.000363935,0.00354133,0.000136476,0.00110238,0.0658224,3.4675,1.8318e-05,6.25792,0.152395
2084.3750,297.275,296.088,5.47554,0.185933,2.97436,0.0148594,0.00656143,0.0027369,0.00829801,0.000115793,0.000165054,9.8726e-05,3.36336e-06,0.00552073,0.0103526,3.92395,0.39788,0.0209266,0.000829053,2.18589e-05,1.13505e-06,2.98332e-05,3.18812e-07,8.33217e-05,8.73846e-05,2.69772e-06,6.67441e-09,3.81054e-06,5.32857e-06,17.8392,54.2328,11.4461,0.375405,32.717,0.15559,13.9056,0.0160592,0.15559,3.30117,0.188231,3.46776,0.00119322,0.00701156,3.26451,0.00622362,0.0212862,0.00370453,0.00681248,3.26451,0.0127792,3.07491,1.68749,0.000415595,0.0657697,0.000414908,0.00354769,0.00015559,0.00110039,0.0657697,3.80531,2.29939e-05,6.3931,0.17165
2084.4583,300.514,299.224,5.46491,0.151877,3.48087,0.014162,0.00709412,0.00266166,0.00706786,0.000113323,0.000163239,9.71103e-05,2.73648e-06,0.00568468,0.0115988,4.57104,0.377547,0.019756,0.00083606,2.07708e-05,1.23839e-06,2.66233e-05,2.18867e-07,8.71679e-05,8.24587e-05,2.58713e-06,5.98322e-09,3.64762e-06,5.02523e-06,18.046,54.3838,11.5267,0.352092,32.6947,0.155331,13.8824,0.0151217,0.155331,3.29101,0.190548,3.46759,0.00110602,0.00644824,3.26269,0.00621323,0.0212567,0.00369835,0.00679193,3.26269,0.0129183,3.07491,1.68744,0.000385624,0.065706,0.000414215,0.00354278,0.000155331,0.001097,0.065706,4.13887,2.20092e-05,6.51926,0.170452
2084.5417,300.106,299.184,5.45412,0.16755,2.88595,0.0123334,0.00688781,0.00269377,0.00544554,8.98411e-05,0.000149232,7.69043e-05,2.2594e-06,0.00480742,0.011889,4.33255,0.375689,0.0169197,0.000842314,1.77845e-05,1.32066e-06,3.20633e-05,1.90827e-07,9.28476e-05,7.07345e-05,3.12389e-06,4.71631e-09,3.61467e-06,4.29645e-06,18.2132,54.4995,11.5983,0.333807,32.6714,0.155067,13.8588,0.0142247,0.155067,3.28113,0.192614,3.4673,0.00120124,0.00600748,3.26071,0.00620268,0.0212264,0.00369207,0.00677182,3.26071,0.0130419,3.07491,1.68741,0.00036247,0.0656428,0.000413512,0.00353774,0.000155067,0.00109371,0.0656428,3.3972,1.91051e-05,6.61484,0.169292
2084.6250,297.148,296.782,5.44353,0.101234,2.26445,0.00922977,0.00590488,0.00178326,0.00332489,6.69576e-05,0.000133384,5.72686e-05,1.74057e-06,0.00451792,0.0132676,3.62541,0.32617,0.0121566,0.000846857,1.27048e-05,1.3707e-06,8.73819e-06,4.07904e-07,6.16439e-05,5.0776e-05,1.42229e-06,3.66287e-09,2.33651e-06,3.06365e-06,18.3155,54.5644,11.6497,0.321004,32.6517,0.154808,13.8357,0.0133939,0.154808,3.27622,0.19414,3.4672,0.00160658,0.00570308,3.25899,0.00619232,0.0211964,0.00368591,0.00676189,3.25899,0.013132,3.07491,1.68738,0.000346712,0.0655919,0.000412822,0.00353273,0.000154808,0.00109207,0.0655919,2.53765,1.40755e-05,6.66579,0.168202
2084.7083,288.837,289.623,4.43044,0.127578,1.15934,0.00613725,0.00403291,0.00262201,0.00210434,4.19943e-05,7.85144e-05,3.55074e-05,1.55511e-06,0.00383599,0.00780497,2.1123,0.279977,0.00730117,0.0108123,8.0774e-06,1.35725e-06,2.33614e-05,3.53712e-07,1.15138e-06,0.00010015,2.55733e-06,2.76549e-09,1.39036e-06,6.4712e-06,18.3272,54.6591,11.6556,0.405864,32.6469,0.127578,13.8126,0.012612,0.127578,3.27901,0.193798,3.46841,0.00148126,0.00784938,3.25851,0.00510179,0.021166,0.00303757,0.00676778,3.25851,0.0131161,3.07499,1.68736,0.000460492,0.0655825,0.000340074,0.00352767,0.000127578,0.001093,0.0655825,1.49261,9.43465e-06,6.67163,0.14019
2084.7917,283.886,284.923,0,0.176751,0,0,0.00173683,0.00390188,-0.00173683,0,0,0,0,0,0,0,0,0,0.000833056,0,1.28953e-06,2.96878e-07,6.19649e-08,-6.22431e-06,0,2.05679e-08,2.10545e-09,2.20638e-06,0,18.0361,54.799,11.527,0.778828,32.7024,0,13.7895,0.0118754,0,3.28174,0.187481,3.4745,0.000178875,0.0170261,3.26304,0,0.0211355,0,0.00677345,3.26304,0.0127671,3.07533,1.68739,0.000962208,0.0657408,0,0.00352258,0,0.00109391,0.0657408,0.36946,1.28953e-06,6.50906,0.0118754
2084.8750,277.41,278.551,0,0.235435,0,0,0.00140496,0.00323196,-0.00140496,0,0,0,0,0,0,0,0,0,0.000831665,0,1.21113e-06,4.7292e-06,4.73206e-08,1.56483e-05,0,2.20997e-07,1.85136e-09,2.88203e-06,0,17.9626,54.6422,11.5078,0.64987,32.7431,0,13.7665,0.0111821,0,3.28654,0.187168,3.47453,0.000388935,0.0137087,3.26648,0,0.0211046,0,0.0067833,3.26648,0.0127457,3.07533,1.68748,0.000786313,0.0658519,0,0.00351744,0,0.00109551,0.0658519,0.558799,1.21113e-06,6.45488,0.0111821
2084.9583,274.586,275.171,0,0.286752,0,0,0.00123941,0.00217299,-0.00123941,0,0,0,0,0,0,0,0,0,0.000830254,0,1.1461e-06,9.83324e-06,1.83595e-07,2.09372e-05,0,4.79871e-07,5.20987e-09,2.23927e-06,0,17.8952,54.5234,11.4882,0.57136,32.7616,0,13.7431,0.0105188,0,3.29526,0.186851,3.47438,0.000832023,0.0117758,3.26812,0,0.0210731,0,0.00680117,3.26812,0.0127241,3.07533,1.68755,0.00067986,0.0658983,0,0.00351219,0,0.00109842,0.0658983,0.569957,1.1461e-06,6.40696,0.0105188
2085.0417,276.717,277.131,0,0.215578,0,0,0.00127197,0.00212413,-0.00127197,0,0,0,0,0,0,0,0,0,0.000828913,0,1.08963e-06,1.57944e-05,4.72247e-07,2.83675e-05,0,9.39153e-07,9.47273e-09,2.41107e-06,0,17.8312,54.425,11.4697,0.519257,32.7704,0,13.7209,0.00992386,0,3.30418,0.186549,3.47406,0.0012328,0.010498,3.26896,0,0.0210429,0,0.00681941,3.26896,0.0127036,3.07533,1.68762,0.000609084,0.065918,0,0.00350716,0,0.00110139,0.065918,0.969663,1.08963e-06,6.36151,0.00992386
2085.1250,279.89,279.538,0,0.207357,0,0,0.00136044,0.00212609,-0.00136044,0,0,0,0,0,0,0,0,0,0.000827574,0,1.05425e-06,2.31094e-05,7.25812e-07,3.5315e-05,0,1.50578e-06,9.87953e-09,2.59584e-06,0,17.7678,54.3308,11.4512,0.476987,32.774,0,13.6988,0.00936311,0,3.31205,0.186247,3.47356,0.00163797,0.00947073,3.26937,0,0.0210126,0,0.00683537,3.26937,0.012683,3.07533,1.68769,0.000551785,0.0659229,0,0.0035021,0,0.00110402,0.0659229,0.959169,1.05425e-06,6.31663,0.00936311
2085.2083,286.194,285.506,0.131375,0.191201,0.0995102,0.000751368,0.00177034,0.00236786,-0.00101897,2.7592e-06,2.00031e-05,2.21961e-06,2.09993e-07,0.000497259,0.00788744,0.318127,0.102069,0.000858374,0.000826209,7.90482e-07,1.02211e-06,3.50941e-05,1.07651e-06,5.11133e-05,3.59939e-06,2.58026e-06,1.07599e-08,3.10365e-06,2.06309e-07,17.696,54.2192,11.4322,0.435468,32.7722,0.00423738,13.6866,0.00906353,0.00423738,3.31556,0.185942,3.47272,0.00210932,0.0084661,3.26936,0.000169495,0.0209959,0.00010089,0.00684227,3.26936,0.0126621,3.07533,1.68777,0.000495348,0.0659115,1.12997e-05,0.00349932,4.23738e-06,0.00110519,0.0659115,1.28305,1.81259e-06,6.26373,0.0133009
2085.2917,290.754,289.682,4.333,0.151978,2.00537,0.0118905,0.00465398,0.00220658,0.00723651,6.85028e-05,0.000157212,5.68182e-05,3.7812e-06,0.00397042,0.0158971,2.49396,0.57286,0.0164881,0.000828229,1.59906e-05,1.03836e-06,3.02066e-05,1.15767e-06,5.84414e-05,6.91347e-05,3.18348e-06,9.45143e-09,3.04056e-06,4.17194e-06,17.7483,54.2318,11.4535,0.403366,32.7637,0.125903,13.9724,0.0154718,0.125903,3.31651,0.186701,3.47198,0.00197478,0.00769135,3.26877,0.00503611,0.0213929,0.00299768,0.00684421,3.26877,0.012705,3.07533,1.6878,0.0004526,0.0658818,0.000335741,0.00356548,0.000125903,0.0011055,0.0658818,2.62892,1.7029e-05,6.29477,0.141374
2085.3750,297.165,295.865,5.41122,0.186381,2.84468,0.0141723,0.00643865,0.00276505,0.00773363,9.84863e-05,0.000164213,8.35795e-05,3.29591e-06,0.00493721,0.0117695,3.83389,0.446634,0.0198928,0.000834508,2.06629e-05,1.11276e-06,3.34138e-05,3.21286e-07,8.35915e-05,8.32308e-05,3.06091e-06,5.77892e-09,3.8547e-06,5.05802e-06,17.9443,54.3808,11.5254,0.376397,32.7479,0.154017,14.0209,0.0161509,0.154017,3.31227,0.188783,3.47155,0.00133886,0.00703597,3.26756,0.00616069,0.021463,0.00366708,0.00683599,3.26756,0.012829,3.07533,1.68776,0.0004171,0.0658331,0.000410713,0.00357716,0.000154017,0.00110409,0.0658331,3.67851,2.17757e-05,6.41886,0.170168
2085.4583,299.933,298.722,5.40073,0.187728,3.09643,0.0146247,0.0071399,0.00287174,0.00748484,0.00011253,0.000162625,9.62712e-05,2.89196e-06,0.00539181,0.0116699,4.46993,0.395343,0.020575,0.000841602,2.16103e-05,1.21052e-06,3.06553e-05,1.75243e-07,9.40375e-05,8.59689e-05,2.87122e-06,4.50288e-09,3.94288e-06,5.23978e-06,18.152,54.5338,11.607,0.353161,32.726,0.15376,13.9975,0.015208,0.15376,3.30267,0.1911,3.47132,0.00114774,0.00647231,3.26578,0.00615041,0.0214333,0.00366096,0.00681658,3.26578,0.0129679,3.07533,1.68772,0.000387025,0.0657705,0.000410027,0.00357221,0.00015376,0.00110089,0.0657705,4.01509,2.28208e-05,6.54497,0.168968
2085.5417,300.416,299.239,5.39008,0.0966941,3.26125,0.0119334,0.00668619,0.00202199,0.00524721,9.75964e-05,0.000148706,8.37763e-05,2.19763e-06,0.00544978,0.0121012,4.29425,0.331398,0.0163959,0.000848021,1.72356e-05,1.30039e-06,1.33162e-05,2.66814e-07,6.83197e-05,6.8398e-05,1.63141e-06,3.71107e-09,2.71257e-06,4.15912e-06,18.3208,54.6523,11.6805,0.335012,32.703,0.153499,13.9738,0.0143058,0.153499,3.29346,0.193198,3.47118,0.00131576,0.00603666,3.26383,0.00613997,0.0214027,0.00365474,0.00679784,3.26383,0.0130933,3.07533,1.68768,0.000364144,0.065708,0.000409331,0.00356712,0.000153499,0.00109782,0.065708,3.49955,1.8536e-05,6.64031,0.167805
2085.6250,295.623,295.531,5.37963,0.140256,2.01039,0.009621,0.00569809,0.00186832,0.00392291,8.26485e-05,0.000133704,7.08447e-05,1.97955e-06,0.00522427,0.0123804,3.39899,0.280689,0.012968,0.00085259,1.35952e-05,1.35018e-06,1.60188e-05,2.62367e-07,6.25463e-05,5.40225e-05,2.02665e-06,2.96147e-09,2.43837e-06,3.27576e-06,18.429,54.737,11.7321,0.324474,32.689,0.153243,13.9504,0.0134704,0.153243,3.29458,0.194712,3.47125,0.00133723,0.00578275,3.26262,0.00612971,0.0213724,0.00364864,0.00680038,3.26262,0.013183,3.07533,1.68764,0.000351109,0.0656713,0.000408648,0.00356206,0.000153243,0.00109819,0.0656713,2.59443,1.49453e-05,6.69686,0.166713
2085.7083,289.273,289.771,4.37899,0.185723,0.775468,0.00568291,0.00407229,0.00302433,0.00161062,4.13489e-05,7.69443e-05,3.3974e-05,1.51355e-06,0.00405228,0.00832596,1.98897,0.260422,0.00660365,0.0107173,7.41259e-06,1.33517e-06,2.9102e-05,1.90043e-07,8.57617e-06,9.66933e-05,2.39989e-06,2.19522e-09,1.80811e-06,6.25487e-06,18.4382,54.8206,11.7382,0.40572,32.6826,0.126288,13.9271,0.0126839,0.126288,3.29415,0.194372,3.47227,0.00126277,0.00783283,3.262,0.00505027,0.0213418,0.00300685,0.00679958,3.262,0.0131672,3.0754,1.68763,0.000460062,0.0656573,0.000336656,0.00355697,0.000126288,0.00109805,0.0656573,1.37472,8.74776e-06,6.69999,0.138972
2085.7917,283.757,284.719,0,0.197405,0,0,0.00170704,0.00415477,-0.00170704,0,0,0,0,0,0,0,0,0,0.000838859,0,1.27421e-06,8.87345e-07,5.40798e-08,-1.53988e-06,0,4.11535e-08,2.70789e-09,2.56809e-06,0,18.1464,54.9429,11.6097,0.762749,32.7394,0,13.9039,0.0119432,0,3.29432,0.188094,3.47823,0.000132932,0.0165716,3.26664,0,0.021311,0,0.00679995,3.26664,0.0128201,3.07574,1.68767,0.000939363,0.0658197,0,0.00355183,0,0.00109811,0.0658197,0.41611,1.27421e-06,6.53664,0.0119432
2085.8750,278.451,279.445,0,0.215956,0,0,0.00146593,0.00318226,-0.00146593,0,0,0,0,0,0,0,0,0,0.000837459,0,1.19635e-06,5.65084e-06,1.51725e-07,1.77562e-05,0,2.89079e-07,6.8496e-09,2.91547e-06,0,18.0706,54.7804,11.5904,0.632549,32.7788,0,13.8807,0.0112459,0,3.29844,0.187779,3.47825,0.000425471,0.0132536,3.26998,0,0.0212799,0,0.00680839,3.26998,0.0127987,3.07574,1.68776,0.000761873,0.065926,0,0.00354665,0,0.00109948,0.065926,0.574194,1.19635e-06,6.48025,0.0112459
2085.9583,274.371,274.987,0,0.263698,0,0,0.00121285,0.00212318,-0.00121285,0,0,0,0,0,0,0,0,0,0.000836037,0,1.13299e-06,1.17947e-05,3.03545e-07,2.28294e-05,0,6.08745e-07,9.93122e-09,2.2464e-06,0,18.003,54.666,11.5707,0.560736,32.7946,0,13.8571,0.0105788,0,3.30764,0.187461,3.47806,0.000867512,0.0114947,3.27141,0,0.0212481,0,0.00682725,3.27141,0.012777,3.07574,1.68783,0.000664871,0.0659651,0,0.00354135,0,0.00110255,0.0659651,0.636905,1.13299e-06,6.43236,0.0105788
2086.0417,276.395,276.764,0,0.303011,0,0,0.00127119,0.00217373,-0.00127119,0,0,0,0,0,0,0,0,0,0.000834687,0,1.08036e-06,1.82219e-05,7.59284e-07,3.08257e-05,0,9.42367e-07,1.86425e-08,2.51368e-06,0,17.939,54.5657,11.552,0.508679,32.8023,0,13.8347,0.00998048,0,3.31569,0.187158,3.47768,0.00129997,0.0102218,3.27216,0,0.0212176,0,0.00684367,3.27216,0.0127563,3.07574,1.68791,0.000594072,0.0659812,0,0.00353627,0,0.00110523,0.0659812,0.95268,1.08036e-06,6.38704,0.00998048
2086.1250,281.036,280.537,0,0.222588,0,0,0.00145216,0.00223882,-0.00145216,0,0,0,0,0,0,0,0,0,0.000833339,0,1.04406e-06,2.61016e-05,1.11119e-06,3.93419e-05,0,1.53662e-06,2.01498e-08,2.77919e-06,0,17.8759,54.4708,11.5333,0.467283,32.8047,0,13.8124,0.00941653,0,3.32283,0.186856,3.47709,0.00168198,0.00921939,3.27247,0,0.021187,0,0.00685813,3.27247,0.0127357,3.07574,1.68798,0.000537934,0.0659827,0,0.00353117,0,0.00110761,0.0659827,0.91661,1.04406e-06,6.34259,0.00941653
2086.2083,287.819,287.072,0.7711,0.168752,0.468784,0.00303641,0.00235948,0.00233651,0.000676937,1.29985e-05,5.56311e-05,1.05969e-05,9.05469e-07,0.00121601,0.0107885,0.911733,0.257778,0.00394418,0.000832168,3.71564e-06,1.01051e-06,3.74861e-05,1.52051e-06,5.40063e-05,1.65715e-05,3.26892e-06,1.72152e-08,3.1051e-06,9.81088e-07,17.8079,54.3607,11.5167,0.426918,32.8009,0.0238913,13.8501,0.0102572,0.0238913,3.32498,0.186612,3.47616,0.00214406,0.00824606,3.2723,0.000955652,0.0212394,0.000568841,0.00686222,3.2723,0.0127185,3.07574,1.68806,0.000483319,0.0659654,6.37101e-05,0.00353991,2.38913e-05,0.00110833,0.0659654,1.3218,4.72614e-06,6.29118,0.0341485
2086.2917,294.273,292.035,5.00587,0.102429,3.01891,0.0116704,0.00528971,0.00186509,0.00638067,7.70575e-05,0.000155055,6.47016e-05,3.37525e-06,0.00465069,0.0163121,2.861,0.465068,0.0160826,0.000835535,1.60707e-05,1.04501e-06,1.20508e-05,1.15375e-06,4.9621e-05,6.73033e-05,1.50549e-06,9.67169e-09,2.56029e-06,4.06691e-06,17.9034,54.4202,11.5539,0.398437,32.7915,0.143797,14.1321,0.0164781,0.143797,3.32679,0.187778,3.47563,0.00179839,0.0075621,3.27163,0.00575188,0.0216318,0.00342374,0.00686616,3.27163,0.012786,3.07574,1.68806,0.000445844,0.0659342,0.000383459,0.0036053,0.000143797,0.00110893,0.0659342,3.32719,1.71157e-05,6.34949,0.160275
2086.3750,297.628,296.442,5.3638,0.165563,2.85386,0.0149088,0.00666627,0.00252572,0.0082425,0.000132743,0.000164998,0.000113589,3.40024e-06,0.00627337,0.0104238,3.96519,0.345904,0.0211666,0.000841665,2.21491e-05,1.13497e-06,2.6108e-05,3.89896e-07,7.53988e-05,8.82045e-05,2.89494e-06,5.19377e-09,3.51083e-06,5.39044e-06,18.0799,54.5631,11.624,0.376784,32.7792,0.152854,14.1321,0.0160348,0.152854,3.32721,0.189784,3.4756,0.00122847,0.00703484,3.27069,0.00611417,0.0216348,0.00363939,0.00686756,3.27069,0.0129057,3.07574,1.68801,0.000417363,0.0658962,0.000407612,0.0036058,0.000152854,0.00110907,0.0658962,3.59848,2.32841e-05,6.45591,0.168889
2086.4583,299.693,298.14,5.35341,0.129991,2.98217,0.0134562,0.00680743,0.00196416,0.00664873,0.00016163,0.000162132,0.000139541,2.77617e-06,0.00853014,0.0121674,4.28489,0.246542,0.0188796,0.000848761,1.9917e-05,1.22365e-06,1.06098e-05,2.03248e-07,5.96073e-05,7.80756e-05,1.50969e-06,3.41466e-09,2.65516e-06,4.7957e-06,18.2818,54.7244,11.7055,0.3574,32.7621,0.152599,14.1085,0.0150986,0.152599,3.32309,0.192066,3.47577,0.000970413,0.00656616,3.26931,0.00610396,0.0216048,0.00363331,0.00685944,3.26931,0.0130433,3.07574,1.68794,0.00039228,0.0658464,0.000406931,0.00360079,0.000152599,0.0011077,0.0658464,3.59983,2.11406e-05,6.5763,0.167698
2086.5417,299.911,298.672,5.34287,0.111021,3.13607,0.0116826,0.00660355,0.00195313,0.00507907,0.000133879,0.000147291,0.000115614,2.26271e-06,0.00757572,0.0138819,4.1217,0.23101,0.0161529,0.00085495,1.7065e-05,1.30323e-06,9.40667e-06,1.1651e-07,6.3656e-05,6.68716e-05,1.199e-06,2.48875e-09,2.61588e-06,4.09628e-06,18.442,54.8522,11.7762,0.343257,32.7463,0.15234,14.0846,0.014203,0.15234,3.32062,0.194055,3.47602,0.000898452,0.00622184,3.26799,0.0060936,0.0215739,0.00362715,0.00685462,3.26799,0.0131634,3.07574,1.68789,0.00037391,0.0658025,0.00040624,0.00359565,0.00015234,0.00110687,0.0658025,3.53359,1.83682e-05,6.66582,0.166543
2086.6250,297.36,296.597,5.33252,0.079811,1.28826,0.00496941,0.00466616,0.00101652,0.000303247,4.79886e-05,0.000107475,4.13242e-05,9.42851e-07,0.00559049,0.0205345,2.8803,0.18652,0.00599654,0.000857752,6.29711e-06,1.32162e-06,1.53084e-06,1.56144e-07,2.8474e-05,2.48007e-05,3.30835e-07,2.04368e-09,1.27907e-06,1.47202e-06,18.4789,54.8793,11.8067,0.335759,32.7373,0.152086,14.0611,0.0133735,0.152086,3.32732,0.195014,3.47627,0.00112233,0.00604739,3.26722,0.00608343,0.0215432,0.00362109,0.00686868,3.26722,0.0132192,3.07574,1.68786,0.000364806,0.0657784,0.000405562,0.00359054,0.000152086,0.00110911,0.0657784,1.55114,7.61873e-06,6.67218,0.165459
2086.7083,288.89,289.536,4.34105,0.134456,0.791418,0.00483806,0.00367442,0.00210827,0.00116365,4.63078e-05,7.58451e-05,3.77254e-05,1.26194e-06,0.0051253,0.0105243,2.09902,0.192131,0.00557209,0.0106465,6.39208e-06,1.28639e-06,8.64023e-06,1.33371e-07,-5.07569e-06,9.15763e-05,1.38334e-06,1.66158e-09,1.13636e-06,5.93982e-06,18.4295,54.9285,11.7945,0.42402,32.7383,0.125334,14.0376,0.0125928,0.125334,3.33665,0.194203,3.47767,0.0010279,0.00825763,3.26729,0.00501214,0.0215123,0.00298415,0.00688804,3.26729,0.0131744,3.07581,1.68785,0.000482031,0.0657821,0.000334116,0.00358539,0.000125334,0.00111222,0.0657821,1.32968,7.67847e-06,6.63495,0.137927
2086.7917,284.552,285.148,0,0.186438,0,0,0.00179071,0.00398694,-0.00179071,0,0,0,0,0,0,0,0,0,0.000842425,0,1.22817e-06,5.0855e-08,2.64873e-08,-5.89696e-06,0,3.13155e-09,1.27824e-09,2.36898e-06,0,18.1343,55.0647,11.665,0.799948,32.7895,0,14.0141,0.0118573,0,3.34095,0.187921,3.48387,0.000131756,0.0174327,3.27149,0,0.0214812,0,0.00689691,3.27149,0.0128267,3.07614,1.68788,0.00098425,0.0659275,0,0.00358019,0,0.00111365,0.0659275,0.434697,1.22817e-06,6.46932,0.0118573
2086.8750,279.948,281.115,0,0.228521,0,0,0.00151594,0.00370943,-0.00151594,0,0,0,0,0,0,0,0,0,0.000841018,0,1.15229e-06,4.12935e-06,1.93595e-08,1.56878e-05,0,1.9588e-07,1.03767e-09,3.28778e-06,0,18.0553,54.8896,11.6455,0.656437,32.8343,0,13.9907,0.0111651,0,3.34357,0.187608,3.48391,0.000343836,0.0137665,3.27529,0,0.0214498,0,0.00690223,3.27529,0.0128052,3.07614,1.68798,0.000788226,0.0660483,0,0.00357496,0,0.00111452,0.0660483,0.47138,1.15229e-06,6.40984,0.0111651
2086.9583,277.554,278.205,0,0.249868,0,0,0.00136707,0.00269381,-0.00136707,0,0,0,0,0,0,0,0,0,0.000839591,0,1.08867e-06,1.26459e-05,1.28649e-07,2.79709e-05,0,5.95532e-07,5.6509e-09,2.88515e-06,0,17.986,54.7579,11.6257,0.568421,32.8537,0,13.967,0.0105028,0,3.34979,0.187289,3.48374,0.000854939,0.0116196,3.27706,0,0.0214177,0,0.00691489,3.27706,0.0127835,3.07614,1.68807,0.000669624,0.0660953,0,0.00356961,0,0.0011166,0.0660953,0.657235,1.08867e-06,6.36025,0.0105028
2087.0417,279.083,279.335,0,0.223633,0,0,0.00136336,0.00231608,-0.00136336,0,0,0,0,0,0,0,0,0,0.000838235,0,1.03941e-06,2.24151e-05,7.17645e-07,3.41304e-05,0,1.31106e-06,2.45536e-08,2.73382e-06,0,17.9201,54.6472,11.607,0.510313,32.8613,0,13.9444,0.00990874,0,3.35559,0.186987,3.48329,0.00132568,0.010214,3.27784,0,0.0213869,0,0.00692665,3.27784,0.0127629,3.07614,1.68815,0.000591287,0.0661093,0,0.00356449,0,0.00111853,0.0661093,0.785712,1.03941e-06,6.31313,0.00990874
2087.1250,282.186,282.002,0,0.215544,0,0,0.00148908,0.00226199,-0.00148908,0,0,0,0,0,0,0,0,0,0.000836881,0,1.00604e-06,3.02173e-05,8.16866e-07,4.34049e-05,0,1.94192e-06,1.80018e-08,2.87773e-06,0,17.8522,54.541,11.5882,0.466359,32.862,0,13.9219,0.00934885,0,3.36041,0.186685,3.48256,0.00172768,0.00915977,3.27805,0,0.021356,0,0.00693627,3.27805,0.0127423,3.07614,1.68823,0.00053241,0.0661046,0,0.00355933,0,0.00112014,0.0661046,1.04851,1.00604e-06,6.26397,0.00934885
2087.2083,288.466,287.649,2.15685,0.191857,0.918702,0.00617427,0.00329591,0.00242165,0.00287836,2.77843e-05,0.000100112,2.24934e-05,2.14025e-06,0.00217581,0.017738,1.51005,0.484105,0.00856108,0.000836507,8.05065e-06,9.88384e-07,4.05557e-05,9.20996e-07,5.89634e-05,3.61424e-05,3.19097e-06,1.40462e-08,3.27592e-06,2.14417e-06,17.8098,54.4572,11.5809,0.429285,32.856,0.0646032,14.0627,0.0125284,0.0646032,3.36211,0.186666,3.48156,0.00198757,0.00826922,3.2777,0.00258413,0.0215514,0.00153817,0.00693951,3.2777,0.0127382,3.07614,1.6883,0.000483253,0.0660809,0.000172275,0.00359189,6.46032e-05,0.0011207,0.0660809,1.84122,9.03903e-06,6.22888,0.0771316
2087.2917,291.255,290.55,5.15599,0.212364,1.73417,0.0128158,0.0053663,0.00251786,0.00744955,8.35084e-05,0.000157701,6.94598e-05,4.39942e-06,0.00447368,0.0132943,2.54516,0.499726,0.0187611,0.000841965,1.89284e-05,1.03539e-06,3.04407e-05,5.80496e-07,7.19313e-05,7.89472e-05,2.38526e-06,1.34156e-08,3.50193e-06,4.75862e-06,17.9528,54.5551,11.6421,0.399111,32.843,0.147723,14.2505,0.0164846,0.147723,3.36015,0.188326,3.48095,0.00140697,0.00754347,3.27674,0.00590892,0.0218139,0.00351722,0.00693585,3.27674,0.0128351,3.07614,1.68829,0.000444005,0.0660389,0.000393928,0.00363565,0.000147723,0.00112005,0.0660389,2.8436,1.99638e-05,6.31063,0.164208
2087.3750,296.736,295.522,5.17115,0.203447,2.73354,0.0147785,0.00654738,0.00277866,0.00823111,0.00012054,0.000165052,0.000102587,3.7074e-06,0.00571454,0.0102276,3.76591,0.398996,0.021902,0.000849702,2.30048e-05,1.1087e-06,2.61366e-05,4.03623e-07,8.68736e-05,9.18797e-05,2.14343e-06,1.58008e-08,3.84142e-06,5.57561e-06,18.1627,54.7136,11.7302,0.37344,32.8241,0.148101,14.2283,0.0155566,0.148101,3.35341,0.190666,3.48081,0.00105586,0.00692353,3.27524,0.00592406,0.0217859,0.00352623,0.00692234,3.27524,0.0129743,3.07614,1.68824,0.000410999,0.0659825,0.000394937,0.00363099,0.000148102,0.0011178,0.0659825,3.7682,2.41135e-05,6.43246,0.163658
2087.4583,302.779,300.385,5.16117,0.103947,3.97709,0.0127636,0.00711245,0.00207974,0.00565117,0.000144395,0.000160502,0.000124603,2.53697e-06,0.00809317,0.0138997,4.58822,0.269941,0.0184297,0.000857253,1.95399e-05,1.22601e-06,1.00817e-05,5.03965e-07,6.59382e-05,7.66892e-05,1.38988e-06,1.04147e-08,2.79642e-06,4.67263e-06,18.3494,54.8534,11.8161,0.35359,32.8039,0.147854,14.2045,0.0146483,0.147854,3.34645,0.19297,3.4809,0.000990332,0.00644728,3.27358,0.00591417,0.0217554,0.00352034,0.00690829,3.27358,0.013112,3.07614,1.68818,0.000385968,0.0659257,0.000394278,0.00362591,0.000147854,0.00111548,0.0659257,4.44306,2.0766e-05,6.53335,0.162503
2087.5417,300.389,299.573,5.15106,0.18665,2.65142,0.0124324,0.00687315,0.0027659,0.00555921,0.000111989,0.000149627,9.62541e-05,2.38438e-06,0.00585494,0.0104441,4.37545,0.321956,0.0179345,0.000863651,1.89999e-05,1.32304e-06,3.00433e-05,1.94448e-07,9.46494e-05,7.50796e-05,2.87748e-06,5.11545e-09,3.68358e-06,4.55498e-06,18.4899,54.9532,11.8883,0.338087,32.7846,0.147603,14.1804,0.0137794,0.147603,3.34058,0.194954,3.48092,0.00105194,0.0060719,3.27194,0.00590413,0.0217242,0.00351436,0.00689636,3.27194,0.0132306,3.07614,1.68813,0.000366375,0.0658736,0.000393609,0.00362069,0.000147603,0.00111353,0.0658736,3.6213,2.03229e-05,6.6016,0.161383
2087.6250,296.26,296.215,5.14113,0.161891,1.92749,0.009701,0.00572939,0.00230201,0.00397162,6.79555e-05,0.000133521,5.79267e-05,1.9832e-06,0.00426918,0.0133073,3.57555,0.363242,0.0135738,0.00086897,1.42695e-05,1.37268e-06,3.07264e-05,2.00123e-07,8.13537e-05,5.70646e-05,3.45293e-06,3.26537e-09,3.00671e-06,3.42893e-06,18.6072,55.0236,11.948,0.323981,32.7614,0.147357,14.1567,0.0129747,0.147357,3.33102,0.19665,3.48056,0.00139062,0.00573431,3.26991,0.00589427,0.0216931,0.00350849,0.00687669,3.26991,0.0133305,3.07614,1.68811,0.000348808,0.0658138,0.000392951,0.00361551,0.000147357,0.00111034,0.0658138,2.532,1.56421e-05,6.6592,0.160331
2087.7083,289.306,290.042,4.18685,0.165921,0.875635,0.00577659,0.00400071,0.00300506,0.00177588,3.63552e-05,7.87173e-05,3.06076e-05,1.49208e-06,0.00365102,0.00843277,2.12911,0.315907,0.00717083,0.0103552,7.88279e-06,1.35945e-06,3.04388e-05,1.74597e-07,1.14063e-05,9.61441e-05,3.065e-06,2.40444e-09,1.78876e-06,6.19209e-06,18.6212,55.1007,11.9584,0.400932,32.7514,0.121437,14.1331,0.0122172,0.121437,3.32722,0.196444,3.48129,0.00134088,0.00768632,3.26895,0.00485624,0.0216618,0.00289136,0.00686884,3.26895,0.0133217,3.07621,1.68811,0.000452286,0.0657913,0.00032372,0.00361029,0.000121437,0.00110907,0.0657913,1.28972,9.24224e-06,6.66276,0.133654
2087.7917,281.762,282.982,0,0.198043,0,0,0.00152668,0.00381704,-0.00152668,0,0,0,0,0,0,0,0,0,0.000856251,0,1.29336e-06,1.36817e-06,5.30613e-08,-3.1683e-06,0,6.93131e-08,1.97821e-09,2.24561e-06,0,18.3423,55.2247,11.835,0.747162,32.8062,0,14.1095,0.0115037,0,3.32906,0.190417,3.4871,0.000173069,0.0162122,3.27342,0,0.0216302,0,0.00687257,3.27342,0.0129883,3.07654,1.68814,0.000918661,0.0659484,0,0.00360504,0,0.00110969,0.0659484,0.564908,1.29336e-06,6.50726,0.0115037
2087.8750,273.616,275.116,0,0.194167,0,0,0.00113815,0.00225048,-0.00113815,0,0,0,0,0,0,0,0,0,0.000854821,0,1.21434e-06,3.28404e-06,6.21642e-08,1.24356e-05,0,1.78243e-07,2.44139e-09,1.97275e-06,0,18.2748,55.0882,11.8153,0.636035,32.8411,0,14.0859,0.0108321,0,3.33624,0.190099,3.48712,0.00040866,0.0133612,3.27636,0,0.0215984,0,0.00688726,3.27636,0.0129666,3.07654,1.68822,0.000767916,0.0660439,0,0.00359974,0,0.00111208,0.0660439,0.40471,1.21434e-06,6.45954,0.0108321
2087.9583,275.938,276.195,0,0.35267,0,0,0.00124731,0.00248085,-0.00124731,0,0,0,0,0,0,0,0,0,0.00085337,0,1.13765e-06,1.05098e-05,1.41817e-07,2.26995e-05,0,5.2595e-07,4.1146e-09,2.53551e-06,0,18.2091,54.9844,11.7952,0.570694,32.8571,0,14.062,0.0101895,0,3.34756,0.189776,3.487,0.000807017,0.01174,3.27776,0,0.021566,0,0.00691043,3.27776,0.0129446,3.07654,1.68828,0.000678973,0.0660848,0,0.00359433,0,0.00111586,0.0660848,0.555954,1.13765e-06,6.41388,0.0101895
2088.0417,274.723,275.292,0,0.261363,0,0,0.00111508,0.00209838,-0.00111508,0,0,0,0,0,0,0,0,0,0.000851992,0,1.08279e-06,1.58136e-05,4.32334e-07,2.77977e-05,0,8.49352e-07,8.98628e-09,2.35916e-06,0,18.1487,54.8885,11.7762,0.516862,32.8664,0,14.0393,0.00961322,0,3.3565,0.18947,3.48669,0.00123468,0.0104177,3.27863,0,0.0215349,0,0.00692861,3.27863,0.0129237,3.07654,1.68835,0.000605527,0.0661064,0,0.00358914,0,0.00111883,0.0661064,0.749827,1.08279e-06,6.37256,0.00961322
2088.1250,280.907,280.439,0,0.223936,0,0,0.00140294,0.00226477,-0.00140294,0,0,0,0,0,0,0,0,0,0.000850616,0,1.0474e-06,2.472e-05,1.05526e-06,3.82226e-05,0,1.4852e-06,1.63058e-08,2.74601e-06,0,18.0854,54.791,11.7571,0.471755,32.8703,0,14.0166,0.00907003,0,3.36352,0.189164,3.48616,0.00166286,0.00931756,3.27907,0,0.0215036,0,0.00694274,3.27907,0.0129028,3.07654,1.68842,0.000543869,0.0661123,0,0.00358393,0,0.00112117,0.0661123,1.15774,1.0474e-06,6.32825,0.00907003
2088.2083,287.706,286.625,0.0502772,0.191782,0.0510117,0.000344855,0.0017618,0.00246312,-0.00141694,1.10788e-06,1.04e-05,8.96886e-07,7.28727e-08,0.000277946,0.00581264,0.220799,0.0547865,0.000345819,0.000849198,3.34421e-07,1.02507e-06,3.75324e-05,1.47894e-06,5.50627e-05,1.44399e-06,2.77223e-06,1.66551e-08,3.21724e-06,8.10971e-08,18.0126,54.6772,11.7375,0.430262,32.8679,0.00163966,13.9972,0.00863119,0.00163966,3.36642,0.188849,3.48525,0.00215089,0.00831205,3.27899,6.55862e-05,0.0214766,3.90394e-05,0.00694829,3.27899,0.0128813,3.07654,1.68851,0.000487498,0.0660996,4.37241e-06,0.00357943,1.63966e-06,0.00112214,0.0660996,1.37168,1.3595e-06,6.2751,0.0102708
2088.2917,292.443,291.333,4.53336,0.149619,2.44275,0.0123366,0.0047118,0.00231856,0.00762484,6.4911e-05,0.000157942,5.3974e-05,3.42079e-06,0.00360872,0.0142216,2.83313,0.608001,0.0168058,0.000850524,1.6534e-05,1.0482e-06,3.51284e-05,1.43805e-06,6.34732e-05,7.03419e-05,3.96688e-06,1.24664e-08,3.1769e-06,4.25549e-06,18.0577,54.6783,11.7507,0.397557,32.8576,0.130364,14.2835,0.0151,0.130364,3.36539,0.189537,3.4843,0.00203932,0.00752032,3.27826,0.00521455,0.021874,0.0031039,0.00694603,3.27826,0.0129201,3.07654,1.68855,0.000443989,0.0660656,0.000347637,0.00364566,0.000130364,0.0011218,0.0660656,3.06982,1.75822e-05,6.30701,0.145464
2088.3750,297.207,295.719,6.08157,0.147908,3.27276,0.0151473,0.0063864,0.00236545,0.00876092,0.000123601,0.000165321,0.000105508,3.4627e-06,0.00577497,0.00979566,3.8044,0.375086,0.0209567,0.000856095,2.17686e-05,1.13705e-06,2.0988e-05,5.29857e-07,7.12984e-05,8.71822e-05,2.73516e-06,6.47569e-09,3.25823e-06,5.33668e-06,18.2797,54.8585,11.8145,0.373605,32.8425,0.170175,14.356,0.0163417,0.170175,3.36268,0.191718,3.48402,0.00134578,0.00693921,3.27707,0.00680698,0.0219772,0.00405178,0.00694092,3.27707,0.0130506,3.07654,1.68849,0.000412665,0.0660201,0.000453799,0.00366286,0.000170175,0.00112089,0.0660201,3.92103,2.29057e-05,6.46522,0.186516
2088.4583,301.259,299.059,6.06959,0.0847635,3.48387,0.0116005,0.00645033,0.00156154,0.0051502,0.000129227,0.000153483,0.000111537,2.25352e-06,0.00791818,0.0171653,4.17807,0.24184,0.0155413,0.000861757,1.6327e-05,1.24838e-06,4.8131e-06,2.86379e-07,4.65587e-05,6.41272e-05,7.76557e-07,4.06413e-09,2.09067e-06,3.93087e-06,18.4756,55.0233,11.8794,0.357266,32.8282,0.16989,14.332,0.0153877,0.16989,3.36228,0.193847,3.48428,0.00103583,0.00654611,3.27591,0.00679562,0.0219466,0.00404501,0.00694053,3.27591,0.013179,3.07654,1.68842,0.000391766,0.0659788,0.000453041,0.00365777,0.00016989,0.00112076,0.0659788,3.80696,1.75754e-05,6.59614,0.185278
2088.5417,299.693,298.954,6.05745,0.179246,2.69308,0.01259,0.00681193,0.00257584,0.00577807,0.000108044,0.000149709,9.28501e-05,2.3243e-06,0.00573527,0.0116053,4.23908,0.312905,0.0170135,0.000866083,1.78692e-05,1.32509e-06,2.74665e-05,1.04992e-07,8.53033e-05,7.06969e-05,2.73861e-06,2.61996e-09,3.45004e-06,4.32092e-06,18.596,55.1134,11.9284,0.343699,32.8131,0.169602,14.3077,0.0144749,0.169602,3.36067,0.195472,3.48429,0.00102735,0.00621169,3.27464,0.00678408,0.0219153,0.00403814,0.0069375,3.27464,0.0132763,3.07654,1.68838,0.000374027,0.0659371,0.000452272,0.00365255,0.000169602,0.00112022,0.0659371,3.6458,1.91942e-05,6.6676,0.184077
2088.6250,294.889,294.704,6.04552,0.120798,2.21371,0.00995343,0.00565193,0.0018471,0.0043015,8.15265e-05,0.000134074,6.97731e-05,2.08346e-06,0.00502923,0.0123284,3.25633,0.287168,0.0131193,0.000870493,1.36893e-05,1.37437e-06,9.55447e-06,1.68408e-07,6.22263e-05,5.45358e-05,1.57601e-06,2.01428e-09,2.41869e-06,3.31586e-06,18.7296,55.2097,11.9783,0.330546,32.7938,0.169319,14.2838,0.0136295,0.169319,3.3557,0.197104,3.48426,0.00134681,0.00589433,3.27298,0.00677275,0.0218842,0.0040314,0.00692741,3.27298,0.0133735,3.07654,1.68835,0.000357492,0.0658865,0.000451517,0.00364736,0.000169319,0.00111857,0.0658865,2.60864,1.50637e-05,6.75125,0.182948
2088.7083,288.832,289.515,4.91458,0.168683,1.01068,0.00625919,0.00411767,0.00289106,0.00214152,4.58952e-05,7.57735e-05,3.8492e-05,1.62202e-06,0.00418852,0.00743036,2.00286,0.256761,0.00726828,0.0117696,8.09887e-06,1.3669e-06,2.92187e-05,1.22739e-07,1.01293e-05,0.000106325,2.81101e-06,1.59877e-09,1.74903e-06,6.89482e-06,18.7467,55.3143,11.98,0.423742,32.7878,0.139536,14.2599,0.0128338,0.139536,3.3561,0.19668,3.48544,0.00118731,0.00824745,3.2724,0.00558034,0.0218528,0.00332229,0.00692831,3.2724,0.0133537,3.07661,1.68834,0.000482491,0.0658731,0.000371987,0.00364213,0.000139536,0.0011187,0.0658731,1.54896,9.46576e-06,6.76676,0.15237
2088.7917,284.74,285.277,0,0.189695,0,0,0.00186515,0.00418371,-0.00186515,0,0,0,0,0,0,0,0,0,0.000854806,0,1.30209e-06,1.4938e-07,2.37225e-08,-5.27318e-06,0,1.01741e-08,1.2887e-09,2.40526e-06,0,18.433,55.4753,11.8378,0.84169,32.8429,0,14.2361,0.0120843,0,3.35777,0.189751,3.4922,0.000114437,0.0185123,3.27689,0,0.0218211,0,0.00693175,3.27689,0.012971,3.07699,1.68837,0.00104396,0.0660309,0,0.00363686,0,0.00111926,0.0660309,0.386986,1.30209e-06,6.59524,0.0120843
2088.8750,279.113,280.297,0,0.227129,0,0,0.00146075,0.00367641,-0.00146075,0,0,0,0,0,0,0,0,0,0.000853379,0,1.22156e-06,3.50557e-06,2.26569e-08,1.30459e-05,0,1.70054e-07,1.24033e-09,3.18488e-06,0,18.3543,55.2988,11.818,0.693097,32.8904,0,14.2123,0.0113788,0,3.36097,0.189434,3.49226,0.00029087,0.0146812,3.28091,0,0.0217893,0,0.00693826,3.28091,0.0129494,3.07699,1.68847,0.000841002,0.0661603,0,0.00363155,0,0.00112032,0.0661603,0.556278,1.22156e-06,6.53627,0.0113788
2088.9583,275.44,276.3,0,0.229024,0,0,0.00107301,0.00263015,-0.00107301,0,0,0,0,0,0,0,0,0,0.00085193,0,1.14546e-06,1.01762e-05,1.32404e-07,2.22445e-05,0,4.94197e-07,5.2628e-09,2.71228e-06,0,18.2882,55.1707,11.798,0.601207,32.9128,0,14.1882,0.0107038,0,3.3685,0.189113,3.49213,0.000728957,0.0124221,3.28291,0,0.0217567,0,0.00695364,3.28291,0.0129274,3.07699,1.68856,0.000716191,0.0662158,0,0.00362611,0,0.00112283,0.0662158,0.316679,1.14546e-06,6.49025,0.0107038
2089.0417,275.893,276.503,0,0.258518,0,0,0.00118918,0.00235214,-0.00118918,0,0,0,0,0,0,0,0,0,0.000850554,0,1.07382e-06,1.61225e-05,8.41538e-07,2.98906e-05,0,7.61953e-07,2.69449e-08,2.68209e-06,0,18.2284,55.0674,11.7789,0.539783,32.9233,0,14.1653,0.0100984,0,3.37591,0.188807,3.49181,0.00117953,0.0109239,3.28393,0,0.0217254,0,0.0069687,3.28393,0.0129065,3.07699,1.68863,0.000632759,0.0662383,0,0.00362091,0,0.0011253,0.0662383,0.289202,1.07382e-06,6.44953,0.0100984
2089.1250,282.516,281.982,0,0.199261,0,0,0.00152423,0.00238119,-0.00152423,0,0,0,0,0,0,0,0,0,0.000849181,0,1.02326e-06,2.68513e-05,1.32163e-06,3.92506e-05,0,1.74346e-06,3.06938e-08,2.93602e-06,0,18.1627,54.9638,11.7599,0.491735,32.9271,0,14.1424,0.0095278,0,3.38222,0.188502,3.49123,0.00158403,0.00976165,3.2844,0,0.0216941,0,0.00698143,3.2844,0.0128857,3.07699,1.68871,0.000567734,0.0662421,0,0.00361568,0,0.00112741,0.0662421,0.98161,1.02326e-06,6.40283,0.0095278
2089.2083,288.369,287.516,1.17952,0.199986,0.688381,0.00391224,0.00268723,0.00258673,0.00122501,1.54232e-05,7.09619e-05,1.24854e-05,1.17101e-06,0.00144654,0.0134447,1.14491,0.355208,0.00505736,0.000848195,4.76622e-06,1.00188e-06,3.835e-05,1.16877e-06,5.67136e-05,2.12527e-05,2.67332e-06,1.84005e-08,3.43159e-06,1.25754e-06,18.1012,54.8558,11.7454,0.446471,32.9243,0.0360833,14.2099,0.0110501,0.0360833,3.38382,0.188322,3.49027,0.00194588,0.00867443,3.28434,0.00144333,0.0217877,0.000859126,0.00698439,3.28434,0.012872,3.07699,1.6888,0.000506714,0.0662259,9.62221e-05,0.00363128,3.60833e-05,0.00112794,0.0662259,1.80477,5.7681e-06,6.35587,0.0471334
2089.2917,291.738,291.063,5.03639,0.207565,1.98938,0.0132466,0.00533104,0.0026202,0.00791559,7.32486e-05,0.000158185,6.07608e-05,4.03965e-06,0.00377228,0.0130603,2.64977,0.588197,0.0186418,0.000851948,1.85917e-05,1.04143e-06,3.50441e-05,8.61899e-07,7.11587e-05,7.82099e-05,2.75168e-06,1.80812e-08,3.63168e-06,4.73109e-06,18.2084,54.9125,11.7871,0.410502,32.9126,0.144687,14.4604,0.0165193,0.144687,3.38109,0.18961,3.48951,0.00157845,0.00781001,3.28353,0.00578747,0.0221366,0.00344492,0.00697898,3.28353,0.0129467,3.07699,1.68881,0.000459263,0.0661859,0.000385831,0.00368944,0.000144687,0.00112703,0.0661859,2.97482,1.96331e-05,6.42122,0.161206
2089.3750,297.432,295.97,5.20837,0.153919,3.18223,0.0148627,0.00658081,0.00252254,0.00828191,0.000147864,0.000165182,0.000126805,3.48385e-06,0.00698997,0.00994152,3.86832,0.314231,0.0211743,0.00085904,2.22097e-05,1.12666e-06,2.22935e-05,4.98317e-07,7.50453e-05,8.79689e-05,2.59097e-06,1.23128e-08,3.49249e-06,5.38909e-06,18.4286,55.086,11.8685,0.384058,32.8964,0.149023,14.4478,0.0158077,0.149023,3.37701,0.19191,3.48933,0.000992641,0.00717231,3.28229,0.00596093,0.022122,0.00354817,0.006971,3.28229,0.0130844,3.07699,1.68876,0.000424973,0.0661359,0.000397396,0.003687,0.000149023,0.00112567,0.0661359,3.82743,2.33363e-05,6.56002,0.164831
2089.4583,299.886,298.137,5.19831,0.120529,3.45743,0.0139113,0.00683049,0.0023246,0.00708078,0.000156237,0.000163616,0.000134697,2.88757e-06,0.00802326,0.012409,4.33688,0.266709,0.0196657,0.000866408,2.07462e-05,1.22796e-06,1.43687e-05,2.05141e-07,7.50463e-05,8.14546e-05,1.37338e-06,5.89697e-09,3.18596e-06,4.99751e-06,18.6416,55.2516,11.9532,0.362723,32.8768,0.148774,14.4237,0.0148848,0.148774,3.37043,0.194266,3.48944,0.000860356,0.00665762,3.2807,0.00595098,0.0220911,0.00354225,0.00695773,3.2807,0.0132268,3.07699,1.6887,0.000397609,0.0660794,0.000396732,0.00368184,0.000148774,0.00112348,0.0660794,3.95838,2.19741e-05,6.68841,0.163659
2089.5417,301.489,299.964,5.18812,0.162768,2.27841,0.010782,0.00685722,0.00243329,0.00392473,0.000104201,0.000145748,8.97931e-05,1.96515e-06,0.00659604,0.0160824,4.29583,0.290524,0.014679,0.000871862,1.54711e-05,1.30876e-06,2.22291e-05,1.65339e-07,7.96203e-05,6.0973e-05,2.05736e-06,3.64216e-09,3.2498e-06,3.70973e-06,18.7664,55.3433,12.0151,0.347494,32.8603,0.148522,14.3992,0.0140018,0.148522,3.36908,0.196033,3.48961,0.00101842,0.00629118,3.27931,0.00594088,0.0220593,0.00353624,0.00695517,3.27931,0.0133326,3.07699,1.68866,0.000378626,0.0660338,0.000396059,0.00367655,0.000148522,0.00112303,0.0660338,3.12934,1.67798e-05,6.7513,0.162524
2089.6250,296.734,296.621,5.17811,0.166093,2.21534,0.00974706,0.00587101,0.00246567,0.00387605,5.78441e-05,0.000133323,4.91339e-05,1.87951e-06,0.00360059,0.011886,3.59794,0.41203,0.0131829,0.000876414,1.37527e-05,1.34792e-06,3.46321e-05,1.36398e-07,8.60508e-05,5.52704e-05,3.49997e-06,2.51606e-09,3.25701e-06,3.33006e-06,18.8664,55.3937,12.0664,0.331541,32.8367,0.148274,14.3752,0.0131841,0.148274,3.35901,0.197541,3.48915,0.00148247,0.00590452,3.27728,0.00593096,0.0220277,0.00353033,0.00693445,3.27728,0.0134214,3.07699,1.68865,0.000358393,0.0659718,0.000395397,0.00367129,0.000148274,0.00111967,0.0659718,2.69492,1.51006e-05,6.80006,0.161458
2089.7083,290.229,290.711,4.21666,0.185904,1.04388,0.00605614,0.00421605,0.00328582,0.00184009,3.46474e-05,7.89481e-05,2.91114e-05,1.48482e-06,0.00335136,0.00852153,2.20609,0.343876,0.00728101,0.0104216,7.98426e-06,1.34269e-06,3.52343e-05,1.3387e-07,1.2863e-05,9.70938e-05,2.99255e-06,2.12807e-09,2.02354e-06,6.26129e-06,18.8798,55.4666,12.0752,0.406607,32.826,0.122193,14.3512,0.0124144,0.122193,3.35412,0.197301,3.4897,0.00137804,0.00780855,3.27629,0.00488628,0.0219959,0.00290936,0.00692434,3.27629,0.013411,3.07706,1.68865,0.000459194,0.0659469,0.000325713,0.00366599,0.000122193,0.00111804,0.0659469,1.56461,9.32695e-06,6.8046,0.134607
2089.7917,284.14,285.21,0,0.204371,0,0,0.0017915,0.00429675,-0.0017915,0,0,0,0,0,0,0,0,0,0.000863494,0,1.28669e-06,1.69887e-06,5.35436e-08,-1.49046e-07,0,8.30254e-08,2.27474e-09,2.71855e-06,0,18.5956,55.5738,11.9519,0.73849,32.8861,0,14.3272,0.0116894,0,3.35368,0.191259,3.49551,0.000170578,0.0159518,3.2812,0,0.0219639,0,0.00692337,3.2812,0.0130769,3.07738,1.6887,0.000903961,0.066118,0,0.00366065,0,0.0011179,0.066118,0.620903,1.28669e-06,6.64361,0.0116894
2089.8750,276.026,277.171,0,0.261137,0,0,0.00132894,0.00294689,-0.00132894,0,0,0,0,0,0,0,0,0,0.000862052,0,1.21673e-06,6.74154e-06,2.94164e-07,1.98954e-05,0,3.17396e-07,1.2032e-08,2.769e-06,0,18.5227,55.4203,11.932,0.617198,32.9216,0,14.3033,0.0110069,0,3.35879,0.19094,3.4955,0.000525801,0.0128665,3.28423,0,0.0219317,0,0.00693376,3.28423,0.013055,3.07738,1.68879,0.000739192,0.0662136,0,0.00365528,0,0.0011196,0.0662136,0.540562,1.21673e-06,6.59073,0.0110069
2089.9583,275.671,276.568,0,0.320078,0,0,0.00122694,0.00234102,-0.00122694,0,0,0,0,0,0,0,0,0,0.000860589,0,1.14469e-06,1.4347e-05,6.54668e-07,2.76461e-05,0,7.60672e-07,2.08286e-08,2.52056e-06,0,18.4531,55.3002,11.9117,0.543869,32.9365,0,14.279,0.010354,0,3.36676,0.190616,3.49524,0.0010259,0.0110615,3.28558,0,0.0218987,0,0.00694999,3.28558,0.0130329,3.07738,1.68887,0.000639548,0.0662496,0,0.00364978,0,0.00112225,0.0662496,0.589356,1.14469e-06,6.54135,0.010354
2090.0417,279.815,279.755,0,0.245483,0,0,0.00146256,0.00233764,-0.00146256,0,0,0,0,0,0,0,0,0,0.000859199,0,1.08902e-06,2.29711e-05,9.60766e-07,3.58482e-05,0,1.32355e-06,2.2659e-08,2.74858e-06,0,18.3887,55.2003,11.8925,0.494577,32.9425,0,14.2559,0.0097684,0,3.37463,0.190308,3.49475,0.00143867,0.00985749,3.28618,0,0.0218671,0,0.00696597,3.28618,0.0130118,3.07738,1.68894,0.000572848,0.0662611,0,0.00364451,0,0.00112488,0.0662611,0.751697,1.08902e-06,6.49615,0.0097684
2090.1250,280.919,280.864,0,0.228367,0,0,0.00143412,0.0021759,-0.00143412,0,0,0,0,0,0,0,0,0,0.000857811,0,1.04855e-06,2.96754e-05,1.25568e-06,4.34177e-05,0,1.78604e-06,2.20942e-08,2.75112e-06,0,18.3203,55.0958,11.8733,0.452663,32.9429,0,14.2329,0.00921644,0,3.38001,0.190001,3.49402,0.00185821,0.00884292,3.28634,0,0.0218353,0,0.00697671,3.28634,0.0129908,3.07738,1.68902,0.00051626,0.0662568,0,0.00363922,0,0.00112667,0.0662568,0.977256,1.04855e-06,6.44698,0.00921644
2090.2083,287.942,287.219,1.71884,0.176771,0.862958,0.00541001,0.0029099,0.00230201,0.00250011,2.30317e-05,8.4256e-05,1.86823e-05,1.73115e-06,0.00170699,0.0145905,1.31839,0.413519,0.00717219,0.000857003,6.63516e-06,1.02804e-06,3.9374e-05,1.49196e-06,5.73283e-05,3.00864e-05,3.40491e-06,1.80305e-08,3.08604e-06,1.79951e-06,18.2688,55.0051,11.8609,0.417478,32.9366,0.0517362,14.34,0.011659,0.0517362,3.38217,0.189888,3.49299,0.00218641,0.00799087,3.28594,0.00206945,0.0219839,0.00123182,0.00698081,3.28594,0.0129812,3.07738,1.68909,0.000469227,0.0662337,0.000137963,0.00366398,5.17362e-05,0.00112739,0.0662337,1.79368,7.6632e-06,6.40786,0.0633953
2090.2917,295.002,293.232,5.42254,0.116182,3.18087,0.012896,0.00570306,0.00207959,0.0071929,8.46635e-05,0.00015872,7.13526e-05,3.40591e-06,0.00458106,0.0134673,3.1735,0.474245,0.0177319,0.000861123,1.79641e-05,1.08157e-06,2.09016e-05,9.14775e-07,5.99717e-05,7.40544e-05,2.11732e-06,1.00188e-08,2.86819e-06,4.49477e-06,18.4029,55.0997,11.9072,0.390424,32.9243,0.154275,14.5757,0.0167531,0.154275,3.38204,0.191376,3.49237,0.00165978,0.00733769,3.28501,0.006171,0.0223125,0.00367321,0.00698084,3.28501,0.0130685,3.07738,1.68908,0.000433902,0.066195,0.0004114,0.00371875,0.000154275,0.00112735,0.066195,3.59701,1.90457e-05,6.49566,0.171028
2090.3750,303.143,299.412,5.49984,0.0649147,2.85223,0.00836722,0.00600591,0.0013382,0.0023613,7.8483e-05,0.000118328,6.73411e-05,1.81011e-06,0.00532817,0.0168894,2.98411,0.223833,0.0109248,0.000866193,1.13993e-05,1.16712e-06,1.92152e-06,5.72432e-07,3.69912e-05,4.52546e-05,3.71735e-07,5.70913e-09,1.80666e-06,2.75137e-06,18.5511,55.2273,11.9649,0.374151,32.9144,0.156183,14.5569,0.0158946,0.156183,3.3876,0.193139,3.49263,0.00131516,0.00694842,3.28424,0.00624734,0.0222892,0.00371865,0.00699282,3.28424,0.0131736,3.07738,1.68902,0.000413421,0.0661651,0.000416489,0.00371487,0.000156183,0.0011292,0.0661651,3.01402,1.25664e-05,6.58627,0.172078
2090.4583,301.921,300.429,5.48915,0.126169,2.65563,0.0104673,0.00624735,0.00185747,0.00421991,8.44155e-05,0.000146103,7.24867e-05,1.8743e-06,0.00557857,0.0196006,4.28869,0.323965,0.013915,0.000868387,1.4578e-05,1.21494e-06,1.43689e-05,3.42399e-07,5.45855e-05,5.78703e-05,1.9648e-06,3.54608e-09,2.50639e-06,3.5092e-06,18.5641,55.229,11.9883,0.362992,32.9069,0.155923,14.5326,0.0149667,0.155923,3.39507,0.193973,3.49269,0.00139399,0.00667314,3.28364,0.0062369,0.022258,0.00371244,0.00700862,3.28364,0.0132213,3.07738,1.68901,0.00039886,0.0661425,0.000415794,0.00370967,0.000155923,0.00113169,0.0661425,3.47088,1.57929e-05,6.5758,0.170889
2090.5417,303.601,301.464,5.47831,0.0705624,2.1138,0.00629942,0.00569653,0.00139106,0.000602885,5.08324e-05,9.99405e-05,4.37127e-05,1.06014e-06,0.00410032,0.0205185,3.09594,0.22215,0.00787912,0.000872722,8.26282e-06,1.28545e-06,4.35536e-06,2.33193e-07,4.21192e-05,3.27126e-05,6.53831e-07,2.51927e-09,1.83824e-06,1.9715e-06,18.6656,55.3039,12.0371,0.350611,32.8929,0.155658,14.5079,0.0140788,0.155658,3.39478,0.195483,3.49274,0.00138369,0.00636901,3.28249,0.00622632,0.022226,0.00370614,0.00700824,3.28249,0.0133106,3.07738,1.68897,0.00038239,0.0661033,0.000415088,0.00370433,0.000155658,0.00113159,0.0661033,2.30239,9.54828e-06,6.62848,0.169737
2090.6250,297.129,296.822,5.46767,0.0816656,1.18395,0.00471616,0.00441665,0.00119769,0.000299513,2.52205e-05,8.90938e-05,2.14009e-05,8.47122e-07,0.00284105,0.0249841,2.52217,0.28069,0.00540383,0.000872715,5.56575e-06,1.25326e-06,7.61892e-06,2.69168e-07,3.65793e-05,2.25497e-05,1.33382e-06,1.94317e-09,1.57525e-06,1.33336e-06,18.6019,55.239,12.0343,0.344515,32.887,0.155398,14.4837,0.0132566,0.155398,3.40559,0.195615,3.49273,0.00187766,0.00622394,3.28199,0.00621592,0.0221942,0.00369995,0.00703073,3.28199,0.0133153,3.07738,1.68898,0.00037488,0.0660871,0.000414395,0.00369903,0.000155398,0.0011352,0.0660871,1.51542,6.81901e-06,6.56765,0.168655
2090.7083,291.169,291.454,4.44987,0.157547,0.918644,0.00554903,0.00407013,0.00287121,0.0014789,3.47698e-05,7.64941e-05,2.93241e-05,1.24734e-06,0.00371288,0.00816277,2.27303,0.294489,0.00630305,0.0108749,7.0401e-06,1.24119e-06,3.10224e-05,1.85989e-07,3.49033e-07,9.61742e-05,3.40119e-06,1.52472e-09,1.69242e-06,6.22688e-06,18.5719,55.2956,12.0257,0.428313,32.8855,0.128064,14.4595,0.0124827,0.128064,3.40989,0.19493,3.49367,0.00154321,0.00832819,3.28183,0.00512139,0.0221621,0.00304914,0.00703963,3.28183,0.013278,3.07745,1.68898,0.000486081,0.0660845,0.000341388,0.00369369,0.000128064,0.00113663,0.0660845,1.571,8.28129e-06,6.54612,0.140547
2090.7917,283.282,284.216,0,0.207753,0,0,0.00160228,0.00425549,-0.00160228,0,0,0,0,0,0,0,0,0,0.000857424,0,1.18985e-06,4.13482e-07,3.11834e-08,-3.62658e-06,0,1.97261e-08,1.12863e-09,2.67063e-06,0,18.2774,55.4251,11.894,0.792957,32.9433,0,14.4353,0.0117537,0,3.41142,0.188543,3.49964,0.00017857,0.017281,3.28659,0,0.0221299,0,0.00704272,3.28659,0.0129247,3.0778,1.68903,0.000974625,0.0662478,0,0.00368831,0,0.00113714,0.0662478,0.451136,1.18985e-06,6.3834,0.0117537
2090.8750,279.522,280.402,0,0.233048,0,0,0.00142409,0.00355366,-0.00142409,0,0,0,0,0,0,0,0,0,0.000855992,0,1.12113e-06,5.81621e-06,3.92309e-08,1.98556e-05,0,2.73889e-07,1.53788e-09,3.32665e-06,0,18.2049,55.2583,11.8741,0.653083,32.9854,0,14.4112,0.0110675,0,3.4149,0.188229,3.49966,0.000465795,0.0137101,3.2902,0,0.0220973,0,0.00704973,3.2902,0.0129031,3.0778,1.68912,0.000783986,0.0663601,0,0.00368289,0,0.0011383,0.0663601,0.527342,1.12113e-06,6.33082,0.0110675
2090.9583,275.027,275.671,0,0.263387,0,0,0.00118466,0.00211853,-0.00118466,0,0,0,0,0,0,0,0,0,0.000854539,0,1.0647e-06,1.28946e-05,2.41312e-07,2.37442e-05,0,6.7967e-07,7.24091e-09,2.29783e-06,0,18.1382,55.1392,11.854,0.575647,33.0018,0,14.3868,0.010411,0,3.42352,0.187909,3.49944,0.000947421,0.0118144,3.29171,0,0.0220641,0,0.00706732,3.29171,0.0128812,3.0778,1.68921,0.000679911,0.0663992,0,0.00367735,0,0.00114117,0.0663992,0.763364,1.0647e-06,6.28421,0.010411
2091.0417,275.886,276.133,0,0.260295,0,0,0.001165,0.00205907,-0.001165,0,0,0,0,0,0,0,0,0,0.000853159,0,1.02359e-06,1.83648e-05,4.58498e-07,2.99503e-05,0,9.34594e-07,1.07906e-08,2.43098e-06,0,18.0765,55.0445,11.8348,0.526311,33.0087,0,14.3635,0.00982213,0,3.43296,0.187606,3.49904,0.00133846,0.0106077,3.2924,0,0.0220323,0,0.00708653,3.2924,0.0128604,3.0778,1.68927,0.000613455,0.0664127,0,0.00367204,0,0.00114432,0.0664127,0.909606,1.02359e-06,6.24166,0.00982213
2091.1250,282.948,282.523,0,0.192136,0,0,0.00141565,0.00235847,-0.00141565,0,0,0,0,0,0,0,0,0,0.000851781,0,9.84205e-07,2.9472e-05,1.00378e-06,4.29426e-05,0,2.04544e-06,1.70557e-08,2.99154e-06,0,18.0122,54.9442,11.8157,0.481858,33.0108,0,14.3403,0.00926713,0,3.43933,0.187303,3.49838,0.00173645,0.0095262,3.29272,0,0.0220003,0,0.00709933,3.29272,0.0128397,3.0778,1.68935,0.000553184,0.0664117,0,0.00366671,0,0.00114645,0.0664117,0.924054,9.84205e-07,6.19653,0.00926713
2091.2083,289.946,288.723,0.295199,0.167606,0.239955,0.0012684,0.0021246,0.00252949,-0.000856195,5.59474e-06,3.01775e-05,4.57772e-06,3.50417e-07,0.000840869,0.00888141,0.61648,0.149177,0.00174853,0.000850462,1.75125e-06,9.58667e-07,4.20882e-05,1.12471e-06,5.953e-05,7.50351e-06,3.76579e-06,1.23231e-08,3.41601e-06,4.23258e-07,17.9397,54.8272,11.7971,0.440931,33.0057,0.00941597,14.3406,0.00928097,0.00941597,3.44083,0.187012,3.49734,0.00223324,0.00853279,3.29246,0.000376639,0.0220006,0.00022419,0.00710196,3.29246,0.0128194,3.0778,1.68945,0.000498215,0.0663898,2.51093e-05,0.00366676,9.41597e-06,0.00114694,0.0663898,1.18967,2.70992e-06,6.14262,0.0186969
2091.2917,294.827,293.785,3.91886,0.192268,2.30083,0.0121385,0.00584803,0.00278997,0.00629047,7.55023e-05,0.000157457,6.29662e-05,3.74749e-06,0.00431828,0.0146939,3.3135,0.638253,0.0204318,0.000855556,2.11173e-05,9.9271e-07,4.46015e-05,9.09523e-07,7.92142e-05,8.77343e-05,3.68023e-06,1.24814e-08,3.89745e-06,5.16451e-06,17.9799,54.814,11.8502,0.40638,32.9916,0.115669,14.5896,0.0148594,0.115669,3.43613,0.188152,3.49627,0.00189385,0.00769309,3.29144,0.00462674,0.0223464,0.00275401,0.00709218,3.29144,0.0128828,3.0778,1.68948,0.000452712,0.0663434,0.00030845,0.00372441,0.000115669,0.00114538,0.0663434,3.35091,2.211e-05,6.12964,0.130528
2091.3750,296.747,295.711,4.50008,0.172725,2.72546,0.0144525,0.00663225,0.00263916,0.00782027,0.000174339,0.000164648,0.000149434,4.18363e-06,0.00844736,0.0106242,3.8821,0.325073,0.0250541,0.000866767,2.69466e-05,1.08555e-06,2.46795e-05,4.61646e-07,8.21296e-05,0.00010623,2.59146e-06,1.13271e-08,3.67694e-06,6.36752e-06,18.1616,54.9451,11.9717,0.380463,32.973,0.131184,14.6056,0.0148789,0.131184,3.42997,0.190878,3.496,0.000998118,0.00706418,3.28998,0.00524736,0.0223709,0.00312343,0.00707974,3.28998,0.013042,3.0778,1.68941,0.000419332,0.0662874,0.000349824,0.00372848,0.000131184,0.00114332,0.0662874,3.46469,2.80321e-05,6.1899,0.146063
2091.4583,299.012,297.828,4.49153,0.185798,2.76994,0.0134262,0.00658041,0.00280737,0.00684577,0.000184362,0.000162596,0.000158881,3.47741e-06,0.00965183,0.0133138,4.32663,0.275203,0.0231376,0.000877168,2.50453e-05,1.16937e-06,2.12221e-05,1.14008e-07,9.31533e-05,9.77283e-05,1.8057e-06,6.52677e-09,3.83813e-06,5.87143e-06,18.3537,55.0851,12.0842,0.359297,32.951,0.130965,14.5812,0.0140103,0.130965,3.42103,0.19369,3.49622,0.000742145,0.00655001,3.28818,0.0052386,0.0223392,0.00311821,0.00706147,3.28818,0.0132085,3.0778,1.68933,0.000392328,0.0662253,0.00034924,0.0037232,0.000130965,0.00114034,0.0662253,3.64261,2.62147e-05,6.26953,0.144975
2091.5417,300.105,299.238,4.48287,0.183251,2.69639,0.0119411,0.00640772,0.00283451,0.00553341,0.000129764,0.000149648,0.000111496,2.79913e-06,0.00705218,0.0118239,4.33998,0.318559,0.0203415,0.000885758,2.20013e-05,1.25551e-06,2.73731e-05,1.33771e-07,9.84619e-05,8.6513e-05,2.54889e-06,7.27979e-09,3.78306e-06,5.15655e-06,18.5187,55.1925,12.1763,0.340331,32.9252,0.130743,14.5564,0.0131792,0.130743,3.40826,0.196267,3.49627,0.000905488,0.00609135,3.28597,0.00522971,0.0223066,0.00311292,0.00703516,3.28597,0.0133599,3.0778,1.68927,0.000368446,0.0661559,0.000348647,0.00371777,0.000130743,0.00113609,0.0661559,3.61293,2.32568e-05,6.34239,0.143922
2091.6250,297.741,297.344,4.47437,0.159866,2.14446,0.00956337,0.00556993,0.0024331,0.00399344,8.91158e-05,0.00013408,7.62501e-05,2.27831e-06,0.00559886,0.0114728,3.72789,0.325611,0.0158794,0.000891897,1.71067e-05,1.31584e-06,3.03346e-05,2.2912e-07,8.70709e-05,6.7751e-05,3.1557e-06,5.76906e-09,3.1846e-06,4.00741e-06,18.6342,55.2585,12.2412,0.32585,32.9008,0.130524,14.5321,0.0124095,0.130524,3.39763,0.198275,3.49603,0.00117175,0.00574417,3.28383,0.00522098,0.0222744,0.00310772,0.0070132,3.28383,0.0134763,3.0778,1.68924,0.000350527,0.0660933,0.000348065,0.0037124,0.000130524,0.00113254,0.0660933,2.77217,1.84226e-05,6.39305,0.142934
2091.7083,290.043,290.708,3.64884,0.193349,0.825513,0.0056922,0.00375633,0.00320057,0.00193587,4.56061e-05,8.14322e-05,3.81474e-05,1.72023e-06,0.00436835,0.00886473,2.22121,0.294683,0.00859796,0.00929547,9.48543e-06,1.31453e-06,2.83324e-05,1.88872e-07,1.88311e-05,9.49524e-05,2.33218e-06,4.00087e-09,2.05197e-06,6.02751e-06,18.6564,55.3275,12.2575,0.390764,32.8885,0.107566,14.5079,0.011685,0.107566,3.3918,0.198476,3.49671,0.00116565,0.00738993,3.28267,0.00430128,0.0222419,0.00256108,0.00700103,3.28267,0.0134895,3.07786,1.68923,0.000437565,0.0660656,0.000286718,0.00370698,0.000107566,0.0011306,0.0660656,1.42264,1.08e-05,6.39887,0.119251
2091.7917,284.43,285.344,0,0.192175,0,0,0.0014869,0.00405127,-0.0014869,0,0,0,0,0,0,0,0,0,0.000881666,0,1.253e-06,1.69857e-06,8.25774e-08,3.96814e-06,0,8.53683e-08,4.15457e-09,2.65957e-06,0,18.4094,55.4204,12.1485,0.676655,32.9426,0,14.4836,0.0110026,0,3.39173,0.193228,3.50187,0.000174626,0.0143914,3.28708,0,0.0222092,0,0.00700073,3.28708,0.0131986,3.07814,1.68927,0.000819674,0.0662206,0,0.00370153,0,0.00113058,0.0662206,0.475895,1.253e-06,6.26095,0.0110026
2091.8750,279.285,280.423,0,0.233724,0,0,0.00125089,0.00306105,-0.00125089,0,0,0,0,0,0,0,0,0,0.000880193,0,1.18363e-06,1.06347e-05,2.77004e-07,2.86384e-05,0,5.30793e-07,1.19414e-08,3.00845e-06,0,18.3404,55.2695,12.1282,0.560153,32.974,0,14.4594,0.0103603,0,3.39495,0.192905,3.5018,0.000691902,0.0114436,3.28975,0,0.0221762,0,0.00700714,3.28975,0.0131765,3.07814,1.68936,0.000660979,0.0663052,0,0.00369604,0,0.00113165,0.0663052,0.670743,1.18363e-06,6.21216,0.0103603
2091.9583,272.23,273.335,0,0.158288,0,0,0.000876233,0.00145754,-0.000876233,0,0,0,0,0,0,0,0,0,0.000878699,0,1.12237e-06,1.10367e-05,6.23381e-07,2.26796e-05,0,6.54462e-07,1.53694e-08,1.60851e-06,0,18.2799,55.1727,12.1076,0.50445,32.9833,0,14.4349,0.00974569,0,3.40497,0.192578,3.50148,0.00118608,0.0100926,3.29059,0,0.0221426,0,0.00702752,3.29059,0.0131542,3.07814,1.68943,0.000586903,0.066328,0,0.00369043,0,0.00113499,0.066328,0.679179,1.12237e-06,6.1723,0.00974569
2092.0417,274.188,274.329,0,0.222998,0,0,0.000924015,0.00161279,-0.000924015,0,0,0,0,0,0,0,0,0,0.00087728,0,1.07002e-06,1.60557e-05,6.93464e-07,2.68175e-05,0,1.04007e-06,8.94245e-09,1.90803e-06,0,18.2266,55.107,12.0881,0.475363,32.9865,0,14.4116,0.00919448,0,3.41856,0.192267,3.50116,0.0015586,0.00938822,3.2909,0,0.0221104,0,0.00705523,3.2909,0.0131329,3.07814,1.68948,0.000548816,0.0663348,0,0.00368506,0,0.00113952,0.0663348,0.808176,1.07002e-06,6.13851,0.00919448
2092.1250,280.242,279.699,0,0.200025,0,0,0.00116393,0.00194203,-0.00116393,0,0,0,0,0,0,0,0,0,0.000875863,0,1.03478e-06,2.4001e-05,7.29694e-07,3.9312e-05,0,1.93852e-06,6.74639e-09,2.43224e-06,0,18.1697,55.0274,12.0685,0.442787,32.9872,0,14.3883,0.00867494,0,3.4277,0.191956,3.50061,0.00196816,0.00858886,3.29102,0,0.022078,0,0.00707368,3.29102,0.0131117,3.07814,1.68954,0.000504481,0.0663338,0,0.00367967,0,0.00114257,0.0663338,1.02335,1.03478e-06,6.10119,0.00867494
2092.2083,289.549,288.477,0,0.197212,0,0,0.00156785,0.00249466,-0.00156785,0,0,0,0,0,0,0,0,0,0.000874401,0,1.01099e-06,4.31762e-05,9.97116e-07,6.27932e-05,0,3.5877e-06,6.96912e-09,3.29929e-06,0,18.1011,54.9214,12.0484,0.408524,32.9815,0,14.3643,0.00816832,0,3.43018,0.191635,3.49964,0.00253193,0.00775197,3.29064,0,0.0220445,0,0.00707829,3.29064,0.0130898,3.07814,1.68962,0.00045811,0.0663138,0,0.00367408,0,0.00114339,0.0663138,1.4473,1.01099e-06,6.05274,0.00816832
2092.2917,291.901,291.204,4.86538,0.182369,1.8702,0.0118434,0.00414919,0.00238162,0.00769426,5.16532e-05,0.000149838,4.24102e-05,3.3193e-06,0.00291834,0.0165676,2.63297,0.717209,0.0164218,0.000874756,1.57011e-05,1.02667e-06,4.64433e-05,1.21038e-06,7.09049e-05,6.90612e-05,4.72744e-06,8.30014e-09,3.25776e-06,4.1567e-06,18.1332,54.9078,12.0498,0.37973,32.9679,0.136208,14.5831,0.0131748,0.136208,3.42696,0.192171,3.49838,0.00251676,0.00705211,3.28957,0.00544832,0.0223477,0.00324305,0.0070713,3.28957,0.0131192,3.07814,1.68967,0.000420146,0.0662724,0.000363221,0.00372461,0.000136208,0.00114232,0.0662724,2.67426,1.67278e-05,6.08342,0.149383
2092.3750,296.897,295.55,7.82686,0.162149,3.28579,0.0162078,0.00628581,0.00244425,0.00992198,0.000109263,0.000165331,9.26236e-05,3.79425e-06,0.00479181,0.00962329,3.76759,0.474797,0.0227944,0.000879295,2.35026e-05,1.10831e-06,3.20056e-05,5.20445e-07,7.87044e-05,9.54037e-05,3.44624e-06,6.2763e-09,3.33493e-06,5.81113e-06,18.3868,55.1183,12.1009,0.358776,32.9501,0.209944,14.6906,0.015318,0.209944,3.42255,0.194534,3.49782,0.00155819,0.0065437,3.28812,0.00839776,0.0224987,0.00499866,0.0070625,3.28812,0.0132599,3.07814,1.68961,0.00039317,0.0662221,0.00055985,0.00374979,0.000209944,0.00114085,0.0662221,3.91567,2.46109e-05,6.28594,0.225262
2092.4583,300.162,298.796,7.81086,0.156726,3.22484,0.0154029,0.0070569,0.00233114,0.00834603,0.000157475,0.000162076,0.000135686,3.0103e-06,0.00731923,0.0120943,4.45117,0.287841,0.02132,0.000884703,2.24544e-05,1.21669e-06,1.83474e-05,2.95723e-07,7.65039e-05,8.84859e-05,2.16376e-06,4.38976e-09,3.0946e-06,5.43082e-06,18.6389,55.3314,12.1623,0.342842,32.9318,0.209593,14.666,0.0144237,0.209593,3.41786,0.197047,3.49792,0.00109571,0.00615752,3.28657,0.00838373,0.022467,0.00499032,0.00705309,3.28657,0.0134114,3.07814,1.68953,0.000372895,0.066172,0.000558916,0.00374449,0.000209593,0.00113929,0.066172,4.07078,2.36711e-05,6.47663,0.224017
2092.5417,297.721,297.237,7.79464,0.185751,3.07031,0.0137883,0.00653925,0.00257948,0.0072491,0.000109596,0.000149932,9.38677e-05,2.72008e-06,0.00527998,0.0104955,4.01889,0.343253,0.0189396,0.00088995,1.99177e-05,1.31826e-06,2.8757e-05,8.93649e-08,9.0655e-05,7.90581e-05,2.59797e-06,2.84013e-09,3.38419e-06,4.82081e-06,18.8545,55.5,12.2217,0.328019,32.9092,0.209238,14.6411,0.0135681,0.209238,3.4084,0.199338,3.49783,0.00105263,0.0057978,3.2846,0.0083695,0.0224344,0.00498185,0.0070337,3.2846,0.0135494,3.07814,1.68947,0.000354106,0.0661129,0.000557967,0.00373906,0.000209238,0.00113613,0.0661129,3.91533,2.12359e-05,6.63273,0.222806
2092.6250,294.909,294.93,7.77872,0.127511,2.3184,0.0105653,0.00577729,0.00206687,0.00478801,7.6809e-05,0.000133645,6.55428e-05,2.18347e-06,0.00452776,0.0116648,3.30285,0.326032,0.0139771,0.000894026,1.46231e-05,1.37296e-06,2.38013e-05,1.33788e-07,7.40924e-05,5.8398e-05,2.62534e-06,2.42884e-09,2.66866e-06,3.53758e-06,19.0069,55.6115,12.2673,0.31621,32.8873,0.208888,14.6167,0.0127757,0.208888,3.40114,0.201093,3.49756,0.00127782,0.00551553,3.28266,0.00835553,0.022402,0.00497353,0.00701874,3.28266,0.0136536,3.07814,1.68944,0.000339649,0.066058,0.000557035,0.00373367,0.000208888,0.00113371,0.066058,2.5232,1.59961e-05,6.73955,0.221664
2092.7083,289.499,290.006,6.30312,0.154173,0.984679,0.00621497,0.00427809,0.00286389,0.00193688,4.48212e-05,7.35214e-05,3.79996e-05,1.55737e-06,0.00414747,0.00730032,2.00694,0.247441,0.00695282,0.0143393,7.89763e-06,1.36316e-06,2.44185e-05,1.70786e-07,7.48429e-06,0.000122696,2.91893e-06,2.24299e-09,1.56471e-06,7.98325e-06,19.0158,55.7336,12.2579,0.436714,32.8805,0.172145,14.5923,0.0120298,0.172145,3.40062,0.200359,3.49907,0.00116751,0.00855875,3.28196,0.00688506,0.0223695,0.0040987,0.00701763,3.28196,0.0136167,3.07824,1.68942,0.000502309,0.0660449,0.000458968,0.00372825,0.000172145,0.00113354,0.0660449,1.50657,9.26079e-06,6.75793,0.184175
2092.7917,282.293,283.445,0,0.181372,0,0,0.00151488,0.00366488,-0.00151488,0,0,0,0,0,0,0,0,0,0.000873511,0,1.30064e-06,8.14412e-08,3.27144e-08,-5.42172e-06,0,6.28879e-09,1.90461e-09,1.86246e-06,0,18.638,55.9666,12.0809,0.990162,32.9352,0,14.5679,0.0113273,0,3.40321,0.191783,3.50751,0.000104572,0.0222106,3.28639,0,0.0223367,0,0.00702288,3.28639,0.0131432,3.07871,1.68945,0.00125068,0.0662037,0,0.00372278,0,0.0011344,0.0662037,0.47497,1.30064e-06,6.55706,0.0113273
2092.8750,275.857,277.147,0,0.294239,0,0,0.00120907,0.00338398,-0.00120907,0,0,0,0,0,0,0,0,0,0.000872053,0,1.22004e-06,1.60942e-07,2.91726e-08,-8.5026e-07,0,7.66582e-09,1.83421e-09,2.41731e-06,0,18.5684,55.8135,12.0607,0.851105,32.9845,0,14.5436,0.010666,0,3.40954,0.191463,3.5076,0.000105851,0.0185313,3.29046,0,0.0223037,0,0.00703575,3.29046,0.0131212,3.07871,1.68952,0.00106018,0.0663419,0,0.00371728,0,0.00113651,0.0663419,0.647026,1.22004e-06,6.50762,0.010666
2092.9583,274.912,275.102,0,0.304781,0,0,0.00120091,0.00259192,-0.00120091,0,0,0,0,0,0,0,0,0,0.000870573,0,1.15304e-06,2.50147e-06,4.72295e-08,8.0024e-06,0,1.26012e-07,2.54321e-09,2.29615e-06,0,18.5046,55.7006,12.0403,0.760052,33.0131,0,14.5189,0.0100333,0,3.42281,0.191138,3.50765,0.000264505,0.016269,3.29292,0,0.0222699,0,0.0070629,3.29292,0.013099,3.07871,1.68958,0.000939071,0.0664176,0,0.00371165,0,0.00114094,0.0664176,0.456734,1.15304e-06,6.46436,0.0100333
2093.0417,276.965,277.146,0,0.223169,0,0,0.00120175,0.00284092,-0.00120175,0,0,0,0,0,0,0,0,0,0.000869167,0,1.09768e-06,7.64966e-06,1.13566e-07,1.72071e-05,0,3.88078e-07,4.42469e-09,2.85851e-06,0,18.4415,55.5816,12.0208,0.671319,33.0368,0,14.4955,0.00946578,0,3.432,0.190829,3.50759,0.000584877,0.0140639,3.29503,0,0.0222376,0,0.00708155,3.29503,0.0130778,3.07871,1.68966,0.000816371,0.0664769,0,0.00370627,0,0.001144,0.0664769,0.793697,1.09768e-06,6.42066,0.00946578
2093.1250,282.692,282.225,0,0.203496,0,0,0.0014411,0.00300794,-0.0014411,0,0,0,0,0,0,0,0,0,0.000867763,0,1.05308e-06,1.63924e-05,2.65364e-07,3.02592e-05,0,9.05802e-07,7.19238e-09,3.38537e-06,0,18.376,55.4605,12.0014,0.593191,33.0528,0,14.472,0.00893091,0,3.43847,0.190521,3.50732,0.000997345,0.0121528,3.29656,0,0.0222051,0,0.00709452,3.29656,0.0130567,3.07871,1.68975,0.000708272,0.0665129,0,0.00370086,0,0.00114616,0.0665129,0.905713,1.05308e-06,6.37462,0.00893091
2093.2083,286.937,286.035,1.08294,0.195125,0.722657,0.00333098,0.00232685,0.00295179,0.00100413,1.4076e-05,6.13551e-05,1.15183e-05,9.37188e-07,0.00139158,0.0127201,1.00002,0.265979,0.0040088,0.000866526,3.86133e-06,1.02512e-06,2.6834e-05,6.09891e-07,4.40554e-05,1.67266e-05,1.70165e-06,1.22421e-08,3.65676e-06,9.93861e-07,18.3155,55.3401,11.9839,0.522807,33.0607,0.0330392,14.5162,0.00997072,0.0330392,3.44113,0.190296,3.50676,0.00147259,0.0104447,3.29744,0.00132157,0.0222661,0.000786647,0.00709955,3.29744,0.0130404,3.07871,1.68985,0.000611141,0.0665239,8.81044e-05,0.00371102,3.30392e-05,0.00114704,0.0665239,1.6408,4.88645e-06,6.33159,0.0430099
2093.2917,293.975,292.881,5.65571,0.154076,2.77848,0.0139386,0.0052544,0.00289669,0.00868415,0.000110675,0.000156068,9.39295e-05,3.72472e-06,0.00532143,0.0120347,3.02055,0.390607,0.0187551,0.000868546,1.93245e-05,1.07464e-06,2.44999e-05,5.45621e-07,5.87529e-05,7.77652e-05,2.30702e-06,1.10177e-08,3.86701e-06,4.76617e-06,18.4233,55.3859,12.0055,0.464774,33.0586,0.159833,14.7543,0.0152438,0.159833,3.43921,0.191476,3.50628,0.00112034,0.00906033,3.29753,0.00639332,0.0225972,0.00380555,0.00709566,3.29753,0.0131094,3.07871,1.68988,0.000531899,0.066506,0.000426221,0.00376621,0.000159833,0.0011464,0.066506,3.38848,2.03991e-05,6.41783,0.175077
2093.3750,298.263,296.187,5.94362,0.118336,3.49053,0.0148963,0.00650258,0.00229677,0.00839368,0.000273282,0.000164843,0.000237219,3.33947e-06,0.0129659,0.0104154,3.85174,0.157663,0.0202442,0.000873292,2.12721e-05,1.16166e-06,5.74078e-06,2.06508e-07,5.52189e-05,8.189e-05,8.76188e-07,5.98765e-09,3.15983e-06,5.14932e-06,18.6601,55.5776,12.0597,0.428404,33.05,0.166892,14.7448,0.0146858,0.166892,3.43911,0.19368,3.50658,0.000598835,0.00819658,3.29701,0.00667568,0.0225864,0.00397362,0.00709577,3.29701,0.0132441,3.07871,1.68982,0.000483434,0.0664731,0.000445045,0.00376439,0.000166892,0.00114637,0.0664731,3.99634,2.24337e-05,6.60042,0.181578
2093.4583,303.017,300.517,5.93195,0.075782,2.92609,0.00983862,0.00632645,0.00161709,0.00351217,0.000209776,0.000136751,0.000182794,1.80785e-06,0.0136616,0.018596,3.89071,0.10872,0.0127272,0.000877418,1.34007e-05,1.25338e-06,2.04377e-06,8.92604e-08,4.09245e-05,5.09485e-05,3.51481e-07,3.84656e-09,2.21171e-06,3.20832e-06,18.8222,55.7104,12.1065,0.405944,33.0407,0.166613,14.7202,0.0138284,0.166613,3.44161,0.195483,3.50707,0.000462615,0.00766108,3.29637,0.00666453,0.0225542,0.00396698,0.00710115,3.29637,0.0133565,3.07871,1.68977,0.000453677,0.066441,0.000444302,0.00375903,0.000166613,0.0011472,0.066441,3.22954,1.46541e-05,6.71567,0.180442
2093.5417,303.016,300.997,5.92012,0.0714766,2.13194,0.00614146,0.0056493,0.00138586,0.000492159,8.19936e-05,0.00011042,7.11679e-05,9.97685e-07,0.00766788,0.0226787,3.38039,0.139092,0.00733212,0.000879288,7.70308e-06,1.29855e-06,2.56192e-06,9.44878e-08,3.64452e-05,2.98474e-05,4.04784e-07,2.68266e-09,1.88007e-06,1.82014e-06,18.8522,55.7253,12.1262,0.391749,33.0332,0.166331,14.6952,0.0130081,0.166331,3.44822,0.196403,3.50736,0.000706756,0.00731936,3.29582,0.00665322,0.0225212,0.00396025,0.00711491,3.29582,0.0134113,3.07871,1.68975,0.000434849,0.0664162,0.000443548,0.00375354,0.000166331,0.00114941,0.0664162,2.47792,9.00164e-06,6.72594,0.179339
2093.6250,298.487,297.761,5.9085,0.119243,1.36039,0.00552931,0.00497984,0.00171003,0.000549462,3.37976e-05,9.42083e-05,2.87855e-05,1.01897e-06,0.00339476,0.0194442,2.58473,0.241052,0.00645907,0.000879457,6.70021e-06,1.28491e-06,1.79729e-05,1.06524e-07,4.96553e-05,2.68149e-05,1.59064e-06,1.95958e-09,2.33487e-06,1.60612e-06,18.8054,55.6692,12.1256,0.380924,33.0262,0.166053,14.6706,0.0122484,0.166053,3.45675,0.196687,3.50734,0.0011788,0.0070573,3.29528,0.00664211,0.0224885,0.00395364,0.00713254,3.29528,0.0134256,3.07871,1.68977,0.000420725,0.0663946,0.000442808,0.00374809,0.000166053,0.00115225,0.0663946,1.81129,7.98512e-06,6.67979,0.178301
2093.7083,290.005,290.45,4.80447,0.179127,1.04909,0.0062337,0.00414013,0.0032922,0.00209357,3.84767e-05,7.66246e-05,3.17574e-05,1.49014e-06,0.00343322,0.00759684,2.12026,0.286542,0.00698394,0.0115672,7.82385e-06,1.28291e-06,2.6764e-05,6.92953e-08,1.15949e-05,0.000103908,2.57302e-06,1.46393e-09,2.28643e-06,6.73222e-06,18.7936,55.7332,12.1139,0.463834,33.0202,0.136845,14.6461,0.0115333,0.136845,3.45557,0.196047,3.50825,0.00110925,0.00914649,3.29482,0.00547195,0.0224556,0.0032582,0.00713002,3.29482,0.0133921,3.07878,1.68979,0.000531711,0.0663768,0.000364754,0.0037426,0.000136845,0.00115186,0.0663768,1.71089,9.10676e-06,6.67964,0.148378
2093.7917,282.855,283.735,0,0.224656,0,0,0.00163529,0.00444604,-0.00163529,0,0,0,0,0,0,0,0,0,0.00086276,0,1.2375e-06,4.56165e-07,1.94093e-08,-3.24376e-06,0,2.18561e-08,1.13687e-09,2.86419e-06,0,18.4881,55.8795,11.9721,0.857116,33.0782,0,14.6217,0.0108598,0,3.45603,0.189252,3.51489,0.000111053,0.0187728,3.29962,0,0.0224225,0,0.00713078,3.29962,0.0130164,3.07915,1.68984,0.00106021,0.0665392,0,0.00373708,0,0.00115201,0.0665392,0.703877,1.2375e-06,6.51607,0.0108598
2093.8750,277.625,278.635,0,0.2392,0,0,0.00135157,0.00342358,-0.00135157,0,0,0,0,0,0,0,0,0,0.000861319,0,1.16681e-06,3.97625e-06,4.25215e-08,1.41942e-05,0,1.85923e-07,2.39982e-09,3.15397e-06,0,18.4144,55.7113,11.9521,0.714203,33.1221,0,14.5973,0.0102258,0,3.46049,0.188936,3.51493,0.000327795,0.0151231,3.30341,0,0.0223892,0,0.00713974,3.30341,0.0129947,3.07915,1.68993,0.000865447,0.0666553,0,0.00373153,0,0.0011535,0.0666553,0.458657,1.16681e-06,6.46237,0.0102258
2093.9583,276.475,277.086,0,0.249595,0,0,0.00131635,0.00262936,-0.00131635,0,0,0,0,0,0,0,0,0,0.000859857,0,1.10113e-06,1.17502e-05,2.20379e-07,2.40555e-05,0,6.27915e-07,9.79359e-09,2.83719e-06,0,18.3447,55.5808,11.9318,0.625102,33.1424,0,14.5725,0.00961917,0,3.46859,0.188615,3.51477,0.00078214,0.0129387,3.30528,0,0.0223551,0,0.00715614,3.30528,0.0129726,3.07915,1.69002,0.000744611,0.066703,0,0.00372585,0,0.0011562,0.066703,0.660348,1.10113e-06,6.41289,0.00961917
2094.0417,280.826,280.73,0,0.20651,0,0,0.00145406,0.00263961,-0.00145406,0,0,0,0,0,0,0,0,0,0.000858468,0,1.04697e-06,2.11451e-05,4.44536e-07,3.43645e-05,0,1.29029e-06,1.34458e-08,3.13924e-06,0,18.2781,55.4674,11.9125,0.56189,33.1519,0,14.549,0.00907511,0,3.47552,0.188311,3.51438,0.00123508,0.0113979,3.30626,0,0.0223225,0,0.00717008,3.30626,0.0129517,3.07915,1.69011,0.000658692,0.0667207,0,0.00372042,0,0.00115851,0.0667207,0.650302,1.04697e-06,6.36555,0.00907511
2094.1250,284.73,284.485,0,0.199446,0,0,0.00157859,0.00268141,-0.00157859,0,0,0,0,0,0,0,0,0,0.000857082,0,1.00432e-06,3.15197e-05,5.91834e-07,4.67206e-05,0,2.01146e-06,1.23459e-08,3.44056e-06,0,18.2074,55.3488,11.8933,0.507513,33.1546,0,14.5255,0.00856232,0,3.47924,0.188007,3.51364,0.00168033,0.0100844,3.3067,0,0.0222898,0,0.00717732,3.3067,0.0129308,3.07915,1.6902,0.000584941,0.0667183,0,0.00371496,0,0.00115975,0.0667183,1.01969,1.00432e-06,6.31414,0.00856232
2094.2083,289.382,288.651,2.2245,0.198421,1.05476,0.00731006,0.0036395,0.00269336,0.00367055,3.38022e-05,0.000115627,2.74768e-05,2.45953e-06,0.00252058,0.0170569,1.87134,0.565029,0.0106344,0.000857305,1.03308e-05,9.95875e-07,4.05329e-05,9.22255e-07,6.20573e-05,4.50854e-05,3.00928e-06,1.66852e-08,3.6915e-06,2.66246e-06,18.1749,55.2643,11.8926,0.461312,33.149,0.0672192,14.6578,0.0116126,0.0672192,3.47903,0.188131,3.51266,0.00192051,0.00897411,3.30645,0.00268877,0.0224731,0.00160046,0.0071765,3.30645,0.0129349,3.07915,1.69029,0.000523142,0.0666922,0.000179251,0.00374551,6.72192e-05,0.00115968,0.0666922,1.96722,1.13267e-05,6.28229,0.0788318
2094.2917,293.184,292.201,4.38948,0.183792,2.14699,0.0124417,0.00548726,0.0026809,0.00695439,9.03568e-05,0.000157987,7.58086e-05,4.00654e-06,0.00498406,0.0139739,2.97545,0.472447,0.0189962,0.000863609,1.95225e-05,1.03953e-06,3.0934e-05,4.97613e-07,7.31405e-05,8.01383e-05,2.84144e-06,1.15424e-08,3.77243e-06,4.80518e-06,18.3125,55.3518,11.9626,0.426715,33.1361,0.12834,14.776,0.0140939,0.12834,3.47643,0.189897,3.5121,0.00132403,0.00814088,3.30557,0.0051336,0.0226384,0.00305572,0.00717126,3.30557,0.0130372,3.07915,1.69027,0.000477782,0.0666478,0.00034224,0.00377307,0.00012834,0.00115881,0.0666478,2.94105,2.0562e-05,6.3499,0.142434
2094.3750,297.732,296.534,4.38601,0.185582,2.91729,0.0145635,0.00647404,0.00293942,0.00808946,0.000138088,0.000164742,0.000118061,3.63117e-06,0.00657379,0.010289,4.0378,0.359946,0.0227384,0.000871982,2.409e-05,1.12364e-06,2.56585e-05,1.89911e-07,8.87183e-05,9.55259e-05,2.31727e-06,7.32295e-09,4.10847e-06,5.77827e-06,18.5074,55.491,12.0566,0.397641,33.1171,0.128251,14.7517,0.0132772,0.128251,3.46893,0.192291,3.51198,0.00097279,0.00743778,3.30412,0.00513003,0.0226063,0.00305359,0.00715591,3.30412,0.0131789,3.07915,1.69023,0.000440053,0.0665886,0.000342002,0.00376772,0.000128251,0.00115631,0.0665886,3.7887,2.52136e-05,6.4508,0.141528
2094.4583,301.069,299.652,4.37771,0.161738,3.20402,0.013399,0.00681991,0.00288796,0.00657912,0.000128925,0.000163085,0.000110693,2.86669e-06,0.00673983,0.0125932,4.63998,0.347912,0.0206639,0.000880451,2.19758e-05,1.22132e-06,2.29186e-05,1.5704e-07,9.29686e-05,8.67756e-05,2.32626e-06,5.42135e-09,3.95022e-06,5.23967e-06,18.7033,55.6273,12.1517,0.372957,33.0936,0.128037,14.727,0.012502,0.128037,3.45745,0.194793,3.51198,0.000992956,0.00684229,3.30222,0.00512147,0.0225736,0.00304849,0.00713224,3.30222,0.0133275,3.07915,1.69018,0.000408462,0.0665206,0.000341431,0.00376227,0.000128037,0.00115248,0.0665206,3.99974,2.31971e-05,6.55163,0.140539
2094.5417,300.764,299.91,4.36929,0.175538,2.59164,0.0119859,0.00654222,0.00288621,0.00544369,0.000101668,0.000149554,8.71696e-05,2.38928e-06,0.00546413,0.0117917,4.48085,0.378823,0.0182714,0.000887707,1.94049e-05,1.30944e-06,3.27577e-05,1.6725e-07,9.80243e-05,7.69398e-05,2.8425e-06,4.19221e-09,3.85924e-06,4.62932e-06,18.8598,55.728,12.2326,0.353089,33.0692,0.127819,14.702,0.0117604,0.127819,3.44595,0.197016,3.51184,0.00119276,0.00636469,3.30016,0.00511277,0.0225401,0.00304332,0.00710842,3.30016,0.013459,3.07915,1.69014,0.000383383,0.0664539,0.000340852,0.00375668,0.000127819,0.00114865,0.0664539,3.4093,2.07143e-05,6.62717,0.13958
2094.6250,296.362,296.219,4.36102,0.134636,2.1978,0.00967591,0.00543297,0.00228696,0.00424295,7.38314e-05,0.000134789,6.29674e-05,2.11131e-06,0.00456324,0.0114218,3.61531,0.358516,0.014502,0.000893269,1.53198e-05,1.35793e-06,2.87727e-05,2.41641e-07,8.04328e-05,6.11757e-05,2.73703e-06,3.89589e-09,3.01178e-06,3.65944e-06,18.9779,55.7979,12.294,0.337533,33.0456,0.127606,14.6775,0.0110736,0.127606,3.43676,0.198792,3.5114,0.00141508,0.00599396,3.29811,0.00510424,0.0225069,0.00303824,0.00708932,3.29811,0.0135627,3.07915,1.69012,0.000364189,0.0663925,0.000340282,0.00375115,0.000127606,0.00114559,0.0663925,2.62523,1.66777e-05,6.68393,0.13868
2094.7083,291.225,291.659,3.55726,0.193595,0.667873,0.00547883,0.00406572,0.00340573,0.00141311,3.90546e-05,8.02719e-05,3.28898e-05,1.39664e-06,0.00406087,0.00940759,2.32644,0.299088,0.00728126,0.00910864,7.97555e-06,1.34257e-06,3.4163e-05,2.35536e-07,1.50615e-05,8.76848e-05,3.10054e-06,3.27669e-09,2.14388e-06,5.61427e-06,18.9957,55.8628,12.3086,0.399063,33.0352,0.10516,14.653,0.0104271,0.10516,3.4328,0.198815,3.51193,0.00134877,0.00755672,3.29713,0.00420493,0.0224735,0.00250382,0.00708091,3.29713,0.0135663,3.07921,1.69012,0.000446713,0.0663688,0.000280295,0.00374559,0.00010516,0.00114427,0.0663688,1.3079,9.31812e-06,6.68705,0.115587
2094.7917,286.098,286.879,0,0.183706,0,0,0.00180012,0.00430697,-0.00180012,0,0,0,0,0,0,0,0,0,0.000882842,0,1.27602e-06,3.23588e-06,8.51012e-08,8.64055e-06,0,1.64899e-07,3.59624e-09,3.03422e-06,0,18.7418,55.9288,12.2011,0.662613,33.0932,0,14.6285,0.00981816,0,3.43113,0.193617,3.51683,0.000236034,0.0140211,3.30188,0,0.0224399,0,0.00707716,3.30188,0.0132781,3.07949,1.69017,0.000798618,0.0665334,0,0.00373999,0,0.00114371,0.0665334,0.436759,1.27602e-06,6.5407,0.00981816
2094.8750,278.611,280.128,0,0.223081,0,0,0.00129536,0.00286701,-0.00129536,0,0,0,0,0,0,0,0,0,0.000881368,0,1.19678e-06,1.30553e-05,1.31286e-07,3.08865e-05,0,7.02334e-07,4.6967e-09,2.90772e-06,0,18.6655,55.7719,12.1808,0.55146,33.1209,0,14.6041,0.00924496,0,3.4341,0.193294,3.51668,0.000821754,0.0112206,3.30426,0,0.0224062,0,0.00708292,3.30426,0.0132559,3.07949,1.69027,0.000647331,0.066607,0,0.00373436,0,0.0011447,0.066607,0.36819,1.19678e-06,6.48468,0.00924496
2094.9583,275.395,275.908,0,0.243746,0,0,0.00115794,0.00193058,-0.00115794,0,0,0,0,0,0,0,0,0,0.000879872,0,1.12608e-06,1.81101e-05,4.83565e-07,3.00465e-05,0,9.83894e-07,1.11811e-08,2.18824e-06,0,18.6008,55.6708,12.1601,0.497917,33.1285,0,14.5793,0.00869655,0,3.44358,0.192965,3.51628,0.00132345,0.00991489,3.30497,0,0.0223717,0,0.00710206,3.30497,0.0132334,3.07949,1.69034,0.000575912,0.0666248,0,0.00372862,0,0.00114786,0.0666248,0.592051,1.12608e-06,6.44069,0.00869655
2095.0417,277.988,278.263,0,0.258547,0,0,0.00125054,0.00207508,-0.00125054,0,0,0,0,0,0,0,0,0,0.000878451,0,1.07294e-06,2.52133e-05,1.41922e-06,4.0345e-05,0,1.36624e-06,2.75687e-08,2.5362e-06,0,18.5377,55.5775,12.1405,0.45803,33.1304,0,14.5557,0.00820468,0,3.45136,0.192654,3.51567,0.00175312,0.00894089,3.30521,0,0.0223387,0,0.00711766,3.30521,0.013212,3.07949,1.69041,0.000522177,0.0666265,0,0.00372312,0,0.00115045,0.0666265,0.775115,1.07294e-06,6.39724,0.00820468
2095.1250,281.657,281.7,0,0.204746,0,0,0.00133746,0.00202486,-0.00133746,0,0,0,0,0,0,0,0,0,0.000877032,0,1.03149e-06,3.39195e-05,1.82494e-06,4.82796e-05,0,2.49936e-06,2.35451e-08,2.6252e-06,0,18.4713,55.4799,12.1209,0.425419,33.1268,0,14.5322,0.00774107,0,3.45642,0.192343,3.5148,0.00220048,0.00814697,3.30498,0,0.0223057,0,0.00712758,3.30498,0.0131907,3.07949,1.69048,0.000478591,0.0666126,0,0.00371761,0,0.00115214,0.0666126,1.0594,1.03149e-06,6.35046,0.00774107
2095.2083,286.163,285.555,0.0879451,0.201654,0.0623922,0.000496967,0.00158641,0.00216438,-0.00108944,1.56922e-06,1.45261e-05,1.26229e-06,1.13695e-07,0.000350341,0.00745631,0.296735,0.0838981,0.000538379,0.000875573,4.97379e-07,1.01043e-06,4.34787e-05,1.97433e-06,5.96758e-05,2.2477e-06,3.49245e-06,1.81259e-08,2.90881e-06,1.27561e-07,18.4006,55.3762,12.1007,0.398674,33.1178,0.00284716,14.5141,0.00742973,0.00284716,3.45912,0.192024,3.51361,0.00265127,0.00749412,3.30431,0.000113886,0.0222798,6.77895e-05,0.00713257,3.30431,0.0131688,3.07949,1.69056,0.000443317,0.0665846,7.59242e-06,0.0037133,2.84716e-06,0.00115304,0.0665846,1.34208,1.50781e-06,6.29996,0.0102769
2095.2917,292.423,291.473,4.88642,0.220392,1.93067,0.0130076,0.00481305,0.00252546,0.00819454,5.19774e-05,0.000158295,4.24513e-05,3.60002e-06,0.00274246,0.0135282,2.75001,0.813563,0.0179602,0.00087684,1.69563e-05,1.03308e-06,4.91995e-05,1.63959e-06,7.89735e-05,7.52898e-05,3.87756e-06,1.69326e-08,3.46e-06,4.55031e-06,18.4625,55.3978,12.1131,0.375533,33.1028,0.139423,14.7831,0.0135947,0.139423,3.457,0.192804,3.51234,0.00238197,0.00692913,3.30309,0.0055769,0.0226527,0.00331958,0.00712791,3.30309,0.0132129,3.07949,1.69059,0.000413247,0.0665407,0.000371793,0.00377544,0.000139423,0.00115233,0.0665407,3.06,1.79894e-05,6.34944,0.153017
2095.3750,298.298,296.892,6.36118,0.158843,3.47697,0.0157695,0.00654212,0.00256656,0.00922739,9.53603e-05,0.000165249,8.07743e-05,3.3653e-06,0.00425577,0.00951373,4.0642,0.518478,0.0219175,0.000882145,2.25605e-05,1.12652e-06,3.60968e-05,1.01457e-06,8.53424e-05,9.14995e-05,3.83059e-06,1.44641e-08,3.47421e-06,5.58021e-06,18.7032,55.5916,12.1737,0.355617,33.0823,0.176762,14.8391,0.0145791,0.176762,3.45039,0.195121,3.51168,0.00160959,0.00644522,3.30139,0.0070705,0.0227322,0.00420863,0.00711457,3.30139,0.0133512,3.07949,1.69054,0.000387841,0.066484,0.000471367,0.00378871,0.000176762,0.00115013,0.066484,4.07785,2.3687e-05,6.52959,0.191342
2095.4583,299.925,298.625,6.34857,0.151178,3.5543,0.0155114,0.00702783,0.00246833,0.00848353,0.000129778,0.000163123,0.000111339,3.00204e-06,0.00589978,0.0110272,4.48234,0.353362,0.0214554,0.000888208,2.24471e-05,1.2438e-06,2.40321e-05,4.24592e-07,8.44692e-05,8.91102e-05,2.91309e-06,7.13831e-09,3.25809e-06,5.46389e-06,18.9475,55.7902,12.2433,0.339718,33.0605,0.176467,14.8144,0.013728,0.176467,3.4425,0.197592,3.51146,0.0012032,0.00605996,3.29951,0.00705869,0.0226998,0.0042016,0.0070985,3.29951,0.0135,3.07949,1.69047,0.000367754,0.0664261,0.000470579,0.0037833,0.000176467,0.0011475,0.0664261,4.2113,2.36909e-05,6.7042,0.190195
2095.5417,299.29,298.412,6.33579,0.153283,3.10269,0.0134483,0.0068211,0.00234609,0.00662717,0.000114157,0.000150076,9.80545e-05,2.51138e-06,0.00554832,0.0103624,4.20524,0.319215,0.0183216,0.000893939,1.91986e-05,1.34424e-06,2.18092e-05,2.42282e-07,8.24289e-05,7.60703e-05,2.31251e-06,4.08708e-09,3.02697e-06,4.65803e-06,19.1535,55.9545,12.309,0.327039,33.039,0.176168,14.7892,0.0129136,0.176168,3.43506,0.199839,3.51147,0.00117711,0.00575384,3.29761,0.00704671,0.0226665,0.00419447,0.00708327,3.29761,0.0136354,3.07949,1.6904,0.000351858,0.0663711,0.000469781,0.00377776,0.000176168,0.00114502,0.0663711,3.87539,2.05428e-05,6.84449,0.189081
2095.6250,296.823,296.371,6.32324,0.094245,2.39492,0.00946974,0.00574802,0.00137108,0.00372173,8.11586e-05,0.000133211,6.96981e-05,1.80162e-06,0.00532144,0.0132353,3.55435,0.268582,0.0123772,0.000898072,1.29354e-05,1.40229e-06,4.16974e-06,2.87372e-07,4.5126e-05,5.13219e-05,7.68769e-07,2.91159e-09,1.71256e-06,3.11904e-06,19.2818,56.057,12.3556,0.318406,33.0224,0.175874,14.7645,0.0121595,0.175874,3.43432,0.201463,3.51161,0.00138077,0.0055519,3.29613,0.00703494,0.0226336,0.00418747,0.00708176,3.29613,0.0137321,3.07949,1.69036,0.000341627,0.0663301,0.000468996,0.00377226,0.000175874,0.00114477,0.0663301,2.68405,1.43376e-05,6.92623,0.188033
2095.7083,290.652,291.134,5.13759,0.174618,0.798931,0.00594359,0.00438782,0.00293287,0.00155577,4.64486e-05,7.61798e-05,3.86747e-05,1.35124e-06,0.0044048,0.00836522,2.22427,0.230924,0.00674004,0.0122185,7.55979e-06,1.38587e-06,2.29318e-05,1.69061e-07,7.13806e-06,0.000106677,2.20337e-06,2.13825e-09,1.62837e-06,6.93064e-06,19.2746,56.1511,12.3494,0.417619,33.0206,0.144938,14.7399,0.0114496,0.144938,3.43831,0.20085,3.513,0.00112968,0.00804771,3.29588,0.00579667,0.0226004,0.0034509,0.00708995,3.29588,0.013701,3.07957,1.69033,0.000474448,0.0663293,0.000386405,0.00376673,0.000144938,0.0011461,0.0663293,1.49805,8.94566e-06,6.92522,0.156388
2095.7917,283.978,284.864,0,0.208027,0,0,0.00176661,0.00427007,-0.00176661,0,0,0,0,0,0,0,0,0,0.000880959,0,1.3266e-06,1.15062e-07,2.97166e-08,-5.32255e-06,0,8.36473e-09,1.58337e-09,2.40314e-06,0,18.9439,56.3131,12.1999,0.852755,33.0775,0,14.7153,0.0107809,0,3.43899,0.193625,3.52004,0.000116454,0.0187203,3.30049,0,0.022567,0,0.00709121,3.30049,0.0133016,3.07996,1.69037,0.00105975,0.0664937,0,0.00376116,0,0.00114633,0.0664937,0.577762,1.3266e-06,6.74404,0.0107809
2095.8750,278.768,279.902,0,0.204628,0,0,0.00143731,0.00365244,-0.00143731,0,0,0,0,0,0,0,0,0,0.000879488,0,1.2464e-06,3.25021e-06,3.97631e-08,1.20046e-05,0,1.60521e-07,2.14045e-09,3.10099e-06,0,18.8668,56.1396,12.1795,0.704437,33.1256,0,14.6907,0.0101515,0,3.44285,0.193302,3.5201,0.000276623,0.0148941,3.30453,0,0.0225334,0,0.00709894,3.30453,0.0132794,3.07996,1.69046,0.000857112,0.066626,0,0.00375556,0,0.00114762,0.066626,0.372574,1.2464e-06,6.68724,0.0101515
2095.9583,275.862,276.769,0,0.265587,0,0,0.0012844,0.00265867,-0.0012844,0,0,0,0,0,0,0,0,0,0.000877996,0,1.16953e-06,9.65253e-06,2.35497e-07,2.23969e-05,0,4.73139e-07,9.43413e-09,2.69251e-06,0,18.796,56.0059,12.1589,0.610038,33.1491,0,14.6657,0.00954932,0,3.45078,0.192974,3.51998,0.000714029,0.0125729,3.30661,0,0.022499,0,0.007115,3.30661,0.0132569,3.07996,1.69055,0.000728645,0.0666854,0,0.00374984,0,0.00115026,0.0666854,0.631955,1.16953e-06,6.63719,0.00954932
2096.0417,274.305,274.79,0,0.234425,0,0,0.00113185,0.00196337,-0.00113185,0,0,0,0,0,0,0,0,0,0.000876578,0,1.11622e-06,1.55421e-05,6.76784e-07,2.5024e-05,0,8.6554e-07,1.94404e-08,2.19361e-06,0,18.732,55.9035,12.1392,0.551938,33.1595,0,14.6421,0.00900922,0,3.4601,0.192662,3.51967,0.00112219,0.0111619,3.30759,0,0.0224662,0,0.00713388,3.30759,0.0132355,3.07996,1.69062,0.000650268,0.066709,0,0.00374436,0,0.00115337,0.066709,0.97869,1.11622e-06,6.59278,0.00900922
2096.1250,282.055,281.556,0,0.217564,0,0,0.0014955,0.00254081,-0.0014955,0,0,0,0,0,0,0,0,0,0.000875162,0,1.08026e-06,2.50592e-05,7.93078e-07,3.91845e-05,0,1.43735e-06,1.6761e-08,3.06057e-06,0,18.6663,55.8036,12.1196,0.504837,33.1643,0,14.6184,0.00850016,0,3.46808,0.192351,3.51915,0.001519,0.0100156,3.30812,0,0.0224332,0,0.00714993,3.30812,0.0132141,3.07996,1.69069,0.000586106,0.0667166,0,0.00373887,0,0.00115603,0.0667166,0.988826,1.08026e-06,6.54672,0.00850016
2096.2083,291.295,289.59,0.438515,0.165102,0.333698,0.00195289,0.00245053,0.00279223,-0.000497645,7.22787e-06,3.78895e-05,5.97437e-06,4.0158e-07,0.000743659,0.0073991,0.889496,0.184094,0.00239123,0.00087378,2.38536e-06,1.04971e-06,4.09024e-05,1.19081e-06,5.75857e-05,9.99842e-06,3.41238e-06,1.66146e-08,3.62681e-06,5.90796e-07,18.5913,55.6803,12.1003,0.455764,33.1633,0.0138029,14.6269,0.00875767,0.0138029,3.46999,0.192058,3.51823,0.00198304,0.00883692,3.3082,0.000552117,0.0224445,0.000328641,0.00715339,3.3082,0.0131937,3.07996,1.69079,0.000519247,0.0667058,3.68078e-05,0.00374075,1.38029e-05,0.00115666,0.0667058,1.4612,3.43507e-06,6.491,0.0225606
2096.2917,293.902,293.025,4.78736,0.163011,2.3258,0.0132661,0.00531371,0.00261662,0.00795234,7.55348e-05,0.00015782,6.33354e-05,3.39167e-06,0.00397399,0.0140351,3.1635,0.541411,0.0180633,0.00087628,1.82568e-05,1.08314e-06,3.54512e-05,7.66836e-07,6.92544e-05,7.53611e-05,3.5645e-06,9.48928e-09,3.58291e-06,4.57847e-06,18.6737,55.7076,12.1274,0.415599,33.1523,0.138074,14.8985,0.0148789,0.138074,3.46598,0.193134,3.51729,0.00168098,0.00787529,3.30745,0.00552295,0.0228215,0.00328747,0.00714507,3.30745,0.013256,3.07996,1.69082,0.000465615,0.0666674,0.000368197,0.00380359,0.000138074,0.00115533,0.0666674,3.02371,1.934e-05,6.5463,0.152953
2096.3750,297.379,295.85,5.39632,0.120617,3.59667,0.0152467,0.00638763,0.00218733,0.00885906,0.000152855,0.000165113,0.000131215,3.45938e-06,0.0070977,0.00974437,3.85885,0.306318,0.0212094,0.00088221,2.21149e-05,1.16502e-06,1.14357e-05,3.66161e-07,6.29265e-05,8.76579e-05,1.53789e-06,5.45626e-09,2.99556e-06,5.39591e-06,18.897,55.8873,12.1956,0.389541,33.1374,0.153652,14.9113,0.0148376,0.153652,3.46334,0.195357,3.5172,0.00114029,0.00724964,3.30631,0.00614609,0.0228415,0.00365839,0.00714,3.30631,0.0133895,3.07996,1.69076,0.000431697,0.0666214,0.000409739,0.00380691,0.000153652,0.00115445,0.0666214,3.98218,2.32799e-05,6.70141,0.16849
2096.4583,303.265,300.723,5.38586,0.107574,2.56151,0.00875469,0.00612769,0.00151324,0.002627,0.000104444,0.000139758,9.03575e-05,1.58582e-06,0.00817726,0.0247501,4.07802,0.204247,0.0112895,0.000886645,1.18477e-05,1.24603e-06,2.92883e-06,2.40048e-07,3.89414e-05,4.63055e-05,6.16179e-07,3.6925e-09,1.97428e-06,2.82609e-06,19.0271,55.997,12.2458,0.374704,33.1277,0.153396,14.8864,0.0139714,0.153396,3.46753,0.197006,3.51758,0.000959472,0.00689666,3.30556,0.00613583,0.0228089,0.00365228,0.00714893,3.30556,0.0134886,3.07996,1.69071,0.000412823,0.0665916,0.000409055,0.00380149,0.000153396,0.00115584,0.0665916,3.13059,1.30937e-05,6.78125,0.167367
2096.5417,300.247,299.102,5.37525,0.117777,2.07998,0.00893907,0.00577724,0.00177425,0.00316183,8.70709e-05,0.000134807,7.50432e-05,1.63339e-06,0.00643428,0.0195093,3.88969,0.240998,0.0117528,0.000889448,1.2319e-05,1.28504e-06,1.35119e-05,1.49092e-07,5.36467e-05,4.85177e-05,1.34543e-06,2.56796e-09,2.35857e-06,2.95205e-06,19.0771,56.0309,12.2766,0.363296,33.1186,0.153135,14.8611,0.0131426,0.153135,3.47195,0.198094,3.51773,0.00101625,0.00661761,3.30484,0.00612541,0.0227756,0.00364608,0.00715822,3.30484,0.0135523,3.07996,1.69069,0.000397723,0.0665648,0.000408361,0.00379593,0.000153135,0.00115732,0.0665648,2.65328,1.36041e-05,6.80051,0.166278
2096.6250,294.837,294.69,5.36483,0.174275,1.78295,0.00967035,0.00546432,0.00235023,0.00420603,6.69842e-05,0.000133038,5.70094e-05,2.06148e-06,0.00414589,0.0120382,3.20969,0.352052,0.0129028,0.000892965,1.33946e-05,1.31619e-06,2.87428e-05,7.91988e-08,7.89918e-05,5.36801e-05,2.57133e-06,1.79744e-09,3.13896e-06,3.255e-06,19.1706,56.0897,12.3159,0.349181,33.1012,0.15288,14.8363,0.0123751,0.15288,3.46872,0.199412,3.51744,0.00124362,0.00627068,3.30337,0.00611518,0.0227425,0.00363999,0.00715162,3.30337,0.0136299,3.07996,1.69067,0.000379427,0.0665175,0.000407679,0.00379042,0.00015288,0.00115624,0.0665175,2.43629,1.47108e-05,6.85475,0.165255
2096.7083,289.503,290.05,4.36707,0.168889,1.01551,0.00627834,0.00414711,0.00316087,0.00213123,3.95359e-05,7.92613e-05,3.30091e-05,1.58792e-06,0.00368446,0.00751098,2.11299,0.3093,0.00758633,0.0107342,8.20542e-06,1.31046e-06,2.88676e-05,8.0767e-08,1.29647e-05,9.98678e-05,2.75328e-06,1.44042e-09,2.0247e-06,6.45555e-06,19.1945,56.1775,12.3209,0.426927,33.0912,0.125988,14.8115,0.0116526,0.125988,3.46498,0.199148,3.51824,0.00124337,0.00824113,3.30247,0.00503804,0.0227092,0.00299973,0.00714387,3.30247,0.0136186,3.08003,1.69068,0.000484004,0.0664927,0.000335835,0.00378487,0.000125988,0.00115499,0.0664927,1.51971,9.51588e-06,6.87355,0.137641
2096.7917,285.066,285.715,0,0.177195,0,0,0.00187501,0.00422707,-0.00187501,0,0,0,0,0,0,0,0,0,0.000879114,0,1.24573e-06,6.14108e-07,2.63726e-08,-2.57053e-06,0,3.5975e-08,1.28044e-09,2.63159e-06,0,18.9078,56.308,12.192,0.786332,33.1471,0,14.7868,0.0109721,0,3.46673,0.192905,3.52432,0.000138931,0.017073,3.30705,0,0.0226757,0,0.00714735,3.30705,0.0132734,3.08037,1.69071,0.000966953,0.0666515,0,0.00377929,0,0.00115558,0.0666515,0.422348,1.24573e-06,6.71579,0.0109721
2096.8750,278.981,280.245,0,0.248674,0,0,0.00147517,0.00353216,-0.00147517,0,0,0,0,0,0,0,0,0,0.000877646,0,1.17275e-06,6.54556e-06,2.89743e-08,2.15712e-05,0,3.00768e-07,1.37894e-09,3.30704e-06,0,18.8266,56.1305,12.1717,0.645197,33.1891,0,14.7621,0.0103315,0,3.46959,0.192583,3.52433,0.000481105,0.0134625,3.31065,0,0.022642,0,0.00715304,3.31065,0.0132512,3.08037,1.69081,0.000773832,0.0667642,0,0.00377367,0,0.00115653,0.0667642,0.566787,1.17275e-06,6.65488,0.0103315
2096.9583,273.693,274.44,0,0.22856,0,0,0.00119164,0.00201754,-0.00119164,0,0,0,0,0,0,0,0,0,0.000876157,0,1.11375e-06,1.21333e-05,2.05355e-07,2.30917e-05,0,6.41316e-07,6.45597e-09,2.16721e-06,0,18.7577,56.0108,12.151,0.569891,33.2048,0,14.737,0.00971863,0,3.47845,0.192256,3.5241,0.00097387,0.0116196,3.31208,0,0.0226075,0,0.00717106,3.31208,0.0132287,3.08037,1.6909,0.00067237,0.0668017,0,0.00376792,0,0.00115949,0.0668017,0.721955,1.11375e-06,6.60663,0.00971863
2097.0417,276.069,276.172,0,0.28457,0,0,0.00126211,0.00215225,-0.00126211,0,0,0,0,0,0,0,0,0,0.000874742,0,1.06614e-06,1.95464e-05,5.24257e-07,3.0893e-05,0,1.02837e-06,1.21264e-08,2.51781e-06,0,18.6944,55.9192,12.1314,0.524555,33.2111,0,14.7132,0.00916895,0,3.48906,0.191945,3.52371,0.00134762,0.010513,3.31271,0,0.0225746,0,0.00719262,3.31271,0.0132074,3.08037,1.69096,0.000611457,0.0668146,0,0.00376243,0,0.00116302,0.0668146,0.877109,1.06614e-06,6.56303,0.00916895
2097.1250,276.66,276.807,0,0.252535,0,0,0.00121368,0.00196122,-0.00121368,0,0,0,0,0,0,0,0,0,0.000873329,0,1.0424e-06,2.3651e-05,1.05423e-06,3.5433e-05,0,1.33699e-06,1.82959e-08,2.44418e-06,0,18.6303,55.8255,12.1118,0.484336,33.2133,0,14.6895,0.00865086,0,3.49753,0.191635,3.52312,0.00173204,0.00953786,3.31301,0,0.0225415,0,0.0072097,3.31301,0.013186,3.08037,1.69103,0.000557189,0.0668152,0,0.00375691,0,0.00116584,0.0668152,1.37245,1.0424e-06,6.5185,0.00865086
2097.2083,288.883,287.352,0,0.203613,0,0,0.00187171,0.0026318,-0.00187171,0,0,0,0,0,0,0,0,0,0.00087187,0,1.02257e-06,4.07358e-05,1.87805e-06,5.91733e-05,0,2.91061e-06,2.44774e-08,3.48728e-06,0,18.5569,55.7143,12.0916,0.445899,33.2099,0,14.6649,0.00814564,0,3.50157,0.191315,3.52221,0.00221241,0.00860544,3.31286,0,0.0225071,0,0.00721757,3.31286,0.013164,3.08037,1.69112,0.000505217,0.0667991,0,0.00375119,0,0.00116719,0.0667991,1.3807,1.02257e-06,6.46534,0.00814564
2097.2917,293.305,292.481,2.7726,0.201279,1.50112,0.0102197,0.0046094,0.00278517,0.00561035,4.27781e-05,0.000139404,3.50264e-05,2.81597e-06,0.00262908,0.0168463,2.72386,0.72346,0.0147785,0.000873022,1.44727e-05,1.03487e-06,5.08673e-05,1.70843e-06,7.74723e-05,6.24094e-05,4.13128e-06,2.1169e-08,3.84081e-06,3.72643e-06,18.5455,55.648,12.102,0.409301,33.1966,0.0827562,14.85,0.0124082,0.0827562,3.49656,0.191704,3.52084,0.00230332,0.00771839,3.31191,0.00331025,0.0227634,0.00197039,0.00720691,3.31191,0.0131841,3.08037,1.69119,0.000456539,0.066755,0.000220683,0.0037939,8.27562e-05,0.00116552,0.066755,2.65933,1.55076e-05,6.4435,0.0951645
2097.3750,298.145,296.76,4.73133,0.183829,2.98808,0.0149342,0.00671171,0.00286566,0.00822247,9.65361e-05,0.000164913,8.17092e-05,3.4543e-06,0.00451096,0.00990175,4.04471,0.518169,0.0221905,0.000880953,2.30658e-05,1.11608e-06,3.75521e-05,7.71646e-07,8.85116e-05,9.33037e-05,3.6267e-06,1.32587e-08,3.9567e-06,5.63939e-06,18.739,55.7883,12.1921,0.3823,33.1775,0.137079,14.9631,0.0147328,0.137079,3.48948,0.193963,3.52014,0.00151432,0.0070646,3.31041,0.00548315,0.0229219,0.00326378,0.00719257,3.31041,0.0133172,3.08037,1.69115,0.00042152,0.0666979,0.000365543,0.00382032,0.000137079,0.00116316,0.0666979,3.90145,2.41818e-05,6.54686,0.151811
2097.4583,301.127,299.78,4.72244,0.164128,3.15424,0.0145262,0.00719293,0.00286707,0.00733332,0.000115268,0.000163317,9.86637e-05,2.89682e-06,0.00556417,0.0114593,4.69285,0.406776,0.0214873,0.000889649,2.26455e-05,1.21938e-06,3.12988e-05,3.18358e-07,9.42801e-05,9.00585e-05,3.27826e-06,6.91791e-09,3.87662e-06,5.45935e-06,18.9468,55.9384,12.2912,0.359831,33.1537,0.136853,14.9381,0.0138729,0.136853,3.47802,0.196483,3.51986,0.0012418,0.00652087,3.30844,0.00547414,0.0228892,0.00325842,0.00716919,3.30844,0.0134671,3.08037,1.6911,0.00039273,0.0666308,0.000364943,0.00381487,0.000136853,0.00115934,0.0666308,3.95388,2.38649e-05,6.65558,0.150726
2097.5417,300.129,299.339,4.71328,0.148548,2.7044,0.0123725,0.00668852,0.00265166,0.00568393,9.4806e-05,0.000149519,8.11523e-05,2.37893e-06,0.00501748,0.012104,4.4031,0.380885,0.0180102,0.000897195,1.89852e-05,1.30048e-06,2.71059e-05,2.42828e-07,9.15213e-05,7.55259e-05,2.86208e-06,4.41488e-09,3.51022e-06,4.56545e-06,19.1172,56.0547,12.3768,0.342043,33.129,0.136621,14.9128,0.0130499,0.136621,3.46645,0.198725,3.5196,0.00131086,0.00609254,3.30632,0.00546485,0.0228557,0.00325289,0.00714548,3.30632,0.0136003,3.08037,1.69105,0.000370255,0.0665647,0.000364323,0.00380928,0.000136621,0.00115548,0.0665647,3.26918,2.02857e-05,6.74043,0.149671
2097.6250,297.696,297.211,4.70429,0.130477,2.06227,0.00961703,0.00590118,0.00192588,0.00371585,7.68174e-05,0.000134104,6.57592e-05,1.92466e-06,0.00483498,0.012198,3.69542,0.320645,0.0136228,0.000902722,1.43112e-05,1.3452e-06,1.63724e-05,3.6082e-07,6.51865e-05,5.70507e-05,1.88464e-06,3.19403e-09,2.47729e-06,3.43432e-06,19.2327,56.1354,12.4387,0.330094,33.11,0.136393,14.8879,0.0122878,0.136393,3.46263,0.200422,3.51961,0.00159011,0.00580857,3.30466,0.00545572,0.0228225,0.00324745,0.00713766,3.30466,0.0137,3.08037,1.69102,0.000355672,0.066516,0.000363715,0.00380374,0.000136393,0.00115421,0.066516,2.5596,1.56564e-05,6.79399,0.148681
2097.7083,289.198,290.058,3.83372,0.177833,0.850045,0.00579391,0.00393112,0.00314464,0.00186279,3.7514e-05,7.94374e-05,3.16016e-05,1.51526e-06,0.00365245,0.00832335,2.13869,0.311977,0.00741068,0.00968354,8.02713e-06,1.33198e-06,3.20746e-05,1.85733e-07,1.30141e-05,9.20301e-05,2.90066e-06,2.30921e-09,1.91433e-06,5.91335e-06,19.2457,56.2078,12.452,0.399939,33.1014,0.112402,14.863,0.0115704,0.112402,3.46074,0.200306,3.52025,0.00140173,0.00757646,3.30383,0.00449478,0.022789,0.00267624,0.00713372,3.30383,0.0136961,3.08043,1.69101,0.000449084,0.0664972,0.000299619,0.00379817,0.000112402,0.00115358,0.0664972,1.39932,9.35912e-06,6.79371,0.123972
2097.7917,283.814,284.76,0,0.19751,0,0,0.00171371,0.00413323,-0.00171371,0,0,0,0,0,0,0,0,0,0.000891411,0,1.27217e-06,2.5005e-06,5.23135e-08,2.34026e-06,0,1.26459e-07,1.98001e-09,2.66327e-06,0,18.9844,56.3047,12.3387,0.700624,33.1583,0,14.8382,0.0108947,0,3.46132,0.19476,3.52554,0.000207577,0.0149574,3.30848,0,0.0227553,0,0.00713478,3.30848,0.013389,3.08073,1.69105,0.000851532,0.0666597,0,0.00379255,0,0.00115377,0.0666597,0.528936,1.27217e-06,6.64565,0.0108947
2097.8750,274.963,276.364,0,0.22211,0,0,0.0011964,0.0025628,-0.0011964,0,0,0,0,0,0,0,0,0,0.000889922,0,1.19762e-06,7.84508e-06,7.27318e-08,2.12035e-05,0,4.26462e-07,2.66574e-09,2.44726e-06,0,18.9126,56.1609,12.3181,0.591372,33.1895,0,14.8134,0.0102586,0,3.46747,0.194435,3.52549,0.000600582,0.0121808,3.31113,0,0.0227214,0,0.00714727,3.31113,0.0133666,3.08073,1.69113,0.000703199,0.066744,0,0.00378691,0,0.00115582,0.066744,0.579889,1.19762e-06,6.59444,0.0102586
2097.9583,274.894,275.46,0,0.278685,0,0,0.00119335,0.0021544,-0.00119335,0,0,0,0,0,0,0,0,0,0.000888412,0,1.13566e-06,1.45009e-05,1.80269e-07,2.72185e-05,0,7.98869e-07,4.5511e-09,2.32567e-06,0,18.8465,56.0563,12.2972,0.530752,33.2012,0,14.7883,0.0096501,0,3.47782,0.194105,3.52522,0.00108245,0.0106904,3.31218,0,0.0226868,0,0.00716835,3.31218,0.0133439,3.08073,1.6912,0.000621291,0.066773,0,0.00378114,0,0.00115927,0.066773,0.7361,1.13566e-06,6.54924,0.0096501
2098.0417,281.402,280.843,0,0.220991,0,0,0.00154065,0.00243137,-0.00154065,0,0,0,0,0,0,0,0,0,0.000886977,0,1.08199e-06,2.39692e-05,6.77038e-07,3.91699e-05,0,1.40676e-06,1.25123e-08,2.85475e-06,0,18.7816,55.9578,12.2774,0.483614,33.2065,0,14.7644,0.0091043,0,3.48605,0.193791,3.52475,0.00153347,0.0095368,3.31271,0,0.0226537,0,0.00718499,3.31271,0.0133224,3.08073,1.69127,0.000557281,0.0667838,0,0.00377562,0,0.00116202,0.0667838,0.638218,1.08199e-06,6.50424,0.0091043
2098.1250,281.834,282.143,0,0.224741,0,0,0.00140486,0.00225769,-0.00140486,0,0,0,0,0,0,0,0,0,0.000885544,0,1.04049e-06,3.32612e-05,1.47087e-06,4.91772e-05,0,2.02709e-06,2.15258e-08,2.86263e-06,0,18.7076,55.8407,12.2575,0.439165,33.2052,0,14.7405,0.00858986,0,3.48872,0.193478,3.5239,0.00206623,0.008458,3.31271,0,0.0226205,0,0.0071901,3.31271,0.0133008,3.08073,1.69136,0.000497137,0.0667748,0,0.00377008,0,0.00116291,0.0667748,1.03511,1.04049e-06,6.45006,0.00858986
2098.2083,287.253,286.568,2.14525,0.204951,0.775391,0.00635632,0.00307988,0.00229514,0.00327644,2.64703e-05,9.87376e-05,2.12615e-05,2.22184e-06,0.00193554,0.014412,1.28787,0.514301,0.00875468,0.000885008,7.73103e-06,1.02128e-06,4.16383e-05,1.96494e-06,6.04215e-05,3.68106e-05,3.2137e-06,2.34409e-08,3.0682e-06,2.19509e-06,18.6713,55.7683,12.2482,0.408215,33.1975,0.0638944,14.8688,0.0115649,0.0638944,3.4913,0.19346,3.52281,0.00229482,0.00770625,3.31216,0.00255578,0.022798,0.0015213,0.00719508,3.31216,0.0132966,3.08073,1.69143,0.000456162,0.0667494,0.000170385,0.00379967,6.38944e-05,0.00116377,0.0667494,1.85645,8.75231e-06,6.42307,0.0754593
2098.2917,291.552,290.78,5.65872,0.189759,2.2208,0.0142262,0.00549302,0.00239831,0.00873322,8.95013e-05,0.000159156,7.45425e-05,4.6085e-06,0.00427256,0.0117172,2.60235,0.524156,0.0205293,0.000889942,2.04503e-05,1.06274e-06,3.22356e-05,8.50848e-07,7.20471e-05,8.60174e-05,2.92793e-06,1.31488e-08,3.27733e-06,5.21603e-06,18.8357,55.893,12.3037,0.38323,33.1837,0.160037,15.0743,0.0160048,0.160037,3.49036,0.195196,3.52214,0.00157828,0.00709923,3.31107,0.00640148,0.0230846,0.00381041,0.00719345,3.31107,0.0133985,3.08073,1.6914,0.000423634,0.0667082,0.000426765,0.00384743,0.000160037,0.00116345,0.0667082,3.02802,2.1513e-05,6.532,0.176042
2098.3750,297.09,295.907,5.69317,0.200289,2.74944,0.0149177,0.00658125,0.00277471,0.00833648,0.000115059,0.00016466,9.7958e-05,3.50205e-06,0.0054198,0.0105096,3.87071,0.408049,0.0214708,0.000897066,2.24373e-05,1.14723e-06,2.89296e-05,2.66009e-07,8.97866e-05,8.96956e-05,2.43825e-06,7.91613e-09,3.75197e-06,5.45918e-06,19.066,56.0756,12.3851,0.361527,33.1641,0.160877,15.0518,0.015128,0.160877,3.48389,0.197604,3.52194,0.00112834,0.00657029,3.30946,0.00643507,0.0230558,0.0038304,0.00718053,3.30946,0.0135423,3.08073,1.69134,0.000395666,0.0666526,0.000429005,0.00384263,0.000160877,0.0011613,0.0666526,3.63733,2.35845e-05,6.68094,0.176005
2098.4583,299.723,298.428,5.68206,0.14953,3.6653,0.0156166,0.00715763,0.0025878,0.00845899,0.000143694,0.00016394,0.000123398,3.18808e-06,0.00646486,0.0112563,4.47508,0.342732,0.0225546,0.000904581,2.37509e-05,1.24912e-06,2.4073e-05,2.20749e-07,8.76062e-05,9.39509e-05,2.48311e-06,6.9299e-09,3.4268e-06,5.74585e-06,19.2937,56.2515,12.4712,0.343121,33.1408,0.160608,15.0267,0.0142448,0.160608,3.47386,0.200109,3.52187,0.00100709,0.00612433,3.30747,0.00642433,0.023023,0.00382401,0.00716014,3.30747,0.0136926,3.08073,1.69128,0.000372351,0.0665899,0.000428289,0.00383717,0.000160608,0.00115795,0.0665899,4.29792,2.5e-05,6.82253,0.174853
2098.5417,302.214,300.811,5.67079,0.113607,3.34465,0.0123859,0.00731257,0.00216702,0.00507334,0.000124807,0.00014973,0.000107653,2.24301e-06,0.00665585,0.0109304,4.48492,0.271392,0.0172718,0.000911311,1.82258e-05,1.3455e-06,1.08462e-05,3.15019e-07,7.35854e-05,7.17403e-05,1.64458e-06,5.06694e-09,2.78517e-06,4.37923e-06,19.4736,56.3891,12.5479,0.329489,33.1194,0.160336,15.0012,0.0133998,0.160336,3.46656,0.202341,3.52201,0.0011184,0.00579603,3.30561,0.00641343,0.0229894,0.00381752,0.00714529,3.30561,0.0138267,3.08073,1.69122,0.000355322,0.0665347,0.000427562,0.00383157,0.000160336,0.00115552,0.0665347,3.78423,1.95713e-05,6.92576,0.173735
2098.6250,295.687,295.636,5.65972,0.141115,1.72165,0.00906831,0.00554843,0.00166942,0.00351988,8.48227e-05,0.000132825,7.28484e-05,1.88077e-06,0.00573577,0.0131853,3.44009,0.257598,0.0122969,0.000915719,1.29141e-05,1.39422e-06,1.65522e-05,2.76711e-07,5.48654e-05,5.11239e-05,1.89919e-06,3.42554e-09,2.07924e-06,3.09435e-06,19.5697,56.465,12.5971,0.321294,33.1057,0.160068,14.9761,0.0126172,0.160068,3.46822,0.203842,3.5222,0.00122613,0.00560149,3.30438,0.00640272,0.0229561,0.00381114,0.00714881,3.30438,0.0139154,3.08073,1.69117,0.000345379,0.0665003,0.000426848,0.00382601,0.000160068,0.00115607,0.0665003,2.52713,1.43084e-05,6.97262,0.172685
2098.7083,287.972,288.719,4.60442,0.173641,0.940891,0.00620613,0.00396704,0.0028666,0.00223909,4.77066e-05,7.80059e-05,3.89963e-05,1.72742e-06,0.0042614,0.00770137,1.94898,0.255374,0.00764325,0.0112198,8.44457e-06,1.38153e-06,2.32192e-05,1.27705e-07,1.31829e-05,0.000103635,2.28406e-06,2.33577e-09,1.72019e-06,6.69788e-06,19.5847,56.5613,12.6029,0.409676,33.0989,0.131912,14.9511,0.0118806,0.131912,3.46801,0.203509,3.52325,0.00106698,0.0078279,3.3037,0.00527549,0.0229225,0.00314077,0.00714839,3.3037,0.0139002,3.0808,1.69115,0.000463782,0.0664868,0.00035167,0.00382042,0.000131912,0.001156,0.0664868,1.41722,9.8261e-06,6.98178,0.143793
2098.7917,285.476,286.03,0,0.201401,0,0,0.00193309,0.00437817,-0.00193309,0,0,0,0,0,0,0,0,0,0.000901345,0,1.31479e-06,4.08112e-07,3.33637e-08,-3.74167e-06,0,2.40368e-08,1.8025e-09,2.55004e-06,0,19.2833,56.7029,12.4686,0.796427,33.1539,0,14.9262,0.0111868,0,3.46931,0.196967,3.52969,0.000120872,0.0172938,3.30816,0,0.0228887,0,0.00715097,3.30816,0.0135384,3.08116,1.69119,0.000983222,0.0666454,0,0.00381479,0,0.00115644,0.0666454,0.503978,1.31479e-06,6.81469,0.0111868
2098.8750,275.447,276.814,0,0.218921,0,0,0.00126404,0.00295065,-0.00126404,0,0,0,0,0,0,0,0,0,0.00089984,0,1.23665e-06,4.07357e-06,3.96639e-08,1.37495e-05,0,2.01061e-07,2.03649e-09,2.56831e-06,0,19.2067,56.5401,12.4477,0.662683,33.1964,0,14.9012,0.0105337,0,3.47429,0.196638,3.52973,0.000344792,0.0138601,3.31172,0,0.0228547,0,0.00716108,3.31172,0.0135158,3.08116,1.69127,0.000801073,0.066762,0,0.00380912,0,0.0011581,0.066762,0.521134,1.23665e-06,6.759,0.0105337
2098.9583,275.035,275.62,0,0.295838,0,0,0.00124278,0.00252028,-0.00124278,0,0,0,0,0,0,0,0,0,0.000898312,0,1.16451e-06,9.90224e-06,2.65952e-07,2.3177e-05,0,4.37914e-07,1.00011e-08,2.57262e-06,0,19.1393,56.425,12.4266,0.586408,33.2147,0,14.8759,0.00990883,0,3.48461,0.196304,3.5296,0.000781643,0.0119888,3.31334,0,0.02282,0,0.00718213,3.31334,0.0134928,3.08116,1.69135,0.000697818,0.0668085,0,0.00380333,0,0.00116154,0.0668085,0.559966,1.16451e-06,6.71265,0.00990883
2099.0417,275.56,276.057,0,0.243698,0,0,0.00112982,0.00218777,-0.00112982,0,0,0,0,0,0,0,0,0,0.000896862,0,1.10661e-06,1.75291e-05,9.48531e-07,2.85634e-05,0,9.56553e-07,2.78517e-08,2.45523e-06,0,19.0763,56.324,12.4065,0.529841,33.2244,0,14.8519,0.00934839,0,3.49348,0.195987,3.52926,0.00120706,0.010609,3.31426,0,0.0227868,0,0.00720011,3.31426,0.013471,3.08116,1.69142,0.000620818,0.0668306,0,0.0037978,0,0.00116449,0.0668306,0.694147,1.10661e-06,6.66975,0.00934839
2099.1250,282.324,282.001,0,0.24046,0,0,0.00153835,0.00254255,-0.00153835,0,0,0,0,0,0,0,0,0,0.000895413,0,1.06259e-06,2.69235e-05,1.21612e-06,4.28173e-05,0,1.37846e-06,2.9101e-08,3.08168e-06,0,19.0089,56.2177,12.3865,0.481,33.2283,0,14.8279,0.00882016,0,3.49954,0.19567,3.52867,0.00165116,0.00942588,3.31471,0,0.0227534,0,0.00721223,3.31471,0.0134493,3.08116,1.6915,0.000554139,0.0668356,0,0.00379223,0,0.00116651,0.0668356,0.984386,1.06259e-06,6.62239,0.00882016
2099.2083,288.507,287.62,0.244,0.206583,0.207457,0.00116193,0.00202523,0.00264187,-0.000863297,3.53293e-06,2.77591e-05,2.85757e-06,2.54014e-07,0.000488715,0.00659924,0.581603,0.161859,0.00135342,0.000893951,1.3019e-06,1.03512e-06,4.23799e-05,1.57888e-06,5.94047e-05,5.65351e-06,2.71969e-06,2.82042e-08,3.44613e-06,3.28953e-07,18.9312,56.0926,12.3662,0.436067,33.2247,0.00776555,14.8221,0.00873968,0.00776555,3.50054,0.195357,3.52764,0.00216069,0.00834839,3.31456,0.000310622,0.0227449,0.000184894,0.00721386,3.31456,0.0134276,3.08116,1.6916,0.000493394,0.0668188,2.07081e-05,0.00379082,7.76554e-06,0.00116685,0.0668188,1.50853,2.33703e-06,6.565,0.0165052
2099.2917,293.541,292.58,5.0511,0.190536,2.24644,0.0135368,0.00528903,0.00269353,0.00824782,6.07831e-05,0.000158556,5.02976e-05,3.48039e-06,0.00308237,0.0121129,3.02215,0.698183,0.0183336,0.0008957,1.80683e-05,1.06241e-06,4.29186e-05,1.11522e-06,7.4663e-05,7.66058e-05,3.61159e-06,1.80484e-08,3.67317e-06,4.64987e-06,19.0043,56.1156,12.3844,0.401692,33.2124,0.144212,15.1297,0.0156921,0.144212,3.49723,0.196278,3.52654,0.00187359,0.00752294,3.31366,0.00576849,0.0231719,0.00343362,0.00720702,3.31366,0.0134803,3.08115,1.69163,0.000447904,0.0667785,0.000384566,0.00386198,0.000144212,0.00116574,0.0667785,3.03329,1.91307e-05,6.61983,0.159904
2099.3750,297.753,296.554,6.06287,0.186786,2.91452,0.0156815,0.00670652,0.00284513,0.00897499,0.000100615,0.000164844,8.54126e-05,3.33776e-06,0.00453353,0.010208,4.01989,0.469694,0.0214311,0.000901117,2.21739e-05,1.14575e-06,3.37337e-05,4.16124e-07,8.76592e-05,8.91943e-05,3.09427e-06,9.94871e-09,3.87916e-06,5.45542e-06,19.2338,56.2921,12.4466,0.374987,33.1933,0.169731,15.1672,0.0161567,0.169731,3.48993,0.198532,3.52605,0.00130043,0.00687969,3.31215,0.00678923,0.0232264,0.00404121,0.00719249,3.31215,0.0136152,3.08115,1.69158,0.000413232,0.066722,0.000452616,0.00387107,0.000169731,0.00116331,0.066722,3.75617,2.33196e-05,6.78727,0.185888
2099.4583,302.851,300.214,6.05094,0.0663863,3.84913,0.0125796,0.00699853,0.00165903,0.00558112,0.000125465,0.000159655,0.000108179,2.30356e-06,0.00739544,0.0156679,4.52977,0.278626,0.0167031,0.000906701,1.74783e-05,1.25319e-06,5.32373e-06,4.12294e-07,5.13618e-05,6.88787e-05,6.68253e-07,6.44733e-09,2.20707e-06,4.22572e-06,19.4391,56.4578,12.5107,0.356836,33.1753,0.169447,15.1419,0.0152135,0.169447,3.4866,0.200747,3.52613,0.00109631,0.00644887,3.31065,0.0067779,0.0231938,0.00403446,0.00718606,3.31065,0.0137486,3.08115,1.69152,0.000390577,0.0666713,0.00045186,0.00386563,0.000169447,0.0011622,0.0666713,4.03751,1.87315e-05,6.92831,0.184661
2099.5417,300.665,299.433,6.03883,0.108471,2.55429,0.010157,0.00637451,0.00162645,0.00378252,0.000113844,0.000140907,9.8426e-05,1.79871e-06,0.00734022,0.0172765,4.09675,0.216341,0.013237,0.000910694,1.38854e-05,1.33151e-06,6.5225e-06,2.48321e-07,4.86947e-05,5.43951e-05,1.05171e-06,4.07298e-09,2.09566e-06,3.3371e-06,19.5506,56.552,12.5558,0.346024,33.1645,0.16916,15.1162,0.014311,0.16916,3.49095,0.202326,3.52643,0.000975354,0.00618659,3.30975,0.00676639,0.0231602,0.00402762,0.00719535,3.30975,0.0138432,3.08115,1.69147,0.000376859,0.0666415,0.000451093,0.00386004,0.00016916,0.00116365,0.0666415,3.10262,1.52169e-05,6.99476,0.183471
2099.6250,299.223,298.219,6.02695,0.0923709,1.4677,0.00589371,0.00531385,0.00120599,0.00057986,5.0595e-05,0.000113526,4.35555e-05,1.00669e-06,0.00521829,0.0206601,3.25492,0.213235,0.00699104,0.000912324,7.29619e-06,1.33677e-06,2.93557e-06,2.33174e-07,3.42008e-05,2.8824e-05,6.21272e-07,2.85019e-09,1.50664e-06,1.72774e-06,19.5604,56.5559,12.5726,0.339143,33.157,0.168877,15.0909,0.0134752,0.168877,3.49941,0.203069,3.52662,0.00120909,0.0060234,3.30911,0.00675509,0.023127,0.00402089,0.00721302,3.30911,0.0138855,3.08115,1.69145,0.000368336,0.0666214,0.00045034,0.0038545,0.000168877,0.00116647,0.0666214,1.83635,8.63296e-06,6.98782,0.182353
2099.7083,289.652,290.263,4.89966,0.103161,0.818857,0.00451573,0.0037325,0.00202954,0.00078323,3.78803e-05,6.65972e-05,3.06321e-05,9.94531e-07,0.00460623,0.00951107,2.26713,0.203383,0.0045743,0.0117815,5.48444e-06,1.30947e-06,1.01513e-05,1.85954e-07,-8.32752e-06,9.52683e-05,1.07355e-06,2.14201e-09,9.93906e-07,6.21455e-06,19.5116,56.6162,12.5553,0.438306,33.1576,0.139172,15.0657,0.0126885,0.139172,3.50868,0.202168,3.52814,0.00109119,0.00851262,3.30914,0.00556564,0.0230935,0.00331363,0.00723225,3.30914,0.0138361,3.08123,1.69144,0.000501035,0.0666242,0.000371022,0.00384891,0.000139172,0.00116956,0.0666242,1.11369,6.79391e-06,6.95629,0.151861
2099.7917,284.304,285.068,0,0.17672,0,0,0.00184294,0.00371246,-0.00184294,0,0,0,0,0,0,0,0,0,0.000894542,0,1.24006e-06,4.43699e-11,3.70854e-08,-6.2676e-06,0,2.15598e-12,1.64769e-09,2.12737e-06,0,19.1773,56.7751,12.4068,0.874498,33.2081,0,15.0406,0.0119475,0,3.5152,0.195109,3.53494,0.000138304,0.0191848,3.31327,0,0.0230597,0,0.00724571,3.31327,0.013445,3.08161,1.69147,0.0010856,0.0667683,0,0.00384328,0,0.00117173,0.0667683,0.521575,1.24006e-06,6.77058,0.0119475
2099.8750,275.375,276.761,0,0.25969,0,0,0.00128834,0.00341859,-0.00128834,0,0,0,0,0,0,0,0,0,0.000893049,0,1.17601e-06,1.4982e-06,2.74673e-08,5.95062e-06,0,8.06639e-08,1.40829e-09,2.73035e-06,0,19.1024,56.6161,12.386,0.738537,33.2539,0,15.0155,0.01125,0,3.52124,0.194783,3.53502,0.000208509,0.0156534,3.31712,0,0.0230257,0,0.00725809,3.31712,0.0134226,3.08161,1.69155,0.000898969,0.0668941,0,0.00383762,0,0.00117375,0.0668941,0.734291,1.17601e-06,6.71636,0.01125
2099.9583,273.379,274.046,0,0.342542,0,0,0.00112044,0.00251338,-0.00112044,0,0,0,0,0,0,0,0,0,0.000891533,0,1.10692e-06,6.51182e-06,8.33964e-08,1.65042e-05,0,3.14688e-07,3.84977e-09,2.46317e-06,0,19.0367,56.4968,12.365,0.649763,33.2781,0,14.99,0.0105826,0,3.5322,0.194452,3.53499,0.000524315,0.0134776,3.31925,0,0.0229909,0,0.00728051,3.31925,0.0133998,3.08161,1.69163,0.000780001,0.0669559,0,0.00383182,0,0.0011774,0.0669559,0.356148,1.10692e-06,6.67167,0.0105826
2100.0417,278.355,278.29,0,0.258966,0,0,0.00141447,0.00269123,-0.00141447,0,0,0,0,0,0,0,0,0,0.000890093,0,1.0508e-06,1.45238e-05,5.36776e-07,2.90828e-05,0,7.11532e-07,2.14858e-08,2.97086e-06,0,18.9709,56.3838,12.3451,0.580277,33.2922,0,14.9658,0.0099841,0,3.54047,0.194138,3.53477,0.000982917,0.0117825,3.32057,0,0.0229577,0,0.00729733,3.32057,0.0133781,3.08161,1.69171,0.000685329,0.066988,0,0.00382628,0,0.00118016,0.066988,0.904216,1.0508e-06,6.62581,0.0099841
2100.1250,281.721,281.622,0,0.220083,0,0,0.00148297,0.00262501,-0.00148297,0,0,0,0,0,0,0,0,0,0.000888655,0,1.02164e-06,2.46518e-05,9.13343e-07,3.93242e-05,0,1.38838e-06,2.87381e-08,3.15916e-06,0,18.9001,56.2645,12.3251,0.520179,33.2988,0,14.9416,0.00941995,0,3.54545,0.193825,3.53423,0.00147323,0.0103289,3.3213,0,0.0229243,0,0.0073073,3.3213,0.0133565,3.08161,1.6918,0.000603524,0.0669982,0,0.00382071,0,0.00118182,0.0669982,1.16,1.02164e-06,6.57495,0.00941995
2100.2083,290.536,289.26,0.482969,0.1767,0.260419,0.00221945,0.00248747,0.00283912,-0.000268027,9.08732e-06,4.53266e-05,7.36871e-06,6.62999e-07,0.00100533,0.00975756,0.777913,0.225325,0.00297708,0.000887334,2.88395e-06,1.00457e-06,4.16025e-05,1.1366e-06,5.70729e-05,1.2567e-05,3.21218e-06,2.08331e-08,3.69508e-06,7.33651e-07,18.8244,56.1387,12.3064,0.469399,33.2978,0.0152131,14.9558,0.00976758,0.0152131,3.54716,0.193543,3.53327,0.0018924,0.00911349,3.32141,0.000608522,0.0229438,0.000362216,0.00731045,3.32141,0.0133366,3.08161,1.69189,0.000534932,0.0669862,4.05682e-05,0.00382397,1.52131e-05,0.00118239,0.0669862,1.61919,3.88852e-06,6.51794,0.0249806
2100.2917,293.469,292.381,4.34172,0.151923,2.48401,0.0133872,0.00569466,0.00259652,0.0076925,9.4284e-05,0.000158372,7.93253e-05,3.9337e-06,0.00475115,0.0122888,3.018,0.506292,0.0199267,0.000891742,2.0387e-05,1.03846e-06,3.03262e-05,6.15745e-07,6.63946e-05,8.37674e-05,2.99798e-06,1.0812e-08,3.55288e-06,5.0514e-06,18.906,56.1678,12.3549,0.429576,33.2876,0.126834,15.2183,0.0156336,0.126834,3.54456,0.194766,3.53246,0.00148486,0.00816113,3.32075,0.00507338,0.0233086,0.00301987,0.00730518,3.32075,0.0134067,3.08161,1.69191,0.000482238,0.0669494,0.000338225,0.00388477,0.000126834,0.00118152,0.0669494,2.95432,2.14254e-05,6.55115,0.142468
2100.3750,296.695,295.638,4.79912,0.202853,2.3911,0.0153397,0.00678535,0.00292966,0.00855437,0.000171784,0.000164938,0.000147475,3.86931e-06,0.00779254,0.00990895,3.83046,0.291078,0.0232114,0.000900768,2.45445e-05,1.12078e-06,2.39175e-05,1.98859e-07,8.48514e-05,9.67111e-05,2.14937e-06,6.19008e-09,4.03671e-06,5.90533e-06,19.1204,56.3331,12.4574,0.400511,33.272,0.138794,15.2243,0.0154092,0.138794,3.54017,0.197244,3.53243,0.000857793,0.00746183,3.31957,0.00555174,0.0233192,0.00330461,0.00729655,3.31957,0.0135547,3.08161,1.69185,0.000444421,0.0668999,0.000370116,0.00388654,0.000138794,0.00118006,0.0668999,3.64628,2.56652e-05,6.66305,0.154203
2100.4583,301.466,299.823,4.78994,0.12808,3.54058,0.0142172,0.00727905,0.00272984,0.00693811,0.000155824,0.000162904,0.000134323,2.88912e-06,0.00769356,0.0125499,4.67689,0.298796,0.0212078,0.000909587,2.25026e-05,1.2156e-06,1.77552e-05,1.66331e-07,8.5259e-05,8.84002e-05,1.96275e-06,5.47839e-09,3.70245e-06,5.38574e-06,19.3211,56.4744,12.5575,0.374426,33.2496,0.138562,15.1988,0.0145096,0.138562,3.52927,0.199744,3.53253,0.000898606,0.00683433,3.31778,0.00554247,0.0232861,0.00329909,0.0072744,3.31778,0.0137045,3.08161,1.6918,0.000411008,0.0668345,0.000369498,0.00388102,0.000138562,0.00117642,0.0668345,3.94488,2.37182e-05,6.76364,0.153071
2100.5417,300.084,299.214,4.78064,0.176276,2.78812,0.0129555,0.00688878,0.00272252,0.0060667,0.000145098,0.000149975,0.000125165,2.59329e-06,0.00720735,0.0107231,4.34009,0.274431,0.0192424,0.000917491,2.04273e-05,1.31194e-06,2.34439e-05,1.59015e-07,8.87722e-05,8.0184e-05,2.16895e-06,4.2366e-09,3.6087e-06,4.88658e-06,19.4961,56.6039,12.6468,0.356051,33.2294,0.138327,15.173,0.0136489,0.138327,3.52236,0.202048,3.53272,0.000923127,0.00639279,3.3161,0.00553307,0.0232522,0.00329349,0.00726036,3.3161,0.0138427,3.08161,1.69174,0.000387789,0.0667785,0.000368871,0.00387536,0.000138327,0.00117412,0.0667785,3.80664,2.17392e-05,6.8493,0.151976
2100.6250,296.891,296.69,4.7715,0.178761,1.94532,0.00994108,0.0059224,0.00262443,0.00401868,6.58229e-05,0.000133904,5.59802e-05,2.05821e-06,0.00398328,0.0119033,3.62806,0.398185,0.0142984,0.000923448,1.50362e-05,1.36754e-06,3.5309e-05,1.04187e-07,9.03738e-05,6.02001e-05,3.22561e-06,2.94621e-09,3.42843e-06,3.61023e-06,19.6204,56.6756,12.7134,0.339327,33.205,0.138096,15.1477,0.0128518,0.138096,3.5109,0.203863,3.53238,0.00130858,0.00599203,3.31398,0.00552383,0.0232185,0.00328799,0.00723682,3.31398,0.0139497,3.08161,1.69173,0.000366798,0.066714,0.000368255,0.00386975,0.000138096,0.0011703,0.066714,2.66085,1.64038e-05,6.90708,0.150947
2100.7083,289.263,290.065,3.88877,0.155189,1.09804,0.00639873,0.00401224,0.00303603,0.00238649,4.67956e-05,8.15575e-05,3.93864e-05,1.70911e-06,0.00424282,0.00800589,2.19987,0.286983,0.008465,0.00981435,9.25395e-06,1.35871e-06,2.78133e-05,1.77734e-07,1.40387e-05,9.7432e-05,2.64126e-06,2.76883e-09,1.9068e-06,6.24838e-06,19.6504,56.7594,12.7321,0.408769,33.1937,0.113805,15.1224,0.0121014,0.113805,3.50649,0.203887,3.53306,0.00125144,0.00775588,3.31294,0.00455073,0.0231846,0.00270964,0.00722774,3.31294,0.013954,3.08167,1.69172,0.000460177,0.0666876,0.000303335,0.0038641,0.000113805,0.00116883,0.0666876,1.46531,1.06127e-05,6.91833,0.125906
2100.7917,284.8,285.696,0,0.185704,0,0,0.00177428,0.00424602,-0.00177428,0,0,0,0,0,0,0,0,0,0.000912532,0,1.29588e-06,1.68039e-06,5.47357e-08,1.43424e-06,0,9.00915e-08,2.65872e-09,2.70922e-06,0,19.3878,56.8621,12.6182,0.717773,33.2492,0,15.0972,0.0113947,0,3.50727,0.198295,3.53849,0.000164462,0.0153201,3.31748,0,0.0231504,0,0.00722926,3.31748,0.0136445,3.08198,1.69176,0.000873585,0.066846,0,0.00385841,0,0.00116909,0.066846,0.442576,1.29588e-06,6.76964,0.0113947
2100.8750,279.049,280.087,0,0.225944,0,0,0.00144908,0.00315604,-0.00144908,0,0,0,0,0,0,0,0,0,0.000911009,0,1.21948e-06,9.10897e-06,1.16738e-07,2.55394e-05,0,4.5449e-07,5.02243e-09,3.02948e-06,0,19.3092,56.6971,12.5971,0.593103,33.2842,0,15.072,0.0107295,0,3.51065,0.197964,3.53844,0.000620037,0.0121589,3.32046,0,0.0231161,0,0.00723607,3.32046,0.0136218,3.08198,1.69185,0.000703797,0.0669398,0,0.00385268,0,0.00117022,0.0669398,0.665576,1.21948e-06,6.71204,0.0107295
