time_decimal_year,TSOI,TSOIBNF,ELAI,H2OSOI,TVEG,GPP,AR,HR,NPP,NPP_NUPTAKE,NPP_PUPTAKE,VEGC_TO_LITTER,SNFIX,FNFIX,NGAS,NLEACH,NNETMIN,NUP,FN2O,PLOSS,PNETMIN,PUP,TOTVEGC,TOTECOC,VEGCAG,TOTLITC,SOILC,LEAFC,WOODC,CROOTC,FROOTC,CWDC,TOTVEGN,TOTECON,SMINN,TOTLITN,SOILN,LEAFN,WOODN,FROOTN,CWDN,TOTSOMN,TOTVEGP,TOTECOP,SMINP,TOTLITP,SOILP,LEAFP,WOODP,FROOTP,CWDP,TOTSOMP,ET,TNFIX,VEGCBG,TOTROOTC
2015.0417,260.679,260.86,0,0.19467,0,0,0.000642152,1.43116e-07,-0.000642152,0,0,0.00062211,0,5.12512e-07,0,1.43714e-17,1.2433e-08,1.76088e-06,0,1.54334e-21,2.7606e-10,1.76088e-07,4.90131,82.0486,2.65549,0.382823,75.2,0.269929,3.10125,0.00218106,0.269929,1.56447,0.0566845,-0.330047,0.625231,0.00731503,-1.02246,0.00674826,0.00475659,0.00642689,0.00318342,-1.02246,0.0048406,1.82181,1.09434,0.000486652,0.15064,0.000674826,0.000792765,0.000269929,0.000521698,0.15064,0.102445,5.12512e-07,2.24582,0.27211
2015.1250,262.822,262.915,0,0.19467,0,0,0.000712921,1.32826e-07,-0.000712921,0,0,0.000610802,0,4.82974e-07,0,9.36649e-18,1.14371e-08,1.71791e-06,0,1.00538e-21,2.55414e-10,1.71791e-07,4.87352,82.0533,2.64505,0.410337,75.2,0.263343,3.09624,0.00205782,0.263343,1.56948,0.056344,-0.329761,0.625268,0.00789439,-1.02246,0.0065836,0.0047497,0.00627006,0.00319371,-1.02246,0.00481638,1.82183,1.09434,0.000525616,0.15064,0.00065836,0.000791617,0.000263343,0.000523367,0.15064,0.282419,4.82974e-07,2.22846,0.265401
2015.2083,271.461,270.891,0.389051,0.482645,0.0922917,0.000556868,0.00108836,0.000891796,-0.000531497,1.95449e-09,6.44788e-07,0.000599399,3.30598e-13,4.69283e-07,5.29336e-05,6.96649e-18,-2.74755e-05,2.11796e-06,4.21768e-06,7.47849e-22,4.46068e-07,1.99323e-07,4.84129,82.0493,2.63444,0.429136,75.2046,0.256705,3.09108,0.00193779,0.256705,1.57426,0.0559993,-0.329807,0.624783,0.00828257,-1.02207,0.00641765,0.00474256,0.00611201,0.0032035,-1.02207,0.00479183,1.82184,1.09434,0.000550144,0.150652,0.000641765,0.000790426,0.000256705,0.00052496,0.150652,0.696091,4.69283e-07,2.20685,0.258642
2015.2917,283.572,281.875,2.16033,0.221787,1.3107,0.0063734,0.00230507,0.00233545,0.00406834,9.70985e-08,1.91184e-05,0.000592768,3.07787e-10,4.89892e-07,1.54812e-05,5.49699e-18,1.70748e-05,2.36825e-05,1.87695e-06,5.92375e-22,2.43548e-06,1.76135e-06,4.84213,82.0216,2.62943,0.375352,75.2315,0.252797,3.08965,0.00190921,0.252797,1.57263,0.0559424,-0.331422,0.622153,0.00708346,-1.0198,0.00631996,0.00474054,0.00601898,0.00320008,-1.0198,0.00478807,1.82186,1.09437,0.000468678,0.150726,0.000631996,0.000790091,0.000252797,0.000524415,0.150726,1.72338,4.90199e-07,2.2127,0.254706
2015.3750,292.804,290.636,2.2006,0.110969,1.73894,0.00698951,0.00301271,0.00145379,0.0039768,1.31203e-07,2.44101e-05,0.000596155,1.95904e-09,5.50372e-07,1.86554e-08,5.54574e-18,2.10053e-05,3.09017e-05,2.13614e-09,5.97906e-22,1.73487e-06,2.28571e-06,4.91123,82.0671,2.63644,0.349496,75.2362,0.254599,3.09641,0.00206553,0.254599,1.5702,0.0564538,-0.331217,0.621974,0.00653445,-1.01937,0.00636501,0.00474991,0.00606189,0.00319504,-1.01937,0.00482554,1.82188,1.09437,0.000433498,0.150737,0.000636501,0.000791652,0.000254599,0.000523605,0.150737,2.02412,5.52331e-07,2.27479,0.256665
2015.4583,294.08,292.502,2.20428,0.126374,1.03204,0.00463322,0.00295922,0.00148996,0.001674,8.25803e-08,1.69485e-05,0.000597083,1.61147e-09,5.84776e-07,5.09981e-08,1.22276e-17,2.04587e-05,1.98847e-05,7.1874e-09,1.31844e-21,1.81732e-06,1.48543e-06,4.9489,82.096,2.64052,0.339197,75.2385,0.254995,3.1012,0.00216758,0.254995,1.56938,0.0567701,-0.330936,0.621927,0.00632535,-1.01915,0.0063749,0.0047566,0.0060713,0.00319334,-1.01915,0.00484883,1.82189,1.09437,0.000419193,0.150742,0.00063749,0.000792766,0.000254995,0.000523333,0.150742,1.40746,5.86388e-07,2.30839,0.257162
2015.5417,291.159,290.437,2.19364,0.109326,0.655393,0.00248551,0.00253416,0.00118883,-4.86515e-05,3.14408e-08,8.53895e-06,0.000595317,6.40546e-10,6.03268e-07,8.8528e-10,1.60204e-17,1.78093e-05,8.54795e-06,1.54064e-10,1.72787e-21,1.46312e-06,6.62386e-07,4.96272,82.0973,2.64139,0.326994,75.24,0.253852,3.10382,0.00221497,0.253852,1.56752,0.0569166,-0.330654,0.622129,0.00608554,-1.01897,0.00634634,0.00476031,0.00604411,0.00318949,-1.01897,0.0048598,1.82191,1.09439,0.000401901,0.150744,0.000634634,0.000793385,0.000253852,0.000522711,0.150744,0.853979,6.03909e-07,2.32133,0.256067
2015.6250,286.96,286.757,2.15012,0.147695,0.466598,0.00209194,0.00245877,0.0014545,-0.000366825,2.48951e-08,7.57899e-06,0.000587334,1.91844e-10,5.94551e-07,2.31899e-07,1.58902e-17,2.31083e-05,7.01908e-06,3.7502e-08,1.71419e-21,1.82574e-06,5.50429e-07,4.93501,82.0624,2.63466,0.319681,75.2412,0.249174,3.10115,0.00214209,0.249174,1.56642,0.0567291,-0.330387,0.622587,0.00594216,-1.01883,0.00622938,0.00475669,0.00593272,0.00318723,-1.01883,0.00484649,1.82192,1.09443,0.000391134,0.150745,0.000622938,0.000792782,0.000249174,0.000522347,0.150745,0.767506,5.94743e-07,2.30035,0.251316
2015.7083,272.393,273.59,0.938112,0.126083,0.0474484,0.000330413,0.00125978,0.000599007,-0.000929369,3.16159e-10,1.7035e-07,0.000578167,5.3633e-13,5.72289e-07,1.12177e-12,1.60794e-17,1.03804e-05,1.6591e-06,4.41827e-13,1.73454e-21,7.31044e-07,1.63912e-07,4.90437,82.03,2.62638,0.317861,75.2414,0.243825,3.09735,0.00204741,0.243825,1.56633,0.0564779,-0.330116,0.623096,0.00591003,-1.01879,0.00609566,0.00475147,0.00580536,0.00318702,-1.01879,0.00482858,1.82194,1.09446,0.000389086,0.150745,0.000609566,0.000791911,0.000243825,0.000522316,0.150745,0.250826,5.7229e-07,2.27799,0.245872
2015.7917,264.235,265.475,0,0.0467668,0,0,0.000777159,5.21893e-05,-0.000777159,0,0,0.000567583,0,5.37007e-07,0,1.66319e-17,1.60758e-06,1.55048e-06,0,1.79321e-21,5.7845e-08,1.55048e-07,4.8726,82.0219,2.61626,0.337369,75.2413,0.237676,3.09218,0.00192788,0.237676,1.57058,0.0561512,-0.329846,0.623284,0.00631766,-1.01879,0.00594193,0.00474431,0.00565895,0.00319572,-1.01879,0.00480521,1.82195,1.09447,0.000417606,0.150744,0.000594193,0.000790718,0.000237676,0.000523732,0.150744,0.131595,5.37007e-07,2.25634,0.239604
2015.8750,262.262,263.22,0,0.0363908,0,0,0.000633381,8.97817e-06,-0.000633381,0,0,0.000557259,0,5.02647e-07,0,1.7085e-17,4.42458e-07,1.51137e-06,0,1.84108e-21,1.14856e-08,1.51137e-07,4.84531,82.0245,2.60629,0.362308,75.2412,0.231682,3.08701,0.00181533,0.231682,1.57571,0.0558309,-0.329581,0.623346,0.00684419,-1.01881,0.00579207,0.00473712,0.00551623,0.00320624,-1.01881,0.00478226,1.82197,1.09447,0.000453321,0.150744,0.000579207,0.00078952,0.000231682,0.000525444,0.150744,0.119296,5.02647e-07,2.23902,0.233497
2015.9583,264.362,264.804,0,0.0372297,0,0,0.000702584,4.40194e-06,-0.000702584,0,0,0.000547024,0,4.7349e-07,0,1.74848e-17,2.28786e-07,1.47264e-06,0,1.88318e-21,5.75592e-09,1.47264e-07,4.81752,82.027,2.59632,0.387368,75.2411,0.225743,3.08177,0.00170765,0.225743,1.58095,0.0555117,-0.329318,0.623393,0.00737476,-1.01881,0.00564362,0.00472978,0.00537484,0.00321694,-1.01881,0.00475935,1.82198,1.09447,0.000489168,0.150744,0.000564362,0.000788296,0.000225743,0.000527188,0.150744,0.22736,4.7349e-07,2.2212,0.227451
2016.0417,263.549,264.208,0,0.0392138,0,0,0.000531939,3.90776e-06,-0.000531939,0,0,0.00053752,0,4.45217e-07,0,1.77442e-17,1.95275e-07,1.43669e-06,0,1.91017e-21,4.91154e-09,1.43669e-07,4.79244,82.0301,2.58698,0.410684,75.2411,0.220233,3.0768,0.00161106,0.220233,1.58592,0.0552137,-0.329074,0.623435,0.00786925,-1.01882,0.00550585,0.00472276,0.00524364,0.0032271,-1.01882,0.00473794,1.822,1.09447,0.000522578,0.150744,0.000550585,0.000787127,0.000220233,0.000528846,0.150744,0.0309715,4.45217e-07,2.20545,0.221844
2016.1250,263.944,264.259,0,0.0407697,0,0,0.000676328,1.75923e-06,-0.000676328,0,0,0.000528246,0,4.19232e-07,0,1.8033e-17,1.04116e-07,1.40163e-06,0,1.94033e-21,2.47558e-09,1.40163e-07,4.7684,82.0338,2.57779,0.433484,75.2411,0.214859,3.07183,0.00152003,0.214859,1.59089,0.0549214,-0.328836,0.623474,0.00835356,-1.01882,0.00537151,0.00471572,0.00511569,0.00323723,-1.01882,0.00471691,1.82201,1.09447,0.0005553,0.150744,0.000537151,0.000785954,0.000214859,0.000530502,0.150744,0.268919,4.19232e-07,2.19062,0.216379
2016.2083,274.218,273.492,0.413644,0.407291,0.194051,0.000854381,0.00118656,0.00155281,-0.00033218,7.13142e-09,1.74511e-06,0.000519045,1.15908e-11,4.1434e-07,5.2922e-05,1.50943e-17,-1.85831e-05,2.77213e-06,4.63846e-06,1.62537e-21,1.24191e-06,2.3651e-07,4.73764,82.0173,2.56857,0.434335,75.2507,0.209533,3.06676,0.00143275,0.209533,1.59462,0.0546285,-0.329237,0.62256,0.00834253,-1.01801,0.00523836,0.00470851,0.00498888,0.0032448,-1.01801,0.00469579,1.82203,1.09448,0.000553014,0.15077,0.000523836,0.000784752,0.000209533,0.000531744,0.15077,0.887775,4.14352e-07,2.16908,0.210966
2016.2917,284.641,283.594,1.82343,0.230675,1.11541,0.00608951,0.00256886,0.00252439,0.00352065,1.33958e-07,1.96986e-05,0.000525961,5.21957e-10,4.51106e-07,7.55743e-06,1.26195e-17,3.47371e-05,2.81225e-05,1.16847e-06,1.36325e-21,3.05301e-06,2.0543e-06,4.7373,81.9715,2.57375,0.375242,75.2685,0.213627,3.06818,0.00149708,0.213627,1.59044,0.0547094,-0.330165,0.62131,0.0070429,-1.01646,0.00534072,0.00471026,0.00508637,0.00323609,-1.01646,0.00470141,1.82204,1.09453,0.000466358,0.150817,0.000534072,0.000785044,0.000213627,0.000530352,0.150817,1.77816,4.51628e-07,2.16355,0.215125
2016.3750,292.152,290.633,2.05111,0.15991,2.1014,0.00910242,0.00387551,0.00210417,0.0052269,2.50386e-07,3.21555e-05,0.000568415,4.24689e-09,5.19098e-07,3.25043e-06,1.43771e-17,3.87215e-05,5.42238e-05,3.86551e-07,1.55439e-21,2.74113e-06,3.93688e-06,4.82255,82.0137,2.61089,0.337504,75.2687,0.238458,3.08418,0.00188459,0.238458,1.58489,0.0556769,-0.330081,0.6211,0.0062767,-1.01636,0.00596148,0.00473229,0.00567757,0.00322459,-1.01636,0.00477081,1.82205,1.09453,0.000415769,0.150813,0.000596148,0.000788716,0.000238458,0.000528501,0.150813,2.53541,5.23345e-07,2.21166,0.240342
2016.4583,293.237,292.427,2.31814,0.203505,1.69824,0.00837364,0.00426967,0.00243883,0.00410397,2.14752e-07,2.99477e-05,0.000617526,4.76584e-09,5.98612e-07,2.08819e-05,1.47245e-17,4.82362e-05,5.03564e-05,2.29456e-06,1.59253e-21,3.2905e-06,3.66416e-06,4.93135,82.092,2.6543,0.314384,75.2663,0.267145,3.10332,0.00231866,0.267145,1.57996,0.0569061,-0.330032,0.620518,0.00581498,-1.01649,0.00667866,0.00475885,0.0063606,0.00321445,-1.01649,0.00485921,1.82207,1.09449,0.000384919,0.150803,0.000667866,0.000793142,0.000267145,0.00052686,0.150803,2.3965,6.03378e-07,2.27705,0.269464
2016.5417,290.584,290.323,2.5088,0.220077,1.21765,0.00604745,0.00390797,0.00243797,0.00213949,1.34297e-07,2.17576e-05,0.000652116,2.18349e-09,6.60141e-07,1.38966e-05,1.43358e-17,5.87989e-05,3.39015e-05,1.81075e-06,1.55246e-21,3.417e-06,2.48415e-06,5.0087,82.1243,2.68502,0.285995,75.2584,0.287339,3.117,0.00260465,0.287339,1.5712,0.0578204,-0.330455,0.620324,0.00525126,-1.01705,0.0071835,0.00477799,0.0068414,0.00319644,-1.01705,0.00492511,1.82209,1.09451,0.000347231,0.150777,0.00071835,0.000796332,0.000287339,0.000523939,0.150777,1.78184,6.62325e-07,2.32369,0.289943
2016.6250,282.268,282.693,2.55125,0.228117,0.391672,0.00260141,0.00255975,0.00184673,4.1658e-05,3.87225e-08,8.9077e-06,0.000662017,1.74572e-10,6.73285e-07,5.89699e-06,1.41808e-17,4.60417e-05,1.13583e-05,9.5632e-07,1.53581e-21,2.56651e-06,8.65606e-07,5.02517,82.1112,2.69381,0.271776,75.2497,0.293112,3.12093,0.00265615,0.293112,1.56457,0.0580768,-0.330421,0.621069,0.0049662,-1.01772,0.00732782,0.00478369,0.00697885,0.00318285,-1.01772,0.00494378,1.82211,1.09456,0.000328842,0.15075,0.000732782,0.000797282,0.000293112,0.000521729,0.15075,0.803597,6.73459e-07,2.33136,0.295768
2016.7083,270.776,271.784,1.50071,0.339954,0.0443787,0.0003105,0.00132668,0.000938022,-0.00101618,8.34564e-10,3.78669e-07,0.000652741,2.1765e-13,6.48897e-07,3.10756e-06,1.42777e-17,2.40273e-05,2.08034e-06,6.14791e-07,1.54584e-21,1.26697e-06,2.01986e-07,4.99488,82.0719,2.68546,0.270816,75.2443,0.287696,3.11711,0.00253183,0.287696,1.56189,0.057795,-0.330231,0.621999,0.0049469,-1.01815,0.00719242,0.00477864,0.0068499,0.00317738,-1.01815,0.00492386,1.82212,1.09461,0.000328361,0.150734,0.000719242,0.00079644,0.000287696,0.000520835,0.150734,0.440416,6.48897e-07,2.30942,0.290228
2016.7917,260.7,261.445,0,0.156675,0,0,0.000763209,8.81291e-06,-0.000763209,0,0,0.000640324,0,6.13187e-07,5.04142e-38,1.69371e-17,5.13213e-07,1.82953e-06,1.26204e-38,1.83274e-21,1.28889e-08,1.82953e-07,4.96292,82.0657,2.67422,0.294237,75.2429,0.280453,3.11191,0.0023842,0.280453,1.56566,0.0574249,-0.329948,0.622279,0.00543475,-1.01827,0.00701136,0.00477163,0.00667746,0.00318518,-1.01827,0.00489761,1.82214,1.09462,0.000362061,0.150731,0.000701137,0.000795272,0.000280453,0.000522094,0.150731,0.201567,6.13187e-07,2.2887,0.282838
2016.8750,265.454,265.725,0,0.129436,0,0,0.000727152,2.49432e-06,-0.000727152,0,0,0.00062819,0,5.72911e-07,0,1.74615e-17,1.73753e-07,1.78339e-06,0,1.88852e-21,4.01224e-09,1.78339e-07,4.93364,82.0711,2.66315,0.323712,75.2428,0.27338,3.10672,0.002245,0.27338,1.57086,0.0570616,-0.32964,0.622327,0.00605391,-1.01828,0.00683453,0.00476457,0.00650905,0.00319587,-1.01828,0.00487182,1.82216,1.09462,0.000403708,0.150731,0.000683453,0.000794095,0.00027338,0.000523825,0.150731,0.136527,5.72911e-07,2.27049,0.275625
2016.9583,265.521,265.782,0,0.129436,0,0,0.000707978,2.02657e-06,-0.000707978,0,0,0.000616164,0,5.36846e-07,0,1.77793e-17,1.39737e-07,1.73768e-06,0,1.92187e-21,3.22379e-09,1.73768e-07,4.90439,82.0763,2.65208,0.352965,75.2428,0.266373,3.10144,0.00211183,0.266373,1.57613,0.0567,-0.329334,0.622372,0.00666926,-1.01828,0.00665936,0.00475734,0.00634222,0.0032067,-1.01828,0.0048461,1.82218,1.09462,0.000445106,0.15073,0.000665936,0.000792891,0.000266373,0.000525582,0.15073,0.104144,5.36846e-07,2.2523,0.268485
2017.0417,264.774,264.988,0,0.129436,0,0,0.000714623,1.45031e-06,-0.000714623,0,0,0.000604997,0,5.01692e-07,0,1.81343e-17,9.94859e-08,1.69526e-06,0,1.95928e-21,2.29125e-09,1.69526e-07,4.87805,82.0821,2.64173,0.380152,75.2428,0.259871,3.09643,0.00199239,0.259871,1.58114,0.0563626,-0.329051,0.622413,0.00724187,-1.01829,0.0064968,0.00475043,0.0061874,0.00321698,-1.01829,0.00482208,1.82219,1.09462,0.000483642,0.15073,0.00064968,0.000791739,0.000259871,0.000527252,0.15073,0.135403,5.01692e-07,2.23632,0.261863
2017.1250,267.738,267.746,0,0.129436,0,0,0.000913807,1.25094e-06,-0.000913807,0,0,0.0005941,0,4.77019e-07,0,1.77623e-17,8.44082e-08,1.6539e-06,0,1.91816e-21,1.94228e-09,1.6539e-07,4.84771,82.0833,2.63154,0.406703,75.2427,0.25353,3.09143,0.00187981,0.25353,1.58614,0.0560319,-0.328775,0.622452,0.00780186,-1.01829,0.00633827,0.00474349,0.00603642,0.00322722,-1.01829,0.00479851,1.82221,1.09462,0.000521343,0.15073,0.000633827,0.000790582,0.00025353,0.000528918,0.15073,0.392218,4.77019e-07,2.21617,0.255409
2017.2083,275.813,274.871,0.975336,0.340783,0.305583,0.00168374,0.00142435,0.00171867,0.000259389,1.00382e-08,2.821e-06,0.000583263,5.53445e-12,4.66856e-07,6.3159e-05,1.51736e-17,-2.37203e-05,3.85318e-06,5.9779e-06,1.64008e-21,1.2599e-06,3.22291e-07,4.81358,82.0661,2.62136,0.409367,75.2533,0.247226,3.08639,0.00177274,0.247226,1.5898,0.0557056,-0.329238,0.621387,0.00783277,-1.0174,0.00618067,0.00473644,0.00588633,0.00323471,-1.0174,0.00477521,1.82223,1.09463,0.000521423,0.150759,0.000618067,0.000789407,0.000247226,0.00053014,0.150759,0.79182,4.66861e-07,2.19222,0.248998
2017.2917,286.427,284.851,2.11513,0.224611,1.65981,0.00738143,0.00271385,0.00244933,0.00466758,1.33566e-07,2.31775e-05,0.000580235,8.03963e-10,5.03395e-07,8.94425e-06,1.2575e-17,3.66205e-05,3.08779e-05,1.45773e-06,1.364e-21,2.96986e-06,2.27838e-06,4.82907,82.0363,2.61999,0.348935,75.2732,0.245404,3.08698,0.00179934,0.245404,1.58507,0.0558047,-0.33044,0.619712,0.00651116,-1.01569,0.00613514,0.00473718,0.00584296,0.0032249,-1.01569,0.00478263,1.82224,1.09467,0.000432768,0.150812,0.000613514,0.00078953,0.000245404,0.000528562,0.150812,2.13287,5.04199e-07,2.20908,0.247203
2017.3750,294.38,292.611,2.17873,0.143499,2.33153,0.0091238,0.00370801,0.00192312,0.00541579,1.99288e-07,3.09879e-05,0.000592346,4.40569e-09,5.87754e-07,4.34018e-07,1.41666e-17,3.46304e-05,4.50452e-05,4.36567e-08,1.53711e-21,2.4756e-06,3.30816e-06,4.93389,82.108,2.63597,0.320516,75.2732,0.25225,3.09885,0.00207677,0.25225,1.58039,0.0566517,-0.330232,0.619609,0.00593383,-1.01564,0.00630627,0.00475359,0.00600594,0.00321522,-1.01564,0.00484429,1.82226,1.09467,0.000394453,0.15081,0.000630627,0.000792266,0.00025225,0.000527001,0.15081,2.87006,5.9216e-07,2.29792,0.254326
2017.4583,294.61,293.625,2.26208,0.168129,1.78499,0.00802503,0.00390107,0.00200961,0.00412396,1.78197e-07,2.86449e-05,0.000608119,4.53135e-09,6.74048e-07,3.52951e-06,1.47164e-17,3.8527e-05,4.10603e-05,4.40847e-07,1.59696e-21,2.66425e-06,3.02056e-06,5.04009,82.1876,2.6563,0.300672,75.2712,0.261181,3.11367,0.00240375,0.261181,1.57564,0.0575643,-0.330016,0.61942,0.0055434,-1.01575,0.00652955,0.00477421,0.00621859,0.00320547,-1.01575,0.00491077,1.82227,1.09466,0.00036728,0.150801,0.000652955,0.000795702,0.000261181,0.00052542,0.150801,2.43953,6.78579e-07,2.38379,0.263584
2017.5417,290.495,290.24,2.32363,0.171007,1.18473,0.00506277,0.00337488,0.00171963,0.00168789,9.84453e-08,1.89742e-05,0.000619789,1.93646e-09,7.26778e-07,2.72192e-06,1.49262e-17,3.59189e-05,2.38164e-05,4.68227e-07,1.61981e-21,2.30269e-06,1.76992e-06,5.11296,82.237,2.67215,0.285871,75.2675,0.267748,3.12575,0.00264902,0.267748,1.57069,0.0582228,-0.329805,0.619516,0.00525641,-1.016,0.00669373,0.00479115,0.00637495,0.00319531,-1.016,0.00495886,1.82229,1.09466,0.000347107,0.150788,0.000669373,0.000798526,0.000267748,0.000523769,0.150788,1.70075,7.28714e-07,2.44081,0.270397
2017.6250,281.546,281.848,2.28634,0.216554,0.433063,0.00255348,0.00238305,0.00166197,0.000170438,3.84431e-08,9.4241e-06,0.000619026,1.06791e-10,7.28078e-07,2.62963e-06,1.44606e-17,3.80315e-05,1.04636e-05,5.9489e-07,1.56931e-21,2.23629e-06,8.02648e-07,5.12271,82.2287,2.67383,0.276333,75.2631,0.267195,3.12865,0.00267561,0.267195,1.56655,0.0583228,-0.329632,0.620113,0.00506812,-1.01632,0.0066799,0.00479544,0.00636178,0.00318685,-1.01632,0.00496645,1.82231,1.09469,0.000334334,0.150775,0.00066799,0.000799239,0.000267195,0.000522388,0.150775,0.797689,7.28185e-07,2.44887,0.26987
2017.7083,273.684,274.375,1.02091,0.263366,0.0728997,0.000465197,0.00146194,0.000977851,-0.000996742,2.04566e-09,9.35182e-07,0.000610032,6.66796e-13,6.99624e-07,3.97998e-07,1.44288e-17,2.42207e-05,2.17032e-06,1.03651e-07,1.56545e-21,1.29382e-06,2.03679e-07,5.09411,82.1902,2.66604,0.273056,75.2588,0.26193,3.12536,0.00256232,0.26193,1.56418,0.0580754,-0.329409,0.620997,0.00500109,-1.01666,0.00654829,0.00479113,0.00623644,0.00318202,-1.01666,0.0049489,1.82232,1.09474,0.000330502,0.150762,0.000654829,0.000798522,0.00026193,0.000521598,0.150762,0.440906,6.99625e-07,2.42808,0.264493
2017.7917,269.192,269.571,0,0.26615,0,0,0.00093355,0.000155272,-0.00093355,0,0,0.000598731,0,6.63677e-07,3.46301e-19,1.53568e-17,4.48326e-06,1.6658e-06,9.97524e-20,1.66499e-21,1.7856e-07,1.6658e-07,5.05953,82.1753,2.65548,0.29098,75.2573,0.255354,3.12018,0.00241356,0.255354,1.56758,0.0577307,-0.329124,0.621395,0.00536872,-1.01681,0.00638388,0.00478416,0.00607985,0.00318905,-1.01681,0.00492433,1.82234,1.09476,0.000356997,0.150758,0.000638388,0.00079736,0.000255354,0.000522732,0.150758,0.208035,6.63677e-07,2.40405,0.257767
2017.8750,267.586,267.931,0,0.26615,0,0,0.000719869,9.29559e-05,-0.000719869,0,0,0.000587657,0,6.19779e-07,0,1.5855e-17,1.80948e-06,1.62378e-06,0,1.7179e-21,8.90353e-08,1.62378e-07,5.03013,82.1747,2.64503,0.314863,75.2572,0.248914,3.11497,0.00227265,0.248914,1.5725,0.0573909,-0.328838,0.621527,0.00586386,-1.01682,0.00622287,0.00477708,0.00592651,0.00319918,-1.01682,0.00490007,1.82236,1.09476,0.000391418,0.150759,0.000622287,0.000796181,0.000248914,0.000524371,0.150759,0.117639,6.19779e-07,2.3851,0.251186
2017.9583,266.162,266.483,0,0.26615,0,0,0.000691754,4.64639e-05,-0.000691754,0,0,0.00057668,0,5.75475e-07,0,1.64138e-17,6.86052e-07,1.58217e-06,0,1.7774e-21,3.8923e-08,1.58217e-07,5.00288,82.1777,2.63458,0.339685,75.2575,0.242534,3.10968,0.00213784,0.242534,1.57764,0.0570524,-0.328555,0.621604,0.00638141,-1.0168,0.00606337,0.00476985,0.00577461,0.00320974,-1.0168,0.00487587,1.82237,1.09476,0.000426944,0.150759,0.000606337,0.000794975,0.000242534,0.000526084,0.150759,0.0555901,5.75475e-07,2.36829,0.244672
2018.0417,267.658,267.755,0,0.26615,0,0,0.00084621,1.19063e-05,-0.00084621,0,0,0.000566487,0,5.43875e-07,0,1.68439e-17,4.23772e-07,1.54354e-06,0,1.82303e-21,1.25127e-08,1.54354e-07,4.97461,82.1789,2.6248,0.364114,75.2575,0.236613,3.10466,0.00201693,0.236613,1.58262,0.0567365,-0.328292,0.621658,0.00689384,-1.0168,0.00591536,0.00476293,0.00563365,0.00321997,-1.0168,0.00485325,1.82239,1.09476,0.00046175,0.15076,0.000591536,0.000793821,0.000236613,0.000527744,0.15076,0.345395,5.43875e-07,2.34981,0.23863
2018.1250,267.86,267.985,0,0.26615,0,0,0.000822766,1.24656e-05,-0.000822766,0,0,0.000556541,0,5.20065e-07,0,1.69886e-17,3.83357e-07,1.50588e-06,0,1.83776e-21,1.16957e-08,1.50588e-07,4.94484,82.1783,2.61517,0.388393,75.2575,0.23084,3.09965,0.00190296,0.23084,1.58762,0.0564266,-0.328036,0.621707,0.00740461,-1.0168,0.00577102,0.00475597,0.00549618,0.00323021,-1.0168,0.00483103,1.8224,1.09476,0.000496358,0.15076,0.000577102,0.000792662,0.00023084,0.00052941,0.15076,0.386026,5.20065e-07,2.32967,0.232743
2018.2083,271.883,271.55,0.623196,0.458733,0.0944158,0.000714346,0.00108233,0.00130734,-0.000367985,4.24458e-10,1.85905e-07,0.000546507,6.42482e-15,5.01009e-07,6.23568e-05,1.61913e-17,-2.05998e-05,1.55586e-06,4.96127e-06,1.7527e-21,9.33005e-07,1.53049e-07,4.91293,82.1659,2.60537,0.39618,75.265,0.22502,3.09448,0.00179191,0.22502,1.59176,0.0561125,-0.328433,0.62084,0.00755235,-1.01618,0.00562552,0.00474876,0.00535761,0.00323869,-1.01618,0.00480848,1.82242,1.09477,0.000504761,0.15078,0.000562552,0.000791459,0.00022502,0.000530793,0.15078,0.54702,5.01009e-07,2.30756,0.226811
2018.2917,283.716,282.312,1.90359,0.23463,1.21051,0.00633296,0.0023722,0.00228498,0.00396076,1.1017e-07,1.94873e-05,0.000542842,3.50736e-10,5.16997e-07,9.73004e-06,1.39481e-17,3.32815e-05,2.39881e-05,1.38793e-06,1.51561e-21,2.75075e-06,1.7772e-06,4.91088,82.1274,2.60303,0.345154,75.2829,0.222844,3.09426,0.00179967,0.222844,1.5884,0.0560763,-0.329948,0.618961,0.00643162,-1.01465,0.00557113,0.00474837,0.00530581,0.00323171,-1.01465,0.00480601,1.82243,1.09481,0.000428626,0.150829,0.000557113,0.000791396,0.000222844,0.000529673,0.150829,1.71414,5.17348e-07,2.30785,0.224644
2018.3750,292.506,290.275,1.98252,0.129849,1.84261,0.00778188,0.00328018,0.00165396,0.0045017,1.75264e-07,2.72559e-05,0.000557345,2.22975e-09,5.78874e-07,4.07534e-07,1.42012e-17,3.19225e-05,3.73694e-05,4.86872e-08,1.54357e-21,2.12008e-06,2.75149e-06,5.00274,82.1871,2.62234,0.317325,75.2828,0.231033,3.10871,0.00213555,0.231033,1.58423,0.0568135,-0.329762,0.618953,0.00586311,-1.01461,0.00577586,0.00476837,0.00550078,0.00322309,-1.01461,0.00485967,1.82244,1.09481,0.000390863,0.150826,0.000577586,0.000794728,0.000231033,0.000528283,0.150826,2.14968,5.81104e-07,2.38041,0.233169
2018.4583,298.993,296.865,2.00684,0.0925155,0.95957,0.00303636,0.00304747,0.001225,-1.11055e-05,4.29358e-08,9.89637e-06,0.000562169,1.42334e-09,6.13273e-07,2.37237e-13,1.50355e-17,2.21289e-05,1.0246e-05,5.74709e-14,1.63372e-21,1.54445e-06,7.81629e-07,5.02808,82.2033,2.63029,0.309902,75.2819,0.23368,3.11561,0.00227983,0.23368,1.58348,0.0571174,-0.329499,0.619133,0.00570947,-1.01468,0.00584202,0.00477802,0.0055638,0.00322155,-1.01468,0.0048819,1.82246,1.09482,0.000381324,0.150823,0.000584202,0.000796336,0.00023368,0.000528032,0.150823,1.2104,6.14696e-07,2.39779,0.235959
2018.5417,293.022,292.582,1.97018,0.133155,0.484422,0.00231358,0.00267383,0.00141229,-0.000360253,2.95891e-08,6.61972e-06,0.000555356,4.5506e-10,6.10351e-07,5.86266e-07,1.52315e-17,2.53892e-05,7.41949e-06,8.95201e-08,1.65484e-21,1.82051e-06,5.77098e-07,4.9895,82.1576,2.62442,0.303864,75.2814,0.229692,3.11317,0.00220829,0.229692,1.5828,0.0569364,-0.329239,0.61971,0.00558733,-1.01469,0.00574232,0.00477474,0.00546885,0.00322016,-1.01469,0.00486896,1.82247,1.09486,0.000373045,0.150821,0.000574232,0.000795791,0.000229692,0.000527807,0.150821,0.880668,6.10806e-07,2.36507,0.2319
2018.6250,285.319,285.496,1.95333,0.183361,0.497123,0.00253557,0.00247846,0.00173144,5.71111e-05,3.8505e-08,9.09173e-06,0.000552304,2.96232e-10,6.14237e-07,1.78645e-06,1.48294e-17,3.68315e-05,9.19094e-06,3.00626e-07,1.61161e-21,2.32442e-06,7.04105e-07,4.978,82.123,2.62292,0.287316,75.2789,0.227856,3.1136,0.00220563,0.227856,1.57882,0.0569033,-0.329056,0.620426,0.00526315,-1.01486,0.00569644,0.00477542,0.00542515,0.00321197,-1.01486,0.00486669,1.82249,1.09491,0.00035019,0.150812,0.000569644,0.000795903,0.000227856,0.00052648,0.150812,0.89201,6.14534e-07,2.35508,0.230062
2018.7083,277.157,277.784,1.75974,0.196778,0.0927516,0.000598388,0.00163973,0.0013117,-0.00104134,5.03858e-10,2.94145e-07,0.000544616,4.71533e-13,5.94056e-07,1.45809e-07,1.46861e-17,2.90949e-05,1.55789e-06,4.11665e-08,1.59586e-21,1.76098e-06,1.52802e-07,4.94759,82.0769,2.61583,0.277962,75.2753,0.223376,3.11021,0.00211691,0.223376,1.57613,0.05668,-0.328823,0.621342,0.00507996,-1.01513,0.00558442,0.0047708,0.00531847,0.00320642,-1.01513,0.00485066,1.8225,1.09496,0.000337805,0.1508,0.000558442,0.000795133,0.000223376,0.000525583,0.1508,0.319414,5.94056e-07,2.33176,0.225492
2018.7917,257.999,259.954,0.153069,0.116247,0.00199595,8.22014e-06,0.000688338,0.000116488,-0.000680118,0,0,0.000534907,0,5.61527e-07,2.4875e-12,1.60277e-17,3.76902e-06,1.42049e-06,7.69601e-13,1.74081e-21,1.5534e-07,1.42049e-07,4.9143,82.0509,2.60622,0.28571,75.2732,0.217749,3.10503,0.00199354,0.217749,1.57772,0.0563729,-0.328575,0.621895,0.0052453,-1.0153,0.00544377,0.00476365,0.00518451,0.00320965,-1.0153,0.00482857,1.82252,1.09499,0.000349759,0.150794,0.000544377,0.000793941,0.000217749,0.00052611,0.150794,0.16746,5.61527e-07,2.30808,0.219743
2018.8750,256.771,257.762,0,0.05102,0,0,0.000532648,1.66254e-06,-0.000532648,0,0,0.000525423,0,5.23272e-07,0,1.73412e-17,1.24027e-07,1.38466e-06,0,1.88245e-21,2.86002e-09,1.38466e-07,4.88802,82.0529,2.59674,0.308963,75.2731,0.212258,3.09984,0.00187715,0.212258,1.58286,0.0560712,-0.328328,0.621955,0.00573763,-1.01531,0.00530647,0.00475645,0.00505375,0.0032202,-1.01531,0.00480683,1.82253,1.09499,0.000383136,0.150794,0.000530647,0.000792741,0.000212258,0.000527827,0.150794,0.0766778,5.23272e-07,2.29128,0.214135
2018.9583,261.556,261.753,0,0.0497617,0,0,0.000633321,4.76428e-07,-0.000633321,0,0,0.000516021,0,4.88235e-07,0,1.81485e-17,3.97823e-08,1.34917e-06,0,1.96903e-21,9.05985e-10,1.34917e-07,4.86208,82.0556,2.58725,0.332316,75.273,0.206817,3.09458,0.0017658,0.206817,1.58813,0.0557704,-0.328083,0.621996,0.00623333,-1.01531,0.00517046,0.0047491,0.00492422,0.00323096,-1.01531,0.00478512,1.82254,1.09499,0.00041664,0.150794,0.000517046,0.000791516,0.000206817,0.00052958,0.150794,0.170498,4.88235e-07,2.27482,0.208583
2019.0417,265.811,265.98,0,0.0497138,0,0,0.00069083,3.8436e-07,-0.00069083,0,0,0.00050729,0,4.61799e-07,0,1.82833e-17,3.22613e-08,1.31624e-06,0,1.98265e-21,7.32971e-10,1.31624e-07,4.83533,82.0555,2.57836,0.354028,75.273,0.201769,3.08958,0.00166593,0.201769,1.59312,0.0554895,-0.327856,0.622033,0.00669498,-1.01531,0.00504425,0.00474207,0.00480402,0.00324118,-1.01531,0.00476482,1.82256,1.09499,0.000447856,0.150794,0.000504425,0.000790346,0.000201769,0.000531246,0.150794,0.213402,4.61799e-07,2.25697,0.203435
2019.1250,267.294,267.403,0,0.0496981,0,0,0.000729773,3.83443e-07,-0.000729773,0,0,0.000498769,0,4.40946e-07,0,1.81103e-17,3.21597e-08,1.28412e-06,0,1.96291e-21,7.30937e-10,1.28412e-07,4.80795,82.0543,2.5696,0.375235,75.273,0.196845,3.08459,0.0015718,0.196845,1.59811,0.0552138,-0.327635,0.622069,0.00714672,-1.01532,0.00492116,0.00473502,0.00468679,0.00325136,-1.01532,0.00474487,1.82257,1.09499,0.000478417,0.150794,0.000492117,0.000789171,0.000196845,0.00053291,0.150794,0.279969,4.40946e-07,2.23835,0.198417
2019.2083,271.85,271.634,0,0.499275,0,0,0.000957171,0.000471785,-0.000957171,0,0,0.000490169,0,4.25455e-07,2.30744e-05,1.69181e-17,-1.4164e-05,1.25173e-06,1.77768e-06,1.83317e-21,3.1658e-07,1.25173e-07,4.77764,82.0466,2.56067,0.389581,75.2766,0.19188,3.07944,0.00148,0.19188,1.60286,0.0549339,-0.327492,0.62189,0.00744279,-1.01502,0.00479703,0.00472771,0.00456857,0.00326104,-1.01502,0.00472458,1.82258,1.09499,0.000497124,0.150804,0.000479703,0.000787952,0.00019188,0.000534493,0.150804,0.553776,4.25455e-07,2.21697,0.19336
2019.2917,286.595,284.729,1.64809,0.263963,1.36483,0.00596509,0.00290444,0.00267911,0.00306065,1.35944e-07,1.83545e-05,0.000501384,1.11711e-09,4.50682e-07,4.32705e-05,1.3585e-17,2.54358e-05,2.67793e-05,4.52536e-06,1.47778e-21,2.99883e-06,1.95112e-06,4.76343,82.0034,2.56837,0.344404,75.2948,0.198551,3.08078,0.00154087,0.198551,1.60085,0.0549373,-0.329293,0.619551,0.00642885,-1.01347,0.0049638,0.00472937,0.0047274,0.00325679,-1.01347,0.0047245,1.82259,1.09502,0.00042747,0.150853,0.00049638,0.000788228,0.000198551,0.000533822,0.150853,1.90148,4.51799e-07,2.19506,0.200092
2019.3750,293.466,291.732,2.05555,0.134626,2.07308,0.00876542,0.0042055,0.00172377,0.00455992,2.44377e-07,3.04598e-05,0.000570108,4.84517e-09,5.28706e-07,5.83934e-08,1.44174e-17,3.21208e-05,5.2542e-05,7.51867e-09,1.56913e-21,2.23055e-06,3.80796e-06,4.83004,82.0343,2.62453,0.312611,75.2955,0.238917,3.10131,0.00202754,0.238917,1.59617,0.0559115,-0.329225,0.619202,0.00577203,-1.01336,0.00597295,0.00475771,0.00568849,0.0032471,-1.01336,0.00479412,1.82261,1.09501,0.000384068,0.150852,0.000597295,0.000792951,0.000238917,0.000532261,0.150852,2.50317,5.33552e-07,2.20551,0.240944
2019.4583,291.824,291.142,2.43522,0.206785,1.69786,0.00871239,0.00437618,0.00234969,0.00433621,2.27462e-07,3.07931e-05,0.000639352,4.10719e-09,6.07307e-07,8.7329e-06,1.44024e-17,5.01098e-05,5.48045e-05,1.10696e-06,1.56789e-21,3.17661e-06,3.9786e-06,4.93126,82.1053,2.68151,0.291254,75.2922,0.279552,3.12257,0.00250112,0.279552,1.59057,0.057198,-0.329138,0.618648,0.00535049,-1.01357,0.00698882,0.00478725,0.00665599,0.0032356,-1.01357,0.00488643,1.82262,1.09497,0.000354959,0.150841,0.000698882,0.000797874,0.000279552,0.000530396,0.150841,2.39688,6.11414e-07,2.24975,0.282053
2019.5417,292.491,291.965,2.66332,0.141802,1.35953,0.00527175,0.00378932,0.00152285,0.00148244,1.08853e-07,1.87777e-05,0.000680201,2.45892e-09,6.68689e-07,2.14226e-06,1.50387e-17,3.15555e-05,2.86265e-05,2.67646e-07,1.63684e-21,2.01649e-06,2.10317e-06,4.99935,82.1507,2.71499,0.279069,75.287,0.303518,3.13493,0.00274687,0.303518,1.58527,0.0580817,-0.328905,0.618638,0.00511086,-1.01396,0.00758797,0.00480463,0.00722661,0.00322474,-1.01396,0.00495002,1.82264,1.09496,0.000338812,0.150824,0.000758797,0.000800771,0.000303518,0.000528628,0.150824,1.78674,6.71148e-07,2.28436,0.306264
2019.6250,284.802,285.068,2.6933,0.252287,0.511057,0.00303468,0.00293196,0.00211968,0.000102724,4.82811e-08,1.03168e-05,0.000688824,3.05069e-10,6.82555e-07,2.42881e-05,1.41049e-17,5.10534e-05,1.414e-05,3.54259e-06,1.5361e-21,2.88685e-06,1.06614e-06,5.00433,82.1384,2.72159,0.270963,75.2826,0.308593,3.13691,0.00274775,0.308593,1.58055,0.0582476,-0.32904,0.618845,0.00495023,-1.0143,0.00771487,0.00480767,0.00734746,0.0032151,-1.0143,0.00496216,1.82266,1.09499,0.000327845,0.15081,0.000771487,0.000801279,0.000308593,0.000527055,0.15081,1.04806,6.8286e-07,2.28274,0.311341
2019.7083,268.774,269.767,1.60335,0.218568,0.043061,0.000247197,0.00119085,0.000454386,-0.000943649,1.68166e-10,9.95996e-08,0.000680572,5.34277e-16,6.61425e-07,4.47472e-08,1.46927e-17,1.21886e-05,2.02448e-06,1.09582e-08,1.6003e-21,5.9229e-07,2.01142e-07,4.97735,82.1076,2.71404,0.274141,75.2775,0.303778,3.13336,0.0026247,0.303778,1.57859,0.057987,-0.329074,0.619431,0.00501589,-1.01472,0.00759448,0.00480303,0.0072328,0.00321113,-1.01472,0.00494382,1.82268,1.09504,0.000333525,0.150796,0.000759448,0.000800506,0.000303778,0.000526402,0.150796,0.298102,6.61425e-07,2.26331,0.306402
2019.7917,257.011,258.153,0.0615547,0.193824,0.000151285,1.96415e-07,0.000712035,2.14354e-05,-0.000711838,0,0,0.000667453,0,6.21019e-07,5.20535e-31,1.63549e-17,9.67359e-07,1.93171e-06,1.45318e-31,1.78029e-21,2.7648e-08,1.93171e-07,4.94444,82.1075,2.70236,0.302733,75.277,0.296118,3.12813,0.00247145,0.296118,1.58336,0.0576007,-0.328751,0.619584,0.00561244,-1.01477,0.00740297,0.00479601,0.00705042,0.00322098,-1.01477,0.00491649,1.8227,1.09504,0.00037426,0.150795,0.000740297,0.000799335,0.000296118,0.000527992,0.150795,0.190957,6.21019e-07,2.24208,0.298589
2019.8750,259.256,259.523,0,0.189291,0,0,0.000695919,6.23037e-07,-0.000695919,0,0,0.000654656,0,5.78753e-07,0,1.78943e-17,5.18002e-08,1.88299e-06,0,1.94683e-21,1.18321e-09,1.88299e-07,4.91473,82.1138,2.69087,0.333597,75.2769,0.288649,3.12291,0.00232716,0.288649,1.58858,0.0572222,-0.328428,0.619633,0.006261,-1.01478,0.00721626,0.00478893,0.0068726,0.00323173,-1.01478,0.00488968,1.82272,1.09504,0.000417866,0.150795,0.000721626,0.000798156,0.000288649,0.000529731,0.150795,0.0738647,5.78753e-07,2.22386,0.290976
2019.9583,253.415,254.076,0,0.187483,0,0,0.000487889,2.46834e-07,-0.000487889,0,0,0.000641972,0,5.38315e-07,0,1.85427e-17,2.09633e-08,1.83473e-06,0,2.01632e-21,4.72236e-10,1.83473e-07,4.8859,82.1209,2.6794,0.364276,75.2769,0.281251,3.11761,0.00218911,0.281251,1.59388,0.0568455,-0.328107,0.619675,0.00690668,-1.01478,0.0070313,0.0047817,0.00669645,0.00324263,-1.01478,0.00486296,1.82274,1.09504,0.000461257,0.150795,0.00070313,0.00079695,0.000281251,0.000531498,0.150795,0.0569873,5.38315e-07,2.2065,0.28344
2020.0417,259.222,259.243,0,0.189072,0,0,0.000667907,4.57027e-08,-0.000667907,0,0,0.000630195,0,5.05431e-07,0,1.37151e-17,4.3491e-09,1.78995e-06,0,1.49067e-21,9.0849e-11,1.78995e-07,4.85905,82.1276,2.66866,0.392783,75.2769,0.274385,3.11257,0.0020653,0.274385,1.59891,0.0564942,-0.32781,0.619712,0.00750736,-1.01478,0.00685966,0.00477478,0.00653298,0.00325297,-1.01478,0.00483801,1.82276,1.09504,0.00050164,0.150795,0.000685967,0.000795797,0.000274385,0.000533176,0.150795,0.198909,5.05431e-07,2.19039,0.276451
2020.1250,262.833,262.91,0,0.189737,0,0,0.000683916,3.04987e-08,-0.000683916,0,0,0.000618704,0,4.76198e-07,0,8.98447e-18,2.95016e-09,1.74627e-06,0,9.76018e-22,6.09773e-11,1.74627e-07,4.83132,82.1328,2.6581,0.420616,75.2769,0.26769,3.10755,0.0019486,0.26769,1.60394,0.0561498,-0.327521,0.619749,0.00809463,-1.01478,0.00669228,0.00476782,0.00637357,0.00326328,-1.01478,0.00481352,1.82277,1.09504,0.000541136,0.150795,0.000669228,0.000794637,0.00026769,0.000534852,0.150795,0.24069,4.76198e-07,2.17322,0.269639
2020.2083,266.347,266.291,0,0.197309,0,0,0.000821048,2.58334e-05,-0.000821048,0,0,0.000607109,0,4.56878e-07,3.87229e-16,7.31969e-18,-1.52163e-06,1.70222e-06,2.83597e-17,7.94768e-22,1.09649e-08,1.70222e-07,4.80134,82.1361,2.64735,0.448672,75.2769,0.260938,3.10236,0.0018348,0.260938,1.60913,0.0558009,-0.327236,0.619777,0.00868738,-1.01477,0.00652348,0.0047606,0.0062128,0.0032739,-1.01477,0.00478867,1.82279,1.09504,0.000581003,0.150795,0.000652348,0.000793433,0.000260938,0.000536582,0.150795,0.39347,4.56878e-07,2.15398,0.262773
2020.2917,279.84,278.345,1.53596,0.408099,0.920784,0.00473173,0.00188473,0.00252404,0.002847,7.04323e-08,1.29286e-05,0.000597982,1.54942e-10,4.63916e-07,5.94393e-05,5.89432e-18,-2.05107e-05,1.78185e-05,6.82524e-06,6.41447e-22,2.01609e-06,1.33073e-06,4.78259,82.1161,2.63909,0.42451,75.2981,0.255618,3.09853,0.00175859,0.255618,1.61095,0.0555901,-0.328364,0.617652,0.00811584,-1.013,0.00639048,0.00475522,0.00608614,0.00327758,-1.013,0.00477373,1.82281,1.09505,0.000540633,0.150853,0.000639048,0.000792537,0.000255618,0.000537188,0.150853,1.59534,4.6407e-07,2.1435,0.257376
2020.3750,289.531,288.079,2.25456,0.222195,1.84745,0.00993533,0.0033565,0.00279765,0.00657883,2.16899e-07,3.25995e-05,0.00060632,2.21783e-09,5.35458e-07,9.43141e-06,4.95797e-18,4.17537e-05,5.11709e-05,1.28982e-06,5.41041e-22,3.4203e-06,3.74288e-06,4.87216,82.1506,2.64918,0.358191,75.3156,0.260377,3.10546,0.00192859,0.260377,1.60467,0.0563277,-0.329006,0.616209,0.00668214,-1.01149,0.00650945,0.00476475,0.00619944,0.0032646,-1.01149,0.00482726,1.82282,1.09507,0.000445457,0.150899,0.000650945,0.000794124,0.000260377,0.000535095,0.150899,2.4402,5.37676e-07,2.22298,0.262305
2020.4583,294.25,292.885,2.35908,0.155391,2.15887,0.00861213,0.00401289,0.00217094,0.00459924,1.89454e-07,2.96093e-05,0.000625745,4.3781e-09,6.20088e-07,1.34028e-06,8.14006e-18,4.07577e-05,4.52717e-05,1.65467e-07,8.88988e-22,2.81531e-06,3.31781e-06,5.00188,82.2345,2.67107,0.320016,75.315,0.271515,3.11944,0.00224546,0.271515,1.59761,0.0574658,-0.328894,0.615938,0.00591483,-1.01146,0.0067879,0.00478413,0.00646464,0.00325005,-1.01146,0.00490982,1.82284,1.09506,0.00039376,0.150894,0.00067879,0.000797356,0.000271515,0.00053274,0.150894,2.62787,6.24466e-07,2.33081,0.27376
2020.5417,289.837,289.301,2.42292,0.161197,1.0589,0.00538603,0.00335908,0.00167723,0.00202695,1.0813e-07,2.00642e-05,0.000637614,1.42534e-09,6.6973e-07,5.84878e-07,1.45745e-17,2.96181e-05,2.70483e-05,8.58146e-08,1.59154e-21,2.16907e-06,2.00017e-06,5.07314,82.2879,2.6852,0.306968,75.3136,0.278283,3.12901,0.00244473,0.278283,1.59425,0.0581409,-0.328602,0.61589,0.00565692,-1.01153,0.0069571,0.00479754,0.00662578,0.00324317,-1.01153,0.00495891,1.82286,1.09505,0.000376207,0.150888,0.00069571,0.00079959,0.000278283,0.000531621,0.150888,1.54024,6.71156e-07,2.38793,0.280728
2020.6250,283.044,283.221,2.42896,0.16167,0.487262,0.00275805,0.00254131,0.00147452,0.000216744,4.12312e-08,9.87024e-06,0.00063886,1.6041e-10,6.74559e-07,1.90662e-07,1.45371e-17,2.91058e-05,1.15164e-05,3.58272e-08,1.58755e-21,1.92423e-06,8.78484e-07,5.08982,82.2875,2.68821,0.295621,75.3116,0.278922,3.13209,0.00248731,0.278922,1.5905,0.0583269,-0.328321,0.616331,0.00543671,-1.01165,0.00697309,0.00480199,0.006641,0.00323549,-1.01165,0.00497267,1.82287,1.09508,0.00036061,0.15088,0.000697309,0.000800332,0.000278922,0.000530372,0.15088,0.667782,6.7472e-07,2.40162,0.28141
2020.7083,270.148,271.44,0.894521,0.112662,0.0620883,0.000362672,0.00126157,0.000559729,-0.000898903,8.53224e-10,4.65224e-07,0.000629603,2.10811e-13,6.43777e-07,4.12668e-12,1.49114e-17,1.15127e-05,1.98487e-06,1.63276e-12,1.62791e-21,6.9612e-07,1.9255e-07,5.06254,82.263,2.68012,0.299477,75.3104,0.273507,3.12862,0.00238109,0.273507,1.59052,0.0580763,-0.328016,0.616885,0.00551754,-1.01173,0.00683771,0.00479736,0.00651207,0.00323555,-1.01173,0.00495493,1.82289,1.09511,0.000366391,0.150876,0.000683771,0.00079956,0.000273507,0.000530377,0.150876,0.273973,6.43777e-07,2.38242,0.275888
2020.7917,265.325,266.028,0,0.0602917,0,0,0.000768581,3.54825e-05,-0.000768581,0,0,0.000617781,0,6.02856e-07,0,1.57797e-17,1.33544e-06,1.73929e-06,0,1.7217e-21,4.13105e-08,1.73929e-07,5.03145,82.2602,2.66923,0.323709,75.31,0.26662,3.12341,0.00224233,0.26662,1.59501,0.0577193,-0.327715,0.61707,0.00602123,-1.01177,0.00666554,0.00479027,0.0063481,0.0032448,-1.01177,0.00492953,1.82291,1.09512,0.00040116,0.150875,0.000666554,0.000798378,0.00026662,0.000531875,0.150875,0.093146,6.02856e-07,2.36222,0.268863
2020.8750,264.194,264.884,0,0.0602917,0,0,0.000673765,1.70591e-05,-0.000673765,0,0,0.000606231,0,5.60361e-07,0,1.62669e-17,6.197e-07,1.69543e-06,0,1.77389e-21,1.84705e-08,1.69543e-07,5.00374,82.2653,2.65849,0.351448,75.3099,0.259896,3.11819,0.00211142,0.259896,1.60019,0.0573688,-0.32742,0.617138,0.00660208,-1.01178,0.00649743,0.00478312,0.006188,0.00325545,-1.01178,0.00490455,1.82293,1.09512,0.000440549,0.150875,0.000649743,0.000797187,0.000259896,0.000533601,0.150875,0.0661879,5.60361e-07,2.34525,0.262007
2020.9583,260.811,261.517,0,0.0602917,0,0,0.00060936,2.66871e-06,-0.00060936,0,0,0.000594782,0,5.20652e-07,0,1.69665e-17,1.6123e-07,1.65197e-06,0,1.84921e-21,3.90171e-09,1.65197e-07,4.97674,82.2714,2.64776,0.379331,75.3098,0.253235,3.1129,0.00198617,0.253235,1.60547,0.0570196,-0.327128,0.617189,0.00718756,-1.01179,0.0063309,0.00477581,0.00602939,0.00326628,-1.01179,0.00487964,1.82294,1.09512,0.000480085,0.150875,0.00063309,0.000795969,0.000253235,0.000535362,0.150875,0.0665005,5.20652e-07,2.32898,0.255221
2021.0417,262.382,262.768,0,0.0602927,0,0,0.000697145,1.00338e-06,-0.000697145,0,0,0.000584151,0,4.88368e-07,0,1.75907e-17,7.07867e-08,1.61165e-06,0,1.9163e-21,1.63001e-09,1.61165e-07,4.94987,82.2756,2.63771,0.40542,75.3098,0.247053,3.10787,0.00187383,0.247053,1.6105,0.0566939,-0.326857,0.617229,0.00773648,-1.01179,0.00617635,0.00476883,0.00588221,0.00327658,-1.01179,0.00485637,1.82296,1.09511,0.000517074,0.150875,0.000617635,0.000794804,0.000247053,0.000537037,0.150875,0.205488,4.88368e-07,2.31216,0.248927
2021.1250,266.033,266.184,0,0.0603227,0,0,0.000816529,8.40036e-07,-0.000816529,0,0,0.000573778,0,4.67784e-07,0,1.63255e-17,5.82198e-08,1.57232e-06,0,1.77762e-21,1.33926e-09,1.57232e-07,4.9199,82.2761,2.62782,0.430905,75.3098,0.241025,3.10286,0.00176795,0.241025,1.61552,0.0563745,-0.326593,0.617267,0.00827346,-1.01179,0.00602565,0.00476181,0.00573868,0.00328685,-1.01179,0.00483351,1.82297,1.09511,0.000553271,0.150875,0.000602565,0.000793635,0.000241025,0.00053871,0.150875,0.334826,4.67784e-07,2.29207,0.242793
2021.2083,270.089,269.645,0.283076,0.211402,0.126089,0.000572617,0.0010316,0.000951415,-0.000458982,3.36322e-09,9.67344e-07,0.000563327,2.87929e-12,4.5276e-07,4.74536e-05,1.34988e-17,-2.50509e-05,2.24871e-06,3.6685e-06,1.46962e-21,5.1519e-07,2.04759e-07,4.88898,82.2722,2.61778,0.449679,75.3132,0.234955,3.09769,0.00166503,0.234955,1.62038,0.0560514,-0.326528,0.61697,0.00866288,-1.01151,0.00587391,0.00475455,0.00559416,0.00329679,-1.01151,0.00481037,1.82299,1.09511,0.000578743,0.150884,0.000587391,0.000792424,0.000234955,0.000540333,0.150884,0.646899,4.52763e-07,2.27121,0.23662
2021.2917,286.662,285.049,1.99694,0.186437,1.46298,0.00676039,0.00260641,0.00235629,0.00415399,1.12376e-07,2.05343e-05,0.000559373,6.57952e-10,4.83115e-07,4.90109e-06,1.06413e-17,2.07764e-05,2.52608e-05,7.87684e-07,1.16223e-21,2.57511e-06,1.87085e-06,4.89184,82.2406,2.61532,0.391305,75.3393,0.232604,3.09754,0.00168177,0.232604,1.61809,0.0560564,-0.327687,0.614898,0.00735811,-1.00929,0.00581514,0.00475421,0.0055382,0.003292,-1.00929,0.00481091,1.823,1.09515,0.000490763,0.150955,0.000581514,0.000792369,0.000232604,0.00053957,0.150955,1.90366,4.83773e-07,2.27653,0.234286
2021.3750,292.38,290.9,2.06036,0.163219,2.08723,0.00953051,0.0036052,0.00216411,0.00592531,2.16214e-07,3.28792e-05,0.000571585,3.99837e-09,5.55203e-07,7.74651e-07,1.25045e-17,3.23939e-05,4.71135e-05,7.93146e-08,1.36675e-21,2.71997e-06,3.46093e-06,4.98958,82.3035,2.63205,0.356508,75.3436,0.239481,3.11035,0.00198805,0.239481,1.61385,0.0568321,-0.327451,0.614669,0.00663601,-1.00887,0.00598706,0.00477188,0.00570193,0.00328322,-1.00887,0.00486741,1.82302,1.09514,0.000442394,0.150964,0.000598706,0.000795313,0.000239481,0.000538155,0.150964,2.67192,5.59201e-07,2.35753,0.241469
2021.4583,293.109,292.212,2.14101,0.154828,1.35335,0.00639723,0.00335014,0.00178815,0.00304709,1.37463e-07,2.43782e-05,0.000587043,2.99022e-09,6.2921e-07,1.42238e-06,1.49246e-17,2.86671e-05,3.09566e-05,1.72364e-07,1.63188e-21,2.30511e-06,2.28706e-06,5.09125,82.3785,2.65281,0.333483,75.344,0.248193,3.12602,0.00233858,0.248193,1.60976,0.057686,-0.327203,0.614411,0.00618229,-1.00876,0.00620486,0.00479364,0.00590936,0.00327479,-1.00876,0.00492964,1.82303,1.09513,0.000410589,0.150962,0.000620486,0.000798941,0.000248193,0.00053679,0.150962,2.00983,6.322e-07,2.43844,0.250532
2021.5417,289.418,289.001,2.18452,0.188645,1.06199,0.00539293,0.00330829,0.00207071,0.00208465,1.14221e-07,2.08226e-05,0.000595448,1.46918e-09,6.66144e-07,4.12335e-06,1.45894e-17,4.15949e-05,2.63079e-05,6.10261e-07,1.59621e-21,2.77313e-06,1.95082e-06,5.14598,82.4025,2.66541,0.310595,75.3418,0.252873,3.13632,0.0025494,0.252873,1.60418,0.0581782,-0.327073,0.614613,0.0057334,-1.00886,0.00632185,0.00480808,0.00602078,0.00326335,-1.00886,0.00496563,1.82305,1.09515,0.000379243,0.150951,0.000632185,0.000801347,0.000252873,0.000534932,0.150951,1.5028,6.67613e-07,2.48057,0.255422
2021.6250,283.062,283.448,2.15817,0.200691,0.362462,0.00241532,0.00244598,0.00169463,-3.06578e-05,3.61225e-08,8.82227e-06,0.000596664,2.28431e-10,6.72128e-07,1.12403e-06,1.45592e-17,3.56168e-05,9.48809e-06,2.62591e-07,1.59301e-21,2.27712e-06,7.30522e-07,5.16126,82.3949,2.66952,0.295997,75.3379,0.253444,3.14092,0.00261997,0.253444,1.59972,0.0583475,-0.326844,0.615232,0.00544571,-1.00912,0.00633612,0.00481469,0.00603437,0.00325422,-1.00912,0.0049782,1.82307,1.09519,0.000359807,0.150938,0.000633612,0.000802449,0.000253444,0.000533445,0.150938,0.789593,6.72356e-07,2.49174,0.256064
2021.7083,270.366,271.207,1.11375,0.271592,0.021895,0.00023238,0.00122107,0.000674132,-0.000988688,0,0,0.000587524,0,6.47139e-07,1.1998e-07,1.47748e-17,1.52099e-05,1.61853e-06,3.17386e-08,1.61621e-21,8.74753e-07,1.61853e-07,5.13055,82.358,2.66131,0.29414,75.3349,0.248108,3.13718,0.00250017,0.248108,1.59842,0.058084,-0.326597,0.616001,0.00541063,-1.00934,0.00620273,0.00480973,0.00590733,0.00325158,-1.00934,0.00495941,1.82308,1.09524,0.000358194,0.150928,0.000620273,0.000801622,0.000248108,0.000533011,0.150928,0.38644,6.47139e-07,2.46924,0.250608
2021.7917,265.165,265.644,0.00791232,0.248133,4.04588e-09,3.34788e-08,0.000809386,2.37278e-05,-0.000809352,0,0,0.000576754,0,6.12156e-07,0,1.59622e-17,1.0303e-06,1.5777e-06,0,1.74515e-21,2.96502e-08,1.5777e-07,5.09703,82.3491,2.65102,0.315127,75.3343,0.24185,3.13194,0.00235416,0.24185,1.60266,0.0577505,-0.326329,0.616211,0.0058465,-1.0094,0.00604627,0.00480265,0.00575833,0.00326032,-1.0094,0.00493555,1.8231,1.09524,0.000388403,0.150927,0.000604627,0.000800441,0.00024185,0.000534423,0.150927,0.217983,6.12156e-07,2.44601,0.244204
2021.8750,266.573,266.785,0,0.242254,0,0,0.000772181,1.3913e-05,-0.000772181,0,0,0.000566249,0,5.73097e-07,0,1.62841e-17,5.67436e-07,1.53791e-06,0,1.77939e-21,1.60772e-08,1.53791e-07,5.06731,82.3502,2.6409,0.340857,75.3342,0.23575,3.12671,0.00221671,0.23575,1.60786,0.0574235,-0.326057,0.616273,0.00638554,-1.00941,0.00589378,0.00479552,0.00561309,0.00327104,-1.00941,0.00491212,1.82311,1.09524,0.000424946,0.150927,0.000589378,0.000799253,0.00023575,0.000536159,0.150927,0.147866,5.73097e-07,2.42641,0.237967
2021.9583,265.041,265.304,0,0.242254,0,0,0.000701428,9.32344e-06,-0.000701428,0,0,0.000555836,0,5.36067e-07,0,1.65273e-17,3.50275e-07,1.4985e-06,0,1.80499e-21,1.00217e-08,1.4985e-07,5.038,82.3517,2.63077,0.366431,75.3341,0.229708,3.1214,0.00208522,0.229708,1.61315,0.0570977,-0.325788,0.616328,0.0069222,-1.00942,0.00574272,0.00478823,0.00546923,0.0032819,-1.00942,0.00488874,1.82313,1.09524,0.000461317,0.150926,0.000574272,0.000798038,0.000229708,0.000537923,0.150926,0.13104,5.36067e-07,2.40722,0.231793
2022.0417,265.217,265.404,0,0.242254,0,0,0.000745897,5.25617e-06,-0.000745897,0,0,0.000546166,0,5.07806e-07,0,1.68843e-17,2.19963e-07,1.46192e-06,0,1.84306e-21,5.91324e-09,1.46192e-07,5.00971,82.3523,2.62129,0.390326,75.3341,0.2241,3.11636,0.00196728,0.2241,1.61819,0.0567935,-0.325539,0.616373,0.00742466,-1.00942,0.00560254,0.00478126,0.00533572,0.00329223,-1.00942,0.00486688,1.82314,1.09524,0.000495317,0.150926,0.000560254,0.000796877,0.0002241,0.000539601,0.150926,0.275982,5.07806e-07,2.38842,0.226067
2022.1250,266.02,266.095,0,0.242254,0,0,0.000814615,3.18026e-06,-0.000814615,0,0,0.00053673,0,4.8191e-07,0,1.71891e-17,1.52347e-07,1.42625e-06,0,1.87541e-21,3.87705e-09,1.42625e-07,4.98124,82.3522,2.61195,0.413721,75.334,0.218632,3.11133,0.00185612,0.218632,1.62322,0.0564951,-0.325295,0.616415,0.00791752,-1.00943,0.00546583,0.00477426,0.00520552,0.00330253,-1.00943,0.0048454,1.82316,1.09524,0.000528654,0.150926,0.000546583,0.000795709,0.000218632,0.000541277,0.150926,0.328105,4.8191e-07,2.36929,0.220488
2022.2083,276.388,275.371,0.994645,0.354455,0.371375,0.00193342,0.00146826,0.00182996,0.000465154,1.85667e-08,4.30922e-06,0.0005277,2.16133e-11,4.71061e-07,5.74989e-05,1.58358e-17,-1.69541e-05,5.07168e-06,4.78641e-06,1.72999e-21,1.47811e-06,4.03861e-07,4.94874,82.3296,2.603,0.408801,75.3457,0.2134,3.10649,0.00175595,0.2134,1.62642,0.0562107,-0.325981,0.615158,0.00778663,-1.00844,0.00533504,0.00476748,0.00508096,0.00330905,-1.00844,0.0048249,1.82317,1.09525,0.000518257,0.150958,0.000533504,0.000794581,0.0002134,0.000542343,0.150958,0.833786,4.71082e-07,2.34575,0.215156
2022.2917,288.43,286.978,1.8316,0.175188,1.40593,0.00643016,0.00285407,0.00217617,0.0035761,1.3067e-07,2.12246e-05,0.000529752,1.38155e-09,5.03876e-07,1.20881e-06,1.4172e-17,3.4503e-05,2.69233e-05,1.56529e-07,1.55233e-21,2.70396e-06,1.98478e-06,4.95938,82.2972,2.60652,0.355046,75.3608,0.21453,3.10961,0.00184104,0.21453,1.62202,0.0563391,-0.326747,0.61413,0.00661655,-1.00713,0.00536327,0.00477171,0.00510785,0.00329995,-1.00713,0.00483418,1.82318,1.0953,0.000440022,0.150997,0.000536327,0.000795286,0.00021453,0.000540879,0.150997,1.87004,5.05257e-07,2.35286,0.216371
2022.3750,296.331,294.448,1.90385,0.131722,1.78552,0.0069986,0.00354015,0.00183345,0.00345845,1.62902e-07,2.49508e-05,0.000543667,5.23538e-09,5.62211e-07,1.09588e-06,1.46383e-17,3.19937e-05,3.33612e-05,1.17078e-07,1.60383e-21,2.37836e-06,2.45319e-06,5.01626,82.3268,2.62357,0.331343,75.3606,0.222451,3.12147,0.00211616,0.222451,1.6186,0.0569,-0.326522,0.614243,0.00613521,-1.00709,0.00556131,0.00478812,0.00529645,0.00329287,-1.00709,0.00487481,1.8232,1.0953,0.000408031,0.150994,0.000556131,0.000798021,0.000222451,0.000539737,0.150994,2.32046,5.67447e-07,2.39269,0.224567
2022.4583,294.276,293.602,2.01981,0.177692,1.65736,0.00768989,0.00385634,0.00213921,0.00383356,1.92954e-07,2.89312e-05,0.000565818,5.48274e-09,6.40126e-07,3.75606e-06,1.48017e-17,4.23021e-05,4.05002e-05,4.68945e-07,1.62247e-21,2.89845e-06,2.97344e-06,5.10293,82.381,2.65014,0.307028,75.3581,0.235084,3.13959,0.00251619,0.235084,1.61295,0.0577409,-0.32636,0.614171,0.00566132,-1.00721,0.00587712,0.00481333,0.00559723,0.00328127,-1.00721,0.00493583,1.82321,1.0953,0.000374424,0.150984,0.000587712,0.000802222,0.000235084,0.000537855,0.150984,2.39307,6.45608e-07,2.45279,0.2376
2022.5417,289.233,289.103,2.11118,0.183254,0.877736,0.00477823,0.00317627,0.00176739,0.00160195,1.05765e-07,1.90441e-05,0.000583225,1.62172e-09,6.86735e-07,5.00868e-06,1.48331e-17,3.87553e-05,2.3612e-05,8.77943e-07,1.62611e-21,2.41757e-06,1.75017e-06,5.16962,82.4196,2.67162,0.289594,75.3531,0.244977,3.15465,0.00282268,0.244977,1.60724,0.0583969,-0.326185,0.614385,0.0053231,-1.00756,0.00612445,0.00483447,0.00583278,0.00326959,-1.00756,0.00498352,1.82323,1.09531,0.000350757,0.150966,0.000612445,0.000805744,0.000244977,0.000535953,0.150966,1.44064,6.88357e-07,2.498,0.247799
2022.6250,281.037,281.492,2.01593,0.239946,0.306963,0.0022421,0.00224434,0.00179455,-2.2435e-06,3.61909e-08,8.78117e-06,0.000584722,9.49813e-11,6.84049e-07,9.27497e-06,1.39201e-17,4.53533e-05,9.25014e-06,1.70746e-06,1.52672e-21,2.48641e-06,7.10496e-07,5.17398,82.3983,2.67519,0.276179,75.3464,0.245747,3.15829,0.00285657,0.245747,1.6018,0.0584885,-0.326295,0.61498,0.00505463,-1.00808,0.00614371,0.00483985,0.00585112,0.00325846,-1.00808,0.00499032,1.82324,1.09536,0.00033302,0.150946,0.000614371,0.000806641,0.000245747,0.000534137,0.150946,0.729386,6.84144e-07,2.49879,0.248604
2022.7083,270.096,271.122,0.599823,0.169519,0.0149334,0.000183741,0.00117456,0.000634064,-0.00099082,1.54491e-11,1.58208e-09,0.000576634,8.38861e-16,6.61683e-07,1.31266e-06,1.42964e-17,1.68216e-05,1.57559e-06,2.80673e-07,1.56734e-21,8.39577e-07,1.57471e-07,5.14501,82.3631,2.66788,0.276165,75.3415,0.241026,3.15492,0.00273185,0.241026,1.60046,0.0582456,-0.326129,0.615796,0.005052,-1.00848,0.00602569,0.00483549,0.00573872,0.00325579,-1.00848,0.00497296,1.82326,1.09541,0.000334388,0.150932,0.000602569,0.000805914,0.000241026,0.000533692,0.150932,0.423767,6.61683e-07,2.47713,0.243758
2022.7917,267.287,267.898,0,0.0639669,0,0,0.000905583,4.23745e-05,-0.000905583,0,0,0.000566161,0,6.22876e-07,2.55629e-33,1.56664e-17,1.69531e-06,1.53267e-06,7.24515e-34,1.71642e-21,5.27588e-08,1.53267e-07,5.11132,82.3539,2.65774,0.297177,75.3405,0.234947,3.14965,0.00257231,0.234947,1.60491,0.0579185,-0.325862,0.616032,0.00548729,-1.00856,0.0058737,0.00482844,0.00559397,0.003265,-1.00856,0.00494951,1.82327,1.09541,0.000364907,0.15093,0.00058737,0.000804741,0.000234947,0.000535176,0.15093,0.204078,6.22876e-07,2.45358,0.237519
2022.8750,266.051,266.526,0,0.0635742,0,0,0.000718918,2.27746e-05,-0.000718918,0,0,0.000555946,0,5.82979e-07,0,1.60431e-17,8.39994e-07,1.49402e-06,0,1.7567e-21,2.56699e-08,1.49402e-07,5.08126,82.3536,2.64777,0.321921,75.3403,0.229021,3.14439,0.00242214,0.229021,1.61012,0.0575978,-0.325597,0.616109,0.00600568,-1.00858,0.00572556,0.00482135,0.00545289,0.00327575,-1.00858,0.00492649,1.82329,1.09541,0.00040024,0.150929,0.000572556,0.000803559,0.000229021,0.000536913,0.150929,0.117777,5.82979e-07,2.43349,0.231443
2022.9583,267.017,267.292,0,0.0635742,0,0,0.000670598,1.76672e-05,-0.000670598,0,0,0.00054582,0,5.43641e-07,0,1.63173e-17,5.08408e-07,1.45573e-06,0,1.78575e-21,1.68494e-08,1.45573e-07,5.05359,82.3559,2.6378,0.346652,75.3403,0.223151,3.13906,0.00227845,0.223151,1.61543,0.0572782,-0.325334,0.616168,0.00652502,-1.00859,0.00557881,0.0048141,0.00531312,0.00328667,-1.00859,0.00490352,1.8233,1.09541,0.000435547,0.150929,0.000557881,0.00080235,0.000223151,0.000538682,0.150929,0.092699,5.43641e-07,2.41579,0.22543
2023.0417,266.536,266.752,0,0.0635742,0,0,0.000751694,1.53622e-05,-0.000751694,0,0,0.000536417,0,5.08672e-07,0,1.65191e-17,3.40533e-07,1.42019e-06,0,1.8069e-21,1.24712e-08,1.42019e-07,5.0271,82.3575,2.62845,0.369628,75.3403,0.217704,3.13399,0.00214959,0.217704,1.62048,0.0569798,-0.325091,0.616219,0.00700816,-1.00859,0.00544263,0.00480716,0.00518343,0.00329704,-1.00859,0.00488203,1.82332,1.09541,0.000468408,0.150929,0.000544263,0.000801194,0.000217704,0.000540364,0.150929,0.145733,5.08672e-07,2.39865,0.219853
2023.1250,267.18,267.397,0,0.0635742,0,0,0.00069208,1.58038e-05,-0.00069208,0,0,0.000527241,0,4.7855e-07,0,1.66705e-17,2.71142e-07,1.38554e-06,0,1.82252e-21,1.10645e-08,1.38554e-07,4.99942,82.3573,2.61924,0.392047,75.3403,0.212392,3.12892,0.00202812,0.212392,1.62552,0.056687,-0.324853,0.616264,0.00748026,-1.00859,0.00530982,0.00480018,0.00505695,0.00330739,-1.00859,0.00486092,1.82333,1.09541,0.00050054,0.150929,0.000530983,0.000800031,0.000212392,0.000542044,0.150929,0.160242,4.7855e-07,2.38018,0.21442
2023.2083,270.785,270.643,0,0.22171,0,0,0.00101935,0.000330291,-0.00101935,0,0,0.00051798,0,4.6128e-07,7.7727e-06,1.66664e-17,-1.17596e-05,1.35059e-06,3.56544e-07,1.82132e-21,1.86705e-07,1.35059e-07,4.96845,82.353,2.60987,0.412306,75.3416,0.207034,3.1237,0.00190968,0.207034,1.6306,0.0563899,-0.324656,0.616215,0.00790501,-1.00848,0.00517589,0.00479294,0.00492939,0.00331781,-1.00848,0.00483946,1.82334,1.09541,0.000528994,0.150933,0.000517589,0.000798823,0.000207034,0.000543739,0.150933,0.525059,4.6128e-07,2.35858,0.208944
2023.2917,283.732,282.133,1.5794,0.351347,1.07243,0.00572683,0.00240517,0.0029682,0.00332166,1.1067e-07,1.71222e-05,0.000516189,6.27378e-10,4.70608e-07,7.17476e-05,1.32488e-17,1.57355e-05,2.25579e-05,8.10434e-06,1.45398e-21,3.08281e-06,1.66275e-06,4.95345,82.311,2.60824,0.363524,75.3649,0.205998,3.12293,0.00189936,0.205998,1.62913,0.0563123,-0.326657,0.613413,0.00681622,-1.00651,0.00514999,0.00479182,0.00490472,0.00331473,-1.00651,0.00483378,1.82336,1.09544,0.000452996,0.150996,0.000514999,0.000798637,0.000205998,0.000543248,0.150996,1.63625,4.71235e-07,2.34521,0.207898
2023.3750,295.275,293.169,1.89341,0.1419,2.22972,0.00821134,0.00380612,0.00207091,0.00440521,2.0175e-07,2.77573e-05,0.000542728,4.85242e-09,5.48117e-07,5.61333e-07,1.33152e-17,4.09916e-05,4.0889e-05,9.86221e-08,1.46368e-21,2.69657e-06,2.99068e-06,5.02775,82.3351,2.63637,0.317574,75.3672,0.221302,3.13961,0.0022805,0.221302,1.62254,0.0570781,-0.32703,0.612995,0.00586439,-1.00627,0.00553258,0.00481494,0.0052691,0.00330115,-1.00627,0.00488901,1.82337,1.09546,0.000389877,0.151,0.000553258,0.000802489,0.000221302,0.00054105,0.151,2.71872,5.52969e-07,2.39138,0.223583
2023.4583,294.385,293.555,2.03974,0.158342,1.61759,0.00740643,0.00395571,0.00192794,0.00345072,1.83216e-07,2.69597e-05,0.000570409,5.0429e-09,6.22717e-07,8.55088e-07,1.39131e-17,3.94692e-05,3.89117e-05,1.21261e-07,1.52922e-21,2.57893e-06,2.85015e-06,5.10085,82.3813,2.66598,0.297934,75.3642,0.237244,3.15738,0.00266294,0.237244,1.61828,0.0578896,-0.326788,0.613026,0.00547384,-1.00647,0.00593113,0.00483973,0.00564866,0.00329243,-1.00647,0.00494765,1.82338,1.09545,0.000363433,0.15099,0.000593113,0.000806621,0.000237244,0.000539631,0.15099,2.19134,6.2776e-07,2.43486,0.239907
2023.5417,289.521,289.314,2.16599,0.145898,1.10234,0.00526424,0.00336699,0.00150519,0.00189725,1.20206e-07,2.01778e-05,0.000594122,1.80024e-09,6.71075e-07,9.67041e-08,1.42111e-17,3.26368e-05,2.71154e-05,1.68116e-08,1.56172e-21,2.02185e-06,1.99969e-06,5.16499,82.4215,2.69173,0.283394,75.3596,0.250881,3.17312,0.00297682,0.250881,1.61346,0.0585928,-0.326543,0.613198,0.00518915,-1.00681,0.00627204,0.00486185,0.00597335,0.00328259,-1.00681,0.00499856,1.8234,1.09545,0.000343744,0.150975,0.000627204,0.000810308,0.00025088,0.000538024,0.150975,1.46479,6.72876e-07,2.47326,0.253857
2023.6250,284.195,284.418,2.19541,0.144031,0.475679,0.00257627,0.00253752,0.00123935,3.87447e-05,4.27696e-08,9.83521e-06,0.000599695,2.21247e-10,6.68865e-07,4.96191e-09,1.43545e-17,2.53706e-05,1.08824e-05,1.53416e-09,1.57699e-21,1.62461e-06,8.27726e-07,5.1734,82.4215,2.69863,0.279925,75.3569,0.254042,3.17798,0.00302976,0.254042,1.61132,0.058754,-0.326272,0.613581,0.00512413,-1.00701,0.00635108,0.00486898,0.00604862,0.00327829,-1.00701,0.00501034,1.82342,1.09547,0.000339037,0.150966,0.000635108,0.000811497,0.000254042,0.000537311,0.150966,0.69165,6.69086e-07,2.47477,0.257072
2023.7083,267.276,269.096,1.04139,0.14214,0.0553198,0.000378038,0.00123141,0.000550732,-0.000853374,1.47314e-09,5.96242e-07,0.000592549,1.77631e-12,6.39056e-07,5.96833e-09,1.46671e-17,1.10352e-05,1.94828e-06,1.33765e-09,1.61073e-21,6.91514e-07,1.85558e-07,5.1448,82.3963,2.69222,0.284267,75.3556,0.249868,3.17508,0.00290602,0.249868,1.61157,0.0585302,-0.325998,0.61408,0.00521598,-1.0071,0.00624673,0.00486533,0.00594923,0.00327891,-1.0071,0.00499436,1.82343,1.0955,0.0003452,0.150962,0.000624673,0.000810889,0.000249868,0.000537396,0.150962,0.265321,6.39058e-07,2.45258,0.252774
2023.7917,255.679,256.958,0,0.0459466,0,0,0.000625287,5.08425e-06,-0.000625287,0,0,0.000581723,0,5.96629e-07,0,1.62073e-17,3.39158e-07,1.58898e-06,0,1.77892e-21,8.01788e-09,1.58898e-07,5.1149,82.3932,2.68186,0.306847,75.3553,0.243578,3.16979,0.00273662,0.243578,1.61608,0.0581949,-0.325722,0.614237,0.0056886,-1.00713,0.00608949,0.00485833,0.00579948,0.00328825,-1.00713,0.00497037,1.82345,1.09551,0.000377402,0.150961,0.000608949,0.000809721,0.000243578,0.000538898,0.150961,0.0692368,5.96629e-07,2.43303,0.246315
2023.8750,260.885,261.538,0,0.0440136,0,0,0.000589843,1.49357e-06,-0.000589843,0,0,0.000571142,0,5.55227e-07,0,1.68372e-17,1.09667e-07,1.5489e-06,0,1.8471e-21,2.53522e-09,1.54891e-07,5.08697,82.3966,2.67165,0.333021,75.3553,0.237435,3.16449,0.00257685,0.237435,1.62137,0.0578655,-0.325449,0.614283,0.00623887,-1.00714,0.00593591,0.00485125,0.00565322,0.00329918,-1.00714,0.00494678,1.82346,1.09551,0.000414522,0.150961,0.000593591,0.000808542,0.000237435,0.000540662,0.150961,0.0492997,5.55227e-07,2.41532,0.240012
2023.9583,262.459,262.839,0,0.0418445,0,0,0.000609844,1.04201e-06,-0.000609844,0,0,0.000560654,0,5.14738e-07,0,1.7279e-17,7.54774e-08,1.50921e-06,0,1.89459e-21,1.74212e-09,1.50921e-07,5.06083,82.4018,2.66143,0.359009,75.3553,0.231349,3.15912,0.00242399,0.231349,1.62674,0.0575373,-0.32518,0.614325,0.00678597,-1.00714,0.00578377,0.00484401,0.00550832,0.00331026,-1.00714,0.00492323,1.82348,1.0955,0.000451437,0.150961,0.000578377,0.000807334,0.000231349,0.000542452,0.150961,0.0838792,5.14738e-07,2.3994,0.233773
2024.0417,261.357,261.926,0,0.0417119,0,0,0.000549885,8.24038e-07,-0.000549885,0,0,0.000550913,0,4.8099e-07,0,1.74962e-17,5.88052e-08,1.47237e-06,0,1.91746e-21,1.35568e-09,1.47237e-07,5.03558,82.4058,2.65186,0.38317,75.3552,0.225702,3.15402,0.00228689,0.225702,1.63184,0.0572309,-0.324929,0.614364,0.00729529,-1.00714,0.00564258,0.00483707,0.00537386,0.00332076,-1.00714,0.00490121,1.82349,1.0955,0.000485817,0.150961,0.000564258,0.000806178,0.000225702,0.000544152,0.150961,0.052001,4.8099e-07,2.38372,0.227989
2024.1250,263.003,263.271,0,0.0417657,0,0,0.000641744,4.70935e-07,-0.000641744,0,0,0.000541409,0,4.50723e-07,0,1.59339e-17,3.44687e-08,1.43644e-06,0,1.74541e-21,7.89704e-10,1.43644e-07,5.00994,82.4089,2.64243,0.406778,75.3552,0.220195,3.14893,0.00215767,0.220195,1.63694,0.0569303,-0.324685,0.614401,0.00779362,-1.00714,0.0055049,0.00483009,0.00524273,0.00333122,-1.00714,0.00487958,1.82351,1.0955,0.000519469,0.150961,0.00055049,0.000805016,0.000220195,0.00054585,0.150961,0.13996,4.50723e-07,2.3675,0.222352
2024.2083,267.191,267.058,0,0.106515,0,0,0.000856826,0.000253282,-0.000856826,0,0,0.000531816,0,4.29364e-07,6.6727e-06,1.27349e-17,-1.11508e-05,1.40021e-06,2.81905e-07,1.39432e-21,1.18599e-07,1.40021e-07,4.98095,82.4085,2.63284,0.42971,75.3557,0.21464,3.14367,0.00203166,0.21464,1.64217,0.0566253,-0.324449,0.614407,0.0082777,-1.0071,0.00536604,0.00482284,0.00511049,0.00334195,-1.0071,0.0048576,1.82352,1.0955,0.000551965,0.150963,0.000536604,0.000803807,0.00021464,0.000547593,0.150963,0.392904,4.29364e-07,2.34811,0.216672
2024.2917,280.467,279.198,1.38678,0.339855,0.738887,0.00454784,0.00199437,0.00262986,0.00255347,8.40667e-08,1.35172e-05,0.000527015,2.36824e-10,4.40406e-07,6.04547e-05,9.5955e-18,1.50901e-06,1.79941e-05,5.7095e-06,1.05421e-21,2.49884e-06,1.33459e-06,4.96059,82.3694,2.62814,0.386621,75.3801,0.211862,3.14118,0.00197594,0.211862,1.64205,0.0564644,-0.325986,0.611935,0.00730943,-1.00504,0.00529658,0.00481938,0.00504433,0.00334166,-1.00504,0.00484596,1.82353,1.09553,0.000483589,0.151029,0.000529658,0.000803231,0.000211862,0.000547553,0.151029,1.4981,4.40643e-07,2.33245,0.213838
2024.3750,291.276,289.523,1.94641,0.172768,2.00177,0.00949099,0.00375692,0.00228662,0.00573407,2.44179e-07,3.25713e-05,0.000553397,3.61782e-09,5.03475e-07,1.03711e-06,9.07582e-18,3.94802e-05,5.08386e-05,1.41428e-07,9.98815e-22,2.89189e-06,3.71114e-06,5.04082,82.4021,2.65597,0.337841,75.3872,0.227087,3.15757,0.00234799,0.227087,1.63631,0.0572534,-0.326252,0.611279,0.0062798,-1.00439,0.0056772,0.00484212,0.00540683,0.00332984,-1.00439,0.0049029,1.82355,1.09554,0.000416081,0.151046,0.00056772,0.00080702,0.000227087,0.000545639,0.151046,2.46293,5.07093e-07,2.38484,0.229435
2024.4583,294.911,293.372,2.14891,0.139324,1.89847,0.00768382,0.00402325,0.00181772,0.00366057,1.87345e-07,2.74946e-05,0.000591481,4.56083e-09,5.91743e-07,2.32366e-06,1.36521e-17,3.55001e-05,4.13076e-05,2.66072e-07,1.50273e-21,2.37571e-06,3.02564e-06,5.1559,82.4833,2.69632,0.311243,75.3851,0.249035,3.18148,0.0028644,0.249035,1.63104,0.0584079,-0.326056,0.610975,0.00574734,-1.0045,0.0062259,0.00487547,0.0059294,0.00331906,-1.0045,0.00498641,1.82356,1.09551,0.000380367,0.151038,0.000622591,0.000812578,0.000249035,0.000543885,0.151038,2.33686,5.96304e-07,2.45958,0.251899
2024.5417,290.904,290.533,2.22648,0.153846,0.842392,0.00417694,0.00319558,0.00154946,0.00098136,8.3162e-08,1.62569e-05,0.000606018,1.47633e-09,6.29312e-07,7.57531e-07,1.43802e-17,2.78738e-05,1.97744e-05,1.19733e-07,1.58272e-21,2.01149e-06,1.46941e-06,5.18824,82.5023,2.71246,0.301908,75.3836,0.257373,3.19163,0.00304127,0.257373,1.62857,0.0588498,-0.325794,0.611067,0.00556417,-1.00459,0.00643436,0.0048899,0.00612793,0.00331407,-1.00459,0.00501846,1.82358,1.09552,0.000367804,0.151031,0.000643436,0.000814984,0.000257373,0.000543061,0.151031,1.3022,6.30788e-07,2.47578,0.260414
2024.6250,283.37,283.516,2.24611,0.191011,0.427015,0.00259046,0.00252292,0.00162392,6.75467e-05,4.25562e-08,9.7185e-06,0.000609749,1.85841e-10,6.32596e-07,1.47415e-06,1.41134e-17,3.36627e-05,1.10879e-05,3.27005e-07,1.55345e-21,2.15018e-06,8.43617e-07,5.19189,82.4903,2.71744,0.291941,75.3813,0.259475,3.19537,0.00306635,0.259475,1.62521,0.0589635,-0.325554,0.611545,0.00536956,-1.00474,0.0064869,0.00489549,0.00617797,0.00330726,-1.00474,0.00502682,1.8236,1.09555,0.000354112,0.151023,0.00064869,0.000815915,0.000259475,0.000541941,0.151023,0.80462,6.32782e-07,2.47445,0.262541
2024.7083,272.544,273.469,1.67467,0.174089,0.069935,0.000428181,0.00141322,0.00080895,-0.000985035,2.46981e-09,8.77087e-07,0.000602221,2.31652e-12,6.11479e-07,1.52882e-07,1.41336e-17,1.89103e-05,2.20772e-06,4.24833e-08,1.55538e-21,1.04907e-06,2.05079e-07,5.16235,82.4521,2.71069,0.288472,75.378,0.255078,3.19231,0.00293772,0.255078,1.62331,0.0587309,-0.325316,0.612337,0.0053004,-1.00499,0.00637698,0.00489164,0.00607328,0.00330345,-1.00499,0.00501025,1.82361,1.09559,0.000350116,0.151013,0.000637698,0.000815273,0.000255078,0.000541308,0.151013,0.309077,6.11481e-07,2.45166,0.258016
2024.7917,265.74,266.616,0.2488,0.109239,0.00102772,3.58162e-06,0.000857691,7.23516e-05,-0.000854109,0,0,0.000591217,0,5.73639e-07,1.56474e-33,1.5102e-17,2.19421e-06,1.62227e-06,4.88307e-34,1.66092e-21,8.53144e-08,1.62227e-07,5.12837,82.4409,2.70022,0.30787,75.3773,0.248682,3.18702,0.00276705,0.248682,1.62736,0.0583917,-0.325035,0.612618,0.00570106,-1.00506,0.00621708,0.00488464,0.005921,0.00331185,-1.00506,0.004986,1.82363,1.0956,0.000378465,0.151011,0.000621708,0.000814106,0.000248682,0.000542658,0.151011,0.150493,5.73639e-07,2.42815,0.251449
2024.8750,262.926,263.561,0,0.0748603,0,0,0.000706236,8.75265e-06,-0.000706236,0,0,0.000580419,0,5.3701e-07,0,1.59439e-17,4.36467e-07,1.58136e-06,0,1.75255e-21,1.1601e-08,1.58136e-07,5.09955,82.4432,2.68986,0.333897,75.3771,0.24241,3.1817,0.00260551,0.24241,1.63263,0.0580571,-0.324758,0.612688,0.00624702,-1.00507,0.00606028,0.00487753,0.00577167,0.00332274,-1.00507,0.00496206,1.82364,1.0956,0.000415529,0.151011,0.000606028,0.000812921,0.00024241,0.000544415,0.151011,0.190252,5.3701e-07,2.40969,0.245016
2024.9583,262.397,262.987,0,0.0694432,0,0,0.000644248,3.18939e-06,-0.000644248,0,0,0.000569715,0,5.03749e-07,0,1.63957e-17,1.89002e-07,1.54083e-06,0,1.80127e-21,4.62852e-09,1.54083e-07,5.07009,82.4454,2.67949,0.360286,75.377,0.236197,3.1763,0.00245095,0.236197,1.63803,0.0577237,-0.324484,0.612736,0.00680251,-1.00508,0.00590496,0.00487025,0.00562374,0.00333387,-1.00508,0.00493817,1.82366,1.0956,0.00045303,0.151011,0.000590496,0.000811709,0.000236197,0.000546213,0.151011,0.0957475,5.03749e-07,2.3906,0.238648
2025.0417,263.271,263.54,0,0.0694535,0,0,0.000661023,1.15323e-06,-0.000661023,0,0,0.000559775,0,4.73926e-07,0,1.69675e-17,8.20955e-08,1.50322e-06,0,1.86318e-21,1.89692e-09,1.50322e-07,5.04396,82.449,2.66978,0.384862,75.377,0.230431,3.17117,0.00231233,0.230431,1.64316,0.0574126,-0.32423,0.612776,0.00732068,-1.00508,0.00576081,0.00486328,0.00548646,0.00334443,-1.00508,0.00491583,1.82367,1.0956,0.000488001,0.15101,0.000576081,0.000810547,0.000230431,0.000547923,0.15101,0.250613,4.73926e-07,2.37418,0.232744
2025.1250,265.332,265.493,0,0.0694457,0,0,0.000777324,1.0009e-06,-0.000777324,0,0,0.000550076,0,4.53211e-07,0,1.70719e-17,6.92704e-08,1.46654e-06,0,1.87374e-21,1.60053e-09,1.46654e-07,5.01574,82.4499,2.66022,0.40888,75.377,0.224808,3.16605,0.00218167,0.224808,1.64828,0.0571073,-0.323981,0.612814,0.00782786,-1.00509,0.00562024,0.00485627,0.00535258,0.00335495,-1.00509,0.00489389,1.82369,1.0956,0.000522237,0.15101,0.000562024,0.000809379,0.000224808,0.00054963,0.15101,0.293416,4.53211e-07,2.35552,0.22699
2025.2083,269.935,269.712,0.0995078,0.411296,0.0167772,0.000117668,0.000957049,0.000491844,-0.000839381,3.88618e-11,2.58766e-08,0.000540287,1.19834e-15,4.40864e-07,2.29097e-05,1.54247e-17,-1.6723e-05,1.43723e-06,1.15581e-06,1.69256e-21,2.80856e-07,1.43486e-07,4.98383,82.4435,2.65048,0.425528,75.3809,0.219138,3.16076,0.00205426,0.219138,1.65321,0.0567976,-0.323839,0.612581,0.00817242,-1.00476,0.00547848,0.00484899,0.00521757,0.00336507,-1.00476,0.0048716,1.8237,1.0956,0.000544048,0.151021,0.000547848,0.000808165,0.000219138,0.000551274,0.151021,0.703689,4.40864e-07,2.33335,0.221192
2025.2917,285.938,284.072,1.8522,0.226019,1.37394,0.00639094,0.00264366,0.00262777,0.00374728,1.20071e-07,1.92439e-05,0.000539531,8.63319e-10,4.69273e-07,3.37558e-05,1.24622e-17,1.40745e-05,2.54955e-05,3.71311e-06,1.37231e-21,2.69535e-06,1.87587e-06,4.97598,82.4092,2.65001,0.377797,75.4036,0.218697,3.16072,0.00205322,0.218697,1.65183,0.0567631,-0.325323,0.610278,0.00710279,-1.00283,0.00546745,0.00484893,0.00520707,0.00336219,-1.00283,0.00486907,1.82372,1.09563,0.000471031,0.151083,0.000546745,0.000808155,0.000218697,0.000550813,0.151083,1.89736,4.70137e-07,2.32598,0.22075
2025.3750,294.48,292.399,1.98382,0.158232,1.77395,0.00768245,0.00361362,0.00216595,0.00406883,1.80931e-07,2.5887e-05,0.000561153,3.91821e-09,5.36494e-07,9.9901e-06,1.31794e-17,3.68104e-05,3.84869e-05,1.11332e-06,1.45249e-21,2.74922e-06,2.81771e-06,5.03774,82.4364,2.67274,0.343492,75.4074,0.231173,3.17405,0.00235106,0.231173,1.64779,0.057416,-0.325255,0.610053,0.0063829,-1.00246,0.00577935,0.00486745,0.00550411,0.00335388,-1.00246,0.00491618,1.82373,1.09564,0.000423971,0.151091,0.000577935,0.000811242,0.000231173,0.000549469,0.151091,2.37318,5.40413e-07,2.36501,0.233524
2025.4583,294.57,293.766,2.17219,0.171749,1.98599,0.00894992,0.00435882,0.00233993,0.0045911,2.2377e-07,3.15424e-05,0.000596452,6.5782e-09,6.25969e-07,6.79091e-06,1.39679e-17,4.85859e-05,4.94293e-05,7.96203e-07,1.541e-21,3.14758e-06,3.61268e-06,5.14236,82.4938,2.70986,0.307534,75.4039,0.251536,3.19584,0.00282192,0.251536,1.64004,0.0584958,-0.325366,0.609801,0.00566562,-1.00267,0.00628844,0.00489784,0.00598896,0.00333797,-1.00267,0.00499426,1.82375,1.09564,0.000375309,0.151077,0.000628844,0.000816306,0.000251536,0.000546884,0.151077,2.58777,6.32547e-07,2.4325,0.254358
2025.5417,290.24,289.962,2.31432,0.23786,0.917042,0.0056633,0.00371635,0.00238053,0.00194695,1.23588e-07,2.09186e-05,0.00062289,1.9147e-09,6.80143e-07,3.1969e-05,1.38112e-17,5.54482e-05,2.92878e-05,3.59251e-06,1.52415e-21,3.29696e-06,2.15893e-06,5.21951,82.5395,2.73818,0.287983,75.3983,0.266754,3.21286,0.00315612,0.266754,1.6337,0.0593098,-0.325321,0.609835,0.00527911,-1.00307,0.00666889,0.0049218,0.00635129,0.00332501,-1.00307,0.00505325,1.82376,1.09564,0.000349058,0.151058,0.000666889,0.0008203,0.000266754,0.00054477,0.151058,1.68806,6.82058e-07,2.48133,0.26991
2025.6250,282.819,283.088,2.34363,0.29604,0.32753,0.00251626,0.00255495,0.00223897,-3.86909e-05,3.65761e-08,9.09388e-06,0.000628395,1.4323e-10,6.87575e-07,4.20935e-05,1.22759e-17,6.1657e-05,1.01494e-05,4.76577e-06,1.35826e-21,3.16831e-06,7.77494e-07,5.22932,82.5089,2.74503,0.267438,75.3872,0.269875,3.21771,0.00319953,0.269875,1.62499,0.0594827,-0.326612,0.609687,0.00486227,-1.00395,0.0067469,0.00492897,0.00642559,0.00330721,-1.00395,0.00506595,1.82378,1.09571,0.00032212,0.151025,0.00067469,0.000821496,0.000269875,0.000541867,0.151025,0.806605,6.87718e-07,2.4843,0.273074
2025.7083,273.464,274.187,0.591463,0.294399,0.0495545,0.000332081,0.00140489,0.0009668,-0.00107281,2.22341e-09,8.08411e-07,0.000620261,4.4712e-12,6.64876e-07,4.34538e-06,1.24651e-17,2.92972e-05,2.23739e-06,5.49064e-07,1.37954e-21,1.34166e-06,2.09079e-07,5.19889,82.4607,2.73778,0.262776,75.3782,0.265122,3.21447,0.00306008,0.265122,1.62085,0.0592348,-0.326924,0.610473,0.00476335,-1.00469,0.00662808,0.00492492,0.00631243,0.00329881,-1.00469,0.00504832,1.8238,1.09577,0.000317218,0.151001,0.000662808,0.00082082,0.000265122,0.000540487,0.151001,0.485254,6.6488e-07,2.4611,0.268182
2025.7917,270.246,270.591,0,0.23552,0,0,0.000943339,0.000266474,-0.000943339,0,0,0.000608802,0,6.27652e-07,3.30324e-13,1.32913e-17,7.77588e-06,1.68603e-06,8.26957e-14,1.46964e-21,3.19766e-07,1.68604e-07,5.16461,82.4462,2.72701,0.281345,75.3758,0.258456,3.20913,0.00288188,0.258456,1.62447,0.0588842,-0.326643,0.610947,0.00514133,-1.00492,0.00646144,0.00491789,0.00615373,0.00330635,-1.00492,0.00502332,1.82381,1.09579,0.00034506,0.150995,0.000646144,0.000819648,0.000258456,0.000541695,0.150995,0.115465,6.27652e-07,2.4376,0.261338
2025.8750,269.662,269.96,0,0.23552,0,0,0.000782668,0.000209702,-0.000782668,0,0,0.000597589,0,5.83941e-07,1.62994e-26,1.3778e-17,4.23208e-06,1.64351e-06,4.18051e-27,1.52229e-21,2.1805e-07,1.64351e-07,5.13475,82.4422,2.71637,0.302675,75.3756,0.251938,3.20377,0.00271363,0.251938,1.62918,0.0585395,-0.326356,0.611162,0.00557987,-1.00495,0.00629848,0.00491076,0.00599852,0.0033161,-1.00495,0.0049987,1.82383,1.0958,0.000376209,0.150995,0.000629848,0.000818461,0.000251938,0.000543263,0.150995,0.0836005,5.83941e-07,2.41838,0.254652
2025.9583,268.266,268.516,0,0.23552,0,0,0.00080229,0.000139532,-0.00080229,0,0,0.000586474,0,5.43621e-07,0,1.45019e-17,1.51936e-06,1.60139e-06,0,1.60117e-21,1.23879e-07,1.60139e-07,5.1063,82.4413,2.70573,0.324688,75.3761,0.245481,3.19833,0.00255265,0.245481,1.63416,0.0581961,-0.326071,0.611287,0.00603526,-1.00492,0.00613705,0.00490347,0.00584478,0.0033264,-1.00492,0.00497414,1.82385,1.0958,0.000408033,0.150997,0.000613705,0.000817245,0.000245481,0.000544924,0.150997,0.159403,5.43621e-07,2.40058,0.248033
2026.0417,267.989,268.234,0,0.23552,0,0,0.000807533,0.000105883,-0.000807533,0,0,0.000576153,0,5.13401e-07,0,1.50318e-17,6.48533e-07,1.5623e-06,0,1.65869e-21,8.36413e-08,1.5623e-07,5.07723,82.439,2.69576,0.345747,75.377,0.239488,3.19317,0.00240828,0.239488,1.63902,0.0578756,-0.325807,0.611355,0.0064728,-1.00485,0.00598724,0.00489649,0.0057021,0.00333642,-1.00485,0.00495118,1.82386,1.0958,0.000438334,0.151,0.000598724,0.000816081,0.000239488,0.000546544,0.151,0.1503,5.13401e-07,2.38147,0.241896
2026.1250,266.996,267.2,0,0.23552,0,0,0.000805889,5.2525e-05,-0.000805889,0,0,0.000566081,0,4.89998e-07,0,1.55398e-17,2.54377e-07,1.52418e-06,0,1.71381e-21,3.69589e-08,1.52418e-07,5.04817,82.4379,2.68595,0.368044,75.3776,0.233644,3.18801,0.0022722,0.233644,1.64402,0.0575613,-0.325549,0.611404,0.00693942,-1.0048,0.00584114,0.00488946,0.00556296,0.00334671,-1.0048,0.00492863,1.82388,1.0958,0.000470347,0.151002,0.000584114,0.00081491,0.000233644,0.000548212,0.151002,0.434769,4.89998e-07,2.36222,0.235917
2026.2083,273.546,272.917,0.906812,0.412274,0.196128,0.00130489,0.00125739,0.00140291,4.74946e-05,6.73082e-09,1.65376e-06,0.000556007,2.04322e-12,4.77714e-07,3.13828e-05,1.49703e-17,-1.42838e-05,2.8823e-06,2.96935e-06,1.65139e-21,1.19764e-06,2.48735e-07,5.01566,82.4225,2.67606,0.37291,75.386,0.227804,3.18275,0.00214086,0.227804,1.64797,0.0572455,-0.325611,0.610863,0.00702481,-1.0041,0.00569512,0.00488224,0.0054239,0.00335481,-1.0041,0.00490594,1.82389,1.09581,0.000474015,0.151025,0.000569512,0.000813706,0.000227804,0.000549527,0.151025,0.702324,4.77716e-07,2.3396,0.229945
2026.2917,287.162,285.378,1.96366,0.240874,1.5251,0.0072352,0.00294331,0.0025172,0.0042919,1.40883e-07,2.22249e-05,0.000558097,1.16157e-09,5.05137e-07,1.1989e-05,1.26029e-17,4.32496e-05,3.03869e-05,1.79625e-06,1.39361e-21,3.15583e-06,2.23435e-06,5.0237,82.3914,2.67913,0.325605,75.3988,0.228979,3.18522,0.0021922,0.228979,1.6433,0.0573414,-0.326277,0.610025,0.0060038,-1.00299,0.00572451,0.0048857,0.00545188,0.00334517,-1.00299,0.00491292,1.8239,1.09586,0.00040281,0.151059,0.000572451,0.000814283,0.000228979,0.000547969,0.151059,2.01761,5.06299e-07,2.34456,0.231171
2026.3750,290.723,289.712,2.10991,0.211506,1.82624,0.00995074,0.00387933,0.00242188,0.00607141,2.44878e-07,3.39656e-05,0.000585681,3.66319e-09,5.82349e-07,1.08396e-05,1.22938e-17,5.36761e-05,5.3357e-05,1.26768e-06,1.36041e-21,3.25963e-06,3.90111e-06,5.12593,82.4482,2.70966,0.291497,75.3949,0.244829,3.2043,0.00261283,0.244829,1.63588,0.0582927,-0.326373,0.60996,0.0053202,-1.00328,0.00612076,0.00491225,0.00582927,0.00332993,-1.00328,0.0049818,1.82392,1.09586,0.000356404,0.151046,0.000612076,0.000818708,0.000244829,0.000545498,0.151046,2.53634,5.86012e-07,2.41626,0.247442
2026.4583,292.095,291.359,2.31262,0.19095,1.81685,0.00932663,0.00430619,0.00214659,0.00502044,2.25037e-07,3.27498e-05,0.000623527,4.32979e-09,6.63483e-07,1.21276e-05,1.26851e-17,5.31071e-05,5.15654e-05,1.43969e-06,1.40334e-21,2.95723e-06,3.77546e-06,5.26308,82.5496,2.75154,0.270504,75.3872,0.266564,3.23049,0.00316693,0.266564,1.6288,0.0595683,-0.326265,0.609835,0.00490193,-1.00389,0.00666414,0.00494884,0.00634677,0.00331544,-1.00389,0.00507432,1.82394,1.09584,0.000328311,0.151023,0.000666414,0.000824807,0.000266565,0.000543138,0.151023,2.51665,6.67813e-07,2.51154,0.269731
2026.5417,292.646,292.025,2.45327,0.170112,1.64186,0.00634596,0.00418863,0.00197681,0.00215734,1.30572e-07,2.24618e-05,0.000649587,2.75812e-09,7.23354e-07,7.53036e-06,1.28078e-17,5.2894e-05,3.17336e-05,1.12023e-06,1.41689e-21,2.74108e-06,2.34164e-06,5.35115,82.6077,2.78118,0.256916,75.3777,0.281489,3.24961,0.00352905,0.281489,1.62193,0.0604447,-0.32638,0.609905,0.00462808,-1.00466,0.00703725,0.00497585,0.00670212,0.00330145,-1.00466,0.00513805,1.82395,1.09584,0.000310499,0.150996,0.000703725,0.000829309,0.000281489,0.000540847,0.150996,2.03146,7.26112e-07,2.56997,0.285018
2026.6250,287.128,287.173,2.48918,0.175771,0.762274,0.00334527,0.0033244,0.00173389,2.08679e-05,5.05666e-08,1.13212e-05,0.000656322,5.14854e-10,7.41445e-07,1.36764e-06,1.29221e-17,4.59811e-05,1.36121e-05,2.83146e-07,1.4288e-21,2.37462e-06,1.03161e-06,5.3671,82.6039,2.79027,0.250397,75.3696,0.285278,3.25651,0.00359804,0.285278,1.61681,0.0606894,-0.326227,0.610646,0.00449515,-1.00535,0.00713198,0.004986,0.00679233,0.00329108,-1.00535,0.00515609,1.82397,1.09587,0.000302205,0.150974,0.000713198,0.000831001,0.000285278,0.000539141,0.150974,1.05358,7.4196e-07,2.57683,0.288876
2026.7083,272.737,273.827,0.726927,0.260176,0.0230903,0.000243325,0.00144369,0.000909428,-0.00120036,4.06182e-10,1.85275e-07,0.000648165,1.0846e-12,7.21761e-07,7.70309e-07,1.30066e-17,2.44549e-05,1.92446e-06,1.86222e-07,1.43718e-21,1.20286e-06,1.89689e-07,5.33572,82.5669,2.78341,0.252338,75.3642,0.280493,3.25381,0.00344855,0.280493,1.61466,0.0604511,-0.325951,0.611591,0.00453424,-1.00581,0.00701234,0.00498284,0.00667839,0.00328681,-1.00581,0.00513927,1.82399,1.09592,0.00030551,0.150959,0.000701235,0.000830474,0.000280493,0.000538424,0.150959,0.60043,7.21762e-07,2.55231,0.283941
2026.7917,268.995,269.367,0,0.278098,0,0,0.000997749,8.95044e-05,-0.000997749,0,0,0.000636017,0,6.85476e-07,1.29083e-29,1.3953e-17,3.52569e-06,1.78364e-06,3.79067e-30,1.54063e-21,1.12004e-07,1.78364e-07,5.30033,82.5548,2.77216,0.2739,75.3622,0.273419,3.24838,0.00324719,0.273419,1.61837,0.0600828,-0.325658,0.611982,0.00497804,-1.00599,0.0068355,0.00497583,0.00650997,0.00329457,-1.00599,0.00511308,1.82401,1.09593,0.000336782,0.150955,0.00068355,0.000829305,0.000273419,0.00053966,0.150955,0.208877,6.85476e-07,2.52817,0.276666
2026.8750,267.965,268.343,0,0.278098,0,0,0.000833358,7.31537e-05,-0.000833358,0,0,0.000624168,0,6.4191e-07,0,1.42397e-17,2.17193e-06,1.73866e-06,0,1.57128e-21,7.6467e-08,1.73866e-07,5.26772,82.5543,2.76109,0.301122,75.3619,0.266523,3.24295,0.00305761,0.266523,1.62362,0.0597219,-0.325354,0.612111,0.00554316,-1.00604,0.0066631,0.00496875,0.00634578,0.00330549,-1.00604,0.00508737,1.82402,1.09593,0.000375655,0.150954,0.00066631,0.000828125,0.000266523,0.000541412,0.150954,0.160126,6.4191e-07,2.50663,0.26958
2026.9583,265.287,265.666,0,0.278098,0,0,0.000705751,2.70997e-05,-0.000705751,0,0,0.000612423,0,5.9811e-07,0,1.50203e-17,7.84558e-07,1.69409e-06,0,1.65643e-21,2.65676e-08,1.69409e-07,5.23883,82.5584,2.75002,0.328708,75.3618,0.259692,3.23745,0.00287624,0.259692,1.62903,0.0593623,-0.325053,0.612196,0.00611812,-1.00605,0.00649232,0.00496149,0.00618313,0.0033167,-1.00605,0.00506172,1.82404,1.09593,0.000414907,0.150954,0.000649232,0.000826915,0.000259692,0.000543214,0.150954,0.0979265,5.9811e-07,2.48881,0.262568
2027.0417,266.676,266.859,0,0.278098,0,0,0.000802323,1.92327e-05,-0.000802323,0,0,0.000601517,0,5.58242e-07,0,1.54581e-17,4.40596e-07,1.65274e-06,0,1.70382e-21,1.58239e-08,1.65274e-07,5.21086,82.5619,2.73966,0.355069,75.3618,0.253352,3.23222,0.00271356,0.253352,1.63423,0.0590268,-0.324774,0.612252,0.00666967,-1.00605,0.00633384,0.00495453,0.0060322,0.00332745,-1.00605,0.00503776,1.82406,1.09593,0.000452307,0.150954,0.000633384,0.000825755,0.000253352,0.000544947,0.150954,0.10422,5.58242e-07,2.4712,0.256066
2027.1250,267.201,267.326,0,0.278098,0,0,0.000862907,1.9909e-05,-0.000862907,0,0,0.000590875,0,5.26234e-07,0,1.57831e-17,3.18468e-07,1.61241e-06,0,1.73874e-21,1.33682e-08,1.61241e-07,5.18104,82.563,2.72947,0.380751,75.3618,0.24717,3.227,0.00256023,0.24717,1.63942,0.0586978,-0.324502,0.612301,0.00720761,-1.00605,0.00617929,0.00494752,0.00588501,0.00333817,-1.00605,0.00501423,1.82407,1.09593,0.000488826,0.150955,0.000617929,0.000824587,0.00024717,0.000546677,0.150955,0.342322,5.26234e-07,2.45157,0.249731
2027.2083,274.563,273.88,0.647536,0.395727,0.237802,0.00135155,0.00139184,0.00151891,-4.02899e-05,8.68301e-09,2.34308e-06,0.000580286,5.92873e-12,5.1152e-07,7.44913e-05,1.49672e-17,-2.55467e-05,3.45052e-06,6.05169e-06,1.65003e-21,1.00848e-06,2.92723e-07,5.14615,82.5487,2.71927,0.388405,75.3703,0.241021,3.22174,0.00241366,0.241021,1.64375,0.0583706,-0.324917,0.611349,0.00735214,-1.00534,0.00602556,0.00494041,0.0057386,0.00334709,-1.00534,0.00499079,1.82409,1.09594,0.000496941,0.150978,0.000602556,0.000823401,0.000241021,0.00054812,0.150978,0.756774,5.11526e-07,2.42688,0.243435
2027.2917,285.759,284.377,2.04721,0.237913,1.45702,0.00733914,0.00283857,0.00250415,0.00450057,1.21819e-07,2.17586e-05,0.000578425,7.00383e-10,5.39578e-07,8.88689e-06,1.23673e-17,3.93197e-05,2.76264e-05,1.37879e-06,1.36924e-21,3.01502e-06,2.04723e-06,5.15187,82.5117,2.71965,0.329237,75.3912,0.239851,3.22375,0.00244007,0.239851,1.63944,0.0584102,-0.326621,0.609147,0.00606909,-1.00359,0.00599631,0.00494332,0.00571074,0.00333822,-1.00359,0.00499391,1.8241,1.09598,0.000409031,0.151035,0.000599631,0.000823887,0.000239851,0.000546684,0.151035,1.99066,5.40278e-07,2.43222,0.242291
2027.3750,292.089,290.443,2.14445,0.125954,1.97007,0.00866777,0.00352457,0.00162854,0.00514321,1.80161e-07,2.95757e-05,0.000593937,2.88492e-09,6.06552e-07,2.77154e-07,1.27934e-17,3.14759e-05,4.02786e-05,3.02278e-08,1.41669e-21,2.05943e-06,2.96938e-06,5.24606,82.5748,2.74137,0.303324,75.3904,0.248562,3.24066,0.00279836,0.248562,1.63505,0.0591601,-0.326433,0.609168,0.00554449,-1.00364,0.00621408,0.00496696,0.00591814,0.00332921,-1.00364,0.00504868,1.82412,1.09598,0.000373923,0.151032,0.000621408,0.000827826,0.000248562,0.000545219,0.151032,2.31241,6.09437e-07,2.50469,0.25136
2027.4583,296.968,295.613,2.23236,0.137694,1.76401,0.00703743,0.00407894,0.00173941,0.00295849,1.42346e-07,2.49873e-05,0.000610761,4.60292e-09,6.74928e-07,1.68686e-06,1.33616e-17,3.25162e-05,3.24988e-05,1.62591e-07,1.47941e-21,2.23889e-06,2.40471e-06,5.33313,82.6424,2.76492,0.288774,75.3888,0.258003,3.25901,0.00316705,0.258003,1.63169,0.059926,-0.326177,0.609056,0.0052578,-1.00374,0.0064501,0.00499273,0.00614292,0.00332238,-1.00374,0.00510468,1.82414,1.09596,0.000353827,0.151027,0.00064501,0.000832122,0.000258003,0.000544098,0.151027,2.2006,6.79531e-07,2.56821,0.26117
2027.5417,289.283,289.194,2.28446,0.265984,0.864121,0.00559139,0.00360421,0.00257436,0.00198718,1.09636e-07,2.06044e-05,0.000620802,1.7007e-09,7.15695e-07,3.93905e-05,1.26521e-17,6.31186e-05,2.59602e-05,4.71365e-06,1.40214e-21,3.52057e-06,1.93023e-06,5.38135,82.6597,2.78042,0.269367,75.3837,0.263573,3.27191,0.00339167,0.263573,1.6253,0.0604032,-0.326431,0.609116,0.00487568,-1.00413,0.00658935,0.00501108,0.00627554,0.00330935,-1.00413,0.00513973,1.82415,1.09599,0.00032725,0.151011,0.000658935,0.000835179,0.000263573,0.000541969,0.151011,1.69704,7.17396e-07,2.60093,0.266965
2027.6250,284.334,284.567,2.29245,0.279638,0.481604,0.00282981,0.00280126,0.00222412,2.85447e-05,4.04521e-08,9.94127e-06,0.00062256,2.89536e-10,7.25067e-07,3.35757e-05,1.18156e-17,6.32547e-05,1.07779e-05,4.0135e-06,1.31175e-21,3.12116e-06,8.26908e-07,5.39409,82.6321,2.7858,0.249538,75.3719,0.264425,3.27781,0.00344716,0.264425,1.61659,0.0605523,-0.327382,0.609408,0.00447377,-1.00511,0.00661067,0.00501978,0.00629584,0.00329158,-1.00511,0.00515094,1.82417,1.09606,0.000301153,0.150978,0.000661067,0.00083663,0.000264425,0.000539068,0.150978,0.97908,7.25357e-07,2.60829,0.267873
2027.7083,266.948,268.269,0.760519,0.265491,0.0177108,0.000158401,0.00107921,0.000451393,-0.000920808,1.09398e-10,5.88734e-08,0.000613531,1.07987e-13,7.02354e-07,2.39114e-06,1.24461e-17,1.5673e-05,1.71508e-06,3.08505e-07,1.38195e-21,6.27542e-07,1.70796e-07,5.36399,82.5934,2.77793,0.251261,75.3639,0.259143,3.27444,0.00329248,0.259143,1.61427,0.0602903,-0.327666,0.61005,0.0045076,-1.0058,0.00647859,0.00501563,0.00617006,0.00328692,-1.0058,0.0051323,1.82419,1.09611,0.000304952,0.150957,0.00064786,0.000835938,0.000259143,0.000538292,0.150957,0.428719,7.02354e-07,2.58606,0.262435
2027.7917,266.09,266.485,0,0.256518,0,0,0.00091596,2.08201e-05,-0.00091596,0,0,0.000602281,0,6.62443e-07,1.78752e-34,1.40362e-17,1.20114e-06,1.64787e-06,4.52952e-35,1.55749e-21,3.07206e-08,1.64787e-07,5.33043,82.5898,2.76719,0.277073,75.3629,0.252606,3.26898,0.00310021,0.252606,1.61938,0.0599425,-0.327382,0.610229,0.00504413,-1.00589,0.00631518,0.0050085,0.00601443,0.00329756,-1.00589,0.00510746,1.8242,1.09611,0.000341792,0.150955,0.000631518,0.00083475,0.000252606,0.000539997,0.150955,0.25117,6.62443e-07,2.56324,0.255706
2027.8750,263.215,263.689,0,0.256339,0,0,0.000725203,6.46589e-06,-0.000725203,0,0,0.00059131,0,6.20881e-07,0,1.51307e-17,3.91924e-07,1.60631e-06,0,1.67801e-21,9.72845e-09,1.60631e-07,5.2991,82.5908,2.75662,0.304131,75.3627,0.246235,3.26352,0.00291921,0.246235,1.62482,0.0596016,-0.327098,0.610294,0.00561042,-1.00591,0.00615591,0.00500131,0.00586274,0.00330884,-1.00591,0.00508306,1.82422,1.09611,0.000380059,0.150955,0.000615591,0.000833552,0.000246235,0.000541812,0.150955,0.151744,6.20881e-07,2.54248,0.249154
2027.9583,263.852,264.079,0,0.256339,0,0,0.000737524,1.84209e-06,-0.000737524,0,0,0.000580434,0,5.81442e-07,0,1.61039e-17,1.30235e-07,1.56514e-06,0,1.78498e-21,3.05309e-09,1.56514e-07,5.26919,82.5933,2.74605,0.331119,75.3627,0.239924,3.25798,0.00274604,0.239924,1.63036,0.059262,-0.326818,0.610342,0.00617639,-1.00592,0.00599813,0.00499394,0.00571247,0.00332029,-1.00592,0.00505872,1.82423,1.09611,0.00041824,0.150955,0.000599813,0.000832324,0.000239924,0.000543657,0.150955,0.230722,5.81442e-07,2.52314,0.24267
2028.0417,266.839,266.944,0,0.256339,0,0,0.000793421,1.39476e-06,-0.000793421,0,0,0.000570334,0,5.48782e-07,0,1.65353e-17,9.81951e-08,1.52693e-06,0,1.83186e-21,2.28591e-09,1.52693e-07,5.23973,82.5942,2.73614,0.356231,75.3626,0.234067,3.25272,0.00259073,0.234067,1.63562,0.0589449,-0.326558,0.610384,0.00670384,-1.00592,0.00585171,0.00498688,0.00557303,0.00333115,-1.00592,0.00503597,1.82425,1.09611,0.000453823,0.150954,0.000585171,0.000831147,0.000234067,0.000545411,0.150954,0.165843,5.48782e-07,2.50359,0.236658
2028.1250,269.372,269.383,0,0.25634,0,0,0.000956186,1.40448e-06,-0.000956186,0,0,0.000560479,0,5.27372e-07,0,1.65888e-17,9.68796e-08,1.48968e-06,0,1.83687e-21,2.25662e-09,1.48968e-07,5.20751,82.5917,2.72639,0.380759,75.3626,0.228356,3.24746,0.00244434,0.228356,1.64087,0.0586338,-0.326304,0.610425,0.00721982,-1.00592,0.00570892,0.00497978,0.00543704,0.00334197,-1.00592,0.00501361,1.82426,1.09611,0.000488648,0.150954,0.000570892,0.000829963,0.000228356,0.000547162,0.150954,0.536949,5.27372e-07,2.48111,0.2308
2028.2083,272.151,271.563,0.496965,0.358511,0.14016,0.000864989,0.00116976,0.00119526,-0.000304775,4.65181e-09,1.17727e-06,0.000550583,1.52294e-12,5.09209e-07,3.70214e-05,1.58967e-17,-2.89643e-05,2.39594e-06,4.35061e-06,1.76008e-21,6.65295e-07,2.12976e-07,5.17444,82.5825,2.71652,0.394163,75.3681,0.222625,3.24208,0.00230242,0.222625,1.64574,0.0583197,-0.326267,0.61003,0.00749265,-1.00546,0.00556565,0.00497243,0.00530059,0.00335198,-1.00546,0.00499101,1.82428,1.09611,0.000505757,0.15097,0.000556565,0.000828739,0.000222625,0.000548783,0.15097,0.566781,5.0921e-07,2.45792,0.224927
2028.2917,284.926,283.33,1.91384,0.277777,1.24206,0.00681121,0.00272428,0.00270326,0.00408692,1.31023e-07,2.1421e-05,0.000552251,4.76133e-10,5.31675e-07,2.472e-05,1.26433e-17,3.77943e-05,2.80341e-05,3.73838e-06,1.40436e-21,3.14696e-06,2.06613e-06,5.17583,82.5408,2.71947,0.330165,75.393,0.223543,3.24473,0.00235072,0.223543,1.64181,0.0583705,-0.327484,0.608079,0.0060914,-1.00337,0.00558861,0.00497619,0.00532245,0.00334388,-1.00337,0.00499471,1.82429,1.09615,0.000409994,0.151038,0.000558861,0.000829365,0.000223543,0.000547474,0.151038,1.84245,5.32151e-07,2.45636,0.225894
2028.3750,290.821,289.416,2.06884,0.1998,2.11886,0.0102913,0.00399616,0.00237438,0.00629518,2.55099e-07,3.54995e-05,0.000581683,3.61325e-09,6.05663e-07,6.99625e-06,1.18242e-17,4.95826e-05,5.48587e-05,8.79134e-07,1.31447e-21,3.10798e-06,4.01529e-06,5.27772,82.5973,2.75356,0.293078,75.3915,0.240388,3.26714,0.00283958,0.240388,1.63498,0.0593013,-0.327604,0.607888,0.00534107,-1.00346,0.00600974,0.00500742,0.00572353,0.00332983,-1.00346,0.00506222,1.82431,1.09615,0.000359535,0.151032,0.000600974,0.00083457,0.000240388,0.000545196,0.151032,2.85897,6.09277e-07,2.52416,0.243228
2028.4583,296.142,294.708,2.2734,0.16867,2.24961,0.00846827,0.00458151,0.00219955,0.00388676,1.91934e-07,2.95739e-05,0.000620147,5.56094e-09,6.98996e-07,7.5348e-06,1.20666e-17,5.45848e-05,4.35706e-05,9.50004e-07,1.34163e-21,2.99577e-06,3.20016e-06,5.40693,82.6862,2.79814,0.267641,75.3842,0.262385,3.2965,0.00345297,0.262385,1.62737,0.0605196,-0.327654,0.607725,0.00483411,-1.00405,0.00655966,0.00504849,0.00624727,0.00331426,-1.00405,0.00515073,1.82432,1.09614,0.000325397,0.151011,0.000655967,0.000841415,0.000262385,0.000542658,0.151011,2.74895,7.04557e-07,2.60878,0.265838
2028.5417,288.823,288.631,2.38324,0.235087,0.987531,0.00577139,0.00373209,0.00222838,0.0020393,1.18719e-07,2.126e-05,0.000640691,1.50458e-09,7.47936e-07,2.19013e-05,1.19242e-17,5.93719e-05,2.86375e-05,2.88398e-06,1.32583e-21,3.08397e-06,2.11926e-06,5.46892,82.7189,2.82312,0.253504,75.3756,0.274079,3.31377,0.00375918,0.274079,1.62088,0.061176,-0.327745,0.607991,0.00454989,-1.00476,0.00685201,0.00507302,0.0065257,0.00330107,-1.00476,0.00519858,1.82434,1.09615,0.000306718,0.150987,0.000685202,0.000845503,0.000274079,0.000540496,0.150987,1.64865,7.49441e-07,2.6458,0.277839
2028.6250,284.723,284.895,2.41785,0.205448,0.544645,0.00303389,0.00300172,0.00179701,3.21694e-05,4.6691e-08,1.05764e-05,0.000647262,3.16204e-10,7.55534e-07,2.10491e-06,1.1896e-17,4.96621e-05,1.24913e-05,4.68444e-07,1.32249e-21,2.47127e-06,9.50775e-07,5.48495,82.7075,2.83264,0.242928,75.3653,0.277747,3.32137,0.00383309,0.277747,1.61431,0.0613943,-0.327818,0.608802,0.00433462,-1.00564,0.00694371,0.00508423,0.00661303,0.00328774,-1.00564,0.00521472,1.82436,1.0962,0.000293071,0.150959,0.000694372,0.000847371,0.000277747,0.000538307,0.150959,0.918867,7.55851e-07,2.65231,0.28158
2028.7083,274.124,274.961,1.70461,0.309678,0.0674383,0.000553708,0.00171473,0.00122422,-0.00116102,1.38127e-09,6.84849e-07,0.000639014,1.37343e-12,7.2816e-07,4.7191e-06,1.1768e-17,3.4415e-05,2.0964e-06,9.95981e-07,1.30756e-21,1.65332e-06,2.00419e-07,5.45168,82.6606,2.82562,0.240545,75.3577,0.272913,3.31853,0.00366916,0.272913,1.61061,0.0611448,-0.327673,0.609909,0.00428489,-1.00629,0.00682285,0.00508095,0.00649792,0.00328029,-1.00629,0.00519705,1.82437,1.09625,0.000290289,0.150939,0.000682285,0.000846825,0.000272913,0.000537073,0.150939,0.470097,7.28161e-07,2.62607,0.276582
2028.7917,257.524,258.916,0,0.172295,0,0,0.000738222,2.89216e-05,-0.000738222,0,0,0.000627222,0,6.87839e-07,3.2815e-19,1.39117e-17,1.57188e-06,1.73559e-06,8.18269e-20,1.54465e-21,4.24868e-08,1.7356e-07,5.4165,82.645,2.81452,0.259775,75.3551,0.266054,3.31302,0.00345556,0.266054,1.61365,0.0607838,-0.327398,0.61038,0.00468225,-1.00653,0.00665137,0.0050739,0.00633461,0.00328669,-1.00653,0.00517132,1.82439,1.09627,0.000318047,0.150933,0.000665137,0.000845649,0.000266054,0.000538086,0.150933,0.173024,6.87839e-07,2.60198,0.269509
2028.8750,254.444,255.368,0,0.161848,0,0,0.000586299,1.31806e-06,-0.000586299,0,0,0.000615678,0,6.41398e-07,0,1.58334e-17,1.04328e-07,1.69182e-06,0,1.75707e-21,2.40247e-09,1.69182e-07,5.38665,82.6491,2.80355,0.288271,75.355,0.259344,3.30749,0.00325381,0.259344,1.61917,0.0604287,-0.327101,0.610436,0.00527771,-1.00654,0.00648362,0.00506673,0.00617485,0.00329818,-1.00654,0.00514597,1.82441,1.09627,0.000358185,0.150933,0.000648362,0.000844455,0.000259344,0.000539927,0.150933,0.118119,6.41398e-07,2.5831,0.262597
2028.9583,258.695,259.11,0,0.162199,0,0,0.000690284,2.53853e-07,-0.000690284,0,0,0.000604235,0,5.97656e-07,0,1.71777e-17,2.15508e-08,1.64846e-06,0,1.90523e-21,4.86019e-10,1.64846e-07,5.35632,82.6527,2.79259,0.316629,75.355,0.252696,3.30188,0.0030608,0.252696,1.62479,0.0600749,-0.326807,0.61048,0.00587126,-1.00654,0.00631744,0.00505938,0.00601658,0.00330983,-1.00654,0.00512069,1.82442,1.09627,0.000398163,0.150933,0.000631744,0.00084323,0.000252696,0.000541798,0.150933,0.140893,5.97656e-07,2.56373,0.255757
2029.0417,260.373,260.488,0,0.162084,0,0,0.000747408,1.02183e-07,-0.000747408,0,0,0.00059361,0,5.60316e-07,0,1.36437e-17,8.98593e-09,1.60822e-06,0,1.51252e-21,1.97803e-10,1.60822e-07,5.32648,82.6546,2.78232,0.34299,75.355,0.246528,3.29654,0.00288768,0.246528,1.63012,0.0597447,-0.326535,0.61052,0.00642374,-1.00654,0.00616323,0.00505233,0.00586971,0.00332087,-1.00654,0.00509706,1.82444,1.09627,0.00043539,0.150933,0.000616323,0.000842055,0.000246528,0.000543576,0.150933,0.153493,5.60316e-07,2.54416,0.249415
2029.1250,267.019,266.941,0,0.2237,0,0,0.000973265,8.57079e-05,-0.000973265,0,0,0.000583241,0,5.32785e-07,2.33251e-07,9.44812e-18,-4.74897e-06,1.56898e-06,1.27321e-08,1.04692e-21,2.96332e-08,1.56898e-07,5.29316,82.6519,2.77221,0.367933,75.3554,0.240512,3.29122,0.00272451,0.240512,1.63542,0.0594209,-0.326297,0.610509,0.0069471,-1.00651,0.00601284,0.00504523,0.00572648,0.00333183,-1.00651,0.00507384,1.82445,1.09627,0.000470452,0.150934,0.000601284,0.000840871,0.000240512,0.000545344,0.150934,0.503418,5.32785e-07,2.52095,0.243237
2029.2083,271.63,270.71,0.843276,0.281397,0.158656,0.00104932,0.00118241,0.000939967,-0.000133089,5.54728e-09,1.43254e-06,0.000572838,1.61161e-12,5.33406e-07,1.95881e-06,8.21442e-18,-2.41959e-05,2.66899e-06,3.63375e-07,9.10103e-22,4.86746e-07,2.34972e-07,5.25787,82.6394,2.76199,0.377548,75.3638,0.234481,3.28577,0.00256652,0.234481,1.64022,0.0590945,-0.326155,0.610076,0.00713977,-1.00581,0.00586205,0.0050379,0.00558288,0.00334172,-1.00581,0.00505042,1.82447,1.09627,0.000480852,0.150957,0.000586205,0.00083965,0.000234481,0.000546943,0.150957,1.04602,5.33407e-07,2.49588,0.237047
2029.2917,287.992,285.432,2.01219,0.148978,1.48839,0.00687295,0.00294292,0.001842,0.00393003,1.27669e-07,2.19225e-05,0.000572587,8.40893e-10,5.58056e-07,3.58319e-07,6.80707e-18,1.67314e-05,2.76814e-05,8.87001e-08,7.54433e-22,1.92164e-06,2.04646e-06,5.25907,82.6203,2.76361,0.336695,75.385,0.23426,3.28817,0.00259536,0.23426,1.63954,0.0591251,-0.325958,0.609373,0.00623421,-1.00403,0.00585654,0.0050414,0.00557763,0.00334034,-1.00403,0.00505278,1.82448,1.09629,0.000419418,0.151016,0.000585654,0.000840234,0.00023426,0.000546717,0.151016,1.86188,5.58897e-07,2.49546,0.236856
2029.3750,294.975,293.007,2.12918,0.157845,2.21253,0.00949255,0.00422684,0.00213103,0.00526571,2.17932e-07,3.23326e-05,0.000594884,5.07728e-09,6.32655e-07,1.18739e-06,6.24695e-18,3.51442e-05,4.7015e-05,2.49288e-07,6.9268e-22,2.63861e-06,3.45444e-06,5.34978,82.6816,2.79189,0.307986,75.3882,0.246912,3.30848,0.00302382,0.246912,1.63557,0.0599429,-0.325752,0.609068,0.00564722,-1.00374,0.00617284,0.00506979,0.00587887,0.00333219,-1.00374,0.00511232,1.8245,1.09627,0.000379543,0.151024,0.000617284,0.000844965,0.000246912,0.000545392,0.151024,2.78701,6.37733e-07,2.55789,0.249936
2029.4583,293.957,292.93,2.29483,0.179138,1.99494,0.00933244,0.00445916,0.00214471,0.00487328,2.16828e-07,3.30753e-05,0.000626157,5.25875e-09,7.18222e-07,8.22045e-06,1.13246e-17,4.28009e-05,4.88961e-05,1.45547e-06,1.25642e-21,2.78599e-06,3.59458e-06,5.47284,82.7734,2.83107,0.284169,75.3865,0.264671,3.33633,0.00359552,0.264671,1.62986,0.0610549,-0.325693,0.608602,0.00518045,-1.00385,0.0066168,0.00510883,0.00630168,0.00332056,-1.00385,0.00519336,1.82452,1.09625,0.000346594,0.151017,0.00066168,0.000851471,0.000264671,0.000543491,0.151017,2.66803,7.23481e-07,2.64177,0.268266
2029.5417,293.678,292.789,2.41236,0.136437,1.40223,0.00563801,0.00405286,0.00158042,0.00158515,1.09191e-07,2.04179e-05,0.000648261,2.65116e-09,7.71251e-07,7.55958e-08,1.30477e-17,3.38851e-05,2.62369e-05,2.53021e-08,1.44756e-21,2.0653e-06,1.94965e-06,5.55436,82.8317,2.85987,0.270302,75.3823,0.277165,3.35754,0.00398233,0.277165,1.62472,0.0618414,-0.325521,0.608594,0.00490803,-1.00418,0.00692915,0.00513887,0.00659916,0.00331013,-1.00418,0.00525085,1.82453,1.09624,0.000327762,0.151004,0.000692915,0.000856479,0.000277165,0.000541775,0.151004,1.69827,7.73902e-07,2.69448,0.281147
2029.6250,287.979,287.876,2.37798,0.112271,0.308056,0.00129464,0.00260182,0.000967516,-0.00130718,3.11203e-09,1.61835e-06,0.000645492,3.77371e-11,7.60179e-07,4.17213e-10,1.33511e-17,1.64168e-05,2.4972e-06,1.24809e-10,1.4807e-21,1.16455e-06,2.29345e-07,5.53316,82.8099,2.85951,0.272122,75.3807,0.275447,3.3593,0.00391314,0.275447,1.62387,0.0617841,-0.325229,0.609028,0.00494876,-1.0043,0.0068862,0.00514205,0.00655825,0.00330858,-1.0043,0.00524712,1.82455,1.09626,0.000330167,0.151,0.00068862,0.000857008,0.000275447,0.000541492,0.151,0.507921,7.60217e-07,2.67364,0.27936
2029.7083,271.877,273.082,0.928686,0.146851,0.0394861,0.000318846,0.00140896,0.000685939,-0.00109011,2.62063e-10,1.50327e-07,0.000633914,2.73796e-13,7.24491e-07,3.31007e-08,1.32754e-17,1.30955e-05,1.81211e-06,1.03842e-08,1.47191e-21,8.24517e-07,1.79475e-07,5.48757,82.7706,2.84869,0.277493,75.381,0.268709,3.35399,0.00369118,0.268709,1.62458,0.0614293,-0.324959,0.609517,0.00506106,-1.00428,0.00671775,0.00513535,0.00639783,0.00331022,-1.00428,0.00522183,1.82457,1.0963,0.000337484,0.151,0.000671775,0.000855891,0.000268709,0.00054173,0.151,0.366041,7.24491e-07,2.63888,0.2724
2029.7917,264.143,264.987,0,0.0605031,0,0,0.000875598,2.86566e-05,-0.000875598,0,0,0.00062226,0,6.78387e-07,0,1.39295e-17,1.33584e-06,1.70873e-06,0,1.54353e-21,3.67441e-08,1.70873e-07,5.45261,82.7626,2.83761,0.3001,75.3807,0.261935,3.34839,0.00347574,0.261935,1.62917,0.0610707,-0.324665,0.609723,0.00552919,-1.00431,0.0065484,0.00512818,0.00623654,0.0033198,-1.00431,0.00519625,1.82459,1.09631,0.00036985,0.151,0.00065484,0.000854696,0.000261935,0.000543259,0.151,0.127563,6.78387e-07,2.615,0.265411
2029.8750,264.406,265.012,0,0.0533915,0,0,0.000741591,1.76939e-05,-0.000741591,0,0,0.000610887,0,6.32882e-07,0,1.43138e-17,7.74219e-07,1.66563e-06,0,1.58523e-21,2.1064e-08,1.66563e-07,5.42109,82.7642,2.8267,0.327878,75.3805,0.255329,3.3428,0.00327282,0.255329,1.63473,0.060719,-0.324372,0.609796,0.0061094,-1.00433,0.00638325,0.00512093,0.00607925,0.00333137,-1.00433,0.00517112,1.8246,1.09631,0.000409152,0.150999,0.000638325,0.000853488,0.000255329,0.000545114,0.150999,0.111495,6.32882e-07,2.59439,0.258601
2029.9583,265.774,266.102,0,0.0533915,0,0,0.000809093,1.39416e-05,-0.000809093,0,0,0.000599613,0,5.8934e-07,0,1.4669e-17,4.9756e-07,1.62294e-06,0,1.62368e-21,1.42153e-08,1.62294e-07,5.39033,82.7666,2.81579,0.355493,75.3804,0.248784,3.33713,0.00307867,0.248784,1.64038,0.0603686,-0.324083,0.609857,0.00668715,-1.00434,0.00621964,0.00511349,0.00592344,0.0033431,-1.00434,0.00514605,1.82462,1.09631,0.000448268,0.150999,0.000621964,0.000852249,0.000248784,0.000546998,0.150999,0.118252,5.8934e-07,2.57454,0.251863
2030.0417,265.309,265.68,0,0.0533915,0,0,0.000745137,1.16346e-05,-0.000745137,0,0,0.000589145,0,5.51136e-07,0,1.50241e-17,3.8307e-07,1.58332e-06,0,1.66212e-21,1.10282e-08,1.58332e-07,5.36109,82.7684,2.80557,0.381172,75.3804,0.242711,3.33174,0.00290455,0.242711,1.64576,0.0600416,-0.323814,0.609909,0.00722513,-1.00434,0.00606781,0.00510636,0.00577884,0.00335423,-1.00434,0.00512262,1.82463,1.0963,0.000484701,0.150999,0.000606781,0.00085106,0.000242711,0.000548789,0.150999,0.101869,5.51136e-07,2.55552,0.245616
2030.1250,267.643,267.806,0,0.0533915,0,0,0.000935394,1.13393e-05,-0.000935394,0,0,0.000578929,0,5.24103e-07,0,1.53143e-17,3.31246e-07,1.54469e-06,0,1.69337e-21,9.74275e-09,1.54469e-07,5.32977,82.7675,2.79551,0.40628,75.3803,0.236789,3.32636,0.00274043,0.236789,1.65113,0.0597207,-0.323552,0.609957,0.00775199,-1.00435,0.00591975,0.00509918,0.00563783,0.00336532,-1.00435,0.0050996,1.82465,1.0963,0.000520382,0.150999,0.000591975,0.000849863,0.000236789,0.000550578,0.150999,0.424874,5.24103e-07,2.53426,0.239529
2030.2083,276.42,275.538,1.25012,0.34552,0.398266,0.00221523,0.00161798,0.00219123,0.000597247,1.88154e-08,4.12137e-06,0.000569205,2.91799e-11,5.12755e-07,7.04442e-05,1.391e-17,-1.69188e-05,5.41119e-06,5.68738e-06,1.54233e-21,1.7556e-06,4.31521e-07,5.29475,82.7325,2.78591,0.385282,75.399,0.231155,3.3212,0.00258948,0.231155,1.65342,0.0594123,-0.324903,0.607822,0.00727437,-1.00278,0.00577889,0.00509225,0.00550368,0.00337007,-1.00278,0.00507743,1.82466,1.09632,0.000485784,0.151051,0.000577889,0.000848708,0.000231155,0.000551344,0.151051,0.912953,5.12785e-07,2.50884,0.233744
2030.2917,287.2,285.924,2.02198,0.181309,1.45053,0.00745718,0.00318521,0.00213194,0.00427197,1.52844e-07,2.40346e-05,0.000576507,1.09895e-09,5.46194e-07,1.01225e-06,1.27718e-17,3.25729e-05,3.32916e-05,1.71422e-07,1.41909e-21,2.57675e-06,2.44762e-06,5.31006,82.7103,2.79488,0.340118,75.4106,0.23532,3.32744,0.0027047,0.23532,1.64951,0.0596024,-0.325367,0.607155,0.00630113,-1.00179,0.00588302,0.00510108,0.00560285,0.00336201,-1.00179,0.00509123,1.82468,1.09636,0.000421469,0.151082,0.000588302,0.000850181,0.00023532,0.000550039,0.151082,1.96653,5.47293e-07,2.51519,0.238024
2030.3750,293.349,291.762,2.19476,0.13254,1.88329,0.0085955,0.00394458,0.00166174,0.00465092,1.9823e-07,2.97504e-05,0.000609019,3.69211e-09,6.12258e-07,3.61089e-08,1.3063e-17,2.80994e-05,4.41998e-05,8.61329e-09,1.45181e-21,2.08368e-06,3.24162e-06,5.40845,82.7821,2.8316,0.316598,75.4112,0.253963,3.35095,0.00319939,0.253963,1.64583,0.0605441,-0.325117,0.606852,0.00582807,-1.0017,0.0063491,0.00513395,0.00604673,0.00335447,-1.0017,0.00515952,1.82469,1.09634,0.000389393,0.151081,0.00063491,0.000855658,0.000253963,0.000548811,0.151081,2.25632,6.15951e-07,2.57684,0.257162
2030.4583,297.074,295.4,2.29519,0.120306,1.1435,0.00459569,0.00356233,0.00148509,0.00103336,8.72812e-08,1.65892e-05,0.000627855,2.25233e-09,6.53864e-07,9.66722e-08,1.35053e-17,2.39514e-05,2.0903e-05,2.21001e-08,1.50098e-21,1.85602e-06,1.55576e-06,5.45584,82.8178,2.85369,0.306743,75.4114,0.264716,3.36569,0.0034667,0.264716,1.64385,0.0610913,-0.324846,0.606721,0.00563662,-1.00165,0.00661793,0.00515485,0.00630276,0.00335051,-1.00165,0.00519932,1.82471,1.09633,0.000375598,0.15108,0.000661793,0.000859141,0.000264716,0.000548152,0.15108,1.58323,6.56116e-07,2.60214,0.268183
2030.5417,290.507,290.47,2.34254,0.162261,0.91111,0.00494717,0.003476,0.00175319,0.00147117,9.93536e-08,1.87701e-05,0.000636755,1.76942e-09,6.79307e-07,1.15483e-06,1.3464e-17,3.28849e-05,2.38745e-05,2.42423e-07,1.49681e-21,2.27372e-06,1.77138e-06,5.46735,82.8117,2.86511,0.293715,75.4104,0.269759,3.37397,0.00357466,0.269759,1.6402,0.0613488,-0.324602,0.606997,0.00538559,-1.00168,0.006744,0.00516688,0.00642283,0.00334313,-1.00168,0.00521819,1.82473,1.09635,0.000357336,0.151075,0.0006744,0.000861146,0.000269759,0.000546937,0.151075,1.36285,6.81077e-07,2.60223,0.273333
2030.6250,285.613,285.721,2.36571,0.16517,0.47105,0.00268345,0.00279332,0.00149222,-0.000109874,4.00746e-08,9.86086e-06,0.000641181,2.75758e-10,6.77473e-07,1.14615e-07,1.34664e-17,2.85914e-05,1.08102e-05,3.50039e-08,1.49705e-21,1.9266e-06,8.27005e-07,5.47213,82.8041,2.87169,0.286199,75.4084,0.272221,3.37932,0.00361111,0.272221,1.63733,0.0614753,-0.324336,0.607418,0.00524107,-1.00181,0.00680556,0.00517486,0.00648145,0.00333734,-1.00181,0.0052276,1.82474,1.09637,0.000347103,0.151068,0.000680556,0.000862477,0.000272221,0.00054598,0.151068,0.83148,6.77749e-07,2.60044,0.275832
2030.7083,272.883,273.859,1.31857,0.185549,0.0660265,0.000415378,0.00147411,0.000747002,-0.00105873,1.2142e-09,5.48259e-07,0.000633079,1.33736e-12,6.51222e-07,1.69946e-08,1.35458e-17,1.39874e-05,2.01946e-06,5.36378e-09,1.50558e-21,9.16554e-07,1.93962e-07,5.43968,82.7694,2.86456,0.286606,75.4067,0.267483,3.37621,0.00345632,0.267483,1.63644,0.0612237,-0.324058,0.60806,0.00525368,-1.00193,0.00668711,0.00517111,0.00636864,0.00333563,-1.00193,0.00520971,1.82476,1.09641,0.000347958,0.151062,0.000668711,0.000861851,0.000267483,0.000545683,0.151062,0.307188,6.51224e-07,2.57512,0.270939
2030.7917,263.095,264.298,0.337876,0.0921515,0.00171799,8.34131e-06,0.000867116,0.000135433,-0.000858775,0,0,0.000621489,0,6.12741e-07,1.20926e-19,1.41221e-17,2.4742e-06,1.70099e-06,2.73675e-20,1.5688e-21,1.48114e-07,1.70099e-07,5.40313,82.7553,2.8535,0.304377,75.4073,0.260749,3.37059,0.0032548,0.260749,1.64043,0.0608671,-0.323774,0.608276,0.00562058,-1.00188,0.00651875,0.0051638,0.0062083,0.00334396,-1.00188,0.00518425,1.82478,1.09643,0.000373453,0.151064,0.000651875,0.000860633,0.000260749,0.000547013,0.151064,0.142233,6.12741e-07,2.54964,0.264003
2030.8750,261.002,261.657,0,0.0638898,0,0,0.000699238,5.18332e-06,-0.000699238,0,0,0.000610164,0,5.70742e-07,0,1.48036e-17,3.18865e-07,1.65809e-06,0,1.64362e-21,7.72393e-09,1.65809e-07,5.3731,82.758,2.84259,0.331719,75.4072,0.254172,3.36496,0.00306477,0.254172,1.646,0.0605169,-0.323485,0.608343,0.00619391,-1.00189,0.00635434,0.00515641,0.00605172,0.0033555,-1.00189,0.00515922,1.82479,1.09643,0.000412249,0.151064,0.000635434,0.000859401,0.000254172,0.000548868,0.151064,0.0851353,5.70742e-07,2.53051,0.257237
2030.9583,263.312,263.625,0,0.0638841,0,0,0.000784774,2.07108e-06,-0.000784774,0,0,0.000598938,0,5.34229e-07,0,1.52925e-17,1.49414e-07,1.61559e-06,0,1.697e-21,3.46191e-09,1.61559e-07,5.34248,82.7608,2.83168,0.359427,75.4072,0.247658,3.35925,0.00288297,0.247658,1.65171,0.0601679,-0.323198,0.60839,0.0067766,-1.0019,0.00619147,0.00514883,0.00589661,0.00336731,-1.0019,0.00513424,1.82481,1.09643,0.000451523,0.151064,0.000619147,0.000858139,0.000247658,0.000550771,0.151064,0.285418,5.34229e-07,2.5108,0.250541
2031.0417,263.01,263.453,0,0.0638861,0,0,0.000742183,1.72408e-06,-0.000742183,0,0,0.000588514,0,5.06876e-07,0,1.56328e-17,1.22899e-07,1.57615e-06,0,1.7339e-21,2.84351e-09,1.57615e-07,5.31184,82.7613,2.82147,0.385196,75.4071,0.241612,3.35382,0.00271992,0.241612,1.65713,0.0598422,-0.322932,0.608431,0.00731938,-1.0019,0.00604033,0.00514157,0.00575267,0.00337852,-1.0019,0.0051109,1.82483,1.09642,0.000488112,0.151064,0.000604033,0.000856929,0.000241612,0.000552579,0.151064,0.195235,5.06876e-07,2.49037,0.244332
2031.1250,267.994,267.971,0.0853145,0.153262,0.00313524,2.48883e-05,0.000957032,0.000148353,-0.000932143,0,0,0.000578341,0,4.85564e-07,5.3366e-07,1.58335e-17,-6.07857e-06,1.53769e-06,3.37955e-08,1.75536e-21,7.18664e-08,1.5377e-07,5.28032,82.7599,2.8114,0.40962,75.4075,0.235717,3.34841,0.00256623,0.235717,1.66252,0.0595228,-0.32269,0.608435,0.00783412,-1.00187,0.00589295,0.00513426,0.0056123,0.00338963,-1.00187,0.00508796,1.82484,1.09642,0.000522646,0.151065,0.000589295,0.000855711,0.000235717,0.000554376,0.151065,0.452559,4.85564e-07,2.46892,0.238283
2031.2083,278.18,277.018,1.94605,0.232474,0.464047,0.00249008,0.00167224,0.00163854,0.000817841,2.48431e-08,5.23716e-06,0.000569345,4.44353e-11,4.75548e-07,8.41315e-06,1.48553e-17,-1.24017e-05,6.55308e-06,1.26931e-06,1.64786e-21,1.34567e-06,5.11937e-07,5.247,82.7308,2.80242,0.394411,75.4242,0.23051,3.3435,0.00243195,0.23051,1.66518,0.0592289,-0.322719,0.607638,0.00747799,-1.00046,0.00576277,0.00512761,0.00548832,0.00339509,-1.00046,0.00506683,1.82486,1.09644,0.000495329,0.151111,0.000576277,0.000854601,0.00023051,0.000555262,0.151111,0.755954,4.75592e-07,2.44458,0.232942
2031.2917,288.195,286.536,1.98056,0.141582,1.10275,0.00565348,0.00280226,0.00164829,0.00285122,1.11871e-07,1.83929e-05,0.000575373,1.0798e-09,4.9388e-07,1.42501e-06,1.37515e-17,1.84896e-05,2.43452e-05,3.22879e-07,1.52636e-21,1.89406e-06,1.79259e-06,5.24583,82.7116,2.80828,0.365843,75.4357,0.234016,3.34656,0.00248497,0.234016,1.66423,0.0592989,-0.322547,0.607396,0.00684202,-0.999477,0.00585042,0.00513197,0.0055718,0.00339312,-0.999477,0.00507179,1.82487,1.09646,0.00045415,0.151141,0.000585042,0.000855328,0.000234016,0.000554946,0.151141,1.58888,4.9496e-07,2.43755,0.236501
2031.3750,296.298,294.436,2.17826,0.133762,1.5476,0.00632489,0.00365315,0.00187637,0.00267174,1.47597e-07,2.13925e-05,0.000606738,3.41638e-09,5.61683e-07,1.80416e-06,1.35885e-17,2.9672e-05,3.26446e-05,4.31652e-07,1.50958e-21,2.34272e-06,2.39646e-06,5.30697,82.744,2.83938,0.338053,75.4387,0.252193,3.36335,0.0028425,0.252193,1.66032,0.0600131,-0.3224,0.607087,0.00627999,-0.999165,0.00630486,0.00515542,0.0060046,0.00338508,-0.999165,0.00512327,1.82489,1.09646,0.000415413,0.151147,0.000630486,0.000859236,0.000252193,0.000553644,0.151147,2.03855,5.65099e-07,2.46759,0.255036
2031.4583,295.562,294.745,2.28693,0.163848,1.52602,0.00686134,0.00399804,0.00211213,0.0028633,1.60503e-07,2.46484e-05,0.000626831,4.71017e-09,6.08765e-07,4.72496e-06,1.36339e-17,3.66083e-05,3.65626e-05,1.04256e-06,1.51561e-21,2.73377e-06,2.67998e-06,5.33731,82.7505,2.85956,0.318315,75.4385,0.263826,3.37447,0.0030519,0.263826,1.65634,0.0604736,-0.322281,0.607093,0.00588984,-0.999114,0.00659567,0.00517112,0.00628156,0.00337691,-0.999114,0.00515659,1.8249,1.09647,0.000388332,0.151143,0.000659568,0.000861854,0.000263826,0.000552316,0.151143,2.20102,6.13475e-07,2.47775,0.266878
2031.5417,290.909,290.706,2.40122,0.181373,0.81978,0.00448042,0.0033579,0.00188836,0.00112252,8.97705e-08,1.6986e-05,0.000647865,1.4609e-09,6.52316e-07,5.59912e-06,1.35409e-17,3.72575e-05,2.19954e-05,1.32034e-06,1.50605e-21,2.49008e-06,1.6306e-06,5.37476,82.7637,2.88087,0.301234,75.4363,0.275986,3.38637,0.00326447,0.275986,1.65142,0.0609798,-0.32217,0.607163,0.00555677,-0.999236,0.00689968,0.00518802,0.00657109,0.00336684,-0.999236,0.00519324,1.82492,1.09648,0.000365033,0.151134,0.000689968,0.000864669,0.000275986,0.000550675,0.151134,1.39539,6.53777e-07,2.49388,0.27925
2031.6250,284.931,285.136,2.44477,0.177902,0.520974,0.00292576,0.00282487,0.0016666,0.00010089,4.85233e-08,1.06107e-05,0.00065587,3.09881e-10,6.57967e-07,3.99382e-07,1.3374e-17,3.61803e-05,1.29291e-05,1.19329e-07,1.48774e-21,2.21437e-06,9.78788e-07,5.38313,82.7505,2.88942,0.288659,75.432,0.280593,3.39149,0.00331467,0.280593,1.64667,0.0611548,-0.322006,0.607718,0.00530518,-0.999541,0.00701486,0.00519555,0.00668079,0.00335716,-0.999541,0.00520604,1.82494,1.09652,0.000348479,0.15112,0.000701486,0.000865926,0.000280593,0.000549094,0.15112,0.823063,6.58277e-07,2.49371,0.283908
2031.7083,272.815,273.779,2.26643,0.199545,0.0603098,0.00048821,0.00149787,0.000874893,-0.00100966,7.66881e-10,4.32686e-07,0.000648403,2.69832e-13,6.35031e-07,1.73903e-07,1.34716e-17,1.96002e-05,1.97831e-06,5.19824e-08,1.49822e-21,1.12998e-06,1.92542e-07,5.35322,82.7141,2.88266,0.287078,75.4289,0.276234,3.38836,0.00317738,0.276234,1.64486,0.0609121,-0.321739,0.6085,0.00527363,-0.999778,0.00690587,0.00519166,0.00657699,0.0033535,-0.999778,0.00518882,1.82495,1.09657,0.000347069,0.15111,0.000690587,0.000865277,0.000276234,0.000548488,0.15111,0.331946,6.35031e-07,2.47057,0.279411
2031.7917,264.708,265.628,0.113495,0.0941892,0.000517838,1.07478e-06,0.000941792,6.0807e-05,-0.000940717,0,0,0.000636468,0,5.979e-07,2.51128e-32,1.4389e-17,1.63534e-06,1.75673e-06,5.89813e-33,1.59933e-21,6.74886e-08,1.75673e-07,5.31765,82.703,2.87138,0.308227,75.4281,0.269293,3.38273,0.00299238,0.269293,1.649,0.0605482,-0.321449,0.608778,0.00571352,-0.999851,0.00673235,0.00518423,0.00641173,0.00336211,-0.999851,0.00516288,1.82497,1.09658,0.000377893,0.151108,0.000673235,0.000864039,0.000269293,0.000549871,0.151108,0.195588,5.979e-07,2.44627,0.272285
2031.8750,259.195,260.22,0,0.0377479,0,0,0.00067966,4.38913e-06,-0.00067966,0,0,0.000624781,0,5.59272e-07,0,1.49877e-17,2.67657e-07,1.71242e-06,0,1.66497e-21,6.46421e-09,1.71242e-07,5.2862,82.7052,2.86025,0.336434,75.428,0.262501,3.37708,0.00281768,0.262501,1.65462,0.0601903,-0.321153,0.608838,0.00630745,-0.999862,0.00656256,0.00517671,0.00625002,0.00337372,-0.999862,0.00513735,1.82499,1.09658,0.000418018,0.151108,0.000656256,0.000862785,0.000262501,0.000551743,0.151108,0.122392,5.59272e-07,2.42595,0.265319
2031.9583,258.323,259.214,0,0.0402652,0,0,0.000643776,1.32459e-06,-0.000643776,0,0,0.000613196,0,5.22394e-07,0,1.55881e-17,9.76418e-08,1.66853e-06,0,1.73075e-21,2.25248e-09,1.66853e-07,5.25598,82.7091,2.84911,0.364785,75.4279,0.255773,3.37135,0.00265053,0.255773,1.66035,0.0598339,-0.320858,0.608882,0.00690604,-0.999866,0.00639435,0.005169,0.00608983,0.00338555,-0.999866,0.00511188,1.82501,1.09658,0.000458325,0.151108,0.000639435,0.000861501,0.000255773,0.000553653,0.151108,0.118373,5.22394e-07,2.40687,0.258423
2032.0417,261.889,262.094,0,0.0407697,0,0,0.000741659,4.07162e-07,-0.000741659,0,0,0.000602438,0,4.92257e-07,0,1.62036e-17,3.41175e-08,1.6278e-06,0,1.79818e-21,7.7581e-10,1.6278e-07,5.22722,82.7121,2.83868,0.391149,75.4279,0.249529,3.36591,0.00250062,0.249529,1.6658,0.0595013,-0.320585,0.608921,0.00746354,-0.999868,0.00623826,0.00516163,0.00594117,0.00339676,-0.999868,0.00508807,1.82502,1.09658,0.000495869,0.151108,0.000623826,0.000860271,0.000249529,0.000555468,0.151108,0.207832,4.92257e-07,2.38855,0.25203
2032.1250,266.947,266.9,0.0874484,0.081886,0.0011784,8.62524e-06,0.000880943,0.000100635,-0.000872317,0,0,0.000591941,0,4.68436e-07,5.8808e-07,1.61906e-17,-5.01597e-06,1.58808e-06,3.47288e-08,1.79588e-21,4.78047e-08,1.58808e-07,5.19642,82.7123,2.82841,0.416459,75.4282,0.24344,3.36047,0.00235932,0.24344,1.67122,0.059175,-0.320326,0.60894,0.00799926,-0.999848,0.00608604,0.0051542,0.0057962,0.00340791,-0.999848,0.00506469,1.82504,1.09657,0.000531848,0.151109,0.000608605,0.000859034,0.00024344,0.000557276,0.151109,0.410361,4.68436e-07,2.36801,0.2458
2032.2083,276.95,275.792,1.93068,0.305273,0.43072,0.00262734,0.0016383,0.00188495,0.000989038,2.90488e-08,5.72559e-06,0.000582887,2.81061e-11,4.60396e-07,2.0834e-05,1.42829e-17,-1.35398e-05,7.59912e-06,3.58453e-06,1.58554e-21,1.56813e-06,5.87654e-07,5.16483,82.6862,2.81939,0.402341,75.4449,0.2382,3.35556,0.0022375,0.2382,1.67412,0.0588787,-0.320543,0.607944,0.00765893,-0.998438,0.00595503,0.00514746,0.00567142,0.00341384,-0.998438,0.00504341,1.82505,1.09659,0.000506036,0.151154,0.000595503,0.000857909,0.0002382,0.000558241,0.151154,0.827948,4.60424e-07,2.34544,0.240437
2032.2917,287.932,286.23,2.122,0.140362,1.38172,0.00662479,0.00305812,0.00170155,0.00356667,1.45561e-07,2.21309e-05,0.000597477,1.12033e-09,4.91001e-07,2.68281e-07,1.32898e-17,2.3454e-05,3.23306e-05,7.71627e-08,1.47703e-21,2.00676e-06,2.36587e-06,5.18237,82.673,2.83233,0.361418,75.4579,0.246733,3.36129,0.00236265,0.246733,1.67134,0.0591307,-0.320579,0.607441,0.00675669,-0.997316,0.00616836,0.00515544,0.0058746,0.00340807,-0.997316,0.00506146,1.82507,1.09661,0.000446961,0.151189,0.000616836,0.000859241,0.000246733,0.000557315,0.151189,1.69674,4.92121e-07,2.35004,0.249096
2032.3750,293.794,292.243,2.33012,0.149371,1.65418,0.00798353,0.00383808,0.00184866,0.00414545,1.97998e-07,2.84991e-05,0.000634693,3.8501e-09,5.48161e-07,1.2174e-06,1.36042e-17,2.59155e-05,4.55083e-05,3.22743e-07,1.51241e-21,2.29089e-06,3.31921e-06,5.2542,82.7286,2.86648,0.344547,75.4604,0.268425,3.37749,0.00271423,0.268425,1.66939,0.0599599,-0.320361,0.606923,0.00641301,-0.997061,0.00671064,0.00517802,0.00639106,0.00340405,-0.997061,0.00512113,1.82508,1.09659,0.00042382,0.151194,0.000671065,0.000863003,0.000268424,0.000556667,0.151194,2.26284,5.52011e-07,2.38772,0.271139
2032.4583,295.3,294.048,2.52848,0.122712,1.1602,0.00517879,0.00353077,0.00151026,0.00164802,1.15324e-07,1.84446e-05,0.00067074,2.57432e-09,6.09783e-07,2.01393e-07,1.38628e-17,2.38917e-05,2.853e-05,6.24091e-08,1.54191e-21,1.90072e-06,2.10182e-06,5.32732,82.7816,2.89984,0.327292,75.4613,0.289409,3.39357,0.00304143,0.289409,1.66565,0.0608245,-0.320152,0.606467,0.00607732,-0.996918,0.00723526,0.00520058,0.00689069,0.00339638,-0.996918,0.0051835,1.8251,1.09657,0.000399663,0.151193,0.000723526,0.000866763,0.000289409,0.00055542,0.151193,1.51021,6.12357e-07,2.42749,0.29245
2032.5417,289.748,289.628,2.59307,0.192462,0.913026,0.0053484,0.00354346,0.00211219,0.00180495,1.12836e-07,1.96392e-05,0.000682379,1.56106e-09,6.27283e-07,5.9025e-06,1.35054e-17,3.87666e-05,2.86599e-05,1.43883e-06,1.50304e-21,2.74949e-06,2.11105e-06,5.33985,82.7765,2.91071,0.313922,75.4608,0.296182,3.3989,0.00310965,0.296182,1.66187,0.0610886,-0.320033,0.606571,0.00581515,-0.996896,0.00740458,0.00520833,0.00705195,0.00338866,-0.996896,0.00520275,1.82512,1.09659,0.000381273,0.151189,0.000740458,0.000868055,0.000296182,0.00055416,0.151189,1.48402,6.28844e-07,2.42914,0.299291
2032.6250,284.228,284.517,2.50926,0.176844,0.493606,0.00282707,0.00274666,0.00155336,8.04084e-05,4.5125e-08,9.87687e-06,0.000692407,2.54563e-10,6.35511e-07,1.40698e-06,1.35502e-17,2.94927e-05,1.28711e-05,3.28931e-07,1.50826e-21,2.00892e-06,9.77005e-07,5.35552,82.7748,2.92018,0.303028,75.4584,0.302007,3.40364,0.0031605,0.302007,1.6579,0.0613235,-0.319806,0.606935,0.00560001,-0.997045,0.0075502,0.00521528,0.00719064,0.00338054,-0.997045,0.0052199,1.82514,1.09661,0.000366883,0.151179,0.00075502,0.000869212,0.000302007,0.000552836,0.151179,0.831681,6.35766e-07,2.43534,0.305167
2032.7083,273.323,273.998,1.50446,0.242092,0.0656231,0.00045403,0.00151346,0.00107109,-0.00105943,5.90742e-10,3.11794e-07,0.000683604,5.23085e-14,6.14316e-07,5.9548e-07,1.32367e-17,2.19105e-05,2.08035e-06,1.6144e-07,1.47338e-21,1.36031e-06,2.03733e-07,5.32473,82.7387,2.91217,0.300919,75.4568,0.296869,3.3999,0.00301907,0.296869,1.65623,0.0610491,-0.319588,0.607574,0.00555824,-0.997146,0.00742177,0.00521047,0.00706832,0.00337716,-0.997146,0.00520051,1.82516,1.09666,0.000364613,0.151174,0.000742177,0.000868412,0.000296869,0.00055228,0.151174,0.38366,6.14316e-07,2.41256,0.299888
2032.7917,259.03,260.436,0,0.142965,0,0,0.000772134,7.92255e-05,-0.000772134,0,0,0.000670786,0,5.82664e-07,2.4882e-19,1.4512e-17,2.18322e-06,1.88791e-06,7.56023e-20,1.61444e-21,9.11502e-08,1.88791e-07,5.28934,82.725,2.90035,0.31992,75.456,0.289403,3.39424,0.00284313,0.289403,1.65973,0.0606651,-0.31928,0.60793,0.00595172,-0.997212,0.0072351,0.00520294,0.00689054,0.00338441,-0.997212,0.00517324,1.82518,1.09668,0.000392625,0.151172,0.00072351,0.000867156,0.000289403,0.000553446,0.151172,0.194057,5.82664e-07,2.38899,0.292246
2032.8750,260.012,260.359,0,0.137365,0,0,0.00068862,1.37741e-06,-0.00068862,0,0,0.000658248,0,5.43975e-07,0,1.55057e-17,1.01308e-07,1.8403e-06,0,1.72407e-21,2.33641e-09,1.8403e-07,5.25972,82.7311,2.88869,0.35006,75.456,0.282104,3.38858,0.00267714,0.282104,1.66537,0.0602879,-0.318964,0.607985,0.00658654,-0.99722,0.00705262,0.00519533,0.00671675,0.00339605,-0.99722,0.00514643,1.8252,1.09668,0.000435409,0.151172,0.000705262,0.000865888,0.000282104,0.000555326,0.151172,0.124287,5.43975e-07,2.37103,0.284781
2032.9583,262.635,262.934,0,0.137364,0,0,0.000720171,9.25453e-07,-0.000720171,0,0,0.000645821,0,5.12045e-07,0,1.59165e-17,6.78485e-08,1.79313e-06,0,1.76882e-21,1.56094e-09,1.79313e-07,5.22871,82.736,2.87704,0.380239,75.4559,0.274873,3.38283,0.00251834,0.274873,1.67112,0.0599123,-0.318651,0.608027,0.00722362,-0.997222,0.00687186,0.00518754,0.0065446,0.0034079,-0.997222,0.00511969,1.82521,1.09668,0.000478242,0.151172,0.000687186,0.000864589,0.000274873,0.000557243,0.151172,0.201125,5.12045e-07,2.35168,0.277391
2033.0417,263.233,263.489,0,0.137365,0,0,0.00072976,7.9884e-07,-0.00072976,0,0,0.000634281,0,4.8178e-07,0,1.61088e-17,5.69201e-08,1.74936e-06,0,1.7893e-21,1.30902e-09,1.74936e-07,5.19957,82.7404,2.86612,0.40828,75.4559,0.268163,3.37736,0.0023759,0.268163,1.67659,0.0595619,-0.318361,0.608066,0.00781642,-0.997224,0.00670411,0.00518008,0.00638484,0.00341913,-0.997224,0.00509471,1.82523,1.09668,0.000518114,0.151171,0.000670411,0.000863347,0.000268163,0.000559065,0.151171,0.132017,4.8178e-07,2.33344,0.270539
2033.1250,265.098,265.208,0,0.137365,0,0,0.000812763,7.14705e-07,-0.000812763,0,0,0.000623021,0,4.5991e-07,0,1.60062e-17,4.94963e-08,1.70667e-06,0,1.77703e-21,1.13776e-09,1.70667e-07,5.16956,82.7432,2.85538,0.43566,75.4559,0.26162,3.37191,0.00224165,0.26162,1.68204,0.0592184,-0.318077,0.608103,0.00839609,-0.997225,0.00654053,0.00517258,0.00622904,0.00343033,-0.997225,0.00507019,1.82525,1.09667,0.000557118,0.151171,0.000654053,0.000862097,0.00026162,0.000560883,0.151171,0.419335,4.5991e-07,2.31417,0.263861
2033.2083,274.141,273.141,0.882401,0.266818,0.32447,0.00165986,0.00136644,0.00140077,0.000293423,1.44326e-08,3.24456e-06,0.000611954,1.69791e-11,4.51546e-07,4.18384e-05,1.39041e-17,-2.52619e-05,4.82699e-06,5.86389e-06,1.54444e-21,9.45945e-07,3.93244e-07,5.13731,82.7337,2.84476,0.445736,75.4639,0.255193,3.36645,0.00211465,0.255193,1.68671,0.058881,-0.318328,0.607313,0.00858926,-0.996552,0.00637985,0.00516503,0.00607602,0.0034399,-0.996552,0.00504607,1.82526,1.09668,0.000568747,0.151193,0.000637985,0.000860838,0.000255193,0.000562439,0.151193,0.840482,4.51563e-07,2.29255,0.257307
2033.2917,288.58,286.888,2.21691,0.178197,1.5813,0.00734202,0.00305328,0.00228202,0.00428874,1.39772e-07,2.24901e-05,0.000613979,1.44136e-09,4.87371e-07,7.7449e-06,1.18101e-17,2.66949e-05,3.21983e-05,1.52774e-06,1.31568e-21,2.61837e-06,2.36614e-06,5.15079,82.71,2.8474,0.388807,75.4868,0.256347,3.36838,0.00216206,0.256347,1.68366,0.0590183,-0.319186,0.605647,0.00731613,-0.994601,0.00640871,0.00516769,0.0061035,0.00343355,-0.994601,0.00505609,1.82528,1.09671,0.000483667,0.151255,0.000640871,0.000861282,0.000256347,0.000561423,0.151255,2.00492,4.88813e-07,2.30339,0.258509
2033.3750,297.228,294.862,2.29318,0.114592,1.33126,0.00545573,0.00325425,0.00159727,0.00220149,1.02184e-07,1.74431e-05,0.000628139,2.4924e-09,5.45887e-07,2.00477e-07,1.35592e-17,2.13058e-05,2.41506e-05,5.85227e-08,1.51128e-21,1.93517e-06,1.78689e-06,5.20645,82.7445,2.86248,0.366357,75.4903,0.264503,3.37738,0.00236288,0.264503,1.68138,0.0595828,-0.318966,0.605436,0.00684439,-0.994258,0.00661261,0.00518019,0.00629769,0.00342881,-0.994258,0.00509696,1.8253,1.09671,0.00045297,0.151262,0.000661261,0.000863365,0.000264503,0.000560663,0.151262,1.76037,5.48379e-07,2.34398,0.266866
2033.4583,292.302,291.874,2.37772,0.196542,1.26322,0.00785593,0.00370028,0.00235572,0.00415565,1.84464e-07,2.85636e-05,0.00064373,3.88153e-09,5.98897e-07,1.20155e-05,1.34923e-17,3.89255e-05,4.31045e-05,2.4494e-06,1.50505e-21,3.05073e-06,3.15697e-06,5.26194,82.7745,2.87914,0.343372,75.4919,0.27349,3.38736,0.0025764,0.27349,1.67725,0.0601767,-0.318822,0.605235,0.00638925,-0.994044,0.00683728,0.00519412,0.00651167,0.00342027,-0.994044,0.00514,1.82531,1.09671,0.000420756,0.151263,0.000683729,0.000865687,0.00027349,0.000559285,0.151263,2.03459,6.02778e-07,2.3828,0.276067
2033.5417,289.293,289.041,2.49574,0.226161,1.129,0.00616315,0.00361757,0.00252584,0.00254559,1.34239e-07,2.24979e-05,0.000665388,1.7026e-09,6.45077e-07,1.86972e-05,1.27748e-17,5.4518e-05,3.29726e-05,3.82766e-06,1.42761e-21,3.41352e-06,2.42778e-06,5.34289,82.8113,2.90218,0.311745,75.4876,0.285967,3.40109,0.00285952,0.285967,1.669,0.0609634,-0.319324,0.604848,0.00576015,-0.994299,0.0071492,0.00521336,0.00680873,0.00340329,-0.994299,0.00519705,1.82533,1.09673,0.000378232,0.151246,0.00071492,0.000868894,0.000285966,0.000556536,0.151246,1.68178,6.4678e-07,2.44071,0.288826
2033.6250,283.12,283.438,2.52869,0.197855,0.388071,0.00272817,0.0026146,0.00176894,0.000113565,4.10628e-08,9.37355e-06,0.000671484,2.12464e-10,6.52155e-07,1.11381e-06,1.28828e-17,3.92802e-05,1.15508e-05,2.85995e-07,1.43978e-21,2.37783e-06,8.8234e-07,5.36533,82.8065,2.9095,0.295971,75.4818,0.289434,3.40611,0.00293104,0.289434,1.66334,0.0612113,-0.319181,0.605498,0.00544299,-0.994725,0.00723589,0.0052206,0.00689129,0.00339167,-0.994725,0.00521523,1.82535,1.09677,0.000357835,0.151228,0.000723589,0.0008701,0.000289434,0.00055465,0.151228,0.734821,6.52368e-07,2.45583,0.292365
2033.7083,274.648,275.322,1.24097,0.240953,0.0785149,0.000550408,0.00159441,0.00112488,-0.00104401,1.95663e-09,8.7703e-07,0.000662076,1.03571e-12,6.28428e-07,8.71003e-07,1.28024e-17,2.67674e-05,2.31147e-06,2.23338e-07,1.43046e-21,1.48793e-06,2.17705e-07,5.33418,82.7643,2.90103,0.291715,75.4777,0.283942,3.40223,0.0028001,0.283942,1.66069,0.0609363,-0.318942,0.606419,0.00535632,-0.99504,0.00709859,0.00521552,0.00676053,0.00338623,-0.99504,0.00519573,1.82537,1.09683,0.0003528,0.151215,0.000709859,0.000869253,0.000283942,0.000553764,0.151215,0.45517,6.28429e-07,2.43314,0.286742
2033.7917,271.009,271.337,0,0.228275,0,0,0.000971323,0.000287645,-0.000971323,0,0,0.000649883,0,5.94915e-07,1.23652e-16,1.33486e-17,7.84019e-06,1.806e-06,3.5318e-17,1.49041e-21,3.33093e-07,1.806e-07,5.29898,82.747,2.88962,0.308291,75.4759,0.276847,3.39662,0.00263805,0.276847,1.66392,0.0605674,-0.318647,0.606902,0.00569512,-0.995204,0.0069212,0.00520796,0.00659159,0.00339291,-0.995204,0.00516948,1.82539,1.09685,0.000378013,0.15121,0.00069212,0.000867993,0.000276847,0.000554841,0.15121,0.11675,5.94915e-07,2.40936,0.279485
2033.8750,269.776,270.107,0,0.227353,0,0,0.000835588,0.000208071,-0.000835588,0,0,0.000637875,0,5.54091e-07,5.35888e-31,1.36898e-17,4.24864e-06,1.76045e-06,1.50735e-31,1.52737e-21,2.14266e-07,1.76046e-07,5.26862,82.7439,2.87827,0.330725,75.4757,0.269864,3.39095,0.00248404,0.269864,1.66891,0.0602024,-0.318343,0.607126,0.00615713,-0.995231,0.00674664,0.00520026,0.00642534,0.00340319,-0.995231,0.00514346,1.8254,1.09686,0.00041122,0.15121,0.000674664,0.00086671,0.000269864,0.000556505,0.15121,0.102325,5.54091e-07,2.39035,0.272348
2033.9583,268.373,268.726,0,0.227353,0,0,0.000774367,0.000141417,-0.000774367,0,0,0.000625973,0,5.17838e-07,0,1.40477e-17,2.08292e-06,1.71533e-06,0,1.56623e-21,1.29646e-07,1.71533e-07,5.23863,82.7432,2.86693,0.354224,75.4762,0.262948,3.38519,0.00233669,0.262948,1.67421,0.0598388,-0.318041,0.60726,0.00664475,-0.995199,0.00657372,0.00519239,0.00626065,0.00341408,-0.995199,0.0051175,1.82542,1.09686,0.000445562,0.151212,0.000657372,0.000865398,0.000262948,0.000558271,0.151212,0.101279,5.17838e-07,2.3717,0.265284
2034.0417,266.331,266.616,0,0.227374,0,0,0.000664719,3.13534e-05,-0.000664719,0,0,0.000614921,0,4.82762e-07,0,1.45459e-17,6.78598e-07,1.67346e-06,0,1.62086e-21,2.84038e-08,1.67346e-07,5.21292,82.7477,2.85631,0.378779,75.4765,0.256529,3.37972,0.00220453,0.256529,1.6795,0.0594995,-0.317762,0.607334,0.00716027,-0.99518,0.00641325,0.00518486,0.00610783,0.00342495,-0.99518,0.00509325,1.82544,1.09686,0.000480968,0.151213,0.000641325,0.000864143,0.000256529,0.000560036,0.151213,0.0619189,4.82762e-07,2.35661,0.258733
2034.1250,267.052,267.183,0,0.229714,0,0,0.000794509,3.71186e-05,-0.000794509,0,0,0.000604136,0,4.54019e-07,7.96639e-17,1.47398e-17,-3.39297e-08,1.63263e-06,6.02804e-18,1.64158e-21,2.4769e-08,1.63263e-07,5.18623,82.7519,2.84585,0.404177,75.4766,0.250269,3.37427,0.00207996,0.250269,1.68491,0.0591668,-0.31749,0.607384,0.00769655,-0.995173,0.00625676,0.00517729,0.00595879,0.00343603,-0.995173,0.00506944,1.82545,1.09686,0.000517446,0.151213,0.000625676,0.000862882,0.000250269,0.000561838,0.151213,0.319243,4.54019e-07,2.34038,0.252349
2034.2083,275.047,274.37,0.577294,0.642013,0.204407,0.00128752,0.00137127,0.00128333,-8.37454e-05,1.11048e-08,2.46661e-06,0.000593432,7.06277e-12,4.47573e-07,6.69502e-05,1.41139e-17,-1.68727e-05,3.97834e-06,6.30504e-06,1.57318e-21,1.01719e-06,3.30695e-07,5.15214,82.7402,2.83539,0.41536,75.4832,0.244061,3.36875,0.00196115,0.244061,1.68947,0.0588363,-0.317956,0.606469,0.00791148,-0.994617,0.00610155,0.00516959,0.00581097,0.00344537,-0.994617,0.00504575,1.82547,1.09687,0.000530512,0.151232,0.000610156,0.000861599,0.000244061,0.00056336,0.151232,0.827266,4.4758e-07,2.31675,0.246022
2034.2917,285.568,284.292,2.10925,0.213705,1.44221,0.00749579,0.00277683,0.00242287,0.00471895,1.37935e-07,2.23611e-05,0.000594714,7.1842e-10,4.80265e-07,1.01622e-05,1.20566e-17,3.54293e-05,3.11978e-05,1.48314e-06,1.35021e-21,2.94819e-06,2.29584e-06,5.16505,82.7161,2.83767,0.364518,75.5005,0.244768,3.37078,0.00201999,0.244768,1.68598,0.0589537,-0.319934,0.604023,0.00678138,-0.99313,0.00611923,0.00517233,0.00582781,0.00343809,-0.99313,0.00505433,1.82548,1.09691,0.000453528,0.151278,0.000611923,0.000862055,0.000244768,0.000562197,0.151278,1.91289,4.80983e-07,2.32739,0.246788
2034.3750,293.668,292.049,2.21669,0.114748,1.87483,0.0083184,0.00357062,0.00154103,0.00474777,1.82289e-07,2.84364e-05,0.000614842,3.64907e-09,5.50487e-07,1.29004e-09,1.28752e-17,2.66951e-05,4.1173e-05,3.83268e-10,1.44221e-21,1.94325e-06,3.01932e-06,5.25293,82.7762,2.86016,0.339771,75.501,0.256321,3.38501,0.00234775,0.256321,1.68251,0.0597549,-0.319715,0.603872,0.00627299,-0.993045,0.00640806,0.00519203,0.00610288,0.00343087,-0.993045,0.00511237,1.8255,1.0969,0.000419922,0.151277,0.000640806,0.000865339,0.000256321,0.000561037,0.151277,2.14167,5.54136e-07,2.39276,0.258669
2034.4583,295.68,294.373,2.28139,0.12845,1.176,0.00518647,0.00333963,0.00160451,0.00184683,1.01367e-07,1.8774e-05,0.000626962,2.71534e-09,5.90685e-07,5.29467e-07,1.33671e-17,2.52277e-05,2.39692e-05,9.15459e-08,1.49719e-21,2.03122e-06,1.77541e-06,5.2999,82.8137,2.87429,0.330849,75.5016,0.263244,3.39438,0.00254634,0.263244,1.68132,0.0602444,-0.319442,0.603751,0.0060958,-0.992961,0.00658115,0.00520513,0.00626773,0.00342843,-0.992961,0.00514791,1.82552,1.09689,0.000407548,0.151277,0.000658115,0.000867521,0.000263244,0.000560644,0.151277,1.66966,5.934e-07,2.4256,0.265791
2034.5417,289.62,289.562,2.358,0.223392,1.02698,0.00582442,0.00355309,0.00248515,0.00227133,1.24823e-07,2.13605e-05,0.000641221,2.12218e-09,6.38768e-07,1.52449e-05,1.28105e-17,5.23853e-05,2.97803e-05,2.3936e-06,1.4363e-21,3.35866e-06,2.19816e-06,5.35316,82.8326,2.89086,0.305639,75.4989,0.271401,3.40531,0.00276982,0.271401,1.67493,0.0607958,-0.319536,0.603762,0.00560049,-0.993109,0.00678505,0.00522046,0.00646192,0.00341527,-0.993109,0.00518798,1.82553,1.09692,0.000372798,0.151266,0.000678505,0.000870077,0.000271401,0.000558513,0.151266,1.68966,6.4089e-07,2.4623,0.274171
2034.6250,285.397,285.497,2.38742,0.169151,0.636414,0.00320085,0.00287712,0.0016833,0.000323739,5.32716e-08,1.14581e-05,0.000646763,3.9492e-10,6.50174e-07,1.38003e-07,1.29501e-17,3.77231e-05,1.38874e-05,4.11952e-08,1.45203e-21,2.27351e-06,1.04952e-06,5.37467,82.827,2.89822,0.289758,75.4931,0.274524,3.41082,0.00285795,0.274524,1.66944,0.061035,-0.319374,0.604434,0.00528673,-0.993533,0.00686313,0.00522834,0.00653628,0.00340398,-0.993533,0.00520552,1.82555,1.09696,0.000351817,0.151247,0.000686313,0.000871389,0.000274524,0.000556682,0.151247,0.933298,6.50569e-07,2.47646,0.277382
2034.7083,274.062,274.76,0.653936,0.329832,0.0248489,0.000257307,0.001371,0.00114137,-0.00111369,1.80103e-10,1.08564e-07,0.000638699,1.29333e-13,6.28735e-07,1.11857e-07,1.28922e-17,2.4551e-05,1.80125e-06,3.06187e-08,1.44504e-21,1.4965e-06,1.78897e-07,5.3473,82.7913,2.89104,0.286892,75.4896,0.269811,3.40761,0.00274618,0.269811,1.66747,0.0608029,-0.319091,0.605274,0.00523162,-0.9938,0.0067453,0.00522415,0.00642407,0.00339995,-0.9938,0.00518904,1.82557,1.097,0.000348432,0.151237,0.00067453,0.000870692,0.000269811,0.000556025,0.151237,0.341644,6.28735e-07,2.45626,0.272557
2034.7917,269.646,270.172,0,0.376769,0,0,0.000953052,0.000366663,-0.000953052,0,0,0.000626988,0,5.92304e-07,3.11771e-13,1.33775e-17,8.44741e-06,1.71572e-06,1.02834e-13,1.49852e-21,4.44295e-07,1.71572e-07,5.31249,82.7679,2.87986,0.297388,75.4884,0.263006,3.40192,0.00258583,0.263006,1.66959,0.0604442,-0.318796,0.605811,0.00544713,-0.993902,0.00657518,0.00521647,0.00626205,0.00340434,-0.993902,0.00516343,1.82558,1.09703,0.000364202,0.151233,0.000657518,0.000869411,0.000263006,0.000556734,0.151233,0.1864,5.92304e-07,2.43263,0.265592
2034.8750,267.248,267.647,0,0.342345,0,0,0.000744415,0.000132809,-0.000744415,0,0,0.000615565,0,5.54373e-07,0,1.39343e-17,2.03367e-06,1.67244e-06,0,1.55985e-21,1.34124e-07,1.67244e-07,5.2826,82.7651,2.86886,0.319317,75.4886,0.256373,3.39624,0.00243486,0.256373,1.67459,0.0600925,-0.318505,0.605984,0.00590296,-0.993898,0.00640935,0.00520874,0.00610411,0.00341462,-0.993898,0.00513829,1.8256,1.09704,0.000396036,0.151234,0.000640935,0.000868123,0.000256373,0.000558398,0.151234,0.0952794,5.54373e-07,2.41374,0.258808
2034.9583,265.948,266.27,0,0.337426,0,0,0.000689577,5.03554e-05,-0.000689577,0,0,0.000604241,0,5.16488e-07,0,1.43606e-17,6.82543e-07,1.62958e-06,0,1.60659e-21,4.37808e-08,1.62958e-07,5.25402,82.7675,2.85785,0.344346,75.489,0.249802,3.39048,0.00229043,0.249802,1.68014,0.0597422,-0.318217,0.606059,0.00642847,-0.993872,0.00624508,0.00520083,0.00594766,0.00342603,-0.993872,0.00511321,1.82562,1.09704,0.000431984,0.151235,0.000624508,0.000866805,0.000249802,0.000560249,0.151235,0.0786678,5.16488e-07,2.39617,0.252092
2035.0417,264.358,264.622,0,0.336743,0,0,0.000678593,7.60035e-06,-0.000678593,0,0,0.000593726,0,4.81896e-07,0,1.47856e-17,3.26282e-07,1.5898e-06,0,1.65325e-21,8.97824e-09,1.5898e-07,5.22802,82.7719,2.84754,0.369285,75.489,0.243704,3.385,0.00216088,0.243704,1.68556,0.0594152,-0.317949,0.60611,0.0069553,-0.993867,0.00609263,0.00519327,0.00580247,0.00343715,-0.993867,0.00508976,1.82563,1.09704,0.00046773,0.151236,0.000609263,0.000865545,0.000243704,0.000562056,0.151236,0.0898354,4.81896e-07,2.38048,0.245865
2035.1250,265.483,265.653,0,0.336608,0,0,0.000718708,5.54687e-06,-0.000718708,0,0,0.000583465,0,4.54714e-07,0,1.50094e-17,2.31914e-07,1.55101e-06,0,1.6774e-21,6.28853e-09,1.55101e-07,5.20023,82.7746,2.83739,0.394354,75.489,0.237757,3.37953,0.00203878,0.237757,1.69102,0.0590945,-0.317688,0.606154,0.00748688,-0.993872,0.00594396,0.00518567,0.00566089,0.00344834,-0.993872,0.00506674,1.82565,1.09704,0.00050363,0.151236,0.000594396,0.000864279,0.000237757,0.000563877,0.151236,0.222414,4.54714e-07,2.36284,0.239796
2035.2083,271.246,270.945,0.124276,0.603878,0.0375285,0.000225942,0.00104652,0.000611252,-0.000820574,1.15874e-09,3.46854e-07,0.000573114,1.98741e-13,4.43832e-07,3.89026e-05,1.48748e-17,-1.64828e-05,1.75023e-06,3.3486e-06,1.66206e-21,3.73223e-07,1.68217e-07,5.16866,82.7714,2.82706,0.415042,75.4913,0.231763,3.37389,0.00191978,0.231763,1.6964,0.0587693,-0.317609,0.605925,0.00791967,-0.993682,0.0057941,0.00517779,0.00551816,0.00345933,-0.993682,0.00504335,1.82566,1.09704,0.000532083,0.151242,0.00057941,0.000862965,0.000231763,0.000565668,0.151242,0.9033,4.43833e-07,2.3416,0.233682
2035.2917,285.404,283.76,1.97554,0.211669,1.33782,0.00689296,0.00260076,0.00238261,0.0042922,1.20604e-07,1.9709e-05,0.000571319,8.42234e-10,4.74834e-07,1.80382e-05,1.2608e-17,2.31476e-05,2.63356e-05,2.24456e-06,1.41395e-21,2.65665e-06,1.94209e-06,5.16487,82.7424,2.82586,0.371138,75.5113,0.230705,3.37371,0.00193135,0.230705,1.69505,0.0587434,-0.319199,0.603661,0.00692127,-0.991981,0.00576766,0.00517743,0.00549298,0.00345646,-0.991981,0.00504152,1.82568,1.09707,0.000464019,0.151296,0.000576766,0.000862904,0.000230705,0.000565218,0.151296,1.81615,4.75677e-07,2.33901,0.232637
2035.3750,290.239,289.185,2.10432,0.19095,1.77078,0.0100106,0.00369233,0.00234679,0.00631824,2.42372e-07,3.35864e-05,0.000594857,3.45945e-09,5.45588e-07,3.78682e-06,1.25618e-17,4.15558e-05,5.27501e-05,4.93328e-07,1.40977e-21,3.02494e-06,3.85798e-06,5.2594,82.7986,2.85204,0.335954,75.5133,0.244227,3.39016,0.00231553,0.244227,1.68996,0.0595959,-0.319073,0.603458,0.00618934,-0.991762,0.0061057,0.00520018,0.00581492,0.00344592,-0.991762,0.00510322,1.82569,1.09707,0.000414991,0.1513,0.00061057,0.000866697,0.000244227,0.000563523,0.1513,2.47343,5.49048e-07,2.40736,0.246542
2035.4583,295.285,294.307,2.30935,0.193109,2.13084,0.00985974,0.00465641,0.00259139,0.00520333,2.34885e-07,3.36315e-05,0.000633146,6.87325e-09,6.33752e-07,9.37782e-06,1.2718e-17,5.50544e-05,5.34253e-05,1.27944e-06,1.42826e-21,3.50936e-06,3.91108e-06,5.40462,82.8995,2.89444,0.303668,75.509,0.266216,3.4167,0.00290204,0.266216,1.68221,0.0609283,-0.319093,0.603039,0.00554962,-0.992041,0.00665544,0.0052371,0.00633848,0.00342996,-0.992041,0.00519984,1.82571,1.09705,0.000371001,0.151284,0.000665544,0.00087285,0.000266216,0.00056094,0.151284,2.7884,6.40625e-07,2.51018,0.269118
2035.5417,291.965,291.598,2.44521,0.187678,1.26609,0.00605727,0.00401465,0.00214211,0.00204262,1.23088e-07,2.14953e-05,0.000658335,2.46989e-09,7.01127e-07,7.39086e-06,1.28759e-17,5.1256e-05,2.99063e-05,1.21646e-06,1.44624e-21,2.95451e-06,2.20963e-06,5.49183,82.951,2.92312,0.28278,75.5017,0.280638,3.43524,0.00327352,0.280638,1.67466,0.0617997,-0.31902,0.603215,0.00513911,-0.992589,0.00701599,0.00526314,0.00668187,0.00341447,-0.992589,0.00526317,1.82573,1.09706,0.000342888,0.151261,0.0007016,0.00087719,0.000280638,0.000558423,0.151261,1.81878,7.03597e-07,2.56872,0.283912
2035.6250,283.324,283.757,2.46812,0.202249,0.367542,0.00269755,0.00268401,0.00171518,1.35443e-05,3.79782e-08,9.32261e-06,0.000662681,1.91372e-10,7.08987e-07,1.32502e-06,1.28044e-17,4.14355e-05,1.06547e-05,3.53088e-07,1.43783e-21,2.33633e-06,8.1767e-07,5.50306,82.9399,2.9295,0.272916,75.4946,0.283058,3.44039,0.00332516,0.283058,1.66928,0.0619742,-0.318818,0.604012,0.00494332,-0.993151,0.00707648,0.00527072,0.00673948,0.00340347,-0.993151,0.00527609,1.82574,1.0971,0.000329874,0.15124,0.000707648,0.000878453,0.000283058,0.000556628,0.15124,0.751364,7.09178e-07,2.57356,0.286383
2035.7083,271.675,272.554,0.429377,0.149995,0.0165399,0.000171489,0.00128336,0.000577199,-0.00111187,2.811e-10,1.63238e-07,0.000653431,1.06458e-13,6.7963e-07,5.14535e-08,1.31222e-17,1.56994e-05,1.87658e-06,1.49885e-08,1.47269e-21,7.52794e-07,1.8572e-07,5.47227,82.9078,2.92121,0.277055,75.4902,0.277656,3.43664,0.00317522,0.277656,1.66827,0.0616993,-0.318537,0.604851,0.00502967,-0.993518,0.00694143,0.00526595,0.00661085,0.00340147,-0.993518,0.00525657,1.82576,1.09714,0.000336483,0.151227,0.000694143,0.000877658,0.000277656,0.000556291,0.151227,0.449568,6.7963e-07,2.55105,0.280831
2035.7917,270.496,270.896,0,0.118435,0,0,0.000971863,0.000243197,-0.000971863,0,0,0.000641387,0,6.42809e-07,3.19053e-21,1.34334e-17,6.16935e-06,1.76561e-06,9.91628e-22,1.50642e-21,2.70225e-07,1.76561e-07,5.43706,82.8983,2.9098,0.299131,75.4892,0.270654,3.4309,0.00298983,0.270654,1.67295,0.0613316,-0.318232,0.60516,0.00548263,-0.993617,0.00676638,0.00525836,0.00644414,0.00341118,-0.993617,0.00523036,1.82578,1.09715,0.000369019,0.151225,0.000676638,0.000876393,0.000270654,0.000557852,0.151225,0.156349,6.42809e-07,2.52726,0.273644
2035.8750,270.103,270.42,0,0.118435,0,0,0.000906873,0.000191774,-0.000906873,0,0,0.000629639,0,6.04063e-07,0,1.36042e-17,4.0708e-06,1.72108e-06,0,1.52445e-21,1.93415e-07,1.72108e-07,5.40474,82.8941,2.89857,0.322102,75.4892,0.263828,3.42517,0.00281528,0.263828,1.67811,0.0609712,-0.317932,0.605349,0.00595601,-0.993629,0.00659573,0.00525071,0.00628162,0.00342184,-0.993629,0.00520463,1.8258,1.09716,0.000402624,0.151226,0.000659573,0.000875118,0.000263828,0.00055957,0.151226,0.221594,6.04063e-07,2.50617,0.266643
2035.9583,267.443,267.896,0,0.118435,0,0,0.000817813,8.51694e-05,-0.000817813,0,0,0.000617992,0,5.67136e-07,0,1.4027e-17,1.764e-06,1.67696e-06,0,1.57076e-21,8.09491e-08,1.67696e-07,5.3735,82.893,2.88733,0.346554,75.4894,0.257066,3.41936,0.00264828,0.257066,1.68356,0.0606121,-0.317635,0.605482,0.00646384,-0.993625,0.00642668,0.00524288,0.00612061,0.0034331,-0.993625,0.00517896,1.82581,1.09716,0.000438136,0.151227,0.000642668,0.000873813,0.000257066,0.000561388,0.151227,0.20434,5.67136e-07,2.48617,0.259714
2036.0417,267.548,267.772,0,0.11844,0,0,0.000831217,5.30281e-05,-0.000831217,0,0,0.000607178,0,5.32864e-07,0,1.43524e-17,7.29295e-07,1.63603e-06,0,1.60629e-21,4.18163e-08,1.63603e-07,5.34406,82.8938,2.87681,0.371267,75.4895,0.250791,3.41384,0.00249849,0.250791,1.68895,0.0602771,-0.317359,0.605553,0.00698166,-0.993615,0.0062698,0.00523538,0.0059712,0.0034442,-0.993615,0.00515496,1.82583,1.09716,0.00047365,0.151228,0.00062698,0.000872564,0.000250791,0.000563185,0.151228,0.171712,5.32864e-07,2.46725,0.253289
2036.1250,270.004,270.069,0,0.215273,0,0,0.000994288,0.000443963,-0.000994288,0,0,0.000596624,0,5.11125e-07,1.18789e-05,1.43397e-17,-1.42138e-05,1.59611e-06,6.60866e-07,1.60414e-21,2.35525e-07,1.59611e-07,5.31241,82.8905,2.86645,0.392536,75.4914,0.244671,3.40832,0.00235732,0.244671,1.69424,0.0599484,-0.317134,0.605503,0.00742501,-0.993465,0.00611681,0.00522784,0.0058255,0.00345508,-0.993465,0.0051314,1.82584,1.09716,0.000503607,0.151233,0.000611681,0.000871307,0.000244671,0.00056495,0.151233,0.664524,5.11125e-07,2.44596,0.247028
2036.2083,275.934,275.122,1.09807,0.382428,0.328677,0.00215052,0.00152945,0.00169559,0.000621074,1.57619e-08,3.85144e-06,0.000586359,1.04024e-11,5.20417e-07,4.61262e-05,1.31822e-17,4.37167e-06,4.91593e-06,4.2174e-06,1.47758e-21,1.7086e-06,3.98273e-07,5.27727,82.858,2.85637,0.37615,75.508,0.23872,3.40296,0.00222711,0.23872,1.69659,0.0596313,-0.318028,0.603908,0.00704098,-0.992069,0.00596802,0.00522045,0.0056838,0.00345986,-0.992069,0.00510864,1.82586,1.09718,0.000474023,0.151278,0.000596802,0.000870076,0.00023872,0.00056573,0.151278,1.10916,5.20428e-07,2.4209,0.240947
2036.2917,285.126,284.134,2.03811,0.228085,1.15688,0.00707407,0.0027286,0.00238211,0.00434546,1.24827e-07,2.16424e-05,0.000585458,7.63377e-10,5.45638e-07,1.01454e-05,1.19568e-17,4.12332e-05,2.77796e-05,1.22454e-06,1.34379e-21,2.99812e-06,2.05769e-06,5.28858,82.8324,2.85758,0.33658,75.5151,0.238111,3.40532,0.00227902,0.238111,1.69208,0.0597054,-0.31879,0.603295,0.00619512,-0.991436,0.0059528,0.00522374,0.0056693,0.00345052,-0.991436,0.00511419,1.82587,1.09723,0.000417012,0.151296,0.00059528,0.000870624,0.000238111,0.000564227,0.151296,1.84327,5.46402e-07,2.43101,0.24039
2036.3750,292.206,291.044,2.14222,0.14622,2.07342,0.00975931,0.00376041,0.00190527,0.0059989,2.18377e-07,3.33542e-05,0.000603562,3.99436e-09,6.18086e-07,8.68602e-07,1.24825e-17,3.94412e-05,4.78548e-05,1.40368e-07,1.40359e-21,2.50177e-06,3.52049e-06,5.39398,82.8992,2.882,0.306773,75.5123,0.248319,3.4238,0.00268923,0.248319,1.68613,0.0605471,-0.318743,0.603296,0.00559752,-0.991621,0.00620801,0.00524944,0.00591236,0.00343826,-0.991621,0.00517558,1.82589,1.09723,0.000376617,0.151287,0.000620801,0.000874906,0.000248319,0.000562245,0.151287,2.51857,6.2208e-07,2.51198,0.251008
2036.4583,293.646,292.882,2.27471,0.196392,1.71204,0.00916559,0.00428744,0.00231559,0.00487816,2.05925e-07,3.22407e-05,0.000628725,5.02479e-09,6.87173e-07,1.24089e-05,1.27434e-17,4.95453e-05,4.66209e-05,1.64938e-06,1.43282e-21,3.12201e-06,3.43355e-06,5.52439,83.0056,2.91531,0.290632,75.5089,0.262528,3.44863,0.00321677,0.262528,1.68159,0.0616217,-0.318592,0.60294,0.00528075,-0.991863,0.00656323,0.00528412,0.00625067,0.00342896,-0.991863,0.00525402,1.82591,1.09721,0.00035451,0.151275,0.000656323,0.000880687,0.000262528,0.000560733,0.151275,2.44577,6.92198e-07,2.60908,0.265745
2036.5417,291.51,291.159,2.37361,0.189202,1.23177,0.00628258,0.00399699,0.00205041,0.00228559,1.25344e-07,2.26137e-05,0.000647465,2.43875e-09,7.41496e-07,8.24926e-06,1.27818e-17,5.03775e-05,2.97608e-05,1.34744e-06,1.43745e-21,2.81606e-06,2.20812e-06,5.61408,83.0612,2.94117,0.27183,75.5011,0.273058,3.46856,0.00360233,0.273058,1.67419,0.0624112,-0.31861,0.603128,0.00490973,-0.992473,0.00682649,0.00531221,0.00650139,0.00341381,-0.992473,0.00531179,1.82592,1.09722,0.000329178,0.151251,0.000682649,0.000885368,0.000273058,0.000558265,0.151251,1.87183,7.43934e-07,2.67291,0.276661
2036.6250,284.681,285.012,2.39077,0.247009,0.480733,0.00295482,0.00290818,0.00208535,4.66469e-05,4.24604e-08,1.02579e-05,0.00065092,3.53583e-10,7.56269e-07,1.72416e-05,1.21311e-17,5.72062e-05,1.13909e-05,3.01302e-06,1.36499e-21,2.90813e-06,8.73161e-07,5.63158,83.0479,2.94855,0.258144,75.4912,0.274879,3.47578,0.00368245,0.274879,1.66689,0.0626137,-0.318901,0.60373,0.00463512,-0.993279,0.00687202,0.00532279,0.00654475,0.00339891,-0.993279,0.0053269,1.82594,1.09727,0.00031103,0.151223,0.000687202,0.000887131,0.000274879,0.000555832,0.151223,0.974458,7.56623e-07,2.68303,0.278562
2036.7083,272.677,273.634,0.872335,0.284492,0.0731419,0.000466837,0.00155369,0.000993177,-0.00108685,2.72988e-09,1.0686e-06,0.000642115,2.95735e-12,7.31102e-07,1.58828e-06,1.23232e-17,2.80499e-05,2.37677e-06,3.86054e-07,1.38607e-21,1.35226e-06,2.20167e-07,5.59966,83.0011,2.94098,0.255198,75.4832,0.269723,3.47264,0.00352646,0.269723,1.66306,0.0623604,-0.318828,0.604805,0.00457456,-0.993959,0.00674311,0.005319,0.00642198,0.00339114,-0.993959,0.00530891,1.82596,1.09733,0.00030774,0.151202,0.000674311,0.0008865,0.000269723,0.000554555,0.151202,0.568733,7.31105e-07,2.65869,0.27325
2036.7917,267.924,268.387,0,0.237133,0,0,0.000999531,7.51369e-05,-0.000999531,0,0,0.00063046,0,6.97202e-07,5.38603e-22,1.34918e-17,3.08715e-06,1.71537e-06,1.4417e-22,1.51645e-21,9.49853e-08,1.71538e-07,5.56242,82.9877,2.92979,0.276916,75.4812,0.262954,3.4669,0.00332165,0.262954,1.66715,0.0620013,-0.318555,0.605163,0.00502466,-0.994143,0.00657388,0.00531152,0.0062608,0.00339967,-0.994143,0.00528326,1.82598,1.09734,0.000339189,0.151197,0.000657388,0.000885253,0.000262954,0.000555918,0.151197,0.342711,6.97202e-07,2.63263,0.266275
2036.8750,264.52,265.009,0,0.234591,0,0,0.000759848,2.66903e-05,-0.000759848,0,0,0.000619034,0,6.54443e-07,0,1.42856e-17,9.75329e-07,1.67211e-06,0,1.60468e-21,3.0166e-08,1.67211e-07,5.53013,82.9879,2.9187,0.304072,75.4809,0.256322,3.46111,0.00312772,0.256322,1.67284,0.0616471,-0.318262,0.605262,0.0055917,-0.994174,0.00640808,0.00530391,0.0061029,0.00341147,-0.994174,0.00525792,1.82599,1.09734,0.000377909,0.151196,0.000640808,0.000883985,0.000256322,0.000557814,0.151196,0.154626,6.54443e-07,2.61143,0.25945
2036.9583,266.819,266.969,0,0.234591,0,0,0.000861796,6.87109e-06,-0.000861796,0,0,0.000607706,0,6.12426e-07,0,1.47993e-17,3.42694e-07,1.62926e-06,0,1.66144e-21,8.97664e-09,1.62926e-07,5.49858,82.9899,2.90761,0.331837,75.4808,0.249752,3.45523,0.00294219,0.249752,1.67869,0.0612941,-0.317971,0.605322,0.00617425,-0.994185,0.00624384,0.00529611,0.00594648,0.00342358,-0.994185,0.00523264,1.82601,1.09734,0.000417297,0.151196,0.000624384,0.000882684,0.000249752,0.000559765,0.151196,0.189074,6.12426e-07,2.59097,0.252694
2037.0417,266.874,267.028,0,0.234591,0,0,0.000875747,6.66171e-06,-0.000875747,0,0,0.000597188,0,5.74526e-07,0,1.48623e-17,3.02642e-07,1.58948e-06,0,1.66763e-21,8.04399e-09,1.58948e-07,5.46682,82.9896,2.89722,0.357783,75.4807,0.243655,3.44965,0.00277578,0.243655,1.68426,0.0609647,-0.3177,0.605371,0.00671976,-0.994191,0.00609142,0.00528863,0.00580132,0.00343509,-0.994191,0.005209,1.82602,1.09734,0.000454133,0.151196,0.000609142,0.000881438,0.000243655,0.000561623,0.151196,0.163313,5.74526e-07,2.56959,0.246431
2037.1250,269.398,269.373,0,0.286453,0,0,0.00101115,0.000106955,-0.00101115,0,0,0.000586923,0,5.44191e-07,3.44625e-07,1.49447e-17,-4.43243e-06,1.5507e-06,1.16743e-08,1.67604e-21,5.84539e-08,1.5507e-07,5.43372,82.9871,2.88699,0.382526,75.481,0.23771,3.44408,0.00261893,0.23771,1.68981,0.0606415,-0.31745,0.605391,0.00724054,-0.994169,0.00594279,0.0052811,0.00565976,0.00344652,-0.994169,0.00518579,1.82604,1.09734,0.000489166,0.151197,0.000594279,0.000880184,0.00023771,0.000563472,0.151197,0.360144,5.44191e-07,2.54673,0.240329
2037.2083,275.336,274.705,0.853009,0.577541,0.248614,0.00165094,0.0014554,0.00191393,0.000195537,1.26472e-08,3.02862e-06,0.000576826,4.85011e-12,5.34933e-07,8.03181e-05,1.34726e-17,-1.5518e-05,4.16173e-06,7.61892e-06,1.51387e-21,1.55015e-06,3.42814e-07,5.39622,82.9569,2.8769,0.37106,75.4968,0.231864,3.43856,0.00247132,0.231864,1.69283,0.0603238,-0.318402,0.603694,0.00696873,-0.992841,0.00579663,0.0052736,0.00552057,0.00345273,-0.992841,0.00516293,1.82605,1.09735,0.000467057,0.15124,0.000579663,0.000878933,0.000231864,0.000564479,0.15124,0.942922,5.34938e-07,2.51932,0.234335
2037.2917,285.623,284.255,1.99288,0.254874,1.29816,0.00736968,0.00287756,0.00252788,0.00449212,1.35157e-07,2.29917e-05,0.000577522,8.26598e-10,5.56979e-07,1.50743e-05,1.13973e-17,4.50013e-05,2.94591e-05,2.17902e-06,1.28576e-21,3.13477e-06,2.18091e-06,5.40886,82.9249,2.88016,0.318896,75.5097,0.232161,3.44241,0.00254395,0.232161,1.68743,0.0604188,-0.3199,0.602123,0.0058563,-0.99174,0.00580406,0.00527904,0.00552764,0.00344157,-0.99174,0.00516999,1.82607,1.0974,0.000392327,0.151275,0.000580406,0.000879839,0.000232161,0.000562678,0.151275,1.79866,5.57806e-07,2.5287,0.234705
2037.3750,294.27,292.667,2.10849,0.153508,2.2096,0.00988252,0.00412092,0.00205482,0.0057616,2.2025e-07,3.31314e-05,0.000599746,5.04915e-09,6.28343e-07,3.59607e-07,1.19108e-17,4.53935e-05,4.74949e-05,5.38297e-08,1.34395e-21,2.7071e-06,3.49753e-06,5.51961,82.9963,2.91037,0.289594,75.506,0.244681,3.46541,0.00304165,0.244681,1.68112,0.0613208,-0.319824,0.602183,0.00526791,-0.992024,0.00611706,0.00531111,0.00582574,0.00342858,-0.992024,0.00523583,1.82608,1.0974,0.000353049,0.151263,0.000611706,0.000885185,0.000244681,0.000560574,0.151263,2.74319,6.33392e-07,2.60924,0.247723
2037.4583,294.64,293.905,2.24225,0.156172,1.87825,0.00878202,0.00428306,0.00185114,0.00449896,1.94649e-07,3.11169e-05,0.000625277,5.57908e-09,7.11282e-07,1.13857e-06,1.24849e-17,4.15814e-05,4.34163e-05,1.81153e-07,1.4081e-21,2.47235e-06,3.2025e-06,5.63642,83.0885,2.94506,0.274862,75.5009,0.259057,3.49182,0.0035853,0.259057,1.67627,0.0623174,-0.319575,0.602135,0.00497525,-0.992421,0.00647646,0.00534811,0.00616803,0.0034187,-0.992421,0.00530866,1.8261,1.09738,0.000333208,0.151248,0.000647646,0.000891352,0.000259057,0.000558959,0.151248,2.52286,7.16861e-07,2.69135,0.262642
2037.5417,290.819,290.586,2.33146,0.216304,1.06355,0.0057896,0.00383224,0.00216123,0.00195736,1.13933e-07,2.13397e-05,0.000642303,2.06709e-09,7.56219e-07,2.83114e-05,1.21292e-17,5.55646e-05,2.6864e-05,3.61001e-06,1.36844e-21,2.94848e-06,1.99827e-06,5.71084,83.1389,2.96953,0.262963,75.4944,0.268581,3.51124,0.00393918,0.268581,1.67068,0.0629866,-0.319757,0.602062,0.00473855,-0.992951,0.00671455,0.00537563,0.00639478,0.00340732,-0.992951,0.00535772,1.82612,1.09739,0.000317206,0.151229,0.000671455,0.000895939,0.000268581,0.000557096,0.151229,1.64149,7.58286e-07,2.74131,0.27252
2037.6250,283.991,284.248,2.34766,0.185652,0.523365,0.00296993,0.00285957,0.00168109,0.00011036,4.39925e-08,1.06075e-05,0.000645607,2.44218e-10,7.56255e-07,1.26554e-06,1.19268e-17,4.56455e-05,1.15913e-05,2.72335e-07,1.34574e-21,2.28599e-06,8.87595e-07,5.72555,83.1255,2.977,0.251209,75.4845,0.270304,3.51871,0.00400679,0.270304,1.66419,0.0631576,-0.319948,0.60279,0.00449701,-0.993787,0.00675762,0.00538667,0.0064358,0.00339412,-0.993787,0.00537053,1.82613,1.09743,0.000302084,0.151202,0.000675762,0.000897779,0.000270304,0.000554932,0.151202,0.729556,7.56499e-07,2.74855,0.27431
2037.7083,277.411,278.018,1.95727,0.275036,0.0851948,0.000745733,0.00200587,0.00140918,-0.00126014,2.72832e-09,1.12262e-06,0.000637454,6.34868e-12,7.27058e-07,4.04642e-06,1.17771e-17,3.82449e-05,2.33803e-06,9.43512e-07,1.32803e-21,1.8905e-06,2.16601e-07,5.69216,83.0787,2.97016,0.248082,75.4777,0.265522,3.51604,0.00384385,0.265522,1.66082,0.0629199,-0.319754,0.603889,0.00443087,-0.994382,0.00663807,0.00538365,0.00632194,0.00338733,-0.994382,0.00535366,1.82615,1.09749,0.000298332,0.151184,0.000663807,0.000897275,0.000265522,0.000553807,0.151184,0.518715,7.27065e-07,2.722,0.269365
2037.7917,264.994,265.958,0,0.132408,0,0,0.000972757,8.88053e-05,-0.000972757,0,0,0.000625985,0,6.8777e-07,1.32916e-13,1.30566e-17,3.88184e-06,1.6887e-06,3.49527e-14,1.47122e-21,1.20372e-07,1.6887e-07,5.65307,83.0538,2.95903,0.26316,75.4743,0.258864,3.51023,0.00362077,0.258864,1.66322,0.0625641,-0.319509,0.604478,0.00474103,-0.994685,0.00647164,0.0053762,0.00616344,0.00339243,-0.994685,0.00532821,1.82617,1.09751,0.000320594,0.151176,0.000647164,0.000896034,0.000258864,0.000554609,0.151176,0.22844,6.8777e-07,2.69404,0.262485
2037.8750,257.148,258.142,0,0.108443,0,0,0.000662959,5.8171e-06,-0.000662959,0,0,0.000614727,0,6.43798e-07,0,1.45503e-17,3.61909e-07,1.64611e-06,0,1.63855e-21,8.90277e-09,1.64611e-07,5.6206,83.0542,2.948,0.290597,75.474,0.252336,3.50437,0.00340938,0.252336,1.66903,0.0622128,-0.319219,0.604565,0.00531469,-0.994716,0.00630842,0.00536859,0.00600799,0.0034045,-0.994716,0.00530305,1.82618,1.09752,0.000359508,0.151176,0.000630842,0.000894766,0.000252336,0.000556544,0.151176,0.181881,6.43798e-07,2.6726,0.255745
2037.9583,263.062,263.302,0,0.108442,0,0,0.00082347,6.53021e-07,-0.00082347,0,0,0.000603567,0,6.07468e-07,0,1.55176e-17,5.27653e-08,1.60392e-06,0,1.74651e-21,1.20835e-09,1.60392e-07,5.58806,83.0553,2.93695,0.31833,75.474,0.245868,3.49842,0.00320714,0.245868,1.67497,0.0618628,-0.318932,0.604612,0.00589663,-0.994719,0.00614673,0.00536079,0.005854,0.00341683,-0.994719,0.00527795,1.8262,1.09751,0.000398731,0.151176,0.000614673,0.000893465,0.000245868,0.000558526,0.151176,0.23669,6.07468e-07,2.6511,0.249075
2038.0417,265.468,265.596,0,0.108442,0,0,0.000845953,5.03929e-07,-0.000845953,0,0,0.000593203,0,5.73334e-07,0,1.57532e-17,4.03513e-08,1.56477e-06,0,1.7721e-21,9.22712e-10,1.56477e-07,5.55602,83.0547,2.92661,0.344121,75.4739,0.239866,3.49277,0.00302575,0.239866,1.68062,0.061536,-0.318665,0.604652,0.00643869,-0.994721,0.00599669,0.00535331,0.0057111,0.00342853,-0.994721,0.00525448,1.82621,1.09751,0.000435274,0.151176,0.000599669,0.000892218,0.000239866,0.00056041,0.151176,0.341461,5.73334e-07,2.62942,0.242892
2038.1250,267.872,267.862,0,0.115214,0,0,0.000995078,2.69049e-05,-0.000995078,0,0,0.000583089,0,5.50639e-07,3.94466e-09,1.57843e-17,-1.48364e-06,1.52658e-06,8.56966e-10,1.7747e-21,9.95688e-09,1.52658e-07,5.52265,83.0521,2.91641,0.369263,75.474,0.234013,3.48713,0.00285478,0.234013,1.68626,0.0612154,-0.318417,0.604679,0.00696796,-0.99472,0.00585036,0.00534577,0.00557174,0.00344018,-0.99472,0.00523142,1.82623,1.09751,0.000470955,0.151176,0.000585036,0.000890961,0.000234013,0.00056229,0.151176,0.54864,5.50639e-07,2.60624,0.236868
2038.2083,274.867,273.903,0.724085,0.317861,0.317226,0.0016113,0.00146383,0.00134698,0.000147476,1.59629e-08,3.54659e-06,0.000573226,2.48767e-11,5.44782e-07,4.06007e-05,1.49812e-17,-2.59293e-05,4.72403e-06,3.72905e-06,1.68531e-21,8.38139e-07,3.82435e-07,5.48632,83.0363,2.90644,0.375854,75.483,0.228308,3.48159,0.00269447,0.228308,1.69111,0.0609014,-0.318695,0.60382,0.00709324,-0.99396,0.00570774,0.00533831,0.00543591,0.00345017,-0.99396,0.0052088,1.82624,1.09752,0.000476999,0.151201,0.000570774,0.000889718,0.000228308,0.000563905,0.151201,0.959974,5.44807e-07,2.57987,0.231003
2038.2917,285.99,284.225,1.97567,0.158991,1.34176,0.00717182,0.00288529,0.0018373,0.00428653,1.38406e-07,2.29046e-05,0.000576812,7.06791e-10,5.6793e-07,6.83429e-07,1.25963e-17,2.54635e-05,2.97518e-05,1.13755e-07,1.41985e-21,2.09386e-06,2.19762e-06,5.49806,83.0181,2.91242,0.32762,75.5033,0.230287,3.48678,0.00278589,0.230287,1.68904,0.0610265,-0.319361,0.602391,0.00603567,-0.992261,0.00575722,0.00534568,0.00548304,0.00344589,-0.992261,0.00521795,1.82626,1.09754,0.000405184,0.151257,0.000575722,0.000890947,0.000230287,0.000563214,0.151257,1.70096,5.68636e-07,2.58564,0.233073
2038.3750,296.524,293.842,2.07657,0.102948,1.52115,0.00625493,0.00353071,0.0013711,0.00272422,1.25217e-07,2.13415e-05,0.000596148,2.80101e-09,6.16072e-07,8.99283e-11,1.25438e-17,2.3141e-05,2.7355e-05,2.08219e-11,1.41381e-21,1.65984e-06,2.02543e-06,5.56703,83.0707,2.93728,0.311546,75.5047,0.241237,3.50487,0.00315915,0.241237,1.68746,0.0616668,-0.319102,0.602227,0.00570603,-0.992145,0.00603097,0.00537103,0.00574375,0.00344268,-0.992145,0.00526456,1.82627,1.09752,0.000383472,0.15126,0.000603097,0.000895172,0.000241237,0.000562688,0.15126,1.7775,6.18873e-07,2.62974,0.244397
2038.4583,295.695,294.562,2.14238,0.129601,1.39399,0.00602207,0.00364681,0.00156645,0.00237526,1.26982e-07,2.28319e-05,0.000608755,3.7724e-09,6.55369e-07,7.22983e-09,1.29705e-17,2.49937e-05,2.81159e-05,1.71905e-09,1.46188e-21,1.93986e-06,2.08093e-06,5.60182,83.0943,2.95436,0.30105,75.5054,0.24834,3.51783,0.00339659,0.24834,1.68604,0.0620876,-0.318843,0.602195,0.00549981,-0.992065,0.00620852,0.00538939,0.00591285,0.00343983,-0.992065,0.00529525,1.82629,1.09752,0.000368667,0.151261,0.000620852,0.000898232,0.000248339,0.000562214,0.151261,1.90617,6.59141e-07,2.64747,0.251736
2038.5417,292.014,291.697,2.2011,0.188564,1.05256,0.00530876,0.00367171,0.00211527,0.00163705,1.09739e-07,2.00119e-05,0.000619996,2.35504e-09,6.93258e-07,8.09148e-06,1.27582e-17,4.46612e-05,2.4956e-05,1.25739e-06,1.43866e-21,2.7755e-06,1.85328e-06,5.63251,83.1017,2.97,0.283991,75.5036,0.254652,3.52996,0.00360038,0.254652,1.68153,0.062465,-0.318736,0.602379,0.00516723,-0.992178,0.00636633,0.00540669,0.00606314,0.00343063,-0.992178,0.00532283,1.82631,1.09754,0.000344825,0.151255,0.000636633,0.000901115,0.000254652,0.00056071,0.151255,1.71119,6.95613e-07,2.66251,0.258252
2038.6250,283.898,284.255,2.22964,0.135199,0.496441,0.00282662,0.00264677,0.00128491,0.000179847,4.58036e-08,1.06666e-05,0.00062555,2.36615e-10,6.96582e-07,2.19884e-08,1.28856e-17,2.86176e-05,1.15733e-05,7.16032e-09,1.45291e-21,1.666e-06,8.82371e-07,5.64798,83.0972,2.97895,0.272774,75.4989,0.257713,3.53762,0.00369279,0.257713,1.67747,0.0626582,-0.318566,0.602966,0.0049421,-0.992555,0.00644285,0.00541786,0.00613601,0.00342238,-0.992555,0.00533708,1.82632,1.09757,0.000330092,0.151241,0.000644285,0.000902976,0.000257713,0.000559357,0.151241,0.633373,6.96819e-07,2.66903,0.261405
2038.7083,277.776,278.559,1.7854,0.120214,0.118115,0.000704823,0.00183576,0.000841924,-0.00113094,2.37805e-09,1.1376e-06,0.000618437,3.2708e-12,6.61904e-07,7.8211e-14,1.30743e-17,1.50511e-05,2.16716e-06,1.83907e-14,1.47341e-21,1.01528e-06,2.01861e-07,5.61747,83.07,2.97281,0.276496,75.4978,0.253547,3.53506,0.00355138,0.253547,1.6782,0.0624394,-0.318279,0.603491,0.00501728,-0.992651,0.00633871,0.00541486,0.00603683,0.003424,-0.992651,0.00532146,1.82634,1.0976,0.000335445,0.151238,0.000633871,0.000902476,0.000253547,0.0005596,0.151238,0.233795,6.61907e-07,2.64465,0.257098
2038.7917,264.358,265.805,0,0.0740133,0,0,0.000847072,0.000105495,-0.000847072,0,0,0.000607492,0,6.2124e-07,3.9756e-22,1.35739e-17,3.31511e-06,1.61263e-06,1.63877e-22,1.52883e-21,1.27268e-07,1.61263e-07,5.57982,83.0506,2.96199,0.291213,75.4978,0.247204,3.52923,0.00334562,0.247204,1.68179,0.0620961,-0.318001,0.603814,0.00532244,-0.992665,0.00618012,0.00540726,0.0058858,0.0034315,-0.992665,0.00529685,1.82635,1.09762,0.000356744,0.151239,0.000618012,0.000901211,0.000247204,0.000560798,0.151239,0.128111,6.2124e-07,2.61783,0.250549
2038.8750,263.967,264.63,0,0.0660016,0,0,0.000767058,1.39477e-05,-0.000767058,0,0,0.000596725,0,5.78646e-07,0,1.40911e-17,6.88741e-07,1.57196e-06,0,1.58614e-21,1.8341e-08,1.57196e-07,5.55004,83.0524,2.95122,0.31722,75.4975,0.240969,3.52334,0.0031503,0.240969,1.68762,0.0617568,-0.317724,0.603898,0.00586893,-0.992691,0.00602425,0.0053995,0.00573735,0.00344358,-0.992691,0.00527248,1.82637,1.09762,0.000393922,0.151238,0.000602425,0.000899917,0.000240969,0.00056274,0.151238,0.142796,5.78646e-07,2.59882,0.244119
2038.9583,267.504,267.841,0,0.0660015,0,0,0.000782517,9.95278e-06,-0.000782517,0,0,0.000586051,0,5.415e-07,0,1.42427e-17,4.99556e-07,1.53167e-06,0,1.60231e-21,1.29349e-08,1.53167e-07,5.5185,83.053,2.94044,0.343539,75.4974,0.234793,3.51736,0.00296342,0.234793,1.69358,0.0614185,-0.31745,0.603955,0.00642394,-0.992703,0.00586985,0.00539155,0.0055903,0.00345592,-0.992703,0.00524815,1.82638,1.09762,0.000431454,0.151238,0.000586985,0.000898591,0.000234793,0.000564729,0.151238,0.125,5.415e-07,2.57805,0.237756
2039.0417,265.898,266.386,0,0.0660045,0,0,0.000731231,9.36624e-06,-0.000731231,0,0,0.000576138,0,5.07989e-07,0,1.43111e-17,4.36972e-07,1.49428e-06,0,1.60913e-21,1.14508e-08,1.49428e-07,5.48955,83.0541,2.93034,0.368,75.4973,0.229061,3.51168,0.00279581,0.229061,1.69925,0.0611027,-0.317196,0.604006,0.00694055,-0.992713,0.00572656,0.00538392,0.00545384,0.00346763,-0.992713,0.0052254,1.8264,1.09761,0.000466408,0.151238,0.000572656,0.000897321,0.000229061,0.000566619,0.151238,0.138122,5.07989e-07,2.55921,0.231857
2039.1250,266.112,266.284,0,0.0941954,0,0,0.000813996,8.38543e-05,-0.000813996,0,0,0.000566464,0,4.79101e-07,6.0866e-08,1.4524e-17,-3.52763e-06,1.45782e-06,3.41856e-09,1.63222e-21,4.57253e-08,1.45782e-07,5.46179,83.0557,2.92039,0.391652,75.4974,0.223472,3.50601,0.00263784,0.223472,1.70491,0.0607927,-0.316949,0.604046,0.00744073,-0.992707,0.00558683,0.00537625,0.00532076,0.00347928,-0.992707,0.00520304,1.82641,1.09761,0.00050019,0.151238,0.000558683,0.000896042,0.000223472,0.000568504,0.151238,0.306879,4.79101e-07,2.5414,0.22611
2039.2083,271.187,271.064,0.055689,0.630449,0.0156283,9.47389e-05,0.00104851,0.000602327,-0.000953771,4.42972e-10,1.30257e-07,0.000556701,5.30677e-14,4.68827e-07,3.31639e-05,1.44019e-17,-1.66652e-05,1.50776e-06,2.57389e-06,1.61831e-21,3.4041e-07,1.48258e-07,5.42706,83.0451,2.91025,0.404988,75.5029,0.217835,3.50015,0.00248379,0.217835,1.71017,0.0604782,-0.316825,0.603742,0.00771137,-0.992246,0.00544591,0.00536827,0.00518655,0.0034901,-0.992246,0.00518032,1.82643,1.09762,0.000516377,0.151253,0.000544592,0.000894712,0.000217835,0.000570258,0.151253,0.727494,4.68827e-07,2.51681,0.220319
2039.2917,285.934,284.449,1.90978,0.234479,1.3016,0.0072135,0.00308749,0.00273433,0.004126,1.51264e-07,2.17228e-05,0.000565648,1.05893e-09,4.93695e-07,2.64245e-05,1.21051e-17,2.45393e-05,3.20134e-05,3.08129e-06,1.36546e-21,2.94662e-06,2.3417e-06,5.42261,83.0112,2.91797,0.355608,75.5244,0.223088,3.50336,0.0025442,0.223088,1.70859,0.060535,-0.318496,0.601302,0.00661105,-0.990432,0.00557724,0.00537281,0.00531163,0.0034868,-0.990432,0.00518424,1.82644,1.09764,0.000442118,0.151312,0.000557724,0.000895468,0.000223088,0.000569731,0.151312,1.92489,4.94754e-07,2.50463,0.225633
2039.3750,293.961,292.712,2.22077,0.188661,2.2559,0.0109814,0.00489461,0.00260642,0.00608674,2.8039e-07,3.60655e-05,0.000623459,6.71902e-09,5.7867e-07,7.10693e-06,1.22675e-17,5.00357e-05,6.26747e-05,8.82813e-07,1.38523e-21,3.37041e-06,4.55988e-06,5.51693,83.057,2.97264,0.312934,75.5255,0.256718,3.53071,0.00314189,0.256718,1.70161,0.0616453,-0.318485,0.600944,0.00573951,-0.990286,0.00641798,0.00541089,0.00611233,0.00347243,-0.990286,0.00526415,1.82646,1.09764,0.000383648,0.151313,0.000641798,0.000901816,0.000256718,0.000567405,0.151313,2.96749,5.85389e-07,2.54429,0.25986
2039.4583,294.255,293.422,2.57498,0.146919,1.77063,0.00867986,0.00455881,0.00171552,0.00412105,2.02473e-07,3.05223e-05,0.000688108,5.12236e-09,6.66777e-07,2.00568e-06,1.29409e-17,3.21304e-05,4.99005e-05,2.82273e-07,1.46126e-21,2.21556e-06,3.6444e-06,5.64268,83.1558,3.03436,0.29407,75.5225,0.294274,3.56212,0.00379312,0.294274,1.69655,0.0630541,-0.318301,0.600314,0.0053668,-0.990498,0.00735689,0.00545488,0.00700654,0.00346208,-0.990498,0.00536584,1.82647,1.09759,0.000358271,0.151302,0.000735689,0.000909147,0.000294275,0.000565717,0.151302,2.27584,6.719e-07,2.60833,0.298068
2039.5417,290.651,290.492,2.77979,0.201578,1.15463,0.0064723,0.00421652,0.00214594,0.00225577,1.33815e-07,2.2791e-05,0.000724864,2.32563e-09,7.15562e-07,7.05095e-06,1.27931e-17,4.73089e-05,3.53693e-05,1.18608e-06,1.44476e-21,2.86676e-06,2.60085e-06,5.71344,83.2047,3.06986,0.281495,75.5187,0.315605,3.58054,0.00411539,0.315605,1.69105,0.063905,-0.318129,0.600157,0.00512123,-0.990763,0.00789017,0.00548107,0.00751442,0.0034509,-0.990763,0.00542745,1.82649,1.09758,0.000340869,0.15129,0.000789017,0.000913512,0.000315605,0.000563884,0.15129,1.84226,7.17888e-07,2.64358,0.319721
2039.6250,285.641,285.659,2.84503,0.211727,0.591829,0.00340138,0.00331091,0.00195323,9.04675e-05,5.11328e-08,1.15539e-05,0.000736525,2.70333e-10,7.24979e-07,5.65883e-06,1.24335e-17,4.6415e-05,1.51188e-05,1.21038e-06,1.40435e-21,2.60657e-06,1.14304e-06,5.72826,83.1962,3.08159,0.27083,75.5122,0.322345,3.58703,0.00415332,0.322345,1.68491,0.064154,-0.31805,0.600727,0.0049062,-0.991276,0.00805867,0.0054908,0.00767489,0.00343842,-0.991276,0.00544577,1.82651,1.09761,0.00032679,0.15127,0.000805867,0.000915134,0.000322345,0.000561838,0.15127,0.97611,7.25249e-07,2.64667,0.326499
2039.7083,275.436,276.234,1.60084,0.383506,0.0762891,0.000628038,0.00184232,0.00128021,-0.00121428,2.18199e-09,7.21665e-07,0.000729708,6.4291e-12,7.04519e-07,8.05896e-06,1.21925e-17,3.21075e-05,2.63184e-06,1.56603e-06,1.37702e-21,1.68524e-06,2.47189e-07,5.69802,83.1533,3.0757,0.267598,75.5066,0.318351,3.58456,0.00398881,0.318351,1.68102,0.0639268,-0.317946,0.601601,0.0048384,-0.991742,0.00795882,0.0054881,0.0075798,0.00343058,-0.991742,0.00542985,1.82653,1.09767,0.000323194,0.151255,0.000795882,0.000914683,0.000318351,0.000560543,0.151255,0.480435,7.04526e-07,2.62232,0.32234
2039.7917,269.72,270.057,0,0.556347,0,0,0.00100354,0.00019099,-0.00100354,0,0,0.000715971,0,6.66291e-07,6.90261e-15,1.30302e-17,5.30078e-06,2.02453e-06,1.83915e-15,1.47075e-21,2.12965e-07,2.02453e-07,5.6602,83.1367,3.0631,0.287868,75.5044,0.310346,3.5786,0.00375633,0.310346,1.68421,0.0635176,-0.317694,0.602041,0.00525363,-0.991944,0.00775869,0.00548047,0.00738919,0.00343728,-0.991944,0.00540086,1.82655,1.09769,0.000353038,0.151249,0.000775869,0.000913412,0.000310346,0.000561604,0.151249,0.161718,6.66291e-07,2.5971,0.314102
2039.8750,270.147,270.337,0,0.556344,0,0,0.00098962,0.000179869,-0.00098962,0,0,0.000702532,0,6.22805e-07,8.05401e-36,1.32899e-17,2.94151e-06,1.97347e-06,2.35701e-36,1.49898e-21,1.62624e-07,1.97347e-07,5.62672,83.1363,3.05068,0.315336,75.5046,0.302519,3.57262,0.00353703,0.302519,1.68972,0.0631157,-0.317356,0.602203,0.00582015,-0.991943,0.00756301,0.00547274,0.00720283,0.00344875,-0.991943,0.00537235,1.82657,1.0977,0.000392614,0.15125,0.000756301,0.000912123,0.000302519,0.000563439,0.15125,0.171369,6.22805e-07,2.57604,0.306056
2039.9583,267.977,268.215,0,0.556344,0,0,0.000899762,0.000117911,-0.000899762,0,0,0.000689211,0,5.82024e-07,0,1.36996e-17,8.5547e-07,1.92289e-06,0,1.54414e-21,8.93658e-08,1.92289e-07,5.59352,83.1368,3.03826,0.342481,75.5054,0.294765,3.56656,0.00332721,0.294765,1.6954,0.0627155,-0.317021,0.602304,0.00638113,-0.991882,0.00736916,0.00546481,0.00701822,0.00346056,-0.991882,0.00534392,1.82659,1.0977,0.000431612,0.151253,0.000736916,0.000910802,0.000294765,0.000565334,0.151253,0.159603,5.82024e-07,2.55526,0.298092
2040.0417,267.703,267.87,0,0.556344,0,0,0.000899896,8.86579e-05,-0.000899896,0,0,0.000676841,0,5.47073e-07,0,1.4007e-17,-1.28518e-07,1.87595e-06,0,1.57788e-21,5.33975e-08,1.87595e-07,5.5616,83.138,3.02663,0.369079,75.5063,0.28757,3.5608,0.00313903,0.28757,1.70096,0.0623422,-0.31671,0.602351,0.00693458,-0.991809,0.00718927,0.0054572,0.0068469,0.00347208,-0.991809,0.00531737,1.82661,1.0977,0.000469508,0.151256,0.000718927,0.000909534,0.00028757,0.000567187,0.151256,0.200126,5.47073e-07,2.53497,0.290709
2040.1250,270.066,270.073,0,0.565538,0,0,0.00111288,0.000105808,-0.00111288,0,0,0.000664772,0,5.23559e-07,2.12347e-20,1.41341e-17,-1.45882e-06,1.83018e-06,6.79702e-22,1.59132e-21,4.97512e-08,1.83018e-07,5.52719,83.1361,3.01519,0.394835,75.5075,0.280553,3.55504,0.00296166,0.280553,1.70654,0.0619763,-0.31642,0.602362,0.00747096,-0.991712,0.00701385,0.00544954,0.00667983,0.00348362,-0.991712,0.00529131,1.82663,1.0977,0.00050624,0.151259,0.000701385,0.000908256,0.000280553,0.000569048,0.151259,0.450033,5.23559e-07,2.512,0.283514
2040.2083,271.995,271.995,0,0.704732,0,0,0.00111841,0.000249769,-0.00111841,0,0,0.000652592,0,5.10613e-07,4.84057e-13,1.40865e-17,-5.03703e-06,1.78401e-06,1.37766e-14,1.58561e-21,1.60207e-07,1.78401e-07,5.48928,83.1279,3.00355,0.414511,75.5121,0.273476,3.54911,0.00278869,0.273476,1.71198,0.0616054,-0.31625,0.602112,0.00787372,-0.991336,0.00683693,0.00544156,0.00651133,0.00349484,-0.991336,0.00526485,1.82665,1.0977,0.000532682,0.151272,0.000683693,0.000906926,0.000273476,0.00057086,0.151272,0.755297,5.10613e-07,2.48573,0.276265
2040.2917,279.995,278.803,1.77617,0.44555,0.818045,0.00563953,0.00224804,0.0025871,0.00339149,6.97381e-08,1.32167e-05,0.000643951,1.90349e-10,5.202e-07,7.2151e-05,1.19192e-17,2.39943e-06,1.81127e-05,6.72563e-06,1.3456e-21,2.4838e-06,1.35849e-06,5.4662,83.1019,2.9958,0.393851,75.5285,0.268438,3.54558,0.00268057,0.268438,1.71336,0.0613763,-0.317648,0.600051,0.00738789,-0.989961,0.00671097,0.00543685,0.00639137,0.00349768,-0.989961,0.00524861,1.82666,1.09772,0.000498654,0.151318,0.000671097,0.000906142,0.000268438,0.000571323,0.151318,1.39841,5.2039e-07,2.4704,0.271118
2040.3750,289.02,288.033,2.40194,0.26364,1.71548,0.0108518,0.00380151,0.00310414,0.00705033,2.10974e-07,3.30474e-05,0.000657396,2.52737e-09,5.71881e-07,2.56536e-05,1.09069e-17,5.51532e-05,5.12587e-05,4.09756e-06,1.2356e-21,3.92226e-06,3.76438e-06,5.54713,83.1261,3.01321,0.335714,75.5373,0.276057,3.55831,0.00294445,0.276057,1.70587,0.0620362,-0.318612,0.598881,0.00616727,-0.989179,0.00690145,0.00545468,0.00657277,0.00348222,-0.989179,0.00529676,1.82668,1.09775,0.000416092,0.15134,0.000690145,0.000909113,0.000276057,0.000568824,0.15134,2.42922,5.74409e-07,2.53392,0.279001
2040.4583,293.649,292.672,2.57004,0.171612,2.17858,0.010635,0.00473351,0.00237888,0.00590153,2.18652e-07,3.43623e-05,0.000688489,4.96114e-09,6.57894e-07,1.0939e-06,1.1458e-17,5.02601e-05,5.41751e-05,1.63951e-07,1.29902e-21,3.14341e-06,3.97948e-06,5.7001,83.2306,3.051,0.299595,75.5333,0.293766,3.58442,0.00349111,0.293766,1.6976,0.0633338,-0.318702,0.598517,0.00544622,-0.989464,0.00734417,0.0054912,0.00699442,0.00346524,-0.989464,0.00539131,1.8267,1.09774,0.000367294,0.151326,0.000734417,0.0009152,0.000293766,0.000566068,0.151326,2.6583,6.62855e-07,2.64909,0.297257
2040.5417,289.767,289.571,2.68389,0.212023,0.99782,0.00647292,0.00403628,0.0022603,0.00243664,1.16531e-07,2.19576e-05,0.000709479,1.82271e-09,7.14015e-07,1.20637e-05,1.15676e-17,5.18497e-05,3.05395e-05,1.66362e-06,1.31142e-21,3.04619e-06,2.26513e-06,5.79506,83.2945,3.07766,0.28086,75.5275,0.305661,3.60361,0.00384853,0.305661,1.69106,0.0641971,-0.31856,0.598618,0.00507713,-0.989904,0.00764156,0.00551834,0.00727765,0.00345187,-0.989904,0.00545441,1.82672,1.09774,0.000342067,0.151308,0.000764157,0.000919723,0.000305661,0.000563888,0.151308,1.58203,7.15838e-07,2.7174,0.30951
2040.6250,282.566,282.991,2.65543,0.198532,0.421903,0.00280243,0.00280573,0.00174665,-3.29361e-06,3.46362e-08,8.76795e-06,0.00071198,2.29873e-10,7.16624e-07,9.6231e-07,1.15244e-17,4.16986e-05,1.0566e-05,2.31632e-07,1.3064e-21,2.33431e-06,8.17686e-07,5.81127,83.2866,3.08335,0.269574,75.5204,0.306961,3.60932,0.0038854,0.306961,1.68536,0.0643667,-0.318447,0.599371,0.00485179,-0.990476,0.00767406,0.00552688,0.00730859,0.00344025,-0.990476,0.00546721,1.82674,1.09779,0.00032718,0.151288,0.000767406,0.000921146,0.000306961,0.000561986,0.151288,0.780753,7.16854e-07,2.72792,0.310846
2040.7083,269.196,270.46,0.670856,0.173028,0.0161783,0.000180752,0.00134148,0.00071379,-0.00116073,0,0,0.000700761,0,6.88128e-07,6.54499e-07,1.17884e-17,1.7562e-05,1.9597e-06,1.50975e-07,1.33558e-21,9.1426e-07,1.9597e-07,5.77554,83.2496,3.07336,0.27319,75.5165,0.300408,3.60484,0.00369287,0.300408,1.68437,0.0640403,-0.31816,0.600237,0.00492535,-0.990801,0.00751023,0.00552128,0.00715256,0.00343836,-0.990801,0.00544411,1.82676,1.09783,0.000332982,0.151277,0.000751023,0.000920213,0.000300408,0.000561659,0.151277,0.372276,6.88128e-07,2.70218,0.304101
2040.7917,262.41,263.749,0.198402,0.0524311,0.000441048,1.25507e-06,0.000941624,3.4326e-05,-0.000940369,0,0,0.000687738,0,6.43504e-07,5.56876e-42,1.31674e-17,1.60681e-06,1.91027e-06,1.45315e-42,1.49081e-21,4.53431e-08,1.91027e-07,5.73757,83.2417,3.06115,0.299128,75.5157,0.29283,3.59882,0.0034772,0.29283,1.68933,0.063647,-0.317836,0.60049,0.00546279,-0.990884,0.00732079,0.00551345,0.00697215,0.00344867,-0.990884,0.00541615,1.82678,1.09784,0.000370007,0.151275,0.000732079,0.000918909,0.00029283,0.00056331,0.151275,0.047589,6.43504e-07,2.67642,0.296307
2040.8750,256.703,257.886,0,0.039088,0,0,0.000643583,1.90369e-06,-0.000643583,0,0,0.000675036,0,5.97482e-07,0,1.46071e-17,1.35302e-07,1.86209e-06,0,1.65289e-21,3.18033e-09,1.86209e-07,5.70573,83.2467,3.04914,0.330081,75.5155,0.285445,3.59282,0.0032742,0.285445,1.69532,0.0632615,-0.317515,0.60055,0.00611024,-0.990899,0.00713615,0.00550556,0.0067963,0.0034611,-0.990899,0.00538872,1.82679,1.09784,0.000413628,0.151275,0.000713615,0.000917594,0.000285445,0.000565308,0.151275,0.0715938,5.97482e-07,2.65659,0.288719
2040.9583,258.472,259.109,0,0.0391753,0,0,0.00065729,3.38628e-07,-0.00065729,0,0,0.000662446,0,5.54808e-07,0,1.55012e-17,2.8337e-08,1.81437e-06,0,1.75312e-21,6.42879e-10,1.81437e-07,5.67519,83.2531,3.03713,0.360996,75.5155,0.278129,3.58672,0.00307997,0.278129,1.70142,0.0628777,-0.317198,0.600593,0.00675817,-0.9909,0.00695325,0.00549748,0.00662211,0.00347372,-0.9909,0.00536135,1.82681,1.09784,0.000457188,0.151275,0.000695325,0.000916246,0.000278129,0.00056734,0.151275,0.0968912,5.54808e-07,2.63806,0.281208
2041.0417,261.861,262.199,0,0.0391182,0,0,0.000701007,1.71367e-07,-0.000701007,0,0,0.000650756,0,5.19397e-07,0,1.53983e-17,1.46261e-08,1.77008e-06,0,1.7406e-21,3.27336e-10,1.77008e-07,5.64497,83.2574,3.02589,0.389732,75.5155,0.271339,3.58092,0.00290577,0.271339,1.70721,0.0625195,-0.316903,0.600632,0.0073612,-0.990901,0.00678351,0.00548972,0.00646046,0.00348568,-0.990901,0.00533579,1.82683,1.09784,0.000497743,0.151275,0.000678351,0.000914954,0.000271339,0.000569271,0.151275,0.103454,5.19397e-07,2.61908,0.274245
2041.1250,265.368,265.391,0,0.039201,0,0,0.000900643,1.55932e-07,-0.000900643,0,0,0.000639348,0,4.92351e-07,0,1.28064e-17,1.3288e-08,1.72689e-06,0,1.44688e-21,2.97591e-10,1.72689e-07,5.61272,83.259,3.01482,0.417798,75.5155,0.264718,3.57514,0.00274158,0.264718,1.71299,0.0621683,-0.316616,0.600669,0.00795095,-0.990901,0.00661799,0.00548192,0.00630282,0.0034976,-0.990901,0.00531068,1.82685,1.09784,0.00053742,0.151275,0.000661799,0.000913654,0.000264718,0.000571199,0.151275,0.332817,4.92351e-07,2.59791,0.26746
2041.2083,272.461,271.725,0.718855,0.192273,0.13067,0.00101314,0.00130099,0.00122824,-0.000287848,4.14953e-09,1.23107e-06,0.000627883,5.37816e-13,4.76588e-07,5.24523e-05,1.09863e-17,-2.99674e-05,2.62674e-06,4.5618e-06,1.24165e-21,6.68789e-07,2.36322e-07,5.57593,83.2488,3.00361,0.432439,75.5222,0.258068,3.56921,0.00258241,0.258068,1.71828,0.061814,-0.316771,0.600003,0.00824702,-0.990344,0.00645175,0.00547386,0.00614449,0.00350849,-0.990344,0.00528533,1.82686,1.09784,0.000555903,0.151293,0.000645175,0.00091231,0.000258068,0.000572962,0.151293,0.62989,4.76588e-07,2.57232,0.260651
2041.2917,284.61,282.862,2.22287,0.200832,1.35917,0.00771186,0.00283562,0.00226966,0.00487624,1.29571e-07,2.33425e-05,0.000626173,4.36807e-10,4.96742e-07,5.1514e-06,9.08833e-18,2.27057e-05,3.10036e-05,8.52085e-07,1.03052e-21,2.46687e-06,2.2959e-06,5.58332,83.2229,3.00416,0.375034,75.5485,0.256986,3.57133,0.0026148,0.256986,1.71604,0.0618538,-0.317928,0.597863,0.00697267,-0.988121,0.00642469,0.00547691,0.00611872,0.00350382,-0.988121,0.00528851,1.82688,1.09787,0.000469898,0.151365,0.000642469,0.000912818,0.000256986,0.000572215,0.151365,1.75012,4.97179e-07,2.57917,0.259601
2041.3750,295.83,292.771,2.3103,0.100645,1.73175,0.00720165,0.0035927,0.00144078,0.00360895,1.33634e-07,2.37708e-05,0.00064279,2.24586e-09,5.57752e-07,4.35703e-09,9.79204e-18,2.21615e-05,3.19657e-05,4.83059e-10,1.11059e-21,1.71704e-06,2.36769e-06,5.67696,83.2943,3.02711,0.351246,75.5523,0.266327,3.58904,0.00299274,0.266327,1.71378,0.0626166,-0.317663,0.597525,0.00647031,-0.987774,0.00665822,0.00550162,0.00634113,0.00349915,-0.987774,0.00534427,1.8269,1.09785,0.000437317,0.151375,0.000665822,0.000916937,0.000266327,0.000571461,0.151375,1.89619,5.59998e-07,2.64985,0.26932
2041.4583,295.018,293.848,2.36606,0.199486,1.61303,0.0082689,0.00422389,0.0026158,0.00404501,1.68762e-07,2.87488e-05,0.000653422,4.43494e-09,6.08734e-07,2.30441e-05,1.20146e-17,4.40797e-05,4.02467e-05,2.83495e-06,1.36363e-21,3.32772e-06,2.97127e-06,5.72776,83.3265,3.04297,0.333657,75.5538,0.272255,3.60194,0.00324244,0.272255,1.71131,0.0631172,-0.317651,0.597235,0.00611646,-0.987614,0.0068064,0.00551982,0.00648225,0.0034941,-0.987614,0.00538098,1.82691,1.09785,0.000412978,0.151377,0.00068064,0.000919969,0.000272255,0.000570639,0.151377,2.45271,6.13169e-07,2.68479,0.275497
2041.5417,292.457,292.014,2.4678,0.157798,1.3446,0.00678991,0.00428001,0.00206944,0.0025099,1.29526e-07,2.35528e-05,0.000672586,2.99984e-09,6.743e-07,1.92557e-07,1.21398e-17,4.2809e-05,3.18949e-05,2.96034e-08,1.37928e-21,2.73436e-06,2.3656e-06,5.81778,83.3739,3.06947,0.302311,75.5501,0.283023,3.62239,0.0036446,0.283023,1.7038,0.0639223,-0.317777,0.597182,0.00549356,-0.987854,0.00707562,0.0055486,0.00673865,0.00347869,-0.987854,0.00543994,1.82693,1.09787,0.000370463,0.151363,0.000707562,0.000924766,0.000283023,0.000568134,0.151363,1.69152,6.773e-07,2.74831,0.286668
2041.6250,285.725,285.835,2.48818,0.180192,0.546097,0.00324196,0.0031224,0.00171521,0.00011956,4.56095e-08,1.10667e-05,0.000676627,3.64883e-10,6.82751e-07,1.30884e-06,1.22245e-17,3.50245e-05,1.25567e-05,2.29109e-07,1.38868e-21,2.25277e-06,9.59713e-07,5.83834,83.3754,3.07767,0.290782,75.5465,0.285172,3.63026,0.00374234,0.285172,1.69979,0.0641484,-0.317482,0.597741,0.00526922,-0.988111,0.00712934,0.00556005,0.00678982,0.00347053,-0.988111,0.00545681,1.82695,1.0979,0.000354876,0.151351,0.000712934,0.000926676,0.000285172,0.000566797,0.151351,0.925663,6.83115e-07,2.76067,0.288915
2041.7083,274.482,275.376,1.94505,0.244695,0.107117,0.00064532,0.00173706,0.000994473,-0.00109174,2.53839e-09,9.86294e-07,0.000667878,3.90532e-12,6.57958e-07,5.17592e-08,1.22187e-17,2.2207e-05,2.42211e-06,1.44508e-08,1.38773e-21,1.28477e-06,2.25372e-07,5.80633,83.3341,3.07027,0.286859,75.5433,0.280043,3.6273,0.00359259,0.280043,1.69761,0.0639011,-0.317208,0.598581,0.00519541,-0.988352,0.00700112,0.0055565,0.0066677,0.00346614,-0.988352,0.0054393,1.82697,1.09795,0.000349835,0.151341,0.000700112,0.000926083,0.000280043,0.00056607,0.151341,0.395761,6.57962e-07,2.73606,0.283636
2041.7917,268.456,269.005,0,0.512119,0,0,0.000989701,0.00026132,-0.000989701,0,0,0.000655772,0,6.26669e-07,5.95875e-17,1.27082e-17,5.51799e-06,1.781e-06,2.17237e-18,1.44235e-21,2.92321e-07,1.781e-07,5.76752,83.3151,3.05862,0.303724,75.5425,0.273013,3.6213,0.00338389,0.273013,1.70134,0.0635295,-0.316912,0.598968,0.0055398,-0.988422,0.00682536,0.00554865,0.00650031,0.00347392,-0.988422,0.00541277,1.82698,1.09797,0.000374542,0.15134,0.000682536,0.000924775,0.000273013,0.000567315,0.15134,0.266434,6.26669e-07,2.7089,0.276397
2041.8750,264.178,264.669,0,0.484444,0,0,0.000778416,2.58432e-05,-0.000778416,0,0,0.000643906,0,5.85316e-07,0,1.35288e-17,9.88022e-07,1.73608e-06,0,1.53453e-21,3.04735e-08,1.73608e-07,5.73618,83.3158,3.04708,0.330111,75.5424,0.266128,3.61525,0.00318633,0.266128,1.70707,0.0631631,-0.31661,0.599091,0.00608866,-0.988439,0.00665322,0.00554066,0.00633637,0.0034858,-0.988439,0.00538659,1.827,1.09797,0.000412207,0.15134,0.000665322,0.000923444,0.000266128,0.000569225,0.15134,0.0863455,5.85316e-07,2.6891,0.269314
2041.9583,262.155,262.543,0,0.484444,0,0,0.000748342,3.77723e-06,-0.000748342,0,0,0.000632143,0,5.4443e-07,0,1.4245e-17,2.22529e-07,1.69158e-06,0,1.61485e-21,5.49645e-09,1.69158e-07,5.70477,83.3193,3.03554,0.358965,75.5423,0.259306,3.60911,0.00299732,0.259306,1.71319,0.0627981,-0.316311,0.599148,0.00669368,-0.98845,0.0064827,0.00553248,0.00617396,0.00349845,-0.98845,0.00536046,1.82702,1.09797,0.000453051,0.151339,0.00064827,0.00092208,0.000259306,0.000571265,0.151339,0.0970692,5.4443e-07,2.66923,0.262304
2042.0417,265.691,265.858,0,0.484444,0,0,0.000769951,1.76669e-06,-0.000769951,0,0,0.00062122,0,5.08841e-07,0,1.46158e-17,1.24446e-07,1.65029e-06,0,1.65604e-21,2.89438e-09,1.65029e-07,5.67427,83.3215,3.02472,0.385976,75.5423,0.252977,3.60328,0.0028278,0.252977,1.71902,0.0624575,-0.316034,0.59919,0.0072613,-0.988453,0.00632445,0.00552464,0.00602325,0.00351047,-0.988453,0.00533604,1.82703,1.09797,0.000491283,0.151339,0.000632445,0.000920774,0.000252977,0.000573207,0.151339,0.0845346,5.08841e-07,2.64954,0.255804
2042.1250,266.879,266.971,0,0.488202,0,0,0.000857608,1.66853e-06,-0.000857608,0,0,0.000610561,0,4.78661e-07,0,1.47667e-17,1.15223e-07,1.61002e-06,0,1.67228e-21,2.68141e-09,1.61002e-07,5.64347,83.3229,3.01408,0.412362,75.5423,0.246804,3.59746,0.00266801,0.246804,1.72484,0.0621233,-0.315765,0.59923,0.00781661,-0.988457,0.00617013,0.00551676,0.00587628,0.00352245,-0.988457,0.00531205,1.82705,1.09797,0.000528699,0.151339,0.000617013,0.000919459,0.000246804,0.000575147,0.151339,0.280091,4.78661e-07,2.6294,0.249472
2042.2083,273.927,273.391,0.839706,0.509857,0.155719,0.00137854,0.00140334,0.00170881,-2.48002e-05,5.23766e-09,1.61432e-06,0.000599943,3.32744e-13,4.68212e-07,5.75094e-05,1.36208e-17,-1.80534e-05,2.70453e-06,4.97805e-06,1.54436e-21,1.30426e-06,2.38266e-07,5.60627,83.3009,3.00339,0.412339,75.5533,0.240659,3.59156,0.0025145,0.240659,1.72895,0.0617885,-0.316364,0.598057,0.00778898,-0.987529,0.00601651,0.00550869,0.00572998,0.00353089,-0.987529,0.00528798,1.82707,1.09798,0.000525447,0.15137,0.000601651,0.000918115,0.000240659,0.000576517,0.15137,0.753499,4.68212e-07,2.60289,0.243174
2042.2917,286.466,284.785,2.08543,0.190052,1.5064,0.00773958,0.0031156,0.00220935,0.00462398,1.48636e-07,2.39289e-05,0.000602687,1.1664e-09,4.93553e-07,2.54615e-06,1.19812e-17,3.19703e-05,3.34091e-05,3.93496e-07,1.36211e-21,2.65134e-06,2.46035e-06,5.61278,83.2701,3.00763,0.362098,75.5697,0.242193,3.59508,0.00258331,0.242193,1.72548,0.0618724,-0.317142,0.596904,0.00668392,-0.986126,0.00605486,0.00551364,0.0057665,0.00352369,-0.986126,0.00529414,1.82708,1.09802,0.000451774,0.151413,0.000605486,0.000918941,0.000242193,0.000575361,0.151413,1.89539,4.94719e-07,2.60516,0.244776
2042.3750,293.705,292.294,2.25591,0.15531,2.07372,0.0105596,0.00441117,0.0020415,0.00614847,2.42779e-07,3.53746e-05,0.00063471,5.40188e-09,5.72423e-07,2.86706e-07,1.21736e-17,3.30253e-05,5.51385e-05,3.42518e-08,1.38438e-21,2.58836e-06,4.04047e-06,5.72096,83.3494,3.04492,0.335849,75.5709,0.26051,3.61974,0.00312169,0.26051,1.72168,0.0628793,-0.316884,0.596546,0.00615043,-0.985975,0.00651279,0.005548,0.00620263,0.00351584,-0.985975,0.00536725,1.8271,1.09799,0.000415644,0.151414,0.000651279,0.000924667,0.00026051,0.000574093,0.151414,2.67644,5.77825e-07,2.67605,0.263632
2042.4583,294.688,293.767,2.45478,0.168083,1.60775,0.00843542,0.00440922,0.00202938,0.0040262,1.83932e-07,2.99832e-05,0.000671697,4.90614e-09,6.52298e-07,5.87e-06,1.25318e-17,3.50649e-05,4.40866e-05,6.998e-07,1.4254e-21,2.6367e-06,3.24167e-06,5.8444,83.4479,3.0882,0.316163,75.5702,0.281644,3.64854,0.00371937,0.281644,1.71716,0.064046,-0.316613,0.596026,0.00576991,-0.985962,0.00704112,0.00558832,0.0067058,0.0035066,-0.985962,0.00545209,1.82711,1.09796,0.000388077,0.151409,0.000704112,0.000931386,0.000281644,0.000572588,0.151409,2.33528,6.57204e-07,2.7562,0.285363
2042.5417,290.593,290.31,2.58069,0.253326,1.08048,0.00661252,0.00425267,0.00276511,0.00235985,1.31097e-07,2.33833e-05,0.00069496,2.12466e-09,6.99537e-07,3.92662e-05,1.16564e-17,6.49718e-05,3.3174e-05,5.01345e-06,1.32824e-21,3.78378e-06,2.45295e-06,5.91699,83.4801,3.11648,0.290007,75.5644,0.294887,3.66808,0.00407457,0.294887,1.70874,0.0647866,-0.317192,0.595634,0.00525851,-0.98636,0.00737221,0.00561602,0.00702112,0.00348936,-0.98636,0.00550613,1.82713,1.09798,0.000352488,0.151389,0.000737222,0.000936004,0.000294887,0.000569781,0.151389,1.79436,7.01662e-07,2.80051,0.298962
2042.6250,285.203,285.573,2.54851,0.209153,0.617765,0.00340071,0.00327441,0.00195163,0.000126299,5.05752e-08,1.13097e-05,0.000704214,4.67587e-10,7.19666e-07,2.91737e-06,1.169e-17,4.86519e-05,1.41827e-05,5.27225e-07,1.33273e-21,2.66138e-06,1.07783e-06,5.94122,83.4709,3.1292,0.273235,75.5551,0.300085,3.67787,0.00419184,0.300085,1.70127,0.06509,-0.317417,0.596189,0.00492177,-0.987092,0.00750216,0.00563029,0.00714488,0.00347411,-0.987092,0.00552853,1.82715,1.09803,0.000330756,0.151362,0.000750216,0.000938382,0.000300085,0.00056729,0.151362,1.13093,7.20133e-07,2.81201,0.304277
2042.7083,269.893,270.801,0.372469,0.267993,0.00987137,0.00010073,0.00127247,0.000609604,-0.00117174,7.52016e-13,0,0.000695094,3.12224e-18,7.04833e-07,1.17338e-06,1.20633e-17,1.59627e-05,1.92295e-06,2.19181e-07,1.37449e-21,7.87192e-07,1.9229e-07,5.9089,83.4359,3.12131,0.276755,75.5502,0.294745,3.67454,0.00400933,0.294745,1.70003,0.064817,-0.317179,0.597044,0.00499322,-0.987505,0.00736866,0.0056264,0.00701774,0.00347172,-0.987505,0.00550923,1.82717,1.09807,0.000336768,0.151348,0.000736866,0.000937733,0.000294745,0.000566878,0.151348,0.529846,7.04833e-07,2.78759,0.298754
2042.7917,270.992,271.176,0,0.250243,0,0,0.00110047,0.000161835,-0.00110047,0,0,0.000682304,0,6.64544e-07,3.5749e-26,1.2648e-17,4.52178e-06,1.87426e-06,1.01439e-26,1.44007e-21,1.74707e-07,1.87426e-07,5.87094,83.4273,3.10915,0.301967,75.5492,0.28731,3.66841,0.00377519,0.28731,1.70518,0.0644277,-0.316867,0.597312,0.00551154,-0.987601,0.00718279,0.00561852,0.00684072,0.00348246,-0.987601,0.00548152,1.82719,1.09808,0.000373193,0.151346,0.000718279,0.000936419,0.00028731,0.000568592,0.151346,0.178338,6.64544e-07,2.76179,0.291085
2042.8750,268.627,268.962,0,0.25024,0,0,0.000876258,0.000130546,-0.000876258,0,0,0.000669829,0,6.19378e-07,1.34582e-33,1.29728e-17,2.65288e-06,1.82699e-06,4.00098e-34,1.47599e-21,1.2188e-07,1.82699e-07,5.83754,83.4261,3.09719,0.328429,75.5492,0.280064,3.66228,0.00355478,0.280064,1.71093,0.0640463,-0.316551,0.597469,0.00605658,-0.987617,0.00700164,0.00561056,0.00666819,0.00349442,-0.987617,0.00545432,1.82721,1.09809,0.000411346,0.151346,0.000700164,0.000935094,0.000280064,0.000570509,0.151346,0.0964301,6.19378e-07,2.74035,0.283619
2042.9583,269.647,269.78,0,0.25024,0,0,0.000967206,0.000104315,-0.000967206,0,0,0.000657464,0,5.77223e-07,0,1.32968e-17,1.25548e-06,1.78017e-06,0,1.51187e-21,8.07958e-08,1.78017e-07,5.8036,83.4254,3.08524,0.355362,75.5496,0.272886,3.65607,0.00334392,0.272886,1.71688,0.0636663,-0.316237,0.597565,0.00661403,-0.98759,0.00682218,0.00560241,0.00649728,0.00350679,-0.98759,0.00542719,1.82723,1.09809,0.000449952,0.151348,0.000682218,0.000933734,0.000272886,0.000572495,0.151348,0.134584,5.77223e-07,2.71836,0.27623
2043.0417,269.132,269.288,0,0.25024,0,0,0.000955526,0.000104438,-0.000955526,0,0,0.000645981,0,5.4315e-07,0,1.3456e-17,7.64474e-07,1.73671e-06,0,1.52905e-21,7.12783e-08,1.73671e-07,5.77108,83.4241,3.07403,0.380154,75.5503,0.266224,3.65016,0.00315479,0.266224,1.72257,0.0633116,-0.315947,0.597634,0.00712749,-0.987538,0.00665564,0.00559458,0.00633868,0.00351856,-0.987538,0.00540184,1.82724,1.09809,0.000485563,0.15135,0.000665564,0.00093243,0.000266224,0.00057439,0.15135,0.274075,5.4315e-07,2.69705,0.269379
2043.1250,269.773,269.891,0,0.25024,0,0,0.000948184,0.000108729,-0.000948184,0,0,0.000634776,0,5.1684e-07,0,1.35313e-17,4.89217e-07,1.69433e-06,0,1.53669e-21,6.83139e-08,1.69433e-07,5.73662,83.42,3.063,0.403995,75.5512,0.259728,3.64426,0.00297653,0.259728,1.72825,0.0629639,-0.315664,0.597689,0.00762139,-0.987468,0.00649324,0.0055867,0.00618401,0.00353029,-0.987468,0.00537693,1.82726,1.09809,0.000519932,0.151353,0.000649324,0.000931117,0.000259728,0.000576284,0.151353,0.257284,5.1684e-07,2.67362,0.262705
2043.2083,272.519,272.316,0.078703,0.642684,0.0222435,0.000181481,0.00130338,0.000641237,-0.0011219,1.02062e-09,2.92757e-07,0.000623471,2.52766e-14,5.0095e-07,2.54077e-05,1.33568e-17,-1.87506e-05,1.87802e-06,1.3792e-06,1.51644e-21,3.17199e-07,1.8147e-07,5.69905,83.41,3.05177,0.421767,75.5554,0.253179,3.63818,0.00280276,0.253179,1.7338,0.0626112,-0.315524,0.597462,0.00798287,-0.987122,0.0063295,0.0055785,0.00602807,0.00354175,-0.987122,0.00535165,1.82727,1.09809,0.000544278,0.151365,0.00063295,0.00092975,0.000253179,0.000578135,0.151365,0.766845,5.0095e-07,2.64728,0.255982
2043.2917,285.648,284.048,2.17529,0.294015,1.4166,0.0079379,0.00305292,0.00309831,0.00488499,1.18961e-07,2.13103e-05,0.000621357,7.9801e-10,5.24708e-07,3.68349e-05,1.08516e-17,3.24304e-05,2.79523e-05,5.22695e-06,1.23646e-21,3.48731e-06,2.07227e-06,5.69513,83.3759,3.05151,0.37227,75.5768,0.251881,3.63953,0.00280744,0.251881,1.73173,0.0625911,-0.316942,0.595366,0.00688228,-0.985319,0.00629705,0.00558054,0.00599716,0.00353746,-0.985319,0.00535043,1.82729,1.09813,0.000468358,0.151423,0.000629705,0.000930089,0.000251881,0.000577445,0.151423,1.96434,5.25506e-07,2.64362,0.254688
2043.3750,293.08,291.544,2.29565,0.13491,2.25393,0.0106339,0.0042231,0.00196427,0.00641084,2.1726e-07,3.38769e-05,0.000644127,4.13717e-09,6.04168e-07,1.98124e-07,1.14426e-17,3.63543e-05,5.02233e-05,3.94658e-08,1.3051e-21,2.49213e-06,3.6951e-06,5.79797,83.4343,3.08136,0.332266,75.5783,0.264759,3.66159,0.00327634,0.264759,1.72574,0.0634634,-0.316947,0.595156,0.00605563,-0.985147,0.006619,0.00561136,0.00630378,0.00352511,-0.985147,0.00541408,1.82731,1.09814,0.000412765,0.151426,0.000661901,0.000935227,0.000264759,0.000575448,0.151426,2.62317,6.08305e-07,2.7166,0.268035
2043.4583,294.726,293.823,2.46192,0.18311,2.09,0.01007,0.00487058,0.00246552,0.0051994,2.0903e-07,3.34467e-05,0.000675289,5.62025e-09,6.84747e-07,8.02685e-06,1.17545e-17,4.68808e-05,5.00369e-05,9.05461e-07,1.34084e-21,3.23631e-06,3.68493e-06,5.93041,83.5384,3.1217,0.310399,75.5766,0.282395,3.69111,0.00388366,0.282395,1.721,0.0646098,-0.316749,0.594743,0.0056247,-0.985242,0.00705992,0.00565272,0.0067237,0.00351543,-0.985242,0.0054978,1.82732,1.09811,0.000382603,0.151418,0.000705992,0.000942121,0.000282395,0.000573869,0.151418,2.78052,6.90368e-07,2.80871,0.286279
2043.5417,293.239,292.939,2.57856,0.149741,1.43631,0.00667589,0.00446926,0.00184671,0.00220663,1.21659e-07,2.27877e-05,0.000697076,3.27222e-09,7.54779e-07,3.62059e-07,1.21506e-17,3.80838e-05,3.06189e-05,5.67224e-08,1.38635e-21,2.44949e-06,2.27376e-06,6.01343,83.589,3.15117,0.289467,75.5718,0.294664,3.71347,0.0042929,0.294664,1.71436,0.0654119,-0.316593,0.594855,0.00522008,-0.985583,0.00736664,0.00568439,0.00701581,0.00350187,-0.985583,0.00555656,1.82734,1.09811,0.000353878,0.151402,0.000736664,0.000947398,0.000294664,0.000571653,0.151402,1.90583,7.58051e-07,2.86227,0.298957
2043.6250,285.623,285.837,2.5982,0.138262,0.553176,0.003046,0.00303524,0.0012827,1.0763e-05,4.03504e-08,1.04408e-05,0.000700957,3.00035e-10,7.57384e-07,1.60262e-08,1.23662e-17,2.36663e-05,1.16118e-05,3.80337e-09,1.41054e-21,1.62916e-06,8.92666e-07,6.02749,83.596,3.15917,0.286944,75.5694,0.296722,3.7212,0.004353,0.296722,1.71218,0.065592,-0.316279,0.595203,0.00517932,-0.985751,0.00741808,0.00569589,0.00706481,0.00349755,-0.985751,0.00557013,1.82736,1.09813,0.000350228,0.151394,0.000741808,0.000949314,0.000296722,0.000570925,0.151394,0.77339,7.57685e-07,2.86832,0.301075
2043.7083,274.864,275.827,1.51208,0.213421,0.0805262,0.000620216,0.00182958,0.00109632,-0.00120937,1.79714e-09,7.93199e-07,0.000691543,1.52495e-12,7.26939e-07,3.94688e-07,1.21842e-17,2.21859e-05,2.33187e-06,1.03778e-07,1.38949e-21,1.38837e-06,2.20866e-07,5.99059,83.5576,3.15111,0.287579,75.5682,0.291208,3.71789,0.00416311,0.291208,1.71124,0.0653162,-0.31598,0.595835,0.00519753,-0.985824,0.00728022,0.00569205,0.00693351,0.00349579,-0.985824,0.0055506,1.82738,1.09817,0.000350793,0.15139,0.000728022,0.000948675,0.000291208,0.000570614,0.15139,0.467517,7.26941e-07,2.83948,0.295371
2043.7917,264.628,265.667,0,0.123382,0,0,0.00104406,0.000105182,-0.00104406,0,0,0.000678957,0,6.87764e-07,4.48079e-27,1.29029e-17,3.4155e-06,1.85199e-06,1.55192e-27,1.47053e-21,1.23741e-07,1.85199e-07,5.94946,83.5385,3.13906,0.306791,75.5671,0.283896,3.71173,0.00392107,0.283896,1.71507,0.0649314,-0.315666,0.596228,0.00559317,-0.985922,0.00709743,0.00568419,0.00675942,0.00350384,-0.985922,0.00552318,1.8274,1.09819,0.000378709,0.151387,0.000709743,0.000947365,0.000283896,0.000571891,0.151387,0.218667,6.87764e-07,2.81039,0.287817
2043.8750,264.334,264.864,0,0.109447,0,0,0.000889483,9.77642e-06,-0.000889483,0,0,0.000666623,0,6.45348e-07,0,1.36744e-17,5.56489e-07,1.80528e-06,0,1.55756e-21,1.39434e-08,1.80528e-07,5.91375,83.5384,3.12713,0.33655,75.5669,0.276736,3.70553,0.00369215,0.276736,1.7212,0.0645523,-0.315352,0.596312,0.0062135,-0.985946,0.00691842,0.00567618,0.00658894,0.00351658,-0.985946,0.00549613,1.82742,1.09819,0.000420738,0.151387,0.000691842,0.00094603,0.000276736,0.000573933,0.151387,0.217168,6.45348e-07,2.78662,0.280428
2043.9583,264.974,265.314,0,0.109447,0,0,0.000834825,7.03686e-06,-0.000834825,0,0,0.000654397,0,6.03595e-07,0,1.39601e-17,3.63738e-07,1.75901e-06,0,1.58923e-21,9.30423e-09,1.75901e-07,5.87994,83.5409,3.1152,0.366654,75.5668,0.269643,3.69924,0.00347314,0.269643,1.72748,0.0641747,-0.315041,0.596368,0.00684309,-0.985957,0.0067411,0.00566797,0.00642006,0.00352962,-0.985957,0.00546914,1.82743,1.09819,0.000463168,0.151386,0.00067411,0.000944661,0.000269643,0.000576027,0.151386,0.151017,6.03595e-07,2.76474,0.273116
2044.0417,267.501,267.668,0,0.109447,0,0,0.000928711,6.74349e-06,-0.000928711,0,0,0.000643043,0,5.67518e-07,0,1.40577e-17,3.24314e-07,1.71607e-06,0,1.59951e-21,8.37082e-09,1.71607e-07,5.84651,83.5413,3.10403,0.394643,75.5667,0.26306,3.69326,0.0032767,0.26306,1.73345,0.0638222,-0.314753,0.596418,0.00742928,-0.985964,0.00657655,0.00566008,0.00626334,0.00354198,-0.985964,0.00544391,1.82745,1.09819,0.000502682,0.151386,0.000657655,0.000943347,0.00026306,0.000578016,0.151386,0.173816,5.67518e-07,2.74249,0.266337
2044.1250,269.471,269.49,0,0.109447,0,0,0.00111646,7.08188e-06,-0.00111646,0,0,0.000631963,0,5.41255e-07,0,1.40938e-17,3.22183e-07,1.6742e-06,0,1.6028e-21,8.35252e-09,1.6742e-07,5.81096,83.539,3.09302,0.421961,75.5667,0.256642,3.6873,0.00309155,0.256642,1.7394,0.0634765,-0.314472,0.596465,0.00800228,-0.98597,0.00641607,0.00565214,0.00611051,0.0035543,-0.98597,0.00541914,1.82747,1.09819,0.000541331,0.151386,0.000641607,0.000942024,0.000256642,0.000580002,0.151386,0.528122,5.41255e-07,2.71795,0.259733
2044.2083,275.381,274.715,0.820418,0.299749,0.28414,0.00178283,0.00159642,0.00194737,0.000186407,1.48843e-08,3.54489e-06,0.000621218,1.37604e-11,5.29375e-07,7.14876e-05,1.28066e-17,-2.01768e-05,4.93735e-06,6.10048e-06,1.45849e-21,1.46406e-06,4.02027e-07,5.77194,83.5141,3.08233,0.419666,75.579,0.250418,3.6815,0.00291926,0.250418,1.74347,0.0631407,-0.315195,0.595102,0.00792808,-0.984928,0.00626048,0.00564437,0.00596233,0.00356268,-0.984928,0.00539504,1.82748,1.0982,0.000534789,0.15142,0.000626048,0.000940729,0.000250418,0.000581355,0.15142,0.757371,5.29389e-07,2.68961,0.253337
2044.2917,289.238,287.241,2.17807,0.167976,1.66989,0.0075425,0.00336216,0.00219108,0.00418033,1.25067e-07,2.21012e-05,0.000624458,1.27157e-09,5.57332e-07,2.2697e-06,1.13837e-17,3.29952e-05,2.90668e-05,3.61501e-07,1.3008e-21,2.61457e-06,2.15286e-06,5.78593,83.486,3.08836,0.363789,75.5969,0.252178,3.68705,0.00301315,0.252178,1.73934,0.0632796,-0.316251,0.593614,0.00670557,-0.983404,0.00630449,0.00565228,0.00600425,0.00355416,-0.983404,0.00540532,1.8275,1.09824,0.000453849,0.151468,0.000630449,0.000942047,0.000252178,0.000579981,0.151468,2.02612,5.58603e-07,2.69757,0.255192
2044.3750,297.021,295.159,2.25752,0.141182,1.83594,0.00809869,0.00417025,0.00206656,0.00392843,1.56084e-07,2.61012e-05,0.000639563,4.93605e-09,6.16061e-07,5.7492e-06,1.20385e-17,3.34979e-05,3.59356e-05,6.08348e-07,1.37586e-21,2.59222e-06,2.65395e-06,5.84002,83.5184,3.10876,0.343331,75.598,0.260692,3.7025,0.00332185,0.260692,1.73706,0.0638192,-0.316009,0.593621,0.00628256,-0.983281,0.00651734,0.00567399,0.00620696,0.00354948,-0.983281,0.00544473,1.82752,1.09824,0.000426265,0.15147,0.000651734,0.000945666,0.000260692,0.000579219,0.15147,2.42387,6.20997e-07,2.73126,0.264014
2044.4583,294.732,294.288,2.41744,0.190106,1.97396,0.0102424,0.004941,0.00259242,0.00530135,2.20556e-07,3.42237e-05,0.00066957,6.78421e-09,7.06733e-07,9.2129e-06,1.20561e-17,5.2558e-05,5.18803e-05,1.05316e-06,1.37942e-21,3.46138e-06,3.81781e-06,5.95136,83.5848,3.14734,0.309194,75.595,0.277693,3.73055,0.00389664,0.277693,1.7292,0.0648538,-0.316098,0.593345,0.00561003,-0.98344,0.00694236,0.00571331,0.00661174,0.00353334,-0.98344,0.00552025,1.82753,1.09824,0.000379284,0.151458,0.000694236,0.000952219,0.000277693,0.000576601,0.151458,2.76061,7.13517e-07,2.80402,0.28159
2044.5417,290.783,290.545,2.55047,0.199753,1.23902,0.00668338,0.00418413,0.00221857,0.00249925,1.2867e-07,2.35502e-05,0.000694417,2.31086e-09,7.6362e-07,6.46961e-06,1.21318e-17,4.89512e-05,3.20938e-05,9.55691e-07,1.38829e-21,3.0014e-06,2.38022e-06,6.04506,83.6446,3.18016,0.288298,75.5891,0.29172,3.75498,0.00435288,0.29172,1.72206,0.0657098,-0.315944,0.593486,0.00520542,-0.983864,0.00729303,0.00574786,0.00694571,0.00351875,-0.983864,0.0055829,1.82755,1.09825,0.000350907,0.151438,0.000729303,0.000957976,0.00029172,0.00057422,0.151438,1.83352,7.65931e-07,2.8649,0.296073
2044.6250,287.155,287.278,2.58709,0.147891,0.750039,0.00364529,0.00344768,0.00157576,0.000197606,5.35409e-08,1.2387e-05,0.000701408,5.59517e-10,7.72138e-07,2.46559e-07,1.22975e-17,3.58905e-05,1.46149e-05,5.65673e-08,1.40698e-21,2.09581e-06,1.11055e-06,6.06736,83.6451,3.19171,0.277934,75.5829,0.29556,3.76501,0.0044626,0.29556,1.71688,0.0659718,-0.315728,0.594129,0.0050042,-0.984341,0.00738902,0.00576255,0.00703713,0.00350823,-0.984341,0.00560238,1.82757,1.09828,0.000337214,0.151419,0.000738902,0.000960425,0.000295559,0.000572493,0.151419,0.918383,7.72698e-07,2.87565,0.300022
2044.7083,275.357,276.371,2.27923,0.183269,0.0765294,0.000568817,0.00187842,0.00111787,-0.00130961,4.99846e-10,2.23502e-07,0.00069304,8.00181e-13,7.39185e-07,1.44639e-07,1.23126e-17,2.16144e-05,2.0154e-06,4.29168e-08,1.40805e-21,1.40518e-06,1.98131e-07,6.03463,83.6119,3.18481,0.280372,75.5807,0.290644,3.76243,0.00428414,0.290644,1.7162,0.0657263,-0.315415,0.594808,0.00505686,-0.984514,0.00726614,0.00575977,0.0069201,0.003507,-0.984514,0.00558506,1.82759,1.09832,0.000340826,0.151412,0.000726614,0.000959962,0.000290644,0.000572265,0.151412,0.365623,7.39185e-07,2.84982,0.294928
2044.7917,262.527,263.698,0.286524,0.145128,0.00113944,4.17755e-06,0.000885564,6.98423e-05,-0.000881386,0,0,0.000680419,0,6.95232e-07,2.17342e-15,1.31867e-17,2.58259e-06,1.8482e-06,6.48068e-16,1.50719e-21,8.7168e-08,1.8482e-07,5.99441,83.5901,3.17265,0.29668,75.5798,0.283316,3.75615,0.00403403,0.283316,1.71929,0.0653396,-0.315107,0.59524,0.00539513,-0.984595,0.00708292,0.00575178,0.00674561,0.00351353,-0.984595,0.00555748,1.82761,1.09834,0.000364283,0.15141,0.000708292,0.00095863,0.000283315,0.000573296,0.15141,0.140914,6.95232e-07,2.82176,0.28735
2044.8750,263.555,263.962,0,0.134223,0,0,0.0008505,6.57147e-06,-0.0008505,0,0,0.000668106,0,6.49149e-07,0,1.38488e-17,3.77946e-07,1.80159e-06,0,1.58198e-21,9.37936e-09,1.80159e-07,5.961,83.5929,3.16068,0.326751,75.5796,0.27617,3.74988,0.00379851,0.27617,1.72553,0.0649604,-0.314793,0.59531,0.00602314,-0.984613,0.00690429,0.0057437,0.00657548,0.00352652,-0.984613,0.00553041,1.82762,1.09834,0.000406693,0.151409,0.000690429,0.000957283,0.00027617,0.000575375,0.151409,0.179033,6.49149e-07,2.80032,0.279969
2044.9583,266.084,266.298,0,0.134223,0,0,0.000813709,5.3382e-06,-0.000813709,0,0,0.000655899,0,6.05465e-07,0,1.39804e-17,2.86054e-07,1.75541e-06,0,1.59613e-21,7.17786e-09,1.75542e-07,5.92752,83.5958,3.14871,0.35685,75.5795,0.269092,3.74351,0.00357319,0.269092,1.73188,0.0645826,-0.314483,0.595362,0.00665322,-0.984621,0.00672732,0.00573541,0.00640694,0.00353972,-0.984621,0.0055034,1.82764,1.09834,0.000449129,0.151409,0.000672732,0.000955902,0.000269092,0.000577495,0.151409,0.144618,6.05465e-07,2.77881,0.272665
2045.0417,265.627,265.844,0,0.134223,0,0,0.000855552,4.9319e-06,-0.000855552,0,0,0.000644564,0,5.68045e-07,0,1.40684e-17,2.47284e-07,1.71256e-06,0,1.60533e-21,6.25608e-09,1.71256e-07,5.89589,83.5981,3.13749,0.384827,75.5795,0.262523,3.73747,0.00337109,0.262523,1.73793,0.06423,-0.314195,0.59541,0.00723966,-0.984627,0.00656311,0.00572746,0.00625054,0.00355224,-0.984627,0.00547815,1.82766,1.09834,0.00048864,0.151409,0.000656311,0.000954576,0.000262523,0.000579509,0.151409,0.142406,5.68045e-07,2.7584,0.265894
2045.1250,267.532,267.653,0,0.134223,0,0,0.000962222,4.97261e-06,-0.000962222,0,0,0.000633503,0,5.39737e-07,0,1.41826e-17,2.32201e-07,1.67078e-06,0,1.61754e-21,5.92348e-09,1.67078e-07,5.86176,83.5973,3.12644,0.412148,75.5794,0.256117,3.73143,0.00318061,0.256117,1.74396,0.0638842,-0.313914,0.595455,0.00781314,-0.984631,0.00640296,0.00571944,0.00609803,0.00356472,-0.984631,0.00545335,1.82767,1.09834,0.000527298,0.151409,0.000640296,0.00095324,0.000256117,0.000581519,0.151409,0.366885,5.39737e-07,2.73532,0.259298
2045.2083,275.771,274.926,1.01168,0.39179,0.370798,0.00219014,0.00170305,0.00198885,0.000487088,2.05246e-08,4.72843e-06,0.00062315,1.5241e-11,5.2358e-07,7.38182e-05,1.27084e-17,-1.85531e-05,6.17708e-06,6.52713e-06,1.45179e-21,1.52411e-06,4.90962e-07,5.82511,83.5734,3.11612,0.408015,75.5924,0.250122,3.72581,0.00300885,0.250122,1.74782,0.063558,-0.314765,0.593945,0.00769604,-0.983537,0.00625309,0.00571194,0.00595529,0.0035727,-0.983537,0.00542994,1.82769,1.09835,0.000517821,0.151445,0.000625309,0.00095199,0.000250122,0.000582807,0.151445,0.837967,5.23595e-07,2.70899,0.253131
2045.2917,287.844,286.5,2.20096,0.183798,1.58088,0.00855188,0.00352553,0.0023125,0.00502636,1.61193e-07,2.624e-05,0.000631129,1.39003e-09,5.55242e-07,1.50739e-06,1.14329e-17,3.57599e-05,3.72306e-05,2.44249e-07,1.31037e-21,2.79444e-06,2.74237e-06,5.8475,83.5537,3.12683,0.353957,75.6088,0.254633,3.73386,0.00315579,0.254633,1.74348,0.0637927,-0.315828,0.592439,0.00651633,-0.98214,0.00636586,0.00572335,0.00606269,0.00356373,-0.98214,0.0054471,1.82771,1.09838,0.000439756,0.151489,0.000636586,0.000953892,0.000254633,0.000581359,0.151489,2.02477,5.56632e-07,2.72067,0.257789
2045.3750,294.257,292.686,2.36998,0.129923,1.98961,0.00935297,0.00423788,0.00172027,0.00511509,1.96002e-07,3.15336e-05,0.000662766,4.33182e-09,6.23634e-07,4.03427e-08,1.21139e-17,2.82859e-05,4.61103e-05,5.22551e-09,1.38855e-21,2.1427e-06,3.38996e-06,5.95335,83.6337,3.16496,0.331187,75.6091,0.272667,3.76,0.00369772,0.272667,1.74004,0.064759,-0.315546,0.592155,0.00605429,-0.982071,0.00681671,0.00575994,0.00649208,0.00355669,-0.982071,0.00551741,1.82772,1.09836,0.000408885,0.151488,0.000681671,0.000959991,0.000272667,0.000580215,0.151488,2.42759,6.27966e-07,2.78839,0.276365
2045.4583,297.682,296.454,2.5224,0.134709,1.66811,0.00709848,0.00443037,0.00180636,0.0026681,1.39473e-07,2.45442e-05,0.000691071,4.65693e-09,6.92457e-07,2.18666e-07,1.25678e-17,2.98456e-05,3.42713e-05,2.85536e-08,1.44078e-21,2.29502e-06,2.53348e-06,6.04046,83.7029,3.19965,0.316417,75.6092,0.288769,3.78416,0.0041633,0.288769,1.73673,0.0656315,-0.315252,0.591804,0.00576966,-0.982007,0.00721927,0.00579401,0.00687546,0.00354996,-0.982007,0.00558102,1.82774,1.09834,0.000388001,0.151486,0.000721927,0.000965668,0.000288769,0.000579109,0.151486,2.1825,6.97114e-07,2.84081,0.292933
2045.5417,292.992,292.792,2.57875,0.153402,1.02005,0.00508573,0.00392103,0.00176409,0.0011647,8.97485e-08,1.85718e-05,0.000701604,2.19948e-09,7.2842e-07,4.16631e-07,1.2715e-17,3.05459e-05,2.30556e-05,6.7908e-08,1.45794e-21,2.26147e-06,1.7198e-06,6.06029,83.7071,3.21421,0.305235,75.6084,0.294686,3.79539,0.00431088,0.294686,1.73317,0.0659611,-0.314952,0.592001,0.00556049,-0.982017,0.00736718,0.0058103,0.00701633,0.00354277,-0.982017,0.00560529,1.82776,1.09835,0.000372132,0.15148,0.000736718,0.000968384,0.000294686,0.000577924,0.15148,1.56902,7.30619e-07,2.84608,0.298997
2045.6250,285.521,285.742,2.59286,0.201839,0.442258,0.00303929,0.00308454,0.00187855,-4.52462e-05,4.28609e-08,1.06214e-05,0.000704385,2.86637e-10,7.29407e-07,2.48524e-06,1.23807e-17,3.77929e-05,1.21544e-05,5.91742e-07,1.41986e-21,2.45086e-06,9.30408e-07,6.0601,83.6897,3.2199,0.294564,75.606,0.296163,3.80086,0.00432302,0.296163,1.72904,0.0660532,-0.314695,0.592526,0.00535734,-0.982165,0.00740411,0.00581865,0.0070515,0.0035344,-0.982165,0.00561235,1.82778,1.09839,0.000357357,0.151471,0.000740411,0.000969774,0.000296163,0.000576546,0.151471,0.932842,7.29694e-07,2.84021,0.300486
2045.7083,273.285,274.247,1.63619,0.33936,0.0627082,0.000496668,0.00165935,0.00109211,-0.00116268,1.0802e-09,5.13376e-07,0.00069587,1.05786e-12,7.06432e-07,1.22828e-06,1.22204e-17,2.43622e-05,2.15778e-06,3.14526e-07,1.40136e-21,1.4035e-06,2.08323e-07,6.02627,83.6447,3.21257,0.289509,75.6026,0.291176,3.79782,0.0041438,0.291176,1.72633,0.0657943,-0.314463,0.593381,0.00525789,-0.982425,0.00727943,0.00581516,0.00693276,0.00352895,-0.982425,0.00559402,1.8278,1.09844,0.000351067,0.151461,0.000727943,0.000969193,0.000291176,0.000575643,0.151461,0.441313,7.06433e-07,2.8137,0.29532
2045.7917,264.337,264.957,0,0.486829,0,0,0.000917769,4.11675e-05,-0.000917769,0,0,0.000683244,0,6.65817e-07,2.16578e-35,1.33603e-17,1.59878e-06,1.85166e-06,6.30641e-36,1.53115e-21,4.98172e-08,1.85166e-07,5.98826,83.6312,3.20037,0.310767,75.6015,0.283846,3.7915,0.00390222,0.283846,1.7307,0.0654075,-0.314158,0.593718,0.00569777,-0.982519,0.00709617,0.00580704,0.00675823,0.00353808,-0.982519,0.00556644,1.82782,1.09846,0.000381884,0.151458,0.000709617,0.00096784,0.000283846,0.000577098,0.151458,0.149118,6.65817e-07,2.78788,0.287748
2045.8750,264.692,264.991,0,0.486829,0,0,0.000829683,1.25273e-05,-0.000829683,0,0,0.000670905,0,6.20973e-07,0,1.37599e-17,5.27563e-07,1.80496e-06,0,1.57606e-21,1.46309e-08,1.80496e-07,5.95441,83.6335,3.18834,0.340769,75.6014,0.276687,3.78517,0.0036744,0.276687,1.737,0.0650277,-0.313844,0.593785,0.00632562,-0.982534,0.0069172,0.00579882,0.00658778,0.00355118,-0.982534,0.00553931,1.82783,1.09846,0.00042431,0.151458,0.00069172,0.00096647,0.000276687,0.000579199,0.151458,0.108681,6.20973e-07,2.76607,0.280361
2045.9583,265.952,266.133,0,0.486829,0,0,0.00081169,1.08088e-05,-0.00081169,0,0,0.000658673,0,5.79411e-07,0,1.39208e-17,3.70877e-07,1.7587e-06,0,1.5936e-21,1.07894e-08,1.7587e-07,5.9208,83.6362,3.17631,0.37067,75.6013,0.269595,3.77874,0.00345644,0.269595,1.7434,0.0646493,-0.313534,0.59384,0.00695256,-0.982541,0.00673991,0.00579039,0.00641893,0.00356447,-0.982541,0.00551225,1.82785,1.09846,0.00046662,0.151458,0.000673991,0.000965065,0.000269595,0.000581335,0.151458,0.124755,5.79411e-07,2.74449,0.273051
2046.0417,262.253,262.614,0,0.486829,0,0,0.000633005,4.197e-06,-0.000633005,0,0,0.000647314,0,5.40394e-07,0,1.41498e-17,1.87769e-07,1.71577e-06,0,1.61896e-21,4.9135e-09,1.71577e-07,5.89227,83.6415,3.16504,0.398512,75.6013,0.263014,3.77264,0.00326095,0.263014,1.7495,0.0642962,-0.313247,0.593888,0.00753721,-0.982545,0.00657538,0.0057823,0.00626224,0.00357708,-0.982545,0.00548696,1.82787,1.09846,0.000506064,0.151458,0.000657538,0.000963717,0.000263014,0.000583366,0.151458,0.0674974,5.40394e-07,2.72723,0.266275
2046.1250,264.094,264.23,0,0.486829,0,0,0.000806114,1.23702e-06,-0.000806114,0,0,0.00063623,0,5.07574e-07,0,1.45491e-17,8.6723e-08,1.6739e-06,0,1.66379e-21,2.0122e-09,1.6739e-07,5.86247,83.6452,3.15393,0.425886,75.6012,0.256596,3.76655,0.00307669,0.256596,1.75559,0.0639497,-0.312967,0.593929,0.00811323,-0.982548,0.00641494,0.00577416,0.00610943,0.00358966,-0.982548,0.00546212,1.82788,1.09846,0.000544846,0.151457,0.000641494,0.00096236,0.000256596,0.000585396,0.151457,0.238319,5.07574e-07,2.70854,0.259673
2046.2083,270.15,269.746,0.329486,0.517244,0.0909559,0.00059603,0.00116796,0.000881836,-0.000571933,3.60149e-09,8.96361e-07,0.000625079,6.90473e-13,4.87664e-07,5.68151e-05,1.43008e-17,-2.63926e-05,2.42235e-06,4.13654e-06,1.63537e-21,4.10543e-07,2.19942e-07,5.82729,83.6408,3.14266,0.447813,75.6041,0.250145,3.76028,0.00289756,0.250145,1.76161,0.0635993,-0.312973,0.593564,0.00856975,-0.982308,0.00625366,0.00576571,0.00595583,0.00360207,-0.982308,0.00543695,1.8279,1.09846,0.000574917,0.151465,0.000625366,0.000960952,0.000250145,0.000587403,0.151465,0.609752,4.87665e-07,2.68463,0.253043
2046.2917,285.432,283.958,2.17978,0.227814,1.31058,0.00781769,0.00313037,0.00269061,0.00468732,1.40802e-07,2.31227e-05,0.000628961,6.85331e-10,5.09799e-07,1.29725e-05,1.18441e-17,2.47809e-05,3.29133e-05,2.049e-06,1.36038e-21,2.90605e-06,2.42283e-06,5.82977,83.6091,3.14758,0.38796,75.6318,0.25236,3.76379,0.00295031,0.25236,1.75963,0.0636658,-0.314792,0.590682,0.00723229,-0.97997,0.00630902,0.00577077,0.00600856,0.00359795,-0.97997,0.00544184,1.82792,1.09848,0.000484886,0.151541,0.000630902,0.000961795,0.00025236,0.000586743,0.151541,1.80488,5.10484e-07,2.68219,0.25531
2046.3750,293.589,291.95,2.3815,0.14681,2.04328,0.0101575,0.00444614,0.00208582,0.00571136,2.21555e-07,3.31091e-05,0.000666419,4.23759e-09,5.80201e-07,5.17832e-07,1.20479e-17,3.35905e-05,5.23832e-05,5.76032e-08,1.38476e-21,2.58549e-06,3.83753e-06,5.93508,83.6769,3.189,0.351523,75.6354,0.273882,3.78966,0.00350043,0.273882,1.75485,0.0646852,-0.314586,0.590283,0.00647134,-0.979613,0.00684707,0.0058069,0.00652099,0.00358809,-0.979613,0.00551577,1.82793,1.09847,0.000434681,0.151548,0.000684707,0.000967817,0.000273882,0.000585149,0.151548,2.52183,5.84439e-07,2.74609,0.277382
2046.4583,294.165,293.499,2.60742,0.192102,1.82899,0.00996381,0.00497897,0.00256546,0.00498484,2.16804e-07,3.34486e-05,0.000707865,5.70636e-09,6.62117e-07,1.1096e-05,1.22097e-17,4.69357e-05,5.38098e-05,1.27649e-06,1.40423e-21,3.34016e-06,3.94551e-06,6.05042,83.7595,3.23517,0.32531,75.6346,0.297671,3.81877,0.0040901,0.297671,1.74921,0.0658513,-0.314466,0.589764,0.00595258,-0.97961,0.00744182,0.00584774,0.00708741,0.00357653,-0.97961,0.00560048,1.82795,1.09844,0.000398665,0.151543,0.000744182,0.000974623,0.000297671,0.000583269,0.151543,2.56091,6.67823e-07,2.81524,0.301762
2046.5417,288.566,288.404,2.7767,0.238651,0.916067,0.00648644,0.00406462,0.00250207,0.00242182,1.24928e-07,2.2942e-05,0.000738636,1.28899e-09,7.08398e-07,2.0998e-05,1.17672e-17,5.43318e-05,3.33527e-05,2.74437e-06,1.3547e-21,3.35068e-06,2.46617e-06,6.13881,83.8105,3.27025,0.300704,75.6294,0.315289,3.84146,0.00449943,0.315289,1.7415,0.0667345,-0.314659,0.589537,0.00546816,-0.979959,0.00788227,0.00587992,0.00750689,0.00356078,-0.979959,0.00566483,1.82797,1.09845,0.000365514,0.151525,0.000788227,0.000979987,0.000315289,0.000580701,0.151525,1.55273,7.09687e-07,2.86856,0.319789
2046.6250,285.049,285.217,2.82815,0.188752,0.62432,0.00352183,0.00332634,0.00188201,0.000195485,5.1001e-08,1.1829e-05,0.000748042,3.49552e-10,7.14856e-07,1.18248e-06,1.17891e-17,4.31266e-05,1.50142e-05,2.34884e-07,1.35755e-21,2.50799e-06,1.14002e-06,6.15987,83.8035,3.28243,0.285988,75.6226,0.320606,3.85038,0.00457916,0.320606,1.73507,0.0670036,-0.31464,0.59012,0.00517547,-0.980486,0.00801517,0.00589312,0.00763347,0.00354767,-0.980486,0.00568476,1.82799,1.09849,0.000346343,0.151504,0.000801517,0.000982186,0.000320606,0.000578556,0.151504,0.899842,7.15205e-07,2.87744,0.325185
2046.7083,273.539,274.568,1.9105,0.169569,0.0777763,0.000582059,0.00178194,0.000969457,-0.00119988,2.00767e-09,6.86763e-07,0.00073944,2.83306e-12,6.85538e-07,3.01494e-08,1.20163e-17,2.10655e-05,2.56825e-06,9.16552e-09,1.38299e-21,1.23078e-06,2.42334e-07,6.1275,83.7666,3.27515,0.286785,75.6189,0.315561,3.84748,0.00438994,0.315561,1.73333,0.0667421,-0.314303,0.590994,0.00519285,-0.980776,0.00788906,0.00588992,0.00751336,0.00354425,-0.980776,0.00566637,1.82801,1.09854,0.000348188,0.151493,0.000788906,0.000981653,0.000315561,0.000577976,0.151493,0.284073,6.85541e-07,2.85235,0.319951
2046.7917,267.766,268.693,0.0399516,0.0727092,0.00049636,1.70124e-06,0.00114426,0.000190271,-0.00114256,0,0,0.000725785,0,6.44104e-07,4.77736e-19,1.26669e-17,4.28541e-06,2.00674e-06,1.45226e-19,1.45686e-21,2.04557e-07,2.00674e-07,6.08585,83.7503,3.26228,0.308523,75.6183,0.307619,3.84107,0.00413401,0.307619,1.73766,0.0663307,-0.313961,0.591356,0.00563859,-0.98084,0.0076905,0.00588177,0.00732425,0.00355334,-0.98084,0.00563715,1.82803,1.09856,0.000379602,0.151491,0.00076905,0.000980295,0.000307619,0.00057942,0.151491,0.233349,6.44104e-07,2.82357,0.311753
2046.8750,265.363,266.161,0,0.0573262,0,0,0.00088374,6.00192e-05,-0.00088374,0,0,0.000712437,0,6.04562e-07,0,1.32771e-17,1.28659e-06,1.95613e-06,0,1.52605e-21,5.57971e-08,1.95613e-07,6.04955,83.7498,3.24959,0.338086,75.6183,0.29986,3.83466,0.00389266,0.29986,1.74379,0.0659267,-0.313626,0.591473,0.0062509,-0.980843,0.00749654,0.00587351,0.00713953,0.00356612,-0.980843,0.00560842,1.82805,1.09856,0.000421707,0.151492,0.000749654,0.000978918,0.00029986,0.000581464,0.151492,0.130501,6.04562e-07,2.79996,0.303753
2046.9583,263.721,264.326,0,0.0573266,0,0,0.000760128,1.09616e-05,-0.000760128,0,0,0.000699205,0,5.62261e-07,0,1.37839e-17,3.84195e-07,1.90599e-06,0,1.58339e-21,1.15208e-08,1.906e-07,6.01742,83.7557,3.2369,0.369722,75.6183,0.292175,3.82815,0.00366175,0.292175,1.75025,0.0655243,-0.313294,0.591537,0.00691123,-0.980846,0.0073044,0.00586504,0.00695654,0.00357952,-0.980846,0.00557976,1.82807,1.09856,0.000466391,0.151492,0.00073044,0.000977506,0.000292175,0.000583615,0.151492,0.133413,5.62261e-07,2.78052,0.295836
2047.0417,265.13,265.51,0,0.057327,0,0,0.000786076,4.05165e-06,-0.000786076,0,0,0.000686919,0,5.27185e-07,0,1.39836e-17,2.07423e-07,1.85947e-06,0,1.6055e-21,5.24099e-09,1.85947e-07,5.9862,83.7607,3.22501,0.399785,75.6183,0.285042,3.82197,0.00345464,0.285042,1.75642,0.0651489,-0.312986,0.591582,0.00754083,-0.980851,0.00712609,0.00585691,0.00678672,0.00359232,-0.980851,0.00555299,1.82809,1.09856,0.000508754,0.151492,0.00071261,0.000976151,0.000285042,0.000585674,0.151492,0.108798,5.27185e-07,2.76119,0.288497
2047.1250,264.928,265.252,0,0.0573483,0,0,0.000814638,3.7563e-06,-0.000814638,0,0,0.000674929,0,4.96059e-07,0,1.41695e-17,1.77071e-07,1.8141e-06,0,1.62601e-21,4.52122e-09,1.8141e-07,5.9551,83.7651,3.21331,0.429192,75.6182,0.278087,3.8158,0.00325944,0.278087,1.76259,0.0647808,-0.312686,0.591625,0.00815757,-0.980855,0.00695221,0.00584871,0.00662112,0.00360508,-0.980855,0.0055267,1.8281,1.09856,0.000550245,0.151492,0.000695221,0.000974785,0.000278087,0.00058773,0.151492,0.18679,4.96059e-07,2.7418,0.281347
2047.2083,270.14,270.01,0,0.245949,0,0,0.00114826,0.000689882,-0.00114826,0,0,0.000662829,0,4.73693e-07,1.17958e-05,1.41112e-17,-2.19761e-05,1.76834e-06,5.64903e-07,1.61875e-21,3.6786e-07,1.76834e-07,5.91872,83.7608,3.20139,0.451549,75.6219,0.271073,3.80942,0.00306908,0.271073,1.76861,0.0644075,-0.312434,0.591465,0.00862152,-0.980545,0.00677685,0.00584018,0.00645411,0.0036175,-0.980545,0.0055,1.82812,1.09856,0.00058033,0.151502,0.000677685,0.000973363,0.000271073,0.000589735,0.151502,0.442828,4.73693e-07,2.71733,0.274142
2047.2917,282.492,281.04,1.94202,0.350645,1.09929,0.00685952,0.00269101,0.00287619,0.00416851,9.78117e-08,1.81158e-05,0.000656994,3.59206e-10,4.85798e-07,6.05561e-05,1.16495e-17,1.47651e-05,2.44245e-05,7.20756e-06,1.3416e-21,2.88652e-06,1.82016e-06,5.90387,83.7216,3.19694,0.401996,75.6483,0.267639,3.8081,0.00300462,0.267639,1.76744,0.0642685,-0.313907,0.589,0.00752289,-0.978313,0.006691,0.00583857,0.00637235,0.00361506,-0.978313,0.00549026,1.82814,1.09859,0.000503993,0.151574,0.0006691,0.000973096,0.000267639,0.000589345,0.151574,1.73341,4.86157e-07,2.70693,0.270643
2047.3750,292.981,291.579,2.43123,0.22378,2.21267,0.0115581,0.00462426,0.00313658,0.00693382,2.24236e-07,3.53091e-05,0.000677411,4.55735e-09,5.68654e-07,1.91298e-05,1.10243e-17,5.5993e-05,5.38797e-05,2.60968e-06,1.27289e-21,4.00116e-06,3.96578e-06,6.00507,83.7669,3.22448,0.348155,75.6539,0.279154,3.82893,0.0034409,0.279154,1.75977,0.065107,-0.314443,0.588223,0.00639818,-0.977771,0.0069789,0.0058677,0.00664653,0.00359922,-0.977771,0.00555157,1.82816,1.09861,0.000430097,0.151586,0.00069789,0.000977951,0.000279154,0.000586789,0.151586,2.98862,5.73212e-07,2.78059,0.282595
2047.4583,294.97,294.232,2.61154,0.260542,2.02858,0.0111139,0.00527933,0.00342691,0.00583457,2.21087e-07,3.54167e-05,0.000710933,6.29952e-09,6.67784e-07,4.68474e-05,1.0668e-17,8.01476e-05,5.47984e-05,6.75028e-06,1.23507e-21,4.69761e-06,4.03635e-06,6.15425,83.8497,3.26832,0.301478,75.6462,0.298108,3.86128,0.00410856,0.298108,1.74772,0.0663916,-0.315381,0.587499,0.00546654,-0.978313,0.00745274,0.00591303,0.00709782,0.00357441,-0.978313,0.00564547,1.82818,1.09862,0.000367394,0.15156,0.000745274,0.000985504,0.000298108,0.000582771,0.15156,2.86189,6.74083e-07,2.88594,0.302217
2047.5417,291.804,291.595,2.74366,0.204299,1.38891,0.00726819,0.00464884,0.0024551,0.00261935,1.28394e-07,2.40403e-05,0.000735386,2.72613e-09,7.38575e-07,7.03975e-06,1.09972e-17,6.41853e-05,3.34582e-05,1.07629e-06,1.27382e-21,3.4161e-06,2.48462e-06,6.25692,83.9016,3.3016,0.274461,75.6335,0.311868,3.88667,0.00457861,0.311868,1.73675,0.0673215,-0.315727,0.587791,0.004928,-0.979319,0.00779675,0.00594895,0.00742544,0.00355192,-0.979319,0.00571368,1.82819,1.09865,0.000331888,0.151522,0.000779675,0.000991491,0.000311868,0.000579117,0.151522,1.91166,7.41302e-07,2.95532,0.316447
2047.6250,283.793,284.211,2.76302,0.197935,0.487008,0.00315749,0.0031313,0.00178412,2.6192e-05,3.87886e-08,9.89917e-06,0.000739213,2.58496e-10,7.44859e-07,1.78469e-06,1.11201e-17,4.48352e-05,1.16533e-05,3.73899e-07,1.28711e-21,2.40512e-06,8.99526e-07,6.27385,83.8959,3.30996,0.266608,75.6245,0.313876,3.89492,0.00464016,0.313876,1.73095,0.0675168,-0.315478,0.588754,0.00477025,-0.980059,0.00784694,0.00596124,0.00747324,0.00354014,-0.980059,0.00572846,1.82821,1.09869,0.000321967,0.151496,0.000784694,0.00099354,0.000313876,0.000577184,0.151496,0.848961,7.45117e-07,2.96389,0.318516
2047.7083,272.863,273.997,2.22461,0.216082,0.108449,0.000692152,0.00183898,0.00104323,-0.00114683,1.72586e-09,8.6231e-07,0.000728798,1.01496e-12,7.14422e-07,4.50929e-07,1.12567e-17,2.64676e-05,2.43496e-06,1.24957e-07,1.30203e-21,1.36857e-06,2.31255e-07,6.23665,83.8518,3.30096,0.267608,75.619,0.30778,3.89115,0.00442963,0.30778,1.72859,0.0672142,-0.315181,0.5898,0.00479099,-0.980521,0.00769453,0.00595683,0.00732809,0.00353542,-0.980521,0.00570708,1.82823,1.09875,0.000323784,0.151481,0.000769453,0.000992805,0.00030778,0.000576395,0.151481,0.367512,7.14423e-07,2.93569,0.31221
2047.7917,264.646,265.718,0,0.0694025,0,0,0.00104633,4.72622e-05,-0.00104633,0,0,0.0007155,0,6.712e-07,1.79435e-26,1.24756e-17,2.16287e-06,1.95738e-06,5.00229e-27,1.44197e-21,6.19087e-08,1.95738e-07,6.19597,83.8385,3.28828,0.292144,75.6172,0.300052,3.8847,0.00417211,0.300052,1.73319,0.0668105,-0.314847,0.59018,0.00529734,-0.98068,0.00750133,0.00594864,0.00714409,0.00354507,-0.98068,0.00567836,1.82825,1.09876,0.000358869,0.151477,0.000750133,0.000991439,0.000300052,0.000577928,0.151477,0.144572,6.712e-07,2.90769,0.304224
2047.8750,254.859,256.416,0,0.0587917,0,0,0.00066713,3.7178e-06,-0.00066713,0,0,0.000702467,0,6.26145e-07,0,1.38669e-17,2.43753e-07,1.90802e-06,0,1.60184e-21,5.83787e-09,1.90802e-07,6.16155,83.8421,3.27572,0.323866,75.617,0.292484,3.87822,0.00392853,0.292484,1.73964,0.0664129,-0.314518,0.590254,0.00595812,-0.980702,0.00731214,0.00594028,0.00696391,0.0035585,-0.980702,0.00565003,1.82827,1.09876,0.000403469,0.151477,0.000731214,0.000990047,0.000292484,0.000580079,0.151477,0.113835,6.26145e-07,2.88583,0.296413
2047.9583,258.551,259.074,0,0.0588124,0,0,0.000701772,3.90084e-07,-0.000701772,0,0,0.000689548,0,5.82349e-07,0,1.48862e-17,3.24345e-08,1.85911e-06,0,1.71864e-21,7.3712e-10,1.85911e-07,6.12847,83.8474,3.26316,0.355737,75.617,0.284988,3.87163,0.00369549,0.284988,1.74622,0.0660169,-0.314193,0.590299,0.00662386,-0.980704,0.00712473,0.00593171,0.00678542,0.00357217,-0.980704,0.00562177,1.82829,1.09876,0.000448204,0.151477,0.000712473,0.000988618,0.000284988,0.000582273,0.151477,0.0849256,5.82349e-07,2.86531,0.288683
2048.0417,262.25,262.515,0,0.0588054,0,0,0.000754031,2.04158e-07,-0.000754031,0,0,0.000677552,0,5.44689e-07,0,1.51596e-17,1.72541e-08,1.81373e-06,0,1.7493e-21,3.87732e-10,1.81373e-07,6.09642,83.8512,3.25139,0.38537,75.617,0.278031,3.86538,0.00348648,0.278031,1.75247,0.0656473,-0.313891,0.590338,0.00724362,-0.980705,0.00695081,0.00592348,0.00661978,0.00358513,-0.980705,0.00559537,1.82831,1.09876,0.000489861,0.151477,0.000695081,0.000987247,0.000278031,0.000584357,0.151477,0.112638,5.44689e-07,2.84503,0.281517
2048.1250,264.888,264.838,0,0.0679833,0,0,0.000964683,2.65045e-05,-0.000964683,0,0,0.000665845,0,5.11051e-07,7.35152e-10,1.4109e-17,-1.56102e-06,1.76947e-06,1.06376e-10,1.62724e-21,7.17483e-09,1.76947e-07,6.06396,83.8539,3.23981,0.414263,75.617,0.271247,3.85914,0.00328948,0.271247,1.75872,0.0652848,-0.313598,0.590374,0.00784864,-0.980703,0.0067812,0.00591519,0.00645825,0.00359804,-0.980703,0.00556944,1.82833,1.09876,0.000530526,0.151477,0.00067812,0.000985865,0.000271247,0.000586438,0.151477,0.241283,5.11051e-07,2.82415,0.274536
2048.2083,277.545,276.34,1.47722,0.409292,0.49413,0.00290568,0.00193293,0.00211985,0.000972747,2.6083e-08,6.49321e-06,0.000655121,1.85393e-11,4.98164e-07,6.37389e-05,1.13806e-17,-2.30934e-05,7.74072e-06,5.4571e-06,1.31512e-21,1.52526e-06,6.08383e-07,6.02608,83.8252,3.2294,0.402195,75.6346,0.265025,3.85369,0.00312022,0.265025,1.76236,0.0649584,-0.314526,0.588576,0.00756355,-0.979229,0.00662566,0.00590794,0.00631012,0.00360555,-0.979229,0.00554608,1.82834,1.09877,0.000508958,0.151525,0.000662566,0.000984657,0.000265025,0.000587652,0.151525,0.918581,4.98182e-07,2.79669,0.268145
2048.2917,289.298,287.316,2.31775,0.180789,1.74913,0.0083834,0.00368835,0.00231879,0.00469506,1.44962e-07,2.59631e-05,0.000659044,1.57688e-09,5.35696e-07,2.37614e-06,9.87416e-18,3.48091e-05,3.47308e-05,2.85372e-07,1.14386e-21,2.76465e-06,2.57332e-06,6.05246,83.8128,3.23748,0.350966,75.651,0.26712,3.86148,0.00325909,0.26712,1.75843,0.0651801,-0.315154,0.587447,0.00645592,-0.977835,0.00667802,0.005919,0.00635999,0.00359743,-0.977835,0.00556253,1.82836,1.0988,0.00043536,0.151569,0.000667802,0.0009865,0.000267119,0.000586343,0.151569,2.23369,5.37273e-07,2.81498,0.270379
2048.3750,295.58,294.065,2.44202,0.165718,2.2818,0.0110315,0.00485732,0.00232331,0.00617418,2.23168e-07,3.57632e-05,0.000682525,6.00888e-09,6.2808e-07,6.20739e-06,1.13434e-17,4.15338e-05,5.31017e-05,6.45343e-07,1.31472e-21,2.94826e-06,3.91615e-06,6.16204,83.8887,3.27057,0.32209,75.6512,0.280296,3.88736,0.00379498,0.280296,1.75333,0.066116,-0.314953,0.587236,0.00587608,-0.977768,0.00700744,0.00595524,0.00667372,0.00358692,-0.977768,0.0056311,1.82838,1.09879,0.000395804,0.151568,0.000700744,0.000992541,0.000280296,0.000584641,0.151568,2.92871,6.34089e-07,2.89147,0.284091
2048.4583,291.669,291.054,2.60989,0.182067,1.52646,0.00986539,0.00462056,0.00207074,0.00524483,1.99937e-07,3.38776e-05,0.000713925,3.5507e-09,7.02285e-07,9.35694e-06,1.1741e-17,3.97494e-05,4.96977e-05,1.16102e-06,1.36106e-21,2.67649e-06,3.67086e-06,6.30695,84.0072,3.31411,0.303048,75.6489,0.297938,3.92103,0.00447333,0.297938,1.74831,0.0673106,-0.314808,0.586712,0.00550352,-0.977911,0.00744849,0.00600251,0.00709377,0.00357667,-0.977911,0.00571865,1.8284,1.09876,0.000369711,0.151559,0.000744849,0.00100042,0.000297938,0.00058297,0.151559,2.15593,7.05836e-07,2.99284,0.302412
2048.5417,290.467,290.146,2.72259,0.214935,1.05684,0.00680592,0.00444158,0.00237024,0.00236433,1.21477e-07,2.35421e-05,0.00073497,1.89027e-09,7.40149e-07,1.09465e-05,1.14824e-17,5.46864e-05,3.1679e-05,1.66066e-06,1.3317e-21,3.17342e-06,2.35875e-06,6.40054,84.0692,3.34498,0.284093,75.6432,0.309683,3.9459,0.00491279,0.309683,1.7413,0.0681157,-0.31484,0.586688,0.00513122,-0.978338,0.0077421,0.00603784,0.0073734,0.00356238,-0.978338,0.00577791,1.82842,1.09876,0.000344078,0.151541,0.00077421,0.00100631,0.000309683,0.000580633,0.151541,1.63329,7.4204e-07,3.05555,0.314595
2048.6250,281.878,282.424,2.45088,0.257914,0.370539,0.00278226,0.00294658,0.00196916,-0.000164326,3.48451e-08,8.94582e-06,0.000738119,2.03665e-10,7.44162e-07,1.04104e-05,1.11027e-17,4.91649e-05,1.06327e-05,1.93457e-06,1.28806e-21,2.64297e-06,8.26529e-07,6.41487,84.0553,3.35327,0.270892,75.635,0.311271,3.95461,0.00496713,0.311271,1.73455,0.0682857,-0.314931,0.587372,0.00486663,-0.979004,0.0077818,0.00605089,0.00741121,0.00354864,-0.979004,0.0057909,1.82843,1.09881,0.00032677,0.151517,0.00077818,0.00100848,0.000311271,0.000578381,0.151517,0.866108,7.44366e-07,3.0616,0.316238
2048.7083,273.263,273.68,1.96796,0.403679,0.0556908,0.000485282,0.00179182,0.0013027,-0.00130654,9.06818e-11,5.22586e-08,0.000726689,1.27218e-15,7.12839e-07,4.41645e-06,1.08709e-17,2.89454e-05,2.00943e-06,8.41645e-07,1.26078e-21,1.65267e-06,2.00299e-07,6.37438,84.0074,3.343,0.270573,75.63,0.304597,3.94994,0.00471959,0.304597,1.73237,0.0679466,-0.31481,0.588265,0.00485805,-0.979423,0.00761497,0.00604535,0.00725232,0.00354434,-0.979423,0.00576687,1.82845,1.09887,0.000327173,0.151504,0.000761497,0.00100756,0.000304597,0.000577656,0.151504,0.380204,7.12839e-07,3.03138,0.309317
2048.7917,267.707,268.407,0,0.406437,0,0,0.00111126,0.000195282,-0.00111126,0,0,0.000713464,0,6.78351e-07,3.42545e-09,1.19101e-17,6.4102e-06,1.93694e-06,8.32157e-10,1.38042e-21,2.38623e-07,1.93694e-07,6.33026,83.979,3.33025,0.285398,75.6282,0.296918,3.94335,0.00444411,0.296918,1.7351,0.0675429,-0.314548,0.58879,0.00515954,-0.979591,0.00742299,0.00603705,0.00706948,0.00355016,-0.979591,0.00573812,1.82847,1.0989,0.000348811,0.1515,0.000742299,0.00100617,0.000296918,0.000578568,0.1515,0.371453,6.78351e-07,3.00001,0.301362
2048.8750,267.289,267.598,0,0.398569,0,0,0.000980875,6.857e-05,-0.000980875,0,0,0.000700558,0,6.36976e-07,0,1.2795e-17,1.49404e-06,1.88809e-06,0,1.48199e-21,6.42147e-08,1.88809e-07,6.29363,83.9777,3.3177,0.314694,75.628,0.28943,3.93676,0.00418465,0.28943,1.74142,0.0671471,-0.314222,0.588924,0.00576443,-0.97962,0.00723577,0.00602864,0.00689118,0.00356334,-0.97962,0.00570989,1.82849,1.0989,0.000390379,0.151499,0.000723577,0.00100477,0.00028943,0.000580672,0.151499,0.155565,6.36976e-07,2.97593,0.293614
2048.9583,266.535,266.83,0,0.398569,0,0,0.000921812,4.088e-05,-0.000921812,0,0,0.000687765,0,5.95224e-07,0,1.32653e-17,6.50201e-07,1.8397e-06,0,1.53551e-21,3.20238e-08,1.8397e-07,6.25709,83.9778,3.30514,0.344596,75.6282,0.282011,3.93008,0.00393642,0.282011,1.74797,0.0667527,-0.313899,0.588997,0.00638434,-0.97961,0.00705032,0.00602002,0.00671455,0.00357699,-0.97961,0.00568173,1.82851,1.0989,0.000432643,0.1515,0.000705032,0.00100334,0.000282011,0.000582857,0.1515,0.137159,5.95224e-07,2.95194,0.285948
2049.0417,266.571,266.744,0,0.398569,0,0,0.000924196,2.59681e-05,-0.000924196,0,0,0.000675885,0,5.56663e-07,0,1.3565e-17,2.82379e-07,1.79479e-06,0,1.56932e-21,1.65404e-08,1.79479e-07,6.22276,83.9784,3.29338,0.373132,75.6283,0.275127,3.92373,0.00371378,0.275127,1.75427,0.0663847,-0.313599,0.589049,0.00697809,-0.979602,0.00687821,0.00601174,0.00655064,0.00359006,-0.979602,0.00565541,1.82853,1.0989,0.000472907,0.151501,0.000687821,0.00100196,0.000275127,0.000584956,0.151501,0.0955819,5.56663e-07,2.92938,0.278841
2049.1250,269.683,269.658,0,0.440386,0,0,0.00118738,8.02052e-05,-0.00118738,0,0,0.000664292,0,5.30063e-07,5.36372e-19,1.37185e-17,-2.12132e-06,1.75099e-06,2.28694e-20,1.58626e-21,3.76427e-08,1.75099e-07,6.18494,83.9746,3.28179,0.400314,75.6289,0.268414,3.9174,0.00350393,0.268414,1.76054,0.0660237,-0.313322,0.589063,0.0075441,-0.979556,0.00671038,0.00600339,0.0063908,0.00360305,-0.979556,0.00562956,1.82854,1.0989,0.000511183,0.151502,0.000671038,0.00100056,0.000268414,0.000587046,0.151502,0.53239,5.30063e-07,2.90315,0.271918
2049.2083,278.413,277.256,1.67458,0.405057,0.551207,0.00345762,0.00210788,0.00239676,0.00134974,3.14868e-08,7.50856e-06,0.000654091,2.96688e-11,5.22548e-07,6.69411e-05,1.19046e-17,-6.24904e-06,8.91072e-06,6.08529e-06,1.37999e-21,2.07548e-06,6.93133e-07,6.14678,83.9384,3.27191,0.382555,75.6461,0.262495,3.91225,0.00333109,0.262495,1.76299,0.0657107,-0.314519,0.587143,0.00713451,-0.978116,0.0065624,0.00599662,0.00624987,0.00360812,-0.978116,0.00560714,1.82856,1.09892,0.000481899,0.15155,0.00065624,0.000999437,0.000262495,0.000587862,0.15155,0.949748,5.22578e-07,2.87488,0.265826
2049.2917,286.956,285.655,2.30641,0.201199,1.53876,0.00872552,0.00353109,0.00234251,0.00519442,1.54425e-07,2.71417e-05,0.000660345,1.03419e-09,5.55981e-07,4.20913e-06,1.06647e-17,4.02262e-05,3.67241e-05,6.28747e-07,1.23922e-21,2.88387e-06,2.71934e-06,6.17874,83.9277,3.28299,0.335523,75.6556,0.265911,3.92221,0.00350868,0.265911,1.75781,0.0659782,-0.315103,0.586482,0.00613315,-0.977293,0.00664781,0.00601076,0.00633122,0.00359743,-0.977293,0.00562692,1.82858,1.09896,0.000415064,0.151575,0.000664781,0.00100179,0.000265911,0.000586137,0.151575,2.01452,5.57015e-07,2.89575,0.26942
2049.3750,293.682,292.439,2.45735,0.185357,2.37178,0.0119406,0.00499798,0.00251446,0.00694267,2.45328e-07,3.84587e-05,0.000688825,5.54804e-09,6.34999e-07,6.80795e-06,1.0965e-17,5.07517e-05,5.83409e-05,7.84601e-07,1.27452e-21,3.26349e-06,4.30024e-06,6.30672,84.0193,3.3227,0.307157,75.6534,0.281911,3.95303,0.00414366,0.281911,1.752,0.0670181,-0.314966,0.586305,0.00556669,-0.977441,0.00704782,0.00605395,0.00671217,0.00358548,-0.977441,0.0057031,1.8286,1.09894,0.000376497,0.151567,0.000704782,0.00100899,0.000281911,0.000584199,0.151567,2.9672,6.40547e-07,2.98402,0.286055
2049.4583,294.305,293.516,2.65667,0.158598,2.06771,0.0103548,0.00509254,0.00195017,0.00526226,2.0637e-07,3.48121e-05,0.000726023,5.35029e-09,7.27587e-07,1.62075e-06,1.15248e-17,3.98252e-05,5.12871e-05,2.35998e-07,1.33928e-21,2.54001e-06,3.78884e-06,6.46478,84.1478,3.37405,0.288128,75.6487,0.30282,3.99261,0.00493602,0.30282,1.74612,0.0683414,-0.31475,0.585935,0.00519546,-0.977795,0.00757054,0.00610956,0.00721001,0.00357349,-0.977795,0.00580011,1.82861,1.09891,0.000350717,0.151553,0.000757054,0.00101826,0.00030282,0.000582241,0.151553,2.67025,7.32938e-07,3.09073,0.307756
2049.5417,291.31,291.079,2.77683,0.212578,1.18498,0.0070347,0.00469638,0.00236072,0.00233832,1.22946e-07,2.39899e-05,0.000748404,2.33735e-09,7.80333e-07,1.7922e-05,1.13415e-17,5.60053e-05,3.22717e-05,2.50541e-06,1.31843e-21,3.16544e-06,2.40361e-06,6.55463,84.2121,3.40701,0.274619,75.6429,0.315304,4.01923,0.00538977,0.315304,1.73998,0.069147,-0.314811,0.585798,0.00493302,-0.97825,0.00788264,0.00614748,0.00750724,0.00356103,-0.97825,0.00585945,1.82863,1.09891,0.00033231,0.151535,0.000788264,0.00102458,0.000315304,0.000580193,0.151535,1.81858,7.8267e-07,3.14762,0.320694
2049.6250,282.845,283.273,2.74968,0.259709,0.359701,0.00295124,0.00313701,0.00207752,-0.000185774,3.50116e-08,9.38237e-06,0.000751951,1.80427e-10,7.85918e-07,1.80392e-05,1.08417e-17,5.31165e-05,1.08014e-05,3.26566e-06,1.26078e-21,2.79136e-06,8.39741e-07,6.56725,84.1974,3.41604,0.262953,75.634,0.317107,4.02862,0.00543418,0.317107,1.73319,0.0693121,-0.31499,0.586431,0.00469904,-0.978979,0.00792771,0.00616164,0.00755016,0.00354727,-0.978979,0.00587212,1.82865,1.09895,0.000316984,0.15151,0.000792771,0.00102694,0.000317107,0.00057793,0.15151,0.877737,7.86099e-07,3.15121,0.322541
2049.7083,273.893,274.731,1.94484,0.261332,0.0931185,0.000627071,0.00190507,0.00122363,-0.001278,9.68716e-10,4.91522e-07,0.000741058,3.21967e-13,7.50978e-07,1.3653e-06,1.07843e-17,3.07249e-05,2.26885e-06,3.36832e-07,1.25379e-21,1.58313e-06,2.20005e-07,6.52673,84.1456,3.40656,0.261349,75.6276,0.310733,4.02459,0.00517643,0.310733,1.72995,0.0689892,-0.314933,0.587405,0.004665,-0.979533,0.00776837,0.00615715,0.00739842,0.00354083,-0.979533,0.00584929,1.82867,1.09902,0.000315413,0.151493,0.000776837,0.00102619,0.000310733,0.000576851,0.151493,0.349098,7.50978e-07,3.12017,0.31591
2049.7917,263.502,264.366,0,0.229405,0,0,0.00102778,6.20285e-05,-0.00102778,0,0,0.000727591,0,7.07246e-07,1.16042e-15,1.22749e-17,2.70234e-06,1.97605e-06,3.02633e-16,1.42595e-21,8.17225e-08,1.97605e-07,6.48405,84.1265,3.39359,0.28296,75.6255,0.302913,4.0179,0.00487475,0.302913,1.73398,0.0685787,-0.314601,0.58789,0.00510701,-0.979725,0.00757286,0.00614886,0.00721221,0.00354937,-0.979725,0.00582007,1.82869,1.09904,0.000346411,0.151488,0.000757286,0.00102481,0.000302913,0.000578194,0.151488,0.241836,7.07246e-07,3.09045,0.307788
2049.8750,264.589,264.987,0,0.229347,0,0,0.000958302,8.31356e-06,-0.000958302,0,0,0.000714425,0,6.63372e-07,0,1.33291e-17,4.58774e-07,1.92621e-06,0,1.54752e-21,1.16929e-08,1.92621e-07,6.44595,84.1271,3.38079,0.315241,75.6253,0.295273,4.01119,0.00459016,0.295273,1.74066,0.0681754,-0.314268,0.587965,0.00577647,-0.979748,0.00738186,0.00614044,0.00703031,0.00356334,-0.979748,0.00579133,1.82871,1.09904,0.000391567,0.151487,0.000738186,0.00102341,0.000295273,0.000580418,0.151487,0.138539,6.63372e-07,3.06515,0.299863
2049.9583,264.742,265.09,0,0.229347,0,0,0.000931661,4.93867e-06,-0.000931661,0,0,0.000701374,0,6.21429e-07,0,1.35687e-17,2.7457e-07,1.87684e-06,0,1.57445e-21,6.86975e-09,1.87684e-07,6.40752,84.1277,3.36799,0.347547,75.6252,0.287705,4.00438,0.00431787,0.287705,1.74746,0.0677737,-0.313939,0.588019,0.00644803,-0.979756,0.00719266,0.00613178,0.00685012,0.00357753,-0.979756,0.00576266,1.82873,1.09903,0.000436737,0.151487,0.000719266,0.00102196,0.000287705,0.000582686,0.151487,0.202281,6.21429e-07,3.03953,0.292023
2050.0417,264.47,264.63,0,0.229347,0,0,0.000910884,1.80359e-06,-0.000910884,0,0,0.000689255,0,5.8141e-07,0,1.40704e-17,1.16495e-07,1.83102e-06,0,1.63179e-21,2.77086e-09,1.83102e-07,6.37327,84.1299,3.35599,0.377617,75.6251,0.280682,3.99791,0.00407365,0.280682,1.75392,0.0673988,-0.313633,0.588064,0.00707406,-0.979761,0.00701708,0.00612346,0.0066829,0.00359099,-0.979761,0.00573586,1.82875,1.09903,0.000478834,0.151487,0.000701708,0.00102058,0.000280682,0.000584841,0.151487,0.161205,5.8141e-07,3.01728,0.284756
2050.1250,266.925,267.015,0,0.229347,0,0,0.00103659,1.68928e-06,-0.00103659,0,0,0.000677428,0,5.50735e-07,0,1.42684e-17,1.03285e-07,1.78635e-06,0,1.6539e-21,2.46852e-09,1.78635e-07,6.33688,84.1294,3.34417,0.407014,75.6251,0.273833,3.99145,0.00384347,0.273833,1.76038,0.067031,-0.313335,0.588106,0.00768693,-0.979763,0.00684586,0.00611506,0.00651983,0.0036044,-0.979763,0.00570954,1.82877,1.09903,0.000520047,0.151487,0.000684586,0.00101918,0.000273833,0.000586993,0.151487,0.384712,5.50735e-07,2.99271,0.277676
2050.2083,274.414,273.624,0.776025,0.450988,0.293786,0.00173866,0.00166042,0.00158361,7.82381e-05,1.45643e-08,3.61976e-06,0.000665818,1.03381e-11,5.36773e-07,7.06805e-05,1.33813e-17,-3.02785e-05,5.10428e-06,6.31873e-06,1.55226e-21,8.79727e-07,4.18321e-07,6.2958,84.113,3.33257,0.41688,75.6344,0.267111,3.98511,0.00362643,0.267111,1.76591,0.0666698,-0.313748,0.587076,0.0078795,-0.97899,0.00667781,0.00610675,0.00635979,0.00361588,-0.97899,0.00568366,1.82878,1.09904,0.000531427,0.151513,0.000667781,0.00101779,0.000267111,0.000588837,0.151513,0.843897,5.36783e-07,2.96323,0.270737
2050.2917,286.717,285.19,2.3283,0.248161,1.45726,0.0087993,0.00355197,0.00281494,0.00524732,1.43027e-07,2.60964e-05,0.000668091,9.01786e-10,5.64946e-07,1.37092e-05,1.0786e-17,3.97539e-05,3.45734e-05,2.16779e-06,1.25651e-21,3.26483e-06,2.5668e-06,6.31181,84.0851,3.33921,0.352717,75.6587,0.268242,3.99227,0.00372711,0.268242,1.7619,0.0668069,-0.315346,0.584701,0.00648698,-0.976948,0.0067061,0.00611709,0.00638672,0.0036076,-0.976948,0.00569403,1.8288,1.09907,0.000438424,0.15158,0.00067061,0.00101952,0.000268242,0.0005875,0.15158,2.01569,5.65848e-07,2.9726,0.27197
2050.3750,296.901,294.521,2.45382,0.136192,2.45991,0.0100291,0.00482504,0.00204586,0.0052041,1.86828e-07,3.17264e-05,0.000691942,4.85302e-09,6.44795e-07,1.03566e-06,1.09438e-17,3.83146e-05,4.48986e-05,1.53336e-07,1.27572e-21,2.556e-06,3.32392e-06,6.42229,84.1564,3.37458,0.319103,75.6587,0.281545,4.02095,0.00430267,0.281545,1.75633,0.0677105,-0.315251,0.584556,0.00580314,-0.976917,0.00703867,0.00615738,0.00670346,0.00359615,-0.976917,0.00576041,1.82882,1.09907,0.000392793,0.151579,0.000703867,0.00102623,0.000281545,0.000585641,0.151579,2.86392,6.49648e-07,3.04772,0.285848
2050.4583,295.854,294.777,2.56126,0.139655,1.58038,0.00805019,0.00459844,0.001766,0.00345175,1.47586e-07,2.75109e-05,0.000712296,4.30615e-09,7.13526e-07,1.11747e-06,1.15786e-17,3.04545e-05,3.65314e-05,1.42156e-07,1.34941e-21,2.20743e-06,2.71384e-06,6.50509,84.2241,3.40568,0.307226,75.6579,0.292852,4.04669,0.00477789,0.292852,1.75393,0.0684779,-0.314949,0.584376,0.00556923,-0.976963,0.00732133,0.00619381,0.00697266,0.00359134,-0.976963,0.00581692,1.82884,1.09905,0.000376545,0.151575,0.000732133,0.0010323,0.000292852,0.000584843,0.151575,2.06028,7.17832e-07,3.09941,0.29763
2050.5417,292.41,292.123,2.64323,0.194051,1.21418,0.0067325,0.00462377,0.00228797,0.00210872,1.16532e-07,2.31102e-05,0.000727837,2.64559e-09,7.55399e-07,9.83312e-06,1.14823e-17,4.79814e-05,2.97518e-05,1.35532e-06,1.33866e-21,2.99789e-06,2.22035e-06,6.56652,84.2607,3.43077,0.290218,75.6552,0.301425,4.06816,0.00512926,0.301425,1.74874,0.06907,-0.314815,0.584434,0.00524139,-0.977141,0.00753565,0.0062245,0.00717678,0.00358081,-0.977141,0.00586069,1.82886,1.09906,0.000352919,0.151566,0.000753565,0.00103742,0.000301425,0.000583113,0.151566,1.86148,7.58045e-07,3.13575,0.306554
2050.6250,286.631,286.742,2.66367,0.184512,0.693786,0.0037438,0.00363133,0.00189231,0.000112472,5.02257e-08,1.24404e-05,0.000731987,4.22514e-10,7.68419e-07,3.03587e-06,1.13685e-17,4.39971e-05,1.40768e-05,5.58487e-07,1.32557e-21,2.49812e-06,1.0768e-06,6.58047,84.2478,3.44089,0.27567,75.6489,0.303557,4.07855,0.0052134,0.303557,1.74273,0.0692637,-0.314714,0.585138,0.00495491,-0.977639,0.00758896,0.00623992,0.00722755,0.0035686,-0.977639,0.00587541,1.82887,1.0991,0.000333512,0.151547,0.000758896,0.00103999,0.000303557,0.00058111,0.151547,1.02192,7.68842e-07,3.13957,0.30877
2050.7083,277.644,278.416,2.52053,0.176828,0.125789,0.000829965,0.0022675,0.00129165,-0.00143754,1.58972e-09,7.48939e-07,0.000723322,2.82597e-12,7.39113e-07,6.69473e-08,1.14532e-17,2.70499e-05,2.33052e-06,2.02112e-08,1.3348e-21,1.62756e-06,2.22226e-07,6.54372,84.2037,3.43403,0.27411,75.645,0.298456,4.07626,0.00500923,0.298456,1.74081,0.0690137,-0.314411,0.586043,0.00492466,-0.977958,0.00746142,0.00623776,0.00710608,0.00356483,-0.977958,0.00585779,1.82889,1.09915,0.000331773,0.151536,0.000746142,0.00103963,0.000298456,0.000580468,0.151536,0.330763,7.39116e-07,3.10969,0.303465
2050.7917,264.236,265.657,0.123454,0.135723,0.000719762,5.47858e-06,0.00106762,0.000159186,-0.00106214,0,0,0.000710377,0,6.93656e-07,3.3397e-13,1.21924e-17,5.14099e-06,1.898e-06,1.08885e-13,1.42e-21,1.96997e-07,1.89801e-07,6.49864,84.175,3.42132,0.28899,75.6435,0.29095,4.06949,0.00471756,0.29095,1.74379,0.0686151,-0.314086,0.58659,0.00522989,-0.978093,0.00727378,0.0062293,0.00692737,0.00357117,-0.978093,0.00582935,1.82891,1.09918,0.000353342,0.151532,0.000727378,0.00103822,0.00029095,0.000581461,0.151532,0.168119,6.93656e-07,3.07732,0.295667
2050.8750,263.922,264.562,0,0.119049,0,0,0.000823341,1.59314e-05,-0.000823341,0,0,0.000697713,0,6.46023e-07,0,1.29139e-17,7.52425e-07,1.85014e-06,0,1.50312e-21,2.02788e-08,1.85014e-07,6.4627,84.1759,3.40876,0.319541,75.6432,0.283612,4.0627,0.00444214,0.283612,1.75048,0.0682232,-0.313766,0.586687,0.00586406,-0.978125,0.00709033,0.00622068,0.00675266,0.00358515,-0.978125,0.00580134,1.82893,1.09918,0.000396367,0.151532,0.000709033,0.00103678,0.000283612,0.000583693,0.151532,0.0749002,6.46023e-07,3.05394,0.288054
2050.9583,262.084,262.683,0,0.119049,0,0,0.000781285,3.92812e-06,-0.000781285,0,0,0.000685158,0,6.00937e-07,0,1.34616e-17,2.3466e-07,1.80272e-06,0,1.56597e-21,5.75694e-09,1.80272e-07,6.42956,84.1806,3.39618,0.350586,75.6431,0.276342,4.0558,0.00417864,0.276342,1.75736,0.0678327,-0.313448,0.586745,0.00651086,-0.978136,0.0069086,0.00621183,0.00657958,0.00359949,-0.978136,0.00577339,1.82895,1.09918,0.000439942,0.151531,0.00069086,0.0010353,0.000276342,0.000585987,0.151531,0.148275,6.00937e-07,3.03338,0.280521
2051.0417,264.765,264.97,0,0.119056,0,0,0.000917463,2.23658e-06,-0.000917463,0,0,0.000673498,0,5.65158e-07,0,1.38216e-17,1.39563e-07,1.75871e-06,0,1.60699e-21,3.34954e-09,1.75871e-07,6.39591,84.1825,3.3844,0.379587,75.6431,0.269597,4.04925,0.0039423,0.269597,1.76391,0.0674682,-0.313154,0.586789,0.00711618,-0.97814,0.00673995,0.00620332,0.00641897,0.0036131,-0.97814,0.00574727,1.82897,1.09918,0.00048066,0.151531,0.000673995,0.00103389,0.000269597,0.00058817,0.151531,0.268599,5.65158e-07,3.01151,0.273539
2051.1250,267.503,267.59,0,0.119049,0,0,0.00103339,2.23328e-06,-0.00103339,0,0,0.00066212,0,5.38024e-07,0,1.39453e-17,1.32678e-07,1.7158e-06,0,1.62051e-21,3.19737e-09,1.7158e-07,6.35935,84.1808,3.37279,0.407918,75.643,0.263018,4.04271,0.00371954,0.263018,1.77045,0.0671105,-0.312867,0.586831,0.00770836,-0.978143,0.00657549,0.00619475,0.00626234,0.00362666,-0.978143,0.00572161,1.82898,1.09918,0.000520508,0.151531,0.000657549,0.00103246,0.000263018,0.000590349,0.151531,0.317246,5.38024e-07,2.98656,0.266738
2051.2083,275.452,274.613,1.04273,0.303825,0.364627,0.00224613,0.00178482,0.00192435,0.000461317,2.09369e-08,4.71345e-06,0.000651505,1.9712e-11,5.2089e-07,6.98707e-05,1.27044e-17,-2.19245e-05,6.38308e-06,5.60414e-06,1.47854e-21,1.35693e-06,5.06978e-07,6.31957,84.1564,3.36195,0.405718,75.6561,0.256884,4.0366,0.00351684,0.256884,1.77508,0.0667701,-0.313633,0.585374,0.00763883,-0.977051,0.00642213,0.00618669,0.00611628,0.00363624,-0.977051,0.00569715,1.829,1.09918,0.000514279,0.151567,0.000642213,0.00103111,0.000256884,0.000591892,0.151567,0.789904,5.2091e-07,2.95762,0.260401
2051.2917,287.029,285.648,2.28372,0.199951,1.50382,0.00871336,0.00372429,0.00240776,0.00498908,1.62204e-07,2.64393e-05,0.000663088,1.07295e-09,5.49976e-07,3.2074e-06,1.10528e-17,3.62875e-05,3.84032e-05,4.21929e-07,1.29034e-21,2.86623e-06,2.82761e-06,6.33791,84.1348,3.3762,0.351818,75.6738,0.263486,4.04654,0.00368844,0.263486,1.77132,0.0670102,-0.314608,0.583839,0.00646773,-0.975553,0.00658719,0.00620084,0.00627348,0.00362846,-0.975553,0.00571466,1.82902,1.09921,0.000436555,0.151615,0.000658719,0.00103347,0.000263486,0.000590639,0.151615,2.02055,5.51049e-07,2.96171,0.267175
2051.3750,295.352,293.87,2.50213,0.159974,2.27477,0.0107673,0.00514632,0.00226226,0.00562093,2.24146e-07,3.42056e-05,0.000703558,5.75468e-09,6.32999e-07,3.14649e-06,1.13941e-17,4.05726e-05,5.41347e-05,3.39021e-07,1.33075e-21,2.85831e-06,3.97424e-06,6.43933,84.2015,3.42344,0.322037,75.6738,0.286626,4.07787,0.0043281,0.286626,1.7663,0.0680377,-0.314385,0.583597,0.00586674,-0.975504,0.00716568,0.00624478,0.00682443,0.00361814,-0.975504,0.00578939,1.82903,1.0992,0.000395852,0.151614,0.000716568,0.0010408,0.000286626,0.000588965,0.151614,2.88046,6.38754e-07,3.01589,0.290954
2051.4583,294.129,293.472,2.77642,0.236773,1.61922,0.0109312,0.00560699,0.00289792,0.00532424,2.25897e-07,3.54927e-05,0.000753636,5.72275e-09,7.18552e-07,4.32702e-05,1.12557e-17,6.25645e-05,5.78657e-05,4.97947e-06,1.31574e-21,3.85596e-06,4.25081e-06,6.57615,84.3028,3.4821,0.297107,75.6701,0.315244,4.11692,0.00510366,0.315244,1.75945,0.0693777,-0.314546,0.58285,0.00537764,-0.975755,0.00788113,0.00629969,0.0075058,0.00360412,-0.975755,0.005887,1.82905,1.09917,0.000361758,0.151601,0.000788113,0.00104995,0.000315244,0.000586682,0.151601,2.59477,7.24275e-07,3.09405,0.320347
2051.5417,291.19,290.968,2.97419,0.237207,1.41628,0.00753963,0.00494881,0.00264441,0.00259081,1.35206e-07,2.49989e-05,0.000789353,2.48481e-09,7.77526e-07,3.12121e-05,1.07413e-17,6.83667e-05,3.71904e-05,3.93338e-06,1.25831e-21,3.61836e-06,2.75301e-06,6.67191,84.3509,3.52509,0.271237,75.6589,0.335594,4.14636,0.00561495,0.335594,1.74882,0.0703589,-0.315568,0.582277,0.00486198,-0.976649,0.00838989,0.00634156,0.00799033,0.00358236,-0.976649,0.00595873,1.82907,1.09919,0.000327498,0.151567,0.000838989,0.00105693,0.000335594,0.000583138,0.151567,2.03664,7.80011e-07,3.14682,0.341209
2051.6250,286.567,286.623,3.0288,0.248518,0.655472,0.00391748,0.00388292,0.00231144,3.45636e-05,5.16082e-08,1.24674e-05,0.000799316,3.6443e-10,7.89143e-07,2.38485e-05,1.03909e-17,6.2225e-05,1.587e-05,3.03465e-06,1.21842e-21,3.15178e-06,1.20757e-06,6.68996,84.3366,3.53919,0.258573,75.6474,0.341171,4.15743,0.00568874,0.341171,1.74067,0.0706253,-0.316222,0.582589,0.00460464,-0.977606,0.00852931,0.00635811,0.00812312,0.00356577,-0.977606,0.00597866,1.82909,1.09924,0.000311283,0.151535,0.000852931,0.00105968,0.000341171,0.000580421,0.151535,1.04418,7.89508e-07,3.15078,0.34686
2051.7083,273.678,274.57,0.950608,0.291921,0.0465534,0.000405938,0.00178289,0.00106491,-0.00137696,1.28732e-09,5.01945e-07,0.000790454,2.93166e-12,7.61228e-07,2.22192e-06,1.06132e-17,2.92724e-05,2.53191e-06,3.44691e-07,1.24374e-21,1.39024e-06,2.43529e-07,6.65362,84.2897,3.53199,0.259415,75.6394,0.33596,4.15485,0.00545324,0.33596,1.73722,0.0703525,-0.316127,0.583637,0.00461908,-0.978294,0.00839903,0.00635571,0.00799904,0.00355889,-0.978294,0.00595955,1.82912,1.0993,0.000313516,0.151515,0.000839903,0.00105929,0.00033596,0.000579271,0.151515,0.412523,7.61231e-07,3.12163,0.341413
2051.7917,269.199,269.667,0,0.24695,0,0,0.00118702,0.000254035,-0.00118702,0,0,0.000775898,0,7.16853e-07,6.20464e-14,1.12886e-17,7.21202e-06,2.13642e-06,1.65425e-14,1.32157e-21,2.89609e-07,2.13642e-07,6.60993,84.2724,3.5182,0.283219,75.6373,0.327497,4.14793,0.0051351,0.327497,1.74187,0.0699153,-0.315773,0.58414,0.00510105,-0.978498,0.00818746,0.00634718,0.00779755,0.00356875,-0.978498,0.00592853,1.82914,1.09932,0.000348093,0.15151,0.000818746,0.00105786,0.000327497,0.000580822,0.15151,0.216736,7.16853e-07,3.09173,0.332632
2051.8750,268.607,268.884,0,0.24695,0,0,0.00100017,0.000141558,-0.00100017,0,0,0.000761682,0,6.67847e-07,4.11645e-41,1.19105e-17,1.9998e-06,2.08254e-06,1.11389e-41,1.39333e-21,1.20961e-07,2.08254e-07,6.57275,84.2718,3.50462,0.31333,75.6374,0.319237,4.141,0.0048353,0.319237,1.74832,0.0694863,-0.315417,0.584305,0.00571923,-0.97851,0.00798097,0.00633852,0.00760088,0.00358227,-0.97851,0.00589806,1.82916,1.09932,0.000390843,0.151511,0.000798097,0.00105642,0.000319237,0.000582971,0.151511,0.0741387,6.67847e-07,3.06813,0.324072
2051.9583,268.099,268.352,0,0.24695,0,0,0.00095855,0.000129704,-0.00095855,0,0,0.000747591,0,6.20239e-07,0,1.22953e-17,4.35842e-07,2.02916e-06,0,1.43734e-21,8.59451e-08,2.02916e-07,6.53625,84.2727,3.49103,0.343111,75.6384,0.311055,4.13398,0.00454847,0.311055,1.75501,0.0690592,-0.315065,0.584383,0.00633187,-0.978435,0.00777641,0.00632962,0.00740607,0.00359625,-0.978435,0.00586768,1.82918,1.09933,0.000432992,0.151514,0.000777641,0.00105494,0.000311055,0.000585201,0.151514,0.0866894,6.20239e-07,3.04522,0.315603
2052.0417,268.113,268.339,0,0.24695,0,0,0.00106945,0.000107556,-0.00106945,0,0,0.000734505,0,5.81223e-07,0,1.26362e-17,-2.72503e-07,1.97963e-06,0,1.47625e-21,5.94454e-08,1.97963e-07,6.49944,84.2712,3.4783,0.370653,75.6397,0.303462,4.1273,0.00429121,0.303462,1.76142,0.0686606,-0.314738,0.584422,0.00689927,-0.978329,0.00758658,0.00632107,0.00722528,0.00360963,-0.978329,0.00583929,1.8292,1.09933,0.000471954,0.151518,0.000758658,0.00105351,0.000303462,0.00058734,0.151518,0.183495,5.81223e-07,3.02114,0.307753
2052.1250,268.93,269.035,0,0.246951,0,0,0.00116393,4.6945e-05,-0.00116393,0,0,0.000721735,0,5.52792e-07,0,1.28918e-17,2.21115e-07,1.93132e-06,0,1.50523e-21,2.63335e-08,1.93132e-07,6.46063,84.2685,3.46577,0.399449,75.6405,0.296057,4.12063,0.00404874,0.296057,1.76795,0.0682698,-0.314419,0.584462,0.00749591,-0.97827,0.00740146,0.00631243,0.00704898,0.00362321,-0.97827,0.00581142,1.82922,1.09933,0.000512638,0.15152,0.000740146,0.00105207,0.000296057,0.000589517,0.15152,0.408561,5.52792e-07,2.99486,0.300106
2052.2083,273.681,273.129,0.773645,0.427936,0.182879,0.0014886,0.00160631,0.00144654,-0.000117715,7.32983e-09,2.13354e-06,0.000708996,1.01511e-12,5.39711e-07,4.38675e-05,1.2223e-17,-2.20763e-05,3.68122e-06,4.14424e-06,1.42755e-21,9.43678e-07,3.1827e-07,6.41839,84.253,3.45319,0.411942,75.649,0.288673,4.11388,0.00381531,0.288673,1.77368,0.0678787,-0.314513,0.583794,0.00774175,-0.977562,0.00721687,0.0063036,0.00687318,0.00363509,-0.977562,0.0057835,1.82923,1.09933,0.0005278,0.151544,0.000721687,0.0010506,0.000288673,0.000591424,0.151544,0.856671,5.39712e-07,2.9652,0.292489
2052.2917,283.045,281.842,2.47898,0.286626,1.09208,0.00773254,0.00308119,0.00276208,0.00465134,1.04328e-07,2.02529e-05,0.000705701,4.16737e-10,5.54704e-07,2.17892e-05,9.99765e-18,3.82745e-05,2.71033e-05,3.60365e-06,1.1717e-21,3.20222e-06,2.02026e-06,6.412,84.2101,3.45226,0.358635,75.6691,0.286668,4.11528,0.00377982,0.286668,1.77034,0.0678183,-0.315627,0.582225,0.00657742,-0.975876,0.00716675,0.00630599,0.00682544,0.0036282,-0.975876,0.00577952,1.82925,1.09938,0.000448742,0.1516,0.000716675,0.001051,0.000286668,0.000590313,0.1516,1.60029,5.55121e-07,2.95973,0.290448
2052.3750,292.177,290.719,2.63743,0.177843,2.43563,0.0124446,0.00491231,0.00246254,0.00753229,2.35825e-07,3.82136e-05,0.000730839,4.01212e-09,6.21401e-07,5.47469e-06,1.02037e-17,4.60658e-05,5.93959e-05,6.93332e-07,1.1971e-21,3.09873e-06,4.37665e-06,6.52661,84.2828,3.48696,0.322101,75.6698,0.300811,4.142,0.00431502,0.300811,1.76431,0.068751,-0.315678,0.581911,0.00583586,-0.975792,0.00752031,0.00634353,0.00716216,0.00361577,-0.975792,0.0058479,1.82927,1.09938,0.000398471,0.1516,0.000752031,0.00105725,0.000300811,0.000588303,0.1516,2.88837,6.25413e-07,3.03965,0.305126
2052.4583,297.529,295.959,2.79875,0.105952,1.89797,0.00760367,0.00471991,0.00148629,0.00288376,1.253e-07,2.4746e-05,0.000760652,3.97267e-09,7.08223e-07,2.7329e-10,1.1014e-17,2.78283e-05,3.31688e-05,8.59884e-11,1.29181e-21,1.8437e-06,2.46664e-06,6.64913,84.3844,3.52791,0.306722,75.6677,0.31757,4.17346,0.00492063,0.31757,1.76087,0.06983,-0.315416,0.581562,0.00553004,-0.975947,0.0079393,0.00638788,0.0075612,0.00360879,-0.975947,0.00592706,1.82929,1.09935,0.000377731,0.151594,0.00079393,0.00106465,0.00031757,0.000587155,0.151594,2.15808,7.12195e-07,3.12122,0.322491
2052.5417,290.142,290.043,2.85597,0.212373,0.991041,0.00665687,0.0043538,0.00230966,0.00230307,1.12813e-07,2.29168e-05,0.000771361,1.88097e-09,7.43081e-07,1.07054e-05,1.09692e-17,4.33901e-05,3.06099e-05,1.46607e-06,1.28664e-21,2.95428e-06,2.28153e-06,6.68673,84.4089,3.54537,0.297302,75.6668,0.323471,4.18848,0.00512402,0.323471,1.75806,0.0702464,-0.315185,0.581606,0.00534995,-0.97599,0.00808681,0.00640964,0.00770169,0.00360316,-0.97599,0.00595796,1.82931,1.09935,0.000364282,0.15159,0.000808681,0.00106827,0.000323471,0.000586219,0.15159,1.72196,7.44962e-07,3.14136,0.328595
2052.6250,281.695,282.254,2.78082,0.232596,0.321245,0.00284738,0.00295956,0.00196509,-0.000112187,3.22356e-08,9.05292e-06,0.000773823,1.36667e-10,7.43782e-07,6.7121e-06,1.05733e-17,4.35265e-05,1.03716e-05,1.14451e-06,1.24077e-21,2.56082e-06,8.09051e-07,6.69824,84.3945,3.55257,0.281735,75.6621,0.32468,4.19626,0.00515431,0.32468,1.75241,0.0703799,-0.315164,0.582172,0.00504724,-0.976355,0.00811704,0.00642141,0.00773048,0.00359165,-0.976355,0.00596831,1.82933,1.0994,0.000343148,0.151575,0.000811704,0.00107024,0.00032468,0.000584336,0.151575,0.75942,7.43919e-07,3.14568,0.329834
2052.7083,271.393,272.416,2.74192,0.238839,0.100285,0.000575784,0.00172895,0.000959392,-0.00115317,9.21608e-10,5.23544e-07,0.000762286,6.43384e-14,7.09945e-07,1.03761e-07,1.07418e-17,2.18213e-05,2.30985e-06,2.97791e-08,1.26011e-21,1.20995e-06,2.2421e-07,6.65851,84.3497,3.54221,0.28166,75.6585,0.317944,4.19155,0.00490426,0.317944,1.75101,0.0700377,-0.314918,0.583061,0.00504769,-0.976654,0.00794864,0.00641583,0.0075701,0.00358892,-0.976654,0.00594408,1.82935,1.09945,0.000343536,0.151565,0.000794864,0.00106931,0.000317944,0.000583868,0.151565,0.251905,7.09945e-07,3.11631,0.322848
2052.7917,261.296,262.507,0.682616,0.144412,0.00182328,3.11691e-06,0.00100749,2.92603e-05,-0.00100437,0,0,0.000748506,0,6.6262e-07,3.88121e-27,1.21012e-17,1.4535e-06,2.02192e-06,1.08853e-27,1.41861e-21,3.97523e-08,2.02192e-07,6.61708,84.3381,3.52885,0.307415,75.6573,0.309946,4.18459,0.0046186,0.309946,1.7563,0.0696188,-0.314572,0.583389,0.00557881,-0.976759,0.00774868,0.00640702,0.00737966,0.00360002,-0.976759,0.00591427,1.82937,1.09947,0.000380151,0.151562,0.000774868,0.00106784,0.000309946,0.000585633,0.151562,0.0829031,6.6262e-07,3.08823,0.314564
2052.8750,258.931,259.848,0,0.0844894,0,0,0.000837204,3.14968e-06,-0.000837204,0,0,0.000735028,0,6.16785e-07,0,1.3155e-17,2.11798e-07,1.97093e-06,0,1.54125e-21,5.04826e-09,1.97093e-07,6.57901,84.34,3.51566,0.340496,75.6572,0.302129,4.1776,0.00434896,0.302129,1.76328,0.0692071,-0.314234,0.583451,0.0062674,-0.976774,0.00755325,0.00639807,0.00719354,0.00361456,-0.976774,0.00588493,1.82939,1.09947,0.00042646,0.151562,0.000755325,0.00106635,0.000302129,0.000587957,0.151562,0.115681,6.16785e-07,3.06335,0.306478
2052.9583,260.185,260.64,0,0.084412,0,0,0.000814628,6.75392e-07,-0.000814628,0,0,0.000721667,0,5.74632e-07,0,1.40776e-17,5.30571e-08,1.92041e-06,0,1.64842e-21,1.21794e-09,1.92042e-07,6.54282,84.3438,3.50246,0.373486,75.6572,0.294385,4.17051,0.00409098,0.294385,1.77037,0.0687969,-0.3139,0.583496,0.00695542,-0.976777,0.00735966,0.00638888,0.00700916,0.00362929,-0.976777,0.00585566,1.82941,1.09946,0.000472653,0.151562,0.000735966,0.00106481,0.000294385,0.00059032,0.151562,0.128843,5.74632e-07,3.04036,0.298476
2053.0417,263.586,263.806,0,0.0844133,0,0,0.000904098,4.56903e-07,-0.000904098,0,0,0.00070926,0,5.37915e-07,0,1.43905e-17,3.49444e-08,1.87354e-06,0,1.68417e-21,8.00852e-10,1.87354e-07,6.50748,84.3459,3.4901,0.404159,75.6571,0.287199,4.16377,0.0038596,0.287199,1.7771,0.0684142,-0.31359,0.583535,0.00759595,-0.976778,0.00718,0.00638006,0.00683806,0.00364327,-0.976778,0.00582831,1.82943,1.09946,0.000515666,0.151562,0.000718,0.00106334,0.000287199,0.000592566,0.151562,0.140843,5.37915e-07,3.01739,0.291058
2053.1250,266.278,266.34,0,0.084417,0,0,0.00101542,4.26838e-07,-0.00101542,0,0,0.000697152,0,5.08605e-07,0,1.44233e-17,3.21411e-08,1.82782e-06,0,1.68712e-21,7.36578e-10,1.82782e-07,6.47072,84.3458,3.47791,0.434118,75.6571,0.280191,4.15705,0.00364151,0.280191,1.78383,0.0680388,-0.313287,0.583574,0.00822243,-0.976779,0.00700481,0.00637117,0.00667121,0.00365719,-0.976779,0.00580144,1.82945,1.09946,0.000557751,0.151562,0.000700481,0.00106186,0.000280191,0.000594807,0.151562,0.272557,5.08605e-07,2.99281,0.283832
2053.2083,271.766,271.44,0.572029,0.400603,0.0896728,0.00079971,0.00134463,0.00127223,-0.000544916,2.18836e-09,8.36389e-07,0.000685012,6.69119e-14,4.93019e-07,5.87911e-05,1.33035e-17,-2.80621e-05,2.2945e-06,5.71839e-06,1.55679e-21,6.6112e-07,2.14885e-07,6.42979,84.3328,3.4656,0.44856,75.6646,0.273169,4.15017,0.00343029,0.273169,1.78982,0.0676604,-0.313488,0.582823,0.00850951,-0.976151,0.00682926,0.006362,0.00650403,0.00366956,-0.976151,0.00577432,1.82946,1.09947,0.000575722,0.151583,0.000682927,0.00106033,0.000273169,0.000596804,0.151583,0.794203,4.93019e-07,2.96419,0.276599
2053.2917,284.553,282.814,2.33148,0.275335,1.34163,0.00798973,0.00329244,0.00287665,0.00469729,1.31878e-07,2.29832e-05,0.000684916,7.47749e-10,5.16472e-07,1.89753e-05,1.10411e-17,2.93873e-05,3.26372e-05,3.26211e-06,1.2973e-21,3.15457e-06,2.41474e-06,6.42563,84.2931,3.46729,0.389585,75.6905,0.273045,4.15252,0.00344073,0.273045,1.7874,0.0676456,-0.314998,0.580464,0.00719981,-0.973971,0.00682617,0.00636555,0.00650108,0.00366452,-0.973971,0.0057735,1.82948,1.0995,0.000489092,0.151654,0.000682617,0.00106092,0.000273046,0.000595999,0.151654,1.86884,5.1722e-07,2.95834,0.276486
2053.3750,292.188,290.758,2.57773,0.204641,2.28371,0.012601,0.00506952,0.00282286,0.00753144,2.62358e-07,3.96578e-05,0.000722699,4.40742e-09,5.99562e-07,8.45808e-06,1.0429e-17,4.88078e-05,6.49326e-05,1.05175e-06,1.22718e-21,3.55396e-06,4.76699e-06,6.55262,84.3695,3.51356,0.342456,75.694,0.29456,4.1847,0.0041194,0.29456,1.78043,0.068789,-0.315026,0.579915,0.00623586,-0.973616,0.00736403,0.00641053,0.00701333,0.00365008,-0.973616,0.00585685,1.8295,1.09949,0.000424245,0.15166,0.000736403,0.00106842,0.00029456,0.000593675,0.15166,2.92121,6.03969e-07,3.03906,0.298679
2053.4583,295.56,294.104,2.83616,0.144837,2.34702,0.0106631,0.00549678,0.0020632,0.00516628,2.09466e-07,3.4528e-05,0.000769907,5.2651e-09,6.91883e-07,1.06726e-06,1.08618e-17,3.96685e-05,5.45925e-05,1.24169e-07,1.27846e-21,2.65182e-06,4.01953e-06,6.71199,84.493,3.57142,0.315372,75.6914,0.321418,4.22501,0.00493825,0.321418,1.77426,0.0702358,-0.314853,0.579344,0.00570041,-0.97377,0.00803549,0.00646709,0.00765281,0.00363742,-0.97377,0.00596245,1.82952,1.09946,0.000387637,0.15165,0.000803549,0.00107785,0.000321418,0.000591618,0.15165,2.73912,6.97148e-07,3.14057,0.326356
2053.5417,292.556,292.129,2.97383,0.176619,1.39114,0.00705483,0.00485526,0.002137,0.00219957,1.21317e-07,2.36598e-05,0.00079491,2.50262e-09,7.5219e-07,5.2079e-06,1.11256e-17,4.08911e-05,3.34526e-05,6.51929e-07,1.30954e-21,2.76266e-06,2.48467e-06,6.78558,84.5481,3.60382,0.303417,75.6889,0.335559,4.24875,0.00533576,0.335559,1.77023,0.0710135,-0.314623,0.579198,0.00546988,-0.973934,0.00838902,0.00650095,0.00798951,0.00362926,-0.973934,0.00601952,1.82954,1.09945,0.000371313,0.151641,0.000838902,0.00108349,0.00033556,0.000590274,0.151641,1.93361,7.54692e-07,3.18176,0.340895
2053.6250,286.374,286.506,3.01944,0.151288,0.669318,0.00374317,0.00368917,0.00153119,5.4003e-05,4.85152e-08,1.20809e-05,0.000803329,4.36689e-10,7.66991e-07,6.1753e-08,1.13164e-17,2.8688e-05,1.49037e-05,1.69876e-08,1.33182e-21,1.93138e-06,1.13867e-06,6.80558,84.5549,3.61696,0.29655,75.686,0.340218,4.25978,0.00542875,0.340218,1.76679,0.0712856,-0.314317,0.579564,0.00534155,-0.974131,0.00850548,0.0065173,0.00810042,0.00362235,-0.974131,0.0060399,1.82956,1.09947,0.000361959,0.151631,0.000850548,0.00108622,0.000340218,0.000589128,0.151631,0.945034,7.67428e-07,3.18862,0.345646
2053.7083,275.42,276.425,1.46576,0.146014,0.116248,0.000769733,0.00212101,0.000899394,-0.00135128,3.89338e-09,1.43912e-06,0.000794131,1.12587e-11,7.3679e-07,2.3351e-09,1.14283e-17,1.67786e-05,3.20268e-06,8.30177e-10,1.34454e-21,1.08616e-06,2.91548e-07,6.76782,84.5204,3.60947,0.300767,75.6851,0.334812,4.25706,0.00520938,0.334812,1.76668,0.0710133,-0.313957,0.580165,0.00543079,-0.974188,0.00837033,0.00651458,0.00797171,0.00362232,-0.974188,0.0060208,1.82958,1.0995,0.000367746,0.151628,0.000837033,0.00108576,0.000334812,0.00058909,0.151628,0.370385,7.36801e-07,3.15836,0.340021
2053.7917,267.301,268.166,0,0.0608148,0,0,0.00119342,0.000164324,-0.00119342,0,0,0.00077971,0,6.93529e-07,7.34772e-37,1.17798e-17,3.77913e-06,2.12947e-06,2.86416e-37,1.38496e-21,1.67241e-07,2.12947e-07,6.72275,84.5048,3.59569,0.325185,75.6849,0.326432,4.25004,0.00490715,0.326432,1.77189,0.0705789,-0.313597,0.580473,0.00592959,-0.974212,0.00816084,0.0065058,0.00777219,0.00363329,-0.974212,0.00598996,1.8296,1.09952,0.000402691,0.151628,0.000816084,0.0010843,0.000326432,0.00059083,0.151628,0.20332,6.93529e-07,3.12706,0.331339
2053.8750,265.453,266.013,0,0.0597688,0,0,0.00101224,3.53984e-05,-0.00101224,0,0,0.000765529,0,6.47624e-07,0,1.22175e-17,1.14985e-06,2.07576e-06,0,1.4355e-21,3.62473e-08,2.07576e-07,6.68365,84.505,3.582,0.357712,75.6849,0.318199,4.24295,0.00462066,0.318199,1.77878,0.0701498,-0.313243,0.580583,0.00660167,-0.974225,0.00795501,0.00649679,0.00757617,0.00364768,-0.974225,0.00595946,1.82963,1.09952,0.000448598,0.151628,0.000795501,0.0010828,0.000318199,0.000593126,0.151628,0.131436,6.47624e-07,3.10165,0.32282
2053.9583,267.063,267.393,0,0.0597686,0,0,0.00102858,3.13762e-05,-0.00102858,0,0,0.000751472,0,6.0583e-07,0,1.24848e-17,7.04699e-07,2.02256e-06,0,1.46603e-21,2.53047e-08,2.02256e-07,6.64415,84.5063,3.5683,0.391405,75.6848,0.310043,4.23575,0.00434656,0.310043,1.78593,0.0697225,-0.312892,0.580653,0.0073012,-0.974231,0.00775112,0.00648754,0.00738198,0.00366257,-0.974231,0.00592903,1.82965,1.09952,0.000495947,0.151628,0.000775112,0.00108126,0.000310043,0.000595508,0.151628,0.163776,6.0583e-07,3.07585,0.31439
2054.0417,265.353,265.784,0,0.0597694,0,0,0.00094513,1.6683e-05,-0.00094513,0,0,0.000738419,0,5.66687e-07,0,1.27059e-17,4.50685e-07,1.97319e-06,0,1.49117e-21,1.42867e-08,1.97319e-07,6.60897,84.5094,3.55547,0.42279,75.6849,0.302475,4.22891,0.00410072,0.302475,1.79273,0.0693239,-0.312566,0.580709,0.00795384,-0.97423,0.00756191,0.00647866,0.00720178,0.0036767,-0.97423,0.00590061,1.82966,1.09952,0.0005401,0.151628,0.000756191,0.00107978,0.000302475,0.000597776,0.151628,0.117565,5.66687e-07,3.0535,0.306576
2054.1250,267.968,268.157,0,0.0597694,0,0,0.00104181,1.25728e-05,-0.00104181,0,0,0.000725681,0,5.35313e-07,0,1.2859e-17,3.68606e-07,1.92504e-06,0,1.50832e-21,1.08544e-08,1.92504e-07,6.57071,84.509,3.54284,0.453866,75.6849,0.295094,4.22207,0.00386901,0.295094,1.79955,0.0689329,-0.312249,0.580759,0.00860187,-0.974233,0.00737739,0.00646969,0.00702605,0.00369083,-0.974233,0.0058727,1.82968,1.09952,0.000583773,0.151628,0.000737739,0.00107828,0.000295094,0.000600047,0.151628,0.24171,5.35313e-07,3.02787,0.298963
2054.2083,269.985,269.872,0.121618,0.168537,0.000234543,0.000160907,0.00123244,0.000871863,-0.00107153,3.2378e-11,2.05437e-08,0.000712825,5.57387e-16,5.1195e-07,5.15963e-05,1.26599e-17,-2.73382e-05,1.88439e-06,3.25142e-06,1.48465e-21,3.38933e-07,1.88209e-07,6.5316,84.5052,3.52997,0.479496,75.6878,0.287651,4.21502,0.00364306,0.287651,1.80634,0.0685365,-0.312105,0.58051,0.00913342,-0.97399,0.0071913,0.00646035,0.00684883,0.0037049,-0.97399,0.00584436,1.8297,1.09952,0.000619008,0.151636,0.000719131,0.00107673,0.000287651,0.000602313,0.151636,0.57883,5.1195e-07,3.00163,0.291294
2054.2917,284.044,282.695,2.49395,0.27006,1.24174,0.00840261,0.00320129,0.00305181,0.00520132,1.1303e-07,2.1761e-05,0.000709754,3.96215e-10,5.27661e-07,2.98763e-05,1.01723e-17,2.39976e-05,2.92617e-05,5.01196e-06,1.19876e-21,3.18558e-06,2.17732e-06,6.52696,84.4666,3.52919,0.416956,75.7179,0.285779,4.21645,0.00362242,0.285779,1.8048,0.0684835,-0.31403,0.577487,0.00774868,-0.971451,0.00714451,0.00646268,0.00680426,0.00370167,-0.971451,0.00584092,1.82972,1.09955,0.000526767,0.151719,0.000714451,0.00107711,0.000285779,0.000601797,0.151719,1.68672,5.28057e-07,2.99777,0.289401
2054.3750,291.446,290.076,2.61938,0.171476,2.0655,0.0118703,0.00466252,0.00247902,0.00720779,2.19157e-07,3.62672e-05,0.000733139,3.40984e-09,5.84048e-07,2.35589e-06,1.04122e-17,3.84933e-05,5.53396e-05,3.26763e-07,1.22867e-21,3.04849e-06,4.08069e-06,6.63444,84.5291,3.56164,0.372012,75.7233,0.298927,4.24153,0.0041333,0.298927,1.79937,0.0693555,-0.313958,0.577129,0.00680633,-0.970939,0.00747321,0.00649786,0.00711731,0.00369044,-0.970939,0.00590485,1.82974,1.09955,0.000464553,0.151731,0.000747321,0.00108298,0.000298927,0.000599988,0.151731,2.53284,5.87458e-07,3.07281,0.30306
2054.4583,292.84,292.188,2.82091,0.185791,2.0006,0.0113818,0.00528055,0.0025171,0.00610128,2.15843e-07,3.62785e-05,0.000770263,4.69619e-09,6.78878e-07,5.96099e-06,1.07782e-17,4.39204e-05,5.62184e-05,7.01349e-07,1.27255e-21,3.23047e-06,4.14884e-06,6.79369,84.653,3.61171,0.342348,75.7231,0.319849,4.27942,0.0049,0.319849,1.79387,0.0706851,-0.313744,0.57655,0.00621666,-0.970874,0.00799627,0.00655105,0.00761546,0.00367913,-0.970874,0.00600227,1.82976,1.09952,0.000423882,0.151727,0.000799627,0.00109184,0.000319849,0.000598153,0.151727,2.67133,6.83574e-07,3.18198,0.324749
2054.5417,293.082,292.337,2.95036,0.144801,1.43232,0.00676169,0.00471557,0.00183063,0.00204612,1.09926e-07,2.24927e-05,0.000794044,2.29528e-09,7.34254e-07,2.73935e-06,1.11568e-17,3.28579e-05,3.03296e-05,3.68929e-07,1.31746e-21,2.32992e-06,2.26323e-06,6.88957,84.7261,3.64561,0.325954,75.721,0.333161,4.3062,0.0053695,0.333161,1.78956,0.0715441,-0.313493,0.576378,0.00589527,-0.970981,0.00832906,0.00658911,0.0079324,0.00367038,-0.970981,0.00606551,1.82978,1.09951,0.000401621,0.151718,0.000832906,0.00109819,0.000333161,0.000596716,0.151718,1.78773,7.3655e-07,3.24396,0.338531
2054.6250,284.211,284.585,2.95834,0.204653,0.486165,0.00333218,0.00339572,0.00200468,-6.35466e-05,3.93083e-08,1.02551e-05,0.000795828,2.58187e-10,7.40314e-07,2.97059e-06,1.09408e-17,3.89829e-05,1.23733e-05,5.2503e-07,1.29229e-21,2.59795e-06,9.5656e-07,6.89266,84.7124,3.65213,0.314903,75.7189,0.333978,4.3136,0.00538174,0.333978,1.78591,0.0716547,-0.313277,0.576822,0.00568002,-0.971097,0.0083495,0.00660042,0.00795186,0.00366303,-0.971097,0.00607423,1.8298,1.09955,0.00038641,0.151709,0.00083495,0.00110007,0.000333978,0.0005955,0.151709,0.8751,7.40572e-07,3.24054,0.33936
2054.7083,268.713,270.11,1.29996,0.172084,0.0555014,0.000428758,0.00161479,0.000723241,-0.00118603,1.41654e-09,5.68688e-07,0.000784644,1.30801e-12,7.11257e-07,5.30021e-07,1.12676e-17,1.60911e-05,2.50333e-06,1.25731e-07,1.3306e-21,9.18577e-07,2.40022e-07,6.85313,84.6705,3.64234,0.315879,75.7164,0.327436,4.30939,0.00513364,0.327436,1.7851,0.0713272,-0.312966,0.577617,0.00570409,-0.971276,0.00818595,0.00659559,0.00779611,0.00366153,-0.971276,0.00605111,1.82982,1.0996,0.000388412,0.151701,0.000818595,0.00109927,0.000327436,0.00059523,0.151701,0.3654,7.11258e-07,3.21079,0.33257
2054.7917,264.24,264.931,0,0.0765112,0,0,0.00102959,1.74138e-05,-0.00102959,0,0,0.000770437,0,6.67308e-07,0,1.22858e-17,8.63016e-07,2.08223e-06,0,1.44995e-21,2.28557e-08,2.08223e-07,6.81165,84.6658,3.62858,0.346789,75.7158,0.31919,4.30221,0.00483429,0.31919,1.79153,0.0708967,-0.312612,0.577808,0.00634236,-0.971334,0.0079798,0.00658655,0.00759977,0.003675,-0.971334,0.0060205,1.82984,1.0996,0.000431966,0.151699,0.00079798,0.00109776,0.00031919,0.000597375,0.151699,0.126911,6.67308e-07,3.18307,0.324025
2054.8750,261.99,262.608,0,0.0764518,0,0,0.000906063,5.07552e-06,-0.000906063,0,0,0.000756558,0,6.22647e-07,0,1.28613e-17,2.91044e-07,2.02972e-06,0,1.51702e-21,7.22142e-09,2.02972e-07,6.77433,84.6696,3.615,0.380847,75.7157,0.31114,4.29503,0.00455206,0.31114,1.7987,0.070474,-0.312265,0.577868,0.00704972,-0.971346,0.00777854,0.00657738,0.0074081,0.00368996,-0.971346,0.0059904,1.82986,1.0996,0.000479524,0.151699,0.000777854,0.00109623,0.00031114,0.000599765,0.151699,0.20074,6.22647e-07,3.15932,0.315692
2054.9583,264.415,264.738,0,0.0764528,0,0,0.0010021,1.91649e-06,-0.0010021,0,0,0.0007428,0,5.86538e-07,0,1.3266e-17,1.3554e-07,1.97769e-06,0,1.5639e-21,3.15734e-09,1.97769e-07,6.73473,84.6712,3.60142,0.414812,75.7156,0.303165,4.28774,0.00428203,0.303165,1.80599,0.070053,-0.311922,0.577915,0.00775649,-0.971351,0.00757917,0.00656796,0.00721822,0.00370512,-0.971351,0.00596037,1.82988,1.0996,0.000526961,0.151699,0.000757917,0.00109466,0.000303165,0.000602194,0.151699,0.275185,5.86538e-07,3.13331,0.307447
2055.0417,265.793,266.071,0,0.0764524,0,0,0.00101893,1.72376e-06,-0.00101893,0,0,0.000730023,0,5.55074e-07,0,1.34782e-17,1.19349e-07,1.92942e-06,0,1.5881e-21,2.78151e-09,1.92942e-07,6.69576,84.6707,3.58869,0.44639,75.7156,0.295765,4.28082,0.00403984,0.295765,1.81291,0.0696601,-0.311603,0.577957,0.00841452,-0.971354,0.00739416,0.00655892,0.00704202,0.00371949,-0.971354,0.00593232,1.8299,1.0996,0.000571135,0.151699,0.000739416,0.00109315,0.000295765,0.000604502,0.151699,0.169309,5.55074e-07,3.10707,0.299805
2055.1250,266.896,267.014,0,0.0764542,0,0,0.00110737,1.64367e-06,-0.00110737,0,0,0.000717554,0,5.24735e-07,0,1.35921e-17,1.11519e-07,1.88234e-06,0,1.6007e-21,2.60046e-09,1.88234e-07,6.6566,84.6692,3.57616,0.47723,75.7156,0.288548,4.2739,0.00381157,0.288548,1.81983,0.0692749,-0.311292,0.577999,0.00905807,-0.971357,0.00721373,0.00654981,0.00687019,0.00373381,-0.971357,0.00590477,1.82992,1.0996,0.000614351,0.151699,0.000721373,0.00109163,0.000288548,0.000606807,0.151699,0.303321,5.24735e-07,3.08044,0.292359
2055.2083,278.124,276.905,1.89064,0.291449,0.548509,0.00351912,0.00215457,0.0023776,0.00136455,3.04821e-08,7.33162e-06,0.000706363,3.01577e-11,5.12729e-07,4.49847e-05,1.2196e-17,-2.5964e-05,9.16765e-06,3.79485e-06,1.43874e-21,1.70127e-06,7.15447e-07,6.61715,84.6351,3.56517,0.457982,75.7365,0.282061,4.26805,0.00361827,0.282061,1.82346,0.0689326,-0.31192,0.576383,0.00861812,-0.969595,0.00705155,0.00654209,0.00671573,0.00374131,-0.969595,0.0058803,1.82994,1.09961,0.000582977,0.151756,0.000705155,0.00109035,0.000282061,0.000608017,0.151756,0.96306,5.12759e-07,3.05198,0.285679
2055.2917,287.858,286.207,2.48548,0.153116,1.48731,0.00833672,0.00363494,0.00202598,0.00470179,1.34075e-07,2.50835e-05,0.000711579,1.0469e-09,5.43005e-07,1.83091e-07,1.11189e-17,2.34807e-05,3.38701e-05,2.25754e-08,1.31401e-21,2.32148e-06,2.51427e-06,6.64446,84.6294,3.57496,0.410644,75.7533,0.284886,4.27711,0.00377211,0.284886,1.82105,0.0691606,-0.312079,0.575585,0.0075827,-0.968144,0.00712219,0.00655501,0.006783,0.00373628,-0.968144,0.00589726,1.82995,1.09964,0.000515899,0.1518,0.000712219,0.0010925,0.000284886,0.000607213,0.1518,1.88676,5.44052e-07,3.0695,0.288658
2055.3750,293.215,291.653,2.62132,0.138055,1.80691,0.00980634,0.00441574,0.00185919,0.00539059,1.84397e-07,3.21848e-05,0.000736962,3.10996e-09,6.08486e-07,1.01609e-07,1.13415e-17,2.34332e-05,4.65254e-05,1.11012e-08,1.34101e-21,2.24234e-06,3.43998e-06,6.75579,84.7196,3.61062,0.387336,75.7575,0.299132,4.30494,0.00433719,0.299132,1.81898,0.0700819,-0.311765,0.575042,0.00710595,-0.967727,0.00747835,0.00659405,0.0071222,0.00373202,-0.967727,0.00596483,1.82997,1.09961,0.00048345,0.151809,0.000747835,0.00109901,0.000299132,0.000606525,0.151809,2.25357,6.11596e-07,3.14517,0.30347
2055.4583,295.626,294.592,2.71945,0.150221,1.46097,0.00758672,0.00456943,0.00208353,0.00301729,1.35719e-07,2.60078e-05,0.000755294,3.72813e-09,6.64593e-07,1.06058e-06,1.1629e-17,2.85178e-05,3.51721e-05,1.27168e-07,1.37576e-21,2.59172e-06,2.6133e-06,6.82591,84.7728,3.63765,0.37009,75.7602,0.309357,4.32679,0.00473346,0.309357,1.81666,0.0707526,-0.311454,0.574717,0.00677035,-0.967421,0.00773397,0.00662504,0.00736565,0.00372729,-0.967421,0.0060142,1.82999,1.0996,0.000458971,0.151813,0.000773397,0.00110417,0.000309357,0.000605751,0.151813,2.00523,6.68321e-07,3.18826,0.314091
2055.5417,291.966,291.617,2.79705,0.208543,1.08454,0.00667361,0.0046012,0.00264034,0.00207241,1.14702e-07,2.30795e-05,0.000769788,2.25515e-09,7.01978e-07,1.36735e-05,1.12763e-17,4.82024e-05,3.05072e-05,1.84223e-06,1.33566e-21,3.45141e-06,2.27467e-06,6.87823,84.7929,3.6601,0.344358,75.7596,0.317395,4.34553,0.00503692,0.317395,1.81079,0.0712886,-0.311409,0.574678,0.00626808,-0.967359,0.00793491,0.00665184,0.00755702,0.00371526,-0.967359,0.00605381,1.83001,1.09963,0.00042339,0.151806,0.000793491,0.00110864,0.000317395,0.000603795,0.151806,1.69036,7.04233e-07,3.21813,0.322432
2055.6250,286.784,286.893,2.82372,0.176967,0.650831,0.00371674,0.00369108,0.00194925,2.56566e-05,4.91189e-08,1.23087e-05,0.000774977,4.59029e-10,7.15307e-07,6.33296e-07,1.13105e-17,3.83831e-05,1.43618e-05,1.3663e-07,1.34033e-21,2.5484e-06,1.09895e-06,6.8946,84.7803,3.67081,0.324999,75.7556,0.320149,4.35587,0.00513575,0.320149,1.80512,0.0715077,-0.311238,0.575265,0.00588584,-0.967601,0.00800377,0.00666709,0.00762261,0.00370366,-0.967601,0.00607036,1.83003,1.09967,0.000397635,0.151791,0.000800377,0.00111118,0.000320149,0.000601905,0.151791,1.01613,7.15766e-07,3.22379,0.325285
2055.7083,275.377,276.425,2.16055,0.159941,0.111477,0.00072656,0.00204537,0.00110332,-0.00131881,1.49793e-09,7.11123e-07,0.000765729,1.48773e-12,6.87872e-07,1.34944e-09,1.14352e-17,2.07669e-05,2.42899e-06,4.76538e-10,1.35479e-21,1.37766e-06,2.32246e-07,6.85737,84.7374,3.66313,0.322674,75.7534,0.314721,4.35294,0.00493212,0.314721,1.80388,0.0712392,-0.310901,0.576055,0.00584107,-0.967738,0.00786806,0.00666393,0.00749335,0.00370123,-0.967738,0.00605143,1.83005,1.09972,0.000394966,0.151783,0.000786806,0.00111066,0.000314721,0.000601491,0.151783,0.27798,6.87874e-07,3.19424,0.319653
2055.7917,263.916,265.224,0.294995,0.107256,0.0049154,1.82324e-05,0.00113851,0.000168378,-0.00112027,0,0,0.000752084,0,6.47718e-07,6.98481e-15,1.21193e-17,3.44104e-06,2.00148e-06,1.44431e-15,1.43501e-21,1.91324e-07,2.00148e-07,6.81171,84.7141,3.64966,0.340961,75.7532,0.306811,4.34572,0.00464512,0.306811,1.80822,0.0708218,-0.310564,0.576443,0.00621445,-0.967753,0.00767032,0.00665474,0.00730503,0.00371034,-0.967753,0.00602168,1.83007,1.09974,0.000421308,0.151782,0.000767032,0.00110912,0.000306811,0.000602939,0.151782,0.236457,6.47718e-07,3.16205,0.311456
2055.8750,261.443,262.136,0,0.083769,0,0,0.000889161,6.38907e-06,-0.000889161,0,0,0.000738723,0,6.06578e-07,0,1.27982e-17,3.52072e-07,1.951e-06,0,1.51453e-21,8.81162e-09,1.951e-07,6.7734,84.715,3.63634,0.373126,75.7531,0.299073,4.33846,0.00437393,0.299073,1.81538,0.0704111,-0.310229,0.576518,0.00688347,-0.967767,0.00747686,0.00664538,0.00712079,0.00372524,-0.967767,0.00599235,1.83009,1.09974,0.000466476,0.151782,0.000747687,0.00110756,0.000299073,0.000605325,0.151782,0.173331,6.06578e-07,3.13706,0.303447
2055.9583,264.745,265.004,0,0.0837689,0,0,0.000979746,3.77669e-06,-0.000979746,0,0,0.000725479,0,5.68789e-07,0,1.30302e-17,2.05016e-07,1.90099e-06,0,1.54114e-21,5.09091e-09,1.90099e-07,6.7348,84.7164,3.62301,0.40582,75.753,0.291408,4.3311,0.00411447,0.291408,1.82274,0.0700018,-0.309898,0.576567,0.00756567,-0.967773,0.00728523,0.00663578,0.00693828,0.00374052,-0.967773,0.00596309,1.83011,1.09974,0.00051231,0.151781,0.000728523,0.00110596,0.000291408,0.000607778,0.151781,0.189691,5.68789e-07,3.11179,0.295522
2056.0417,264.941,265.319,0,0.0837689,0,0,0.000797888,3.78563e-06,-0.000797888,0,0,0.000713179,0,5.35057e-07,0,1.31532e-17,1.9325e-07,1.85459e-06,0,1.55486e-21,4.824e-09,1.85459e-07,6.69921,84.7181,3.61052,0.43621,75.753,0.284294,4.3241,0.00388176,0.284294,1.82973,0.0696199,-0.30959,0.576612,0.00820067,-0.967778,0.00710739,0.00662657,0.00676891,0.00375501,-0.967778,0.00593575,1.83013,1.09974,0.000554987,0.151781,0.000710739,0.00110443,0.000284294,0.000610109,0.151781,0.088029,5.35057e-07,3.08869,0.288176
2056.1250,265.489,265.674,0,0.0837692,0,0,0.000963743,3.50564e-06,-0.000963743,0,0,0.000701176,0,5.02153e-07,0,1.33326e-17,1.65897e-07,1.80934e-06,0,1.57525e-21,4.17754e-09,1.80934e-07,6.66477,84.7203,3.59821,0.465893,75.7529,0.277357,4.31712,0.00366242,0.277357,1.83671,0.0692453,-0.309291,0.576654,0.00882168,-0.967781,0.00693396,0.00661729,0.00660374,0.00376945,-0.967781,0.00590889,1.83015,1.09974,0.00059674,0.151781,0.000693397,0.00110288,0.000277357,0.000612435,0.151781,0.22514,5.02153e-07,3.06656,0.281019
2056.2083,270.168,270.092,0,0.303249,0,0,0.00116163,0.000391056,-0.00116163,0,0,0.000689061,0,4.80772e-07,7.16077e-07,1.33133e-17,-1.47863e-05,1.7637e-06,3.71086e-08,1.57227e-21,1.67156e-07,1.7637e-07,6.6252,84.7151,3.58567,0.490649,75.7556,0.270361,4.30991,0.00344853,0.270361,1.84366,0.0688652,-0.309013,0.576558,0.00933686,-0.967557,0.00675906,0.00660762,0.00643716,0.00378379,-0.967557,0.0058816,1.83016,1.09974,0.000630527,0.151789,0.000675906,0.00110127,0.000270361,0.000614751,0.151789,0.479067,4.80772e-07,3.03954,0.273809
2056.2917,282.033,280.539,1.42881,0.41614,1.1356,0.0057485,0.00280831,0.00244994,0.00294019,8.74891e-08,1.50695e-05,0.000683191,6.77575e-10,4.99425e-07,5.27249e-05,1.18781e-17,-8.14495e-06,2.17156e-05,5.86248e-06,1.40608e-21,2.10309e-06,1.61967e-06,6.59727,84.6841,3.58009,0.462514,75.7781,0.266957,4.30708,0.00334693,0.266957,1.84623,0.068656,-0.30984,0.574662,0.00870279,-0.965649,0.00667397,0.00660395,0.00635613,0.00378904,-0.965649,0.00586663,1.83018,1.09976,0.000585501,0.15185,0.000667397,0.00110066,0.000266957,0.000615609,0.15185,1.97431,5.00102e-07,3.01718,0.270304
2056.3750,296.135,293.56,2.45023,0.105341,1.67427,0.00776444,0.00409084,0.00176094,0.0036736,1.29759e-07,2.21994e-05,0.000708068,2.38643e-09,5.68326e-07,5.20387e-09,1.13988e-17,2.2158e-05,3.19305e-05,7.9427e-10,1.35262e-21,2.04388e-06,2.362e-06,6.65796,84.7083,3.60951,0.414305,75.7927,0.281165,4.32685,0.00375718,0.281165,1.84336,0.0693,-0.310338,0.573291,0.00765548,-0.964368,0.00702916,0.00663164,0.00669441,0.00378302,-0.964368,0.00591348,1.8302,1.09976,0.000518425,0.151887,0.000702916,0.00110527,0.000281165,0.00061465,0.151887,1.92544,5.70712e-07,3.04845,0.284922
2056.4583,297.186,296.02,2.49584,0.13647,1.12075,0.00576396,0.00403493,0.00201096,0.00172903,9.13833e-08,1.78251e-05,0.000716583,2.92154e-09,6.05763e-07,7.71426e-07,1.17898e-17,2.4576e-05,2.30513e-05,8.16669e-08,1.39978e-21,2.44927e-06,1.71784e-06,6.65711,84.6928,3.62058,0.39677,75.7965,0.285978,4.33499,0.00388106,0.285978,1.8425,0.0694989,-0.310032,0.573378,0.00729939,-0.96399,0.00714949,0.00664333,0.006809,0.00378123,-0.96399,0.00592811,1.83022,1.09977,0.000494146,0.151895,0.000714949,0.00110722,0.000285978,0.000614364,0.151895,1.69676,6.08685e-07,3.03653,0.289859
2056.5417,290.276,290.116,2.58779,0.174921,0.915876,0.00596,0.00388608,0.00214161,0.00207392,1.11111e-07,2.11075e-05,0.000733546,1.91551e-09,6.407e-07,3.02942e-06,1.17052e-17,3.2614e-05,2.82312e-05,4.08749e-07,1.39097e-21,2.73336e-06,2.09505e-06,6.69118,84.7003,3.64141,0.372183,75.7984,0.295631,4.34952,0.00414154,0.295631,1.83858,0.0699471,-0.309752,0.573431,0.00681901,-0.963722,0.00739082,0.00666394,0.00703884,0.00377311,-0.963722,0.00596084,1.83024,1.09979,0.000459736,0.151895,0.000739082,0.00111066,0.000295631,0.000613056,0.151895,1.45033,6.42616e-07,3.04977,0.299773
2056.6250,283.458,283.762,2.61758,0.204896,0.364799,0.00295566,0.00291337,0.00205033,4.22894e-05,4.02669e-08,9.86781e-06,0.000739128,1.56576e-10,6.43385e-07,3.68175e-06,1.13023e-17,3.75377e-05,1.1633e-05,6.00288e-07,1.34419e-21,2.66626e-06,8.93052e-07,6.69558,84.6778,3.64944,0.351082,75.7971,0.298748,4.3559,0.0042044,0.298748,1.83402,0.0700783,-0.309604,0.573873,0.00640345,-0.963723,0.00746873,0.00667335,0.00711305,0.00376369,-0.963723,0.00597062,1.83025,1.09984,0.000431008,0.151887,0.000746874,0.00111222,0.000298748,0.000611537,0.151887,0.767314,6.43542e-07,3.04614,0.302952
2056.7083,276.759,277.359,1.69042,0.234464,0.0837363,0.000716418,0.00200658,0.00152972,-0.00129016,2.37909e-09,9.50711e-07,0.000730752,2.40829e-12,6.21904e-07,2.00139e-06,1.11433e-17,3.01583e-05,2.48696e-06,4.35098e-07,1.3255e-21,1.98301e-06,2.32407e-07,6.65835,84.6241,3.64161,0.339527,75.7948,0.293869,4.35207,0.00403517,0.293869,1.83138,0.0698092,-0.309351,0.574756,0.00617195,-0.963847,0.00734677,0.00666858,0.00699689,0.00375824,-0.963847,0.00595145,1.83027,1.0999,0.000415946,0.151877,0.000734677,0.00111143,0.000293869,0.000610656,0.151877,0.495717,6.21906e-07,3.01674,0.297905
2056.7917,267.591,268.257,0,0.219494,0,0,0.00106786,0.000119359,-0.00106786,0,0,0.000718023,0,5.94948e-07,1.4565e-13,1.20317e-17,3.59608e-06,1.86902e-06,4.042e-14,1.43047e-21,1.34676e-07,1.86902e-07,6.61576,84.5978,3.62871,0.353543,75.7934,0.286506,4.34487,0.00380092,0.286506,1.83505,0.0694148,-0.30906,0.57525,0.00646193,-0.963953,0.00716269,0.00665906,0.00682158,0.00376586,-0.963953,0.00592323,1.83029,1.09993,0.00043714,0.151873,0.00071627,0.00110984,0.000286506,0.000611882,0.151873,0.324079,5.94948e-07,2.98705,0.290307
2056.8750,263.446,264.029,0,0.219445,0,0,0.000817365,3.04182e-05,-0.000817365,0,0,0.000705521,0,5.62968e-07,0,1.26045e-17,8.34686e-07,1.82188e-06,0,1.49761e-21,3.10694e-08,1.82188e-07,6.57954,84.5974,3.6159,0.382428,75.7933,0.27928,4.33761,0.00357902,0.27928,1.84215,0.0690258,-0.308746,0.575351,0.0070654,-0.963969,0.00698205,0.00664938,0.00664953,0.00378052,-0.963969,0.00589534,1.83031,1.09993,0.000478478,0.151873,0.000698205,0.00110823,0.00027928,0.000614247,0.151873,0.191133,5.62968e-07,2.96365,0.282859
2056.9583,263.778,264.048,0,0.219445,0,0,0.000808162,2.73234e-06,-0.000808162,0,0,0.000693126,0,5.27611e-07,0,1.30602e-17,1.67036e-07,1.77519e-06,0,1.55088e-21,4.02423e-09,1.77519e-07,6.54561,84.6011,3.60308,0.412745,75.7932,0.272122,4.33025,0.00336671,0.272122,1.8495,0.0686381,-0.308435,0.575402,0.00770336,-0.963975,0.00680309,0.00663947,0.0064791,0.00379568,-0.963975,0.00586751,1.83033,1.09993,0.000521441,0.151873,0.000680309,0.00110658,0.000272122,0.000616696,0.151873,0.202058,5.27611e-07,2.94253,0.275489
2057.0417,265.215,265.405,0,0.219445,0,0,0.000857735,1.97853e-06,-0.000857735,0,0,0.000681615,0,4.99351e-07,0,1.3243e-17,1.25865e-07,1.73185e-06,0,1.57175e-21,2.97887e-09,1.73185e-07,6.51159,84.6024,3.59105,0.441111,75.7932,0.265479,4.32326,0.00317629,0.265479,1.85649,0.0682761,-0.308147,0.575443,0.00830155,-0.963978,0.00663702,0.00662997,0.00632094,0.00381007,-0.963978,0.0058415,1.83034,1.09993,0.000561656,0.151872,0.000663702,0.001105,0.000265479,0.000619027,0.151872,0.191785,4.99351e-07,2.92054,0.268656
2057.1250,266.682,266.771,0,0.219445,0,0,0.000960424,1.9326e-06,-0.000960424,0,0,0.000670381,0,4.73492e-07,0,1.33521e-17,1.18936e-07,1.6896e-06,0,1.58387e-21,2.82081e-09,1.6896e-07,6.47651,84.602,3.57921,0.468816,75.7932,0.259001,4.31627,0.00299682,0.259001,1.86347,0.067921,-0.307866,0.575483,0.00888676,-0.963981,0.00647508,0.00662043,0.0061667,0.00382443,-0.963981,0.00581593,1.83036,1.09993,0.000601013,0.151872,0.000647508,0.0011034,0.000259002,0.000621354,0.151872,0.304594,4.73492e-07,2.89731,0.261998
2057.2083,273.295,272.648,0.585507,0.485563,0.180425,0.001229,0.0014635,0.00127452,-0.000234499,1.25485e-08,2.41788e-06,0.000659578,6.17945e-12,4.61216e-07,5.71235e-05,1.27517e-17,-2.4168e-05,4.42013e-06,5.09861e-06,1.51318e-21,8.24819e-07,3.62555e-07,6.4376,84.5901,3.56759,0.483272,75.7994,0.252785,4.30925,0.00282607,0.252785,1.86983,0.0675677,-0.30803,0.574841,0.00917656,-0.963453,0.00631966,0.00661076,0.00601869,0.00383747,-0.963453,0.00579045,1.83038,1.09993,0.000619301,0.15189,0.000631966,0.00110179,0.000252785,0.000623475,0.15189,0.749892,4.61223e-07,2.87001,0.255611
2057.2917,285.585,284.176,2.3655,0.221407,1.38868,0.00855261,0.00409638,0.00271724,0.00445624,1.79397e-07,2.51769e-05,0.000692376,1.02784e-09,4.87312e-07,8.6889e-06,1.0745e-17,3.02806e-05,4.37206e-05,1.51675e-06,1.28006e-21,3.1432e-06,3.18351e-06,6.43749,84.5518,3.59308,0.423818,75.8231,0.272135,4.31723,0.00300473,0.272135,1.86733,0.0677887,-0.309375,0.57257,0.00784756,-0.961414,0.00680342,0.00662185,0.00647942,0.00383214,-0.961414,0.00580609,1.83039,1.09996,0.000531022,0.151952,0.000680343,0.00110364,0.000272135,0.00062264,0.151952,1.84894,4.8834e-07,2.84442,0.27514
2057.3750,290.282,289.348,2.94868,0.198697,1.67787,0.0120448,0.00557464,0.00267021,0.00647015,2.77063e-07,3.74034e-05,0.000795926,3.55674e-09,5.54912e-07,7.63376e-06,1.07826e-17,4.25818e-05,7.47887e-05,8.95678e-07,1.28592e-21,3.39295e-06,5.42886e-06,6.537,84.6101,3.67908,0.38534,75.826,0.332887,4.35006,0.00372791,0.332887,1.86179,0.0691899,-0.309244,0.57176,0.00705749,-0.961072,0.00832221,0.00666753,0.00792588,0.0038206,-0.961072,0.00590672,1.83041,1.09993,0.000478378,0.151955,0.000832221,0.00111126,0.000332887,0.000620796,0.151955,2.28855,5.58469e-07,2.85792,0.336615
2057.4583,293.525,292.858,3.53857,0.220372,2.09191,0.0123555,0.00621364,0.00307169,0.00614183,2.61191e-07,3.78439e-05,0.000897181,5.72016e-09,6.45531e-07,2.18459e-05,1.08391e-17,5.77122e-05,7.74574e-05,2.71743e-06,1.29428e-21,4.06845e-06,5.63221e-06,6.69771,84.7274,3.76374,0.352816,75.8235,0.392246,4.38296,0.0044093,0.392246,1.8534,0.0711387,-0.309339,0.570447,0.00641404,-0.961142,0.00980619,0.0067136,0.00933919,0.00380323,-0.961142,0.00604713,1.83044,1.09987,0.000434251,0.151942,0.000980619,0.00111893,0.000392246,0.000617997,0.151942,2.84854,6.51251e-07,2.93396,0.396655
2057.5417,291.301,290.839,3.86641,0.162077,1.51668,0.00822915,0.00529784,0.0021057,0.00293131,1.4745e-07,2.58053e-05,0.000951985,2.16317e-09,7.01801e-07,1.95143e-06,1.11272e-17,4.05625e-05,4.72413e-05,3.02658e-07,1.32938e-21,2.74198e-06,3.46502e-06,6.80563,84.8046,3.80939,0.334587,75.8186,0.424369,4.40054,0.00470662,0.424369,1.84575,0.0724288,-0.309255,0.569912,0.00605656,-0.96144,0.0106093,0.00673867,0.010104,0.00378746,-0.96144,0.00614045,1.83046,1.09985,0.000410058,0.151924,0.00106093,0.00112311,0.000424369,0.000615446,0.151924,1.80687,7.03964e-07,2.99624,0.429075
2057.6250,286.625,286.765,3.9678,0.138305,0.777637,0.00434667,0.00403194,0.00153774,0.000314729,5.67248e-08,1.28273e-05,0.000968696,4.72344e-10,7.19179e-07,2.80496e-07,1.14649e-17,2.53306e-05,2.02408e-05,4.58985e-08,1.36934e-21,1.9052e-06,1.52783e-06,6.83294,84.8293,3.82291,0.335957,75.8173,0.434174,4.40536,0.00470341,0.434174,1.8431,0.0728451,-0.308822,0.569954,0.00608853,-0.961492,0.0108544,0.00674611,0.0103375,0.00378209,-0.961492,0.00617107,1.83049,1.09985,0.000412126,0.151917,0.00108544,0.00112435,0.000434174,0.000614565,0.151917,0.945891,7.19651e-07,3.01003,0.438878
2057.7083,275.794,276.91,2.88996,0.130669,0.118726,0.00084026,0.00229103,0.000943502,-0.00145077,1.93232e-09,7.71561e-07,0.000957746,3.86998e-12,6.90083e-07,3.72214e-11,1.16147e-17,1.22323e-05,3.3866e-06,1.47134e-11,1.38683e-21,1.07515e-06,3.21258e-07,6.79669,84.8083,3.81295,0.348799,75.8188,0.427783,4.40072,0.00448892,0.427783,1.84408,0.0725233,-0.308369,0.570318,0.00634909,-0.961343,0.0106946,0.0067404,0.0101853,0.0037842,-0.961343,0.00614876,1.83052,1.09988,0.000429661,0.15192,0.00106946,0.0011234,0.000427783,0.000614892,0.15192,0.283889,6.90086e-07,2.98374,0.432272
2057.7917,271.375,271.921,0,0.0724766,0,0,0.00138868,0.000281771,-0.00138868,0,0,0.000939335,0,6.4864e-07,5.94941e-25,1.17909e-17,4.30198e-06,2.72049e-06,2.40365e-25,1.40705e-21,2.57168e-07,2.72049e-07,6.74959,84.7967,3.79656,0.378013,75.8199,0.417032,4.3934,0.00422728,0.417032,1.84919,0.0719961,-0.307921,0.570586,0.00694484,-0.961243,0.0104258,0.00673088,0.00992932,0.00379482,-0.961243,0.00611175,1.83054,1.09989,0.000471266,0.151923,0.00104258,0.00112181,0.000417032,0.000616594,0.151923,0.179701,6.4864e-07,2.95303,0.421259
2057.8750,270.089,270.598,0,0.0743385,0,0,0.00122867,0.00029126,-0.00122867,0,0,0.000921314,0,6.04797e-07,1.01821e-29,1.18018e-17,2.72078e-06,2.65188e-06,4.1805e-30,1.40732e-21,2.36586e-07,2.65188e-07,6.70823,84.797,3.7804,0.411606,75.8214,0.406514,4.38606,0.00398049,0.406514,1.85575,0.0714783,-0.307481,0.570736,0.00762889,-0.961133,0.0101629,0.00672124,0.0096789,0.00380844,-0.961133,0.00607535,1.83057,1.0999,0.000519627,0.151928,0.00101629,0.00112021,0.000406514,0.000618782,0.151928,0.0983704,6.04797e-07,2.92783,0.410494
2057.9583,266.987,267.78,0,0.0815938,0,0,0.000996124,0.000173962,-0.000996124,0,0,0.000903452,0,5.61709e-07,6.05361e-43,1.20134e-17,6.65788e-07,2.58391e-06,2.42425e-43,1.43158e-21,1.24465e-07,2.58391e-07,6.66982,84.8012,3.76425,0.445542,75.8232,0.396094,4.37862,0.00374437,0.396094,1.86259,0.0709632,-0.307046,0.570829,0.00832302,-0.960984,0.0099024,0.00671136,0.00943082,0.00382259,-0.960984,0.0060391,1.8306,1.0999,0.000568137,0.151933,0.00099024,0.00111856,0.000396094,0.000621061,0.151933,0.0642447,5.61709e-07,2.90557,0.399839
2058.0417,266.028,266.562,0,0.0861874,0,0,0.00107534,3.29085e-05,-0.00107534,0,0,0.000886867,0,5.2709e-07,0,1.23845e-17,5.64952e-07,2.52083e-06,0,1.47497e-21,2.53575e-08,2.52083e-07,6.63365,84.8092,3.74915,0.482063,75.824,0.386425,4.37154,0.00353259,0.386425,1.86948,0.0704831,-0.306642,0.570881,0.00908004,-0.960924,0.00966068,0.00670189,0.00920061,0.00383682,-0.960924,0.00600526,1.83062,1.09991,0.000619548,0.151935,0.000966068,0.00111698,0.000386425,0.000623357,0.151935,0.202009,5.2709e-07,2.8845,0.389958
2058.1250,266.715,267.082,0,0.0886096,0,0,0.00102952,2.6492e-05,-0.00102952,0,0,0.000870685,0,4.97651e-07,0,1.25044e-17,4.10328e-07,2.45932e-06,0,1.48845e-21,1.72618e-08,2.45932e-07,6.59537,84.8161,3.73428,0.520114,75.8241,0.376996,4.36448,0.00333298,0.376996,1.8765,0.0700129,-0.306249,0.570933,0.00987307,-0.960919,0.00942495,0.00669236,0.0089761,0.00385129,-0.960919,0.00597209,1.83064,1.0999,0.000672973,0.151936,0.000942495,0.00111539,0.000376996,0.000625698,0.151936,0.205208,4.97651e-07,2.86109,0.380329
2058.2083,270.831,270.656,0.0712599,0.24843,0.0267278,0.000144966,0.00134899,0.00135846,-0.00120402,7.86029e-10,2.28719e-07,0.000854355,3.28784e-14,4.74536e-07,4.91353e-05,1.20933e-17,-2.76612e-05,2.62558e-06,3.48667e-06,1.43997e-21,8.06921e-07,2.56288e-07,6.55532,84.8126,3.71917,0.542773,75.8316,0.367487,4.3572,0.00313834,0.367487,1.88293,0.0695366,-0.306226,0.570329,0.0103329,-0.960289,0.00918722,0.00668244,0.00874969,0.00386451,-0.960289,0.00593844,1.83067,1.09991,0.000702728,0.151956,0.000918722,0.00111374,0.000367487,0.00062784,0.151956,0.490776,4.74536e-07,2.83615,0.370625
2058.2917,287.198,285.682,3.22216,0.247754,1.8526,0.0104486,0.00368441,0.00336083,0.00676415,1.09781e-07,2.37797e-05,0.000842893,9.09028e-10,4.9956e-07,2.17668e-05,1.01647e-17,2.88621e-05,3.33111e-05,4.07975e-06,1.216e-21,3.68641e-06,2.48788e-06,6.55705,84.7752,3.71002,0.478712,75.8599,0.360751,4.35406,0.00304903,0.360751,1.87956,0.0694461,-0.307484,0.568156,0.00891603,-0.95786,0.00901883,0.00667821,0.00858932,0.00385742,-0.95786,0.00593278,1.83069,1.09996,0.000608318,0.152032,0.000901883,0.00111304,0.000360751,0.000626718,0.152032,2.18604,5.0047e-07,2.84703,0.3638
2058.3750,293.296,292.08,3.23604,0.171745,2.27024,0.0130499,0.0047435,0.00270104,0.00830639,1.95201e-07,3.63108e-05,0.000845769,3.80288e-09,5.90427e-07,1.00744e-05,1.07894e-17,3.38066e-05,5.64499e-05,1.2766e-06,1.2927e-21,3.27003e-06,4.17683e-06,6.68758,84.8647,3.71907,0.43492,75.8679,0.362148,4.364,0.00325818,0.362148,1.87436,0.0703399,-0.307282,0.567621,0.00800212,-0.957091,0.00905373,0.00669211,0.00862257,0.00384654,-0.957091,0.00599883,1.83071,1.09996,0.000547687,0.152049,0.000905373,0.00111535,0.000362148,0.000624984,0.152049,2.97814,5.9423e-07,2.96851,0.365406
2058.4583,296.442,295.594,3.31219,0.193667,2.64609,0.0127694,0.00583373,0.00322602,0.00693568,2.05419e-07,3.74833e-05,0.000859674,6.51926e-09,7.03754e-07,1.2633e-05,1.08334e-17,5.42819e-05,5.91337e-05,1.83401e-06,1.30076e-21,4.18503e-06,4.37429e-06,6.86365,84.9876,3.74228,0.389247,75.8694,0.369788,4.38425,0.00368586,0.369788,1.8653,0.0716489,-0.307409,0.566823,0.00709182,-0.956801,0.00924475,0.00672042,0.00880449,0.00382771,-0.956801,0.00609522,1.83074,1.09995,0.000484907,0.152046,0.000924475,0.00112007,0.000369788,0.000621964,0.152046,3.29702,7.10274e-07,3.12136,0.373474
2058.5417,293.564,293.278,3.37062,0.198882,1.5639,0.00826647,0.00529983,0.00280707,0.00296665,1.19919e-07,2.51701e-05,0.000870439,2.99438e-09,7.82677e-07,1.26249e-05,1.10146e-17,5.3189e-05,3.56962e-05,1.52114e-06,1.32405e-21,3.73468e-06,2.66442e-06,6.98068,85.062,3.76177,0.358799,75.866,0.37563,4.402,0.00403037,0.37563,1.85653,0.0725747,-0.307388,0.56668,0.00649079,-0.956944,0.00939079,0.00674542,0.00894357,0.00380955,-0.956944,0.0061637,1.83076,1.09997,0.000443462,0.15203,0.000939079,0.00112424,0.00037563,0.000619042,0.15203,2.12431,7.85671e-07,3.21891,0.37966
2058.6250,283.956,284.407,3.34612,0.267521,0.299824,0.0031703,0.00338999,0.00244158,-0.000219695,2.77106e-08,8.42469e-06,0.000866579,1.87217e-10,7.93148e-07,3.5194e-05,1.05057e-17,5.00596e-05,1.01731e-05,4.14123e-06,1.26419e-21,3.24515e-06,8.04116e-07,6.99401,85.0442,3.76257,0.340159,75.8608,0.373183,4.40622,0.00405276,0.373183,1.84927,0.0726952,-0.307492,0.56716,0.00612515,-0.957267,0.0093296,0.00675176,0.0088853,0.00379451,-0.957267,0.00617344,1.83078,1.10003,0.000418236,0.15201,0.000932961,0.00112529,0.000373183,0.00061662,0.15201,0.948903,7.93335e-07,3.23144,0.377235
2058.7083,275.019,275.713,1.86256,0.300537,0.0728598,0.000632635,0.00207492,0.00152336,-0.00144228,2.91168e-10,1.76804e-07,0.000852023,1.8998e-13,7.64006e-07,1.05057e-05,9.93726e-18,3.46467e-05,2.46032e-06,1.36922e-06,1.19766e-21,1.99883e-06,2.43707e-07,6.94784,84.9796,3.74957,0.331525,75.8556,0.364683,4.40036,0.00384945,0.364683,1.84468,0.0722926,-0.308047,0.567567,0.00595294,-0.957644,0.00911711,0.00674412,0.00868292,0.00378501,-0.957644,0.00614509,1.83081,1.10011,0.000407322,0.151993,0.000911711,0.00112402,0.000364683,0.00061509,0.151993,0.461984,7.64006e-07,3.19827,0.368532
2058.7917,270.707,271.081,0,0.32682,0,0,0.00121125,0.000382635,-0.00121125,0,0,0.000836234,0,7.1837e-07,1.00849e-11,1.06018e-17,9.406e-06,2.31908e-06,2.49232e-12,1.27678e-21,4.33057e-07,2.31908e-07,6.90254,84.9556,3.73475,0.351482,75.8532,0.355497,4.39304,0.00362512,0.355497,1.84838,0.0718252,-0.307745,0.568129,0.00635375,-0.957845,0.00888747,0.00673434,0.00846421,0.00379266,-0.957845,0.00611199,1.83083,1.10014,0.000437026,0.151987,0.000888747,0.00112239,0.000355497,0.000616325,0.151987,0.0755826,7.1837e-07,3.16778,0.359122
2058.8750,270.924,271.132,0,0.32682,0,0,0.00114724,0.000301137,-0.00114724,0,0,0.000820813,0,6.69293e-07,6.21104e-22,1.08859e-17,4.88851e-06,2.26059e-06,1.70152e-22,1.30987e-21,2.89951e-07,2.26059e-07,6.86297,84.951,3.72014,0.379775,75.8535,0.346531,4.3857,0.00341347,0.346531,1.85474,0.0713663,-0.307362,0.568376,0.00692736,-0.957837,0.00866332,0.00672447,0.00825074,0.00380578,-0.957837,0.00607946,1.83085,1.10015,0.000477859,0.151988,0.000866332,0.00112074,0.000346531,0.000618445,0.151988,0.171141,6.69293e-07,3.14283,0.349945
2058.9583,269.715,269.981,0,0.32682,0,0,0.00109641,0.000244393,-0.00109641,0,0,0.000805526,0,6.24909e-07,6.19675e-30,1.11738e-17,2.78044e-06,2.20265e-06,1.25755e-30,1.34343e-21,2.11938e-07,2.20265e-07,6.82341,84.9475,3.70553,0.408062,75.8546,0.337649,4.37826,0.00321099,0.337649,1.86141,0.0709095,-0.306983,0.568541,0.00750241,-0.957755,0.00844127,0.00671436,0.00803927,0.0038195,-0.957755,0.00604702,1.83088,1.10015,0.000518548,0.151992,0.000844127,0.00111906,0.000337649,0.000620666,0.151992,0.127882,6.24909e-07,3.11788,0.34086
2059.0417,269.568,269.736,0,0.32682,0,0,0.00113094,0.000183996,-0.00113094,0,0,0.000791331,0,5.84888e-07,8.9599e-42,1.15589e-17,7.98547e-07,2.14888e-06,1.69557e-42,1.38879e-21,1.35223e-07,2.14888e-07,6.78544,84.9452,3.69185,0.435894,75.8559,0.329407,4.37119,0.00302938,0.329407,1.86798,0.0704834,-0.306632,0.56863,0.00807231,-0.95765,0.00823521,0.0067047,0.00784302,0.00383301,-0.95765,0.00601673,1.8309,1.10016,0.00055823,0.151996,0.000823521,0.00111745,0.000329407,0.000622856,0.151996,0.124571,5.84888e-07,3.09359,0.332436
2059.1250,270.559,270.653,0,0.32682,0,0,0.00125039,0.000185432,-0.00125039,0,0,0.00077748,0,5.51285e-07,3.87459e-42,1.17252e-17,1.21563e-07,2.09645e-06,7.25873e-43,1.40786e-21,1.21155e-07,2.09645e-07,6.74542,84.9408,3.67838,0.463116,75.8577,0.321369,4.36413,0.0028582,0.321369,1.87462,0.0700658,-0.306289,0.56868,0.00863058,-0.957512,0.00803427,0.00669498,0.00765165,0.00384665,-0.957512,0.005987,1.83092,1.10016,0.00059704,0.152001,0.000803427,0.00111583,0.000321369,0.000625072,0.152001,0.338041,5.51285e-07,3.06704,0.324227
2059.2083,274.566,274.072,0.667637,0.645897,0.223119,0.00153693,0.00173626,0.00149225,-0.000199331,9.25636e-09,2.58352e-06,0.000763662,1.33822e-12,5.36775e-07,3.33454e-05,1.09286e-17,-1.15864e-05,4.42927e-06,3.5255e-06,1.31244e-21,1.24028e-06,3.78107e-07,6.70022,84.9183,3.6649,0.470324,75.8681,0.313353,4.35702,0.00269533,0.313353,1.87968,0.0696515,-0.306214,0.568164,0.00875261,-0.956639,0.00783388,0.00668512,0.0074608,0.00385698,-0.956639,0.00595748,1.83094,1.10017,0.000604133,0.152029,0.000783388,0.00111419,0.000313353,0.000626758,0.152029,0.8571,5.36776e-07,3.03533,0.316049
2059.2917,285.575,284.301,2.70555,0.265426,1.55168,0.0096678,0.00346772,0.00307411,0.00620008,1.21295e-07,2.48311e-05,0.000758136,6.21687e-10,5.63098e-07,2.16245e-05,9.28762e-18,3.95555e-05,3.25978e-05,3.68638e-06,1.11936e-21,3.66062e-06,2.43642e-06,6.71324,84.8949,3.66282,0.423872,75.8823,0.310007,4.35866,0.00273986,0.310007,1.87552,0.0696849,-0.307136,0.566989,0.00773837,-0.955396,0.00775021,0.00668736,0.00738111,0.0038482,-0.955396,0.0059606,1.83096,1.10022,0.000535464,0.152066,0.000775021,0.00111456,0.000310007,0.000625371,0.152066,1.94334,5.63719e-07,3.05042,0.312746
2059.3750,292.617,291.4,2.78797,0.174812,2.33471,0.0128652,0.00486762,0.00259527,0.00799763,2.15311e-07,3.80977e-05,0.000770063,4.11586e-09,6.41035e-07,3.97644e-06,9.78039e-18,4.40673e-05,5.57758e-05,5.21785e-07,1.18022e-21,3.31352e-06,4.13625e-06,6.84618,84.9804,3.68521,0.381883,75.8837,0.316455,4.37939,0.00320973,0.316455,1.86867,0.0705993,-0.307099,0.566745,0.00689611,-0.955174,0.0079114,0.00671611,0.00753463,0.00383388,-0.955174,0.00602821,1.83098,1.10023,0.000477804,0.152065,0.000791141,0.00111935,0.000316455,0.000623086,0.152065,2.8772,6.45151e-07,3.16097,0.319664
2059.4583,294.247,293.235,2.89301,0.148885,2.04038,0.0109325,0.00518445,0.00211062,0.00574807,1.86757e-07,3.46151e-05,0.000789823,4.38111e-09,7.1962e-07,1.19429e-06,1.02898e-17,3.67228e-05,4.91954e-05,1.426e-07,1.24174e-21,2.7148e-06,3.65556e-06,7.01031,85.1174,3.71885,0.360706,75.8823,0.327279,4.40905,0.00385061,0.327279,1.86409,0.0717931,-0.306798,0.566309,0.00648091,-0.955206,0.00818202,0.00675747,0.00779236,0.00382437,-0.955206,0.00611638,1.831,1.1002,0.000448893,0.152058,0.000818202,0.00112624,0.000327279,0.00062156,0.152058,2.4477,7.24001e-07,3.29146,0.33113
2059.5417,291.973,291.636,2.92844,0.150957,0.967535,0.00539539,0.0041396,0.00171969,0.00125579,7.51102e-08,1.85051e-05,0.000796814,1.59336e-09,7.596e-07,4.5018e-06,1.06481e-17,2.78875e-05,2.11836e-05,6.09605e-07,1.28491e-21,2.16058e-06,1.60325e-06,7.07366,85.1694,3.73495,0.352507,75.8814,0.330916,4.42525,0.00415052,0.330916,1.86181,0.0723269,-0.306485,0.56626,0.00632561,-0.955216,0.00827295,0.00678039,0.00787896,0.00381967,-0.955216,0.00615623,1.83102,1.1002,0.000437495,0.152052,0.000827295,0.00113007,0.000330916,0.000620801,0.152052,1.42757,7.61194e-07,3.33871,0.335067
2059.6250,284.901,285.172,2.91087,0.189118,0.613703,0.00386568,0.00353445,0.00199331,0.00033123,4.84985e-08,1.2459e-05,0.000794099,3.20248e-10,7.59905e-07,2.71684e-06,1.0424e-17,3.78315e-05,1.44958e-05,4.85006e-07,1.2583e-21,2.58311e-06,1.11481e-06,7.08026,85.1583,3.73736,0.340263,75.8797,0.329115,4.43073,0.00419629,0.329115,1.85809,0.0724025,-0.306289,0.566699,0.00608899,-0.955292,0.00822791,0.00678852,0.00783606,0.003812,-0.955292,0.00616252,1.83104,1.10024,0.000420549,0.152044,0.000822791,0.00113142,0.000329115,0.000619561,0.152044,0.970011,7.60225e-07,3.34289,0.333311
2059.7083,271.312,272.366,0.920376,0.168454,0.0514774,0.000306137,0.0016495,0.000854362,-0.00134336,2.73798e-10,1.49426e-07,0.000782978,2.12223e-14,7.33883e-07,3.53083e-08,1.05402e-17,1.71539e-05,2.17467e-06,9.92139e-09,1.27198e-21,1.05071e-06,2.15493e-07,7.04451,85.1209,3.72787,0.34098,75.8778,0.322599,4.42686,0.00402931,0.322599,1.85769,0.0721056,-0.305986,0.56741,0.00610631,-0.95542,0.00806502,0.00678368,0.00768093,0.0038112,-0.95542,0.00614159,1.83106,1.10029,0.000422153,0.152037,0.000806502,0.00113061,0.000322599,0.000619428,0.152037,0.518767,7.33883e-07,3.31664,0.326628
2059.7917,268.15,268.747,0,0.0969104,0,0,0.00124922,0.000166249,-0.00124922,0,0,0.000768944,0,6.97842e-07,3.54566e-26,1.10738e-17,4.34362e-06,2.0514e-06,1.11409e-26,1.33541e-21,1.80309e-07,2.0514e-07,6.99764,85.1028,3.71405,0.364578,75.8773,0.314463,4.41947,0.00379406,0.314463,1.86327,0.0716777,-0.305639,0.567737,0.00658562,-0.955462,0.00786162,0.00677388,0.00748722,0.00382275,-0.955462,0.00611108,1.83108,1.1003,0.000456067,0.152036,0.000786162,0.00112898,0.000314463,0.000621288,0.152036,0.286836,6.97842e-07,3.28359,0.318257
2059.8750,266.711,267.152,0,0.0969103,0,0,0.00103531,6.96065e-05,-0.00103531,0,0,0.000755254,0,6.54946e-07,0,1.15135e-17,1.49187e-06,1.99966e-06,0,1.38748e-21,6.40699e-08,1.99966e-07,6.95653,85.0997,3.70044,0.395523,75.8773,0.306532,4.41209,0.00357256,0.306532,1.87039,0.0712582,-0.305295,0.567862,0.00722206,-0.955475,0.00766335,0.006764,0.00729839,0.00383745,-0.955475,0.00608112,1.8311,1.1003,0.00049985,0.152036,0.000766335,0.00112733,0.000306532,0.00062366,0.152036,0.146276,6.54946e-07,3.25609,0.310105
2059.9583,264.408,264.946,0,0.0969103,0,0,0.000843805,3.10265e-05,-0.000843805,0,0,0.000741682,0,6.10172e-07,0,1.19704e-17,6.72594e-07,1.94841e-06,0,1.44163e-21,2.69525e-08,1.94841e-07,6.91895,85.1016,3.68683,0.427515,75.8774,0.298676,4.4046,0.00336063,0.298676,1.87777,0.0708404,-0.304955,0.567937,0.00788349,-0.955469,0.00746693,0.0067539,0.00711132,0.00385266,-0.955469,0.00605124,1.83112,1.1003,0.000544868,0.152037,0.000746693,0.00112565,0.000298676,0.000626119,0.152037,0.107085,6.10172e-07,3.23212,0.302036
2060.0417,263.78,264.148,0,0.0969108,0,0,0.000890103,5.23064e-06,-0.000890103,0,0,0.000729079,0,5.70643e-07,0,1.24574e-17,2.55886e-07,1.90085e-06,0,1.49947e-21,6.6655e-09,1.90085e-07,6.88508,85.1057,3.67406,0.458445,75.8773,0.291385,4.39749,0.00317056,0.291385,1.88486,0.0704504,-0.30464,0.56799,0.00852608,-0.955473,0.00728466,0.00674422,0.00693773,0.00386726,-0.955473,0.00602331,1.83114,1.1003,0.00058819,0.152037,0.000728466,0.00112404,0.000291385,0.000628483,0.152037,0.152221,5.70643e-07,3.21102,0.294555
2060.1250,266.867,266.994,0,0.0969103,0,0,0.0010431,3.67726e-06,-0.0010431,0,0,0.000716779,0,5.37536e-07,0,1.27611e-17,1.93008e-07,1.85447e-06,0,1.5352e-21,4.84624e-09,1.85447e-07,6.84761,85.1058,3.66149,0.488957,75.8773,0.284275,4.39039,0.00299141,0.284275,1.89196,0.0700678,-0.304333,0.568034,0.00916145,-0.955478,0.00710691,0.00673449,0.00676844,0.00388185,-0.955478,0.00599588,1.83115,1.1003,0.000630911,0.152037,0.000710691,0.00112241,0.000284275,0.000630849,0.152037,0.284116,5.37536e-07,3.18612,0.287266
2060.2083,273.194,272.527,0.915433,0.314475,0.238282,0.00172251,0.00158354,0.00153639,0.000138969,1.13929e-08,2.91828e-06,0.000704592,3.83531e-12,5.2179e-07,4.83506e-05,1.21527e-17,-2.6379e-05,4.4922e-06,3.88652e-06,1.46302e-21,9.52948e-07,3.75556e-07,6.80566,85.0885,3.64898,0.497564,75.8874,0.277233,4.38328,0.00282177,0.277233,1.89784,0.0696885,-0.304582,0.56714,0.00932439,-0.954629,0.00693087,0.00672468,0.00660079,0.00389389,-0.954629,0.00596864,1.83117,1.10031,0.000640161,0.152065,0.000693087,0.00112078,0.000277233,0.000632811,0.152065,0.780142,5.21794e-07,3.15668,0.280055
2060.2917,283.888,282.488,2.29948,0.188563,1.27063,0.008333,0.00319219,0.00227034,0.0051408,1.30358e-07,2.403e-05,0.000703829,5.12658e-10,5.41147e-07,1.4664e-06,1.05822e-17,2.18588e-05,3.23535e-05,2.4193e-07,1.27743e-21,2.50907e-06,2.40558e-06,6.81381,85.0654,3.65127,0.445755,75.9098,0.276663,4.387,0.00290704,0.276663,1.89607,0.0697421,-0.305283,0.565617,0.00818158,-0.952714,0.00691663,0.00672984,0.00658722,0.00389007,-0.952714,0.00597287,1.83119,1.10034,0.000564707,0.152125,0.000691663,0.00112164,0.000276663,0.00063222,0.152125,1.67562,5.4166e-07,3.16254,0.27957
2060.3750,294.776,292.512,2.49598,0.106259,1.65595,0.00826819,0.00408758,0.00157385,0.0041806,1.42487e-07,2.71218e-05,0.000720595,2.83475e-09,5.91892e-07,9.3416e-10,1.07903e-17,1.85589e-05,3.51537e-05,1.1518e-10,1.30309e-21,1.84105e-06,2.6103e-06,6.89893,85.1312,3.67662,0.422426,75.9149,0.285992,4.40782,0.00336853,0.285992,1.89491,0.0704513,-0.304979,0.565217,0.00769283,-0.952229,0.00714985,0.0067588,0.00680934,0.00388758,-0.952229,0.00602493,1.83121,1.10032,0.000532429,0.152136,0.000714985,0.00112647,0.000285992,0.000631835,0.152136,1.9081,5.94726e-07,3.22231,0.289361
2060.4583,295.715,294.596,2.57451,0.162721,1.51549,0.00865314,0.00476676,0.00245273,0.00388637,1.64071e-07,2.93421e-05,0.000735462,4.85674e-09,6.38029e-07,2.89278e-06,1.09882e-17,3.26585e-05,4.05698e-05,2.97526e-07,1.32789e-21,3.05849e-06,3.00816e-06,6.9636,85.1767,3.69972,0.401561,75.9187,0.294237,4.42714,0.00377065,0.294237,1.89282,0.0710716,-0.304698,0.564894,0.00728458,-0.951831,0.00735597,0.00678583,0.00700565,0.0038832,-0.951831,0.00607055,1.83123,1.10032,0.000502834,0.152143,0.000735597,0.00113097,0.000294237,0.000631137,0.152143,2.08328,6.42886e-07,3.26388,0.298008
2060.5417,293.132,292.681,2.67309,0.157072,1.23181,0.00678391,0.00461653,0.00217261,0.00216738,1.20233e-07,2.35217e-05,0.000753999,2.87131e-09,6.85794e-07,1.30348e-06,1.10643e-17,3.62043e-05,3.07117e-05,1.65295e-07,1.33842e-21,2.8094e-06,2.29004e-06,7.04258,85.2187,3.72796,0.370952,75.9187,0.304538,4.45045,0.00423659,0.304538,1.8865,0.0718137,-0.304453,0.564873,0.00669244,-0.951702,0.00761348,0.0068186,0.00725089,0.00387012,-0.951702,0.00612516,1.83125,1.10033,0.000460271,0.152137,0.000761348,0.00113643,0.000304538,0.00062903,0.152137,1.64438,6.88665e-07,3.31463,0.308774
2060.6250,285.819,286.229,2.68766,0.221855,0.438323,0.00320788,0.00342949,0.00226518,-0.000221607,4.15013e-08,1.0381e-05,0.000757014,4.93845e-10,6.99314e-07,1.3506e-05,1.07549e-17,4.17743e-05,1.19894e-05,1.86492e-06,1.30194e-21,2.96863e-06,9.25101e-07,7.0505,85.2032,3.736,0.353801,75.9169,0.306054,4.45893,0.00434421,0.306054,1.88205,0.0719874,-0.304344,0.565204,0.00636171,-0.951759,0.00765139,0.00683092,0.007287,0.00386096,-0.951759,0.00613831,1.83127,1.10037,0.000436677,0.152127,0.000765139,0.00113849,0.000306054,0.000627547,0.152127,1.06104,6.99808e-07,3.31451,0.310398
2060.7083,272.339,273.186,0.985654,0.235491,0.024078,0.000213844,0.00162231,0.00112056,-0.00140847,3.69647e-11,2.37227e-08,0.000746608,7.10292e-16,6.81e-07,9.57897e-07,1.05512e-17,2.26986e-05,1.96599e-06,1.89747e-07,1.27767e-21,1.41975e-06,1.96338e-07,7.00954,85.1486,3.72641,0.345675,75.9137,0.299989,4.45436,0.004154,0.299989,1.87969,0.0716793,-0.304253,0.565971,0.00620223,-0.951962,0.00749976,0.00682515,0.00714259,0.00385612,-0.951962,0.00611638,1.83128,1.10043,0.000426474,0.152116,0.000749976,0.00113753,0.000299989,0.000626761,0.152116,0.463831,6.81e-07,3.28313,0.304143
2060.7917,265.789,266.749,0,0.100862,0,0,0.00106676,0.00015463,-0.00106676,0,0,0.000733526,0,6.42592e-07,1.42795e-15,1.13823e-17,4.06374e-06,1.90762e-06,4.17379e-16,1.37735e-21,1.78908e-07,1.90762e-07,6.96457,85.1258,3.71313,0.363744,75.913,0.292422,4.44692,0.00391143,0.292422,1.88452,0.0712737,-0.303934,0.566381,0.00656874,-0.952023,0.0073106,0.00681533,0.00696244,0.00386612,-0.952023,0.00608733,1.8313,1.10045,0.000452944,0.152114,0.00073106,0.00113589,0.000292422,0.000628368,0.152114,0.166685,6.42592e-07,3.25145,0.296334
2060.8750,267.11,267.42,0,0.0900364,0,0,0.000964594,2.01598e-05,-0.000964594,0,0,0.000720764,0,5.99072e-07,0,1.19446e-17,8.17913e-07,1.8595e-06,0,1.44451e-21,2.36563e-08,1.8595e-07,6.92658,85.1254,3.70004,0.394224,75.9128,0.285047,4.4395,0.00368307,0.285047,1.89181,0.0708759,-0.303613,0.566473,0.00720114,-0.952044,0.00712622,0.00680543,0.00678684,0.0038812,-0.952044,0.0060588,1.83132,1.10046,0.000495914,0.152113,0.000712622,0.00113424,0.000285047,0.000630801,0.152113,0.0883671,5.99072e-07,3.22655,0.28873
2060.9583,267.915,268.111,0,0.0900364,0,0,0.00108651,1.95813e-05,-0.00108651,0,0,0.000708112,0,5.6547e-07,0,1.20594e-17,6.67199e-07,1.81184e-06,0,1.45751e-21,2.01217e-08,1.81184e-07,6.88713,85.1244,3.68694,0.425258,75.9127,0.277741,4.43196,0.00346459,0.277741,1.89932,0.0704795,-0.303296,0.566537,0.00784716,-0.952056,0.00694357,0.00679529,0.00661289,0.00389668,-0.952056,0.00603032,1.83134,1.10046,0.000539591,0.152113,0.000694357,0.00113255,0.000277741,0.000633303,0.152113,0.376125,5.6547e-07,3.20019,0.281206
2061.0417,267.783,267.979,0,0.0900364,0,0,0.00108849,1.93634e-05,-0.00108849,0,0,0.000696363,0,5.36948e-07,0,1.21294e-17,5.61073e-07,1.76762e-06,0,1.46516e-21,1.76517e-08,1.76762e-07,6.84798,85.1211,3.67465,0.454048,75.9126,0.270961,4.4248,0.00326864,0.270961,1.90645,0.0701094,-0.303001,0.566593,0.00844726,-0.952062,0.00677407,0.00678559,0.00645146,0.00391137,-0.952062,0.0060037,1.83136,1.10045,0.000580204,0.152113,0.000677407,0.00113093,0.000270961,0.00063568,0.152113,0.232946,5.36948e-07,3.17333,0.27423
2061.1250,269.546,269.603,0,0.106985,0,0,0.00121679,3.41442e-05,-0.00121679,0,0,0.000684895,0,5.14661e-07,0,1.21489e-17,-3.13806e-07,1.72449e-06,0,1.4667e-21,1.98865e-08,1.72449e-07,6.80663,85.1148,3.66254,0.481951,75.9127,0.26435,4.41766,0.00308394,0.26435,1.91356,0.0697462,-0.302716,0.56664,0.0090297,-0.952058,0.00660878,0.00677582,0.00629404,0.003926,-0.952058,0.00597754,1.83137,1.10045,0.000619626,0.152114,0.000660878,0.0011293,0.00026435,0.000638051,0.152114,0.608247,5.14661e-07,3.14409,0.267434
2061.2083,278.723,277.506,1.48917,0.284115,0.584701,0.00355443,0.00225795,0.00225371,0.00129648,4.15135e-08,8.13533e-06,0.000675853,7.99984e-11,5.14423e-07,5.13317e-05,1.0963e-17,-1.43716e-05,1.09621e-05,4.90939e-06,1.32544e-21,1.83294e-06,8.37624e-07,6.76686,85.0843,3.65298,0.472211,75.9275,0.259141,4.41199,0.00294296,0.259141,1.91778,0.069442,-0.303332,0.565312,0.00878913,-0.95081,0.00647857,0.00676805,0.00617003,0.0039346,-0.95081,0.00595558,1.83139,1.10047,0.000602796,0.152154,0.000647857,0.00112801,0.000259141,0.000639455,0.152154,1.0395,5.14503e-07,3.11388,0.262084
2061.2917,288.321,287.139,2.33467,0.184666,1.474,0.00904248,0.00404567,0.00256943,0.0049968,1.76557e-07,2.74059e-05,0.00069285,1.88898e-09,5.47805e-07,3.76751e-06,1.02869e-17,3.59202e-05,4.16084e-05,4.35744e-07,1.24666e-21,3.13696e-06,3.05739e-06,6.79449,85.0686,3.67187,0.417605,75.9429,0.268912,4.42386,0.00320479,0.268912,1.91366,0.0698079,-0.303767,0.564346,0.00760727,-0.949454,0.00672285,0.00678456,0.00640268,0.00392595,-0.949454,0.00598205,1.83141,1.1005,0.000524569,0.152193,0.000672285,0.00113076,0.000268912,0.000638082,0.152193,1.9632,5.49694e-07,3.12262,0.272117
2061.3750,295.68,294.217,2.59725,0.1523,2.12122,0.011101,0.00524221,0.00227411,0.00585876,2.39734e-07,3.53017e-05,0.000741055,6.35521e-09,6.2599e-07,3.9842e-06,1.07737e-17,3.5867e-05,5.83658e-05,4.23614e-07,1.30657e-21,2.89445e-06,4.27789e-06,6.91296,85.1504,3.72522,0.385011,75.9438,0.296604,4.4572,0.00393195,0.296604,1.90865,0.0710236,-0.303554,0.563834,0.00695584,-0.949283,0.00741515,0.00683101,0.00706201,0.00391555,-0.949283,0.00607024,1.83142,1.10047,0.000479933,0.152191,0.000741515,0.0011385,0.000296604,0.000636415,0.152191,2.77219,6.32345e-07,3.18775,0.300536
2061.4583,296.622,295.663,2.88683,0.175311,2.25077,0.011151,0.00587586,0.00267855,0.00527511,2.33856e-07,3.55657e-05,0.000793363,7.66121e-09,7.1877e-07,8.91245e-06,1.08963e-17,5.06687e-05,6.02766e-05,1.13229e-06,1.32281e-21,3.56269e-06,4.42245e-06,7.04639,85.2439,3.78361,0.355104,75.9413,0.326623,4.49409,0.00469629,0.326623,1.90115,0.0724153,-0.303536,0.563137,0.0063768,-0.949365,0.00816561,0.00688266,0.00777674,0.00390006,-0.949365,0.0061714,1.83144,1.10045,0.00043864,0.152178,0.000816561,0.00114711,0.000326623,0.000633912,0.152178,2.85533,7.26431e-07,3.26278,0.331319
2061.5417,296.77,295.831,2.98728,0.106989,0.579381,0.00272601,0.00405421,0.00138063,-0.00132819,2.96683e-08,7.16903e-06,0.000811469,7.71932e-10,7.49372e-07,8.67955e-08,1.14389e-17,2.23454e-05,9.74232e-06,1.63681e-08,1.3886e-21,1.71834e-06,7.63232e-07,7.07333,85.2585,3.80511,0.348143,75.9388,0.336935,4.50863,0.00491008,0.336935,1.89827,0.0728884,-0.30324,0.56323,0.00624803,-0.949501,0.00842343,0.00690361,0.00802227,0.00389422,-0.949501,0.00620614,1.83147,1.10045,0.000429242,0.152168,0.000842343,0.0011506,0.000336935,0.000632953,0.152168,0.832438,7.50144e-07,3.26822,0.341846
2061.6250,286.397,286.812,2.94735,0.155857,0.396355,0.00257435,0.00319425,0.00155015,-0.000619899,2.24226e-08,6.73902e-06,0.000804506,2.70685e-10,7.28613e-07,2.80559e-07,1.13576e-17,2.4511e-05,7.87216e-06,7.38467e-08,1.37866e-21,1.93631e-06,6.26365e-07,7.02756,85.2119,3.79925,0.347758,75.939,0.332853,4.50633,0.00474027,0.332853,1.89755,0.0726624,-0.302891,0.563738,0.00624708,-0.949431,0.00832137,0.0069012,0.00792508,0.00389284,-0.949431,0.00619023,1.83149,1.10049,0.000428094,0.152166,0.000832137,0.0011502,0.000332853,0.000632713,0.152166,0.756848,7.28884e-07,3.22831,0.337593
2061.7083,272.521,273.51,1.49932,0.196894,0.0422876,0.000385397,0.00170973,0.000990842,-0.00132433,1.35519e-11,2.04153e-09,0.000791839,2.01999e-15,6.98158e-07,1.25195e-07,1.11885e-17,1.7201e-05,2.12684e-06,3.43543e-08,1.358e-21,1.20755e-06,2.12588e-07,6.97887,85.1642,3.78706,0.349048,75.9389,0.325495,4.50004,0.00449075,0.325495,1.89739,0.0722737,-0.302559,0.564391,0.00627983,-0.949396,0.00813742,0.00689319,0.00774988,0.00389259,-0.949396,0.00616257,1.83151,1.10054,0.000429843,0.152164,0.000813742,0.00114886,0.000325495,0.00063266,0.152164,0.305714,6.98158e-07,3.19181,0.329986
2061.7917,266.967,267.751,0,0.0718312,0,0,0.00122602,0.000126893,-0.00122602,0,0,0.000777674,0,6.54532e-07,2.9359e-26,1.1722e-17,2.99797e-06,2.0698e-06,9.85801e-27,1.42186e-21,1.3439e-07,2.0698e-07,6.93316,85.1459,3.77307,0.371107,75.9389,0.317285,4.49252,0.0042285,0.317285,1.90269,0.0718427,-0.302209,0.564706,0.00673231,-0.949393,0.00793216,0.00688337,0.0075544,0.00390362,-0.949393,0.00613184,1.83153,1.10056,0.000461705,0.152164,0.000793217,0.00114723,0.000317285,0.000634428,0.152164,0.188914,6.54532e-07,3.1601,0.321513
2061.8750,264.921,265.499,0,0.0637928,0,0,0.000979752,3.01211e-05,-0.000979752,0,0,0.000763857,0,6.14989e-07,0,1.20306e-17,8.68889e-07,2.0176e-06,0,1.45838e-21,3.00631e-08,2.0176e-07,6.89253,85.1448,3.75929,0.403355,75.9389,0.309283,4.48502,0.00398163,0.309283,1.91005,0.0714203,-0.301864,0.564797,0.00740243,-0.949403,0.00773211,0.00687348,0.00736388,0.00391886,-0.949403,0.00610167,1.83155,1.10056,0.000507361,0.152164,0.000773211,0.00114558,0.000309283,0.00063688,0.152164,0.182046,6.14989e-07,3.13324,0.313264
2061.9583,264.929,265.314,0,0.0637921,0,0,0.00092131,1.36314e-05,-0.00092131,0,0,0.000750161,0,5.74038e-07,0,1.22202e-17,4.79371e-07,1.96589e-06,0,1.48051e-21,1.39783e-08,1.96589e-07,6.85444,85.1475,3.74551,0.436611,75.9388,0.301356,4.47741,0.00374544,0.301356,1.91764,0.0709994,-0.301523,0.564857,0.00809703,-0.949411,0.00753393,0.00686334,0.00717513,0.00393454,-0.949411,0.00607158,1.83157,1.10056,0.000554207,0.152164,0.000753393,0.00114389,0.000301356,0.000639408,0.152164,0.142577,5.74038e-07,3.10893,0.305101
2062.0417,267.039,267.257,0,0.0637921,0,0,0.00101297,1.30349e-05,-0.00101297,0,0,0.000737442,0,5.41649e-07,0,1.23042e-17,3.74508e-07,1.9179e-06,0,1.48987e-21,1.15031e-08,1.9179e-07,6.81713,85.1483,3.73259,0.467595,75.9387,0.293999,4.47018,0.0035336,0.293999,1.92485,0.0706067,-0.301206,0.564908,0.00874521,-0.949415,0.00735002,0.00685363,0.00699998,0.00394943,-0.949415,0.00604345,1.83159,1.10056,0.000597907,0.152164,0.000735002,0.00114227,0.000293999,0.000641813,0.152164,0.198975,5.41649e-07,3.08454,0.297533
2062.1250,265.997,266.206,0,0.0637926,0,0,0.000986491,1.25847e-05,-0.000986491,0,0,0.000725029,0,5.12398e-07,0,1.23496e-17,3.04059e-07,1.8711e-06,0,1.49455e-21,9.76597e-09,1.8711e-07,6.7806,85.1492,3.71986,0.49782,75.9387,0.286825,4.46296,0.00333393,0.286825,1.93205,0.0702215,-0.300897,0.564955,0.00937834,-0.949417,0.00717068,0.00684385,0.00682918,0.00396427,-0.949417,0.00601583,1.8316,1.10056,0.000640623,0.152164,0.000717068,0.00114064,0.000286825,0.000644214,0.152164,0.286903,5.12398e-07,3.06074,0.290159
2062.2083,276.421,275.593,1.09094,0.568099,0.386784,0.00250844,0.00189223,0.00179503,0.000616209,2.48987e-08,5.22612e-06,0.000713561,2.44794e-11,4.97575e-07,5.89431e-05,1.15034e-17,-2.46214e-05,7.71749e-06,5.40686e-06,1.39364e-21,1.2094e-06,6.06961e-07,6.74032,85.1306,3.70803,0.502389,75.9501,0.280204,4.45619,0.00315482,0.280204,1.93777,0.0698599,-0.301373,0.563805,0.00944694,-0.94846,0.00700514,0.00683463,0.00667152,0.003976,-0.94846,0.00598986,1.83162,1.10056,0.000644322,0.152195,0.000700514,0.0011391,0.000280204,0.000646119,0.152195,0.874759,4.976e-07,3.03229,0.283359
2062.2917,287.133,286.02,2.50997,0.173267,1.52635,0.00945383,0.00379563,0.00243623,0.00565819,1.69899e-07,2.73115e-05,0.000726157,1.17e-09,5.32661e-07,9.3278e-07,1.06665e-17,2.6736e-05,4.24144e-05,1.25495e-07,1.29627e-21,2.80482e-06,3.11654e-06,6.76621,85.1181,3.72186,0.44449,75.9724,0.287457,4.46473,0.00333155,0.287457,1.93499,0.0701632,-0.302186,0.562063,0.00816529,-0.946548,0.00718647,0.00684659,0.00684422,0.00397014,-0.946548,0.00601189,1.83164,1.10058,0.000560188,0.152255,0.000718647,0.0011411,0.000287457,0.000645192,0.152255,1.9831,5.33831e-07,3.04436,0.290789
2062.3750,293.285,292.012,2.75227,0.154597,2.08162,0.0120416,0.0051108,0.00232964,0.00693083,2.5316e-07,3.76614e-05,0.000770079,5.24315e-09,6.01544e-07,2.77262e-06,1.10532e-17,3.11821e-05,6.46761e-05,2.69235e-07,1.34434e-21,2.86445e-06,4.73447e-06,6.88955,85.2116,3.76939,0.413602,75.977,0.312739,4.49366,0.00395436,0.312739,1.93146,0.0713646,-0.301915,0.561302,0.00753438,-0.946079,0.00781852,0.00688694,0.00744617,0.00396279,-0.946079,0.00609903,1.83166,1.10055,0.000517212,0.152263,0.000781852,0.00114782,0.000312739,0.000644016,0.152263,2.57996,6.06787e-07,3.12016,0.316693
2062.4583,297.348,295.99,2.92661,0.131391,1.15608,0.00588796,0.00440643,0.00189736,0.00148153,9.8378e-08,1.8708e-05,0.000801419,2.67717e-09,6.54715e-07,1.24924e-06,1.14208e-17,2.55002e-05,2.71437e-05,1.48122e-07,1.38988e-21,2.34036e-06,2.01901e-06,6.96652,85.2686,3.80394,0.394579,75.9792,0.330728,4.51518,0.00437081,0.330728,1.92835,0.0722382,-0.301614,0.560828,0.00716478,-0.945802,0.00826825,0.00691728,0.00787448,0.00395638,-0.945802,0.00616261,1.83168,1.10053,0.000490567,0.152265,0.000826825,0.00115288,0.000330728,0.000642979,0.152265,1.66785,6.57392e-07,3.16258,0.335099
2062.5417,293.083,292.712,2.9911,0.163394,0.874347,0.00519031,0.00420823,0.00204721,0.00098208,8.319e-08,1.78961e-05,0.000812978,1.85824e-09,6.86021e-07,6.2251e-06,1.13958e-17,3.03472e-05,2.35174e-05,7.79715e-07,1.38769e-21,2.58606e-06,1.75639e-06,6.98009,85.2655,3.81762,0.379808,75.9806,0.337326,4.52439,0.00448972,0.337326,1.92505,0.0725578,-0.301304,0.560893,0.00688309,-0.945587,0.00843319,0.00693066,0.00803157,0.00394962,-0.945587,0.00618611,1.8317,1.10055,0.000469615,0.152264,0.000843319,0.00115511,0.000337326,0.000641881,0.152264,1.48832,6.8788e-07,3.16247,0.341816
2062.6250,284.622,284.934,3.01273,0.252243,0.396499,0.00333969,0.00335498,0.00256726,-1.52876e-05,4.38906e-08,1.07075e-05,0.000816926,2.57777e-10,6.95097e-07,2.6476e-05,1.04748e-17,5.029e-05,1.36609e-05,3.60359e-06,1.27791e-21,3.37123e-06,1.04524e-06,6.97784,85.2314,3.82326,0.356763,75.9783,0.339533,4.52885,0.00449601,0.339533,1.91845,0.0726613,-0.301644,0.560991,0.00643204,-0.945664,0.00848836,0.00693747,0.00808412,0.00393602,-0.945664,0.00619399,1.83172,1.10061,0.000438272,0.152253,0.000848836,0.00115625,0.000339533,0.000639681,0.152253,0.929938,6.95355e-07,3.15459,0.344029
2062.7083,271.083,272.197,1.22123,0.247047,0.0575624,0.000443319,0.00168014,0.000917024,-0.00123682,1.13546e-09,4.86628e-07,0.00080688,1.197e-12,6.75899e-07,2.52873e-06,1.07164e-17,2.06797e-05,2.47347e-06,4.05627e-07,1.30795e-21,1.18721e-06,2.38803e-07,6.94025,85.1803,3.81393,0.350028,75.9744,0.33368,4.52433,0.00430104,0.33368,1.91562,0.0723539,-0.301637,0.561711,0.00629967,-0.945932,0.00834203,0.00693183,0.00794476,0.0039302,-0.945932,0.00617222,1.83174,1.10067,0.000430463,0.152239,0.000834203,0.0011553,0.00033368,0.000638736,0.152239,0.552655,6.759e-07,3.12632,0.337981
2062.7917,267.814,268.359,0.888333,0.232954,0.00342934,9.59059e-06,0.00127184,0.000205491,-0.00126225,0,0,0.000792388,0,6.43897e-07,4.75953e-09,1.14558e-17,1.7912e-06,2.12192e-06,3.0949e-10,1.39737e-21,2.08239e-07,2.12192e-07,6.89508,85.1663,3.79972,0.375198,75.9746,0.325275,4.51679,0.00405015,0.325275,1.92145,0.0719156,-0.301298,0.561944,0.00681821,-0.945918,0.00813191,0.0069219,0.00774464,0.00394229,-0.945918,0.006141,1.83177,1.10069,0.000466305,0.15224,0.000813191,0.00115365,0.000325275,0.000640679,0.15224,0.282011,6.43897e-07,3.09536,0.329325
2062.8750,267.274,267.542,0,0.155828,0,0,0.000994073,4.7085e-05,-0.000994073,0,0,0.000778232,0,6.03544e-07,0,1.194e-17,8.15204e-07,2.06841e-06,0,1.45554e-21,3.8489e-08,2.06841e-07,6.85458,85.1655,3.78572,0.407362,75.9748,0.317071,4.50925,0.00381369,0.317071,1.92876,0.0714854,-0.300947,0.562026,0.00748787,-0.945903,0.00792682,0.00691187,0.00754931,0.00395741,-0.945903,0.00611031,1.83179,1.10069,0.00051184,0.15224,0.000792682,0.00115198,0.000317071,0.000643115,0.15224,0.144616,6.03544e-07,3.06886,0.320885
2062.9583,268.074,268.271,0,0.155828,0,0,0.00101183,5.02503e-05,-0.00101183,0,0,0.000764199,0,5.6789e-07,0,1.20273e-17,4.29618e-07,2.01539e-06,0,1.46529e-21,3.17257e-08,2.01539e-07,6.81603,85.1674,3.7717,0.440015,75.9751,0.308944,4.5016,0.00358747,0.308944,1.93632,0.0710569,-0.300598,0.562086,0.00816912,-0.945883,0.00772365,0.00690161,0.00735582,0.00397302,-0.945883,0.00607971,1.83181,1.10069,0.000558186,0.152241,0.000772365,0.00115027,0.000308944,0.000645635,0.152241,0.230636,5.6789e-07,3.04433,0.312532
2063.0417,267.992,268.158,0,0.155829,0,0,0.000910814,5.27971e-05,-0.000910814,0,0,0.000751167,0,5.32017e-07,0,1.20966e-17,1.4168e-07,1.9662e-06,0,1.47287e-21,2.68122e-08,1.9662e-07,6.78056,85.1696,3.75857,0.470037,75.9755,0.301403,4.49433,0.00338456,0.301403,1.9435,0.0706571,-0.300274,0.562133,0.0087957,-0.945848,0.00753511,0.00689177,0.00717626,0.00398782,-0.945848,0.00605111,1.83183,1.10069,0.000600937,0.152243,0.000753511,0.00114863,0.000301403,0.000648029,0.152243,0.0721869,5.32017e-07,3.02199,0.304787
2063.1250,267.338,267.51,0,0.155833,0,0,0.000953235,5.16426e-05,-0.000953235,0,0,0.000738449,0,5.0011e-07,0,1.21869e-17,-1.43067e-07,1.91822e-06,0,1.48301e-21,2.06811e-08,1.91822e-07,6.74615,85.1721,3.74563,0.499149,75.9761,0.294048,4.48707,0.00319332,0.294048,1.95067,0.070265,-0.299959,0.56217,0.00940369,-0.9458,0.00735125,0.00688188,0.00700115,0.00400258,-0.9458,0.00602302,1.83184,1.10069,0.000642494,0.152245,0.000735125,0.00114698,0.000294048,0.000650421,0.152245,0.257321,5.0011e-07,3.00052,0.297242
2063.2083,269.379,269.352,0,0.21951,0,0,0.00117821,0.000201395,-0.00117821,0,0,0.000725613,0,4.78027e-07,3.79162e-07,1.22033e-17,-5.41903e-06,1.86984e-06,1.33856e-08,1.48419e-21,1.06513e-07,1.86984e-07,6.70775,85.1707,3.73245,0.527664,75.9772,0.286631,4.47957,0.00300682,0.286631,1.95803,0.0698673,-0.299657,0.56217,0.00999885,-0.94571,0.00716582,0.0068716,0.00682455,0.0040177,-0.94571,0.00599449,1.83186,1.10069,0.000683104,0.152248,0.000716582,0.00114527,0.000286631,0.000652874,0.152248,0.381607,4.78027e-07,2.9753,0.289638
2063.2917,284.238,282.523,2.3353,0.275932,1.32627,0.00859702,0.00323504,0.00333222,0.00536198,1.33351e-07,2.25002e-05,0.000724432,5.76031e-10,4.87149e-07,5.46767e-05,1.01904e-17,1.00567e-06,3.37922e-05,6.69679e-06,1.24359e-21,3.16216e-06,2.49496e-06,6.70108,85.1425,3.73194,0.479334,76.004,0.285929,4.47982,0.00300679,0.285929,1.95806,0.0698375,-0.300874,0.559814,0.00889556,-0.943438,0.00714827,0.00687197,0.00680784,0.00401762,-0.943438,0.00599251,1.83188,1.10071,0.000608574,0.15232,0.000714827,0.00114533,0.000285929,0.000652884,0.15232,1.67778,4.87725e-07,2.96914,0.288936
2063.3750,292.323,291.028,2.69587,0.156957,2.20097,0.0129734,0.0050145,0.00250789,0.00795895,2.65358e-07,3.88683e-05,0.000760946,4.849e-09,5.60608e-07,4.3296e-07,1.04183e-17,3.40164e-05,6.69102e-05,5.55972e-08,1.27359e-21,3.0636e-06,4.90063e-06,6.82732,85.2202,3.7729,0.427124,76.0134,0.306888,4.50582,0.00358422,0.306888,1.95234,0.0710015,-0.30088,0.558878,0.00779201,-0.942557,0.00767223,0.00690812,0.00730685,0.00400569,-0.942557,0.00607704,1.8319,1.10069,0.000535315,0.152342,0.000767223,0.00115135,0.000306888,0.000650976,0.152342,2.65951,5.65457e-07,3.05442,0.310472
2063.4583,293.978,293.194,2.95124,0.14836,1.81907,0.0103028,0.00501383,0.00208468,0.00528893,2.048e-07,3.36199e-05,0.000806911,5.17213e-09,6.45672e-07,6.61159e-07,1.09421e-17,2.82078e-05,5.43411e-05,7.00123e-08,1.33832e-21,2.59502e-06,3.99261e-06,6.98153,85.3472,3.82469,0.401639,76.0157,0.33324,4.53889,0.00428382,0.33324,1.94825,0.0724636,-0.300551,0.557953,0.00729213,-0.942257,0.00833105,0.00695434,0.00793429,0.00399723,-0.942257,0.00618336,1.83192,1.10064,0.00050013,0.152343,0.000833105,0.00115906,0.00033324,0.000649614,0.152343,2.32849,6.50844e-07,3.15685,0.337524
2063.5417,291.083,290.69,3.10115,0.209176,1.09352,0.00739001,0.00471242,0.00268662,0.00267759,1.33601e-07,2.47386e-05,0.000833653,2.15079e-09,6.89119e-07,1.62931e-05,1.07561e-17,4.44763e-05,3.73592e-05,2.12521e-06,1.31679e-21,3.46984e-06,2.76415e-06,7.06729,85.4083,3.85588,0.381069,76.0165,0.348522,4.55957,0.00466426,0.348522,1.94336,0.0733231,-0.300385,0.557483,0.00689591,-0.942074,0.00871308,0.00698362,0.00829813,0.00398715,-0.942074,0.0062461,1.83194,1.10063,0.000471357,0.15234,0.000871308,0.00116394,0.000348522,0.000647981,0.15234,1.71468,6.9127e-07,3.21141,0.353186
2063.6250,284.585,284.886,3.14549,0.241002,0.48553,0.00357991,0.00351101,0.00247727,6.89065e-05,4.5674e-08,1.12449e-05,0.000841644,2.8739e-10,7.04126e-07,2.2671e-05,1.01831e-17,4.95695e-05,1.45051e-05,2.90152e-06,1.24887e-21,3.27129e-06,1.10973e-06,7.08683,85.3903,3.8667,0.355408,76.0125,0.353015,4.56779,0.00474532,0.353015,1.93554,0.0735953,-0.300744,0.557586,0.00638998,-0.942287,0.00882541,0.00699573,0.00840511,0.00397108,-0.942287,0.00626633,1.83196,1.10069,0.000436927,0.152324,0.000882541,0.00116595,0.000353015,0.000645377,0.152324,0.995605,7.04413e-07,3.22014,0.35776
2063.7083,273.698,274.88,1.92953,0.183536,0.111124,0.000784246,0.00209564,0.00132924,-0.00131139,1.9158e-09,8.57091e-07,0.000830985,1.8286e-12,6.80292e-07,2.07197e-06,1.02842e-17,2.83008e-05,2.77453e-06,3.73053e-07,1.26175e-21,1.73119e-06,2.62738e-07,7.04688,85.3328,3.85707,0.346125,76.0082,0.346792,4.56337,0.00453931,0.346792,1.93156,0.0732811,-0.300691,0.558439,0.00620587,-0.94258,0.00866985,0.0069903,0.00825696,0.00396291,-0.94258,0.00624415,1.83199,1.10076,0.000425194,0.152308,0.000866985,0.00116505,0.000346792,0.000644049,0.152308,0.396503,6.80293e-07,3.18981,0.351332
2063.7917,265.423,266.43,0,0.0524918,0,0,0.00107831,5.65449e-05,-0.00107831,0,0,0.000815982,0,6.39749e-07,1.03732e-23,1.14547e-17,2.03564e-06,2.20548e-06,2.82422e-24,1.40448e-21,6.59263e-08,2.20548e-07,7.00259,85.318,3.84254,0.371772,76.0069,0.338084,4.5558,0.00427523,0.338084,1.93675,0.0728301,-0.300332,0.558817,0.00673681,-0.94269,0.00845213,0.00698041,0.00804961,0.00397371,-0.94269,0.00621209,1.83201,1.10078,0.000462022,0.152305,0.000845213,0.0011634,0.000338084,0.000645779,0.152305,0.126574,6.39749e-07,3.16005,0.342359
2063.8750,265.003,265.561,0,0.0515673,0,0,0.000990033,1.77666e-05,-0.000990033,0,0,0.000801281,0,5.96437e-07,0,1.20395e-17,6.01121e-07,2.14986e-06,0,1.4753e-21,1.86944e-08,2.14986e-07,6.96412,85.322,3.82816,0.406909,76.0067,0.329557,4.54819,0.00402564,0.329557,1.9443,0.0723862,-0.299968,0.558894,0.00746873,-0.942706,0.00823896,0.00697037,0.00784659,0.00398934,-0.942706,0.00618048,1.83203,1.10078,0.000511484,0.152304,0.000823896,0.00116173,0.000329557,0.000648295,0.152304,0.117104,5.96437e-07,3.13596,0.333582
2063.9583,265.138,265.621,0,0.051568,0,0,0.00101203,1.29643e-05,-0.00101203,0,0,0.000786709,0,5.58019e-07,0,1.22424e-17,3.62183e-07,2.09476e-06,0,1.49929e-21,1.17653e-08,2.09476e-07,6.92383,85.3246,3.81378,0.442135,76.0067,0.32111,4.54047,0.00378684,0.32111,1.95199,0.0719441,-0.299608,0.558949,0.00820439,-0.942711,0.00802779,0.00696009,0.00764548,0.00400525,-0.942711,0.00614896,1.83205,1.10078,0.000561031,0.152304,0.000802779,0.00116001,0.00032111,0.00065086,0.152304,0.126711,5.58019e-07,3.11005,0.324897
2064.0417,264.452,264.853,0,0.051581,0,0,0.00101473,4.04908e-06,-0.00101473,0,0,0.000773176,0,5.28557e-07,0,1.24599e-17,1.7791e-07,2.04362e-06,0,1.52511e-21,4.70748e-09,2.04362e-07,6.88518,85.3262,3.8003,0.475067,76.0067,0.313271,4.53314,0.00357266,0.313271,1.95931,0.0715316,-0.299273,0.558995,0.00889357,-0.942713,0.00783183,0.00695023,0.00745884,0.00402036,-0.942713,0.00611951,1.83207,1.10078,0.000607363,0.152304,0.000783183,0.00115837,0.000313271,0.000653301,0.152304,0.393273,5.28557e-07,3.08489,0.316844
2064.1250,267.689,267.575,0.499058,0.112321,0.026708,0.000212336,0.00118163,0.000467915,-0.000969297,0,0,0.000759969,0,5.13579e-07,6.47327e-06,1.2627e-17,-1.76475e-05,1.99376e-06,4.20206e-07,1.54484e-21,1.8711e-07,1.99376e-07,6.84604,85.3252,3.78702,0.504642,76.008,0.305627,4.52582,0.00337078,0.305627,1.96651,0.0711271,-0.298968,0.558954,0.00951201,-0.942597,0.00764072,0.00694031,0.00727684,0.00403519,-0.942597,0.00609059,1.83209,1.10078,0.000648458,0.152308,0.000764073,0.00115672,0.000305627,0.0006557,0.152308,0.600648,5.13579e-07,3.05902,0.308998
2064.2083,277.341,276.04,2.52207,0.182295,0.53712,0.00356468,0.0020122,0.00162912,0.00155248,3.05006e-08,7.11295e-06,0.000747585,3.01066e-11,5.02274e-07,1.01367e-06,1.19274e-17,-8.75414e-06,9.3833e-06,1.7968e-07,1.46006e-21,1.32551e-06,7.34885e-07,6.80652,85.2929,3.77473,0.486188,76.0298,0.298454,4.51916,0.00319456,0.298454,1.97041,0.0707585,-0.298856,0.55802,0.00908322,-0.940761,0.00746139,0.00693125,0.00710605,0.00404315,-0.940761,0.00606423,1.83211,1.10079,0.000616718,0.152367,0.000746139,0.00115521,0.000298454,0.000656999,0.152367,0.794771,5.02304e-07,3.0318,0.301649
2064.2917,288.706,286.545,2.62394,0.132799,1.43947,0.00811789,0.00346322,0.00189141,0.00465467,1.23556e-07,2.38841e-05,0.000749553,8.22065e-10,5.29929e-07,1.44411e-07,1.06488e-17,1.92307e-05,3.1844e-05,2.48587e-08,1.30443e-21,2.10096e-06,2.37116e-06,6.84225,85.307,3.78093,0.452132,76.0434,0.299412,4.52598,0.00333196,0.299412,1.96923,0.0710076,-0.29855,0.557646,0.00832263,-0.939567,0.00748533,0.00694082,0.00712885,0.0040406,-0.939567,0.00608281,1.83213,1.10081,0.000568612,0.152403,0.000748533,0.0011568,0.000299412,0.000656605,0.152403,1.67699,5.30751e-07,3.06133,0.302744
2064.3750,295.448,293.479,2.686,0.123623,1.59752,0.00846359,0.00421226,0.00190459,0.00425133,1.48726e-07,2.7034e-05,0.000761272,2.96236e-09,5.78857e-07,2.56216e-06,1.0916e-17,2.32566e-05,3.78536e-05,3.13832e-07,1.33783e-21,2.26325e-06,2.81132e-06,6.92302,85.3724,3.79987,0.432696,76.0484,0.305879,4.54219,0.00367108,0.305879,1.96834,0.0716475,-0.298283,0.557211,0.00791262,-0.939093,0.00764701,0.0069635,0.00728283,0.00403871,-0.939093,0.00612991,1.83215,1.10079,0.000541897,0.152413,0.000764701,0.00116058,0.000305879,0.00065631,0.152413,1.93338,5.81819e-07,3.12316,0.30955
2064.4583,293.985,293.299,2.77127,0.199949,1.71918,0.0104471,0.0049563,0.00297312,0.00549083,2.003e-07,3.42917e-05,0.000777206,4.9401e-09,6.3629e-07,1.68725e-05,1.07731e-17,4.62039e-05,5.09361e-05,2.15659e-06,1.32231e-21,3.78795e-06,3.76822e-06,7.01393,85.4313,3.82448,0.403096,76.0507,0.314725,4.56269,0.0040871,0.314725,1.96358,0.0724224,-0.298345,0.55667,0.00732214,-0.938788,0.00786815,0.00699226,0.00749344,0.00402883,-0.938788,0.00618693,1.83217,1.1008,0.000501044,0.152415,0.000786815,0.00116538,0.000314725,0.000654722,0.152415,2.47916,6.4123e-07,3.18945,0.318812
2064.5417,293.961,293.463,2.87102,0.125172,1.21282,0.00605267,0.00441061,0.00172084,0.00164205,9.76945e-08,2.05951e-05,0.000795751,2.79366e-09,6.94139e-07,2.06181e-08,1.12203e-17,2.78415e-05,2.62124e-05,4.14769e-09,1.37824e-21,2.1866e-06,1.96447e-06,7.11237,85.4969,3.85282,0.377651,76.0493,0.325021,4.58615,0.0045415,0.325021,1.9576,0.0732673,-0.298164,0.556515,0.00682274,-0.938786,0.00812557,0.00702533,0.0077386,0.0040165,-0.938786,0.00624914,1.83219,1.1008,0.000466481,0.152405,0.000812557,0.00117089,0.000325021,0.00065273,0.152405,1.50544,6.96933e-07,3.25955,0.329563
2064.6250,285.774,286.082,2.84955,0.14117,0.411579,0.00285105,0.00310788,0.00145677,-0.00025682,3.31902e-08,9.71898e-06,0.000792195,2.62324e-10,6.88645e-07,1.18162e-09,1.12941e-17,2.06745e-05,1.03547e-05,4.40648e-10,1.38743e-21,1.80077e-06,8.08043e-07,7.10041,85.4818,3.85256,0.374654,76.05,0.322811,4.58868,0.00450332,0.322811,1.95678,0.0732399,-0.297824,0.556814,0.00677189,-0.938664,0.00807031,0.00702947,0.00768597,0.00401487,-0.938664,0.0062477,1.83221,1.10083,0.000461886,0.152404,0.000807031,0.00117158,0.000322811,0.000652455,0.152404,0.653472,6.88907e-07,3.24786,0.327314
2064.7083,273.692,274.598,1.03725,0.247248,0.0402749,0.000435811,0.00177192,0.000997566,-0.00133611,1.51352e-09,6.92507e-07,0.000781037,2.89593e-12,6.63339e-07,1.11476e-06,1.11835e-17,1.52793e-05,2.43953e-06,2.51328e-07,1.37391e-21,1.20907e-06,2.33345e-07,7.05872,85.4417,3.84231,0.37523,76.0507,0.316307,4.58381,0.0043023,0.316307,1.95704,0.0729188,-0.297519,0.557304,0.00679026,-0.938548,0.00790772,0.00702332,0.00753113,0.00401544,-0.938548,0.00622487,1.83223,1.10087,0.000462511,0.152404,0.000790773,0.00117055,0.000316307,0.000652541,0.152404,0.551328,6.63342e-07,3.21642,0.32061
2064.7917,261.861,262.648,0,0.152875,0,0,0.00096757,3.10399e-05,-0.00096757,0,0,0.000767283,0,6.31803e-07,1.24849e-32,1.19362e-17,1.07948e-06,2.01149e-06,4.58733e-33,1.46568e-21,3.54643e-08,2.01149e-07,7.01543,85.4278,3.82848,0.398603,76.051,0.308346,4.57618,0.00405168,0.308346,1.96277,0.0724966,-0.2972,0.557519,0.00727493,-0.938518,0.00770869,0.00701326,0.00734157,0.00402733,-0.938518,0.00619469,1.83225,1.10088,0.000495868,0.152404,0.000770869,0.00116888,0.000308346,0.000654454,0.152404,0.216718,6.31803e-07,3.18695,0.312397
2064.8750,265.342,265.5,0,0.152227,0,0,0.00102912,4.13284e-06,-0.00102912,0,0,0.000753837,0,5.9223e-07,0,1.23635e-17,2.42697e-07,1.96076e-06,0,1.5173e-21,5.89608e-09,1.96076e-07,6.97633,85.4292,3.81482,0.431537,76.0509,0.300569,4.56854,0.00381514,0.300569,1.9704,0.0720816,-0.296864,0.557574,0.00796385,-0.938527,0.00751427,0.00700308,0.00715641,0.00404311,-0.938527,0.00616498,1.83227,1.10088,0.000542217,0.152404,0.000751427,0.00116718,0.000300569,0.000656997,0.152404,0.19473,5.9223e-07,3.1615,0.304384
2064.9583,266.765,266.941,0,0.152155,0,0,0.00105274,4.02257e-06,-0.00105274,0,0,0.000740507,0,5.58269e-07,0,1.23781e-17,2.29152e-07,1.9105e-06,0,1.51823e-21,5.57685e-09,1.9105e-07,6.93488,85.4282,3.80116,0.464334,76.0508,0.292865,4.56079,0.00358882,0.292865,1.97815,0.0716681,-0.296532,0.557623,0.00865126,-0.938533,0.00732167,0.00699266,0.00697298,0.0040591,-0.938533,0.00613533,1.83229,1.10088,0.000588414,0.152404,0.000732167,0.00116544,0.000292865,0.00065958,0.152404,0.258263,5.58269e-07,3.13372,0.296454
2065.0417,266.32,266.474,0,0.152155,0,0,0.00101276,3.58199e-06,-0.00101276,0,0,0.000728127,0,5.27808e-07,0,1.24169e-17,1.9747e-07,1.86387e-06,0,1.52219e-21,4.8217e-09,1.86387e-07,6.89662,85.4277,3.78834,0.494812,76.0508,0.285716,4.55342,0.00338584,0.285716,1.98552,0.0712821,-0.296223,0.557667,0.00929107,-0.938538,0.00714294,0.00698268,0.00680276,0.00407427,-0.938538,0.00610762,1.8323,1.10088,0.000631427,0.152404,0.000714294,0.00116378,0.000285716,0.000662035,0.152404,0.1949,5.27808e-07,3.10828,0.289102
2065.1250,268.394,268.409,0,0.1526,0,0,0.00114324,3.61803e-06,-0.00114324,0,0,0.000716045,0,5.01701e-07,0,1.24201e-17,1.92454e-07,1.81839e-06,0,1.52177e-21,4.71206e-09,1.81839e-07,6.85696,85.4251,3.77571,0.524577,76.0507,0.278744,4.54606,0.00319453,0.278744,1.99287,0.0709035,-0.295923,0.557709,0.0099169,-0.938542,0.00696865,0.00697264,0.00663677,0.00408939,-0.938542,0.00608039,1.83232,1.10088,0.000673515,0.152404,0.000696865,0.00116211,0.000278744,0.000664485,0.152404,0.470479,5.01701e-07,3.08125,0.281939
2065.2083,280.531,279.304,1.91228,0.264546,0.599934,0.0040678,0.00243183,0.00274025,0.00163596,4.33452e-08,9.39861e-06,0.00070661,1.09977e-10,5.03816e-07,5.7575e-05,1.09e-17,-1.55884e-05,1.17799e-05,5.43579e-06,1.33902e-21,2.30171e-06,9.0107e-07,6.82032,85.3882,3.7661,0.500895,76.071,0.273293,4.54065,0.00305769,0.273293,1.99599,0.0706074,-0.296959,0.555793,0.0093666,-0.936821,0.00683236,0.00696523,0.00650697,0.00409574,-0.936821,0.0060591,1.83234,1.1009,0.000635778,0.152459,0.000683236,0.00116087,0.000273293,0.000665527,0.152459,1.11733,5.03926e-07,3.05422,0.27635
2065.2917,288.459,287.23,2.43577,0.146579,1.44785,0.00880537,0.00368761,0.00212053,0.00511776,1.63279e-07,2.76281e-05,0.000717813,1.59148e-09,5.35697e-07,6.87934e-07,1.06494e-17,2.71813e-05,3.94929e-05,9.59549e-08,1.31126e-21,2.52242e-06,2.9138e-06,6.85759,85.3821,3.78074,0.447056,76.0856,0.279637,4.55144,0.00329301,0.279637,1.99183,0.0709696,-0.297232,0.555029,0.00820005,-0.935517,0.00699098,0.00698024,0.00665804,0.004087,-0.935517,0.00608551,1.83236,1.10093,0.000559688,0.152495,0.000699098,0.00116337,0.000279637,0.000664138,0.152495,1.73583,5.37288e-07,3.07685,0.28293
2065.3750,295.647,294.181,2.57389,0.160568,1.71927,0.00999254,0.00477429,0.00255273,0.00521825,2.04479e-07,3.17202e-05,0.000743375,5.58809e-09,5.88896e-07,1.02273e-05,1.09142e-17,3.67706e-05,4.99533e-05,1.20383e-06,1.34498e-21,3.20284e-06,3.67847e-06,6.94437,85.444,3.81249,0.421916,76.0885,0.294168,4.57382,0.00377392,0.294168,1.98917,0.0717915,-0.297088,0.554532,0.00769075,-0.935183,0.00735423,0.00701148,0.00700399,0.00408144,-0.935183,0.00614539,1.83237,1.10092,0.000525593,0.152499,0.000735423,0.00116858,0.000294168,0.000663253,0.152499,2.30308,5.94485e-07,3.13188,0.297942
2065.4583,293.301,292.705,2.79922,0.212339,1.64764,0.0109858,0.00530343,0.00300189,0.00568234,2.28019e-07,3.60969e-05,0.000784566,5.39523e-09,6.62516e-07,1.80933e-05,1.06855e-17,5.42372e-05,5.79798e-05,2.11563e-06,1.31892e-21,3.97173e-06,4.26609e-06,7.09006,85.5433,3.86305,0.385002,76.0871,0.317606,4.60908,0.00451548,0.317606,1.98106,0.0731128,-0.297218,0.553791,0.00696315,-0.93515,0.0079402,0.00706078,0.00756206,0.00406466,-0.93515,0.00624176,1.83239,1.1009,0.000475156,0.152488,0.00079402,0.0011768,0.000317606,0.000660548,0.152488,2.45842,6.67911e-07,3.22701,0.322122
2065.5417,289.8,289.722,2.96511,0.225649,1.10134,0.00734075,0.00459879,0.00277779,0.00274196,1.33895e-07,2.49337e-05,0.000814654,1.96878e-09,7.14931e-07,3.0501e-05,1.02282e-17,5.97616e-05,3.62703e-05,3.54843e-06,1.265e-21,3.76365e-06,2.69005e-06,7.19302,85.5967,3.90108,0.352607,76.0802,0.334668,4.63634,0.00503174,0.334668,1.9709,0.074084,-0.297794,0.553342,0.00632551,-0.935589,0.00836674,0.00709927,0.00796829,0.00404374,-0.935589,0.00631279,1.83242,1.10092,0.000431845,0.152462,0.000836674,0.00118321,0.000334668,0.000657163,0.152462,1.62132,7.169e-07,3.29195,0.3397
2065.6250,285.694,285.805,3.00783,0.225198,0.470636,0.0037633,0.00367406,0.00232589,8.924e-05,5.11982e-08,1.24407e-05,0.000822531,2.86654e-10,7.19818e-07,1.44829e-05,1.01356e-17,5.06083e-05,1.5409e-05,1.91512e-06,1.25406e-21,3.11948e-06,1.17529e-06,7.21588,85.5899,3.91321,0.336622,76.0732,0.339033,4.64643,0.00513601,0.339033,1.96422,0.0743531,-0.297867,0.553827,0.00600985,-0.936087,0.00847587,0.0071141,0.00807222,0.00403007,-0.936087,0.00633285,1.83244,1.10097,0.000411089,0.152439,0.000847587,0.00118568,0.000339033,0.000654937,0.152439,0.960626,7.20105e-07,3.30267,0.344169
2065.7083,272.713,273.647,0.862381,0.360581,0.0335352,0.000356809,0.00172072,0.00108916,-0.00136391,9.67052e-10,4.05057e-07,0.000813221,2.7168e-12,7.00689e-07,3.62513e-06,1.01528e-17,2.68503e-05,2.42519e-06,5.49411e-07,1.25632e-21,1.43988e-06,2.35446e-07,7.17951,85.5387,3.90512,0.331521,76.0671,0.333583,4.643,0.00493212,0.333583,1.96055,0.0740775,-0.297868,0.554668,0.00591193,-0.936548,0.00833962,0.00711019,0.00794246,0.0040226,-0.936548,0.0063134,1.83246,1.10104,0.000405373,0.15242,0.000833962,0.00118503,0.000333583,0.000653714,0.15242,0.464935,7.00692e-07,3.27439,0.338515
2065.7917,271.216,271.422,0,0.373743,0,0,0.00124718,0.000274727,-0.00124718,0,0,0.000798711,0,6.5917e-07,9.87801e-21,1.07768e-17,6.06406e-06,2.12127e-06,2.65601e-21,1.33238e-21,2.94281e-07,2.12127e-07,7.13537,85.5233,3.89075,0.356005,76.0657,0.325174,4.63526,0.00464426,0.325174,1.96627,0.0736361,-0.297521,0.555075,0.00641106,-0.936677,0.0081294,0.00710019,0.00774225,0.00403452,-0.936677,0.00628193,1.83248,1.10105,0.000441186,0.152416,0.00081294,0.00118337,0.000325174,0.000655618,0.152416,0.162288,6.5917e-07,3.24462,0.329819
2065.8750,270.874,271.049,0,0.373739,0,0,0.00120371,0.000269201,-0.00120371,0,0,0.000784548,0,6.19361e-07,6.10573e-27,1.08877e-17,4.02995e-06,2.06777e-06,1.68679e-27,1.34497e-21,2.52844e-07,2.06777e-07,7.09413,85.5162,3.8766,0.382671,76.0662,0.316973,4.62752,0.00437311,0.316973,1.97321,0.0732032,-0.297169,0.555271,0.00695523,-0.936647,0.00792437,0.00709009,0.00754698,0.00404894,-0.936647,0.00625102,1.8325,1.10106,0.000479846,0.152418,0.000792437,0.00118168,0.000316973,0.000657932,0.152418,0.320718,6.19361e-07,3.21753,0.321346
2065.9583,269.71,269.947,0,0.373739,0,0,0.00102607,0.000227593,-0.00102607,0,0,0.000770508,0,5.87406e-07,5.09543e-37,1.11092e-17,2.26946e-06,2.01477e-06,1.51517e-37,1.37125e-21,1.94309e-07,2.01477e-07,7.05294,85.5094,3.86243,0.408757,76.0674,0.308849,4.61966,0.0041137,0.308849,1.98035,0.0727719,-0.29682,0.555412,0.00748838,-0.936555,0.00772126,0.00707974,0.00735355,0.00406374,-0.936555,0.00622018,1.83252,1.10107,0.000517606,0.152422,0.000772126,0.00117996,0.000308849,0.000660312,0.152422,0.222033,5.87406e-07,3.19051,0.312963
2066.0417,268.884,269.055,0,0.373739,0,0,0.00104749,0.000177726,-0.00104749,0,0,0.00075747,0,5.5066e-07,0,1.1425e-17,4.71995e-07,1.96559e-06,0,1.40928e-21,1.29902e-07,1.96559e-07,7.01725,85.5075,3.84915,0.434177,76.0688,0.30131,4.6122,0.00388104,0.30131,1.98732,0.0723694,-0.296496,0.555488,0.00801165,-0.936442,0.00753278,0.00706981,0.00717404,0.00407816,-0.936442,0.00619136,1.83254,1.10107,0.00055407,0.152426,0.000753278,0.0011783,0.00030131,0.000662636,0.152426,0.124627,5.5066e-07,3.16809,0.305191
2066.1250,269.563,269.653,0,0.373739,0,0,0.00119498,0.000155833,-0.00119498,0,0,0.000744745,0,5.22425e-07,0,1.16582e-17,-3.29515e-07,1.91763e-06,0,1.43714e-21,1.00616e-07,1.91763e-07,6.97819,85.5024,3.83607,0.45936,76.0705,0.293957,4.60475,0.00366174,0.293957,1.99438,0.0719746,-0.29618,0.555526,0.00853172,-0.936305,0.00734898,0.00705981,0.00699899,0.00409274,-0.936305,0.00616305,1.83256,1.10107,0.000590103,0.152431,0.000734898,0.00117664,0.000293957,0.000664989,0.152431,0.409065,5.22425e-07,3.14212,0.297619
2066.2083,275.144,274.61,0.983831,0.578372,0.262102,0.00219594,0.00180145,0.00179617,0.000394491,1.52773e-08,3.91579e-06,0.000732547,1.71734e-12,5.11232e-07,5.18501e-05,1.0614e-17,-4.86005e-06,5.52852e-06,5.20052e-06,1.30956e-21,1.62695e-06,4.52208e-07,6.93456,85.4774,3.82357,0.462882,76.0805,0.286909,4.59766,0.0034616,0.286909,1.99945,0.0715983,-0.296529,0.554663,0.00857175,-0.935464,0.00717276,0.00705024,0.00683116,0.00410315,-0.935464,0.00613605,1.83258,1.10109,0.000592167,0.152459,0.000717276,0.00117504,0.000286909,0.000666678,0.152459,0.866339,5.11234e-07,3.11099,0.29037
2066.2917,285.233,284.113,2.48352,0.251048,1.27408,0.00910926,0.00348344,0.00290561,0.00562583,1.40606e-07,2.55027e-05,0.000734099,6.59835e-10,5.42316e-07,1.50875e-05,9.32861e-18,4.23058e-05,3.51056e-05,2.24385e-06,1.15488e-21,3.54896e-06,2.60579e-06,6.95275,85.4545,3.82853,0.414074,76.093,0.287665,4.60313,0.00355658,0.287665,1.99471,0.0717316,-0.297442,0.553608,0.00750026,-0.934375,0.00719167,0.00705802,0.00684917,0.00409326,-0.934375,0.00614607,1.83259,1.10113,0.000519997,0.152491,0.000719167,0.00117634,0.000287665,0.000665098,0.152491,1.92239,5.42975e-07,3.12422,0.291222
2066.3750,292.727,291.695,2.66099,0.214158,2.21416,0.0131716,0.00516955,0.00311002,0.00800204,2.57362e-07,4.01803e-05,0.000761861,5.54569e-09,6.18136e-07,1.15912e-05,9.48989e-18,5.89068e-05,6.33893e-05,1.68697e-06,1.17667e-21,4.07436e-06,4.67355e-06,7.08945,85.5376,3.86719,0.370278,76.0918,0.303266,4.63311,0.00419597,0.303266,1.98606,0.0728169,-0.297609,0.553248,0.00662472,-0.934375,0.00758168,0.00709988,0.00722061,0.00407535,-0.934375,0.00622557,1.83261,1.10114,0.000459637,0.152483,0.000758168,0.00118331,0.000303266,0.000662217,0.152483,2.90479,6.23681e-07,3.22226,0.307462
2066.4583,295.225,294.352,2.86754,0.166111,2.19394,0.0114227,0.00556975,0.00243569,0.00585296,2.17961e-07,3.62595e-05,0.000799895,6.44198e-09,7.12429e-07,6.42831e-06,9.99544e-18,5.04484e-05,5.56146e-05,7.78994e-07,1.23959e-21,3.23704e-06,4.10948e-06,7.26066,85.6646,3.9195,0.340785,76.0858,0.324654,4.6733,0.00502459,0.324654,1.97737,0.0742374,-0.297455,0.552982,0.00604984,-0.934782,0.00811638,0.00715619,0.00772985,0.00405745,-0.934782,0.00632968,1.83263,1.10112,0.000419631,0.152462,0.000811638,0.0011927,0.000324654,0.00065932,0.152462,2.76292,7.18871e-07,3.34117,0.329678
2066.5417,292.584,292.21,2.99557,0.201506,1.49852,0.00810751,0.0052674,0.0026707,0.0028401,1.38221e-07,2.62373e-05,0.0008234,3.00949e-09,7.72895e-07,2.60979e-05,9.80455e-18,6.11997e-05,3.71697e-05,3.10279e-06,1.21731e-21,3.60939e-06,2.76548e-06,7.35954,85.7271,3.95377,0.320467,76.078,0.33778,4.7008,0.00551866,0.33778,1.96917,0.0751211,-0.297909,0.552634,0.0056557,-0.93536,0.00844454,0.0071952,0.00804238,0.00404064,-0.93536,0.00639473,1.83265,1.10113,0.000392331,0.152437,0.000844454,0.0011992,0.00033778,0.000656587,0.152437,1.99851,7.75904e-07,3.40577,0.343299
2066.6250,285.737,286.078,3.02981,0.155521,0.621882,0.00394232,0.00376085,0.00168654,0.000181473,4.9753e-08,1.22986e-05,0.000829923,4.39771e-10,7.82163e-07,4.05886e-08,1.01444e-17,3.57848e-05,1.49782e-05,1.04635e-08,1.25886e-21,2.18335e-06,1.14817e-06,7.3854,85.7351,3.96651,0.31352,76.0716,0.341274,4.71281,0.00563953,0.341274,1.96457,0.0754067,-0.297671,0.553219,0.00552419,-0.935852,0.00853189,0.00721287,0.00812557,0.00403131,-0.935852,0.0064162,1.83268,1.10116,0.000383404,0.152418,0.000853189,0.00120215,0.000341274,0.000655052,0.152418,0.86503,7.82603e-07,3.41889,0.346913
2066.7083,277.306,278.168,2.47503,0.20222,0.120547,0.000914353,0.00244872,0.00147069,-0.00153436,1.66161e-09,6.63357e-07,0.000819439,3.55403e-12,7.51105e-07,1.00662e-06,1.00437e-17,3.07178e-05,2.61273e-06,2.44434e-07,1.24573e-21,1.87256e-06,2.49337e-07,7.34401,85.6892,3.95746,0.313781,76.0686,0.335135,4.70903,0.00540092,0.335135,1.96283,0.0751044,-0.297331,0.554088,0.005534,-0.936086,0.00837841,0.00720865,0.0079794,0.0040279,-0.936086,0.00639485,1.8327,1.10121,0.000383789,0.152408,0.000837841,0.00120144,0.000335135,0.000654473,0.152408,0.492873,7.51109e-07,3.38655,0.340536
2066.7917,271.281,271.66,0,0.180713,0,0,0.0012681,0.000264208,-0.0012681,0,0,0.00080488,0,7.10115e-07,1.98391e-16,1.04551e-17,8.1621e-06,2.13122e-06,5.59286e-17,1.29581e-21,3.10637e-07,2.13122e-07,7.29517,85.6596,3.943,0.331506,76.0665,0.3267,4.7012,0.00508619,0.3267,1.96639,0.0746605,-0.296987,0.554685,0.00589715,-0.936265,0.00816754,0.0071987,0.00777857,0.00403541,-0.936265,0.0063632,1.83272,1.10124,0.000409673,0.152403,0.000816754,0.00119978,0.0003267,0.000655659,0.152403,0.131336,7.10115e-07,3.35216,0.331786
2066.8750,271.337,271.616,0,0.180713,0,0,0.00115488,0.000280468,-0.00115488,0,0,0.000790647,0,6.6045e-07,7.72246e-18,1.04703e-17,7.34336e-06,2.07747e-06,1.9305e-18,1.2965e-21,3.0437e-07,2.07747e-07,7.25486,85.6536,3.92873,0.359563,76.0658,0.31846,4.69335,0.00478925,0.31846,1.97341,0.0742244,-0.296631,0.554972,0.00646792,-0.936346,0.00796155,0.0071886,0.00758239,0.00405005,-0.936346,0.00633205,1.83274,1.10125,0.000450546,0.152402,0.000796155,0.0011981,0.00031846,0.000657999,0.152402,0.147045,6.6045e-07,3.32614,0.32325
2066.9583,271.296,271.513,0,0.180714,0,0,0.00116019,0.000262721,-0.00116019,0,0,0.000776537,0,6.17364e-07,6.66868e-25,1.05548e-17,6.02852e-06,2.02422e-06,1.82456e-25,1.30582e-21,2.68485e-07,2.02422e-07,7.21361,85.6468,3.91444,0.387014,76.0655,0.310298,4.68539,0.00450515,0.310298,1.9806,0.07379,-0.29628,0.55522,0.00702683,-0.936382,0.00775749,0.00717824,0.00738805,0.00406499,-0.936382,0.00630098,1.83276,1.10126,0.000490596,0.152402,0.000775749,0.00119637,0.000310298,0.000660394,0.152402,0.14578,6.17364e-07,3.29918,0.314803
2067.0417,271.464,271.61,0,0.180716,0,0,0.00124834,0.000255015,-0.00124834,0,0,0.000763434,0,5.79204e-07,7.90296e-28,1.06102e-17,5.3039e-06,1.97481e-06,1.8555e-28,1.31163e-21,2.50075e-07,1.97481e-07,7.17333,85.6389,3.90104,0.412391,76.0657,0.302723,4.67782,0.00425034,0.302723,1.98748,0.0733845,-0.295954,0.555425,0.00754437,-0.936387,0.00756812,0.0071683,0.0072077,0.00407927,-0.936387,0.00627194,1.83278,1.10127,0.000527658,0.152403,0.000756813,0.00119472,0.000302723,0.000662688,0.152403,0.198337,5.79204e-07,3.27229,0.306974
2067.1250,272.116,272.2,0,0.181698,0,0,0.00136824,0.00026433,-0.00136824,0,0,0.000750646,0,5.50981e-07,3.71186e-27,1.06199e-17,5.27433e-06,1.92663e-06,8.70462e-28,1.31181e-21,2.55552e-07,1.92663e-07,7.12986,85.6269,3.88784,0.436768,76.066,0.295337,4.67026,0.00401018,0.295337,1.99435,0.0729868,-0.295636,0.555618,0.00804168,-0.936376,0.00738346,0.00715828,0.00703183,0.0040935,-0.936376,0.00624342,1.8328,1.10127,0.000563422,0.152404,0.000738346,0.00119305,0.000295337,0.00066498,0.152404,0.435441,5.50981e-07,3.24202,0.299347
2067.2083,275.977,275.474,0.993763,0.403013,0.300705,0.00226853,0.00194432,0.00221106,0.000324209,1.61101e-08,4.03337e-06,0.000738336,1.49145e-11,5.37111e-07,6.04913e-05,9.51817e-18,-4.0013e-06,5.72839e-06,4.94965e-06,1.17737e-21,2.0211e-06,4.67968e-07,7.08496,85.5928,3.87521,0.43133,76.0779,0.288224,4.66309,0.00379029,0.288224,1.99863,0.0726066,-0.296294,0.554493,0.00789242,-0.935388,0.00720565,0.00714871,0.00686249,0.00410233,-0.935388,0.00621614,1.83282,1.10129,0.000552967,0.152438,0.000720565,0.00119145,0.000288224,0.000666406,0.152438,0.799541,5.37126e-07,3.20975,0.292015
2067.2917,288.943,287.831,2.52215,0.252245,1.59341,0.0100371,0.0041137,0.00321725,0.00592337,1.49051e-07,2.71444e-05,0.000739562,1.84496e-09,5.67634e-07,2.0301e-05,8.7362e-18,5.55549e-05,3.67098e-05,3.21562e-06,1.08478e-21,4.04857e-06,2.7306e-06,7.10254,85.5586,3.8809,0.375729,76.0886,0.288745,4.6698,0.00389685,0.288745,1.99176,0.0727474,-0.297347,0.553561,0.00670653,-0.93445,0.00721867,0.00715832,0.00687488,0.00408806,-0.93445,0.00622682,1.83283,1.10136,0.000471313,0.152465,0.000721867,0.00119305,0.000288745,0.000664115,0.152465,2.21624,5.69479e-07,3.22165,0.292642
2067.3750,295.157,293.912,2.65703,0.166336,2.57551,0.0131092,0.00544281,0.00257573,0.00766636,2.40781e-07,3.90688e-05,0.000764951,6.63846e-09,6.5975e-07,3.37741e-06,9.25553e-18,5.30384e-05,5.88048e-05,4.87091e-07,1.15025e-21,3.3814e-06,4.35083e-06,7.23664,85.6423,3.91972,0.338187,76.0844,0.302857,4.70193,0.00456642,0.302857,1.9831,0.0737983,-0.297398,0.553508,0.00596363,-0.934738,0.00757147,0.00720329,0.00721089,0.00407016,-0.934738,0.00630411,1.83285,1.10137,0.000419664,0.152451,0.000757147,0.00120055,0.000302857,0.00066123,0.152451,3.15666,6.66388e-07,3.31692,0.307424
2067.4583,295.929,295.219,2.83632,0.195614,2.11639,0.0121211,0.00604504,0.00282471,0.0060761,2.22559e-07,3.73385e-05,0.000798336,7.22461e-09,7.54848e-07,9.26124e-06,9.55089e-18,6.12472e-05,5.60801e-05,1.22562e-06,1.18691e-21,3.78328e-06,4.15475e-06,7.39953,85.7662,3.96995,0.313964,76.0778,0.32144,4.74306,0.00539767,0.32144,1.97486,0.0751108,-0.297224,0.553333,0.00549822,-0.935219,0.00803605,0.00726103,0.00765334,0.00405321,-0.935219,0.00640069,1.83287,1.10135,0.000386249,0.15243,0.000803605,0.00121017,0.00032144,0.000658481,0.15243,2.85855,7.62072e-07,3.42958,0.326838
2067.5417,292.205,292.03,2.96025,0.230887,1.11821,0.00774367,0.00523027,0.00273147,0.0025134,1.2505e-07,2.47537e-05,0.000821384,2.80287e-09,8.14e-07,3.01642e-05,9.50801e-18,6.50541e-05,3.3269e-05,4.21566e-06,1.1819e-21,3.69369e-06,2.48693e-06,7.50649,85.8337,4.00666,0.293637,76.0684,0.334173,4.77424,0.00595391,0.334173,1.96521,0.0760202,-0.297286,0.553497,0.00511509,-0.935952,0.00835436,0.00730528,0.00795649,0.00403344,-0.935952,0.00646788,1.83289,1.10136,0.000358428,0.152401,0.000835436,0.00121755,0.000334173,0.000655264,0.152401,1.89606,8.16803e-07,3.49983,0.340127
2067.6250,286.077,286.532,2.97564,0.238497,0.644164,0.00384592,0.00390525,0.00242321,-5.93292e-05,4.46643e-08,1.13955e-05,0.00082462,6.42089e-10,8.24125e-07,2.60043e-05,9.09429e-18,6.34991e-05,1.34402e-05,3.66519e-06,1.13244e-21,3.29588e-06,1.0378e-06,7.51875,85.8057,4.0165,0.27609,76.0559,0.335747,4.78498,0.00602402,0.335747,1.95488,0.076209,-0.298222,0.553741,0.00478318,-0.936968,0.00839371,0.00732134,0.00799397,0.0040123,-0.936968,0.00648238,1.83291,1.10143,0.000334974,0.152365,0.000839371,0.00122022,0.000335747,0.000651822,0.152365,1.01119,8.24767e-07,3.50226,0.341771
2067.7083,274.41,275.366,2.39675,0.250463,0.0931156,0.000690961,0.0021198,0.00130957,-0.00142884,9.77299e-10,4.61214e-07,0.000813375,4.13967e-13,7.87756e-07,8.06588e-07,9.2299e-18,3.24618e-05,2.39608e-06,2.07458e-07,1.1485e-21,1.69233e-06,2.32644e-07,7.4762,85.7519,4.00652,0.275755,76.0486,0.329176,4.78056,0.00575109,0.329176,1.95141,0.0758805,-0.298057,0.55487,0.00478392,-0.937596,0.00822943,0.00731635,0.00783751,0.00400534,-0.937596,0.0064591,1.83294,1.10149,0.000335022,0.152345,0.000822943,0.00121939,0.000329176,0.000650665,0.152345,0.378607,7.87756e-07,3.46968,0.334927
2067.7917,265.776,266.604,0,0.140883,0,0,0.00122219,7.20924e-05,-0.00122219,0,0,0.00079905,0,7.42156e-07,4.73682e-16,1.02634e-17,3.3357e-06,2.09329e-06,1.23858e-16,1.27595e-21,9.79032e-08,2.09329e-07,7.42877,85.7297,3.99211,0.298679,76.0461,0.320885,4.7726,0.00541574,0.320885,1.9561,0.0754407,-0.297706,0.555401,0.00525546,-0.937819,0.00802216,0.00730634,0.00764011,0.00401523,-0.937819,0.0064277,1.83296,1.10151,0.000367758,0.15234,0.000802216,0.00121772,0.000320885,0.000652229,0.15234,0.316427,7.42156e-07,3.43666,0.326301
2067.8750,263.803,264.444,0,0.139118,0,0,0.00106361,1.59891e-05,-0.00106361,0,0,0.000785057,0,6.98917e-07,0,1.10705e-17,8.61362e-07,2.04049e-06,0,1.37537e-21,2.25169e-08,2.04049e-07,7.3859,85.7283,3.97788,0.332698,76.0457,0.312792,4.76463,0.00509956,0.312792,1.96401,0.0750088,-0.297356,0.555499,0.00596166,-0.937857,0.00781983,0.00729619,0.00744742,0.00403173,-0.937857,0.00639681,1.83298,1.10151,0.000415485,0.152339,0.000781983,0.00121603,0.000312792,0.000654864,0.152339,0.196067,6.98917e-07,3.40802,0.317891
2067.9583,267.764,267.992,0,0.139118,0,0,0.00105865,9.43995e-06,-0.00105865,0,0,0.000771183,0,6.56407e-07,0,1.14348e-17,5.05394e-07,1.98819e-06,0,1.41977e-21,1.29937e-08,1.98819e-07,7.34338,85.728,3.96365,0.366921,76.0456,0.304775,4.75654,0.00479705,0.304775,1.97208,0.0745785,-0.297008,0.555562,0.00667438,-0.937871,0.00761941,0.00728576,0.00725654,0.00404853,-0.937871,0.00636599,1.833,1.10151,0.000463417,0.152339,0.000761941,0.00121429,0.000304775,0.000657555,0.152339,0.234541,6.56407e-07,3.37973,0.309572
2068.0417,268.363,268.527,0,0.139118,0,0,0.00109563,9.16998e-06,-0.00109563,0,0,0.000758299,0,6.15812e-07,0,1.14795e-17,4.57807e-07,1.93966e-06,0,1.42449e-21,1.18654e-08,1.93966e-07,7.30457,85.7285,3.9503,0.398732,76.0455,0.297335,4.74886,0.00452574,0.297335,1.97975,0.0741768,-0.296686,0.555617,0.00733778,-0.937882,0.00743341,0.00727575,0.0070794,0.00406446,-0.937882,0.00633718,1.83302,1.10151,0.000508046,0.152338,0.000743341,0.00121263,0.000297335,0.000660112,0.152338,0.231587,6.15812e-07,3.35427,0.301861
2068.1250,270.023,270.061,0,0.139118,0,0,0.00132602,9.48441e-06,-0.00132602,0,0,0.000745725,0,5.90379e-07,0,1.15155e-17,4.45741e-07,1.89233e-06,0,1.42814e-21,1.16159e-08,1.89233e-07,7.26172,85.7243,3.93714,0.429785,76.0454,0.29008,4.74119,0.00427001,0.29008,1.98741,0.0737828,-0.296372,0.55567,0.00798628,-0.937891,0.00725203,0.00726566,0.00690666,0.00408034,-0.937891,0.00630888,1.83303,1.10151,0.000551698,0.152338,0.000725203,0.00121094,0.00029008,0.000662665,0.152338,0.57705,5.90379e-07,3.32458,0.29435
2068.2083,275.936,275.177,1.39461,0.375804,0.340758,0.0027774,0.00199974,0.00227192,0.000777658,1.91329e-08,4.95439e-06,0.000733766,6.63516e-12,5.77345e-07,7.69931e-05,1.02711e-17,-2.0724e-05,6.36347e-06,7.35488e-06,1.27645e-21,1.62196e-06,5.12726e-07,7.2155,85.6903,3.92472,0.420681,76.0621,0.283177,4.73401,0.00403756,0.283177,1.99204,0.0734081,-0.29736,0.553882,0.00775777,-0.936498,0.00707946,0.00725617,0.0067423,0.00408991,-0.936498,0.00628194,1.83305,1.10152,0.000535166,0.152385,0.000707946,0.00120936,0.000283177,0.000664209,0.152385,0.830804,5.77352e-07,3.29079,0.287214
2068.2917,287.727,286.154,2.49708,0.214313,1.57851,0.00991304,0.00408355,0.0026793,0.00582949,1.62152e-07,2.86866e-05,0.000739213,1.29616e-09,6.04777e-07,9.04273e-06,9.01689e-18,4.19875e-05,3.97156e-05,1.26331e-06,1.12418e-21,3.18285e-06,2.9476e-06,7.24216,85.6732,3.93548,0.365459,76.0785,0.286106,4.74419,0.00421045,0.286106,1.98707,0.0736319,-0.298311,0.55254,0.00655579,-0.935119,0.00715269,0.00727067,0.00681205,0.0040796,-0.935119,0.00629861,1.83307,1.10156,0.000455717,0.15243,0.000715269,0.00121178,0.000286106,0.000662552,0.15243,2.0906,6.06073e-07,3.30668,0.290317
2068.3750,293.802,292.613,2.67498,0.175106,2.41382,0.0136685,0.00561835,0.00257061,0.00805014,2.64754e-07,4.15104e-05,0.000772494,6.1341e-09,6.8345e-07,4.29309e-06,9.29518e-18,4.96202e-05,6.49221e-05,5.72689e-07,1.15962e-21,3.25344e-06,4.79544e-06,7.38771,85.776,3.98375,0.331276,76.077,0.30472,4.78275,0.0050092,0.30472,1.97999,0.0748063,-0.298248,0.552219,0.00587155,-0.93521,0.00761805,0.00732467,0.00725525,0.00406499,-0.93521,0.00638483,1.83309,1.10155,0.000408875,0.152424,0.000761805,0.00122078,0.00030472,0.000660193,0.152424,2.96066,6.89585e-07,3.40396,0.30973
2068.4583,297.813,296.472,2.86819,0.148933,2.10199,0.0103855,0.00576259,0.00217081,0.00462293,1.88373e-07,3.27904e-05,0.000808313,6.32734e-09,7.62255e-07,8.32656e-06,9.80418e-18,4.15598e-05,4.82591e-05,9.4618e-07,1.2229e-21,2.74579e-06,3.57968e-06,7.53537,85.9004,4.03601,0.315555,76.0741,0.324726,4.82468,0.00583347,0.324726,1.97532,0.0760558,-0.298011,0.551732,0.00556806,-0.935422,0.00811818,0.00738369,0.00773156,0.00405546,-0.935422,0.0064767,1.83311,1.10151,0.000387313,0.152415,0.000811818,0.00123061,0.000324726,0.000658633,0.152415,2.63924,7.68582e-07,3.49936,0.330559
2068.5417,293.422,293.056,2.9805,0.128691,1.23216,0.00629503,0.0046806,0.00157076,0.00161443,9.7785e-08,2.0757e-05,0.000829131,2.57901e-09,8.14824e-07,4.68214e-07,1.01598e-17,2.89452e-05,2.6656e-05,7.56226e-08,1.2672e-21,1.94387e-06,2.00171e-06,7.61246,85.9606,4.06876,0.306099,76.0709,0.336243,4.85228,0.00628716,0.336243,1.97114,0.0767943,-0.297829,0.551596,0.00539287,-0.935659,0.00840612,0.00742312,0.0080058,0.00404705,-0.935659,0.00653131,1.83313,1.1015,0.000374169,0.152405,0.000840613,0.00123719,0.000336243,0.00065724,0.152405,1.55853,8.17403e-07,3.5437,0.342531
2068.6250,286.113,286.374,2.97901,0.209895,0.491788,0.00373591,0.00380448,0.00212146,-6.85637e-05,4.64557e-08,1.20332e-05,0.000829264,3.97061e-10,8.10271e-07,5.42477e-06,9.88786e-18,4.28187e-05,1.39364e-05,1.07072e-06,1.2332e-21,2.68673e-06,1.07297e-06,7.60615,85.9433,4.07393,0.30042,76.0688,0.336092,4.8592,0.00625572,0.336092,1.96792,0.0768389,-0.297586,0.552059,0.00529025,-0.935815,0.00840234,0.00743397,0.00800219,0.00404065,-0.935815,0.00653521,1.83315,1.10153,0.000365883,0.152398,0.000840234,0.001239,0.000336092,0.000656169,0.152398,1.00801,8.10668e-07,3.53222,0.342348
2068.7083,277.606,278.361,2.13039,0.254353,0.110463,0.00089704,0.00245884,0.00166682,-0.0015618,2.37469e-09,1.10622e-06,0.000819137,3.10164e-12,7.82909e-07,5.90359e-06,9.57205e-18,3.72544e-05,2.75412e-06,1.31945e-06,1.1938e-21,2.1154e-06,2.58558e-07,7.56263,85.8836,4.06529,0.292874,76.0643,0.330158,4.85568,0.0059925,0.330158,1.96377,0.0765395,-0.297438,0.553019,0.00514702,-0.936176,0.00825399,0.00743032,0.0078609,0.00403229,-0.936176,0.00651404,1.83317,1.10159,0.000355795,0.152385,0.000825399,0.00123839,0.000330158,0.000654786,0.152385,0.550787,7.82913e-07,3.49734,0.33615
2068.7917,264.395,265.354,0,0.297756,0,0,0.00108475,0.000103453,-0.00108475,0,0,0.000804878,0,7.40249e-07,3.2315e-13,1.05232e-17,3.90994e-06,2.09995e-06,8.63757e-14,1.31157e-21,1.29501e-07,2.09995e-07,7.51444,85.8547,4.05091,0.310983,76.0618,0.321907,4.84771,0.0056456,0.321907,1.96743,0.0761012,-0.297147,0.553593,0.00552021,-0.936402,0.00804771,0.00742038,0.00766444,0.00404006,-0.936402,0.00648273,1.83319,1.10162,0.000382166,0.152378,0.000804771,0.00123673,0.000321907,0.000656006,0.152378,0.176126,7.40249e-07,3.46353,0.327552
2068.8750,264.198,264.671,0,0.297756,0,0,0.000927977,1.54827e-05,-0.000927977,0,0,0.000790834,0,6.89656e-07,0,1.12123e-17,7.16813e-07,2.04699e-06,0,1.39656e-21,1.95076e-08,2.04699e-07,7.47512,85.8571,4.03657,0.345045,76.0615,0.313788,4.83962,0.005316,0.313788,1.97545,0.0756673,-0.296796,0.553684,0.00622759,-0.936431,0.00784474,0.00741012,0.00747114,0.00405682,-0.936431,0.00645169,1.83321,1.10163,0.000429974,0.152378,0.000784474,0.00123502,0.000313788,0.00065868,0.152378,0.110175,6.89656e-07,3.43855,0.319104
2068.9583,266.317,266.538,0,0.297756,0,0,0.00108528,7.25558e-06,-0.00108528,0,0,0.000776911,0,6.46439e-07,0,1.14986e-17,3.702e-07,1.99452e-06,0,1.43135e-21,9.54382e-09,1.99453e-07,7.43395,85.8584,4.02221,0.37935,76.0614,0.305745,4.83141,0.00500065,0.305745,1.98365,0.0752349,-0.296448,0.553743,0.00694215,-0.936442,0.00764367,0.00739959,0.00727965,0.0040739,-0.936442,0.00642071,1.83323,1.10162,0.00047804,0.152378,0.000764367,0.00123326,0.000305745,0.000661413,0.152378,0.242034,6.46439e-07,3.41174,0.310746
2069.0417,266.436,266.614,0,0.297756,0,0,0.00110693,6.36311e-06,-0.00110693,0,0,0.000763981,0,6.08215e-07,0,1.16452e-17,2.96041e-07,1.94584e-06,0,1.44877e-21,7.72337e-09,1.94584e-07,7.39379,85.8579,4.00874,0.411308,76.0613,0.298282,4.8236,0.00471782,0.298282,1.99145,0.0748312,-0.296125,0.553794,0.00760893,-0.936449,0.00745708,0.00738947,0.00710195,0.0040901,-0.936449,0.00639176,1.83325,1.10162,0.000522868,0.152377,0.000745708,0.00123158,0.000298282,0.000664011,0.152377,0.24069,6.08215e-07,3.38505,0.303
2069.1250,268.34,268.386,0,0.297765,0,0,0.00123779,6.51911e-06,-0.00123779,0,0,0.000751362,0,5.77941e-07,0,1.17878e-17,2.76031e-07,1.89836e-06,0,1.46568e-21,7.2848e-09,1.89836e-07,7.35117,85.8542,3.99547,0.442512,76.0613,0.291003,4.81581,0.00445124,0.291003,1.99923,0.0744353,-0.29581,0.553842,0.00826097,-0.936454,0.00727513,0.00737926,0.00692865,0.00410625,-0.936454,0.00636331,1.83327,1.10162,0.000566725,0.152377,0.000727513,0.00122988,0.000291003,0.000666606,0.152377,0.422093,5.77941e-07,3.3557,0.295455
2069.2083,277.058,276.045,1.4822,0.357668,0.40562,0.00317188,0.00217078,0.00229559,0.0010011,2.78758e-08,6.61054e-06,0.000739993,2.11062e-11,5.61044e-07,7.80147e-05,1.05249e-17,-2.13388e-05,8.45096e-06,7.54463e-06,1.31125e-21,1.64268e-06,6.64213e-07,7.30739,85.8252,3.98371,0.436766,76.0766,0.28444,4.80906,0.00422081,0.28444,2.00438,0.0740766,-0.296773,0.552095,0.00810805,-0.93517,0.00711104,0.00737041,0.00677238,0.0041169,-0.93517,0.00633753,1.83329,1.10163,0.000555497,0.15242,0.000711104,0.0012284,0.00028444,0.000668321,0.15242,0.835692,5.61065e-07,3.32368,0.288661
2069.2917,286.347,285.206,2.52585,0.238341,1.27397,0.00952189,0.00393009,0.00285929,0.00559179,1.59722e-07,2.80818e-05,0.00074848,9.19799e-10,5.85677e-07,1.38485e-05,8.9781e-18,4.44931e-05,3.96059e-05,1.98302e-06,1.12284e-21,3.40668e-06,2.93547e-06,7.33693,85.8066,3.99748,0.37556,76.095,0.289131,4.82086,0.00442208,0.289131,1.99911,0.0743437,-0.297917,0.550475,0.00677667,-0.933618,0.00722832,0.00738722,0.00688408,0.00410598,-0.933618,0.00635727,1.83331,1.10167,0.000467727,0.15247,0.000722832,0.0012312,0.000289131,0.000666565,0.15247,1.82406,5.86596e-07,3.33944,0.293553
2069.3750,294.792,293.422,2.72771,0.182697,2.47808,0.01372,0.00595782,0.00281695,0.00776221,2.68756e-07,4.15936e-05,0.000785915,7.08331e-09,6.60594e-07,3.12679e-06,9.28149e-18,5.37068e-05,6.66207e-05,4.40943e-07,1.16183e-21,3.58204e-06,4.91277e-06,7.478,85.9015,4.04889,0.338232,76.0937,0.310197,4.8603,0.00523108,0.310197,1.99159,0.0755302,-0.297893,0.550138,0.00602598,-0.933678,0.00775497,0.0074425,0.00738565,0.00409046,-0.933678,0.0064442,1.83333,1.10166,0.000416842,0.152464,0.000775497,0.00124042,0.000310197,0.000664058,0.152464,3.09685,6.67677e-07,3.42912,0.315428
2069.4583,298.111,296.935,2.95902,0.12441,2.17981,0.0096158,0.00568718,0.00184589,0.00392862,1.70417e-07,3.09253e-05,0.00082834,6.55622e-09,7.59449e-07,2.02213e-07,9.94345e-18,3.51994e-05,4.44001e-05,3.06773e-08,1.2445e-21,2.33288e-06,3.29305e-06,7.62768,86.0197,4.10736,0.317272,76.0896,0.334043,4.90532,0.00611407,0.334043,1.98511,0.0768821,-0.297593,0.549799,0.00562014,-0.933972,0.00835111,0.00750588,0.0079534,0.0040772,-0.933972,0.00654338,1.83335,1.10162,0.000388336,0.15245,0.000835111,0.00125098,0.000334043,0.000661896,0.15245,2.5957,7.66006e-07,3.52032,0.340157
2069.5417,292.802,292.583,3.05471,0.177794,1.16584,0.00725128,0.00508567,0.0021788,0.00216561,1.20759e-07,2.41305e-05,0.000845931,2.90483e-09,7.97895e-07,3.76756e-06,1.009e-17,4.04241e-05,3.2835e-05,6.61926e-07,1.26264e-21,2.75965e-06,2.45078e-06,7.67893,86.0588,4.13437,0.310442,76.0877,0.343806,4.92774,0.00643919,0.343806,1.98173,0.077455,-0.297279,0.549788,0.00549733,-0.93409,0.00859519,0.0075382,0.00818586,0.00407046,-0.93409,0.00658577,1.83337,1.10162,0.000378522,0.152443,0.000859519,0.00125637,0.000343806,0.000660772,0.152443,1.72675,8.008e-07,3.54456,0.350245
2069.6250,287.194,287.321,3.08608,0.170344,0.67097,0.00410054,0.00408847,0.00186468,1.20652e-05,5.27158e-08,1.28397e-05,0.000851923,4.8067e-10,7.99369e-07,5.60438e-07,1.00413e-17,3.7669e-05,1.57943e-05,1.55729e-07,1.25642e-21,2.35793e-06,1.20903e-06,7.69257,86.0548,4.14654,0.301322,76.084,0.346995,4.93942,0.00650794,0.346995,1.97689,0.0776633,-0.297013,0.550304,0.00532802,-0.934368,0.00867492,0.00755571,0.00826179,0.0040607,-0.934368,0.00660161,1.83339,1.10165,0.000366029,0.152431,0.000867492,0.00125929,0.000346995,0.000659159,0.152431,0.982527,7.9985e-07,3.54603,0.353503
2069.7083,275.853,276.696,2.4046,0.33731,0.0656572,0.000730847,0.00229678,0.00138435,-0.00156593,1.40408e-09,6.29456e-07,0.000842037,1.84946e-12,7.745e-07,2.62577e-06,9.85656e-18,2.82664e-05,2.58833e-06,6.75704e-07,1.23295e-21,1.71338e-06,2.48634e-07,7.64965,86.0062,4.13823,0.300384,76.0813,0.341196,4.93615,0.00623808,0.341196,1.97488,0.0773675,-0.296718,0.551122,0.00531486,-0.93458,0.00852994,0.00755248,0.00812371,0.00405678,-0.93458,0.00658075,1.83341,1.1017,0.000364887,0.152423,0.000852994,0.00125875,0.000341196,0.000658487,0.152423,0.579859,7.74502e-07,3.51142,0.347434
2069.7917,267.267,267.896,0.247033,0.678292,0.00112819,8.13941e-06,0.00133932,0.000201491,-0.00133118,0,0,0.000827201,0,7.33939e-07,1.20526e-10,1.04224e-17,5.15295e-06,2.16976e-06,2.53061e-11,1.30289e-21,2.24604e-07,2.16976e-07,7.59878,85.978,4.12332,0.319843,76.0801,0.332608,4.92794,0.00587446,0.332608,1.97929,0.0769139,-0.296411,0.551587,0.00571225,-0.934691,0.00831524,0.00754227,0.00791924,0.00406614,-0.934691,0.0065484,1.83343,1.10173,0.000393136,0.15242,0.000831524,0.00125704,0.000332608,0.00065996,0.15242,0.235604,7.33939e-07,3.47545,0.338482
2069.8750,266.337,266.604,0,0.650844,0,0,0.00120678,2.47694e-05,-0.00120678,0,0,0.000812697,0,6.87055e-07,0,1.10417e-17,9.66015e-07,2.11504e-06,0,1.37937e-21,2.84218e-08,2.11504e-07,7.55378,85.9747,4.1086,0.353715,76.0799,0.324219,4.91971,0.00553149,0.324219,1.98731,0.0764684,-0.29605,0.551701,0.00641425,-0.934716,0.00810552,0.00753189,0.00771951,0.00408291,-0.934716,0.00651657,1.83345,1.10173,0.000440878,0.15242,0.000810552,0.00125532,0.000324219,0.000662632,0.15242,0.233619,6.87055e-07,3.44517,0.329751
2069.9583,267.381,267.586,0,0.650837,0,0,0.00112809,1.73238e-05,-0.00112809,0,0,0.000798319,0,6.52454e-07,0,1.12363e-17,6.58632e-07,2.06083e-06,0,1.40282e-21,1.86477e-08,2.06083e-07,7.5087,85.9729,4.09387,0.388793,76.0797,0.315909,4.91136,0.00520337,0.315909,1.99563,0.0760246,-0.295692,0.551768,0.00714492,-0.93473,0.00789777,0.00752124,0.00752165,0.00410026,-0.93473,0.00648482,1.83347,1.10173,0.000490106,0.15242,0.000789777,0.00125354,0.000315909,0.000665406,0.15242,0.395746,6.52454e-07,3.41483,0.321113
2070.0417,267.769,267.921,0,0.650837,0,0,0.00123039,1.72225e-05,-0.00123039,0,0,0.000784966,0,6.23133e-07,0,1.13171e-17,5.50155e-07,2.01052e-06,0,1.41209e-21,1.61736e-08,2.01052e-07,7.46624,85.9708,4.08006,0.421373,76.0797,0.308198,4.90343,0.00490907,0.308198,2.00354,0.0756103,-0.295359,0.551827,0.00782453,-0.934738,0.00770498,0.00751099,0.00733804,0.00411672,-0.934738,0.00645514,1.83349,1.10173,0.000535922,0.15242,0.000770498,0.00125183,0.000308198,0.000668042,0.15242,0.525145,6.23133e-07,3.38618,0.313107
2070.1250,269.682,269.739,0,0.65084,0,0,0.00123798,1.80218e-05,-0.00123798,0,0,0.000771934,0,6.00833e-07,0,1.13638e-17,4.80622e-07,1.96147e-06,0,1.41709e-21,1.47674e-08,1.96147e-07,7.42223,85.9664,4.06645,0.453129,76.0796,0.300677,4.8955,0.00463168,0.300677,2.01144,0.0752039,-0.295035,0.551882,0.00848784,-0.934741,0.00751698,0.00750066,0.00715899,0.00413311,-0.934741,0.00642599,1.83351,1.10173,0.000580684,0.15242,0.000751698,0.00125011,0.000300677,0.000670674,0.15242,0.420482,6.00833e-07,3.35578,0.305309
2070.2083,275.902,275.086,1.2078,0.506894,0.401463,0.00284275,0.00207855,0.00198281,0.0007642,2.52581e-08,5.75393e-06,0.000759825,2.80625e-11,5.81007e-07,7.02955e-05,1.04681e-17,-2.4941e-05,8.03313e-06,6.64065e-06,1.30793e-21,1.31269e-06,6.35295e-07,7.37871,85.9456,4.05389,0.457727,76.0916,0.293688,4.88827,0.00438266,0.293688,2.01764,0.0748236,-0.296012,0.550208,0.00855733,-0.933747,0.00734224,0.00749118,0.00699257,0.00414596,-0.933747,0.00639869,1.83353,1.10174,0.000584601,0.152453,0.000734224,0.00124853,0.000293688,0.00067274,0.152453,0.89445,5.81035e-07,3.32483,0.298071
2070.2917,287.809,286.437,2.61186,0.196846,1.61602,0.00981693,0.00415985,0.00268056,0.00565709,1.5477e-07,2.75262e-05,0.000767857,1.41495e-09,6.07505e-07,4.61679e-06,9.2973e-18,3.67534e-05,3.92406e-05,8.06445e-07,1.16647e-21,3.09591e-06,2.90709e-06,7.40224,85.9243,4.06653,0.39467,76.114,0.298146,4.8989,0.00455121,0.298146,2.0134,0.0750593,-0.297301,0.548181,0.00717064,-0.931849,0.00745369,0.00750642,0.00709871,0.00413717,-0.931849,0.00641614,1.83355,1.10177,0.000493173,0.152514,0.000745369,0.00125107,0.000298146,0.000671328,0.152514,2.00445,6.0892e-07,3.33571,0.302697
2070.3750,295.575,293.788,2.80588,0.141108,2.16293,0.0113406,0.00530495,0.00216404,0.00603565,2.06882e-07,3.41429e-05,0.000803561,4.72602e-09,6.77795e-07,2.3975e-06,9.80416e-18,3.56813e-05,5.28205e-05,2.67786e-07,1.23072e-21,2.64094e-06,3.90161e-06,7.52814,86.016,4.11418,0.363372,76.1158,0.318295,4.93466,0.00527207,0.318295,2.0087,0.0761523,-0.297053,0.547797,0.00653063,-0.93166,0.00795741,0.00755662,0.00757844,0.00412748,-0.93166,0.00649615,1.83357,1.10175,0.000450346,0.152517,0.000795741,0.00125944,0.000318295,0.000669761,0.152517,2.5777,6.82521e-07,3.41396,0.323567
2070.4583,296.137,295.457,2.97321,0.257467,1.75932,0.0112202,0.00606058,0.00368193,0.00515959,2.04376e-07,3.43432e-05,0.000834103,6.41495e-09,7.47018e-07,6.39765e-05,9.3433e-18,7.50375e-05,5.38976e-05,9.10254e-06,1.17564e-21,4.80156e-06,3.9835e-06,7.62344,86.0717,4.15586,0.333689,76.1132,0.335486,4.96649,0.00586251,0.335486,2.00143,0.0770979,-0.297765,0.546894,0.00594231,-0.931812,0.00838719,0.00760166,0.00798776,0.00411256,-0.931812,0.00656556,1.83359,1.10175,0.000409962,0.152507,0.000838719,0.00126694,0.000335486,0.000667337,0.152507,2.71283,7.53433e-07,3.46758,0.341349
2070.5417,292.63,292.345,3.15947,0.201628,1.57894,0.00865629,0.00561635,0.00275302,0.00303994,1.44965e-07,2.72476e-05,0.000867776,3.19079e-09,8.1513e-07,1.19854e-05,9.30482e-18,6.47523e-05,4.0016e-05,1.62006e-06,1.17296e-21,3.67884e-06,2.97405e-06,7.73773,86.1294,4.202,0.299884,76.1026,0.354425,5.00186,0.00649426,0.354425,1.98919,0.0781515,-0.298541,0.546572,0.00527749,-0.932629,0.00886066,0.00765187,0.00843869,0.00408743,-0.932629,0.00664299,1.83361,1.10178,0.000364958,0.152475,0.000886066,0.00127531,0.000354425,0.000663259,0.152475,2.10639,8.1832e-07,3.53572,0.360919
2070.6250,287.381,287.621,3.20955,0.251004,0.620494,0.00421396,0.00426697,0.00257398,-5.30046e-05,5.02405e-08,1.24858e-05,0.000877024,5.87198e-10,8.33129e-07,3.61675e-05,9.09732e-18,6.34484e-05,1.56043e-05,4.48545e-06,1.14734e-21,3.44723e-06,1.19623e-06,7.76067,86.1191,4.21778,0.284818,76.0928,0.359481,5.01579,0.00661221,0.359481,1.98082,0.0784524,-0.298863,0.547049,0.00498541,-0.933421,0.00898707,0.00767251,0.00855908,0.00407034,-0.933421,0.0066656,1.83364,1.10183,0.000345188,0.152446,0.000898707,0.00127875,0.000359481,0.000660466,0.152446,1.19278,8.33716e-07,3.54289,0.366094
2070.7083,276.385,277.138,2.84586,0.263964,0.0917746,0.00077369,0.00239956,0.00170696,-0.00162587,4.05207e-10,2.0845e-07,0.000866094,5.61212e-13,8.0238e-07,7.19856e-06,8.89495e-18,4.03814e-05,2.41134e-06,1.11776e-06,1.12227e-21,2.20727e-06,2.38064e-07,7.71609,86.0548,4.20822,0.279065,76.0843,0.353086,5.01168,0.00632059,0.353086,1.97534,0.0781249,-0.299179,0.547896,0.00487478,-0.934134,0.00882719,0.00766813,0.00840681,0.00405924,-0.934134,0.00664249,1.83366,1.1019,0.000338098,0.152422,0.000882719,0.00127802,0.000353086,0.000658642,0.152422,0.386805,8.02381e-07,3.50787,0.359407
2070.7917,267.719,268.502,0.126935,0.576408,0.00269626,1.54473e-05,0.00134314,0.000382356,-0.0013277,0,0,0.000850729,0,7.61043e-07,5.67546e-08,9.62533e-18,1.10781e-05,2.2453e-06,1.23597e-08,1.21333e-21,4.83783e-07,2.2453e-07,7.6644,86.0161,4.19289,0.293064,76.0811,0.344187,5.00332,0.00595173,0.344187,1.97754,0.0776582,-0.298865,0.548664,0.00516183,-0.934413,0.00860472,0.00765773,0.00819493,0.004064,-0.934413,0.00660925,1.83368,1.10194,0.000358552,0.152415,0.000860472,0.00127629,0.000344187,0.000659373,0.152415,0.420984,7.61043e-07,3.47151,0.350139
2070.8750,267.075,267.404,0,0.587689,0,0,0.00115428,4.23175e-05,-0.00115428,0,0,0.000835729,0,7.1601e-07,2.30093e-42,1.04828e-17,1.63799e-06,2.18867e-06,6.05361e-43,1.32045e-21,4.89412e-08,2.18867e-07,7.62054,86.0142,4.17779,0.327704,76.0805,0.335507,4.99497,0.00560426,0.335507,1.98555,0.0772004,-0.298491,0.548828,0.00587998,-0.93448,0.0083877,0.0076472,0.00798825,0.00408076,-0.93448,0.0065766,1.8337,1.10195,0.000407474,0.152413,0.00083877,0.00127453,0.000335507,0.000662045,0.152413,0.212854,7.1601e-07,3.44275,0.341111
2070.9583,267.701,267.912,0,0.587689,0,0,0.00118608,3.77303e-05,-0.00118608,0,0,0.000820859,0,6.7059e-07,0,1.08926e-17,1.00947e-06,2.13257e-06,0,1.37115e-21,3.39673e-08,2.13257e-07,7.57648,86.014,4.16267,0.363277,76.0803,0.326907,4.98649,0.00527181,0.326907,1.99395,0.0767444,-0.298121,0.548912,0.00662022,-0.934497,0.00817272,0.00763637,0.00778351,0.00409829,-0.934497,0.00654402,1.83372,1.10195,0.000457562,0.152413,0.000817272,0.00127273,0.000326907,0.000664846,0.152413,0.217796,6.7059e-07,3.41381,0.332179
2071.0417,266.514,266.782,0,0.587689,0,0,0.000985796,2.8071e-05,-0.000985796,0,0,0.00080705,0,6.29421e-07,0,1.11582e-17,6.09437e-07,2.08052e-06,0,1.40372e-21,2.19326e-08,2.08052e-07,7.53579,86.0143,4.14849,0.396246,76.0804,0.318927,4.97844,0.00497364,0.318927,2.00195,0.0763188,-0.297778,0.548977,0.00730709,-0.934497,0.00797322,0.00762597,0.0075935,0.00411492,-0.934497,0.00651358,1.83374,1.10195,0.00050408,0.152413,0.000797322,0.00127099,0.000318927,0.00066751,0.152413,0.144319,6.29421e-07,3.3873,0.323901
2071.1250,269.03,269.067,0,0.590062,0,0,0.00124678,1.95645e-05,-0.00124678,0,0,0.000793573,0,5.94254e-07,0,1.13786e-17,3.61036e-07,2.02975e-06,0,1.43063e-21,1.34592e-08,2.02975e-07,7.49639,86.0156,4.13452,0.428821,76.0804,0.311145,4.9704,0.00469261,0.311145,2.00995,0.0759014,-0.297455,0.54902,0.00798755,-0.934495,0.00777867,0.00761547,0.00740822,0.00413154,-0.934495,0.00648368,1.83376,1.10195,0.000550006,0.152414,0.000777867,0.00126925,0.000311145,0.000670179,0.152414,0.413323,5.94254e-07,3.36187,0.315838
2071.2083,276.376,275.524,1.43346,0.449646,0.415972,0.00308483,0.00212473,0.00213893,0.000960101,2.39089e-08,5.87428e-06,0.00078138,7.90233e-12,5.82163e-07,5.0367e-05,1.03306e-17,-2.16026e-05,7.9112e-06,5.39024e-06,1.30061e-21,1.53092e-06,6.28056e-07,7.45191,85.9879,4.12207,0.424803,76.0959,0.304098,4.96337,0.00444753,0.304098,2.01525,0.0755226,-0.298001,0.547663,0.00786778,-0.933197,0.0076025,0.00760629,0.00724044,0.00414251,-0.933197,0.00645654,1.83378,1.10196,0.000540499,0.152457,0.00076025,0.00126771,0.000304098,0.000671943,0.152457,0.959979,5.82171e-07,3.32984,0.308546
2071.2917,288.016,286.435,2.70632,0.220894,1.72075,0.0103052,0.00427992,0.0028245,0.00602527,1.61148e-07,2.86273e-05,0.000788432,1.33615e-09,6.13606e-07,1.26136e-05,8.92026e-18,4.27383e-05,4.16043e-05,1.77594e-06,1.12608e-21,3.34317e-06,3.08156e-06,7.47601,85.9717,4.13372,0.371331,76.1134,0.30799,4.97345,0.00460273,0.30799,2.01096,0.0757525,-0.298638,0.546502,0.00669827,-0.931724,0.00769979,0.00762077,0.0073331,0.00413359,-0.931724,0.00647363,1.8338,1.10199,0.000463021,0.152504,0.000769979,0.00127013,0.00030799,0.000670513,0.152504,2.20885,6.14942e-07,3.34229,0.312593
2071.3750,293.167,291.928,2.92169,0.177079,2.53105,0.0142675,0.00577174,0.00263314,0.00849572,2.70171e-07,4.23573e-05,0.00082779,5.5612e-09,6.92689e-07,3.95173e-06,9.11429e-18,4.9333e-05,7.00855e-05,4.8473e-07,1.15152e-21,3.31286e-06,5.16419e-06,7.62637,86.0801,4.18626,0.336793,76.1128,0.330205,5.01288,0.00540697,0.330205,2.00412,0.0770099,-0.298584,0.546019,0.00600097,-0.931733,0.00825516,0.00767607,0.00786202,0.00411947,-0.931733,0.00656572,1.83382,1.10197,0.000415685,0.152501,0.000825516,0.00127935,0.000330205,0.000668234,0.152501,3.08796,6.9825e-07,3.44011,0.335612
2071.4583,294.672,293.78,3.18064,0.151947,2.01401,0.0118304,0.00596112,0.00208019,0.00586927,2.14779e-07,3.69449e-05,0.000874511,5.49706e-09,7.79423e-07,1.54953e-06,9.61792e-18,3.78345e-05,5.838e-05,2.19217e-07,1.21492e-21,2.60667e-06,4.31415e-06,7.80103,86.2303,4.24872,0.319978,76.1101,0.356556,5.05982,0.00632944,0.356556,1.9991,0.0785068,-0.298291,0.545334,0.00567294,-0.931914,0.00891393,0.00774213,0.00848942,0.00410924,-0.931914,0.00667547,1.83384,1.10192,0.000392669,0.152492,0.000891393,0.00129035,0.000356556,0.000666561,0.152492,2.50669,7.8492e-07,3.55231,0.362885
2071.5417,293.091,292.704,3.33824,0.162274,1.37442,0.00804763,0.00547839,0.00207968,0.00256923,1.286e-07,2.56889e-05,0.000902769,2.92555e-09,8.27334e-07,1.90465e-06,9.8176e-18,3.8678e-05,3.67946e-05,3.08007e-07,1.24004e-21,2.61776e-06,2.74225e-06,7.89904,86.3101,4.28861,0.309237,76.1077,0.372394,5.09109,0.00684503,0.372394,1.99419,0.0794255,-0.29798,0.545098,0.00547314,-0.932076,0.00930989,0.0077868,0.00886653,0.00409932,-0.932076,0.00674317,1.83387,1.1019,0.000377514,0.152483,0.000930989,0.0012978,0.000372394,0.000664925,0.152483,1.82563,8.30259e-07,3.61043,0.379239
2071.6250,286.602,286.819,3.37067,0.139373,0.569072,0.00393008,0.00395778,0.00146634,-2.77029e-05,4.60648e-08,1.21658e-05,0.000908851,4.04522e-10,8.24083e-07,4.55295e-09,9.99481e-18,2.46714e-05,1.49298e-05,1.62484e-09,1.26205e-21,1.76661e-06,1.14987e-06,7.91485,86.3213,4.30083,0.308511,76.106,0.375636,5.10276,0.0068955,0.375636,1.99189,0.0796446,-0.297606,0.545371,0.00546969,-0.932186,0.00939093,0.00780442,0.00894371,0.00409483,-0.932186,0.00675993,1.83389,1.10191,0.00037625,0.152477,0.000939093,0.00130074,0.000375636,0.000664157,0.152477,0.75955,8.24488e-07,3.61402,0.382531
2071.7083,273.902,275.187,2.10573,0.152906,0.0822047,0.000651886,0.00217744,0.000972928,-0.00152556,1.29591e-09,5.33502e-07,0.000897452,3.95056e-12,7.87158e-07,1.18627e-08,1.00128e-17,1.59327e-05,2.75851e-06,4.04117e-09,1.26389e-21,1.1309e-06,2.65997e-07,7.87087,86.2862,4.29105,0.316046,76.1065,0.368959,5.09872,0.00659219,0.368959,1.99273,0.0793094,-0.297216,0.545883,0.00562625,-0.932132,0.00922401,0.00780022,0.00878473,0.00409684,-0.932132,0.00673634,1.83392,1.10194,0.000386317,0.152478,0.000922401,0.00130004,0.000368959,0.000664437,0.152478,0.363316,7.87162e-07,3.57982,0.375551
2071.7917,266.218,267.208,1.8905,0.107167,0.00575774,1.72657e-05,0.00137985,0.000121345,-0.00136258,0,0,0.000881413,0,7.35044e-07,6.60852e-20,1.03497e-17,2.88668e-06,2.34625e-06,1.36561e-20,1.30558e-21,1.21154e-07,2.34625e-07,7.81979,86.2692,4.27521,0.343677,76.1067,0.359662,5.09022,0.00620756,0.359662,1.99902,0.0788257,-0.296827,0.54617,0.00619316,-0.932126,0.0089916,0.00778972,0.00856339,0.0041101,-0.932126,0.00670196,1.83394,1.10196,0.000425493,0.152479,0.00089916,0.00129829,0.000359662,0.000666534,0.152479,0.078649,7.35044e-07,3.54458,0.36587
2071.8750,261.541,262.668,0,0.0572278,0,0,0.00109304,1.65566e-05,-0.00109304,0,0,0.000865752,0,6.83323e-07,0,1.08525e-17,7.65353e-07,2.28707e-06,0,1.36811e-21,2.06563e-08,2.28707e-07,7.77403,86.2687,4.2596,0.380716,76.1065,0.350591,5.08172,0.00584515,0.350591,2.0074,0.0783513,-0.296439,0.546265,0.00696069,-0.932144,0.00876482,0.00777906,0.00834741,0.00412764,-0.932144,0.00666818,1.83396,1.10196,0.00047748,0.152478,0.000876482,0.00129651,0.000350591,0.000669326,0.152478,0.102486,6.83323e-07,3.51443,0.356436
2071.9583,255.595,256.659,0,0.0568843,0,0,0.000874346,1.91894e-06,-0.000874346,0,0,0.000850227,0,6.3603e-07,0,1.16893e-17,1.35817e-07,2.22846e-06,0,1.47272e-21,3.18584e-09,2.22846e-07,7.73212,86.2733,4.24398,0.418737,76.1064,0.341605,5.0731,0.00549842,0.341605,2.01601,0.0778787,-0.296056,0.546321,0.00775247,-0.932154,0.00854017,0.0077681,0.00813346,0.00414563,-0.932154,0.00663449,1.83398,1.10196,0.000530575,0.152478,0.000854018,0.00129468,0.000341605,0.000672199,0.152478,0.177025,6.3603e-07,3.48813,0.347104
2072.0417,264.967,265.131,0,0.0573959,0,0,0.00113983,6.94165e-07,-0.00113983,0,0,0.000835809,0,5.99812e-07,0,1.2152e-17,5.48743e-08,2.17406e-06,0,1.53019e-21,1.25678e-09,2.17406e-07,7.68964,86.2744,4.22934,0.454177,76.1064,0.333266,5.0649,0.00518744,0.333266,2.02421,0.0774377,-0.2957,0.546363,0.0084917,-0.932156,0.0083317,0.00775757,0.00793492,0.00416269,-0.932156,0.00660301,1.834,1.10196,0.000580101,0.152478,0.00083317,0.00129293,0.000333266,0.00067493,0.152478,0.243496,5.99812e-07,3.4603,0.338454
2072.1250,267.665,267.713,0,0.071049,0,0,0.0012433,2.91855e-05,-0.0012433,0,0,0.000821738,0,5.67517e-07,1.94134e-11,1.21827e-17,-1.48002e-06,2.12101e-06,3.83029e-12,1.53322e-21,9.51061e-09,2.12101e-07,7.64578,86.2733,4.21492,0.488699,76.1064,0.325134,5.05672,0.00489432,0.325134,2.03238,0.0770052,-0.295354,0.546401,0.00921284,-0.932153,0.0081284,0.00774693,0.0077413,0.00417968,-0.932153,0.00657209,1.83403,1.10196,0.000628406,0.152478,0.00081284,0.00129116,0.000325134,0.000677656,0.152478,0.277606,5.67517e-07,3.43087,0.330029
2072.2083,272.146,271.821,0.862512,0.484207,0.105774,0.00108391,0.00153535,0.00136889,-0.000451442,2.74752e-09,8.43252e-07,0.000807564,2.08465e-13,5.51496e-07,4.2349e-05,1.17144e-17,-3.56249e-05,2.76359e-06,3.46812e-06,1.47514e-21,5.98369e-07,2.57345e-07,7.59811,86.2573,4.20026,0.503071,76.1164,0.316949,5.04831,0.00460917,0.316949,2.03972,0.0765677,-0.295512,0.545543,0.00949734,-0.931315,0.00792376,0.00773589,0.0075464,0.00419487,-0.931315,0.00654077,1.83405,1.10196,0.000646042,0.152506,0.000792376,0.00128932,0.000316949,0.000680099,0.152506,0.813326,5.51496e-07,3.39785,0.321558
2072.2917,284.742,283.175,2.76232,0.172476,1.35402,0.00941366,0.00351771,0.00226777,0.00589595,1.26255e-07,2.53393e-05,0.00080438,4.75284e-10,5.67518e-07,2.49807e-06,1.02791e-17,1.44749e-05,3.384e-05,3.47267e-07,1.29794e-21,2.26877e-06,2.52773e-06,7.60171,86.2354,4.2007,0.448083,76.1461,0.314953,5.05148,0.00460305,0.314953,2.03956,0.0765498,-0.296089,0.5437,0.00828042,-0.928814,0.00787387,0.00774081,0.00749888,0.00419452,-0.928814,0.00654004,1.83407,1.10198,0.000565266,0.152587,0.000787387,0.00129014,0.000314953,0.000680046,0.152587,1.68177,5.67993e-07,3.40101,0.319556
2072.3750,293.368,291.696,2.87514,0.161337,1.70556,0.0112339,0.00475996,0.00239482,0.00647392,1.86468e-07,3.45136e-05,0.00082344,3.5834e-09,6.21961e-07,8.41527e-06,1.00223e-17,2.50905e-05,4.90149e-05,9.50363e-07,1.26657e-21,2.74429e-06,3.64091e-06,7.7143,86.3291,4.23223,0.421865,76.1547,0.325441,5.07883,0.00513789,0.325441,2.03829,0.0773723,-0.295796,0.542979,0.00771526,-0.928055,0.00813607,0.00777933,0.0077486,0.00419189,-0.928055,0.00660081,1.83409,1.10195,0.000528083,0.152609,0.000813607,0.00129655,0.000325441,0.000679623,0.152609,2.37822,6.25544e-07,3.48207,0.330579
2072.4583,295.981,294.944,3.02254,0.161222,2.14198,0.0113844,0.00572415,0.00260047,0.00566027,1.96894e-07,3.62306e-05,0.000850724,6.09484e-09,7.06564e-07,2.10564e-06,1.01359e-17,3.75674e-05,5.23405e-05,2.54007e-07,1.28309e-21,3.18898e-06,3.88731e-06,7.85219,86.4275,4.2756,0.384384,76.1589,0.340527,5.1156,0.00585282,0.340527,2.032,0.0784752,-0.2957,0.542275,0.00696849,-0.927598,0.00851321,0.00783113,0.00810778,0.00417895,-0.927598,0.00668223,1.83411,1.10194,0.000475638,0.152616,0.000851321,0.00130519,0.000340527,0.000677527,0.152616,2.73544,7.12659e-07,3.57659,0.34638
2072.5417,292.603,292.117,3.10577,0.146027,1.07724,0.00644915,0.00462484,0.00196731,0.00182431,9.6225e-08,2.15546e-05,0.000866276,1.97484e-09,7.49215e-07,2.16986e-06,1.02863e-17,3.01315e-05,2.70947e-05,2.82484e-07,1.30298e-21,2.41622e-06,2.03927e-06,7.9275,86.4804,4.30313,0.365374,76.1598,0.348993,5.14038,0.00625281,0.348993,2.02767,0.0791294,-0.295402,0.542136,0.00659901,-0.927436,0.00872486,0.00786658,0.00830935,0.00417013,-0.927436,0.00673087,1.83413,1.10194,0.000449097,0.152614,0.000872486,0.0013111,0.000348993,0.000676083,0.152614,1.4268,7.5119e-07,3.62437,0.355246
2072.6250,286.697,286.942,3.11029,0.169088,0.552886,0.00384408,0.00383077,0.00194431,1.33114e-05,4.63658e-08,1.23626e-05,0.000867567,4.58609e-10,7.50452e-07,1.33067e-06,1.0198e-17,3.20079e-05,1.42851e-05,2.44749e-07,1.29224e-21,2.41199e-06,1.10253e-06,7.93612,86.4738,4.31084,0.353612,76.1597,0.349451,5.14982,0.00629028,0.349451,2.02438,0.0792591,-0.295094,0.542487,0.00637071,-0.927375,0.00873632,0.00788085,0.00832026,0.0041635,-0.927375,0.00674112,1.83415,1.10197,0.000432837,0.15261,0.000873632,0.00131347,0.000349451,0.000674986,0.15261,0.893819,7.50911e-07,3.62528,0.355741
2072.7083,276.613,277.256,2.3054,0.262995,0.0591843,0.000791844,0.00239108,0.00152211,-0.00159923,2.31765e-09,1.11006e-06,0.000856624,4.72195e-12,7.25942e-07,4.05583e-06,9.95574e-18,2.60153e-05,2.83806e-06,8.45564e-07,1.26174e-21,1.84976e-06,2.67056e-07,7.89218,86.4231,4.30143,0.348778,76.1592,0.343043,5.14591,0.00602708,0.343043,2.0229,0.0789458,-0.294823,0.543159,0.00627617,-0.927364,0.00857611,0.0078766,0.00816769,0.00416061,-0.927364,0.00671899,1.83417,1.10203,0.000426289,0.152607,0.000857611,0.00131277,0.000343043,0.000674494,0.152607,0.603613,7.25946e-07,3.59075,0.34907
2072.7917,262.29,263.393,0,0.0853962,0,0,0.00109991,5.24152e-05,-0.00109991,0,0,0.000841753,0,6.89177e-07,7.67337e-13,1.08712e-17,1.70288e-06,2.18173e-06,2.15515e-13,1.37718e-21,6.01157e-08,2.18173e-07,7.84257,86.3974,4.2863,0.368088,76.1589,0.334443,5.13742,0.00567738,0.334443,2.0278,0.0784901,-0.294515,0.543533,0.00667273,-0.927382,0.00836112,0.00786587,0.00796293,0.00417091,-0.927382,0.00668645,1.83419,1.10205,0.000454203,0.152605,0.000836112,0.00131098,0.000334443,0.000676127,0.152605,0.19738,6.89177e-07,3.55627,0.34012
2072.8750,266.083,266.363,0,0.0589778,0,0,0.00112845,7.11882e-06,-0.00112845,0,0,0.000827153,0,6.44618e-07,0,1.12074e-17,3.72738e-07,2.12671e-06,0,1.41894e-21,9.37144e-09,2.12671e-07,7.79907,86.3981,4.27127,0.403856,76.1588,0.326008,5.12885,0.00534592,0.326008,2.03636,0.0780402,-0.294153,0.543594,0.00741778,-0.927394,0.00815024,0.00785488,0.0077621,0.00418875,-0.927394,0.00665428,1.83422,1.10205,0.000504271,0.152605,0.000815024,0.00130915,0.000326008,0.000678981,0.152605,0.221517,6.44618e-07,3.5278,0.331354
2072.9583,266.588,266.846,0,0.0589739,0,0,0.00112545,6.63695e-06,-0.00112545,0,0,0.000812679,0,6.06495e-07,0,1.126e-17,3.23026e-07,2.0722e-06,0,1.42476e-21,8.19836e-09,2.0722e-07,7.75469,86.3979,4.25622,0.439468,76.1587,0.317652,5.12014,0.00502881,0.317652,2.04506,0.077592,-0.293795,0.543647,0.00816093,-0.927401,0.00794135,0.0078436,0.00756315,0.00420683,-0.927401,0.00662218,1.83424,1.10205,0.000554162,0.152605,0.000794135,0.00130727,0.000317652,0.00068188,0.152605,0.208286,6.06495e-07,3.49847,0.322681
2073.0417,265.134,265.396,0,0.0589748,0,0,0.00106751,5.42822e-06,-0.00106751,0,0,0.000799236,0,5.68601e-07,0,1.13759e-17,2.43835e-07,2.02162e-06,0,1.43862e-21,6.26139e-09,2.02162e-07,7.71419,86.3987,4.2421,0.472569,76.1587,0.309898,5.11187,0.00474438,0.309898,2.05332,0.0771735,-0.293462,0.543695,0.00885267,-0.927407,0.00774749,0.00783278,0.00737853,0.00422397,-0.927407,0.00659218,1.83426,1.10205,0.000600615,0.152605,0.000774749,0.00130546,0.000309898,0.000684634,0.152605,0.131795,5.68601e-07,3.47209,0.314642
2073.1250,268.833,268.857,0,0.0622539,0,0,0.00131044,5.35954e-06,-0.00131044,0,0,0.000786116,0,5.42182e-07,0,1.14761e-17,2.21226e-07,1.97229e-06,0,1.45051e-21,5.74129e-09,1.97229e-07,7.66933,86.3944,4.22819,0.504902,76.1586,0.302336,5.10361,0.0044763,0.302336,2.06157,0.0767631,-0.29314,0.543738,0.00952942,-0.927411,0.00755845,0.00782186,0.00719848,0.00424106,-0.927411,0.0065627,1.83428,1.10205,0.000646072,0.152605,0.000755845,0.00130364,0.000302336,0.000687385,0.152605,0.587241,5.42182e-07,3.44114,0.306813
2073.2083,277.011,276.059,2.14709,0.267339,0.417511,0.00344479,0.00215541,0.00240925,0.00128938,2.7155e-08,6.41919e-06,0.00077441,1.39741e-11,5.35065e-07,5.50002e-05,1.04131e-17,-2.51296e-05,8.51666e-06,4.9901e-06,1.31899e-21,1.76336e-06,6.70067e-07,7.62443,86.3583,4.21591,0.488946,76.1786,0.295586,5.09643,0.00424535,0.295586,2.06632,0.076391,-0.293922,0.542001,0.00915715,-0.925723,0.00738968,0.00781234,0.00703776,0.00425084,-0.925723,0.00653596,1.83429,1.10207,0.000619142,0.152659,0.000738968,0.00130206,0.000295586,0.000688967,0.152659,0.787635,5.35079e-07,3.40852,0.299831
2073.2917,288.818,287.173,2.64225,0.156231,1.49081,0.00937267,0.00418194,0.00226282,0.00519073,1.55732e-07,2.72765e-05,0.000784633,1.52811e-09,5.58842e-07,1.21318e-06,9.83191e-18,2.53204e-05,3.9559e-05,1.30676e-07,1.24823e-21,2.56969e-06,2.92896e-06,7.65151,86.3526,4.23062,0.440604,76.1963,0.301319,5.1081,0.00445282,0.301319,2.06416,0.0766565,-0.294252,0.54094,0.00809354,-0.924188,0.00753301,0.00782891,0.00717426,0.00424629,-0.924188,0.00655552,1.83431,1.10209,0.000550707,0.152706,0.000753301,0.00130482,0.000301319,0.000688247,0.152706,1.91371,5.60371e-07,3.4209,0.305772
2073.3750,293.812,292.601,2.85826,0.147518,2.07902,0.0122027,0.00531965,0.00222657,0.00688305,2.36544e-07,3.8578e-05,0.000824149,5.2463e-09,6.29742e-07,9.72957e-07,1.01656e-17,2.95779e-05,6.06412e-05,1.10699e-07,1.29172e-21,2.69762e-06,4.46912e-06,7.7789,86.451,4.28177,0.41072,76.2007,0.323692,5.14551,0.00522497,0.323692,2.06071,0.0777936,-0.293967,0.540252,0.0074829,-0.923734,0.00809233,0.00788133,0.00770694,0.00423914,-0.923734,0.00663866,1.83433,1.10206,0.000509488,0.152714,0.000809233,0.00131355,0.000323692,0.000687099,0.152714,2.5658,6.34989e-07,3.49712,0.328917
2073.4583,296.289,295.317,3.02464,0.151105,1.23056,0.00758009,0.00490227,0.00213831,0.00267782,1.29219e-07,2.52055e-05,0.000854387,3.73624e-09,6.85332e-07,5.11398e-06,1.04033e-17,2.79753e-05,3.49899e-05,6.28585e-07,1.32271e-21,2.61153e-06,2.60247e-06,7.86842,86.5246,4.32203,0.394534,76.2034,0.340746,5.17567,0.00578532,0.340746,2.05825,0.0786762,-0.293641,0.5397,0.00716956,-0.923421,0.00851869,0.00792399,0.008113,0.00423412,-0.923421,0.00670337,1.83435,1.10203,0.000486638,0.152717,0.000851869,0.00132067,0.000340746,0.000686277,0.152717,1.88542,6.89069e-07,3.54639,0.346531
2073.5417,293.331,292.823,3.13873,0.166499,1.37476,0.00744789,0.00515205,0.00239664,0.00229584,1.26679e-07,2.47569e-05,0.000875017,2.8457e-09,7.26403e-07,5.75733e-06,1.02122e-17,4.15432e-05,3.49973e-05,8.35143e-07,1.3e-21,3.04955e-06,2.60547e-06,7.92365,86.5486,4.35083,0.369903,76.203,0.352328,5.19805,0.00614097,0.352328,2.05207,0.0792871,-0.293574,0.539566,0.00668742,-0.923335,0.00880825,0.00795606,0.00838877,0.00422144,-0.923335,0.00674839,1.83438,1.10205,0.000452835,0.15271,0.000880825,0.00132601,0.000352328,0.000684217,0.15271,1.83207,7.29249e-07,3.57282,0.358469
2073.6250,287.785,287.961,3.17309,0.180879,0.505301,0.00382348,0.00398669,0.00203582,-0.000163215,4.83137e-08,1.21314e-05,0.000881417,5.36739e-10,7.3582e-07,2.76863e-06,1.0272e-17,3.41287e-05,1.49158e-05,4.78321e-07,1.30785e-21,2.57216e-06,1.14456e-06,7.93047,86.5397,4.36224,0.359045,76.2017,0.355804,5.20838,0.00620642,0.355804,2.04853,0.0794765,-0.293244,0.539947,0.00647646,-0.923359,0.00889515,0.0079715,0.00847153,0.00421427,-0.923359,0.00676277,1.8344,1.10208,0.00043823,0.152703,0.000889515,0.00132858,0.000355804,0.000683037,0.152703,0.950076,7.36356e-07,3.56823,0.362011
2073.7083,273.569,274.491,2.74633,0.25534,0.0734023,0.000580219,0.00198398,0.00123456,-0.00140376,3.30266e-10,1.89667e-07,0.000870824,1.26798e-13,7.10501e-07,4.11242e-06,9.94753e-18,2.31913e-05,2.36773e-06,7.75631e-07,1.26691e-21,1.51683e-06,2.34272e-07,7.88726,86.4885,4.35268,0.354536,76.2,0.34962,5.20398,0.00593929,0.34962,2.04663,0.0791527,-0.293075,0.540609,0.00638952,-0.923437,0.00874054,0.00796652,0.00832429,0.00421049,-0.923437,0.00673986,1.83442,1.10214,0.000432834,0.152696,0.000874054,0.00132775,0.00034962,0.000682405,0.152696,0.317058,7.10501e-07,3.53458,0.355559
2073.7917,265.114,266.272,0.0596238,0.0885966,0.000996988,5.27995e-06,0.00124883,0.000153319,-0.00124355,0,0,0.000855592,0,6.6902e-07,9.2568e-14,1.07032e-17,3.34708e-06,2.22327e-06,2.6862e-14,1.36225e-21,1.66225e-07,2.22327e-07,7.83794,86.4674,4.3372,0.376903,76.2,0.340811,5.19531,0.00559276,0.340811,2.05258,0.0786877,-0.292712,0.540973,0.00684473,-0.92344,0.00852031,0.00795549,0.00811454,0.00422294,-0.92344,0.00670668,1.83444,1.10216,0.000465405,0.152695,0.000852031,0.00132591,0.000340811,0.000684387,0.152695,0.209127,6.6902e-07,3.50074,0.346403
2073.8750,265.061,265.551,0,0.0611489,0,0,0.0011219,1.4247e-05,-0.0011219,0,0,0.000840718,0,6.26084e-07,0,1.11343e-17,5.37782e-07,2.1672e-06,0,1.41626e-21,1.54699e-08,2.1672e-07,7.79394,86.4674,4.32193,0.412453,76.1999,0.332215,5.18663,0.00526624,0.332215,2.06117,0.0782314,-0.292344,0.541051,0.00758568,-0.923453,0.00830542,0.00794432,0.00790988,0.00424081,-0.923453,0.00667408,1.83446,1.10216,0.00051546,0.152695,0.000830542,0.00132405,0.000332215,0.00068725,0.152695,0.23167,6.26084e-07,3.47202,0.337481
2073.9583,264.37,264.937,0,0.061148,0,0,0.00107963,1.1672e-05,-0.00107963,0,0,0.000825971,0,5.93455e-07,0,1.12557e-17,3.80579e-07,2.11165e-06,0,1.43085e-21,1.12342e-08,2.11165e-07,7.7489,86.467,4.30664,0.448347,76.1998,0.3237,5.17783,0.00495385,0.3237,2.06995,0.0777768,-0.29198,0.541107,0.0083362,-0.923459,0.00809255,0.00793286,0.00770715,0.00425906,-0.923459,0.00664155,1.83449,1.10216,0.00056593,0.152695,0.000809255,0.00132214,0.0003237,0.000690178,0.152695,0.394622,5.93455e-07,3.44226,0.328654
2074.0417,265.712,265.834,0,0.0611511,0,0,0.00112044,2.70098e-06,-0.00112044,0,0,0.000812276,0,5.639e-07,0,1.14893e-17,1.56477e-07,2.06011e-06,0,1.45973e-21,3.77911e-09,2.06011e-07,7.70756,86.4675,4.29231,0.481857,76.1998,0.315798,5.16947,0.00467366,0.315798,2.07831,0.0773525,-0.291642,0.541154,0.00903831,-0.923463,0.007895,0.00792186,0.00751901,0.00427638,-0.923463,0.00661114,1.83451,1.10216,0.000613074,0.152695,0.0007895,0.00132031,0.000315798,0.000692963,0.152695,0.237476,5.639e-07,3.41526,0.320472
2074.1250,268.837,268.927,0,0.0748363,0,0,0.00131025,2.81295e-06,-0.00131025,0,0,0.00079891,0,5.48463e-07,0,1.15135e-17,1.55864e-07,2.00984e-06,0,1.46203e-21,3.77763e-09,2.00984e-07,7.66244,86.4635,4.27818,0.514694,76.1997,0.308093,5.16112,0.00440958,0.308093,2.08665,0.0769363,-0.291315,0.541194,0.00972771,-0.923467,0.00770236,0.00791077,0.00733554,0.00429365,-0.923467,0.00658128,1.83452,1.10216,0.000659319,0.152695,0.000770236,0.00131846,0.000308093,0.000695745,0.152695,0.8127,5.48463e-07,3.38426,0.312502
2074.2083,273.328,272.511,1.13973,0.28582,0.247222,0.00213337,0.0017615,0.00158049,0.000371868,1.66792e-08,3.78088e-06,0.000785911,1.15497e-11,5.47353e-07,3.49819e-05,1.10137e-17,-3.37732e-05,5.9931e-06,3.84786e-06,1.39881e-21,8.77721e-07,4.87538e-07,7.61664,86.4484,4.26436,0.5288,76.2087,0.300604,5.15288,0.00416087,0.300604,2.0942,0.0765277,-0.291279,0.540584,0.0100086,-0.922709,0.00751514,0.00789976,0.00715724,0.00430922,-0.922709,0.00655192,1.83454,1.10216,0.000676755,0.15272,0.000751514,0.00131663,0.000300604,0.000698261,0.15272,0.926289,5.47365e-07,3.35229,0.304765
2074.2917,286.762,285.377,2.684,0.200008,1.46976,0.00967428,0.00400116,0.00283701,0.00567312,1.58715e-07,2.72107e-05,0.000794845,1.05869e-09,5.72106e-07,6.91158e-06,9.61367e-18,2.81595e-05,4.07057e-05,9.68469e-07,1.22479e-21,3.15191e-06,3.00677e-06,7.63471,86.4268,4.27609,0.462439,76.2378,0.305667,5.16156,0.00430869,0.305667,2.09195,0.0767303,-0.291916,0.538733,0.00853864,-0.920222,0.00764172,0.00791213,0.00727779,0.00430445,-0.920222,0.00656683,1.83456,1.10218,0.000579801,0.152797,0.000764172,0.00131869,0.000305667,0.00069751,0.152797,1.92916,5.73165e-07,3.35861,0.309976
2074.3750,292.398,291.375,2.92541,0.148498,2.0758,0.0130614,0.00539335,0.00229981,0.00766809,2.58362e-07,3.9827e-05,0.000838539,4.71986e-09,6.44877e-07,1.55435e-06,1.003e-17,3.13303e-05,6.70457e-05,1.73995e-07,1.27929e-21,2.78928e-06,4.92733e-06,7.76506,86.5206,4.32876,0.42493,76.243,0.33058,5.19764,0.0050617,0.33058,2.08756,0.077931,-0.291687,0.538021,0.00775348,-0.919687,0.00826454,0.00796262,0.00787095,0.00429531,-0.919687,0.00665436,1.83458,1.10216,0.000528201,0.152807,0.000826454,0.0013271,0.00033058,0.000696046,0.152807,2.55487,6.49597e-07,3.4363,0.335642
2074.4583,297.581,296.158,3.14947,0.133456,1.49792,0.0078502,0.00509104,0.0020313,0.00275917,1.33974e-07,2.55438e-05,0.000878682,4.08525e-09,7.03045e-07,2.46901e-07,1.04068e-17,2.5386e-05,3.69681e-05,4.09253e-08,1.32805e-21,2.47262e-06,2.74307e-06,7.88283,86.6217,4.37786,0.407995,76.2457,0.353415,5.23178,0.00572262,0.353415,2.08513,0.0790635,-0.291341,0.537252,0.00742036,-0.919368,0.00883541,0.00801074,0.00841463,0.00429034,-0.919368,0.0067371,1.83461,1.10212,0.000504571,0.15281,0.000883541,0.00133512,0.000353415,0.000695236,0.15281,2.06429,7.0713e-07,3.50497,0.359137
2074.5417,292.795,292.471,3.23689,0.177619,0.911111,0.00606158,0.00463118,0.00227617,0.0014304,9.65884e-08,2.04604e-05,0.000894318,2.07069e-09,7.38153e-07,2.71072e-05,1.03135e-17,3.30909e-05,2.77282e-05,3.07516e-06,1.31722e-21,2.83451e-06,2.07308e-06,7.91322,86.6354,4.39872,0.392787,76.2477,0.362232,5.24744,0.00593219,0.362232,2.0817,0.0795045,-0.291052,0.537123,0.0071294,-0.919093,0.00905585,0.00803343,0.00862458,0.00428335,-0.919093,0.00676965,1.83463,1.10213,0.000482895,0.152811,0.000905585,0.00133891,0.000362233,0.000694094,0.152811,1.4657,7.40224e-07,3.5145,0.368165
2074.6250,287.445,287.519,3.26436,0.214412,0.675761,0.00441489,0.0042017,0.0026906,0.00021319,5.92939e-08,1.37689e-05,0.000899365,5.63988e-10,7.40355e-07,1.72251e-05,9.50309e-18,5.21945e-05,1.82034e-05,2.57754e-06,1.21722e-21,3.48436e-06,1.38282e-06,7.91499,86.6029,4.40731,0.367793,76.2454,0.364994,5.25501,0.00595118,0.364994,2.07473,0.0796419,-0.291884,0.536741,0.00662981,-0.919166,0.00912489,0.00804495,0.00869033,0.00426901,-0.919166,0.00678019,1.83465,1.10219,0.000449611,0.152799,0.000912489,0.00134083,0.000364994,0.000691769,0.152799,0.961272,7.40919e-07,3.50768,0.370945
2074.7083,277.1,277.938,2.32583,0.214879,0.146465,0.000994422,0.00245603,0.00153738,-0.00146161,4.05313e-09,1.5379e-06,0.000890662,1.14072e-11,7.14929e-07,4.67292e-07,9.65412e-18,2.95625e-05,3.43005e-06,1.08346e-07,1.23645e-21,1.9368e-06,3.12468e-07,7.87626,86.5473,4.39981,0.357825,76.242,0.359895,5.2519,0.00572923,0.359895,2.07124,0.0793734,-0.291597,0.537721,0.00642689,-0.919381,0.00899742,0.00804164,0.00856894,0.00426189,-0.919381,0.0067613,1.83467,1.10225,0.000437306,0.152786,0.000899743,0.00134027,0.000359895,0.000690607,0.152786,0.450809,7.1494e-07,3.47644,0.365625
2074.7917,265.558,266.425,0,0.189591,0,0,0.00123161,0.000170795,-0.00123161,0,0,0.000875127,0,6.78144e-07,6.48735e-13,1.04407e-17,4.76299e-06,2.28912e-06,1.88342e-13,1.33624e-21,1.97415e-07,2.28912e-07,7.82666,86.5211,4.38417,0.377217,76.2411,0.350904,5.24325,0.00539727,0.350904,2.07614,0.078902,-0.29122,0.53823,0.00682234,-0.919447,0.00877265,0.00803054,0.00835486,0.00427213,-0.919447,0.00672771,1.8347,1.10228,0.000465906,0.152783,0.000877265,0.00133842,0.000350904,0.000692239,0.152783,0.28255,6.78144e-07,3.4425,0.356301
2074.8750,263.975,264.451,0,0.16801,0,0,0.00104588,1.3255e-05,-0.00104588,0,0,0.000859822,0,6.36171e-07,0,1.11193e-17,5.60886e-07,2.23138e-06,0,1.42219e-21,1.57544e-08,2.23138e-07,7.7833,86.5223,4.36858,0.413342,76.2409,0.342054,5.23449,0.00508217,0.342054,2.08476,0.0784357,-0.290843,0.538323,0.00757638,-0.919469,0.00855139,0.00801917,0.00814414,0.00429007,-0.919469,0.00669444,1.83472,1.10228,0.000516929,0.152783,0.000855139,0.00133653,0.000342054,0.000695115,0.152783,0.177622,6.36171e-07,3.41472,0.347136
2074.9583,264.465,264.718,0,0.16801,0,0,0.00104613,5.127e-06,-0.00104613,0,0,0.000844649,0,5.95256e-07,0,1.13745e-17,2.48393e-07,2.17419e-06,0,1.45397e-21,6.41176e-09,2.17419e-07,7.741,86.5257,4.35298,0.450264,76.2408,0.333287,5.22561,0.0047807,0.333287,2.09364,0.0779713,-0.290469,0.538377,0.00835045,-0.919476,0.00833222,0.00800752,0.0079354,0.00430847,-0.919476,0.00666124,1.83474,1.10228,0.000568854,0.152783,0.000833222,0.00133459,0.000333287,0.000698074,0.152783,0.24323,5.95256e-07,3.38802,0.338068
2075.0417,265.91,266.066,0,0.16801,0,0,0.00109593,3.81954e-06,-0.00109593,0,0,0.000830557,0,5.61668e-07,0,1.14577e-17,1.80607e-07,2.12112e-06,0,1.46381e-21,4.6275e-09,2.12112e-07,7.69963,86.5271,4.33835,0.484639,76.2408,0.325151,5.21717,0.00451031,0.325151,2.10208,0.0775378,-0.290122,0.538422,0.0090723,-0.91948,0.00812882,0.00799633,0.00774169,0.00432593,-0.91948,0.00663022,1.83476,1.10228,0.000617254,0.152783,0.000812882,0.00133272,0.000325151,0.000700886,0.152783,0.121715,5.61668e-07,3.36127,0.329661
2075.1250,269.31,269.291,0,0.238542,0,0,0.00132246,0.000116663,-0.00132246,0,0,0.000816805,0,5.36057e-07,2.15439e-07,1.14626e-17,-4.09143e-06,2.06936e-06,7.61812e-09,1.46368e-21,6.51358e-08,2.06936e-07,7.65514,86.5243,4.32394,0.517593,76.2411,0.317217,5.20874,0.00425545,0.317217,2.11046,0.0771127,-0.289793,0.538443,0.00976481,-0.919457,0.00793047,0.00798507,0.00755279,0.00434325,-0.919457,0.00659976,1.83478,1.10228,0.000663573,0.152784,0.000793047,0.00133084,0.000317217,0.00070368,0.152784,0.58812,5.36057e-07,3.33121,0.321473
2075.2083,278.808,277.568,2.44818,0.300823,0.625878,0.00466493,0.00249404,0.00265717,0.00217089,4.49582e-08,9.71786e-06,0.00080583,5.11226e-11,5.35936e-07,5.17315e-05,1.00757e-17,-1.3584e-05,1.32866e-05,4.56882e-06,1.28975e-21,2.20841e-06,1.01736e-06,7.61504,86.4858,4.31265,0.493057,76.2637,0.31088,5.2023,0.0040585,0.31088,2.11405,0.0767685,-0.290651,0.536588,0.00918542,-0.917544,0.00777205,0.00797648,0.00740191,0.00435058,-0.917544,0.0065751,1.8348,1.1023,0.000623601,0.152845,0.000777205,0.00132941,0.00031088,0.000704876,0.152845,1.10561,5.35987e-07,3.30239,0.314939
2075.2917,288.678,287.358,2.81581,0.17012,1.64738,0.0105021,0.00439184,0.00251761,0.00611027,1.82595e-07,3.06677e-05,0.000820695,1.75351e-09,5.71697e-07,1.5794e-06,9.54007e-18,3.21062e-05,4.77759e-05,1.93582e-07,1.22366e-21,2.98108e-06,3.52321e-06,7.66095,86.4916,4.3315,0.442998,76.2777,0.319324,5.21583,0.00432241,0.319324,2.11002,0.0772022,-0.290756,0.535894,0.00809583,-0.916291,0.00798315,0.00799553,0.00760296,0.00434213,-0.916291,0.00660685,1.83482,1.10233,0.000552907,0.15288,0.000798315,0.00133259,0.000319324,0.000703535,0.15288,2.07099,5.7345e-07,3.32945,0.323647
2075.3750,296.32,294.532,3.00522,0.123488,1.83367,0.00970611,0.00491984,0.0019443,0.00478627,1.72505e-07,3.05515e-05,0.000854841,4.54339e-09,6.34587e-07,5.80729e-07,1.01135e-17,2.43827e-05,4.60822e-05,5.79991e-08,1.29783e-21,2.33803e-06,3.40268e-06,7.77267,86.5832,4.37316,0.421662,76.2809,0.338762,5.24472,0.00491256,0.338762,2.10794,0.0782278,-0.290424,0.535284,0.00766193,-0.915935,0.00846909,0.00803604,0.00806576,0.00433777,-0.915935,0.00668169,1.83484,1.1023,0.000523972,0.152885,0.000846909,0.00133934,0.000338762,0.000702841,0.152885,2.22092,6.3913e-07,3.39952,0.343674
2075.4583,297.557,296.604,3.19083,0.154786,1.86166,0.00979793,0.00555461,0.00243979,0.00424332,1.80161e-07,3.13641e-05,0.000887938,6.36111e-09,7.09146e-07,3.73906e-06,1.02867e-17,3.54236e-05,4.91614e-05,4.12189e-07,1.32132e-21,3.07343e-06,3.63064e-06,7.87344,86.6581,4.41402,0.398492,76.283,0.357583,5.27337,0.00546496,0.357583,2.10321,0.0792367,-0.290164,0.534702,0.00721178,-0.915642,0.00893963,0.00807644,0.00851389,0.00432798,-0.915642,0.00675544,1.83486,1.10228,0.000491325,0.152885,0.000893963,0.00134607,0.000357583,0.000701262,0.152885,2.62741,7.15507e-07,3.45942,0.363048
2075.5417,292.96,292.735,3.32873,0.187571,1.40241,0.00813043,0.00522441,0.00263659,0.00290602,1.41149e-07,2.65807e-05,0.000912395,3.27657e-09,7.65446e-07,1.19034e-05,1.01455e-17,4.49522e-05,4.00174e-05,1.51145e-06,1.30454e-21,3.39298e-06,2.96829e-06,7.94567,86.7025,4.44523,0.377737,76.2821,0.371442,5.29593,0.00584566,0.371442,2.09699,0.0799928,-0.290032,0.534435,0.00681182,-0.915586,0.00928609,0.00810861,0.00884385,0.00431517,-0.915586,0.00681094,1.83489,1.10228,0.000462549,0.152877,0.000928609,0.00135144,0.000371442,0.00069919,0.152877,2.01261,7.68722e-07,3.50044,0.377288
2075.6250,287.4,287.583,3.38252,0.225381,0.521501,0.00415311,0.00408922,0.00253538,6.38856e-05,5.29331e-08,1.27741e-05,0.000922037,5.84006e-10,7.78387e-07,1.61413e-05,9.84732e-18,4.84924e-05,1.6758e-05,2.61363e-06,1.26724e-21,3.29914e-06,1.27998e-06,7.96993,86.6986,4.45934,0.359757,76.2787,0.376817,5.30729,0.00595507,0.376817,2.09022,0.0803002,-0.289971,0.53473,0.00646093,-0.915764,0.00942048,0.00812535,0.00897184,0.00430125,-0.915764,0.0068339,1.83491,1.10232,0.000438379,0.152862,0.000942048,0.00135423,0.000376817,0.000696934,0.152862,1.04174,7.78971e-07,3.51058,0.382772
2075.7083,274.056,275.076,1.85435,0.262859,0.0953101,0.000724266,0.00217261,0.00142167,-0.00144834,3.08418e-09,1.06198e-06,0.000911537,8.70204e-12,7.55375e-07,4.26519e-06,9.63842e-18,2.92894e-05,3.25489e-06,8.40201e-07,1.24109e-21,1.80925e-06,3.02005e-07,7.92906,86.6409,4.44995,0.35131,76.2745,0.370683,5.30306,0.00571001,0.370683,2.08601,0.0799881,-0.29,0.535467,0.00629374,-0.916041,0.00926712,0.00812047,0.00882579,0.00429262,-0.916041,0.00681192,1.83494,1.1024,0.000427971,0.152847,0.000926712,0.00135341,0.000370683,0.000695529,0.152847,0.551439,7.55383e-07,3.47911,0.376393
2075.7917,269.064,269.501,0,0.192502,0,0,0.00130656,0.000145925,-0.00130656,0,0,0.000895455,0,7.19011e-07,3.97477e-24,1.04137e-17,3.7812e-06,2.35739e-06,1.06022e-24,1.33999e-21,1.5276e-07,2.35739e-07,7.8797,86.621,4.43387,0.376094,76.2734,0.361371,5.29425,0.00537768,0.361371,2.0918,0.0795031,-0.289631,0.535885,0.00680277,-0.916126,0.00903431,0.00810914,0.00860406,0.0043047,-0.916126,0.0067774,1.83496,1.10242,0.000464054,0.152844,0.000903431,0.00135152,0.000361371,0.00069746,0.152844,0.353601,7.19011e-07,3.44583,0.366748
2075.8750,269.899,270.136,0,0.192494,0,0,0.00121239,0.000137689,-0.00121239,0,0,0.000879703,0,6.7557e-07,6.05361e-43,1.06134e-17,2.18227e-06,2.29794e-06,2.42425e-43,1.3647e-21,1.16076e-07,2.29794e-07,7.83635,86.6206,4.41795,0.41037,76.2736,0.352256,5.28541,0.00506372,0.352256,2.1003,0.0790258,-0.289243,0.536016,0.00751227,-0.916119,0.00880645,0.00809764,0.00838706,0.00432237,-0.916119,0.00674339,1.83498,1.10242,0.000513148,0.152845,0.000880645,0.00134961,0.000352256,0.000700294,0.152845,0.174555,6.7557e-07,3.4184,0.35732
2075.9583,270.17,270.383,0,0.192494,0,0,0.0011614,0.000143923,-0.0011614,0,0,0.000864087,0,6.35471e-07,0,1.06514e-17,1.52543e-06,2.23904e-06,0,1.36859e-21,1.05855e-07,2.23904e-07,7.79242,86.6193,4.40203,0.443633,76.2743,0.343228,5.27644,0.00476334,0.343228,2.10894,0.0785505,-0.288858,0.536116,0.00820049,-0.916065,0.00858074,0.00808584,0.00817209,0.00434028,-0.916065,0.00670946,1.835,1.10242,0.000560964,0.152847,0.000858074,0.00134764,0.000343228,0.000703174,0.152847,0.254333,6.35471e-07,3.39039,0.347991
2076.0417,269.895,270.049,0,0.192494,0,0,0.00117191,0.000136959,-0.00117191,0,0,0.000849584,0,5.98833e-07,0,1.07392e-17,8.54097e-07,2.18438e-06,0,1.37895e-21,8.96732e-08,2.18438e-07,7.75198,86.6186,4.38709,0.474179,76.2753,0.334849,5.26792,0.00449393,0.334849,2.11717,0.0781069,-0.288501,0.536191,0.00883282,-0.915989,0.00837127,0.00807452,0.0079726,0.0043573,-0.915989,0.00667776,1.83502,1.10242,0.000604984,0.15285,0.000837128,0.00134575,0.000334849,0.000705916,0.15285,0.185967,5.98833e-07,3.36488,0.339343
2076.1250,270.041,270.155,0,0.192494,0,0,0.00119431,0.00013914,-0.00119431,0,0,0.000835431,0,5.63388e-07,0,1.07639e-17,5.09747e-07,2.13108e-06,0,1.38122e-21,8.42897e-08,2.13108e-07,7.71104,86.6167,4.37238,0.503764,76.2765,0.326679,5.25941,0.00424,0.326679,2.12539,0.0776719,-0.288152,0.53625,0.00944584,-0.915894,0.00816701,0.00806313,0.00777807,0.00437429,-0.915894,0.00664663,1.83505,1.10243,0.000647703,0.152854,0.000816701,0.00134385,0.000326679,0.000708658,0.152854,0.313175,5.63388e-07,3.33866,0.330919
2076.2083,272.771,272.571,0.206282,0.518461,0.0494876,0.000482511,0.00157196,0.00114386,-0.00108944,2.92559e-09,7.51103e-07,0.000821167,6.63353e-14,5.45844e-07,4.22337e-05,1.02167e-17,-2.16671e-05,2.82052e-06,2.53851e-06,1.31137e-21,7.39672e-07,2.61588e-07,7.66428,86.6004,4.35741,0.51816,76.2851,0.318451,5.25065,0.00399283,0.318451,2.13283,0.0772316,-0.288213,0.535618,0.00972064,-0.915172,0.00796131,0.00805129,0.00758216,0.00438959,-0.915172,0.00661507,1.83507,1.10243,0.000666135,0.152878,0.000796131,0.00134188,0.000318451,0.000711135,0.152878,0.79124,5.45844e-07,3.30687,0.322444
2076.2917,285.001,283.753,2.79363,0.304043,1.33566,0.00998575,0.00366168,0.00362405,0.00632407,1.3288e-07,2.4474e-05,0.00081888,8.04145e-10,5.64957e-07,4.92461e-05,8.30314e-18,3.63726e-05,3.53958e-05,8.25401e-06,1.07139e-21,4.08805e-06,2.63082e-06,7.66411,86.5629,4.35729,0.460664,76.3084,0.31704,5.25233,0.00399675,0.31704,2.12972,0.0772149,-0.289894,0.533251,0.00842994,-0.913173,0.00792605,0.00805386,0.00754858,0.00438302,-0.913173,0.00661426,1.83509,1.10248,0.000579137,0.15294,0.000792605,0.00134231,0.00031704,0.000710101,0.15294,1.83323,5.65761e-07,3.30682,0.321037
2076.3750,291.749,290.664,2.95522,0.184085,2.20247,0.0139512,0.00524758,0.00286568,0.00870365,2.51012e-07,4.01131e-05,0.000848335,4.31007e-09,6.35118e-07,8.95851e-06,8.62621e-18,4.81993e-05,6.56812e-05,1.4599e-06,1.11587e-21,3.61284e-06,4.84291e-06,7.8014,86.6411,4.39713,0.407144,76.3115,0.333645,5.28254,0.00463991,0.333645,2.12112,0.078311,-0.290257,0.53252,0.00733838,-0.912792,0.00834117,0.00809604,0.00794394,0.00436509,-0.912792,0.00669456,1.83511,1.10249,0.000505852,0.152942,0.000834118,0.00134934,0.000333645,0.000707232,0.152942,2.65437,6.39428e-07,3.40427,0.338285
2076.4583,294.157,293.276,3.16371,0.265561,1.55481,0.0111021,0.00580417,0.00363683,0.00529795,1.9148e-07,3.36511e-05,0.000885956,4.80535e-09,7.16938e-07,6.30892e-05,8.4582e-18,7.05387e-05,5.21774e-05,9.13408e-06,1.09602e-21,4.79655e-06,3.86102e-06,7.96307,86.7602,4.44771,0.375031,76.3086,0.35485,5.32073,0.00542134,0.35485,2.11352,0.0796658,-0.290666,0.53154,0.00669745,-0.912919,0.0088713,0.00814959,0.00844881,0.00434935,-0.912919,0.00679388,1.83513,1.10247,0.000462719,0.152929,0.00088713,0.00135826,0.00035485,0.0007047,0.152929,2.63818,7.21743e-07,3.51536,0.360272
2076.5417,292.812,292.584,3.2969,0.274263,1.32961,0.00856859,0.00562717,0.00359717,0.00294142,1.36633e-07,2.61666e-05,0.000909882,3.24014e-09,7.77083e-07,6.35054e-05,7.96725e-18,8.57241e-05,3.85386e-05,9.04893e-06,1.03718e-21,4.94789e-06,2.86887e-06,8.05615,86.7814,4.48165,0.3314,76.2961,0.368256,5.34742,0.00589899,0.368256,2.09785,0.0805345,-0.292487,0.530644,0.00583807,-0.91382,0.00920644,0.00818746,0.008768,0.00431694,-0.91382,0.00685785,1.83515,1.10253,0.000404405,0.152887,0.000920644,0.00136458,0.000368256,0.000699476,0.152887,1.9492,7.80323e-07,3.5745,0.374155
2076.6250,288.131,288.148,3.33148,0.244322,0.81201,0.00474634,0.00449616,0.0027449,0.000250187,5.83128e-08,1.40674e-05,0.000916319,6.10844e-10,7.89256e-07,2.63554e-05,7.91116e-18,6.79641e-05,1.80624e-05,3.65111e-06,1.03174e-21,3.74387e-06,1.37731e-06,8.07938,86.7577,4.49383,0.309346,76.2827,0.371721,5.35875,0.00600693,0.371721,2.08629,0.0808063,-0.293546,0.530809,0.00540818,-0.914862,0.00929306,0.00820418,0.0088505,0.00429311,-0.914862,0.00687836,1.83518,1.10261,0.000375635,0.152847,0.000929306,0.00136736,0.000371721,0.000695625,0.152847,1.14907,7.89867e-07,3.58555,0.377728
2076.7083,275.384,276.483,1.53024,0.26725,0.0796422,0.000650685,0.00225244,0.0013893,-0.00160175,1.37056e-09,5.81211e-07,0.000906116,8.25293e-12,7.65526e-07,4.61881e-06,8.10572e-18,3.63008e-05,2.75251e-06,7.03699e-07,1.05659e-21,1.84816e-06,2.64949e-07,8.03868,86.6978,4.48513,0.304815,76.2734,0.365741,5.35522,0.00577615,0.365741,2.08091,0.0805173,-0.293572,0.531914,0.00532508,-0.91561,0.00914356,0.00820028,0.00870811,0.00428206,-0.91561,0.00685806,1.8352,1.10269,0.000370575,0.15282,0.000914356,0.00136671,0.000365741,0.000693829,0.15282,0.495157,7.65535e-07,3.55354,0.371517
2076.7917,268.426,269.276,0,0.186853,0,0,0.00135502,0.000284359,-0.00135502,0,0,0.000890193,0,7.24944e-07,2.82124e-11,8.64999e-18,8.67618e-06,2.3258e-06,6.52624e-12,1.12622e-21,3.41666e-07,2.3258e-07,7.98812,86.6749,4.46906,0.329663,76.2705,0.356527,5.34629,0.00543925,0.356527,2.08663,0.0800348,-0.293207,0.532505,0.00583211,-0.915873,0.00891322,0.0081888,0.00848874,0.00429401,-0.915873,0.00682368,1.83522,1.10271,0.000407058,0.152813,0.000891322,0.0013648,0.000356527,0.000695735,0.152813,0.271647,7.24944e-07,3.51906,0.361966
2076.8750,267.805,268.268,0,0.185878,0,0,0.0011157,5.21558e-05,-0.0011157,0,0,0.000874641,0,6.78853e-07,3.38465e-33,9.35188e-18,1.96631e-06,2.26714e-06,8.74707e-34,1.21664e-21,6.10218e-08,2.26714e-07,7.94466,86.6743,4.4532,0.364545,76.2699,0.347535,5.33737,0.0051217,0.347535,2.09517,0.0795613,-0.292823,0.532681,0.00655596,-0.915933,0.00868843,0.00817718,0.00827465,0.00431177,-0.915933,0.0067899,1.83524,1.10272,0.000456639,0.152812,0.000868843,0.00136286,0.000347535,0.000698584,0.152812,0.123945,6.78853e-07,3.49147,0.352657
2076.9583,266.999,267.477,0,0.185878,0,0,0.000978476,4.61545e-05,-0.000978476,0,0,0.000859223,0,6.30862e-07,3.62936e-43,9.62884e-18,1.32764e-06,2.20903e-06,1.20512e-43,1.2518e-21,4.45468e-08,2.20903e-07,7.90347,86.6783,4.43732,0.401018,76.2697,0.338628,5.32831,0.00481788,0.338628,2.10414,0.0790896,-0.292442,0.532775,0.00731713,-0.915954,0.00846574,0.00816527,0.00806256,0.00433036,-0.915954,0.00675619,1.83527,1.10272,0.000508189,0.152812,0.000846574,0.00136088,0.000338628,0.000701572,0.152812,0.0796471,6.30862e-07,3.46615,0.343446
2077.0417,268.564,268.763,0,0.185878,0,0,0.00122211,3.93576e-05,-0.00122211,0,0,0.000844904,0,5.89447e-07,0,1.00254e-17,6.91098e-07,2.15511e-06,0,1.30253e-21,2.88451e-08,2.15511e-07,7.86386,86.6812,4.42243,0.434873,76.2698,0.330361,5.3197,0.00454538,0.330361,2.11267,0.0786494,-0.29209,0.532843,0.00802454,-0.915955,0.00825908,0.00815384,0.00786575,0.00434801,-0.915955,0.0067247,1.83529,1.10272,0.000556107,0.152812,0.000825908,0.00135897,0.000330362,0.000704416,0.152812,0.135188,5.89447e-07,3.44143,0.334907
2077.1250,270.194,270.312,0,0.185878,0,0,0.0012677,4.31644e-05,-0.0012677,0,0,0.000830929,0,5.60015e-07,0,1.00416e-17,5.28928e-07,2.10252e-06,0,1.30381e-21,2.6478e-08,2.10252e-07,7.81895,86.6778,4.40776,0.467731,76.27,0.3223,5.31111,0.00428855,0.3223,2.12119,0.0782177,-0.291746,0.5329,0.00871178,-0.915941,0.00805755,0.00814234,0.00767382,0.00436561,-0.915941,0.00669376,1.83531,1.10272,0.000602746,0.152813,0.000805755,0.00135706,0.0003223,0.000707257,0.152813,0.368805,5.60015e-07,3.41119,0.326589
2077.2083,273.995,273.46,0.967931,0.483392,0.232528,0.00193263,0.00179817,0.00176392,0.000134461,1.20889e-08,2.98287e-06,0.000817083,3.07277e-12,5.37448e-07,5.60941e-05,9.32488e-18,-2.86688e-05,5.07098e-06,5.71203e-06,1.21138e-21,1.14967e-06,4.24685e-07,7.77321,86.6596,4.39316,0.477116,76.2811,0.314317,5.3025,0.00404406,0.314317,2.1281,0.0777896,-0.291873,0.532088,0.00887696,-0.915007,0.00785798,0.00813072,0.00748375,0.00437984,-0.915007,0.00666305,1.83533,1.10272,0.000612403,0.152844,0.000785798,0.00135512,0.000314317,0.000709562,0.152844,0.680325,5.37451e-07,3.38005,0.318361
2077.2917,286.939,285.389,2.76883,0.280426,1.69791,0.0106615,0.00407774,0.00338291,0.00658371,1.52641e-07,2.78516e-05,0.000817634,1.20922e-09,5.6253e-07,3.75234e-05,7.68946e-18,4.4993e-05,3.96136e-05,6.38518e-06,1.00425e-21,3.93554e-06,2.94523e-06,7.78938,86.6274,4.39758,0.409393,76.3058,0.314475,5.30805,0.00413401,0.314475,2.12283,0.0779,-0.293564,0.529686,0.0073845,-0.912903,0.00786191,0.00813866,0.00748749,0.00436877,-0.912903,0.00667156,1.83535,1.10277,0.000512186,0.15291,0.000786191,0.00135644,0.000314475,0.000707804,0.15291,2.17915,5.63739e-07,3.39179,0.318609
2077.3750,294.017,292.767,2.93136,0.223115,2.29852,0.0146847,0.00583244,0.00338207,0.00885231,2.64294e-07,4.22279e-05,0.000847572,6.28489e-09,6.51945e-07,2.50697e-05,7.82344e-18,6.38105e-05,6.78584e-05,3.32648e-06,1.02373e-21,4.33324e-06,5.01471e-06,7.94212,86.7241,4.44139,0.363107,76.3054,0.331204,5.34325,0.00488303,0.331204,2.1135,0.0790886,-0.293922,0.529044,0.00645102,-0.912855,0.00828014,0.00818782,0.0078858,0.00434935,-0.912855,0.0067589,1.83537,1.10277,0.000448872,0.152905,0.000828014,0.00136464,0.000331204,0.000704693,0.152905,3.13843,6.5823e-07,3.50073,0.336087
2077.4583,294.721,294.141,3.16126,0.274659,2.026,0.0130959,0.00628681,0.00370939,0.00680906,2.31778e-07,3.89833e-05,0.000889389,6.70855e-09,7.59926e-07,6.80189e-05,7.66845e-18,8.58478e-05,6.1922e-05,9.39977e-06,1.0059e-21,4.99268e-06,4.58458e-06,8.13902,86.8573,4.50161,0.322278,76.2961,0.354599,5.39112,0.00587048,0.354599,2.09994,0.0806668,-0.294832,0.528068,0.00564908,-0.913536,0.00886502,0.00825489,0.00844284,0.00432127,-0.913536,0.00687491,1.83539,1.10277,0.000393734,0.152875,0.000886502,0.00137582,0.000354599,0.000700172,0.152875,2.98653,7.66635e-07,3.6374,0.36047
2077.5417,293.406,292.959,3.30496,0.255712,1.64128,0.00903421,0.00588833,0.00327393,0.00314588,1.42695e-07,2.77596e-05,0.000915441,3.35576e-09,8.21207e-07,4.83452e-05,7.41866e-18,8.47583e-05,3.99596e-05,6.62448e-06,9.7633e-22,4.47473e-06,2.98018e-06,8.25585,86.9135,4.54148,0.292036,76.2805,0.369064,5.42415,0.00646512,0.369064,2.08509,0.081656,-0.296486,0.527285,0.00506179,-0.91478,0.00922665,0.00830174,0.00878724,0.00429064,-0.91478,0.00694798,1.83541,1.10281,0.000353704,0.152829,0.000922665,0.00138362,0.000369064,0.000695223,0.152829,2.16327,8.24563e-07,3.71437,0.375529
2077.6250,285.724,286.151,3.33779,0.219184,0.651992,0.00426489,0.00406615,0.00228577,0.000198747,4.90054e-08,1.2432e-05,0.000921701,5.41826e-10,8.35926e-07,8.81605e-06,7.56834e-18,5.90477e-05,1.5488e-05,1.39603e-06,9.96025e-22,3.04431e-06,1.19293e-06,8.28272,86.9039,4.55517,0.279238,76.2669,0.372351,5.43767,0.00659125,0.372351,2.07502,0.0819442,-0.296944,0.527935,0.00481599,-0.915909,0.00930883,0.00832169,0.00886551,0.00426995,-0.915909,0.00696984,1.83544,1.10287,0.000337214,0.152791,0.000930883,0.00138695,0.000372351,0.000691865,0.152791,0.96152,8.36468e-07,3.72755,0.378943
2077.7083,279.036,279.737,2.7698,0.238393,0.170966,0.00119961,0.00287749,0.00181888,-0.00167788,4.77668e-09,1.68343e-06,0.000910378,1.63929e-11,8.0327e-07,1.03747e-05,7.53652e-18,4.53793e-05,3.65532e-06,1.69987e-06,9.9102e-22,2.35763e-06,3.30488e-07,8.23802,86.8446,4.54537,0.277512,76.2588,0.365723,5.43355,0.00631655,0.365723,2.07029,0.0816207,-0.296821,0.529115,0.00478715,-0.916604,0.00914311,0.00831718,0.00870769,0.00426033,-0.916604,0.00694704,1.83546,1.10294,0.000335286,0.152769,0.000914311,0.0013862,0.000365723,0.00069029,0.152769,0.572293,8.03286e-07,3.69265,0.372039
2077.7917,268.992,269.785,0,0.155134,0,0,0.00144402,0.000297265,-0.00144402,0,0,0.000894563,0,7.64384e-07,3.93398e-09,8.00977e-18,1.03718e-05,2.3261e-06,9.20947e-10,1.05232e-21,3.71557e-07,2.3261e-07,8.18379,86.808,4.52935,0.296284,76.2544,0.356574,5.42461,0.00595067,0.356574,2.07352,0.0811403,-0.296602,0.529817,0.00517141,-0.916998,0.00891439,0.00830588,0.00848986,0.00426718,-0.916998,0.0069128,1.83548,1.10297,0.000362853,0.152759,0.000891439,0.00138431,0.000356574,0.000691368,0.152759,0.341807,7.64384e-07,3.65444,0.362525
2077.8750,270.475,270.795,0,0.154856,0,0,0.00134934,0.000196142,-0.00134934,0,0,0.000879001,0,7.23755e-07,3.24942e-17,8.25358e-18,5.04604e-06,2.26744e-06,8.12886e-18,1.08332e-21,2.00626e-07,2.26744e-07,8.13526,86.8002,4.51339,0.329376,76.2537,0.347581,5.41555,0.00560326,0.347581,2.08194,0.0806649,-0.296217,0.530062,0.00585189,-0.91708,0.00868956,0.00829426,0.00827573,0.00428473,-0.91708,0.00687886,1.83551,1.10298,0.000410193,0.152757,0.000868957,0.00138238,0.000347581,0.000694174,0.152757,0.435452,7.23755e-07,3.62187,0.353184
2077.9583,267.387,267.923,0,0.154856,0,0,0.00117679,0.000103508,-0.00117679,0,0,0.000863574,0,6.88938e-07,1.22934e-29,8.67801e-18,2.2165e-06,2.20932e-06,3.04319e-30,1.13804e-21,9.47402e-08,2.20932e-07,8.09017,86.7973,4.49741,0.362719,76.2537,0.338672,5.40636,0.00527088,0.338672,2.0907,0.0801913,-0.295835,0.530223,0.0065398,-0.917092,0.00846685,0.00828233,0.00806362,0.00430294,-0.917092,0.006845,1.83553,1.10298,0.000457774,0.152758,0.000846685,0.00138039,0.000338672,0.000697092,0.152758,0.540318,6.88938e-07,3.59277,0.343943
2078.0417,269.365,269.576,0,0.154856,0,0,0.00127769,7.14753e-05,-0.00127769,0,0,0.000849246,0,6.5905e-07,0,9.04757e-18,1.00198e-06,2.15539e-06,0,1.18568e-21,5.27888e-08,2.15539e-07,8.04643,86.7952,4.48242,0.395624,76.2539,0.330405,5.39763,0.00497276,0.330405,2.09926,0.0797493,-0.29548,0.530308,0.00722364,-0.917082,0.00826016,0.00827089,0.00786678,0.0043207,-0.917082,0.00681336,1.83555,1.10298,0.000504355,0.152759,0.000826016,0.00137848,0.000330405,0.000699946,0.152759,0.229814,6.5905e-07,3.56401,0.335378
2078.1250,269.808,269.947,0.140353,0.182132,0.0103723,8.91128e-05,0.00137995,0.000288622,-0.00129084,0,0,0.000835263,0,6.26216e-07,4.64255e-06,9.14902e-18,-9.11123e-06,2.1028e-06,2.39348e-07,1.19819e-21,1.03199e-07,2.1028e-07,7.99998,86.7893,4.46766,0.426802,76.2548,0.322343,5.38891,0.00469177,0.322343,2.1078,0.0793157,-0.295144,0.530345,0.00787157,-0.917015,0.00805861,0.00825935,0.00767482,0.00433839,-0.917015,0.00678228,1.83557,1.10299,0.000548476,0.152762,0.000805861,0.00137656,0.000322343,0.000702793,0.152762,0.545837,6.26216e-07,3.53232,0.327034
2078.2083,278.349,277.177,2.64019,0.302984,0.558725,0.00473809,0.00253594,0.00259233,0.00220215,3.18014e-08,8.35693e-06,0.000822927,1.63809e-11,6.14222e-07,4.23507e-05,8.15544e-18,3.20776e-06,1.00157e-05,4.15294e-06,1.07041e-21,2.35744e-06,7.8634e-07,7.95761,86.7437,4.45517,0.397439,76.2781,0.315208,5.38196,0.00446429,0.315208,2.11056,0.078947,-0.295898,0.528675,0.00720487,-0.915069,0.00788025,0.00825016,0.00750496,0.00434405,-0.915069,0.00675589,1.83559,1.10301,0.000501345,0.152827,0.000788025,0.00137503,0.000315208,0.000703714,0.152827,0.943625,6.14238e-07,3.50244,0.319672
2078.2917,288.608,287.22,2.78679,0.245827,1.63517,0.0103287,0.00443641,0.00304437,0.00589225,1.53495e-07,2.9048e-05,0.000825329,1.80373e-09,6.39296e-07,1.85044e-05,7.32004e-18,5.29697e-05,3.96346e-05,2.79579e-06,9.62776e-22,3.70819e-06,2.95687e-06,7.98933,86.7342,4.46374,0.35612,76.2841,0.316333,5.39164,0.00462494,0.316333,2.10463,0.0791622,-0.296235,0.528509,0.00632034,-0.914558,0.00790838,0.00826399,0.00753175,0.00433166,-0.914558,0.00677219,1.83561,1.10306,0.000442312,0.152843,0.000790838,0.00137733,0.000316333,0.000701736,0.152843,2.20432,6.411e-07,3.52558,0.320958
2078.3750,294.689,293.551,2.92648,0.195373,2.43055,0.0144183,0.00603252,0.00293607,0.00838574,2.5526e-07,4.23889e-05,0.000851423,6.63501e-09,7.2347e-07,1.06536e-05,7.58957e-18,6.1588e-05,6.49737e-05,1.34163e-06,9.99091e-22,3.76862e-06,4.81996e-06,8.1391,86.834,4.50662,0.319948,76.2798,0.330706,5.42869,0.00539006,0.330706,2.09521,0.0802892,-0.296331,0.528354,0.00560164,-0.914888,0.0082677,0.00831589,0.00787396,0.0043121,-0.914888,0.00685543,1.83563,1.10306,0.000392766,0.152829,0.00082677,0.00138598,0.000330706,0.000698595,0.152829,3.07685,7.30105e-07,3.63248,0.336096
2078.4583,297.472,296.344,3.11826,0.170202,2.32286,0.0125787,0.0065528,0.00248718,0.00602594,2.16323e-07,3.81266e-05,0.000886826,7.49159e-09,8.20293e-07,9.42395e-06,7.96761e-18,5.21464e-05,5.67578e-05,1.17793e-06,1.04847e-21,3.19188e-06,4.21993e-06,8.32808,86.9909,4.56346,0.301379,76.2735,0.350252,5.47717,0.00636433,0.350252,2.08795,0.0817275,-0.296147,0.527978,0.00524261,-0.915392,0.00875634,0.00838398,0.00833933,0.00429716,-0.915392,0.00696167,1.83565,1.10302,0.000367559,0.152811,0.000875634,0.00139733,0.000350252,0.000696176,0.152811,3.07914,8.27785e-07,3.76463,0.356616
2078.5417,292.347,292.154,3.23456,0.169238,1.5002,0.00873149,0.00559953,0.00222525,0.00313196,1.35358e-07,2.7264e-05,0.000908346,2.95214e-09,8.79746e-07,8.1455e-06,8.03453e-18,5.09262e-05,3.72344e-05,1.17865e-06,1.0575e-21,2.86979e-06,2.78885e-06,8.43505,87.0675,4.60097,0.286761,76.2658,0.361998,5.51067,0.00694366,0.361998,2.07989,0.0826173,-0.296234,0.527907,0.0049683,-0.916007,0.00904999,0.00843165,0.00861899,0.00428064,-0.916007,0.00702776,1.83567,1.10302,0.000347665,0.152789,0.000904999,0.00140527,0.000361998,0.000693489,0.152789,1.89188,8.82699e-07,3.83408,0.368941
2078.6250,287.335,287.503,3.25563,0.126014,0.724278,0.00448702,0.00423552,0.00140168,0.0002515,5.41884e-08,1.38801e-05,0.000912678,5.28598e-10,8.76133e-07,3.62969e-09,8.28348e-18,2.75435e-05,1.64852e-05,1.21326e-09,1.08931e-21,1.69702e-06,1.26781e-06,8.46195,87.091,4.61389,0.2889,76.2621,0.364118,5.52471,0.0070571,0.364118,2.07811,0.0828664,-0.29587,0.528296,0.00501867,-0.916328,0.00910298,0.0084525,0.00866947,0.0042772,-0.916328,0.00704688,1.8357,1.10303,0.000350797,0.152779,0.000910298,0.00140875,0.000364118,0.000692897,0.152779,0.867376,8.76662e-07,3.84806,0.371175
2078.7083,275.586,276.482,1.29557,0.184249,0.069723,0.000613114,0.0023108,0.00110411,-0.00169768,1.5749e-09,7.74255e-07,0.000901622,4.00671e-12,8.4068e-07,1.00158e-06,8.24915e-18,1.92842e-05,2.74434e-06,2.3668e-07,1.08407e-21,1.26657e-06,2.63003e-07,8.41803,87.0571,4.60461,0.298074,76.2614,0.357633,5.52108,0.00676899,0.357633,2.07966,0.0825545,-0.295516,0.528842,0.00520511,-0.916398,0.00894086,0.00844884,0.00851506,0.00428062,-0.916398,0.00702492,1.83572,1.10307,0.000363271,0.152777,0.000894086,0.00140814,0.000357633,0.000693411,0.152777,0.57385,8.40684e-07,3.81342,0.364402
2078.7917,271.186,271.623,0,0.248361,0,0,0.00136309,0.000402358,-0.00136309,0,0,0.000886052,0,7.93994e-07,1.25864e-10,8.36357e-18,8.74167e-06,2.27433e-06,3.76562e-11,1.09818e-21,4.29721e-07,2.27433e-07,8.36524,87.0297,4.58857,0.317722,76.2616,0.348637,5.51192,0.00637486,0.348637,2.08512,0.0820772,-0.295156,0.529273,0.00560123,-0.916399,0.00871598,0.00843736,0.00830089,0.00429214,-0.916399,0.00699083,1.83574,1.10309,0.000391406,0.152779,0.000871598,0.00140623,0.000348637,0.000695233,0.152779,0.157427,7.93994e-07,3.77667,0.355012
2078.8750,271.452,271.652,0,0.234197,0,0,0.00135461,0.000364467,-0.00135461,0,0,0.000870818,0,7.38356e-07,2.82766e-23,8.39759e-18,5.34912e-06,2.21697e-06,8.34515e-24,1.10159e-21,3.35538e-07,2.21697e-07,8.32003,87.0203,4.5727,0.344998,76.2622,0.339845,5.50271,0.00600268,0.339845,2.09312,0.0816079,-0.294777,0.52952,0.00615497,-0.916369,0.00849616,0.00842568,0.00809154,0.00430887,-0.916369,0.00695727,1.83576,1.1031,0.000430778,0.152781,0.000849616,0.00140428,0.000339845,0.0006979,0.152781,0.219695,7.38356e-07,3.74734,0.345847
2078.9583,268.961,269.347,0,0.234197,0,0,0.00112735,0.000259646,-0.00112735,0,0,0.000855714,0,6.91791e-07,1.84938e-25,8.54594e-18,2.50589e-06,2.16015e-06,5.28806e-26,1.12002e-21,2.19986e-07,2.16015e-07,8.27425,87.0106,4.5568,0.371083,76.2639,0.331134,5.49337,0.0056466,0.331134,2.10139,0.0811401,-0.294403,0.529692,0.00668492,-0.916246,0.00827839,0.00841369,0.00788414,0.0043261,-0.916246,0.00692377,1.83579,1.10311,0.000468279,0.152787,0.000827839,0.00140228,0.000331134,0.000700655,0.152787,0.14018,6.91791e-07,3.71745,0.336781
2079.0417,270.361,270.492,0,0.234219,0,0,0.0013699,0.000149692,-0.0013699,0,0,0.000841687,0,6.50266e-07,0,8.73057e-18,3.95942e-07,2.10742e-06,0,1.14338e-21,1.05134e-07,2.10742e-07,8.23071,87.0054,4.54189,0.399737,76.2652,0.323051,5.4845,0.00532724,0.323051,2.1098,0.0807035,-0.294055,0.52977,0.0072759,-0.916148,0.00807631,0.00840217,0.00769169,0.00434359,-0.916148,0.00689246,1.83581,1.10311,0.000508786,0.152791,0.000807631,0.00140036,0.000323051,0.000703459,0.152791,0.281495,6.50266e-07,3.68881,0.328378
2079.1250,270.843,270.911,0,0.293423,0,0,0.00141538,0.00031073,-0.00141538,0,0,0.000827997,0,6.16657e-07,9.06544e-09,8.72499e-18,-5.39708e-06,2.056e-06,5.32652e-10,1.14187e-21,1.72959e-07,2.056e-07,8.18319,86.9956,4.5272,0.426908,76.2673,0.315168,5.47564,0.00502622,0.315168,2.11826,0.0802753,-0.29372,0.52979,0.00783613,-0.915982,0.00787925,0.00839055,0.007504,0.00436114,-0.915982,0.0068617,1.83583,1.10311,0.000547068,0.152797,0.000787925,0.00139842,0.000315168,0.000706279,0.152797,0.410969,6.16657e-07,3.656,0.320194
2079.2083,276.186,275.615,1.41671,0.524387,0.309115,0.00294382,0.00219045,0.00214989,0.000753363,1.76197e-08,4.76482e-06,0.000814887,7.06472e-12,6.00058e-07,6.84722e-05,7.79006e-18,3.23626e-06,6.34848e-06,6.43799e-06,1.02184e-21,1.96695e-06,5.17214e-07,8.13331,86.9574,4.51323,0.419365,76.2817,0.307616,5.46731,0.00475122,0.307616,2.12303,0.0798663,-0.294566,0.528337,0.00764115,-0.914782,0.00769044,0.00837956,0.00732419,0.004371,-0.914782,0.00683231,1.83585,1.10313,0.000532712,0.152837,0.000769044,0.00139659,0.000307616,0.00070787,0.152837,0.888068,6.00065e-07,3.62007,0.312367
2079.2917,288.354,287.015,2.7148,0.203349,1.71612,0.0105318,0.00436079,0.00274367,0.00617098,1.50227e-07,2.82959e-05,0.000817487,1.72306e-09,6.25781e-07,6.70814e-06,7.40224e-18,4.40386e-05,3.82746e-05,1.14755e-06,9.74586e-22,3.27307e-06,2.85542e-06,8.15591,86.9395,4.52166,0.374032,76.2912,0.308873,5.47663,0.00489094,0.308873,2.11836,0.0800227,-0.295591,0.527336,0.00666399,-0.913975,0.00772187,0.00839297,0.00735412,0.00436125,-0.913975,0.00684423,1.83587,1.10318,0.000467851,0.152863,0.000772187,0.00139883,0.000308873,0.000706313,0.152863,2.17987,6.27504e-07,3.63425,0.313764
2079.3750,295.888,294.584,2.86312,0.180653,2.69006,0.0142774,0.0061607,0.00291066,0.00811674,2.49055e-07,4.1425e-05,0.000845243,7.55849e-09,7.13879e-07,1.45416e-05,7.71817e-18,5.44153e-05,6.26979e-05,1.67191e-06,1.01687e-21,3.6601e-06,4.65096e-06,8.29088,87.0349,4.56643,0.341541,76.2903,0.324198,5.51491,0.00567101,0.324198,2.11214,0.0810755,-0.295485,0.52709,0.00601193,-0.914011,0.00810498,0.00844666,0.00771899,0.00434836,-0.914011,0.00692195,1.83589,1.10317,0.000423067,0.152859,0.000810498,0.00140778,0.000324198,0.00070424,0.152859,3.39141,7.21438e-07,3.72445,0.329869
2079.4583,294.381,293.707,3.04384,0.137238,1.67849,0.0107851,0.00553431,0.00183979,0.0052508,1.83694e-07,3.4399e-05,0.000878739,4.96265e-09,8.00424e-07,1.99827e-07,8.12932e-18,3.32332e-05,4.82857e-05,2.96607e-08,1.07118e-21,2.27811e-06,3.59545e-06,8.44758,87.1656,4.62001,0.323733,76.287,0.342697,5.56051,0.00656687,0.342697,2.10731,0.0823153,-0.295378,0.526563,0.00566337,-0.914258,0.00856747,0.00851084,0.00815945,0.00433846,-0.914258,0.00701351,1.83591,1.10314,0.00039882,0.152848,0.000856747,0.00141847,0.000342697,0.00070263,0.152848,2.12638,8.05386e-07,3.82757,0.349264
2079.5417,292.113,291.84,3.15255,0.254786,1.04808,0.00823297,0.00557808,0.00311596,0.00265489,1.27425e-07,2.60564e-05,0.000898938,2.66417e-09,8.3269e-07,5.32718e-05,7.79082e-18,6.69087e-05,3.49242e-05,6.26641e-06,1.02776e-21,4.05389e-06,2.61749e-06,8.53907,87.2283,4.65511,0.305803,76.2829,0.353728,5.5918,0.00708835,0.353728,2.10052,0.0830788,-0.295677,0.526148,0.00532151,-0.914549,0.00884323,0.0085555,0.00842209,0.00432457,-0.914549,0.00707023,1.83593,1.10314,0.00037375,0.152835,0.000884323,0.00142592,0.000353728,0.000700365,0.152835,1.90891,8.35354e-07,3.88396,0.360816
2079.6250,286.881,287.052,3.1736,0.261053,0.57385,0.00422939,0.00430456,0.00269474,-7.51689e-05,4.8066e-08,1.26477e-05,0.000903248,4.58347e-10,8.41387e-07,3.29586e-05,7.37379e-18,6.68957e-05,1.48543e-05,4.22989e-06,9.75276e-22,3.57565e-06,1.14686e-06,8.55602,87.2012,4.66754,0.283426,76.2719,0.355855,5.60519,0.00718183,0.355855,2.08981,0.0832868,-0.296885,0.526078,0.00488769,-0.915441,0.00889643,0.00857549,0.00847275,0.00430258,-0.915441,0.00708626,1.83595,1.10321,0.000343925,0.152803,0.000889643,0.00142925,0.000355855,0.000696794,0.152803,1.03135,8.41845e-07,3.88849,0.363037
2079.7083,273.297,274.282,1.57315,0.231941,0.0618778,0.000498671,0.00212336,0.00124927,-0.00162469,8.82293e-10,3.86272e-07,0.000892089,3.11389e-12,8.09323e-07,2.98767e-06,7.47429e-18,2.97578e-05,2.50872e-06,4.11416e-07,9.8823e-22,1.56253e-06,2.44524e-07,8.51074,87.1437,4.65771,0.282141,76.2643,0.349331,5.60089,0.00687451,0.349331,2.08649,0.082959,-0.296957,0.52701,0.00486629,-0.916088,0.00873332,0.00857092,0.00831741,0.00429593,-0.916088,0.00706307,1.83597,1.10328,0.000343101,0.152783,0.000873332,0.00142849,0.000349331,0.000695688,0.152783,0.459479,8.09326e-07,3.85303,0.356206
2079.7917,266.951,267.909,0,0.120785,0,0,0.00136314,0.000164593,-0.00136314,0,0,0.000876824,0,7.64859e-07,2.08326e-10,8.12084e-18,5.70406e-06,2.2214e-06,5.2596e-11,1.07258e-21,2.06104e-07,2.2214e-07,8.45764,87.1172,4.64171,0.304592,76.2627,0.340524,5.59155,0.00647324,0.340524,2.09232,0.0824877,-0.296604,0.527528,0.00532363,-0.916251,0.00851315,0.00855922,0.00810772,0.00430821,-0.916251,0.00702935,1.836,1.10331,0.000375276,0.152779,0.000851315,0.00142654,0.000340524,0.000697632,0.152779,0.291709,7.64859e-07,3.81593,0.346997
2079.8750,269.183,269.535,0,0.0916743,0,0,0.0013064,5.13529e-05,-0.0013064,0,0,0.000861925,0,7.16311e-07,3.68133e-38,8.41596e-18,2.07792e-06,2.16538e-06,1.00067e-38,1.11074e-21,6.04171e-08,2.16538e-07,8.41017,87.1139,4.62594,0.340128,76.2621,0.331936,5.58221,0.00609532,0.331936,2.1015,0.0820253,-0.296233,0.527658,0.0060605,-0.916305,0.00829844,0.00854737,0.00790323,0.00432739,-0.916305,0.00699622,1.83602,1.10331,0.000425249,0.152778,0.000829844,0.00142456,0.000331936,0.000700693,0.152778,0.18565,7.16311e-07,3.78422,0.338031
2079.9583,270.032,270.268,0,0.0916743,0,0,0.00119932,5.20617e-05,-0.00119932,0,0,0.000847154,0,6.71738e-07,9.08041e-42,8.45145e-18,1.74973e-06,2.10988e-06,2.54196e-42,1.11461e-21,5.31382e-08,2.10988e-07,8.36228,87.1105,4.61015,0.375475,76.2618,0.323428,5.57274,0.00573375,0.323428,2.11088,0.0815646,-0.295867,0.527762,0.00679461,-0.916335,0.00808574,0.00853521,0.00770067,0.00434693,-0.916335,0.00696317,1.83604,1.10331,0.000475037,0.152778,0.000808574,0.00142254,0.000323428,0.000703818,0.152778,0.206128,6.71738e-07,3.75213,0.329162
2080.0417,270.585,270.764,0,0.0916743,0,0,0.00124983,5.31397e-05,-0.00124983,0,0,0.000833435,0,6.2927e-07,0,8.50553e-18,1.50994e-06,2.05838e-06,0,1.12097e-21,4.81234e-08,2.05838e-07,8.31929,87.1089,4.59533,0.40814,76.2617,0.315533,5.56374,0.00540945,0.315533,2.11979,0.0811344,-0.295527,0.527851,0.00747359,-0.916351,0.00788837,0.00852352,0.00751269,0.00436545,-0.916351,0.00693226,1.83606,1.10331,0.000521179,0.152778,0.000788837,0.00142059,0.000315533,0.000706788,0.152778,0.149185,6.2927e-07,3.72396,0.320942
2080.1250,270.655,270.822,0,0.0916743,0,0,0.0012316,5.50262e-05,-0.0012316,0,0,0.000820045,0,5.92006e-07,0,8.54126e-18,1.36679e-06,2.00815e-06,0,1.12492e-21,4.55481e-08,2.00815e-07,8.27578,87.106,4.58072,0.439855,76.2617,0.307834,5.55475,0.00510379,0.307834,2.12868,0.0807124,-0.295196,0.527933,0.00813336,-0.916359,0.00769588,0.00851174,0.00732937,0.00438391,-0.916359,0.00690189,1.83608,1.10331,0.000566115,0.152778,0.000769588,0.00141862,0.000307834,0.000709753,0.152778,0.216698,5.92006e-07,3.69507,0.312937
2080.2083,274.836,274.206,0.65047,0.379858,0.305755,0.00200201,0.00206696,0.00175677,-6.49476e-05,1.96679e-08,4.22349e-06,0.000807095,1.44735e-11,5.64203e-07,5.45535e-05,8.07931e-18,-2.76739e-05,6.69555e-06,6.30766e-06,1.06428e-21,1.06703e-06,5.40676e-07,8.22865,87.0874,4.56657,0.451293,76.2712,0.30039,5.54604,0.00481866,0.30039,2.13622,0.0803012,-0.295225,0.527298,0.00834666,-0.91557,0.00750979,0.00850024,0.00715214,0.0043995,-0.91557,0.00687227,1.8361,1.10331,0.000579606,0.152805,0.000750979,0.00141671,0.00030039,0.000712265,0.152805,0.697023,5.64217e-07,3.66208,0.305209
2080.2917,287.436,286.05,2.66675,0.257415,1.59938,0.0103022,0.00434403,0.00328256,0.00595814,1.48566e-07,2.68382e-05,0.000813476,1.42389e-09,5.87589e-07,2.53013e-05,6.89156e-18,4.56581e-05,3.75594e-05,4.39698e-06,9.12124e-22,3.77977e-06,2.79241e-06,8.24342,87.0539,4.57795,0.382562,76.2965,0.303874,5.55631,0.00497851,0.303874,2.13149,0.080472,-0.296746,0.525006,0.00683642,-0.913451,0.0075969,0.00851497,0.0072351,0.00438963,-0.913451,0.00688504,1.83612,1.10335,0.000479049,0.152874,0.00075969,0.00141916,0.000303874,0.00071069,0.152874,2.09149,5.89013e-07,3.66547,0.308853
2080.3750,295.256,293.631,2.85291,0.144568,2.25884,0.0127293,0.00581563,0.00232327,0.00691369,2.25453e-07,3.71267e-05,0.000847851,5.8326e-09,6.63802e-07,7.57084e-07,7.34674e-18,4.20955e-05,5.68039e-05,1.15115e-07,9.73132e-22,2.86168e-06,4.20298e-06,8.36146,87.1287,4.62676,0.345631,76.2965,0.323145,5.5947,0.00575861,0.323145,2.12511,0.0814984,-0.296675,0.524773,0.00608981,-0.913413,0.00807867,0.00856883,0.00769393,0.00437639,-0.913413,0.00696039,1.83614,1.10335,0.000428625,0.152873,0.000807867,0.00142814,0.000323145,0.000708563,0.152873,2.66911,6.69635e-07,3.7347,0.328904
2080.4583,295.835,295.152,3.09326,0.223358,1.89373,0.0129831,0.00666765,0.00325279,0.00631545,2.34044e-07,3.85855e-05,0.000891657,7.72153e-09,7.49396e-07,4.14778e-05,7.4207e-18,6.4836e-05,6.11859e-05,4.62726e-06,9.83585e-22,4.18734e-06,4.52847e-06,8.5107,87.2431,4.6887,0.32057,76.2934,0.347707,5.64329,0.00672154,0.347707,2.11837,0.082831,-0.296706,0.524118,0.00560033,-0.913618,0.00869273,0.00863717,0.00827875,0.00436252,-0.913618,0.00705829,1.83616,1.10332,0.000394156,0.152862,0.000869273,0.00143953,0.000347707,0.000706315,0.152862,2.84826,7.57117e-07,3.822,0.354429
2080.5417,294.29,293.847,3.26699,0.281772,1.55913,0.00901651,0.00627559,0.00364195,0.00274092,1.41947e-07,2.73861e-05,0.000923113,3.83996e-09,8.11752e-07,7.03434e-05,6.84024e-18,9.29306e-05,3.94141e-05,1.01824e-05,9.10284e-22,4.93292e-06,2.939e-06,8.61365,87.2846,4.73498,0.286073,76.2809,0.365255,5.68064,0.00737148,0.365255,2.104,0.0838007,-0.298408,0.523137,0.00492854,-0.914607,0.00913143,0.0086903,0.00869656,0.00433292,-0.914607,0.00712983,1.83618,1.10336,0.000347785,0.152824,0.000913143,0.00144838,0.000365255,0.000701525,0.152824,2.17091,8.15592e-07,3.87867,0.372627
2080.6250,286.375,286.823,3.30359,0.30944,0.340579,0.00370863,0.00419,0.00286615,-0.00048137,3.6465e-08,9.96679e-06,0.000930016,4.26739e-10,8.27884e-07,6.44995e-05,6.49925e-18,7.94392e-05,1.2061e-05,8.21637e-06,8.67373e-22,3.89178e-06,9.42089e-07,8.62372,87.2439,4.74895,0.265485,76.264,0.368928,5.69403,0.00745098,0.368928,2.0907,0.0840201,-0.30006,0.523113,0.00452278,-0.916022,0.00922325,0.00871037,0.00878401,0.0043056,-0.916022,0.00714658,1.8362,1.10344,0.000320829,0.152778,0.000922325,0.00145173,0.000368928,0.000697093,0.152778,1.01648,8.28311e-07,3.87477,0.376379
2080.7083,271.114,272.134,1.14263,0.280624,0.0518993,0.000362269,0.00181552,0.000925821,-0.00145325,1.37624e-10,8.50198e-08,0.000917191,3.62449e-14,7.96551e-07,5.6576e-06,6.6266e-18,2.7442e-05,2.39494e-06,7.13053e-07,8.84746e-22,1.20749e-06,2.38441e-07,8.57441,87.1834,4.73671,0.268361,76.2536,0.361473,5.68782,0.00708879,0.361473,2.08705,0.0836291,-0.300703,0.523709,0.00458309,-0.916923,0.00903686,0.00870323,0.00860649,0.00429826,-0.916923,0.00711881,1.83623,1.10351,0.000326064,0.152751,0.000903686,0.00145054,0.000361473,0.000695875,0.152751,0.434331,7.96551e-07,3.83769,0.368561
2080.7917,269.73,270.094,0,0.231749,0,0,0.00127792,0.000204275,-0.00127792,0,0,0.0009014,0,7.48161e-07,7.86353e-14,7.08585e-18,6.52874e-06,2.29859e-06,1.80894e-14,9.44936e-22,2.30175e-07,2.29859e-07,8.52461,87.1699,4.72029,0.299039,76.2515,0.352356,5.67833,0.00667486,0.352356,2.0948,0.0831449,-0.300333,0.524129,0.0052113,-0.917133,0.00880895,0.00869138,0.00838944,0.00431455,-0.917133,0.00708422,1.83625,1.10353,0.000370089,0.152746,0.000880895,0.00144856,0.000352356,0.00069846,0.152746,0.141089,7.48161e-07,3.80432,0.359031
2080.8750,270.779,270.967,0,0.231749,0,0,0.00122333,0.000194265,-0.00122333,0,0,0.000885993,0,6.96932e-07,3.63666e-21,7.27089e-18,4.31757e-06,2.24062e-06,8.30493e-22,9.68672e-22,1.81807e-07,2.24062e-07,8.48086,87.1676,4.70411,0.33185,76.2512,0.34347,5.66884,0.00628517,0.34347,2.10373,0.0826701,-0.299952,0.524332,0.00588556,-0.917174,0.00858678,0.00867939,0.00817785,0.00433321,-0.917174,0.00705027,1.83627,1.10353,0.00041694,0.152746,0.000858678,0.00144656,0.00034347,0.000701434,0.152746,0.136881,6.96932e-07,3.77674,0.349755
2080.9583,271.104,271.26,0,0.231749,0,0,0.00128636,0.000200691,-0.00128636,0,0,0.000870719,0,6.49283e-07,3.70006e-26,7.31987e-18,3.65745e-06,2.18319e-06,7.92454e-27,9.74273e-22,1.72313e-07,2.18319e-07,8.43543,87.1633,4.68791,0.363527,76.2516,0.334666,5.65922,0.00591234,0.334666,2.1128,0.0821971,-0.299576,0.524499,0.00653583,-0.91716,0.0083667,0.00866707,0.00796824,0.00435213,-0.91716,0.00701638,1.83629,1.10354,0.000462377,0.152748,0.00083667,0.00144451,0.000334666,0.000704457,0.152748,0.167614,6.49283e-07,3.74752,0.340579
2081.0417,270.622,270.796,0,0.231749,0,0,0.00132987,0.000181933,-0.00132987,0,0,0.000856533,0,6.10959e-07,3.7262e-30,7.40574e-18,2.80223e-06,2.1299e-06,9.44264e-31,9.84851e-22,1.47405e-07,2.1299e-07,8.39049,87.1568,4.67271,0.392632,76.2522,0.326497,5.65008,0.00557794,0.326497,2.12143,0.0817556,-0.299226,0.524637,0.0071337,-0.917123,0.00816246,0.00865524,0.00777373,0.0043701,-0.917123,0.0069847,1.83632,1.10354,0.000504249,0.152751,0.000816246,0.00144254,0.000326497,0.000707336,0.152751,0.357762,6.10959e-07,3.71778,0.332075
2081.1250,271.754,271.837,0,0.232619,0,0,0.00142647,0.000177692,-0.00142647,0,0,0.000842687,0,5.9248e-07,1.05284e-31,7.44231e-18,2.21156e-06,2.07793e-06,2.7073e-32,9.88921e-22,1.34378e-07,2.07793e-07,8.34217,87.1466,4.65772,0.421248,76.253,0.31853,5.64096,0.00526276,0.31853,2.13012,0.0813224,-0.298887,0.524745,0.00772327,-0.917066,0.00796329,0.0086433,0.00758405,0.00438814,-0.917066,0.00695358,1.83634,1.10355,0.000545399,0.152754,0.000796329,0.00144055,0.00031853,0.000710232,0.152754,0.684257,5.9248e-07,3.68444,0.323793
2081.2083,274.552,273.957,0.720148,0.312003,0.213716,0.00175763,0.00197659,0.00161834,-0.000218964,1.2759e-08,3.04225e-06,0.000829109,2.10315e-12,5.90891e-07,2.26704e-05,7.13623e-18,-2.19888e-05,5.17183e-06,2.85089e-06,9.48038e-22,1.08206e-06,4.31068e-07,8.29095,87.1212,4.64296,0.428367,76.2643,0.310722,5.63191,0.00496408,0.310722,2.13763,0.0808949,-0.298758,0.524237,0.00784454,-0.916138,0.00776809,0.00863138,0.00739814,0.00440369,-0.916138,0.00692283,1.83636,1.10355,0.000552718,0.152785,0.000776809,0.00143856,0.000310722,0.000712736,0.152785,1.09423,5.90893e-07,3.64799,0.315686
2081.2917,286.682,285.213,2.75627,0.263542,1.52563,0.0102455,0.00423001,0.00316987,0.00601545,1.42281e-07,2.60227e-05,0.000833628,1.13212e-09,6.1617e-07,2.35583e-05,6.29829e-18,4.52738e-05,3.67777e-05,3.88161e-06,8.39087e-22,3.67347e-06,2.73392e-06,8.30113,87.0925,4.65146,0.373696,76.2837,0.313174,5.63978,0.0050646,0.313174,2.13394,0.0810097,-0.299482,0.522998,0.00663634,-0.914522,0.00782938,0.00864281,0.00745651,0.00439596,-0.914522,0.00693153,1.83637,1.10359,0.000470574,0.15284,0.000782938,0.00144047,0.000313174,0.000711505,0.15284,1.98887,6.17302e-07,3.64967,0.318238
2081.3750,294.705,293.154,2.95952,0.139651,2.47351,0.013539,0.00574399,0.00224945,0.00779503,2.41978e-07,3.94064e-05,0.000870778,5.69229e-09,6.94299e-07,3.01081e-06,6.65223e-18,4.27132e-05,6.21131e-05,4.39853e-07,8.86953e-22,2.7756e-06,4.588e-06,8.42883,87.176,4.7024,0.336376,76.2837,0.334082,5.67882,0.00585806,0.334082,2.12714,0.0821174,-0.299469,0.522654,0.00588097,-0.914503,0.0083521,0.00869758,0.00795434,0.00438184,-0.914503,0.00701274,1.8364,1.10359,0.000418704,0.152839,0.00083521,0.0014496,0.000334082,0.000709237,0.152839,2.80227,6.99992e-07,3.72643,0.33994
2081.4583,295.31,294.24,3.20593,0.168237,2.23301,0.0128645,0.00641599,0.00250935,0.00644855,2.31832e-07,3.89207e-05,0.000915256,6.32676e-09,7.70872e-07,8.18079e-06,6.85352e-18,4.51917e-05,6.2206e-05,8.73942e-07,9.13681e-22,3.11572e-06,4.59961e-06,8.58505,87.3125,4.76345,0.321738,76.2819,0.359101,5.72567,0.00677829,0.359101,2.12382,0.0834675,-0.299297,0.521904,0.00559205,-0.914636,0.00897756,0.00876352,0.00855002,0.00437506,-0.914636,0.00711183,1.83642,1.10353,0.000398527,0.152833,0.000897756,0.00146059,0.000359101,0.00070813,0.152833,2.80682,7.77199e-07,3.8216,0.365879
2081.5417,294.013,293.579,3.39324,0.168211,1.63508,0.00920347,0.00608424,0.00239957,0.00311922,1.47319e-07,2.81032e-05,0.000948783,3.88606e-09,8.33195e-07,6.19582e-06,6.97182e-18,4.7762e-05,4.15257e-05,7.59279e-07,9.29606e-22,3.04444e-06,3.09227e-06,8.69447,87.3941,4.81105,0.304164,76.2782,0.377882,5.76313,0.007431,0.377882,2.11724,0.0845003,-0.299113,0.521669,0.0052583,-0.914902,0.00944709,0.0088168,0.00899719,0.00436162,-0.914902,0.00718792,1.83644,1.10352,0.000373875,0.152821,0.00094471,0.00146947,0.000377882,0.000705937,0.152821,2.05896,8.37081e-07,3.88341,0.385313
2081.6250,286.93,287.332,3.4453,0.131278,0.637061,0.0041546,0.00414919,0.00142212,5.41251e-06,4.84002e-08,1.21841e-05,0.000958313,6.54005e-10,8.40785e-07,6.48416e-09,7.14188e-18,2.4657e-05,1.55149e-05,1.65411e-09,9.51819e-22,1.70193e-06,1.19546e-06,8.71815,87.4121,4.82793,0.303262,76.2756,0.383065,5.77833,0.00755099,0.383065,2.11513,0.0848029,-0.298754,0.521941,0.00525132,-0.915106,0.00957666,0.00883939,0.00912059,0.0043575,-0.915106,0.00721076,1.83647,1.10353,0.000372471,0.152813,0.000957666,0.00147323,0.000383065,0.000705234,0.152813,0.858885,8.41439e-07,3.89022,0.390616
2081.7083,273.205,274.157,1.21952,0.202967,0.0371615,0.000421349,0.00206255,0.000967082,-0.0016412,7.57906e-10,3.46194e-07,0.000946097,9.26809e-13,8.05612e-07,5.59646e-07,7.08149e-18,1.63426e-05,2.65836e-06,1.26971e-07,9.43295e-22,1.10567e-06,2.60056e-07,8.67116,87.3769,4.81669,0.312859,76.2758,0.375942,5.77298,0.00720519,0.375942,2.11707,0.084434,-0.298373,0.522469,0.00544914,-0.915087,0.0093986,0.00883347,0.00895101,0.00436178,-0.915087,0.00718467,1.83649,1.10357,0.000385353,0.152813,0.000939861,0.00147224,0.000375942,0.000705883,0.152813,0.456905,8.05613e-07,3.85447,0.383148
2081.7917,270.216,270.999,0,0.0663609,0,0,0.00147146,0.00040294,-0.00147146,0,0,0.000929696,0,7.60636e-07,6.73122e-17,7.15794e-18,6.19465e-06,2.39064e-06,2.26686e-17,9.5265e-22,3.89073e-07,2.39064e-07,8.61724,87.3551,4.79981,0.337267,76.2766,0.366467,5.76335,0.00678466,0.366467,2.12402,0.0839349,-0.297975,0.522808,0.00594422,-0.915038,0.00916171,0.00882146,0.00872539,0.00437639,-0.915038,0.00714908,1.83651,1.10358,0.000420334,0.152816,0.000916171,0.00147024,0.000366467,0.000708198,0.152816,0.325136,7.60636e-07,3.81743,0.373251
2081.8750,269.212,269.879,0,0.0522494,0,0,0.00131111,0.000303033,-0.00131111,0,0,0.000913685,0,7.14342e-07,1.27387e-30,7.22277e-18,2.40664e-06,2.33034e-06,4.52435e-31,9.60421e-22,2.50752e-07,2.33034e-07,8.56926,87.3455,4.78316,0.365534,76.2782,0.357224,5.75373,0.00638856,0.357224,2.1325,0.0834455,-0.29758,0.522979,0.00652091,-0.91492,0.00893064,0.00880929,0.00850533,0.00439413,-0.91492,0.00711413,1.83654,1.10359,0.000460711,0.152822,0.000893064,0.00146822,0.000357224,0.000711025,0.152822,0.192796,7.14342e-07,3.78609,0.363612
2081.9583,268.623,269.174,0,0.0564406,0,0,0.00126297,0.000246796,-0.00126297,0,0,0.000897813,0,6.65912e-07,0,7.31404e-18,1.56364e-07,2.27062e-06,0,9.71764e-22,1.72772e-07,2.27062e-07,8.52209,87.3388,4.7665,0.394661,76.2805,0.348068,5.74396,0.00600959,0.348068,2.14147,0.0829578,-0.297189,0.52306,0.00711826,-0.914738,0.00870174,0.00879679,0.00828733,0.00441284,-0.914738,0.00707926,1.83656,1.1036,0.000501995,0.152829,0.000870174,0.00146613,0.000348068,0.000714015,0.152829,0.149838,6.65912e-07,3.75559,0.354078
2082.0417,266.41,267.146,0,0.0602747,0,0,0.00119089,9.11382e-05,-0.00119089,0,0,0.000883071,0,6.25264e-07,0,7.49469e-18,7.27685e-07,2.21519e-06,0,9.95051e-22,6.84743e-08,2.21519e-07,8.47842,87.3349,4.75086,0.42376,76.2825,0.339571,5.73469,0.00566969,0.339571,2.15026,0.0825026,-0.296827,0.523105,0.00771854,-0.914584,0.00848933,0.00878479,0.00808503,0.00443112,-0.914584,0.00704667,1.83658,1.1036,0.000543136,0.152834,0.000848933,0.00146413,0.000339571,0.000716944,0.152834,0.234739,6.25264e-07,3.72755,0.345241
2082.1250,269.387,269.691,0.0528798,0.171663,0.00184703,1.94358e-05,0.00139292,0.000461657,-0.00137349,0,0,0.000868683,0,5.9926e-07,1.25409e-05,7.61987e-18,-1.20939e-05,2.16114e-06,6.35531e-07,1.01117e-21,2.35995e-07,2.16114e-07,8.43173,87.3301,4.73545,0.455279,76.2838,0.331286,5.72542,0.00534933,0.331286,2.15926,0.0820562,-0.296521,0.523074,0.0083741,-0.914474,0.00828218,0.00877267,0.00788775,0.00444981,-0.914474,0.00701465,1.8366,1.1036,0.000587036,0.152838,0.000828218,0.00146211,0.000331286,0.000719946,0.152838,0.642322,5.9926e-07,3.69628,0.336635
2082.2083,280.248,279.033,2.82604,0.245482,0.726919,0.00556692,0.00292298,0.00245359,0.00264393,4.47254e-08,1.07796e-05,0.000857566,5.57628e-11,5.91778e-07,2.19414e-05,6.89986e-18,1.11001e-05,1.34251e-05,2.1065e-06,9.17882e-22,2.39795e-06,1.03427e-06,8.3908,87.2852,4.72429,0.428682,76.3039,0.324855,5.71927,0.00511436,0.324855,2.16182,0.0817154,-0.297077,0.52177,0.00776977,-0.912786,0.00812141,0.00876477,0.00773463,0.00445507,-0.912786,0.00699027,1.83662,1.10363,0.000544917,0.152893,0.000812141,0.00146079,0.000324855,0.000720797,0.152893,0.980025,5.91834e-07,3.66651,0.329969
2082.2917,288.739,287.401,2.92384,0.140037,1.59385,0.010727,0.00458539,0.00201738,0.00614158,1.665e-07,3.03904e-05,0.000867724,1.57218e-09,6.18149e-07,6.04034e-08,6.87624e-18,2.6137e-05,4.39036e-05,1.00166e-08,9.15607e-22,2.31677e-06,3.26108e-06,8.43462,87.3051,4.74134,0.398774,76.3118,0.330441,5.73417,0.00536689,0.330441,2.15998,0.0820742,-0.296847,0.521609,0.0071177,-0.912099,0.00826107,0.00878601,0.00786764,0.00445119,-0.912099,0.00701691,1.83664,1.10365,0.000502357,0.152914,0.000826107,0.00146434,0.000330441,0.000720183,0.152914,1.87661,6.19721e-07,3.69328,0.335808
2082.3750,294.166,292.863,3.08803,0.147786,2.01655,0.0126594,0.00557974,0.00220377,0.00707962,2.23602e-07,3.85328e-05,0.000897678,5.18754e-09,6.72078e-07,3.65273e-06,7.06551e-18,2.90606e-05,5.92386e-05,4.40598e-07,9.41235e-22,2.61362e-06,4.38549e-06,8.55751,87.414,4.785,0.382117,76.3155,0.347182,5.76917,0.00605427,0.347182,2.15893,0.0830836,-0.296541,0.520886,0.00678096,-0.911741,0.0086796,0.00883527,0.00826625,0.00444903,-0.911741,0.00709116,1.83666,1.10361,0.000478681,0.152922,0.00086796,0.00147254,0.000347182,0.000719834,0.152922,2.50779,6.77265e-07,3.77251,0.353237
2082.4583,297.112,296.202,3.28928,0.179231,1.833,0.0111951,0.0061763,0.00270025,0.00501875,1.92589e-07,3.51315e-05,0.000933999,6.78264e-09,7.53433e-07,1.20847e-05,7.16619e-18,4.07999e-05,5.25787e-05,1.62193e-06,9.55522e-22,3.34108e-06,3.90178e-06,8.6974,87.5281,4.83766,0.359144,76.3174,0.367486,5.81123,0.00685902,0.367486,2.15414,0.0843002,-0.296307,0.520115,0.00633622,-0.911497,0.0091872,0.00889462,0.00874967,0.0044392,-0.911497,0.00718071,1.83669,1.10357,0.000445905,0.152923,0.00091872,0.00148244,0.000367486,0.000718239,0.152923,2.67093,7.60215e-07,3.85974,0.374345
2082.5417,294.472,293.944,3.44319,0.164682,1.6804,0.00909824,0.00609624,0.00246682,0.00300201,1.44195e-07,2.82093e-05,0.000961625,3.90622e-09,8.0958e-07,2.9468e-06,7.1511e-18,4.51854e-05,4.09002e-05,5.33685e-07,9.54595e-22,3.11892e-06,3.05097e-06,8.79934,87.5958,4.87938,0.334886,76.3151,0.382853,5.84549,0.00743914,0.382853,2.14638,0.0852342,-0.296283,0.519782,0.00586762,-0.91159,0.00957137,0.00894345,0.00911555,0.00442329,-0.91159,0.00724974,1.83671,1.10358,0.000412283,0.152913,0.000957137,0.00149058,0.000382853,0.000715652,0.152913,2.04807,8.13486e-07,3.91996,0.390292
2082.6250,288.185,288.425,3.46584,0.122574,0.49428,0.0031692,0.00392301,0.0013694,-0.000753804,2.84159e-08,8.49587e-06,0.00096604,4.22731e-10,8.12955e-07,3.00806e-08,7.31788e-18,2.08613e-05,1.01533e-05,1.01635e-08,9.76589e-22,1.60932e-06,8.05863e-07,8.80801,87.6009,4.89045,0.334118,76.3138,0.385103,5.85696,0.0074775,0.385103,2.14497,0.085413,-0.295904,0.520063,0.00586017,-0.911661,0.00962761,0.00896085,0.00916912,0.00442059,-0.911661,0.00726363,1.83674,1.10359,0.000411125,0.152907,0.000962762,0.00149348,0.000385103,0.000715181,0.152907,0.676979,8.13378e-07,3.91756,0.39258
2082.7083,276.17,277.196,2.86315,0.174765,0.114005,0.000886172,0.0024465,0.00118882,-0.00156033,2.13007e-09,9.12833e-07,0.000952131,2.32872e-12,7.72931e-07,1.44932e-08,7.24964e-18,1.75121e-05,3.03733e-06,4.90654e-09,9.67222e-22,1.37512e-06,2.87637e-07,8.75162,87.5534,4.87709,0.340158,76.3152,0.377022,5.85009,0.00710567,0.377022,2.14644,0.0849954,-0.295507,0.520604,0.00598458,-0.911514,0.00942559,0.00895277,0.00897671,0.00442385,-0.911514,0.00723399,1.83676,1.10363,0.000418756,0.15291,0.000942559,0.00149213,0.000377022,0.000715672,0.15291,0.341672,7.72934e-07,3.87453,0.384128
2082.7917,264.483,265.928,0.167443,0.0852166,0.000446607,1.24636e-06,0.00138628,0.000148529,-0.00138503,0,0,0.000935723,0,7.24112e-07,1.32784e-19,7.45724e-18,3.38619e-06,2.39767e-06,4.72046e-20,9.94283e-22,1.5154e-07,2.39767e-07,8.69642,87.5288,4.86014,0.363762,76.3158,0.367545,5.84038,0.00669197,0.367545,2.15282,0.0844958,-0.295108,0.520957,0.00646908,-0.911467,0.00918866,0.00894059,0.00875106,0.00443725,-0.911467,0.00719836,1.83678,1.10366,0.000452415,0.152911,0.000918866,0.0014901,0.000367545,0.000717797,0.152911,0.0947786,7.24112e-07,3.83627,0.374237
2082.8750,262.704,263.731,0,0.0438037,0,0,0.00116944,1.74809e-05,-0.00116944,0,0,0.00091966,0,6.72331e-07,0,7.63328e-18,8.30441e-07,2.3372e-06,0,1.01707e-21,2.16577e-08,2.3372e-07,8.64793,87.5278,4.84337,0.401822,76.3156,0.358275,5.83063,0.00630128,0.358275,2.16244,0.0840043,-0.294714,0.521049,0.0072604,-0.911484,0.00895691,0.00892819,0.00853035,0.00445733,-0.911484,0.00716325,1.83681,1.10366,0.000505838,0.152911,0.000895691,0.00148803,0.000358275,0.000721003,0.152911,0.0863593,6.72331e-07,3.80456,0.364576
2082.9583,265.098,265.593,0,0.0433831,0,0,0.00112831,8.95689e-06,-0.00112831,0,0,0.000903735,0,6.26525e-07,0,7.78424e-18,4.86373e-07,2.27729e-06,0,1.03652e-21,1.20285e-08,2.2773e-07,8.60081,87.5293,4.82658,0.44067,76.3155,0.349092,5.82074,0.00592749,0.349092,2.17232,0.0835147,-0.294323,0.521112,0.00807126,-0.911498,0.00872734,0.00891545,0.00831171,0.0044779,-0.911498,0.00712823,1.83683,1.10366,0.000560209,0.152911,0.000872734,0.00148591,0.000349092,0.000724296,0.152911,0.14004,6.26525e-07,3.77424,0.355019
2083.0417,266.961,267.269,0,0.0428349,0,0,0.00120781,8.65973e-06,-0.00120781,0,0,0.000888944,0,5.86544e-07,0,7.79564e-18,4.37541e-07,2.22171e-06,0,1.03743e-21,1.08918e-08,2.22171e-07,8.55769,87.5316,4.81082,0.476844,76.3154,0.34057,5.81133,0.00559224,0.34057,2.18171,0.0830577,-0.293961,0.521165,0.00882753,-0.911508,0.0085143,0.00890322,0.00810882,0.00449741,-0.911508,0.0070955,1.83685,1.10366,0.000610895,0.15291,0.00085143,0.00148387,0.00034057,0.000727427,0.15291,0.154775,5.86544e-07,3.74687,0.346162
2083.1250,271.042,270.995,0.103752,0.12074,0.0153368,0.000124859,0.00157572,0.000704484,-0.00145086,2.33475e-10,1.02242e-07,0.000874509,1.43951e-15,5.65261e-07,3.76715e-05,7.69681e-18,-2.34731e-05,2.22682e-06,2.7851e-06,1.02389e-21,2.5949e-07,2.21024e-07,8.50851,87.525,4.79529,0.50828,76.3173,0.33226,5.80195,0.00527626,0.33226,2.1909,0.0826095,-0.293705,0.521037,0.00948303,-0.911351,0.00830655,0.00889089,0.00791096,0.00451647,-0.911351,0.00706334,1.83687,1.10366,0.000654441,0.152916,0.000830655,0.00148182,0.00033226,0.000730492,0.152916,0.794674,5.65261e-07,3.71322,0.337537
2083.2083,274.15,273.802,2.40188,0.260746,0.303194,0.00296549,0.00195714,0.0018953,0.00100835,1.53413e-08,4.23032e-06,0.000860681,9.23184e-13,5.60291e-07,1.89702e-05,7.06165e-18,9.62508e-07,6.01495e-06,2.27086e-06,9.42614e-22,1.63175e-06,4.94889e-07,8.45759,87.4705,4.78046,0.473407,76.3447,0.324299,5.79302,0.00498541,0.324299,2.19474,0.0821792,-0.294913,0.518739,0.00868413,-0.90904,0.00810752,0.0088791,0.0077214,0.00452437,-0.90904,0.00703245,1.83689,1.10368,0.000601427,0.152991,0.000810752,0.00147985,0.000324299,0.000731772,0.152991,0.754342,5.60292e-07,3.67713,0.329284
2083.2917,285.288,283.808,2.73928,0.16888,1.44325,0.00985084,0.00394115,0.00215756,0.00590969,1.48244e-07,2.74292e-05,0.00086291,9.97436e-10,5.75282e-07,1.27394e-06,6.82573e-18,2.30038e-05,3.93085e-05,1.80381e-07,9.12068e-22,2.39192e-06,2.92635e-06,8.47647,87.4717,4.78709,0.445533,76.3551,0.325406,5.80019,0.00507564,0.325406,2.19458,0.0822862,-0.294708,0.518554,0.00806173,-0.908133,0.00813519,0.00888953,0.00774776,0.00452395,-0.908133,0.00704072,1.83691,1.10371,0.000562063,0.153018,0.000813519,0.00148159,0.000325406,0.000731718,0.153018,1.76083,5.7628e-07,3.68938,0.330481
2083.3750,292.939,291.819,3.05356,0.171686,1.94636,0.0138091,0.00574051,0.00264415,0.00806863,2.47271e-07,4.12415e-05,0.000895613,5.08916e-09,6.38423e-07,2.54474e-06,7.01832e-18,3.16707e-05,6.5097e-05,2.99626e-07,9.3857e-22,3.14303e-06,4.81659e-06,8.61944,87.5923,4.83497,0.419354,76.3609,0.343677,5.83869,0.0058619,0.343677,2.19261,0.083412,-0.294394,0.517733,0.00751984,-0.907579,0.00859198,0.00894351,0.0081828,0.00451982,-0.907579,0.00712351,1.83693,1.10367,0.000525397,0.153031,0.000859198,0.00149059,0.000343677,0.000731061,0.153031,2.59847,6.43512e-07,3.78447,0.349539
2083.4583,291.748,291.299,3.26714,0.276575,1.14134,0.0115152,0.00587001,0.00371991,0.0056452,1.96681e-07,3.57156e-05,0.000934269,3.55022e-09,7.08587e-07,6.44355e-05,6.57903e-18,6.63139e-05,5.42367e-05,8.69051e-06,8.82676e-22,4.74829e-06,4.02529e-06,8.78149,87.7041,4.89147,0.377546,76.3616,0.365265,5.88407,0.00675416,0.365265,2.18348,0.0847299,-0.295042,0.516417,0.00669315,-0.907382,0.00913168,0.00900738,0.00869679,0.00450093,-0.907382,0.00722053,1.83696,1.10366,0.000467711,0.153026,0.000913168,0.00150123,0.000365265,0.000728017,0.153026,2.1741,7.12138e-07,3.89002,0.372019
2083.5417,291.629,291.282,3.40451,0.246269,1.21857,0.00851363,0.00571857,0.0032952,0.00279505,1.30829e-07,2.65634e-05,0.000959058,2.41586e-09,7.48044e-07,3.4963e-05,6.29219e-18,7.1324e-05,3.75428e-05,5.1489e-06,8.47409e-22,4.35641e-06,2.80626e-06,8.88049,87.7419,4.92993,0.337485,76.3534,0.379006,5.9162,0.0072955,0.379006,2.17051,0.0855868,-0.296349,0.515628,0.00589702,-0.907935,0.0094752,0.00905321,0.00902396,0.00447416,-0.907935,0.00728394,1.83698,1.1037,0.000414386,0.152998,0.00094752,0.00150887,0.000379006,0.000723694,0.152998,1.73282,7.5046e-07,3.95056,0.386302
2083.6250,285.894,286.095,3.43147,0.256389,0.42331,0.00392261,0.00421514,0.00266385,-0.000292529,4.12486e-08,1.12435e-05,0.000964251,3.10306e-10,7.55178e-07,3.59635e-05,6.22768e-18,5.97857e-05,1.36398e-05,4.24678e-06,8.394e-22,3.50468e-06,1.05995e-06,8.89656,87.7202,4.9422,0.317803,76.3443,0.38169,5.92867,0.00736789,0.38169,2.16145,0.085798,-0.296743,0.516116,0.00550939,-0.908622,0.00954231,0.0090719,0.00908787,0.00445556,-0.908622,0.00730018,1.837,1.10377,0.000388629,0.152969,0.000954231,0.00151198,0.00038169,0.000720674,0.152969,0.951487,7.55489e-07,3.95436,0.389058
2083.7083,275.283,276.183,1.96264,0.308406,0.111672,0.000814444,0.00244232,0.00164201,-0.00162788,3.38463e-09,1.2765e-06,0.000952186,8.71871e-12,7.33524e-07,1.40277e-05,6.0799e-18,3.87599e-05,3.36371e-06,1.72276e-06,8.20369e-22,2.11945e-06,3.10967e-07,8.84734,87.6515,4.9312,0.310705,76.337,0.374654,5.92351,0.00704279,0.374654,2.15644,0.0854408,-0.297314,0.516635,0.00537099,-0.909206,0.00936639,0.00906613,0.00892033,0.00444534,-0.909206,0.00727492,1.83703,1.10385,0.000379867,0.152947,0.000936639,0.00151102,0.000374654,0.000719003,0.152947,0.55791,7.33533e-07,3.91614,0.381697
2083.7917,267.69,268.38,0,0.250416,0,0,0.00131005,0.000185288,-0.00131005,0,0,0.000935902,0,6.94024e-07,1.34973e-11,6.58669e-18,5.90923e-06,2.38272e-06,3.16718e-12,8.88007e-22,2.15098e-07,2.38272e-07,8.79438,87.6252,4.91426,0.334256,76.3344,0.365253,5.91371,0.00663349,0.365253,2.16216,0.0849438,-0.297045,0.517138,0.00585215,-0.909437,0.00913138,0.00905378,0.00869651,0.00445737,-0.909437,0.00723945,1.83705,1.10388,0.000414089,0.152941,0.000913138,0.00150896,0.000365253,0.00072091,0.152941,0.16797,6.94024e-07,3.88013,0.371887
2083.8750,265.178,265.684,0,0.250416,0,0,0.00110737,3.38665e-05,-0.00110737,0,0,0.000919929,0,6.48041e-07,2.39437e-33,7.13814e-18,1.29657e-06,2.32263e-06,6.19644e-34,9.61605e-22,3.918e-08,2.32263e-07,8.74981,87.6268,4.89745,0.371177,76.334,0.356041,5.90383,0.00624622,0.356041,2.17178,0.0844538,-0.296654,0.517275,0.00661741,-0.909478,0.00890108,0.00904117,0.00847717,0.00447744,-0.909478,0.00720442,1.83708,1.10388,0.000466128,0.15294,0.000890108,0.00150686,0.000356041,0.000724116,0.15294,0.146598,6.48041e-07,3.85237,0.362288
2083.9583,268.245,268.493,0,0.250416,0,0,0.00120583,1.71207e-05,-0.00120583,0,0,0.000904093,0,6.09236e-07,0,7.38611e-18,7.25638e-07,2.2631e-06,0,9.94351e-22,1.96508e-08,2.2631e-07,8.70263,87.6279,4.88062,0.409683,76.3338,0.346916,5.89381,0.00587569,0.346916,2.18177,0.0839655,-0.296266,0.517345,0.00742032,-0.909495,0.00867294,0.00902823,0.0082599,0.00449822,-0.909495,0.00716947,1.8371,1.10388,0.000520048,0.15294,0.000867294,0.0015047,0.000346916,0.000727446,0.15294,0.253561,6.09236e-07,3.82201,0.352791
2084.0417,267.475,267.667,0,0.250416,0,0,0.00114747,1.54955e-05,-0.00114747,0,0,0.000889386,0,5.72012e-07,0,7.48404e-18,5.31993e-07,2.20786e-06,0,1.00691e-21,1.50514e-08,2.20786e-07,8.65938,87.6299,4.86482,0.445486,76.3337,0.338447,5.88429,0.00554337,0.338447,2.19126,0.0835098,-0.295906,0.517403,0.00816795,-0.909505,0.00846122,0.0090158,0.00805827,0.00451793,-0.909505,0.0071368,1.83712,1.10388,0.000570265,0.15294,0.000846122,0.00150263,0.000338447,0.000730611,0.15294,0.108738,5.72012e-07,3.79456,0.343991
2084.1250,270.665,270.654,0,0.317391,0,0,0.00150783,0.000160973,-0.00150783,0,0,0.00087503,0,5.41064e-07,3.33693e-09,7.53427e-18,-4.47147e-06,2.15398e-06,1.35041e-10,1.01307e-21,8.9012e-08,2.15398e-07,8.61209,87.6265,4.84926,0.479674,76.3341,0.330189,5.87479,0.00523014,0.330189,2.20068,0.0830628,-0.29556,0.517437,0.0088818,-0.909479,0.00825476,0.00900327,0.00786164,0.00453744,-0.909479,0.00710471,1.83714,1.10388,0.00061812,0.152941,0.000825476,0.00150054,0.000330189,0.00073375,0.152941,0.50912,5.41064e-07,3.76283,0.335419
2084.2083,278.661,277.456,2.11163,0.45241,0.638925,0.00473858,0.0027227,0.00288832,0.00201588,4.20191e-08,9.51945e-06,0.000862696,5.48269e-11,5.35658e-07,6.62584e-05,6.56347e-18,-1.156e-05,1.26768e-05,9.01609e-06,8.84508e-22,2.36615e-06,9.80688e-07,8.56445,87.582,4.8363,0.456203,76.3568,0.323077,5.8672,0.00497529,0.323077,2.20456,0.0826811,-0.296288,0.515725,0.00832566,-0.907566,0.00807698,0.00899328,0.00769232,0.00454541,-0.907566,0.00707733,1.83716,1.1039,0.000579487,0.153003,0.000807698,0.00149888,0.000323077,0.000735045,0.153003,1.00274,5.35713e-07,3.72815,0.328053
2084.2917,288.321,286.915,2.91262,0.215802,1.72266,0.011237,0.004705,0.00294971,0.00653199,1.73298e-07,3.13595e-05,0.000873986,1.42631e-09,5.7551e-07,1.30622e-05,5.91462e-18,4.35181e-05,4.54879e-05,1.86361e-06,7.99781e-22,3.51938e-06,3.37916e-06,8.61375,87.582,4.85518,0.398684,76.371,0.329289,5.88366,0.00527692,0.329289,2.19854,0.0830862,-0.297053,0.514557,0.00709012,-0.906319,0.00823228,0.0090166,0.00784022,0.00453282,-0.906319,0.00710737,1.83718,1.10394,0.000498386,0.15304,0.000823228,0.00150277,0.000329289,0.000733039,0.15304,2.2434,5.76937e-07,3.75858,0.334566
2084.3750,295.167,293.432,3.11517,0.153411,2.58809,0.0143024,0.00622187,0.0024844,0.00808051,2.54201e-07,4.17536e-05,0.000910919,6.22349e-09,6.60048e-07,3.33247e-06,6.13926e-18,4.26476e-05,6.69402e-05,4.43515e-07,8.30776e-22,3.07713e-06,4.95378e-06,8.77078,87.7022,4.90905,0.367864,76.3708,0.349931,5.92686,0.00615964,0.349931,2.19282,0.0843421,-0.29697,0.513964,0.00647293,-0.90627,0.00874832,0.00907717,0.00833169,0.00452092,-0.90627,0.00719974,1.8372,1.10391,0.000456756,0.153036,0.000874832,0.00151286,0.000349931,0.00073113,0.153036,3.06764,6.66272e-07,3.86173,0.356091
2084.4583,298.435,297.228,3.34134,0.136942,2.48061,0.0121118,0.00659362,0.00220226,0.00551814,2.06989e-07,3.68925e-05,0.000951695,7.96037e-09,7.63525e-07,2.24614e-06,6.4586e-18,3.73167e-05,5.63657e-05,2.49216e-07,8.74081e-22,2.74719e-06,4.18301e-06,8.93008,87.8378,4.96877,0.350262,76.3694,0.372697,5.9749,0.00709737,0.372697,2.18802,0.0857201,-0.296665,0.513284,0.00613208,-0.906313,0.00931748,0.00914483,0.00887375,0.00451106,-0.906313,0.00730122,1.83723,1.10386,0.000432421,0.153029,0.000931748,0.00152414,0.000372697,0.000729531,0.153029,2.92368,7.71486e-07,3.96131,0.379795
2084.5417,293.691,293.287,3.43849,0.190207,0.959002,0.00673986,0.00534547,0.00247747,0.00139438,9.47412e-08,2.108e-05,0.000969325,2.23383e-09,8.08422e-07,2.56422e-05,6.44949e-18,4.40859e-05,2.77427e-05,3.11681e-06,8.73363e-22,3.09466e-06,2.09025e-06,8.98867,87.8834,4.99784,0.341681,76.3683,0.382388,6.0001,0.00746509,0.382388,2.18468,0.0863367,-0.296605,0.512918,0.00597303,-0.906336,0.00955975,0.00918114,0.00910448,0.00450432,-0.906336,0.00734709,1.83725,1.10386,0.000420278,0.153023,0.000955975,0.00153019,0.000382388,0.000728417,0.153023,1.56474,8.10656e-07,3.99083,0.389853
2084.6250,288,288.095,3.45036,0.252499,0.55059,0.00438664,0.0046872,0.00288601,-0.000300559,4.7897e-08,1.25356e-05,0.000971847,5.25769e-10,8.10913e-07,3.93406e-05,6.04797e-18,6.29102e-05,1.54478e-05,4.87883e-06,8.2106e-22,3.75264e-06,1.19244e-06,8.99092,87.8482,5.00659,0.319586,76.362,0.383567,6.00994,0.00747327,0.383567,2.17574,0.0864581,-0.297517,0.512798,0.00553964,-0.906799,0.00958922,0.00919623,0.00913255,0.00448595,-0.906799,0.00735676,1.83727,1.10393,0.000390727,0.153002,0.000958922,0.00153271,0.000383567,0.000725436,0.153002,1.0789,8.11439e-07,3.98433,0.39104
2084.7083,276.215,277.032,2.32109,0.285397,0.118736,0.000917988,0.00259468,0.00164962,-0.00167669,3.01445e-09,1.24103e-06,0.000960282,5.82717e-12,7.86274e-07,9.66474e-06,6.01162e-18,3.60512e-05,3.27608e-06,1.27e-06,8.16391e-22,2.08485e-06,3.04926e-07,8.94142,87.7787,4.99625,0.311493,76.3551,0.376812,6.00528,0.0071561,0.376812,2.17061,0.0861168,-0.297681,0.513682,0.00538286,-0.907338,0.00942035,0.00919118,0.00897172,0.00447549,-0.907338,0.00733267,1.8373,1.10401,0.000380619,0.152981,0.000942035,0.00153186,0.000376812,0.000723727,0.152981,0.590182,7.86279e-07,3.94517,0.383968
2084.7917,265.585,266.539,0.413022,0.282055,0.00398054,1.55942e-05,0.00138698,0.000265361,-0.00137139,0,0,0.000943945,0,7.47927e-07,2.09578e-08,6.47758e-18,7.21437e-06,2.39661e-06,2.38812e-09,8.78952e-22,3.15874e-07,2.39661e-07,8.88615,87.7471,4.97922,0.331741,76.3535,0.367383,5.99539,0.00674123,0.367383,2.17571,0.085618,-0.297373,0.514217,0.00579533,-0.907489,0.00918461,0.00917873,0.0087472,0.00448623,-0.907489,0.00729706,1.83732,1.10404,0.000409872,0.152977,0.000918461,0.00152979,0.000367383,0.000725427,0.152977,0.357568,7.47927e-07,3.90693,0.374124
2084.8750,266.754,267.04,0,0.266038,0,0,0.00127575,1.98718e-05,-0.00127575,0,0,0.000927874,0,7.02371e-07,0,7.0365e-18,9.76836e-07,2.33617e-06,0,9.54106e-22,2.5801e-08,2.33617e-07,8.83774,87.7461,4.96225,0.369819,76.353,0.358117,5.98538,0.00634766,0.358117,2.18553,0.0851249,-0.296977,0.514335,0.00658715,-0.907531,0.00895297,0.00916595,0.00852659,0.00450673,-0.907531,0.00726181,1.83735,1.10404,0.000463322,0.152976,0.000895297,0.00152766,0.000358117,0.000728702,0.152976,0.223426,7.02371e-07,3.87549,0.364464
2084.9583,267.936,268.231,0,0.266038,0,0,0.00114615,1.93839e-05,-0.00114615,0,0,0.000911942,0,6.58018e-07,0,7.11489e-18,8.05008e-07,2.27629e-06,0,9.64089e-22,2.18629e-08,2.27629e-07,8.78922,87.7463,4.94526,0.408539,76.3529,0.348938,5.97522,0.00597112,0.348938,2.19566,0.0846335,-0.296586,0.514407,0.00739508,-0.907549,0.00872349,0.00915283,0.00830805,0.0045278,-0.907549,0.00722663,1.83737,1.10404,0.000517573,0.152976,0.00087235,0.00152547,0.000348938,0.000732078,0.152976,0.116933,6.58018e-07,3.84396,0.354909
2085.0417,266.859,267.061,0,0.266038,0,0,0.00118011,1.57062e-05,-0.00118011,0,0,0.000897144,0,6.15656e-07,0,7.25841e-18,5.11101e-07,2.22073e-06,0,9.82919e-22,1.46629e-08,2.22073e-07,8.74634,87.7489,4.92932,0.444502,76.3528,0.34042,5.96557,0.0056334,0.34042,2.20529,0.0841748,-0.296223,0.514467,0.00814643,-0.907559,0.00851055,0.00914024,0.00810524,0.00454779,-0.907559,0.00719374,1.83739,1.10404,0.000568048,0.152976,0.000851055,0.00152337,0.00034042,0.000735287,0.152976,0.178745,6.15656e-07,3.81702,0.346054
2085.1250,269.001,269.058,0,0.266038,0,0,0.00134769,1.64038e-05,-0.00134769,0,0,0.000882701,0,5.79787e-07,0,7.35457e-18,4.3007e-07,2.16654e-06,0,9.95326e-22,1.29647e-08,2.16654e-07,8.70041,87.7477,4.9136,0.479595,76.3527,0.332114,5.95594,0.00531509,0.332114,2.2149,0.0837249,-0.295869,0.51452,0.00888058,-0.907562,0.00830288,0.00912754,0.00790747,0.0045677,-0.907562,0.00716144,1.83741,1.10404,0.000617394,0.152976,0.000830289,0.00152126,0.000332114,0.000738491,0.152976,0.28561,5.79787e-07,3.78681,0.337429
2085.2083,275.887,275.048,1.28622,0.356359,0.315304,0.00279719,0.00225234,0.00195511,0.000544844,2.00384e-08,4.99423e-06,0.000869011,7.57805e-12,5.64311e-07,5.21077e-05,6.86567e-18,-2.78279e-05,7.17455e-06,6.99633e-06,9.3006e-22,1.20908e-06,5.79508e-07,8.64889,87.7252,4.89877,0.489324,76.3642,0.324239,5.94689,0.00502527,0.324239,2.22281,0.0832974,-0.296235,0.51344,0.00905283,-0.906609,0.00810601,0.00911555,0.00771997,0.00458404,-0.906609,0.00713072,1.83743,1.10404,0.00062838,0.153008,0.000810601,0.00151926,0.000324239,0.000741127,0.153008,0.888704,5.64319e-07,3.75012,0.329264
2085.2917,291.496,289.432,2.89532,0.197558,2.19105,0.0115083,0.00514586,0.0031061,0.00636248,1.67449e-07,3.03651e-05,0.000875063,2.80482e-09,5.99429e-07,9.74463e-06,5.86227e-18,3.83217e-05,4.37435e-05,1.82103e-06,7.97225e-22,3.5244e-06,3.24999e-06,8.66861,87.6968,4.91025,0.419811,76.3902,0.327514,5.95757,0.00519749,0.327514,2.21826,0.0835122,-0.29723,0.511574,0.0075111,-0.904402,0.00818791,0.00913083,0.00779796,0.00457447,-0.904402,0.00714682,1.83745,1.10408,0.000527519,0.153078,0.000818791,0.0015218,0.000327515,0.000739609,0.153078,2.53867,6.02234e-07,3.75836,0.332712
2085.3750,294.988,293.755,3.10357,0.178914,2.58252,0.0153595,0.00650813,0.00295928,0.00885139,2.71652e-07,4.34169e-05,0.000912991,7.40743e-09,6.97641e-07,7.40001e-06,6.0337e-18,4.6812e-05,7.13019e-05,8.32566e-07,8.21368e-22,3.63277e-06,5.2714e-06,8.81772,87.8047,4.96475,0.381839,76.3929,0.348751,6.0008,0.00608934,0.348751,2.21224,0.0847664,-0.297057,0.510977,0.00674085,-0.904103,0.00871881,0.00919141,0.00830359,0.00456194,-0.904103,0.007239,1.83747,1.10406,0.000475374,0.153082,0.000871881,0.0015319,0.000348751,0.000737604,0.153082,3.26981,7.05048e-07,3.85297,0.35484
2085.4583,298.403,297.055,3.34255,0.120234,2.03502,0.0106916,0.006208,0.00187961,0.00448357,1.75071e-07,3.26282e-05,0.000956031,6.50575e-09,7.88408e-07,2.25045e-08,6.36088e-18,2.91807e-05,4.81222e-05,3.61997e-09,8.66215e-22,2.28573e-06,3.57818e-06,8.98294,87.9431,5.02679,0.36061,76.3923,0.372822,6.05016,0.00706206,0.372822,2.2072,0.0861872,-0.296765,0.51024,0.00632847,-0.904073,0.00932059,0.00926085,0.00887671,0.00455155,-0.904073,0.00734355,1.8375,1.10401,0.00044614,0.153077,0.000932059,0.00154348,0.000372822,0.000735922,0.153077,2.35757,7.94914e-07,3.95616,0.379884
2085.5417,292.327,292.1,3.43397,0.171449,1.07293,0.00751179,0.00525967,0.00220094,0.00225212,1.13872e-07,2.42083e-05,0.000972598,2.40486e-09,8.1928e-07,3.37282e-06,6.42193e-18,3.35423e-05,3.27725e-05,5.285e-07,8.74623e-22,2.68756e-06,2.45696e-06,9.03626,87.9881,5.05396,0.353739,76.393,0.381938,6.07363,0.00739757,0.381938,2.20506,0.0867533,-0.296393,0.510049,0.00620478,-0.903948,0.0095485,0.00929472,0.00909377,0.00454729,-0.903948,0.00738566,1.83752,1.104,0.000435991,0.153076,0.000954851,0.00154912,0.000381938,0.000735211,0.153076,1.65538,8.21685e-07,3.9823,0.389336
2085.6250,288.021,288.08,3.46452,0.172231,0.692417,0.00465955,0.00456035,0.00209549,9.92078e-05,5.65203e-08,1.39956e-05,0.000978389,6.47248e-10,8.22626e-07,5.96302e-07,6.37988e-18,3.63993e-05,1.76509e-05,1.43509e-07,8.6908e-22,2.5908e-06,1.3532e-06,9.05244,87.9882,5.0668,0.342924,76.3919,0.384973,6.08639,0.00747721,0.384973,2.20092,0.0869723,-0.296079,0.51038,0.00600062,-0.903971,0.00962437,0.00931381,0.00916603,0.00453887,-0.903971,0.00740244,1.83755,1.10403,0.000420896,0.15307,0.000962437,0.0015523,0.000384973,0.000733829,0.15307,1.00624,8.23273e-07,3.98563,0.39245
2085.7083,275.406,276.333,1.70364,0.191985,0.0886609,0.000730963,0.00233399,0.0011359,-0.00160302,1.95492e-09,9.28664e-07,0.000967274,1.98076e-12,7.88869e-07,3.73292e-08,6.40101e-18,1.98053e-05,2.99641e-06,1.08534e-08,8.71664e-22,1.33913e-06,2.84878e-07,9.00698,87.9429,5.05697,0.344324,76.391,0.378475,6.08205,0.00716968,0.378475,2.2006,0.0866433,-0.295685,0.511106,0.00603456,-0.904008,0.00946192,0.00930919,0.00901131,0.00453839,-0.904008,0.00737923,1.83757,1.10408,0.000422963,0.153066,0.000946192,0.00155153,0.000378475,0.000733724,0.153066,0.392079,7.88871e-07,3.95001,0.385645
2085.7917,272.285,272.561,0,0.406385,0,0,0.00159699,0.000948174,-0.00159699,0,0,0.000950807,0,7.47833e-07,1.63001e-06,6.33663e-18,1.40023e-05,2.407e-06,1.78215e-07,8.62341e-22,1.04269e-06,2.407e-07,8.95067,87.9071,5.03972,0.358706,76.3921,0.368974,6.07197,0.00675281,0.368974,2.20557,0.0861402,-0.295348,0.511557,0.00632136,-0.903916,0.0092244,0.00929647,0.0087851,0.00454884,-0.903916,0.00734331,1.83759,1.10412,0.000443979,0.153069,0.00092244,0.00154941,0.000368974,0.00073538,0.153069,0.317822,7.47833e-07,3.91095,0.375727
2085.8750,270.909,271.139,0,0.367651,0,0,0.00145507,0.000531452,-0.00145507,0,0,0.000934663,0,7.06063e-07,1.3844e-15,6.43939e-18,6.67847e-06,2.34629e-06,2.5211e-16,8.75576e-22,5.34678e-07,2.34629e-07,8.89984,87.8845,5.02261,0.37851,76.3936,0.359668,6.06184,0.00635856,0.359668,2.21256,0.0856446,-0.294957,0.511917,0.00672158,-0.903804,0.00899175,0.0092835,0.00856353,0.00456345,-0.903804,0.00730788,1.83762,1.10414,0.000472964,0.153073,0.000899175,0.00154725,0.000359668,0.000737711,0.153073,0.543579,7.06063e-07,3.87722,0.366027
2085.9583,270.065,270.224,0,0.350921,0,0,0.00133732,0.000358433,-0.00133732,0,0,0.000918656,0,6.75389e-07,1.05822e-23,6.52991e-18,1.77604e-06,2.28615e-06,1.41318e-24,8.87174e-22,3.07382e-07,2.28615e-07,8.84961,87.8707,5.00548,0.404022,76.3958,0.35045,6.05155,0.00598138,0.35045,2.22123,0.0851509,-0.294564,0.512084,0.00724385,-0.903625,0.00876129,0.00927019,0.00834404,0.00458147,-0.903625,0.00727252,1.83764,1.10415,0.000509485,0.15308,0.000876129,0.00154503,0.00035045,0.000740599,0.15308,0.243405,6.75389e-07,3.84413,0.356431
2086.0417,270.315,270.425,0,0.349192,0,0,0.00132913,0.000369926,-0.00132913,0,0,0.00090379,0,6.3439e-07,8.20685e-23,6.55275e-18,-2.83274e-07,2.23035e-06,1.09593e-23,8.89652e-22,2.84826e-07,2.23035e-07,8.80377,87.8604,4.98941,0.42779,76.399,0.341895,6.04177,0.00564307,0.341895,2.22983,0.08469,-0.294199,0.512145,0.00773114,-0.903364,0.00854742,0.00925741,0.00814036,0.00459932,-0.903364,0.00723947,1.83766,1.10416,0.000543238,0.153089,0.000854742,0.0015429,0.000341895,0.000743466,0.153089,0.313381,6.3439e-07,3.81436,0.347538
2086.1250,271.687,271.743,0,0.349611,0,0,0.00156094,0.000402862,-0.00156094,0,0,0.00088928,0,6.12165e-07,1.28642e-21,6.53988e-18,-9.86661e-07,2.17593e-06,1.71825e-22,8.87403e-22,3.00584e-07,2.17593e-07,8.75352,87.8441,4.97356,0.449075,76.4031,0.333552,6.03202,0.00532421,0.333552,2.2384,0.0842379,-0.293848,0.512158,0.00816633,-0.903027,0.00833886,0.00924452,0.00794172,0.00461707,-0.903027,0.007207,1.83768,1.10416,0.000573474,0.1531,0.000833886,0.00154075,0.000333552,0.000746322,0.1531,0.845778,6.12165e-07,3.77996,0.338877
2086.2083,276.388,275.837,2.17446,0.337224,0.480737,0.00404272,0.00236234,0.00222117,0.00168038,2.77201e-08,6.72533e-06,0.000876278,1.26387e-11,6.12341e-07,4.15565e-05,5.98318e-18,1.47449e-05,9.05672e-06,4.14878e-06,8.13782e-22,2.31963e-06,7.16237e-07,8.70471,87.8034,4.95956,0.442704,76.4133,0.32607,6.02354,0.00504971,0.32607,2.24271,0.0838306,-0.294597,0.511106,0.00799897,-0.902159,0.00815181,0.00923331,0.00776358,0.00462592,-0.902159,0.00717775,1.8377,1.10419,0.00056252,0.153128,0.000815181,0.00153889,0.00032607,0.000747759,0.153128,0.959626,6.12354e-07,3.74515,0.33112
2086.2917,288.715,287.467,2.8721,0.180653,1.65323,0.0109747,0.0047005,0.00252993,0.00627419,1.6714e-07,2.94899e-05,0.000883584,2.11226e-09,6.40034e-07,3.50576e-06,5.9965e-18,3.64985e-05,4.33252e-05,5.13029e-07,8.16943e-22,3.02812e-06,3.21699e-06,8.73263,87.8034,4.97204,0.411502,76.4194,0.330083,6.03455,0.00523084,0.330083,2.23982,0.0840604,-0.294704,0.510906,0.00731151,-0.901601,0.00825213,0.00924905,0.00785913,0.00461981,-0.901601,0.00719489,1.83772,1.10423,0.000517474,0.153143,0.000825213,0.00154151,0.000330083,0.000746797,0.153143,2.2769,6.42146e-07,3.76059,0.335314
2086.3750,297.485,295.523,3.11437,0.120346,2.15276,0.0111753,0.0056634,0.00199154,0.00551186,1.86286e-07,3.27232e-05,0.000918811,5.32103e-09,7.16177e-07,1.38503e-06,6.28599e-18,3.16261e-05,4.88793e-05,2.21237e-07,8.56831e-22,2.42894e-06,3.62603e-06,8.86235,87.9063,5.02139,0.38733,76.4205,0.349857,6.073,0.00601378,0.349857,2.23612,0.0851735,-0.294446,0.510395,0.00681892,-0.901445,0.00874646,0.00930298,0.00832992,0.00461207,-0.901445,0.00727662,1.83775,1.1042,0.000483818,0.153143,0.000874646,0.0015505,0.000349857,0.000745563,0.153143,2.3992,7.21498e-07,3.84096,0.35587
2086.4583,294.934,294.478,3.27545,0.17369,1.77347,0.0120753,0.00604298,0.00258935,0.00603235,2.16509e-07,3.71764e-05,0.000947821,6.36399e-09,7.75456e-07,4.45964e-06,6.42823e-18,4.01416e-05,5.79737e-05,7.30638e-07,8.76588e-22,3.23091e-06,4.29382e-06,8.96097,87.9879,5.06311,0.372603,76.4212,0.366094,6.10613,0.00663367,0.366094,2.23311,0.086099,-0.29417,0.509899,0.0065338,-0.901308,0.00915238,0.00934981,0.00871651,0.00460587,-0.901308,0.00734475,1.83777,1.10418,0.000462742,0.153141,0.000915238,0.0015583,0.000366094,0.000744561,0.153141,2.49114,7.8182e-07,3.89786,0.372727
2086.5417,291.942,291.628,3.43072,0.141513,1.10198,0.00738552,0.00497277,0.00178664,0.00241275,1.17065e-07,2.44308e-05,0.000975628,2.33315e-09,8.13866e-07,1.63642e-07,6.54654e-18,2.65444e-05,3.33142e-05,4.62674e-08,8.92974e-22,2.17812e-06,2.49399e-06,9.06184,88.0726,5.1038,0.360866,76.4207,0.381614,6.13884,0.0072024,0.381614,2.22918,0.0869938,-0.293833,0.509529,0.00631637,-0.90127,0.0095404,0.00939635,0.00908605,0.00459781,-0.90127,0.00741077,1.83779,1.10416,0.000445829,0.153136,0.00095404,0.00156606,0.000381614,0.000743249,0.153136,1.51102,8.16199e-07,3.95804,0.388817
2086.6250,287.481,287.554,3.45387,0.216475,0.583325,0.00442591,0.00441887,0.00250741,7.0379e-06,5.47636e-08,1.36108e-05,0.000980063,5.07999e-10,8.13893e-07,1.74838e-05,6.28265e-18,4.47354e-05,1.70871e-05,3.10526e-06,8.5766e-22,3.13852e-06,1.31057e-06,9.07075,88.0678,5.11409,0.35149,76.4201,0.383917,6.14922,0.00724266,0.383917,2.22553,0.0871536,-0.293785,0.50958,0.00614011,-0.901249,0.00959796,0.00941205,0.00914087,0.00459038,-0.901249,0.00742315,1.83782,1.10419,0.000432407,0.153131,0.000959796,0.00156868,0.000383917,0.000742032,0.153131,1.10875,8.14401e-07,3.95667,0.391159
2086.7083,274.844,275.8,2.57193,0.293281,0.0741875,0.000685353,0.0023226,0.00143904,-0.00163724,1.23226e-09,5.44937e-07,0.000969155,3.05404e-12,7.85325e-07,4.08406e-06,6.17222e-18,2.89132e-05,2.79242e-06,9.11686e-07,8.42841e-22,1.78456e-06,2.7002e-07,9.02586,88.0093,5.10424,0.344142,76.417,0.377548,6.14471,0.00694724,0.377548,2.22225,0.0868273,-0.293696,0.510351,0.00599683,-0.901454,0.00943874,0.00940708,0.00898924,0.00458371,-0.901454,0.00740012,1.83784,1.10426,0.000423072,0.15312,0.000943874,0.00156785,0.000377548,0.00074094,0.15312,0.468098,7.85328e-07,3.92162,0.384495
2086.7917,265.947,266.772,0,0.191588,0,0,0.00130297,0.000117992,-0.00130297,0,0,0.00095266,0,7.43523e-07,3.06e-16,6.6255e-18,3.53835e-06,2.40088e-06,8.78394e-17,9.04036e-22,1.31138e-07,2.40088e-07,8.97269,87.9879,5.08685,0.370183,76.4158,0.368036,6.13447,0.00654196,0.368036,2.22925,0.086323,-0.293327,0.510778,0.00653293,-0.901559,0.00920094,0.00939402,0.00876276,0.00459835,-0.901559,0.00736409,1.83786,1.10428,0.000460804,0.153117,0.000920095,0.00156567,0.000368036,0.000743274,0.153117,0.282303,7.43523e-07,3.88584,0.374578
2086.8750,268.408,268.65,0,0.190958,0,0,0.00122906,5.62294e-05,-0.00122906,0,0,0.000936549,0,6.9509e-07,0,6.78411e-18,1.2865e-06,2.34032e-06,0,9.25023e-22,4.92559e-08,2.34032e-07,8.9261,87.989,5.06969,0.40788,76.4157,0.358754,6.12422,0.00616002,0.358754,2.23934,0.085828,-0.292931,0.510879,0.00731795,-0.901576,0.00896889,0.00938081,0.00854176,0.00461935,-0.901576,0.00732868,1.83789,1.10428,0.00051402,0.153117,0.000896889,0.00156347,0.000358754,0.000746637,0.153117,0.1406,6.9509e-07,3.85641,0.364914
2086.9583,268.38,268.632,0,0.190958,0,0,0.00124399,5.96353e-05,-0.00124399,0,0,0.000920576,0,6.48542e-07,0,6.78341e-18,9.10004e-07,2.28034e-06,0,9.24277e-22,4.21172e-08,2.28034e-07,8.87857,87.9891,5.0525,0.445117,76.4158,0.349559,6.11383,0.00579461,0.349559,2.24961,0.0853348,-0.29254,0.510957,0.00809418,-0.901567,0.00873901,0.00936726,0.00832282,0.00464068,-0.901567,0.00729334,1.83791,1.10428,0.000566702,0.153117,0.000873901,0.00156121,0.000349559,0.000750061,0.153117,0.151396,6.48542e-07,3.82607,0.355353
2087.0417,267.909,268.151,0,0.190958,0,0,0.0012668,5.54466e-05,-0.0012668,0,0,0.000905741,0,6.09227e-07,0,6.83533e-18,4.99704e-07,2.22468e-06,0,9.30736e-22,3.19174e-08,2.22468e-07,8.83247,87.9875,5.03637,0.479497,76.4162,0.341026,6.10396,0.00546687,0.341026,2.25938,0.0848745,-0.292176,0.511019,0.00881146,-0.901542,0.00852568,0.00935425,0.00811966,0.00466092,-0.901542,0.00726031,1.83793,1.10428,0.00061547,0.153119,0.000852569,0.00155904,0.000341026,0.000753317,0.153119,0.264927,6.09227e-07,3.79609,0.346492
2087.1250,269.044,269.188,0,0.194854,0,0,0.00134816,7.42233e-05,-0.00134816,0,0,0.000891261,0,5.80167e-07,4.54454e-15,6.86179e-18,-9.16055e-07,2.17039e-06,4.04179e-16,9.33737e-22,3.02035e-08,2.17039e-07,8.78461,87.9834,5.02047,0.51297,76.4167,0.332704,6.0941,0.00515797,0.332704,2.26915,0.0844229,-0.291822,0.511067,0.00951088,-0.901504,0.00831765,0.00934114,0.00792153,0.00468112,-0.901504,0.00722787,1.83795,1.10428,0.000663028,0.15312,0.000831765,0.00155686,0.000332704,0.000756572,0.15312,0.381278,5.80167e-07,3.76414,0.337862
2087.2083,276.191,275.461,1.93988,0.429523,0.455341,0.00386647,0.00231676,0.00271173,0.0015497,3.06753e-08,6.87526e-06,0.000878127,1.37685e-11,5.63431e-07,9.27061e-05,6.17314e-18,-1.66781e-05,9.89456e-06,8.04888e-06,8.43409e-22,2.17818e-06,7.76994e-07,8.73708,87.942,5.00616,0.491682,76.439,0.325154,6.08531,0.00488845,0.325154,2.2742,0.0840103,-0.293464,0.50846,0.00899859,-0.899624,0.0081289,0.00932941,0.00774177,0.00469147,-0.899624,0.00719821,1.83797,1.1043,0.000627986,0.153181,0.000812891,0.0015549,0.000325154,0.000758256,0.153181,0.867423,5.63445e-07,3.73092,0.330043
2087.2917,289.899,288.255,2.9104,0.171381,1.91233,0.0113534,0.00486022,0.0026474,0.00649316,1.78125e-07,3.12414e-05,0.000889023,2.54388e-09,5.96179e-07,1.78383e-06,5.92942e-18,3.30482e-05,4.67036e-05,3.04234e-07,8.12664e-22,3.06181e-06,3.46081e-06,8.7752,87.9399,5.02258,0.440233,76.4542,0.331232,6.09876,0.00513622,0.331232,2.27025,0.0843407,-0.294049,0.507352,0.00786969,-0.898294,0.00828084,0.00934846,0.00788647,0.00468313,-0.898294,0.00722263,1.83799,1.10433,0.000553999,0.153221,0.000828084,0.00155808,0.000331232,0.00075694,0.153221,2.28526,5.98722e-07,3.75262,0.336368
2087.3750,296.705,295.215,3.16481,0.14822,2.40579,0.0138669,0.00623258,0.00246115,0.00763428,2.48886e-07,4.04884e-05,0.000931095,7.69493e-09,6.80637e-07,5.71263e-07,6.23883e-18,3.20406e-05,6.58732e-05,6.32343e-08,8.5566e-22,2.96596e-06,4.86537e-06,8.92784,88.0644,5.07935,0.411842,76.458,0.354947,6.14173,0.00603024,0.354947,2.26668,0.0856458,-0.293701,0.506573,0.00729746,-0.897893,0.00887373,0.00940861,0.00845113,0.00467565,-0.897893,0.00731828,1.83802,1.10429,0.000514626,0.153227,0.000887373,0.0015681,0.000354947,0.00075575,0.153227,2.9879,6.88332e-07,3.84849,0.360978
2087.4583,299.597,298.2,3.26979,0.114169,0.810839,0.00487925,0.00480784,0.00176663,7.1408e-05,5.47749e-08,1.32473e-05,0.000950086,2.03026e-09,7.28776e-07,8.51679e-06,6.49665e-18,2.29534e-05,1.65065e-05,8.54891e-07,8.91369e-22,2.07857e-06,1.26394e-06,8.97902,88.104,5.10708,0.399578,76.4602,0.365539,6.164,0.00640147,0.365539,2.26516,0.0862411,-0.293331,0.506323,0.0070634,-0.897631,0.00913851,0.0094404,0.0087033,0.00467252,-0.897631,0.00736227,1.83804,1.10429,0.000497201,0.15323,0.000913851,0.0015734,0.000365539,0.000755242,0.15323,1.29371,7.30806e-07,3.87195,0.37194
2087.5417,291.898,291.791,3.3317,0.264312,1.03704,0.00830764,0.00548262,0.00358833,0.00282502,1.32088e-07,2.56931e-05,0.000961302,2.84216e-09,7.54482e-07,6.33532e-05,5.97256e-18,6.78749e-05,3.71624e-05,8.2379e-06,8.21843e-22,4.61849e-06,2.77166e-06,9.00447,88.0944,5.12507,0.372234,76.4594,0.37174,6.17933,0.00660195,0.37174,2.25825,0.0866006,-0.294086,0.505721,0.00652057,-0.897587,0.00929354,0.00946265,0.00885095,0.00465822,-0.897587,0.00738909,1.83806,1.10433,0.000459735,0.153223,0.000929354,0.00157711,0.00037174,0.000752939,0.153223,1.76479,7.57324e-07,3.8794,0.378342
2087.6250,288.51,288.531,3.37398,0.278524,0.649032,0.00473162,0.00467305,0.00320841,5.85647e-05,5.73169e-08,1.37318e-05,0.000969066,7.28053e-10,7.67509e-07,4.99374e-05,5.54e-18,7.12209e-05,1.76868e-05,6.8936e-06,7.65121e-22,4.25079e-06,1.35205e-06,9.02338,88.0596,5.13874,0.339349,76.4506,0.375966,6.19161,0.0067211,0.375966,2.24627,0.0868554,-0.295421,0.505433,0.00587013,-0.898213,0.00939918,0.00948074,0.00895156,0.00463341,-0.898213,0.00740829,1.83809,1.10441,0.000416224,0.153193,0.000939918,0.00158012,0.000375965,0.000748946,0.153193,1.18573,7.68237e-07,3.88464,0.382687
2087.7083,275.489,276.521,2.62793,0.324666,0.0951909,0.00074896,0.00234292,0.00177968,-0.00159395,1.35245e-09,5.76732e-07,0.000958122,5.54588e-12,7.42723e-07,1.23378e-05,5.41835e-18,4.14701e-05,2.77217e-06,1.6268e-06,7.49396e-22,2.31779e-06,2.67098e-07,8.97726,87.9836,5.12841,0.325424,76.4418,0.369596,6.18646,0.00644361,0.369596,2.23912,0.0865239,-0.29614,0.506013,0.00559763,-0.898893,0.00923995,0.00947467,0.00879991,0.00461862,-0.898893,0.00738479,1.83811,1.1045,0.0003985,0.153166,0.000923995,0.00157911,0.000369596,0.000746562,0.153166,0.401648,7.42729e-07,3.84885,0.37604
2087.7917,267.444,268.013,0,0.417777,0,0,0.00133894,0.000117593,-0.00133894,0,0,0.000941962,0,7.00862e-07,1.18203e-11,5.9893e-18,4.6492e-06,2.35032e-06,2.83839e-12,8.27577e-22,1.47236e-07,2.35032e-07,8.92487,87.9566,5.11117,0.347932,76.439,0.360286,6.17616,0.00606777,0.360286,2.24482,0.0860277,-0.295838,0.506574,0.00606376,-0.899134,0.0090072,0.00946132,0.00857824,0.0046305,-0.899134,0.00734929,1.83813,1.10453,0.000431374,0.153159,0.00090072,0.00157689,0.000360286,0.000748464,0.153159,0.271319,7.00862e-07,3.8137,0.366354
2087.8750,269.143,269.406,0,0.409817,0,0,0.00132045,7.68622e-05,-0.00132045,0,0,0.000926175,0,6.67672e-07,2.08165e-33,6.16479e-18,2.38645e-06,2.29104e-06,5.47831e-34,8.51154e-22,7.94726e-08,2.29104e-07,8.87594,87.9539,5.09415,0.384513,76.4385,0.351199,6.16584,0.00571353,0.351199,2.25495,0.0855406,-0.295451,0.506711,0.00682769,-0.899182,0.00878003,0.00944781,0.00836189,0.00465151,-0.899182,0.00731439,1.83816,1.10454,0.000483359,0.153158,0.000878003,0.00157464,0.000351199,0.000751838,0.153158,0.508681,6.67672e-07,3.78179,0.356913
2087.9583,268.351,268.567,0,0.409817,0,0,0.00122646,6.55691e-05,-0.00122646,0,0,0.000910522,0,6.338e-07,2.10671e-41,6.3286e-18,1.37617e-06,2.23232e-06,5.81118e-42,8.73103e-22,5.412e-08,2.23232e-07,8.82779,87.9523,5.0771,0.420721,76.4385,0.342198,6.15538,0.0053746,0.342198,2.26526,0.0850552,-0.295067,0.506812,0.00758502,-0.899192,0.00855499,0.00943397,0.00814757,0.00467287,-0.899192,0.00727956,1.83818,1.10454,0.000534878,0.153158,0.000855499,0.00157233,0.000342198,0.000755276,0.153158,0.2486,6.338e-07,3.75069,0.347573
2088.0417,267.93,268.149,0,0.409817,0,0,0.00114305,5.79824e-05,-0.00114305,0,0,0.000895984,0,5.9653e-07,0,6.50915e-18,7.33563e-07,2.17783e-06,0,8.97387e-22,3.81318e-08,2.17783e-07,8.78367,87.9518,5.0611,0.454306,76.4387,0.333845,6.14544,0.00507062,0.333845,2.27508,0.0846021,-0.294711,0.506883,0.00828862,-0.899178,0.00834616,0.00942071,0.00794868,0.00469317,-0.899178,0.007247,1.8382,1.10454,0.000582731,0.153159,0.000834616,0.00157012,0.000333845,0.00075855,0.153159,0.190962,5.9653e-07,3.72257,0.338915
2088.1250,268.688,268.807,0,0.409954,0,0,0.00123852,5.76826e-05,-0.00123852,0,0,0.000881794,0,5.64723e-07,0,6.61528e-18,3.21523e-07,2.12469e-06,0,9.11402e-22,2.9763e-08,2.12469e-07,8.7398,87.9509,5.04532,0.486989,76.4392,0.325698,6.13551,0.0047841,0.325698,2.2849,0.0841575,-0.294364,0.506937,0.00897424,-0.899146,0.00814251,0.00940735,0.00775473,0.00471343,-0.899146,0.00721502,1.83822,1.10454,0.000629389,0.15316,0.000814251,0.00156789,0.000325698,0.000761824,0.15316,0.32644,5.64723e-07,3.69448,0.330483
2088.2083,272.599,272.214,0.643352,0.574778,0.15276,0.00134073,0.00166201,0.00125354,-0.000321279,9.69803e-09,2.12142e-06,0.000867646,1.63707e-12,5.49435e-07,3.00733e-05,6.46004e-18,-2.79605e-05,4.46339e-06,3.53625e-06,8.89785e-22,6.86808e-07,3.8004e-07,8.6907,87.9381,5.02943,0.507634,76.4456,0.317584,6.1254,0.00450777,0.317584,2.29413,0.083711,-0.294164,0.506609,0.00938885,-0.898605,0.00793965,0.00939363,0.00756153,0.00473242,-0.898605,0.00718284,1.83824,1.10454,0.000656807,0.153178,0.000793965,0.00156561,0.000317584,0.000764901,0.153178,0.818298,5.49437e-07,3.66127,0.322092
2088.2917,285.177,283.547,2.83864,0.258272,1.36924,0.0106179,0.00415295,0.00320611,0.00646495,1.63541e-07,2.70412e-05,0.000874792,7.81112e-10,5.65794e-07,2.36669e-05,5.43573e-18,3.15832e-05,4.26558e-05,4.12555e-06,7.5125e-22,3.52367e-06,3.1505e-06,8.69794,87.9104,5.03796,0.446395,76.4738,0.321678,6.13117,0.00460709,0.321678,2.29225,0.0838212,-0.29509,0.504583,0.00799452,-0.896217,0.00804199,0.00940185,0.00765899,0.0047283,-0.896217,0.00719097,1.83826,1.10457,0.000564057,0.153255,0.000804199,0.00156698,0.000321678,0.000764273,0.153255,1.799,5.66575e-07,3.65998,0.326285
2088.3750,294.799,293.269,3.14052,0.194117,2.5956,0.0153197,0.00648272,0.0032725,0.00883699,2.94147e-07,4.30358e-05,0.000928624,7.36788e-09,6.4143e-07,1.28755e-05,5.41005e-18,5.4045e-05,7.73322e-05,1.94212e-06,7.49248e-22,4.06342e-06,5.6775e-06,8.84336,88,5.10058,0.395516,76.4776,0.352473,6.17254,0.00549821,0.352473,2.28352,0.0852002,-0.295248,0.503694,0.00695117,-0.895803,0.00881186,0.00945956,0.00839221,0.00471003,-0.895803,0.00729136,1.83828,1.10456,0.000493379,0.15326,0.000881186,0.00157659,0.000352473,0.000761363,0.15326,3.14145,6.48798e-07,3.74279,0.357971
2088.4583,298.326,296.899,3.49863,0.14186,2.50992,0.0123892,0.00676741,0.00235918,0.00562182,2.23853e-07,3.66311e-05,0.000991403,7.98909e-09,7.48919e-07,8.52899e-06,5.73159e-18,4.04066e-05,6.23336e-05,9.27807e-07,7.94221e-22,2.94071e-06,4.59256e-06,9.01908,88.1439,5.17425,0.371364,76.4759,0.388334,6.22169,0.00650812,0.388334,2.2775,0.0868975,-0.295113,0.502671,0.00647582,-0.895855,0.0097084,0.00952844,0.00924605,0.00469753,-0.895855,0.00741512,1.83831,1.1045,0.000460729,0.153252,0.00097084,0.00158807,0.000388334,0.000759356,0.153252,2.96224,7.56908e-07,3.84484,0.394842
2088.5417,293.704,293.386,3.69486,0.176322,1.35723,0.00884197,0.00591318,0.00245839,0.00292879,1.44575e-07,2.71003e-05,0.00102536,3.60514e-09,8.08215e-07,5.91933e-06,5.86004e-18,4.03123e-05,4.25115e-05,7.86995e-07,8.12273e-22,3.065e-06,3.15491e-06,9.10375,88.2117,5.21541,0.359943,76.4748,0.407667,6.25007,0.00699241,0.407667,2.27321,0.0878366,-0.294876,0.502216,0.00625934,-0.895877,0.0101917,0.00956887,0.00970636,0.00468871,-0.895877,0.00748394,1.83833,1.10448,0.000444754,0.153245,0.00101917,0.00159481,0.000407667,0.000757926,0.153245,1.93981,8.11821e-07,3.88834,0.41466
2088.6250,287.018,287.32,3.76575,0.179945,0.645748,0.00461935,0.00449847,0.00215378,0.000120874,5.52458e-08,1.28705e-05,0.00103766,6.18055e-10,8.19244e-07,1.0514e-06,5.83848e-18,3.88036e-05,1.81637e-05,2.16718e-07,8.09444e-22,2.6912e-06,1.38869e-06,9.12757,88.2149,5.23192,0.347855,76.4721,0.414596,6.26252,0.00709516,0.414596,2.26728,0.0881736,-0.294575,0.502556,0.00603242,-0.896014,0.0103649,0.00958734,0.00987134,0.00467652,-0.896014,0.0075091,1.83836,1.10451,0.000427913,0.153234,0.00103649,0.00159789,0.000414596,0.00075595,0.153234,0.98455,8.19862e-07,3.89565,0.421691
2088.7083,275.497,276.272,2.48541,0.298024,0.0602339,0.000719465,0.00243797,0.00161566,-0.00171851,5.91852e-10,3.05501e-07,0.00102536,4.54737e-13,7.88428e-07,4.41846e-06,5.69888e-18,2.88138e-05,2.82505e-06,9.31035e-07,7.89931e-22,1.9578e-06,2.7771e-07,9.08043,88.1647,5.22011,0.347972,76.4707,0.407442,6.25648,0.00677843,0.407442,2.26562,0.0877985,-0.294243,0.503338,0.00604025,-0.896094,0.0101861,0.00958015,0.00970101,0.00467317,-0.896094,0.00748263,1.83838,1.10457,0.000428162,0.153228,0.00101861,0.00159669,0.000407443,0.000755396,0.153228,0.532238,7.88429e-07,3.86032,0.414221
2088.7917,266.565,267.276,0,0.229732,0,0,0.00143493,0.000122558,-0.00143493,0,0,0.00100759,0,7.51333e-07,1.09101e-11,6.08927e-18,4.03142e-06,2.59096e-06,2.99011e-12,8.43504e-22,1.41015e-07,2.59096e-07,9.02455,88.1371,5.20182,0.371355,76.4698,0.397174,6.24604,0.00638284,0.397174,2.27133,0.0872639,-0.293877,0.503812,0.00652246,-0.89616,0.0099294,0.00956674,0.00945653,0.0046851,-0.89616,0.00744457,1.83841,1.10459,0.000461893,0.153226,0.00099294,0.00159446,0.000397174,0.000757301,0.153226,0.362139,7.51333e-07,3.82273,0.403557
2088.8750,266.784,267.115,0,0.207277,0,0,0.00131872,5.47829e-05,-0.00131872,0,0,0.000990234,0,7.05138e-07,0,6.30441e-18,1.3626e-06,2.52561e-06,0,8.7267e-22,4.93039e-08,2.52561e-07,8.97392,88.1368,5.18378,0.411682,76.4696,0.387157,6.23561,0.00601019,0.387157,2.28161,0.0867395,-0.293453,0.503922,0.00736373,-0.896185,0.00967897,0.00955318,0.00921803,0.00470645,-0.896185,0.0074072,1.83843,1.1046,0.000518872,0.153225,0.000967897,0.0015922,0.000387157,0.000760726,0.153225,0.195126,7.05138e-07,3.79014,0.393167
2088.9583,265.955,266.295,0,0.207277,0,0,0.00119886,4.02173e-05,-0.00119886,0,0,0.000973031,0,6.59559e-07,0,6.46142e-18,7.7065e-07,2.46088e-06,0,8.93777e-22,3.04962e-08,2.46088e-07,8.92425,88.1379,5.16572,0.451817,76.4697,0.377234,6.22503,0.00565367,0.377234,2.29209,0.0862173,-0.293033,0.503999,0.0082027,-0.89618,0.0094309,0.00953927,0.00898176,0.00472818,-0.89618,0.00736992,1.83846,1.1046,0.000575596,0.153226,0.00094309,0.00158988,0.000377234,0.000764218,0.153226,0.178919,6.59559e-07,3.75854,0.382888
2089.0417,265.241,265.515,0,0.207277,0,0,0.00110337,1.1011e-05,-0.00110337,0,0,0.000957054,0,6.17095e-07,0,6.64552e-18,4.07998e-07,2.40081e-06,0,9.18665e-22,1.13072e-08,2.40081e-07,8.88092,88.1427,5.14877,0.489917,76.4698,0.368025,6.21498,0.0053339,0.368025,2.3021,0.08573,-0.292644,0.504057,0.00900208,-0.896182,0.00920068,0.00952593,0.00876251,0.0047489,-0.896182,0.00733508,1.83848,1.1046,0.000629308,0.153226,0.000920068,0.00158766,0.000368025,0.000767557,0.153226,0.15745,6.17095e-07,3.73215,0.373359
2089.1250,269.934,269.925,0.0234408,0.315028,0.000626154,7.57911e-06,0.00147334,0.000167271,-0.00146576,0,0,0.00094146,0,5.88746e-07,5.63136e-07,6.72988e-18,-5.85181e-06,2.34223e-06,2.50862e-08,9.2983e-22,8.57691e-08,2.34223e-07,8.83274,88.1416,5.13207,0.526628,76.4702,0.359045,6.20494,0.00503251,0.359045,2.31206,0.0852521,-0.292292,0.504058,0.00977343,-0.896145,0.00897618,0.0095125,0.0085487,0.00476947,-0.896145,0.00730087,1.8385,1.1046,0.000680751,0.153227,0.000897618,0.00158542,0.000359045,0.000770877,0.153227,0.60889,5.88746e-07,3.70067,0.364078
2089.2083,279.671,278.423,3.11741,0.28471,0.713567,0.00577309,0.00283934,0.00286661,0.00293375,4.63452e-08,1.11817e-05,0.000928532,4.58388e-11,5.80382e-07,4.47862e-05,5.92775e-18,-1.69607e-05,1.45709e-05,4.25598e-06,8.21286e-22,2.28293e-06,1.12396e-06,8.79171,88.1003,5.11888,0.49465,76.4979,0.351574,6.19751,0.00480532,0.351574,2.316,0.0848806,-0.293043,0.502078,0.00902771,-0.893807,0.00878939,0.00950258,0.00837081,0.00477749,-0.893807,0.00727437,1.83853,1.10462,0.000629195,0.153303,0.000878939,0.00158376,0.000351574,0.000772189,0.153303,0.964854,5.80427e-07,3.67283,0.356379
2089.2917,290.113,288.626,3.16,0.17823,1.79782,0.0117665,0.00488202,0.00276187,0.00688452,1.73946e-07,3.20679e-05,0.000934012,2.42847e-09,6.14959e-07,4.2102e-06,5.59811e-18,3.2358e-05,4.75921e-05,4.75229e-07,7.77196e-22,3.1785e-06,3.53915e-06,8.84214,88.114,5.13063,0.447266,76.5123,0.354479,6.209,0.00501719,0.354479,2.31226,0.0852369,-0.293041,0.501492,0.00799527,-0.892535,0.00886201,0.00951885,0.00843997,0.00476956,-0.892535,0.00730099,1.83855,1.10464,0.000562143,0.15334,0.000886202,0.00158647,0.000354479,0.000770942,0.15334,2.33896,6.17388e-07,3.71151,0.359496
2089.3750,294.89,293.523,3.32374,0.135056,2.17046,0.0131426,0.00559054,0.00211715,0.00755207,2.19564e-07,3.92869e-05,0.000963597,5.34055e-09,6.97135e-07,1.0321e-06,5.86466e-18,2.74732e-05,6.0084e-05,1.25576e-07,8.14959e-22,2.50948e-06,4.45608e-06,9.01055,88.2545,5.17543,0.419349,76.5163,0.370939,6.24584,0.00578394,0.370939,2.30837,0.086504,-0.292737,0.500678,0.00743226,-0.892113,0.00927352,0.00957042,0.00883188,0.0047614,-0.892113,0.00739433,1.83857,1.10461,0.000523696,0.153346,0.000927352,0.00159507,0.000370939,0.000769647,0.153346,2.62447,7.02475e-07,3.83513,0.376723
2089.4583,297.507,296.636,3.49743,0.178492,2.27436,0.0133783,0.0067609,0.00301584,0.00661738,2.26912e-07,3.99811e-05,0.000994697,8.45689e-09,7.7882e-07,1.45122e-05,5.93014e-18,4.52262e-05,6.31569e-05,1.65566e-06,8.2521e-22,3.73712e-06,4.68491e-06,9.16824,88.3853,5.2228,0.395825,76.5183,0.388226,6.28495,0.00655704,0.388226,2.303,0.0877738,-0.292668,0.499668,0.00697277,-0.891832,0.00970569,0.00962543,0.00924347,0.00475024,-0.891832,0.00748799,1.8386,1.10457,0.000490687,0.153347,0.000970569,0.00160424,0.000388226,0.000767857,0.153347,2.98571,7.87277e-07,3.94544,0.394783
2089.5417,291.214,291.135,3.62816,0.237468,1.09032,0.00876839,0.00556124,0.00312598,0.00320715,1.3259e-07,2.72483e-05,0.00101807,2.49039e-09,8.36498e-07,3.57331e-05,5.75353e-18,5.72965e-05,3.89489e-05,4.35771e-06,8.02215e-22,3.99035e-06,2.91449e-06,9.28262,88.4612,5.26023,0.36902,76.5158,0.40113,6.31683,0.0071191,0.40113,2.29375,0.088727,-0.29295,0.499044,0.00645236,-0.891905,0.0100283,0.00967074,0.00955071,0.00473111,-0.891905,0.0075586,1.83862,1.10458,0.000453826,0.153334,0.00100283,0.00161179,0.00040113,0.000764772,0.153334,1.88815,8.38989e-07,4.02239,0.408249
2089.6250,287.276,287.383,3.65225,0.204762,0.717529,0.00495077,0.00464519,0.00250222,0.000305581,5.77938e-08,1.4546e-05,0.00102274,5.86065e-10,8.43089e-07,8.30225e-06,5.67124e-18,5.00473e-05,1.85878e-05,1.21183e-06,7.91702e-22,3.19392e-06,1.42583e-06,9.31098,88.4555,5.27237,0.349322,76.5101,0.403496,6.32954,0.00722261,0.403496,2.28509,0.0889909,-0.293224,0.499298,0.0060645,-0.892291,0.0100874,0.00968959,0.00960705,0.00471325,-0.892291,0.0075788,1.83865,1.10463,0.000427846,0.153313,0.00100874,0.00161493,0.000403496,0.000761885,0.153313,1.04163,8.43675e-07,4.03862,0.410719
2089.7083,278.476,279.294,3.01084,0.230395,0.121445,0.00113314,0.00294464,0.00176982,-0.00181149,3.7167e-09,1.54309e-06,0.00101139,1.05998e-11,8.11515e-07,5.97809e-06,5.64564e-18,3.41475e-05,3.61388e-06,9.31848e-07,7.87841e-22,2.18761e-06,3.33007e-07,9.26835,88.4025,5.26265,0.345694,76.5065,0.396847,6.32555,0.00694712,0.396847,2.28197,0.0886797,-0.29294,0.500219,0.00599329,-0.892538,0.00992121,0.0096853,0.00944873,0.00470689,-0.892538,0.00755697,1.83867,1.10469,0.000423501,0.153301,0.000992121,0.00161422,0.000396847,0.000760845,0.153301,0.57977,8.11526e-07,4.00569,0.403794
2089.7917,267.516,268.431,0,0.165989,0,0,0.00143577,0.000248166,-0.00143577,0,0,0.000994194,0,7.71541e-07,1.90113e-10,5.93454e-18,6.93822e-06,2.52406e-06,4.70673e-11,8.27633e-22,2.82165e-07,2.52406e-07,9.21082,88.3676,5.24472,0.365219,76.5048,0.38692,6.31515,0.00654483,0.38692,2.28675,0.0881582,-0.292644,0.500771,0.00639254,-0.892683,0.00967304,0.00967197,0.00921238,0.00471689,-0.892683,0.00751979,1.8387,1.10473,0.000452198,0.153296,0.000967304,0.001612,0.00038692,0.000762438,0.153296,0.264994,7.71541e-07,3.9661,0.393465
2089.8750,265.43,265.968,0,0.165853,0,0,0.00124856,3.69643e-05,-0.00124856,0,0,0.000977269,0,7.23048e-07,0,6.31843e-18,1.1917e-06,2.4604e-06,0,8.80492e-22,3.84109e-08,2.46041e-07,9.16163,88.367,5.22685,0.403857,76.5045,0.377161,6.3046,0.00616273,0.377161,2.29698,0.0876422,-0.292229,0.50091,0.00719504,-0.892715,0.00942908,0.0096583,0.00898003,0.00473818,-0.892715,0.00748293,1.83872,1.10473,0.000506834,0.153296,0.000942908,0.00160972,0.000377161,0.000765851,0.153296,0.184192,7.23048e-07,3.93478,0.383324
2089.9583,266.937,267.237,0,0.165853,0,0,0.00119225,3.1252e-05,-0.00119225,0,0,0.000960489,0,6.75819e-07,0,6.44169e-18,6.53187e-07,2.39734e-06,0,8.97058e-22,2.46371e-08,2.39734e-07,9.11226,88.3682,5.20895,0.443878,76.5045,0.367494,6.2939,0.00579716,0.367494,2.30762,0.0871281,-0.291819,0.500982,0.00803078,-0.89272,0.00918741,0.00964427,0.00874987,0.00476024,-0.89272,0.00744616,1.83875,1.10473,0.000563105,0.153296,0.000918741,0.00160738,0.000367494,0.000769396,0.153296,0.21987,6.75819e-07,3.9033,0.373292
2090.0417,266.465,266.719,0,0.165853,0,0,0.00116478,2.66555e-05,-0.00116478,0,0,0.000944904,0,6.34006e-07,0,6.52124e-18,3.25748e-07,2.33882e-06,0,9.07562e-22,1.59408e-08,2.33882e-07,9.06879,88.3721,5.19216,0.481037,76.5046,0.358524,6.28374,0.00546928,0.358524,2.31774,0.0866483,-0.291438,0.501038,0.00880778,-0.892713,0.00896314,0.00963082,0.00853628,0.00478118,-0.892713,0.00741179,1.83877,1.10473,0.000615434,0.153297,0.000896314,0.00160514,0.000358524,0.000772768,0.153297,0.135898,6.34006e-07,3.87662,0.363993
2090.1250,270.103,270.078,0,0.244619,0,0,0.00151675,0.000257743,-0.00151675,0,0,0.000929693,0,6.00403e-07,2.24801e-06,6.52087e-18,-9.05845e-06,2.28176e-06,1.05102e-07,9.06971e-22,1.02487e-07,2.28176e-07,9.01912,88.3684,5.17561,0.516147,76.5053,0.349775,6.27359,0.00516024,0.349775,2.32777,0.0861777,-0.291077,0.501051,0.00954176,-0.892649,0.00874443,0.00961727,0.00832798,0.00480191,-0.892649,0.00737804,1.83879,1.10473,0.000664728,0.153299,0.000874443,0.00160288,0.000349775,0.000776113,0.153299,0.539357,6.00403e-07,3.84351,0.354936
2090.2083,278.392,277.295,2.7834,0.303875,0.621113,0.00518067,0.00269612,0.00291977,0.00248454,3.69892e-08,9.18493e-06,0.000915929,4.38558e-11,5.88967e-07,5.48927e-05,5.69649e-18,-6.16675e-06,1.18162e-05,5.90136e-06,7.95033e-22,2.4923e-06,9.24358e-07,8.97102,88.3151,5.16109,0.480303,76.5329,0.341841,6.26503,0.00490274,0.341841,2.33094,0.0857671,-0.292183,0.498857,0.00871239,-0.890328,0.00854607,0.00960582,0.00813907,0.00480835,-0.890328,0.00734863,1.83881,1.10476,0.000608474,0.153374,0.000854607,0.00160097,0.000341841,0.000777171,0.153374,0.930867,5.89011e-07,3.80992,0.346744
2090.2917,285.725,284.805,3.04196,0.252575,1.09777,0.0103711,0.00414558,0.00315241,0.00622553,1.44595e-07,2.87693e-05,0.000917571,7.62151e-10,6.11381e-07,1.9476e-05,5.27722e-18,4.3467e-05,3.92435e-05,2.98645e-06,7.38197e-22,3.73205e-06,2.93705e-06,9.01082,88.3137,5.16925,0.433383,76.5436,0.34251,6.27477,0.00507182,0.34251,2.32593,0.0859963,-0.292357,0.498508,0.00770183,-0.889361,0.0085628,0.00961967,0.008155,0.00479779,-0.889361,0.00736607,1.83883,1.10481,0.000542484,0.1534,0.00085628,0.00160328,0.00034251,0.000775501,0.1534,1.7628,6.12143e-07,3.84157,0.347582
2090.3750,294.017,292.589,3.1711,0.17769,2.47735,0.0144809,0.00593417,0.00284495,0.00854672,2.42934e-07,4.22411e-05,0.000941495,5.51179e-09,6.78959e-07,1.41062e-05,5.34774e-18,5.13374e-05,6.41868e-05,2.33579e-06,7.49687e-22,3.56463e-06,4.77341e-06,9.17244,88.4241,5.21064,0.391354,76.5432,0.355595,6.31156,0.00583852,0.355595,2.31711,0.0871147,-0.29267,0.49786,0.00685737,-0.889282,0.00888992,0.00967116,0.00846655,0.00477936,-0.889282,0.0074489,1.83886,1.10481,0.000485581,0.153394,0.000888992,0.00161186,0.000355595,0.000772559,0.153394,2.87221,6.84471e-07,3.9618,0.361433
2090.4583,295.747,294.866,3.32749,0.185012,1.79355,0.012785,0.00648955,0.002823,0.00629543,2.10903e-07,3.84607e-05,0.000970202,6.35601e-09,7.54668e-07,1.99407e-05,5.57026e-18,4.93187e-05,5.70185e-05,2.3417e-06,7.81166e-22,3.55206e-06,4.24889e-06,9.34211,88.5699,5.25964,0.373907,76.5413,0.371315,6.35483,0.00670283,0.371315,2.31264,0.0883742,-0.292583,0.497136,0.00651017,-0.889373,0.00928293,0.00973197,0.00884084,0.0047701,-0.889373,0.00754222,1.83888,1.10477,0.000462276,0.153385,0.000928293,0.001622,0.000371315,0.000771069,0.153385,2.45516,7.61024e-07,4.08247,0.378018
2090.5417,293.167,292.879,3.44616,0.195583,1.36772,0.00929993,0.00610564,0.00280182,0.00319429,1.38026e-07,2.81737e-05,0.000991996,3.39434e-09,8.06734e-07,1.04054e-05,5.58133e-18,5.57801e-05,3.87662e-05,1.40823e-06,7.83361e-22,3.60734e-06,2.90914e-06,9.46418,88.6526,5.299,0.349364,76.5358,0.38315,6.39061,0.00734653,0.38315,2.30326,0.0893292,-0.292654,0.49696,0.00603245,-0.889727,0.00957879,0.00978273,0.00912261,0.00475074,-0.889727,0.00761327,1.8389,1.10478,0.000428964,0.153366,0.000957879,0.00163045,0.00038315,0.000767943,0.153366,1.95484,8.10128e-07,4.16518,0.390496
2090.6250,289.18,289.173,3.46251,0.196564,0.802484,0.00505377,0.00506261,0.00249799,-8.84199e-06,5.7065e-08,1.46419e-05,0.000995491,7.48749e-10,8.20396e-07,5.43334e-06,5.54655e-18,5.27501e-05,1.75742e-05,9.61189e-07,7.78635e-22,3.216e-06,1.35296e-06,9.48769,88.6453,5.31136,0.333497,76.529,0.384773,6.40457,0.00746752,0.384773,2.29509,0.0895756,-0.292602,0.497586,0.00572769,-0.890225,0.00961937,0.0098034,0.00916127,0.00473393,-0.890225,0.00763227,1.83893,1.10483,0.000407729,0.153343,0.000961938,0.0016339,0.000384773,0.00076522,0.153343,1.1743,8.21145e-07,4.17632,0.392241
2090.7083,276.871,277.905,3.20622,0.167069,0.163628,0.00106773,0.00275783,0.00130163,-0.0016901,3.09298e-09,1.35839e-06,0.000984252,1.27186e-11,7.92379e-07,9.92072e-08,5.63986e-18,2.68098e-05,3.2838e-06,2.84804e-08,7.91157e-22,1.59989e-06,3.05954e-07,9.44061,88.5899,5.3018,0.332528,76.5243,0.378187,6.4007,0.00718289,0.378187,2.29244,0.0892668,-0.29225,0.498629,0.00571493,-0.89059,0.00945472,0.00979934,0.00900445,0.00472857,-0.89059,0.00761055,1.83895,1.10489,0.000406988,0.153329,0.000945472,0.00163322,0.000378187,0.000764337,0.153329,0.335496,7.92391e-07,4.13882,0.38537
2090.7917,271.194,271.722,0.285614,0.226339,0.00395498,2.35032e-05,0.00163244,0.000539229,-0.00160893,0,0,0.000967791,0,7.46486e-07,1.40495e-08,5.73655e-18,1.05719e-05,2.40524e-06,4.27022e-09,8.03911e-22,5.88067e-07,2.40524e-07,9.38248,88.5579,5.28419,0.35309,76.5238,0.368705,6.39014,0.00676621,0.368705,2.29857,0.0887609,-0.29185,0.499157,0.00613018,-0.89064,0.00921768,0.00978587,0.0087787,0.00474139,-0.89064,0.00757435,1.83898,1.10492,0.000436703,0.153328,0.000921768,0.00163098,0.000368705,0.000766379,0.153328,0.307578,7.46486e-07,4.09828,0.375472
2090.8750,271.956,272.223,0,0.223988,0,0,0.00141785,0.000460819,-0.00141785,0,0,0.000951629,0,6.98522e-07,1.42499e-14,5.7439e-18,8.55877e-06,2.34458e-06,4.50967e-15,8.04058e-22,4.65588e-07,2.34458e-07,9.33122,88.5436,5.26669,0.380964,76.5238,0.359406,6.37947,0.00637119,0.359406,2.30758,0.0882612,-0.291454,0.499484,0.00669472,-0.890654,0.00898521,0.00977209,0.00855729,0.00476015,-0.890654,0.00753855,1.839,1.10493,0.000477472,0.153329,0.000898521,0.00162868,0.000359406,0.000769384,0.153329,0.139336,6.98522e-07,4.06454,0.365778
2090.9583,271.359,271.601,0,0.224486,0,0,0.00139719,0.000459327,-0.00139719,0,0,0.000935604,0,6.51822e-07,1.48858e-21,5.77503e-18,4.04069e-06,2.28449e-06,3.97287e-22,8.07566e-22,4.06784e-07,2.28449e-07,9.28145,88.5297,5.24915,0.40595,76.5255,0.350195,6.36864,0.00599325,0.350195,2.31675,0.0877632,-0.291062,0.499725,0.00719938,-0.890529,0.00875491,0.00975795,0.00833796,0.0047792,-0.890529,0.00750281,1.83902,1.10495,0.000513854,0.153335,0.000875491,0.00162632,0.000350194,0.00077244,0.153335,0.238643,6.51822e-07,4.03231,0.356188
2091.0417,271.227,271.448,0,0.225669,0,0,0.00135215,0.000464507,-0.00135215,0,0,0.00092072,0,6.14403e-07,1.29915e-25,5.79451e-18,2.07247e-06,2.22872e-06,3.62815e-26,8.09553e-22,3.8455e-07,2.22872e-07,9.23399,88.5155,5.23269,0.427167,76.5288,0.341646,6.35836,0.00565428,0.341646,2.32556,0.0872984,-0.290698,0.499852,0.00762769,-0.890274,0.00854119,0.00974438,0.00813443,0.00479744,-0.890274,0.00746941,1.83904,1.10496,0.000544415,0.153344,0.00085412,0.00162406,0.000341646,0.000775377,0.153344,0.18283,6.14403e-07,4.00131,0.3473
2091.1250,271.615,271.744,0,0.295611,0,0,0.00151584,0.000810156,-0.00151584,0,0,0.000906192,0,5.82386e-07,1.5979e-05,5.77908e-18,-4.10419e-06,2.17434e-06,1.0465e-06,8.06863e-22,6.37897e-07,2.17434e-07,9.18456,88.4976,5.21645,0.445486,76.5333,0.33331,6.34809,0.00533478,0.33331,2.33426,0.0868423,-0.290389,0.499865,0.00799591,-0.889908,0.00833278,0.00973072,0.00793594,0.00481542,-0.889908,0.00743659,1.83906,1.10497,0.000570482,0.153357,0.000833278,0.00162179,0.00033331,0.000778276,0.153357,0.421902,5.82386e-07,3.96811,0.338644
2091.2083,278.629,277.962,1.59136,0.417259,0.53243,0.00412214,0.00268294,0.0028392,0.00143921,3.40452e-08,7.84776e-06,0.000893076,8.28419e-11,5.69661e-07,6.02242e-05,4.9534e-18,3.51389e-05,1.0535e-05,6.7423e-06,6.943e-22,3.2481e-06,8.27203e-07,9.13421,88.4376,5.20214,0.422841,76.5452,0.32577,6.33928,0.00506437,0.32577,2.33527,0.086435,-0.291652,0.498503,0.00748074,-0.888888,0.0081443,0.00971898,0.00775643,0.00481738,-0.888888,0.00740729,1.83909,1.10502,0.000535315,0.153389,0.00081443,0.00161983,0.00032577,0.000778612,0.153389,1.04181,5.69744e-07,3.93207,0.330834
2091.2917,287.838,286.956,2.90803,0.211282,1.62231,0.011499,0.00458672,0.00282693,0.00691232,1.63896e-07,3.01771e-05,0.000898876,1.52804e-09,6.05522e-07,7.9935e-06,4.88737e-18,4.99909e-05,4.21913e-05,1.23806e-06,6.86913e-22,3.52059e-06,3.148e-06,9.16981,88.4286,5.21511,0.383979,76.5466,0.328821,6.35217,0.00529828,0.328821,2.32827,0.0866999,-0.292255,0.498301,0.00666326,-0.888723,0.00822056,0.00973725,0.00782906,0.00480271,-0.888723,0.00742717,1.83911,1.10507,0.000480153,0.153391,0.000822056,0.00162287,0.000328821,0.000776279,0.153391,2.1363,6.0705e-07,3.9547,0.334119
2091.3750,297.109,295.297,3.07117,0.130259,2.56227,0.0137386,0.00624585,0.00218443,0.00749275,2.29652e-07,3.93571e-05,0.000929035,7.07162e-09,6.84051e-07,1.74554e-07,5.20144e-18,4.03745e-05,5.86703e-05,2.82475e-08,7.30944e-22,2.7341e-06,4.36087e-06,9.31782,88.5468,5.26366,0.362129,76.5437,0.345473,6.39364,0.00615833,0.345473,2.32315,0.0878209,-0.291972,0.498089,0.00623107,-0.888906,0.00863686,0.00979531,0.00822554,0.00479202,-0.888906,0.00750995,1.83913,1.10505,0.000450215,0.15338,0.000863687,0.00163255,0.000345473,0.000774573,0.15338,2.93747,6.91122e-07,4.05417,0.351631
2091.4583,299.092,298.149,3.23079,0.204309,2.07515,0.0120922,0.00688315,0.00313621,0.00520904,1.99005e-07,3.57756e-05,0.000958333,8.78815e-09,7.74803e-07,5.61264e-05,5.29263e-18,6.00202e-05,5.23269e-05,6.14914e-06,7.44268e-22,4.00926e-06,3.89786e-06,9.44231,88.6477,5.31152,0.34637,76.541,0.361612,6.43489,0.00696229,0.361612,2.31798,0.088898,-0.292017,0.497443,0.00593013,-0.88907,0.00904034,0.00985341,0.0086098,0.00478132,-0.88907,0.00758962,1.83915,1.10503,0.000428026,0.15337,0.000904034,0.00164223,0.000361612,0.000772849,0.15337,2.96782,7.83591e-07,4.13079,0.368574
2091.5417,292.513,292.34,3.356,0.291338,1.06775,0.0086904,0.00599209,0.00366045,0.00269831,1.28446e-07,2.63573e-05,0.000981283,2.85847e-09,8.3309e-07,7.19821e-05,4.77968e-18,8.87668e-05,3.58124e-05,1.02486e-05,6.75349e-22,4.89035e-06,2.68755e-06,9.54012,88.6859,5.3508,0.31354,76.5291,0.37417,6.46962,0.00756963,0.37417,2.30318,0.0897476,-0.293982,0.496215,0.00529552,-0.889992,0.0093543,0.00990279,0.00890882,0.00475072,-0.889992,0.00765272,1.83917,1.10508,0.000383606,0.153333,0.00093543,0.00165047,0.00037417,0.000767916,0.153333,1.81174,8.35948e-07,4.18932,0.38174
2091.6250,288.653,288.83,3.3755,0.280279,0.609434,0.00459011,0.00482421,0.00305721,-0.000234095,4.94327e-08,1.28914e-05,0.000985268,7.198e-10,8.38263e-07,5.2977e-05,4.5773e-18,7.90545e-05,1.5368e-05,7.18848e-06,6.48858e-22,4.08618e-06,1.18854e-06,9.55182,88.6439,5.36276,0.290301,76.513,0.376117,6.48264,0.00765946,0.376117,2.28874,0.0899408,-0.295713,0.496076,0.00485159,-0.891301,0.00940297,0.00992222,0.00895517,0.00472091,-0.891301,0.00766768,1.8392,1.10517,0.000352879,0.153288,0.000940297,0.0016537,0.000376117,0.000763102,0.153288,1.00425,8.38983e-07,4.18906,0.383777
2091.7083,275.394,276.398,1.76172,0.285909,0.102317,0.000752996,0.00237291,0.00147394,-0.00161991,1.86595e-09,8.17408e-07,0.000973483,3.82844e-12,8.04462e-07,6.02238e-06,4.66162e-18,3.89248e-05,2.90007e-06,8.43297e-07,6.60622e-22,1.90247e-06,2.76468e-07,9.50213,88.5743,5.3518,0.286984,76.5024,0.369252,6.47731,0.00733418,0.369252,2.28277,0.0895918,-0.296113,0.496994,0.00479686,-0.892203,0.00923135,0.0099162,0.00879172,0.00470867,-0.892203,0.00764291,1.83922,1.10525,0.000349177,0.153259,0.000923135,0.0016527,0.000369252,0.000761111,0.153259,0.495291,8.04465e-07,4.15033,0.376586
2091.7917,272.05,272.386,0,0.278746,0,0,0.00164744,0.000671313,-0.00164744,0,0,0.000957343,0,7.63174e-07,1.10784e-07,4.78504e-18,1.93927e-05,2.34825e-06,2.5182e-08,6.76991e-22,8.03602e-07,2.34825e-07,9.44434,88.5397,5.33425,0.308249,76.4986,0.359969,6.46656,0.00690728,0.359969,2.28858,0.0890919,-0.295758,0.497772,0.00522687,-0.89257,0.00899927,0.0099025,0.00857069,0.00472085,-0.89257,0.00760709,1.83924,1.10528,0.0003807,0.15325,0.000899927,0.00165042,0.000359969,0.000763048,0.15325,0.303729,7.63174e-07,4.11009,0.366876
2091.8750,270.684,271.014,0,0.275388,0,0,0.00140861,0.000385201,-0.00140861,0,0,0.000941543,0,7.17865e-07,8.19627e-13,4.96463e-18,9.29468e-06,2.28903e-06,2.09077e-13,7.01402e-22,4.18715e-07,2.28903e-07,9.39199,88.5211,5.31686,0.334919,76.497,0.35089,6.45577,0.00650402,0.35089,2.29713,0.0886,-0.295371,0.498254,0.00576895,-0.892733,0.0087723,0.00988858,0.00835453,0.00473866,-0.892733,0.00757178,1.83927,1.1053,0.00041968,0.153248,0.00087723,0.0016481,0.00035089,0.000765897,0.153248,0.275471,7.17865e-07,4.07513,0.357394
2091.9583,271.234,271.397,0,0.275388,0,0,0.00141406,0.000353567,-0.00141406,0,0,0.000925877,0,6.77708e-07,6.9403e-19,5.03687e-18,5.98367e-06,2.23036e-06,1.81567e-19,7.108e-22,3.37885e-07,2.23036e-07,9.34105,88.5085,5.29944,0.363308,76.4974,0.341897,6.44481,0.00611821,0.341897,2.30671,0.0881097,-0.294986,0.498524,0.00635019,-0.892728,0.00854746,0.0098743,0.00814039,0.00475857,-0.892728,0.00753653,1.83929,1.10531,0.000460659,0.15325,0.000854746,0.00164572,0.000341897,0.000769092,0.15325,0.416152,6.77708e-07,4.04161,0.348015
2092.0417,270.897,271.08,0,0.275388,0,0,0.00141993,0.000343942,-0.00141993,0,0,0.000911325,0,6.49912e-07,5.46045e-22,5.09652e-18,4.63712e-06,2.17591e-06,1.43647e-22,7.18496e-22,3.09145e-07,2.17591e-07,9.2919,88.4952,5.28309,0.38889,76.4985,0.333551,6.4344,0.00577217,0.333551,2.31592,0.087652,-0.294629,0.498722,0.00687386,-0.892654,0.00833881,0.00986059,0.00794168,0.00477767,-0.892654,0.00750358,1.83931,1.10532,0.000497665,0.153254,0.000833881,0.00164343,0.000333551,0.000772163,0.153254,0.527718,6.49912e-07,4.00881,0.339323
2092.1250,272.121,272.066,0.578643,0.327454,0.0543709,0.000486255,0.00172623,0.000997562,-0.00123997,0,0,0.000897122,0,6.32648e-07,2.27573e-05,5.08088e-18,-7.69088e-06,2.12282e-06,1.37291e-06,7.15798e-22,7.58069e-07,2.12282e-07,9.2398,88.4752,5.26695,0.408103,76.5025,0.325412,6.42401,0.00544601,0.325412,2.32473,0.0872028,-0.294373,0.498702,0.00726049,-0.892335,0.00813534,0.00984678,0.0077479,0.00479587,-0.892335,0.00747119,1.83933,1.10533,0.000524706,0.153266,0.000813534,0.00164113,0.000325412,0.000775098,0.153266,0.721857,6.32648e-07,3.97284,0.330858
2092.2083,274.637,274.134,2.21136,0.346148,0.377059,0.00346279,0.00219021,0.00194292,0.00127258,2.02562e-08,4.88845e-06,0.000884085,1.47815e-12,6.22803e-07,1.97339e-05,4.64873e-18,2.54672e-05,7.04695e-06,2.34115e-06,6.56395e-22,2.14845e-06,5.68895e-07,9.18741,88.4158,5.25222,0.38601,76.516,0.31794,6.41457,0.00515732,0.31794,2.32637,0.0867846,-0.295089,0.49781,0.00674133,-0.891225,0.00794854,0.00983418,0.00757,0.00479916,-0.891225,0.00744101,1.83935,1.10537,0.000488921,0.153304,0.000794854,0.00163903,0.00031794,0.000775646,0.153304,0.975547,6.22804e-07,3.93519,0.323097
2092.2917,284.356,283.27,2.67953,0.21905,1.33485,0.0100792,0.00410291,0.00242818,0.0059763,1.56298e-07,2.75199e-05,0.000889696,9.9888e-10,6.42259e-07,6.04686e-06,4.59217e-18,4.03696e-05,4.00797e-05,8.48554e-07,6.48822e-22,2.89784e-06,2.97996e-06,9.20331,88.4121,5.26206,0.365582,76.5187,0.321014,6.42336,0.00529685,0.321014,2.32452,0.0869123,-0.295049,0.497952,0.0062926,-0.891001,0.0080254,0.00984677,0.0076432,0.00479517,-0.891001,0.0074506,1.83937,1.10541,0.000458869,0.153312,0.00080254,0.00164113,0.000321014,0.000775029,0.153312,1.9034,6.43258e-07,3.94126,0.326311
2092.3750,294.802,293.204,3.06091,0.130877,2.37406,0.014307,0.00614805,0.00198926,0.00815899,2.65188e-07,4.23155e-05,0.000931336,6.53197e-09,7.1192e-07,1.24048e-08,4.86491e-18,3.407e-05,6.77968e-05,2.228e-09,6.87237e-22,2.4016e-06,5.0106e-06,9.34634,88.5333,5.31989,0.347601,76.518,0.344417,6.46812,0.00623476,0.344417,2.32136,0.0881147,-0.294748,0.497463,0.00593264,-0.891047,0.00861048,0.00990938,0.00820042,0.00478854,-0.891047,0.00753878,1.83939,1.10537,0.000433556,0.153309,0.000861048,0.00165156,0.000344417,0.000773975,0.153309,2.78674,7.18452e-07,4.02645,0.350652
2092.4583,297.283,295.982,3.29204,0.13728,1.87275,0.0110027,0.00619311,0.00203546,0.00480958,1.92533e-07,3.41471e-05,0.000972956,6.38063e-09,7.79587e-07,1.43147e-06,5.05977e-18,3.19564e-05,5.15988e-05,1.74274e-07,7.14599e-22,2.43475e-06,3.8298e-06,9.48297,88.6615,5.3784,0.340455,76.5181,0.367761,6.51383,0.00713577,0.367761,2.3199,0.0893417,-0.294396,0.496691,0.00580168,-0.891016,0.00919407,0.00997371,0.00875621,0.00478556,-0.891016,0.00762894,1.83942,1.10531,0.000422848,0.153309,0.000919407,0.00166228,0.000367761,0.000773488,0.153309,2.34512,7.85968e-07,4.10457,0.374897
2092.5417,294.78,294.212,3.4535,0.125916,1.21084,0.00716645,0.00545218,0.00174708,0.00171428,1.08649e-07,2.2461e-05,0.00100183,3.21633e-09,8.20503e-07,7.20655e-07,5.16173e-18,2.8662e-05,3.08552e-05,1.0666e-07,7.28981e-22,2.08468e-06,2.31643e-06,9.57063,88.7377,5.4207,0.332599,76.5178,0.383878,6.54788,0.00772037,0.383878,2.31673,0.0902053,-0.294033,0.496327,0.00566391,-0.891009,0.00959698,0.0100222,0.00913994,0.00477912,-0.891009,0.00769268,1.83944,1.10528,0.000410961,0.153306,0.000959698,0.00167036,0.000383878,0.000772431,0.153306,1.48761,8.23719e-07,4.14993,0.391598
2092.6250,288.801,288.853,3.45054,0.136154,0.566517,0.00408998,0.00433831,0.00156113,-0.000248336,4.89429e-08,1.2874e-05,0.00100166,5.81772e-10,8.05922e-07,5.78318e-09,5.20862e-18,2.15987e-05,1.53927e-05,1.96337e-09,7.35361e-22,1.78808e-06,1.18706e-06,9.5519,88.7253,5.42476,0.336909,76.5188,0.383586,6.55354,0.00763971,0.383586,2.3177,0.0901946,-0.293633,0.496533,0.00576002,-0.890902,0.00958968,0.0100314,0.00913299,0.00478131,-0.890902,0.00769256,1.83946,1.1053,0.000415984,0.153308,0.000958968,0.0016719,0.000383586,0.000772755,0.153308,0.836298,8.06504e-07,4.12714,0.391225
2092.7083,279.212,280.246,3.15579,0.137584,0.127804,0.00100017,0.00277574,0.00120454,-0.00177558,1.70568e-09,7.15916e-07,0.000991094,1.02735e-11,7.70426e-07,7.9615e-09,5.20337e-18,1.59949e-05,2.91194e-06,2.70176e-09,7.34383e-22,1.34212e-06,2.78652e-07,9.50092,88.6842,5.41497,0.342964,76.5206,0.377426,6.54882,0.00733176,0.377426,2.31968,0.0898679,-0.293231,0.496965,0.00588891,-0.890739,0.0094357,0.0100262,0.00898634,0.00478557,-0.890739,0.0076694,1.83949,1.10533,0.000423695,0.153312,0.00094357,0.00167104,0.000377426,0.000773416,0.153312,0.279785,7.70437e-07,4.08594,0.384758
2092.7917,270.68,271.577,0.332587,0.14976,0.00586518,3.03289e-05,0.00167704,0.000628413,-0.00164671,0,0,0.000974585,0,7.25205e-07,8.66869e-11,5.21916e-18,8.55082e-06,2.40017e-06,3.23908e-11,7.36214e-22,6.57179e-07,2.40017e-07,9.44049,88.6452,5.39709,0.357148,76.5227,0.367928,6.53792,0.00690443,0.367928,2.32481,0.0893591,-0.292837,0.49739,0.00617896,-0.890561,0.00919823,0.0100123,0.00876018,0.00479632,-0.890561,0.00763297,1.83951,1.10537,0.000443604,0.153318,0.000919824,0.00166872,0.000367928,0.000775126,0.153318,0.33495,7.25205e-07,4.0434,0.374832
2092.8750,271.149,271.483,0,0.118712,0,0,0.00151169,0.000319847,-0.00151169,0,0,0.000958442,0,6.89519e-07,6.80486e-25,5.24889e-18,4.4052e-06,2.33964e-06,2.71789e-25,7.39764e-22,2.80125e-07,2.33964e-07,9.38734,88.6305,5.37942,0.385267,76.5238,0.358648,6.527,0.00650134,0.358648,2.3341,0.0888591,-0.292443,0.497608,0.00675639,-0.890482,0.00896625,0.00999819,0.00853924,0.00481564,-0.890482,0.00759711,1.83954,1.10538,0.000484189,0.153322,0.000896625,0.00166637,0.000358648,0.00077822,0.153322,0.55468,6.89519e-07,4.00792,0.365149
2092.9583,269.99,270.419,0,0.121432,0,0,0.00124679,0.00034291,-0.00124679,0,0,0.000942437,0,6.55113e-07,1.46292e-27,5.24008e-18,2.03776e-06,2.27967e-06,5.97222e-28,7.37847e-22,2.71683e-07,2.27967e-07,9.33775,88.6206,5.3617,0.412956,76.5258,0.349456,6.51593,0.00611568,0.349456,2.34403,0.0883609,-0.292052,0.497759,0.00732268,-0.890331,0.00873644,0.00998372,0.00832037,0.00483626,-0.890331,0.00756133,1.83956,1.10538,0.000524382,0.153328,0.000873644,0.00166395,0.000349456,0.000781532,0.153328,0.151113,6.55113e-07,3.97605,0.355571
2093.0417,269.779,270.107,0,0.125412,0,0,0.0013509,0.000334013,-0.0013509,0,0,0.00092757,0,6.1469e-07,2.16725e-41,5.24387e-18,6.29444e-08,2.22402e-06,7.62727e-42,7.37784e-22,2.39757e-07,2.22402e-07,9.29111,88.611,5.34508,0.437461,76.5288,0.340925,6.5054,0.00576978,0.340925,2.35357,0.0878957,-0.291688,0.497826,0.00782442,-0.89009,0.00852317,0.00996984,0.00811727,0.00485602,-0.89009,0.00752787,1.83958,1.10539,0.000559551,0.153337,0.000852317,0.00166164,0.000340925,0.000784711,0.153337,0.231522,6.1469e-07,3.94603,0.346695
2093.1250,271.772,271.847,0,0.14615,0,0,0.00154118,0.000421097,-0.00154118,0,0,0.000913058,0,5.87391e-07,3.68714e-08,5.23709e-18,-3.61081e-06,2.16975e-06,2.75958e-09,7.36286e-22,2.74306e-07,2.16975e-07,9.24147,88.5976,5.32868,0.460479,76.5325,0.332606,6.49489,0.00544376,0.332606,2.36315,0.0874393,-0.291335,0.497849,0.00829569,-0.889794,0.0083152,0.00995585,0.0079192,0.00487583,-0.889794,0.007495,1.8396,1.1054,0.000592475,0.153348,0.00083152,0.00165931,0.000332606,0.000787906,0.153348,0.532316,5.87391e-07,3.91279,0.33805
2093.2083,280.345,279.682,2.35912,0.280496,0.631148,0.00520122,0.00299223,0.00286966,0.00220899,4.45554e-08,1.00212e-05,0.000902413,7.2343e-11,5.7845e-07,5.11518e-05,4.61898e-18,2.26278e-05,1.31333e-05,5.52543e-06,6.51402e-22,3.0151e-06,1.01112e-06,9.19587,88.5463,5.31695,0.437684,76.547,0.326494,6.48759,0.00520647,0.326494,2.36582,0.087087,-0.292227,0.496616,0.00776727,-0.888578,0.00816241,0.00994619,0.00777368,0.00488123,-0.888578,0.00746963,1.83962,1.10544,0.00055717,0.153387,0.000816241,0.0016577,0.000326494,0.000788794,0.153387,1.03702,5.78522e-07,3.87892,0.331701
2093.2917,287.658,286.703,2.95256,0.183044,1.47692,0.0105903,0.00460401,0.00258032,0.00598634,1.68477e-07,2.88795e-05,0.000914626,1.68474e-09,6.03621e-07,3.66495e-06,4.68546e-18,3.94961e-05,4.36338e-05,5.54064e-07,6.6191e-22,3.08254e-06,3.23345e-06,9.22421,88.5387,5.33366,0.400907,76.5521,0.333379,6.50036,0.0054346,0.333379,2.36146,0.0873734,-0.29233,0.496557,0.00697919,-0.888111,0.00833453,0.00996432,0.0079376,0.00487203,-0.888111,0.00749068,1.83964,1.10548,0.000504665,0.1534,0.000833453,0.00166072,0.000333379,0.00078734,0.1534,1.92173,6.05305e-07,3.89056,0.338814
2093.3750,295.628,294.18,3.19053,0.128102,2.21107,0.0131591,0.00601881,0.00200254,0.00714033,2.42453e-07,3.93331e-05,0.000957297,6.60889e-09,6.73782e-07,1.45548e-07,4.94889e-18,2.9529e-05,6.33888e-05,2.56484e-08,6.99227e-22,2.39767e-06,4.67799e-06,9.35271,88.647,5.38866,0.382251,76.5531,0.357548,6.54045,0.00626107,0.357548,2.35902,0.0885392,-0.291985,0.495988,0.00660624,-0.887985,0.00893874,0.0100205,0.00851305,0.0048669,-0.887985,0.00757594,1.83966,1.10544,0.000478822,0.1534,0.000893875,0.00167008,0.000357548,0.000786527,0.1534,2.61731,6.80391e-07,3.96405,0.363809
2093.4583,299.26,297.942,3.40114,0.144215,1.51714,0.00907557,0.00597561,0.00225767,0.00309995,1.50071e-07,2.77038e-05,0.000994683,5.79045e-09,7.36573e-07,9.60652e-06,5.11064e-18,3.22548e-05,4.12861e-05,1.28095e-06,7.22257e-22,2.71829e-06,3.07006e-06,9.45773,88.7422,5.4377,0.372377,76.5548,0.378669,6.57675,0.00695111,0.378669,2.35736,0.0895864,-0.291634,0.49528,0.0064213,-0.887785,0.00946678,0.0100717,0.00901594,0.0048635,-0.887785,0.00765272,1.83969,1.1054,0.000464226,0.153402,0.000946678,0.00167862,0.000378669,0.000785976,0.153402,2.15385,7.42363e-07,4.02003,0.385621
2093.5417,291.803,291.725,3.53749,0.227024,1.08516,0.00862308,0.00582555,0.00318575,0.00279753,1.38306e-07,2.63205e-05,0.00101872,2.85577e-09,7.75684e-07,3.09727e-05,4.88668e-18,6.23775e-05,3.93784e-05,4.4656e-06,6.92222e-22,4.06058e-06,2.93367e-06,9.51937,88.7655,5.4706,0.345814,76.552,0.392194,6.60194,0.00735358,0.392194,2.34832,0.0902692,-0.292159,0.494742,0.00590645,-0.887922,0.00980489,0.0101078,0.00933795,0.00484481,-0.887922,0.00770305,1.83971,1.10542,0.000427331,0.15339,0.000980489,0.00168463,0.000392194,0.000782962,0.15339,1.68871,7.78539e-07,4.04876,0.399547
2093.6250,288.21,288.33,3.60155,0.191414,0.831213,0.0051864,0.00485053,0.00241978,0.000335863,6.63211e-08,1.49671e-05,0.00103011,8.7265e-10,7.85532e-07,6.95712e-06,4.89826e-18,4.95513e-05,2.0463e-05,1.12988e-06,6.94249e-22,3.07298e-06,1.55696e-06,9.54465,88.7588,5.48799,0.328494,76.5456,0.398514,6.61632,0.00749174,0.398514,2.34004,0.0905911,-0.292242,0.495161,0.00557187,-0.888394,0.00996289,0.010129,0.00948843,0.00482775,-0.888394,0.00772714,1.83974,1.10547,0.000404151,0.15337,0.00099629,0.00168817,0.000398514,0.000780202,0.15337,1.13134,7.86405e-07,4.05667,0.406006
2093.7083,276.214,277.066,1.97189,0.335064,0.07212,0.000727476,0.00252607,0.00171183,-0.00179859,2.63492e-09,8.97975e-07,0.00101992,9.89729e-12,7.62066e-07,1.09412e-05,4.77814e-18,3.46932e-05,3.27367e-06,2.00208e-06,6.77025e-22,2.1145e-06,3.07548e-07,9.50063,88.7061,5.47853,0.326512,76.5417,0.392578,6.61174,0.00719765,0.392578,2.33728,0.0902752,-0.292049,0.496011,0.00553819,-0.888696,0.0098145,0.0101239,0.0093471,0.00482212,-0.888696,0.00770484,1.83976,1.10553,0.000401882,0.153358,0.00098145,0.00168732,0.000392578,0.00077928,0.153358,0.635855,7.62076e-07,4.0221,0.399776
2093.7917,267.422,268.191,0,0.164855,0,0,0.00142791,0.000197567,-0.00142791,0,0,0.00100278,0,7.27773e-07,7.64099e-10,5.08201e-18,6.26079e-06,2.49657e-06,1.91774e-10,7.19604e-22,2.33015e-07,2.49657e-07,9.44415,88.6747,5.4602,0.347862,76.5398,0.382705,6.60075,0.00677833,0.382705,2.34289,0.0897517,-0.291796,0.496508,0.0059783,-0.888868,0.00956767,0.0101098,0.00911203,0.00483385,-0.888868,0.00766742,1.83979,1.10556,0.000432972,0.153353,0.000956767,0.00168497,0.000382705,0.000781151,0.153353,0.30519,7.27773e-07,3.98396,0.389483
2093.8750,269.901,270.123,0,0.149993,0,0,0.00135946,9.71038e-05,-0.00135946,0,0,0.00098601,0,6.81728e-07,0,5.2756e-18,2.00082e-06,2.4336e-06,0,7.46404e-22,8.43312e-08,2.4336e-07,9.39439,88.6734,5.44207,0.385889,76.5395,0.373053,6.58972,0.00638259,0.373053,2.35361,0.089237,-0.291386,0.496646,0.00677128,-0.888897,0.00932637,0.0100955,0.00888221,0.00485613,-0.888897,0.00763058,1.83981,1.10557,0.000486998,0.153353,0.000932637,0.00168258,0.000373053,0.000784724,0.153353,0.173112,6.81728e-07,3.95232,0.379436
2093.9583,271.878,272.011,0,0.149993,0,0,0.00141369,0.000114205,-0.00141369,0,0,0.00096938,0,6.38453e-07,0,5.25398e-18,1.5125e-06,2.37123e-06,0,7.42743e-22,8.1563e-08,2.37123e-07,9.34337,88.6708,5.4239,0.422912,76.54,0.363491,6.57854,0.00600398,0.363491,2.36453,0.0887242,-0.290981,0.496743,0.00754312,-0.88887,0.00908733,0.0100808,0.00865455,0.00487878,-0.88887,0.00759382,1.83984,1.10557,0.000539779,0.153354,0.000908733,0.00168013,0.000363491,0.000788365,0.153354,0.209399,6.38453e-07,3.91947,0.369495
2094.0417,270.96,271.13,0,0.149993,0,0,0.00135474,0.000120286,-0.00135474,0,0,0.000953933,0,6.0093e-07,0,5.23144e-18,1.16602e-06,2.31335e-06,0,7.38984e-22,7.7071e-08,2.31335e-07,9.29584,88.668,5.40686,0.456581,76.5407,0.354618,6.56792,0.0056644,0.354618,2.3749,0.0882455,-0.290605,0.496823,0.00824465,-0.888819,0.0088655,0.0100667,0.00844329,0.00490024,-0.888819,0.00755946,1.83986,1.10557,0.000588023,0.153357,0.00088655,0.00167779,0.000354618,0.000791821,0.153357,0.286277,6.0093e-07,3.88898,0.360283
2094.1250,271.224,271.35,0,0.149993,0,0,0.00140882,0.000126138,-0.00140882,0,0,0.000938857,0,5.71973e-07,0,5.22164e-18,8.54103e-07,2.2569e-06,0,7.37035e-22,7.38878e-08,2.2569e-07,9.24681,88.6627,5.39004,0.488979,76.5416,0.345965,6.55731,0.00534433,0.345965,2.38525,0.0877759,-0.290239,0.496892,0.00891988,-0.888748,0.00864918,0.0100525,0.00823727,0.00492163,-0.888748,0.00752571,1.83988,1.10557,0.000634624,0.15336,0.000864918,0.00167542,0.000345965,0.000795272,0.15336,0.334684,5.71973e-07,3.85676,0.35131
2094.2083,275.74,274.998,1.05616,0.317745,0.378488,0.00289559,0.00230859,0.00195037,0.000586996,2.63182e-08,5.61299e-06,0.000924719,1.51051e-11,5.49679e-07,5.63031e-05,4.90235e-18,-2.07452e-05,8.95186e-06,5.70351e-06,6.92679e-22,1.4214e-06,7.10493e-07,9.19633,88.6418,5.37425,0.499319,76.5523,0.337855,6.54732,0.00505434,0.337855,2.39383,0.0873325,-0.290641,0.495851,0.00909595,-0.88786,0.00844641,0.0100391,0.00804416,0.00493928,-0.88786,0.0074938,1.8399,1.10558,0.000646549,0.15339,0.000844641,0.00167318,0.000337855,0.00079813,0.15339,0.758311,5.49694e-07,3.82208,0.342909
2094.2917,289.684,288.47,3.05431,0.237401,1.84168,0.0123039,0.0050551,0.00362036,0.00724879,1.79804e-07,3.10471e-05,0.000935233,2.30646e-09,5.88758e-07,1.93262e-05,4.42789e-18,4.67465e-05,4.78831e-05,3.59154e-06,6.28959e-22,4.19654e-06,3.5459e-06,9.22753,88.6212,5.38922,0.429593,76.576,0.34376,6.55911,0.00527234,0.34376,2.38807,0.0876405,-0.292078,0.493646,0.00754607,-0.885838,0.00859403,0.0100558,0.00818475,0.00492714,-0.885838,0.00751654,1.83992,1.10562,0.000542795,0.153453,0.000859403,0.00167596,0.00034376,0.000796209,0.153453,2.45877,5.91065e-07,3.8383,0.349032
2094.3750,294.891,293.849,3.29409,0.24076,2.19339,0.015167,0.00667207,0.00388384,0.00849488,2.64073e-07,4.16474e-05,0.000977998,7.47191e-09,6.80835e-07,3.3475e-05,4.47003e-18,6.90789e-05,7.08221e-05,5.04535e-06,6.36579e-22,4.89678e-06,5.22446e-06,9.37659,88.7067,5.44491,0.377012,76.5765,0.367958,6.60004,0.00612967,0.367958,2.37657,0.0889452,-0.292413,0.492932,0.00649473,-0.885688,0.00919899,0.010113,0.0087609,0.00490318,-0.885688,0.00761203,1.83995,1.10562,0.000470266,0.15345,0.000919899,0.00168551,0.000367958,0.000792379,0.15345,3.07376,6.88307e-07,3.93169,0.374087
2094.4583,295.607,295.03,3.59243,0.197823,2.05332,0.013978,0.00712717,0.00318639,0.00685082,2.41132e-07,3.95211e-05,0.00103042,7.6289e-09,7.77003e-07,1.38449e-05,4.58273e-18,6.5478e-05,6.72175e-05,1.77064e-06,6.53609e-22,4.124e-06,4.96693e-06,9.56005,88.8331,5.51337,0.34029,76.5693,0.397597,6.65051,0.00714974,0.397597,2.36348,0.090566,-0.292733,0.492234,0.00577837,-0.886187,0.00993998,0.0101839,0.00946661,0.00487602,-0.886187,0.0077308,1.83997,1.10561,0.000420407,0.153425,0.000993998,0.00169731,0.000397597,0.000788014,0.153425,2.74497,7.84632e-07,4.04668,0.404747
2094.5417,293.09,292.798,3.77988,0.240405,1.29355,0.00931898,0.00638467,0.00328296,0.00293431,1.40231e-07,2.71503e-05,0.00106307,3.17593e-09,8.24626e-07,4.26941e-05,4.51551e-18,7.3054e-05,4.14347e-05,5.37385e-06,6.44811e-22,4.29084e-06,3.08861e-06,9.66996,88.9001,5.55781,0.31845,76.5599,0.41597,6.6844,0.00773521,0.41597,2.35174,0.0915906,-0.293195,0.491898,0.00536023,-0.886895,0.0103993,0.0102321,0.00990405,0.00485177,-0.886895,0.00780625,1.84,1.10562,0.00039092,0.153395,0.00103993,0.00170535,0.00041597,0.000784101,0.153395,1.944,8.27802e-07,4.11214,0.423705
2094.6250,287.81,288.086,3.83096,0.168518,0.8786,0.00525104,0.00490155,0.00216732,0.000349488,6.11972e-08,1.4556e-05,0.00107214,7.51242e-10,8.35998e-07,2.50668e-06,4.58567e-18,4.86295e-05,1.98655e-05,4.1516e-07,6.55079e-22,2.75991e-06,1.51766e-06,9.69232,88.8924,5.57302,0.307143,76.5503,0.42094,6.6977,0.00782984,0.42094,2.34258,0.09189,-0.293462,0.492326,0.00514904,-0.88766,0.0105236,0.010252,0.0100224,0.00483292,-0.88766,0.00782886,1.84002,1.10567,0.000376133,0.153367,0.00105236,0.00170866,0.00042094,0.000781047,0.153367,1.06706,8.36749e-07,4.1193,0.42877
2094.7083,276.475,277.554,3.05072,0.179947,0.131897,0.000944289,0.0026808,0.00134798,-0.00173651,1.47738e-09,6.69614e-07,0.00106041,1.53896e-12,7.99756e-07,1.45033e-07,4.65293e-18,2.54279e-05,3.11843e-06,3.18294e-08,6.63932e-22,1.59397e-06,3.00112e-07,9.64769,88.8526,5.5622,0.315276,76.5471,0.414106,6.69252,0.00750567,0.414106,2.34251,0.0915423,-0.293024,0.493217,0.00531514,-0.887931,0.0103527,0.0102461,0.00985966,0.00483295,-0.887931,0.00780438,1.84005,1.10572,0.000387595,0.153359,0.00103527,0.00170769,0.000414106,0.000781026,0.153359,0.392169,7.99758e-07,4.08549,0.421611
2094.7917,269.705,270.29,0,0.316687,0,0,0.00147167,0.000282687,-0.00147167,0,0,0.00104235,0,7.56161e-07,8.30043e-12,4.82013e-18,7.81947e-06,2.63343e-06,2.36299e-12,6.87073e-22,3.12897e-07,2.63343e-07,9.59054,88.8259,5.54321,0.339923,76.5464,0.403686,6.68139,0.00706823,0.403686,2.34898,0.0909959,-0.292597,0.493753,0.00581892,-0.888011,0.0100922,0.0102319,0.00961156,0.00484648,-0.888011,0.00776543,1.84008,1.10574,0.000422885,0.153358,0.00100922,0.00170532,0.000403686,0.000783181,0.153358,0.226937,7.56161e-07,4.04733,0.410754
2094.8750,269.851,270.197,0,0.316227,0,0,0.0013449,0.000198912,-0.0013449,0,0,0.00102468,0,7.05587e-07,5.8384e-27,4.87658e-18,4.21036e-06,2.56702e-06,1.67543e-27,6.94446e-22,1.82002e-07,2.56702e-07,9.54131,88.824,5.52445,0.377033,76.5463,0.393504,6.67023,0.00665557,0.393504,2.35945,0.0904591,-0.292167,0.493961,0.00658571,-0.888041,0.00983766,0.0102175,0.00936915,0.00486827,-0.888041,0.00772711,1.8401,1.10575,0.000476016,0.153358,0.000983766,0.00170292,0.000393504,0.000786672,0.153358,0.148846,7.05587e-07,4.01686,0.40016
2094.9583,269.702,269.97,0,0.316227,0,0,0.00128903,0.000181956,-0.00128903,0,0,0.00100717,0,6.58289e-07,1.07957e-34,4.9417e-18,2.55955e-06,2.50122e-06,3.3222e-35,7.03071e-22,1.41667e-07,2.50122e-07,9.49178,88.8225,5.50565,0.413697,76.5468,0.383419,6.65891,0.00626076,0.383419,2.37023,0.0899244,-0.291741,0.494108,0.00734401,-0.888008,0.00958551,0.0102027,0.00912901,0.00489065,-0.888008,0.00768888,1.84013,1.10575,0.000528572,0.15336,0.000958551,0.00170046,0.000383419,0.000790265,0.15336,0.129052,6.58289e-07,3.98612,0.389679
2095.0417,269.541,269.766,0,0.316227,0,0,0.00127651,0.000174733,-0.00127651,0,0,0.000990897,0,6.14898e-07,0,4.98493e-18,1.63666e-06,2.44017e-06,0,7.08634e-22,1.20718e-07,2.44017e-07,9.44626,88.8221,5.48802,0.447446,76.5478,0.374059,6.64815,0.00590666,0.374059,2.38053,0.0894254,-0.291346,0.494209,0.00804262,-0.887936,0.00935152,0.0101885,0.00890617,0.00491198,-0.887936,0.00765316,1.84015,1.10576,0.000577021,0.153364,0.000935152,0.00169809,0.000374059,0.000793696,0.153364,0.175933,6.14898e-07,3.95824,0.379966
2095.1250,270.564,270.69,0,0.316227,0,0,0.00144184,0.000180163,-0.00144184,0,0,0.000975019,0,5.84202e-07,0,4.99587e-18,1.20798e-06,2.38063e-06,0,7.09625e-22,1.15742e-07,2.38063e-07,9.39792,88.8179,5.47063,0.479997,76.5491,0.364932,6.63742,0.0055729,0.364932,2.39082,0.088936,-0.290962,0.494289,0.00871683,-0.887837,0.00912334,0.0101743,0.00868885,0.00493327,-0.887837,0.00761807,1.84017,1.10576,0.00062388,0.153368,0.000912334,0.00169571,0.000364932,0.000797128,0.153368,0.511611,5.84202e-07,3.92729,0.370505
2095.2083,275.118,274.444,1.43758,0.572883,0.359021,0.00318047,0.00228182,0.00228983,0.000898651,2.11978e-08,5.3811e-06,0.000959777,4.75989e-12,5.80849e-07,6.41731e-05,4.58249e-18,-1.76945e-05,7.96934e-06,5.81764e-06,6.52191e-22,1.82993e-06,6.44732e-07,9.34605,88.7841,5.45404,0.473051,76.5675,0.356168,6.62723,0.00526806,0.356168,2.39751,0.0884716,-0.291579,0.492799,0.00851078,-0.886307,0.00890424,0.0101606,0.00848018,0.00494701,-0.886307,0.00758476,1.84019,1.10578,0.000608552,0.153419,0.000890424,0.00169344,0.000356168,0.000799356,0.153419,1.17934,5.80853e-07,3.89201,0.361436
2095.2917,286.158,285.116,3.17549,0.243169,1.488,0.0114632,0.00432208,0.00321003,0.00714112,1.46187e-07,2.87875e-05,0.000959947,8.08608e-10,6.10669e-07,1.75322e-05,4.16045e-18,4.22647e-05,4.05298e-05,3.14996e-06,5.94657e-22,3.68547e-06,3.02986e-06,9.37391,88.7705,5.45939,0.420562,76.5835,0.356045,6.63436,0.00537118,0.356045,2.3925,0.0886251,-0.292526,0.491476,0.0073605,-0.884925,0.00890118,0.0101709,0.00847727,0.00493646,-0.884925,0.00759663,1.84022,1.10582,0.000530988,0.153461,0.000890118,0.00169515,0.000356045,0.000797688,0.153461,1.87598,6.11477e-07,3.91451,0.361417
2095.3750,294.238,292.777,3.3206,0.137866,2.59917,0.015992,0.00617927,0.00234396,0.00981274,2.6261e-07,4.45195e-05,0.000986397,6.08228e-09,6.83007e-07,1.87493e-07,4.42173e-18,3.59168e-05,7.08824e-05,3.19616e-08,6.32504e-22,2.79204e-06,5.26123e-06,9.53965,88.9021,5.50271,0.389162,76.5858,0.370621,6.67172,0.0061468,0.370621,2.38746,0.0897989,-0.292321,0.490907,0.00672621,-0.884679,0.00926558,0.0102232,0.00882432,0.00492589,-0.884679,0.0076834,1.84024,1.1058,0.000487875,0.153465,0.000926558,0.00170387,0.000370621,0.000796008,0.153465,2.98707,6.89089e-07,4.03694,0.376768
2095.4583,294.843,293.927,3.47882,0.131606,1.5069,0.0104762,0.005489,0.00184762,0.00498719,1.62789e-07,3.31239e-05,0.00101505,4.32724e-09,7.524e-07,5.60286e-07,4.64648e-18,2.42433e-05,4.57004e-05,6.50572e-08,6.64609e-22,2.15027e-06,3.41322e-06,9.70161,89.0565,5.54972,0.380717,76.5875,0.386389,6.71234,0.00694548,0.386389,2.38662,0.0910127,-0.29192,0.490071,0.0065641,-0.884492,0.00965978,0.0102804,0.00919974,0.00492416,-0.884492,0.00777321,1.84026,1.10574,0.000475904,0.153468,0.000965978,0.00171339,0.000386389,0.000795727,0.153468,1.95293,7.56727e-07,4.15189,0.393335
2095.5417,292.775,292.406,3.56978,0.217223,1.13286,0.00877237,0.00589593,0.0030208,0.00287644,1.28443e-07,2.68144e-05,0.00103163,2.9582e-09,7.87382e-07,3.18961e-05,4.55712e-18,5.04562e-05,3.70394e-05,3.81817e-06,6.5251e-22,3.7238e-06,2.78038e-06,9.79125,89.1255,5.5799,0.363666,76.5888,0.395383,6.73988,0.00740485,0.395383,2.38186,0.0917425,-0.291832,0.489587,0.00623675,-0.884312,0.00988463,0.0103197,0.00941389,0.00491436,-0.884312,0.00782758,1.84029,1.10574,0.000451478,0.153467,0.000988463,0.00171994,0.000395383,0.00079414,0.153467,1.83079,7.90341e-07,4.21135,0.402788
2095.6250,286.698,286.861,3.58268,0.181205,0.709126,0.00484812,0.00452976,0.00229622,0.000318359,5.52185e-08,1.41617e-05,0.00103442,4.64108e-10,7.92387e-07,2.59475e-06,4.48492e-18,4.43178e-05,1.75962e-05,4.0991e-07,6.43131e-22,2.85575e-06,1.35514e-06,9.81328,89.1156,5.59035,0.343431,76.5848,0.396656,6.75181,0.00749037,0.396656,2.37411,0.0919508,-0.292157,0.489725,0.00584169,-0.884573,0.00991644,0.0103375,0.00944418,0.00489838,-0.884573,0.00784373,1.84031,1.10579,0.000424161,0.153453,0.000991644,0.00172291,0.000396656,0.000791556,0.153453,0.915674,7.92852e-07,4.22293,0.404146
2095.7083,273.269,274.354,2.27597,0.306628,0.0685197,0.000588904,0.00225296,0.00129283,-0.00166406,6.0912e-10,3.01462e-07,0.00102179,1.23808e-12,7.62911e-07,6.52945e-07,4.50964e-18,2.41721e-05,2.70511e-06,1.12542e-07,6.46239e-22,1.54478e-06,2.65919e-07,9.76694,89.0669,5.57854,0.344106,76.5825,0.389299,6.74601,0.00717434,0.389299,2.37337,0.0915914,-0.291764,0.490625,0.00585826,-0.884735,0.00973253,0.0103306,0.00926903,0.00489695,-0.884735,0.0078183,1.84034,1.10584,0.000425634,0.153446,0.000973253,0.00172177,0.000389299,0.00079131,0.153446,0.503141,7.62912e-07,4.1884,0.396474
2095.7917,266.612,267.247,0,0.321521,0,0,0.0013879,9.11087e-05,-0.0013879,0,0,0.00100473,0,7.20899e-07,7.86128e-20,4.82235e-18,3.22594e-06,2.47556e-06,2.28347e-20,6.9045e-22,1.03874e-07,2.47556e-07,9.71137,89.0466,5.56006,0.371896,76.5819,0.379484,6.73476,0.00675554,0.379484,2.38137,0.0910675,-0.291357,0.491023,0.0064313,-0.884792,0.00948714,0.0103161,0.00903533,0.00491362,-0.884792,0.00778081,1.84036,1.10586,0.000465282,0.153445,0.000948714,0.00171935,0.000379484,0.000793977,0.153445,0.203093,7.20899e-07,4.15131,0.386239
2095.8750,267.396,267.698,0,0.321521,0,0,0.00127853,5.57639e-05,-0.00127853,0,0,0.000988081,0,6.73934e-07,0,4.95479e-18,1.34174e-06,2.41312e-06,0,7.0887e-22,4.91858e-08,2.41312e-07,9.66098,89.0461,5.54184,0.410936,76.5817,0.369913,6.72351,0.00636114,0.369913,2.39246,0.0905537,-0.290951,0.49113,0.00724485,-0.884816,0.00924787,0.0103015,0.00880745,0.00493665,-0.884816,0.00774398,1.84039,1.10587,0.000520338,0.153444,0.000924787,0.00171691,0.000369913,0.000797673,0.153444,0.156858,6.73934e-07,4.11913,0.376274
2095.9583,267.418,267.723,0,0.321521,0,0,0.00124872,4.89647e-05,-0.00124872,0,0,0.000971573,0,6.30234e-07,0,5.01829e-18,8.72553e-07,2.35127e-06,0,7.1742e-22,3.59554e-08,2.35127e-07,9.6108,89.0461,5.52358,0.449602,76.5819,0.360432,6.7121,0.0059838,0.360432,2.40375,0.0900417,-0.290549,0.491207,0.00805179,-0.884809,0.00901084,0.0102864,0.00858171,0.00496005,-0.884809,0.00770723,1.84041,1.10587,0.000574931,0.153445,0.000901084,0.0017144,0.000360432,0.000801437,0.153445,0.184964,6.30234e-07,4.08722,0.366416
2096.0417,265.32,265.717,0,0.321521,0,0,0.00115754,2.49858e-05,-0.00115754,0,0,0.00095624,0,5.90618e-07,0,5.15012e-18,5.38607e-07,2.29388e-06,0,7.35768e-22,1.90966e-08,2.29388e-07,9.56415,89.0467,5.50645,0.485953,76.582,0.351633,6.70126,0.00564536,0.351633,2.41452,0.0895637,-0.290176,0.491267,0.00881239,-0.884802,0.00879088,0.010272,0.00837222,0.00498232,-0.884802,0.00767287,1.84043,1.10587,0.000626245,0.153446,0.000879088,0.001712,0.000351633,0.000805028,0.153446,0.133497,5.90618e-07,4.0577,0.357279
2096.1250,267.694,267.852,0,0.321521,0,0,0.00135316,7.89095e-06,-0.00135316,0,0,0.000941273,0,5.63132e-07,0,5.25254e-18,3.93199e-07,2.2379e-06,0,7.49922e-22,9.83765e-09,2.2379e-07,9.51513,89.0448,5.48954,0.52233,76.582,0.343053,6.69044,0.00532637,0.343053,2.42533,0.0890947,-0.289812,0.491319,0.00957665,-0.884808,0.00857638,0.0102575,0.00816793,0.00500462,-0.884808,0.00763911,1.84046,1.10587,0.00067746,0.153446,0.000857638,0.00170958,0.000343053,0.00080863,0.153446,0.524628,5.63132e-07,4.02559,0.34838
2096.2083,278.091,276.776,2.08568,0.301963,0.626919,0.00459094,0.00270883,0.00252392,0.00188211,3.84141e-08,9.21644e-06,0.000928036,1.01445e-10,5.52143e-07,4.33951e-05,4.83442e-18,-2.46653e-05,1.19497e-05,4.14258e-06,6.91325e-22,1.79811e-06,9.31809e-07,9.46903,89.0156,5.47499,0.512826,76.6013,0.33545,6.6814,0.00506408,0.33545,2.43243,0.0886873,-0.290279,0.489879,0.00931958,-0.883184,0.00838629,0.0102453,0.0079869,0.00501919,-0.883184,0.0076098,1.84048,1.10588,0.000659744,0.153499,0.000838629,0.00170755,0.00033545,0.000810996,0.153499,0.989563,5.52244e-07,3.99405,0.340514
2096.2917,287.838,286.507,3.00029,0.180834,1.38659,0.0110374,0.00461306,0.00273478,0.0064243,1.59093e-07,2.97806e-05,0.000933382,1.53422e-09,5.79172e-07,1.5908e-06,4.3925e-18,2.93089e-05,4.22629e-05,1.99863e-07,6.29599e-22,3.05322e-06,3.15365e-06,9.5042,89.0122,5.48695,0.45651,76.6222,0.338261,6.6933,0.00528837,0.338261,2.42927,0.0889537,-0.290445,0.488919,0.00806045,-0.881391,0.00845657,0.0102621,0.00805383,0.00501244,-0.881391,0.00762977,1.8405,1.1059,0.000577978,0.153555,0.000845657,0.00171035,0.000338261,0.000809944,0.153555,1.81872,5.80707e-07,4.01725,0.343549
2096.3750,298.716,296.456,3.14314,0.114947,2.13017,0.0111609,0.00579358,0.00207189,0.00536728,1.75672e-07,3.26945e-05,0.000959667,5.54442e-09,6.46365e-07,9.81509e-08,4.61127e-18,2.5678e-05,4.64947e-05,1.39829e-08,6.61511e-22,2.39817e-06,3.4662e-06,9.63446,89.1156,5.5292,0.427271,76.6275,0.352774,6.72936,0.00603898,0.352774,2.4264,0.0899676,-0.290103,0.48834,0.00746347,-0.88088,0.00881939,0.0103126,0.00839937,0.00500638,-0.88088,0.00770463,1.84052,1.10588,0.000537305,0.153566,0.000881939,0.00171876,0.000352774,0.000808988,0.153566,2.44777,6.51909e-07,4.10526,0.358813
2096.4583,297.754,296.971,3.27815,0.182315,1.92433,0.0128302,0.00675266,0.0031375,0.00607756,2.18386e-07,3.85598e-05,0.000984347,8.75453e-09,7.20171e-07,9.82053e-06,4.68415e-18,4.37389e-05,5.80408e-05,1.09932e-06,6.72752e-22,3.83849e-06,4.31639e-06,9.74,89.1949,5.56961,0.40232,76.6308,0.36637,6.76421,0.00672091,0.36637,2.42185,0.0909076,-0.289859,0.487754,0.00698143,-0.880498,0.0091593,0.0103617,0.0087231,0.0049969,-0.880498,0.00777416,1.84054,1.10587,0.000501901,0.15357,0.00091593,0.00172695,0.00036637,0.00080747,0.15357,2.73851,7.28926e-07,4.17039,0.373091
2096.5417,291.811,291.693,3.40787,0.217244,1.02482,0.00844522,0.00563696,0.0029787,0.00280826,1.28341e-07,2.62667e-05,0.00100797,2.7096e-09,7.74362e-07,2.1316e-05,4.61376e-18,5.22399e-05,3.58751e-05,2.7452e-06,6.63594e-22,3.76236e-06,2.69181e-06,9.84457,89.2576,5.60906,0.371782,76.629,0.379342,6.79864,0.00734815,0.379342,2.4123,0.0918002,-0.289809,0.487531,0.00639309,-0.88051,0.00948359,0.0104104,0.00903194,0.00497713,-0.88051,0.00784035,1.84057,1.10588,0.000459611,0.153559,0.000948359,0.00173507,0.000379342,0.000804287,0.153559,1.74665,7.77072e-07,4.23551,0.38669
2096.6250,287.427,287.542,3.42607,0.203278,0.616799,0.00462206,0.00459113,0.00252809,3.09392e-05,5.33059e-08,1.36224e-05,0.00101168,5.481e-10,7.79901e-07,8.12755e-06,4.50271e-18,4.98893e-05,1.64783e-05,1.23106e-06,6.4849e-22,3.20756e-06,1.27024e-06,9.86029,89.2384,5.62011,0.350695,76.6237,0.381154,6.81065,0.00744091,0.381154,2.40369,0.0919925,-0.290083,0.487832,0.00598292,-0.88085,0.0095289,0.0104283,0.00907509,0.00495935,-0.88085,0.00785518,1.84059,1.10594,0.000431355,0.153539,0.00095289,0.00173805,0.000381154,0.000801416,0.153539,0.948855,7.80449e-07,4.24018,0.388595
2096.7083,278.376,279.181,3.01007,0.20764,0.136305,0.00108898,0.00286288,0.00179439,-0.00177389,2.81222e-09,1.09453e-06,0.00100039,9.20285e-12,7.50143e-07,1.96868e-06,4.48355e-18,3.45598e-05,3.18093e-06,4.15559e-07,6.45417e-22,2.22022e-06,2.97856e-07,9.81208,89.1774,5.6096,0.344911,76.62,0.374579,6.80554,0.00714522,0.374579,2.4004,0.0916628,-0.289764,0.488863,0.00587164,-0.881114,0.00936452,0.0104224,0.00891855,0.00495261,-0.881114,0.0078318,1.84062,1.10601,0.000424014,0.153527,0.000936452,0.00173707,0.000374579,0.00080032,0.153527,0.419414,7.50152e-07,4.20247,0.381724
2096.7917,266.017,267.154,0.0160989,0.151101,0.00035369,1.9907e-06,0.00141813,0.000347497,-0.00141614,0,0,0.000984001,0,7.12119e-07,1.09598e-10,4.72752e-18,8.41378e-06,2.38214e-06,3.30325e-11,6.79941e-22,4.09748e-07,2.38214e-07,9.75282,89.1362,5.5915,0.360145,76.6183,0.365164,6.79424,0.00672944,0.365164,2.40491,0.0911546,-0.289395,0.489554,0.00618509,-0.88125,0.00912914,0.0104078,0.00869438,0.00496202,-0.88125,0.00779534,1.84064,1.10605,0.000446559,0.153522,0.000912914,0.00173464,0.000365164,0.000801824,0.153522,0.373158,7.12119e-07,4.16132,0.371893
2096.8750,264.601,265.206,0,0.132347,0,0,0.00113681,2.85316e-05,-0.00113681,0,0,0.000967951,0,6.72707e-07,0,5.00523e-18,1.10152e-06,2.32206e-06,0,7.19326e-22,3.2126e-08,2.32206e-07,9.70328,89.1344,5.57356,0.397333,76.6179,0.355954,6.7829,0.00633656,0.355954,2.41592,0.0906543,-0.289003,0.489686,0.00696148,-0.881289,0.0088989,0.010393,0.0084751,0.00498487,-0.881289,0.00775939,1.84066,1.10605,0.000499147,0.153521,0.00088989,0.00173216,0.000355954,0.000805493,0.153521,0.234874,6.72707e-07,4.12972,0.362291
2096.9583,262.188,262.805,0,0.132347,0,0,0.000951408,8.18831e-06,-0.000951408,0,0,0.000952037,0,6.27971e-07,0,5.17904e-18,4.2169e-07,2.26255e-06,0,7.43787e-22,1.06782e-08,2.26255e-07,9.65715,89.1383,5.55558,0.435998,76.6178,0.346831,6.77138,0.00596068,0.346831,2.4274,0.0901556,-0.288615,0.489751,0.00777269,-0.881303,0.00867081,0.0103778,0.00825787,0.00500865,-0.881303,0.0077235,1.84068,1.10605,0.000553543,0.153521,0.000867081,0.00172963,0.000346831,0.000809321,0.153521,0.104382,6.27971e-07,4.10156,0.352791
2097.0417,260.728,261.128,0,0.132348,0,0,0.000892121,1.78996e-06,-0.000892121,0,0,0.000937255,0,5.8475e-07,0,5.41861e-18,1.35192e-07,2.20732e-06,0,7.77701e-22,3.10746e-09,2.20732e-07,9.61726,89.1455,5.53871,0.472226,76.6177,0.338364,6.76045,0.00562355,0.338364,2.43833,0.08969,-0.288254,0.489799,0.00853448,-0.881309,0.00845915,0.0103632,0.00805629,0.00503125,-0.881309,0.00768994,1.84071,1.10605,0.00060449,0.153521,0.000845915,0.0017272,0.000338364,0.000812965,0.153521,0.0623191,5.8475e-07,4.07856,0.343988
2097.1250,266.115,266.28,0,0.132365,0,0,0.00119671,1.40496e-06,-0.00119671,0,0,0.000922826,0,5.50891e-07,0,5.57793e-18,1.0401e-07,2.15346e-06,0,8.00071e-22,2.38787e-09,2.15346e-07,9.57124,89.1458,5.52205,0.50767,76.6177,0.330108,6.74953,0.00530579,0.330108,2.44925,0.0892331,-0.287903,0.489841,0.00928094,-0.881312,0.00825274,0.0103485,0.00785971,0.00505377,-0.881312,0.00765696,1.84073,1.10605,0.000654396,0.153521,0.000825274,0.00172475,0.000330108,0.000816604,0.153521,0.329153,5.50891e-07,4.04919,0.335414
2097.2083,274.942,274.126,1.65095,0.317501,0.305131,0.00305429,0.00213839,0.00222619,0.000915898,2.31346e-08,5.38258e-06,0.000909353,7.48453e-12,5.30934e-07,5.79592e-05,5.1419e-18,-2.58094e-05,7.82646e-06,4.98017e-06,7.38809e-22,1.54127e-06,6.2655e-07,9.52222,89.1186,5.5065,0.505215,76.634,0.322401,6.73934,0.00502063,0.322401,2.45712,0.0888021,-0.288502,0.488383,0.00918238,-0.87994,0.00806007,0.0103347,0.00767621,0.00506991,-0.87994,0.00762582,1.84075,1.10606,0.000646808,0.153565,0.000806007,0.00172246,0.000322401,0.000819225,0.153565,0.69758,5.30942e-07,4.01572,0.327421
2097.2917,287.537,285.837,2.8998,0.186438,1.53653,0.0114599,0.0047129,0.00270227,0.006747,1.84453e-07,3.15283e-05,0.000919357,1.59173e-09,5.53254e-07,2.64412e-06,4.49669e-18,2.98008e-05,4.75717e-05,4.22497e-07,6.48034e-22,3.02007e-06,3.52869e-06,9.5539,89.1138,5.52188,0.450013,76.6555,0.32797,6.75209,0.00527003,0.32797,2.45439,0.0890774,-0.289053,0.48695,0.00794519,-0.878089,0.0081993,0.0103527,0.00780881,0.00506406,-0.878089,0.00764615,1.84077,1.10608,0.000566517,0.153623,0.00081993,0.00172545,0.00032797,0.000818318,0.153623,1.96459,5.54846e-07,4.03202,0.33324
2097.3750,292.356,291.075,3.1516,0.144467,1.85657,0.0143943,0.00590274,0.00219724,0.00849155,2.66091e-07,4.2458e-05,0.000964946,4.74162e-09,6.22019e-07,1.4437e-06,4.51847e-18,2.82204e-05,6.95557e-05,1.37754e-07,6.51652e-22,2.57193e-06,5.14115e-06,9.71824,89.2515,5.58468,0.42195,76.66,0.353612,6.80039,0.0063003,0.353612,2.4513,0.0904411,-0.288717,0.486054,0.00736965,-0.877639,0.00884035,0.0104201,0.00841933,0.00505753,-0.877639,0.00774615,1.84079,1.10603,0.000527718,0.153632,0.000884035,0.00173669,0.000353612,0.000817287,0.153632,2.33316,6.2676e-07,4.13356,0.359912
2097.4583,292.488,291.865,3.42093,0.240003,1.48384,0.0131537,0.00650056,0.00347688,0.0066531,2.3432e-07,3.94288e-05,0.00101304,4.71537e-09,6.85879e-07,4.00607e-05,4.4028e-18,5.72459e-05,6.41141e-05,5.0112e-06,6.36044e-22,4.31899e-06,4.74806e-06,9.89318,89.3934,5.65157,0.394,76.6613,0.380626,6.85223,0.00734799,0.380626,2.44491,0.0919049,-0.288786,0.484864,0.00682144,-0.87742,0.0095157,0.0104929,0.00906252,0.00504429,-0.87742,0.00785364,1.84081,1.10599,0.000488915,0.15363,0.00095157,0.00174882,0.000380626,0.000815156,0.15363,2.41854,6.90594e-07,4.24161,0.387974
2097.5417,290.585,290.259,3.60873,0.241928,1.15923,0.008881,0.0058462,0.00324281,0.0030348,1.39259e-07,2.74232e-05,0.0010463,2.19959e-09,7.37671e-07,3.00286e-05,4.20577e-18,6.54061e-05,4.03124e-05,4.41138e-06,6.09632e-22,4.15726e-06,3.01041e-06,10.0097,89.4559,5.69959,0.358757,76.6552,0.399218,6.89049,0.00802721,0.399218,2.43219,0.0929312,-0.289775,0.483957,0.00612746,-0.877808,0.00998049,0.0105472,0.00950518,0.00501802,-0.877808,0.00792932,1.84084,1.10601,0.000441581,0.153607,0.000998049,0.00175787,0.000399218,0.000810916,0.153607,1.68985,7.39871e-07,4.31015,0.407245
2097.6250,285.136,285.354,3.65039,0.244243,0.509812,0.00421834,0.00435747,0.00264928,-0.00013913,4.6949e-08,1.20292e-05,0.00105391,4.04555e-10,7.47083e-07,2.46109e-05,4.16382e-18,5.52516e-05,1.5467e-05,3.04467e-06,6.04036e-22,3.376e-06,1.19665e-06,10.0283,89.4401,5.71403,0.340968,76.6478,0.403314,6.90394,0.00811516,0.403314,2.42314,0.0931736,-0.290073,0.484328,0.00577918,-0.878353,0.0100829,0.0105673,0.0096027,0.00499942,-0.878353,0.00794777,1.84086,1.10607,0.000418179,0.153583,0.00100829,0.00176122,0.000403314,0.0008079,0.153583,0.988475,7.47488e-07,4.31422,0.411429
2097.7083,276.844,277.402,2.38613,0.373767,0.0765721,0.000810186,0.00272425,0.00202503,-0.00191406,1.81472e-09,7.20945e-07,0.00104073,5.14341e-12,7.24356e-07,3.00305e-05,3.98932e-18,4.32707e-05,3.07818e-06,3.23265e-06,5.79377e-22,2.53989e-06,2.94022e-07,9.97264,89.3661,5.70096,0.333946,76.6417,0.39567,6.89688,0.0077403,0.39567,2.41791,0.0927713,-0.290594,0.484828,0.00564306,-0.878825,0.0098918,0.010559,0.00942072,0.00498872,-0.878825,0.00791918,1.84089,1.10615,0.000409321,0.153565,0.00098918,0.00175983,0.00039567,0.000806155,0.153565,0.584652,7.24361e-07,4.27168,0.40341
2097.7917,264.456,265.38,0.0952896,0.373983,0.00186453,1.13671e-05,0.00140092,0.000329348,-0.00138956,0,0,0.00102342,0,6.92555e-07,1.35452e-06,4.37799e-18,8.78452e-06,2.51619e-06,1.52869e-07,6.35621e-22,4.06911e-07,2.51619e-07,9.91283,89.3248,5.68217,0.350957,76.639,0.385713,6.8854,0.00728917,0.385713,2.42207,0.0922403,-0.290555,0.485272,0.0059907,-0.879055,0.00964287,0.0105443,0.00918364,0.00499748,-0.879055,0.00788118,1.84091,1.10619,0.000434226,0.153557,0.000964287,0.00175739,0.000385713,0.000807543,0.153557,0.348535,6.92555e-07,4.23066,0.393002
2097.8750,261.528,262.024,0,0.339362,0,0,0.00111067,7.74326e-06,-0.00111067,0,0,0.00100649,0,6.49184e-07,0,5.00026e-18,4.74156e-07,2.45273e-06,0,7.25436e-22,1.15395e-08,2.45273e-07,9.86267,89.3259,5.6636,0.391287,76.6386,0.375985,6.87391,0.00686362,0.375985,2.43338,0.0917186,-0.290145,0.485377,0.00683237,-0.879094,0.00939967,0.0105295,0.00895202,0.00502102,-0.879094,0.0078438,1.84094,1.10619,0.000490795,0.153557,0.000939967,0.00175491,0.000375985,0.000811314,0.153557,0.155973,6.49184e-07,4.19907,0.382849
2097.9583,264.165,264.367,0,0.339362,0,0,0.00112257,2.34543e-06,-0.00112257,0,0,0.000989711,0,6.07789e-07,0,5.27159e-18,1.62256e-07,2.38987e-06,0,7.6429e-22,3.79553e-09,2.38987e-07,9.81317,89.329,5.64499,0.432307,76.6385,0.366348,6.86224,0.00645647,0.366348,2.44504,0.0911987,-0.289738,0.485428,0.00769141,-0.879101,0.00915875,0.0105142,0.00872258,0.00504522,-0.879101,0.00780649,1.84096,1.10619,0.000548182,0.153556,0.000915875,0.00175237,0.000366348,0.000815201,0.153556,0.153492,6.07789e-07,4.16817,0.372805
2098.0417,266.442,266.554,0,0.339362,0,0,0.0012374,2.06183e-06,-0.0012374,0,0,0.000974122,0,5.68907e-07,0,5.43241e-18,1.34151e-07,2.33153e-06,0,7.87114e-22,3.15073e-09,2.33153e-07,9.76593,89.331,5.62752,0.470457,76.6385,0.357405,6.85116,0.0060913,0.357405,2.45613,0.0907134,-0.28936,0.485472,0.00849151,-0.879105,0.00893518,0.0104996,0.00850965,0.00506818,-0.879105,0.00777161,1.84098,1.10619,0.00060163,0.153556,0.000893518,0.00174994,0.000357405,0.000818895,0.153556,0.164344,5.68907e-07,4.13841,0.363497
2098.1250,268.609,268.643,0,0.339404,0,0,0.00141643,2.05822e-06,-0.00141643,0,0,0.000958907,0,5.37725e-07,0,5.46384e-18,1.28178e-07,2.27464e-06,0,7.91177e-22,3.01593e-09,2.27464e-07,9.71569,89.329,5.61029,0.507713,76.6384,0.348684,6.84009,0.00574711,0.348684,2.46719,0.0902372,-0.288992,0.485514,0.00927406,-0.879108,0.00871716,0.0104849,0.00830201,0.00509105,-0.879108,0.00773734,1.84101,1.10619,0.000653918,0.153556,0.000871716,0.00174748,0.000348684,0.000822583,0.153556,0.283421,5.37725e-07,4.1054,0.354431
2098.2083,272.343,271.786,0.834772,0.351367,0.197977,0.00179405,0.00190159,0.00135529,-0.000107544,1.29076e-08,3.22893e-06,0.00094378,2.67422e-12,5.29088e-07,3.77513e-05,5.24599e-18,-3.03273e-05,5.49173e-06,5.43608e-06,7.596e-22,6.6685e-07,4.60966e-07,9.66058,89.3138,5.59305,0.529672,76.6461,0.34002,6.82894,0.00541774,0.34002,2.47745,0.0897629,-0.288849,0.485023,0.00971714,-0.878464,0.00850055,0.0104699,0.00809572,0.00511221,-0.878464,0.00770316,1.84103,1.10619,0.00068212,0.153578,0.000850055,0.00174499,0.00034002,0.000826002,0.153578,1.04372,5.29091e-07,4.06753,0.345438
2098.2917,285.56,283.826,3.02084,0.251742,1.50958,0.0114922,0.00433607,0.0033237,0.00715618,1.59175e-07,2.99324e-05,0.000944724,8.16134e-10,5.55253e-07,2.29424e-05,4.28608e-18,2.74515e-05,4.24878e-05,4.12486e-06,6.23109e-22,3.44541e-06,3.17254e-06,9.68154,89.2994,5.59896,0.46603,76.6765,0.340358,6.83618,0.00552327,0.340358,2.47531,0.0898859,-0.289971,0.482672,0.00826122,-0.875897,0.00850899,0.0104804,0.00810375,0.0051076,-0.875897,0.00771268,1.84105,1.10622,0.000588424,0.15366,0.000850899,0.00174673,0.000340358,0.000825289,0.15366,1.89546,5.56069e-07,4.08259,0.345881
2098.3750,293.887,291.866,3.19378,0.145794,2.4907,0.0154309,0.00616397,0.00251874,0.00926693,2.61356e-07,4.39495e-05,0.000976438,5.21741e-09,6.31138e-07,7.75932e-07,4.08918e-18,3.44794e-05,6.87914e-05,1.05851e-07,5.95293e-22,2.93454e-06,5.1078e-06,9.85256,89.4294,5.64982,0.424047,76.6831,0.35788,6.87952,0.00643132,0.35788,2.46968,0.0911353,-0.289825,0.481822,0.00738998,-0.875268,0.00894704,0.010541,0.00852095,0.00509582,-0.875268,0.00780492,1.84107,1.10619,0.000530454,0.153675,0.000894704,0.00175683,0.00035788,0.000823413,0.153675,2.8494,6.36355e-07,4.20275,0.364311
2098.4583,295.435,294.146,3.39508,0.150924,2.15505,0.0133377,0.0065237,0.0024737,0.00681402,2.23958e-07,3.99361e-05,0.00101298,6.22571e-09,7.15589e-07,9.29191e-06,4.20499e-18,3.70718e-05,6.07767e-05,1.02275e-06,6.12624e-22,2.95846e-06,4.52222e-06,10.0338,89.5867,5.70834,0.402018,76.685,0.378059,6.92937,0.00743,0.378059,2.46589,0.0925292,-0.28965,0.480817,0.00695428,-0.875038,0.00945151,0.010611,0.00900139,0.00508799,-0.875038,0.00790791,1.8411,1.10614,0.000500446,0.153677,0.000945151,0.0017685,0.000378059,0.00082215,0.153677,2.60559,7.21814e-07,4.3255,0.385489
2098.5417,290.262,290.06,3.51128,0.233562,0.684926,0.00741781,0.00528847,0.00294875,0.00212934,1.04619e-07,2.35563e-05,0.00103414,1.6354e-09,7.6038e-07,3.57297e-05,4.14616e-18,4.90941e-05,3.04196e-05,4.23563e-06,6.0476e-22,3.6254e-06,2.29431e-06,10.1335,89.6629,5.7452,0.383464,76.685,0.389606,6.96227,0.00798628,0.389606,2.46094,0.0933563,-0.28969,0.480239,0.00659188,-0.874954,0.00974019,0.0106579,0.00927632,0.00507785,-0.874954,0.00796941,1.84112,1.10613,0.000474969,0.153673,0.000974019,0.00177632,0.000389606,0.000820499,0.153673,1.41849,7.62015e-07,4.3883,0.397592
2098.6250,287.46,287.328,3.50893,0.293652,0.433814,0.00435686,0.00476073,0.00328933,-0.000403872,4.59577e-08,1.27166e-05,0.00103422,3.57764e-10,7.5882e-07,5.25952e-05,3.79696e-18,6.80267e-05,1.48729e-05,7.62121e-06,5.55737e-22,4.21282e-06,1.15449e-06,10.1344,89.6182,5.75154,0.354664,76.6791,0.389373,6.97082,0.00797048,0.389373,2.45007,0.0934331,-0.290788,0.480043,0.00602469,-0.875344,0.00973438,0.0106712,0.00927079,0.00505545,-0.875344,0.00797584,1.84115,1.10621,0.000436269,0.153652,0.000973438,0.00177853,0.000389373,0.000816876,0.153652,1.01878,7.59177e-07,4.38282,0.397344
2098.7083,278.639,279.428,2.75209,0.293013,0.154076,0.00122325,0.00308267,0.00212049,-0.00185942,4.90995e-09,1.86788e-06,0.00102265,2.7326e-11,7.39251e-07,2.60455e-05,3.70959e-18,4.81403e-05,3.80375e-06,3.35788e-06,5.44097e-22,2.7214e-06,3.44623e-07,10.0798,89.5279,5.74083,0.336605,76.6706,0.382629,6.96567,0.00764917,0.382629,2.441,0.093098,-0.291694,0.480501,0.00567166,-0.876001,0.00956577,0.0106654,0.00911022,0.00503677,-0.876001,0.0079521,1.84117,1.10631,0.000412679,0.153626,0.000956577,0.00177757,0.000382629,0.000813855,0.153626,0.582771,7.39278e-07,4.33894,0.390278
2098.7917,267.986,268.699,0.425301,0.253854,0.00170575,1.03385e-05,0.00147142,0.000219112,-0.00146108,0,0,0.00100601,0,7.01638e-07,7.21538e-10,4.01708e-18,6.61478e-06,2.43373e-06,1.60706e-10,5.88831e-22,2.52252e-07,2.43373e-07,10.0207,89.4925,5.72248,0.357924,76.6672,0.373072,6.95423,0.00720683,0.373072,2.44667,0.0925834,-0.291565,0.480978,0.0061119,-0.876286,0.00932684,0.0106508,0.00888266,0.00504863,-0.876286,0.0079152,1.84119,1.10635,0.00044396,0.153617,0.000932684,0.00177513,0.000373072,0.000815744,0.153617,0.235493,7.01638e-07,4.29821,0.380279
2098.8750,270.183,270.415,0,0.230433,0,0,0.00136787,0.000119535,-0.00136787,0,0,0.000989616,0,6.56597e-07,1.09333e-26,4.20266e-18,2.55185e-06,2.37235e-06,2.68439e-27,6.15477e-22,1.08629e-07,2.37235e-07,9.96916,89.4884,5.70414,0.394382,76.667,0.363663,6.94262,0.00678608,0.363663,2.45786,0.0920732,-0.291166,0.481138,0.00686708,-0.876316,0.00909161,0.0106357,0.00865863,0.00507189,-0.876316,0.00787855,1.84122,1.10635,0.000495684,0.153617,0.000909161,0.00177262,0.000363663,0.000819472,0.153617,0.122051,6.56597e-07,4.26502,0.370449
2098.9583,269.173,269.449,0,0.230433,0,0,0.00134538,0.000115855,-0.00134538,0,0,0.000973356,0,6.1246e-07,2.6541e-31,4.26127e-18,1.4845e-06,2.31154e-06,6.8515e-32,6.23527e-22,8.46322e-08,2.31154e-07,9.91715,89.4845,5.68575,0.43057,76.6674,0.354342,6.93084,0.00638353,0.354342,2.46934,0.0915647,-0.29077,0.481244,0.00761764,-0.876292,0.00885859,0.0106203,0.00843671,0.00509571,-0.876292,0.00784197,1.84124,1.10635,0.000547103,0.153619,0.000885859,0.00177004,0.000354342,0.000823298,0.153619,0.153526,6.1246e-07,4.23139,0.360725
2099.0417,270.971,271.059,0,0.230433,0,0,0.00150165,0.00011977,-0.00150165,0,0,0.000958253,0,5.76926e-07,0,4.35566e-18,6.69776e-07,2.25512e-06,0,6.36842e-22,7.11868e-08,2.25512e-07,9.86647,89.4787,5.66849,0.463744,76.6682,0.345692,6.91964,0.00602249,0.345692,2.48026,0.0910898,-0.290403,0.481314,0.00830603,-0.876231,0.00864234,0.0106055,0.00823076,0.00511833,-0.876231,0.00780776,1.84126,1.10635,0.000594364,0.153621,0.000864234,0.00176758,0.000345692,0.000826941,0.153621,0.336031,5.76926e-07,4.19798,0.351714
2099.1250,272.097,272.139,0,0.283558,0,0,0.00165301,0.000261246,-0.00165301,0,0,0.00094351,0,5.54959e-07,1.72373e-09,4.34087e-18,-3.3236e-06,2.20009e-06,5.92366e-11,6.34197e-22,1.50125e-07,2.20009e-07,9.81193,89.4675,5.65146,0.494768,76.6697,0.337257,6.90847,0.00568219,0.337257,2.49108,0.0906239,-0.290047,0.481353,0.00894835,-0.876113,0.00843146,0.0105905,0.00802992,0.00514069,-0.876113,0.00777415,1.84128,1.10636,0.000638599,0.153626,0.000843146,0.00176509,0.000337257,0.000830547,0.153626,0.492542,5.54959e-07,4.16047,0.342939
2099.2083,279.995,278.683,2.40989,0.419367,0.709027,0.0056647,0.00317076,0.00329097,0.00249394,5.12246e-08,1.14606e-05,0.000931807,9.19364e-11,5.45518e-07,6.51722e-05,3.68418e-18,2.25442e-06,1.48299e-05,9.48173e-06,5.39484e-22,3.04147e-06,1.14027e-06,9.76241,89.4147,5.63852,0.465934,76.6922,0.330539,6.90038,0.00542888,0.330539,2.49416,0.0902544,-0.290646,0.479916,0.00826092,-0.874225,0.00826353,0.0105798,0.00786998,0.00514692,-0.874225,0.00774752,1.8413,1.10639,0.000591693,0.153687,0.000826353,0.00176329,0.000330539,0.000831573,0.153687,1.03537,5.4561e-07,4.12389,0.335968
2099.2917,289.339,288.201,2.99325,0.251188,1.75667,0.0119821,0.00515375,0.00347661,0.00682838,1.86267e-07,3.25937e-05,0.000944509,2.44315e-09,5.86323e-07,2.81902e-05,3.46159e-18,5.57212e-05,4.78296e-05,4.67956e-06,5.09248e-22,4.22236e-06,3.55705e-06,9.81215,89.405,5.65947,0.406619,76.7012,0.337539,6.91852,0.00578048,0.337539,2.48497,0.0906779,-0.29182,0.478743,0.00701565,-0.873384,0.00843853,0.0106053,0.00803665,0.0051277,-0.873384,0.00777885,1.84133,1.10644,0.000508033,0.153708,0.000843853,0.00176755,0.00033754,0.000828511,0.153708,2.38684,5.88766e-07,4.15268,0.34332
2099.3750,296.116,294.894,3.22103,0.214363,2.70116,0.0161932,0.00720607,0.00362026,0.00898717,2.88883e-07,4.53724e-05,0.000985873,9.32528e-09,6.83413e-07,2.69198e-05,3.57331e-18,7.0512e-05,7.45857e-05,3.65099e-06,5.26582e-22,4.62654e-06,5.52354e-06,9.9794,89.5157,5.72072,0.365677,76.6971,0.360618,6.96814,0.00681736,0.360618,2.47347,0.0920356,-0.29219,0.478083,0.00621058,-0.873622,0.00901549,0.0106748,0.00858613,0.00510377,-0.873622,0.00787875,1.84135,1.10644,0.000452527,0.153692,0.000901549,0.00177913,0.000360618,0.000824678,0.153692,3.49657,6.92738e-07,4.25867,0.367435
2099.4583,298.659,297.363,3.46716,0.136162,2.21651,0.011834,0.00675456,0.00219299,0.0050794,1.96398e-07,3.58292e-05,0.00103006,7.93654e-09,7.89699e-07,1.84501e-05,3.7998e-18,4.25575e-05,5.3106e-05,1.99999e-06,5.60132e-22,2.72847e-06,3.95156e-06,10.1475,89.6508,5.78669,0.346948,76.6906,0.38523,7.0219,0.00788202,0.38523,2.46567,0.0934879,-0.292266,0.477412,0.00584843,-0.874103,0.00963079,0.0107504,0.00917214,0.00508766,-0.874103,0.00798577,1.84137,1.1064,0.000427772,0.153671,0.000963079,0.00179173,0.00038523,0.000822077,0.153671,2.61915,7.97636e-07,4.36085,0.393112
2099.5417,294.892,294.595,3.61416,0.234037,1.53983,0.00990769,0.00688636,0.00345625,0.00302132,1.50414e-07,2.89659e-05,0.00105633,4.78114e-09,8.48141e-07,4.58966e-05,3.69015e-18,7.60881e-05,4.24783e-05,5.48085e-06,5.44974e-22,4.48289e-06,3.17614e-06,10.2388,89.705,5.82843,0.327414,76.6832,0.399751,7.05729,0.00847374,0.399751,2.4556,0.0943645,-0.292992,0.476759,0.0054722,-0.874654,0.00999383,0.0108009,0.00951788,0.00506693,-0.874654,0.00805073,1.8414,1.10642,0.000401272,0.153648,0.000999383,0.00180015,0.000399751,0.000818719,0.153648,2.25517,8.52923e-07,4.41032,0.408225
2099.6250,286.462,286.823,3.64742,0.27905,0.530237,0.00442775,0.004599,0.00293838,-0.000171245,4.65481e-08,1.19774e-05,0.0010626,4.95049e-10,8.57426e-07,4.89264e-05,3.49137e-18,6.96136e-05,1.52535e-05,6.32885e-06,5.16838e-22,3.80906e-06,1.18344e-06,10.2542,89.6775,5.84259,0.308731,76.6714,0.403022,7.07144,0.00855737,0.403022,2.44318,0.0945963,-0.294129,0.476716,0.00511687,-0.875599,0.0100756,0.0108221,0.00959576,0.00504138,-0.875599,0.00806851,1.84142,1.10649,0.00037651,0.153613,0.00100756,0.00180368,0.000403022,0.000814579,0.153613,0.999438,8.57921e-07,4.41158,0.411579
2099.7083,276.075,276.854,2.46194,0.312358,0.0975453,0.000758335,0.00255599,0.00187151,-0.00179765,1.57063e-10,8.83048e-08,0.00104892,1.20989e-13,8.19209e-07,9.89184e-06,3.43943e-18,4.18651e-05,2.62042e-06,1.27787e-06,5.09368e-22,2.32964e-06,2.60834e-07,10.1989,89.6047,5.82894,0.305321,76.663,0.395096,7.064,0.00815414,0.395096,2.43749,0.0941823,-0.294582,0.477449,0.0050572,-0.876299,0.00987743,0.0108133,0.00940704,0.00502977,-0.876299,0.00803908,1.84145,1.10657,0.000372571,0.15359,0.000987743,0.00180222,0.000395096,0.000812683,0.15359,0.297939,8.19209e-07,4.36995,0.40325
2099.7917,274.362,274.784,0,0.238749,0,0,0.00179937,0.00173321,-0.00179937,0,0,0.00103159,0,7.70336e-07,4.46789e-06,3.42568e-18,3.46318e-05,2.5124e-06,7.03759e-07,5.06815e-22,2.0885e-06,2.5124e-07,10.1375,89.544,5.8099,0.310118,76.6594,0.385132,7.05221,0.00767802,0.385132,2.43698,0.0936485,-0.294336,0.478441,0.00515387,-0.876608,0.00962834,0.0107984,0.0091698,0.00502886,-0.876608,0.00800084,1.84147,1.10663,0.000379652,0.15358,0.000962834,0.00179973,0.000385132,0.000812513,0.15358,0.383116,7.70336e-07,4.32757,0.39281
2099.8750,273.856,274.215,0,0.227861,0,0,0.00168649,0.00166435,-0.00168649,0,0,0.00101467,0,7.30566e-07,2.35128e-06,3.42057e-18,3.20179e-05,2.44903e-06,4.80031e-07,5.05596e-22,1.98257e-06,2.44903e-07,10.0804,89.4883,5.79113,0.313706,76.6572,0.375418,7.04043,0.00722976,0.375418,2.43698,0.093125,-0.294023,0.479403,0.00522635,-0.876806,0.0093855,0.0107832,0.00893853,0.00502895,-0.876806,0.0079633,1.8415,1.10669,0.00038485,0.153575,0.00093855,0.0017972,0.000375418,0.000812514,0.153575,0.357084,7.30566e-07,4.28924,0.382648
2099.9583,272.945,273.222,0,0.489568,0,0,0.00155136,0.00141453,-0.00155136,0,0,0.000997895,0,6.94358e-07,4.22896e-07,3.4462e-18,2.69362e-05,2.38626e-06,1.1124e-07,5.08904e-22,1.66177e-06,2.38626e-07,10.0246,89.4366,5.77232,0.318194,76.6558,0.365796,7.02848,0.00680089,0.365796,2.43807,0.0926032,-0.293658,0.480334,0.00531649,-0.876943,0.00914495,0.0107677,0.00870943,0.00503123,-0.876943,0.00792582,1.84152,1.10675,0.000391328,0.153572,0.000914495,0.00179462,0.000365796,0.000812877,0.153572,0.439879,6.94358e-07,4.25228,0.372597
2100.0417,272.635,272.784,0,0.598275,0,0,0.00145591,0.00105227,-0.00145591,0,0,0.000982314,0,6.59559e-07,5.07652e-09,3.50733e-18,1.90289e-05,2.32801e-06,1.24788e-09,5.17377e-22,1.18307e-06,2.32801e-07,9.9742,89.4006,5.75466,0.328808,76.6553,0.356867,7.01713,0.00641624,0.356867,2.44229,0.0921162,-0.293282,0.481039,0.00552687,-0.877003,0.00892171,0.0107528,0.00849682,0.00503996,-0.877003,0.00789078,1.84154,1.10679,0.000406729,0.153571,0.000892171,0.00179213,0.000356866,0.000814282,0.153571,0.328025,6.59559e-07,4.21954,0.363283
2100.1250,272.932,272.992,0,0.668023,0,0,0.00173619,0.00108825,-0.00173619,0,0,0.000967106,0,6.34527e-07,4.82046e-06,3.49004e-18,1.88688e-05,2.27121e-06,8.96552e-07,5.14319e-22,1.22011e-06,2.27121e-07,9.92096,89.3635,5.73723,0.338997,76.6561,0.348159,7.0058,0.00605369,0.348159,2.44745,0.0916383,-0.292935,0.481617,0.00572269,-0.876964,0.00870401,0.0107378,0.00828949,0.0050506,-0.876964,0.00785636,1.84156,1.10683,0.00042141,0.153575,0.000870401,0.00178963,0.000348159,0.000816002,0.153575,0.668383,6.34527e-07,4.18373,0.354212
2100.2083,275.643,275.399,0.767814,0.704981,0.260803,0.00209028,0.0022017,0.00130608,-0.00011142,1.50091e-08,3.48865e-06,0.000952192,3.18871e-11,6.23811e-07,5.76774e-05,3.27416e-18,1.69067e-05,5.89764e-06,7.81879e-06,4.8294e-22,1.41706e-06,4.90052e-07,9.8621,89.3262,5.72006,0.352599,76.6575,0.339624,6.99457,0.00571106,0.339624,2.45397,0.0911677,-0.29336,0.481283,0.00599036,-0.876865,0.00849064,0.0107228,0.00808628,0.00506403,-0.876865,0.00782242,1.84159,1.10685,0.000440576,0.15358,0.000849064,0.00178713,0.000339624,0.000818176,0.15358,1.0154,6.23843e-07,4.14203,0.345335
2100.2917,287.254,286.252,3.01305,0.269654,1.41438,0.0110348,0.00457181,0.00304017,0.00646298,1.39096e-07,2.57299e-05,0.000952334,1.47397e-09,6.45036e-07,4.15003e-05,3.13141e-18,5.97199e-05,3.62456e-05,5.17606e-06,4.63585e-22,3.74374e-06,2.70899e-06,9.86281,89.3032,5.72366,0.332444,76.6579,0.339563,6.99933,0.00574955,0.339563,2.45001,0.0911881,-0.294767,0.480257,0.00556998,-0.876838,0.00848913,0.0107299,0.00808484,0.00505567,-0.876838,0.0078243,1.84161,1.1069,0.000411632,0.153581,0.000848913,0.00178831,0.000339563,0.000816857,0.153581,1.98823,6.46509e-07,4.13915,0.345313
2100.3750,294.126,293.065,3.20455,0.210089,2.38924,0.0160376,0.00668586,0.00306819,0.00935171,2.72948e-07,4.32591e-05,0.000987135,6.84078e-09,7.22629e-07,2.14494e-05,3.22445e-18,6.84567e-05,7.0321e-05,2.72958e-06,4.77944e-22,3.89524e-06,5.21064e-06,10.0068,89.4029,5.77574,0.306252,76.6502,0.35896,7.04182,0.00663217,0.35896,2.43955,0.092344,-0.295333,0.4797,0.00506226,-0.877473,0.00897404,0.0107893,0.00854666,0.00503385,-0.877473,0.00790939,1.84163,1.1069,0.000375745,0.15356,0.000897404,0.00179822,0.00035896,0.000813367,0.15356,3.09914,7.2947e-07,4.2311,0.365592
2100.4583,295.335,294.655,3.4702,0.23804,2.16681,0.0147833,0.0072412,0.00336628,0.00754214,2.51398e-07,4.16943e-05,0.00103477,7.52912e-09,8.16195e-07,4.27638e-05,3.22026e-18,8.21865e-05,6.76673e-05,5.54302e-06,4.77949e-22,4.34788e-06,5.02079e-06,10.2013,89.5485,5.84641,0.283404,76.6379,0.38552,7.09916,0.00779343,0.38552,2.42587,0.0939197,-0.296137,0.478809,0.00463072,-0.878502,0.00963804,0.0108698,0.00917905,0.00500551,-0.878502,0.00802547,1.84165,1.10687,0.000344744,0.153526,0.000963805,0.00181164,0.00038552,0.000808809,0.153526,2.96388,8.23724e-07,4.35484,0.393313
2100.5417,292.75,292.46,3.64681,0.197602,1.30854,0.00940594,0.00633787,0.00264482,0.00306807,1.39409e-07,2.75387e-05,0.00106625,3.1757e-09,8.69531e-07,1.36479e-05,3.28975e-18,6.4401e-05,3.96319e-05,1.86788e-06,4.88057e-22,3.34526e-06,2.96804e-06,10.3231,89.6356,5.89541,0.272068,76.6256,0.40296,7.14019,0.00851688,0.40296,2.4148,0.0949722,-0.296375,0.47881,0.00442565,-0.879566,0.0100741,0.0109281,0.00959429,0.00498271,-0.879566,0.00810334,1.84168,1.10687,0.000329758,0.153493,0.00100741,0.00182135,0.00040296,0.000805119,0.153493,1.74225,8.72707e-07,4.42769,0.411477
2100.6250,288.523,288.607,3.68313,0.191663,0.754111,0.00520307,0.00512216,0.00228161,8.091e-05,5.90924e-08,1.44939e-05,0.00107304,7.4724e-10,8.70399e-07,3.299e-06,3.31214e-18,5.40437e-05,1.84661e-05,6.56505e-07,4.90837e-22,2.82496e-06,1.41881e-06,10.3422,89.6336,5.91032,0.268044,76.6161,0.406523,7.15494,0.00861521,0.406523,2.40719,0.0952246,-0.296237,0.479613,0.0043606,-0.880402,0.0101631,0.0109502,0.00967912,0.00496713,-0.880402,0.00812264,1.84171,1.10691,0.000324541,0.153469,0.00101631,0.00182503,0.000406523,0.000802582,0.153469,1.07544,8.71146e-07,4.4319,0.415138
2100.7083,274.245,275.661,1.74506,0.158571,0.0822767,0.000709813,0.00244856,0.00114248,-0.00173875,1.41722e-09,5.89838e-07,0.00106137,4.59379e-12,8.35945e-07,3.03634e-07,3.35621e-18,2.78602e-05,2.98853e-06,9.01307e-08,4.96659e-22,1.369e-06,2.88326e-07,10.2928,89.5839,5.8995,0.275087,76.6104,0.39972,7.14972,0.00826123,0.39972,2.4056,0.0948772,-0.295858,0.480716,0.00451065,-0.880925,0.00999305,0.0109445,0.00951714,0.00496403,-0.880925,0.00809808,1.84173,1.10696,0.000334607,0.153455,0.000999305,0.00182408,0.00039972,0.000802051,0.153455,0.395898,8.3595e-07,4.39329,0.407981
2100.7917,267.449,268.578,0,0.0409907,0,0,0.00147129,0.000152482,-0.00147129,0,0,0.00104385,0,7.81739e-07,3.84282e-16,3.51226e-18,5.21338e-06,2.54189e-06,1.06102e-16,5.19114e-22,1.71384e-07,2.54189e-07,10.2353,89.5665,5.88027,0.307701,76.6087,0.389652,7.13781,0.00777941,0.389652,2.41484,0.0943385,-0.295433,0.481168,0.00518269,-0.881106,0.00974135,0.0109294,0.00927744,0.00498336,-0.881106,0.00805951,1.84176,1.10698,0.000381142,0.153452,0.000974135,0.00182156,0.000389652,0.000805131,0.153452,0.0864681,7.81739e-07,4.35508,0.397432
2100.8750,268.642,269.234,0,0.0397921,0,0,0.00144824,0.000117955,-0.00144824,0,0,0.00102673,0,7.29535e-07,3.54426e-31,3.60346e-18,2.47768e-06,2.47778e-06,9.4677e-32,5.32091e-22,1.00461e-07,2.47778e-07,10.1825,89.5635,5.86128,0.346231,76.6084,0.379825,7.12589,0.00732524,0.379825,2.42638,0.0938095,-0.295016,0.481325,0.00598173,-0.88114,0.00949567,0.0109141,0.00904345,0.00500742,-0.88114,0.00802158,1.84178,1.10698,0.000435686,0.153452,0.000949567,0.00181901,0.000379825,0.00080898,0.153452,0.288581,7.29535e-07,4.3212,0.38715
