time_decimal_year,TSOI,TSOIBNF,ELAI,H2OSOI,TVEG,GPP,AR,HR,NPP,VEGC_TO_LITTER,SNFIX,FNFIX,NGAS,NLEACH,NNETMIN,NUP,FN2O,PLOSS,PNETMIN,PUP,TOTVEGC,TOTECOC,VEGCAG,TOTLITC,SOILC,LEAFC,WOODC,CROOTC,FROOTC,CWDC,TOTVEGN,TOTECON,SMINN,TOTLITN,SOILN,LEAFN,WOODN,FROOTN,CWDN,TOTSOMN,TOTVEGP,TOTECOP,SMINP,TOTLITP,SOILP,LEAFP,WOODP,FROOTP,CWDP,TOTSOMP,ET,TNFIX,VEGCBG,TOTROOTC
2015.0417,260.925,261.11,0,0.193607,0,0,0.000639809,1.67802e-07,-0.000639809,0.000609478,0,5.14485e-07,0,2.0361e-16,1.59596e-08,1.70998e-06,0,2.82898e-20,3.26778e-10,1.70998e-07,4.91573,89.8532,2.64773,0.37045,82.8782,0.262127,3.10925,0.00212058,0.262127,1.6888,0.0606455,8.80574,0.451836,0.00703261,8.28275,0.0065532,0.00475706,0.00624112,0.00346769,8.28275,0.00466555,1.77959,1.04066,0.000462638,0.165993,0.000655321,0.000792844,0.000262127,0.000563282,0.165993,0.102109,5.14485e-07,2.268,0.264248
2015.1250,262.959,263.066,0,0.193606,0,0,0.000702013,1.56652e-07,-0.000702013,0.000598488,0,4.84571e-07,0,1.26103e-16,1.4844e-08,1.66825e-06,0,1.75114e-20,3.04393e-10,1.66826e-07,4.88818,89.8575,2.63748,0.397262,82.8782,0.255731,3.10422,0.00200076,0.255731,1.69382,0.0603058,8.80601,0.451873,0.00760395,8.28275,0.0063933,0.00475015,0.00608883,0.00347799,8.28275,0.00464209,1.77961,1.04066,0.000500366,0.165993,0.00063933,0.000791693,0.000255731,0.000564955,0.165993,0.271049,4.84571e-07,2.25071,0.257732
2015.2083,271.062,270.576,0.313724,0.47638,0.0650304,0.000418132,0.00105139,0.000847059,-0.000633256,0.000587401,1.29347e-28,4.70291e-07,5.35335e-05,8.95071e-17,-2.70659e-05,1.87613e-06,4.13328e-06,1.24353e-20,3.65403e-07,1.78752e-07,4.85623,89.853,2.62705,0.414808,82.8832,0.249282,3.09904,0.00188397,0.249282,1.69868,0.0599615,8.80585,0.45126,0.00796697,8.28317,0.00623208,0.00474298,0.00593528,0.00348795,8.28317,0.00461829,1.77962,1.04066,0.000522894,0.166007,0.000623208,0.000790497,0.000249282,0.000566575,0.166007,0.675269,4.70291e-07,2.22918,0.251166
2015.2917,283.279,281.588,2.09217,0.228735,1.24466,0.00615268,0.0022929,0.002478,0.00385978,0.000580761,1.10602e-26,4.89087e-07,2.35706e-05,6.9379e-17,2.43536e-05,2.27938e-05,2.88814e-06,9.68998e-21,2.54404e-06,1.64165e-06,4.85345,89.8199,2.62178,0.36014,82.9093,0.24538,3.09725,0.0018508,0.24538,1.69703,0.0598842,8.80392,0.448462,0.00673449,8.28535,0.00613454,0.00474047,0.00584239,0.00348452,8.28535,0.00461298,1.77964,1.04069,0.00044099,0.166079,0.000613454,0.000790078,0.00024538,0.000566027,0.166079,1.67499,4.89087e-07,2.23166,0.247231
2015.3750,292.658,290.511,2.13347,0.112557,1.79184,0.00718838,0.00309086,0.00154479,0.00409752,0.000584465,1.59227e-26,5.49174e-07,2.17371e-08,6.84592e-17,2.84351e-05,3.24692e-05,3.27879e-09,9.56457e-21,1.83229e-06,2.33069e-06,4.92049,89.8592,2.62879,0.333101,82.9115,0.247381,3.10375,0.00200488,0.247381,1.69409,0.0603989,8.80407,0.448492,0.00617121,8.28553,0.00618456,0.00474946,0.00589002,0.00347845,8.28553,0.0046495,1.77965,1.0407,0.00040382,0.166086,0.000618456,0.000791577,0.000247381,0.000565046,0.166086,2.08363,5.49174e-07,2.29169,0.249386
2015.4583,294.077,292.389,2.1433,0.1243,1.04879,0.00467477,0.00298907,0.00150938,0.0016857,0.000586529,9.65939e-27,5.86196e-07,6.11341e-08,1.5355e-16,2.63585e-05,2.04501e-05,1.14707e-08,2.14489e-20,1.81316e-06,1.47133e-06,4.96216,89.8898,2.63389,0.322899,82.9118,0.24844,3.10899,0.00212081,0.24844,1.69302,0.0607629,8.80434,0.448578,0.00596627,8.28556,0.00621103,0.00475677,0.00591524,0.00347624,8.28556,0.00467517,1.77967,1.0407,0.000389161,0.166086,0.000621104,0.000792795,0.00024844,0.00056469,0.166086,1.39739,5.86196e-07,2.32827,0.250561
2015.5417,291.286,290.52,2.13805,0.111641,0.712594,0.00272671,0.00261751,0.00125894,0.0001092,0.000585751,4.33432e-27,6.06529e-07,1.57771e-09,2.2838e-16,2.37957e-05,1.00763e-05,3.65214e-10,3.18965e-20,1.53652e-06,7.33673e-07,4.9787,89.8916,2.63565,0.310915,82.9111,0.247875,3.112,0.00218009,0.247875,1.69082,0.0609462,8.80461,0.448937,0.00573198,8.28552,0.0061969,0.00476102,0.00590178,0.00347172,8.28552,0.00468802,1.77968,1.04072,0.000372291,0.166084,0.00061969,0.000793504,0.000247875,0.000563957,0.166084,0.940146,6.06529e-07,2.34305,0.250055
2015.6250,287.208,286.919,2.09822,0.147693,0.476282,0.00212386,0.00250279,0.00149198,-0.000378929,0.000578422,3.02037e-27,5.98413e-07,2.61629e-07,2.26876e-16,3.01738e-05,7.34806e-06,5.72538e-08,3.16726e-20,1.86684e-06,5.38254e-07,4.95226,89.8565,2.62951,0.304337,82.9104,0.243578,3.10959,0.00211532,0.243578,1.68955,0.0607777,8.80486,0.449536,0.00560371,8.28547,0.00608948,0.00475777,0.00579948,0.0034691,8.28547,0.00467575,1.7797,1.04076,0.000363081,0.166081,0.000608949,0.000792962,0.000243578,0.000563532,0.166081,0.779352,5.98413e-07,2.32275,0.245693
2015.7083,272.815,273.997,0.971268,0.127422,0.0554507,0.000369364,0.00128541,0.000655159,-0.000916041,0.000569703,7.97932e-29,5.76712e-07,2.90498e-12,2.29298e-16,1.42651e-05,1.70629e-06,8.93848e-13,3.19883e-20,8.04721e-07,1.64587e-07,4.92187,89.822,2.62161,0.302404,82.9086,0.238492,3.10591,0.00202541,0.238492,1.68909,0.0605354,8.80511,0.450216,0.00556892,8.28532,0.00596233,0.00475273,0.00567838,0.00346815,8.28532,0.00465865,1.77971,1.0408,0.000361317,0.166076,0.000596234,0.000792122,0.000238492,0.00056338,0.166076,0.256475,5.76712e-07,2.30026,0.240518
2015.7917,264.381,265.617,0,0.0479625,0,0,0.000782156,6.10533e-05,-0.000782156,0.000559348,0,5.41257e-07,0,2.36844e-16,2.23303e-06,1.51658e-06,0,3.30152e-20,7.1354e-08,1.51658e-07,4.88999,89.8123,2.61162,0.321115,82.9081,0.23248,3.10073,0.00190724,0.23248,1.6932,0.0602072,8.80537,0.450462,0.00596529,8.28526,0.00581203,0.00474557,0.00553523,0.00347656,8.28526,0.0046359,1.77973,1.04081,0.000388615,0.166075,0.000581203,0.000790928,0.00023248,0.000564749,0.166075,0.132855,5.41257e-07,2.27836,0.234387
2015.8750,262.369,263.348,0,0.0364295,0,0,0.00062766,1.04865e-05,-0.00062766,0.000549242,0,5.06594e-07,0,2.43371e-16,5.71242e-07,1.47833e-06,0,3.39041e-20,1.40222e-08,1.47833e-07,4.86271,89.8144,2.60179,0.345552,82.9078,0.226616,3.09555,0.00179589,0.226616,1.69834,0.0598851,8.80564,0.450532,0.006488,8.28524,0.00566544,0.00473837,0.00539563,0.00348707,8.28524,0.00461356,1.77974,1.04081,0.00042336,0.166075,0.000566545,0.000789728,0.000226616,0.000566461,0.166075,0.110477,5.06594e-07,2.26092,0.228412
2015.9583,264.416,264.866,0,0.0370556,0,0,0.000701375,5.16781e-06,-0.000701375,0.000539224,0,4.76948e-07,0,2.49737e-16,2.96696e-07,1.44044e-06,0,3.47703e-20,7.0404e-09,1.44044e-07,4.83508,89.8165,2.59195,0.370137,82.9078,0.220808,3.0903,0.00168936,0.220808,1.70358,0.0595639,8.80589,0.450583,0.00701551,8.28523,0.00552023,0.00473101,0.00525734,0.00349779,8.28523,0.00459127,1.77976,1.04081,0.000458265,0.166075,0.000552024,0.000788502,0.000220808,0.000568209,0.166075,0.23474,4.76948e-07,2.24313,0.222497
2016.0417,263.864,264.518,0,0.0390462,0,0,0.000533701,4.6856e-06,-0.000533701,0.000529921,0,4.48737e-07,0,2.53923e-16,2.57591e-07,1.40528e-06,0,3.53335e-20,6.1306e-09,1.40528e-07,4.80994,89.8192,2.58273,0.393013,82.9077,0.215418,3.08531,0.00159381,0.215418,1.70857,0.059264,8.80613,0.450626,0.00750731,8.28522,0.00538548,0.00472399,0.005129,0.00350797,8.28522,0.00457043,1.77977,1.04081,0.000490794,0.166074,0.000538548,0.000787332,0.000215418,0.000569871,0.166074,0.0360252,4.48737e-07,2.22721,0.217012
2016.1250,263.934,264.291,0,0.040606,0,0,0.000665337,2.44807e-06,-0.000665337,0.000520842,0,4.22141e-07,0,2.58004e-16,1.47502e-07,1.37099e-06,0,3.58818e-20,3.38514e-09,1.37099e-07,4.78616,89.8227,2.57365,0.415379,82.9076,0.210162,3.08033,0.00150375,0.210162,1.71355,0.0589696,8.80637,0.450667,0.00798903,8.28522,0.00525407,0.00471695,0.00500385,0.00351813,8.28522,0.00454996,1.77978,1.04081,0.000522646,0.166074,0.000525407,0.000786158,0.000210162,0.000571531,0.166074,0.255347,4.22141e-07,2.21251,0.211665
2016.2083,273.774,273.101,0.352953,0.389121,0.163184,0.000730154,0.00115164,0.00164239,-0.00042149,0.000511796,7.87891e-28,4.16089e-07,6.84062e-05,2.14904e-16,-1.60478e-05,2.51613e-06,5.68954e-06,2.99273e-20,1.27304e-06,2.09364e-07,4.75554,89.8052,2.5645,0.414835,82.9175,0.204928,3.07523,0.00141701,0.204928,1.71728,0.0586734,8.80579,0.449594,0.00794162,8.28606,0.00512324,0.0047097,0.00487925,0.00352571,8.28606,0.00452933,1.7798,1.04081,0.000518604,0.166102,0.000512325,0.000784951,0.000204928,0.000572776,0.166102,0.851343,4.16089e-07,2.19104,0.206345
2016.2917,284.574,283.507,1.77556,0.233761,1.09312,0.00589586,0.00256372,0.00260671,0.00333214,0.000517566,1.63638e-26,4.514e-07,1.03975e-05,1.77344e-16,4.60845e-05,2.69096e-05,1.52976e-06,2.48062e-20,3.16809e-06,1.89866e-06,4.75222,89.7525,2.5686,0.354431,82.9332,0.208356,3.07608,0.00146988,0.208356,1.71265,0.0587298,8.80442,0.448176,0.00660639,8.28739,0.00520894,0.00471068,0.00496087,0.0035161,8.28739,0.00453272,1.77981,1.04087,0.000431342,0.166144,0.000520894,0.000785114,0.000208356,0.000571232,0.166144,1.77574,4.514e-07,2.18362,0.209826
2016.3750,291.922,290.382,1.98959,0.164205,2.07151,0.00906724,0.00388791,0.00220015,0.00517933,0.000557605,2.95943e-26,5.17853e-07,3.83582e-06,2.01997e-16,5.08071e-05,5.42627e-05,4.79125e-07,2.82701e-20,2.87795e-06,3.85313e-06,4.83324,89.7877,2.6035,0.318451,82.9294,0.231782,3.09098,0.00183467,0.231782,1.7066,0.0596658,8.80445,0.448302,0.00587672,8.2871,0.00579457,0.0047312,0.00551861,0.00350361,8.2871,0.00459821,1.77982,1.04088,0.000382981,0.166132,0.000579457,0.000788533,0.000231782,0.000569216,0.166132,2.51654,5.17853e-07,2.22975,0.233616
2016.4583,293.321,292.469,2.25047,0.199768,1.68735,0.00831219,0.00427294,0.00244042,0.00403926,0.000605777,2.35747e-26,5.9767e-07,2.39674e-05,2.09374e-16,6.16272e-05,5.01654e-05,2.73994e-06,2.9311e-20,3.29194e-06,3.56795e-06,4.94157,89.8635,2.64598,0.297796,82.9228,0.259925,3.10961,0.00226028,0.259925,1.70129,0.0609042,8.80446,0.448035,0.00545805,8.28657,0.00649817,0.00475703,0.0061887,0.00349269,8.28657,0.00468543,1.77983,1.04085,0.000355073,0.166113,0.000649817,0.000792839,0.000259925,0.000567445,0.166113,2.38011,5.9767e-07,2.29559,0.262186
2016.5417,290.766,290.477,2.43787,0.221772,1.25025,0.00611277,0.00395416,0.00253975,0.00215862,0.000639912,1.45552e-26,6.59867e-07,1.77764e-05,2.03562e-16,7.57487e-05,3.45713e-05,2.50096e-06,2.85258e-20,3.55863e-06,2.46298e-06,5.01847,89.8927,2.67619,0.273258,82.909,0.279859,3.12296,0.00254261,0.279859,1.69196,0.0618301,8.80386,0.448172,0.00495728,8.28543,0.00699651,0.00477571,0.00666332,0.00347357,8.28543,0.00475058,1.77985,1.04088,0.000322956,0.166074,0.000699652,0.000795951,0.000279859,0.000564337,0.166074,1.81029,6.59867e-07,2.34229,0.282402
2016.6250,282.566,282.97,2.48135,0.229309,0.400444,0.0026644,0.00261145,0.00194102,5.29535e-05,0.000650289,4.29877e-27,6.74355e-07,7.51413e-06,2.01685e-16,5.88297e-05,1.18553e-05,1.39324e-06,2.82329e-20,2.69022e-06,8.5872e-07,5.03544,89.8765,2.68531,0.260866,82.8955,0.285915,3.12694,0.00259915,0.285915,1.68471,0.0621066,8.8038,0.449263,0.00470112,8.28427,0.00714789,0.00478147,0.00680749,0.00345871,8.28427,0.00476968,1.77987,1.04093,0.00030737,0.166038,0.00071479,0.000796912,0.000285915,0.000561917,0.166038,0.836338,6.74355e-07,2.35013,0.288514
2016.7083,271.354,272.327,1.53852,0.338251,0.0506863,0.000348151,0.00135271,0.0010341,-0.00100456,0.000641553,1.17439e-28,6.50353e-07,3.9242e-06,2.02416e-16,3.19302e-05,2.10266e-06,8.53695e-07,2.82932e-20,1.40684e-06,1.99386e-07,5.00546,89.8339,2.67735,0.260251,82.8867,0.280818,3.1232,0.00248029,0.280818,1.68148,0.061834,8.80393,0.450463,0.00468611,8.2835,0.00702047,0.00477654,0.00668613,0.00345213,8.2835,0.00475056,1.77989,1.04099,0.000308103,0.166015,0.000702047,0.00079609,0.000280818,0.000560841,0.166015,0.436897,6.50353e-07,2.32811,0.283298
2016.7917,260.492,261.292,0,0.163344,0,0,0.000758066,1.18682e-05,-0.000758066,0.000629435,0,6.14891e-07,4.73751e-28,2.39334e-16,7.31738e-07,1.78583e-06,1.1876e-28,3.3423e-20,1.77305e-08,1.78583e-07,4.97352,89.8255,2.6663,0.282661,82.8843,0.273754,3.118,0.00233574,0.273754,1.685,0.0614639,8.80419,0.45083,0.00515793,8.28328,0.00684388,0.00476952,0.00651795,0.00345941,8.28328,0.00472504,1.7799,1.041,0.000340365,0.16601,0.000684388,0.00079492,0.000273754,0.000562016,0.16601,0.210532,6.14891e-07,2.30722,0.27609
2016.8750,265.637,265.914,0,0.129713,0,0,0.000718597,2.88778e-06,-0.000718597,0.000617584,0,5.74627e-07,0,2.47803e-16,2.19568e-07,1.74079e-06,0,3.45854e-20,4.79139e-09,1.74079e-07,4.94437,89.8303,2.6554,0.311509,82.8843,0.266849,3.11279,0.00219938,0.266849,1.69021,0.0611003,8.80449,0.450881,0.00577096,8.28327,0.00667127,0.00476244,0.00635356,0.00347011,8.28327,0.00469996,1.77992,1.041,0.000380876,0.166009,0.000667127,0.00079374,0.000266849,0.00056375,0.166009,0.127171,5.74627e-07,2.28897,0.269049
2016.9583,265.803,266.065,0,0.129713,0,0,0.000711486,2.36946e-06,-0.000711486,0.000605837,0,5.38485e-07,0,2.52952e-16,1.77967e-07,1.69617e-06,0,3.52833e-20,3.88588e-09,1.69617e-07,4.9153,89.8351,2.64451,0.340145,82.8842,0.26001,3.10751,0.00206891,0.26001,1.69549,0.0607381,8.80479,0.450927,0.00638048,8.28327,0.00650028,0.0047552,0.00619071,0.00348095,8.28327,0.00467496,1.77994,1.041,0.000421144,0.166009,0.000650028,0.000792534,0.00026001,0.000565511,0.166009,0.118306,5.38485e-07,2.27079,0.262079
2017.0417,265.002,265.226,0,0.129713,0,0,0.000703202,1.75107e-06,-0.000703202,0.000594929,0,5.03188e-07,0,2.584e-16,1.3027e-07,1.65476e-06,0,3.60231e-20,2.8443e-09,1.65477e-07,4.88918,89.8406,2.63431,0.366758,82.8841,0.253663,3.10249,0.0019519,0.253663,1.70051,0.0604001,8.80507,0.450969,0.00694783,8.28327,0.0063416,0.00474828,0.00603959,0.00349124,8.28327,0.0046516,1.77995,1.041,0.000458626,0.166009,0.00063416,0.00079138,0.000253663,0.000567184,0.166009,0.128838,5.03188e-07,2.25487,0.255615
2017.1250,267.818,267.841,0,0.129713,0,0,0.000906695,1.51102e-06,-0.000906695,0.000584286,0,4.78078e-07,0,2.53697e-16,1.10298e-07,1.61439e-06,0,3.53482e-20,2.41359e-09,1.61439e-07,4.85914,89.8415,2.62427,0.39275,82.8841,0.247473,3.09748,0.0018416,0.247473,1.70552,0.0600686,8.80534,0.451009,0.00750285,8.28326,0.00618686,0.00474132,0.00589222,0.0035015,8.28326,0.00462867,1.77997,1.041,0.000495292,0.166009,0.000618687,0.000790221,0.000247473,0.000568853,0.166009,0.388584,4.78078e-07,2.23486,0.249315
2017.2083,275.562,274.642,0.884994,0.333173,0.284517,0.00153222,0.00139977,0.0017736,0.000132444,0.000573673,1.06578e-27,4.67346e-07,7.36218e-05,2.1601e-16,-2.4634e-05,3.54922e-06,6.50709e-06,3.01413e-20,1.21472e-06,2.88164e-07,4.82493,89.8234,2.61421,0.39369,82.8955,0.241305,3.0924,0.00173618,0.241305,1.70932,0.0597396,8.80476,0.449807,0.00749425,8.28421,0.00603264,0.00473423,0.00574534,0.00350927,8.28421,0.00460586,1.77998,1.041,0.000492821,0.166041,0.000603265,0.000789038,0.000241304,0.000570122,0.166041,0.771802,4.67346e-07,2.21073,0.243041
2017.2917,286.152,284.603,2.05912,0.231072,1.58076,0.00713108,0.00270007,0.00256109,0.00443102,0.000570394,1.52069e-26,5.01618e-07,1.19341e-05,1.78869e-16,4.78024e-05,2.98002e-05,1.87851e-06,2.50765e-20,3.10612e-06,2.13681e-06,4.83578,89.7853,2.61232,0.330864,82.9143,0.23935,3.09247,0.00175329,0.23935,1.70438,0.0598122,8.8032,0.447968,0.00612679,8.28579,0.00598379,0.00473424,0.00569882,0.00349906,8.28579,0.00461093,1.78,1.04105,0.000401804,0.166092,0.000598379,0.00078904,0.00023935,0.000568474,0.166092,2.07016,5.01618e-07,2.22346,0.241104
2017.3750,294.206,292.418,2.12166,0.145121,2.31263,0.00911006,0.00373681,0.00199344,0.00537325,0.000582312,2.28353e-26,5.8455e-07,5.61743e-07,1.99416e-16,4.59261e-05,4.55263e-05,6.655e-08,2.79546e-20,2.5701e-06,3.26818e-06,4.93645,89.8495,2.62761,0.303448,82.9104,0.246106,3.10356,0.00201604,0.246106,1.69914,0.0606482,8.80337,0.448192,0.00556958,8.28547,0.00615268,0.00474957,0.00585967,0.00348827,8.28547,0.00467038,1.78001,1.04106,0.000364434,0.166081,0.000615269,0.000791594,0.000246106,0.000566729,0.166081,2.86357,5.8455e-07,2.30885,0.248122
2017.4583,294.704,293.649,2.20768,0.166388,1.82054,0.00807723,0.00395324,0.00203288,0.00412398,0.0005986,1.99182e-26,6.72149e-07,4.2345e-06,2.07768e-16,5.02937e-05,4.18329e-05,5.93208e-07,2.9118e-20,2.69047e-06,3.00568e-06,5.04287,89.9273,2.648,0.28608,82.9043,0.255356,3.11803,0.00233896,0.255356,1.694,0.0615861,8.80356,0.448306,0.00521997,8.28497,0.00638393,0.00476969,0.00607991,0.0034777,8.28497,0.00473726,1.78003,1.04105,0.000340399,0.166064,0.000638394,0.000794949,0.000255356,0.000565014,0.166064,2.47505,6.72149e-07,2.39487,0.257695
2017.5417,290.761,290.474,2.27396,0.170306,1.22927,0.00521968,0.00346782,0.00178521,0.00175186,0.000611154,1.11787e-26,7.26576e-07,3.2389e-06,2.10822e-16,4.70151e-05,2.50382e-05,6.11003e-07,2.95296e-20,2.37548e-06,1.79905e-06,5.11738,89.976,2.66439,0.273569,82.8965,0.262452,3.1301,0.00258828,0.262452,1.68857,0.0622797,8.80372,0.448697,0.00496877,8.28431,0.00656132,0.00478663,0.00624885,0.00346661,8.28431,0.0047866,1.78004,1.04105,0.000323263,0.166043,0.000656132,0.000797771,0.000262452,0.000563206,0.166043,1.74448,7.26576e-07,2.45299,0.26504
2017.6250,281.685,281.986,2.2411,0.217902,0.443893,0.00261088,0.00242284,0.00173691,0.000188041,0.000611074,4.39333e-27,7.2945e-07,3.84308e-06,2.04605e-16,4.87064e-05,1.0918e-05,8.85433e-07,2.86337e-20,2.32495e-06,7.97217e-07,5.12775,89.966,2.66657,0.265637,82.8886,0.262301,3.13311,0.0026211,0.262301,1.68405,0.0623996,8.80383,0.449543,0.00480702,8.28363,0.00655756,0.00479106,0.00624527,0.00345737,8.28363,0.00479487,1.78006,1.04109,0.000312934,0.166022,0.000655757,0.00079851,0.000262301,0.000561699,0.166022,0.811704,7.2945e-07,2.46118,0.264922
2017.7083,273.978,274.659,1.07304,0.262636,0.076733,0.000504351,0.00148978,0.00107424,-0.000985427,0.000602492,2.62718e-28,7.01419e-07,6.12597e-07,2.03832e-16,3.20647e-05,2.22197e-06,1.66282e-07,2.84867e-20,1.43101e-06,2.00989e-07,5.0995,89.9249,2.6591,0.262893,82.8813,0.257281,3.12992,0.00251323,0.257281,1.68123,0.0621592,8.80402,0.450677,0.00474835,8.28298,0.00643205,0.00478688,0.00612573,0.00345162,8.28298,0.00477795,1.78007,1.04115,0.000310598,0.166003,0.000643205,0.000797814,0.000257281,0.000560757,0.166003,0.447532,7.01419e-07,2.4404,0.259794
2017.7917,269.294,269.675,0,0.266268,0,0,0.000938128,0.000174538,-0.000938128,0.0005914,0,6.65734e-07,1.04871e-17,2.16631e-16,6.1663e-06,1.63628e-06,2.99599e-18,3.02396e-20,2.11111e-07,1.63628e-07,5.06488,89.9078,2.64868,0.280095,82.8785,0.250829,3.12474,0.00236752,0.250829,1.68434,0.0618127,8.80429,0.451197,0.00510566,8.28272,0.00627075,0.00477991,0.00597211,0.00345806,8.28272,0.00475397,1.78009,1.04116,0.000336108,0.165997,0.000627075,0.000796652,0.000250829,0.000561795,0.165997,0.21857,6.65734e-07,2.4162,0.253196
2017.8750,267.734,268.087,0,0.266268,0,0,0.00071611,0.000104793,-0.00071611,0.000580517,0,6.21832e-07,0,2.23459e-16,2.75636e-06,1.59501e-06,0,3.11666e-20,1.07264e-07,1.59501e-07,5.03546,89.9063,2.63834,0.303548,82.878,0.244502,3.11952,0.0022293,0.244502,1.68921,0.0614704,8.80457,0.451367,0.00559806,8.28267,0.00611259,0.00477282,0.00582149,0.00346808,8.28267,0.00473028,1.78011,1.04117,0.000369721,0.165996,0.00061126,0.000795471,0.000244502,0.000563418,0.165996,0.117765,6.21832e-07,2.39711,0.246732
2017.9583,266.353,266.679,0,0.266268,0,0,0.000680459,5.39103e-05,-0.000680459,0.000569729,0,5.77467e-07,0,2.31288e-16,1.15285e-06,1.55413e-06,0,3.22351e-20,4.86282e-08,1.55413e-07,5.00837,89.9087,2.62802,0.32789,82.8782,0.238236,3.11423,0.00209706,0.238236,1.69432,0.0611292,8.80485,0.451465,0.00611201,8.28267,0.00595592,0.00476558,0.00567228,0.00347858,8.28267,0.00470664,1.78012,1.04117,0.000404362,0.165997,0.000595593,0.000794263,0.000238236,0.000565122,0.165997,0.053665,5.77467e-07,2.38036,0.240333
2018.0417,267.737,267.836,0,0.266268,0,0,0.000850789,1.54714e-05,-0.000850789,0.000559711,0,5.45282e-07,0,2.37826e-16,5.9363e-07,1.51619e-06,0,3.3126e-20,1.6595e-08,1.51619e-07,4.98039,89.9096,2.61834,0.35183,82.8781,0.23242,3.1092,0.00197845,0.23242,1.69929,0.0608106,8.80511,0.451528,0.00662062,8.28266,0.00581053,0.00475865,0.00553381,0.00348878,8.28266,0.00468456,1.78014,1.04117,0.00043826,0.165997,0.000581054,0.000793108,0.00023242,0.000566779,0.165997,0.345371,5.45282e-07,2.36205,0.234399
2018.1250,268.058,268.186,0,0.266268,0,0,0.000817131,1.62867e-05,-0.000817131,0.000549936,0,5.2135e-07,0,2.40276e-16,5.39047e-07,1.47919e-06,0,3.34477e-20,1.55661e-08,1.4792e-07,4.95071,89.9087,2.60881,0.375652,82.878,0.226749,3.10418,0.00186666,0.226749,1.70429,0.0604981,8.80536,0.451582,0.00712842,8.28266,0.00566875,0.00475169,0.00539878,0.00349901,8.28266,0.00466287,1.78015,1.04117,0.000471996,0.165997,0.000566876,0.000791948,0.000226749,0.000568445,0.165997,0.376579,5.2135e-07,2.34189,0.228616
2018.2083,271.711,271.416,0.551846,0.449902,0.0816894,0.00062086,0.00105883,0.0013207,-0.00043797,0.000540075,1.70382e-29,5.02084e-07,7.23754e-05,2.30289e-16,-1.98188e-05,1.4702e-06,5.44752e-06,3.20944e-20,8.77082e-07,1.45808e-07,4.91904,89.8963,2.59912,0.383098,82.8856,0.221032,3.099,0.00175772,0.221032,1.70854,0.060181,8.80484,0.450599,0.00726623,8.28329,0.00552582,0.00474446,0.00526266,0.00350769,8.28329,0.00464085,1.78017,1.04117,0.000480057,0.166018,0.000552583,0.000790744,0.000221032,0.00056986,0.166018,0.546188,5.02084e-07,2.31991,0.222789
2018.2917,283.362,281.97,1.86546,0.242727,1.16577,0.00609992,0.00235828,0.00238735,0.00374164,0.000536052,1.29802e-26,5.1639e-07,1.5697e-05,1.97717e-16,4.28285e-05,2.28908e-05,1.92378e-06,2.76986e-20,2.86236e-06,1.64212e-06,4.91385,89.8521,2.59619,0.330699,82.9025,0.21866,3.09825,0.0017557,0.21866,1.70506,0.0601227,8.8029,0.448481,0.00610646,8.28469,0.00546654,0.00474335,0.0052062,0.00350048,8.28469,0.00463676,1.78018,1.04122,0.000402894,0.166065,0.000546654,0.000790559,0.00021866,0.0005687,0.166065,1.66812,5.1639e-07,2.31766,0.220416
2018.3750,291.906,289.78,1.94159,0.135652,1.84821,0.0079534,0.00330572,0.00176805,0.00464767,0.000550038,2.16018e-26,5.77624e-07,5.61847e-07,1.99264e-16,4.17122e-05,3.87338e-05,7.26422e-08,2.79145e-20,2.26313e-06,2.78187e-06,5.0022,89.9046,2.61448,0.302783,82.8993,0.226573,3.11173,0.00207255,0.226573,1.70034,0.0608476,8.80303,0.448744,0.00554114,8.28441,0.00566435,0.004762,0.00539459,0.00349077,8.28441,0.00468825,1.78019,1.04123,0.0003646,0.166056,0.000566435,0.000793666,0.000226573,0.000567129,0.166056,2.18184,5.77624e-07,2.38772,0.228645
2018.4583,299.11,296.859,1.97185,0.092319,1.02282,0.00320635,0.00311431,0.00127945,9.20369e-05,0.000555985,5.56877e-27,6.14945e-07,7.46683e-11,2.11061e-16,2.84231e-05,1.13433e-05,1.55559e-11,2.95433e-20,1.59846e-06,8.19842e-07,5.03238,89.9227,2.62346,0.29516,82.896,0.229874,3.11911,0.00223147,0.229874,1.69919,0.0611999,8.80329,0.449103,0.00538518,8.28411,0.00574688,0.00477231,0.00547319,0.0034884,8.28411,0.00471309,1.78021,1.04124,0.000354334,0.166048,0.000574688,0.000795384,0.000229874,0.000566744,0.166048,1.2725,6.14945e-07,2.40891,0.232105
2018.5417,293.393,292.884,1.93826,0.128295,0.499165,0.00230443,0.00270196,0.00142228,-0.000397524,0.000549732,3.41569e-27,6.13748e-07,4.09446e-07,2.14428e-16,3.18438e-05,7.36954e-06,7.40877e-08,2.99888e-20,1.82556e-06,5.47818e-07,4.99508,89.8767,2.61813,0.289682,82.8936,0.226212,3.11692,0.00216845,0.226212,1.69832,0.0610338,8.80354,0.449845,0.00527501,8.2839,0.00565532,0.00476938,0.00538599,0.00348663,8.2839,0.00470122,1.78022,1.04128,0.000347236,0.166042,0.000565533,0.000794897,0.000226212,0.000566456,0.166042,0.882076,6.13748e-07,2.37695,0.22838
2018.6250,285.537,285.685,1.92294,0.183832,0.512119,0.00261258,0.00253438,0.00179158,7.82045e-05,0.000546951,4.83937e-27,6.1756e-07,2.3167e-06,2.08958e-16,4.77327e-05,9.80363e-06,4.2854e-07,2.92045e-20,2.41543e-06,7.0989e-07,4.98315,89.8404,2.61678,0.275391,82.8877,0.224539,3.11732,0.0021677,0.224539,1.69412,0.0610062,8.8037,0.450813,0.00498894,8.28341,0.00561352,0.00477002,0.00534618,0.003478,8.28341,0.0046989,1.78023,1.04133,0.000327847,0.166026,0.000561352,0.000795004,0.000224539,0.000565055,0.166026,0.902016,6.1756e-07,2.36638,0.226707
2018.7083,277.385,278.006,1.73283,0.195777,0.0937534,0.00062016,0.00165345,0.00137981,-0.00103329,0.000539641,7.61594e-29,5.98008e-07,2.56609e-07,2.07062e-16,3.77119e-05,1.56648e-06,7.19059e-08,2.8904e-20,1.86553e-06,1.51039e-07,4.95337,89.7928,2.61003,0.267417,82.881,0.22028,3.11408,0.00208457,0.22028,1.69107,0.0607902,8.80391,0.451995,0.00482736,8.28283,0.00550702,0.0047656,0.00524475,0.00347173,8.28283,0.00468361,1.78025,1.04138,0.000318041,0.166008,0.000550703,0.000794267,0.00022028,0.000564037,0.166008,0.340041,5.98008e-07,2.34334,0.222364
2018.7917,258.651,260.603,0.212584,0.123588,0.00283177,1.33218e-05,0.000710333,0.000158595,-0.000697011,0.000530069,0,5.65449e-07,3.92711e-11,2.2457e-16,5.70955e-06,1.40082e-06,1.18643e-11,3.13116e-20,2.15628e-07,1.40083e-07,4.91981,89.7641,2.60051,0.274764,82.8773,0.214735,3.10889,0.00196319,0.214735,1.69228,0.0604794,8.80415,0.452719,0.00498509,8.2825,0.00536841,0.00475846,0.00511274,0.0034742,8.2825,0.00466199,1.78026,1.04142,0.000329686,0.165999,0.000536841,0.000793076,0.000214735,0.000564441,0.165999,0.170134,5.65449e-07,2.31931,0.216698
2018.8750,256.911,257.909,0,0.0507973,0,0,0.000535601,2.04281e-06,-0.000535601,0.000520712,0,5.27043e-07,0,2.44082e-16,1.65956e-07,1.36549e-06,0,3.40107e-20,3.57573e-09,1.3655e-07,4.89356,89.7657,2.59111,0.29765,82.877,0.209319,3.1037,0.00184857,0.209319,1.69741,0.0601737,8.8044,0.45279,0.00547661,8.28247,0.00523301,0.00475125,0.00498379,0.00348471,8.28247,0.00464072,1.78027,1.04142,0.000362302,0.165999,0.000523301,0.000791876,0.000209319,0.000566151,0.165999,0.0774796,5.27043e-07,2.30245,0.211168
2018.9583,261.35,261.615,0,0.0495663,0,0,0.000621856,5.86863e-07,-0.000621856,0.000511436,0,4.91578e-07,0,2.56625e-16,5.41278e-08,1.3305e-06,0,3.57371e-20,1.12077e-09,1.3305e-07,4.86777,89.7682,2.5817,0.320724,82.877,0.203954,3.09844,0.00173892,0.203954,1.70268,0.0598688,8.80464,0.452832,0.00597354,8.28247,0.00509888,0.0047439,0.00485605,0.00349548,8.28247,0.00461949,1.78029,1.04141,0.000395146,0.165999,0.000509889,0.00079065,0.000203954,0.000567907,0.165999,0.1708,4.91578e-07,2.28607,0.205693
2019.0417,266.07,266.244,0,0.0495291,0,0,0.000691201,4.54258e-07,-0.000691201,0.000502822,0,4.64852e-07,0,2.59016e-16,4.217e-08,1.29802e-06,0,3.60499e-20,8.71133e-10,1.29802e-07,4.84112,89.768,2.57288,0.342177,82.877,0.198975,3.09343,0.00164057,0.198975,1.70768,0.0595839,8.80486,0.452869,0.00643651,8.28247,0.00497442,0.00473688,0.00473751,0.0035057,8.28247,0.00459963,1.7803,1.04141,0.000425744,0.165999,0.000497442,0.000789479,0.000198975,0.000569575,0.165999,0.21027,4.64852e-07,2.26824,0.200616
2019.1250,267.528,267.642,0,0.049512,0,0,0.000732872,4.53166e-07,-0.000732872,0.000494415,0,4.43689e-07,0,2.56486e-16,4.1982e-08,1.26635e-06,0,3.56778e-20,8.67576e-10,1.26635e-07,4.81383,89.7666,2.56419,0.363133,82.877,0.19412,3.08844,0.00154787,0.19412,1.71268,0.0593042,8.80508,0.452906,0.00688969,8.28247,0.00485304,0.00472983,0.00462191,0.00351589,8.28247,0.00458011,1.78031,1.04141,0.000455696,0.165999,0.000485304,0.000788304,0.00019412,0.000571241,0.165999,0.281514,4.43689e-07,2.24964,0.195668
2019.2083,271.745,271.572,0,0.46666,0,0,0.00094454,0.000638108,-0.00094454,0.00048593,0,4.27632e-07,1.54667e-05,2.37852e-16,-1.72255e-05,1.2344e-06,1.17076e-06,3.30791e-20,4.16512e-07,1.23441e-07,4.78374,89.7566,2.55534,0.372975,82.8826,0.189224,3.08328,0.00145747,0.189224,1.71728,0.05902,8.8052,0.452633,0.00708435,8.28294,0.00473062,0.00472251,0.00450533,0.00352526,8.28294,0.00456027,1.78033,1.04142,0.000467006,0.166014,0.000473063,0.000787085,0.000189224,0.000572774,0.166014,0.515917,4.27632e-07,2.22841,0.190681
2019.2917,285.954,284.158,1.57533,0.301886,1.29008,0.00572293,0.00284515,0.00277777,0.00287778,0.000495403,1.68617e-26,4.51388e-07,6.23679e-05,1.89508e-16,3.96845e-05,2.58258e-05,6.42635e-06,2.64984e-20,3.15769e-06,1.81692e-06,4.76767,89.7082,2.56152,0.326877,82.8989,0.194876,3.08395,0.00150471,0.194876,1.71475,0.0589997,8.80313,0.450247,0.00605167,8.28432,0.00487192,0.00472325,0.00463989,0.00351996,8.28432,0.00455838,1.78034,1.04145,0.000397541,0.166059,0.000487192,0.000787209,0.000194876,0.000571929,0.166059,1.88941,4.51388e-07,2.20615,0.19638
2019.3750,293.173,291.448,2.01253,0.141704,2.16402,0.009075,0.0043136,0.00188095,0.0047614,0.000562416,2.95845e-26,5.30758e-07,1.2911e-07,1.99786e-16,4.63236e-05,5.50484e-05,2.28211e-08,2.79527e-20,2.46668e-06,3.89972e-06,4.83422,89.7333,2.61605,0.295078,82.895,0.234249,3.10365,0.00197522,0.234249,1.70902,0.0599801,8.80299,0.450132,0.00539449,8.28398,0.00585625,0.00475044,0.00557735,0.00350814,8.28398,0.00462672,1.78035,1.04145,0.000354262,0.166048,0.000585625,0.00079174,0.000234249,0.000570019,0.166048,2.59576,5.30758e-07,2.21817,0.236224
2019.4583,291.762,291.068,2.3946,0.209148,1.67971,0.00878841,0.00440987,0.00240327,0.00437854,0.000632278,2.44028e-26,6.12206e-07,1.15587e-05,2.00092e-16,6.5266e-05,5.55925e-05,1.71391e-06,2.79986e-20,3.25663e-06,3.9493e-06,4.94052,89.807,2.67336,0.276782,82.8867,0.275254,3.12483,0.00245015,0.275254,1.70289,0.0613311,8.80301,0.44987,0.00502288,8.28329,0.00688138,0.00477988,0.00655367,0.00349558,8.28329,0.00472175,1.78036,1.04142,0.000329063,0.166025,0.000688138,0.000796646,0.000275254,0.000567979,0.166025,2.40663,6.12206e-07,2.26716,0.277704
2019.5417,292.614,292.055,2.62824,0.138061,1.51603,0.00574018,0.00397909,0.00158735,0.00176109,0.000674201,1.23305e-26,6.76374e-07,3.81907e-07,2.08979e-16,4.22777e-05,3.21427e-05,7.90889e-08,2.92196e-20,2.08876e-06,2.28464e-06,5.01417,89.854,2.70759,0.266232,82.8768,0.299858,3.13734,0.00270246,0.299858,1.69687,0.0622841,8.80319,0.450179,0.00480773,8.28243,0.00749648,0.00479745,0.00713947,0.00348326,8.28243,0.00478863,1.78038,1.04141,0.000314737,0.165999,0.000749648,0.000799576,0.000299858,0.00056597,0.165999,1.90916,6.76374e-07,2.30657,0.30256
2019.6250,285.219,285.403,2.6867,0.255039,0.51242,0.00315837,0.00303465,0.00222864,0.000123723,0.000684561,5.11618e-27,6.9296e-07,3.22742e-05,1.97256e-16,6.43985e-05,1.48934e-05,5.24693e-06,2.7582e-20,3.00604e-06,1.07201e-06,5.02366,89.8444,2.71558,0.260135,82.8687,0.305955,3.13978,0.00271623,0.305955,1.69186,0.0625093,8.80294,0.450541,0.00468281,8.28173,0.0076489,0.00480114,0.00728463,0.00347304,8.28173,0.00480395,1.7804,1.04145,0.000306592,0.165978,0.00076489,0.000800191,0.000305955,0.0005643,0.165978,1.07387,6.9296e-07,2.30808,0.308671
2019.7083,269.045,270.083,1.56721,0.216516,0.0462809,0.000274382,0.00121784,0.000533314,-0.000943457,0.000676734,1.84475e-29,6.72306e-07,1.54175e-07,2.0435e-16,1.71589e-05,2.01244e-06,3.86977e-08,2.85585e-20,7.05479e-07,1.99253e-07,4.99699,89.81,2.70836,0.263249,82.8605,0.30139,3.13632,0.00259703,0.30139,1.68926,0.0622577,8.80277,0.4513,0.00474688,8.281,0.00753478,0.00479663,0.00717595,0.00346777,8.281,0.00478637,1.78042,1.0415,0.000312688,0.165957,0.000753478,0.000799438,0.00030139,0.000563433,0.165957,0.31963,6.72306e-07,2.28863,0.303987
2019.7917,257.595,258.761,0.156103,0.191902,0.000465074,1.61839e-06,0.000730218,2.78313e-05,-0.000728599,0.000663717,0,6.31058e-07,5.01756e-27,2.27215e-16,1.4013e-06,1.91653e-06,1.38196e-27,3.17286e-20,3.7456e-08,1.91654e-07,4.96383,89.8087,2.69674,0.291399,82.8595,0.293791,3.13108,0.0024454,0.293791,1.69391,0.0618665,8.80308,0.451496,0.00533998,8.2809,0.0073448,0.0047896,0.00699502,0.00347737,8.2809,0.00475945,1.78044,1.0415,0.000352623,0.165955,0.00073448,0.000798268,0.000293791,0.000564983,0.165955,0.185186,6.31058e-07,2.26709,0.296236
2019.8750,259.061,259.365,0,0.184621,0,0,0.000694322,7.5904e-07,-0.000694322,0.000651018,0,5.8822e-07,0,2.51124e-16,7.03516e-08,1.8682e-06,0,3.50464e-20,1.4547e-09,1.8682e-07,4.9341,89.8147,2.68532,0.322055,82.8594,0.286381,3.12585,0.00230263,0.286381,1.69913,0.0614832,8.8034,0.451549,0.00599083,8.28089,0.00715956,0.00478253,0.0068186,0.00348812,8.28089,0.00473305,1.78046,1.0415,0.000395656,0.165955,0.000715956,0.000797089,0.000286381,0.000566723,0.165955,0.0689358,5.8822e-07,2.24878,0.288684
2019.9583,253.962,254.628,0,0.183064,0,0,0.000501351,2.89858e-07,-0.000501351,0.000638432,0,5.47123e-07,0,2.61572e-16,2.72962e-08,1.82032e-06,0,3.64832e-20,5.61139e-10,1.82032e-07,4.9051,89.8215,2.67391,0.352544,82.8594,0.279041,3.12055,0.00216604,0.279041,1.70443,0.0611014,8.80372,0.451591,0.00663934,8.28089,0.00697605,0.0047753,0.00664383,0.00349902,8.28089,0.00470674,1.78047,1.0415,0.00043849,0.165955,0.000697606,0.000795883,0.000279041,0.000568491,0.165955,0.0693397,5.47123e-07,2.23119,0.281207
2020.0417,259.203,259.248,0,0.184449,0,0,0.000667931,5.7048e-08,-0.000667931,0.000626745,0,5.13386e-07,0,1.89037e-16,5.61311e-09,1.77588e-06,0,2.63525e-20,1.13178e-10,1.77588e-07,4.87836,89.8281,2.66323,0.380876,82.8594,0.272229,3.11551,0.00204353,0.272229,1.70947,0.0607453,8.80401,0.451629,0.00724281,8.28089,0.00680576,0.00476838,0.00648165,0.00350937,8.28089,0.00468218,1.78049,1.0415,0.00047835,0.165955,0.000680577,0.00079473,0.000272229,0.000570171,0.165955,0.200012,5.13386e-07,2.21513,0.274273
2020.1250,263.128,263.208,0,0.18514,0,0,0.00068765,3.81123e-08,-0.00068765,0.000615341,0,4.83502e-07,0,1.16593e-16,3.7753e-09,1.73255e-06,0,1.62444e-20,7.58986e-11,1.73255e-07,4.85054,89.833,2.65273,0.408539,82.8594,0.265587,3.11048,0.00192806,0.265587,1.7145,0.0603961,8.8043,0.451666,0.00783295,8.28089,0.0066397,0.00476143,0.00632349,0.00351968,8.28089,0.00465808,1.78051,1.0415,0.000517331,0.165955,0.00066397,0.000793571,0.000265587,0.000571849,0.165955,0.228975,4.83502e-07,2.19782,0.267515
2020.2083,266.377,266.353,0,0.187429,0,0,0.000815246,6.07413e-06,-0.000815246,0.000603834,0,4.63395e-07,1.63722e-22,9.14639e-17,-3.42403e-07,1.68885e-06,2.21332e-23,1.27362e-20,1.97353e-09,1.68885e-07,4.82056,89.8361,2.64204,0.436466,82.8594,0.258887,3.10528,0.00181546,0.258887,1.7197,0.060042,8.80458,0.451695,0.00842969,8.28089,0.00647222,0.0047542,0.00616399,0.00353032,8.28089,0.00463362,1.78052,1.0415,0.000556747,0.165955,0.000647222,0.000792367,0.000258887,0.00057358,0.165955,0.401612,4.63395e-07,2.17852,0.260703
2020.2917,279.369,277.91,1.45198,0.408128,0.848314,0.00441777,0.00185325,0.00264393,0.00256452,0.000594337,7.34509e-27,4.68169e-07,6.80331e-05,7.30175e-17,-2.02327e-05,1.62239e-05,7.50414e-06,1.02046e-20,1.99712e-06,1.17887e-06,4.79967,89.8131,2.63338,0.410036,82.8817,0.253354,3.10121,0.00173475,0.253354,1.72167,0.0598089,8.80313,0.449238,0.00779837,8.28275,0.00633388,0.00474849,0.00603224,0.00353431,8.28275,0.00461749,1.78054,1.04151,0.000513257,0.166017,0.000633388,0.000791415,0.000253354,0.000574236,0.166017,1.52007,4.68169e-07,2.16629,0.255089
2020.3750,289.378,287.898,2.22042,0.226169,1.82042,0.00982386,0.00334701,0.00290902,0.00647684,0.000600282,2.3811e-26,5.37861e-07,1.27436e-05,6.06496e-17,5.36131e-05,4.98634e-05,1.69318e-06,8.50684e-21,3.53379e-06,3.57464e-06,4.88357,89.8378,2.64117,0.341778,82.8973,0.256723,3.10694,0.00187933,0.256723,1.71507,0.0604939,8.80224,0.44784,0.00632895,8.28406,0.0064181,0.00475636,0.00611245,0.00352072,8.28406,0.00466608,1.78056,1.04153,0.000416118,0.16606,0.00064181,0.000792726,0.000256723,0.000572038,0.16606,2.42186,5.37861e-07,2.2424,0.258602
2020.4583,294.16,292.754,2.31148,0.159327,2.17219,0.00873397,0.00404497,0.00228958,0.00468899,0.00061729,2.07913e-26,6.21638e-07,1.80618e-06,9.19022e-17,5.36524e-05,4.57405e-05,2.39573e-07,1.28975e-20,2.96417e-06,3.28064e-06,5.0124,89.917,2.66088,0.304537,82.8926,0.266452,3.1199,0.00217654,0.266452,1.70743,0.0616157,8.80228,0.447902,0.00558033,8.28367,0.00666132,0.00477434,0.00634409,0.003505,8.28367,0.004746,1.78057,1.04153,0.000365559,0.166046,0.000666133,0.000795723,0.000266452,0.000569489,0.166046,2.65358,6.21638e-07,2.35152,0.268628
2020.5417,289.993,289.382,2.37113,0.158647,1.10915,0.00554787,0.00343172,0.00171148,0.00211615,0.000628442,1.19596e-26,6.73396e-07,5.16683e-07,2.00836e-16,3.86448e-05,2.78878e-05,8.72018e-08,2.81711e-20,2.19013e-06,2.00044e-06,5.08637,89.9699,2.67452,0.292182,82.8878,0.272796,3.12938,0.00237774,0.272796,1.70357,0.0623141,8.80255,0.44814,0.00533286,8.28327,0.00681992,0.0047876,0.00649514,0.00349709,8.28327,0.00479552,1.78059,1.04153,0.000348516,0.166033,0.000681993,0.000797933,0.000272796,0.000568202,0.166033,1.56822,6.73396e-07,2.41185,0.275173
2020.6250,283.219,283.38,2.37634,0.165833,0.502555,0.00283338,0.0026002,0.00156183,0.000233179,0.000629547,4.59683e-27,6.79371e-07,4.907e-07,2.02052e-16,3.89557e-05,1.18827e-05,9.28744e-08,2.83202e-20,2.03288e-06,8.64322e-07,5.10396,89.968,2.67748,0.282309,82.8823,0.273349,3.13249,0.00242515,0.273349,1.69944,0.0625135,8.80281,0.448861,0.0051359,8.28281,0.00683376,0.00479209,0.00650831,0.00348865,8.28281,0.00480943,1.7806,1.04156,0.000335199,0.166018,0.000683376,0.000798682,0.000273349,0.000566827,0.166018,0.706369,6.79371e-07,2.42648,0.275774
2020.7083,270.727,271.968,0.94442,0.116575,0.0678288,0.000406856,0.00130255,0.00063325,-0.000895697,0.000620592,1.32145e-28,6.48962e-07,1.2333e-11,2.07039e-16,1.60385e-05,2.03604e-06,4.4182e-12,2.89871e-20,7.92525e-07,1.92036e-07,5.07696,89.9407,2.66966,0.285747,82.879,0.268111,3.12913,0.00232486,0.268111,1.69903,0.06227,8.80311,0.449624,0.00520768,8.28252,0.00670282,0.0047876,0.00638361,0.00348783,8.28252,0.00479234,1.78062,1.0416,0.000340851,0.16601,0.000670282,0.000797934,0.000268111,0.00056669,0.16601,0.286656,6.48962e-07,2.4073,0.270436
2020.7917,265.347,266.079,0,0.0606049,0,0,0.000767657,4.27282e-05,-0.000767657,0.000609003,0,6.08004e-07,0,2.19479e-16,1.85027e-06,1.705e-06,0,3.07032e-20,5.26291e-08,1.705e-07,5.04575,89.9363,2.65892,0.309096,82.8781,0.261364,3.12392,0.00218946,0.261364,1.70337,0.0619115,8.8034,0.449869,0.00569875,8.28243,0.00653412,0.00478051,0.00622294,0.00349676,8.28243,0.00476756,1.78064,1.04161,0.000374281,0.166008,0.000653412,0.000796752,0.000261364,0.000568137,0.166008,0.0958803,6.08004e-07,2.38683,0.263553
2020.8750,264.584,265.26,0,0.0606049,0,0,0.000676198,2.20065e-05,-0.000676198,0.000597675,0,5.65165e-07,0,2.26741e-16,8.83734e-07,1.662e-06,0,3.16988e-20,2.47248e-08,1.662e-07,5.01809,89.9408,2.64832,0.336301,82.8778,0.254772,3.1187,0.00206164,0.254772,1.70853,0.0615589,8.80369,0.449948,0.00627513,8.28241,0.00636933,0.00477336,0.00606599,0.00350736,8.28241,0.00474318,1.78065,1.04161,0.000412672,0.166007,0.000636933,0.000795559,0.000254772,0.000569857,0.166007,0.0660233,5.65165e-07,2.36977,0.256833
2020.9583,261.022,261.761,0,0.0606049,0,0,0.00060554,3.68344e-06,-0.00060554,0.000586446,0,5.25087e-07,0,2.37222e-16,2.29378e-07,1.6194e-06,0,3.31438e-20,5.33892e-09,1.6194e-07,4.9912,89.9464,2.63773,0.363659,82.8778,0.248242,3.11341,0.00193934,0.248242,1.71381,0.0612076,8.80398,0.450004,0.00685644,8.28239,0.00620608,0.00476605,0.00591052,0.00351817,8.28239,0.00471887,1.78067,1.0416,0.000451216,0.166007,0.000620608,0.000794341,0.000248242,0.000571615,0.166007,0.0686155,5.25087e-07,2.35348,0.250181
2021.0417,262.631,263.028,0,0.0606054,0,0,0.000701117,1.27001e-06,-0.000701117,0.000576019,0,4.92286e-07,0,2.46991e-16,9.71454e-08,1.57987e-06,0,3.44897e-20,2.10937e-09,1.57987e-07,4.96451,89.9504,2.62781,0.389312,82.8777,0.242182,3.10838,0.00182965,0.242182,1.71883,0.0608797,8.80425,0.450045,0.00740283,8.28239,0.00605458,0.00475906,0.00576624,0.00352846,8.28239,0.00469616,1.78068,1.0416,0.000487335,0.166007,0.000605458,0.000793177,0.000242182,0.000573291,0.166007,0.198956,4.92286e-07,2.3367,0.244012
2021.1250,266.267,266.43,0,0.060621,0,0,0.000816255,1.06709e-06,-0.000816255,0.000565845,0,4.71263e-07,0,2.28379e-16,7.97786e-08,1.54132e-06,0,3.18737e-20,1.73837e-09,1.54132e-07,4.93462,89.9505,2.61805,0.414374,82.8777,0.236273,3.10336,0.00172627,0.236273,1.72385,0.0605581,8.80451,0.450084,0.00793755,8.28239,0.00590684,0.00475204,0.00562554,0.00353873,8.28239,0.00467386,1.7807,1.0416,0.000522679,0.166007,0.000590685,0.000792007,0.000236273,0.000574964,0.166007,0.333777,4.71263e-07,2.31658,0.237999
2021.2083,269.625,269.283,0.215791,0.201646,0.0890791,0.000410234,0.000987871,0.000920757,-0.000577637,0.000555584,2.33151e-28,4.55588e-07,5.4474e-05,1.8586e-16,-2.58789e-05,1.90713e-06,3.84065e-06,2.59359e-20,4.26066e-07,1.76633e-07,4.90373,89.9467,2.60812,0.433297,82.8809,0.230317,3.09818,0.00162558,0.230317,1.72879,0.060232,8.80457,0.4498,0.00833372,8.28266,0.00575795,0.00474477,0.00548373,0.00354881,8.28266,0.00465124,1.78071,1.0416,0.000548284,0.166016,0.000575795,0.000790795,0.000230317,0.00057661,0.166016,0.61012,4.55588e-07,2.29561,0.231942
2021.2917,286.463,284.83,1.95276,0.192684,1.41434,0.00658008,0.0026173,0.00250089,0.00396279,0.000551316,1.3159e-26,4.83648e-07,8.55232e-06,1.43018e-16,2.88863e-05,2.43338e-05,1.24558e-06,2.00475e-20,2.69143e-06,1.7441e-06,4.90262,89.9084,2.60513,0.371931,82.9073,0.227794,3.09756,0.0016339,0.227794,1.72649,0.0602111,8.80305,0.447472,0.0069483,8.28487,0.00569488,0.00474377,0.00542367,0.00354401,8.28487,0.00464972,1.78073,1.04164,0.00045671,0.166089,0.000569488,0.000790629,0.000227794,0.000575842,0.166089,1.86658,4.83648e-07,2.29749,0.229428
2021.3750,292.161,290.638,2.01348,0.166373,2.08769,0.00956678,0.00365553,0.00226119,0.00591125,0.000563026,2.55574e-26,5.54327e-07,9.56881e-07,1.64547e-16,4.22654e-05,4.76165e-05,1.08477e-07,2.30777e-20,2.82011e-06,3.42295e-06,4.99563,89.9634,2.62097,0.337248,82.9086,0.234398,3.10956,0.00192469,0.234398,1.72187,0.060967,8.80326,0.447522,0.00623646,8.285,0.00585998,0.0047603,0.0055809,0.00353448,8.285,0.00470347,1.78074,1.04164,0.000408689,0.166091,0.000585998,0.000793384,0.000234398,0.000574304,0.166091,2.68478,5.54327e-07,2.37467,0.236323
2021.4583,293.231,292.254,2.10116,0.151195,1.48572,0.00679507,0.00348803,0.0018096,0.00330704,0.000579833,1.69037e-26,6.31911e-07,1.01144e-06,2.07323e-16,3.68494e-05,3.36141e-05,1.42163e-07,2.9083e-20,2.30768e-06,2.41103e-06,5.10358,90.0417,2.64299,0.314688,82.9061,0.243896,3.12583,0.00229263,0.243896,1.71735,0.061888,8.8035,0.447467,0.00579154,8.28482,0.00609742,0.0047829,0.00580704,0.00352519,8.28482,0.00476913,1.78076,1.04163,0.000377249,0.166083,0.000609742,0.000797151,0.000243896,0.000572797,0.166083,2.1067,6.31911e-07,2.46059,0.246188
2021.5417,289.37,288.954,2.14912,0.192636,1.04412,0.00544433,0.00336819,0.00214014,0.00207615,0.000589079,1.29066e-26,6.70682e-07,5.43786e-06,2.02939e-16,5.42715e-05,2.67942e-05,8.77045e-07,2.8469e-20,2.86411e-06,1.92729e-06,5.16061,90.0667,2.65633,0.294589,82.8999,0.249067,3.13643,0.00251283,0.249067,1.71151,0.0624156,8.80359,0.447924,0.00539113,8.28434,0.0062267,0.00479776,0.00593016,0.00351322,8.28434,0.00480648,1.78077,1.04166,0.000349959,0.166064,0.000622671,0.000799627,0.000249067,0.000570849,0.166064,1.51635,6.70682e-07,2.50428,0.25158
2021.6250,283.552,283.861,2.15769,0.198482,0.391734,0.00254187,0.00254439,0.00175933,-2.521e-06,0.000590895,4.33622e-27,6.77586e-07,1.52817e-06,2.02934e-16,4.64908e-05,1.01712e-05,3.93096e-07,2.84434e-20,2.36203e-06,7.43991e-07,5.17674,90.0575,2.66096,0.282027,82.8922,0.249989,3.14124,0.00259028,0.249989,1.70664,0.0626049,8.80379,0.448845,0.00513583,8.2837,0.00624977,0.00480467,0.00595213,0.00350327,8.2837,0.00481974,1.78079,1.0417,0.000333673,0.166042,0.000624977,0.000800778,0.000249989,0.000569225,0.166042,0.811525,6.77586e-07,2.51578,0.25258
2021.7083,270.558,271.43,1.10794,0.272741,0.0231015,0.000251495,0.00123763,0.000749881,-0.000986131,0.000582112,1.37184e-31,6.52851e-07,1.98603e-07,2.05354e-16,2.06336e-05,1.59762e-06,5.25476e-08,2.87477e-20,9.80047e-07,1.59755e-07,5.14628,90.0182,2.65307,0.280634,82.8864,0.244862,3.13764,0.00247546,0.244862,1.70489,0.0623468,8.804,0.449851,0.00510682,8.2832,0.00612157,0.00479992,0.00583004,0.00349974,8.2832,0.00480168,1.7808,1.04174,0.000333385,0.166027,0.000612157,0.000799986,0.000244862,0.000568644,0.166027,0.396835,6.52851e-07,2.49321,0.247337
2021.7917,265.282,265.779,0.0513805,0.260512,3.61826e-06,2.90498e-07,0.00081799,2.93286e-05,-0.000817699,0.000571478,0,6.17731e-07,0,2.2203e-16,1.40079e-06,1.55706e-06,0,3.10567e-20,3.83023e-08,1.55706e-07,5.11253,90.0076,2.64287,0.300934,82.8852,0.238685,3.13241,0.00233089,0.238685,1.70895,0.0620092,8.80426,0.450122,0.00553356,8.28309,0.00596716,0.00479284,0.00568298,0.00350811,8.28309,0.00477829,1.78082,1.04175,0.000362553,0.166024,0.000596716,0.000798806,0.000238685,0.000569997,0.166024,0.224142,6.17731e-07,2.46965,0.241016
2021.8750,266.664,266.886,0,0.252827,0,0,0.000768003,1.5965e-05,-0.000768003,0.000561107,0,5.78391e-07,0,2.27041e-16,7.47274e-07,1.51779e-06,0,3.1738e-20,1.96352e-08,1.51779e-07,5.08275,90.0083,2.63284,0.326384,82.885,0.232665,3.12717,0.00219481,0.232665,1.71415,0.0616782,8.80453,0.450191,0.00607351,8.28307,0.00581666,0.00478572,0.00553965,0.0035188,8.28307,0.00475532,1.78083,1.04175,0.000398429,0.166024,0.000581667,0.00079762,0.000232665,0.000571731,0.166024,0.141947,5.78391e-07,2.44992,0.23486
2021.9583,265.266,265.523,0,0.252827,0,0,0.000708544,1.13662e-05,-0.000708544,0.000550826,0,5.40971e-07,0,2.30706e-16,4.85848e-07,1.47889e-06,0,3.22306e-20,1.28905e-08,1.47889e-07,5.0534,90.0094,2.6228,0.351677,82.8849,0.226702,3.12187,0.00206461,0.226702,1.71944,0.0613481,8.80479,0.450251,0.00661114,8.28305,0.00566758,0.00477844,0.00539766,0.00352965,8.28305,0.0047324,1.78085,1.04175,0.000434128,0.166024,0.000566758,0.000796406,0.000226702,0.000573492,0.166024,0.139489,5.40971e-07,2.4306,0.228766
2022.0417,265.423,265.612,0,0.252827,0,0,0.000751644,6.95231e-06,-0.000751644,0.00054128,0,5.12152e-07,0,2.3641e-16,3.07362e-07,1.44279e-06,0,3.30087e-20,7.87998e-09,1.44279e-07,5.02514,90.0097,2.6134,0.375292,82.8848,0.221168,3.11683,0.00194784,0.221168,1.72447,0.0610398,8.80504,0.450299,0.00711422,8.28305,0.00552923,0.00477148,0.0052659,0.00353997,8.28305,0.00471097,1.78086,1.04175,0.00046748,0.166024,0.000552923,0.000795246,0.000221168,0.000575169,0.166024,0.27513,5.12152e-07,2.41174,0.223116
2022.1250,266.063,266.153,0,0.252827,0,0,0.000808846,4.37467e-06,-0.000808846,0.000531964,0,4.85903e-07,0,2.41049e-16,2.14112e-07,1.40758e-06,0,3.36377e-20,5.26076e-09,1.40759e-07,4.99671,90.0094,2.60414,0.398415,82.8848,0.215771,3.11179,0.00183778,0.215771,1.72949,0.0607373,8.80528,0.450344,0.00760786,8.28305,0.00539431,0.00476448,0.00513741,0.00355026,8.28305,0.00468993,1.78087,1.04175,0.000500178,0.166024,0.000539431,0.00079408,0.000215771,0.000576844,0.166024,0.320042,4.85903e-07,2.39257,0.217609
2022.2083,275.957,274.998,0.928358,0.356202,0.334823,0.00176329,0.00144147,0.00187601,0.000321824,0.000522955,2.07739e-27,4.74093e-07,6.60449e-05,2.23182e-16,-1.6523e-05,4.59861e-06,5.48699e-06,3.12041e-20,1.42177e-06,3.53249e-07,4.96381,89.9862,2.59515,0.392437,82.897,0.210555,3.10688,0.00173701,0.210555,1.73286,0.0604451,8.80447,0.448952,0.00744768,8.28407,0.00526391,0.00475762,0.00501322,0.00355712,8.28407,0.00466953,1.78089,1.04176,0.000488343,0.166058,0.000526391,0.000792936,0.000210555,0.000577965,0.166058,0.797882,4.74093e-07,2.36866,0.212292
2022.2917,288.202,286.74,1.80215,0.179226,1.37589,0.0062971,0.00287048,0.00228275,0.00342662,0.000524312,1.56626e-26,5.05037e-07,1.74708e-06,1.97708e-16,4.42124e-05,2.61078e-05,2.33274e-07,2.77332e-20,2.82908e-06,1.86432e-06,4.97073,89.9469,2.59781,0.336843,82.911,0.21129,3.10937,0.00180902,0.21129,1.72831,0.060548,8.80343,0.447842,0.00623978,8.28525,0.00528228,0.00476098,0.00503072,0.00354773,8.28525,0.00467645,1.7809,1.04181,0.000408528,0.166095,0.000528229,0.000793497,0.00021129,0.000576451,0.166095,1.85401,5.05037e-07,2.37292,0.213099
2022.3750,296.177,294.213,1.87331,0.131892,1.82895,0.00715559,0.00361128,0.00188178,0.0035443,0.000538034,1.98821e-26,5.63436e-07,1.33063e-06,2.03118e-16,4.14914e-05,3.44351e-05,1.63929e-07,2.84872e-20,2.43609e-06,2.46305e-06,5.02727,89.9735,2.61452,0.313885,82.9078,0.219106,3.12091,0.002079,0.219106,1.72453,0.0611157,8.80364,0.448213,0.00577502,8.285,0.00547769,0.00477696,0.00521682,0.00353994,8.285,0.00471636,1.78091,1.04182,0.000377323,0.166086,0.000547769,0.00079616,0.000219106,0.000575191,0.166086,2.35461,5.63436e-07,2.41275,0.221185
2022.4583,294.289,293.588,1.98865,0.177615,1.68571,0.00783511,0.00393574,0.00216796,0.00389937,0.000560101,2.24764e-26,6.42312e-07,4.73973e-06,2.05862e-16,5.45522e-05,4.15308e-05,6.60522e-07,2.88735e-20,2.93442e-06,2.97628e-06,5.11466,90.0273,2.64085,0.292536,82.9014,0.231698,3.13877,0.00247529,0.231698,1.71864,0.0619758,8.80377,0.448422,0.00534922,8.28449,0.00579248,0.00480181,0.00551662,0.00352785,8.28449,0.00477735,1.78093,1.04183,0.000347788,0.166067,0.000579248,0.000800301,0.000231698,0.000573226,0.166067,2.42806,6.42312e-07,2.4738,0.234173
2022.5417,289.367,289.238,2.08221,0.181779,0.914725,0.00493472,0.00327227,0.00182045,0.00166245,0.000577945,1.22469e-26,6.9093e-07,5.88173e-06,2.06718e-16,4.93697e-05,2.46256e-05,1.12582e-06,2.89785e-20,2.47312e-06,1.76454e-06,5.1835,90.0656,2.6627,0.277424,82.8922,0.241848,3.15396,0.00278704,0.241848,1.7125,0.0626633,8.8039,0.448938,0.00504602,8.28374,0.00604623,0.00482312,0.00575828,0.0035153,8.28374,0.00482605,1.78094,1.04184,0.000327326,0.166041,0.000604623,0.000803852,0.000241848,0.000571178,0.166041,1.47616,6.9093e-07,2.5208,0.244635
2022.6250,281.449,281.856,2.03262,0.240036,0.315893,0.00233277,0.00232518,0.00189786,7.59046e-06,0.00057991,4.26598e-27,6.89239e-07,1.24369e-05,1.94379e-16,5.73693e-05,9.69967e-06,2.44454e-06,2.72413e-20,2.62065e-06,7.05276e-07,5.1886,90.0428,2.66671,0.265784,82.8817,0.24289,3.15781,0.00282763,0.24289,1.70671,0.0627718,8.80366,0.449738,0.00480686,8.28284,0.00607229,0.00482879,0.0057831,0.00350349,8.28284,0.00483335,1.78095,1.04189,0.000312423,0.166013,0.000607229,0.000804798,0.00024289,0.000569248,0.166013,0.729673,6.89239e-07,2.52189,0.245718
2022.7083,270.278,271.313,0.621405,0.176417,0.0163119,0.00019852,0.00119073,0.000708293,-0.00099221,0.00057212,4.9407e-30,6.66965e-07,1.65594e-06,1.99002e-16,2.24193e-05,1.56416e-06,3.66922e-07,2.78512e-20,9.47727e-07,1.56062e-07,5.15973,90.0045,2.65967,0.26587,82.874,0.238344,3.15456,0.00270732,0.238344,1.70488,0.0625324,8.80378,0.450778,0.00480513,8.28216,0.00595863,0.0048246,0.00567486,0.00349983,8.28216,0.00481651,1.78097,1.04194,0.000314405,0.165993,0.000595864,0.000804101,0.000238344,0.00056864,0.165993,0.438025,6.66965e-07,2.50006,0.241051
2022.7917,267.299,267.93,0,0.0641203,0,0,0.000910076,5.05567e-05,-0.000910076,0.000561761,0,6.28114e-07,3.44766e-30,2.17788e-16,2.27295e-06,1.51562e-06,9.70933e-31,3.04515e-20,6.56383e-08,1.51562e-07,5.12587,89.9938,2.64962,0.286346,82.8724,0.232332,3.14929,0.00254922,0.232332,1.70916,0.0622007,8.80404,0.451083,0.00523468,8.28201,0.00580834,0.00481757,0.00553172,0.00350867,8.28201,0.0047935,1.78098,1.04195,0.000344046,0.16599,0.000580834,0.000802929,0.000232332,0.000570066,0.16599,0.209926,6.28114e-07,2.47625,0.234881
2022.8750,266.153,266.638,0,0.0637355,0,0,0.000723702,2.63227e-05,-0.000723702,0.000551657,0,5.87959e-07,0,2.23177e-16,1.12813e-06,1.47739e-06,0,3.11843e-20,3.15016e-08,1.47739e-07,5.09563,89.993,2.63972,0.31086,82.8721,0.226473,3.14403,0.00240039,0.226473,1.71435,0.0618754,8.8043,0.451172,0.005755,8.28198,0.00566185,0.00481049,0.00539221,0.00351937,8.28198,0.0047709,1.781,1.04195,0.000378782,0.165989,0.000566185,0.000801749,0.000226473,0.000571796,0.165989,0.115443,5.87959e-07,2.45591,0.228873
2022.9583,267.226,267.492,0,0.0637355,0,0,0.000674987,2.0323e-05,-0.000674987,0.000541641,0,5.48261e-07,0,2.27269e-16,7.12619e-07,1.43953e-06,0,3.1736e-20,2.09449e-08,1.43953e-07,5.06791,89.9949,2.62982,0.335356,82.872,0.220668,3.1387,0.002258,0.220668,1.71965,0.061551,8.80456,0.451239,0.00627624,8.28196,0.00551673,0.00480325,0.005254,0.00353027,8.28196,0.00474835,1.78101,1.04195,0.000413484,0.165989,0.000551673,0.000800542,0.000220668,0.000573562,0.165989,0.097505,5.48261e-07,2.43809,0.222926
2023.0417,266.636,266.869,0,0.0637355,0,0,0.000750522,1.8068e-05,-0.000750522,0.000532339,0,5.12865e-07,0,2.30513e-16,5.19539e-07,1.40439e-06,0,3.21698e-20,1.61841e-08,1.40439e-07,5.0415,89.9962,2.62054,0.358106,82.872,0.215281,3.13363,0.00213029,0.215281,1.72468,0.061248,8.8048,0.451295,0.00676111,8.28195,0.00538206,0.00479632,0.00512574,0.00354062,8.28195,0.00472727,1.78103,1.04195,0.00044577,0.165989,0.000538206,0.000799386,0.000215281,0.000575241,0.165989,0.145036,5.12865e-07,2.42096,0.217412
2023.1250,267.443,267.656,0,0.0637355,0,0,0.00069471,1.85396e-05,-0.00069471,0.000523262,0,4.82421e-07,0,2.33032e-16,4.40917e-07,1.37012e-06,0,3.25024e-20,1.46029e-08,1.37012e-07,5.01373,89.9957,2.6114,0.380294,82.872,0.210028,3.12857,0.00200992,0.210028,1.72972,0.0609505,8.80504,0.451345,0.00723481,8.28195,0.00525074,0.00478935,0.00500067,0.00355095,8.28195,0.00470655,1.78104,1.04195,0.000477325,0.165989,0.000525074,0.000798225,0.000210028,0.000576918,0.165989,0.154446,4.82421e-07,2.40232,0.212038
2023.2083,270.674,270.554,0,0.196138,0,0,0.00100339,0.000374828,-0.00100339,0.000514101,0,4.64337e-07,5.97199e-06,2.33467e-16,-1.41728e-05,1.33556e-06,2.4427e-07,3.25496e-20,1.73954e-07,1.33556e-07,4.98296,89.9911,2.6021,0.399891,82.8735,0.20473,3.12334,0.00189254,0.20473,1.73482,0.0606485,8.80521,0.451267,0.00765039,8.28208,0.00511829,0.00478211,0.00487453,0.00356139,8.28208,0.0046855,1.78105,1.04195,0.000504583,0.165993,0.000511829,0.000797019,0.00020473,0.000578618,0.165993,0.516241,4.64337e-07,2.38086,0.206623
2023.2917,283.283,281.724,1.50267,0.363484,1.00429,0.00542837,0.00238392,0.00304513,0.00304446,0.000511593,1.32195e-26,4.71884e-07,8.56236e-05,1.86963e-16,2.41803e-05,2.12439e-05,9.18069e-06,2.6222e-20,3.11787e-06,1.51613e-06,4.96523,89.9444,2.59966,0.348137,82.8976,0.203283,3.12204,0.00187115,0.203283,1.73343,0.0605463,8.80289,0.448189,0.00649017,8.2841,0.00508211,0.00478028,0.00484008,0.00355851,8.2841,0.00467819,1.78107,1.04198,0.000425355,0.16606,0.000508211,0.000796713,0.000203283,0.000578156,0.16606,1.56911,4.71884e-07,2.36557,0.205154
2023.3750,294.919,292.811,1.86148,0.146341,2.21799,0.00825346,0.0038343,0.00215881,0.00441916,0.00053676,2.44062e-26,5.47529e-07,9.89147e-07,1.84697e-16,5.37356e-05,4.13226e-05,1.7151e-07,2.59515e-20,2.8324e-06,2.94886e-06,5.03579,89.9613,2.62618,0.303339,82.8958,0.217804,3.13763,0.0022297,0.217804,1.72635,0.0612893,8.80231,0.447971,0.00555954,8.28395,0.00544513,0.00480189,0.00518581,0.00354396,8.28395,0.00473043,1.78108,1.04201,0.000364224,0.166055,0.000544513,0.000800315,0.000217804,0.000575797,0.166055,2.72665,5.47529e-07,2.40961,0.220034
2023.4583,294.562,293.66,2.00574,0.156341,1.66768,0.00743633,0.00400682,0.00196746,0.00342952,0.000564094,2.09272e-26,6.23425e-07,1.10202e-06,1.93309e-16,5.05874e-05,3.91807e-05,1.80104e-07,2.71431e-20,2.6279e-06,2.79636e-06,5.1084,90.005,2.65524,0.285895,82.889,0.233554,3.15492,0.0026042,0.233554,1.72175,0.0621107,8.80254,0.448324,0.00520382,8.28337,0.00583889,0.00482601,0.00556082,0.00353453,8.28337,0.00478834,1.78109,1.04201,0.000340504,0.166037,0.000583889,0.000804335,0.000233554,0.000574261,0.166037,2.2045,6.23425e-07,2.45316,0.236159
2023.5417,289.64,289.426,2.13124,0.148213,1.11643,0.00537562,0.00345087,0.00158321,0.00192475,0.000587701,1.36246e-26,6.72959e-07,1.42878e-07,1.97382e-16,4.22702e-05,2.79096e-05,2.85683e-08,2.76926e-20,2.11125e-06,1.99439e-06,5.17242,90.0427,2.68069,0.273036,82.8807,0.247139,3.17033,0.00291422,0.247139,1.71653,0.0628283,8.80276,0.448799,0.0049448,8.28267,0.0061785,0.00484767,0.00588426,0.00352389,8.28267,0.00483894,1.78111,1.04201,0.000322921,0.166014,0.00061785,0.000807945,0.000247139,0.000572523,0.166014,1.52053,6.72959e-07,2.49173,0.250053
2023.6250,284.405,284.619,2.1637,0.145203,0.486786,0.00266385,0.00260902,0.00130042,5.48375e-05,0.000593846,4.9707e-27,6.72084e-07,7.63621e-09,1.99553e-16,3.28889e-05,1.14524e-05,2.49141e-09,2.79688e-20,1.68794e-06,8.2581e-07,5.18186,90.0415,2.68807,0.270299,82.8753,0.250636,3.17538,0.00297468,0.250636,1.71407,0.06301,8.80302,0.449397,0.00489067,8.2822,0.00626593,0.00485504,0.00596752,0.00351894,8.2822,0.00485134,1.78112,1.04203,0.000319067,0.166,0.000626593,0.000809174,0.000250636,0.000571703,0.166,0.711969,6.72084e-07,2.49379,0.253611
2023.7083,268.18,269.964,1.09565,0.144375,0.0644983,0.00042689,0.00128379,0.000609787,-0.000856898,0.000587153,2.2129e-28,6.42825e-07,7.54371e-09,2.03477e-16,1.52079e-05,2.04402e-06,2.07195e-09,2.8488e-20,7.67129e-07,1.87639e-07,5.15354,90.0143,2.68207,0.274566,82.8721,0.246726,3.17264,0.00285795,0.246726,1.714,0.0627943,8.80328,0.450066,0.00497984,8.28192,0.00616819,0.00485163,0.00587443,0.00351888,8.28192,0.00483601,1.78114,1.04206,0.000325494,0.165992,0.000616819,0.000808605,0.000246726,0.000571677,0.165992,0.275165,6.42825e-07,2.47147,0.249584
2023.7917,255.396,256.722,0,0.0460627,0,0,0.000619276,6.18703e-06,-0.000619276,0.000576474,0,6.00425e-07,0,2.24739e-16,4.38604e-07,1.56906e-06,0,3.14414e-20,9.96671e-09,1.56906e-07,5.12349,90.0098,2.67182,0.296534,82.8714,0.240524,3.16737,0.00269154,0.240524,1.71836,0.0624553,8.80355,0.450269,0.00544505,8.28185,0.00601313,0.00484464,0.00572677,0.00352793,8.28185,0.0048125,1.78115,1.04207,0.000356751,0.16599,0.000601314,0.00080744,0.000240524,0.000573133,0.16599,0.0648129,6.00425e-07,2.45167,0.243216
2023.8750,261.087,261.75,0,0.0440866,0,0,0.000597674,1.73177e-06,-0.000597674,0.000566023,0,5.58762e-07,0,2.34406e-16,1.39154e-07,1.52948e-06,0,3.27749e-20,3.00581e-09,1.52949e-07,5.09554,90.013,2.66169,0.322437,82.8714,0.234458,3.16208,0.00253441,0.234458,1.72365,0.0621217,8.80382,0.450316,0.00599659,8.28184,0.00586148,0.00483757,0.00558233,0.00353884,8.28184,0.00478936,1.78117,1.04207,0.000393223,0.16599,0.000586148,0.000806262,0.000234458,0.000574896,0.16599,0.0547448,5.58762e-07,2.43385,0.236992
2023.9583,262.61,263,0,0.0415949,0,0,0.000606848,1.25218e-06,-0.000606848,0.000555662,0,5.17941e-07,0,2.41214e-16,9.83644e-08,1.49028e-06,0,3.37072e-20,2.13416e-09,1.49028e-07,5.06949,90.018,2.65156,0.348157,82.8713,0.228449,3.15671,0.00238407,0.228449,1.72902,0.0617892,8.80408,0.45036,0.00654514,8.28184,0.00571124,0.00483033,0.00543925,0.0035499,8.28184,0.00476627,1.78118,1.04207,0.000429491,0.16599,0.000571125,0.000805056,0.000228449,0.000576684,0.16599,0.0829948,5.17941e-07,2.41792,0.230833
2024.0417,261.694,262.268,0,0.0414363,0,0,0.000555208,1.02384e-06,-0.000555208,0.000546041,0,4.84015e-07,0,2.44454e-16,7.86232e-08,1.4539e-06,0,3.41412e-20,1.71335e-09,1.45391e-07,5.04423,90.0217,2.64207,0.37207,82.8713,0.222872,3.15161,0.00224923,0.222872,1.73411,0.0614786,8.80433,0.450399,0.00705596,8.28184,0.00557183,0.0048234,0.00530647,0.00356039,8.28184,0.00474469,1.7812,1.04207,0.000463265,0.16599,0.000557183,0.000803901,0.000222872,0.000578384,0.16599,0.0524747,4.84015e-07,2.40216,0.225121
2024.1250,263.207,263.478,0,0.0414797,0,0,0.000642935,6.20947e-07,-0.000642935,0.000536652,0,4.53405e-07,0,2.20568e-16,4.8421e-08,1.41843e-06,0,3.07889e-20,1.04739e-09,1.41843e-07,5.01871,90.0247,2.63273,0.395437,82.8713,0.217434,3.14652,0.00212213,0.217434,1.7392,0.0611737,8.80457,0.450437,0.00755591,8.28184,0.00543587,0.00481644,0.00517699,0.00357084,8.28184,0.00472348,1.78121,1.04207,0.000496321,0.16599,0.000543588,0.00080274,0.000217434,0.00058008,0.16599,0.137923,4.53405e-07,2.38599,0.219556
2024.2083,267.039,266.934,0,0.0884636,0,0,0.000842225,0.000233502,-0.000842225,0.000527176,0,4.31485e-07,5.55276e-06,1.71963e-16,-1.14507e-05,1.38265e-06,2.40578e-07,2.39913e-20,7.70183e-08,1.38265e-07,4.98989,90.0244,2.62321,0.418377,82.8716,0.211949,3.14127,0.0019982,0.211949,1.74444,0.0608643,8.80481,0.450448,0.0080468,8.28187,0.00529876,0.0048092,0.00504641,0.00358158,8.28187,0.00470194,1.78122,1.04206,0.000528658,0.165991,0.000529876,0.000801533,0.000211949,0.000581826,0.165991,0.384305,4.31485e-07,2.36669,0.213947
2024.2917,280.18,278.924,1.32611,0.348798,0.69596,0.00429289,0.00197556,0.00275805,0.00231733,0.000521952,9.99725e-27,4.40429e-07,7.51487e-05,1.27195e-16,5.37206e-06,1.69195e-05,6.60352e-06,1.7835e-20,2.53763e-06,1.21493e-06,4.96755,89.9813,2.61799,0.371647,82.8976,0.20893,3.1384,0.00193575,0.20893,1.74447,0.0606839,8.80291,0.447611,0.00698578,8.28404,0.00522328,0.00480522,0.00497452,0.00358162,8.28404,0.00468923,1.78124,1.04209,0.000455826,0.166062,0.000522328,0.00080087,0.00020893,0.000581837,0.166062,1.44274,4.40429e-07,2.34955,0.210866
2024.3750,290.873,289.179,1.91221,0.176855,1.94991,0.00943279,0.00376023,0.00236526,0.00567256,0.000546914,2.91656e-26,5.01762e-07,1.45762e-06,1.18303e-16,5.10095e-05,5.08613e-05,2.05616e-07,1.66218e-20,2.99708e-06,3.6331e-06,5.04211,90.0051,2.64394,0.32309,82.9015,0.223353,3.15338,0.00227832,0.223353,1.73841,0.0614381,8.80249,0.447127,0.00596729,8.28438,0.00558386,0.00482599,0.00531794,0.00356915,8.28438,0.00474235,1.78125,1.04211,0.000389282,0.166073,0.000558387,0.000804332,0.000223353,0.000579816,0.166073,2.42783,5.01762e-07,2.39817,0.225632
2024.4583,294.844,293.283,2.11401,0.140868,1.95618,0.00787453,0.0041077,0.0018922,0.00376683,0.000584905,2.17254e-26,5.90232e-07,2.83795e-06,1.85075e-16,4.66523e-05,4.28e-05,3.57006e-07,2.60029e-20,2.4765e-06,3.05952e-06,5.1565,90.0831,2.68364,0.298474,82.8954,0.245274,3.17647,0.00278045,0.245274,1.73273,0.062607,8.80266,0.447149,0.00546667,8.28388,0.00613187,0.00485819,0.00583985,0.00355752,8.28388,0.00482527,1.78126,1.04209,0.000355988,0.166056,0.000613187,0.000809699,0.000245274,0.000577921,0.166056,2.40328,5.90232e-07,2.47286,0.248054
2024.5417,291.353,290.875,2.19817,0.151104,0.86307,0.0042031,0.00327533,0.00156934,0.000927776,0.000600676,9.22602e-27,6.30469e-07,9.87143e-07,1.99581e-16,3.58499e-05,2.012e-05,1.7687e-07,2.8025e-20,2.01697e-06,1.43525e-06,5.19164,90.103,2.70074,0.290552,82.8909,0.254339,3.18691,0.00296853,0.254339,1.72996,0.0630912,8.8029,0.447456,0.00530595,8.2835,0.00635849,0.00487301,0.00605568,0.00355192,8.2835,0.00485915,1.78128,1.04209,0.000345011,0.166043,0.00063585,0.000812169,0.000254339,0.000576997,0.166043,1.31675,6.30469e-07,2.4909,0.257307
2024.6250,283.531,283.645,2.22054,0.189773,0.451407,0.00268298,0.00258284,0.00167455,0.00010014,0.000604906,4.95616e-27,6.3462e-07,1.9028e-06,1.96166e-16,4.25686e-05,1.17311e-05,4.64574e-07,2.75265e-20,2.20186e-06,8.47561e-07,5.1954,90.0897,2.70604,0.282235,82.8857,0.256738,3.19067,0.00299811,0.256738,1.72638,0.0632193,8.80311,0.448152,0.00513842,8.28306,0.00641847,0.00487861,0.0061128,0.00354468,8.28306,0.00486772,1.78129,1.04213,0.000333761,0.166029,0.000641848,0.000813103,0.000256738,0.000575806,0.166029,0.817251,6.3462e-07,2.48936,0.259736
2024.7083,272.909,273.822,1.65674,0.177011,0.07075,0.000457265,0.00144403,0.000893194,-0.00098676,0.000597775,2.82365e-28,6.1409e-07,2.47989e-07,1.96099e-16,2.51991e-05,2.21608e-06,7.01381e-08,2.74862e-20,1.16785e-06,2.00405e-07,5.16605,90.0491,2.69962,0.279201,82.8798,0.252574,3.18773,0.00287603,0.252574,1.72411,0.0629927,8.80332,0.449166,0.00507564,8.28255,0.00631437,0.00487492,0.00601366,0.00354009,8.28255,0.00485165,1.78131,1.04218,0.000331041,0.166013,0.000631437,0.000812487,0.000252574,0.000575047,0.166013,0.328939,6.1409e-07,2.46643,0.25545
2024.7917,265.856,266.746,0.317655,0.110167,0.00132789,4.88549e-06,0.000866433,8.56253e-05,-0.000861548,0.000586895,0,5.76302e-07,1.0087e-27,2.09234e-16,3.05916e-06,1.60641e-06,3.15165e-28,2.92983e-20,1.04793e-07,1.60642e-07,5.13191,90.0361,2.68925,0.298025,82.8782,0.246251,3.18246,0.00270917,0.246251,1.72794,0.0626493,8.8036,0.449536,0.00546908,8.2824,0.00615631,0.00486794,0.00586312,0.00354805,8.2824,0.00482784,1.78132,1.04219,0.000358559,0.16601,0.000615631,0.000811324,0.000246251,0.000576326,0.16601,0.14784,5.76302e-07,2.44265,0.24896
2024.8750,262.948,263.606,0,0.0751517,0,0,0.000702996,1.07876e-05,-0.000702996,0.0005762,0,5.39407e-07,0,2.209e-16,5.79554e-07,1.5659e-06,0,3.09122e-20,1.46652e-08,1.5659e-07,5.10304,90.0379,2.67896,0.323788,82.878,0.24004,3.17714,0.002551,0.24004,1.73319,0.0623099,8.80387,0.449617,0.00601632,8.28238,0.00600104,0.00486084,0.00571525,0.00355888,8.28238,0.00480432,1.78134,1.04219,0.000395004,0.166009,0.000600104,0.000810139,0.00024004,0.000578073,0.166009,0.191203,5.39407e-07,2.42408,0.242591
2024.9583,262.648,263.25,0,0.0691321,0,0,0.000645634,3.84073e-06,-0.000645634,0.000565598,0,5.06133e-07,0,2.27763e-16,2.45444e-07,1.52577e-06,0,3.18537e-20,5.69856e-09,1.52577e-07,5.07357,90.0399,2.66867,0.349957,82.8779,0.233888,3.17175,0.00239968,0.233888,1.73857,0.0619716,8.80415,0.449667,0.0065743,8.28236,0.00584723,0.00485357,0.00556876,0.00356998,8.28236,0.00478084,1.78136,1.04219,0.00043193,0.166009,0.000584723,0.000808928,0.000233888,0.000579869,0.166009,0.0894726,5.06133e-07,2.4049,0.236288
2025.0417,263.357,263.634,0,0.0691412,0,0,0.000660294,1.36642e-06,-0.000660294,0.000555753,0,4.75887e-07,0,2.36285e-16,1.05616e-07,1.48852e-06,0,3.30276e-20,2.29548e-09,1.48852e-07,5.04751,90.0433,2.65903,0.374332,82.8778,0.228179,3.16663,0.00226395,0.228179,1.74369,0.0616557,8.8044,0.449709,0.00709502,8.28236,0.0057045,0.00484661,0.00543282,0.00358051,8.28236,0.0047589,1.78137,1.04219,0.000466365,0.166009,0.00057045,0.000807768,0.000228179,0.000581576,0.166009,0.253858,4.75887e-07,2.38848,0.230443
2025.1250,265.475,265.649,0,0.0691339,0,0,0.000777023,1.19763e-06,-0.000777023,0.000546146,0,4.54992e-07,0,2.37478e-16,8.93944e-08,1.4522e-06,0,3.31764e-20,1.95784e-09,1.4522e-07,5.0194,90.0442,2.64953,0.398157,82.8778,0.222611,3.16151,0.00213603,0.222611,1.74881,0.0613457,8.80465,0.449747,0.0076049,8.28236,0.0055653,0.00483961,0.00530026,0.00359102,8.28236,0.00473735,1.78138,1.04219,0.000500076,0.166009,0.00055653,0.000806601,0.000222611,0.00058328,0.166009,0.291301,4.54992e-07,2.36987,0.224747
2025.2083,269.641,269.509,0.042785,0.376977,0.00464182,3.51027e-05,0.000938996,0.000439563,-0.000903893,0.00053645,0,4.41969e-07,1.36909e-05,2.11452e-16,-1.63647e-05,1.41557e-06,5.95749e-07,2.95381e-20,2.1151e-07,1.41557e-07,4.98759,90.037,2.63987,0.412894,82.8828,0.216996,3.15623,0.00201128,0.216996,1.75376,0.061031,8.80473,0.449415,0.00790882,8.28277,0.00542492,0.00483233,0.00516656,0.00360118,8.28277,0.00471546,1.7814,1.04219,0.000518762,0.166023,0.000542492,0.000805389,0.000216996,0.000584932,0.166023,0.700135,4.41969e-07,2.34772,0.219007
2025.2917,285.578,283.68,1.82464,0.237306,1.31743,0.00615155,0.0026208,0.00278955,0.00353075,0.000534854,1.39622e-26,4.68556e-07,5.28647e-05,1.68944e-16,1.89665e-05,2.41346e-05,4.9144e-06,2.37133e-20,2.77415e-06,1.71781e-06,4.97662,89.9989,2.63842,0.364744,82.905,0.216074,3.15554,0.0019979,0.216074,1.75255,0.0609686,8.80296,0.446934,0.00681943,8.28464,0.00540187,0.00483138,0.00514461,0.00359866,8.28464,0.00471089,1.78141,1.04222,0.000446119,0.166084,0.000540187,0.000805229,0.000216074,0.000584528,0.166084,1.8451,4.68556e-07,2.3382,0.218072
2025.3750,294.224,292.125,1.9552,0.156738,1.76385,0.00764598,0.00361458,0.00219744,0.00403141,0.000555595,2.12481e-26,5.35132e-07,1.19766e-05,1.79058e-16,4.57255e-05,3.85063e-05,1.32042e-06,2.51534e-20,2.77522e-06,2.74879e-06,5.03581,90.0204,2.65992,0.329792,82.9065,0.228056,3.1679,0.00227696,0.228056,1.74823,0.0616113,8.80295,0.446873,0.00609357,8.28478,0.00570144,0.00484854,0.00542991,0.00358977,8.28478,0.00475595,1.78142,1.04223,0.00039827,0.166088,0.000570144,0.00080809,0.000228056,0.000583088,0.166088,2.34051,5.35132e-07,2.37589,0.230333
2025.4583,294.731,293.862,2.13769,0.172262,2.02728,0.00905253,0.00442738,0.00242475,0.00462515,0.000589827,2.53577e-26,6.24285e-07,8.34276e-06,1.93373e-16,6.2852e-05,5.04153e-05,1.00747e-06,2.71891e-20,3.27146e-06,3.60627e-06,5.13805,90.0734,2.69547,0.296669,82.8985,0.247824,3.18841,0.00272328,0.247824,1.74019,0.0626872,8.80274,0.446925,0.00542313,8.28413,0.00619563,0.00487714,0.00590057,0.00357329,8.28413,0.00483221,1.78144,1.04224,0.000353632,0.166065,0.000619563,0.000812856,0.000247824,0.000580408,0.166065,2.63424,6.24285e-07,2.44258,0.250547
2025.5417,290.349,290.044,2.28098,0.233672,0.933934,0.00575042,0.00377871,0.00242842,0.00197171,0.000616504,1.36314e-26,6.80068e-07,3.42849e-05,1.92188e-16,6.75737e-05,3.00824e-05,4.05186e-06,2.70163e-20,3.33635e-06,2.15304e-06,5.21637,90.1179,2.72362,0.279267,82.8888,0.263199,3.20501,0.00305353,0.263199,1.73353,0.0635293,8.80275,0.447268,0.00507,8.28332,0.00658,0.00490049,0.00626664,0.0035597,8.28332,0.00489181,1.78145,1.04224,0.000330269,0.166037,0.000658001,0.000816748,0.000263199,0.000578188,0.166037,1.69585,6.80068e-07,2.49275,0.266253
2025.6250,282.925,283.221,2.31298,0.298612,0.324895,0.00256483,0.00259431,0.00236539,-2.94758e-05,0.000622501,4.14351e-27,6.88767e-07,5.30141e-05,1.70986e-16,7.60039e-05,1.05293e-05,6.13884e-06,2.41025e-20,3.33814e-06,7.6412e-07,5.22679,90.0846,2.73077,0.260342,82.8731,0.266614,3.20985,0.00310248,0.266614,1.7244,0.0637208,8.80116,0.447232,0.0046798,8.28198,0.00666538,0.00490763,0.00634795,0.00354105,8.28198,0.00490502,1.78147,1.04231,0.000306178,0.165995,0.000666538,0.000817938,0.000266614,0.000575144,0.165995,0.833517,6.88767e-07,2.49602,0.269716
2025.7083,273.9,274.58,0.656488,0.298183,0.0614542,0.000395472,0.00145919,0.00108263,-0.00106372,0.000614707,3.29417e-28,6.66429e-07,5.89645e-06,1.7301e-16,3.76976e-05,2.40235e-06,7.85928e-07,2.43735e-20,1.5144e-06,2.14962e-07,5.19638,90.0323,2.7238,0.255725,82.8605,0.262061,3.20669,0.0029703,0.262061,1.71967,0.0634772,8.80068,0.448215,0.00458048,8.28088,0.00655156,0.00490367,0.00623955,0.00353144,8.28088,0.00488777,1.78149,1.04239,0.000301976,0.165963,0.000655156,0.000817279,0.000262061,0.000573568,0.165963,0.502369,6.66429e-07,2.47258,0.265031
2025.7917,270.258,270.611,0,0.239644,0,0,0.000944584,0.00029407,-0.000944584,0.000603398,0,6.29682e-07,1.31711e-12,1.84333e-16,1.03058e-05,1.66664e-06,3.28501e-13,2.59302e-20,3.6655e-07,1.66665e-07,5.16201,90.0155,2.71314,0.273776,82.8567,0.255484,3.20137,0.00279758,0.255484,1.723,0.0631231,8.80095,0.448819,0.00495307,8.28052,0.00638713,0.00489665,0.00608295,0.00353838,8.28052,0.00486326,1.7815,1.04241,0.000329054,0.165955,0.000638713,0.000816109,0.000255484,0.000574679,0.165955,0.116249,6.29682e-07,2.44887,0.258282
2025.8750,269.808,270.096,0,0.239644,0,0,0.000784133,0.000228902,-0.000784133,0.000592311,0,5.85864e-07,5.39403e-25,1.90924e-16,5.97124e-06,1.62461e-06,1.37993e-25,2.68284e-20,2.48767e-07,1.62461e-07,5.1321,90.0105,2.70259,0.294884,82.856,0.24904,3.19603,0.00263425,0.24904,1.72761,0.0627742,8.80124,0.449094,0.00539248,8.28043,0.00622604,0.00488953,0.00592953,0.00354791,8.28043,0.00483909,1.78152,1.04241,0.000359739,0.165954,0.000622604,0.000814922,0.00024904,0.000576216,0.165954,0.0819891,5.85864e-07,2.42951,0.251675
2025.9583,268.26,268.52,0,0.239644,0,0,0.000791668,0.000149979,-0.000791668,0.000581321,0,5.45268e-07,0,2.00596e-16,2.53834e-06,1.58297e-06,0,2.81616e-20,1.40249e-07,1.58297e-07,5.1038,90.009,2.69204,0.316603,82.8561,0.242657,3.1906,0.00247799,0.242657,1.73252,0.0624264,8.80152,0.449262,0.00584713,8.28042,0.00606646,0.00488225,0.00577756,0.00355805,8.28042,0.00481499,1.78153,1.04242,0.000390995,0.165955,0.000606647,0.000813708,0.000242657,0.000577853,0.165955,0.158676,5.45268e-07,2.41176,0.245135
2026.0417,268.11,268.35,0,0.239644,0,0,0.000809032,0.000115781,-0.000809032,0.000571116,0,5.14951e-07,0,2.07923e-16,1.37997e-06,1.54433e-06,0,2.91682e-20,9.67516e-08,1.54433e-07,5.07482,90.0063,2.68216,0.33739,82.8568,0.236734,3.18545,0.00233783,0.236734,1.73734,0.0621017,8.80178,0.449357,0.00628416,8.28047,0.00591838,0.00487527,0.00563652,0.00356796,8.28047,0.00479246,1.78155,1.04242,0.000420751,0.165957,0.000591838,0.000812545,0.000236734,0.000579457,0.165957,0.15226,5.14951e-07,2.39265,0.239072
2026.1250,267.087,267.297,0,0.239644,0,0,0.000800894,5.94883e-05,-0.000800894,0.000561157,0,4.91013e-07,0,2.15123e-16,6.19117e-07,1.50665e-06,0,3.0158e-20,4.49255e-08,1.50665e-07,5.04584,90.0047,2.67244,0.359323,82.8573,0.230957,3.1803,0.00220573,0.230957,1.7423,0.061783,8.80203,0.449421,0.00674884,8.2805,0.00577397,0.00486825,0.00549898,0.00357817,8.2805,0.00477033,1.78156,1.04242,0.000452053,0.165959,0.000577397,0.000811375,0.000230957,0.000581112,0.165959,0.421506,4.91013e-07,2.3734,0.233163
2026.2083,273.125,272.564,0.832368,0.410465,0.1659,0.00114516,0.00122384,0.00139934,-7.8678e-05,0.000551167,6.10387e-28,4.78297e-07,3.66551e-05,2.08815e-16,-1.34656e-05,2.49957e-06,3.16683e-06,2.92844e-20,1.12517e-06,2.14839e-07,5.01343,89.9896,2.6626,0.364225,82.8656,0.225166,3.17503,0.00207779,0.225166,1.74636,0.0614617,8.80191,0.448841,0.00683031,8.28119,0.00562919,0.00486101,0.00536111,0.00358649,8.28119,0.00474799,1.78158,1.04243,0.000456055,0.165982,0.00056292,0.000810168,0.000225166,0.000582464,0.165982,0.68214,4.78297e-07,2.35084,0.227244
2026.2917,286.887,285.076,1.9349,0.245712,1.5278,0.00710295,0.00293215,0.00262561,0.0041708,0.000552378,1.64132e-26,5.03641e-07,1.58444e-05,1.75675e-16,5.38485e-05,2.97874e-05,2.32713e-06,2.47066e-20,3.28395e-06,2.12711e-06,5.0179,89.9525,2.66458,0.315665,82.8773,0.225843,3.17671,0.0021147,0.225843,1.74165,0.0615299,8.80103,0.447976,0.00577647,8.28217,0.00564611,0.00486337,0.00537722,0.0035768,8.28217,0.00475265,1.78159,1.04248,0.000383682,0.166014,0.000564612,0.000810561,0.000225843,0.000580896,0.166014,1.99185,5.03641e-07,2.35333,0.227958
2026.3750,290.718,289.693,2.07302,0.211752,1.79934,0.00984749,0.00389155,0.0024988,0.00595594,0.000578452,2.75305e-26,5.79946e-07,1.26737e-05,1.70619e-16,6.72063e-05,5.30564e-05,1.5361e-06,2.40029e-20,3.37042e-06,3.80018e-06,5.11556,90.0016,2.69305,0.282997,82.8692,0.240843,3.19422,0.00250416,0.240843,1.73386,0.0624582,8.80085,0.448234,0.00511819,8.28148,0.00602111,0.00488772,0.00573437,0.00356078,8.28148,0.00481841,1.7816,1.0425,0.00033896,0.165993,0.000602112,0.00081462,0.000240843,0.000578297,0.165993,2.54527,5.79946e-07,2.42251,0.243348
2026.4583,292.117,291.362,2.2701,0.189554,1.7945,0.00930076,0.00432784,0.00222469,0.00497293,0.000615299,2.41899e-26,6.61033e-07,1.17165e-05,1.76065e-16,6.5243e-05,5.18171e-05,1.48911e-06,2.47514e-20,3.04513e-06,3.71714e-06,5.25074,90.0977,2.73329,0.263479,82.8571,0.262029,3.21897,0.0030322,0.262029,1.72634,0.0637358,8.8009,0.448464,0.00472263,8.28043,0.00655076,0.0049223,0.00623879,0.00354541,8.28043,0.00490943,1.78162,1.04248,0.00031243,0.165961,0.000655076,0.000820383,0.000262029,0.000575792,0.165961,2.49227,6.61033e-07,2.51746,0.265061
2026.5417,292.712,292.07,2.41039,0.171913,1.64031,0.00639415,0.00422579,0.00209138,0.00216836,0.000641324,1.3777e-26,7.21533e-07,1.06313e-05,1.77534e-16,6.56364e-05,3.2393e-05,1.5925e-06,2.49458e-20,2.87931e-06,2.32548e-06,5.33911,90.1525,2.76241,0.250789,82.8436,0.276955,3.23742,0.00338677,0.276955,1.71903,0.064632,8.80069,0.448816,0.00446297,8.27925,0.00692391,0.00494833,0.00659417,0.00353051,8.27925,0.00497318,1.78164,1.04248,0.000295578,0.165926,0.000692391,0.000824722,0.000276955,0.000573353,0.165926,2.03669,7.21533e-07,2.5767,0.280342
2026.6250,287.305,287.335,2.44858,0.179689,0.781873,0.00341801,0.00336875,0.00185615,4.9266e-05,0.000648475,5.44784e-27,7.41094e-07,3.1387e-06,1.79193e-16,5.75354e-05,1.42084e-05,6.04368e-07,2.5141e-20,2.52347e-06,1.03022e-06,5.35553,90.1455,2.77168,0.24472,82.8318,0.280996,3.24421,0.0034611,0.280996,1.71348,0.0648941,8.80079,0.449839,0.00433699,8.2782,0.00702493,0.00495829,0.00669038,0.00351927,8.2782,0.00499159,1.78165,1.04252,0.000287892,0.165896,0.000702493,0.000826382,0.000280996,0.000571505,0.165896,1.08656,7.41094e-07,2.58385,0.284457
2026.7083,273.387,274.435,0.792584,0.258158,0.0337386,0.000303851,0.00149814,0.00100702,-0.00119429,0.000640804,1.02392e-28,7.22102e-07,8.55128e-07,1.80427e-16,3.1684e-05,2.03551e-06,2.24326e-07,2.52692e-20,1.33957e-06,1.94995e-07,5.32452,90.1054,2.76523,0.246442,82.8236,0.276496,3.24166,0.00332258,0.276496,1.71087,0.0646651,8.80104,0.451037,0.00437137,8.27746,0.00691243,0.00495531,0.00658323,0.00351404,8.27746,0.00497554,1.78167,1.04257,0.00029141,0.165877,0.000691243,0.000825885,0.000276496,0.000570633,0.165877,0.616468,7.22102e-07,2.55929,0.279818
2026.7917,268.809,269.227,0,0.279597,0,0,0.000986158,0.000103019,-0.000986158,0.000628832,0,6.86444e-07,9.28555e-21,1.93314e-16,4.62224e-06,1.75825e-06,2.58e-21,2.7042e-20,1.34731e-07,1.75825e-07,5.28912,90.0912,2.7541,0.267203,82.8206,0.269526,3.23625,0.00312865,0.269526,1.7143,0.0642938,8.80133,0.451537,0.00480386,8.27717,0.00673818,0.0049483,0.00641728,0.00352121,8.27717,0.00494988,1.78169,1.04259,0.000321593,0.16587,0.000673818,0.000824717,0.000269526,0.000571776,0.16587,0.211952,6.86444e-07,2.53502,0.272655
2026.8750,268.148,268.522,0,0.279597,0,0,0.000834314,8.26105e-05,-0.000834314,0.000617148,0,6.42894e-07,0,1.97148e-16,2.95176e-06,1.7139e-06,0,2.75562e-20,9.19267e-08,1.7139e-07,5.25653,90.09,2.74316,0.294055,82.8199,0.262728,3.23085,0.00294599,0.262728,1.71949,0.0639295,8.80162,0.451693,0.00536833,8.2771,0.00656824,0.00494122,0.00625543,0.00353198,8.2771,0.00492469,1.7817,1.04259,0.000359721,0.165869,0.000656824,0.000823537,0.000262728,0.000573507,0.165869,0.1584,6.42894e-07,2.51338,0.265674
2026.9583,265.373,265.759,0,0.279597,0,0,0.000700865,3.21785e-05,-0.000700865,0.000605567,0,5.99116e-07,0,2.07703e-16,1.09285e-06,1.66997e-06,0,2.90106e-20,3.33279e-08,1.66998e-07,5.22775,90.0936,2.73221,0.321213,82.8198,0.255994,3.22536,0.00277124,0.255994,1.72485,0.0635665,8.80192,0.451794,0.00594134,8.27708,0.00639989,0.00493396,0.0060951,0.00354308,8.27708,0.00489957,1.78172,1.04259,0.000398152,0.165869,0.000639989,0.000822327,0.000255994,0.000575294,0.165869,0.101345,5.99116e-07,2.49553,0.258765
2027.0417,266.786,266.969,0,0.279597,0,0,0.000795879,2.23769e-05,-0.000795879,0.000594814,0,5.59173e-07,0,2.13947e-16,6.43639e-07,1.62921e-06,0,2.98645e-20,2.00416e-08,1.62921e-07,5.20002,90.0969,2.72197,0.347194,82.8197,0.249745,3.22015,0.0026145,0.249745,1.73002,0.0632276,8.8022,0.451857,0.00649184,8.27707,0.00624366,0.00492701,0.00594631,0.00355375,8.27707,0.00487609,1.78174,1.04259,0.000434799,0.165869,0.000624366,0.000821168,0.000249745,0.000577017,0.165869,0.10245,5.59173e-07,2.47805,0.25236
2027.1250,267.221,267.357,0,0.279597,0,0,0.000851632,2.3008e-05,-0.000851632,0.00058432,0,5.26744e-07,0,2.1859e-16,5.11858e-07,1.58945e-06,0,3.04943e-20,1.73582e-08,1.58946e-07,5.17039,90.0978,2.71188,0.37251,82.8197,0.243651,3.21495,0.00246676,0.243651,1.73518,0.0628951,8.80247,0.451912,0.00702896,8.27706,0.00609131,0.00492001,0.00580122,0.00356439,8.27706,0.00485304,1.78175,1.04259,0.000470582,0.165869,0.000609131,0.000820002,0.000243651,0.000578737,0.165869,0.328658,5.26744e-07,2.45851,0.246118
2027.2083,274.263,273.606,0.570083,0.398232,0.221246,0.00121212,0.00136618,0.00151583,-0.000154054,0.000573845,9.56305e-28,5.11417e-07,8.4733e-05,2.09012e-16,-2.51253e-05,3.28249e-06,6.53249e-06,2.91887e-20,9.30748e-07,2.71482e-07,5.13562,90.0837,2.70175,0.380578,82.8279,0.237571,3.20968,0.00232491,0.237571,1.73962,0.0625628,8.802,0.450936,0.00718042,8.27775,0.00593931,0.00491286,0.00565645,0.00357353,8.27775,0.00482996,1.78177,1.04259,0.000479508,0.165892,0.000593931,0.00081881,0.000237571,0.000580217,0.165892,0.737279,5.11417e-07,2.43387,0.239896
2027.2917,285.49,284.131,2.01307,0.243708,1.38706,0.0071171,0.00282231,0.00262084,0.00429479,0.00057148,1.37663e-26,5.37599e-07,1.30747e-05,1.71806e-16,4.95756e-05,2.66253e-05,1.91062e-06,2.41336e-20,3.14671e-06,1.91705e-06,5.13786,90.0404,2.70132,0.319191,82.848,0.236122,3.211,0.00234037,0.236122,1.73526,0.0625797,8.79986,0.448469,0.00583995,8.27941,0.00590309,0.0049148,0.00562196,0.00356458,8.27941,0.00483116,1.78178,1.04264,0.000389246,0.165948,0.000590309,0.000819133,0.000236122,0.000578765,0.165948,1.93483,5.37599e-07,2.43654,0.238463
2027.3750,292.067,290.363,2.10646,0.125608,2.0293,0.00868179,0.00355968,0.00170995,0.00512212,0.000586313,2.05692e-26,6.04083e-07,1.83155e-07,1.76671e-16,4.04499e-05,4.06849e-05,3.0092e-08,2.48133e-20,2.157e-06,2.92808e-06,5.22887,90.0964,2.72177,0.293082,82.844,0.244466,3.22672,0.00267733,0.244466,1.73038,0.0633204,8.80001,0.448777,0.00531318,8.27904,0.00611169,0.00493676,0.00582063,0.00355457,8.27904,0.00488399,1.7818,1.04265,0.000353294,0.165939,0.00061117,0.000822793,0.000244467,0.000577136,0.165939,2.32663,6.04083e-07,2.5071,0.247144
2027.4583,296.952,295.579,2.19462,0.136431,1.78645,0.00717389,0.00413462,0.00177604,0.00303927,0.000603184,1.60654e-26,6.73019e-07,7.90013e-07,1.84578e-16,4.18916e-05,3.36603e-05,9.18729e-08,2.59113e-20,2.27715e-06,2.4239e-06,5.31668,90.1626,2.7449,0.279723,82.8394,0.253956,3.24444,0.00303863,0.253956,1.72676,0.0641067,8.80025,0.448912,0.00504613,8.27864,0.00634894,0.00496163,0.00604658,0.0035472,8.27864,0.00494016,1.78181,1.04264,0.000334385,0.165927,0.000634894,0.000826938,0.000253956,0.000575929,0.165927,2.2396,6.73019e-07,2.57178,0.256995
2027.5417,289.323,289.261,2.24778,0.264348,0.838165,0.00558102,0.00362448,0.00264573,0.00195654,0.000613417,1.19325e-26,7.14932e-07,4.36778e-05,1.75794e-16,7.62385e-05,2.61896e-05,5.52853e-06,2.46904e-20,3.59156e-06,1.88995e-06,5.36485,90.1784,2.76023,0.262689,82.8306,0.259654,3.25696,0.00326176,0.259654,1.72024,0.0646004,8.79993,0.449214,0.00470436,8.27788,0.00649137,0.00497942,0.00618223,0.00353391,8.27788,0.00497529,1.78183,1.04267,0.000311256,0.165904,0.000649138,0.000829903,0.000259654,0.000573756,0.165904,1.68892,7.14932e-07,2.60461,0.262915
2027.6250,284.631,284.826,2.25766,0.281031,0.49241,0.00291172,0.00286339,0.00235779,4.83364e-05,0.000615513,4.65594e-27,7.25266e-07,4.15726e-05,1.64124e-16,7.7501e-05,1.13426e-05,5.17373e-06,2.30845e-20,3.30003e-06,8.30265e-07,5.37791,90.1474,2.76576,0.244054,82.8143,0.26071,3.26276,0.00332227,0.26071,1.7111,0.0647631,8.79875,0.449699,0.00432209,8.27645,0.00651779,0.00498796,0.00620739,0.00351525,8.27645,0.00498678,1.78184,1.04274,0.000287458,0.165862,0.00065178,0.000831327,0.00026071,0.000570709,0.165862,1.01615,7.25266e-07,2.61214,0.264033
2027.7083,267.603,268.902,0.821134,0.266017,0.024585,0.000204797,0.00112171,0.000551144,-0.000916914,0.000606851,4.97997e-29,7.03383e-07,3.99656e-06,1.71549e-16,2.14248e-05,1.76983e-06,5.40053e-07,2.41162e-20,7.7585e-07,1.73081e-07,5.3481,90.1045,2.75823,0.245185,82.8031,0.255642,3.25955,0.00317776,0.255642,1.70812,0.0645072,8.79833,0.45053,0.00434468,8.27544,0.00639109,0.004984,0.00608672,0.00350926,8.27544,0.00496885,1.78186,1.0428,0.000290984,0.165834,0.000639109,0.000830667,0.000255642,0.000569717,0.165834,0.437747,7.03383e-07,2.58987,0.25882
2027.7917,265.931,266.355,0,0.254623,0,0,0.00090568,2.37356e-05,-0.00090568,0.000595753,0,6.63701e-07,2.96128e-33,1.93516e-16,1.46538e-06,1.62562e-06,7.4441e-34,2.71808e-20,3.58913e-08,1.62562e-07,5.31469,90.0999,2.74761,0.270434,82.8016,0.249195,3.25411,0.00299222,0.249195,1.71309,0.0641558,8.7986,0.450752,0.00487632,8.2753,0.00622991,0.00497688,0.00593322,0.00351958,8.2753,0.0049445,1.78187,1.0428,0.000326861,0.165831,0.000622991,0.00082948,0.000249195,0.000571374,0.165831,0.248139,6.63701e-07,2.56708,0.252187
2027.8750,263.357,263.84,0,0.25445,0,0,0.000724323,7.59666e-06,-0.000724323,0.000584927,0,6.22221e-07,0,2.08411e-16,4.94466e-07,1.58462e-06,0,2.92544e-20,1.16627e-08,1.58462e-07,5.28339,90.1005,2.73715,0.297165,82.8014,0.24291,3.24868,0.00281753,0.24291,1.71851,0.0638111,8.79888,0.450823,0.00544309,8.27527,0.00607279,0.0049697,0.00578358,0.00353078,8.27527,0.00492059,1.78189,1.0428,0.00036443,0.16583,0.000607279,0.000828284,0.00024291,0.000573178,0.16583,0.151442,6.22221e-07,2.54623,0.245728
2027.9583,263.866,264.097,0,0.25445,0,0,0.000736904,2.25343e-06,-0.000736904,0.000574195,0,5.82567e-07,0,2.22095e-16,1.68626e-07,1.54401e-06,0,3.11562e-20,3.73759e-09,1.54401e-07,5.25366,90.1028,2.72669,0.323829,82.8013,0.236684,3.24316,0.00265039,0.236684,1.72401,0.0634675,8.79916,0.450873,0.00600972,8.27527,0.00591714,0.00496235,0.00563534,0.00354216,8.27527,0.00489674,1.7819,1.0428,0.000401916,0.16583,0.000591714,0.000827058,0.000236684,0.000575015,0.16583,0.234559,5.82567e-07,2.52697,0.239335
2028.0417,266.957,267.068,0,0.25445,0,0,0.000789318,1.79454e-06,-0.000789318,0.000564229,0,5.49963e-07,0,2.28754e-16,1.2941e-07,1.50632e-06,0,3.20722e-20,2.8858e-09,1.50632e-07,5.22436,90.1035,2.71689,0.34864,82.8013,0.230907,3.23793,0.00250049,0.230907,1.72925,0.0631466,8.79942,0.450916,0.00653794,8.27527,0.00577269,0.0049553,0.00549778,0.00355296,8.27527,0.00487444,1.78192,1.0428,0.000436847,0.16583,0.00057727,0.000825884,0.000230907,0.00057676,0.16583,0.155041,5.49963e-07,2.50747,0.233407
2028.1250,269.503,269.515,0,0.254451,0,0,0.000950547,1.8234e-06,-0.000950547,0.000554504,0,5.27893e-07,0,2.29523e-16,1.27445e-07,1.46956e-06,0,3.2162e-20,2.85202e-09,1.46956e-07,5.19239,90.101,2.70724,0.372874,82.8013,0.225272,3.2327,0.0023592,0.225272,1.73448,0.0628317,8.79967,0.450958,0.00705482,8.27526,0.00563184,0.00494822,0.00536362,0.00356372,8.27526,0.00485254,1.78193,1.0428,0.00047103,0.16583,0.000563184,0.000824703,0.000225272,0.000578503,0.16583,0.540666,5.27893e-07,2.48515,0.227631
2028.2083,271.847,271.329,0.428818,0.351759,0.113452,0.000716159,0.00113168,0.00115923,-0.000415523,0.000544715,3.94539e-28,5.09713e-07,3.90827e-05,2.21204e-16,-2.85168e-05,2.07693e-06,4.23028e-06,3.09955e-20,5.71575e-07,1.85655e-07,5.15943,90.0922,2.69745,0.387079,82.8063,0.219605,3.22732,0.00222183,0.219605,1.73942,0.0625128,8.79968,0.450566,0.00734566,8.27568,0.00549015,0.00494087,0.00522869,0.00357388,8.27568,0.00483034,1.78195,1.0428,0.000489431,0.165844,0.000549015,0.000823479,0.000219605,0.00058015,0.165844,0.544093,5.09713e-07,2.46198,0.221827
2028.2917,284.744,283.146,1.88149,0.282105,1.21366,0.00660714,0.00270928,0.00282336,0.00389786,0.000545467,1.53028e-26,5.30122e-07,3.12053e-05,1.76026e-16,4.75253e-05,2.69237e-05,4.62082e-06,2.4766e-20,3.26243e-06,1.924e-06,5.15724,90.0448,2.69923,0.321263,82.8308,0.220003,3.2291,0.00225479,0.220003,1.73555,0.062535,8.7982,0.448507,0.00588446,8.27771,0.00550011,0.00494342,0.00523817,0.00356591,8.27771,0.00483175,1.78196,1.04284,0.000391962,0.165913,0.000550012,0.000823903,0.000220003,0.00057886,0.165913,1.80886,5.30122e-07,2.45801,0.222258
2028.3750,290.805,289.342,2.02691,0.200762,2.13469,0.0102282,0.00400024,0.00245312,0.00622796,0.000573115,2.92968e-26,6.02357e-07,8.29712e-06,1.63695e-16,6.23469e-05,5.48465e-05,1.10266e-06,2.30453e-20,3.21824e-06,3.93495e-06,5.25394,90.0927,2.73088,0.284912,82.8255,0.235846,3.24965,0.0027066,0.235846,1.72833,0.0634358,8.79796,0.448589,0.00514765,8.27724,0.00589617,0.00497203,0.00561538,0.00355108,8.27724,0.00489565,1.78197,1.04285,0.000342324,0.165899,0.000589618,0.000828671,0.000235846,0.000576452,0.165899,2.84996,6.02357e-07,2.52306,0.238552
2028.4583,296.115,294.668,2.22693,0.171965,2.20747,0.0084483,0.00459358,0.00231511,0.00385471,0.000610787,2.08892e-26,6.95687e-07,1.03295e-05,1.66346e-16,6.84132e-05,4.38572e-05,1.32913e-06,2.34137e-20,3.14896e-06,3.14768e-06,5.3824,90.1774,2.774,0.261086,82.8137,0.257414,3.27765,0.00329701,0.257414,1.72029,0.064663,8.79783,0.448757,0.00466581,8.27621,0.00643539,0.00501119,0.00612891,0.00353463,8.27621,0.0049832,1.78199,1.04285,0.000310121,0.165868,0.00064354,0.000835199,0.000257414,0.000573772,0.165868,2.75928,6.95687e-07,2.6084,0.260711
2028.5417,288.881,288.686,2.33666,0.235241,0.995808,0.00580334,0.00375465,0.00232586,0.00204868,0.000631341,1.27655e-26,7.4642e-07,2.54572e-05,1.64948e-16,7.21074e-05,2.91285e-05,3.5511e-06,2.32025e-20,3.19417e-06,2.09352e-06,5.44428,90.2066,2.79858,0.247937,82.801,0.269133,3.29436,0.00359911,0.269133,1.71342,0.0653357,8.79767,0.449324,0.00439737,8.27509,0.00672834,0.00503489,0.00640792,0.00352066,8.27509,0.00503095,1.782,1.04286,0.000292654,0.165836,0.000672835,0.000839148,0.000269133,0.000571483,0.165836,1.64107,7.4642e-07,2.64571,0.272732
2028.6250,284.952,285.126,2.37285,0.205858,0.558123,0.00310497,0.00304583,0.00190363,5.9146e-05,0.0006382,5.14042e-27,7.55042e-07,2.56729e-06,1.64473e-16,6.12564e-05,1.30477e-05,6.05837e-07,2.31095e-20,2.60848e-06,9.50302e-07,5.46056,90.1915,2.80814,0.237846,82.7867,0.272978,3.30179,0.0036778,0.272978,1.70639,0.0655675,8.7975,0.450412,0.00418972,8.27382,0.00682449,0.00504581,0.00649949,0.00350637,8.27382,0.00504722,1.78202,1.04291,0.000279869,0.1658,0.000682449,0.000840969,0.000272978,0.000569138,0.1658,0.94405,7.55042e-07,2.65242,0.276656
2028.7083,274.736,275.504,1.74778,0.310556,0.0721685,0.000595788,0.00175376,0.00134135,-0.00115797,0.00063041,1.84854e-28,7.2834e-07,5.55796e-06,1.62624e-16,4.36496e-05,2.1532e-06,1.25399e-06,2.28089e-20,1.8222e-06,1.99279e-07,5.42786,90.1416,2.80152,0.235513,82.7759,0.268412,3.2991,0.00352571,0.268412,1.70225,0.0653264,8.7976,0.451793,0.00414026,8.27284,0.00671034,0.00504271,0.00639077,0.00349803,8.27284,0.00503029,1.78204,1.04298,0.000277968,0.165774,0.000671034,0.000840453,0.000268412,0.000567759,0.165774,0.484253,7.2834e-07,2.62634,0.271938
2028.7917,257.758,259.164,0,0.172528,0,0,0.000742019,3.81712e-05,-0.000742019,0.000618821,0,6.88502e-07,1.22879e-16,1.90894e-16,2.19029e-06,1.70702e-06,3.01863e-17,2.67402e-20,5.69324e-08,1.70702e-07,5.39257,90.1233,2.79058,0.253758,82.772,0.261673,3.29363,0.00332065,0.261673,1.70492,0.0649631,8.79786,0.452397,0.00452197,8.27248,0.00654186,0.00503568,0.00623031,0.00350366,8.27248,0.00500513,1.78205,1.043,0.000304477,0.165765,0.000654186,0.00083928,0.000261673,0.000568649,0.165765,0.180961,6.88502e-07,2.60198,0.264994
2028.8750,254.613,255.566,0,0.160079,0,0,0.000584112,1.55346e-06,-0.000584112,0.000607464,0,6.4211e-07,0,2.17519e-16,1.35067e-07,1.66397e-06,0,3.0451e-20,2.85823e-09,1.66397e-07,5.36288,90.127,2.77976,0.281819,82.7719,0.255074,3.28813,0.00312678,0.255074,1.71041,0.0646052,8.79815,0.452458,0.00511582,8.27246,0.00637687,0.00502853,0.00607318,0.00351505,8.27246,0.00498033,1.78207,1.043,0.000343783,0.165765,0.000637687,0.000838088,0.000255073,0.000570478,0.165765,0.120397,6.4211e-07,2.58312,0.2582
2028.9583,258.844,259.241,0,0.160372,0,0,0.0006898,2.96187e-07,-0.0006898,0.000596207,0,5.98315e-07,0,2.37037e-16,2.78847e-08,1.62132e-06,0,3.31635e-20,5.73557e-10,1.62132e-07,5.33286,90.1304,2.76894,0.309761,82.7718,0.248536,3.28255,0.0029413,0.248536,1.71599,0.0642484,8.79844,0.452503,0.00570825,8.27245,0.00621342,0.0050212,0.00591752,0.00352661,8.27245,0.0049556,1.78209,1.043,0.000382946,0.165765,0.000621343,0.000836866,0.000248536,0.000572339,0.165765,0.143485,5.98315e-07,2.56392,0.251477
2029.0417,260.032,260.209,0,0.160301,0,0,0.000727152,1.22473e-07,-0.000727152,0.000585753,0,5.60956e-07,0,1.84432e-16,1.16897e-08,1.58174e-06,0,2.57896e-20,2.38923e-10,1.58174e-07,5.30327,90.1321,2.7588,0.335736,82.7718,0.242469,3.27725,0.00277494,0.242469,1.72129,0.0639153,8.79871,0.452542,0.00625987,8.27245,0.00606175,0.00501416,0.00577307,0.00353758,8.27245,0.00493249,1.7821,1.043,0.00041941,0.165765,0.000606175,0.000835694,0.000242469,0.000574106,0.165765,0.143725,5.60956e-07,2.54447,0.245244
2029.1250,267.107,267.011,0,0.209549,0,0,0.000971282,8.6907e-05,-0.000971282,0.000575552,0,5.32899e-07,3.60698e-07,1.20788e-16,-4.56835e-06,1.54315e-06,2.16504e-08,1.68819e-20,2.40361e-08,1.54315e-07,5.27029,90.1295,2.74882,0.360483,82.7722,0.236552,3.27196,0.00261815,0.236552,1.72657,0.0635885,8.79893,0.452524,0.00678577,8.27248,0.00591384,0.00500708,0.0056322,0.00354847,8.27248,0.00490979,1.78212,1.043,0.000454052,0.165766,0.000591384,0.000834513,0.000236552,0.000575865,0.165766,0.487771,5.32899e-07,2.52147,0.23917
2029.2083,271.16,270.329,0.762351,0.279774,0.134074,0.000902593,0.00114092,0.000943285,-0.000238325,0.000565292,4.73885e-28,5.32609e-07,2.13141e-06,1.01525e-16,-2.51335e-05,2.33486e-06,4.07627e-07,1.41903e-20,4.35094e-07,2.05491e-07,5.23508,90.1167,2.7387,0.369391,82.7808,0.230606,3.26652,0.00246588,0.230606,1.73141,0.063258,8.79898,0.452001,0.00695996,8.27321,0.00576518,0.00499975,0.00549062,0.00355845,8.27321,0.00488682,1.78213,1.043,0.000463482,0.16579,0.000576518,0.000833291,0.000230606,0.000577478,0.16579,1.04019,5.32609e-07,2.49638,0.233072
2029.2917,287.687,285.139,1.97327,0.150295,1.42956,0.0066531,0.00291795,0.00192709,0.00373515,0.000564399,1.41802e-26,5.55899e-07,4.30184e-07,8.35283e-17,2.26016e-05,2.66837e-05,1.15011e-07,1.16765e-20,1.99078e-06,1.91172e-06,5.23287,90.0916,2.73937,0.325796,82.8023,0.230028,3.26813,0.00248195,0.230028,1.73071,0.0632635,8.79916,0.451366,0.00598948,8.27498,0.00575072,0.00500213,0.00547685,0.00355702,8.27498,0.0048871,1.78215,1.04302,0.000398351,0.16585,0.000575073,0.000833688,0.000230028,0.000577246,0.16585,1.80017,5.55899e-07,2.4935,0.23251
2029.3750,294.855,292.862,2.08526,0.160952,2.1927,0.00948191,0.00425056,0.00220998,0.00523135,0.000585762,2.42402e-26,6.2898e-07,1.43172e-06,7.62187e-17,4.59867e-05,4.7445e-05,3.32673e-07,1.06584e-20,2.74249e-06,3.41119e-06,5.31981,90.1467,2.76599,0.297753,82.8026,0.242171,3.28695,0.0028829,0.242171,1.72651,0.0640664,8.79934,0.451305,0.00541873,8.275,0.00605432,0.00502843,0.00576599,0.00354842,8.275,0.00494419,1.78216,1.04301,0.000359186,0.165852,0.000605432,0.000838071,0.000242171,0.000575845,0.165852,2.78273,6.2898e-07,2.55381,0.245054
2029.4583,294.039,292.983,2.24861,0.177825,2.00581,0.00932992,0.00447883,0.00218184,0.00485109,0.000616638,2.31437e-26,7.15028e-07,9.35989e-06,1.46368e-16,5.3831e-05,4.93827e-05,1.76557e-06,2.04794e-20,2.82626e-06,3.55593e-06,5.44167,90.2353,2.804,0.276029,82.7971,0.259734,3.31352,0.00343334,0.259734,1.72051,0.0651895,8.79934,0.451113,0.00498532,8.27452,0.00649339,0.00506565,0.00618415,0.00353619,8.27452,0.00502451,1.78217,1.04299,0.000328808,0.165837,0.000649339,0.000844275,0.000259734,0.000573847,0.165837,2.67967,7.15028e-07,2.63767,0.263168
2029.5417,293.682,292.777,2.36891,0.139903,1.45172,0.00586033,0.00413487,0.00167718,0.00172545,0.000639273,1.19564e-26,7.69825e-07,1.42229e-07,1.79708e-16,4.37458e-05,2.79206e-05,4.66208e-08,2.51338e-20,2.17606e-06,2.0119e-06,5.52514,90.2926,2.83284,0.263236,82.7893,0.27256,3.33432,0.00382003,0.27256,1.71496,0.0660092,8.79946,0.451355,0.00472852,8.27384,0.00681402,0.00509509,0.00648952,0.00352493,8.27384,0.00508311,1.78219,1.04299,0.000311187,0.165816,0.000681403,0.000849182,0.00027256,0.000571997,0.165816,1.75792,7.69825e-07,2.6923,0.27638
2029.6250,288.257,288.11,2.33791,0.11002,0.338413,0.00136798,0.00262811,0.000994472,-0.00126013,0.000637656,4.65037e-28,7.61497e-07,1.93153e-10,1.8418e-16,2.17117e-05,2.79143e-06,6.40238e-11,2.57335e-20,1.19783e-06,2.39261e-07,5.5074,90.2717,2.83361,0.265192,82.7854,0.271509,3.33668,0.00377267,0.271509,1.71375,0.0659874,8.79973,0.451962,0.00477045,8.27349,0.00678776,0.00509904,0.0064645,0.00352262,8.27349,0.00508165,1.78221,1.04301,0.000313971,0.165807,0.000678776,0.000849841,0.000271509,0.000571593,0.165807,0.521573,7.61497e-07,2.6738,0.275282
2029.7083,272.569,273.691,0.986319,0.149068,0.0442283,0.000360793,0.00145161,0.000749724,-0.00109081,0.000626336,5.79996e-29,7.26035e-07,3.89853e-08,1.83063e-16,1.7498e-05,1.8529e-06,1.26346e-08,2.55539e-20,9.07912e-07,1.80251e-07,5.4617,90.2308,2.82301,0.270702,82.7841,0.264922,3.33146,0.00356029,0.264922,1.71427,0.0656326,8.79998,0.452579,0.00488488,8.27335,0.00662308,0.00509245,0.00630766,0.00352386,8.27335,0.00505695,1.78222,1.04305,0.000322135,0.165804,0.000662308,0.000848741,0.000264922,0.000571766,0.165804,0.385675,7.26035e-07,2.63869,0.268482
2029.7917,264.046,264.941,0,0.0616835,0,0,0.000871431,3.45292e-05,-0.000871431,0.000614848,0,6.80199e-07,0,1.91866e-16,1.7401e-06,1.68466e-06,0,2.67601e-20,4.5666e-08,1.68466e-07,5.42674,90.2212,2.81207,0.292557,82.7833,0.258246,3.32591,0.00335256,0.258246,1.71867,0.0652707,8.80026,0.452843,0.00534295,8.27327,0.00645618,0.0050853,0.00614871,0.00353303,8.27327,0.00503188,1.78224,1.04305,0.000353403,0.165803,0.000645618,0.000847551,0.000258246,0.000573231,0.165803,0.126092,6.80199e-07,2.61467,0.261598
2029.8750,264.502,265.123,0,0.0531541,0,0,0.000736558,1.9967e-05,-0.000736558,0.000603633,0,6.34577e-07,0,1.97178e-16,9.77758e-07,1.64217e-06,0,2.74832e-20,2.49785e-08,1.64218e-07,5.39531,90.2225,2.8013,0.319978,82.783,0.251733,3.32035,0.00315683,0.251733,1.72418,0.0649155,8.80055,0.452924,0.00592312,8.27324,0.00629335,0.00507808,0.00599364,0.00354448,8.27324,0.00500726,1.78226,1.04305,0.000391974,0.165803,0.000629335,0.000846347,0.000251733,0.00057507,0.165803,0.11435,6.34577e-07,2.59401,0.254889
2029.9583,265.787,266.12,0,0.0531542,0,0,0.000805703,1.57478e-05,-0.000805703,0.000592516,0,5.90899e-07,0,2.02071e-16,6.50419e-07,1.60008e-06,0,2.81475e-20,1.7142e-08,1.60009e-07,5.36482,90.2247,2.79052,0.347237,82.7829,0.245281,3.31472,0.00296957,0.245281,1.72979,0.0645615,8.80084,0.45299,0.00650094,8.27323,0.00613205,0.00507067,0.00584001,0.0035561,8.27323,0.0049827,1.78227,1.04305,0.00043036,0.165802,0.000613205,0.000845113,0.000245281,0.000576939,0.165802,0.118454,5.90899e-07,2.5743,0.24825
2030.0417,265.39,265.773,0,0.0531541,0,0,0.000735326,1.33555e-05,-0.000735326,0.000582193,0,5.52617e-07,0,2.06922e-16,5.10083e-07,1.56103e-06,0,2.88063e-20,1.35233e-08,1.56103e-07,5.33571,90.2262,2.78042,0.372579,82.7828,0.239293,3.30936,0.00280161,0.239293,1.73512,0.0642309,8.8011,0.453046,0.00703903,8.27322,0.00598236,0.00506357,0.00569745,0.00356713,8.27322,0.00495974,1.78229,1.04305,0.000466104,0.165802,0.000598236,0.000843929,0.000239293,0.000578716,0.165802,0.0946487,5.52617e-07,2.5553,0.242095
2030.1250,267.687,267.848,0,0.0531541,0,0,0.000930783,1.29476e-05,-0.000930783,0.000572119,0,5.24975e-07,0,2.11071e-16,4.46771e-07,1.52294e-06,0,2.93668e-20,1.20191e-08,1.52294e-07,5.30473,90.2253,2.77047,0.397356,82.7828,0.233454,3.30402,0.00264331,0.233454,1.74045,0.0639065,8.80136,0.453098,0.00756607,8.27321,0.00583638,0.00505642,0.00555843,0.00357812,8.27321,0.00493719,1.7823,1.04305,0.000501103,0.165802,0.000583639,0.000842737,0.000233454,0.000580491,0.165802,0.422582,5.24975e-07,2.53426,0.236097
2030.2083,275.857,275.05,1.16964,0.337244,0.352573,0.00202288,0.00155962,0.00223391,0.000463262,0.000562411,1.99592e-27,5.12832e-07,8.06555e-05,1.92777e-16,-1.47283e-05,4.93265e-06,6.56772e-06,2.69239e-20,1.72283e-06,3.81795e-07,5.26962,90.1898,2.76085,0.375555,82.8017,0.227831,3.29881,0.00249599,0.227831,1.74291,0.0635909,8.79982,0.450788,0.00705653,8.2748,0.00569581,0.0050494,0.00542455,0.00358321,8.2748,0.0049152,1.78232,1.04307,0.000465792,0.165855,0.000569581,0.000841567,0.000227831,0.000581313,0.165855,0.867552,5.12832e-07,2.50877,0.230327
2030.2917,287.104,285.796,1.98491,0.182485,1.41029,0.00725372,0.00317172,0.00221581,0.004082,0.000568477,1.71887e-26,5.4441e-07,1.18272e-06,1.76156e-16,4.07617e-05,3.21975e-05,2.23467e-07,2.4663e-20,2.66861e-06,2.30282e-06,5.28127,90.1609,2.76832,0.328781,82.8119,0.231291,3.30401,0.00259244,0.231291,1.73887,0.0637525,8.79916,0.450138,0.0060539,8.27564,0.00578232,0.00505678,0.00550694,0.0035749,8.27564,0.00492637,1.78233,1.04311,0.000399697,0.165883,0.000578232,0.000842797,0.000231291,0.000579964,0.165883,1.93181,5.4441e-07,2.51294,0.233884
2030.3750,293.133,291.565,2.14914,0.135306,1.93443,0.00882736,0.00400761,0.00174362,0.00481975,0.000599439,2.28187e-26,6.09818e-07,4.59112e-08,1.79058e-16,3.65309e-05,4.6001e-05,1.24914e-08,2.50732e-20,2.17715e-06,3.29666e-06,5.37723,90.2274,2.80303,0.305459,82.8099,0.249059,3.32603,0.00305955,0.249059,1.73488,0.0646828,8.79939,0.450089,0.00558637,8.27547,0.00622651,0.00508756,0.00592998,0.00356675,8.27547,0.00499238,1.78234,1.0431,0.00036731,0.165878,0.000622651,0.000847926,0.000249059,0.000578636,0.165878,2.31919,6.09818e-07,2.57419,0.252119
2030.4583,296.867,295.173,2.2537,0.120022,1.16531,0.0047092,0.0035807,0.00150837,0.0011285,0.000619077,9.73626e-27,6.53605e-07,1.23681e-07,1.85281e-16,3.07497e-05,2.17848e-05,3.12633e-08,2.59397e-20,1.8682e-06,1.56279e-06,5.42873,90.2653,2.82575,0.296243,82.8077,0.260285,3.34095,0.00333817,0.260285,1.73266,0.0652748,8.79965,0.450119,0.00540535,8.27529,0.00650716,0.00510867,0.00619727,0.00356228,8.27529,0.00503416,1.78236,1.04309,0.000353898,0.165871,0.000650717,0.000851444,0.000260285,0.000577896,0.165871,1.59547,6.53605e-07,2.60299,0.263623
2030.5417,290.972,290.871,2.30085,0.161323,0.906948,0.0048775,0.00352299,0.00179276,0.00135451,0.000627948,1.03546e-26,6.79911e-07,1.39161e-06,1.85001e-16,4.20565e-05,2.36508e-05,3.14787e-07,2.58935e-20,2.31371e-06,1.69615e-06,5.44003,90.2577,2.83694,0.285034,82.8037,0.26532,3.34895,0.00344639,0.26532,1.72886,0.0655415,8.79986,0.450611,0.00518381,8.27497,0.00663303,0.00512027,0.00631714,0.00355459,8.27497,0.00505275,1.78237,1.04311,0.000338263,0.16586,0.000663303,0.000853378,0.00026532,0.00057663,0.16586,1.36894,6.79911e-07,2.60308,0.268766
2030.6250,285.809,285.892,2.32584,0.16346,0.490818,0.00276642,0.00284413,0.00153098,-7.77089e-05,0.00063271,4.49883e-27,6.7887e-07,1.41389e-07,1.85127e-16,3.6207e-05,1.14141e-05,4.25016e-08,2.5893e-20,1.95973e-06,8.28265e-07,5.44556,90.2488,2.84373,0.278525,82.799,0.267983,3.3543,0.00348944,0.267983,1.72573,0.0656841,8.8001,0.45125,0.00505423,8.27456,0.0066996,0.00512823,0.00638054,0.00354827,8.27456,0.00506248,1.78239,1.04314,0.000329392,0.165847,0.000669961,0.000854705,0.000267983,0.000575585,0.165847,0.848552,6.7887e-07,2.60184,0.271472
2030.7083,273.181,274.153,1.34297,0.186077,0.0722922,0.000458134,0.00149743,0.00080505,-0.0010393,0.000625045,1.74344e-28,6.53337e-07,3.85632e-08,1.86041e-16,1.91918e-05,2.09086e-06,1.20073e-08,2.59954e-20,1.00037e-06,1.94617e-07,5.41359,90.2122,2.837,0.279029,82.7951,0.2635,3.35137,0.00334487,0.2635,1.72451,0.0654405,8.80036,0.452079,0.00506701,8.27423,0.00658753,0.0051247,0.00627381,0.00354588,8.27423,0.00504528,1.78241,1.04318,0.000331017,0.165837,0.000658753,0.000854116,0.0002635,0.000575178,0.165837,0.31594,6.53337e-07,2.57659,0.266845
2030.7917,263.473,264.672,0.361854,0.0958386,0.00241274,1.30972e-05,0.000884074,0.000166328,-0.000870977,0.000613638,0,6.1495e-07,1.58604e-11,1.93474e-16,3.67918e-06,1.6757e-06,4.42753e-12,2.70107e-20,1.85548e-07,1.67571e-07,5.37702,90.1964,2.82609,0.2962,82.7949,0.256873,3.3458,0.00315002,0.256873,1.72829,0.065081,8.80063,0.452374,0.00542457,8.2742,0.00642184,0.00511744,0.00611601,0.00355376,8.2742,0.00502036,1.78242,1.0432,0.000355783,0.165838,0.000642185,0.000852906,0.000256873,0.000576438,0.165838,0.147062,6.1495e-07,2.55093,0.260023
2030.8750,260.983,261.667,0,0.0638092,0,0,0.000689066,6.07017e-06,-0.000689066,0.000602479,0,5.72889e-07,0,2.02979e-16,3.99469e-07,1.63344e-06,0,2.83198e-20,9.21976e-09,1.63344e-07,5.3471,90.1987,2.81532,0.323051,82.7948,0.250394,3.34021,0.00296612,0.250394,1.73379,0.0647274,8.80092,0.452451,0.00599478,8.27418,0.00625988,0.00511008,0.00596176,0.00356516,8.27418,0.00499584,1.78244,1.0432,0.000393681,0.165837,0.000625988,0.000851681,0.000250394,0.000578271,0.165837,0.0770939,5.72889e-07,2.53178,0.25336
2030.9583,263.294,263.615,0,0.063804,0,0,0.00077774,2.3777e-06,-0.00077774,0.000591417,0,5.35903e-07,0,2.09691e-16,1.83822e-07,1.59158e-06,0,2.92386e-20,4.01235e-09,1.59158e-07,5.31675,90.2013,2.80455,0.350391,82.7947,0.243976,3.33454,0.00279017,0.243976,1.73945,0.0643751,8.8012,0.452499,0.00657729,8.27417,0.00609944,0.00510255,0.00580896,0.00357687,8.27417,0.00497138,1.78246,1.0432,0.000432204,0.165837,0.000609944,0.000850425,0.000243976,0.00058016,0.165837,0.278044,5.35903e-07,2.5122,0.246766
2031.0417,263.132,263.587,0,0.0638051,0,0,0.00073882,1.93347e-06,-0.00073882,0.000581146,0,5.08581e-07,0,2.14572e-16,1.49376e-07,1.55272e-06,0,2.99026e-20,3.25584e-09,1.55273e-07,5.28624,90.2015,2.79446,0.375822,82.7946,0.23802,3.32916,0.00263236,0.23802,1.74484,0.064046,8.80146,0.452541,0.00712016,8.27416,0.00595054,0.00509533,0.00566715,0.00358798,8.27416,0.00494852,1.78247,1.0432,0.000468095,0.165837,0.000595055,0.000849222,0.000238021,0.000581954,0.165837,0.207309,5.08581e-07,2.49178,0.240653
2031.1250,267.818,267.799,0.0236636,0.143477,0.000911325,6.95034e-06,0.000945376,0.000131842,-0.000938426,0.000571122,0,4.86791e-07,9.33275e-07,2.17719e-16,-6.20029e-06,1.51484e-06,5.55099e-08,3.03262e-20,4.73344e-08,1.51484e-07,5.25504,90.2002,2.78452,0.400046,82.795,0.232213,3.32378,0.00248362,0.232213,1.7502,0.063723,8.80169,0.452542,0.00763748,8.27419,0.00580535,0.00508806,0.00552887,0.00359902,8.27419,0.00492607,1.78249,1.0432,0.000502179,0.165838,0.000580535,0.000848011,0.000232213,0.000583741,0.165838,0.454667,4.86791e-07,2.47051,0.234696
2031.2083,277.823,276.711,1.91585,0.24054,0.432367,0.00234483,0.00164028,0.00173512,0.000704545,0.000562062,2.68129e-27,4.76332e-07,9.15431e-06,2.04778e-16,-1.23822e-05,6.12986e-06,1.4336e-06,2.85468e-20,1.36276e-06,4.59683e-07,5.22142,90.169,2.77545,0.381015,82.8136,0.22697,3.31879,0.00235138,0.22697,1.75296,0.0634211,8.80158,0.451605,0.0071866,8.27576,0.00567428,0.00508128,0.00540404,0.00360469,8.27576,0.00490497,1.7825,1.04321,0.000469232,0.165889,0.000567428,0.00084688,0.00022697,0.000584661,0.165889,0.723936,4.76332e-07,2.44597,0.229321
2031.2917,287.952,286.281,1.94471,0.139691,1.09056,0.00554562,0.00279487,0.00167885,0.00275075,0.00056737,1.25021e-26,4.93416e-07,1.44036e-06,1.89152e-16,2.37382e-05,2.37874e-05,3.44388e-07,2.63783e-20,1.90794e-06,1.68911e-06,5.21848,90.1457,2.7805,0.351522,82.8238,0.230064,3.32132,0.00239618,0.230064,1.75189,0.0634779,8.80173,0.451494,0.00654161,8.27662,0.00575162,0.00508489,0.00547771,0.00360247,8.27662,0.00490835,1.78251,1.04324,0.000427283,0.165917,0.000575162,0.000847482,0.000230064,0.000584304,0.165917,1.53634,4.93416e-07,2.43798,0.23246
2031.3750,296.088,294.224,2.13613,0.138135,1.60282,0.00663973,0.00372989,0.00196539,0.00290985,0.00059771,1.72103e-26,5.60882e-07,2.03431e-06,1.85926e-16,3.8732e-05,3.47398e-05,5.15609e-07,2.59508e-20,2.45242e-06,2.48326e-06,5.27922,90.176,2.81034,0.324782,82.8242,0.247659,3.33723,0.0027383,0.247659,1.74783,0.0641962,8.80184,0.451365,0.00600443,8.27668,0.00619151,0.0051071,0.00589664,0.00359412,8.27668,0.0049587,1.78253,1.04324,0.000390038,0.165917,0.000619151,0.000851184,0.000247659,0.00058295,0.165917,2.1404,5.60882e-07,2.46888,0.250397
2031.4583,295.68,294.817,2.24328,0.162897,1.49696,0.0067488,0.00399854,0.00213216,0.00275026,0.000617568,1.67056e-26,6.08679e-07,5.28875e-06,1.86919e-16,4.68951e-05,3.63116e-05,1.22927e-06,2.60987e-20,2.76092e-06,2.59207e-06,5.31028,90.1818,2.83009,0.306839,82.821,0.259163,3.34794,0.00294369,0.259163,1.74368,0.0646712,8.80191,0.451578,0.00564445,8.27643,0.0064791,0.00512223,0.00617054,0.00358564,8.27643,0.00499208,1.78254,1.04325,0.000365591,0.165907,0.00064791,0.000853706,0.000259163,0.000581568,0.165907,2.17173,6.08679e-07,2.48018,0.262106
2031.5417,291.144,290.921,2.35911,0.178767,0.844564,0.00453481,0.00340883,0.00191278,0.00112598,0.000638923,9.49295e-27,6.53962e-07,6.71803e-06,1.85967e-16,4.68251e-05,2.2548e-05,1.60685e-06,2.59691e-20,2.50965e-06,1.60773e-06,5.34963,90.1951,2.85152,0.291907,82.8151,0.271519,3.35973,0.00315908,0.271519,1.73848,0.0652084,8.80196,0.45187,0.0053445,8.27596,0.00678801,0.00513894,0.00646475,0.00357502,8.27596,0.00502957,1.78256,1.04327,0.000345077,0.16589,0.000678802,0.00085649,0.000271519,0.000579836,0.16589,1.42026,6.53962e-07,2.49811,0.274678
2031.6250,285.203,285.367,2.40272,0.17941,0.53905,0.00301353,0.00288309,0.001743,0.000130437,0.000646949,5.2774e-27,6.60348e-07,5.82658e-07,1.83558e-16,4.58335e-05,1.35993e-05,1.78506e-07,2.56174e-20,2.30446e-06,9.81331e-07,5.35802,90.1797,2.85995,0.280729,82.8074,0.276145,3.36466,0.00321034,0.276145,1.73347,0.0653941,8.80206,0.452663,0.00511498,8.27532,0.00690366,0.0051462,0.00657489,0.0035648,8.27532,0.00504223,1.78257,1.04331,0.000330581,0.165869,0.000690367,0.0008577,0.000276145,0.000578165,0.165869,0.844675,6.60348e-07,2.49807,0.279356
2031.7083,273.11,274.098,2.21641,0.199682,0.0646576,0.000521724,0.00151871,0.000949378,-0.000996991,0.000639961,1.07754e-28,6.37963e-07,2.12541e-07,1.84709e-16,2.56387e-05,2.01416e-06,6.50005e-08,2.57477e-20,1.23368e-06,1.91327e-07,5.32864,90.1411,2.8536,0.279331,82.8018,0.272066,3.3617,0.00308185,0.272066,1.7313,0.0651606,8.80229,0.453662,0.00508496,8.27483,0.00680169,0.00514252,0.00647777,0.00356042,8.27483,0.00502575,1.78259,1.04336,0.000330032,0.165854,0.000680169,0.000857087,0.000272066,0.000577442,0.165854,0.343125,6.37963e-07,2.47504,0.275148
2031.7917,264.82,265.729,0.189222,0.0977312,0.000841791,2.0238e-06,0.000942449,6.91543e-05,-0.000940425,0.000628212,0,6.008e-07,2.30052e-32,1.97015e-16,2.26545e-06,1.73026e-06,9.7886e-33,2.74383e-20,8.01721e-08,1.73026e-07,5.29309,90.1282,2.84248,0.299727,82.8002,0.265235,3.35612,0.00290251,0.265235,1.7352,0.0647938,8.80257,0.45402,0.00551431,8.27468,0.00663091,0.00513514,0.00631512,0.00356851,8.27468,0.00500034,1.78261,1.04337,0.000359825,0.16585,0.000663091,0.000855857,0.000265235,0.000578742,0.16585,0.191758,6.008e-07,2.45061,0.268138
2031.8750,259.366,260.394,0,0.0377852,0,0,0.0006814,5.09968e-06,-0.0006814,0.000616699,0,5.62043e-07,0,2.05095e-16,3.34204e-07,1.68662e-06,0,2.85459e-20,7.67679e-09,1.68662e-07,5.26166,90.13,2.83149,0.327512,82.8,0.258546,3.35051,0.00273306,0.258546,1.74076,0.0644328,8.80286,0.454086,0.00610669,8.27466,0.00646367,0.00512767,0.00615585,0.00358,8.27466,0.00497534,1.78263,1.04337,0.000399138,0.16585,0.000646367,0.000854611,0.000258546,0.000580596,0.16585,0.125063,5.62043e-07,2.43017,0.261279
2031.9583,258.539,259.448,0,0.0403728,0,0,0.000644537,1.51521e-06,-0.000644537,0.000605286,0,5.24958e-07,0,2.13428e-16,1.21875e-07,1.64339e-06,0,2.96881e-20,2.61828e-09,1.64339e-07,5.23161,90.1335,2.82049,0.355487,82.8,0.251919,3.34483,0.00257094,0.251919,1.74645,0.064073,8.80315,0.454131,0.00670489,8.27466,0.006298,0.00512001,0.00599807,0.00359172,8.27466,0.00495039,1.78264,1.04337,0.000438678,0.16585,0.000629801,0.000853335,0.000251919,0.000582491,0.16585,0.118698,5.24958e-07,2.41111,0.25449
2032.0417,261.692,261.921,0,0.0404306,0,0,0.00073239,4.77065e-07,-0.00073239,0.000594689,0,4.94501e-07,0,2.22246e-16,4.38912e-08,1.60327e-06,0,3.08975e-20,9.08581e-10,1.60328e-07,5.20309,90.1364,2.8102,0.381502,82.7999,0.245769,3.33943,0.00242552,0.245769,1.75185,0.0637371,8.80342,0.454171,0.00726219,8.27465,0.00614427,0.00511269,0.00585165,0.00360284,8.27465,0.00492708,1.78266,1.04337,0.000475507,0.16585,0.000614427,0.000852114,0.000245769,0.000584291,0.16585,0.208598,4.94501e-07,2.39289,0.248195
2032.1250,266.82,266.769,0.0369574,0.0678241,0.000444018,3.21726e-06,0.00087372,9.48058e-05,-0.000870503,0.000584347,0,4.7023e-07,1.19604e-06,2.20761e-16,-4.7099e-06,1.56415e-06,8.30674e-08,3.06746e-20,3.61646e-08,1.56415e-07,5.1725,90.1365,2.80006,0.406668,82.8,0.239772,3.33403,0.00228847,0.239772,1.75724,0.0634074,8.80368,0.454195,0.00780194,8.27466,0.00599434,0.00510531,0.00570886,0.00361391,8.27466,0.00490419,1.78267,1.04337,0.000511128,0.16585,0.000599434,0.000850886,0.000239772,0.000586087,0.16585,0.396704,4.7023e-07,2.37244,0.242061
2032.2083,276.552,275.448,1.88825,0.309698,0.395557,0.00243372,0.00159491,0.00196361,0.000838814,0.000575156,2.95991e-27,4.61437e-07,2.1926e-05,1.91613e-16,-1.39277e-05,6.9048e-06,3.98593e-06,2.66543e-20,1.55778e-06,5.1418e-07,5.14051,90.1087,2.79089,0.389599,82.8183,0.234452,3.32903,0.00216766,0.234452,1.76027,0.0631022,8.80337,0.453066,0.00738722,8.2762,0.00586133,0.00509843,0.00558219,0.00362011,8.2762,0.00488286,1.78269,1.04338,0.000480976,0.1659,0.000586133,0.000849739,0.000234452,0.000587097,0.1659,0.799708,4.61437e-07,2.34962,0.23662
2032.2917,287.697,286.005,2.07692,0.142339,1.35842,0.00650069,0.00303898,0.00178589,0.00346171,0.000587803,1.57848e-26,4.90489e-07,3.29969e-07,1.79417e-16,3.04141e-05,3.15949e-05,1.00394e-07,2.49858e-20,2.09684e-06,2.24187e-06,5.15502,90.0891,2.80197,0.346677,82.8301,0.241857,3.33379,0.00227414,0.241857,1.75732,0.0633267,8.80328,0.452695,0.00645463,8.27719,0.00604645,0.00510507,0.0057585,0.003614,8.27719,0.00489813,1.7827,1.04341,0.000419751,0.165933,0.000604646,0.000850845,0.000241857,0.000586114,0.165933,1.67905,4.90489e-07,2.35305,0.244131
2032.3750,293.66,292.07,2.27399,0.147684,1.66925,0.00799184,0.00384254,0.00185462,0.0041493,0.000623109,2.10423e-26,5.4706e-07,1.2106e-06,1.86111e-16,3.29845e-05,4.58063e-05,3.3781e-07,2.59286e-20,2.27405e-06,3.25949e-06,5.22593,90.1418,2.83423,0.330186,82.8305,0.262442,3.34896,0.00260681,0.262442,1.7552,0.0641533,8.80347,0.45235,0.00612094,8.27723,0.00656109,0.0051262,0.00624863,0.00360964,8.27723,0.004956,1.78272,1.04339,0.000396478,0.165933,0.000656109,0.000854367,0.000262442,0.000585409,0.165933,2.25193,5.4706e-07,2.39169,0.265049
2032.4583,295.292,294.028,2.47016,0.125705,1.2078,0.00550981,0.00362011,0.00158109,0.0018897,0.000658873,1.27606e-26,6.10628e-07,3.37098e-07,1.8949e-16,3.22382e-05,3.09467e-05,1.07337e-07,2.64139e-20,1.9819e-06,2.21486e-06,5.30188,90.1957,2.86719,0.314318,82.8283,0.283269,3.36472,0.00293233,0.283269,1.75119,0.0650549,8.80362,0.452071,0.00580663,8.27709,0.00708176,0.0051483,0.0067445,0.00360142,8.27709,0.00501943,1.78273,1.04337,0.000373874,0.165925,0.000708176,0.00085805,0.000283269,0.000584072,0.165925,1.58458,6.10628e-07,2.43468,0.286201
2032.5417,289.967,289.824,2.53385,0.19066,0.905569,0.00523653,0.00354102,0.00212835,0.00169551,0.00067039,1.1059e-26,6.2861e-07,6.87065e-06,1.85179e-16,4.92358e-05,2.81265e-05,1.7393e-06,2.58176e-20,2.76069e-06,2.00835e-06,5.31472,90.1899,2.87787,0.303108,82.8248,0.289974,3.36987,0.00300163,0.289974,1.74731,0.0653322,8.80368,0.452362,0.00558077,8.27681,0.00724937,0.00515578,0.00690413,0.0035935,8.27681,0.00503873,1.78275,1.0434,0.000358715,0.165915,0.000724938,0.000859296,0.000289974,0.00058278,0.165915,1.46213,6.2861e-07,2.43685,0.292975
2032.6250,284.751,284.965,2.53888,0.171284,0.505656,0.00294618,0.00282848,0.00160896,0.000117701,0.00068043,4.77495e-27,6.37545e-07,1.60438e-06,1.85793e-16,3.8137e-05,1.35376e-05,3.64558e-07,2.58903e-20,2.06895e-06,9.80287e-07,5.33083,90.1863,2.88726,0.293519,82.8189,0.295811,3.37449,0.00305503,0.295811,1.74302,0.0655826,8.80385,0.452979,0.00538429,8.27632,0.0073953,0.00516253,0.00704311,0.00358473,8.27632,0.005056,1.78277,1.04343,0.000346152,0.165898,0.00073953,0.000860422,0.000295811,0.000581348,0.165898,0.848469,6.37545e-07,2.44358,0.298866
2032.7083,273.382,274.105,1.46887,0.247366,0.0647782,0.000448339,0.00150779,0.0011446,-0.00105945,0.00067217,6.24744e-29,6.16823e-07,1.03819e-06,1.8128e-16,2.89392e-05,2.0486e-06,2.59469e-07,2.52422e-20,1.46656e-06,1.98537e-07,5.30068,90.1484,2.8797,0.291871,82.8148,0.290992,3.37092,0.00292235,0.290992,1.74105,0.065319,8.80401,0.453795,0.00534848,8.27597,0.00727484,0.00515794,0.00692838,0.00358075,8.27597,0.00503754,1.78279,1.04348,0.000345272,0.165887,0.000727484,0.000859656,0.000290992,0.000580692,0.165887,0.390655,6.16823e-07,2.42098,0.293914
2032.7917,259.55,260.945,0,0.147769,0,0,0.000783813,9.80284e-05,-0.000783813,0.000659609,0,5.85353e-07,1.66449e-18,1.97902e-16,3.14549e-06,1.85056e-06,5.02167e-19,2.75299e-20,1.16908e-07,1.85056e-07,5.26521,90.1324,2.86808,0.309958,82.8129,0.283677,3.36531,0.00275211,0.283677,1.74426,0.0649336,8.8043,0.45426,0.00572694,8.27579,0.00709195,0.00515046,0.00675421,0.00358739,8.27579,0.00501091,1.7828,1.0435,0.000372165,0.165883,0.000709196,0.00085841,0.000283677,0.000581761,0.165883,0.215465,5.85353e-07,2.39713,0.286429
2032.8750,259.786,260.155,0,0.139921,0,0,0.000676177,1.56835e-06,-0.000676177,0.000647316,0,5.4662e-07,0,2.11935e-16,1.26294e-07,1.80389e-06,0,2.94642e-20,2.70309e-09,1.80389e-07,5.23579,90.138,2.85661,0.339504,82.8128,0.276522,3.35969,0.00259144,0.276522,1.74984,0.0645548,8.80462,0.454322,0.00635663,8.27578,0.00691309,0.0051429,0.00658386,0.0035989,8.27578,0.00498473,1.78282,1.0435,0.000413903,0.165883,0.000691309,0.00085715,0.000276522,0.000583621,0.165883,0.116661,5.4662e-07,2.37918,0.279114
2032.9583,262.751,263.047,0,0.139921,0,0,0.000718634,1.04737e-06,-0.000718634,0.00063513,0,5.14366e-07,0,2.17928e-16,8.40233e-08,1.75765e-06,0,3.02796e-20,1.79563e-09,1.75765e-07,5.205,90.1425,2.84514,0.369155,82.8128,0.269435,3.35399,0.00243771,0.269435,1.75554,0.0641773,8.80492,0.454364,0.00699022,8.27578,0.0067359,0.00513517,0.00641511,0.00361064,8.27578,0.00495862,1.78284,1.0435,0.000455765,0.165883,0.00067359,0.000855861,0.000269435,0.000585522,0.165883,0.211727,5.14366e-07,2.35986,0.271872
2033.0417,263.307,263.575,0,0.139921,0,0,0.000723544,9.06394e-07,-0.000723544,0.000623816,0,4.8406e-07,0,2.20705e-16,7.02973e-08,1.71475e-06,0,3.06485e-20,1.51142e-09,1.71475e-07,5.17605,90.1465,2.83441,0.396709,82.8128,0.262858,3.34857,0.00229984,0.262858,1.76096,0.0638251,8.80521,0.454403,0.00757997,8.27578,0.00657147,0.00512776,0.00625851,0.00362177,8.27578,0.00493423,1.78286,1.04349,0.000494731,0.165883,0.000657148,0.000854627,0.000262858,0.000587327,0.165883,0.126773,4.8406e-07,2.34165,0.265157
2033.1250,265.132,265.248,0,0.139921,0,0,0.000807298,8.12971e-07,-0.000807298,0.000612775,0,4.61595e-07,0,2.17507e-16,6.10444e-08,1.67291e-06,0,3.01878e-20,1.31956e-09,1.67291e-07,5.14628,90.149,2.82384,0.423613,82.8128,0.256444,3.34316,0.00216989,0.256444,1.76637,0.0634796,8.80549,0.454441,0.00815683,8.27578,0.00641112,0.00512032,0.0061058,0.00363287,8.27578,0.00491029,1.78287,1.04349,0.000532846,0.165883,0.000641113,0.000853387,0.000256444,0.00058913,0.165883,0.414456,4.61595e-07,2.32244,0.258614
2033.2083,273.559,272.632,0.79319,0.267068,0.278958,0.00144992,0.00131541,0.00142475,0.000134509,0.000601851,1.31829e-27,4.5251e-07,4.47991e-05,1.85213e-16,-2.66846e-05,4.20983e-06,6.46601e-06,2.57263e-20,8.90376e-07,3.35998e-07,5.11401,90.1391,2.8133,0.432852,82.8212,0.250102,3.3377,0.00204602,0.250102,1.77112,0.0631373,8.80518,0.453591,0.00832987,8.27648,0.00625257,0.00511277,0.0059548,0.00364259,8.27648,0.00488653,1.78289,1.0435,0.000543029,0.165906,0.000625257,0.000852128,0.000250102,0.000590713,0.165906,0.799881,4.5251e-07,2.30071,0.252148
2033.2917,288.507,286.774,2.16402,0.179981,1.54799,0.00716007,0.00305195,0.00240357,0.00410812,0.000602853,1.48917e-26,4.86235e-07,8.34295e-06,1.55809e-16,3.48916e-05,3.12058e-05,1.7442e-06,2.17203e-20,2.73556e-06,2.2289e-06,5.12366,90.1083,2.81481,0.372503,82.8441,0.250668,3.33892,0.00208015,0.250668,1.76806,0.0632449,8.80415,0.451875,0.00698008,8.27841,0.00626674,0.00511442,0.0059683,0.00363625,8.27841,0.00489391,1.7829,1.04353,0.000453492,0.165968,0.000626675,0.000852404,0.000250668,0.000589696,0.165968,1.96747,4.86235e-07,2.30885,0.252749
2033.3750,297.029,294.642,2.2382,0.113925,1.32895,0.00550047,0.00326645,0.00161888,0.00223403,0.000616662,1.11775e-26,5.45304e-07,1.90757e-07,1.83701e-16,2.7029e-05,2.46659e-05,5.72715e-08,2.5619e-20,1.94242e-06,1.76696e-06,5.17985,90.14,2.82939,0.349379,82.8453,0.258629,3.34751,0.00227574,0.258629,1.76546,0.0638232,8.80434,0.451847,0.0065059,8.27853,0.00646575,0.00512635,0.00615782,0.00363085,8.27853,0.00493456,1.78292,1.04354,0.00042183,0.165971,0.000646575,0.000854392,0.000258629,0.000588828,0.165971,1.76267,5.45304e-07,2.35046,0.260904
2033.4583,292.526,292.072,2.31792,0.193196,1.3047,0.0079099,0.00374458,0.00237398,0.00416533,0.00063141,1.95897e-26,5.98249e-07,1.06857e-05,1.8467e-16,4.8944e-05,4.37097e-05,2.35517e-06,2.57711e-20,3.06028e-06,3.12377e-06,5.23339,90.1669,2.84505,0.328082,82.8442,0.267135,3.3568,0.00247759,0.267135,1.76127,0.0644127,8.80443,0.451837,0.00608208,8.27848,0.0066784,0.00513931,0.00636035,0.0036222,8.27848,0.00497604,1.78293,1.04355,0.00039195,0.165966,0.000667841,0.000856551,0.000267135,0.00058743,0.165966,2.07423,5.98249e-07,2.38835,0.269612
2033.5417,289.353,289.087,2.43257,0.230134,1.1147,0.00617211,0.00363906,0.00260774,0.00253305,0.000652518,1.39296e-26,6.44857e-07,2.37862e-05,1.74678e-16,6.99632e-05,3.32928e-05,4.99357e-06,2.442e-20,3.53752e-06,2.38591e-06,5.31411,90.2017,2.86735,0.299793,82.8351,0.279302,3.36996,0.0027527,0.279302,1.75277,0.0652108,8.8038,0.451725,0.00550795,8.27775,0.00698258,0.00515774,0.00665005,0.00360474,8.27775,0.0050325,1.78295,1.04357,0.000354349,0.165939,0.000698258,0.000859624,0.000279302,0.000584599,0.165939,1.6858,6.44857e-07,2.44676,0.282055
2033.6250,283.436,283.73,2.46697,0.196587,0.413467,0.00281864,0.00266848,0.00183316,0.000150158,0.00065889,4.49367e-27,6.53219e-07,1.3362e-06,1.76344e-16,5.00158e-05,1.2212e-05,3.64649e-07,2.46314e-20,2.46476e-06,8.89935e-07,5.33731,90.1946,2.87482,0.285738,82.8249,0.282936,3.37494,0.00282859,0.282936,1.74669,0.0654773,8.80387,0.452692,0.00521599,8.2769,0.00707344,0.00516491,0.00673658,0.00359226,8.2769,0.00505113,1.78297,1.04362,0.000336595,0.165911,0.000707344,0.000860819,0.000282936,0.000582572,0.165911,0.764677,6.53219e-07,2.46249,0.285765
2033.7083,274.833,275.518,1.28774,0.240845,0.0815682,0.000580359,0.00160788,0.00121491,-0.00102752,0.000649948,2.20108e-28,6.29796e-07,1.24497e-06,1.75042e-16,3.47783e-05,2.31211e-06,3.41105e-07,2.44177e-20,1.62354e-06,2.11306e-07,5.30665,90.1501,2.86674,0.282083,82.8176,0.277717,3.37122,0.00270572,0.277717,1.74368,0.0652108,8.80407,0.453861,0.0051375,8.27628,0.00694295,0.00516001,0.00661231,0.00358609,8.27628,0.0050324,1.78298,1.04367,0.000333223,0.165892,0.000694296,0.000860002,0.000277717,0.000581567,0.165892,0.451886,6.29796e-07,2.43991,0.280423
2033.7917,271.079,271.403,0,0.229135,0,0,0.000972828,0.000312152,-0.000972828,0.000638032,0,5.96702e-07,6.1736e-16,1.82538e-16,1.03499e-05,1.76646e-06,1.75023e-16,2.54311e-20,3.78154e-07,1.76646e-07,5.27143,90.1303,2.85554,0.297905,82.8144,0.270785,3.36566,0.00254932,0.270785,1.74658,0.0648413,8.80435,0.454479,0.00546513,8.27597,0.00676966,0.00515252,0.00644726,0.00359208,8.27597,0.0050068,1.783,1.0437,0.00035747,0.165884,0.000676966,0.000858754,0.000270785,0.000582534,0.165884,0.127355,5.96702e-07,2.41589,0.273334
2033.8750,269.854,270.183,0,0.227623,0,0,0.000826007,0.000226535,-0.000826007,0.000626284,0,5.55767e-07,5.27708e-29,1.86971e-16,5.97955e-06,1.72191e-06,1.49607e-29,2.60215e-20,2.45892e-07,1.72191e-07,5.24122,90.1261,2.8444,0.31984,82.8136,0.263956,3.36004,0.00240049,0.263956,1.75144,0.0644749,8.80465,0.454769,0.00592293,8.27588,0.00659892,0.00514488,0.00628466,0.00360208,8.27588,0.00498144,1.78302,1.04371,0.000389836,0.165883,0.000659893,0.00085748,0.000263956,0.000584153,0.165883,0.0997287,5.55767e-07,2.39682,0.266356
2033.9583,268.54,268.886,0,0.227623,0,0,0.000772288,0.000155571,-0.000772288,0.000614638,0,5.19382e-07,0,1.9173e-16,3.20782e-06,1.67778e-06,0,2.666e-20,1.51345e-07,1.67778e-07,5.21145,90.1245,2.83325,0.342792,82.8136,0.25719,3.35434,0.00225809,0.25719,1.75663,0.0641098,8.80494,0.454947,0.00640531,8.27587,0.00642979,0.00513707,0.00612358,0.00361275,8.27587,0.00495614,1.78304,1.04371,0.000423256,0.165884,0.000642979,0.000856179,0.00025719,0.000585884,0.165884,0.10518,5.19382e-07,2.3782,0.259448
2034.0417,266.331,266.633,0,0.227642,0,0,0.000650775,3.6188e-05,-0.000650775,0.000603824,0,4.84251e-07,0,1.9844e-16,9.67177e-07,1.63682e-06,0,2.7574e-20,3.5049e-08,1.63682e-07,5.18593,90.1282,2.82281,0.366705,82.8138,0.250912,3.34892,0.00213038,0.250912,1.76184,0.063769,8.80522,0.45504,0.00691377,8.27588,0.00627283,0.0051296,0.00597409,0.00362344,8.27588,0.0049325,1.78305,1.04371,0.000457589,0.165885,0.000627284,0.000854934,0.000250912,0.000587622,0.165885,0.0608464,4.84251e-07,2.36312,0.253042
2034.1250,267.003,267.153,0,0.22772,0,0,0.00077694,3.35095e-05,-0.00077694,0.000593271,0,4.55004e-07,0,2.0125e-16,6.07817e-07,1.59688e-06,0,2.79472e-20,2.64041e-08,1.59688e-07,5.1596,90.1322,2.81254,0.391573,82.8138,0.24479,3.34351,0.00201,0.24479,1.76719,0.0634345,8.80549,0.455099,0.00744594,8.27587,0.00611977,0.0051221,0.00582832,0.00363439,8.27587,0.00490928,1.78307,1.04371,0.00049312,0.165885,0.000611977,0.000853683,0.000244789,0.000589404,0.165885,0.29544,4.55004e-07,2.34707,0.2468
2034.2083,274.763,274.111,0.497281,0.644365,0.173068,0.00110441,0.00133925,0.00134075,-0.000234839,0.000582754,1.09316e-27,4.47699e-07,7.67519e-05,1.93567e-16,-1.99195e-05,3.56583e-06,7.05499e-06,2.69189e-20,9.75882e-07,2.91271e-07,5.12571,90.1187,2.80222,0.39855,82.8226,0.238692,3.33801,0.00189453,0.238692,1.77181,0.0631003,8.80491,0.453988,0.00756842,8.27661,0.00596733,0.00511442,0.00568314,0.00364383,8.27661,0.00488605,1.78308,1.04372,0.000499285,0.165909,0.000596733,0.000852403,0.000238692,0.000590945,0.165909,0.799948,4.47699e-07,2.32349,0.240586
2034.2917,285.323,284.074,2.05641,0.220385,1.38433,0.00731127,0.00276648,0.0025416,0.00454479,0.000583427,1.5477e-26,4.78598e-07,1.40755e-05,1.64187e-16,4.55987e-05,3.04373e-05,2.12685e-06,2.29794e-20,3.09163e-06,2.17716e-06,5.13484,90.0879,2.80366,0.346471,82.8384,0.239056,3.3394,0.00194155,0.239056,1.76825,0.0631927,8.80254,0.451354,0.00641969,8.27794,0.00597643,0.00511626,0.0056918,0.00363643,8.27794,0.00489243,1.7831,1.04376,0.000421874,0.165953,0.000597643,0.00085271,0.000239056,0.000589759,0.165953,1.87549,4.78598e-07,2.33118,0.240997
2034.3750,293.579,291.956,2.16169,0.117335,1.91728,0.00849172,0.00365066,0.0016326,0.00484106,0.000603187,2.08218e-26,5.48757e-07,5.66084e-09,1.74785e-16,3.54404e-05,4.27088e-05,1.64157e-09,2.44621e-20,2.0613e-06,3.05299e-06,5.22093,90.1424,2.82537,0.321602,82.8356,0.250415,3.35286,0.00225557,0.250415,1.7643,0.0639953,8.80273,0.451476,0.00591507,8.27771,0.00626042,0.00513488,0.00596227,0.00362824,8.27771,0.00494914,1.78311,1.04376,0.000387685,0.165945,0.000626042,0.000855813,0.000250415,0.000588439,0.165945,2.19709,5.48757e-07,2.39556,0.252671
2034.4583,295.695,294.334,2.2327,0.125771,1.20486,0.00521271,0.00336744,0.00160153,0.00184527,0.000616499,1.10589e-26,5.91064e-07,6.07822e-07,1.81838e-16,3.21987e-05,2.44056e-05,1.202e-07,2.54407e-20,2.0115e-06,1.74338e-06,5.27195,90.1821,2.84046,0.313458,82.8338,0.25804,3.36255,0.00246545,0.25804,1.7629,0.0645354,8.80299,0.451508,0.00575217,8.27756,0.00645102,0.0051484,0.0061438,0.00362535,8.27756,0.00498705,1.78313,1.04376,0.000375812,0.165939,0.000645102,0.000858067,0.00025804,0.000587973,0.165939,1.65968,5.91064e-07,2.4315,0.260505
2034.5417,289.864,289.798,2.30912,0.223218,1.02733,0.00588024,0.00361278,0.00252756,0.00226746,0.000630741,1.34901e-26,6.39375e-07,1.7998e-05,1.74824e-16,6.68783e-05,3.04305e-05,3.06486e-06,2.44739e-20,3.42839e-06,2.1825e-06,5.3241,90.1994,2.85668,0.292038,82.8269,0.266201,3.37302,0.00268212,0.266201,1.75644,0.0650952,8.80281,0.451776,0.005321,8.27701,0.00665506,0.00516308,0.00633812,0.00361207,8.27701,0.00502645,1.78314,1.04378,0.000346632,0.165919,0.000665506,0.000860513,0.000266201,0.000585822,0.165919,1.72796,6.39375e-07,2.46742,0.268883
2034.6250,285.576,285.649,2.34074,0.169869,0.658942,0.00328987,0.00292959,0.0017488,0.000360282,0.000636686,5.90693e-27,6.51833e-07,2.32604e-07,1.76471e-16,4.84949e-05,1.4585e-05,6.7666e-08,2.46825e-20,2.36346e-06,1.05511e-06,5.34594,90.1914,2.86423,0.278242,82.8167,0.269568,3.37844,0.00277248,0.269568,1.75054,0.0653508,8.80291,0.452772,0.00503873,8.27615,0.00673923,0.00517084,0.00641828,0.00359995,8.27615,0.00504428,1.78316,1.04383,0.000328828,0.165892,0.000673923,0.000861806,0.000269568,0.000583854,0.165892,0.960113,6.51833e-07,2.48171,0.27234
2034.7083,274.338,275.04,0.716668,0.322845,0.0285977,0.000295518,0.00139753,0.00120478,-0.00110201,0.000629142,4.03152e-29,6.31216e-07,1.60413e-07,1.75885e-16,3.20049e-05,1.81692e-06,4.47701e-08,2.45665e-20,1.59186e-06,1.78008e-07,5.31922,90.1539,2.85751,0.276177,82.8103,0.265158,3.37543,0.00266882,0.265158,1.74823,0.0651292,8.80318,0.453861,0.00499542,8.27559,0.00662899,0.00516691,0.00631329,0.00359524,8.27559,0.0050287,1.78317,1.04388,0.000327244,0.165875,0.0006629,0.000861152,0.000265158,0.000583084,0.165875,0.34865,6.31216e-07,2.46171,0.267827
2034.7917,269.862,270.381,0,0.381955,0,0,0.000957484,0.000417969,-0.000957484,0.000617633,0,5.94851e-07,1.27249e-12,1.82094e-16,1.17489e-05,1.68614e-06,4.20315e-13,2.54009e-20,5.20164e-07,1.68614e-07,5.28439,90.1282,2.8465,0.28623,82.8075,0.258472,3.3698,0.00251301,0.258472,1.75003,0.0647677,8.80346,0.45456,0.00520294,8.27533,0.00646184,0.0051593,0.0061541,0.00359895,8.27533,0.00500366,1.78319,1.04391,0.000342735,0.165868,0.000646184,0.000859883,0.000258472,0.000583685,0.165868,0.18682,5.94851e-07,2.43789,0.260985
2034.8750,267.37,267.778,0,0.345609,0,0,0.000741145,0.000148894,-0.000741145,0.000606404,0,5.56868e-07,0,1.89616e-16,3.13884e-06,1.64361e-06,0,2.64256e-20,1.56853e-07,1.64362e-07,5.25455,90.1241,2.83566,0.307573,82.8071,0.251953,3.36417,0.0023663,0.251953,1.75487,0.0644132,8.80375,0.454791,0.00565187,8.27528,0.00629886,0.00515163,0.00599889,0.00360891,8.27528,0.00497907,1.78321,1.04392,0.000373647,0.165868,0.000629887,0.000858605,0.000251953,0.000585298,0.165868,0.100942,5.56868e-07,2.4189,0.25432
2034.9583,266.114,266.44,0,0.340392,0,0,0.000687572,5.98146e-05,-0.000687572,0.000595273,0,5.1882e-07,0,1.95462e-16,1.07796e-06,1.60149e-06,0,2.72202e-20,5.46653e-08,1.60149e-07,5.22615,90.1258,2.82481,0.331991,82.8074,0.245496,3.35846,0.00222593,0.245496,1.76033,0.0640598,8.80403,0.454887,0.00617085,8.2753,0.00613742,0.0051438,0.00584513,0.00362011,8.2753,0.00495454,1.78322,1.04392,0.000408548,0.165869,0.000613742,0.000857299,0.000245495,0.000587116,0.165869,0.0780658,5.1882e-07,2.40134,0.247721
2035.0417,264.414,264.693,0,0.339659,0,0,0.000672907,9.74865e-06,-0.000672907,0.000584937,0,4.84042e-07,0,2.01305e-16,4.45987e-07,1.56239e-06,0,2.80165e-20,1.17256e-08,1.5624e-07,5.20037,90.1299,2.81465,0.356408,82.8074,0.239503,3.35304,0.00210003,0.239503,1.76568,0.0637298,8.8043,0.454946,0.00669343,8.2753,0.0059876,0.0051363,0.00570245,0.00363109,8.2753,0.00493161,1.78324,1.04392,0.000443359,0.165869,0.00059876,0.000856051,0.000239503,0.000588901,0.165869,0.0835782,4.84042e-07,2.38572,0.241603
2035.1250,265.599,265.775,0,0.339516,0,0,0.000712557,6.97762e-06,-0.000712557,0.000574851,0,4.56504e-07,0,2.04643e-16,3.12281e-07,1.52427e-06,0,2.84644e-20,8.05312e-09,1.52427e-07,5.17278,90.1323,2.80465,0.381077,82.8074,0.233659,3.34762,0.00198137,0.233659,1.77109,0.063406,8.80456,0.454992,0.00722377,8.27529,0.0058415,0.00512878,0.0055633,0.00364215,8.27529,0.0049091,1.78325,1.04392,0.000478484,0.165869,0.00058415,0.000854796,0.000233659,0.000590703,0.165869,0.222185,4.56504e-07,2.36813,0.23564
2035.2083,270.841,270.625,0.0595767,0.602681,0.0146163,9.68953e-05,0.00101165,0.000549064,-0.000914757,0.000564671,4.37377e-29,4.44479e-07,3.597e-05,2.03793e-16,-1.6584e-05,1.5613e-06,2.88802e-06,2.83462e-20,2.91331e-07,1.53361e-07,5.14155,90.1286,2.79447,0.400195,82.8104,0.227765,3.34203,0.00186566,0.227765,1.77646,0.0630774,8.80457,0.45467,0.00762626,8.27554,0.00569416,0.00512096,0.00542297,0.00365315,8.27554,0.00488622,1.78327,1.04392,0.000504213,0.165878,0.000569416,0.000853494,0.000227765,0.000592495,0.165878,0.878076,4.44479e-07,2.34708,0.229631
2035.2917,285.145,283.445,1.91948,0.218548,1.31722,0.00665676,0.00257918,0.00252212,0.00407759,0.000562125,1.35489e-26,4.74123e-07,2.86245e-05,1.72483e-16,2.9187e-05,2.50703e-05,3.40665e-06,2.41102e-20,2.74644e-06,1.79221e-06,5.13442,90.0953,2.79236,0.355673,82.8299,0.226279,3.34123,0.00186512,0.226279,1.77527,0.0630239,8.80266,0.452207,0.00660246,8.27717,0.005657,0.00511974,0.00538759,0.00365061,8.27717,0.00488235,1.78328,1.04395,0.000435853,0.165932,0.0005657,0.00085329,0.000226279,0.000592098,0.165932,1.77423,4.74123e-07,2.34205,0.228144
2035.3750,290.15,289.072,2.05447,0.190088,1.77503,0.0099143,0.00368725,0.00239571,0.00622705,0.000583971,2.72259e-26,5.43528e-07,3.97575e-06,1.7101e-16,5.17038e-05,5.2419e-05,5.88951e-07,2.3917e-20,3.07744e-06,3.75604e-06,5.22395,90.1436,2.81645,0.320706,82.829,0.238838,3.3562,0.00221874,0.238838,1.76998,0.0638461,8.80273,0.452252,0.00588386,8.27711,0.00597099,0.00514044,0.00568663,0.00363966,8.27711,0.00494049,1.78329,1.04396,0.000387245,0.165929,0.000597099,0.000856739,0.000238838,0.000590333,0.165929,2.4668,5.43528e-07,2.4075,0.241057
2035.4583,295.227,294.257,2.25185,0.196244,2.05452,0.00981975,0.0046576,0.00266308,0.00516215,0.000620927,2.51011e-26,6.3102e-07,1.15769e-05,1.7297e-16,7.03457e-05,5.35675e-05,1.72239e-06,2.42041e-20,3.61667e-06,3.84492e-06,5.36714,90.2404,2.85702,0.291066,82.8202,0.260079,3.38133,0.00277804,0.260079,1.76199,0.0651749,8.80264,0.45217,0.00528799,8.27639,0.006502,0.00517537,0.00619235,0.00362323,8.27639,0.00503522,1.78331,1.04394,0.000346809,0.165904,0.0006502,0.000862562,0.000260079,0.000587672,0.165904,2.76739,6.3102e-07,2.51012,0.262857
2035.5417,292.152,291.749,2.38749,0.187858,1.31094,0.00614725,0.00406987,0.00222272,0.00207739,0.000646139,1.30652e-26,6.99895e-07,8.99004e-06,1.75297e-16,6.44738e-05,3.07151e-05,1.66002e-06,2.4519e-20,3.05797e-06,2.20567e-06,5.45532,90.2897,2.8854,0.272357,82.808,0.27453,3.39942,0.0031457,0.27453,1.75403,0.0660705,8.80264,0.452692,0.00490989,8.27536,0.00686327,0.00520077,0.00653642,0.0036069,8.27536,0.00509893,1.78333,1.04396,0.000321731,0.16587,0.000686327,0.000866795,0.00027453,0.000585016,0.16587,1.85966,6.99895e-07,2.56992,0.277675
2035.6250,283.644,284.066,2.41304,0.203222,0.381378,0.00277908,0.00274356,0.00179675,3.55153e-05,0.000650971,4.17261e-27,7.09432e-07,1.71478e-06,1.74564e-16,5.21305e-05,1.12134e-05,4.72203e-07,2.4385e-20,2.43983e-06,8.17884e-07,5.46719,90.276,2.89212,0.26354,82.797,0.277238,3.40462,0.00320466,0.277238,1.74825,0.0662637,8.80279,0.453788,0.00472957,8.27441,0.00693098,0.00520839,0.00660091,0.00359509,8.27441,0.0051124,1.78334,1.044,0.000310367,0.165841,0.000693099,0.000868066,0.000277238,0.00058309,0.165841,0.784425,7.09432e-07,2.57508,0.280443
2035.7083,271.735,272.629,0.51732,0.160345,0.0231377,0.000222663,0.00130139,0.000632538,-0.00107873,0.000642182,6.28762e-29,6.80773e-07,7.50918e-08,1.78943e-16,2.03212e-05,1.91569e-06,2.29897e-08,2.4959e-20,8.40083e-07,1.85949e-07,5.43679,90.2411,2.88424,0.267501,82.79,0.272105,3.40104,0.00306419,0.272105,1.7468,0.0659962,8.80304,0.454857,0.00481204,8.27379,0.00680266,0.00520384,0.00647869,0.00359219,8.27379,0.0050936,1.78336,1.04405,0.000317208,0.165824,0.000680266,0.000867306,0.000272105,0.000582606,0.165824,0.448848,6.80773e-07,2.55255,0.275169
2035.7917,270.399,270.786,0,0.128683,0,0,0.00096638,0.000242261,-0.00096638,0.00063038,0,6.44515e-07,1.44717e-19,1.83544e-16,7.62308e-06,1.73032e-06,4.4281e-20,2.5572e-20,2.80498e-07,1.73033e-07,5.40167,90.2308,2.87302,0.28951,82.7882,0.265245,3.39537,0.00288534,0.265245,1.75136,0.0656268,8.80334,0.455229,0.00527069,8.27361,0.00663117,0.00519631,0.00631537,0.00360164,8.27361,0.00506802,1.78338,1.04406,0.000349481,0.16582,0.000663117,0.000866052,0.000265245,0.000584126,0.16582,0.176316,6.44515e-07,2.52865,0.268131
2035.8750,270.148,270.44,0,0.128646,0,0,0.000899924,0.000190606,-0.000899924,0.000618863,0,6.05567e-07,1.09021e-42,1.85854e-16,5.23715e-06,1.68668e-06,3.62936e-43,2.58689e-20,2.01583e-07,1.68669e-07,5.36955,90.2263,2.86198,0.312529,82.7877,0.258556,3.3897,0.00271689,0.258556,1.75646,0.0652643,8.80364,0.455457,0.00575218,8.27355,0.00646392,0.00518873,0.00615609,0.00361217,8.27355,0.0050429,1.78339,1.04407,0.000382953,0.16582,0.000646393,0.000864788,0.000258556,0.000585826,0.16582,0.220937,6.05567e-07,2.50758,0.261273
2035.9583,267.462,267.902,0,0.128646,0,0,0.000808317,9.18553e-05,-0.000808317,0.000607446,0,5.68547e-07,0,1.91318e-16,2.36732e-06,1.64345e-06,0,2.66065e-20,9.13895e-08,1.64346e-07,5.33853,90.2246,2.85093,0.336674,82.7875,0.251929,3.38394,0.00255572,0.251929,1.76183,0.0649031,8.80393,0.455618,0.00626066,8.27352,0.00629825,0.00518097,0.0059983,0.00362326,8.27352,0.00501784,1.78341,1.04407,0.000417846,0.16582,0.000629825,0.000863494,0.000251929,0.000587618,0.16582,0.207254,5.68547e-07,2.4876,0.254484
2036.0417,267.495,267.718,0,0.128646,0,0,0.000820447,5.45219e-05,-0.000820447,0.000596845,0,5.34222e-07,0,1.95927e-16,1.07522e-06,1.60334e-06,0,2.72291e-20,4.63173e-08,1.60334e-07,5.30935,90.2251,2.84058,0.360961,82.7876,0.245779,3.37848,0.00241117,0.245779,1.76716,0.0645658,8.8042,0.455703,0.00677659,8.27352,0.0061445,0.00517353,0.00585188,0.00363421,8.27352,0.00499442,1.78342,1.04407,0.00045256,0.16582,0.000614451,0.000862255,0.000245779,0.000589392,0.16582,0.169647,5.34222e-07,2.46877,0.24819
2036.1250,269.978,269.999,0,0.221393,0,0,0.000985213,0.000426955,-0.000985213,0.000586499,0,5.11658e-07,8.16748e-06,1.96049e-16,-1.44496e-05,1.56421e-06,4.13615e-07,2.72309e-20,1.9662e-07,1.56422e-07,5.27804,90.222,2.83039,0.38253,82.789,0.239782,3.37302,0.00227493,0.239782,1.77243,0.0642349,8.80443,0.455684,0.00723245,8.27363,0.00599457,0.00516606,0.00570909,0.00364504,8.27363,0.00497142,1.78344,1.04407,0.000482932,0.165824,0.000599458,0.00086101,0.000239782,0.000591151,0.165824,0.608359,5.11658e-07,2.44765,0.242057
2036.2083,275.513,274.779,0.992915,0.440627,0.301027,0.00194541,0.00148807,0.00174798,0.000457335,0.000576371,1.68103e-27,5.20215e-07,6.14074e-05,1.80663e-16,5.69268e-06,4.54239e-06,5.56457e-06,2.51595e-20,1.68721e-06,3.57137e-07,5.24276,90.1889,2.8204,0.364391,82.8067,0.233912,3.36765,0.00214799,0.233912,1.775,0.0639124,8.8034,0.453931,0.00679581,8.27511,0.00584784,0.00515865,0.00556934,0.00365029,8.27511,0.00494895,1.78345,1.04409,0.000450979,0.165873,0.000584784,0.000859775,0.000233912,0.000592007,0.165873,1.12679,5.20215e-07,2.42237,0.23606
2036.2917,284.851,283.86,1.99182,0.231703,1.09058,0.00685846,0.00271197,0.00246242,0.00414649,0.000575034,1.40165e-26,5.44208e-07,1.21696e-05,1.6232e-16,5.12591e-05,2.68737e-05,1.58274e-06,2.2683e-20,3.09629e-06,1.93426e-06,5.2504,90.156,2.82087,0.322911,82.8124,0.233064,3.36936,0.00218843,0.233064,1.77033,0.0639642,8.80224,0.453138,0.00591755,8.27558,0.00582663,0.00516102,0.00554914,0.00364063,8.27558,0.00495251,1.78347,1.04414,0.000392065,0.165889,0.000582664,0.000860171,0.000233064,0.00059045,0.165889,1.78367,5.44208e-07,2.42953,0.235252
2036.3750,292.182,290.985,2.09201,0.149892,2.13133,0.00981486,0.0038073,0.00201643,0.00600757,0.000592449,2.46937e-26,6.15752e-07,1.78691e-06,1.68888e-16,5.17374e-05,4.86429e-05,2.92116e-07,2.3605e-20,2.66115e-06,3.50316e-06,5.35195,90.2154,2.84398,0.2939,82.8056,0.242902,3.3866,0.00257491,0.242902,1.76392,0.0647927,8.80222,0.453459,0.0053324,8.27501,0.00607259,0.00518499,0.00578339,0.00362743,8.27501,0.00501165,1.78348,1.04416,0.000352446,0.165871,0.000607259,0.000864164,0.000242902,0.000588314,0.165871,2.57841,6.15752e-07,2.50797,0.245477
2036.4583,293.571,292.805,2.22535,0.197253,1.67601,0.00918419,0.00432033,0.00235921,0.00486386,0.000617805,2.22544e-26,6.85909e-07,1.50001e-05,1.72963e-16,6.20935e-05,4.71992e-05,2.18319e-06,2.41673e-20,3.16886e-06,3.40458e-06,5.48339,90.3206,2.87693,0.279515,82.7985,0.257248,3.41077,0.00309302,0.257248,1.75914,0.0658946,8.80234,0.453375,0.00504302,8.27441,0.00643122,0.00521873,0.00612494,0.00361763,8.27441,0.0050906,1.7835,1.04413,0.000332329,0.165852,0.000643123,0.000869789,0.000257248,0.00058672,0.165852,2.43386,6.85909e-07,2.60646,0.260341
2036.5417,291.584,291.231,2.32628,0.187598,1.2544,0.00637281,0.00404643,0.00212239,0.00232638,0.000636944,1.33961e-26,7.41284e-07,8.32357e-06,1.73607e-16,6.25381e-05,3.06098e-05,1.54687e-06,2.42487e-20,2.89848e-06,2.21059e-06,5.57405,90.3741,2.90275,0.262546,82.7862,0.268029,3.43032,0.00347613,0.268029,1.75135,0.06671,8.80222,0.453864,0.00469977,8.27335,0.00670075,0.00524627,0.00638164,0.00360169,8.27335,0.00514902,1.78351,1.04415,0.000309643,0.165819,0.000670076,0.000874379,0.000268029,0.000584122,0.165819,1.89202,7.41284e-07,2.6713,0.271505
2036.6250,285.012,285.321,2.34668,0.248964,0.508251,0.00305672,0.00297893,0.00220374,7.77962e-05,0.00064099,4.70512e-27,7.57452e-07,2.2475e-05,1.65136e-16,7.07734e-05,1.20542e-05,4.19725e-06,2.30607e-20,3.06623e-06,8.827e-07,5.59245,90.3585,2.91055,0.250175,82.7722,0.2702,3.43763,0.00356406,0.2702,1.74373,0.0669329,8.80179,0.454702,0.00444662,8.27213,0.00675502,0.00525694,0.00643332,0.00358616,8.27213,0.00516485,1.78353,1.0442,0.000293772,0.165782,0.000675503,0.000876157,0.0002702,0.000581585,0.165782,1.00271,7.57452e-07,2.6819,0.273764
2036.7083,273.085,274.028,0.938895,0.285781,0.078317,0.000513917,0.00158899,0.00110121,-0.00107507,0.000632608,3.18888e-28,7.32726e-07,2.181e-06,1.67191e-16,3.62255e-05,2.42086e-06,5.47088e-07,2.33125e-20,1.51008e-06,2.16811e-07,5.56092,90.3083,2.90338,0.247281,82.7607,0.26529,3.43468,0.00341777,0.26529,1.7394,0.0666866,8.80178,0.456033,0.00438554,8.2711,0.00663228,0.00525339,0.00631643,0.00357735,8.2711,0.0051475,1.78355,1.04427,0.000291361,0.165754,0.000663229,0.000875565,0.00026529,0.000580139,0.165754,0.580814,7.32726e-07,2.65754,0.268708
2036.7917,268.017,268.483,0,0.239184,0,0,0.00100191,8.49469e-05,-0.00100191,0.000621163,0,6.99043e-07,5.21818e-21,1.83103e-16,3.97122e-06,1.68725e-06,1.38182e-21,2.55036e-20,1.12641e-07,1.68725e-07,5.52375,90.2927,2.89238,0.268159,82.7576,0.258643,3.42901,0.00321961,0.258643,1.74315,0.0663251,8.80203,0.456486,0.00482396,8.27081,0.0064661,0.005246,0.00615816,0.00358518,8.27081,0.00512242,1.78356,1.04428,0.000321636,0.165747,0.000646611,0.000874333,0.000258643,0.00058139,0.165747,0.346956,6.99043e-07,2.63137,0.261862
2036.8750,264.656,265.158,0,0.236255,0,0,0.0007537,3.19377e-05,-0.0007537,0.000609922,0,6.56467e-07,0,1.93791e-16,1.33799e-06,1.6447e-06,0,2.69723e-20,3.8059e-08,1.6447e-07,5.49152,90.2923,2.88145,0.294883,82.7571,0.25212,3.42328,0.00303164,0.25212,1.74875,0.0659678,8.80232,0.456603,0.00538949,8.27076,0.00630302,0.00523846,0.00600285,0.00359679,8.27076,0.00509762,1.78358,1.04428,0.000359548,0.165746,0.000630303,0.000873076,0.00025212,0.000583257,0.165746,0.149703,6.56467e-07,2.61006,0.255151
2036.9583,266.861,267.017,0,0.236255,0,0,0.000854779,8.45909e-06,-0.000854779,0.000598778,0,6.14258e-07,0,2.01297e-16,4.49069e-07,1.60254e-06,0,2.79989e-20,1.12379e-08,1.60255e-07,5.46029,90.294,2.87053,0.322208,82.757,0.245658,3.41747,0.0028518,0.245658,1.75453,0.0656116,8.80261,0.456669,0.0059705,8.27075,0.00614147,0.00523073,0.00584899,0.00360873,8.27075,0.00507288,1.78359,1.04428,0.00039811,0.165746,0.000614148,0.000871789,0.000245658,0.000585184,0.165746,0.195704,6.14258e-07,2.58976,0.248509
2037.0417,266.993,267.147,0,0.236255,0,0,0.000873664,8.22866e-06,-0.000873664,0.00058843,0,5.76285e-07,0,2.02312e-16,3.98209e-07,1.56343e-06,0,2.81232e-20,1.00847e-08,1.56343e-07,5.42875,90.2934,2.86029,0.347759,82.7569,0.239661,3.41195,0.00269051,0.239661,1.76004,0.065279,8.80287,0.456721,0.00651509,8.27074,0.00599155,0.00522333,0.00570621,0.0036201,8.27074,0.00504976,1.78361,1.04428,0.000434189,0.165745,0.000599156,0.000870555,0.000239661,0.00058702,0.165745,0.167709,5.76285e-07,2.56845,0.242351
2037.1250,269.333,269.325,0,0.270458,0,0,0.000997433,0.000111343,-0.000997433,0.000578332,0,5.45556e-07,1.12736e-06,2.03787e-16,-4.90072e-06,1.52528e-06,3.83141e-08,2.83126e-20,4.49929e-08,1.52528e-07,5.39594,90.2908,2.85021,0.372308,82.757,0.233813,3.40644,0.00253848,0.233813,1.76553,0.0649525,8.80312,0.456744,0.00703883,8.27075,0.00584536,0.00521588,0.00556697,0.0036314,8.27075,0.00502704,1.78362,1.04428,0.000468822,0.165746,0.000584536,0.000869313,0.000233813,0.000588849,0.165746,0.348809,5.45556e-07,2.54573,0.236351
2037.2083,275.06,274.479,0.785866,0.583743,0.215016,0.00147149,0.00142338,0.00192516,4.81022e-05,0.000568345,1.27752e-27,5.35218e-07,8.99007e-05,1.84613e-16,-1.24604e-05,3.70256e-06,8.1084e-06,2.57213e-20,1.51667e-06,2.99169e-07,5.35842,90.2599,2.8402,0.359336,82.7735,0.228032,3.40093,0.00239433,0.228032,1.76865,0.0646292,8.80195,0.454837,0.00672205,8.27213,0.00570084,0.00520837,0.00542934,0.00363783,8.27213,0.0050045,1.78364,1.0443,0.000444915,0.165791,0.000570084,0.000868062,0.000228032,0.000589891,0.165791,0.909947,5.35218e-07,2.51822,0.230426
2037.2917,285.362,283.978,1.95432,0.26121,1.24712,0.00716004,0.0028587,0.00260848,0.00430134,0.000568383,1.53669e-26,5.55751e-07,2.00797e-05,1.55173e-16,5.67699e-05,2.84896e-05,2.84473e-06,2.17271e-20,3.25234e-06,2.05213e-06,5.36728,90.222,2.84247,0.307764,82.7838,0.227963,3.40397,0.00245171,0.227963,1.76316,0.0646986,8.80014,0.453224,0.00561753,8.27297,0.0056991,0.00521268,0.00542768,0.0036265,8.27297,0.00500939,1.78365,1.04435,0.00037178,0.165821,0.00056991,0.000868779,0.000227963,0.000588061,0.165821,1.74765,5.55751e-07,2.52481,0.230414
2037.3750,294.052,292.437,2.064,0.156446,2.19025,0.00983501,0.00412309,0.00214536,0.00571192,0.000589503,2.464e-26,6.25497e-07,5.92646e-07,1.61218e-16,5.8056e-05,4.76161e-05,9.77583e-08,2.25668e-20,2.83952e-06,3.43537e-06,5.47398,90.2863,2.87091,0.280004,82.7759,0.239873,3.42545,0.00291915,0.239873,1.75644,0.0655817,8.80014,0.453618,0.00505324,8.27227,0.00599686,0.00524261,0.00571126,0.00361268,8.27227,0.00507258,1.78367,1.04436,0.000334163,0.1658,0.000599686,0.000873769,0.000239873,0.00058582,0.1658,2.73332,6.25497e-07,2.60307,0.242792
2037.4583,294.852,294.067,2.19676,0.156608,1.91381,0.00889795,0.004358,0.00192644,0.00453996,0.000614879,2.12211e-26,7.09506e-07,1.42526e-06,1.69183e-16,5.21014e-05,4.43866e-05,2.52715e-07,2.36592e-20,2.55361e-06,3.20355e-06,5.59128,90.3761,2.90495,0.266358,82.7672,0.254183,3.45108,0.00345124,0.254183,1.75124,0.066597,8.80037,0.453878,0.0047766,8.27151,0.0063546,0.00527852,0.00605197,0.00360207,8.27151,0.0051454,1.78368,1.04434,0.000315323,0.165778,0.00063546,0.000879753,0.000254183,0.000584088,0.165778,2.56475,7.09506e-07,2.68633,0.257634
2037.5417,291.029,290.759,2.28829,0.213976,1.11112,0.00594179,0.00390157,0.00223238,0.00204022,0.000632358,1.24263e-26,7.56436e-07,3.23782e-05,1.65093e-16,6.70791e-05,2.79989e-05,4.31821e-06,2.30868e-20,3.01928e-06,2.02325e-06,5.66774,90.4261,2.92959,0.255629,82.7573,0.263981,3.47037,0.00380859,0.263981,1.74544,0.0672962,8.80012,0.454024,0.00455979,8.27065,0.00659956,0.00530583,0.00628526,0.00359025,8.27065,0.00519547,1.7837,1.04435,0.000300712,0.165752,0.000659956,0.000884305,0.000263981,0.000582151,0.165752,1.67882,7.56436e-07,2.73815,0.26779
2037.6250,283.997,284.3,2.30664,0.189397,0.51675,0.0029833,0.00287531,0.00178177,0.000107993,0.000636055,4.68528e-27,7.57834e-07,1.92763e-06,1.62019e-16,5.65811e-05,1.17772e-05,4.33084e-07,2.26411e-20,2.41798e-06,8.62739e-07,5.68296,90.4095,2.93732,0.244512,82.7435,0.265938,3.47786,0.00388285,0.265938,1.73855,0.067482,8.7998,0.454989,0.00432912,8.26942,0.00664848,0.00531688,0.00633186,0.00357625,8.26942,0.00520866,1.78371,1.0444,0.00028679,0.165718,0.000664849,0.000886146,0.000265938,0.000579857,0.165718,0.751603,7.57834e-07,2.74565,0.269821
2037.7083,277.906,278.454,1.99563,0.271727,0.0960307,0.000803328,0.00204919,0.00150903,-0.00124587,0.000628291,3.62986e-28,7.28816e-07,4.5906e-06,1.60329e-16,4.75447e-05,2.47625e-06,1.14171e-06,2.23642e-20,2.03269e-06,2.19517e-07,5.65009,90.3603,2.93086,0.241698,82.7336,0.261381,3.47538,0.0037299,0.261381,1.73485,0.0672506,8.79996,0.456355,0.00426846,8.26852,0.00653456,0.00531409,0.00622336,0.0035688,8.26852,0.00519234,1.78373,1.04446,0.000284182,0.165694,0.000653457,0.000885682,0.000261381,0.000578624,0.165694,0.516197,7.28816e-07,2.71923,0.265111
2037.7917,265.182,266.158,0,0.138649,0,0,0.000976653,0.000113111,-0.000976653,0.000617019,0,6.89871e-07,8.83313e-12,1.76886e-16,5.40935e-06,1.66244e-06,2.34407e-12,2.46399e-20,1.58099e-07,1.66244e-07,5.61092,90.3323,2.91992,0.255861,82.7287,0.254839,3.46966,0.00351382,0.254839,1.73683,0.0668922,8.80019,0.457103,0.00456378,8.26805,0.00637102,0.00530674,0.0060676,0.003573,8.26805,0.00516744,1.78374,1.04449,0.000305407,0.165682,0.000637102,0.000884456,0.000254839,0.000579282,0.165682,0.241858,6.89871e-07,2.691,0.258353
2037.8750,257.231,258.275,0,0.108475,0,0,0.000658134,7.60505e-06,-0.000658134,0.000605935,0,6.45871e-07,0,1.97016e-16,4.90076e-07,1.62051e-06,0,2.74245e-20,1.16821e-08,1.62052e-07,5.57849,90.3321,2.90904,0.282871,82.7282,0.248412,3.46387,0.00330868,0.248412,1.74255,0.0665376,8.80047,0.457204,0.00513608,8.26801,0.00621034,0.0052992,0.00591457,0.00358487,8.26801,0.00514281,1.78376,1.04449,0.000343522,0.165681,0.000621034,0.000883201,0.000248412,0.000581188,0.165681,0.161049,6.45871e-07,2.66945,0.251721
2037.9583,263.096,263.334,0,0.108474,0,0,0.000820229,7.80316e-07,-0.000820229,0.000594947,0,6.09316e-07,0,2.11329e-16,6.92767e-08,1.57898e-06,0,2.93987e-20,1.45127e-09,1.57898e-07,5.5463,90.3331,2.89816,0.310223,82.7282,0.242045,3.45799,0.00311241,0.242045,1.74842,0.066184,8.80076,0.457252,0.00571784,8.268,0.00605116,0.00529148,0.00576298,0.00359705,8.268,0.00511822,1.78378,1.04449,0.000381992,0.165681,0.000605116,0.000881914,0.000242045,0.000583147,0.165681,0.257129,6.09316e-07,2.64814,0.245158
2038.0417,265.512,265.643,0,0.108474,0,0,0.000846154,6.00794e-07,-0.000846154,0.000584743,0,5.74931e-07,0,2.15073e-16,5.23226e-08,1.54043e-06,0,2.99021e-20,1.10141e-09,1.54044e-07,5.51447,90.3323,2.88796,0.335663,82.7281,0.236137,3.4524,0.00293637,0.236137,1.75401,0.0658538,8.80102,0.457293,0.00625996,8.268,0.00590345,0.00528408,0.0056223,0.0036086,8.268,0.00509525,1.78379,1.04449,0.000417833,0.165681,0.000590345,0.000880679,0.000236137,0.000585009,0.165681,0.348601,5.74931e-07,2.62651,0.239073
2038.1250,267.771,267.788,0,0.111251,0,0,0.000977157,8.53501e-06,-0.000977157,0.000574785,0,5.51855e-07,1.04018e-13,2.15574e-16,-3.92471e-07,1.50285e-06,2.50067e-14,2.99552e-20,3.12915e-09,1.50285e-07,5.4814,90.3296,2.87792,0.360505,82.7281,0.230375,3.44683,0.00277045,0.230375,1.75958,0.0655296,8.80126,0.457322,0.00679034,8.268,0.0057594,0.00527662,0.00548511,0.00362011,8.268,0.00507267,1.78381,1.04449,0.000452898,0.165681,0.00057594,0.000879436,0.000230375,0.000586867,0.165681,0.527653,5.51855e-07,2.60348,0.233145
2038.2083,274.478,273.558,0.649302,0.334291,0.278305,0.00141064,0.00142074,0.00136036,-1.00996e-05,0.000564988,1.57823e-27,5.45463e-07,4.33839e-05,2.05576e-16,-2.66783e-05,4.16297e-06,4.04823e-06,2.85941e-20,7.77207e-07,3.29532e-07,5.44497,90.3138,2.86799,0.367346,82.737,0.224709,3.44127,0.00261329,0.224709,1.76449,0.065209,8.80086,0.456354,0.00691744,8.26875,0.00561775,0.00526913,0.00535021,0.00363022,8.26875,0.00505029,1.78382,1.04449,0.000459482,0.165706,0.000561776,0.000878189,0.000224709,0.000588502,0.165706,0.941506,5.45463e-07,2.57699,0.227322
2038.2917,285.854,284.078,1.93805,0.161966,1.30125,0.00699698,0.00288278,0.00192913,0.00411419,0.000567683,1.56914e-26,5.67244e-07,1.11567e-06,1.72483e-16,3.26751e-05,2.88932e-05,1.90678e-07,2.40486e-20,2.18761e-06,2.07443e-06,5.45272,90.2889,2.87273,0.316765,82.7571,0.226187,3.44551,0.00268656,0.226187,1.76237,0.0653057,8.80006,0.454933,0.00580089,8.2704,0.0056547,0.00527518,0.0053854,0.00362586,8.2704,0.00505697,1.78383,1.04452,0.00038463,0.165762,0.000565471,0.000879197,0.000226187,0.000587796,0.165762,1.66734,5.67244e-07,2.57998,0.228873
2038.3750,296.281,293.57,2.03752,0.104015,1.53882,0.00636025,0.00356515,0.00142775,0.0027951,0.000586765,1.44942e-26,6.15418e-07,1.15473e-09,1.70068e-16,2.99241e-05,2.82351e-05,2.63637e-10,2.37052e-20,1.72359e-06,2.02926e-06,5.52148,90.3386,2.89697,0.300559,82.7561,0.237008,3.46294,0.00304935,0.237008,1.76049,0.0659535,8.80031,0.454977,0.00547003,8.27029,0.00592523,0.00529959,0.00564304,0.00362203,8.27029,0.00510293,1.78385,1.04451,0.000362036,0.165761,0.000592523,0.000883265,0.000237008,0.000587169,0.165761,1.79606,6.15418e-07,2.62451,0.240057
2038.4583,295.626,294.472,2.10488,0.129238,1.4387,0.00620745,0.00370848,0.00159031,0.00249897,0.000599676,1.45524e-26,6.55363e-07,1.16156e-08,1.7589e-16,3.25425e-05,2.9543e-05,2.91739e-09,2.45093e-20,1.95718e-06,2.11736e-06,5.55729,90.3619,2.91413,0.29111,82.7546,0.244296,3.47577,0.00328853,0.244296,1.75894,0.066394,8.80055,0.455114,0.00528176,8.27014,0.00610744,0.00531774,0.00581658,0.0036189,8.27014,0.00513392,1.78386,1.04451,0.000348192,0.165758,0.000610744,0.000886289,0.000244296,0.000586652,0.165758,1.92898,6.55363e-07,2.64316,0.247585
2038.5417,292.275,291.897,2.16515,0.187914,1.06616,0.00530898,0.00371173,0.00215872,0.00159726,0.000611216,1.1798e-26,6.94097e-07,9.29546e-06,1.735e-16,5.47328e-05,2.5147e-05,1.57601e-06,2.41773e-20,2.81267e-06,1.80947e-06,5.5888,90.3692,2.92986,0.276176,82.7498,0.250791,3.48777,0.00349428,0.250791,1.75436,0.0667901,8.80062,0.455496,0.00498467,8.26974,0.00626981,0.00533484,0.00597122,0.00360958,8.26974,0.00516176,1.78388,1.04453,0.000327333,0.165745,0.000626981,0.000889141,0.000250791,0.000585127,0.165745,1.73478,6.94097e-07,2.65894,0.254285
2038.6250,284.132,284.482,2.19521,0.138103,0.505094,0.002905,0.00271133,0.00136555,0.000193677,0.000617051,5.14288e-27,6.99014e-07,3.05291e-08,1.75031e-16,3.66378e-05,1.2093e-05,9.95783e-09,2.43707e-20,1.76533e-06,8.79233e-07,5.60462,90.3621,2.93894,0.265504,82.742,0.254021,3.49537,0.00359007,0.254021,1.74994,0.0669968,8.80075,0.456332,0.00476703,8.26905,0.00635057,0.00534591,0.00604813,0.00360059,8.26905,0.00517624,1.78389,1.04456,0.000313454,0.165725,0.000635057,0.000890985,0.000254021,0.000583651,0.165725,0.66762,6.99014e-07,2.66568,0.257611
2038.7083,278.085,278.828,1.82025,0.119283,0.127779,0.000759278,0.00186841,0.000886273,-0.00110913,0.000610383,3.33689e-28,6.64884e-07,8.03419e-14,1.7773e-16,2.00598e-05,2.30289e-06,2.3831e-14,2.47165e-20,1.07476e-06,2.04028e-07,5.57494,90.3335,2.93326,0.269214,82.739,0.250113,3.49305,0.00345856,0.250113,1.75038,0.0667866,8.80103,0.457032,0.00484142,8.26877,0.00625286,0.00534324,0.00595508,0.00360162,8.26877,0.00516129,1.78391,1.04459,0.000319105,0.165718,0.000625287,0.000890539,0.000250113,0.000583798,0.165718,0.236445,6.64884e-07,2.64168,0.253572
2038.7917,264.676,266.132,0.00739355,0.077144,0.0002037,1.46848e-06,0.000860672,0.00013647,-0.000859204,0.000599612,0,6.24206e-07,5.36648e-15,1.84183e-16,4.67795e-06,1.59089e-06,1.71103e-15,2.55885e-20,1.69243e-07,1.59089e-07,5.53712,90.3121,2.92261,0.283262,82.738,0.243871,3.48731,0.00325864,0.243871,1.75371,0.0664403,8.8013,0.457454,0.00513556,8.26866,0.0060968,0.00533575,0.00580645,0.00360857,8.26866,0.00513718,1.78392,1.04461,0.000339671,0.165716,0.00060968,0.000889292,0.000243871,0.000584908,0.165716,0.136658,6.24206e-07,2.61451,0.247129
2038.8750,263.848,264.544,0,0.0664177,0,0,0.000757201,1.64319e-05,-0.000757201,0.000588989,0,5.81372e-07,0,1.91309e-16,8.78768e-07,1.55076e-06,0,2.656e-20,2.22948e-08,1.55077e-07,5.50752,90.3135,2.91199,0.308879,82.7376,0.23772,3.48149,0.00306839,0.23772,1.75944,0.0660968,8.80157,0.457552,0.00568139,8.26862,0.00594303,0.00532808,0.00566,0.00362043,8.26862,0.00511329,1.78394,1.04461,0.0003761,0.165716,0.000594304,0.000888013,0.00023772,0.000586818,0.165716,0.143126,5.81372e-07,2.59553,0.240788
2038.9583,267.611,267.943,0,0.0664176,0,0,0.000781701,1.13549e-05,-0.000781701,0.000578459,0,5.44047e-07,0,1.93553e-16,6.16275e-07,1.51102e-06,0,2.68544e-20,1.52141e-08,1.51102e-07,5.47616,90.3138,2.90135,0.334877,82.7375,0.231627,3.47558,0.00288637,0.231627,1.76533,0.0657544,8.80184,0.457613,0.00623741,8.2686,0.00579071,0.00532021,0.00551493,0.00363261,8.2686,0.00508943,1.78395,1.04461,0.000412962,0.165715,0.000579071,0.000886702,0.000231627,0.000588782,0.165715,0.124637,5.44047e-07,2.57481,0.234513
2039.0417,266.099,266.582,0,0.0664189,0,0,0.000730955,1.07795e-05,-0.000730955,0.000568679,0,5.10326e-07,0,1.94382e-16,5.48266e-07,1.47413e-06,0,2.69531e-20,1.36396e-08,1.47414e-07,5.44737,90.3147,2.89139,0.359039,82.7374,0.225973,3.46997,0.00272312,0.225973,1.77093,0.0654345,8.80209,0.457668,0.00675512,8.26859,0.00564935,0.00531268,0.00538031,0.00364416,8.26859,0.00506713,1.78397,1.04461,0.000447287,0.165715,0.000564936,0.000885446,0.000225973,0.000590648,0.165715,0.138101,5.10326e-07,2.55599,0.228696
2039.1250,265.906,266.118,0,0.082977,0,0,0.000795276,6.09557e-05,-0.000795276,0.000559135,0,4.81006e-07,4.87773e-08,1.97518e-16,-2.30042e-06,1.43816e-06,3.91945e-09,2.73718e-20,2.97849e-08,1.43817e-07,5.41989,90.3163,2.88157,0.382522,82.7373,0.220459,3.46436,0.00256925,0.220459,1.77652,0.0651204,8.80234,0.457714,0.00725904,8.26859,0.00551151,0.00530509,0.00524902,0.00365567,8.26859,0.00504522,1.78398,1.04461,0.00048067,0.165715,0.000551151,0.000884182,0.000220459,0.00059251,0.165715,0.296044,4.81006e-07,2.53832,0.223028
2039.2083,271.068,270.99,0,0.629837,0,0,0.00102414,0.000612465,-0.00102414,0.000549503,0,4.69997e-07,2.45228e-05,1.96689e-16,-1.88511e-05,1.40189e-06,1.9325e-06,2.72583e-20,3.0966e-07,1.40189e-07,5.38547,90.3036,2.87156,0.391071,82.7454,0.214898,3.45858,0.00241921,0.214898,1.78171,0.0648014,8.80243,0.457277,0.00742358,8.26926,0.00537248,0.0052972,0.00511662,0.00366635,8.26926,0.00502295,1.784,1.04462,0.000489148,0.165737,0.000537248,0.000882867,0.000214898,0.000594242,0.165737,0.716751,4.69997e-07,2.51391,0.217317
2039.2917,285.526,284.032,1.87015,0.243201,1.24975,0.00694583,0.00302796,0.00285999,0.00391787,0.000556716,1.71727e-26,4.92841e-07,4.1435e-05,1.64705e-16,3.23413e-05,3.0454e-05,4.74739e-06,2.29381e-20,3.03504e-06,2.16381e-06,5.378,90.2662,2.87755,0.343047,82.7649,0.219146,3.46083,0.00246012,0.219146,1.78024,0.064826,8.80055,0.454826,0.00634891,8.27089,0.00547869,0.00530041,0.00521777,0.00366329,8.27089,0.00502442,1.78401,1.04464,0.000418271,0.165792,0.000547869,0.000883401,0.000219146,0.000593753,0.165792,1.85384,4.92841e-07,2.50045,0.221606
2039.3750,293.773,292.524,2.1679,0.191514,2.2123,0.0108881,0.0048687,0.0026769,0.00601939,0.000611523,3.04578e-26,5.76054e-07,8.80754e-06,1.6609e-16,6.41286e-05,6.23899e-05,1.24963e-06,2.31547e-20,3.48584e-06,4.45355e-06,5.46829,90.3054,2.929,0.302041,82.7621,0.251046,3.48624,0.00301764,0.251046,1.77304,0.0659048,8.80047,0.454757,0.00550864,8.27065,0.00627619,0.00533579,0.0059773,0.00364847,8.27065,0.00510045,1.78402,1.04465,0.000362366,0.165784,0.00062762,0.000889299,0.000251047,0.000591352,0.165784,2.94883,5.76054e-07,2.53929,0.254064
2039.4583,294.321,293.451,2.51941,0.146171,1.82758,0.00892305,0.0046434,0.00175491,0.00427964,0.000675859,2.13429e-26,6.66101e-07,2.40253e-06,1.7523e-16,4.13998e-05,5.18878e-05,4.01939e-07,2.44291e-20,2.25091e-06,3.70637e-06,5.59638,90.4032,2.99001,0.284507,82.7548,0.288441,3.51692,0.00365841,0.288441,1.76752,0.0673499,8.8006,0.454421,0.00515332,8.27004,0.00721105,0.00537874,0.00686764,0.00363719,8.27004,0.00520294,1.78404,1.0446,0.000338243,0.165764,0.000721105,0.000896457,0.000288441,0.000589511,0.165764,2.33802,6.66101e-07,2.60637,0.292099
2039.5417,290.883,290.695,2.72739,0.200676,1.21156,0.00664874,0.00430589,0.00221695,0.00234285,0.000713288,1.35498e-26,7.16429e-07,8.34011e-06,1.73693e-16,5.84481e-05,3.67463e-05,1.62563e-06,2.42109e-20,2.92967e-06,2.63251e-06,5.6702,90.4534,3.02587,0.273545,82.7478,0.310176,3.53528,0.00398542,0.310176,1.76187,0.0682447,8.80071,0.454467,0.00493393,8.26944,0.00775444,0.00540481,0.00738515,0.00362571,8.26944,0.0052662,1.78406,1.04459,0.000322805,0.165745,0.000775444,0.000900802,0.000310176,0.000587628,0.165745,1.89465,7.16429e-07,2.64433,0.314162
2039.6250,285.735,285.746,2.79548,0.213601,0.58208,0.00343458,0.00334918,0.00203995,8.54005e-05,0.000725485,5.05061e-27,7.27226e-07,7.24538e-06,1.68968e-16,5.73422e-05,1.54351e-05,1.72831e-06,2.35382e-20,2.70285e-06,1.11806e-06,5.68627,90.4432,3.03796,0.263753,82.7377,0.317234,3.54181,0.00403025,0.317234,1.75545,0.0685174,8.80071,0.455272,0.00473327,8.26857,0.00793088,0.00541458,0.00755319,0.00361266,8.26857,0.00528525,1.78407,1.04463,0.000310149,0.165719,0.000793088,0.00090243,0.000317234,0.000585488,0.165719,0.980564,7.27226e-07,2.64831,0.321264
2039.7083,275.944,276.716,1.66135,0.373095,0.0911324,0.000699796,0.00189799,0.00138647,-0.0011982,0.000719211,2.90343e-28,7.07354e-07,9.51858e-06,1.65778e-16,4.08567e-05,2.8141e-06,1.92151e-06,2.30699e-20,1.83333e-06,2.54506e-07,5.65652,90.3973,3.03253,0.260669,82.729,0.313559,3.53952,0.00387534,0.313559,1.75119,0.068301,8.80074,0.45638,0.00466722,8.26779,0.007839,0.0054121,0.00746568,0.00360406,8.26779,0.00527007,1.78409,1.04469,0.00030746,0.165697,0.0007839,0.000902017,0.000313559,0.000584069,0.165697,0.493924,7.07354e-07,2.62399,0.317434
2039.7917,269.684,270.05,0,0.558171,0,0,0.00099596,0.000213424,-0.00099596,0.000705706,0,6.69406e-07,5.42444e-14,1.76816e-16,7.23907e-06,1.99415e-06,1.43258e-14,2.458e-20,2.51367e-07,1.99415e-07,5.61863,90.378,3.02014,0.280049,82.7253,0.305689,3.53365,0.00364974,0.305689,1.75399,0.0678898,8.80096,0.45694,0.00506891,8.26744,0.00764225,0.00540458,0.0072783,0.00360996,8.26744,0.00524169,1.78411,1.04472,0.000336258,0.165688,0.000764225,0.000900763,0.000305689,0.000585002,0.165688,0.168167,6.69406e-07,2.59849,0.309338
2039.8750,270.231,270.416,0,0.558168,0,0,0.000990267,0.000193708,-0.000990267,0.000692468,0,6.25663e-07,8.17412e-34,1.80384e-16,4.37475e-06,1.94386e-06,2.37939e-34,2.50522e-20,1.8728e-07,1.94386e-07,5.58537,90.3769,3.0079,0.30716,82.725,0.297979,3.52774,0.00343666,0.297979,1.75937,0.067485,8.80129,0.457149,0.00563459,8.2674,0.0074495,0.00539693,0.00709473,0.00362115,8.2674,0.00521374,1.78413,1.04472,0.000375176,0.165688,0.000744951,0.000899488,0.000297979,0.000586794,0.165688,0.169043,6.25663e-07,2.57747,0.301415
2039.9583,268.065,268.309,0,0.558168,0,0,0.000892793,0.000129741,-0.000892793,0.000679346,0,5.84675e-07,0,1.85813e-16,1.73805e-06,1.89403e-06,0,2.57837e-20,1.05982e-07,1.89404e-07,5.55236,90.3767,2.99566,0.333855,82.7255,0.290341,3.52176,0.0032328,0.290341,1.76493,0.0670818,8.80162,0.457288,0.0061923,8.26743,0.00725857,0.00538909,0.00691289,0.00363269,8.26743,0.00518587,1.78415,1.04473,0.000413399,0.165691,0.000725857,0.000898182,0.000290341,0.000588649,0.165691,0.159722,5.84675e-07,2.55669,0.293574
2040.0417,267.797,267.969,0,0.558168,0,0,0.000889891,9.66652e-05,-0.000889891,0.000667161,0,5.4948e-07,0,1.90167e-16,4.2008e-07,1.8478e-06,0,2.63691e-20,6.35092e-08,1.8478e-07,5.52065,90.3773,2.98421,0.359957,82.7263,0.283254,3.51607,0.00304996,0.283254,1.77039,0.0667056,8.80193,0.457354,0.00674128,8.26748,0.00708138,0.00538157,0.00674414,0.003644,8.26748,0.00515985,1.78417,1.04473,0.000450446,0.165693,0.000708138,0.000896928,0.000283254,0.000590469,0.165693,0.186228,5.4948e-07,2.53645,0.286304
2040.1250,270.029,270.037,0,0.565035,0,0,0.00110651,0.000106053,-0.00110651,0.000655272,0,5.25409e-07,2.05353e-27,1.91996e-16,-4.88277e-07,1.80271e-06,1.04787e-28,2.66056e-20,5.58844e-08,1.80271e-07,5.48659,90.3751,2.97293,0.385238,82.7273,0.276342,3.51039,0.00287762,0.276342,1.77588,0.0663366,8.80221,0.457376,0.00727349,8.26757,0.00690859,0.00537399,0.00657958,0.00365534,8.26757,0.0051343,1.78419,1.04473,0.000486363,0.165696,0.000690859,0.000895666,0.000276342,0.000592298,0.165696,0.448287,5.25409e-07,2.51366,0.27922
2040.2083,271.946,271.952,0,0.701924,0,0,0.00110999,0.000343108,-0.00110999,0.000643274,0,5.11913e-07,2.40417e-09,1.91264e-16,-9.82956e-06,1.75724e-06,6.50394e-11,2.65052e-20,1.75912e-07,1.75724e-07,5.4488,90.365,2.96146,0.401458,82.7335,0.269372,3.50453,0.00270957,0.269372,1.78124,0.0659624,8.80228,0.45697,0.00760368,8.26808,0.00673433,0.00536611,0.00641361,0.00366639,8.26808,0.00510837,1.7842,1.04473,0.000507261,0.165714,0.000673433,0.000894352,0.000269372,0.000594085,0.165714,0.750416,5.11913e-07,2.48734,0.272081
2040.2917,279.633,278.458,1.67183,0.463023,0.784919,0.00534564,0.00221055,0.00261159,0.00313509,0.000634324,7.34237e-27,5.20403e-07,8.01426e-05,1.63115e-16,8.64101e-06,1.72192e-05,7.34582e-06,2.26969e-20,2.4884e-06,1.25766e-06,5.42388,90.3363,2.95331,0.379509,82.7501,0.264158,3.5007,0.00259765,0.264158,1.78281,0.0657148,8.80067,0.454738,0.00709173,8.26946,0.00660399,0.00536099,0.00628949,0.00366962,8.26946,0.00509121,1.78422,1.04475,0.000471821,0.16576,0.0006604,0.000893498,0.000264158,0.000594608,0.16576,1.37989,5.20403e-07,2.47057,0.266756
2040.3750,288.893,287.89,2.35244,0.266742,1.66774,0.0106724,0.00377961,0.00318474,0.00689282,0.000646066,2.21832e-26,5.70262e-07,3.1129e-05,1.48008e-16,6.89658e-05,5.02372e-05,4.80897e-06,2.06841e-20,4.04362e-06,3.6184e-06,5.49966,90.3523,2.96867,0.321712,82.7557,0.270806,3.51203,0.00283295,0.270806,1.77522,0.0663388,8.79943,0.453622,0.00588722,8.26992,0.00677019,0.00537685,0.00644777,0.00365398,8.26992,0.00513573,1.78424,1.04479,0.000390355,0.165776,0.000677019,0.000896141,0.000270806,0.000592078,0.165776,2.3844,5.70262e-07,2.53099,0.273639
2040.4583,293.584,292.605,2.5109,0.17419,2.18915,0.0106683,0.00472968,0.00246248,0.00593862,0.000675472,2.25618e-26,6.55714e-07,1.61442e-06,1.5505e-16,6.46902e-05,5.46466e-05,2.60699e-07,2.16816e-20,3.27332e-06,3.94088e-06,5.65056,90.4514,3.00436,0.287748,82.7466,0.287557,3.53664,0.00335102,0.287557,1.76654,0.0676273,8.79922,0.453606,0.00520105,8.26915,0.00718897,0.00541127,0.0068466,0.00363615,8.26915,0.00522814,1.78425,1.04479,0.000344245,0.165751,0.000718897,0.000901878,0.000287557,0.000589184,0.165751,2.68604,6.55714e-07,2.6462,0.290908
2040.5417,289.915,289.71,2.62273,0.211939,0.987983,0.00649317,0.00407395,0.00232537,0.00241922,0.000696154,1.17424e-26,7.13471e-07,1.47545e-05,1.57012e-16,6.48299e-05,3.08095e-05,2.18513e-06,2.1941e-20,3.13002e-06,2.22594e-06,5.74666,90.5136,3.0305,0.271192,82.7361,0.299285,3.55536,0.00370452,0.299285,1.75965,0.068511,8.79931,0.454062,0.00486533,8.26825,0.00748216,0.00543773,0.00712583,0.00362207,8.26825,0.00529148,1.78427,1.0448,0.000321863,0.165723,0.000748216,0.000906288,0.000299285,0.000586887,0.165723,1.57449,7.13471e-07,2.71616,0.302989
2040.6250,282.976,283.346,2.63694,0.198079,0.457981,0.00294686,0.00287594,0.0018313,7.09168e-05,0.000698966,3.75448e-27,7.17201e-07,1.15074e-06,1.56472e-16,5.26014e-05,1.12996e-05,2.94862e-07,2.18426e-20,2.44888e-06,8.35525e-07,5.7637,90.5032,3.03642,0.261031,82.7249,0.300769,3.56112,0.00374922,0.300769,1.75355,0.0686974,8.79935,0.455109,0.00465693,8.26727,0.00751927,0.00544631,0.00716118,0.00360965,8.26727,0.00530478,1.78429,1.04484,0.000308794,0.165694,0.000751927,0.000907718,0.000300769,0.000584856,0.165694,0.813685,7.17201e-07,2.72728,0.304519
2040.7083,269.753,270.994,0.882938,0.190151,0.0178293,0.000198762,0.00136599,0.000813939,-0.00116722,0.000688207,0,6.89132e-07,9.7841e-07,1.59341e-16,2.39704e-05,1.92105e-06,2.34878e-07,2.22083e-20,1.05791e-06,1.92106e-07,5.72853,90.4633,3.02687,0.264354,82.7183,0.294483,3.55686,0.00356766,0.294483,1.75212,0.0683784,8.79961,0.456219,0.00472337,8.26668,0.00736211,0.00544098,0.0070115,0.00360681,8.26668,0.00528256,1.78431,1.04489,0.000314803,0.165678,0.000736211,0.00090683,0.000294483,0.000584378,0.165678,0.384399,6.89132e-07,2.70167,0.298051
2040.7917,263.125,264.793,0,0.0486037,0,0,0.000954555,4.56098e-05,-0.000954555,0.000675438,0,6.45334e-07,4.21589e-33,1.76591e-16,2.30907e-06,1.8726e-06,1.13605e-33,2.45879e-20,6.19888e-08,1.8726e-07,5.69068,90.4533,3.01487,0.289107,82.7167,0.287055,3.55092,0.0033593,0.287055,1.75678,0.0679835,8.79992,0.456561,0.00524169,8.26652,0.00717641,0.00543324,0.00683464,0.00361651,8.26652,0.00525524,1.78433,1.0449,0.000350178,0.165674,0.000717641,0.00090554,0.000287055,0.00058593,0.165674,0.0570421,6.45334e-07,2.67581,0.290414
2040.8750,257.185,258.843,0,0.0333409,0,0,0.000654733,3.23186e-06,-0.000654733,0.000662986,0,5.98875e-07,0,1.95311e-16,2.34738e-07,1.82537e-06,0,2.71768e-20,5.29511e-09,1.82537e-07,5.65896,90.4576,3.00308,0.31944,82.7165,0.279815,3.54499,0.00316318,0.279815,1.76268,0.0675964,8.80024,0.456632,0.0058837,8.2665,0.00699541,0.00542544,0.00666227,0.00362872,8.2665,0.00522844,1.78434,1.0449,0.00039275,0.165674,0.000699542,0.00090424,0.000279815,0.000587896,0.165674,0.0588731,5.98875e-07,2.65588,0.282978
2040.9583,258.836,259.763,0,0.033066,0,0,0.000657432,5.53809e-07,-0.000657432,0.000650642,0,5.55647e-07,0,2.08087e-16,4.93531e-08,1.77858e-06,0,2.89369e-20,1.03184e-09,1.77859e-07,5.62874,90.4637,2.99129,0.349812,82.7165,0.272643,3.53898,0.00297554,0.272643,1.76869,0.0672106,8.80055,0.456677,0.00652814,8.2665,0.00681611,0.00541745,0.00649151,0.00364116,8.2665,0.00520171,1.78436,1.0449,0.000435341,0.165674,0.000681612,0.000902908,0.000272643,0.000589901,0.165674,0.0920135,5.55647e-07,2.63745,0.275619
2041.0417,262.401,262.868,0,0.0355927,0,0,0.000708252,2.41751e-07,-0.000708252,0.00063918,0,5.20102e-07,0,2.11608e-16,2.26556e-08,1.73517e-06,0,2.94098e-20,4.65827e-10,1.73517e-07,5.59879,90.4677,2.98024,0.37805,82.7165,0.265988,3.53326,0.00280725,0.265988,1.77441,0.0668505,8.80084,0.456715,0.0071282,8.2665,0.00664973,0.00540979,0.00633304,0.00365296,8.2665,0.00517673,1.78438,1.0449,0.000474996,0.165674,0.000664973,0.000901631,0.000265988,0.000591807,0.165674,0.0977588,5.20102e-07,2.61855,0.268795
2041.1250,265.731,265.785,0,0.035882,0,0,0.000903431,2.07853e-07,-0.000903431,0.000627994,0,4.92765e-07,0,1.84156e-16,1.9489e-08,1.69283e-06,0,2.55802e-20,4.00563e-10,1.69283e-07,5.56694,90.4691,2.96937,0.405631,82.7165,0.259497,3.52756,0.00264863,0.259497,1.78011,0.0664972,8.80113,0.456753,0.00771523,8.2665,0.00648747,0.00540208,0.00617851,0.00366472,8.2665,0.00515221,1.78439,1.0449,0.000513792,0.165674,0.000648748,0.000900346,0.000259497,0.000593709,0.165674,0.339933,4.92765e-07,2.59758,0.262146
2041.2083,272.28,271.57,0.674845,0.185683,0.11899,0.000924762,0.00127411,0.00132292,-0.000349345,0.000616742,4.03213e-28,4.76816e-07,5.987e-05,1.56483e-16,-3.27111e-05,2.44593e-06,5.03088e-06,2.17496e-20,6.65286e-07,2.17904e-07,5.53046,90.4577,2.95834,0.417651,82.7243,0.252973,3.5217,0.00249463,0.252973,1.78534,0.0661402,8.80092,0.455997,0.00795396,8.26715,0.00632435,0.0053941,0.00602315,0.00367547,8.26715,0.0051274,1.78441,1.0449,0.000528131,0.165695,0.000632435,0.000899017,0.000252972,0.000595452,0.165695,0.620224,4.76816e-07,2.57212,0.255467
2041.2917,284.474,282.738,2.17288,0.204599,1.33979,0.00751691,0.00283142,0.00237388,0.00468549,0.000614547,1.43094e-26,4.95581e-07,7.73699e-06,1.29399e-16,3.14928e-05,3.01208e-05,1.12369e-06,1.8066e-20,2.6012e-06,2.17253e-06,5.534,90.4237,2.9581,0.356015,82.7507,0.251622,3.52313,0.00251496,0.251622,1.78299,0.0661545,8.79947,0.453689,0.0065873,8.26936,0.00629059,0.00539619,0.00599101,0.00367059,8.26936,0.00512854,1.78443,1.04494,0.000436725,0.165769,0.000629059,0.000899365,0.000251622,0.000594668,0.165769,1.72639,4.95581e-07,2.5759,0.254137
2041.3750,295.561,292.529,2.25969,0.104003,1.7351,0.00735437,0.00364253,0.00152206,0.00371184,0.000631061,1.52433e-26,5.56594e-07,6.43008e-09,1.41575e-16,2.92731e-05,3.32304e-05,7.74761e-10,1.97692e-20,1.81667e-06,2.39827e-06,5.62634,90.4904,2.98048,0.331902,82.7518,0.260925,3.54013,0.00288123,0.260925,1.78036,0.0669221,8.79971,0.45358,0.00609249,8.26945,0.00652317,0.0054199,0.00621251,0.00366516,8.26945,0.00518343,1.78444,1.04493,0.000403361,0.165772,0.000652317,0.000903317,0.000260925,0.000593789,0.165772,1.92489,5.56594e-07,2.64586,0.263807
2041.4583,294.971,293.796,2.31652,0.196862,1.56492,0.00814501,0.00420691,0.00259348,0.0039381,0.000641902,1.78256e-26,6.07537e-07,2.79157e-05,1.63017e-16,5.43857e-05,3.99377e-05,3.31114e-06,2.27767e-20,3.29056e-06,2.88083e-06,5.67674,90.5216,2.99622,0.316225,82.7507,0.266988,3.55269,0.00312772,0.266988,1.77791,0.0674346,8.79968,0.453451,0.00577639,8.26936,0.00667474,0.0054376,0.00635686,0.00366015,8.26936,0.00521991,1.78446,1.04493,0.000381322,0.165768,0.000667474,0.000906267,0.000266988,0.000592974,0.165768,2.39811,6.07537e-07,2.68052,0.270116
2041.5417,292.764,292.275,2.41835,0.158491,1.40297,0.00687949,0.00435161,0.00214485,0.00252788,0.000661098,1.37891e-26,6.74156e-07,2.91964e-07,1.6429e-16,5.54658e-05,3.27165e-05,5.12812e-08,2.29727e-20,2.84435e-06,2.36601e-06,5.76588,90.5658,3.02226,0.287688,82.7422,0.277798,3.57249,0.00352029,0.277798,1.77008,0.0682513,8.79942,0.453668,0.00520088,8.26866,0.00694499,0.00546545,0.00661425,0.00364409,8.26866,0.00527849,1.78447,1.04495,0.000343017,0.165744,0.000694499,0.000910909,0.000277798,0.000590363,0.165744,1.75119,6.74156e-07,2.74362,0.281319
2041.6250,285.92,286.028,2.44189,0.17957,0.548093,0.00329107,0.00317038,0.00175497,0.000120691,0.000665715,4.88162e-27,6.8375e-07,1.70923e-06,1.65802e-16,4.46693e-05,1.295e-05,3.34962e-07,2.31595e-20,2.30571e-06,9.48428e-07,5.78731,90.566,3.03087,0.277965,82.7349,0.280288,3.58044,0.00362515,0.280288,1.76577,0.0684974,8.7997,0.454523,0.00500521,8.26804,0.00700724,0.00547699,0.00667353,0.00363533,8.26804,0.00529606,1.78449,1.04498,0.000330095,0.165725,0.000700725,0.000912832,0.000280288,0.000588928,0.165725,0.938182,6.8375e-07,2.75644,0.283914
2041.7083,274.896,275.776,1.98689,0.236567,0.119338,0.000710331,0.00177943,0.0010762,-0.0010691,0.000657434,3.45815e-28,6.59694e-07,1.78027e-07,1.65587e-16,2.9286e-05,2.57779e-06,3.07873e-08,2.31013e-20,1.40481e-06,2.30222e-07,5.75578,90.5227,3.02392,0.274929,82.7287,0.275431,3.5777,0.00348553,0.275431,1.76326,0.0682585,8.79995,0.455613,0.00494436,8.2675,0.00688581,0.00547373,0.00655788,0.00363025,8.2675,0.00527926,1.78451,1.04504,0.000327024,0.165708,0.000688581,0.000912289,0.000275431,0.00058809,0.165708,0.394878,6.59694e-07,2.73186,0.278917
2041.7917,268.636,269.191,0,0.510506,0,0,0.000995097,0.000292079,-0.000995097,0.000645546,0,6.28493e-07,1.06142e-09,1.72019e-16,7.64044e-06,1.75174e-06,4.86258e-11,2.39715e-20,3.36339e-07,1.75174e-07,5.71699,90.5016,3.01248,0.291018,82.7269,0.268528,3.5718,0.00328341,0.268528,1.76669,0.0678846,8.80023,0.456109,0.00527676,8.26732,0.00671323,0.005466,0.00639352,0.00363741,8.26732,0.00525331,1.78452,1.04506,0.000350777,0.165705,0.000671324,0.000911001,0.000268528,0.000589234,0.165705,0.281544,6.28493e-07,2.70451,0.271811
2041.8750,264.347,264.839,0,0.48382,0,0,0.000775884,3.22575e-05,-0.000775884,0.000633874,0,5.87306e-07,0,1.82998e-16,1.35093e-06,1.70756e-06,0,2.5481e-20,3.9281e-08,1.70756e-07,5.6858,90.5013,3.00112,0.316738,82.7265,0.261755,3.56583,0.00309172,0.261755,1.77227,0.0675153,8.80053,0.456266,0.0058184,8.26728,0.00654392,0.00545812,0.00623227,0.00364897,8.26728,0.00522768,1.78454,1.04506,0.000387367,0.165704,0.000654392,0.000909686,0.000261755,0.000591095,0.165704,0.0888989,5.87306e-07,2.68468,0.264847
2041.9583,262.205,262.612,0,0.48382,0,0,0.000741119,4.81367e-06,-0.000741119,0.000622304,0,5.46269e-07,0,1.92783e-16,2.97432e-07,1.66379e-06,0,2.68262e-20,7.03554e-09,1.66379e-07,5.65467,90.5044,2.98976,0.345136,82.7264,0.255046,3.55978,0.00290832,0.255046,1.7783,0.0671472,8.80082,0.456328,0.00642165,8.26727,0.00637619,0.00545004,0.00607253,0.00366142,8.26727,0.0052021,1.78456,1.04506,0.000427369,0.165704,0.00063762,0.00090834,0.000255046,0.000593105,0.165704,0.099202,5.46269e-07,2.66491,0.257955
2042.0417,265.823,265.996,0,0.48382,0,0,0.000761367,2.01847e-06,-0.000761367,0.000611559,0,5.10582e-07,0,1.98249e-16,1.54019e-07,1.62318e-06,0,2.75709e-20,3.37847e-09,1.62318e-07,5.62439,90.5065,2.97912,0.371754,82.7263,0.24882,3.55403,0.00274383,0.24882,1.78405,0.0668034,8.8011,0.456371,0.00698854,8.26725,0.00622055,0.00544231,0.0059243,0.00367327,8.26725,0.00517819,1.78457,1.04506,0.000464852,0.165704,0.000622055,0.000907051,0.00024882,0.000595021,0.165704,0.0828443,5.10582e-07,2.64527,0.251564
2042.1250,267.009,267.093,0,0.487395,0,0,0.000860278,1.90505e-06,-0.000860278,0.000601074,0,4.79988e-07,0,2.00528e-16,1.42113e-07,1.58357e-06,0,2.78719e-20,3.13159e-09,1.58357e-07,5.59391,90.5077,2.96864,0.39776,82.7263,0.242749,3.54829,0.00258879,0.242749,1.78979,0.066466,8.80136,0.456412,0.00754336,8.26725,0.00606876,0.00543452,0.00577974,0.00368509,8.26725,0.00515471,1.78459,1.04506,0.000501534,0.165704,0.000606876,0.000905753,0.000242749,0.000596934,0.165704,0.270287,4.79988e-07,2.62527,0.245338
2042.2083,273.607,273.137,0.764124,0.518904,0.134276,0.00122424,0.00136575,0.00175717,-0.000141516,0.000590601,4.43144e-28,4.68912e-07,6.57862e-05,1.86116e-16,-1.88521e-05,2.3487e-06,5.41711e-06,2.59145e-20,1.26684e-06,2.0557e-07,5.55704,90.4852,2.95808,0.395838,82.7383,0.236689,3.54244,0.00243936,0.236689,1.79401,0.066127,8.80064,0.455088,0.0074704,8.26827,0.00591725,0.00542653,0.00563545,0.00369376,8.26827,0.00513106,1.7846,1.04507,0.000495377,0.165737,0.000591726,0.000904422,0.000236689,0.000598342,0.165737,0.747168,4.68912e-07,2.59895,0.239128
2042.2917,286.055,284.398,2.04355,0.195534,1.44886,0.0074915,0.00307407,0.00230414,0.00441743,0.000592353,1.6485e-26,4.92462e-07,3.50841e-06,1.62839e-16,4.07316e-05,3.2172e-05,5.20707e-07,2.27486e-20,2.76807e-06,2.30803e-06,5.5594,90.4473,2.96106,0.343544,82.7538,0.23766,3.54503,0.00248982,0.23766,1.79053,0.0661787,8.79962,0.453872,0.00632323,8.26956,0.00594153,0.00543019,0.00565857,0.00368653,8.26956,0.00513463,1.78462,1.04511,0.000419626,0.16578,0.000594154,0.000905032,0.00023766,0.000597179,0.16578,1.84503,4.92462e-07,2.59834,0.24015
2042.3750,293.715,292.24,2.20753,0.155532,2.08073,0.0105565,0.00444463,0.00208716,0.0061119,0.00062321,2.6552e-26,5.70117e-07,3.44019e-07,1.64607e-16,4.21401e-05,5.54994e-05,4.57551e-08,2.29991e-20,2.63778e-06,3.98829e-06,5.66408,90.5204,2.99657,0.317772,82.7521,0.25533,3.56823,0.00299875,0.25533,1.78647,0.0671705,8.79987,0.453782,0.00580494,8.26943,0.00638328,0.00546249,0.00607929,0.00367818,8.26943,0.00520521,1.78463,1.0451,0.000383776,0.165774,0.000638329,0.000910415,0.00025533,0.000595828,0.165774,2.68969,5.70117e-07,2.66751,0.258329
2042.4583,294.705,293.777,2.40741,0.164549,1.66795,0.00863002,0.00447758,0.00201971,0.00415244,0.000660451,1.96946e-26,6.51298e-07,5.12375e-06,1.69783e-16,4.44526e-05,4.57035e-05,6.392e-07,2.37251e-20,2.61331e-06,3.28529e-06,5.78944,90.6192,3.03959,0.299922,82.7481,0.276634,3.59645,0.00358906,0.276634,1.78175,0.0683706,8.80012,0.453508,0.00545432,8.26912,0.00691589,0.00550199,0.00658653,0.0036685,8.26912,0.00529091,1.78465,1.04507,0.000358316,0.165762,0.00069159,0.000916999,0.000276634,0.000594252,0.165762,2.37864,6.51298e-07,2.74984,0.280223
2042.5417,290.67,290.368,2.53471,0.256315,1.04825,0.00662155,0.00428675,0.00284147,0.0023348,0.000684008,1.33844e-26,6.99704e-07,4.77826e-05,1.5826e-16,8.13575e-05,3.35275e-05,6.35365e-06,2.21532e-20,3.89244e-06,2.41686e-06,5.86284,90.6514,3.06779,0.277791,82.7375,0.290065,3.61564,0.00394194,0.290065,1.77328,0.0691344,8.79941,0.453357,0.00500899,8.26826,0.00725165,0.00552917,0.0069063,0.00365118,8.26826,0.00534533,1.78467,1.04509,0.000328596,0.165732,0.000725165,0.000921529,0.000290065,0.000591429,0.165732,1.77649,6.99704e-07,2.79505,0.294007
2042.6250,285.736,286.036,2.5474,0.206858,0.652006,0.00353202,0.00336327,0.00204435,0.000168745,0.000693705,5.38893e-27,7.2072e-07,3.56881e-06,1.5866e-16,6.09697e-05,1.49918e-05,7.18929e-07,2.22033e-20,2.7838e-06,1.09528e-06,5.88774,90.6395,3.08074,0.262907,82.7235,0.295529,3.62537,0.00406381,0.295529,1.76541,0.0694561,8.79903,0.454188,0.00470096,8.26705,0.00738826,0.00554334,0.0070364,0.00363512,8.26705,0.00536819,1.78468,1.04514,0.00030981,0.165695,0.000738826,0.000923889,0.000295529,0.000588806,0.165695,1.15631,7.2072e-07,2.807,0.299593
2042.7083,270.074,271.037,0.410433,0.268568,0.0125084,0.00012659,0.00128443,0.000680692,-0.00115784,0.000685128,3.25972e-30,7.06794e-07,1.48183e-06,1.63305e-16,2.12691e-05,1.90297e-06,2.95455e-07,2.28174e-20,8.93794e-07,1.89974e-07,5.85612,90.6018,3.07338,0.266339,82.7156,0.290504,3.62232,0.00389302,0.290504,1.76369,0.0691931,8.79923,0.455286,0.00476912,8.26635,0.00726263,0.0055398,0.00691676,0.00363174,8.26635,0.00534988,1.7847,1.04519,0.000316236,0.165675,0.000726264,0.0009233,0.000290504,0.000588234,0.165675,0.544244,7.06794e-07,2.78274,0.294397
2042.7917,270.967,271.155,0,0.249656,0,0,0.0010989,0.000176793,-0.0010989,0.000672522,0,6.66914e-07,5.21241e-25,1.71347e-16,6.00422e-06,1.84729e-06,1.47157e-25,2.39162e-20,2.02043e-07,1.8473e-07,5.81833,90.5918,3.06141,0.290956,82.7139,0.283176,3.61627,0.00366567,0.283176,1.7686,0.0688006,8.79953,0.455628,0.00528145,8.26618,0.00707944,0.00553202,0.00674229,0.00364198,8.26618,0.0053227,1.78472,1.0452,0.000351754,0.165671,0.000707944,0.000922004,0.000283176,0.00058987,0.165671,0.186334,6.66914e-07,2.75692,0.286842
2042.8750,268.698,269.041,0,0.249653,0,0,0.000866345,0.000144551,-0.000866345,0.000660227,0,6.2169e-07,8.73022e-31,1.75405e-16,3.8493e-06,1.8007e-06,2.60226e-31,2.44598e-20,1.44961e-07,1.80071e-07,5.785,90.5897,3.04963,0.317036,82.7134,0.276034,3.61023,0.00345166,0.276034,1.77421,0.0684158,8.79984,0.455827,0.0058255,8.26612,0.00690089,0.00552417,0.00657224,0.00365365,8.26612,0.00529603,1.78474,1.04521,0.000389211,0.165671,0.000690089,0.000920695,0.000276034,0.000591741,0.165671,0.0978762,6.2169e-07,2.73538,0.279486
2042.9583,269.686,269.821,0,0.249653,0,0,0.000963688,0.000113587,-0.000963688,0.000648039,0,5.79294e-07,0,1.79921e-16,2.07644e-06,1.75455e-06,0,2.50691e-20,9.5952e-08,1.75455e-07,5.7514,90.5886,3.03784,0.343544,82.7136,0.268959,3.60411,0.0032469,0.268959,1.78005,0.0680322,8.80015,0.455953,0.00638098,8.26612,0.00672402,0.00551612,0.00640379,0.00366574,8.26612,0.00526942,1.78475,1.04521,0.000427057,0.165672,0.000672402,0.000919354,0.000268959,0.000593686,0.165672,0.135889,5.79294e-07,2.71355,0.272206
2043.0417,269.215,269.373,0,0.249653,0,0,0.000942218,0.000113376,-0.000942218,0.000636722,0,5.44855e-07,0,1.82085e-16,1.54766e-06,1.71172e-06,0,2.53516e-20,8.56228e-08,1.71172e-07,5.71911,90.5867,3.02681,0.367948,82.7141,0.262394,3.59829,0.00306326,0.262394,1.78562,0.0676742,8.80044,0.456045,0.00689285,8.26615,0.00655988,0.0055084,0.00624747,0.00367728,8.26615,0.00524456,1.78477,1.04521,0.000461969,0.165674,0.000655988,0.000918067,0.000262394,0.000595544,0.165674,0.263668,5.44855e-07,2.6923,0.265457
2043.1250,269.95,270.067,0,0.249653,0,0,0.000950288,0.000117728,-0.000950288,0.000625678,0,5.18452e-07,0,1.8314e-16,1.27071e-06,1.66995e-06,0,2.548e-20,8.25809e-08,1.66996e-07,5.68484,90.5822,3.01594,0.391418,82.7147,0.255991,3.59247,0.00289017,0.255991,1.79119,0.0673229,8.80072,0.456124,0.00738536,8.2662,0.00639981,0.00550063,0.00609503,0.00368878,8.2662,0.00522015,1.78479,1.04521,0.000495663,0.165676,0.000639982,0.000916771,0.000255991,0.000597401,0.165676,0.256577,5.18452e-07,2.6689,0.258881
2043.2083,272.261,272.138,0.0118421,0.6316,0.00802685,4.95521e-05,0.00126511,0.000604816,-0.00121556,0.000614532,5.63132e-29,5.01725e-07,2.49724e-05,1.81238e-16,-1.77801e-05,1.73692e-06,1.42408e-06,2.52113e-20,2.66758e-07,1.70293e-07,5.64774,90.5711,3.00487,0.406769,82.72,0.249534,3.58647,0.00272139,0.249534,1.79667,0.0669664,8.80078,0.455788,0.00769661,8.26663,0.00623839,0.00549253,0.00594129,0.00370006,8.26663,0.00519536,1.7848,1.04522,0.000516107,0.165691,0.000623839,0.000915422,0.000249534,0.000599225,0.165691,0.754894,5.01725e-07,2.64287,0.252255
2043.2917,285.275,283.654,2.13813,0.313099,1.34695,0.00771596,0.00302617,0.00327153,0.0046898,0.00061179,1.29581e-26,5.23872e-07,4.92384e-05,1.46529e-16,3.92274e-05,2.69036e-05,6.19637e-06,2.0479e-20,3.60746e-06,1.94102e-06,5.64085,90.5325,3.00375,0.356126,82.7408,0.247882,3.58716,0.002714,0.247882,1.79474,0.0669223,8.79909,0.453553,0.00656133,8.26835,0.00619709,0.00549365,0.00590195,0.00369608,8.26835,0.00519241,1.78482,1.04525,0.000439249,0.165749,0.000619709,0.000915608,0.000247882,0.000598584,0.165749,1.88895,5.23872e-07,2.6371,0.250596
2043.3750,292.782,291.302,2.25195,0.138766,2.28496,0.0107223,0.0042463,0.00209847,0.006476,0.000633365,2.38579e-26,6.02611e-07,5.27967e-07,1.53681e-16,4.71461e-05,5.10249e-05,9.95046e-08,2.14998e-20,2.66291e-06,3.68075e-06,5.74025,90.5821,3.03186,0.314786,82.7389,0.260093,3.60782,0.00315488,0.260093,1.78819,0.0677779,8.79895,0.453579,0.00571793,8.2682,0.00650236,0.00552251,0.00619269,0.00368259,8.2682,0.00525357,1.78483,1.04527,0.000381771,0.165744,0.000650236,0.000920418,0.000260093,0.000596401,0.165744,2.64606,6.02611e-07,2.70839,0.263248
2043.4583,294.725,293.798,2.41558,0.184688,2.05566,0.0101025,0.00489314,0.00250467,0.00520936,0.000664091,2.18146e-26,6.83691e-07,9.34241e-06,1.58265e-16,5.92404e-05,5.05771e-05,1.12077e-06,2.21386e-20,3.28192e-06,3.65344e-06,5.8734,90.6846,3.07129,0.294301,82.7337,0.277499,3.63644,0.00374713,0.277499,1.78323,0.068942,8.79913,0.453448,0.00531165,8.26776,0.0069375,0.0055626,0.00660712,0.00367245,8.26776,0.00533718,1.78485,1.04525,0.000353133,0.16573,0.000693751,0.000927099,0.000277499,0.000594747,0.16573,2.78729,6.83691e-07,2.80211,0.281246
2043.5417,293.616,293.243,2.53338,0.149171,1.5134,0.00682265,0.00458623,0.0019232,0.00223642,0.000686129,1.25537e-26,7.55432e-07,4.5917e-07,1.63505e-16,5.03258e-05,3.15457e-05,8.00255e-08,2.28636e-20,2.55527e-06,2.2824e-06,5.95836,90.7343,3.10072,0.275721,82.7241,0.289926,3.65854,0.00415684,0.289926,1.77618,0.0697727,8.79923,0.453907,0.00494247,8.26695,0.00724818,0.00559388,0.00690299,0.00365807,8.26695,0.0053968,1.78487,1.04526,0.00032776,0.165703,0.000724818,0.000932314,0.000289926,0.000592397,0.165703,1.96587,7.55432e-07,2.85764,0.294083
2043.6250,285.752,285.962,2.55776,0.140005,0.579814,0.00320714,0.00311628,0.00134446,9.08601e-05,0.000690876,4.4444e-27,7.60465e-07,4.22401e-08,1.66618e-16,3.12014e-05,1.25636e-05,1.06495e-08,2.32754e-20,1.69538e-06,9.21744e-07,5.97507,90.7412,3.10959,0.273942,82.7186,0.292486,3.66673,0.00423307,0.292486,1.7736,0.0699851,8.79953,0.454499,0.00491126,8.26648,0.00731218,0.00560598,0.00696394,0.00365293,8.26648,0.00541197,1.78488,1.04528,0.000324992,0.165688,0.000731218,0.00093433,0.000292486,0.000591538,0.165688,0.815935,7.60465e-07,2.86548,0.296719
2043.7083,275.376,276.326,1.56869,0.213625,0.0838528,0.000667996,0.00187691,0.00117435,-0.00120892,0.000682031,2.09963e-28,7.30534e-07,5.68705e-07,1.64332e-16,2.91485e-05,2.37215e-06,1.53745e-07,2.29326e-20,1.49427e-06,2.18608e-07,5.93926,90.7019,3.10214,0.27503,82.7152,0.287299,3.66379,0.00405643,0.287299,1.77242,0.0697213,8.79981,0.455314,0.00493653,8.26618,0.00718251,0.00560265,0.00684045,0.00365066,8.26618,0.00539344,1.7849,1.04532,0.000326908,0.16568,0.000718251,0.000933774,0.000287299,0.000591144,0.16568,0.478664,7.30534e-07,2.83712,0.291355
2043.7917,264.742,265.813,0,0.128165,0,0,0.00104617,0.000124157,-0.00104617,0.000669629,0,6.91586e-07,3.05031e-25,1.73762e-16,4.7386e-06,1.82719e-06,1.03684e-25,2.42225e-20,1.53257e-07,1.82719e-07,5.89809,90.6804,3.09028,0.293463,82.713,0.280094,3.65773,0.00382086,0.280094,1.77591,0.0693334,8.80011,0.455827,0.00532043,8.26597,0.00700238,0.00559491,0.0066689,0.00365799,8.26597,0.00536654,1.78492,1.04534,0.000353926,0.165675,0.000700238,0.000932485,0.000280094,0.000592307,0.165675,0.229295,6.91586e-07,2.8078,0.283915
2043.8750,264.456,264.986,0,0.11122,0,0,0.000892531,1.12261e-05,-0.000892531,0.000657461,0,6.48975e-07,0,1.8461e-16,6.91312e-07,1.7811e-06,0,2.57172e-20,1.65674e-08,1.78111e-07,5.86249,90.6798,3.07853,0.322789,82.7126,0.273029,3.65162,0.00359779,0.273029,1.78192,0.0689506,8.80042,0.455926,0.00593917,8.26594,0.00682577,0.00558701,0.0065007,0.00367049,8.26594,0.00533999,1.78494,1.04534,0.000395161,0.165674,0.000682577,0.000931168,0.000273029,0.000594311,0.165674,0.215188,6.48975e-07,2.78396,0.276627
2043.9583,265.045,265.398,0,0.11122,0,0,0.000830105,8.10694e-06,-0.000830105,0.000645399,0,6.0706e-07,0,1.88715e-16,4.59947e-07,1.73545e-06,0,2.62726e-20,1.11593e-08,1.73546e-07,5.82884,90.6819,3.06677,0.352539,82.7124,0.266032,3.64542,0.00338437,0.266032,1.78811,0.0685691,8.80073,0.455986,0.00656918,8.26592,0.00665082,0.00557891,0.00633409,0.00368333,8.26592,0.0053135,1.78495,1.04534,0.000436881,0.165674,0.000665083,0.000929818,0.000266032,0.000596373,0.165674,0.158473,6.0706e-07,2.76208,0.269416
2044.0417,267.646,267.812,0,0.11122,0,0,0.000928693,7.74457e-06,-0.000928693,0.000634197,0,5.7071e-07,0,1.90326e-16,4.11623e-07,1.69309e-06,0,2.64811e-20,1.00556e-08,1.69309e-07,5.79567,90.6822,3.05575,0.380199,82.7123,0.259537,3.63954,0.00319295,0.259537,1.79399,0.0682129,8.80101,0.456038,0.0071559,8.26591,0.00648847,0.00557114,0.00617946,0.0036955,8.26591,0.00528874,1.78497,1.04534,0.00047573,0.165674,0.000648847,0.000928523,0.000259537,0.000598332,0.165674,0.174327,5.7071e-07,2.73992,0.26273
2044.1250,269.459,269.494,0,0.11122,0,0,0.00110588,8.10645e-06,-0.00110588,0.000623266,0,5.43686e-07,0,1.90945e-16,4.10248e-07,1.65178e-06,0,2.65518e-20,1.00567e-08,1.65178e-07,5.76044,90.6797,3.0449,0.407197,82.7123,0.253205,3.63366,0.00301253,0.253205,1.79985,0.0678634,8.80129,0.456089,0.00772956,8.26591,0.00633015,0.00556331,0.00602868,0.00370762,8.26591,0.00526443,1.78499,1.04534,0.000513725,0.165673,0.000633015,0.000927218,0.000253205,0.000600288,0.165673,0.515169,5.43686e-07,2.71554,0.256217
2044.2083,275.16,274.524,0.740281,0.295586,0.258808,0.00161911,0.00156886,0.00199944,5.02476e-05,0.000612578,1.55314e-27,5.31341e-07,8.2855e-05,1.7476e-16,-2.04407e-05,4.58686e-06,6.80242e-06,2.43507e-20,1.425e-06,3.64562e-07,5.72128,90.6545,3.03427,0.403874,82.7253,0.247014,3.62787,0.00284306,0.247014,1.80404,0.0675206,8.80045,0.454589,0.00762768,8.26699,0.0061754,0.00555555,0.0058813,0.00371626,8.26699,0.00524055,1.785,1.04535,0.000505672,0.165709,0.00061754,0.000925925,0.000247014,0.000601683,0.165709,0.730155,5.31341e-07,2.68701,0.249858
2044.2917,288.735,286.759,2.14152,0.175477,1.63635,0.00745339,0.00335138,0.00231641,0.00410201,0.000614886,1.39054e-26,5.57175e-07,3.22341e-06,1.53479e-16,4.22084e-05,2.87167e-05,4.97399e-07,2.148e-20,2.76626e-06,2.07078e-06,5.73178,90.619,3.0391,0.344948,82.7424,0.248247,3.63255,0.00291972,0.248247,1.79982,0.0676325,8.79905,0.452936,0.00634209,8.26843,0.0062062,0.00556224,0.00591063,0.00370756,8.26843,0.0052485,1.78502,1.04539,0.000421022,0.165757,0.00062062,0.00092704,0.000248247,0.000600277,0.165757,2.01819,5.57175e-07,2.69268,0.251166
2044.3750,296.73,294.864,2.21893,0.139134,1.79534,0.00807942,0.00415025,0.00206028,0.00392917,0.000629632,1.68545e-26,6.16194e-07,6.36802e-06,1.6219e-16,4.11964e-05,3.60001e-05,6.97281e-07,2.26953e-20,2.5672e-06,2.59417e-06,5.78598,90.6487,3.05893,0.324515,82.7409,0.256562,3.64751,0.00322101,0.256562,1.79726,0.0681788,8.79928,0.453177,0.00592557,8.26829,0.00641409,0.00558327,0.00610863,0.00370231,8.26829,0.00528733,1.78503,1.0454,0.000393072,0.165753,0.00064141,0.000930545,0.000256562,0.000599424,0.165753,2.37199,6.16194e-07,2.72704,0.259783
2044.4583,295.141,294.611,2.37173,0.188968,2.06867,0.0103318,0.0050289,0.00266027,0.00530291,0.000658373,2.31778e-26,7.06504e-07,1.06741e-05,1.62555e-16,6.71876e-05,5.24922e-05,1.26415e-06,2.27659e-20,3.56283e-06,3.79174e-06,5.89497,90.7115,3.09579,0.293476,82.7337,0.27285,3.67424,0.0037701,0.27285,1.78936,0.0692049,8.79913,0.453211,0.00530627,8.26772,0.0068213,0.00562074,0.00649644,0.00368608,8.26772,0.00536093,1.78505,1.04541,0.000350581,0.165732,0.00068213,0.00093679,0.000272851,0.000596789,0.165732,2.83762,7.06504e-07,2.79918,0.276621
2044.5417,290.798,290.573,2.50399,0.200566,1.21012,0.00671258,0.00422239,0.0022655,0.00249019,0.00068313,1.3099e-26,7.65019e-07,7.94833e-06,1.63813e-16,6.17884e-05,3.23982e-05,1.29608e-06,2.29313e-20,3.06286e-06,2.34354e-06,5.99016,90.7705,3.1283,0.275308,82.7231,0.286835,3.69832,0.00422389,0.286835,1.78193,0.070084,8.79922,0.453694,0.00494299,8.26683,0.00717091,0.00565477,0.00682941,0.00367091,8.26683,0.00542404,1.78506,1.04542,0.000326029,0.165702,0.000717092,0.000942462,0.000286835,0.000594312,0.165702,1.83396,7.65019e-07,2.86186,0.291059
2044.6250,287.38,287.474,2.54225,0.152192,0.776266,0.00374871,0.00351632,0.00167432,0.000232397,0.000690432,5.61155e-27,7.74903e-07,6.01623e-07,1.65881e-16,4.67622e-05,1.52547e-05,1.38594e-07,2.31946e-20,2.22732e-06,1.11457e-06,6.0135,90.7691,3.1401,0.266408,82.7128,0.290858,3.70842,0.00434066,0.290858,1.77638,0.0703629,8.79939,0.454646,0.00476276,8.26596,0.00727149,0.00566954,0.0069252,0.00365965,8.26596,0.00544398,1.78508,1.04545,0.000314467,0.165675,0.00072715,0.000944923,0.000290858,0.000592462,0.165675,0.955234,7.74903e-07,2.8734,0.295199
2044.7083,275.803,276.783,2.23269,0.181617,0.0860618,0.000625407,0.00191918,0.00118297,-0.00129377,0.000682582,1.08916e-28,7.42711e-07,2.04807e-07,1.6641e-16,2.8603e-05,2.12553e-06,6.26494e-08,2.32369e-20,1.49546e-06,2.03345e-07,5.9816,90.7342,3.13375,0.269216,82.708,0.286241,3.70617,0.00417457,0.286241,1.77536,0.0701282,8.79969,0.455554,0.00481975,8.26553,0.00715607,0.0056672,0.00681527,0.00365772,8.26553,0.00542757,1.7851,1.0455,0.000319078,0.165663,0.000715607,0.000944533,0.000286241,0.000592123,0.165663,0.379213,7.42711e-07,2.84785,0.290416
2044.7917,262.745,263.975,0.363625,0.147851,0.00179141,6.75777e-06,0.000891201,9.20456e-05,-0.000884443,0.000670158,0,6.98928e-07,1.01738e-13,1.77731e-16,3.8071e-06,1.82023e-06,2.98671e-14,2.4791e-20,1.19643e-07,1.82023e-07,5.94121,90.7099,3.12179,0.2848,82.7058,0.279027,3.69999,0.00393097,0.279027,1.77811,0.0697385,8.79998,0.456116,0.00514543,8.26532,0.00697571,0.00565933,0.0066435,0.00366353,8.26532,0.00540055,1.78512,1.04552,0.000341856,0.165658,0.000697572,0.000943221,0.000279027,0.000593039,0.165658,0.142198,6.98928e-07,2.81942,0.282958
2044.8750,263.562,263.979,0,0.134158,0,0,0.000848788,7.58658e-06,-0.000848788,0.000658031,0,6.52531e-07,0,1.87263e-16,4.72151e-07,1.77432e-06,0,2.61035e-20,1.11859e-08,1.77432e-07,5.90804,90.7122,3.11001,0.31442,82.7055,0.27199,3.69381,0.00370147,0.27199,1.78424,0.0693561,8.80029,0.456196,0.00577162,8.26529,0.00679978,0.00565136,0.00647595,0.00367629,8.26529,0.00537401,1.78514,1.04552,0.000383441,0.165657,0.000679978,0.000941893,0.00027199,0.000595082,0.165657,0.183943,6.52531e-07,2.79804,0.275691
2044.9583,266.197,266.412,0,0.134158,0,0,0.000806446,6.12595e-06,-0.000806446,0.000646009,0,6.08651e-07,0,1.89201e-16,3.58223e-07,1.72884e-06,0,2.63572e-20,8.53811e-09,1.72885e-07,5.87473,90.7148,3.09822,0.344121,82.7054,0.265019,3.68754,0.0034819,0.265019,1.7905,0.0689749,8.8006,0.456251,0.00640119,8.26528,0.0066255,0.00564319,0.00630997,0.00368929,8.26528,0.00534753,1.78515,1.04552,0.000425106,0.165657,0.00066255,0.000940532,0.000265019,0.000597169,0.165657,0.141673,6.08651e-07,2.77651,0.2685
2045.0417,265.748,265.967,0,0.134158,0,0,0.000858638,5.6724e-06,-0.000858638,0.000634846,0,5.71005e-07,0,1.90555e-16,3.1307e-07,1.68664e-06,0,2.65302e-20,7.49771e-09,1.68665e-07,5.84338,90.7169,3.08718,0.371729,82.7054,0.258549,3.68159,0.00328497,0.258549,1.79645,0.068619,8.80088,0.4563,0.00698732,8.26527,0.00646376,0.00563535,0.00615593,0.00370161,8.26527,0.00532278,1.78517,1.04552,0.000463897,0.165657,0.000646377,0.000939225,0.000258549,0.000599152,0.165657,0.142065,5.71005e-07,2.7562,0.261834
2045.1250,267.639,267.766,0,0.134158,0,0,0.000953148,5.70779e-06,-0.000953148,0.000623952,0,5.42154e-07,0,1.92366e-16,2.95306e-07,1.64549e-06,0,2.67667e-20,7.1244e-09,1.64549e-07,5.80951,90.7159,3.0763,0.398689,82.7053,0.25224,3.67564,0.00309935,0.25224,1.80239,0.0682697,8.80116,0.456347,0.00756066,8.26527,0.00630604,0.00562745,0.00600572,0.00371389,8.26527,0.00529847,1.78518,1.04552,0.000501847,0.165657,0.000630605,0.000937909,0.00025224,0.000601132,0.165657,0.361431,5.42154e-07,2.73321,0.25534
2045.2083,275.346,274.552,0.930962,0.384753,0.335936,0.0019899,0.00166022,0.00205585,0.000329684,0.000613625,2.08323e-27,5.2512e-07,8.74656e-05,1.73722e-16,-1.84686e-05,5.59298e-06,7.1716e-06,2.42312e-20,1.50626e-06,4.31982e-07,5.77272,90.6909,3.06599,0.392556,82.7193,0.246262,3.67,0.00292974,0.246262,1.80632,0.0679359,8.80013,0.454637,0.00739539,8.26644,0.00615658,0.00561992,0.00586338,0.00372201,8.26644,0.00527518,1.7852,1.04553,0.000489357,0.165695,0.000615658,0.000936653,0.000246262,0.000602444,0.165695,0.801225,5.2512e-07,2.70673,0.249192
2045.2917,287.629,286.262,2.15893,0.187909,1.5415,0.00834876,0.00351069,0.00240781,0.00483807,0.00062045,1.75067e-26,5.54759e-07,2.31573e-06,1.54404e-16,4.50464e-05,3.6191e-05,3.61619e-07,2.16301e-20,2.90569e-06,2.6026e-06,5.79072,90.6632,3.07522,0.336212,82.7345,0.250118,3.67698,0.00305509,0.250118,1.80186,0.0681387,8.79873,0.452999,0.00617276,8.2677,0.00625299,0.00562984,0.0059552,0.00371282,8.2677,0.00528947,1.78522,1.04557,0.000408731,0.165737,0.0006253,0.000938306,0.000250118,0.000600957,0.165737,1.98537,5.54759e-07,2.7155,0.253173
2045.3750,293.936,292.376,2.32422,0.13104,2.01643,0.00952927,0.00428124,0.00177414,0.00524803,0.000651449,2.14511e-26,6.23041e-07,6.12635e-08,1.63134e-16,3.64081e-05,4.75669e-05,8.54631e-09,2.28512e-20,2.19685e-06,3.42063e-06,5.89561,90.7389,3.1123,0.313362,82.7319,0.267803,3.70219,0.0035801,0.267803,1.79807,0.0691086,8.799,0.452981,0.00571288,8.26749,0.00669511,0.00566512,0.00637626,0.00370503,8.26749,0.00535866,1.78523,1.04555,0.000377146,0.16573,0.000669511,0.000944187,0.000267803,0.000599691,0.16573,2.44442,6.23041e-07,2.78331,0.271383
2045.4583,297.591,296.368,2.48148,0.137703,1.73573,0.00745987,0.00454085,0.00185539,0.00291902,0.0006807,1.5203e-26,6.93834e-07,2.70865e-07,1.69498e-16,3.92145e-05,3.67129e-05,4.04238e-08,2.37419e-20,2.34514e-06,2.64477e-06,5.9873,90.8112,3.14775,0.300251,82.729,0.284461,3.72662,0.00405655,0.284461,1.79459,0.0700315,8.79927,0.452824,0.00545615,8.26726,0.00711157,0.00569954,0.00677289,0.00369798,8.26726,0.00542446,1.78525,1.04553,0.000358083,0.165722,0.000711157,0.000949924,0.000284461,0.000598533,0.165722,2.28233,6.93834e-07,2.83954,0.288518
2045.5417,293.32,293.055,2.54367,0.150548,1.05665,0.00513222,0.00399357,0.00176677,0.00113865,0.000692318,9.10306e-27,7.3215e-07,5.11675e-07,1.72005e-16,3.91552e-05,2.34965e-05,9.41442e-08,2.4085e-20,2.24614e-06,1.69384e-06,6.01045,90.8177,3.16337,0.291287,82.725,0.291007,3.7384,0.0042205,0.291007,1.79088,0.0704014,8.79955,0.453231,0.00528271,8.26695,0.0072752,0.00571659,0.00692873,0.00369048,8.26695,0.00545063,1.78526,1.04555,0.000345228,0.16571,0.00072752,0.000952765,0.000291007,0.000597297,0.16571,1.58417,7.3215e-07,2.84708,0.295227
2045.6250,285.694,285.899,2.56077,0.200606,0.444683,0.00310813,0.00314297,0.00190802,-3.48312e-05,0.000695644,4.47242e-27,7.34083e-07,2.94764e-06,1.67885e-16,4.72001e-05,1.26285e-05,7.45522e-07,2.34939e-20,2.47335e-06,9.23653e-07,6.01107,90.8,3.16956,0.282791,82.7195,0.292801,3.74411,0.00424111,0.292801,1.78664,0.0705113,8.79978,0.453982,0.00511451,8.26649,0.00732007,0.00572525,0.00697146,0.00368189,8.26649,0.00545822,1.78528,1.04559,0.000333706,0.165694,0.000732007,0.000954208,0.000292801,0.000595883,0.165694,0.932057,7.34083e-07,2.84151,0.297042
2045.7083,273.887,274.824,1.69795,0.3311,0.065663,0.000545135,0.00171415,0.00118808,-0.00116902,0.000687568,1.41413e-28,7.11494e-07,1.86284e-06,1.65395e-16,3.19841e-05,2.21608e-06,4.83514e-07,2.31216e-20,1.53764e-06,2.08671e-07,5.97766,90.753,3.1627,0.278566,82.7131,0.288068,3.74134,0.00407066,0.288068,1.78364,0.0702599,8.79996,0.455064,0.0050273,8.26594,0.00720173,0.00572213,0.00685875,0.00367585,8.26594,0.00544057,1.7853,1.04564,0.000329448,0.165678,0.000720173,0.000953689,0.000288068,0.000594881,0.165678,0.466849,7.11494e-07,2.81496,0.292138
2045.7917,264.38,265.036,0,0.485298,0,0,0.00091709,5.06634e-05,-0.00091709,0.000675088,0,6.70974e-07,2.7444e-26,1.80542e-16,2.20105e-06,1.83193e-06,8.0366e-27,2.52144e-20,6.40216e-08,1.83193e-07,5.93952,90.7374,3.15068,0.299079,82.7111,0.280821,3.73512,0.0038335,0.280821,1.78768,0.069869,8.80025,0.455498,0.00545629,8.26575,0.00702056,0.00571415,0.00668621,0.00368432,8.26575,0.00541345,1.78532,1.04566,0.000359343,0.165673,0.000702056,0.000952359,0.000280821,0.000596229,0.165673,0.148714,6.70974e-07,2.78884,0.284654
2045.8750,264.762,265.059,0,0.485298,0,0,0.000832626,1.42699e-05,-0.000832626,0.000662882,0,6.25795e-07,0,1.8622e-16,6.75081e-07,1.78573e-06,0,2.59905e-20,1.7551e-08,1.78573e-07,5.90577,90.7393,3.1388,0.328787,82.7109,0.273738,3.72888,0.00360969,0.273738,1.79388,0.0694846,8.80057,0.455573,0.00608548,8.26572,0.00684349,0.00570606,0.00651758,0.00369719,8.26572,0.00538677,1.78534,1.04566,0.000401142,0.165673,0.00068435,0.00095101,0.000273738,0.000598295,0.165673,0.114091,6.25795e-07,2.76697,0.277348
2045.9583,266.016,266.2,0,0.485298,0,0,0.000814106,1.23214e-05,-0.000814106,0.000650782,0,5.83838e-07,0,1.88481e-16,4.90721e-07,1.73996e-06,0,2.62893e-20,1.31589e-08,1.73996e-07,5.87229,90.7417,3.12692,0.358409,82.7108,0.266722,3.72255,0.00339557,0.266722,1.80019,0.0691015,8.80087,0.455633,0.00671425,8.26571,0.00666809,0.00569776,0.00635053,0.00371027,8.26571,0.00536016,1.78535,1.04566,0.000442839,0.165673,0.00066681,0.000949627,0.000266722,0.000600397,0.165673,0.126379,5.83838e-07,2.74536,0.270118
2046.0417,262.452,262.819,0,0.485298,0,0,0.000628308,5.22602e-06,-0.000628308,0.000639546,0,5.44576e-07,0,1.91532e-16,2.51657e-07,1.69749e-06,0,2.6699e-20,6.23224e-09,1.69749e-07,5.84379,90.7467,3.11579,0.385985,82.7108,0.260211,3.71654,0.00320352,0.260211,1.80618,0.0687438,8.80116,0.455683,0.00730059,8.26571,0.00650532,0.00568981,0.00619551,0.00372268,8.26571,0.00533529,1.78537,1.04566,0.000481702,0.165672,0.000650532,0.000948301,0.000260211,0.000602396,0.165672,0.0645127,5.44576e-07,2.728,0.263415
2046.1250,264.126,264.268,0,0.485298,0,0,0.000803703,1.41586e-06,-0.000803703,0.00062858,0,5.1119e-07,0,1.97359e-16,1.07534e-07,1.65607e-06,0,2.74956e-20,2.35009e-09,1.65607e-07,5.8143,90.7503,3.10483,0.413112,82.7107,0.253862,3.71054,0.0030225,0.253862,1.81218,0.0683928,8.80143,0.455725,0.0078787,8.2657,0.00634658,0.00568179,0.00604433,0.00373507,8.2657,0.00531086,1.78538,1.04566,0.000519923,0.165672,0.000634659,0.000946965,0.000253862,0.000604397,0.165672,0.229092,5.1119e-07,2.70947,0.256884
2046.2083,269.75,269.412,0.256979,0.521719,0.067982,0.000442418,0.00112956,0.000853591,-0.000687146,0.00061753,2.53056e-28,4.90482e-07,5.99941e-05,1.95096e-16,-2.79584e-05,2.0984e-06,4.03495e-06,2.71822e-20,3.30462e-07,1.93517e-07,5.77935,90.7461,3.09368,0.434966,82.7136,0.247468,3.70435,0.00284624,0.247468,1.81819,0.068037,8.80142,0.455355,0.00833849,8.26595,0.00618673,0.00567346,0.00589209,0.00374745,8.26595,0.00528608,1.7854,1.04566,0.000549702,0.16568,0.000618674,0.000945576,0.000247468,0.000606397,0.16568,0.592429,4.90482e-07,2.68567,0.250314
2046.2917,285.175,283.692,2.14686,0.233577,1.28561,0.00761609,0.00309917,0.00284439,0.00451692,0.000619916,1.52964e-26,5.10634e-07,2.07995e-05,1.60873e-16,3.13033e-05,3.15964e-05,2.91218e-06,2.2554e-20,3.01088e-06,2.26599e-06,5.77819,90.708,3.09701,0.370907,82.7425,0.24882,3.70691,0.00287838,0.24882,1.81639,0.0680688,8.79915,0.452072,0.00689827,8.26836,0.00622053,0.0056772,0.00592429,0.00374372,8.26836,0.00528829,1.78542,1.04569,0.000453935,0.16576,0.000622054,0.0009462,0.00024882,0.000605799,0.16576,1.76638,5.10634e-07,2.68117,0.251698
2046.3750,293.407,291.748,2.33477,0.147824,2.05604,0.0101785,0.00445492,0.00215923,0.00572362,0.000654905,2.37412e-26,5.79853e-07,6.074e-07,1.62466e-16,4.2367e-05,5.25497e-05,7.19932e-08,2.27928e-20,2.6613e-06,3.77384e-06,5.88058,90.7692,3.13581,0.333953,82.7433,0.268919,3.73122,0.00339557,0.268919,1.81135,0.0690643,8.79931,0.45193,0.00613889,8.26845,0.00672301,0.00571115,0.00640284,0.00373333,8.26845,0.00535909,1.78543,1.04568,0.000403101,0.165762,0.000672301,0.000951859,0.000268919,0.000604117,0.165762,2.53608,5.79853e-07,2.74476,0.272315
2046.4583,294.299,293.594,2.55294,0.193103,1.84012,0.0100538,0.00502907,0.00260977,0.00502473,0.000695062,2.21882e-26,6.62361e-07,1.26462e-05,1.65038e-16,5.91825e-05,5.44339e-05,1.53266e-06,2.31667e-20,3.3889e-06,3.9165e-06,5.99649,90.8507,3.18063,0.309492,82.7391,0.291966,3.75951,0.0039711,0.291966,1.80563,0.0702406,8.79941,0.451675,0.00565063,8.26812,0.00729918,0.00575085,0.00695157,0.00372162,8.26812,0.00544303,1.78545,1.04566,0.000369274,0.165749,0.000729918,0.000958476,0.000291966,0.000602211,0.165749,2.58431,6.62361e-07,2.81585,0.295937
2046.5417,288.604,288.457,2.71893,0.237618,0.889976,0.00650611,0.00409456,0.00253676,0.00241155,0.000725343,1.24285e-26,7.10234e-07,2.41832e-05,1.59485e-16,6.7902e-05,3.35568e-05,3.3645e-06,2.24036e-20,3.39605e-06,2.41926e-06,6.08592,90.9007,3.21519,0.287735,82.7293,0.309302,3.78189,0.00437828,0.309302,1.79774,0.0711425,8.79912,0.451752,0.00521096,8.26731,0.00773259,0.00578258,0.00736433,0.0037055,8.26731,0.00550742,1.78547,1.04567,0.000340197,0.165721,0.000773259,0.000963764,0.000309302,0.000599582,0.165721,1.54262,7.10234e-07,2.87073,0.31368
2046.6250,285.275,285.431,2.77084,0.191034,0.655574,0.00361608,0.00338535,0.00196725,0.000230732,0.000734862,5.22078e-27,7.17429e-07,1.82577e-06,1.59516e-16,5.48757e-05,1.56237e-05,3.83638e-07,2.23944e-20,2.62114e-06,1.14077e-06,6.10758,90.8914,3.22747,0.274869,82.718,0.314685,3.79086,0.00446391,0.314685,1.791,0.0714254,8.79905,0.452641,0.00494553,8.26634,0.00786716,0.00579582,0.0074925,0.00369176,8.26634,0.0055275,1.78548,1.04572,0.000323847,0.165691,0.000786717,0.00096597,0.000314685,0.000597334,0.165691,0.939934,7.17429e-07,2.88011,0.319149
2046.7083,273.866,274.879,1.87028,0.172546,0.0875195,0.000639775,0.00181865,0.00104602,-0.00117888,0.000726783,2.6034e-28,6.88886e-07,4.22931e-08,1.62593e-16,2.79444e-05,2.69638e-06,1.30571e-08,2.27901e-20,1.34153e-06,2.46264e-07,6.07577,90.8519,3.22073,0.27593,82.7114,0.309943,3.78825,0.0042856,0.309943,1.78888,0.071174,8.79937,0.453782,0.00496479,8.26576,0.00774861,0.00579299,0.00737959,0.00368756,8.26576,0.00550992,1.7855,1.04577,0.000326624,0.165674,0.000774861,0.000965499,0.000309943,0.000596627,0.165674,0.30211,6.88886e-07,2.85504,0.314229
2046.7917,267.958,268.868,0.128658,0.0743138,0.00136184,6.06042e-06,0.00115368,0.000213894,-0.00114762,0.00071339,0,6.47333e-07,3.32e-18,1.7128e-16,5.90388e-06,1.97109e-06,1.00067e-18,2.39799e-20,2.40063e-07,1.97109e-07,6.03417,90.8336,3.2081,0.296902,82.7096,0.302154,3.78195,0.00403605,0.302154,1.7929,0.0707612,8.79971,0.454259,0.00539877,8.26559,0.00755387,0.00578499,0.00719413,0.00369601,8.26559,0.00548134,1.78552,1.04579,0.000357093,0.165671,0.000755388,0.000964165,0.000302154,0.000597968,0.165671,0.227134,6.47333e-07,2.82607,0.30619
2046.8750,265.522,266.318,0,0.0571988,0,0,0.00088776,6.84492e-05,-0.00088776,0.000700279,0,6.07706e-07,0,1.79546e-16,1.84536e-06,1.92138e-06,0,2.51167e-20,6.7879e-08,1.92138e-07,5.99792,90.8321,3.19563,0.325862,82.7094,0.294533,3.77564,0.00380042,0.294533,1.79889,0.070355,8.80003,0.454407,0.00600543,8.26556,0.00736336,0.00577685,0.00701269,0.00370848,8.26556,0.00545321,1.78554,1.04579,0.000398192,0.16567,0.000736336,0.000962809,0.000294533,0.000599964,0.16567,0.136635,6.07706e-07,2.80229,0.298333
2046.9583,263.738,264.369,0,0.057199,0,0,0.000749836,1.35748e-05,-0.000749836,0.000687281,0,5.6515e-07,0,1.86505e-16,5.21409e-07,1.87213e-06,0,2.60728e-20,1.4738e-08,1.87214e-07,5.96598,90.8375,3.18316,0.356921,82.7094,0.286984,3.76923,0.00357498,0.286984,1.80522,0.0699503,8.80036,0.45448,0.00666121,8.26555,0.00717463,0.00576851,0.00683295,0.00372164,8.26555,0.00542516,1.78556,1.04579,0.000441876,0.16567,0.000717464,0.000961418,0.000286984,0.000602076,0.16567,0.135166,5.6515e-07,2.78283,0.290559
2047.0417,265.299,265.673,0,0.0571992,0,0,0.00078568,4.6616e-06,-0.00078568,0.000675212,0,5.29901e-07,0,1.89521e-16,2.60969e-07,1.82643e-06,0,2.64789e-20,6.24843e-09,1.82644e-07,5.93502,90.8421,3.17147,0.386507,82.7093,0.279978,3.76314,0.00337278,0.279978,1.8113,0.0695725,8.80067,0.454528,0.0072882,8.26554,0.00699949,0.0057605,0.00666615,0.00373423,8.26554,0.00539895,1.78558,1.04579,0.000483372,0.16567,0.00069995,0.000960084,0.000279978,0.000604102,0.16567,0.107293,5.29901e-07,2.76355,0.283351
2047.1250,265.046,265.375,0,0.0572176,0,0,0.000808845,4.34135e-06,-0.000808845,0.000663435,0,4.98462e-07,0,1.92199e-16,2.25674e-07,1.78187e-06,0,2.68376e-20,5.45186e-09,1.78187e-07,5.90419,90.8462,3.15997,0.415461,82.7092,0.273147,3.75706,0.0031822,0.273147,1.81737,0.0692019,8.80096,0.454572,0.00790286,8.26554,0.0068287,0.00575243,0.00650349,0.00374679,8.26554,0.00537322,1.7856,1.04579,0.000524027,0.16567,0.000682871,0.000958739,0.000273147,0.000606126,0.16567,0.177788,4.98462e-07,2.74422,0.276329
2047.2083,269.952,269.84,0,0.223788,0,0,0.00113427,0.000711723,-0.00113427,0.000651549,0,4.75548e-07,1.16143e-05,1.91846e-16,-2.42646e-05,1.73692e-06,6.13813e-07,2.67787e-20,3.17239e-07,1.73693e-07,5.86824,90.8417,3.14826,0.436925,82.7132,0.266257,3.75079,0.00299636,0.266257,1.82335,0.0688259,8.80119,0.454382,0.00835089,8.26587,0.00665645,0.00574403,0.00633945,0.00375913,8.26587,0.00534709,1.78561,1.04579,0.00055267,0.165681,0.000665646,0.000957338,0.000266257,0.00060812,0.165681,0.413429,4.75548e-07,2.71998,0.269253
2047.2917,282.086,280.66,1.83129,0.354593,1.07587,0.00651908,0.00264413,0.00293312,0.00387496,0.000645279,1.03677e-26,4.85505e-07,7.35966e-05,1.59486e-16,2.15591e-05,2.33327e-05,7.99818e-06,2.23776e-20,2.92681e-06,1.69586e-06,5.85048,90.798,3.14318,0.384919,82.7402,0.26258,3.74897,0.00292248,0.26258,1.82241,0.0686631,8.79941,0.451662,0.00718781,8.26814,0.00656452,0.00574173,0.00625189,0.00375716,8.26814,0.00533588,1.78563,1.04582,0.000473237,0.165755,0.000656452,0.000956954,0.000262579,0.000607804,0.165755,1.70683,4.85505e-07,2.70729,0.265502
2047.3750,292.721,291.298,2.37737,0.224623,2.18622,0.011413,0.00459204,0.00318439,0.00682096,0.000664541,2.35695e-26,5.66116e-07,2.18716e-05,1.49272e-16,6.79778e-05,5.34302e-05,2.92264e-06,2.10082e-20,4.05465e-06,3.86139e-06,5.94624,90.835,3.169,0.331416,82.7426,0.273452,3.76838,0.00332981,0.273452,1.81468,0.0694709,8.79868,0.451018,0.00608175,8.26837,0.00683633,0.0057689,0.00651075,0.00374122,8.26837,0.00539381,1.78564,1.04585,0.000400172,0.165761,0.000683633,0.000961483,0.000273452,0.000605229,0.165761,2.97648,5.66116e-07,2.77724,0.276781
2047.4583,294.999,294.258,2.55376,0.261581,1.96839,0.0110633,0.00529685,0.00349689,0.00576643,0.000697416,2.24088e-26,6.6532e-07,5.50436e-05,1.44624e-16,9.95561e-05,5.48661e-05,7.80618e-06,2.04133e-20,4.82503e-06,3.97062e-06,6.09312,90.9133,3.21161,0.288489,82.7292,0.292057,3.79959,0.00397595,0.292057,1.80255,0.0707544,8.79755,0.450606,0.0052132,8.26726,0.00730147,0.0058126,0.00695374,0.00371626,8.26726,0.00548622,1.78566,1.04587,0.000342885,0.165723,0.000730147,0.000968767,0.000292057,0.000601185,0.165723,2.8278,6.6532e-07,2.88151,0.296033
2047.5417,292.029,291.788,2.6868,0.206898,1.41211,0.00734962,0.00470909,0.00256691,0.00264053,0.000722094,1.28876e-26,7.37478e-07,9.70238e-06,1.48843e-16,7.96768e-05,3.4203e-05,1.54279e-06,2.10044e-20,3.57101e-06,2.48026e-06,6.19631,90.9621,3.24478,0.264192,82.7104,0.305963,3.82462,0.0044439,0.305963,1.7912,0.0717056,8.79702,0.451255,0.00471523,8.26565,0.00764912,0.00584802,0.00728484,0.00369299,8.26565,0.00555475,1.78568,1.04591,0.000311259,0.165672,0.000764912,0.000974669,0.000305963,0.000597402,0.165672,1.9581,7.37478e-07,2.95153,0.310407
2047.6250,284.174,284.562,2.70974,0.197546,0.518965,0.00328015,0.00320526,0.00186544,7.48851e-05,0.000726568,4.09208e-27,7.45371e-07,2.15949e-06,1.50835e-16,5.57318e-05,1.2402e-05,4.92427e-07,2.12433e-20,2.51185e-06,9.17215e-07,6.21424,90.9538,3.25371,0.257314,82.6972,0.308349,3.83312,0.0045164,0.308349,1.78505,0.0719217,8.79723,0.452552,0.00457172,8.2645,0.00770877,0.00586062,0.00734165,0.00368047,8.2645,0.00557033,1.7857,1.04595,0.000302705,0.165639,0.000770877,0.000976769,0.000308349,0.00059535,0.165639,0.883975,7.45371e-07,2.96053,0.312866
2047.7083,273.449,274.541,2.26792,0.219809,0.110691,0.000723203,0.00187059,0.00113507,-0.00114738,0.000716638,1.78719e-28,7.15639e-07,5.66034e-07,1.52366e-16,3.40311e-05,2.42209e-06,1.64984e-07,2.14191e-20,1.5021e-06,2.24931e-07,6.17754,90.9072,3.24521,0.258506,82.6888,0.302533,3.82962,0.0043169,0.302533,1.78234,0.0716269,8.7975,0.453863,0.00459419,8.26375,0.00756337,0.00585657,0.00720318,0.00367506,8.26375,0.00554971,1.78572,1.04601,0.000305502,0.165618,0.000756338,0.000976094,0.000302534,0.000594449,0.165618,0.373561,7.15639e-07,2.93233,0.30685
2047.7917,264.733,265.802,0,0.0715682,0,0,0.00104709,5.41922e-05,-0.00104709,0.00070358,0,6.72724e-07,8.12001e-25,1.68781e-16,2.73627e-06,1.92407e-06,2.24816e-25,2.36991e-20,7.37572e-08,1.92407e-07,6.1369,90.8917,3.23275,0.282105,82.686,0.294945,3.82329,0.00406618,0.294945,1.78661,0.0712213,8.79783,0.454351,0.00508662,8.26349,0.00737366,0.00584851,0.0070225,0.003684,8.26349,0.00552159,1.78573,1.04603,0.000339339,0.165611,0.000737367,0.000974751,0.000294945,0.00059587,0.165611,0.146862,6.72724e-07,2.90415,0.299011
2047.8750,255.052,256.657,0,0.0588294,0,0,0.000665519,4.6378e-06,-0.000665519,0.000690769,0,6.27624e-07,0,1.8727e-16,3.19579e-07,1.87554e-06,0,2.62773e-20,7.35426e-09,1.87555e-07,6.10255,90.8946,3.22041,0.313329,82.6858,0.287506,3.8169,0.00382879,0.287506,1.79294,0.0708213,8.79816,0.454434,0.00574477,8.26346,0.00718769,0.00584028,0.00684539,0.00369719,8.26346,0.00549385,1.78575,1.04603,0.00038305,0.165611,0.00071877,0.00097338,0.000287506,0.000597982,0.165611,0.112233,6.27624e-07,2.88214,0.291335
2047.9583,258.391,258.949,0,0.0588482,0,0,0.000692661,4.39716e-07,-0.000692661,0.000678069,0,5.83772e-07,0,2.01955e-16,4.08172e-08,1.82747e-06,0,2.83205e-20,8.41562e-10,1.82747e-07,6.06979,90.8997,3.20806,0.344726,82.6857,0.280137,3.81043,0.00360166,0.280137,1.79942,0.0704225,8.79848,0.454479,0.00640852,8.26345,0.00700347,0.00583184,0.00666994,0.00371064,8.26345,0.00546617,1.78577,1.04603,0.000426917,0.165611,0.000700347,0.000971973,0.000280137,0.000600141,0.165611,0.0895203,5.83772e-07,2.86173,0.283739
2048.0417,262.35,262.61,0,0.0588415,0,0,0.000756777,2.26433e-07,-0.000756777,0.000666277,0,5.45984e-07,0,2.06049e-16,2.11598e-08,1.78286e-06,0,2.88778e-20,4.35035e-10,1.78286e-07,6.03801,90.9032,3.19649,0.373921,82.6857,0.273299,3.80427,0.00339796,0.273299,1.80558,0.0700503,8.79877,0.454519,0.00702665,8.26345,0.00683251,0.00582374,0.00650712,0.00372339,8.26345,0.00544032,1.78579,1.04603,0.000467765,0.165611,0.000683251,0.000970623,0.000273299,0.000602193,0.165611,0.113673,5.45984e-07,2.84152,0.276697
2048.1250,264.678,264.678,0,0.0615998,0,0,0.000941275,9.31046e-06,-0.000941275,0.000654769,0,5.12068e-07,6.61666e-24,1.88086e-16,-5.1102e-07,1.73936e-06,1.88011e-24,2.63455e-20,2.06351e-09,1.73936e-07,6.00597,90.9058,3.1851,0.40243,82.6857,0.26663,3.79813,0.00320596,0.26663,1.81172,0.0696851,8.79906,0.454556,0.00763117,8.26345,0.00666579,0.00581558,0.00634834,0.00373609,8.26345,0.00541492,1.78581,1.04602,0.000507712,0.165611,0.000666579,0.000969263,0.00026663,0.000604241,0.165611,0.231581,5.12068e-07,2.82086,0.269836
2048.2083,277.235,276.06,1.37594,0.411178,0.453462,0.00267285,0.0018975,0.0022081,0.000775351,0.000644108,2.63843e-27,4.98166e-07,7.22995e-05,1.49497e-16,-2.43234e-05,7.09827e-06,6.07121e-06,2.09972e-20,1.50995e-06,5.40049e-07,5.96769,90.8758,3.1747,0.388219,82.7044,0.260447,3.79264,0.00303824,0.260447,1.81551,0.0693506,8.798,0.452593,0.0072935,8.26501,0.00651122,0.00580826,0.00620113,0.00374391,8.26501,0.00539158,1.78582,1.04604,0.000483012,0.165662,0.000651122,0.000968043,0.000260447,0.000605503,0.165662,0.884388,4.98166e-07,2.79299,0.263486
2048.2917,288.925,286.963,2.27178,0.183874,1.68339,0.00819066,0.00365957,0.00239507,0.00453108,0.000647435,1.5549e-26,5.33489e-07,3.21801e-06,1.29416e-16,4.34944e-05,3.40629e-05,3.85179e-07,1.82328e-20,2.85456e-06,2.46326e-06,5.98936,90.8552,3.18175,0.33457,82.7198,0.262217,3.79949,0.00315851,0.262217,1.81155,0.0695445,8.79714,0.45142,0.00614253,8.2663,0.00655546,0.00581801,0.00624327,0.00373572,8.2663,0.00540542,1.78584,1.04607,0.000406411,0.165705,0.000655547,0.000969668,0.000262217,0.000604184,0.165705,2.17308,5.33489e-07,2.80761,0.265376
2048.3750,295.722,294.143,2.39317,0.1662,2.27853,0.0109212,0.0048925,0.00237101,0.00602874,0.000670399,2.31592e-26,6.24679e-07,7.18476e-06,1.5194e-16,5.28318e-05,5.29002e-05,7.96078e-07,2.1412e-20,3.01489e-06,3.82866e-06,6.09486,90.9247,3.21358,0.306935,82.7166,0.275127,3.82408,0.00366898,0.275127,1.80627,0.0704679,8.79731,0.451498,0.00558653,8.26604,0.00687821,0.00585245,0.00655064,0.00372487,8.26604,0.00547177,1.78585,1.04607,0.000368172,0.165697,0.000687821,0.000975408,0.000275127,0.000602425,0.165697,2.93596,6.24679e-07,2.88128,0.278796
2048.4583,291.693,291.057,2.56139,0.179768,1.57133,0.00997019,0.00467026,0.00208257,0.00529993,0.000701899,2.06193e-26,7.00297e-07,1.06867e-05,1.59031e-16,4.98877e-05,5.08122e-05,1.41994e-06,2.24136e-20,2.67923e-06,3.68199e-06,6.23864,91.0402,3.2565,0.289942,82.7106,0.29286,3.85682,0.00433168,0.29286,1.80105,0.0716775,8.79742,0.451254,0.00524617,8.26553,0.00732153,0.00589841,0.00697285,0.0037142,8.26553,0.005559,1.78587,1.04604,0.000344412,0.16568,0.000732153,0.000983068,0.00029286,0.000600685,0.16568,2.19216,7.00297e-07,2.98214,0.297191
2048.5417,290.598,290.251,2.67712,0.214053,1.07233,0.00690586,0.00450162,0.00243021,0.00240425,0.000723517,1.22829e-26,7.39055e-07,1.22667e-05,1.55672e-16,6.75568e-05,3.25954e-05,2.04234e-06,2.19413e-20,3.23963e-06,2.3681e-06,6.33314,91.1014,3.28751,0.273662,82.7007,0.304956,3.88139,0.0047705,0.304956,1.79395,0.0725078,8.7973,0.451491,0.00491663,8.26468,0.00762393,0.0059333,0.00726086,0.00369973,8.26468,0.00561891,1.78589,1.04605,0.000322533,0.165653,0.000762394,0.000988883,0.000304956,0.000598319,0.165653,1.65188,7.39055e-07,3.04563,0.309726
2048.6250,282.281,282.821,2.45802,0.257656,0.382073,0.00289744,0.00302274,0.00206149,-0.000125297,0.000727417,3.63183e-27,7.44254e-07,1.33113e-05,1.50786e-16,6.10358e-05,1.11814e-05,2.62543e-06,2.12416e-20,2.76498e-06,8.34334e-07,6.34861,91.0858,3.29643,0.261893,82.6884,0.306984,3.89036,0.00483635,0.306984,1.78696,0.0726997,8.7971,0.452432,0.00467436,8.26361,0.00767463,0.00594666,0.00730914,0.00368551,8.26361,0.00563283,1.78591,1.0461,0.000307652,0.165621,0.000767464,0.00099111,0.000306984,0.000595988,0.165621,0.886941,7.44254e-07,3.05218,0.31182
2048.7083,273.376,273.764,1.94457,0.396986,0.0542202,0.00048699,0.00179232,0.0013682,-0.00130533,0.000716429,9.23408e-30,7.13744e-07,6.77708e-06,1.47675e-16,3.65977e-05,1.98363e-06,1.21949e-06,2.07773e-20,1.75146e-06,1.97484e-07,6.3089,91.0358,3.28665,0.261978,82.6805,0.300565,3.88597,0.00460059,0.300565,1.78447,0.0723665,8.79715,0.453533,0.00467191,8.2629,0.00751416,0.0059415,0.00715631,0.00368057,8.2629,0.00560966,1.78593,1.04616,0.000309484,0.165602,0.000751417,0.00099025,0.000300565,0.000595159,0.165602,0.370999,7.13744e-07,3.02225,0.305166
2048.7917,267.865,268.589,0.0378776,0.414607,0.000515579,1.73036e-06,0.00112358,0.000248194,-0.00112185,0.000703381,0,6.79178e-07,5.62931e-08,1.60872e-16,9.06209e-06,1.9113e-06,1.16087e-08,2.26071e-20,3.157e-07,1.9113e-07,6.26475,91.0047,3.27409,0.276059,82.677,0.292988,3.87949,0.00433207,0.292988,1.78683,0.0719594,8.79736,0.454183,0.00496048,8.26257,0.00732474,0.00593333,0.0069759,0.0036856,8.26257,0.00558143,1.78594,1.04619,0.000330404,0.165594,0.000732474,0.000988888,0.000292988,0.000595943,0.165594,0.390236,6.79178e-07,2.99066,0.29732
2048.8750,267.28,267.6,0,0.402536,0,0,0.000970098,7.57813e-05,-0.000970098,0.000690647,0,6.38107e-07,0,1.73157e-16,2.10468e-06,1.8631e-06,0,2.43128e-20,7.6119e-08,1.8631e-07,6.2283,91.0027,3.26172,0.304916,82.6765,0.285598,3.87301,0.00407915,0.285598,1.79299,0.0715599,8.79768,0.45435,0.00556354,8.26251,0.00714,0.00592506,0.00679996,0.00369846,8.26251,0.00555371,1.78596,1.04619,0.0003712,0.165593,0.000714,0.00098751,0.000285599,0.000597998,0.165593,0.154636,6.38107e-07,2.96658,0.289678
2048.9583,266.657,266.952,0,0.402536,0,0,0.000919649,4.6222e-05,-0.000919649,0.000678025,0,5.96306e-07,0,1.79632e-16,9.91393e-07,1.81534e-06,0,2.52035e-20,3.92002e-08,1.81535e-07,6.19199,91.0024,3.24935,0.334413,82.6765,0.278278,3.86644,0.00383718,0.278278,1.79942,0.0711618,8.798,0.454437,0.00618255,8.26251,0.006957,0.00591657,0.00662568,0.00371183,8.26251,0.00552605,1.78598,1.04619,0.000412718,0.165594,0.0006957,0.000986095,0.000278278,0.000600141,0.165594,0.135674,5.96306e-07,2.94264,0.282116
2049.0417,266.633,266.814,0,0.402536,0,0,0.00091431,2.93829e-05,-0.00091431,0.000666303,0,5.57745e-07,0,1.83921e-16,4.79553e-07,1.77103e-06,0,2.57886e-20,2.07403e-08,1.77103e-07,6.15793,91.0027,3.23776,0.362545,82.6766,0.271485,3.8602,0.00362015,0.271485,1.8056,0.0707901,8.7983,0.454497,0.00677515,8.26251,0.00678717,0.00590842,0.00646394,0.00372466,8.26251,0.00550021,1.786,1.04619,0.000452241,0.165594,0.000678717,0.000984736,0.000271485,0.000602202,0.165594,0.0901507,5.57745e-07,2.92017,0.275106
2049.1250,269.612,269.597,0,0.437577,0,0,0.00117544,0.000114857,-0.00117544,0.000654864,0,5.30399e-07,5.54249e-11,1.86273e-16,-4.10559e-06,1.72782e-06,2.07046e-12,2.61033e-20,3.71793e-08,1.72782e-07,6.12055,90.9988,3.22635,0.389235,82.6772,0.264861,3.85396,0.0034156,0.264861,1.81177,0.0704254,8.79856,0.454506,0.00733763,8.26256,0.00662156,0.0059002,0.00630621,0.00373743,8.26256,0.00547483,1.78601,1.04619,0.000489649,0.165596,0.000662156,0.000983367,0.000264861,0.000604256,0.165596,0.523614,5.30399e-07,2.8942,0.268277
2049.2083,278.062,276.938,1.57775,0.41946,0.527411,0.00324914,0.0020748,0.00242602,0.00117434,0.000644628,3.31669e-27,5.2232e-07,7.59634e-05,1.63003e-16,-2.60162e-06,8.43702e-06,6.66082e-06,2.29212e-20,2.06345e-06,6.34749e-07,6.08174,90.9609,3.21638,0.369214,82.6955,0.258924,3.84871,0.00324329,0.258924,1.81443,0.070102,8.79718,0.452382,0.00687345,8.26408,0.00647313,0.00589329,0.00616485,0.00374294,8.26408,0.00545224,1.78603,1.04621,0.000457114,0.165647,0.000647314,0.000982215,0.000258924,0.000605143,0.165647,0.918601,5.2232e-07,2.86536,0.262167
2049.2917,286.741,285.445,2.26889,0.204148,1.4855,0.0084892,0.00351277,0.00241938,0.00497643,0.000650099,1.63243e-26,5.54019e-07,5.5265e-06,1.4469e-16,4.95851e-05,3.56727e-05,8.10162e-07,2.04031e-20,2.9807e-06,2.58104e-06,6.10908,90.9423,3.22619,0.321013,82.703,0.261909,3.85758,0.00339896,0.261909,1.80916,0.0703418,8.79637,0.451745,0.00585599,8.2647,0.00654775,0.0059059,0.00623592,0.00373206,8.2647,0.00546938,1.78605,1.04626,0.000389019,0.165668,0.000654775,0.000984316,0.000261909,0.000603386,0.165668,1.9752,5.54019e-07,2.8829,0.265307
2049.3750,293.537,292.281,2.41421,0.188617,2.33177,0.0118094,0.00498409,0.0025858,0.00682536,0.000677549,2.52274e-26,6.31436e-07,8.00585e-06,1.48394e-16,6.39564e-05,5.81024e-05,9.73814e-07,2.09256e-20,3.36754e-06,4.20879e-06,6.23255,91.0272,3.26398,0.294172,82.6972,0.277352,3.88663,0.00399814,0.277352,1.80321,0.0713625,8.79648,0.451882,0.00531667,8.26419,0.00693383,0.00594661,0.00660361,0.00371983,8.26419,0.00554283,1.78606,1.04625,0.000352035,0.165653,0.000693383,0.000991102,0.000277352,0.000601403,0.165653,2.94377,6.31436e-07,2.96856,0.28135
2049.4583,294.356,293.556,2.61248,0.158503,2.08323,0.0104931,0.00515141,0.00199334,0.00534168,0.000714594,2.0883e-26,7.24741e-07,2.02613e-06,1.55962e-16,5.059e-05,5.25619e-05,3.32409e-07,2.19821e-20,2.58596e-06,3.81121e-06,6.39027,91.1527,3.31438,0.277156,82.6882,0.298208,3.92503,0.00477033,0.298208,1.79703,0.0727027,8.79665,0.451849,0.0049748,8.26342,0.00745523,0.00600055,0.00710019,0.00370724,8.26342,0.00563963,1.78608,1.04622,0.000328524,0.165629,0.000745524,0.00100009,0.000298208,0.000599345,0.165629,2.69695,7.24741e-07,3.07589,0.302978
2049.5417,291.482,291.217,2.73588,0.210308,1.24477,0.00716645,0.00475748,0.00241362,0.00240897,0.000737582,1.22693e-26,7.79203e-07,2.06881e-05,1.53968e-16,6.80154e-05,3.33484e-05,3.05268e-06,2.17009e-20,3.21088e-06,2.42456e-06,6.48198,91.2172,3.34755,0.265717,82.6786,0.311062,3.95143,0.00522658,0.311062,1.79082,0.0735392,8.79652,0.451943,0.0047455,8.2626,0.00777657,0.00603814,0.00740623,0.00369464,8.2626,0.00570003,1.7861,1.04622,0.000312835,0.165604,0.000777658,0.00100636,0.000311062,0.000597275,0.165604,1.86321,7.79203e-07,3.13443,0.316288
2049.6250,283.153,283.57,2.71323,0.259491,0.366214,0.00304065,0.00320356,0.00216774,-0.000162912,0.000741827,3.59555e-27,7.86284e-07,2.15974e-05,1.47469e-16,6.49089e-05,1.13491e-05,4.14489e-06,2.07765e-20,2.90317e-06,8.45858e-07,6.4959,91.2008,3.35719,0.255209,82.6659,0.313273,3.96108,0.00528353,0.313273,1.78382,0.0737261,8.79622,0.452811,0.00452989,8.26147,0.00783186,0.0060526,0.00745888,0.00368044,8.26147,0.00571364,1.78612,1.04627,0.000299556,0.165571,0.000783186,0.00100877,0.000313273,0.000594941,0.165571,0.900611,7.86284e-07,3.13872,0.318556
2049.7083,274.325,275.123,2.0066,0.262468,0.0967338,0.000668633,0.00193634,0.00132647,-0.0012677,0.000731346,1.16499e-28,7.52134e-07,1.95029e-06,1.46286e-16,3.9124e-05,2.3015e-06,4.88054e-07,2.05846e-20,1.73171e-06,2.18921e-07,6.45599,91.1463,3.34817,0.253808,82.6563,0.307136,3.95732,0.0050383,0.307136,1.78023,0.0734087,8.79619,0.454006,0.00449816,8.2606,0.00767844,0.00604847,0.00731277,0.00367327,8.2606,0.0056915,1.78614,1.04634,0.000299227,0.165547,0.000767845,0.00100808,0.000307136,0.000593745,0.165547,0.357513,7.52134e-07,3.10782,0.312175
2049.7917,263.544,264.445,0,0.231119,0,0,0.00102645,7.7299e-05,-0.00102645,0.000718046,0,7.08534e-07,4.11552e-14,1.65884e-16,3.67967e-06,1.9532e-06,1.07081e-14,2.3311e-20,1.05068e-07,1.95321e-07,6.41328,91.1246,3.33539,0.274514,82.6529,0.299411,3.95075,0.00474486,0.299411,1.78388,0.0729945,8.79652,0.454626,0.00492616,8.26029,0.00748532,0.00604033,0.00712884,0.00368101,8.26029,0.00566278,1.78615,1.04636,0.000329143,0.16554,0.000748532,0.00100672,0.000299411,0.000594959,0.16554,0.233092,7.08534e-07,3.07788,0.304156
2049.8750,264.617,265.023,0,0.230526,0,0,0.000955889,9.61219e-06,-0.000955889,0.000705034,0,6.64736e-07,0,1.80554e-16,5.70533e-07,1.90394e-06,0,2.53552e-20,1.38828e-08,1.90395e-07,6.37541,91.1249,3.32277,0.306428,82.6526,0.29186,3.94415,0.00446784,0.29186,1.79043,0.0725872,8.79684,0.454711,0.00559581,8.26025,0.00729653,0.00603203,0.00694905,0.0036947,8.26025,0.00563452,1.78617,1.04636,0.0003736,0.165539,0.000729654,0.00100534,0.00029186,0.000597142,0.165539,0.152744,6.64736e-07,3.05264,0.296328
2049.9583,264.948,265.296,0,0.230526,0,0,0.000931355,5.63816e-06,-0.000931355,0.000692136,0,6.22616e-07,0,1.83984e-16,3.39063e-07,1.85514e-06,0,2.58204e-20,8.05828e-09,1.85515e-07,6.33723,91.1253,3.31015,0.338398,82.6525,0.284379,3.93746,0.00420281,0.284379,1.79711,0.0721813,8.79717,0.454767,0.00626844,8.26025,0.00710952,0.00602351,0.00677093,0.00370865,8.26025,0.00560633,1.78619,1.04636,0.000418103,0.165539,0.000710952,0.00100392,0.000284379,0.000599371,0.165539,0.200858,6.22616e-07,3.02709,0.288582
2050.0417,264.38,264.551,0,0.230526,0,0,0.00090415,2.15234e-06,-0.00090415,0.000680159,0,5.82577e-07,0,1.90995e-16,1.47084e-07,1.80986e-06,0,2.67884e-20,3.31861e-09,1.80986e-07,6.30325,91.1273,3.29832,0.368156,82.6525,0.277437,3.9311,0.0039651,0.277437,1.80347,0.0718023,8.79747,0.454814,0.00689558,8.26024,0.00693597,0.00601532,0.00660565,0.00372187,8.26024,0.00557999,1.78621,1.04636,0.000459575,0.165539,0.000693597,0.00100255,0.000277437,0.000601489,0.165539,0.163898,5.82577e-07,3.00493,0.281402
2050.1250,266.989,267.079,0,0.230526,0,0,0.00103066,2.02429e-06,-0.00103066,0.00066847,0,5.51495e-07,0,1.94007e-16,1.2991e-07,1.7657e-06,0,2.71949e-20,2.96129e-09,1.7657e-07,6.26719,91.1267,3.28667,0.397248,82.6524,0.270668,3.92475,0.00374106,0.270668,1.80982,0.0714305,8.79777,0.454856,0.00750972,8.26024,0.00676673,0.00600706,0.00644447,0.00373505,8.26024,0.00555412,1.78623,1.04636,0.000500174,0.165539,0.000676673,0.00100118,0.000270668,0.000603605,0.165539,0.36116,5.51495e-07,2.98053,0.274409
2050.2083,274.004,273.274,0.692249,0.450204,0.252897,0.00151959,0.00160656,0.00158611,-8.69639e-05,0.000656919,1.35613e-27,5.36837e-07,7.89952e-05,1.83084e-16,-3.09465e-05,4.53175e-06,6.73768e-06,2.56927e-20,8.08136e-07,3.65759e-07,6.22617,91.1102,3.27513,0.406653,82.662,0.263979,3.91843,0.00352806,0.263979,1.81539,0.0710621,8.7973,0.453763,0.00769081,8.26103,0.00659952,0.00599877,0.00628522,0.00374661,8.26103,0.00552846,1.78624,1.04636,0.000510784,0.165566,0.000659952,0.000999796,0.000263979,0.000605463,0.165566,0.823008,5.36837e-07,2.95105,0.267507
2050.2917,286.514,284.98,2.29432,0.250484,1.41017,0.00858743,0.00352913,0.00290988,0.00505829,0.000658315,1.5145e-26,5.63153e-07,1.68696e-05,1.47215e-16,4.8995e-05,3.35912e-05,2.60364e-06,2.07747e-20,3.36271e-06,2.43685e-06,6.23778,91.0754,3.28044,0.340341,82.6858,0.264623,3.92449,0.00360719,0.264623,1.81152,0.0711682,8.79535,0.451195,0.0062433,8.263,0.00661562,0.00600758,0.00630056,0.00373864,8.263,0.00553623,1.78626,1.0464,0.000415111,0.165632,0.000661562,0.00100126,0.000264623,0.000604174,0.165632,1.96423,5.63153e-07,2.95734,0.268231
2050.3750,296.683,294.294,2.41532,0.139469,2.43007,0.0100233,0.00482955,0.00213835,0.00519378,0.000681332,1.95591e-26,6.41615e-07,1.71004e-06,1.48009e-16,4.78229e-05,4.5219e-05,2.49467e-07,2.0896e-20,2.66428e-06,3.28293e-06,6.34578,91.1407,3.31426,0.306523,82.6827,0.277475,3.95176,0.00415552,0.277475,1.80568,0.0720627,8.79538,0.451306,0.00556062,8.26273,0.00693692,0.00604587,0.00660655,0.00372664,8.26273,0.00560078,1.78628,1.04641,0.000368758,0.165625,0.000693692,0.00100765,0.000277475,0.000602226,0.165625,2.84827,6.41615e-07,3.03151,0.281631
2050.4583,295.916,294.814,2.52318,0.138402,1.62386,0.00813868,0.00463967,0.00179164,0.00349901,0.000701781,1.5171e-26,7.12015e-07,1.25509e-06,1.56844e-16,3.8141e-05,3.72936e-05,1.74938e-07,2.21327e-20,2.21921e-06,2.70664e-06,6.42953,91.207,3.34508,0.295103,82.6793,0.288854,3.97701,0.00462604,0.288854,1.80308,0.0728497,8.79567,0.451343,0.00533464,8.26242,0.00722139,0.00608161,0.00687748,0.00372142,8.26242,0.00565757,1.78629,1.04639,0.000352427,0.165616,0.000722139,0.0010136,0.000288854,0.00060136,0.165616,2.09911,7.12015e-07,3.08446,0.29348
2050.5417,292.712,292.368,2.60555,0.19269,1.26048,0.00688183,0.00470331,0.0023359,0.00217851,0.000717404,1.19384e-26,7.54384e-07,1.10064e-05,1.55857e-16,5.95543e-05,3.08245e-05,1.61693e-06,2.19911e-20,3.04894e-06,2.24305e-06,6.49123,91.2428,3.36991,0.28041,82.6733,0.29749,3.99806,0.00497426,0.29749,1.79789,0.0734557,8.79577,0.451644,0.00504437,8.26192,0.00743727,0.00611168,0.00708308,0.00371088,8.26192,0.00570132,1.78631,1.0464,0.000332002,0.1656,0.000743728,0.00101861,0.00029749,0.000599631,0.1656,1.9,7.54384e-07,3.12132,0.302464
2050.6250,286.741,286.854,2.62821,0.187451,0.693022,0.00378678,0.00367032,0.00197407,0.000116458,0.000721953,5.07891e-27,7.68718e-07,3.79916e-06,1.54285e-16,5.47562e-05,1.44151e-05,7.58916e-07,2.1753e-20,2.60038e-06,1.06166e-06,6.50596,91.2282,3.38032,0.267411,82.6632,0.299858,4.00852,0.00506638,0.299858,1.79169,0.0736649,8.79582,0.452629,0.00478105,8.26104,0.00749649,0.00612716,0.00713948,0.00369827,8.26104,0.0057165,1.78633,1.04645,0.000315103,0.165573,0.00074965,0.00102119,0.000299858,0.000597562,0.165573,1.04673,7.68718e-07,3.12563,0.304925
2050.7083,277.978,278.728,2.48721,0.174493,0.133742,0.000883021,0.00229881,0.00135127,-0.00141579,0.000713744,2.0823e-28,7.40443e-07,8.30279e-08,1.55629e-16,3.43036e-05,2.43219e-06,2.567e-08,2.19097e-20,1.71297e-06,2.24701e-07,6.47004,91.1823,3.37398,0.266284,82.6565,0.295018,4.00656,0.00487561,0.295018,1.78948,0.0734236,8.7961,0.453779,0.00475644,8.26045,0.00737548,0.00612543,0.00702423,0.00369392,8.26045,0.00569963,1.78635,1.0465,0.000314646,0.165556,0.000737548,0.00102091,0.000295018,0.000596826,0.165556,0.339002,7.40443e-07,3.09606,0.299893
2050.7917,264.622,266.042,0.206619,0.139615,0.00182604,1.09963e-05,0.00108967,0.000201961,-0.00107867,0.000700965,0,6.95168e-07,2.46451e-12,1.65097e-16,7.18159e-06,1.87619e-06,8.05497e-13,2.32127e-20,2.56944e-07,1.8762e-07,6.42485,91.151,3.36147,0.280433,82.6536,0.287606,3.99992,0.00459203,0.287606,1.79209,0.0730214,8.79642,0.454478,0.00504905,8.26017,0.00719019,0.00611712,0.00684777,0.00369949,8.26017,0.00567169,1.78636,1.04653,0.00033558,0.16555,0.00071902,0.00101952,0.000287606,0.000597697,0.16555,0.169758,6.95168e-07,3.06338,0.292198
2050.8750,263.967,264.614,0,0.119238,0,0,0.000822257,1.81021e-05,-0.000822257,0.000688448,0,6.47575e-07,0,1.75104e-16,9.37437e-07,1.82888e-06,0,2.46017e-20,2.39508e-08,1.82888e-07,6.38903,91.1513,3.34909,0.310556,82.6531,0.280353,3.99324,0.00432393,0.280353,1.79864,0.0726253,8.79674,0.454593,0.00568201,8.26012,0.00700885,0.00610864,0.00667506,0.00371315,8.26012,0.00564416,1.78638,1.04653,0.000377838,0.165549,0.000700886,0.00101811,0.000280353,0.000599878,0.165549,0.0770233,6.47575e-07,3.03994,0.284677
2050.9583,262.163,262.774,0,0.119238,0,0,0.000774895,4.72396e-06,-0.000774895,0.000676039,0,6.02259e-07,0,1.82571e-16,2.97103e-07,1.782e-06,0,2.5634e-20,6.96853e-09,1.782e-07,6.35617,91.1558,3.33669,0.34127,82.653,0.273167,3.98647,0.00406744,0.273167,1.8054,0.0722305,8.79705,0.454654,0.00632995,8.26011,0.00682921,0.00609993,0.00650398,0.00372723,8.26011,0.00561668,1.7864,1.04653,0.000420758,0.165549,0.000682921,0.00101666,0.000273167,0.000602132,0.165549,0.14678,6.02259e-07,3.01948,0.277234
2051.0417,264.647,264.878,0,0.119244,0,0,0.00089804,2.60733e-06,-0.00089804,0.000664516,0,5.6621e-07,0,1.87714e-16,1.73383e-07,1.7385e-06,0,2.63405e-20,3.94667e-09,1.73851e-07,6.32288,91.1576,3.32508,0.369971,82.6529,0.266499,3.98003,0.00383739,0.266499,1.81183,0.0718618,8.79734,0.4547,0.00693665,8.26011,0.0066625,0.00609157,0.00634521,0.0037406,8.26011,0.00559101,1.78642,1.04653,0.000460871,0.165549,0.000666251,0.00101526,0.000266499,0.000604277,0.165549,0.250328,5.6621e-07,2.9978,0.270336
2051.1250,267.478,267.572,0,0.119238,0,0,0.00102813,2.6028e-06,-0.00102813,0.00065327,0,5.38922e-07,0,1.89628e-16,1.64167e-07,1.69608e-06,0,2.65933e-20,3.76373e-09,1.69608e-07,6.28666,91.1558,3.31363,0.39801,82.6529,0.259996,3.9736,0.00362056,0.259996,1.81826,0.0714999,8.79763,0.454743,0.00753037,8.2601,0.00649994,0.00608314,0.00619038,0.00375392,8.2601,0.00556578,1.78643,1.04653,0.000500123,0.165548,0.000649994,0.00101386,0.000259996,0.000606419,0.165548,0.322781,5.38922e-07,2.97302,0.263617
2051.2083,275.042,274.269,0.958439,0.299341,0.320613,0.00201445,0.00172783,0.00195838,0.000286618,0.000642619,2.0455e-27,5.21036e-07,8.07708e-05,1.73978e-16,-2.21024e-05,5.70405e-06,6.30449e-06,2.44491e-20,1.30898e-06,4.41769e-07,6.24681,91.1313,3.30276,0.395133,82.6663,0.25384,3.96747,0.00342059,0.25384,1.823,0.0711509,8.79676,0.453179,0.00744092,8.26122,0.00634604,0.00607504,0.00604381,0.00376373,8.26122,0.00554138,1.78645,1.04654,0.000492905,0.165586,0.000634604,0.00101251,0.00025384,0.000608,0.165586,0.750263,5.21036e-07,2.94404,0.257261
2051.2917,286.787,285.409,2.24753,0.202533,1.45776,0.00854,0.0036965,0.00249426,0.0048435,0.000652752,1.74062e-26,5.4809e-07,4.06873e-06,1.5034e-16,4.46281e-05,3.75683e-05,5.41631e-07,2.12143e-20,2.96144e-06,2.70193e-06,6.26088,91.1021,3.31519,0.338413,82.6835,0.25962,3.9761,0.00356566,0.25962,1.81928,0.0713573,8.79547,0.451491,0.0062105,8.26265,0.00649053,0.00608737,0.00618142,0.00375604,8.26265,0.0055559,1.78646,1.04657,0.000411508,0.165634,0.000649053,0.00101456,0.00025962,0.000606759,0.165634,1.9811,5.4809e-07,2.9457,0.263185
2051.3750,295.344,293.82,2.45811,0.160189,2.25293,0.0106762,0.00515236,0.00231825,0.00552381,0.000691836,2.28976e-26,6.29777e-07,3.52753e-06,1.54341e-16,5.0648e-05,5.38635e-05,4.07411e-07,2.17844e-20,2.92473e-06,3.87973e-06,6.35968,91.1635,3.36038,0.309152,82.6806,0.281987,4.00577,0.00417268,0.281987,1.8141,0.0723721,8.79567,0.451527,0.00562266,8.2624,0.00704971,0.00612898,0.00671397,0.0037454,8.2624,0.00562832,1.78648,1.04657,0.000371153,0.165626,0.000704971,0.0010215,0.000281987,0.000605033,0.165626,2.85961,6.29777e-07,2.9993,0.28616
2051.4583,294.191,293.492,2.72618,0.232251,1.68797,0.0110269,0.0056319,0.00291212,0.00539498,0.000740878,2.2501e-26,7.1595e-07,4.65368e-05,1.53118e-16,7.60907e-05,5.89174e-05,5.49251e-06,2.16314e-20,3.87018e-06,4.25272e-06,6.49519,91.2622,3.41728,0.286812,82.6729,0.310037,4.04326,0.00491964,0.310037,1.80726,0.0737161,8.79546,0.451076,0.00517556,8.26177,0.00775097,0.00618168,0.00738184,0.00373141,8.26177,0.0057247,1.7865,1.04654,0.000340436,0.165604,0.000775098,0.00103028,0.000310037,0.000602754,0.165604,2.636,7.1595e-07,3.07791,0.314957
2051.5417,291.329,291.098,2.92396,0.238352,1.40365,0.00759657,0.00499224,0.00275056,0.00260433,0.00077667,1.31058e-26,7.7587e-07,3.85211e-05,1.45882e-16,8.34581e-05,3.784e-05,4.84279e-06,2.06595e-20,3.75264e-06,2.73818e-06,6.59204,91.3083,3.45986,0.263353,82.6564,0.330452,4.07207,0.00542534,0.330452,1.79645,0.0747218,8.79415,0.450676,0.00469666,8.26035,0.00826135,0.00622265,0.00786791,0.00370929,8.26035,0.00579689,1.78652,1.04657,0.000309733,0.16556,0.000826135,0.00103711,0.000330452,0.00059915,0.16556,2.05505,7.7587e-07,3.13217,0.335878
2051.6250,286.707,286.751,2.98175,0.251336,0.666688,0.00400029,0.00392554,0.00242313,7.47458e-05,0.00078721,5.132e-27,7.89031e-07,3.00367e-05,1.41187e-16,7.57444e-05,1.65142e-05,3.91906e-06,2.00023e-20,3.29558e-06,1.21079e-06,6.61133,91.2916,3.47436,0.251758,82.6405,0.336372,4.08322,0.00550899,0.336372,1.78807,0.0750096,8.79332,0.451213,0.00445564,8.25895,0.00840933,0.00623925,0.00800885,0.00369222,8.25895,0.00581754,1.78654,1.04662,0.000295237,0.165519,0.000840933,0.00103987,0.000336372,0.000596355,0.165519,1.0675,7.89031e-07,3.13697,0.341881
2051.7083,274.07,274.965,1.01955,0.292063,0.0589093,0.000476334,0.00183056,0.00116723,-0.00135423,0.000778953,1.85701e-28,7.62091e-07,2.77569e-06,1.44113e-16,3.72309e-05,2.67964e-06,4.66906e-07,2.03818e-20,1.54189e-06,2.50042e-07,6.57572,91.2415,3.46778,0.252442,82.6291,0.331511,4.08097,0.00528869,0.331511,1.78417,0.0747483,8.79334,0.452516,0.00446579,8.25792,0.0082878,0.00623727,0.00789311,0.00368442,8.25792,0.00579935,1.78656,1.04669,0.000297888,0.165492,0.000828781,0.00103955,0.000331511,0.000595057,0.165492,0.425275,7.62091e-07,3.10794,0.336799
2051.7917,269.313,269.783,0,0.247863,0,0,0.00118989,0.000281628,-0.00118989,0.000764607,0,7.1798e-07,1.8044e-13,1.53136e-16,9.53991e-06,2.10818e-06,4.79137e-14,2.16241e-20,3.35727e-07,2.10819e-07,6.53216,91.2219,3.45422,0.275512,82.6257,0.323169,4.07418,0.00498039,0.323169,1.78848,0.0743084,8.79368,0.453153,0.00493796,8.25759,0.00807926,0.00622889,0.0076945,0.00369354,8.25759,0.0057689,1.78658,1.04671,0.000331536,0.165485,0.000807926,0.00103815,0.000323169,0.000596493,0.165485,0.221329,7.1798e-07,3.07795,0.328149
2051.8750,268.611,268.894,0,0.247863,0,0,0.000986527,0.000150855,-0.000986527,0.000750581,0,6.69116e-07,1.11809e-36,1.6159e-16,3.03842e-06,2.05501e-06,3.03186e-37,2.27953e-20,1.38306e-07,2.05502e-07,6.49516,91.2204,3.44084,0.305199,82.6253,0.315018,4.06738,0.00468963,0.315018,1.79475,0.0738763,8.79403,0.453364,0.00555408,8.25753,0.00787549,0.00622038,0.00750044,0.00370669,8.25753,0.00573898,1.7866,1.04671,0.000373571,0.165484,0.00078755,0.00103673,0.000315018,0.000598584,0.165484,0.0741807,6.69116e-07,3.05432,0.319708
2051.9583,268.188,268.436,0,0.247863,0,0,0.000957207,0.000137805,-0.000957207,0.000736677,0,6.21395e-07,0,1.66658e-16,1.25387e-06,2.00234e-06,0,2.34899e-20,9.91915e-08,2.00235e-07,6.45897,91.2209,3.42746,0.334607,82.626,0.306944,4.06048,0.00441144,0.306944,1.8013,0.0734457,8.79438,0.453471,0.00616556,8.25758,0.00767364,0.00621162,0.00730819,0.00372035,8.25758,0.00570913,1.78662,1.04672,0.000415066,0.165487,0.000767364,0.00103527,0.000306944,0.000600765,0.165487,0.0820305,6.21395e-07,3.03151,0.311356
2052.0417,268.187,268.419,0,0.247863,0,0,0.00105603,0.000116406,-0.00105603,0.000723766,0,5.82153e-07,0,1.71314e-16,3.22358e-07,1.95346e-06,0,2.41275e-20,7.0331e-08,1.95347e-07,6.42256,91.2191,3.41493,0.361758,82.6272,0.299451,4.05392,0.00416193,0.299451,1.80758,0.0730439,8.7947,0.453531,0.0067308,8.25767,0.00748632,0.0062032,0.00712979,0.00373343,8.25767,0.00568125,1.78664,1.04672,0.000453357,0.165491,0.000748632,0.00103387,0.000299451,0.000602858,0.165491,0.171875,5.82153e-07,3.00763,0.303613
2052.1250,268.952,269.056,0,0.247863,0,0,0.0011603,5.18644e-05,-0.0011603,0.000711167,0,5.53294e-07,0,1.74883e-16,5.02383e-07,1.9058e-06,0,2.46129e-20,3.23661e-08,1.9058e-07,6.38413,91.216,3.40259,0.39004,82.6279,0.292144,4.04737,0.00392676,0.292144,1.81397,0.0726497,8.79502,0.453583,0.00732331,8.25772,0.00730365,0.00619471,0.00695582,0.00374672,8.25772,0.00565388,1.78666,1.04672,0.000493171,0.165493,0.000730365,0.00103245,0.000292144,0.000604989,0.165493,0.412846,5.53294e-07,2.98154,0.296071
2052.2083,273.28,272.786,0.689831,0.422975,0.150671,0.00128536,0.00155819,0.00146047,-0.000272822,0.000698559,6.0819e-28,5.39538e-07,4.75278e-05,1.66933e-16,-2.35953e-05,3.23755e-06,4.16573e-06,2.35039e-20,8.79599e-07,2.78554e-07,6.34214,91.2005,3.39016,0.402029,82.6366,0.284836,4.04071,0.00369959,0.284836,1.81972,0.0722537,8.79489,0.452883,0.00755781,8.25844,0.00712095,0.00618598,0.00678182,0.00375865,8.25844,0.00562634,1.78667,1.04672,0.00050761,0.165517,0.000712095,0.001031,0.000284836,0.000606906,0.165517,0.826575,5.39538e-07,2.95198,0.288536
2052.2917,282.866,281.634,2.4315,0.290231,1.07058,0.00754973,0.00306357,0.00285826,0.00448615,0.000694669,1.07364e-26,5.53331e-07,2.62488e-05,1.36281e-16,4.76197e-05,2.6279e-05,4.2163e-06,1.92702e-20,3.3192e-06,1.90955e-06,6.33266,91.1516,3.38838,0.345771,82.6567,0.282498,4.04143,0.0036528,0.282498,1.81654,0.0721697,8.79355,0.451204,0.0063268,8.26009,0.00706248,0.00618741,0.00672614,0.00375208,8.26009,0.00562056,1.78669,1.04677,0.000424676,0.165574,0.000706248,0.00103124,0.000282498,0.000605844,0.165574,1.583,5.53331e-07,2.94428,0.286151
2052.3750,291.884,290.455,2.58905,0.181855,2.36088,0.0122567,0.00486257,0.0025553,0.00739408,0.000718217,2.36508e-26,6.17965e-07,6.81407e-06,1.38385e-16,5.65592e-05,5.87199e-05,8.81622e-07,1.95869e-20,3.20641e-06,4.25394e-06,6.44208,91.2158,3.42069,0.309304,82.6541,0.295755,4.06619,0.00414877,0.295755,1.81032,0.073072,8.7934,0.451142,0.00559356,8.25986,0.00739392,0.00622222,0.00704179,0.00373927,8.25986,0.00568554,1.78671,1.04678,0.000374071,0.165568,0.000739392,0.00103704,0.000295755,0.000603773,0.165568,2.82699,6.17965e-07,3.02139,0.299904
2052.4583,297.603,295.986,2.75091,0.105671,1.98223,0.00786989,0.00480783,0.00156791,0.00306206,0.000748175,1.29222e-26,7.0614e-07,1.95121e-09,1.49224e-16,3.56432e-05,3.49912e-05,5.38648e-10,2.11116e-20,1.93397e-06,2.53554e-06,6.56732,91.3164,3.46134,0.293646,82.649,0.31262,4.09711,0.00474957,0.31262,1.80651,0.0741842,8.79364,0.45104,0.00528271,8.25941,0.00781554,0.00626579,0.00744333,0.00373151,8.25941,0.00576577,1.78673,1.04675,0.000352061,0.165555,0.000781554,0.0010443,0.00031262,0.000602501,0.165555,2.21866,7.0614e-07,3.10598,0.31737
2052.5417,290.345,290.242,2.80895,0.210356,0.983058,0.00665825,0.00438267,0.00231789,0.00227558,0.000759043,1.09992e-26,7.42061e-07,1.16351e-05,1.49302e-16,5.31593e-05,3.08678e-05,1.71503e-06,2.11146e-20,2.9404e-06,2.24278e-06,6.60482,91.3397,3.47871,0.285647,82.6455,0.318624,4.11187,0.00495416,0.318624,1.80373,0.0746137,8.79386,0.451283,0.00512847,8.25911,0.00796563,0.00628714,0.00758628,0.00372593,8.25911,0.00579655,1.78674,1.04676,0.000340223,0.165546,0.000796564,0.00104786,0.000318624,0.000601575,0.165546,1.73958,7.42061e-07,3.12611,0.323578
2052.6250,282.19,282.693,2.78478,0.23142,0.345738,0.00297101,0.00304134,0.00204666,-7.03289e-05,0.000762035,3.40061e-27,7.44247e-07,8.05491e-06,1.4394e-16,5.49429e-05,1.10849e-05,1.4989e-06,2.03498e-20,2.67332e-06,8.26629e-07,6.61752,91.3242,3.48636,0.271985,82.6368,0.320143,4.11983,0.00499557,0.320143,1.7979,0.0747667,8.79382,0.452124,0.0048546,8.25836,0.00800361,0.00629912,0.00762246,0.00371406,8.25836,0.00580767,1.78676,1.04681,0.000322282,0.165523,0.000800362,0.00104985,0.000320143,0.000599632,0.165523,0.766796,7.44247e-07,3.13116,0.325139
2052.7083,271.761,272.771,2.65616,0.240277,0.105078,0.000609171,0.00175062,0.00103949,-0.00114145,0.00075091,1.08308e-28,7.11132e-07,1.51362e-07,1.45853e-16,2.79781e-05,2.32865e-06,4.25127e-08,2.05934e-20,1.32152e-06,2.21785e-07,6.57837,91.277,3.47646,0.271999,82.6305,0.313644,4.11541,0.00475819,0.313644,1.79615,0.0744303,8.79403,0.453247,0.00485437,8.25779,0.00784114,0.0062939,0.00746771,0.00371061,8.25779,0.00578414,1.78678,1.04687,0.000323671,0.165507,0.000784114,0.00104898,0.000313644,0.000599048,0.165507,0.280921,7.11132e-07,3.10191,0.318402
2052.7917,261.444,262.684,0.762587,0.149528,0.00201182,3.55516e-06,0.00100468,3.49485e-05,-0.00100112,0.000737326,0,6.64021e-07,3.59015e-25,1.63951e-16,1.86722e-06,1.99461e-06,1.00262e-25,2.31242e-20,4.87931e-08,1.99461e-07,6.53705,91.2635,3.46332,0.296796,82.6286,0.305759,4.10857,0.0044812,0.305759,1.80112,0.0740084,8.79437,0.453665,0.00537166,8.2576,0.007644,0.00628525,0.00727997,0.00372104,8.2576,0.00575486,1.7868,1.04689,0.000359032,0.165503,0.000764401,0.00104754,0.000305758,0.000600706,0.165503,0.0839687,6.64021e-07,3.07373,0.31024
2052.8750,258.893,259.842,0,0.0846977,0,0,0.000832084,3.63376e-06,-0.000832084,0.000724032,0,6.18039e-07,0,1.78359e-16,2.6183e-07,1.9443e-06,0,2.51398e-20,5.91085e-09,1.94431e-07,6.4992,91.265,3.45034,0.329463,82.6284,0.298047,4.10171,0.00421958,0.298047,1.80797,0.0735934,8.79471,0.453732,0.00605958,8.25758,0.00745121,0.00627645,0.00709636,0.00373528,8.25758,0.00572605,1.78682,1.04689,0.000404579,0.165502,0.000745122,0.00104607,0.000298047,0.000602987,0.165502,0.117597,6.18039e-07,3.04886,0.302267
2052.9583,260.112,260.572,0,0.0846012,0,0,0.000808263,7.69544e-07,-0.000808263,0.000710854,0,5.75788e-07,0,1.91244e-16,6.64071e-08,1.89447e-06,0,2.6939e-20,1.40215e-09,1.89447e-07,6.46332,91.2686,3.43735,0.362054,82.6283,0.290408,4.09475,0.00396928,0.290408,1.81493,0.0731797,8.79504,0.453777,0.00674738,8.25758,0.00726023,0.00626742,0.00691447,0.00374975,8.25758,0.00569731,1.78684,1.04688,0.000450022,0.165502,0.000726024,0.00104457,0.000290408,0.000605307,0.165502,0.12576,5.75788e-07,3.02597,0.294377
2053.0417,263.575,263.805,0,0.0846005,0,0,0.000899118,5.21982e-07,-0.000899118,0.000698616,0,5.38982e-07,0,1.95885e-16,4.32457e-08,1.84823e-06,0,2.75765e-20,9.23225e-10,1.84823e-07,6.42833,91.2705,3.42517,0.392359,82.6283,0.283319,4.08814,0.00374478,0.283319,1.82154,0.0727936,8.79534,0.453817,0.0073879,8.25758,0.007083,0.00625875,0.00674568,0.00376346,8.25758,0.00567046,1.78686,1.04688,0.000492337,0.165502,0.000708301,0.00104312,0.000283319,0.000607511,0.165502,0.140994,5.38982e-07,3.00315,0.287064
2053.1250,266.292,266.359,0,0.0846039,0,0,0.00100652,4.87193e-07,-0.00100652,0.000686673,0,5.09401e-07,0,1.9547e-16,3.95663e-08,1.80313e-06,0,2.75019e-20,8.47928e-10,1.80313e-07,6.39192,91.2703,3.41319,0.421958,82.6283,0.276406,4.08154,0.00353318,0.276406,1.82814,0.0724147,8.79564,0.453856,0.00801454,8.25758,0.00691017,0.00625001,0.00658108,0.00377712,8.25758,0.00564408,1.78688,1.04688,0.000533735,0.165502,0.000691018,0.00104167,0.000276406,0.000609712,0.165502,0.272467,5.09401e-07,2.97873,0.279939
2053.2083,271.684,271.33,0.520571,0.378703,0.085025,0.000753503,0.00133189,0.00134208,-0.000578392,0.000674682,2.39819e-28,4.93094e-07,6.70445e-05,1.77199e-16,-2.99105e-05,2.26603e-06,5.96394e-06,2.4949e-20,6.64251e-07,2.08211e-07,6.35134,91.2567,3.40105,0.434608,82.6366,0.269469,4.07477,0.00332793,0.269469,1.83408,0.0720321,8.79537,0.453012,0.00826331,8.25828,0.00673676,0.00624097,0.00641592,0.00378938,8.25828,0.00561741,1.78689,1.04689,0.000548884,0.165525,0.000673676,0.00104016,0.000269469,0.000611691,0.165525,0.73854,4.93094e-07,2.95029,0.272797
2053.2917,284.013,282.361,2.25294,0.281271,1.2698,0.00759138,0.00320948,0.00292382,0.0043819,0.000673541,1.35847e-26,5.1493e-07,2.23994e-05,1.46746e-16,3.79547e-05,3.0876e-05,3.7067e-06,2.07719e-20,3.20391e-06,2.23162e-06,6.34339,91.2107,3.40141,0.373057,82.6625,0.268752,4.07616,0.00331987,0.268752,1.83176,0.0719847,8.79358,0.450488,0.00688997,8.26043,0.00671885,0.00624319,0.00639887,0.00378455,8.26043,0.00561417,1.78691,1.04692,0.000459134,0.165597,0.000671885,0.00104053,0.000268752,0.00061092,0.165597,1.8509,5.1493e-07,2.94198,0.272072
2053.3750,292.083,290.62,2.52573,0.20649,2.26893,0.0124971,0.00504213,0.00289577,0.00745498,0.000709254,2.69816e-26,5.96217e-07,9.99049e-06,1.41732e-16,5.98896e-05,6.47408e-05,1.27082e-06,2.00921e-20,3.64001e-06,4.67543e-06,6.46492,91.2791,3.44479,0.326991,82.6624,0.289104,4.10609,0.00395233,0.289104,1.82473,0.0730944,8.79347,0.450212,0.00595358,8.26044,0.00722764,0.00628503,0.00688343,0.00377,8.26044,0.00569372,1.78693,1.04693,0.000395774,0.165596,0.000722765,0.0010475,0.000289104,0.000608575,0.165596,2.91523,5.96217e-07,3.02013,0.293057
2053.4583,295.459,294.011,2.7791,0.147304,2.35291,0.0108356,0.00554782,0.00215014,0.00528777,0.00075565,2.10094e-26,6.88665e-07,1.23644e-06,1.47226e-16,5.01176e-05,5.60921e-05,1.61851e-07,2.08754e-20,2.75462e-06,4.05548e-06,6.6239,91.3991,3.50112,0.300693,82.6562,0.315526,4.14497,0.00474589,0.315526,1.81831,0.0745523,8.7936,0.449929,0.00543168,8.25993,0.00788818,0.00633955,0.00751252,0.00375682,8.25993,0.00579858,1.78694,1.04689,0.000359769,0.165578,0.000788819,0.00105659,0.000315526,0.000606435,0.165578,2.75805,6.88665e-07,3.12278,0.320272
2053.5417,292.758,292.29,2.91882,0.175056,1.38401,0.00700166,0.00486049,0.00215548,0.00214117,0.000781077,1.1497e-26,7.50435e-07,5.95486e-06,1.51139e-16,5.06776e-05,3.3423e-05,8.10899e-07,2.14234e-20,2.76711e-06,2.42263e-06,6.69927,91.4539,3.5336,0.290085,82.6504,0.329927,4.16847,0.00514659,0.329927,1.81416,0.0753592,8.7938,0.450016,0.00522342,8.25946,0.00824822,0.00637304,0.00785542,0.00374841,8.25946,0.00585654,1.78696,1.04689,0.000344877,0.165562,0.000824823,0.00106217,0.000329928,0.000605051,0.165562,1.92728,7.50435e-07,3.16566,0.335074
2053.6250,286.622,286.734,2.96718,0.151562,0.702317,0.00384406,0.00375083,0.00158829,9.3232e-05,0.000789994,4.83952e-27,7.66739e-07,8.04864e-08,1.5369e-16,3.6437e-05,1.55997e-05,2.409e-08,2.17677e-20,1.98724e-06,1.14688e-06,6.72019,91.4592,3.54708,0.284166,82.6444,0.334882,4.17954,0.00524862,0.334882,1.81048,0.0756508,8.79408,0.450631,0.00510833,8.25895,0.00837209,0.00638941,0.00797338,0.00374099,8.25895,0.00587753,1.78698,1.04691,0.000336794,0.165545,0.000837209,0.0010649,0.000334882,0.000603823,0.165545,0.981328,7.66739e-07,3.17311,0.340131
2053.7083,275.942,276.911,1.53551,0.148718,0.132179,0.000850675,0.00218095,0.000971746,-0.00133027,0.000781376,4.57697e-28,7.37419e-07,3.75066e-09,1.55197e-16,2.18078e-05,3.41261e-06,1.21844e-09,2.19573e-20,1.174e-06,2.98219e-07,6.68316,91.4229,3.54018,0.28816,82.6415,0.329811,4.17716,0.00504422,0.329811,1.81009,0.0753894,8.79443,0.451411,0.00519277,8.25869,0.00824532,0.00638711,0.00785265,0.00374039,8.25869,0.00585922,1.787,1.04695,0.000342722,0.165538,0.000824533,0.00106452,0.000329811,0.000603695,0.165538,0.38833,7.37419e-07,3.14297,0.334856
2053.7917,267.433,268.298,0,0.0620615,0,0,0.00119308,0.000179309,-0.00119308,0.000767211,0,6.94423e-07,7.11793e-36,1.59971e-16,5.1092e-06,2.09781e-06,2.75047e-36,2.26092e-20,1.92289e-07,2.09782e-07,6.63822,91.4054,3.52668,0.311676,82.6405,0.321579,4.1703,0.00475224,0.321579,1.81502,0.0749537,8.79478,0.451804,0.00567871,8.25859,0.00803952,0.00637852,0.00765665,0.00375074,8.25859,0.00582901,1.78702,1.04696,0.000376538,0.165536,0.000803952,0.00106309,0.000321579,0.000605337,0.165536,0.201858,6.94423e-07,3.11154,0.326331
2053.8750,265.343,265.925,0,0.0602184,0,0,0.00099869,3.81234e-05,-0.00099869,0.000753243,0,6.48581e-07,0,1.65955e-16,1.46053e-06,2.04491e-06,0,2.34365e-20,4.1884e-08,2.04491e-07,6.59936,91.4051,3.51322,0.343687,82.6403,0.313469,4.16334,0.0044748,0.313469,1.82175,0.074522,8.79513,0.451936,0.00634762,8.25856,0.00783675,0.00636966,0.00746354,0.00376479,8.25856,0.00579908,1.78705,1.04697,0.000421571,0.165536,0.000783676,0.00106161,0.000313469,0.00060758,0.165536,0.127449,6.48581e-07,3.08615,0.317943
2053.9583,267.06,267.385,0,0.0602183,0,0,0.00102926,3.32736e-05,-0.00102926,0.000739397,0,6.06665e-07,0,1.69656e-16,9.48072e-07,1.99249e-06,0,2.39426e-20,2.95432e-08,1.9925e-07,6.56022,91.406,3.49975,0.376943,82.6401,0.305434,4.15627,0.00420935,0.305434,1.82875,0.0740918,8.79547,0.452015,0.00704618,8.25855,0.00763589,0.00636057,0.00727224,0.00377936,8.25855,0.00576924,1.78707,1.04697,0.000468122,0.165536,0.00076359,0.0010601,0.000305434,0.000609914,0.165536,0.170092,6.06665e-07,3.06047,0.309644
2054.0417,265.364,265.806,0,0.060219,0,0,0.000929387,1.87198e-05,-0.000929387,0.000726539,0,5.67539e-07,0,1.72548e-16,5.96789e-07,1.94386e-06,0,2.4335e-20,1.71812e-08,1.94386e-07,6.52532,91.4088,3.48714,0.4079,82.6401,0.297978,4.14956,0.00397128,0.297978,1.83541,0.0736903,8.7958,0.452077,0.00769755,8.25854,0.0074495,0.00635184,0.00709472,0.00379321,8.25854,0.00574135,1.78708,1.04697,0.000511501,0.165536,0.00074495,0.00105864,0.000297978,0.000612136,0.165536,0.117921,5.67539e-07,3.03819,0.30195
2054.1250,268.018,268.205,0,0.0602191,0,0,0.00103608,1.36156e-05,-0.00103608,0.000713992,0,5.35921e-07,0,1.74827e-16,4.73145e-07,1.89643e-06,0,2.46415e-20,1.27499e-08,1.89643e-07,6.48744,91.4082,3.47472,0.438555,82.64,0.290707,4.14286,0.00374688,0.290707,1.8421,0.0732965,8.79611,0.45213,0.0083445,8.25853,0.00726772,0.00634304,0.0069216,0.00380706,8.25853,0.00571397,1.7871,1.04697,0.000554409,0.165536,0.000726773,0.00105717,0.000290707,0.000614364,0.165536,0.235357,5.35921e-07,3.01273,0.294454
2054.2083,269.701,269.642,0.035863,0.152472,1.13911e-08,5.28624e-05,0.00119536,0.000790212,-0.0011425,0.000701329,0,5.12018e-07,4.9744e-05,1.73244e-16,-2.71421e-05,1.84859e-06,2.4964e-06,2.44116e-20,2.53733e-07,1.84859e-07,6.4488,91.4048,3.46207,0.464617,82.6426,0.283374,4.13594,0.00352806,0.283374,1.84883,0.072897,8.79628,0.451927,0.00889074,8.25874,0.0070844,0.00633386,0.00674701,0.00382098,8.25874,0.00568617,1.78712,1.04697,0.000590206,0.165543,0.00070844,0.00105564,0.000283374,0.000616608,0.165543,0.553808,5.12018e-07,2.98674,0.286903
2054.2917,283.668,282.317,2.44972,0.279901,1.1913,0.00810936,0.00314549,0.00319733,0.00496388,0.000697565,1.16639e-26,5.25978e-07,4.24307e-05,1.38663e-16,3.04536e-05,2.80353e-05,6.44816e-06,1.9668e-20,3.26371e-06,2.0361e-06,6.44073,91.3612,3.4603,0.399607,82.6733,0.281115,4.13657,0.00349328,0.281115,1.84754,0.072816,8.79396,0.448586,0.00743173,8.2613,0.00702792,0.00633508,0.00669322,0.00381829,8.2613,0.00568078,1.78714,1.047,0.00049458,0.165628,0.000702792,0.00105585,0.000281115,0.000616178,0.165628,1.66494,5.25978e-07,2.98044,0.284609
2054.3750,291.296,289.905,2.56851,0.172093,2.03958,0.0117076,0.00464069,0.00254724,0.00706688,0.000719755,2.23614e-26,5.8095e-07,2.75049e-06,1.4113e-16,4.79023e-05,5.48014e-05,4.06097e-07,2.00452e-20,3.11616e-06,3.9691e-06,6.54366,91.4153,3.4908,0.353962,82.6758,0.293604,4.15999,0.0039713,0.293604,1.84192,0.0736648,8.79394,0.448459,0.0064826,8.26153,0.00734013,0.00636792,0.00699057,0.00380666,8.26153,0.00574183,1.78715,1.04701,0.000431423,0.165634,0.000734014,0.00106132,0.000293604,0.000614304,0.165634,2.47866,5.8095e-07,3.05286,0.297575
2054.4583,292.98,292.311,2.76559,0.186796,1.98283,0.0114273,0.00531558,0.00260074,0.00611172,0.000756134,2.15255e-26,6.75422e-07,6.93026e-06,1.46169e-16,5.3703e-05,5.69138e-05,8.45414e-07,2.07709e-20,3.29974e-06,4.12872e-06,6.70122,91.5348,3.53931,0.324762,82.6725,0.314132,4.19636,0.00471048,0.314132,1.83629,0.0749977,8.79413,0.448145,0.00590298,8.26129,0.00785334,0.00641896,0.00747934,0.00379511,8.26129,0.00583804,1.78717,1.04699,0.000391025,0.165624,0.000785334,0.00106983,0.000314132,0.000612429,0.165624,2.6902,6.75422e-07,3.16191,0.318843
2054.5417,293.159,292.388,2.89772,0.143821,1.48329,0.00692806,0.00476973,0.0018886,0.00215834,0.000780439,1.09925e-26,7.32437e-07,2.51228e-06,1.51241e-16,4.06335e-05,3.16044e-05,3.78568e-07,2.14893e-20,2.37245e-06,2.29898e-06,6.79954,91.607,3.57338,0.308282,82.6675,0.327764,4.22291,0.00518323,0.327764,1.8317,0.0758899,8.79435,0.448201,0.00558093,8.26089,0.00819414,0.00645667,0.00780391,0.00378577,8.26089,0.00590251,1.78719,1.04698,0.000368316,0.165609,0.000819414,0.00107611,0.000327764,0.000610898,0.165609,1.79634,7.32437e-07,3.22616,0.332947
2054.6250,284.567,284.92,2.90992,0.205352,0.492265,0.0034312,0.00346718,0.00207424,-3.59805e-05,0.000782972,4.0051e-27,7.40112e-07,3.68337e-06,1.48645e-16,4.86995e-05,1.29879e-05,6.89208e-07,2.11114e-20,2.67614e-06,9.65531e-07,6.80415,91.5929,3.58059,0.298166,82.6626,0.329017,4.23065,0.00521069,0.329017,1.82797,0.076024,8.79454,0.448854,0.00538272,8.26051,0.00822547,0.0064684,0.00783375,0.00377823,8.26051,0.00591227,1.78721,1.04702,0.000354704,0.165595,0.000822548,0.00107807,0.000329017,0.000609653,0.165595,0.932918,7.40112e-07,3.22356,0.334228
2054.7083,269.214,270.603,1.37015,0.177285,0.0590342,0.000469149,0.00164867,0.000805537,-0.00117952,0.000772285,1.51075e-28,7.11881e-07,7.11153e-07,1.52498e-16,2.12637e-05,2.51059e-06,1.8507e-07,2.16353e-20,1.03249e-06,2.36765e-07,6.76527,91.5486,3.57135,0.298885,82.6577,0.322761,4.22677,0.0049769,0.322761,1.82678,0.0757047,8.79483,0.449867,0.00540078,8.26009,0.00806906,0.006464,0.00768478,0.00377595,8.26009,0.00589001,1.78723,1.04707,0.000357199,0.165581,0.000806906,0.00107733,0.000322761,0.000609257,0.165581,0.374565,7.11881e-07,3.19392,0.327738
2054.7917,264.265,264.959,0,0.076622,0,0,0.00102872,1.96652e-05,-0.00102872,0.000758295,0,6.68293e-07,0,1.66576e-16,1.05801e-06,2.05254e-06,0,2.36132e-20,2.67269e-08,2.05255e-07,6.72398,91.5424,3.55783,0.328901,82.6566,0.314639,4.21974,0.00468693,0.314639,1.83294,0.0752718,8.79518,0.45011,0.00602752,8.25998,0.00786602,0.00645513,0.00749142,0.00378884,8.25998,0.00585998,1.78725,1.04708,0.000399474,0.165579,0.000786603,0.00107586,0.000314639,0.00061131,0.165579,0.126378,6.68293e-07,3.16615,0.319326
2054.8750,261.933,262.577,0,0.0765659,0,0,0.000893364,6.02986e-06,-0.000893364,0.000744615,0,6.23447e-07,0,1.74299e-16,3.65676e-07,2.00078e-06,0,2.4692e-20,8.68033e-09,2.00078e-07,6.68694,91.5458,3.54448,0.362513,82.6564,0.306704,4.2127,0.0044133,0.306704,1.83997,0.0748461,8.79552,0.450174,0.0067336,8.25997,0.00766764,0.00644612,0.00730248,0.00380349,8.25997,0.00583043,1.78727,1.04708,0.00044623,0.165578,0.000766764,0.00107435,0.000306704,0.000613653,0.165578,0.201147,6.23447e-07,3.14247,0.311117
2054.9583,264.449,264.778,0,0.0765667,0,0,0.000993926,2.18572e-06,-0.000993926,0.000731055,0,5.87187e-07,0,1.79997e-16,1.63142e-07,1.9495e-06,0,2.54836e-20,3.60034e-09,1.9495e-07,6.64777,91.5473,3.53112,0.396041,82.6564,0.298843,4.20555,0.0041515,0.298843,1.84711,0.074422,8.79586,0.450223,0.0074394,8.25996,0.00747111,0.00643688,0.00711531,0.00381835,8.25996,0.00580096,1.78729,1.04708,0.000492872,0.165578,0.000747111,0.00107281,0.000298843,0.000616035,0.165578,0.263104,5.87187e-07,3.11664,0.302994
2055.0417,265.91,266.177,0,0.0765663,0,0,0.00102026,1.98464e-06,-0.00102026,0.000718463,0,5.55845e-07,0,1.83064e-16,1.43401e-07,1.90191e-06,0,2.59026e-20,3.18207e-09,1.90191e-07,6.60912,91.5466,3.51861,0.427215,82.6563,0.291548,4.19875,0.0039167,0.291548,1.8539,0.0740261,8.79618,0.450266,0.00809674,8.25995,0.00728874,0.006428,0.00694162,0.00383244,8.25995,0.00577343,1.78731,1.04707,0.000536304,0.165578,0.000728874,0.00107133,0.000291548,0.000618299,0.165578,0.183424,5.55845e-07,3.09052,0.295465
2055.1250,266.794,266.948,0,0.0765682,0,0,0.00108596,1.90256e-06,-0.00108596,0.000706174,0,5.25289e-07,0,1.8469e-16,1.33534e-07,1.8555e-06,0,2.61176e-20,2.97548e-09,1.8555e-07,6.57034,91.545,3.50628,0.457659,82.6563,0.284434,4.19197,0.00369539,0.284434,1.86068,0.0736376,8.79648,0.450308,0.00873977,8.25995,0.00711088,0.00641906,0.00677223,0.00384648,8.25995,0.00574639,1.78733,1.04707,0.000578792,0.165578,0.000711089,0.00106984,0.000284434,0.000620559,0.165578,0.293421,5.25289e-07,3.06406,0.288129
2055.2083,277.692,276.503,1.78452,0.286377,0.505148,0.00327484,0.0021094,0.00239752,0.00116544,0.000694967,3.03631e-27,5.12316e-07,5.11462e-05,1.66753e-16,-2.33162e-05,8.48131e-06,4.3527e-06,2.36322e-20,1.65931e-06,6.4318e-07,6.5305,91.5106,3.49524,0.438689,82.677,0.277939,4.18606,0.00350435,0.277939,1.86447,0.0732858,8.79575,0.448629,0.00829173,8.26169,0.00694852,0.00641123,0.00661761,0.00385429,8.26169,0.00572182,1.78734,1.04709,0.000548171,0.165635,0.000694853,0.00106854,0.000277939,0.00062182,0.165635,0.930514,5.12316e-07,3.03526,0.281444
2055.2917,287.734,286.06,2.44217,0.152926,1.48907,0.00819746,0.00362538,0.00208444,0.00457208,0.000699377,1.40959e-26,5.41002e-07,2.06668e-07,1.51146e-16,3.09435e-05,3.33213e-05,2.97811e-08,2.14632e-20,2.38554e-06,2.41571e-06,6.55396,91.4981,3.50381,0.38939,82.6928,0.280316,4.19411,0.00363902,0.280316,1.86197,0.073489,8.79546,0.447897,0.00720464,8.26302,0.00700795,0.00642273,0.0066742,0.00384908,8.26302,0.00573642,1.78736,1.04712,0.000478164,0.165678,0.000700795,0.00107046,0.000280316,0.000620986,0.165678,1.87153,5.41002e-07,3.05014,0.283955
2055.3750,292.976,291.428,2.57348,0.139159,1.78055,0.00984745,0.00443719,0.00190168,0.00541026,0.000723957,1.92233e-26,6.06024e-07,1.2981e-07,1.5354e-16,3.00922e-05,4.71305e-05,1.7071e-08,2.1815e-20,2.26722e-06,3.41524e-06,6.66303,91.5836,3.53802,0.366228,82.6946,0.294127,4.22062,0.00417942,0.294127,1.85975,0.0744042,8.79577,0.447571,0.00673385,8.26322,0.00735322,0.00645993,0.00700303,0.00384452,8.26322,0.00580231,1.78738,1.0471,0.000445285,0.165682,0.000735322,0.00107665,0.000294127,0.000620248,0.165682,2.23584,6.06024e-07,3.125,0.298307
2055.4583,295.583,294.555,2.67422,0.151178,1.46254,0.00767586,0.00459672,0.00212348,0.00307913,0.000742794,1.38194e-26,6.63403e-07,1.19928e-06,1.57661e-16,3.51318e-05,3.60186e-05,1.70108e-07,2.24103e-20,2.593e-06,2.61267e-06,6.73588,91.638,3.56533,0.34954,82.6953,0.304655,4.24243,0.00458068,0.304655,1.85737,0.0751067,8.79606,0.44739,0.00640922,8.26331,0.00761641,0.00649082,0.00725368,0.00383966,8.26331,0.00585282,1.7874,1.04709,0.000421136,0.165681,0.000761641,0.0010818,0.000304655,0.000619454,0.165681,2.02507,6.63403e-07,3.17055,0.309235
2055.5417,292.147,291.758,2.75226,0.207749,1.10069,0.00671242,0.0046423,0.00268919,0.00207013,0.00075738,1.13933e-26,7.01504e-07,1.54035e-05,1.53221e-16,5.85466e-05,3.09982e-05,2.29522e-06,2.17984e-20,3.48052e-06,2.25351e-06,6.78838,91.6569,3.58757,0.325058,82.6919,0.31276,4.2608,0.0048818,0.31276,1.85154,0.0756563,8.79606,0.44754,0.00593162,8.2631,0.00781903,0.00651708,0.00744666,0.00382771,8.2631,0.00589236,1.78741,1.04711,0.000387623,0.165668,0.000781904,0.00108618,0.00031276,0.000617509,0.165668,1.70823,7.01504e-07,3.20081,0.317642
2055.6250,287.099,287.144,2.78114,0.177397,0.684125,0.00382226,0.00376469,0.00201778,5.75689e-05,0.000762969,5.03525e-27,7.15809e-07,7.42585e-07,1.5359e-16,4.799e-05,1.50416e-05,1.91798e-07,2.18444e-20,2.62712e-06,1.10762e-06,6.8056,91.6423,3.59856,0.306676,82.6844,0.315751,4.27119,0.00498766,0.315751,1.84564,0.0758919,8.79618,0.448387,0.00556539,8.26252,0.00789381,0.00653237,0.00751787,0.00381566,8.26252,0.00590939,1.78743,1.04716,0.00036374,0.165646,0.000789381,0.00108873,0.000315751,0.000615545,0.165646,1.05379,7.15809e-07,3.20704,0.320738
2055.7083,275.764,276.829,2.21497,0.160928,0.121974,0.000787815,0.0020824,0.00118589,-0.00129459,0.000754226,2.03458e-28,6.89483e-07,3.13098e-09,1.55266e-16,2.65944e-05,2.54726e-06,1.03512e-09,2.20577e-20,1.48319e-06,2.35866e-07,6.76916,91.5974,3.59145,0.304303,82.6798,0.310612,4.26862,0.00479756,0.310612,1.8441,0.0756333,8.7965,0.449394,0.00551881,8.26214,0.00776535,0.00652968,0.00739553,0.0038126,8.26214,0.0058913,1.78745,1.04722,0.000361729,0.165633,0.000776535,0.00108828,0.000310612,0.00061503,0.165633,0.289835,6.89483e-07,3.17771,0.31541
2055.7917,264.256,265.55,0.290522,0.108886,0.00488551,1.81467e-05,0.00114838,0.000192355,-0.00113023,0.000740776,0,6.49273e-07,1.86696e-12,1.64269e-16,4.61265e-06,1.9754e-06,4.14988e-13,2.33128e-20,2.21083e-07,1.97541e-07,6.72356,91.5718,3.57822,0.32138,82.6788,0.302814,4.26155,0.00451868,0.302814,1.84811,0.075213,8.79683,0.449882,0.00587228,8.26204,0.00757039,0.00652068,0.00720986,0.00382103,8.26204,0.00586208,1.78747,1.04724,0.000386664,0.16563,0.000757039,0.00108678,0.000302814,0.000616369,0.16563,0.23535,6.49273e-07,3.14535,0.307333
2055.8750,261.366,262.09,0,0.0832393,0,0,0.000880589,7.32297e-06,-0.000880589,0.000727592,0,6.08105e-07,0,1.73618e-16,4.3192e-07,1.92558e-06,0,2.4623e-20,1.03451e-08,1.92558e-07,6.68545,91.5721,3.56511,0.352996,82.6785,0.295177,4.25443,0.00425487,0.295177,1.8551,0.0747987,8.79716,0.449968,0.00653759,8.26202,0.00737946,0.0065115,0.00702802,0.00383556,8.26202,0.00583327,1.78749,1.04724,0.0004309,0.16563,0.000737946,0.00108525,0.000295177,0.000618698,0.16563,0.173,6.08105e-07,3.12034,0.299432
2055.9583,264.671,264.942,0,0.0832392,0,0,0.000968611,4.15577e-06,-0.000968611,0.000714523,0,5.70191e-07,0,1.76941e-16,2.45981e-07,1.87623e-06,0,2.50785e-20,5.77602e-09,1.87623e-07,6.64723,91.5733,3.55199,0.385308,82.6785,0.287611,4.24721,0.00400247,0.287611,1.86232,0.0743858,8.79749,0.450019,0.00721994,8.26202,0.00719032,0.00650208,0.00684788,0.00385054,8.26202,0.00580453,1.78751,1.04724,0.000476013,0.16563,0.000719032,0.00108368,0.000287611,0.000621103,0.16563,0.178742,5.70191e-07,3.09524,0.291614
2056.0417,265.14,265.508,0,0.0832392,0,0,0.000802515,4.1694e-06,-0.000802515,0.000702386,0,5.365e-07,0,1.78695e-16,2.3275e-07,1.83043e-06,0,2.53121e-20,5.4988e-09,1.83043e-07,6.61176,91.5747,3.5397,0.415345,82.6784,0.28059,4.24035,0.00377609,0.28059,1.86917,0.0740003,8.79779,0.450065,0.00785528,8.262,0.00701479,0.00649304,0.00668072,0.00386474,8.262,0.00577767,1.78753,1.04724,0.000518016,0.16563,0.00070148,0.00108217,0.00028059,0.000623388,0.16563,0.102465,5.365e-07,3.07206,0.284366
2056.1250,265.417,265.617,0,0.0832394,0,0,0.000952362,3.87065e-06,-0.000952362,0.000690541,0,5.03291e-07,0,1.81157e-16,2.01934e-07,1.78576e-06,0,2.56458e-20,4.80699e-09,1.78577e-07,6.57778,91.5769,3.52759,0.444683,82.6784,0.273744,4.2335,0.00356273,0.273744,1.87602,0.073622,8.79809,0.450108,0.00847679,8.262,0.00684363,0.00648394,0.00651771,0.00387889,8.262,0.0057513,1.78754,1.04724,0.000559108,0.16563,0.000684363,0.00108066,0.000273744,0.000625669,0.16563,0.220943,5.03291e-07,3.05019,0.277306
2056.2083,270.024,269.956,0,0.285216,0,0,0.00114447,0.000391233,-0.00114447,0.000678587,0,4.81446e-07,9.01029e-07,1.81091e-16,-1.46333e-05,1.74072e-06,5.20405e-08,2.56248e-20,1.45023e-07,1.74072e-07,6.53863,91.5717,3.51525,0.469014,82.6812,0.266839,4.22643,0.00335466,0.266839,1.88286,0.0732381,8.79835,0.45,0.00898707,8.26223,0.006671,0.00647446,0.0063533,0.00389301,8.26223,0.0057245,1.78756,1.04724,0.000592175,0.165637,0.000667101,0.00107908,0.000266839,0.00062795,0.165637,0.468703,4.81446e-07,3.02338,0.270193
2056.2917,281.512,280.074,1.33708,0.426149,1.05844,0.00540358,0.00273539,0.0024722,0.00266819,0.000672068,9.08609e-27,4.97934e-07,5.64916e-05,1.62396e-16,-3.42915e-06,2.0531e-05,6.07887e-06,2.30538e-20,2.09626e-06,1.49621e-06,6.50891,91.5388,3.50892,0.440999,82.7033,0.263063,4.2231,0.00324394,0.263063,1.88551,0.0730065,8.79724,0.447901,0.00833433,8.2641,0.00657662,0.00647008,0.00626341,0.00389844,8.2641,0.00570836,1.78758,1.04725,0.000547528,0.165698,0.000657663,0.00107835,0.000263063,0.000628835,0.165698,1.91277,4.97934e-07,2.99999,0.266307
2056.3750,295.899,293.317,2.40741,0.107266,1.71512,0.00795232,0.00412891,0.00184546,0.00382341,0.000695817,1.4409e-26,5.66532e-07,7.2922e-09,1.54439e-16,2.90726e-05,3.31507e-05,1.36184e-09,2.19965e-20,2.13562e-06,2.39072e-06,6.56737,91.5577,3.53681,0.391618,82.7162,0.276637,4.24171,0.0036312,0.276637,1.88249,0.0736374,8.79652,0.446528,0.0072598,8.2652,0.00691595,0.00649614,0.00658659,0.00389212,8.2652,0.00575318,1.78759,1.04726,0.000478487,0.165732,0.000691596,0.00108269,0.000276637,0.000627826,0.165732,1.97504,5.66532e-07,3.03056,0.280268
2056.4583,297.394,296.163,2.45467,0.132675,1.09628,0.00559742,0.00402738,0.00200096,0.00157004,0.00070465,9.08232e-27,6.0455e-07,7.51413e-07,1.60009e-16,3.02663e-05,2.22314e-05,8.34096e-08,2.27941e-20,2.40843e-06,1.60468e-06,6.56764,91.5417,3.5481,0.374569,82.718,0.281638,4.24988,0.00375977,0.281638,1.88157,0.0738513,8.79682,0.446775,0.00691502,8.26539,0.00704099,0.00650786,0.00670567,0.00389021,8.26539,0.00576818,1.78761,1.04728,0.000454818,0.165736,0.0007041,0.00108464,0.000281638,0.000627521,0.165736,1.65455,6.0455e-07,3.01954,0.285398
2056.5417,290.466,290.286,2.54382,0.174737,0.934403,0.00603758,0.00393456,0.00219428,0.00210302,0.000721126,1.16047e-26,6.39918e-07,3.30292e-06,1.58976e-16,3.98159e-05,2.89086e-05,4.69402e-07,2.26586e-20,2.764e-06,2.08375e-06,6.60027,91.5461,3.56817,0.350536,82.7177,0.291021,4.26376,0.00400995,0.291021,1.87761,0.0742988,8.79709,0.447024,0.00644564,8.26544,0.00727557,0.00652756,0.00692908,0.00388202,8.26544,0.00579976,1.78763,1.0473,0.000421067,0.165732,0.000727558,0.00108793,0.000291021,0.000626202,0.165732,1.47699,6.39918e-07,3.0321,0.295031
2056.6250,283.76,284.039,2.57582,0.20469,0.389932,0.00306624,0.00297715,0.00211699,8.90906e-05,0.000727117,4.4008e-27,6.43657e-07,4.00517e-06,1.53674e-16,4.63585e-05,1.2352e-05,7.12023e-07,2.19074e-20,2.74203e-06,9.05785e-07,6.60555,91.5225,3.57653,0.330107,82.7139,0.294379,4.27027,0.00407989,0.294379,1.87296,0.0744464,8.79721,0.447666,0.00604343,8.26518,0.00735951,0.00653711,0.00700902,0.00387243,8.26518,0.00580998,1.78765,1.04735,0.000393644,0.165718,0.000735951,0.00108952,0.000294379,0.000624652,0.165718,0.791067,6.43657e-07,3.02902,0.298459
2056.7083,277.099,277.668,1.74035,0.234656,0.0837948,0.000745764,0.00202969,0.00161052,-0.00128393,0.000719169,2.46621e-28,6.22494e-07,2.24998e-06,1.51508e-16,3.78208e-05,2.47045e-06,5.37399e-07,2.15823e-20,2.09968e-06,2.25689e-07,6.56902,91.4671,3.56916,0.318974,82.7089,0.289747,4.2667,0.00392077,0.289747,1.87012,0.0741841,8.79744,0.448773,0.00581919,8.2648,0.00724372,0.00653269,0.00689875,0.00386656,8.2648,0.00579144,1.78766,1.04742,0.000380114,0.165703,0.000724373,0.00108878,0.000289747,0.000623703,0.165703,0.498392,6.22494e-07,2.99986,0.293668
2056.7917,267.702,268.395,0,0.220624,0,0,0.00106868,0.000145226,-0.00106868,0.000706641,0,5.95675e-07,5.1287e-12,1.63133e-16,5.06193e-06,1.84288e-06,1.41698e-12,2.3215e-20,1.73781e-07,1.84288e-07,6.52643,91.438,3.5565,0.331929,82.7062,0.282499,4.25965,0.0036935,0.282499,1.87338,0.073787,8.79772,0.449402,0.00609117,8.26456,0.00706252,0.00652338,0.00672617,0.00387331,8.26456,0.00576376,1.78768,1.04745,0.000400153,0.165696,0.000706252,0.00108723,0.000282499,0.00062479,0.165696,0.328515,5.95675e-07,2.96993,0.286193
2056.8750,263.51,264.116,0,0.220464,0,0,0.000808587,3.54404e-05,-0.000808587,0.000694316,0,5.63858e-07,0,1.70912e-16,1.14687e-06,1.7964e-06,0,2.43037e-20,3.81101e-08,1.79641e-07,6.49039,91.437,3.54391,0.36038,82.7059,0.275374,4.25254,0.00347787,0.275374,1.88031,0.0733945,8.79803,0.449523,0.00669326,8.26453,0.0068844,0.00651388,0.00655653,0.00388762,8.26453,0.00573639,1.7877,1.04745,0.000440728,0.165695,0.00068844,0.00108565,0.000275374,0.000627099,0.165695,0.19228,5.63858e-07,2.94648,0.278852
2056.9583,263.798,264.065,0,0.220464,0,0,0.000805568,3.08241e-06,-0.000805568,0.000682097,0,5.2841e-07,0,1.77272e-16,2.02042e-07,1.75036e-06,0,2.51919e-20,4.61894e-09,1.75036e-07,6.4568,91.4404,3.5313,0.39029,82.7058,0.268316,4.24533,0.00327156,0.268316,1.88751,0.0730031,8.79833,0.449578,0.00733075,8.26452,0.00670794,0.00650416,0.00638848,0.00390246,8.26452,0.00570908,1.78772,1.04745,0.000482943,0.165695,0.000670795,0.00108403,0.000268316,0.000629499,0.165695,0.209083,5.2841e-07,2.9255,0.271588
2057.0417,265.273,265.465,0,0.220464,0,0,0.000851253,2.2064e-06,-0.000851253,0.000670749,0,5.00124e-07,0,1.79888e-16,1.50025e-07,1.70763e-06,0,2.55484e-20,3.36558e-09,1.70764e-07,6.42312,91.4416,3.51948,0.418301,82.7058,0.261766,4.23847,0.00308652,0.261766,1.89436,0.0726377,8.79862,0.44962,0.00792922,8.26452,0.0065442,0.00649485,0.00623253,0.00391657,8.26452,0.00568355,1.78773,1.04745,0.000522484,0.165695,0.00065442,0.00108248,0.000261766,0.000631784,0.165695,0.185901,5.00124e-07,2.90364,0.264853
2057.1250,266.664,266.752,0,0.220464,0,0,0.000953849,2.1578e-06,-0.000953849,0.000659675,0,4.74041e-07,0,1.81449e-16,1.41461e-07,1.66597e-06,0,2.5755e-20,3.19018e-09,1.66597e-07,6.38842,91.441,3.50783,0.445661,82.7058,0.255379,4.23162,0.00291212,0.255379,1.9012,0.0722789,8.7989,0.449661,0.00851487,8.26451,0.00638452,0.00648549,0.00608046,0.00393064,8.26451,0.00565846,1.78775,1.04745,0.000561178,0.165695,0.000638452,0.00108092,0.000255379,0.000634065,0.165695,0.299913,4.74041e-07,2.88059,0.258291
2057.2083,272.802,272.238,0.505033,0.481769,0.143371,0.00101224,0.00139481,0.00122613,-0.000382565,0.000648852,1.08607e-27,4.61059e-07,6.55357e-05,1.74371e-16,-2.3855e-05,3.70293e-06,5.51496e-06,2.47623e-20,7.31358e-07,3.01667e-07,6.34976,91.4298,3.49626,0.460856,82.7116,0.249148,4.22468,0.00274481,0.249148,1.90757,0.0719194,8.79871,0.449022,0.0088209,8.265,0.00622873,0.00647593,0.00593209,0.00394369,8.265,0.00563328,1.78777,1.04745,0.000580585,0.165711,0.000622873,0.00107932,0.000249148,0.000636187,0.165711,0.712969,4.61059e-07,2.8535,0.251892
2057.2917,285.264,283.853,2.31684,0.226843,1.33494,0.00831852,0.00403044,0.0028135,0.00428808,0.000679019,1.89616e-26,4.85332e-07,1.20334e-05,1.46005e-16,3.93274e-05,4.23222e-05,1.99149e-06,2.08427e-20,3.24008e-06,3.00903e-06,6.34605,91.3862,3.51931,0.400102,82.7348,0.266966,4.23147,0.0028982,0.266966,1.90522,0.0721005,8.797,0.44655,0.00744104,8.26697,0.00667419,0.00648537,0.00635634,0.0039387,8.26697,0.00564554,1.78778,1.04748,0.000490578,0.165774,0.00066742,0.00108089,0.000266966,0.000635405,0.165774,1.79974,4.85332e-07,2.82674,0.269864
2057.3750,290.293,289.327,2.8845,0.19669,1.66764,0.011913,0.00555538,0.00271557,0.00635758,0.000780112,2.70352e-26,5.52259e-07,7.49761e-06,1.46202e-16,5.2428e-05,7.42527e-05,9.17197e-07,2.08964e-20,3.44084e-06,5.29988e-06,6.44184,91.4379,3.60253,0.36201,82.7345,0.32631,4.26251,0.00358431,0.32631,1.89956,0.0734762,8.79709,0.446022,0.00665898,8.267,0.00815778,0.00652855,0.00776928,0.00392692,8.267,0.00574254,1.7878,1.04746,0.0004383,0.16577,0.000815778,0.00108809,0.00032631,0.000633518,0.16577,2.27796,5.52259e-07,2.83931,0.329894
2057.4583,293.567,292.877,3.46053,0.22223,2.10657,0.0124364,0.00622153,0.00315451,0.0062149,0.000879349,2.40898e-26,6.41989e-07,2.60674e-05,1.46858e-16,7.10975e-05,7.87187e-05,3.33991e-06,2.10251e-20,4.17904e-06,5.63392e-06,6.60172,91.5518,3.68477,0.330735,82.7282,0.384519,4.29374,0.00423371,0.384519,1.89115,0.0754321,8.79692,0.444989,0.0060377,8.26655,0.00961301,0.00657229,0.00915521,0.00390951,8.26655,0.00588146,1.78782,1.04741,0.000396256,0.16575,0.000961301,0.00109538,0.000384519,0.000630713,0.16575,2.87675,6.41989e-07,2.91695,0.388752
2057.5417,291.381,290.906,3.78767,0.164668,1.52214,0.0083349,0.00534128,0.00220083,0.00299362,0.000934254,1.32208e-26,7.0005e-07,2.5319e-06,1.50545e-16,5.15744e-05,4.844e-05,4.23901e-07,2.15627e-20,2.85234e-06,3.47743e-06,6.7118,91.6274,3.73007,0.313357,82.719,0.416721,4.31076,0.00452537,0.416721,1.88318,0.0767628,8.79691,0.444733,0.00569196,8.26583,0.0104181,0.00659653,0.00992192,0.00389309,8.26583,0.00597598,1.78784,1.04739,0.000372743,0.165722,0.00104181,0.00109942,0.000416721,0.000628056,0.165722,1.82007,7.0005e-07,2.98173,0.421246
2057.6250,286.814,286.94,3.89347,0.140359,0.817638,0.00449788,0.00411139,0.00161945,0.000386486,0.000951755,5.24166e-27,7.18917e-07,3.41383e-07,1.55249e-16,3.25111e-05,2.14263e-05,6.44735e-08,2.22193e-20,1.97757e-06,1.56094e-06,6.7412,91.6508,3.74406,0.314433,82.715,0.426999,4.31558,0.00452929,0.426999,1.88023,0.0772155,8.79733,0.444994,0.00571747,8.26551,0.010675,0.00660392,0.0101666,0.00388708,8.26551,0.00600805,1.78787,1.04739,0.000373595,0.16571,0.0010675,0.00110065,0.000426999,0.000627073,0.16571,0.986528,7.18917e-07,2.99714,0.431528
2057.7083,276.3,277.379,2.96219,0.132008,0.131378,0.000921619,0.00234566,0.00102123,-0.00142404,0.000941788,2.31034e-28,6.91065e-07,7.4285e-11,1.57369e-16,1.59032e-05,3.56676e-06,2.45666e-11,2.25032e-20,1.14889e-06,3.27139e-07,6.70652,91.6282,3.73491,0.325736,82.7151,0.421183,4.31124,0.00432851,0.421183,1.88088,0.0769166,8.79777,0.445486,0.0059513,8.26553,0.0105296,0.0065986,0.0100282,0.00388851,8.26553,0.00598729,1.7879,1.04742,0.000389096,0.16571,0.00105296,0.00109977,0.000421183,0.000627291,0.16571,0.296126,6.91065e-07,2.97161,0.425512
2057.7917,271.351,271.908,0,0.073191,0,0,0.00138314,0.000297031,-0.00138314,0.000923695,0,6.49773e-07,5.01927e-24,1.59897e-16,6.27187e-06,2.67864e-06,2.00419e-24,2.28435e-20,2.891e-07,2.67865e-07,6.65956,91.6144,3.71884,0.353539,82.7156,0.410617,4.30407,0.00407646,0.410617,1.88567,0.0763892,8.79821,0.445833,0.00652481,8.26556,0.0102655,0.00658927,0.0097766,0.00389847,8.26556,0.00595101,1.78792,1.04744,0.000428947,0.165712,0.00102655,0.00109821,0.000410617,0.000628888,0.165712,0.186699,6.49773e-07,2.94072,0.414693
2057.8750,270.148,270.66,0,0.0743673,0,0,0.00122232,0.000307393,-0.00122232,0.000905953,0,6.05975e-07,9.81847e-28,1.60021e-16,4.6382e-06,2.61109e-06,3.987e-28,2.28387e-20,2.67637e-07,2.61109e-07,6.6185,91.6137,3.70296,0.386709,82.7164,0.400261,4.29689,0.00383846,0.400261,1.89205,0.0758703,8.79864,0.446044,0.00720648,8.26561,0.0100066,0.0065798,0.00953002,0.00391169,8.26561,0.00591529,1.78795,1.04745,0.000476648,0.165715,0.00100066,0.00109663,0.000400261,0.000631014,0.165715,0.0965241,6.05975e-07,2.91554,0.404099
2057.9583,267.188,267.971,0,0.0816745,0,0,0.000990742,0.000189501,-0.000990742,0.000888368,0,5.6285e-07,1.2955e-41,1.62774e-16,1.79502e-06,2.54416e-06,4.60046e-42,2.32106e-20,1.46388e-07,2.54417e-07,6.58036,91.6169,3.68709,0.420077,82.7178,0.390002,4.2896,0.00361077,0.390002,1.8987,0.0753537,8.79907,0.446187,0.00789477,8.26571,0.00975009,0.00657011,0.00928576,0.00392543,8.26571,0.0058797,1.78797,1.04745,0.000524315,0.165719,0.000975009,0.00109502,0.000390002,0.000633229,0.165719,0.0619571,5.6285e-07,2.89326,0.393613
2058.0417,266.068,266.609,0,0.0864917,0,0,0.00106597,3.87418e-05,-0.00106597,0.00087204,0,5.27929e-07,0,1.67891e-16,7.89859e-07,2.48206e-06,0,2.39237e-20,3.17295e-08,2.48206e-07,6.54469,91.6244,3.67225,0.455825,82.7185,0.380482,4.28267,0.00340655,0.380482,1.90541,0.0748722,8.79947,0.446256,0.00864227,8.26576,0.00951208,0.00656082,0.00905909,0.00393929,8.26576,0.0058465,1.788,1.04746,0.00057453,0.165721,0.000951208,0.00109347,0.000380482,0.000635467,0.165721,0.204094,5.27929e-07,2.87244,0.383888
2058.1250,266.751,267.129,0,0.089076,0,0,0.00102156,2.93616e-05,-0.00102156,0.000856108,0,4.98434e-07,0,1.69576e-16,6.10332e-07,2.4215e-06,0,2.41488e-20,2.14063e-08,2.4215e-07,6.50672,91.6308,3.65765,0.493296,82.7185,0.371198,4.27575,0.00321406,0.371198,1.91228,0.0744003,8.79986,0.446314,0.00943076,8.26576,0.00927998,0.00655147,0.00883804,0.00395344,8.26576,0.00581394,1.78802,1.04746,0.000626978,0.165722,0.000927998,0.00109191,0.000371198,0.000637757,0.165722,0.201617,4.98434e-07,2.84907,0.374412
2058.2083,270.525,270.404,0,0.236946,0,0,0.00129997,0.00130501,-0.00129997,0.000840032,0,4.7485e-07,5.48394e-05,1.65023e-16,-2.75909e-05,2.36042e-06,3.33333e-06,2.3511e-20,7.14656e-07,2.36042e-07,6.46723,91.628,3.6428,0.516628,82.7254,0.361834,4.26861,0.00302636,0.361834,1.91869,0.0739222,8.79984,0.445704,0.0099066,8.26634,0.0090459,0.00654175,0.0086151,0.00396662,8.26634,0.00578091,1.78804,1.04746,0.000657849,0.165741,0.00090459,0.00109029,0.000361834,0.000639893,0.165741,0.463642,4.7485e-07,2.82443,0.364861
2058.2917,286.738,285.216,3.13043,0.258571,1.77811,0.0101052,0.00362916,0.00348184,0.00647603,0.00082824,1.02634e-26,4.97082e-07,2.89735e-05,1.37799e-16,3.85829e-05,3.20744e-05,5.08555e-06,1.97492e-20,3.79884e-06,2.34447e-06,6.46505,91.5849,3.63314,0.450806,82.7535,0.354915,4.26505,0.00293066,0.354915,1.91556,0.0738028,8.79825,0.443334,0.00843701,8.26871,0.00887293,0.00653692,0.00845037,0.00396002,8.26871,0.00577319,1.78807,1.04751,0.000560997,0.165817,0.000887293,0.00108949,0.000354915,0.000638849,0.165817,2.11825,4.97082e-07,2.83191,0.357846
2058.3750,293.259,292.03,3.17289,0.1686,2.26417,0.0129858,0.00474478,0.0027199,0.00824098,0.000830169,1.85562e-26,5.86792e-07,1.11772e-05,1.46171e-16,4.32215e-05,5.63272e-05,1.25712e-06,2.09819e-20,3.26892e-06,4.09896e-06,6.59223,91.6674,3.64079,0.40685,82.7582,0.355784,4.27386,0.00311802,0.355784,1.91011,0.0746825,8.79839,0.443078,0.00751903,8.26916,0.00889463,0.00654923,0.00847104,0.00394864,8.26916,0.00583706,1.78809,1.04752,0.000499411,0.165828,0.000889463,0.00109154,0.000355783,0.000637033,0.165828,2.97281,5.86792e-07,2.95143,0.358902
2058.4583,296.457,295.593,3.24404,0.196492,2.6445,0.0128287,0.00584678,0.00334044,0.0069819,0.000843216,1.93632e-26,6.99777e-07,1.74023e-05,1.46496e-16,6.76227e-05,5.98526e-05,2.45367e-06,2.10784e-20,4.29814e-06,4.35786e-06,6.76749,91.7872,3.66264,0.362859,82.7557,0.36295,4.29294,0.00352428,0.36295,1.90107,0.0759973,8.79811,0.442483,0.00664055,8.26906,0.0090738,0.00657588,0.00864168,0.00392987,8.26906,0.00593254,1.78811,1.04752,0.000438927,0.165816,0.00090738,0.00109598,0.00036295,0.00063402,0.165816,3.29878,6.99777e-07,3.10485,0.366475
2058.5417,293.742,293.433,3.30255,0.199356,1.62626,0.00844384,0.00535826,0.00289827,0.00308559,0.000854015,1.14287e-26,7.80648e-07,1.44418e-05,1.49195e-16,6.50228e-05,3.69643e-05,1.82162e-06,2.14831e-20,3.8151e-06,2.70003e-06,6.88656,91.86,3.6819,0.332953,82.7483,0.368824,4.31034,0.00386726,0.368824,1.89213,0.0769519,8.79805,0.442611,0.00605118,8.26852,0.00922065,0.00660037,0.00878153,0.00391135,8.26852,0.00600196,1.78813,1.04754,0.00039839,0.165792,0.000922065,0.00110006,0.000368824,0.000631039,0.165792,2.17952,7.80648e-07,3.20466,0.372692
2058.6250,284.323,284.752,3.28169,0.264697,0.306316,0.00325844,0.00345813,0.00250687,-0.000199688,0.000850771,2.73198e-27,7.93056e-07,3.69507e-05,1.43069e-16,6.08093e-05,1.06486e-05,4.67331e-06,2.06048e-20,3.31879e-06,8.07198e-07,6.90207,91.8412,3.68331,0.314874,82.7395,0.366733,4.31489,0.00390319,0.366733,1.88468,0.0771004,8.79791,0.44337,0.00569815,8.26784,0.00916836,0.00660714,0.00873174,0.00389594,8.26784,0.00601313,1.78815,1.0476,0.000374643,0.165765,0.000916837,0.00110119,0.000366733,0.000628556,0.165765,0.973575,7.93056e-07,3.21876,0.370636
2058.7083,275.277,275.981,1.92959,0.299461,0.0764091,0.000670353,0.00209423,0.00163389,-0.00142387,0.000836647,3.25039e-29,7.64637e-07,1.30767e-05,1.34722e-16,4.37988e-05,2.43453e-06,1.83434e-06,1.94229e-20,2.16646e-06,2.39771e-07,6.8566,91.7738,3.67078,0.306504,82.7309,0.358482,4.30931,0.00371138,0.358482,1.87978,0.0767051,8.79721,0.443958,0.00553092,8.26713,0.0089621,0.00659986,0.00853529,0.00388579,8.26713,0.00598568,1.78817,1.04768,0.000365453,0.16574,0.00089621,0.00109998,0.000358482,0.000626922,0.16574,0.467139,7.64637e-07,3.18582,0.362194
2058.7917,270.751,271.133,0,0.326149,0,0,0.00121083,0.00042477,-0.00121083,0.000821131,0,7.19459e-07,2.98255e-11,1.4354e-16,1.27688e-05,2.27966e-06,7.26351e-12,2.06659e-20,5.03782e-07,2.27966e-07,6.8113,91.7465,3.65624,0.325344,82.7268,0.349454,4.30214,0.00349516,0.349454,1.88302,0.0762363,8.79748,0.444678,0.00591356,8.26676,0.0087364,0.00659027,0.00832034,0.00389248,8.26676,0.00595324,1.7882,1.04772,0.00039388,0.165731,0.00087364,0.00109838,0.000349454,0.000628002,0.165731,0.0783174,7.19459e-07,3.15506,0.352949
2058.8750,271.005,271.212,0,0.326149,0,0,0.00113833,0.000331373,-0.00113833,0.000805973,0,6.70139e-07,4.2141e-21,1.47397e-16,7.1809e-06,2.22216e-06,1.148e-21,2.11953e-20,3.38195e-07,2.22217e-07,6.77207,91.7404,3.64191,0.352888,82.7263,0.340641,4.29496,0.0032911,0.340641,1.88912,0.0757759,8.79786,0.445008,0.00647748,8.26669,0.00851606,0.00658059,0.00811049,0.00390505,8.26669,0.00592135,1.78822,1.04773,0.000433625,0.16573,0.000851606,0.00109676,0.000340641,0.000630036,0.16573,0.169707,6.70139e-07,3.13017,0.343932
2058.9583,269.788,270.059,0,0.326149,0,0,0.00108209,0.000268765,-0.00108209,0.000790948,0,6.25761e-07,5.22131e-28,1.51173e-16,4.51856e-06,2.16521e-06,1.45507e-28,2.17145e-20,2.49223e-07,2.16521e-07,6.73287,91.7357,3.62757,0.380416,82.7269,0.33191,4.28767,0.00309587,0.33191,1.89554,0.0753173,8.79823,0.445237,0.00704255,8.26672,0.00829778,0.00657068,0.00790261,0.00391827,8.26672,0.00588956,1.78824,1.04774,0.000473181,0.165733,0.000829779,0.00109511,0.00033191,0.000632177,0.165733,0.124417,6.25761e-07,3.1053,0.335006
2059.0417,269.606,269.776,0,0.326149,0,0,0.00112502,0.000200837,-0.00112502,0.000776996,0,5.85679e-07,2.91778e-41,1.56371e-16,1.9132e-06,2.11235e-06,5.56876e-42,2.24414e-20,1.59501e-07,2.11236e-07,6.6953,91.7326,3.61415,0.40751,82.7279,0.323807,4.28074,0.00292077,0.323807,1.90191,0.0748894,8.79858,0.445367,0.00760275,8.26679,0.00809523,0.00656121,0.0077097,0.00393135,8.26679,0.00585987,1.78826,1.04774,0.000511738,0.165736,0.000809523,0.00109353,0.000323808,0.000634299,0.165736,0.131739,5.85679e-07,3.08116,0.326728
2059.1250,270.577,270.673,0,0.326149,0,0,0.00123467,0.00020166,-0.00123467,0.000763381,0,5.517e-07,9.20093e-42,1.58718e-16,1.12933e-06,2.06081e-06,1.81608e-42,2.27598e-20,1.43508e-07,2.06081e-07,6.65571,91.7275,3.60093,0.434025,82.7294,0.315906,4.27383,0.00275574,0.315906,1.90837,0.0744698,8.79892,0.445448,0.00815195,8.2669,0.0078977,0.00655168,0.00752158,0.00394459,8.2669,0.00583073,1.78828,1.04775,0.000549443,0.165741,0.00078977,0.00109195,0.000315906,0.000636453,0.165741,0.323155,5.517e-07,3.05478,0.318662
2059.2083,274.318,273.867,0.556451,0.639948,0.200958,0.00133854,0.00169835,0.00146592,-0.000359812,0.000749758,8.96281e-28,5.36328e-07,3.8325e-05,1.49233e-16,-1.11221e-05,4.20266e-06,3.56563e-06,2.14039e-20,1.16542e-06,3.53768e-07,6.61065,91.7044,3.58764,0.440529,82.7398,0.308004,4.26682,0.00259772,0.308004,1.91344,0.074051,8.79891,0.444881,0.00825435,8.26777,0.00770014,0.00654195,0.00733342,0.00395494,8.26777,0.00580162,1.7883,1.04776,0.000555727,0.16577,0.000770014,0.00109033,0.000308004,0.000638143,0.16577,0.84576,5.36328e-07,3.02301,0.310602
2059.2917,285.256,283.996,2.65069,0.271418,1.47604,0.00935883,0.00342679,0.00314785,0.00593204,0.000743806,1.19964e-26,5.60784e-07,2.69047e-05,1.26163e-16,5.06199e-05,3.12356e-05,4.41174e-06,1.81735e-20,3.76401e-06,2.28469e-06,6.61914,91.6751,3.58483,0.393992,82.7525,0.304424,4.26781,0.00262984,0.304424,1.90947,0.0740555,8.79772,0.44364,0.00723127,8.26885,0.00761063,0.00654328,0.00724818,0.00394657,8.26885,0.00580249,1.78832,1.04781,0.000486858,0.165804,0.000761063,0.00109055,0.000304424,0.00063682,0.165804,1.87117,5.60784e-07,3.03432,0.307053
2059.3750,292.597,291.338,2.72959,0.176032,2.36353,0.0128507,0.00487219,0.00267146,0.00797849,0.000754886,2.16256e-26,6.37079e-07,4.97039e-06,1.32671e-16,5.52615e-05,5.60028e-05,6.48118e-07,1.91301e-20,3.40803e-06,4.08568e-06,6.74712,91.7528,3.60576,0.353219,82.75,0.310408,4.28724,0.00307357,0.310408,1.90248,0.0749455,8.79768,0.4437,0.00641184,8.26869,0.00776024,0.00657021,0.00739067,0.00393198,8.26869,0.00586723,1.78834,1.04783,0.000430215,0.165795,0.000776025,0.00109504,0.000310408,0.000634488,0.165795,2.90494,6.37079e-07,3.14136,0.313482
2059.4583,294.155,293.169,2.83239,0.151235,2.00595,0.010967,0.00521851,0.00218868,0.00574845,0.000774276,1.83577e-26,7.16352e-07,1.34807e-06,1.3957e-16,4.59412e-05,4.96516e-05,1.78928e-07,2.01211e-20,2.78741e-06,3.6245e-06,6.91048,91.8862,3.63854,0.332584,82.7454,0.321041,4.31602,0.00369932,0.321041,1.8977,0.0761464,8.79796,0.443539,0.00600641,8.26834,0.00802607,0.00661033,0.00764384,0.00392203,8.26834,0.00595468,1.78836,1.0478,0.000401197,0.165781,0.000802608,0.00110172,0.000321041,0.000632895,0.165781,2.43235,7.16352e-07,3.27194,0.324741
2059.5417,292.25,291.882,2.87142,0.147359,1.01604,0.00548844,0.00419198,0.00172723,0.00129646,0.00078193,7.4869e-27,7.58175e-07,4.60736e-06,1.44734e-16,3.41891e-05,2.18324e-05,6.81067e-07,2.08564e-20,2.13363e-06,1.59958e-06,6.97709,91.9389,3.6553,0.324588,82.742,0.325062,4.33258,0.00401279,0.325062,1.8952,0.076715,8.79825,0.443687,0.00585562,8.26808,0.0081266,0.00663372,0.00773958,0.00391687,8.26808,0.00599607,1.78838,1.0478,0.000389419,0.16577,0.00081266,0.00110562,0.000325062,0.000632061,0.16577,1.46951,7.58175e-07,3.32179,0.329075
2059.6250,285.311,285.509,2.85563,0.189068,0.62102,0.00395348,0.00360771,0.00206338,0.000345777,0.000779516,4.90864e-27,7.59253e-07,2.92932e-06,1.41752e-16,4.6605e-05,1.4995e-05,5.92528e-07,2.04195e-20,2.64767e-06,1.11425e-06,6.98339,91.9257,3.65796,0.313213,82.7377,0.323437,4.33815,0.00406505,0.323437,1.89145,0.0767982,8.79842,0.444327,0.00563666,8.26775,0.00808597,0.00664195,0.00770089,0.00390914,8.26775,0.00600233,1.78839,1.04785,0.000374012,0.165757,0.000808598,0.00110699,0.000323437,0.000630811,0.165757,0.980852,7.59253e-07,3.32543,0.327502
2059.7083,271.558,272.648,0.99214,0.172144,0.0559405,0.000340972,0.00166433,0.000934492,-0.00132336,0.000768885,3.62346e-29,7.33944e-07,7.31755e-08,1.43121e-16,2.25172e-05,2.16352e-06,2.08333e-08,2.05947e-20,1.16062e-06,2.12769e-07,6.9487,91.8864,3.64905,0.313406,82.7336,0.317202,4.33466,0.00391092,0.317202,1.8907,0.0765117,8.7987,0.445234,0.00564484,8.2674,0.00793009,0.00663762,0.00755243,0.00390761,8.2674,0.00598242,1.78841,1.0479,0.000375639,0.165745,0.00079301,0.00110627,0.000317202,0.000630561,0.165745,0.515998,7.33944e-07,3.29965,0.321113
2059.7917,268.288,268.884,0,0.0969527,0,0,0.00124958,0.000182662,-0.00124958,0.000755089,0,6.98281e-07,1.31963e-23,1.50369e-16,5.77192e-06,2.01709e-06,4.14283e-24,2.16137e-20,2.08333e-07,2.01709e-07,6.90204,91.8664,3.63549,0.3361,82.7323,0.309203,4.32743,0.00368264,0.309203,1.89597,0.0760818,8.79904,0.445651,0.00611074,8.26728,0.00773013,0.00662803,0.00736199,0.00391852,8.26728,0.00595252,1.78843,1.04791,0.000408386,0.165743,0.000773013,0.00110467,0.000309203,0.000632319,0.165743,0.293545,6.98281e-07,3.26655,0.312886
2059.8750,266.688,267.151,0,0.0969525,0,0,0.00102604,7.59605e-05,-0.00102604,0.00074163,0,6.55581e-07,0,1.56297e-16,2.06084e-06,1.96621e-06,0,2.24468e-20,7.4975e-08,1.96622e-07,6.86115,91.8625,3.62214,0.366498,82.732,0.301405,4.3202,0.00346764,0.301405,1.9029,0.0756599,8.79938,0.445805,0.00674334,8.26724,0.00753517,0.00661835,0.00717631,0.00393283,8.26724,0.00592316,1.78845,1.04792,0.000451269,0.165743,0.000753517,0.00110306,0.000301405,0.000634629,0.165743,0.155435,6.55581e-07,3.23901,0.304873
2059.9583,264.541,265.079,0,0.0969525,0,0,0.00084078,3.50798e-05,-0.00084078,0.000728287,0,6.10833e-07,0,1.62357e-16,9.36339e-07,1.91582e-06,0,2.32999e-20,3.25333e-08,1.91582e-07,6.82382,91.8639,3.60878,0.397957,82.732,0.29368,4.31287,0.00326194,0.29368,1.91011,0.0752396,8.79972,0.445893,0.00740152,8.26723,0.00734204,0.00660845,0.00699238,0.00394768,8.26723,0.00589387,1.78847,1.04792,0.000495386,0.165743,0.000734204,0.00110141,0.00029368,0.000637031,0.165743,0.105214,6.10833e-07,3.21504,0.296942
2060.0417,263.777,264.152,0,0.096953,0,0,0.000881999,6.09399e-06,-0.000881999,0.000715896,0,5.71184e-07,0,1.68988e-16,3.21846e-07,1.86905e-06,0,2.42362e-20,7.94496e-09,1.86906e-07,6.79038,91.8677,3.59626,0.428392,82.7319,0.286511,4.30591,0.00307745,0.286511,1.91705,0.0748471,8.80003,0.44595,0.00804148,8.26722,0.00716281,0.00659897,0.00682169,0.00396196,8.26722,0.0058665,1.78849,1.04792,0.000537858,0.165743,0.000716282,0.00109983,0.000286511,0.000639344,0.165743,0.15139,5.71184e-07,3.19412,0.289588
2060.1250,266.835,266.965,0,0.0969525,0,0,0.00103356,4.10377e-06,-0.00103356,0.000703803,0,5.37845e-07,0,1.73299e-16,2.34193e-07,1.82345e-06,0,2.48397e-20,5.57303e-09,1.82345e-07,6.75336,91.8677,3.58392,0.458451,82.7319,0.27952,4.29895,0.00290356,0.27952,1.924,0.0744619,8.80033,0.445995,0.00867518,8.26722,0.00698803,0.00658944,0.00665523,0.00397623,8.26722,0.00583962,1.78851,1.04791,0.000579779,0.165743,0.000698804,0.00109824,0.00027952,0.00064166,0.165743,0.274151,5.37845e-07,3.16944,0.282423
2060.2083,272.769,272.172,0.820449,0.308536,0.200188,0.00149923,0.0015278,0.00152246,-2.85738e-05,0.000691769,1.02992e-27,5.21381e-07,5.77071e-05,1.65955e-16,-2.62115e-05,3.95169e-06,4.28898e-06,2.38103e-20,8.79352e-07,3.27085e-07,6.71164,91.8507,3.57157,0.46762,82.7416,0.272566,4.29194,0.00273771,0.272566,1.92991,0.0740776,8.79999,0.445044,0.00884674,8.26803,0.00681418,0.00657976,0.00648966,0.00398833,8.26803,0.00581275,1.78853,1.04792,0.000590064,0.165769,0.000681419,0.00109663,0.000272566,0.000643631,0.165769,0.748267,5.21381e-07,3.14006,0.275303
2060.2917,283.661,282.269,2.25477,0.192395,1.22099,0.00809088,0.00316857,0.00234574,0.00492231,0.000690435,1.38497e-26,5.39323e-07,2.32579e-06,1.44026e-16,2.9968e-05,3.12752e-05,3.52148e-07,2.07375e-20,2.5929e-06,2.27225e-06,6.71568,91.8213,3.57295,0.413515,82.7639,0.271681,4.29487,0.00280661,0.271681,1.9282,0.0741035,8.79902,0.443379,0.00763875,8.26991,0.00679207,0.00658382,0.0064686,0.00398466,8.26991,0.00581476,1.78854,1.04795,0.000511432,0.16583,0.000679208,0.0010973,0.000271681,0.000643061,0.16583,1.64018,5.39323e-07,3.14273,0.274488
2060.3750,294.569,292.31,2.4483,0.107169,1.68468,0.00844532,0.00413958,0.00162043,0.00430573,0.000707088,1.56998e-26,5.8958e-07,1.06276e-09,1.46187e-16,2.52462e-05,3.6535e-05,1.50522e-10,2.10562e-20,1.88803e-06,2.64544e-06,6.79939,91.8831,3.59773,0.390404,82.7665,0.280965,4.31502,0.00325547,0.280965,1.92681,0.0748134,8.79931,0.443212,0.00715243,8.27015,0.00702417,0.00661183,0.00668964,0.00398169,8.27015,0.00586577,1.78856,1.04794,0.00047867,0.165837,0.000702417,0.00110197,0.000280965,0.000642599,0.165837,1.93922,5.8958e-07,3.20166,0.284221
2060.4583,295.698,294.54,2.52754,0.161415,1.48726,0.00857943,0.00475969,0.00245156,0.00381974,0.0007221,1.68228e-26,6.35905e-07,3.40785e-06,1.49171e-16,4.06191e-05,4.05342e-05,3.90697e-07,2.14964e-20,3.01683e-06,2.94127e-06,6.86352,91.9274,3.62063,0.371205,82.7679,0.289309,4.33393,0.00365158,0.289309,1.92479,0.0754431,8.79958,0.443069,0.00677489,8.27032,0.00723277,0.00663829,0.00688832,0.00397746,8.27032,0.00591088,1.78858,1.04794,0.000450979,0.165838,0.000723278,0.00110638,0.000289309,0.000641924,0.165838,2.0452,6.35905e-07,3.24289,0.292961
2060.5417,293.396,292.889,2.62729,0.157805,1.27319,0.00689874,0.0047016,0.00224804,0.00219713,0.000740868,1.24057e-26,6.84396e-07,1.54552e-06,1.50159e-16,4.53014e-05,3.16098e-05,2.23519e-07,2.16515e-20,2.87599e-06,2.29888e-06,6.94254,91.9674,3.64872,0.341681,82.7648,0.299761,4.35685,0.00411238,0.299761,1.91838,0.0762007,8.79979,0.443286,0.0062023,8.27014,0.00749406,0.0066705,0.00713716,0.00396421,8.27014,0.0059655,1.78859,1.04796,0.000410253,0.165826,0.000749407,0.00111175,0.000299761,0.000639788,0.165826,1.69433,6.84396e-07,3.29382,0.303873
2060.6250,286.327,286.696,2.64592,0.218656,0.467308,0.00332386,0.00350499,0.00229845,-0.00018113,0.000744622,4.40728e-27,6.99039e-07,1.48986e-05,1.46546e-16,5.08193e-05,1.26298e-05,2.27494e-06,2.11332e-20,2.99022e-06,9.36253e-07,6.9521,91.9517,3.65748,0.325545,82.7602,0.301706,4.3657,0.00423216,0.301706,1.91386,0.0763979,8.79987,0.443814,0.00589124,8.26981,0.0075427,0.00668332,0.00718349,0.00395491,8.26981,0.00597967,1.78861,1.048,0.000388486,0.165811,0.000754271,0.00111389,0.000301706,0.000638283,0.165811,1.08438,6.99039e-07,3.29463,0.305939
2060.7083,272.491,273.359,1.0517,0.237706,0.0231551,0.000234862,0.00163106,0.00119267,-0.0013962,0.000734684,3.79448e-30,6.81795e-07,1.06445e-06,1.43485e-16,2.85942e-05,1.93943e-06,2.45009e-07,2.06815e-20,1.52053e-06,1.93577e-07,6.91191,91.895,3.64845,0.317443,82.7544,0.295908,4.3615,0.00405322,0.295908,1.91118,0.0760976,8.79991,0.44478,0.00573265,8.26935,0.00739774,0.00667806,0.00704543,0.00394942,8.26935,0.00595866,1.78863,1.04806,0.000379457,0.165794,0.000739775,0.00111301,0.000295908,0.00063739,0.165794,0.48153,6.81795e-07,3.26346,0.299961
2060.7917,265.957,266.922,0,0.10557,0,0,0.00107733,0.000183089,-0.00107733,0.000721783,0,6.44136e-07,2.87817e-14,1.54332e-16,5.61656e-06,1.88167e-06,8.45243e-15,2.22194e-20,2.1938e-07,1.88167e-07,6.867,91.87,3.63539,0.334627,82.7527,0.288445,4.35422,0.00381654,0.288445,1.91568,0.0756885,8.80022,0.445297,0.00608572,8.26919,0.00721116,0.00666844,0.00686774,0.00395874,8.26919,0.00593013,1.78865,1.04809,0.000404882,0.16579,0.000721117,0.00111141,0.000288445,0.000638889,0.16579,0.175901,6.44136e-07,3.23162,0.292261
2060.8750,267.162,267.465,0,0.0923673,0,0,0.000959281,2.201e-05,-0.000959281,0.000709198,0,6.00636e-07,0,1.62305e-16,1.00393e-06,1.83421e-06,0,2.33501e-20,2.71557e-08,1.83421e-07,6.82928,91.869,3.62252,0.364629,82.7523,0.28117,4.34694,0.00359372,0.28117,1.9228,0.0752871,8.80053,0.445406,0.00671592,8.26915,0.00702929,0.00665875,0.00669453,0.00397344,8.26915,0.00590211,1.78867,1.04809,0.000447037,0.165789,0.000702929,0.00110979,0.00028117,0.000641261,0.165789,0.0861278,6.00636e-07,3.20676,0.284764
2060.9583,267.86,268.068,0,0.0923673,0,0,0.00107052,2.13332e-05,-0.00107052,0.000696721,0,5.66461e-07,0,1.63862e-16,8.41049e-07,1.7872e-06,0,2.3558e-20,2.33936e-08,1.7872e-07,6.79028,91.8679,3.60965,0.395288,82.7522,0.273963,4.33957,0.00338054,0.273963,1.93014,0.0748869,8.80085,0.445475,0.00736232,8.26913,0.00684913,0.00664883,0.00652294,0.00398858,8.26913,0.00587415,1.78868,1.04809,0.00049001,0.165789,0.000684913,0.00110814,0.000273963,0.000643708,0.165789,0.37676,5.66461e-07,3.18063,0.277344
2061.0417,267.813,268.013,0,0.0923673,0,0,0.00107881,2.10617e-05,-0.00107881,0.000685134,0,5.38102e-07,0,1.64807e-16,7.26962e-07,1.74357e-06,0,2.36786e-20,2.07763e-08,1.74358e-07,6.75146,91.8644,3.59757,0.423729,82.7521,0.267276,4.33256,0.00318934,0.267276,1.93711,0.0745132,8.80114,0.445537,0.00796293,8.26912,0.00668193,0.00663933,0.00636371,0.00400295,8.26912,0.00584801,1.7887,1.04809,0.000529966,0.165789,0.000668194,0.00110655,0.000267276,0.000646033,0.165789,0.228441,5.38102e-07,3.15389,0.270465
2061.1250,269.51,269.575,0,0.107937,0,0,0.00120653,3.7925e-05,-0.00120653,0.000673826,0,5.15143e-07,0,1.65107e-16,-2.27104e-07,1.70103e-06,0,2.37069e-20,2.27979e-08,1.70103e-07,6.71053,91.858,3.58567,0.451299,82.7521,0.260754,4.32556,0.00300913,0.260754,1.94408,0.0741464,8.80142,0.445586,0.008546,8.26912,0.00651889,0.00662977,0.00620843,0.00401726,8.26912,0.00582232,1.78872,1.04809,0.000568756,0.165789,0.000651889,0.00110496,0.000260754,0.000648353,0.165789,0.599393,5.15143e-07,3.12486,0.263763
2061.2083,278.283,277.1,1.3926,0.286815,0.54284,0.00329923,0.00220482,0.00226599,0.00109441,0.000664597,4.33432e-27,5.1425e-07,6.41446e-05,1.49783e-16,-1.1291e-05,1.01856e-05,5.7418e-06,2.15507e-20,1.79163e-06,7.55458e-07,6.67018,91.8272,3.57591,0.442115,82.7665,0.255437,4.31978,0.0028665,0.255437,1.94841,0.07383,8.8006,0.444111,0.00830857,8.27033,0.00638597,0.00662184,0.00608184,0.00402611,8.27033,0.00580006,1.78873,1.0481,0.000552995,0.165829,0.000638598,0.00110364,0.000255437,0.000649797,0.165829,1.00616,5.1425e-07,3.09426,0.258304
2061.2917,288.121,286.934,2.29294,0.186326,1.42828,0.00881878,0.00401367,0.00262202,0.00480511,0.000680287,1.87437e-26,5.46126e-07,4.58645e-06,1.39562e-16,4.59671e-05,4.04823e-05,5.42247e-07,2.01383e-20,3.20788e-06,2.90875e-06,6.69362,91.8047,3.59315,0.386444,82.7804,0.264468,4.33044,0.00310216,0.264468,1.94429,0.0741651,8.79992,0.443132,0.0070878,8.27152,0.00661174,0.00663668,0.00629686,0.00401747,8.27152,0.00582354,1.78875,1.04813,0.000473242,0.165866,0.000661175,0.00110611,0.000264468,0.000648424,0.165866,1.91348,5.46126e-07,3.10047,0.26757
2061.3750,295.625,294.148,2.54845,0.150215,2.13323,0.0110666,0.0052507,0.00229989,0.00581593,0.000727283,2.46196e-26,6.23101e-07,3.45449e-06,1.46122e-16,4.45885e-05,5.85636e-05,3.82796e-07,2.10981e-20,2.90843e-06,4.21462e-06,6.80933,91.8812,3.6446,0.354765,82.7779,0.29149,4.36219,0.00379623,0.29149,1.93914,0.07537,8.80011,0.442914,0.00645276,8.27136,0.00728729,0.00668091,0.00694024,0.00400678,8.27136,0.00590945,1.78877,1.04812,0.00042948,0.165856,0.000728729,0.00111348,0.00029149,0.000646708,0.165856,2.78142,6.23101e-07,3.16473,0.295286
2061.4583,296.395,295.502,2.83464,0.180453,2.27603,0.0114582,0.00594169,0.00278535,0.00551647,0.00077909,2.35589e-26,7.16159e-07,1.12099e-05,1.47679e-16,6.33286e-05,6.2744e-05,1.51753e-06,2.13446e-20,3.68657e-06,4.52481e-06,6.94226,91.9725,3.70181,0.326698,82.7719,0.321251,4.39787,0.00453792,0.321251,1.93168,0.0767742,8.80007,0.442464,0.00590645,8.27093,0.0080313,0.00673086,0.00764882,0.00399138,8.27093,0.00600994,1.78878,1.0481,0.000390776,0.165837,0.000803131,0.00112181,0.000321251,0.00064422,0.165837,2.90948,7.16159e-07,3.24045,0.325788
2061.5417,297.134,296.09,2.94706,0.104223,0.617122,0.00279352,0.00410249,0.00140114,-0.00130898,0.000799365,2.94625e-27,7.51085e-07,7.8497e-08,1.55416e-16,2.72218e-05,1.01371e-05,1.67939e-08,2.24522e-20,1.71969e-06,7.63708e-07,6.97607,91.9907,3.72535,0.319638,82.7666,0.332824,4.41342,0.00478007,0.332824,1.92841,0.0773171,8.80033,0.442735,0.00577512,8.27052,0.00832064,0.00675318,0.00792438,0.00398475,8.27052,0.00604887,1.7888,1.0481,0.000381174,0.16582,0.000832064,0.00112553,0.000332824,0.000643132,0.16582,0.866165,7.51085e-07,3.25073,0.337604
2061.6250,286.73,287.132,2.90997,0.154291,0.417485,0.00268616,0.00326164,0.00158743,-0.000575485,0.000792885,2.41463e-27,7.30619e-07,2.41385e-07,1.54558e-16,3.04517e-05,8.61043e-06,7.16843e-08,2.23121e-20,1.96704e-06,6.47026e-07,6.93043,91.9428,3.71998,0.319514,82.7652,0.329022,4.41138,0.00462003,0.329022,1.92764,0.0770988,8.80067,0.44338,0.00578109,8.27042,0.0082256,0.00675111,0.00783387,0.00398326,8.27042,0.00603338,1.78882,1.04814,0.000380788,0.165815,0.00082256,0.00112518,0.000329022,0.000642875,0.165815,0.761886,7.30619e-07,3.21046,0.333642
2061.7083,272.874,273.855,1.5724,0.198611,0.0427673,0.00041832,0.00173289,0.00106704,-0.00131457,0.000780689,2.08568e-30,7.0069e-07,1.9989e-07,1.52129e-16,2.22109e-05,2.10563e-06,5.72518e-08,2.19436e-20,1.30798e-06,2.10403e-07,6.88223,91.8936,3.70831,0.320764,82.7634,0.321934,4.40542,0.00438144,0.321934,1.92727,0.0767155,8.80098,0.444183,0.0058132,8.27028,0.00804839,0.00674354,0.0076651,0.00398258,8.27028,0.0060065,1.78884,1.04819,0.000383274,0.16581,0.00080484,0.00112392,0.000321934,0.000642752,0.16581,0.320688,7.0069e-07,3.17392,0.326316
2061.7917,267.053,267.866,0,0.0717783,0,0,0.0012273,0.000147397,-0.0012273,0.000766683,0,6.56891e-07,1.20381e-20,1.59213e-16,4.16739e-06,2.04716e-06,4.06186e-21,2.29428e-20,1.63707e-07,2.04716e-07,6.83668,91.8734,3.69453,0.341814,82.7626,0.313814,4.39806,0.00412557,0.313814,1.93224,0.0762805,8.80132,0.444583,0.00624981,8.27021,0.00784539,0.00673394,0.00747176,0.00399291,8.27021,0.00597625,1.78886,1.04821,0.000413835,0.165808,0.00078454,0.00112232,0.000313814,0.000644408,0.165808,0.181408,6.56891e-07,3.14214,0.31794
2061.8750,265.018,265.615,0,0.0602713,0,0,0.000982409,3.47449e-05,-0.000982409,0.000753023,0,6.17018e-07,0,1.63402e-16,1.15989e-06,1.99553e-06,0,2.35288e-20,3.65537e-08,1.99553e-07,6.79618,91.8717,3.68097,0.373623,82.7625,0.305899,4.39072,0.00388471,0.305899,1.93941,0.075854,8.80166,0.444692,0.0069184,8.27019,0.00764753,0.00672425,0.00728332,0.00400776,8.27019,0.00594657,1.78888,1.04821,0.000458727,0.165808,0.000764753,0.00112071,0.000305899,0.000646798,0.165808,0.189103,6.17018e-07,3.11521,0.309784
2061.9583,264.912,265.324,0,0.0602702,0,0,0.000907115,1.51915e-05,-0.000907115,0.00073948,0,5.75965e-07,0,1.65992e-16,6.09183e-07,1.94438e-06,0,2.38858e-20,1.65296e-08,1.94439e-07,6.75835,91.8741,3.66741,0.406526,82.7623,0.298059,4.38327,0.00365427,0.298059,1.94683,0.0754289,8.802,0.444758,0.00761369,8.27018,0.00745151,0.00671433,0.00709664,0.00402309,8.27018,0.00591695,1.7889,1.04821,0.000504903,0.165808,0.000745152,0.00111906,0.000298059,0.000649271,0.165808,0.130337,5.75965e-07,3.09095,0.301713
2062.0417,267.133,267.344,0,0.0602704,0,0,0.00101675,1.44516e-05,-0.00101675,0.000726904,0,5.43327e-07,0,1.67178e-16,4.89062e-07,1.89692e-06,0,2.40414e-20,1.37356e-08,1.89692e-07,6.7214,91.8748,3.65469,0.437198,82.7623,0.290783,4.37619,0.00344759,0.290783,1.95389,0.075032,8.80232,0.444812,0.00826305,8.27017,0.00726962,0.00670483,0.00692341,0.00403766,8.27017,0.00588928,1.78892,1.04821,0.000547995,0.165808,0.000726962,0.00111747,0.000290783,0.000651623,0.165808,0.210906,5.43327e-07,3.06671,0.294231
2062.1250,265.9,266.142,0,0.0602705,0,0,0.000967657,1.3936e-05,-0.000967657,0.000714631,0,5.13834e-07,0,1.67772e-16,4.10213e-07,1.85064e-06,0,2.4112e-20,1.183e-08,1.85064e-07,6.68515,91.8754,3.64216,0.467117,82.7622,0.283688,4.36912,0.00325278,0.283688,1.96093,0.0746427,8.80262,0.444863,0.00889746,8.27016,0.00709223,0.00669526,0.00675447,0.00405217,8.27016,0.0058621,1.78894,1.04821,0.000590112,0.165808,0.000709224,0.00111588,0.000283688,0.000653973,0.165808,0.277153,5.13834e-07,3.04299,0.286941
2062.2083,275.977,275.181,0.998629,0.562683,0.343578,0.00226248,0.0018438,0.0017932,0.000418681,0.00070311,2.42127e-27,4.9804e-07,6.92006e-05,1.57142e-16,-2.36603e-05,7.0311e-06,6.20734e-06,2.2618e-20,1.14804e-06,5.40287e-07,6.64487,91.8571,3.63032,0.472361,82.7732,0.277033,4.36238,0.00307546,0.277033,1.96668,0.074272,8.80203,0.443637,0.00897596,8.27109,0.00692587,0.00668607,0.00659603,0.00406396,8.27109,0.00583615,1.78896,1.04822,0.000594857,0.165838,0.000692588,0.00111435,0.000277033,0.000655887,0.165838,0.834872,4.9804e-07,3.01455,0.280109
2062.2917,286.996,285.872,2.47054,0.17598,1.49843,0.00927592,0.00377319,0.00250745,0.00550273,0.000714,1.76841e-26,5.31309e-07,1.34618e-06,1.44701e-16,3.59393e-05,4.14276e-05,1.84153e-07,2.09132e-20,2.89028e-06,2.97854e-06,6.66677,91.8383,3.64228,0.412735,82.7948,0.283306,4.36976,0.0032273,0.283306,1.96396,0.0745411,8.80093,0.441781,0.0076387,8.27291,0.00708269,0.00669643,0.00674538,0.00405826,8.27291,0.00585511,1.78897,1.04824,0.000508099,0.165897,0.000708269,0.00111607,0.000283306,0.000654982,0.165897,1.95997,5.31309e-07,3.02449,0.286533
2062.3750,293.127,291.846,2.70024,0.155617,2.08138,0.0120357,0.00511376,0.00238597,0.0069219,0.000755743,2.55867e-26,5.99294e-07,3.18596e-06,1.49884e-16,4.00793e-05,6.48698e-05,3.35106e-07,2.16819e-20,2.91486e-06,4.66955e-06,6.78744,91.927,3.6873,0.382657,82.7965,0.307341,4.39704,0.00381565,0.307341,1.96035,0.075724,8.80118,0.44129,0.00702147,8.2731,0.00768355,0.00673448,0.00731763,0.00405073,8.2731,0.00593945,1.78899,1.04822,0.000465618,0.1659,0.000768356,0.00112241,0.000307341,0.000653776,0.1659,2.59062,5.99294e-07,3.10014,0.311156
2062.4583,297.289,295.95,2.87952,0.130921,1.17158,0.00610186,0.00445788,0.00191752,0.00164399,0.000788048,1.01232e-26,6.54969e-07,1.42012e-06,1.5511e-16,3.21294e-05,2.87226e-05,1.90372e-07,2.24502e-20,2.33787e-06,2.07695e-06,6.87043,91.9877,3.72272,0.363991,82.7962,0.325895,4.41895,0.00424546,0.325895,1.95706,0.0766569,8.80146,0.440981,0.00665665,8.27312,0.00814741,0.00676534,0.0077594,0.00404396,8.27312,0.00600605,1.78901,1.0482,0.000439085,0.165896,0.000814741,0.00112756,0.000325895,0.000652682,0.165896,1.6816,6.54969e-07,3.14772,0.33014
2062.5417,293.305,292.884,2.94533,0.158627,0.93451,0.00531831,0.00427769,0.0020487,0.00104062,0.000799869,8.3125e-27,6.87007e-07,4.3947e-06,1.5519e-16,3.68369e-05,2.4525e-05,6.31665e-07,2.24662e-20,2.54461e-06,1.76899e-06,6.88498,91.9841,3.7366,0.350094,82.7953,0.332646,4.42822,0.00436935,0.332646,1.95374,0.076995,8.80175,0.441221,0.00639132,8.27311,0.0083162,0.00677878,0.00792015,0.00403715,8.27311,0.00602984,1.78903,1.04822,0.000419131,0.165891,0.00083162,0.0011298,0.000332646,0.000651575,0.165891,1.5236,6.87007e-07,3.14838,0.337016
2062.6250,284.849,285.152,2.96832,0.253758,0.398653,0.00341614,0.00340847,0.00264016,7.66785e-06,0.000804064,4.43522e-27,6.96866e-07,3.24697e-05,1.42859e-16,6.20226e-05,1.42227e-05,4.69131e-06,2.07117e-20,3.45774e-06,1.04436e-06,6.88289,91.9489,3.74245,0.328896,82.7899,0.334998,4.43276,0.00438109,0.334998,1.94722,0.0771104,8.80131,0.441486,0.00597477,8.27272,0.008375,0.00678569,0.00797615,0.00402373,8.27272,0.00603779,1.78905,1.04828,0.000390945,0.165873,0.0008375,0.00113095,0.000334998,0.000649402,0.165873,0.959187,6.96866e-07,3.14044,0.33938
2062.7083,271.44,272.555,1.29822,0.251289,0.062106,0.000493968,0.00171758,0.00101432,-0.00122361,0.000794509,1.38996e-28,6.78092e-07,3.10849e-06,1.45525e-16,2.70071e-05,2.52399e-06,5.71904e-07,2.10914e-20,1.32579e-06,2.38438e-07,6.84592,91.895,3.73366,0.322209,82.7829,0.329427,4.42857,0.00419641,0.329427,1.94398,0.0768119,8.80124,0.442421,0.00584107,8.27215,0.00823572,0.00678048,0.0078435,0.00401708,8.27215,0.00601679,1.78907,1.04835,0.000384164,0.165853,0.000823572,0.00113008,0.000329427,0.000648321,0.165853,0.548978,6.78092e-07,3.11226,0.333624
2062.7917,267.95,268.489,0.871331,0.231866,0.00338336,9.63332e-06,0.00127523,0.000227076,-0.00126559,0.000780217,0,6.46326e-07,1.71013e-08,1.55715e-16,1.98939e-06,2.09493e-06,2.29695e-09,2.25485e-20,2.22567e-07,2.09493e-07,6.80097,91.8792,3.7197,0.345978,82.7827,0.321136,4.42119,0.0039518,0.321136,1.9495,0.0763705,8.80156,0.442701,0.00633657,8.27212,0.00802845,0.00677078,0.0076461,0.00402853,8.27212,0.00598611,1.78909,1.04836,0.000418045,0.165853,0.000802845,0.00112846,0.000321136,0.000650161,0.165853,0.2909,6.46326e-07,3.08128,0.325088
2062.8750,267.259,267.532,0,0.156683,0,0,0.000994611,4.97573e-05,-0.000994611,0.000766245,0,6.06009e-07,0,1.62392e-16,1.15159e-06,2.04209e-06,0,2.34982e-20,4.42128e-08,2.04209e-07,6.76056,91.8775,3.70592,0.377486,82.7829,0.313037,4.41381,0.00372108,0.313037,1.95662,0.0759368,8.8019,0.442794,0.00700006,8.27213,0.00782596,0.00676097,0.00745326,0.00404324,8.27213,0.00595595,1.78911,1.04836,0.000462473,0.165854,0.000782597,0.00112683,0.000313037,0.000652533,0.165854,0.148297,6.06009e-07,3.05463,0.316758
2062.9583,268.094,268.295,0,0.156683,0,0,0.000999443,5.26235e-05,-0.000999443,0.000752393,0,5.70026e-07,0,1.63583e-16,7.5224e-07,1.98975e-06,0,2.36538e-20,3.6979e-08,1.98975e-07,6.72232,91.8792,3.69214,0.409793,82.7831,0.305014,4.40632,0.00350035,0.305014,1.96401,0.0755047,8.80225,0.442863,0.00768197,8.27214,0.00762538,0.00675092,0.00726223,0.00405849,8.27214,0.00592586,1.78913,1.04836,0.000508154,0.165854,0.000762538,0.00112515,0.000305014,0.000654997,0.165854,0.232948,5.70026e-07,3.03018,0.308514
2063.0417,268.018,268.182,0,0.156684,0,0,0.000913357,5.50959e-05,-0.000913357,0.000739531,0,5.34238e-07,0,1.64479e-16,4.62596e-07,1.94118e-06,0,2.37672e-20,3.19239e-08,1.94118e-07,6.68706,91.881,3.67923,0.439497,82.7834,0.297568,4.3992,0.00330237,0.297568,1.97103,0.0751013,8.80257,0.44292,0.0083093,8.27217,0.00743924,0.0067413,0.00708495,0.00407296,8.27217,0.00589775,1.78915,1.04836,0.000550289,0.165855,0.000743924,0.00112355,0.000297568,0.000657338,0.165855,0.0732063,5.34238e-07,3.00783,0.30087
2063.1250,267.367,267.54,0,0.156688,0,0,0.000945431,5.38808e-05,-0.000945431,0.000726978,0,5.01874e-07,0,1.65685e-16,1.55584e-07,1.89382e-06,0,2.39256e-20,2.53685e-08,1.89382e-07,6.65299,91.8832,3.6665,0.468293,82.7839,0.290307,4.3921,0.00311577,0.290307,1.97805,0.0747056,8.80288,0.442966,0.00891799,8.2722,0.00725772,0.00673162,0.00691207,0.00408739,8.2722,0.00587014,1.78917,1.04836,0.000591237,0.165857,0.000725772,0.00112194,0.000290307,0.000659676,0.165857,0.250609,5.01874e-07,2.98648,0.293423
2063.2083,269.21,269.191,0,0.212355,0,0,0.00115213,0.000152997,-0.00115213,0.000714309,0,4.79466e-07,5.02778e-11,1.66051e-16,-2.79889e-06,1.84605e-06,2.60337e-12,2.39636e-20,8.47727e-08,1.84605e-07,6.61504,91.8818,3.65354,0.496664,82.7848,0.282984,4.38476,0.00293381,0.282984,1.98526,0.0743041,8.80317,0.44297,0.00951733,8.27228,0.00707464,0.00672156,0.00673772,0.0041022,8.27228,0.0058421,1.78919,1.04836,0.000631535,0.16586,0.000707465,0.00112026,0.000282984,0.00066208,0.16586,0.368967,4.79466e-07,2.9615,0.285918
2063.2917,283.732,282.069,2.21982,0.283942,1.24594,0.00815697,0.00316449,0.00342102,0.00499248,0.000712035,1.36152e-26,4.86491e-07,6.42329e-05,1.39396e-16,5.13071e-06,3.20061e-05,7.26343e-06,2.0207e-20,3.16733e-06,2.31072e-06,6.60496,91.8501,3.65183,0.448401,82.8112,0.281653,4.38427,0.00291763,0.281653,1.98559,0.0742412,8.80167,0.440438,0.00839472,8.27449,0.00704138,0.00672091,0.00670603,0.00410278,8.27449,0.0058378,1.7892,1.04839,0.000557387,0.165932,0.000704138,0.00112015,0.000281653,0.000662192,0.165932,1.61523,4.86491e-07,2.95313,0.284571
2063.3750,292.182,290.887,2.64142,0.158465,2.19024,0.0128942,0.00498986,0.00258021,0.00790434,0.000746115,2.70624e-26,5.58219e-07,5.74074e-07,1.41307e-16,4.42334e-05,6.66079e-05,7.75413e-08,2.05269e-20,3.1511e-06,4.80085e-06,6.72631,91.9195,3.68998,0.395373,82.818,0.301219,4.40843,0.00345537,0.301219,1.97973,0.0753694,8.80155,0.439704,0.00726783,8.27512,0.00753051,0.0067545,0.00717188,0.00409056,8.27512,0.00591838,1.78922,1.04838,0.000482679,0.165949,0.000753051,0.00112575,0.000301219,0.000660239,0.165949,2.65354,5.58219e-07,3.03633,0.304674
2063.4583,294.257,293.409,2.89081,0.147592,1.85284,0.0104582,0.00510451,0.00212621,0.00535364,0.000791145,2.04233e-26,6.43907e-07,7.52707e-07,1.48527e-16,3.60531e-05,5.54806e-05,9.00602e-08,2.159e-20,2.61697e-06,4.00035e-06,6.88142,92.0448,3.74055,0.37048,82.8174,0.327044,4.44059,0.00413865,0.327044,1.97548,0.0768485,8.80186,0.439028,0.00677666,8.27512,0.00817615,0.00679943,0.00778677,0.00408176,8.27512,0.00602435,1.78924,1.04833,0.000447655,0.165944,0.000817615,0.00113324,0.000327044,0.000658821,0.165944,2.36684,6.43907e-07,3.14086,0.331183
2063.5417,291.016,290.641,3.04044,0.208186,1.08671,0.00741233,0.0047114,0.00270779,0.00270094,0.000817923,1.2891e-26,6.88518e-07,1.87178e-05,1.46351e-16,5.39461e-05,3.7767e-05,2.56074e-06,2.12907e-20,3.4541e-06,2.73109e-06,6.96859,92.106,3.77163,0.351264,82.8155,0.342353,4.46108,0.00451989,0.342353,1.97063,0.0777319,8.80199,0.438744,0.00640566,8.27504,0.00855886,0.00682843,0.00815126,0.00407178,8.27504,0.00608749,1.78926,1.04833,0.000420468,0.165935,0.000855886,0.00113807,0.000342353,0.000657203,0.165935,1.70542,6.88518e-07,3.19696,0.346873
2063.6250,284.92,285.187,3.0874,0.240124,0.518178,0.00371637,0.00359106,0.00254202,0.000125308,0.0008264,4.67623e-27,7.04544e-07,2.61751e-05,1.38743e-16,6.11552e-05,1.53937e-05,3.49776e-06,2.02127e-20,3.34907e-06,1.13193e-06,6.98942,92.087,3.7829,0.32712,82.8077,0.347129,4.46952,0.00461039,0.347129,1.96275,0.0780258,8.8015,0.439042,0.00592709,8.27445,0.00867827,0.0068408,0.00826498,0.00405558,8.27445,0.00610845,1.78928,1.04839,0.000388856,0.165911,0.000867827,0.00114013,0.000347129,0.000654577,0.165911,1.03685,7.04544e-07,3.20652,0.35174
2063.7083,274.223,275.372,1.99227,0.189114,0.115623,0.000826253,0.00213165,0.00142951,-0.00130539,0.000816304,2.0155e-28,6.81599e-07,2.5081e-06,1.39557e-16,3.6299e-05,2.78727e-06,5.09937e-07,2.03203e-20,1.87469e-06,2.57767e-07,6.9502,92.027,3.77387,0.31832,82.8,0.341231,4.46545,0.00441641,0.341231,1.95846,0.0777221,8.80147,0.440126,0.00574951,8.27383,0.00853082,0.00683584,0.00812456,0.00404678,8.27383,0.00608712,1.7893,1.04846,0.000378901,0.165889,0.000853083,0.00113931,0.000341231,0.000653146,0.165889,0.407353,6.81599e-07,3.17633,0.345648
2063.7917,265.447,266.482,0,0.0528837,0,0,0.00107707,6.3763e-05,-0.00107707,0.000801561,0,6.41402e-07,3.54273e-22,1.55471e-16,2.61826e-06,2.17018e-06,9.61233e-23,2.26142e-20,7.81308e-08,2.17018e-07,6.90592,92.0097,3.75963,0.342841,82.7977,0.332672,4.45805,0.00415976,0.332672,1.96323,0.0772695,8.80182,0.440611,0.00626257,8.27362,0.00831685,0.00682618,0.00792077,0.00405672,8.27362,0.00605568,1.78932,1.04848,0.000414352,0.165883,0.000831686,0.0011377,0.000332672,0.000654739,0.165883,0.121034,6.41402e-07,3.14629,0.336832
2063.8750,264.928,265.511,0,0.0514855,0,0,0.000977235,1.97944e-05,-0.000977235,0.000787098,0,5.97975e-07,0,1.6352e-16,7.66576e-07,2.11545e-06,0,2.37683e-20,2.203e-08,2.11545e-07,6.86777,92.0133,3.74552,0.377447,82.7974,0.324282,4.4506,0.0039169,0.324282,1.97061,0.0768234,8.80218,0.440698,0.00699135,8.2736,0.00810709,0.00681635,0.007721,0.00407198,8.2736,0.00602468,1.78934,1.04848,0.000462906,0.165882,0.00081071,0.00113606,0.000324282,0.000657196,0.165882,0.113829,5.97975e-07,3.12226,0.328199
2063.9583,265.215,265.704,0,0.051485,0,0,0.00100701,1.46362e-05,-0.00100701,0.000772761,0,5.59416e-07,0,1.66345e-16,4.78377e-07,2.06123e-06,0,2.41629e-20,1.41542e-08,2.06123e-07,6.82786,92.0155,3.7314,0.41216,82.7974,0.315971,4.44305,0.00368455,0.315971,1.97813,0.0763789,8.80254,0.440758,0.0077244,8.27359,0.0078993,0.00680629,0.00752311,0.00408753,8.27359,0.00599375,1.78936,1.04848,0.00051156,0.165882,0.000789931,0.00113438,0.000315971,0.000659704,0.165882,0.135564,5.59416e-07,3.09646,0.319655
2064.0417,264.467,264.877,0,0.0514961,0,0,0.00100675,4.6584e-06,-0.00100675,0.000759447,0,5.29451e-07,0,1.69328e-16,2.21147e-07,2.01091e-06,0,2.45812e-20,5.54316e-09,2.01092e-07,6.78955,92.0168,3.71817,0.444609,82.7973,0.308257,4.43587,0.00347616,0.308257,1.98529,0.0759639,8.80287,0.440806,0.0084112,8.27358,0.00770648,0.00679665,0.00733946,0.00410231,8.27358,0.00596487,1.78938,1.04848,0.000557052,0.165882,0.000770648,0.00113277,0.000308258,0.000662091,0.165882,0.389302,5.29451e-07,3.07139,0.311734
2064.1250,267.465,267.35,0.407716,0.103904,0.0229959,0.000179252,0.00116664,0.000413749,-0.000987387,0.000746454,0,5.14108e-07,6.67939e-06,1.71948e-16,-1.55854e-05,1.96185e-06,4.86283e-07,2.49483e-20,1.47337e-07,1.96185e-07,6.75082,92.0159,3.70514,0.474326,82.7984,0.300736,4.42871,0.00327974,0.300736,1.99237,0.075557,8.80317,0.440781,0.00903919,8.27367,0.00751843,0.00678694,0.00716037,0.00411688,8.27367,0.0059365,1.7894,1.04848,0.000598313,0.165885,0.000751844,0.00113116,0.000300736,0.000664451,0.165885,0.592264,5.14108e-07,3.04568,0.304015
2064.2083,276.938,275.723,2.47741,0.186976,0.486477,0.00331884,0.00195566,0.00168713,0.00136318,0.000734136,2.88205e-27,5.02573e-07,1.69672e-06,1.62791e-16,-8.61308e-06,8.54805e-06,2.72734e-07,2.36297e-20,1.31615e-06,6.53964e-07,6.71076,91.9824,3.6929,0.45482,82.8205,0.293602,4.42206,0.00310536,0.293602,1.99632,0.0751795,8.80323,0.439828,0.00856899,8.27553,0.00734008,0.00677789,0.00699052,0.00412496,8.27553,0.00591014,1.78942,1.0485,0.000565286,0.165946,0.000734008,0.00112965,0.000293602,0.000665768,0.165946,0.755421,5.02573e-07,3.01786,0.296707
2064.2917,288.545,286.368,2.57482,0.135062,1.4482,0.00815558,0.0035077,0.001968,0.00464788,0.000735586,1.31106e-26,5.28599e-07,1.9657e-07,1.45031e-16,2.64735e-05,3.23593e-05,4.06595e-08,2.10626e-20,2.18728e-06,2.35195e-06,6.7428,91.9908,3.69826,0.419995,82.8329,0.294274,4.42816,0.00322824,0.294274,1.99511,0.0754064,8.80353,0.439617,0.00778584,8.27659,0.00735688,0.00678645,0.00700652,0.00412236,8.27659,0.00592656,1.78944,1.04851,0.00051546,0.165979,0.000735689,0.00113108,0.000294274,0.000665364,0.165979,1.69117,5.28599e-07,3.04454,0.297502
2064.3750,295.446,293.42,2.63564,0.123129,1.60972,0.00849938,0.00424313,0.00194105,0.00425625,0.00074709,1.53009e-26,5.77201e-07,3.42053e-06,1.48293e-16,3.02586e-05,3.83453e-05,4.65349e-07,2.15473e-20,2.2883e-06,2.78589e-06,6.82241,92.0531,3.71666,0.40096,82.8356,0.300631,4.44381,0.00355715,0.300631,1.99412,0.0760475,8.80376,0.439361,0.00738587,8.27685,0.00751582,0.00680835,0.00715788,0.00412024,8.27685,0.00597269,1.78946,1.0485,0.000488593,0.165985,0.000751582,0.00113472,0.000300631,0.000665032,0.165985,1.94661,5.77201e-07,3.10574,0.304188
2064.4583,293.984,293.286,2.71884,0.198143,1.68112,0.0102442,0.00492698,0.0029865,0.00531724,0.000762671,1.95314e-26,6.34172e-07,2.07817e-05,1.46697e-16,5.58831e-05,5.01283e-05,2.80824e-06,2.13497e-20,3.76094e-06,3.64173e-06,6.91138,92.1092,3.74051,0.373028,82.8353,0.30929,4.46356,0.00395913,0.30929,1.98951,0.0768212,8.8036,0.438957,0.00682739,8.27688,0.00773228,0.00683605,0.00736404,0.00411071,8.27688,0.00602849,1.78947,1.04851,0.000449887,0.165981,0.000773229,0.00113934,0.00030929,0.000663499,0.165981,2.43428,6.34172e-07,3.17086,0.313249
2064.5417,294.129,293.612,2.82081,0.125287,1.26009,0.00629252,0.00451284,0.00179202,0.00177968,0.00078165,1.00667e-26,6.93708e-07,2.53194e-08,1.52483e-16,3.54487e-05,2.7794e-05,6.34097e-09,2.22037e-20,2.25153e-06,2.02466e-06,7.01209,92.1736,3.76908,0.347513,82.8307,0.319848,4.48696,0.00441634,0.319848,1.98326,0.0776966,8.8037,0.439006,0.00632615,8.27658,0.00799624,0.00686902,0.00761543,0.00409782,8.27658,0.00609177,1.78949,1.04852,0.000415173,0.165965,0.000799625,0.00114484,0.000319848,0.000661415,0.165965,1.53925,6.93708e-07,3.24302,0.324264
2064.6250,286.075,286.368,2.80406,0.142138,0.419707,0.00291273,0.00316673,0.0014938,-0.000253999,0.000778934,3.40262e-27,6.89866e-07,1.27915e-09,1.53773e-16,2.59933e-05,1.07482e-05,4.98498e-10,2.23818e-20,1.81656e-06,7.9953e-07,7.00221,92.1587,3.76977,0.344677,82.8295,0.318119,4.4901,0.00439546,0.318119,1.98229,0.0776952,8.80402,0.439442,0.00627882,8.27651,0.00795302,0.00687399,0.00757427,0.00409586,8.27651,0.0060916,1.78951,1.04854,0.000410688,0.16596,0.000795303,0.00114567,0.000318119,0.000661089,0.16596,0.691863,6.89866e-07,3.23244,0.322515
2064.7083,274.142,275.019,1.11004,0.245372,0.0474714,0.000489042,0.00180627,0.00104996,-0.00131723,0.000768226,1.93542e-28,6.64649e-07,1.13252e-06,1.52303e-16,1.9725e-05,2.52211e-06,2.79708e-07,2.21557e-20,1.27179e-06,2.3456e-07,6.96109,92.1173,3.76005,0.345183,82.8287,0.311872,4.48558,0.00420504,0.311872,1.98235,0.0773814,8.8043,0.440062,0.00629656,8.27647,0.00779684,0.00686833,0.00742552,0.00409604,8.27647,0.00606948,1.78953,1.04859,0.000411967,0.165956,0.000779684,0.00114472,0.000311872,0.00066111,0.165956,0.54234,6.64649e-07,3.20104,0.316077
2064.7917,262.105,262.919,0,0.154666,0,0,0.000975543,4.26896e-05,-0.000975543,0.00075468,0,6.3353e-07,3.53118e-29,1.62157e-16,1.55049e-06,1.98333e-06,1.01007e-29,2.35722e-20,5.02284e-08,1.98334e-07,6.91781,92.1014,3.74648,0.367522,82.8283,0.30403,4.47814,0.00396036,0.30403,1.98776,0.0769564,8.8046,0.440335,0.00676479,8.27644,0.00760078,0.00685851,0.0072388,0.00410725,8.27644,0.00603986,1.78955,1.0486,0.000444047,0.165956,0.000760078,0.00114308,0.00030403,0.000662912,0.165956,0.231216,6.3353e-07,3.17133,0.30799
2064.8750,265.106,265.285,0,0.152745,0,0,0.00101231,4.5254e-06,-0.00101231,0.000741425,0,5.93879e-07,0,1.68256e-16,2.84308e-07,1.93331e-06,0,2.44432e-20,6.61438e-09,1.93332e-07,6.87907,92.1025,3.73307,0.400028,82.8283,0.296362,4.47066,0.00372915,0.296362,1.99522,0.0765381,8.80494,0.440393,0.00745274,8.27643,0.00740908,0.00684855,0.00705623,0.00412267,8.27643,0.00601068,1.78957,1.0486,0.000489626,0.165955,0.000740909,0.00114143,0.000296362,0.000665399,0.165955,0.189032,5.93879e-07,3.146,0.300091
2064.9583,266.82,266.996,0,0.152676,0,0,0.00105112,4.35696e-06,-0.00105112,0.000728285,0,5.59682e-07,0,1.68485e-16,2.66736e-07,1.88376e-06,0,2.4461e-20,6.20669e-09,1.88376e-07,6.83793,92.1013,3.71964,0.432422,82.8282,0.288766,4.46307,0.00350794,0.288766,2.0028,0.0761211,8.80526,0.440443,0.00813991,8.27642,0.00721918,0.00683836,0.00687537,0.00413832,8.27642,0.00598156,1.78959,1.0486,0.000535079,0.165955,0.000721919,0.00113973,0.000288766,0.000667927,0.165955,0.268712,5.59682e-07,3.1183,0.292274
2065.0417,266.365,266.518,0,0.152676,0,0,0.00100646,3.88182e-06,-0.00100646,0.000716082,0,5.29233e-07,0,1.68993e-16,2.3107e-07,1.83778e-06,0,2.45202e-20,5.37803e-09,1.83778e-07,6.79994,92.1006,3.70705,0.462528,82.8281,0.281717,4.45586,0.00330953,0.281717,2.01,0.0757317,8.80557,0.440488,0.00877966,8.27641,0.00704296,0.0068286,0.00670754,0.00415316,8.27641,0.00595435,1.78961,1.0486,0.000577397,0.165955,0.000704296,0.0011381,0.000281717,0.000670329,0.165955,0.189215,5.29233e-07,3.09289,0.285026
2065.1250,268.245,268.28,0,0.152676,0,0,0.00112632,3.90308e-06,-0.00112632,0.000704172,0,5.02583e-07,0,1.69035e-16,2.24879e-07,1.79293e-06,0,2.45118e-20,5.24322e-09,1.79294e-07,6.76065,92.0978,3.69464,0.491929,82.828,0.274843,4.44867,0.00312253,0.274843,2.0172,0.0753496,8.80587,0.440532,0.00940562,8.27641,0.0068711,0.00681878,0.00654387,0.00416795,8.27641,0.00592761,1.78962,1.0486,0.000618804,0.165955,0.000687111,0.00113646,0.000274843,0.000672726,0.165955,0.460143,5.02583e-07,3.06601,0.277965
2065.2083,280.188,278.965,1.80437,0.262565,0.565481,0.00382138,0.00239918,0.00273248,0.00142221,0.000694591,4.49488e-27,5.03624e-07,6.74465e-05,1.49258e-16,-1.12569e-05,1.10725e-05,6.18829e-06,2.17198e-20,2.23707e-06,8.19983e-07,6.72319,92.061,3.68486,0.469663,82.8476,0.269307,4.44314,0.0029835,0.269307,2.02055,0.0750406,8.80458,0.438434,0.00887176,8.27805,0.00673272,0.00681121,0.00641208,0.00417478,8.27805,0.00590588,1.78964,1.04862,0.000583563,0.166008,0.000673272,0.0011352,0.000269307,0.000673845,0.166008,1.09077,5.03624e-07,3.03833,0.272291
2065.2917,288.197,286.996,2.39257,0.149326,1.41135,0.00862155,0.0036732,0.00219073,0.00494835,0.000704754,1.72402e-26,5.34374e-07,1.03292e-06,1.44592e-16,3.57411e-05,3.86253e-05,1.44596e-07,2.10973e-20,2.6073e-06,2.78521e-06,6.75595,92.0473,3.6981,0.414512,82.8606,0.275066,4.45286,0.00319565,0.275066,2.01631,0.0753739,8.80411,0.437723,0.00766269,8.27919,0.00687668,0.00682476,0.00654919,0.0041659,8.27919,0.00592941,1.78966,1.04866,0.000505521,0.166042,0.000687669,0.00113746,0.000275066,0.000672431,0.166042,1.7016,5.34374e-07,3.05785,0.278261
2065.3750,295.722,294.2,2.52683,0.159949,1.70465,0.00990405,0.00478961,0.00257744,0.00511444,0.000729651,2.10065e-26,5.8673e-07,1.32596e-05,1.48458e-16,4.54831e-05,4.97104e-05,1.47235e-06,2.16796e-20,3.20419e-06,3.59303e-06,6.8409,92.106,3.72875,0.390547,82.8609,0.289231,4.47429,0.00365702,0.289231,2.01366,0.0761907,8.80421,0.437416,0.00717542,8.27927,0.0072308,0.00685466,0.00688644,0.00416035,8.27927,0.00598769,1.78967,1.04865,0.000472584,0.166041,0.000723081,0.00114244,0.000289231,0.000671547,0.166041,2.29478,5.8673e-07,3.11215,0.292888
2065.4583,293.224,292.64,2.74616,0.211431,1.64415,0.0110079,0.00530782,0.003035,0.00570003,0.000769837,2.28858e-26,6.60159e-07,2.03438e-05,1.45487e-16,6.5223e-05,5.85677e-05,2.48876e-06,2.1282e-20,3.97815e-06,4.23566e-06,6.98415,92.2012,3.77766,0.355256,82.8562,0.312116,4.50812,0.00436979,0.312116,2.00565,0.0775077,8.80398,0.436894,0.00647743,8.27896,0.00780294,0.00690196,0.00743134,0.0041438,8.27896,0.0060823,1.78969,1.04864,0.000424643,0.166023,0.000780295,0.00115033,0.000312116,0.000668877,0.166023,2.45891,6.60159e-07,3.20648,0.316486
2065.5417,289.987,289.894,2.91267,0.22657,1.13585,0.00746312,0.00465735,0.00284564,0.00280577,0.000800101,1.33854e-26,7.13905e-07,3.54021e-05,1.39367e-16,7.36374e-05,3.73005e-05,4.2355e-06,2.04262e-20,3.85122e-06,2.70432e-06,7.08806,92.2532,3.8155,0.324985,82.8447,0.329297,4.53497,0.00488191,0.329297,1.99546,0.0785023,8.80327,0.436684,0.00587632,8.27808,0.00823246,0.00693987,0.0078404,0.00412283,8.27808,0.00615377,1.78971,1.04866,0.000384735,0.165988,0.000823246,0.00115664,0.000329297,0.000665481,0.165988,1.66131,7.13905e-07,3.27256,0.334179
2065.6250,285.827,285.933,2.95858,0.223061,0.479476,0.00383041,0.00371455,0.0023595,0.000115858,0.000808559,5.13863e-27,7.19813e-07,1.57667e-05,1.38272e-16,6.19637e-05,1.59425e-05,2.30954e-06,2.02588e-20,3.16019e-06,1.17129e-06,7.11217,92.2452,3.82811,0.310836,82.8335,0.334002,4.54524,0.00499506,0.334002,1.98864,0.078792,8.8031,0.437432,0.00558961,8.27717,0.0083501,0.00695492,0.00795244,0.00410885,8.27717,0.00617452,1.78973,1.04871,0.000366828,0.165956,0.00083501,0.00115915,0.000334002,0.000663206,0.165956,0.972777,7.19813e-07,3.28406,0.338997
2065.7083,273.22,274.142,0.943296,0.356561,0.0449728,0.000436061,0.0017794,0.00119042,-0.00134334,0.00079983,1.73886e-28,7.01414e-07,4.58076e-06,1.38117e-16,3.46078e-05,2.60976e-06,7.86758e-07,2.02189e-20,1.59055e-06,2.44958e-07,7.07653,92.1916,3.82066,0.306532,82.824,0.328887,4.5422,0.00480428,0.328887,1.98462,0.0785274,8.80303,0.438526,0.00550166,8.27637,0.00822221,0.00695152,0.00783064,0.00410066,8.27637,0.00615597,1.78975,1.04878,0.000363079,0.16593,0.000822222,0.00115859,0.000328887,0.000661866,0.16593,0.47427,7.01414e-07,3.25587,0.333691
2065.7917,271.155,271.372,0,0.374368,0,0,0.00124079,0.000290409,-0.00124079,0.000785539,0,6.60322e-07,4.25542e-20,1.46873e-16,7.97425e-06,2.09145e-06,1.13285e-20,2.14728e-20,3.255e-07,2.09145e-07,7.0326,92.1743,3.80656,0.330296,82.8214,0.320603,4.53463,0.00452408,0.320603,1.98996,0.0780834,8.80336,0.43904,0.00599163,8.27613,0.00801512,0.00694175,0.00763341,0.00411182,8.27613,0.00612507,1.78977,1.0488,0.000397973,0.165924,0.000801513,0.00115696,0.000320603,0.000663648,0.165924,0.167593,6.60322e-07,3.22604,0.325127
2065.8750,270.86,271.04,0,0.374364,0,0,0.0011885,0.000283901,-0.0011885,0.000771579,0,6.2018e-07,4.70781e-26,1.48332e-16,5.7617e-06,2.0387e-06,1.20212e-26,2.1662e-20,2.80623e-07,2.03871e-07,6.99169,92.1664,3.79265,0.356664,82.8213,0.312517,4.52706,0.00425995,0.312517,1.9967,0.0776474,8.80371,0.439293,0.00653592,8.2761,0.00781297,0.00693187,0.00744089,0.00412581,8.2761,0.00609471,1.78979,1.04881,0.000436126,0.165925,0.000781298,0.00115531,0.000312517,0.000665894,0.165925,0.310255,6.2018e-07,3.19904,0.316777
2065.9583,269.808,270.042,0,0.374364,0,0,0.00102946,0.000241178,-0.00102946,0.00075774,0,5.88307e-07,4.28581e-36,1.51247e-16,3.66718e-06,1.98645e-06,1.2925e-36,2.20648e-20,2.17426e-07,1.98645e-07,6.95072,92.1588,3.77873,0.382404,82.8221,0.304507,4.51937,0.00400726,0.304507,2.00364,0.0772128,8.80405,0.439483,0.00706783,8.27615,0.00761272,0.00692174,0.00725017,0.00414018,8.27615,0.00606442,1.78981,1.04882,0.000473321,0.165927,0.000761273,0.00115362,0.000304507,0.000668206,0.165927,0.228882,5.88307e-07,3.17198,0.308515
2066.0417,268.898,269.072,0,0.374364,0,0,0.00103476,0.000185231,-0.00103476,0.000744888,0,5.5165e-07,0,1.55557e-16,1.42777e-06,1.93796e-06,0,2.26742e-20,1.43662e-07,1.93796e-07,6.91541,92.1565,3.76569,0.407461,82.8232,0.297074,4.51207,0.00378061,0.297074,2.01043,0.0768071,8.80437,0.439592,0.00758923,8.27623,0.00742689,0.00691203,0.00707319,0.00415422,8.27623,0.00603611,1.78983,1.04882,0.000509195,0.165931,0.000742689,0.001152,0.000297074,0.000670469,0.165931,0.125924,5.5165e-07,3.14972,0.300855
2066.1250,269.483,269.581,0,0.374364,0,0,0.00117733,0.000161873,-0.00117733,0.000732346,0,5.229e-07,0,1.58769e-16,4.52071e-07,1.89067e-06,0,2.31244e-20,1.11365e-07,1.89067e-07,6.87681,92.1511,3.75284,0.4323,82.8246,0.289825,4.50479,0.00356699,0.289825,2.01731,0.0764091,8.80468,0.439656,0.0081078,8.27634,0.00724567,0.00690225,0.0069006,0.00416843,8.27634,0.00600831,1.78985,1.04882,0.000544651,0.165935,0.000724567,0.00115037,0.000289825,0.000672764,0.165935,0.399359,5.229e-07,3.12397,0.293392
2066.2083,275.04,274.489,0.913104,0.577548,0.244203,0.00203526,0.0017828,0.00187053,0.000252456,0.000720241,1.5637e-27,5.10968e-07,6.16827e-05,1.45585e-16,-6.27579e-06,5.26615e-06,5.80907e-06,2.12305e-20,1.60897e-06,4.20137e-07,6.83317,92.1248,3.74045,0.433343,82.8358,0.28283,4.49777,0.00337026,0.28283,2.02244,0.0760262,8.80421,0.43864,0.00809147,8.27728,0.00707079,0.00689277,0.00673405,0.00417897,8.27728,0.00598152,1.78987,1.04884,0.000542927,0.165967,0.00070708,0.0011488,0.00028283,0.000674473,0.165967,0.828258,5.10968e-07,3.09272,0.2862
2066.2917,284.935,283.842,2.41678,0.254111,1.24363,0.00884886,0.00345471,0.0029382,0.00539415,0.000721067,1.4561e-26,5.40316e-07,1.70305e-05,1.27143e-16,5.30481e-05,3.40446e-05,2.47605e-06,1.86195e-20,3.60738e-06,2.47107e-06,6.84699,92.0947,3.74431,0.382813,82.8471,0.283183,4.50233,0.00344631,0.283183,2.01783,0.0761303,8.80299,0.43748,0.00698402,8.27823,0.0070796,0.00689928,0.00674244,0.00416935,8.27823,0.00598908,1.78988,1.04889,0.000468712,0.165997,0.000707961,0.00114988,0.000283183,0.000672935,0.165997,1.90472,5.40316e-07,3.10268,0.286629
2066.3750,292.643,291.592,2.61175,0.217492,2.21425,0.0131008,0.00516462,0.00319099,0.00793618,0.000747631,2.62295e-26,6.14531e-07,1.56328e-05,1.29075e-16,7.20346e-05,6.35106e-05,2.19327e-06,1.89294e-20,4.17592e-06,4.60877e-06,6.97846,92.1704,3.78093,0.340965,82.8418,0.298128,4.53049,0.00404764,0.298128,2.00923,0.0771898,8.80271,0.437395,0.00614819,8.27783,0.00745323,0.00693861,0.00709827,0.00415155,8.27783,0.00606544,1.7899,1.04891,0.000411036,0.16598,0.000745323,0.00115644,0.000298128,0.000670071,0.16598,2.8988,6.14531e-07,3.19754,0.302175
2066.4583,295.285,294.404,2.81627,0.165799,2.16818,0.0114034,0.00559435,0.00247829,0.00580907,0.000785355,2.12593e-26,7.09072e-07,7.11568e-06,1.3606e-16,6.20512e-05,5.59633e-05,9.19192e-07,1.99497e-20,3.28763e-06,4.06463e-06,7.14902,92.294,3.83215,0.313157,82.8314,0.319371,4.56947,0.00485398,0.319371,2.00038,0.0786232,8.80282,0.437467,0.00560094,8.27699,0.0079843,0.00699321,0.00760406,0.00413331,8.27699,0.00616907,1.78992,1.04889,0.000373133,0.16595,0.000798431,0.00116553,0.000319371,0.000667121,0.16595,2.76216,7.09072e-07,3.31687,0.324225
2066.5417,292.59,292.217,2.94614,0.203136,1.51869,0.00820979,0.00529294,0.00272719,0.00291684,0.000809226,1.35303e-26,7.70817e-07,3.03323e-05,1.33623e-16,7.59921e-05,3.81644e-05,3.7215e-06,1.96103e-20,3.69129e-06,2.77962e-06,7.24884,92.3558,3.86638,0.295754,82.819,0.332727,4.5966,0.00534605,0.332727,1.99219,0.0795303,8.80225,0.437381,0.00525391,8.27596,0.00831822,0.00703167,0.00792208,0.00411652,8.27596,0.00623462,1.78994,1.04891,0.000349815,0.165916,0.000831823,0.00117195,0.000332727,0.00066439,0.165916,2.02118,7.70817e-07,3.38246,0.338073
2066.6250,286.017,286.332,2.98418,0.156235,0.622003,0.00401375,0.00382402,0.00174578,0.000189724,0.000816428,4.90728e-27,7.81851e-07,5.66567e-08,1.38289e-16,4.4703e-05,1.54783e-05,1.55455e-08,2.02669e-20,2.24886e-06,1.14534e-06,7.27607,92.3622,3.87969,0.290092,82.8088,0.336619,4.60883,0.00547814,0.336619,1.98727,0.0798391,8.80242,0.438251,0.00514022,8.27509,0.00841552,0.00704962,0.00801474,0.00410653,8.27509,0.00625706,1.78996,1.04894,0.00034264,0.165888,0.000841552,0.00117494,0.000336619,0.000662748,0.165888,0.887581,7.81851e-07,3.39638,0.342097
2066.7083,277.812,278.645,2.5297,0.201847,0.127293,0.000969049,0.00248581,0.00155076,-0.00151676,0.000806507,1.99234e-28,7.51356e-07,1.31951e-06,1.37002e-16,3.86703e-05,2.69337e-06,3.33062e-07,2.00479e-20,1.97941e-06,2.50762e-07,7.23579,92.3153,3.8713,0.290926,82.8032,0.330802,4.60548,0.00525457,0.330802,1.98537,0.0795472,8.80274,0.439333,0.00515904,8.2746,0.0082701,0.00704596,0.00787625,0.00410277,8.2746,0.00623663,1.78998,1.04899,0.000344576,0.165874,0.00082701,0.00117433,0.000330802,0.000662115,0.165874,0.490535,7.51356e-07,3.36449,0.336057
2066.7917,271.078,271.509,0,0.181343,0,0,0.00126431,0.000284067,-0.00126431,0.000792156,0,7.10942e-07,1.26582e-15,1.42723e-16,1.03454e-05,2.10373e-06,3.55095e-16,2.08565e-20,3.50036e-07,2.10373e-07,7.1869,92.2829,3.85711,0.307875,82.7997,0.322486,4.59784,0.00494869,0.322486,1.9885,0.0791006,8.80307,0.440081,0.00550974,8.27427,0.00806218,0.00703625,0.00767823,0.00410939,8.27427,0.00620554,1.79,1.04902,0.00036979,0.165865,0.000806218,0.00117271,0.000322486,0.000663159,0.165865,0.144624,7.10942e-07,3.3298,0.327434
2066.8750,271.353,271.638,0,0.181259,0,0,0.00114212,0.0003023,-0.00114212,0.000778111,0,6.61193e-07,4.37047e-17,1.42915e-16,9.56104e-06,2.05067e-06,1.09094e-17,2.08589e-20,3.45053e-07,2.05067e-07,7.14688,92.276,3.84307,0.335638,82.7982,0.314352,4.59016,0.00465977,0.314352,1.9953,0.0786611,8.80342,0.440435,0.00608181,8.27412,0.00785884,0.00702637,0.00748458,0.00412357,8.27412,0.00617492,1.79002,1.04903,0.000410128,0.165863,0.000785885,0.00117106,0.000314352,0.000665426,0.165863,0.141194,6.61193e-07,3.30381,0.319012
2066.9583,271.322,271.541,0,0.181259,0,0,0.00115136,0.000281982,-0.00115136,0.000764187,0,6.18048e-07,4.80858e-24,1.44074e-16,8.00297e-06,1.99811e-06,1.38793e-24,2.10033e-20,3.04338e-07,1.99811e-07,7.10603,92.2684,3.82902,0.362758,82.7973,0.306295,4.58237,0.00438336,0.306295,2.00227,0.0782231,8.80377,0.440748,0.00664104,8.27402,0.00765742,0.00701624,0.00729274,0.00413804,8.27402,0.00614438,1.79004,1.04904,0.000449598,0.165862,0.000765742,0.00116937,0.000306295,0.000667748,0.165862,0.153538,6.18048e-07,3.277,0.310679
2067.0417,271.486,271.633,0,0.181261,0,0,0.00123463,0.000272264,-0.00123463,0.000751256,0,5.79769e-07,4.40699e-27,1.44879e-16,7.12554e-06,1.94934e-06,1.02984e-27,2.10984e-20,2.82643e-07,1.94934e-07,7.06619,92.2598,3.81586,0.387821,82.7969,0.298818,4.57497,0.00413544,0.298818,2.00894,0.0778141,8.8041,0.441008,0.00715878,8.27396,0.00747049,0.00700651,0.00711472,0.00415189,8.27396,0.00611584,1.79006,1.04905,0.000486109,0.165862,0.00074705,0.00116775,0.000298818,0.000669973,0.165862,0.181303,5.79769e-07,3.25033,0.302954
2067.1250,272.129,272.207,0,0.182697,0,0,0.0013648,0.000281359,-0.0013648,0.000738637,0,5.5113e-07,2.08995e-26,1.45039e-16,7.10951e-06,1.90177e-06,4.87761e-27,2.11001e-20,2.88086e-07,1.90178e-07,7.02316,92.2473,3.80289,0.411907,82.7966,0.291527,4.56758,0.00390176,0.291527,2.01562,0.0774129,8.80441,0.441255,0.00765671,8.27392,0.00728821,0.00699671,0.00694111,0.0041657,8.27392,0.0060878,1.79008,1.04906,0.000521351,0.165862,0.000728821,0.00116612,0.000291527,0.000672198,0.165862,0.426417,5.5113e-07,3.22027,0.295429
2067.2083,275.73,275.24,0.895727,0.400028,0.292549,0.00211539,0.00190768,0.00225352,0.000207709,0.000726398,1.72047e-27,5.3672e-07,7.08867e-05,1.30935e-16,-3.00468e-06,5.64907e-06,5.47028e-06,1.90828e-20,1.98698e-06,4.49754e-07,6.97817,92.2122,3.79034,0.405237,82.8088,0.284455,4.56046,0.00368564,0.284455,2.02001,0.0770253,8.8036,0.440011,0.0074749,8.27491,0.00711141,0.00698721,0.00677273,0.00417475,8.27491,0.0060607,1.7901,1.04908,0.000509189,0.165897,0.000711141,0.00116453,0.000284455,0.000673661,0.165897,0.775681,5.3672e-07,3.18783,0.28814
2067.2917,288.609,287.507,2.48232,0.254655,1.55287,0.00974352,0.00406349,0.00328373,0.00568003,0.000726862,1.5079e-26,5.64958e-07,2.38255e-05,1.19233e-16,6.70007e-05,3.54947e-05,3.68722e-06,1.7457e-20,4.13744e-06,2.58584e-06,6.99127,92.1707,3.79482,0.348167,82.818,0.284554,4.56615,0.00377136,0.284554,2.01335,0.0771352,8.80222,0.43899,0.00625754,8.27567,0.00711389,0.0069954,0.00677509,0.00416093,8.27567,0.00606882,1.79011,1.04915,0.000425911,0.165922,0.000711389,0.0011659,0.000284554,0.000671441,0.165922,2.17753,5.64958e-07,3.19644,0.288325
2067.3750,295.048,293.807,2.6116,0.169299,2.54206,0.0129637,0.00542245,0.00266355,0.00754124,0.000751235,2.39882e-26,6.55529e-07,5.09536e-06,1.26103e-16,6.54382e-05,5.84227e-05,7.13153e-07,1.84725e-20,3.49884e-06,4.25333e-06,7.1209,92.2466,3.83178,0.311433,82.8097,0.298116,4.59656,0.00440588,0.298116,2.00455,0.0781662,8.80207,0.439239,0.00553125,8.27499,0.00745293,0.00703796,0.00709799,0.00414274,8.27499,0.00614347,1.79013,1.04917,0.000375103,0.165899,0.000745294,0.00117299,0.000298116,0.000668508,0.165899,3.13476,6.55529e-07,3.28912,0.302522
2067.4583,295.947,295.239,2.78812,0.195844,2.07984,0.0121307,0.00605931,0.00284481,0.00607136,0.000784156,2.1625e-26,7.51131e-07,1.06781e-05,1.30406e-16,7.57641e-05,5.65887e-05,1.53476e-06,1.90928e-20,3.8216e-06,4.12489e-06,7.28258,92.3677,3.88076,0.290045,82.7988,0.316465,4.63638,0.00521317,0.316465,1.99632,0.0794848,8.80221,0.439416,0.00511101,8.27408,0.00791167,0.00709384,0.00753489,0.00412583,8.27408,0.00623918,1.79015,1.04915,0.000345416,0.165869,0.000791167,0.00118231,0.000316465,0.000665767,0.165869,2.8518,7.51131e-07,3.40181,0.321678
2067.5417,292.371,292.174,2.9139,0.227828,1.16854,0.0078852,0.00527961,0.00274473,0.00260559,0.000807568,1.21889e-26,8.11827e-07,3.22733e-05,1.30213e-16,8.01171e-05,3.43663e-05,4.88906e-06,1.90558e-20,3.72441e-06,2.5125e-06,7.39099,92.4351,3.91747,0.273515,82.784,0.329425,4.66724,0.00576949,0.329425,1.98664,0.0804197,8.80208,0.439952,0.0047846,8.27282,0.00823567,0.00713762,0.00784345,0.00410599,8.27282,0.00630714,1.79017,1.04917,0.000322975,0.165829,0.000823567,0.0011896,0.000329425,0.00066254,0.165829,1.94963,8.11827e-07,3.47352,0.335194
2067.6250,286.552,286.961,2.93279,0.241101,0.657694,0.00395282,0.00399556,0.00251658,-4.2737e-05,0.000811428,4.45049e-27,8.23416e-07,3.23618e-05,1.24411e-16,7.99092e-05,1.40513e-05,4.90591e-06,1.82279e-20,3.45063e-06,1.04693e-06,7.40468,92.4065,3.92791,0.259752,82.7658,0.331362,4.67829,0.00585321,0.331362,1.97625,0.0806289,8.80093,0.440476,0.00450723,8.27124,0.0082841,0.00715407,0.00788958,0.00408471,8.27124,0.00632251,1.79019,1.04924,0.000305361,0.165781,0.00082841,0.00119235,0.000331362,0.000659074,0.165781,1.03933,8.23416e-07,3.47677,0.337216
2067.7083,274.863,275.782,2.45562,0.251023,0.0999533,0.000739146,0.00214495,0.00139615,-0.00140581,0.000800683,1.255e-28,7.88081e-07,1.07415e-06,1.26213e-16,4.0791e-05,2.45281e-06,2.90911e-07,1.84556e-20,1.8193e-06,2.33395e-07,7.36302,92.3505,3.91855,0.260436,82.7547,0.325075,4.6743,0.00559599,0.325075,1.97242,0.080309,8.80103,0.441885,0.00452065,8.27024,0.00812691,0.00714965,0.00773987,0.004077,8.27024,0.00630013,1.79021,1.04931,0.000307634,0.165754,0.000812691,0.00119161,0.000325075,0.000657797,0.165754,0.377364,7.88081e-07,3.44446,0.330671
2067.7917,265.607,266.507,0,0.141579,0,0,0.00121065,8.5885e-05,-0.00121065,0.00078655,0,7.42537e-07,3.21409e-14,1.40138e-16,4.32356e-06,2.06724e-06,8.39681e-15,2.04611e-20,1.20306e-07,2.06724e-07,7.31573,92.3258,3.9044,0.282442,82.751,0.316892,4.66653,0.00526989,0.316892,1.97668,0.079866,8.80137,0.442553,0.00497759,8.26989,0.00792234,0.00713988,0.00754505,0.00408599,8.26989,0.00626925,1.79023,1.04933,0.000339306,0.165746,0.000792235,0.00118998,0.000316892,0.000659218,0.165746,0.319314,7.42537e-07,3.41133,0.322162
2067.8750,263.822,264.473,0,0.137999,0,0,0.00105711,1.84443e-05,-0.00105711,0.000772735,0,6.99468e-07,0,1.51109e-16,1.05593e-06,2.0151e-06,0,2.20459e-20,2.65068e-08,2.01511e-07,7.27316,92.3241,3.89041,0.316048,82.7505,0.3089,4.65874,0.00496222,0.3089,1.98439,0.0794306,8.80172,0.442664,0.00568333,8.26984,0.00772254,0.00712995,0.00735476,0.00410207,8.26984,0.00623888,1.79025,1.04933,0.000386301,0.165744,0.000772254,0.00118832,0.0003089,0.000661787,0.165744,0.189755,6.99468e-07,3.38275,0.313862
2067.9583,267.775,268.001,0,0.137999,0,0,0.00105462,1.03295e-05,-0.00105462,0.000759039,0,6.56844e-07,0,1.56411e-16,5.94977e-07,1.96346e-06,0,2.28037e-20,1.45876e-08,1.96346e-07,7.23098,92.3234,3.87642,0.349883,82.7503,0.300983,4.65083,0.00466786,0.300983,1.99228,0.0789965,8.80206,0.44273,0.0063963,8.26982,0.0075246,0.00711975,0.00716625,0.00411849,8.26982,0.00620858,1.79027,1.04933,0.000433524,0.165744,0.000752461,0.00118663,0.000300983,0.000664418,0.165744,0.248167,6.56844e-07,3.35456,0.305651
2068.0417,268.37,268.536,0,0.137999,0,0,0.00108516,1.00322e-05,-0.00108516,0.000746319,0,6.1623e-07,0,1.5701e-16,5.42573e-07,1.91553e-06,0,2.2876e-20,1.33724e-08,1.91553e-07,7.19256,92.3238,3.8633,0.381337,82.7501,0.293635,4.64332,0.00440385,0.293635,1.99978,0.0785912,8.80238,0.442787,0.00706017,8.26981,0.00734092,0.00710996,0.00699132,0.00413406,8.26981,0.00618026,1.79029,1.04933,0.000477494,0.165744,0.000734093,0.00118499,0.000293635,0.000666917,0.165744,0.228783,6.1623e-07,3.32926,0.298039
2068.1250,269.941,269.987,0,0.137999,0,0,0.00131202,1.03351e-05,-0.00131202,0.000733906,0,5.90241e-07,0,1.57485e-16,5.28798e-07,1.86879e-06,0,2.29304e-20,1.30861e-08,1.86879e-07,7.15026,92.3196,3.85037,0.412041,82.75,0.28647,4.63582,0.00415501,0.28647,2.00726,0.0781935,8.80269,0.442843,0.0077093,8.2698,0.0071618,0.00710009,0.00682072,0.00414957,8.2698,0.00615243,1.7903,1.04933,0.000520498,0.165744,0.00071618,0.00118335,0.00028647,0.000669412,0.165744,0.568697,5.90241e-07,3.2999,0.290625
2068.2083,275.616,274.915,1.29471,0.3705,0.297376,0.00250658,0.00194606,0.00234809,0.000560519,0.000722,1.76133e-27,5.76882e-07,8.98175e-05,1.41462e-16,-2.27992e-05,5.63213e-06,7.99847e-06,2.0658e-20,1.59361e-06,4.44013e-07,7.10398,92.2843,3.83802,0.399838,82.7684,0.279598,4.6287,0.00392655,0.279598,2.01205,0.0778114,8.80151,0.440803,0.00741044,8.27133,0.00698998,0.00709067,0.00665709,0.00415947,8.27133,0.00612562,1.79032,1.04934,0.000499183,0.165795,0.000698999,0.00118178,0.000279598,0.00067101,0.165795,0.796205,5.76882e-07,3.26596,0.283524
2068.2917,287.445,285.864,2.45785,0.215907,1.53561,0.00968657,0.00404047,0.00273307,0.0056461,0.000726447,1.67391e-26,6.02293e-07,1.01586e-05,1.23413e-16,5.08794e-05,3.87581e-05,1.43082e-06,1.80961e-20,3.25207e-06,2.81818e-06,7.12575,92.2588,3.84724,0.341864,82.784,0.281971,4.6376,0.00407321,0.281971,2.0072,0.0780013,8.80025,0.439339,0.00616226,8.2726,0.00704932,0.00710339,0.0067136,0.00414941,8.2726,0.00613939,1.79034,1.04939,0.000416324,0.165839,0.000704932,0.0011839,0.000281971,0.000669393,0.165839,2.04705,6.02293e-07,3.2785,0.286044
2068.3750,293.73,292.52,2.62854,0.177864,2.40713,0.0135511,0.00560725,0.00264624,0.00794381,0.000758432,2.64966e-26,6.79521e-07,6.07557e-06,1.2682e-16,6.18538e-05,6.47159e-05,8.04199e-07,1.86037e-20,3.36e-06,4.70837e-06,7.26653,92.3546,3.89323,0.309131,82.7789,0.299879,4.6741,0.00482988,0.299879,2.00009,0.0791526,8.80027,0.439315,0.00550831,8.27215,0.00749702,0.00715451,0.00713998,0.00413474,8.27215,0.00622267,1.79036,1.04938,0.000371152,0.165826,0.000749702,0.00119242,0.000299879,0.000667023,0.165826,2.94279,6.79521e-07,3.3733,0.304709
2068.4583,297.84,296.477,2.82159,0.149308,2.08943,0.0104666,0.00579075,0.00219005,0.00467582,0.000794273,1.84402e-26,7.58991e-07,9.58952e-06,1.33892e-16,5.17766e-05,4.9126e-05,1.1559e-06,1.96342e-20,2.76511e-06,3.57917e-06,7.41552,92.4783,3.94491,0.295087,82.7724,0.319925,4.71522,0.00564227,0.319925,1.99526,0.080425,8.80048,0.4391,0.00523098,8.2716,0.00799816,0.00721235,0.00761725,0.00412489,8.2716,0.00631493,1.79037,1.04934,0.000351326,0.165809,0.000799816,0.00120206,0.000319925,0.000665413,0.165809,2.65247,7.58991e-07,3.47061,0.325567
2068.5417,293.64,293.257,2.93693,0.128002,1.27191,0.00646987,0.00476417,0.00160533,0.0017057,0.000815664,9.6672e-27,8.13532e-07,5.63823e-07,1.38811e-16,3.65925e-05,2.78429e-05,1.03059e-07,2.03474e-20,1.97131e-06,2.03598e-06,7.4946,92.5386,3.97797,0.287441,82.7657,0.331786,4.74277,0.00610243,0.331786,1.9909,0.0811926,8.80061,0.439202,0.00508226,8.27101,0.00829469,0.00725168,0.00789967,0.00411608,8.27101,0.00637061,1.79039,1.04933,0.000340299,0.165791,0.00082947,0.00120861,0.000331786,0.000663957,0.165791,1.60091,8.13532e-07,3.51663,0.337889
2068.6250,286.339,286.58,2.93881,0.208572,0.525591,0.00385591,0.00386012,0.00214616,-4.21337e-06,0.000816391,4.69388e-27,8.09991e-07,6.55547e-06,1.35462e-16,5.30021e-05,1.46997e-05,1.41584e-06,1.98413e-20,2.71071e-06,1.08982e-06,7.4893,92.5215,3.98375,0.283665,82.7608,0.331979,4.75003,0.00608515,0.331979,1.98775,0.0812532,8.80081,0.439851,0.00501062,8.27059,0.0082995,0.00726297,0.00790425,0.00410981,8.27059,0.00637511,1.79041,1.04937,0.000334829,0.165779,0.000829951,0.00121049,0.000331979,0.000662908,0.165779,1.02797,8.09991e-07,3.50555,0.338064
2068.7083,278.064,278.782,2.1955,0.25153,0.1131,0.000945549,0.00250309,0.00174837,-0.00155755,0.000806775,2.53965e-28,7.83309e-07,7.5063e-06,1.31132e-16,4.67884e-05,2.8e-06,1.73177e-06,1.9188e-20,2.23763e-06,2.55691e-07,7.44674,92.4609,3.97574,0.277716,82.753,0.326335,4.74695,0.00583755,0.326335,1.98346,0.0809629,8.80089,0.441044,0.0048903,8.26989,0.00815843,0.00725989,0.00776989,0.00410116,8.26989,0.00635472,1.79043,1.04944,0.000328043,0.165759,0.000815843,0.00120998,0.000326335,0.000661479,0.165759,0.567293,7.83309e-07,3.471,0.332173
2068.7917,264.542,265.54,0,0.297314,0,0,0.00108997,0.00012814,-0.00108997,0.000792707,0,7.41206e-07,1.54222e-11,1.43592e-16,5.37541e-06,2.07572e-06,4.13501e-12,2.09854e-20,1.66273e-07,2.07572e-07,7.39843,92.4289,3.96162,0.295035,82.7488,0.318191,4.73918,0.00550006,0.318191,1.98664,0.0805215,8.80115,0.441766,0.00524936,8.2695,0.00795482,0.00725019,0.00757598,0.00410794,8.2695,0.00632393,1.79045,1.04947,0.000353736,0.165749,0.000795483,0.00120837,0.000318191,0.000662539,0.165749,0.183146,7.41206e-07,3.43681,0.323691
2068.8750,264.309,264.777,0,0.297314,0,0,0.000926963,1.75562e-05,-0.000926963,0.00077883,0,6.9065e-07,0,1.53227e-16,8.86586e-07,2.02336e-06,0,2.23768e-20,2.29073e-08,2.02337e-07,7.3594,92.4309,3.94751,0.328673,82.7484,0.310166,4.73127,0.00517895,0.310166,1.99446,0.0800837,8.8015,0.44187,0.00595596,8.26946,0.0077542,0.00724017,0.00738491,0.00412426,8.26946,0.00629338,1.79047,1.04947,0.000400806,0.165748,0.00077542,0.00120669,0.000310166,0.000665145,0.165748,0.110294,6.9065e-07,3.41188,0.315345
2068.9583,266.296,266.524,0,0.297314,0,0,0.00107804,8.22623e-06,-0.00107804,0.000765073,0,6.47158e-07,0,1.5731e-16,4.48436e-07,1.97151e-06,0,2.29573e-20,1.10242e-08,1.97151e-07,7.31874,92.4321,3.93339,0.362609,82.7483,0.302216,4.72324,0.00487174,0.302216,2.00247,0.0796473,8.80184,0.441933,0.00667115,8.26945,0.00755545,0.00722987,0.00719563,0.00414095,8.26945,0.00626291,1.79049,1.04947,0.000448192,0.165748,0.000755546,0.00120498,0.000302216,0.000667816,0.165748,0.24314,6.47158e-07,3.38535,0.307088
2069.0417,266.423,266.605,0,0.297314,0,0,0.00109488,7.19395e-06,-0.00109488,0.000752296,0,6.08889e-07,0,1.59237e-16,3.60914e-07,1.92338e-06,0,2.32237e-20,8.92902e-09,1.92338e-07,7.27897,92.4314,3.92015,0.394226,82.7481,0.294839,4.71561,0.0045962,0.294839,2.01009,0.0792398,8.80216,0.441986,0.00733873,8.26944,0.00737102,0.00721997,0.00701998,0.00415679,8.26944,0.00623442,1.79051,1.04947,0.000492387,0.165748,0.000737102,0.00120333,0.000294839,0.000670355,0.165748,0.23922,6.08889e-07,3.35882,0.299435
2069.1250,268.177,268.24,0,0.297321,0,0,0.00121815,7.34221e-06,-0.00121815,0.000739827,0,5.78302e-07,0,1.61243e-16,3.36377e-07,1.87645e-06,0,2.35012e-20,8.41028e-09,1.87645e-07,7.2368,92.4277,3.9071,0.425097,82.7481,0.287645,4.70799,0.00433649,0.287645,2.0177,0.0788399,8.80247,0.442036,0.00799169,8.26943,0.00719116,0.00721,0.00684868,0.00417256,8.26943,0.00620644,1.79053,1.04947,0.000535619,0.165748,0.000719116,0.00120167,0.000287645,0.000672891,0.165748,0.410279,5.78302e-07,3.3297,0.291981
2069.2083,276.679,275.718,1.38154,0.357441,0.364184,0.00290279,0.00211128,0.00233102,0.000791514,0.000728421,2.69141e-27,5.60784e-07,8.84184e-05,1.45186e-16,-2.16562e-05,7.68884e-06,8.17192e-06,2.12173e-20,1.59181e-06,5.89054e-07,7.19279,92.3982,3.89531,0.418363,82.7641,0.281059,4.70122,0.00410831,0.281059,2.02299,0.0784717,8.80137,0.440144,0.00781158,8.27076,0.00702652,0.00720112,0.00669188,0.0041835,8.27076,0.00618059,1.79055,1.04948,0.000522761,0.165792,0.000702652,0.00120019,0.000281059,0.000674653,0.165792,0.798606,5.60784e-07,3.29748,0.285167
2069.2917,286.224,285.056,2.4877,0.239109,1.26009,0.00936825,0.00391463,0.00292978,0.00545362,0.000735777,1.66308e-26,5.83797e-07,1.61099e-05,1.22993e-16,5.36864e-05,3.89519e-05,2.25022e-06,1.80613e-20,3.48599e-06,2.82749e-06,7.21777,92.3718,3.90745,0.354475,82.7817,0.285118,4.71172,0.00428268,0.285118,2.01788,0.078707,8.79992,0.438392,0.00642493,8.27222,0.00712798,0.00721611,0.00678852,0.00417293,8.27222,0.00619748,1.79056,1.04952,0.000431463,0.165842,0.000712798,0.00120268,0.000285118,0.000672952,0.165842,1.81779,5.83797e-07,3.31032,0.2894
2069.3750,294.582,293.212,2.68024,0.184743,2.41295,0.0135055,0.00590239,0.00286747,0.00760309,0.000771552,2.64627e-26,6.5665e-07,4.14596e-06,1.26765e-16,6.54303e-05,6.58449e-05,6.03672e-07,1.86296e-20,3.64504e-06,4.78284e-06,7.35428,92.4598,3.95622,0.318161,82.777,0.305266,4.74893,0.00504573,0.305266,2.01038,0.0798672,8.79987,0.43833,0.0056974,8.27182,0.00763168,0.00726827,0.00726823,0.00415745,8.27182,0.00628121,1.79058,1.04952,0.000381768,0.165829,0.000763169,0.00121138,0.000305266,0.000670451,0.165829,3.03725,6.5665e-07,3.39806,0.310312
2069.4583,298.2,297.001,2.91049,0.124847,2.22114,0.00979923,0.00575906,0.00189919,0.00404017,0.000813857,1.66886e-26,7.56306e-07,3.10083e-07,1.35744e-16,4.47319e-05,4.57746e-05,5.27407e-08,1.99405e-20,2.39679e-06,3.32544e-06,7.50565,92.577,4.01396,0.298855,82.7689,0.32907,4.79304,0.00591535,0.32907,2.00368,0.0812447,8.80015,0.438308,0.0053151,8.27114,0.00822679,0.00733034,0.007835,0.00414373,8.27114,0.00638086,1.7906,1.04949,0.000355129,0.165806,0.000822679,0.00122172,0.00032907,0.000668216,0.165806,2.63546,7.56306e-07,3.49169,0.334985
2069.5417,293.024,292.778,3.00772,0.176676,1.18999,0.0073449,0.00513421,0.00218626,0.00221069,0.000831751,1.15615e-26,7.96324e-07,4.445e-06,1.38153e-16,4.98617e-05,3.36494e-05,8.42459e-07,2.02819e-20,2.7433e-06,2.45345e-06,7.55754,92.6158,4.04102,0.293865,82.7641,0.33902,4.81528,0.00624383,0.33902,2.00032,0.0818358,8.80044,0.438509,0.00522153,8.27074,0.00847554,0.00736237,0.00807191,0.00413702,8.27074,0.00642345,1.79062,1.04948,0.000347326,0.165793,0.000847554,0.00122706,0.00033902,0.000667097,0.165793,1.75735,7.96324e-07,3.51652,0.345264
2069.6250,287.411,287.523,3.04189,0.170863,0.680793,0.00418434,0.00413902,0.00191271,4.53193e-05,0.000838246,5.11847e-27,7.98989e-07,7.82384e-07,1.37468e-16,4.7129e-05,1.63671e-05,2.2314e-07,2.0164e-20,2.40905e-06,1.21128e-06,7.57223,92.6112,4.05362,0.286648,82.7569,0.342504,4.82713,0.00632361,0.342504,1.99538,0.0820616,8.80066,0.439272,0.00507954,8.27012,0.00856263,0.00738008,0.00815485,0.00412705,8.27012,0.00643987,1.79064,1.04952,0.000337656,0.165774,0.000856264,0.00123001,0.000342504,0.000665451,0.165774,0.999179,7.98989e-07,3.51861,0.348827
2069.7083,276.2,277.052,2.40858,0.317987,0.0740915,0.000786235,0.0023275,0.00145455,-0.00154126,0.000828932,1.71899e-28,7.74708e-07,4.72068e-06,1.35129e-16,3.54381e-05,2.67074e-06,9.39414e-07,1.97974e-20,1.80785e-06,2.50311e-07,7.53042,92.5617,4.04599,0.286419,82.7516,0.337031,4.82432,0.00607069,0.337031,1.99319,0.0817771,8.80092,0.440289,0.00507587,8.26965,0.00842581,0.00737745,0.00802455,0.00412275,8.26965,0.00642,1.79066,1.04957,0.000338383,0.165761,0.000842582,0.00122957,0.000337031,0.000664719,0.165761,0.588622,7.74708e-07,3.48443,0.343102
2069.7917,267.466,268.099,0.302336,0.680187,0.00151447,1.11187e-05,0.00134542,0.000230513,-0.0013343,0.000814296,0,7.34662e-07,5.11579e-10,1.42437e-16,7.02603e-06,2.14333e-06,9.55679e-11,2.08466e-20,2.67444e-07,2.14333e-07,7.4797,92.531,4.03136,0.304991,82.7492,0.328556,4.81631,0.00571713,0.328556,1.99719,0.0813206,8.80115,0.440827,0.00545854,8.26941,0.00821395,0.00736749,0.00782277,0.00413125,8.26941,0.00638819,1.79068,1.0496,0.000365762,0.165756,0.000821395,0.00122791,0.000328556,0.000666055,0.165756,0.238971,7.34662e-07,3.44834,0.334273
2069.8750,266.202,266.487,0,0.648597,0,0,0.00119146,2.77483e-05,-0.00119146,0.000799974,0,6.8774e-07,0,1.51103e-16,1.2077e-06,2.08927e-06,0,2.20969e-20,3.33225e-08,2.08928e-07,7.43504,92.5271,4.01689,0.338337,82.7488,0.32027,4.80826,0.00538335,0.32027,2.00499,0.0808716,8.80151,0.440963,0.00615733,8.26937,0.00800678,0.00735735,0.00762547,0.00414755,8.26937,0.00635689,1.7907,1.0496,0.000412647,0.165755,0.000800679,0.00122622,0.00032027,0.000668654,0.165755,0.224527,6.8774e-07,3.41816,0.325653
2069.9583,267.439,267.643,0,0.648591,0,0,0.00112397,1.88121e-05,-0.00112397,0.000785776,0,6.52837e-07,0,1.53836e-16,8.09306e-07,2.03572e-06,0,2.24807e-20,2.14494e-08,2.03573e-07,7.39029,92.525,4.00241,0.37302,82.7485,0.312061,4.8001,0.00506401,0.312061,2.01311,0.0804241,8.80186,0.441036,0.00688811,8.26935,0.00780156,0.00734693,0.00743002,0.00416449,8.26935,0.00632566,1.79072,1.0496,0.00046116,0.165755,0.000780157,0.00122449,0.000312061,0.000671362,0.165755,0.399495,6.52837e-07,3.38789,0.317125
2070.0417,267.764,267.922,0,0.648591,0,0,0.00121647,1.8638e-05,-0.00121647,0.00077259,0,6.23302e-07,0,1.54944e-16,6.93136e-07,1.98603e-06,0,2.26277e-20,1.8824e-08,1.98603e-07,7.34831,92.5228,3.98883,0.405242,82.7485,0.304443,4.79235,0.00477759,0.304443,2.02084,0.0800062,8.80219,0.441099,0.00756815,8.26933,0.00761112,0.00733692,0.00724865,0.00418056,8.26933,0.00629648,1.79074,1.0496,0.000506314,0.165754,0.000761113,0.00122282,0.000304443,0.000673937,0.165754,0.508173,6.23302e-07,3.35948,0.309221
2070.1250,269.685,269.739,0,0.648594,0,0,0.00123724,1.93861e-05,-0.00123724,0.000759722,0,6.01146e-07,0,1.55609e-16,6.2071e-07,1.93757e-06,0,2.271e-20,1.73442e-08,1.93758e-07,7.30465,92.5182,3.97545,0.436647,82.7484,0.297015,4.78461,0.00450764,0.297015,2.02855,0.0795962,8.80251,0.441158,0.00823207,8.26933,0.0074254,0.00732681,0.00707178,0.00419656,8.26933,0.00626781,1.79076,1.0496,0.000550428,0.165754,0.000742541,0.00122114,0.000297015,0.000676508,0.165754,0.433244,6.01146e-07,3.32921,0.301522
2070.2083,275.531,274.745,1.11112,0.518061,0.381759,0.00262843,0.00202768,0.00198016,0.000600746,0.00074759,2.53759e-27,5.80578e-07,7.37767e-05,1.44186e-16,-2.47128e-05,7.60139e-06,6.80398e-06,2.10989e-20,1.24154e-06,5.87161e-07,7.26101,92.4976,3.96288,0.441539,82.7602,0.290011,4.77738,0.00426173,0.290011,2.03483,0.0792067,8.80138,0.43935,0.00830477,8.27031,0.00725032,0.00731733,0.00690503,0.00420958,8.27031,0.00624052,1.79078,1.04961,0.000554723,0.165787,0.000725033,0.00121956,0.000290011,0.000678602,0.165787,0.850256,5.80578e-07,3.29813,0.294273
2070.2917,287.447,286.1,2.57095,0.20231,1.54016,0.009541,0.00410091,0.00278266,0.00544009,0.000754543,1.56272e-26,6.05269e-07,6.04027e-06,1.27019e-16,4.57458e-05,3.79628e-05,1.01408e-06,1.86833e-20,3.20693e-06,2.75359e-06,7.28042,92.4693,3.97398,0.375971,82.7822,0.293864,4.78679,0.00440576,0.293864,2.03075,0.0794124,8.79981,0.43721,0.00685351,8.27214,0.00734665,0.00733087,0.00699677,0.00420111,8.27214,0.00625531,1.7908,1.04964,0.000459749,0.165849,0.000734665,0.00122181,0.000293864,0.000677241,0.165849,1.96325,6.05269e-07,3.30643,0.29827
2070.3750,295.286,293.549,2.75841,0.142057,2.19221,0.0115536,0.00533656,0.00223838,0.00621708,0.0007891,2.12313e-26,6.74564e-07,2.62464e-06,1.33784e-16,4.40655e-05,5.44435e-05,3.06239e-07,1.96869e-20,2.71448e-06,3.95075e-06,7.40355,92.555,4.0197,0.344423,82.7812,0.313385,4.82084,0.00509289,0.313385,2.0259,0.0804938,8.80004,0.43709,0.00621428,8.27205,0.00783466,0.00737868,0.00746155,0.00419111,8.27205,0.0063332,1.79082,1.04963,0.000416117,0.165846,0.000783467,0.00122978,0.000313385,0.000675623,0.165846,2.60974,6.74564e-07,3.38385,0.318478
2070.4583,296.441,295.673,2.92385,0.25343,1.7269,0.0110001,0.00604072,0.00367931,0.00495939,0.000819356,1.92746e-26,7.44011e-07,7.2416e-05,1.28285e-16,8.91422e-05,5.30241e-05,1.00315e-05,1.89268e-20,4.788e-06,3.85381e-06,7.49878,92.61,4.06055,0.316929,82.7753,0.330434,4.85178,0.00566928,0.330434,2.01892,0.0814501,8.79923,0.436363,0.00566629,8.27157,0.00826089,0.00742244,0.00786748,0.0041768,8.27157,0.00640219,1.79083,1.04964,0.000378732,0.165829,0.00082609,0.00123707,0.000330434,0.000673298,0.165829,2.67549,7.44011e-07,3.43822,0.336103
2070.5417,292.693,292.403,3.10909,0.20327,1.59357,0.0087566,0.00564526,0.0028234,0.00311134,0.000852903,1.38592e-26,8.13112e-07,1.44466e-05,1.2719e-16,7.9903e-05,4.09828e-05,2.04772e-06,1.87987e-20,3.78252e-06,2.98541e-06,7.61341,92.6649,4.10602,0.285911,82.759,0.349326,4.88633,0.00629,0.349326,2.00656,0.0825211,8.79822,0.436314,0.00504182,8.2702,0.00873318,0.00747147,0.00831728,0.00415141,8.2702,0.00647968,1.79085,1.04967,0.000337995,0.165785,0.000873318,0.00124524,0.000349326,0.000669178,0.165785,2.13321,8.13112e-07,3.50739,0.355616
2070.6250,287.722,287.931,3.16303,0.24849,0.664825,0.00435115,0.00434635,0.00263291,4.80287e-06,0.000862845,4.96434e-27,8.32543e-07,4.06912e-05,1.24859e-16,7.70145e-05,1.64849e-05,5.27285e-06,1.84459e-20,3.52994e-06,1.22039e-06,7.63828,92.6542,4.1224,0.273296,82.7445,0.354788,4.90052,0.00642128,0.354788,1.99813,0.0828474,8.79781,0.437102,0.00478543,8.26894,0.00886974,0.00749241,0.00844733,0.00413421,8.26894,0.00650339,1.79088,1.04972,0.00032189,0.165747,0.000886974,0.00124874,0.000354788,0.000666368,0.165747,1.23489,8.32543e-07,3.51588,0.361209
2070.7083,276.686,277.428,2.84569,0.260149,0.0987951,0.000833052,0.00242546,0.00177682,-0.00159241,0.000852534,8.45545e-29,8.03093e-07,8.88721e-06,1.21985e-16,5.003e-05,2.51488e-06,1.48889e-06,1.80123e-20,2.32196e-06,2.42962e-07,7.59482,92.588,4.11358,0.268653,82.7321,0.348746,4.8969,0.00614743,0.348746,1.99241,0.0825315,8.79735,0.438172,0.00468953,8.26784,0.0087187,0.00748868,0.00830349,0.00412261,8.26784,0.00648134,1.7909,1.0498,0.000317381,0.165715,0.00087187,0.00124811,0.000348746,0.000664461,0.165715,0.397679,8.03093e-07,3.48125,0.354894
2070.7917,267.964,268.754,0.182429,0.568052,0.00399181,2.35034e-05,0.00136116,0.00044913,-0.00133766,0.00083737,0,7.61676e-07,2.95767e-07,1.3139e-16,1.46563e-05,2.21773e-06,3.06122e-08,1.93673e-20,5.79337e-07,2.21773e-07,7.54322,92.5464,4.09852,0.282076,82.727,0.339961,4.88874,0.00578881,0.339961,1.99418,0.0820618,8.79763,0.439121,0.00496508,8.26736,0.00849906,0.00747852,0.00809431,0.00412647,8.26736,0.00644865,1.79092,1.04985,0.000337561,0.165703,0.000849907,0.00124642,0.000339961,0.00066505,0.165703,0.419522,7.61676e-07,3.4447,0.34575
2070.8750,267.081,267.421,0,0.586755,0,0,0.00114627,4.64992e-05,-0.00114627,0.000822559,0,7.16921e-07,1.34385e-41,1.43425e-16,2.03868e-06,2.16179e-06,3.75268e-42,2.11219e-20,5.67521e-08,2.1618e-07,7.49966,92.5436,4.08367,0.316086,82.7259,0.331387,4.88057,0.00545084,0.331387,2.00193,0.0816007,8.798,0.43932,0.00567789,8.26726,0.00828471,0.00746822,0.00789016,0.00414266,8.26726,0.00641653,1.79094,1.04985,0.000385482,0.165701,0.000828471,0.0012447,0.000331387,0.000667632,0.165701,0.217263,7.16921e-07,3.41599,0.336838
2070.9583,267.625,267.843,0,0.586755,0,0,0.00117098,4.05948e-05,-0.00117098,0.000807877,0,6.71428e-07,0,1.49016e-16,1.31843e-06,2.10639e-06,0,2.19283e-20,3.96861e-08,2.10639e-07,7.45604,92.5431,4.06881,0.351266,82.7257,0.322893,4.87229,0.0051275,0.322893,2.01013,0.0811412,8.79837,0.439415,0.00641823,8.26723,0.00807237,0.00745764,0.00768793,0.00415976,8.26723,0.00638449,1.79096,1.04985,0.000434855,0.165701,0.000807237,0.00124294,0.000322893,0.000670365,0.165701,0.215122,6.71428e-07,3.38723,0.328021
2071.0417,266.624,266.891,0,0.586755,0,0,0.00099029,3.10238e-05,-0.00099029,0.000794242,0,6.30312e-07,0,1.52662e-16,8.40664e-07,2.05497e-06,0,2.24488e-20,2.64981e-08,2.05497e-07,7.41558,92.543,4.05487,0.383859,82.7256,0.315011,4.86442,0.00483749,0.315011,2.01793,0.0807122,8.79871,0.439489,0.00710506,8.26722,0.00787531,0.00744748,0.00750026,0.00417598,8.26722,0.00635455,1.79098,1.04985,0.000480692,0.165701,0.000787532,0.00124125,0.000315011,0.000672965,0.165701,0.147862,6.30312e-07,3.3607,0.319848
2071.1250,268.948,268.984,0,0.589124,0,0,0.00122798,2.12121e-05,-0.00122798,0.000780935,0,5.94671e-07,0,1.55764e-16,5.05111e-07,2.00483e-06,0,2.28906e-20,1.61635e-08,2.00483e-07,7.37677,92.5442,4.04115,0.41605,82.7257,0.307324,4.85656,0.00456415,0.307324,2.02574,0.0802913,8.79902,0.43953,0.00778533,8.26722,0.00768315,0.00743722,0.00731725,0.00419221,8.26722,0.00632514,1.791,1.04985,0.000525931,0.165701,0.000768316,0.00123954,0.000307324,0.000675571,0.165701,0.398979,5.94671e-07,3.33562,0.311889
2071.2083,276.092,275.295,1.32811,0.460845,0.383298,0.00284576,0.00208275,0.00216592,0.000763008,0.000768732,2.30593e-27,5.81709e-07,5.69076e-05,1.42387e-16,-2.10674e-05,7.36169e-06,5.78268e-06,2.09634e-20,1.49147e-06,5.70043e-07,7.33211,92.5162,4.0287,0.411161,82.7417,0.300271,4.84954,0.0043225,0.300271,2.03117,0.0799037,8.79833,0.438023,0.00764057,8.26856,0.00750682,0.00742803,0.00714931,0.00420344,8.26856,0.00629801,1.79102,1.04986,0.000515001,0.165746,0.000750682,0.00123801,0.000300271,0.00067738,0.165746,0.94347,5.81709e-07,3.30342,0.304594
2071.2917,287.757,286.144,2.66307,0.222905,1.66683,0.0100491,0.00423789,0.00289167,0.00581122,0.000774589,1.60673e-26,6.11125e-07,1.49183e-05,1.22367e-16,5.13813e-05,4.04174e-05,2.02126e-06,1.80723e-20,3.41459e-06,2.93371e-06,7.35166,92.4928,4.03869,0.355978,82.7582,0.303491,4.85835,0.00445188,0.303491,2.02704,0.0800999,8.7975,0.436855,0.00643367,8.26991,0.00758731,0.00744073,0.00722597,0.00419488,8.26991,0.00631214,1.79104,1.0499,0.000435081,0.165792,0.000758731,0.00124012,0.000303491,0.000676004,0.165792,2.15756,6.11125e-07,3.31297,0.307943
2071.3750,292.924,291.717,2.86801,0.179872,2.47872,0.01415,0.00573178,0.00271801,0.00841826,0.000812126,2.6265e-26,6.88755e-07,4.41397e-06,1.24604e-16,5.94906e-05,6.98657e-05,5.6738e-07,1.84174e-20,3.40376e-06,5.07355e-06,7.49722,92.5935,4.08849,0.321536,82.7545,0.324692,4.89552,0.00520979,0.324692,2.02017,0.0813307,8.79749,0.436629,0.00574397,8.2696,0.00811735,0.00749286,0.00773077,0.00418068,8.2696,0.00640097,1.79106,1.04989,0.000387426,0.165783,0.000811736,0.00124881,0.000324692,0.000673712,0.165783,3.05019,6.88755e-07,3.40873,0.329902
2071.4583,294.709,293.797,3.12306,0.151607,2.0333,0.0119024,0.00598016,0.0021242,0.00592225,0.000858256,2.02989e-26,7.76392e-07,1.707e-06,1.3153e-16,4.63754e-05,5.91977e-05,2.61001e-07,1.9437e-20,2.63612e-06,4.30333e-06,7.67231,92.7411,4.14963,0.304956,82.7489,0.350734,4.94114,0.00611023,0.350734,2.01498,0.0828439,8.79776,0.436199,0.00541955,8.26913,0.0087684,0.00755706,0.00835082,0.00417009,8.26913,0.00651045,1.79108,1.04984,0.000364088,0.165767,0.00087684,0.00125951,0.000350734,0.000671984,0.165767,2.52724,7.76392e-07,3.52268,0.356844
2071.5417,293.318,292.889,3.28226,0.161155,1.44242,0.0082126,0.00554582,0.0021133,0.00266678,0.00088686,1.2087e-26,8.25497e-07,2.12906e-06,1.34379e-16,4.78811e-05,3.80217e-05,3.72823e-07,1.98508e-20,2.63485e-06,2.77335e-06,7.77227,92.8212,4.18953,0.295559,82.7433,0.366788,4.97214,0.00662835,0.366788,2.01003,0.083791,8.79805,0.436191,0.0052403,8.26866,0.00916975,0.0076013,0.00873306,0.00416007,8.26866,0.00657903,1.7911,1.04982,0.000350307,0.165752,0.000916975,0.00126688,0.000366788,0.000670333,0.165752,1.87799,8.25497e-07,3.58274,0.373417
2071.6250,286.762,286.988,3.31883,0.140684,0.566114,0.00399528,0.00400751,0.00151716,-1.22357e-05,0.000893674,4.33673e-27,8.24028e-07,7.39199e-09,1.36859e-16,3.07666e-05,1.53813e-05,2.45415e-09,2.01998e-20,1.80005e-06,1.1428e-06,7.78986,92.8317,4.20245,0.29524,82.7391,0.370455,4.98417,0.00669498,0.370455,2.0075,0.084035,8.7984,0.436667,0.00524116,8.2683,0.00926141,0.00761936,0.00882035,0.0041551,8.2683,0.00659688,1.79112,1.04983,0.000349342,0.165741,0.000926142,0.00126989,0.000370455,0.000669489,0.165741,0.776169,8.24028e-07,3.58741,0.37715
2071.7083,274.469,275.72,2.17575,0.155093,0.0958075,0.000736494,0.00223747,0.0010427,-0.00150097,0.000882896,1.91732e-28,7.87742e-07,1.63949e-08,1.37117e-16,2.01607e-05,2.94492e-06,5.27299e-09,2.02178e-20,1.20414e-06,2.75246e-07,7.74688,92.7954,4.1934,0.302196,82.7382,0.364133,4.98061,0.00640982,0.364133,2.00811,0.0837112,8.79877,0.43731,0.00538784,8.26821,0.00910336,0.0076158,0.00866983,0.00415662,8.26821,0.00657426,1.79114,1.04987,0.00035911,0.165739,0.000910337,0.0012693,0.000364133,0.000669692,0.165739,0.379913,7.87742e-07,3.55348,0.370543
2071.7917,266.342,267.341,1.86151,0.107282,0.0057042,1.7427e-05,0.00137958,0.000133655,-0.00136216,0.000867088,0,7.36058e-07,3.031e-18,1.41724e-16,3.8191e-06,2.31562e-06,7.58792e-19,2.08767e-20,1.40161e-07,2.31562e-07,7.69603,92.7765,4.17786,0.328645,82.7378,0.354967,4.97232,0.00603614,0.354967,2.01404,0.0832253,8.79915,0.437667,0.00593678,8.26816,0.00887421,0.00760555,0.00845159,0.00416913,8.26816,0.00654048,1.79117,1.04989,0.000396849,0.165738,0.000887422,0.00126759,0.000354967,0.00067167,0.165738,0.0804304,7.36058e-07,3.51817,0.361003
2071.8750,261.855,262.942,0,0.0573634,0,0,0.00109746,1.90265e-05,-0.00109746,0.000851636,0,6.84224e-07,0,1.48448e-16,9.46176e-07,2.25722e-06,0,2.18503e-20,2.44179e-08,2.25722e-07,7.65055,92.7754,4.16253,0.365149,82.7375,0.346014,4.96402,0.00568374,0.346014,2.0222,0.082748,8.79954,0.437776,0.0067011,8.26813,0.0086504,0.00759513,0.00823843,0.0041862,8.26813,0.00650727,1.79119,1.04989,0.000447952,0.165738,0.00086504,0.00126586,0.000346014,0.00067439,0.165738,0.100306,6.84224e-07,3.48803,0.351698
2071.9583,255.37,256.511,0,0.0567625,0,0,0.000855013,2.26707e-06,-0.000855013,0.000836318,0,6.36741e-07,0,1.59758e-16,1.69623e-07,2.19936e-06,0,2.34992e-20,3.76134e-09,2.19937e-07,7.60896,92.7797,4.14718,0.402713,82.7374,0.337146,4.9556,0.00534658,0.337146,2.03062,0.0822724,8.79992,0.437835,0.00749169,8.26811,0.00842868,0.00758443,0.00802728,0.00420376,8.26811,0.00647414,1.79121,1.04989,0.000500246,0.165738,0.000842869,0.00126407,0.000337146,0.000677195,0.165738,0.177858,6.36741e-07,3.46178,0.342492
2072.0417,264.865,265.018,0,0.0573147,0,0,0.00113599,7.46714e-07,-0.00113599,0.000822092,0,6.0038e-07,0,1.6649e-16,6.48979e-08,2.14568e-06,0,2.44746e-20,1.36514e-09,2.14568e-07,7.56703,92.7807,4.1328,0.437736,82.7374,0.328916,4.94759,0.00504419,0.328916,2.03862,0.0818284,8.80027,0.437878,0.00823016,8.26811,0.00822293,0.00757413,0.00783132,0.00422042,8.26811,0.00644319,1.79123,1.04989,0.000549034,0.165738,0.000822294,0.00126236,0.000328916,0.000679863,0.165738,0.241646,6.0038e-07,3.43423,0.33396
2072.1250,267.488,267.563,0,0.063415,0,0,0.00122418,2.33446e-05,-0.00122418,0.00080821,0,5.68007e-07,1.20956e-09,1.67011e-16,-1.2551e-06,2.09332e-06,2.45722e-10,2.45362e-20,4.72178e-09,2.09332e-07,7.5236,92.7795,4.11863,0.471911,82.7374,0.32089,4.9396,0.00475916,0.32089,2.04661,0.0813929,8.80061,0.437917,0.00895195,8.26811,0.00802229,0.00756375,0.00764023,0.00423702,8.26811,0.0064128,1.79125,1.04989,0.000596712,0.165738,0.000802229,0.00126062,0.00032089,0.000682526,0.165738,0.265564,5.68007e-07,3.40497,0.325649
2072.2083,271.923,271.658,0.759028,0.485498,0.0796058,0.000881073,0.00149477,0.00134168,-0.000613692,0.000794215,1.33017e-28,5.51155e-07,4.41165e-05,1.61067e-16,-3.5281e-05,2.36396e-06,3.66208e-06,2.36824e-20,5.31205e-07,2.25774e-07,7.47634,92.7633,4.10421,0.485031,82.748,0.312805,4.93137,0.00448162,0.312805,2.05389,0.0809516,8.80044,0.437022,0.00920783,8.269,0.00782016,0.00755294,0.00744773,0.00425211,8.269,0.00638197,1.79127,1.04989,0.000612257,0.165767,0.000782016,0.00125882,0.000312805,0.000684952,0.165767,0.801423,5.51155e-07,3.37212,0.317286
2072.2917,284.511,282.926,2.7185,0.176373,1.31578,0.00916949,0.003496,0.00237123,0.00567349,0.000790287,1.25696e-26,5.65801e-07,4.03888e-06,1.41225e-16,1.96091e-05,3.27193e-05,5.74629e-07,2.08317e-20,2.34881e-06,2.39247e-06,7.4757,92.736,4.10353,0.429346,82.7771,0.310395,4.93361,0.00445735,0.310395,2.05387,0.0809021,8.79972,0.435181,0.00795495,8.27143,0.00775993,0.00755655,0.00739037,0.00425204,8.27143,0.00637892,1.79129,1.04991,0.000530592,0.165847,0.000775993,0.00125942,0.000310395,0.000684946,0.165847,1.64619,5.65801e-07,3.37218,0.314853
2072.3750,293.294,291.552,2.82723,0.159168,1.71938,0.0112785,0.00477081,0.00239592,0.00650769,0.000808653,1.87802e-26,6.1919e-07,9.69457e-06,1.37221e-16,3.05969e-05,4.95793e-05,1.13794e-06,2.02619e-20,2.69809e-06,3.61647e-06,7.58594,92.8251,4.13377,0.402629,82.7839,0.320508,4.95977,0.0049698,0.320508,2.05257,0.0817154,8.8,0.434624,0.0073882,8.27202,0.00801274,0.0075934,0.00763114,0.00424936,8.27202,0.00643793,1.79131,1.04989,0.000492072,0.165866,0.000801274,0.00126557,0.000320508,0.000684512,0.165866,2.39364,6.1919e-07,3.45216,0.325478
2072.4583,295.839,294.846,2.97185,0.163217,2.12058,0.0114123,0.00573456,0.00267615,0.00567772,0.000835476,1.90745e-26,7.03509e-07,2.54594e-06,1.38516e-16,4.57578e-05,5.2823e-05,3.53905e-07,2.04917e-20,3.23114e-06,3.85628e-06,7.72319,92.9209,4.17609,0.365589,82.7858,0.335353,4.99549,0.00566645,0.335353,2.04635,0.0828243,8.80003,0.434072,0.00665391,8.27224,0.00838388,0.0076437,0.00798461,0.00423656,8.27224,0.00651854,1.79133,1.04988,0.000440222,0.165868,0.000838388,0.00127395,0.000335353,0.00068244,0.165868,2.72027,7.03509e-07,3.5471,0.34102
2072.5417,292.724,292.211,3.05869,0.146656,1.11058,0.0066094,0.00469325,0.00202296,0.00191615,0.000851703,9.46742e-27,7.48654e-07,2.41128e-06,1.4076e-16,3.66641e-05,2.81694e-05,3.5105e-07,2.08325e-20,2.44475e-06,2.06595e-06,7.80179,92.9744,4.20424,0.346333,82.7844,0.344213,5.02056,0.00607957,0.344213,2.04185,0.0835141,8.8003,0.434093,0.00628127,8.27218,0.00860536,0.00767953,0.00819554,0.0042274,8.27218,0.00656877,1.79135,1.04988,0.000413203,0.165861,0.000860536,0.00127992,0.000344213,0.000680941,0.165861,1.44772,7.48654e-07,3.59754,0.350292
2072.6250,287.132,287.324,3.06582,0.168726,0.572503,0.00393179,0.00390567,0.00198991,2.61242e-05,0.000853454,4.56179e-27,7.50746e-07,1.37728e-06,1.39733e-16,3.85379e-05,1.48028e-05,2.93311e-07,2.06766e-20,2.43356e-06,1.10264e-06,7.81135,92.967,4.21242,0.334896,82.7822,0.344937,5.03025,0.00612852,0.344937,2.03852,0.083659,8.80058,0.434604,0.00606082,8.27204,0.00862347,0.00769412,0.00821279,0.00422068,8.27204,0.00657951,1.79137,1.04992,0.000397588,0.165853,0.000862348,0.00128235,0.000344937,0.000679829,0.165853,0.930386,7.50746e-07,3.59892,0.351066
2072.7083,276.932,277.559,2.36461,0.260223,0.0665444,0.000843074,0.00241914,0.00157866,-0.00157607,0.000843006,2.53903e-28,7.26568e-07,4.18941e-06,1.36576e-16,3.17297e-05,2.90166e-06,9.54067e-07,2.01982e-20,1.91716e-06,2.65441e-07,7.76842,92.9151,4.20365,0.329978,82.7798,0.338809,5.02681,0.00588062,0.338809,2.03689,0.0833552,8.80083,0.435434,0.00596626,8.27186,0.00847027,0.00769048,0.00806689,0.00421747,8.27186,0.00655822,1.79139,1.04997,0.000391975,0.165846,0.000847028,0.00128175,0.000338809,0.000679285,0.165846,0.59226,7.26568e-07,3.56477,0.34469
2072.7917,262.541,263.675,0,0.0914978,0,0,0.00110904,7.72911e-05,-0.00110904,0.000828344,0,6.90294e-07,1.49881e-11,1.48467e-16,2.66135e-06,2.15488e-06,4.18401e-12,2.19391e-20,9.21486e-08,2.15489e-07,7.71876,92.8866,4.18881,0.347923,82.7785,0.330327,5.01854,0.00553991,0.330327,2.04135,0.0828969,8.80112,0.435906,0.00633939,8.27175,0.00825821,0.00768004,0.00786493,0.00422686,8.27175,0.00652624,1.79141,1.05,0.000418408,0.165843,0.000825822,0.00128001,0.000330327,0.000680773,0.165843,0.216604,6.90294e-07,3.52994,0.335867
2072.8750,265.973,266.262,0,0.059324,0,0,0.00111566,7.67339e-06,-0.00111566,0.000813929,0,6.45643e-07,0,1.53507e-16,4.35236e-07,2.10053e-06,0,2.26687e-20,1.04453e-08,2.10054e-07,7.67566,92.887,4.17404,0.383257,82.7784,0.321996,5.01016,0.00521648,0.321996,2.04971,0.0824436,8.80148,0.435972,0.00708346,8.27174,0.00804994,0.00766931,0.00766657,0.00424426,8.27174,0.0064946,1.79143,1.05,0.000467713,0.165842,0.000804994,0.00127822,0.000321996,0.000683558,0.165842,0.208723,6.45643e-07,3.50162,0.327212
2072.9583,266.62,266.871,0,0.0593202,0,0,0.00112381,7.15013e-06,-0.00112381,0.000799638,0,6.0745e-07,0,1.54216e-16,3.80488e-07,2.0467e-06,0,2.27584e-20,9.18493e-09,2.0467e-07,7.63168,92.8867,4.15925,0.418478,82.7783,0.313743,5.00166,0.00490704,0.313743,2.0582,0.0819917,8.80183,0.436027,0.00782677,8.27172,0.00784361,0.0076583,0.00747007,0.00426192,8.27172,0.00646302,1.79145,1.05,0.00051689,0.165842,0.000784362,0.00127638,0.000313743,0.000686389,0.165842,0.219679,6.0745e-07,3.47243,0.31865
2073.0417,265.064,265.344,0,0.0593207,0,0,0.00104746,5.89108e-06,-0.00104746,0.000786365,0,5.69616e-07,0,1.55748e-16,2.9299e-07,1.99674e-06,0,2.29701e-20,7.10832e-09,1.99674e-07,7.59152,92.8872,4.14538,0.451215,82.7783,0.306084,4.99358,0.0046295,0.306084,2.06627,0.0815698,8.80216,0.436076,0.0085188,8.27172,0.00765214,0.00764772,0.00728772,0.00427866,8.27172,0.00643351,1.79147,1.05,0.000562674,0.165842,0.000765215,0.00127462,0.000306084,0.000689079,0.165842,0.129866,5.69616e-07,3.44614,0.310714
2073.1250,268.729,268.763,0,0.0614343,0,0,0.00129885,5.76558e-06,-0.00129885,0.000773412,0,5.42415e-07,0,1.57236e-16,2.65497e-07,1.94802e-06,0,2.31754e-20,6.49545e-09,1.94802e-07,7.54719,92.8829,4.13171,0.483194,82.7782,0.298615,4.98552,0.00436791,0.298615,2.07433,0.0811558,8.80248,0.436121,0.00919602,8.27171,0.00746542,0.00763707,0.00710989,0.00429535,8.27171,0.00640452,1.79149,1.05,0.000607475,0.165842,0.000746543,0.00127284,0.000298615,0.000691766,0.165842,0.575769,5.42415e-07,3.41548,0.302983
2073.2083,276.749,275.817,2.03276,0.263591,0.384037,0.00319889,0.00211783,0.00237264,0.00108107,0.000761653,2.63066e-27,5.35015e-07,6.11719e-05,1.4343e-16,-2.07746e-05,7.82015e-06,5.67537e-06,2.11959e-20,1.69853e-06,5.99661e-07,7.50195,92.8478,4.11939,0.46974,82.7968,0.291834,4.97832,0.00413864,0.291834,2.07924,0.0807741,8.80158,0.434356,0.00886178,8.27328,0.00729588,0.00762753,0.00694842,0.00430547,8.27328,0.00637772,1.79151,1.05001,0.000584633,0.165893,0.000729588,0.00127125,0.000291833,0.000693402,0.165893,0.765629,5.35015e-07,3.38256,0.295972
2073.2917,288.563,286.91,2.59938,0.156045,1.45782,0.00913564,0.00413993,0.00229638,0.00499571,0.000770592,1.57834e-26,5.56903e-07,1.17903e-06,1.3453e-16,3.18106e-05,3.83998e-05,1.46908e-07,1.99336e-20,2.58888e-06,2.78468e-06,7.52485,92.8356,4.1324,0.420045,82.8137,0.296841,4.98871,0.00431911,0.296841,2.07708,0.0810075,8.8011,0.433332,0.0077525,8.27471,0.00742107,0.00764232,0.00706764,0.00430092,8.27471,0.00639442,1.79153,1.05004,0.000513832,0.165939,0.000742107,0.00127372,0.000296841,0.000692681,0.165939,1.86994,5.56903e-07,3.39245,0.30116
2073.3750,293.65,292.455,2.80652,0.149465,2.07266,0.0122536,0.00533645,0.00229663,0.00691714,0.000808572,2.37572e-26,6.26779e-07,1.27543e-06,1.3888e-16,3.68508e-05,6.12703e-05,1.70173e-07,2.05984e-20,2.7489e-06,4.44013e-06,7.64896,92.9286,4.1813,0.390174,82.8158,0.318357,5.02431,0.00505412,0.318357,2.0736,0.0821273,8.80137,0.43286,0.00714303,8.27494,0.00795896,0.0076922,0.00757993,0.00429371,8.27494,0.00647499,1.79154,1.05001,0.000472012,0.165942,0.000795897,0.00128203,0.000318357,0.000691522,0.165942,2.56869,6.26779e-07,3.46765,0.323411
2073.4583,296.383,295.365,2.9768,0.149389,1.25963,0.00767441,0.00494433,0.0021442,0.00273008,0.00083958,1.26659e-26,6.84118e-07,5.1724e-06,1.42498e-16,3.32801e-05,3.57921e-05,6.9127e-07,2.11482e-20,2.56265e-06,2.59885e-06,7.74272,93.0043,4.22219,0.373973,82.8166,0.335864,5.0547,0.00562516,0.335864,2.07106,0.0830534,8.80167,0.432435,0.0068297,8.27507,0.00839663,0.00773516,0.00799675,0.00428853,8.27507,0.00654155,1.79156,1.04999,0.000448404,0.165941,0.000839664,0.00128919,0.000335864,0.000690676,0.165941,1.90661,6.84118e-07,3.52052,0.341489
2073.5417,293.376,292.867,3.08927,0.168082,1.38143,0.00755161,0.00519171,0.00247373,0.0023599,0.000859961,1.22205e-26,7.25442e-07,6.63029e-06,1.39761e-16,5.01366e-05,3.58847e-05,1.0733e-06,2.07623e-20,3.10407e-06,2.61096e-06,7.79738,93.0261,4.25044,0.350008,82.8138,0.347316,5.07654,0.00597348,0.347316,2.06496,0.0836702,8.80169,0.432472,0.006362,8.27491,0.00868294,0.00776643,0.00826942,0.00427601,8.27491,0.00658593,1.79158,1.05001,0.000415769,0.16593,0.000868294,0.00129441,0.000347316,0.000688641,0.16593,1.8586,7.25442e-07,3.54693,0.353289
2073.6250,288.092,288.236,3.12701,0.176201,0.530999,0.0039481,0.00406146,0.00205695,-0.000113365,0.000866972,4.78941e-27,7.36278e-07,1.03206e-06,1.40949e-16,4.06974e-05,1.56869e-05,2.78383e-07,2.09307e-20,2.56137e-06,1.15961e-06,7.80575,93.0165,4.26247,0.339239,82.8102,0.351145,5.08719,0.00605148,0.351145,2.06131,0.0838813,8.802,0.433029,0.00615337,8.27466,0.00877867,0.0077823,0.0083606,0.00426863,8.27466,0.00660114,1.7916,1.05004,0.000401427,0.165918,0.000877867,0.00129705,0.000351145,0.000687426,0.165918,0.957501,7.36278e-07,3.54328,0.357197
2073.7083,273.84,274.797,2.70905,0.255268,0.0713315,0.000609113,0.00199779,0.00131702,-0.00138867,0.000856966,3.44841e-29,7.11885e-07,6.08385e-06,1.36367e-16,2.9294e-05,2.34818e-06,1.19821e-06,2.02416e-20,1.6281e-06,2.31076e-07,7.76342,92.9637,4.25361,0.334735,82.8063,0.345296,5.08328,0.00579964,0.345296,2.05919,0.0835685,8.80214,0.433869,0.00606611,8.27437,0.00863243,0.00777797,0.00822132,0.00426438,8.27437,0.00657923,1.79163,1.0501,0.000397043,0.165906,0.000863243,0.00129633,0.000345295,0.000686719,0.165906,0.341817,7.11885e-07,3.50981,0.351095
2073.7917,265.32,266.469,0.159561,0.0961006,0.00224176,1.41624e-05,0.00126742,0.000196082,-0.00125326,0.000841931,0,6.7045e-07,7.7435e-10,1.46296e-16,4.49219e-06,2.19578e-06,7.42056e-11,2.16926e-20,2.16202e-07,2.19579e-07,7.71426,92.9403,4.2384,0.355655,82.8056,0.336597,5.0748,0.00546132,0.336597,2.06475,0.0831003,8.80248,0.434316,0.00649716,8.27429,0.00841497,0.0077672,0.00801422,0.00427603,8.27429,0.00654659,1.79165,1.05012,0.0004278,0.165904,0.000841497,0.00129453,0.000336597,0.000688573,0.165904,0.207714,6.7045e-07,3.47585,0.342059
2073.8750,265.103,265.591,0,0.06075,0,0,0.00111723,1.55086e-05,-0.00111723,0.000827245,0,6.27347e-07,0,1.52532e-16,6.59184e-07,2.14041e-06,0,2.26012e-20,1.77692e-08,2.14041e-07,7.67058,92.9398,4.2234,0.390672,82.8054,0.328108,5.06633,0.00514248,0.328108,2.07311,0.0826407,8.80285,0.434407,0.00723489,8.27427,0.00820274,0.0077563,0.00781209,0.00429344,8.27427,0.00651452,1.79167,1.05013,0.000476969,0.165904,0.000820274,0.00129272,0.000328108,0.00069136,0.165904,0.229485,6.27347e-07,3.44718,0.33325
2073.9583,264.582,265.147,0,0.0607491,0,0,0.0010803,1.28827e-05,-0.0010803,0.000812687,0,5.94363e-07,0,1.54131e-16,4.802e-07,2.08555e-06,0,2.28228e-20,1.31659e-08,2.08555e-07,7.62589,92.9391,4.20838,0.426169,82.8054,0.319698,5.05773,0.00483743,0.319698,2.08169,0.0821826,8.80321,0.434466,0.00798536,8.27427,0.0079925,0.00774511,0.00761186,0.00431125,8.27427,0.00648252,1.79169,1.05013,0.000526712,0.165904,0.00079925,0.00129085,0.000319698,0.000694219,0.165904,0.389248,5.94363e-07,3.41751,0.324536
2074.0417,265.477,265.616,0,0.0607522,0,0,0.00110703,2.96089e-06,-0.00110703,0.000799166,0,5.64979e-07,0,1.5737e-16,1.84502e-07,2.03464e-06,0,2.3288e-20,4.22774e-09,2.03464e-07,7.58495,92.9394,4.19429,0.459301,82.8053,0.311894,5.04956,0.00456383,0.311894,2.08985,0.0817549,8.80354,0.434514,0.00868739,8.27426,0.00779739,0.00773437,0.00742605,0.00432816,8.27426,0.00645262,1.79171,1.05012,0.000573169,0.165904,0.00077974,0.00128906,0.000311894,0.000696938,0.165904,0.243873,5.64979e-07,3.39066,0.316458
2074.1250,269.056,269.097,0,0.0912067,0,0,0.00130392,3.0528e-05,-0.00130392,0.00078597,0,5.48682e-07,6.22075e-17,1.57738e-16,-1.31012e-06,1.98499e-06,1.28568e-17,2.33288e-20,1.12764e-08,1.98499e-07,7.5403,92.9351,4.18041,0.491402,82.8055,0.304284,5.04141,0.00430595,0.304284,2.09799,0.0813352,8.80386,0.43454,0.0093688,8.27427,0.00760713,0.00772355,0.00724485,0.004345,8.27427,0.00642324,1.79173,1.05012,0.000618126,0.165904,0.000760714,0.00128726,0.000304284,0.000699653,0.165904,0.806509,5.48682e-07,3.35989,0.30859
2074.2083,273.109,272.348,1.11169,0.288338,0.218763,0.00194616,0.00171389,0.00148806,0.000232271,0.000773046,1.50367e-27,5.50048e-07,3.28641e-05,1.51595e-16,-2.89465e-05,5.37527e-06,3.93973e-06,2.24244e-20,7.98535e-07,4.30502e-07,7.49458,92.9203,4.16672,0.506641,82.8137,0.296835,5.03329,0.00406146,0.296835,2.10541,0.0809203,8.80389,0.433978,0.00967026,8.27496,0.00742092,0.0077127,0.0070675,0.0043603,8.27496,0.00639415,1.79175,1.05013,0.000637269,0.165927,0.000742093,0.00128545,0.000296835,0.000702124,0.165927,0.964215,5.50048e-07,3.32785,0.300897
2074.2917,286.44,285.085,2.64103,0.200792,1.41512,0.00950688,0.00396189,0.00289176,0.00554499,0.000780734,1.62181e-26,5.73482e-07,8.54448e-06,1.32155e-16,3.51377e-05,4.01049e-05,1.35642e-06,1.96123e-20,3.17558e-06,2.90044e-06,7.50899,92.895,4.17691,0.44131,82.8412,0.301191,5.04087,0.00418573,0.301191,2.10341,0.0810931,8.80322,0.432282,0.00819275,8.27729,0.00752981,0.00772353,0.00717121,0.00435607,8.27729,0.00640647,1.79177,1.05015,0.000541759,0.166002,0.000752981,0.00128726,0.000301191,0.000701458,0.166002,1.87696,5.73482e-07,3.33208,0.305376
2074.3750,292.613,291.526,2.87038,0.147352,2.09592,0.0129048,0.00539569,0.00235391,0.00750912,0.000822349,2.51262e-26,6.44467e-07,1.76461e-06,1.37633e-16,3.83669e-05,6.63599e-05,2.49125e-07,2.04522e-20,2.82209e-06,4.80092e-06,7.63478,92.9818,4.22679,0.403724,82.8442,0.324931,5.07485,0.0048942,0.324931,2.09904,0.0822653,8.80341,0.431788,0.00740788,8.2776,0.00812331,0.00777109,0.00773645,0.00434698,8.2776,0.00649056,1.79178,1.05013,0.000489558,0.166008,0.000812332,0.00129518,0.000324931,0.000700001,0.166008,2.57236,6.44467e-07,3.40799,0.329825
2074.4583,297.626,296.147,3.09045,0.132003,1.47108,0.0078035,0.00509314,0.0020443,0.00271036,0.000861885,1.26592e-26,7.02176e-07,2.03776e-07,1.42737e-16,3.06532e-05,3.70054e-05,4.35865e-08,2.12257e-20,2.43361e-06,2.68193e-06,7.7525,93.0809,4.27481,0.386761,82.8451,0.347436,5.10801,0.00553859,0.347436,2.09659,0.0834074,8.80372,0.431168,0.00707466,8.27773,0.00868593,0.00781782,0.00827228,0.00434196,8.27773,0.0065726,1.7918,1.0501,0.000465096,0.166007,0.000868594,0.00130297,0.000347436,0.000699184,0.166007,2.03162,7.02176e-07,3.47769,0.352974
2074.5417,292.919,292.613,3.17641,0.17397,0.919726,0.00609849,0.00465206,0.0022758,0.00144643,0.000877301,9.16729e-27,7.37599e-07,2.64806e-05,1.41895e-16,3.85858e-05,2.82139e-05,3.16313e-06,2.11121e-20,2.77371e-06,2.05032e-06,7.78155,93.0917,4.2952,0.371711,82.8452,0.356138,5.12321,0.00574403,0.356138,2.09318,0.08385,8.804,0.431203,0.00678775,8.27782,0.00890349,0.00783983,0.00847948,0.00433501,8.27782,0.00660418,1.79182,1.05011,0.000443418,0.166004,0.00089035,0.00130664,0.000356138,0.000698049,0.166004,1.48425,7.37599e-07,3.48634,0.361882
2074.6250,287.59,287.662,3.20537,0.217823,0.677358,0.00447402,0.0042325,0.00279731,0.000241516,0.000882617,5.74453e-27,7.40493e-07,2.29922e-05,1.30308e-16,6.3161e-05,1.87191e-05,3.70263e-06,1.94467e-20,3.59336e-06,1.37658e-06,7.78333,93.0573,4.30396,0.347464,82.8402,0.35906,5.13079,0.0057696,0.35906,2.08631,0.0839973,8.80298,0.430886,0.0063042,8.27747,0.00897653,0.00785133,0.00854904,0.00432088,8.27747,0.00661467,1.79185,1.05017,0.000411862,0.165986,0.000897654,0.00130856,0.00035906,0.000695757,0.165986,0.973362,7.40493e-07,3.47937,0.364829
2074.7083,277.574,278.372,2.3434,0.209007,0.159178,0.00107343,0.00250867,0.00162394,-0.00143524,0.000874584,4.63528e-28,7.15796e-07,5.39014e-07,1.32505e-16,3.63219e-05,3.62942e-06,1.4889e-07,1.97535e-20,2.04573e-06,3.17812e-07,7.74573,92.9994,4.2972,0.337056,82.8341,0.354346,5.12813,0.00556379,0.354346,2.08254,0.0837429,8.80323,0.432087,0.00609296,8.27699,0.00885869,0.00784861,0.00843681,0.00431318,8.27699,0.00659678,1.79187,1.05024,0.000399948,0.165968,0.000885869,0.0013081,0.000354346,0.000694501,0.165968,0.442237,7.15796e-07,3.44853,0.35991
2074.7917,265.646,266.557,0.0454106,0.195502,0.000659053,1.49103e-06,0.00123047,0.000210569,-0.00122897,0.000859336,0,6.79149e-07,3.71849e-11,1.42784e-16,6.57582e-06,2.25398e-06,1.13414e-11,2.12598e-20,2.52436e-07,2.25399e-07,7.6963,92.9703,4.2819,0.3549,82.8322,0.345518,5.11971,0.00524218,0.345518,2.08699,0.0832708,8.80359,0.432715,0.00646175,8.27682,0.008638,0.00783782,0.00822663,0.0043225,8.27682,0.00656386,1.79189,1.05027,0.000426758,0.165963,0.000863801,0.0013063,0.000345518,0.000695986,0.165963,0.303499,6.79149e-07,3.4144,0.350761
2074.8750,264.144,264.61,0,0.167451,0,0,0.00104925,1.4819e-05,-0.00104925,0.00084427,0,6.37277e-07,0,1.52379e-16,6.87875e-07,2.19714e-06,0,2.26715e-20,1.83171e-08,2.19714e-07,7.65332,92.9709,4.26662,0.390385,82.8318,0.336804,5.11116,0.00493613,0.336804,2.09539,0.0828024,8.80396,0.432825,0.00721041,8.27679,0.00842014,0.00782672,0.00801915,0.00433994,8.27679,0.0065312,1.79191,1.05027,0.000476768,0.165962,0.000842015,0.00130445,0.000336804,0.000698784,0.165962,0.183068,6.37277e-07,3.3867,0.34174
2074.9583,264.339,264.609,0,0.167451,0,0,0.0010274,5.59881e-06,-0.0010274,0.000829333,0,5.96169e-07,0,1.55911e-16,2.95894e-07,2.14082e-06,0,2.31818e-20,7.2548e-09,2.14083e-07,7.61149,92.974,4.25131,0.426789,82.8317,0.328172,5.10249,0.00464332,0.328172,2.10405,0.0823356,8.80433,0.43288,0.00798205,8.27678,0.00820433,0.00781533,0.00781361,0.0043579,8.27678,0.00649862,1.79193,1.05027,0.000527811,0.165962,0.000820434,0.00130256,0.000328172,0.000701672,0.165962,0.243329,5.96169e-07,3.36017,0.332815
2075.0417,265.919,266.077,0,0.167451,0,0,0.00108446,4.11866e-06,-0.00108446,0.000815462,0,5.62719e-07,0,1.57095e-16,2.13807e-07,2.08856e-06,0,2.33434e-20,5.18044e-09,2.08857e-07,7.57057,92.9752,4.23697,0.460686,82.8317,0.320161,5.09425,0.0043807,0.320161,2.11229,0.0818998,8.80467,0.432926,0.0087019,8.27677,0.00800406,0.00780441,0.00762287,0.00437494,8.27677,0.00646818,1.79195,1.05027,0.000575392,0.165962,0.000800406,0.00130073,0.000320161,0.000704417,0.165962,0.117762,5.62719e-07,3.3336,0.324541
2075.1250,269.269,269.238,0,0.221557,0,0,0.00131269,0.00011457,-0.00131269,0.000801924,0,5.36337e-07,3.01475e-07,1.57232e-16,-3.75871e-06,2.0376e-06,1.12906e-08,2.33503e-20,6.08074e-08,2.03761e-07,7.52667,92.9723,4.22283,0.493362,82.8318,0.312348,5.08602,0.00413317,0.312348,2.12048,0.0814722,8.805,0.432949,0.00939639,8.27678,0.00780875,0.00779341,0.00743687,0.00439187,8.27678,0.00643828,1.79197,1.05027,0.00062123,0.165963,0.000780876,0.0012989,0.000312348,0.00070715,0.165963,0.530226,5.36337e-07,3.30384,0.316482
2075.2083,278.337,277.159,2.31572,0.313378,0.577319,0.00435121,0.00242903,0.002643,0.00192218,0.000790835,4.37775e-27,5.35322e-07,5.95206e-05,1.39055e-16,-9.73922e-06,1.23718e-05,5.31891e-06,2.07142e-20,2.15506e-06,9.22237e-07,7.4857,92.9337,4.21139,0.469979,82.8537,0.305947,5.07947,0.00393619,0.305947,2.12428,0.0811158,8.80397,0.431003,0.00882645,8.27863,0.00764871,0.00778465,0.00728445,0.00439965,8.27863,0.00641325,1.79199,1.05029,0.000583283,0.166023,0.000764872,0.00129744,0.000305947,0.000708417,0.166023,1.11812,5.35322e-07,3.2743,0.309883
2075.2917,288.528,287.191,2.76293,0.171323,1.6166,0.0102788,0.00436857,0.00258125,0.00591021,0.000804737,1.82834e-26,5.6946e-07,1.86677e-06,1.30673e-16,4.05778e-05,4.69408e-05,2.58948e-07,1.95093e-20,3.04901e-06,3.39485e-06,7.52668,92.9321,4.22869,0.418918,82.8662,0.313859,5.09167,0.00417279,0.313859,2.12029,0.0815195,8.80372,0.43039,0.00770482,8.27972,0.00784651,0.00780186,0.00747283,0.00439128,8.27972,0.00644202,1.79201,1.05032,0.000510786,0.166055,0.000784652,0.00130031,0.000313859,0.000707086,0.166055,2.0259,5.6946e-07,3.29799,0.318032
2075.3750,296.028,294.276,2.95244,0.125171,1.81376,0.0098251,0.00494478,0.00198011,0.00488032,0.000838947,1.73129e-26,6.3195e-07,6.2966e-07,1.38441e-16,3.06387e-05,4.74559e-05,7.74232e-08,2.06797e-20,2.34664e-06,3.42973e-06,7.63749,93.0202,4.26966,0.397507,82.8671,0.333368,5.11956,0.00474469,0.333368,2.11805,0.0825565,8.80404,0.429984,0.00726914,8.27984,0.00833425,0.00784095,0.00793734,0.00438659,8.27984,0.00651628,1.79203,1.0503,0.000480743,0.166055,0.000833425,0.00130682,0.000333368,0.000706339,0.166055,2.22839,6.3195e-07,3.36783,0.338113
2075.4583,297.75,296.714,3.13832,0.151332,1.92004,0.00984355,0.00559067,0.00246249,0.00425288,0.000872141,1.71973e-26,7.06086e-07,3.85978e-06,1.40997e-16,4.28244e-05,4.99653e-05,4.91313e-07,2.10813e-20,3.04948e-06,3.61872e-06,7.7375,93.093,4.30987,0.375164,82.8669,0.352279,5.14724,0.00528053,0.352279,2.11341,0.0835792,8.80427,0.42957,0.00683418,8.27991,0.00880701,0.00787997,0.00838759,0.00437699,8.27991,0.00658959,1.79205,1.05028,0.000448923,0.166051,0.000880701,0.00131333,0.000352279,0.000704793,0.166051,2.60476,7.06086e-07,3.42764,0.357559
2075.5417,293.114,292.903,3.27882,0.187897,1.37607,0.00811781,0.00525386,0.00267231,0.00286396,0.000897081,1.31036e-26,7.63571e-07,1.30657e-05,1.39285e-16,5.30638e-05,4.04143e-05,1.85711e-06,2.08429e-20,3.38016e-06,2.93421e-06,7.81009,93.1361,4.341,0.355184,82.8635,0.366442,5.1693,0.00565614,0.366442,2.10726,0.084358,8.80435,0.429469,0.00644997,8.27971,0.00916108,0.00791141,0.0087248,0.00436432,8.27971,0.00664552,1.79207,1.05029,0.00042133,0.166037,0.000916109,0.00131857,0.000366442,0.000702741,0.166037,2.06451,7.63571e-07,3.46909,0.372098
2075.6250,287.701,287.851,3.33759,0.223602,0.547198,0.00428753,0.00416102,0.00257954,0.000126509,0.00090759,5.17138e-27,7.78077e-07,1.63324e-05,1.35412e-16,5.84427e-05,1.77425e-05,3.15217e-06,2.02686e-20,3.33198e-06,1.30852e-06,7.83603,93.1318,4.35572,0.338233,82.857,0.372332,5.18078,0.00577474,0.372332,2.1005,0.0846933,8.80437,0.42997,0.00611731,8.27924,0.00930833,0.00792829,0.00886503,0.00435042,8.27924,0.00666966,1.79209,1.05033,0.000399103,0.166016,0.000930833,0.00132138,0.000372332,0.000700489,0.166016,1.07032,7.78077e-07,3.48031,0.378106
2075.7083,274.528,275.557,1.93704,0.264754,0.102472,0.000786102,0.00221513,0.00153394,-0.00142902,0.000897762,3.24827e-28,7.55822e-07,5.46335e-06,1.3211e-16,3.70311e-05,3.34855e-06,1.21518e-06,1.97698e-20,1.95914e-06,3.02674e-07,7.79617,93.0722,4.34706,0.330171,82.8498,0.366584,5.17699,0.00554526,0.366584,2.09603,0.084394,8.80428,0.43093,0.00595425,8.27866,0.00916464,0.00792398,0.00872818,0.00434124,8.27866,0.00664867,1.79212,1.0504,0.000390319,0.165995,0.000916464,0.00132066,0.000366584,0.000698997,0.165995,0.560588,7.55822e-07,3.44911,0.372129
2075.7917,269.012,269.46,0,0.192252,0,0,0.00130637,0.000156863,-0.00130637,0.000881895,0,7.19732e-07,2.60464e-20,1.42895e-16,4.90215e-06,2.33144e-06,6.99444e-21,2.13596e-20,1.73756e-07,2.33144e-07,7.74704,93.0499,4.33128,0.353734,82.8478,0.357392,5.16842,0.00522303,0.357392,2.10137,0.0839065,8.80464,0.431451,0.00644368,8.27848,0.00893485,0.00791295,0.00850934,0.00435239,8.27848,0.00661474,1.79214,1.05043,0.000424954,0.16599,0.000893485,0.00131883,0.000357392,0.000700776,0.16599,0.357772,7.19732e-07,3.41576,0.362615
2075.8750,269.852,270.095,0,0.192194,0,0,0.0012035,0.0001452,-0.0012035,0.000866323,0,6.76514e-07,9.26202e-41,1.45676e-16,3.07721e-06,2.27264e-06,2.92997e-41,2.17559e-20,1.31469e-07,2.27264e-07,7.70403,93.049,4.31563,0.387689,82.8477,0.348379,5.15978,0.0049181,0.348379,2.10964,0.0834257,8.80502,0.431611,0.00715437,8.27846,0.0087095,0.00790171,0.00829473,0.00436956,8.27846,0.00658124,1.79216,1.05043,0.000473458,0.16599,0.000870951,0.00131695,0.000348378,0.000703534,0.16599,0.17898,6.76514e-07,3.3884,0.353297
2075.9583,270.225,270.44,0,0.192194,0,0,0.00114767,0.000151534,-0.00114767,0.000850885,0,6.36222e-07,0,1.46214e-16,2.39894e-06,2.21439e-06,0,2.1817e-20,1.2076e-07,2.21439e-07,7.66046,93.0473,4.29997,0.420643,82.8481,0.339449,5.15103,0.00462636,0.339449,2.11805,0.0829466,8.8054,0.431738,0.00784387,8.27848,0.00848627,0.00789019,0.00808213,0.004387,8.27848,0.00654784,1.79218,1.05043,0.000520699,0.165992,0.000848628,0.00131503,0.000339449,0.000706337,0.165992,0.253235,6.36222e-07,3.3605,0.344076
2076.0417,269.903,270.058,0,0.192194,0,0,0.00116619,0.000143299,-0.00116619,0.000836548,0,5.99636e-07,0,1.47426e-16,1.63081e-06,2.16034e-06,0,2.19798e-20,1.02442e-07,2.16034e-07,7.62045,93.0462,4.28528,0.450885,82.8488,0.331163,5.14271,0.0043647,0.331163,2.12606,0.0824995,8.80575,0.431838,0.00847701,8.27854,0.00827912,0.00787914,0.00788483,0.00440356,8.27854,0.00651663,1.7922,1.05044,0.000564164,0.165994,0.000827912,0.00131319,0.000331163,0.000709007,0.165994,0.185433,5.99636e-07,3.33517,0.335528
2076.1250,270.043,270.158,0,0.192194,0,0,0.00118888,0.000145045,-0.00118888,0.000822557,0,5.6393e-07,0,1.47777e-16,1.26116e-06,2.10762e-06,0,2.20149e-20,9.63634e-08,2.10763e-07,7.57993,93.044,4.27082,0.480181,82.8498,0.323082,5.1344,0.00411807,0.323082,2.13407,0.0820608,8.8061,0.431919,0.00909105,8.27861,0.0080771,0.00786802,0.00769244,0.0044201,8.27861,0.00648598,1.79223,1.05044,0.000606349,0.165997,0.00080771,0.00131134,0.000323082,0.000711678,0.165997,0.304846,5.6393e-07,3.30911,0.3272
2076.2083,272.516,272.377,0.115217,0.500469,0.0294427,0.000279097,0.00151857,0.00110406,-0.00123947,0.000808442,1.72995e-28,5.45598e-07,4.74328e-05,1.41172e-16,-2.06136e-05,2.47291e-06,3.09372e-06,2.10397e-20,6.70013e-07,2.3432e-07,7.53375,93.028,4.25608,0.494793,82.858,0.314937,5.12583,0.00387772,0.314937,2.14143,0.081616,8.80596,0.431247,0.00936899,8.27929,0.00787347,0.00785644,0.0074985,0.00443525,8.27929,0.00645488,1.79225,1.05045,0.000625243,0.16602,0.000787347,0.00130941,0.000314937,0.00071413,0.16602,0.769341,5.45598e-07,3.27766,0.318815
2076.2917,284.67,283.386,2.75452,0.318521,1.28693,0.00972002,0.00361193,0.00369496,0.0061081,0.000805212,1.32055e-26,5.6302e-07,5.98929e-05,1.14062e-16,4.48246e-05,3.41835e-05,9.0735e-06,1.71157e-20,4.13781e-06,2.4886e-06,7.52959,92.986,4.25472,0.436969,82.8807,0.312994,5.12658,0.00386241,0.312994,2.1387,0.0815668,8.80383,0.428576,0.00805219,8.28121,0.00782489,0.0078577,0.00745224,0.00442947,8.28121,0.00645171,1.79226,1.05049,0.000537934,0.166082,0.00078249,0.00130962,0.000312994,0.000713221,0.166082,1.78906,5.6302e-07,3.27488,0.316857
2076.3750,291.573,290.522,2.9064,0.186715,2.17859,0.013832,0.00521024,0.00296739,0.00862173,0.000832951,2.46412e-26,6.31875e-07,1.0777e-05,1.18095e-16,5.91088e-05,6.53953e-05,1.70513e-06,1.77702e-20,3.73217e-06,4.74887e-06,7.66226,93.0561,4.29197,0.38335,82.8805,0.328644,5.15466,0.00446108,0.328644,2.13004,0.0826372,8.80333,0.428059,0.00695855,8.28126,0.00821614,0.00789691,0.00782485,0.00441142,8.28126,0.00652892,1.79228,1.05051,0.00046433,0.166078,0.000821614,0.00131615,0.000328644,0.000710334,0.166078,2.63828,6.31875e-07,3.37029,0.333105
2076.4583,294.107,293.199,3.11138,0.260568,1.5616,0.0111579,0.00579648,0.00362499,0.00536145,0.000870009,1.85308e-26,7.13699e-07,6.80669e-05,1.16477e-16,8.17479e-05,5.29848e-05,9.54282e-06,1.75593e-20,4.74352e-06,3.8523e-06,7.82489,93.1742,4.34129,0.352348,82.8744,0.349555,5.19158,0.00521989,0.349555,2.12261,0.0840112,8.80285,0.4273,0.00633897,8.28081,0.00873891,0.00794867,0.00832273,0.00439603,8.28081,0.00662826,1.7923,1.0505,0.000422442,0.166059,0.000873891,0.00132478,0.000349555,0.000707859,0.166059,2.63642,7.13699e-07,3.4836,0.354775
2076.5417,293.049,292.805,3.24403,0.274303,1.34497,0.00867392,0.0056849,0.00368623,0.00298901,0.000893881,1.30344e-26,7.74983e-07,7.30047e-05,1.09404e-16,0.000104236,3.94709e-05,1.0347e-05,1.65768e-20,5.08919e-06,2.87899e-06,7.91853,93.1934,4.37472,0.311596,82.8562,0.362949,5.21764,0.00569035,0.362949,2.1071,0.084898,8.80075,0.426611,0.00552581,8.27935,0.00907376,0.00798561,0.00864164,0.00436395,8.27935,0.0066924,1.79232,1.05057,0.0003689,0.166005,0.000907377,0.00133094,0.000362949,0.000702688,0.166005,1.98231,7.74983e-07,3.5438,0.368639
2076.6250,288.237,288.243,3.28165,0.246219,0.829058,0.00484571,0.0045335,0.00281993,0.000312216,0.000900854,5.68641e-27,7.88459e-07,3.21802e-05,1.08515e-16,8.31645e-05,1.88043e-05,4.55711e-06,1.64636e-20,3.86423e-06,1.38905e-06,7.94333,93.1681,4.38734,0.292252,82.8371,0.366729,5.22912,0.00580889,0.366729,2.09542,0.0851922,8.79943,0.42701,0.00513401,8.27775,0.00916828,0.00800249,0.00873166,0.00433986,8.27775,0.00671381,1.79235,1.05065,0.000344359,0.165953,0.000916829,0.00133375,0.00036673,0.000698795,0.165953,1.17228,7.88459e-07,3.55599,0.372538
2076.7083,275.948,277.02,1.61093,0.269179,0.0937885,0.000743106,0.00232861,0.00150071,-0.00158551,0.000891289,2.02036e-28,7.65767e-07,5.98671e-06,1.11226e-16,4.57391e-05,2.93685e-06,9.69966e-07,1.68447e-20,2.01938e-06,2.73867e-07,7.90386,93.106,4.37938,0.288721,82.8238,0.361114,5.22607,0.0055959,0.361114,2.08969,0.0849175,8.7993,0.428396,0.00506206,8.2766,0.00902789,0.00799923,0.00859795,0.00432807,8.2766,0.00669464,1.79237,1.05073,0.000341468,0.165918,0.00090279,0.00133321,0.000361114,0.000696883,0.165918,0.508766,7.65767e-07,3.52448,0.36671
2076.7917,268.598,269.433,0,0.187703,0,0,0.00135876,0.000314176,-0.00135876,0.00087559,0,7.25547e-07,4.34957e-11,1.1859e-16,1.11102e-05,2.29644e-06,1.01724e-11,1.79277e-20,3.91879e-07,2.29644e-07,7.8535,93.0806,4.36361,0.312783,82.8194,0.352026,5.21738,0.00526982,0.352026,2.09494,0.0844327,8.79965,0.429133,0.00555767,8.27619,0.0088007,0.00798804,0.00838158,0.00433905,8.27619,0.00666086,1.79239,1.05076,0.00037702,0.165907,0.00088007,0.00133134,0.000352026,0.000698635,0.165907,0.275061,7.25547e-07,3.48989,0.357296
2076.8750,267.712,268.194,0,0.186498,0,0,0.00111081,5.79993e-05,-0.00111081,0.000860239,0,6.79651e-07,3.46185e-32,1.28313e-16,2.44732e-06,2.23852e-06,8.79892e-33,1.93781e-20,7.09948e-08,2.23852e-07,7.81031,93.0791,4.34803,0.347099,82.8185,0.343148,5.20867,0.00496216,0.343148,2.10323,0.0839561,8.80003,0.429346,0.00627729,8.2761,0.00857874,0.00797669,0.00817019,0.00435625,8.2761,0.00662763,1.79241,1.05076,0.000425699,0.165906,0.000857874,0.00132945,0.000343148,0.000701396,0.165906,0.126582,6.79651e-07,3.46228,0.34811
2076.9583,267.066,267.546,0,0.186498,0,0,0.000968877,4.95721e-05,-0.000968877,0.000845022,0,6.31668e-07,4.47995e-42,1.3201e-16,1.69463e-06,2.18114e-06,1.21072e-42,1.99203e-20,5.13328e-08,2.18115e-07,7.76944,93.0827,4.33244,0.383162,82.8181,0.334353,5.19983,0.0046678,0.334353,2.11196,0.0834812,8.80041,0.429452,0.00703825,8.27606,0.00835886,0.00796506,0.00796078,0.00437436,8.27606,0.00659448,1.79244,1.05076,0.000476513,0.165905,0.000835887,0.00132751,0.000334353,0.000704308,0.165905,0.0781547,6.31668e-07,3.437,0.339021
2077.0417,268.444,268.654,0,0.186498,0,0,0.0011989,4.15934e-05,-0.0011989,0.000830889,0,5.90109e-07,0,1.37572e-16,9.7036e-07,2.1279e-06,0,2.07444e-20,3.3746e-08,2.12791e-07,7.73047,93.0855,4.31782,0.416635,82.8181,0.326191,5.19143,0.0044038,0.326191,2.12028,0.0830379,8.80076,0.429531,0.00774556,8.27605,0.00815481,0.00795391,0.00776645,0.00439156,8.27605,0.0065635,1.79246,1.05076,0.000523743,0.165905,0.000815482,0.00132565,0.000326191,0.000707081,0.165905,0.128878,5.90109e-07,3.41264,0.330595
2077.1250,270.22,270.336,0,0.186498,0,0,0.00126748,4.54555e-05,-0.00126748,0.000817096,0,5.6026e-07,0,1.3785e-16,8.13515e-07,2.07598e-06,0,2.07714e-20,3.1439e-08,2.07598e-07,7.68597,93.0819,4.30342,0.449129,82.8182,0.318232,5.18304,0.00415496,0.318232,2.12859,0.0826029,8.8011,0.429595,0.00843301,8.27606,0.00795583,0.00794267,0.00757694,0.00440871,8.27606,0.00653308,1.79248,1.05076,0.000569717,0.165906,0.000795584,0.00132378,0.000318232,0.00070985,0.165906,0.371118,5.6026e-07,3.38256,0.322387
2077.2083,273.648,273.171,0.864258,0.475647,0.199692,0.00168,0.00173545,0.00176173,-5.54575e-05,0.000803364,1.06459e-27,5.3724e-07,5.85491e-05,1.28885e-16,-3.08138e-05,4.54411e-06,5.43846e-06,1.9433e-20,1.06862e-06,3.78123e-07,7.64044,93.0632,4.28899,0.457106,82.8302,0.310312,5.17458,0.00391662,0.310312,2.13555,0.0821689,8.80094,0.428729,0.00856607,8.27705,0.00775784,0.00793124,0.00738837,0.00442304,8.27705,0.00650268,1.7925,1.05077,0.000577139,0.165939,0.000775784,0.00132187,0.000310312,0.000712171,0.165939,0.649538,5.3724e-07,3.35145,0.314228
2077.2917,286.7,285.137,2.72483,0.28651,1.65163,0.0104127,0.00403768,0.0034858,0.00637498,0.000802925,1.5269e-26,5.59938e-07,4.4719e-05,1.05703e-16,5.48874e-05,3.84842e-05,7.41677e-06,1.60398e-20,4.04333e-06,2.80609e-06,7.65202,93.0243,4.292,0.387218,82.8544,0.309915,5.179,0.00398391,0.309915,2.13064,0.0822447,8.79902,0.426248,0.00702452,8.27909,0.00774791,0.00793761,0.00737893,0.00441272,8.27909,0.00650846,1.79251,1.05082,0.000474191,0.166006,0.000774792,0.00132293,0.000309915,0.000710533,0.166006,2.13817,5.59938e-07,3.36002,0.313899
2077.3750,293.848,292.59,2.87806,0.221533,2.25947,0.0145096,0.00577707,0.00341168,0.00873249,0.000831221,2.58351e-26,6.47779e-07,2.75416e-05,1.07363e-16,7.53461e-05,6.72873e-05,3.59826e-06,1.63239e-20,4.36192e-06,4.90171e-06,7.79987,93.1134,4.33324,0.341643,82.8505,0.325734,5.21205,0.00468873,0.325734,2.1214,0.0834059,8.79855,0.42585,0.0061102,8.2788,0.00814338,0.00798376,0.00775556,0.00439349,8.2788,0.00659258,1.79253,1.05083,0.000411674,0.165994,0.000814339,0.00133063,0.000325734,0.000707453,0.165994,3.09299,6.47779e-07,3.46662,0.330422
2077.4583,294.883,294.279,3.10237,0.272373,2.05038,0.0131766,0.00632169,0.00374893,0.00685488,0.000872127,2.23644e-26,7.56027e-07,7.62628e-05,1.05519e-16,0.000103864,6.27725e-05,1.03024e-05,1.60852e-20,5.08011e-06,4.57884e-06,7.99621,93.2442,4.39175,0.303889,82.8361,0.348638,5.25833,0.00564688,0.348638,2.10805,0.0849923,8.79749,0.425169,0.00535817,8.27761,0.00871599,0.00804857,0.00830091,0.00436586,8.27761,0.00670783,1.79255,1.05083,0.000361106,0.165953,0.0008716,0.00134143,0.000348638,0.000703004,0.165953,3.02509,7.56027e-07,3.60446,0.354285
2077.5417,293.427,292.973,3.2465,0.257923,1.63993,0.00910784,0.0059038,0.00334166,0.00320405,0.000898315,1.35584e-26,8.18719e-07,5.7841e-05,1.01773e-16,0.000103366,4.07346e-05,7.98456e-06,1.55696e-20,4.59431e-06,2.97996e-06,8.11474,93.2996,4.43141,0.277815,82.8138,0.363198,5.29095,0.00624075,0.363198,2.09324,0.0860062,8.79551,0.424628,0.00483039,8.27571,0.00907999,0.00809481,0.00864757,0.0043353,8.27571,0.00678157,1.79257,1.05087,0.000327043,0.165893,0.000907999,0.00134914,0.000363198,0.000698068,0.165893,2.17318,8.18719e-07,3.68334,0.369439
2077.6250,286.085,286.49,3.28295,0.219783,0.681035,0.00439044,0.00414167,0.00237209,0.000248767,0.000905221,4.82533e-27,8.35343e-07,1.12252e-05,1.03945e-16,7.24159e-05,1.62516e-05,1.865e-06,1.58857e-20,3.17182e-06,1.21145e-06,8.14344,93.2885,4.44573,0.267201,82.7949,0.366859,5.30481,0.0063827,0.366859,2.08297,0.0863194,8.79486,0.42556,0.00461355,8.27405,0.00917153,0.00811519,0.00873475,0.00431418,8.27405,0.00680458,1.7926,1.05094,0.000313736,0.165844,0.000917153,0.00135253,0.000366859,0.000694642,0.165844,0.998023,8.35343e-07,3.69772,0.373242
2077.7083,279.431,280.103,2.82907,0.240223,0.182681,0.00127871,0.00291772,0.00191232,-0.00163901,0.000894468,5.24552e-28,8.03292e-07,1.2914e-05,1.03625e-16,5.58264e-05,3.8473e-06,2.23714e-06,1.58024e-20,2.49776e-06,3.3612e-07,8.09995,93.2277,4.43664,0.266528,82.7831,0.360555,5.30118,0.00612613,0.360555,2.07809,0.0860068,8.79491,0.427011,0.00459907,8.27299,0.00901393,0.00811132,0.00858465,0.00430423,8.27299,0.00678269,1.79262,1.05101,0.000313955,0.165815,0.000901393,0.00135189,0.000360555,0.000693015,0.165815,0.569256,8.03292e-07,3.66331,0.366682
2077.7917,268.95,269.782,0,0.155298,0,0,0.00143548,0.000330437,-0.00143548,0.000878926,0,7.64756e-07,6.63783e-09,1.09963e-16,1.31805e-05,2.2934e-06,1.55334e-09,1.67427e-20,4.29714e-07,2.2934e-07,8.04586,93.1879,4.42097,0.284472,82.7767,0.351561,5.29251,0.00577228,0.351561,2.08079,0.0855255,8.79507,0.427869,0.00496864,8.2724,0.00878906,0.00810034,0.0083705,0.00430997,8.2724,0.00674912,1.79264,1.05105,0.000340773,0.1658,0.000878907,0.00135006,0.000351561,0.000693916,0.1658,0.355387,7.64756e-07,3.62489,0.357333
2077.8750,270.538,270.848,0,0.15479,0,0,0.00134735,0.000208631,-0.00134735,0.000863589,0,7.23963e-07,6.24967e-17,1.13491e-16,6.47096e-06,2.23556e-06,1.56294e-17,1.72587e-20,2.25833e-07,2.23556e-07,7.9977,93.1792,4.40531,0.317111,82.7755,0.342694,5.28367,0.00543528,0.342694,2.08894,0.0850475,8.79545,0.428168,0.00564725,8.27226,0.0085674,0.008089,0.00815938,0.00432695,8.27226,0.00671577,1.79266,1.05106,0.000387363,0.165798,0.00085674,0.00134817,0.000342694,0.000696633,0.165798,0.431442,7.23963e-07,3.59239,0.34813
2077.9583,267.419,267.964,0,0.15479,0,0,0.00116404,0.000113727,-0.00116404,0.000848383,0,6.88969e-07,4.3125e-27,1.19084e-16,3.0215e-06,2.17826e-06,1.0716e-27,1.80896e-20,1.10981e-07,2.17826e-07,7.95298,93.1755,4.38963,0.349962,82.7751,0.333911,5.2747,0.00511286,0.333911,2.09744,0.0845712,8.79583,0.428367,0.0063324,8.27221,0.00834781,0.00807736,0.00795025,0.00434462,8.27221,0.0066825,1.79269,1.05107,0.000434136,0.165798,0.000834781,0.00134623,0.000333911,0.000699466,0.165798,0.5265,6.88969e-07,3.56335,0.339023
2078.0417,269.278,269.494,0,0.15479,0,0,0.0012637,7.53343e-05,-0.0012637,0.000834262,0,6.59552e-07,0,1.24257e-16,1.47225e-06,2.12509e-06,0,1.88599e-20,6.08206e-08,2.12509e-07,7.90974,93.1731,4.37493,0.382416,82.7752,0.32576,5.26618,0.00482368,0.32576,2.10577,0.0841265,8.79618,0.428468,0.00701433,8.27221,0.00814403,0.00806618,0.00775618,0.00436191,8.27221,0.00665141,1.79271,1.05107,0.000479951,0.165799,0.000814404,0.00134436,0.00032576,0.000702245,0.165799,0.254303,6.59552e-07,3.53481,0.330583
2078.1250,269.677,269.86,0.0507996,0.177082,0.00320684,2.70032e-05,0.00135277,0.000252854,-0.00132577,0.000820481,0,6.26206e-07,1.38751e-06,1.25807e-16,-8.20564e-06,2.07324e-06,8.58422e-08,1.90804e-20,8.28232e-08,2.07324e-07,7.86378,93.1671,4.36044,0.413376,82.7758,0.317811,5.25768,0.00455112,0.317811,2.11411,0.0836902,8.79651,0.428523,0.00766506,8.27225,0.00794531,0.00805492,0.00756692,0.00437916,8.27225,0.00662087,1.79273,1.05107,0.000523669,0.165801,0.000794532,0.00134249,0.000317811,0.000705023,0.165801,0.538058,6.26206e-07,3.50334,0.322362
2078.2083,278.078,276.907,2.59827,0.303644,0.548511,0.00456589,0.00249807,0.00268207,0.00206782,0.000808154,3.19844e-27,6.13583e-07,5.42605e-05,1.12643e-16,4.19664e-06,9.62218e-06,5.03058e-06,1.71295e-20,2.36492e-06,7.34169e-07,7.82081,93.1196,4.34795,0.381159,82.8005,0.310683,5.25069,0.00432632,0.310683,2.11713,0.0833116,8.79561,0.426693,0.0069226,8.2743,0.00776711,0.00804569,0.0073972,0.00438535,8.2743,0.0065943,1.79275,1.05109,0.000472187,0.16587,0.000776711,0.00134095,0.000310683,0.000706031,0.16587,0.911406,6.13583e-07,3.47286,0.315009
2078.2917,288.374,286.996,2.7392,0.248221,1.56419,0.0100317,0.00438712,0.00311857,0.0056446,0.000809825,1.51567e-26,6.36584e-07,2.17545e-05,1.00648e-16,6.24889e-05,3.83607e-05,3.179e-06,1.53401e-20,3.79378e-06,2.8074e-06,7.84801,93.1028,4.35531,0.339049,82.8044,0.311406,5.25932,0.00446633,0.311406,2.11136,0.0834979,8.79507,0.426559,0.00603914,8.2746,0.00778519,0.00805803,0.00741443,0.0043733,8.2746,0.00660801,1.79276,1.05115,0.00041236,0.165882,0.000778519,0.00134301,0.000311406,0.000704105,0.165882,2.15605,6.36584e-07,3.4927,0.315872
2078.3750,294.656,293.484,2.87217,0.196836,2.38545,0.0142461,0.00601662,0.00299738,0.00822951,0.00083473,2.47628e-26,7.19316e-07,1.18182e-05,1.0419e-16,7.41217e-05,6.44513e-05,1.54162e-06,1.58891e-20,3.8532e-06,4.71329e-06,7.9928,93.195,4.39607,0.303812,82.7964,0.325131,5.29447,0.00519299,0.325131,2.10199,0.0846002,8.7949,0.426703,0.00534049,8.27391,0.00812831,0.00810727,0.00774121,0.00435385,8.27391,0.00668829,1.79278,1.05116,0.000363732,0.165861,0.000812831,0.00135121,0.000325131,0.000700982,0.165861,3.03861,7.19316e-07,3.59673,0.330324
2078.4583,297.545,296.387,3.0609,0.166434,2.38884,0.0127287,0.00658082,0.00248549,0.00614791,0.00086965,2.08345e-26,8.16009e-07,8.44002e-06,1.09476e-16,6.31008e-05,5.80176e-05,1.14905e-06,1.66841e-20,3.18506e-06,4.24726e-06,8.18142,93.3491,4.4517,0.286994,82.786,0.34443,5.34169,0.00614573,0.34443,2.09465,0.0860478,8.79505,0.426653,0.00500757,8.27301,0.0086108,0.00817357,0.00820072,0.00433872,8.27301,0.00679394,1.7928,1.05112,0.000340463,0.165834,0.000861081,0.00136226,0.00034443,0.000698535,0.165834,3.12343,8.16009e-07,3.72972,0.350576
2078.5417,292.519,292.326,3.17846,0.172958,1.48167,0.00877047,0.00564368,0.00230822,0.0031268,0.000891439,1.27024e-26,8.77389e-07,1.14296e-05,1.10317e-16,6.37015e-05,3.76938e-05,1.69706e-06,1.68082e-20,2.97853e-06,2.76865e-06,8.28947,93.4249,4.48919,0.274949,82.774,0.356344,5.37494,0.00672742,0.356344,2.08655,0.0869594,8.79488,0.426875,0.00476985,8.27196,0.00890865,0.00822085,0.00848439,0.00432211,8.27196,0.00686059,1.79282,1.05113,0.000323888,0.165802,0.000890866,0.00137014,0.000356344,0.000695835,0.165802,1.91109,8.77389e-07,3.80027,0.363072
2078.6250,287.529,287.681,3.20294,0.127408,0.741579,0.00459188,0.0042917,0.0014639,0.000300188,0.000896378,5.24969e-27,8.75363e-07,9.00191e-09,1.1381e-16,3.42215e-05,1.71215e-05,2.68083e-09,1.73127e-20,1.75209e-06,1.27604e-06,8.31806,93.4474,4.50276,0.277526,82.7673,0.358815,5.38936,0.00685681,0.358815,2.08447,0.0872296,8.79522,0.427499,0.00482412,8.27135,0.00897042,0.00824217,0.00854322,0.00431805,8.27135,0.00688063,1.79284,1.05114,0.000327127,0.165786,0.000897043,0.0013737,0.000358815,0.000695144,0.165786,0.889223,8.75363e-07,3.8153,0.365672
2078.7083,275.938,276.837,1.37718,0.177036,0.0818026,0.000692195,0.00235338,0.00114494,-0.00166119,0.000885933,2.1441e-28,8.40377e-07,1.44845e-06,1.13558e-16,2.32529e-05,2.89962e-06,3.4206e-07,1.7251e-20,1.30412e-06,2.69239e-07,8.27551,93.4126,4.49428,0.286229,82.765,0.352675,5.38632,0.00658851,0.352675,2.08579,0.0869305,8.79555,0.428175,0.00500348,8.27112,0.00881692,0.00823929,0.00839702,0.004321,8.27112,0.00685975,1.79287,1.05117,0.000339352,0.165782,0.000881692,0.00137321,0.000352675,0.000695584,0.165782,0.570032,8.40377e-07,3.78123,0.359264
2078.7917,271.243,271.691,0,0.252166,0,0,0.0013674,0.000451195,-0.0013674,0.000870599,0,7.94361e-07,2.06566e-09,1.14932e-16,1.16056e-05,2.24286e-06,6.10985e-10,1.74368e-20,4.99398e-07,2.24286e-07,8.2228,93.3827,4.47856,0.304507,82.7645,0.343813,5.37739,0.00620528,0.343813,2.09091,0.0864512,8.79589,0.428686,0.00537728,8.27104,0.00859538,0.00822812,0.00818603,0.00433178,8.27104,0.00682628,1.79289,1.0512,0.000365916,0.165782,0.000859538,0.00137135,0.000343813,0.000697288,0.165782,0.173621,7.94361e-07,3.74424,0.350019
2078.8750,271.423,271.633,0,0.234668,0,0,0.00133165,0.000382645,-0.00133165,0.000855581,0,7.38609e-07,1.20346e-21,1.15497e-16,7.65005e-06,2.18629e-06,3.56631e-22,1.75e-20,3.71331e-07,2.1863e-07,8.17807,93.3726,4.46298,0.331439,82.7644,0.335142,5.36841,0.00584301,0.335142,2.09865,0.0859791,8.79626,0.429006,0.0059298,8.271,0.00837859,0.00821673,0.00797957,0.00434796,8.271,0.00679329,1.79291,1.05121,0.000404793,0.165783,0.00083786,0.00136945,0.000335142,0.000699868,0.165783,0.209156,7.38609e-07,3.71509,0.340985
2078.9583,269.085,269.47,0,0.234668,0,0,0.00112648,0.000280858,-0.00112648,0.000840692,0,6.92148e-07,8.33587e-25,1.17387e-16,4.15273e-06,2.13026e-06,2.39285e-25,1.77647e-20,2.50914e-07,2.13026e-07,8.13261,93.3618,4.44739,0.357099,82.7655,0.326552,5.3593,0.0054964,0.326552,2.10665,0.0855085,8.79663,0.429244,0.00645584,8.27106,0.00816385,0.00820503,0.00777505,0.00436463,8.27106,0.00676037,1.79293,1.05122,0.000441703,0.165788,0.000816385,0.0013675,0.000326552,0.000702535,0.165788,0.142628,6.92148e-07,3.68522,0.332049
2079.0417,270.339,270.474,0,0.234689,0,0,0.00135337,0.000156856,-0.00135337,0.000826865,0,6.50379e-07,0,1.2005e-16,1.21149e-06,2.07826e-06,0,1.81514e-20,1.17623e-07,2.07826e-07,8.08973,93.3562,4.43276,0.385225,82.7665,0.318581,5.35065,0.00518553,0.318581,2.11481,0.0850691,8.79697,0.429354,0.00704155,8.27113,0.00796456,0.00819379,0.00758525,0.0043816,8.27113,0.0067296,1.79295,1.05122,0.000481406,0.165791,0.000796456,0.00136563,0.000318581,0.000705257,0.165791,0.283449,6.50379e-07,3.65697,0.323766
2079.1250,270.775,270.852,0,0.280216,0,0,0.0014071,0.000340637,-0.0014071,0.000813369,0,6.16572e-07,1.28279e-06,1.19977e-16,-6.93274e-06,2.02755e-06,4.30572e-08,1.81255e-20,1.66587e-07,2.02755e-07,8.04269,93.3461,4.41834,0.411897,82.7684,0.310807,5.34201,0.00489252,0.310807,2.12306,0.0846379,8.7973,0.429389,0.00759683,8.27128,0.00777022,0.00818245,0.00740017,0.0043987,8.27128,0.00669937,1.79297,1.05123,0.000518897,0.165797,0.000777022,0.00136374,0.000310807,0.000708006,0.165797,0.402898,6.16572e-07,3.62435,0.3157
2079.2083,275.941,275.387,1.30638,0.537391,0.28063,0.00269242,0.00213685,0.00216222,0.000555567,0.000800347,1.67959e-27,5.99251e-07,7.65151e-05,1.07653e-16,7.2682e-06,5.84319e-06,6.96098e-06,1.63103e-20,1.96904e-06,4.6645e-07,7.99283,93.3066,4.4045,0.401995,82.7838,0.303304,5.33376,0.00462229,0.303304,2.1279,0.084222,8.79632,0.427796,0.0073443,8.27255,0.00758265,0.00817158,0.00722153,0.00440871,8.27255,0.00667017,1.79299,1.05125,0.000501032,0.16584,0.000758265,0.00136193,0.000303304,0.00070962,0.16584,0.861006,5.99251e-07,3.58833,0.307927
2079.2917,287.991,286.66,2.66901,0.20662,1.692,0.0102984,0.00429677,0.00282247,0.0060016,0.000802129,1.51874e-26,6.22902e-07,8.58636e-06,1.01394e-16,5.29638e-05,3.73878e-05,1.40467e-06,1.54316e-20,3.36669e-06,2.73512e-06,8.01065,93.2813,4.41158,0.35626,82.7911,0.304111,5.34191,0.00473817,0.304111,2.12332,0.0843463,8.79501,0.426759,0.00636868,8.27314,0.00760282,0.00818335,0.00724074,0.00439914,8.27314,0.00667943,1.79301,1.0513,0.000436075,0.165862,0.000760283,0.00136389,0.000304111,0.000708091,0.165862,2.13336,6.22902e-07,3.59907,0.308849
2079.3750,295.719,294.45,2.81137,0.183586,2.58838,0.0141009,0.00613079,0.00298701,0.00797012,0.000828826,2.44155e-26,7.08924e-07,1.64487e-05,1.05765e-16,6.48215e-05,6.21895e-05,1.89171e-06,1.61039e-20,3.7364e-06,4.54532e-06,8.14094,93.3695,4.45436,0.324156,82.7873,0.318864,5.37834,0.00548056,0.318864,2.11711,0.0853761,8.79508,0.426782,0.00572906,8.27281,0.00797165,0.00823445,0.007592,0.00438627,8.27281,0.00675432,1.79303,1.0513,0.000391439,0.165852,0.000797165,0.00137241,0.000318864,0.000706023,0.165852,3.34182,7.08924e-07,3.68659,0.324345
2079.4583,294.592,293.87,2.99188,0.134456,1.76777,0.0109453,0.00559537,0.00187349,0.00534992,0.000862343,1.80629e-26,7.9748e-07,1.34028e-07,1.11343e-16,4.0325e-05,4.94551e-05,2.23106e-08,1.69549e-20,2.29046e-06,3.617e-06,8.29816,93.4973,4.5074,0.306178,82.7809,0.337401,5.42319,0.00636577,0.337401,2.112,0.0866346,8.79513,0.426477,0.0053775,8.27226,0.00843508,0.00829755,0.00803337,0.00437579,8.27226,0.006846,1.79305,1.05127,0.000366262,0.165834,0.000843508,0.00138293,0.000337401,0.00070432,0.165834,2.1786,7.9748e-07,3.79076,0.343767
2079.5417,292.266,291.97,3.10216,0.252307,1.04301,0.0082912,0.00562454,0.00311549,0.00266666,0.000882854,1.22568e-26,8.30223e-07,5.75797e-05,1.07129e-16,8.03211e-05,3.55205e-05,6.94285e-06,1.63277e-20,4.04893e-06,2.60777e-06,8.39063,93.5607,4.54251,0.290988,82.7735,0.348625,5.45425,0.00688882,0.348625,2.10551,0.0874166,8.7948,0.426297,0.00508171,8.27164,0.00871567,0.00834185,0.0083006,0.00436252,8.27164,0.00690306,1.79307,1.05128,0.00034506,0.165814,0.000871568,0.00139031,0.000348625,0.000702157,0.165814,1.93455,8.30223e-07,3.84812,0.355514
2079.6250,287.041,287.217,3.12681,0.262356,0.582388,0.00431027,0.0043444,0.0027644,-3.41368e-05,0.000887806,4.78478e-27,8.40361e-07,4.08966e-05,1.0121e-16,8.15406e-05,1.53935e-05,5.20356e-06,1.54645e-20,3.68641e-06,1.15018e-06,8.40917,93.533,4.55562,0.271774,82.7573,0.351124,5.46804,0.00699774,0.351124,2.09479,0.087645,8.79331,0.426389,0.0046931,8.27024,0.00877815,0.00836235,0.0083601,0.00434052,8.27024,0.00691998,1.79309,1.05135,0.000320443,0.165771,0.000877815,0.00139372,0.000351124,0.000698582,0.165771,1.05159,8.40361e-07,3.85354,0.358122
2079.7083,273.765,274.726,1.65087,0.232897,0.073089,0.000581561,0.00218096,0.00135036,-0.0015994,0.000877211,1.50261e-28,8.09272e-07,4.13189e-06,1.02473e-16,3.74844e-05,2.65897e-06,5.99268e-07,1.5637e-20,1.70778e-06,2.52215e-07,8.36497,93.4731,4.54654,0.271056,82.746,0.344918,5.4643,0.00670855,0.344918,2.09107,0.0873277,8.79312,0.427546,0.00467677,8.26923,0.00862299,0.00835853,0.00821233,0.00433302,8.26923,0.00689779,1.79311,1.05142,0.000321241,0.165743,0.000862299,0.00139309,0.000344918,0.000697341,0.165743,0.45968,8.09272e-07,3.81843,0.351626
2079.7917,266.998,267.962,0,0.126125,0,0,0.00136524,0.000193642,-0.00136524,0.000862155,0,7.65116e-07,3.82243e-10,1.11099e-16,7.49568e-06,2.19338e-06,9.64606e-11,1.69254e-20,2.49466e-07,2.19338e-07,8.31212,93.4442,4.53085,0.292389,82.7432,0.336228,5.45519,0.00631723,0.336228,2.09647,0.0868536,8.79345,0.428186,0.00511571,8.26896,0.00840574,0.00834714,0.00800543,0.00434439,8.26896,0.00686465,1.79313,1.05145,0.0003521,0.165737,0.000840574,0.00139119,0.000336228,0.000699141,0.165737,0.304724,7.65116e-07,3.78127,0.342545
2079.8750,269.17,269.531,0,0.092587,0,0,0.00129121,5.57089e-05,-0.00129121,0.000847451,0,7.16748e-07,2.8305e-37,1.15402e-16,2.53077e-06,2.13806e-06,7.65358e-38,1.75654e-20,6.8987e-08,2.13806e-07,8.26505,93.4404,4.51537,0.327438,82.7425,0.327748,5.44608,0.00594842,0.327748,2.10539,0.0863881,8.79382,0.428338,0.00585063,8.26888,0.00819374,0.00833558,0.00780352,0.00436303,8.26888,0.00683207,1.79315,1.05145,0.000401257,0.165736,0.000819374,0.00138926,0.000327748,0.000702115,0.165736,0.179743,7.16748e-07,3.74969,0.333696
2079.9583,270.062,270.295,0,0.092587,0,0,0.00119923,5.60655e-05,-0.00119923,0.000832872,0,6.72104e-07,4.05592e-41,1.15842e-16,2.17738e-06,2.08326e-06,1.13813e-41,1.76173e-20,6.11244e-08,2.08326e-07,8.21754,93.4365,4.49986,0.36239,82.7421,0.319348,5.43684,0.00559556,0.319348,2.11452,0.085924,8.79418,0.428455,0.00658493,8.26884,0.00798373,0.00832372,0.00760351,0.00438205,8.26884,0.00679955,1.79317,1.05145,0.000450335,0.165735,0.000798373,0.00138729,0.000319347,0.000705159,0.165735,0.217934,6.72104e-07,3.71768,0.324943
2080.0417,270.596,270.776,0,0.092587,0,0,0.00124174,5.69235e-05,-0.00124174,0.000819332,0,6.29707e-07,0,1.16524e-16,1.92463e-06,2.03241e-06,0,1.77068e-20,5.57871e-08,2.03241e-07,8.17503,93.4348,4.48531,0.39469,82.7418,0.311552,5.42806,0.00527908,0.311552,2.1232,0.0854906,8.79452,0.428556,0.00726425,8.26881,0.00778884,0.00831233,0.0074179,0.00440009,8.26881,0.00676916,1.79319,1.05145,0.000495817,0.165735,0.000778884,0.00138539,0.000311552,0.000708052,0.165735,0.145955,6.29707e-07,3.68972,0.316831
2080.1250,270.661,270.827,0,0.092587,0,0,0.00122047,5.88394e-05,-0.00122047,0.000806117,0,5.92308e-07,0,1.16955e-16,1.78489e-06,1.98281e-06,0,1.77582e-20,5.32643e-08,1.98282e-07,8.13195,93.4316,4.47097,0.42605,82.7417,0.30395,5.41929,0.00498079,0.30395,2.13187,0.0850651,8.79485,0.428651,0.00792454,8.26879,0.00759879,0.00830084,0.0072369,0.00441806,8.26879,0.0067393,1.79321,1.05145,0.000540108,0.165735,0.000759879,0.00138347,0.00030395,0.000710941,0.165735,0.213486,5.92308e-07,3.66098,0.308931
2080.2083,274.423,273.856,0.555657,0.369433,0.262575,0.00171128,0.00198499,0.00173821,-0.000273713,0.000793198,1.80613e-27,5.63745e-07,5.60756e-05,1.11371e-16,-2.91812e-05,5.97472e-06,6.02027e-06,1.69138e-20,9.801e-07,4.78039e-07,8.08508,93.4128,4.4569,0.436638,82.7516,0.296522,5.41066,0.00469938,0.296522,2.13942,0.0846462,8.79481,0.428003,0.00811975,8.26961,0.00741309,0.00828943,0.00706005,0.00443369,8.26961,0.00670986,1.79323,1.05146,0.000552201,0.165763,0.000741309,0.00138157,0.000296522,0.00071346,0.165763,0.653393,5.63745e-07,3.62818,0.301221
2080.2917,287.171,285.764,2.62426,0.262719,1.55782,0.0100615,0.00429731,0.0033831,0.00576418,0.000798566,1.51422e-26,5.84855e-07,3.11724e-05,9.42979e-17,5.47798e-05,3.65022e-05,5.27576e-06,1.44019e-20,3.88005e-06,2.65856e-06,8.09572,93.3729,4.46676,0.365645,82.7765,0.299442,5.41968,0.00483309,0.299442,2.13503,0.0847861,8.79309,0.425649,0.00655675,8.27167,0.0074861,0.00830242,0.00712958,0.00442452,8.27167,0.00672009,1.79325,1.0515,0.000448704,0.165833,0.00074861,0.00138374,0.000299442,0.000711996,0.165833,2.04067,5.84855e-07,3.62895,0.304275
2080.3750,295.168,293.553,2.80421,0.145071,2.23432,0.0126257,0.00579212,0.00238971,0.00683356,0.000831856,2.23736e-26,6.60092e-07,8.92634e-07,1.00367e-16,5.09243e-05,5.6596e-05,1.45192e-07,1.5338e-20,2.93334e-06,4.11892e-06,8.21027,93.4406,4.51362,0.328323,82.7735,0.318124,5.4563,0.00557682,0.318124,2.12848,0.085796,8.79309,0.425664,0.00580859,8.27141,0.00795314,0.00835381,0.00757437,0.00441093,8.27141,0.00679304,1.79327,1.05151,0.000397294,0.165825,0.000795314,0.0013923,0.000318124,0.000709812,0.165825,2.66314,6.60092e-07,3.69666,0.323701
2080.4583,295.972,295.251,3.04019,0.219209,1.91999,0.0130809,0.00669808,0.00324483,0.00638278,0.00087495,2.27247e-26,7.45391e-07,4.19401e-05,1.01749e-16,7.69043e-05,6.2236e-05,4.68736e-06,1.5557e-20,4.16949e-06,4.53694e-06,8.35787,93.5522,4.57397,0.305201,82.7672,0.342313,5.5033,0.00650963,0.342313,2.12196,0.0871298,8.79306,0.425292,0.00535304,8.27088,0.00855787,0.0084199,0.00815031,0.0043975,8.27088,0.00688973,1.79329,1.05148,0.00036525,0.165807,0.000855787,0.00140332,0.000342313,0.000707637,0.165807,2.87962,7.45391e-07,3.78391,0.348823
2080.5417,294.314,293.864,3.21579,0.284474,1.55017,0.00906366,0.00628773,0.00372056,0.00277593,0.000906798,1.35026e-26,8.08981e-07,8.45408e-05,9.36669e-17,0.000111907,4.00664e-05,1.19174e-05,1.43853e-20,5.05919e-06,2.92997e-06,8.46266,93.5942,4.62023,0.274827,82.7489,0.360107,5.54031,0.00715916,0.360107,2.10785,0.0881264,8.79107,0.424501,0.00474348,8.26933,0.00900271,0.00847251,0.00857397,0.00436844,8.26933,0.0069621,1.79331,1.05152,0.000325107,0.165758,0.000900271,0.00141209,0.000360107,0.000702934,0.165758,2.16197,8.08981e-07,3.84243,0.367266
2080.6250,286.873,287.27,3.25753,0.307262,0.385329,0.00390261,0.00430222,0.00296593,-0.000399609,0.000914616,3.77899e-27,8.26961e-07,7.37373e-05,8.91665e-17,9.46383e-05,1.31005e-05,9.33128e-06,1.37304e-20,4.03894e-06,9.83806e-07,8.47502,93.5523,4.63516,0.256426,82.7264,0.364308,5.55425,0.00725831,0.364308,2.09449,0.0883745,8.7891,0.424658,0.00436811,8.26736,0.00910774,0.00849331,0.008674,0.00434099,8.26736,0.00698031,1.79333,1.05161,0.000301821,0.1657,0.000910774,0.00141555,0.000364308,0.000698483,0.1657,1.06693,8.26961e-07,3.83986,0.371566
2080.7083,271.444,272.486,1.23065,0.282535,0.0559251,0.000397174,0.00183851,0.00102771,-0.00144134,0.000902335,1.35642e-29,7.96625e-07,7.63489e-06,9.04219e-17,3.47006e-05,2.36798e-06,9.69875e-07,1.39215e-20,1.36368e-06,2.35309e-07,8.42646,93.4883,4.62363,0.259112,82.7124,0.357159,5.54855,0.00691359,0.357159,2.09031,0.0879916,8.78824,0.425399,0.00442168,8.26609,0.00892903,0.00848685,0.0085038,0.00433255,8.26609,0.00695348,1.79335,1.05169,0.000307563,0.165665,0.000892903,0.00141447,0.000357159,0.000697087,0.165665,0.436319,7.96625e-07,3.80283,0.364073
2080.7917,269.69,270.069,0,0.231346,0,0,0.0012775,0.000220264,-0.0012775,0.00088674,0,7.48693e-07,1.61446e-13,9.68398e-17,8.22662e-06,2.27117e-06,3.70334e-14,1.48848e-20,2.61525e-07,2.27117e-07,8.37688,93.4728,4.6075,0.289068,82.7092,0.348153,5.53929,0.00650992,0.348153,2.09765,0.0875043,8.78859,0.425917,0.00504161,8.26578,0.00870386,0.00847529,0.00828935,0.00434798,8.26578,0.00691944,1.79337,1.0517,0.000350577,0.165659,0.000870387,0.00141255,0.000348153,0.000699535,0.165659,0.147935,7.48693e-07,3.76938,0.354663
2080.8750,270.704,270.901,0,0.231346,0,0,0.00120987,0.000205719,-0.00120987,0.000871524,0,6.97431e-07,6.29699e-20,9.93531e-17,5.67806e-06,2.21389e-06,1.44261e-20,1.52524e-20,2.05323e-07,2.21389e-07,8.33353,93.4699,4.59161,0.321553,82.7085,0.339372,5.53004,0.00612986,0.339372,2.10632,0.0870263,8.78897,0.426165,0.00571658,8.2657,0.00848435,0.0084636,0.00808029,0.00436609,8.2657,0.00688602,1.7934,1.05171,0.000396846,0.165658,0.000848435,0.0014106,0.000339372,0.000702423,0.165658,0.139268,6.97431e-07,3.74193,0.345502
2080.9583,271.116,271.274,0,0.231346,0,0,0.00126666,0.000212235,-0.00126666,0.000856438,0,6.49702e-07,2.50346e-25,9.99838e-17,4.99267e-06,2.15715e-06,5.34846e-26,1.53309e-20,1.9536e-07,2.15715e-07,8.28864,93.4651,4.57569,0.352907,82.7085,0.330674,5.52065,0.00576624,0.330674,2.11513,0.0865499,8.78934,0.426374,0.00636751,8.26567,0.00826689,0.00845159,0.00787319,0.00438446,8.26567,0.00685268,1.79342,1.05172,0.000441707,0.165659,0.000826689,0.0014086,0.000330674,0.00070536,0.165659,0.156369,6.49702e-07,3.71295,0.33644
2081.0417,270.637,270.813,0,0.231346,0,0,0.00131783,0.000193338,-0.00131783,0.000842427,0,6.11047e-07,9.93923e-30,1.0106e-16,3.99279e-06,2.10449e-06,2.51035e-30,1.54791e-20,1.68512e-07,2.10449e-07,8.24419,93.4581,4.56076,0.381684,82.7087,0.322602,5.51174,0.00544011,0.322602,2.12352,0.086105,8.78969,0.426551,0.00696538,8.26567,0.00806509,0.00844005,0.00768099,0.00440192,8.26567,0.00682151,1.79344,1.05172,0.000483008,0.165661,0.000806509,0.00140668,0.000322602,0.000708158,0.165661,0.34582,6.11047e-07,3.68343,0.328042
2081.1250,271.82,271.895,0,0.232013,0,0,0.00142864,0.000187203,-0.00142864,0.000828753,0,5.92061e-07,3.48514e-31,1.01555e-16,3.28188e-06,2.05314e-06,8.93869e-32,1.55395e-20,1.52734e-07,2.05314e-07,8.19639,93.4475,4.54605,0.409974,82.7092,0.31473,5.50284,0.00513271,0.31473,2.13197,0.0856684,8.79002,0.42669,0.00755493,8.26569,0.00786829,0.00842841,0.00749357,0.00441945,8.26569,0.00679089,1.79346,1.05172,0.000523586,0.165663,0.00078683,0.00140474,0.00031473,0.000710975,0.165663,0.667951,5.92061e-07,3.65034,0.319863
2081.2083,274.215,273.692,0.619681,0.311073,0.183041,0.00150523,0.00191153,0.00164204,-0.000406305,0.000815248,1.15247e-27,5.89845e-07,2.2725e-05,9.77584e-17,-2.37696e-05,4.67012e-06,2.72996e-06,1.49535e-20,1.02492e-06,3.86115e-07,8.14544,93.4215,4.53142,0.415628,82.721,0.306961,5.49392,0.00483936,0.306961,2.13943,0.0852343,8.79013,0.426162,0.00764118,8.26666,0.00767406,0.00841667,0.00730859,0.00443489,8.26666,0.00676041,1.79348,1.05173,0.000528741,0.165697,0.000767406,0.00140278,0.000306961,0.000713461,0.165697,1.10273,5.89845e-07,3.61401,0.3118
2081.2917,286.322,284.826,2.71404,0.268949,1.5124,0.0100444,0.00416889,0.00324401,0.00587548,0.000818665,1.44052e-26,6.13731e-07,2.84948e-05,8.5759e-17,5.48764e-05,3.5953e-05,4.59382e-06,1.31592e-20,3.76926e-06,2.61741e-06,8.15146,93.3861,4.53838,0.358553,82.7401,0.308794,5.50058,0.00491475,0.308794,2.136,0.0853167,8.78928,0.424943,0.00637926,8.26821,0.00771988,0.0084264,0.00735223,0.0044277,8.26821,0.0067665,1.7935,1.05178,0.000443208,0.165751,0.000771989,0.0014044,0.000308794,0.000712316,0.165751,1.95099,6.13731e-07,3.61308,0.313708
2081.3750,294.715,293.151,2.90899,0.144049,2.46253,0.0135127,0.00577388,0.00238045,0.00773879,0.000854368,2.38591e-26,6.90646e-07,4.30174e-06,9.02745e-17,5.29466e-05,6.22598e-05,6.11382e-07,1.38614e-20,2.94028e-06,4.52616e-06,8.27525,93.4618,4.58699,0.320891,82.7367,0.328904,5.53762,0.00566703,0.328904,2.12897,0.0864035,8.7892,0.424851,0.0056245,8.26791,0.00822265,0.00847839,0.00783106,0.00441311,8.26791,0.00684498,1.79351,1.05178,0.000390353,0.165743,0.000822266,0.00141306,0.000328905,0.000709972,0.165743,2.80954,6.90646e-07,3.68826,0.334571
2081.4583,295.151,294.103,3.15197,0.168072,2.16645,0.0128206,0.00637947,0.00253367,0.00644111,0.000898327,2.20305e-26,7.67565e-07,8.81829e-06,9.31148e-17,5.3434e-05,6.24509e-05,9.80107e-07,1.42954e-20,3.1081e-06,4.54733e-06,8.43136,93.5959,4.6468,0.306666,82.7322,0.353655,5.5832,0.00656477,0.353655,2.1256,0.0877655,8.78935,0.424325,0.00534476,8.26751,0.00884141,0.00854253,0.00842035,0.00440622,8.26751,0.00694353,1.79353,1.05173,0.000369826,0.165732,0.000884141,0.00142376,0.000353655,0.00070885,0.165732,2.76369,7.67565e-07,3.78456,0.360219
2081.5417,294.205,293.753,3.34031,0.169514,1.67674,0.00932885,0.00615352,0.00246757,0.00317533,0.000932103,1.38605e-26,8.31125e-07,6.79525e-06,9.4646e-17,5.84217e-05,4.25178e-05,8.84286e-07,1.45281e-20,3.11122e-06,3.1065e-06,8.54256,93.677,4.69424,0.290193,82.7253,0.372599,5.62024,0.00721534,0.372599,2.11901,0.0888249,8.7895,0.424329,0.00502923,8.26692,0.00931502,0.00859518,0.00887141,0.00439275,8.26692,0.00702037,1.79356,1.05172,0.000346506,0.165713,0.000931502,0.00143253,0.000372599,0.000706653,0.165713,2.10776,8.31125e-07,3.84832,0.379814
2081.6250,287.421,287.755,3.39726,0.13026,0.682872,0.00434066,0.00425965,0.00147598,8.10065e-05,0.000942506,4.77511e-27,8.40789e-07,9.5015e-09,9.69469e-17,3.03085e-05,1.65576e-05,2.50211e-09,1.48656e-20,1.73937e-06,1.23378e-06,8.56871,93.6945,4.712,0.289223,82.72,0.378286,5.63593,0.00735354,0.378286,2.11658,0.0891578,8.78983,0.424809,0.00501938,8.26646,0.00945721,0.0086184,0.00900682,0.00438795,8.26646,0.00704468,1.79358,1.05173,0.000344638,0.165699,0.000945721,0.0014364,0.000378286,0.000705842,0.165699,0.897801,8.40789e-07,3.85671,0.38564
2081.7083,273.434,274.413,1.31131,0.204799,0.0417426,0.000468282,0.0020831,0.00102385,-0.00161481,0.000930936,8.20589e-29,8.06293e-07,6.6106e-07,9.6138e-17,2.0019e-05,2.66399e-06,1.59367e-07,1.47249e-20,1.16704e-06,2.57775e-07,8.523,93.6582,4.70158,0.298022,82.7189,0.371531,5.63116,0.00702695,0.371531,2.11827,0.0888012,8.7902,0.425453,0.00520491,8.26635,0.00928832,0.00861325,0.00884598,0.0043917,8.26635,0.00701976,1.7936,1.05177,0.000357058,0.165697,0.000928832,0.00143554,0.000371531,0.000706407,0.165697,0.467793,8.06293e-07,3.82142,0.378558
2081.7917,270.266,271.056,0,0.0682266,0,0,0.00147095,0.000433805,-0.00147095,0.000914742,0,7.61504e-07,2.60802e-16,9.70614e-17,8.62586e-06,2.36261e-06,8.71892e-17,1.48476e-20,4.35869e-07,2.36262e-07,8.46931,93.6345,4.685,0.321243,82.719,0.362171,5.62178,0.00661699,0.362171,2.12486,0.0882993,8.79059,0.425873,0.00568156,8.26633,0.00905431,0.00860155,0.00862311,0.00440555,8.26633,0.00698474,1.79363,1.05179,0.000390558,0.165699,0.000905432,0.00143359,0.000362171,0.000708602,0.165699,0.320839,7.61504e-07,3.78431,0.368788
2081.8750,269.322,269.979,0,0.0523403,0,0,0.00131073,0.000320247,-0.00131073,0.000898926,0,7.15356e-07,2.24978e-29,9.78837e-17,4.20558e-06,2.30303e-06,7.92286e-30,1.49556e-20,2.79583e-07,2.30303e-07,8.42168,93.6239,4.66865,0.349132,82.72,0.353036,5.61239,0.00623067,0.353036,2.13306,0.0878066,8.79098,0.42611,0.00625539,8.26638,0.00882595,0.00858969,0.00840563,0.00442272,8.26638,0.00695033,1.79365,1.0518,0.000430431,0.165703,0.000882596,0.00143162,0.000353036,0.000711338,0.165703,0.194101,7.15356e-07,3.75303,0.359267
2081.9583,268.66,269.216,0,0.056418,0,0,0.00125354,0.000257385,-0.00125354,0.000883246,0,6.66928e-07,4.84849e-43,9.90611e-17,1.46972e-06,2.244e-06,1.20512e-43,1.51197e-20,1.91485e-07,2.244e-07,8.37495,93.6165,4.65228,0.377897,82.7219,0.343988,5.60287,0.00586107,0.343988,2.14177,0.0873156,8.79137,0.426237,0.00685017,8.26652,0.00859974,0.0085775,0.00819019,0.00444087,8.26652,0.006916,1.79367,1.05181,0.000471198,0.165709,0.000859974,0.00142958,0.000343988,0.00071424,0.165709,0.143163,6.66928e-07,3.72267,0.349849
2082.0417,266.408,267.161,0,0.0603416,0,0,0.00117698,0.000104395,-0.00117698,0.000868684,0,6.26073e-07,0,1.01322e-16,1.24337e-06,2.18922e-06,0,1.54511e-20,8.22176e-08,2.18923e-07,8.33168,93.6121,4.63692,0.406455,82.7237,0.335591,5.59382,0.00552958,0.335591,2.1503,0.0868571,8.79172,0.426312,0.00744431,8.26665,0.00838981,0.0085658,0.00799026,0.00445861,8.26665,0.00688392,1.79369,1.05181,0.000511533,0.165715,0.000838982,0.00142763,0.000335591,0.000717084,0.165715,0.235999,6.26073e-07,3.69476,0.34112
2082.1250,269.308,269.612,0,0.162847,0,0,0.00137732,0.000431828,-0.00137732,0.000854471,0,5.99387e-07,1.38414e-05,1.03115e-16,-1.07503e-05,2.1358e-06,7.54869e-07,1.57149e-20,2.10621e-07,2.13581e-07,8.28556,93.6074,4.62179,0.438005,82.7247,0.327402,5.58478,0.00521713,0.327402,2.15911,0.0864074,8.79203,0.426307,0.00810704,8.26674,0.0081851,0.00855399,0.00779529,0.0044769,8.26674,0.00685241,1.79371,1.05181,0.000555453,0.165718,0.00081851,0.00142566,0.000327402,0.000720021,0.165718,0.637618,5.99387e-07,3.66378,0.332619
2082.2083,279.89,278.725,2.75521,0.251986,0.682656,0.00527565,0.00286791,0.00248449,0.00240773,0.000843201,4.27478e-27,5.91364e-07,2.62002e-05,9.35537e-17,1.54595e-05,1.25655e-05,2.54331e-06,1.42984e-20,2.40127e-06,9.41738e-07,8.24379,93.5617,4.61044,0.411934,82.7441,0.320883,5.5785,0.00498164,0.320883,2.16185,0.0860536,8.79132,0.424933,0.00749785,8.26836,0.00802212,0.00854589,0.00764007,0.00448254,8.26836,0.00682754,1.79373,1.05184,0.000514306,0.165771,0.000802212,0.00142432,0.000320883,0.000720934,0.165771,0.947504,5.91364e-07,3.63336,0.325865
2082.2917,288.466,287.143,2.87886,0.142274,1.5599,0.0105513,0.00455383,0.00209191,0.00599749,0.000852203,1.6388e-26,6.16185e-07,8.85037e-08,9.26755e-17,3.29479e-05,4.31504e-05,1.6957e-08,1.41762e-20,2.39046e-06,3.14587e-06,8.28308,93.5743,4.62581,0.380968,82.7503,0.325824,5.59205,0.00520636,0.325824,2.15988,0.0863819,8.7915,0.424947,0.00682318,8.26887,0.00814563,0.00856526,0.0077577,0.00447839,8.26887,0.0068513,1.79375,1.05186,0.000469652,0.165789,0.000814563,0.00142754,0.000325823,0.000720276,0.165789,1.84798,6.16185e-07,3.65728,0.33103
2082.3750,294.016,292.729,3.0378,0.148723,2.01166,0.0127385,0.00560184,0.00224936,0.00713662,0.000881267,2.18495e-26,6.69385e-07,3.97424e-06,9.51813e-17,3.54945e-05,6.00205e-05,5.21496e-07,1.45675e-20,2.62323e-06,4.37194e-06,8.40429,93.6795,4.66797,0.364291,82.7522,0.342077,5.62573,0.00586817,0.342077,2.15877,0.0873866,8.79179,0.424404,0.00648869,8.26904,0.00855198,0.00861266,0.0081447,0.0044761,8.26904,0.00692398,1.79377,1.05183,0.000444926,0.165793,0.000855198,0.00143544,0.000342077,0.000719906,0.165793,2.50804,6.69385e-07,3.73633,0.347946
2082.4583,297.272,296.303,3.23771,0.175423,1.85529,0.0112092,0.006203,0.00269302,0.00500622,0.000917426,1.80199e-26,7.51074e-07,1.23885e-05,9.6627e-17,4.72885e-05,5.29456e-05,1.77616e-06,1.48035e-20,3.26213e-06,3.86173e-06,8.54613,93.794,4.72002,0.341785,82.7519,0.362307,5.6671,0.00666302,0.362307,2.1541,0.0886269,8.792,0.423788,0.00605388,8.26906,0.00905772,0.00867101,0.00862636,0.00446651,8.26906,0.00701394,1.79379,1.0518,0.000412497,0.16579,0.000905773,0.00144517,0.000362307,0.000718351,0.16579,2.67044,7.51074e-07,3.82611,0.36897
2082.5417,294.494,293.967,3.39116,0.168454,1.68666,0.00922865,0.00614176,0.00256626,0.00308689,0.000945028,1.34604e-26,8.0835e-07,4.00083e-06,9.61796e-17,5.45307e-05,4.19113e-05,7.73226e-07,1.47498e-20,3.19835e-06,3.06773e-06,8.64899,93.86,4.76138,0.317741,82.747,0.377676,5.70088,0.00723872,0.377676,2.14636,0.0895794,8.79196,0.42363,0.00559168,8.2687,0.00944194,0.00871915,0.00899228,0.00445063,8.2687,0.00708319,1.79381,1.0518,0.000379348,0.165774,0.000944194,0.00145319,0.000377676,0.00071577,0.165774,2.08153,8.0835e-07,3.88761,0.384915
2082.6250,288.58,288.76,3.42008,0.121772,0.542387,0.00338684,0.00403337,0.00141534,-0.000646532,0.00095055,2.97905e-27,8.1423e-07,3.0776e-08,9.84966e-17,2.58203e-05,1.13297e-05,1.07462e-08,1.50934e-20,1.6416e-06,8.6005e-07,8.66156,93.8659,4.77377,0.316254,82.7435,0.380558,5.71324,0.00730336,0.380558,2.14461,0.0897968,8.79232,0.424076,0.00557188,8.26843,0.00951398,0.00873774,0.00906089,0.00444723,8.26843,0.0070993,1.79384,1.05182,0.000377122,0.165764,0.000951399,0.00145629,0.000380558,0.000715185,0.165764,0.724952,8.1423e-07,3.88779,0.387861
2082.7083,276.562,277.584,2.93393,0.174052,0.122201,0.000947515,0.00248397,0.00124678,-0.00153646,0.000937191,2.35538e-28,7.74787e-07,1.50717e-08,9.75528e-17,2.20151e-05,3.12227e-06,5.22364e-09,1.49354e-20,1.4391e-06,2.88502e-07,8.60604,93.8176,4.76115,0.322082,82.7435,0.372787,5.70693,0.00694863,0.372787,2.14594,0.0893881,8.7927,0.424734,0.00569325,8.26843,0.00931971,0.0087304,0.00887587,0.00445019,8.26843,0.00707057,1.79386,1.05186,0.000385226,0.165764,0.000931972,0.00145507,0.000372787,0.000715629,0.165764,0.341419,7.74787e-07,3.84489,0.379735
2082.7917,264.628,266.111,0.165201,0.0890689,0.000441042,1.29045e-06,0.00138935,0.000171548,-0.00138806,0.000920996,0,7.26181e-07,1.22838e-18,1.00162e-16,4.6808e-06,2.37082e-06,4.33611e-19,1.5319e-20,1.83387e-07,2.37082e-07,8.55097,93.7908,4.74452,0.344604,82.7433,0.363428,5.69748,0.00654456,0.363428,2.15191,0.0888859,8.79309,0.425177,0.00616009,8.2684,0.00908575,0.00871856,0.00865305,0.00446275,8.2684,0.00703551,1.79388,1.05188,0.000417733,0.165764,0.000908575,0.00145309,0.000363428,0.000717619,0.165764,0.107812,7.26181e-07,3.80645,0.369973
2082.8750,262.897,263.905,0,0.0440354,0,0,0.00117319,1.9547e-05,-0.00117319,0.000905121,0,6.74257e-07,0,1.02542e-16,1.00972e-06,2.31102e-06,0,1.56706e-20,2.51359e-08,2.31103e-07,8.50279,93.7893,4.72804,0.382155,82.743,0.354262,5.68796,0.00616248,0.354262,2.16127,0.088391,8.79348,0.425284,0.00694859,8.26837,0.0088566,0.00870648,0.00843481,0.00448227,8.26837,0.00700093,1.79391,1.05188,0.000470319,0.165763,0.00088566,0.00145108,0.000354262,0.000720738,0.165763,0.0845945,6.74257e-07,3.77475,0.360425
2082.9583,264.953,265.476,0,0.0431205,0,0,0.00112282,9.87697e-06,-0.00112282,0.000889381,0,6.28221e-07,0,1.04568e-16,5.79009e-07,2.25179e-06,0,1.59687e-20,1.36822e-08,2.25179e-07,8.45603,93.7904,4.71154,0.420606,82.7429,0.345182,5.67831,0.00579692,0.345182,2.1709,0.0878978,8.79387,0.425352,0.00775941,8.26836,0.0086296,0.00869407,0.00821862,0.00450233,8.26836,0.00696644,1.79393,1.05188,0.000523973,0.165763,0.00086296,0.00144901,0.000345182,0.000723949,0.165763,0.13855,6.28221e-07,3.74449,0.350979
2083.0417,266.888,267.215,0,0.0427155,0,0,0.00119142,9.47444e-06,-0.00119142,0.000874763,0,5.8809e-07,0,1.04691e-16,5.21203e-07,2.19682e-06,0,1.59768e-20,1.23601e-08,2.19683e-07,8.41335,93.7926,4.69606,0.456418,82.7428,0.336756,5.66914,0.00546906,0.336756,2.18006,0.0874374,8.79423,0.425407,0.00851598,8.26834,0.00841894,0.00868215,0.008018,0.00452136,8.26834,0.00693421,1.79395,1.05188,0.000573998,0.165763,0.000841895,0.00144702,0.000336756,0.000727002,0.165763,0.155146,5.8809e-07,3.71729,0.342225
2083.1250,270.97,270.951,0.0100889,0.107157,0.00295216,2.30256e-05,0.0015412,0.000588465,-0.00151817,0.000860496,4.11463e-30,5.65724e-07,3.18055e-05,1.03563e-16,-1.95829e-05,2.15343e-06,2.38585e-06,1.57968e-20,1.91745e-07,2.14941e-07,8.3648,93.7866,4.6808,0.488613,82.7441,0.328539,5.65998,0.00516003,0.328539,2.18908,0.0869856,8.79451,0.425335,0.00919416,8.26845,0.00821351,0.00867013,0.00782236,0.00454007,8.26845,0.00690255,1.79397,1.05188,0.000618645,0.165767,0.000821352,0.00144502,0.000328539,0.00073001,0.165767,0.784006,5.65724e-07,3.684,0.333699
2083.2083,274.014,273.693,2.36211,0.267467,0.29221,0.00284998,0.00194765,0.00200494,0.000902328,0.000846739,1.43005e-27,5.60936e-07,2.91124e-05,9.47375e-17,5.37732e-07,5.5588e-06,3.33034e-06,1.45106e-20,1.65394e-06,4.48205e-07,8.31367,93.7312,4.66611,0.452908,82.7716,0.320615,5.65119,0.00487357,0.320615,2.193,0.0865487,8.79314,0.422927,0.00835984,8.27075,0.00801543,0.00865851,0.0076337,0.00454814,8.27075,0.00687183,1.79399,1.05191,0.000565017,0.165843,0.000801543,0.00144308,0.000320615,0.000731318,0.165843,0.74174,5.60936e-07,3.64756,0.325489
2083.2917,284.889,283.422,2.69895,0.172475,1.4011,0.00965831,0.00390195,0.00221719,0.00575636,0.00084781,1.48036e-26,5.74328e-07,1.4392e-06,9.13167e-17,2.98003e-05,3.8423e-05,2.38613e-07,1.39988e-20,2.45735e-06,2.80766e-06,8.32804,93.7264,4.67117,0.424785,82.7807,0.32107,5.65716,0.00493787,0.32107,2.19288,0.0866204,8.79331,0.42289,0.00772614,8.27153,0.00802679,0.00866727,0.00764452,0.0045478,8.27153,0.0068773,1.79401,1.05194,0.000524931,0.165867,0.000802679,0.00144455,0.00032107,0.000731275,0.165867,1.72684,5.74328e-07,3.65688,0.326008
2083.3750,292.847,291.687,3.00159,0.169602,1.91966,0.0136298,0.00570135,0.00264354,0.00792849,0.000878802,2.39076e-26,6.36015e-07,2.76779e-06,9.38294e-17,3.8434e-05,6.4264e-05,3.93171e-07,1.43979e-20,3.09674e-06,4.68584e-06,8.46714,93.8418,4.71659,0.399294,82.7844,0.338384,5.6937,0.00568296,0.338384,2.19099,0.087721,8.79361,0.422278,0.00719724,8.27187,0.00845964,0.00871852,0.00805676,0.00454384,8.27187,0.00695707,1.79403,1.05191,0.000488277,0.165876,0.000845964,0.00145309,0.000338384,0.000730646,0.165876,2.55497,6.36015e-07,3.75055,0.344067
2083.4583,291.847,291.383,3.21061,0.273982,1.14606,0.0115737,0.00589663,0.0037578,0.00567704,0.000916746,1.8985e-26,7.06885e-07,7.63911e-05,8.82343e-17,7.71011e-05,5.47857e-05,9.88179e-06,1.35902e-20,4.74624e-06,4.00026e-06,8.62973,93.9529,4.77192,0.358763,82.7822,0.35958,5.73807,0.00655769,0.35958,2.1822,0.0890507,8.79284,0.421087,0.00639552,8.27178,0.00898954,0.00878096,0.00856143,0.00452565,8.27178,0.00705367,1.79405,1.0519,0.000432475,0.165866,0.000898955,0.00146349,0.00035958,0.000727715,0.165866,2.19144,7.06885e-07,3.85781,0.366138
2083.5417,291.713,291.348,3.34695,0.247304,1.26011,0.00866186,0.00575993,0.00338766,0.00290192,0.000941421,1.26011e-26,7.46973e-07,3.96329e-05,8.40288e-17,8.43089e-05,3.8611e-05,5.81554e-06,1.30007e-20,4.45172e-06,2.82909e-06,8.72981,93.9883,4.81006,0.319215,82.77,0.373265,5.76985,0.00709741,0.373265,2.16932,0.0899236,8.79116,0.420306,0.00561051,8.27082,0.00933167,0.00882626,0.00888726,0.00449908,8.27082,0.00711719,1.79407,1.05195,0.000380473,0.165829,0.000933168,0.00147104,0.000373265,0.000723421,0.165829,1.7703,7.46973e-07,3.91975,0.380363
2083.6250,286.064,286.275,3.37731,0.254132,0.425408,0.0040004,0.00425639,0.00271903,-0.000255988,0.000947224,4.0166e-27,7.55302e-07,3.73467e-05,8.33307e-17,7.11734e-05,1.41297e-05,4.57465e-06,1.28924e-20,3.5752e-06,1.06072e-06,8.74792,93.9654,4.82306,0.300337,82.7569,0.376297,5.78281,0.00718694,0.376297,2.16018,0.0901582,8.79068,0.421064,0.00523575,8.26975,0.00940747,0.00884561,0.00895946,0.00448032,8.26975,0.00713451,1.79409,1.05202,0.000356359,0.165792,0.000940748,0.00147427,0.000376297,0.000720377,0.165792,0.965883,7.55302e-07,3.92487,0.383484
2083.7083,275.868,276.713,2.03691,0.310506,0.125563,0.000912197,0.0025235,0.00176724,-0.00161131,0.000935676,4.11953e-28,7.3419e-07,1.76733e-05,8.10967e-17,4.80825e-05,3.5966e-06,2.23207e-06,1.25519e-20,2.29878e-06,3.20925e-07,8.69946,93.8941,4.81273,0.293631,82.7461,0.369553,5.77815,0.00687815,0.369553,2.15493,0.0898098,8.78999,0.421782,0.00510132,8.26882,0.00923886,0.0088405,0.00879887,0.0044696,8.26882,0.00711006,1.79412,1.0521,0.000349175,0.165763,0.000923887,0.00147342,0.000369553,0.000718625,0.165763,0.570791,7.3419e-07,3.88673,0.376431
2083.7917,267.765,268.478,0,0.25133,0,0,0.0013083,0.000209464,-0.0013083,0.000919654,0,6.95268e-07,5.3819e-11,8.76857e-17,7.69985e-06,2.35041e-06,1.25875e-11,1.35531e-20,2.54553e-07,2.35041e-07,8.64661,93.8648,4.79615,0.315937,82.7421,0.360299,5.76862,0.0064792,0.360299,2.16012,0.0893115,8.79022,0.422412,0.0055619,8.26845,0.00900753,0.00882851,0.00857856,0.00448052,8.26845,0.00707524,1.79414,1.05213,0.000381958,0.165753,0.000900753,0.00147142,0.000360299,0.000720356,0.165753,0.174316,6.95268e-07,3.85046,0.366779
2083.8750,265.114,265.638,0,0.251281,0,0,0.00109094,3.89688e-05,-0.00109094,0.000903903,0,6.49236e-07,1.84675e-32,9.49369e-17,1.64815e-06,2.29113e-06,4.74536e-33,1.466e-20,4.68278e-08,2.29113e-07,8.60239,93.8656,4.77966,0.352285,82.7415,0.351212,5.75899,0.00610093,0.351212,2.16947,0.0888189,8.79061,0.422578,0.00632288,8.26839,0.00878035,0.00881622,0.0083622,0.00450001,8.26839,0.00704079,1.79416,1.05213,0.00043308,0.165752,0.000878036,0.00146937,0.000351212,0.000723471,0.165752,0.144456,6.49236e-07,3.82273,0.357313
2083.9583,268.362,268.599,0,0.251281,0,0,0.00121165,1.86443e-05,-0.00121165,0.000888288,0,6.10177e-07,0,9.83665e-17,8.81998e-07,2.2324e-06,0,1.51781e-20,2.25309e-08,2.23241e-07,8.55571,93.8665,4.76314,0.39031,82.7413,0.342211,5.74922,0.00573903,0.342211,2.1792,0.0883279,8.79099,0.422654,0.00712402,8.26836,0.00855531,0.0088036,0.00814787,0.00452026,8.26836,0.00700643,1.79419,1.05213,0.000486172,0.165752,0.000855531,0.00146727,0.000342211,0.000726716,0.165752,0.258011,6.10177e-07,3.79257,0.34795
2084.0417,267.434,267.641,0,0.251281,0,0,0.0011275,1.68058e-05,-0.0011275,0.000873785,0,5.73119e-07,0,9.95919e-17,6.66957e-07,2.17791e-06,0,1.53563e-20,1.75119e-08,2.17791e-07,8.51285,93.8681,4.74765,0.425681,82.7411,0.333857,5.73993,0.00541443,0.333857,2.18846,0.0878695,8.79135,0.422716,0.0078705,8.26835,0.00834646,0.00879148,0.00794897,0.00453948,8.26835,0.00697431,1.79421,1.05213,0.000535633,0.165752,0.000834647,0.00146525,0.000333857,0.000729803,0.165752,0.108819,5.73119e-07,3.76521,0.339271
2084.1250,270.565,270.561,0,0.302628,0,0,0.00149102,0.000151543,-0.00149102,0.000859631,0,5.41524e-07,9.9377e-09,1.00252e-16,-4.14586e-06,2.12477e-06,4.79108e-10,1.54478e-20,7.73512e-08,2.12477e-07,8.46625,93.8648,4.73237,0.459495,82.7414,0.32571,5.73066,0.00510849,0.32571,2.19766,0.0874197,8.79168,0.422751,0.0085842,8.26837,0.0081428,0.00877927,0.00775501,0.00455855,8.26837,0.00694276,1.79423,1.05213,0.000582842,0.165753,0.000814281,0.00146321,0.00032571,0.00073287,0.165753,0.423326,5.41524e-07,3.73388,0.330819
2084.2083,278.256,277.099,1.98777,0.467061,0.584366,0.00439434,0.00265016,0.00288544,0.00174418,0.000847196,4.01646e-27,5.35206e-07,7.14737e-05,8.79019e-17,-8.57932e-06,1.17012e-05,9.30272e-06,1.35795e-20,2.31616e-06,8.85636e-07,8.41776,93.8199,4.71929,0.436302,82.764,0.318542,5.72297,0.00485312,0.318542,2.20181,0.0870256,8.79089,0.421013,0.00802108,8.27026,0.00796359,0.00876914,0.00758433,0.00456707,8.27026,0.00691506,1.79425,1.05216,0.000544878,0.165815,0.000796359,0.00146152,0.000318542,0.000734253,0.165815,1.03087,5.35206e-07,3.69847,0.323395
2084.2917,288.234,286.805,2.86274,0.217259,1.70746,0.0110666,0.00468999,0.00301081,0.00637665,0.000857423,1.7394e-26,5.72983e-07,1.51472e-05,7.86452e-17,5.28813e-05,4.48267e-05,2.15211e-06,1.21958e-20,3.58941e-06,3.27003e-06,8.46199,93.8121,4.73652,0.377797,82.7764,0.324164,5.73806,0.00512561,0.324164,2.19589,0.0873983,8.78996,0.41993,0.00675912,8.27131,0.00810415,0.00879055,0.0077182,0.00455469,8.27131,0.0069421,1.79427,1.0522,0.000462164,0.165848,0.000810415,0.00146509,0.000324164,0.000732279,0.165848,2.22417,5.72983e-07,3.72546,0.32929
2084.3750,294.907,293.18,3.05841,0.155187,2.52559,0.0141479,0.00617738,0.00253986,0.00797049,0.00089319,2.45706e-26,6.56205e-07,4.33163e-06,8.13516e-17,5.1599e-05,6.65333e-05,5.92753e-07,1.26242e-20,3.12817e-06,4.85377e-06,8.61508,93.9252,4.78835,0.347009,82.7731,0.34417,5.77943,0.00597064,0.34417,2.19006,0.0886361,8.78997,0.419587,0.00614253,8.27106,0.00860428,0.00884856,0.00819452,0.00454256,8.27106,0.00703191,1.79429,1.05218,0.000419841,0.165838,0.000860429,0.00147476,0.00034417,0.000730334,0.165838,3.01534,6.56205e-07,3.82673,0.35014
2084.4583,298.496,297.273,3.28369,0.140509,2.53231,0.0123685,0.00668577,0.00230971,0.00568271,0.000933903,1.99185e-26,7.60078e-07,2.97061e-06,8.55046e-17,4.58294e-05,5.81658e-05,3.46197e-07,1.32691e-20,2.84533e-06,4.24703e-06,8.77535,94.0591,4.84745,0.329487,82.7691,0.366925,5.82667,0.00689627,0.366925,2.18518,0.0900346,8.79026,0.419127,0.00580343,8.27076,0.00917317,0.00891508,0.00873631,0.00453255,8.27076,0.00713356,1.79431,1.05214,0.00039508,0.165826,0.000917318,0.00148585,0.000366925,0.00072871,0.165826,2.98852,7.60078e-07,3.9279,0.373821
2084.5417,293.919,293.487,3.38679,0.186412,0.997089,0.00681546,0.00538118,0.00247066,0.00143429,0.00095262,8.97151e-27,8.07642e-07,2.73843e-05,8.56551e-17,5.16733e-05,2.84163e-05,3.44601e-06,1.32977e-20,3.04275e-06,2.0881e-06,8.8376,94.1066,4.87766,0.321443,82.7657,0.377243,5.85253,0.00728501,0.377243,2.18186,0.0906926,8.79029,0.418912,0.00565577,8.27051,0.00943111,0.00895227,0.00898197,0.00452583,8.27051,0.00718144,1.79433,1.05214,0.000383169,0.165815,0.000943111,0.00149205,0.000377243,0.000727602,0.165815,1.57955,8.07642e-07,3.95994,0.384528
2084.6250,288.226,288.301,3.40163,0.251635,0.554392,0.00448951,0.00474946,0.00294261,-0.000259947,0.000955658,4.68562e-27,8.10882e-07,4.35936e-05,8.03197e-17,7.57697e-05,1.60904e-05,5.61597e-06,1.24974e-20,3.82368e-06,1.2014e-06,8.84051,94.0706,4.88694,0.301353,82.7556,0.378721,5.86267,0.00730483,0.378721,2.17312,0.0908281,8.78925,0.418982,0.00525574,8.26967,0.00946807,0.00896774,0.00901717,0.00450788,8.26967,0.00719154,1.79435,1.0522,0.000357187,0.165786,0.000946808,0.00149462,0.000378721,0.000724687,0.165786,1.08671,8.10882e-07,3.95357,0.386026
2084.7083,276.538,277.375,2.28997,0.283889,0.119734,0.000959732,0.00263071,0.00172397,-0.00167098,0.000944693,2.97402e-28,7.86928e-07,1.10801e-05,7.97572e-17,4.42172e-05,3.28547e-06,1.59868e-06,1.24025e-20,2.19433e-06,2.99328e-07,8.79191,93.9987,4.87738,0.293929,82.7451,0.372305,5.85857,0.00700471,0.372305,2.16772,0.0904979,8.78898,0.4201,0.00510632,8.26877,0.00930767,0.00896345,0.00886441,0.00449685,8.26877,0.00716839,1.79438,1.05229,0.000349142,0.165759,0.000930768,0.00149391,0.000372305,0.000722887,0.165759,0.619645,7.86928e-07,3.91453,0.37931
2084.7917,265.894,266.83,0.516601,0.284674,0.00543112,2.37807e-05,0.00140957,0.000329576,-0.00138579,0.000928587,0,7.48916e-07,2.20191e-07,8.54808e-17,9.59372e-06,2.36805e-06,2.31764e-08,1.3274e-20,3.98001e-07,2.36806e-07,8.73673,93.964,4.86068,0.312765,82.7422,0.363005,5.84896,0.00659926,0.363005,2.17233,0.089997,8.78925,0.420754,0.00549432,8.2685,0.00907516,0.00895136,0.00864297,0.00450658,8.2685,0.00713337,1.7944,1.05232,0.000376791,0.165752,0.000907517,0.00149189,0.000363005,0.000724426,0.165752,0.359008,7.48916e-07,3.87605,0.369604
2084.8750,266.591,266.895,0,0.26673,0,0,0.00125857,2.18269e-05,-0.00125857,0.000912715,0,7.03524e-07,0,9.30353e-17,1.17207e-06,2.30833e-06,0,1.44346e-20,2.94763e-08,2.30833e-07,8.68871,93.9624,4.84402,0.35023,82.7416,0.353849,5.83919,0.00621398,0.353849,2.18186,0.0895007,8.78964,0.420896,0.0062812,8.26844,0.00884628,0.00893891,0.00842499,0.00452646,8.26844,0.00709866,1.79442,1.05232,0.000429266,0.165751,0.000884628,0.00148982,0.000353849,0.000727602,0.165751,0.201684,7.03524e-07,3.84469,0.360063
2084.9583,268.156,268.433,0,0.26673,0,0,0.00115765,2.11383e-05,-0.00115765,0.000896979,0,6.59227e-07,0,9.40808e-17,9.80837e-07,2.24917e-06,0,1.45857e-20,2.51346e-08,2.24917e-07,8.64049,93.9622,4.82733,0.38854,82.7414,0.34478,5.82928,0.00584537,0.34478,2.19174,0.089006,8.79003,0.420973,0.00708884,8.26841,0.00861954,0.00892613,0.00820905,0.00454701,8.26841,0.00706403,1.79444,1.05232,0.000482781,0.16575,0.000861955,0.00148769,0.00034478,0.000730894,0.16575,0.141495,6.59227e-07,3.81316,0.350625
2085.0417,266.795,267.01,0,0.26673,0,0,0.00116677,1.71448e-05,-0.00116677,0.000882365,0,6.16701e-07,0,9.59131e-17,6.51786e-07,2.19426e-06,0,1.48592e-20,1.72648e-08,2.19427e-07,8.59808,93.9646,4.81167,0.424117,82.7413,0.336364,5.81987,0.00551476,0.336364,2.20112,0.0885441,8.79039,0.421038,0.00784,8.2684,0.00840913,0.00891385,0.00800866,0.00456649,8.2684,0.00703167,1.79446,1.05232,0.000532565,0.16575,0.000840914,0.00148564,0.000336364,0.000734023,0.16575,0.175993,6.16701e-07,3.7864,0.341878
2085.1250,268.9,268.969,0,0.26673,0,0,0.00132233,1.76907e-05,-0.00132233,0.000868101,0,5.80607e-07,0,9.71142e-17,5.61215e-07,2.14072e-06,0,1.50348e-20,1.53559e-08,2.14073e-07,8.55267,93.9632,4.79624,0.458835,82.7412,0.328156,5.81047,0.00520315,0.328156,2.2105,0.0880909,8.79074,0.421095,0.00857417,8.26839,0.00820394,0.00890147,0.00781324,0.00458591,8.26839,0.00699987,1.79449,1.05232,0.000581235,0.16575,0.000820395,0.00148358,0.000328156,0.000737148,0.16575,0.263104,5.80607e-07,3.75643,0.333359
2085.2083,275.595,274.801,1.17528,0.35458,0.296218,0.00257545,0.00220788,0.00192793,0.000367576,0.000854446,1.9702e-27,5.64137e-07,5.38917e-05,9.11796e-17,-2.73422e-05,6.80251e-06,7.01089e-06,1.41361e-20,1.12917e-06,5.38134e-07,8.50118,93.9411,4.78149,0.469234,82.7523,0.3203,5.80151,0.00491632,0.3203,2.21845,0.0876554,8.79024,0.419909,0.00875932,8.26932,0.00800754,0.00888961,0.00762618,0.00460234,8.26932,0.00696927,1.79451,1.05233,0.000593144,0.165781,0.000800754,0.0014816,0.0003203,0.000739798,0.165781,0.884233,5.64137e-07,3.71969,0.325216
2085.2917,291.171,289.094,2.8509,0.203567,2.11199,0.0111768,0.00508773,0.0032077,0.00608904,0.000859373,1.64787e-26,5.96519e-07,1.22245e-05,7.73406e-17,4.79846e-05,4.22362e-05,2.21011e-06,1.20439e-20,3.63755e-06,3.08006e-06,8.51603,93.9058,4.79133,0.397993,82.7776,0.322947,5.81085,0.00505943,0.322947,2.21417,0.0878342,8.78908,0.418055,0.00716606,8.27143,0.00807371,0.00890303,0.00768921,0.00459336,8.27143,0.00698233,1.79453,1.05237,0.000489735,0.165851,0.000807372,0.00148384,0.000322947,0.000738373,0.165851,2.47354,5.96519e-07,3.7247,0.328006
2085.3750,294.851,293.623,3.05073,0.178826,2.55444,0.0152474,0.00646846,0.00300414,0.00877897,0.000895849,2.64559e-26,6.93466e-07,8.54854e-06,7.9437e-17,5.625e-05,7.11194e-05,9.71938e-07,1.23822e-20,3.66534e-06,5.18667e-06,8.66019,94.0059,4.84341,0.360235,82.7773,0.343386,5.85199,0.00590663,0.343386,2.20814,0.0890641,8.78921,0.417731,0.00640142,8.27143,0.00858468,0.00896068,0.00817585,0.00458079,8.27143,0.00707148,1.79454,1.05235,0.000437375,0.165849,0.000858469,0.00149345,0.000343386,0.000736361,0.165849,3.24958,6.93466e-07,3.81678,0.349292
2085.4583,298.4,297.055,3.29037,0.121796,2.10545,0.0110937,0.00633169,0.00195907,0.00476201,0.000939095,1.73291e-26,7.85949e-07,2.8885e-08,8.35823e-17,3.64929e-05,5.07204e-05,5.12205e-09,1.30334e-20,2.35715e-06,3.70272e-06,8.82815,94.1437,4.90517,0.338623,82.774,0.367598,5.90079,0.00687237,0.367598,2.20287,0.0905179,8.78947,0.417208,0.00598137,8.27119,0.00919,0.00902932,0.00875234,0.00456994,8.27119,0.00717713,1.79457,1.05231,0.000407147,0.165838,0.000919,0.00150489,0.000367598,0.000734606,0.165838,2.4298,7.85949e-07,3.92299,0.374471
2085.5417,292.565,292.3,3.38601,0.16905,1.0608,0.00742076,0.00527713,0.00220163,0.00214362,0.000956435,1.04258e-26,8.18441e-07,3.4242e-06,8.45578e-17,3.94734e-05,3.24547e-05,5.80331e-07,1.31833e-20,2.63112e-06,2.37904e-06,8.88359,94.1893,4.93306,0.332244,82.7727,0.377164,5.92461,0.00722136,0.377164,2.20077,0.0911145,8.78983,0.417162,0.00586838,8.27112,0.00942914,0.00906366,0.00898009,0.00456573,8.27112,0.00722042,1.79459,1.0523,0.000396928,0.165833,0.000942915,0.00151061,0.000377164,0.000733903,0.165833,1.64295,8.18441e-07,3.95052,0.384385
2085.6250,288.24,288.268,3.4194,0.172587,0.725846,0.0048131,0.00463154,0.00215227,0.000181564,0.000962728,5.53985e-27,8.22758e-07,6.67361e-07,8.393e-17,4.3905e-05,1.86019e-05,1.75952e-07,1.30806e-20,2.62671e-06,1.38257e-06,8.90066,94.1885,4.94639,0.321822,82.7693,0.380491,5.93761,0.00731119,0.380491,2.19662,0.0913496,8.79012,0.417671,0.00567253,8.27087,0.00951231,0.00908306,0.0090593,0.00455729,8.27087,0.00723769,1.79461,1.05234,0.000382563,0.165822,0.000951231,0.00151384,0.00038049,0.00073252,0.165822,1.03638,8.22758e-07,3.95427,0.387802
2085.7083,275.813,276.74,1.78796,0.190814,0.0966949,0.000796647,0.00239163,0.00121055,-0.00159499,0.000952257,2.1821e-28,7.89925e-07,4.09703e-08,8.41764e-17,2.475e-05,3.07282e-06,1.27819e-08,1.31045e-20,1.42948e-06,2.84859e-07,8.85637,94.1416,4.9374,0.322637,82.7666,0.374357,5.93389,0.00702159,0.374357,2.19601,0.0910337,8.7905,0.418567,0.00569627,8.27065,0.00935896,0.00907927,0.00891325,0.00455622,8.27065,0.00721556,1.79463,1.05239,0.000384631,0.165814,0.000935896,0.00151321,0.000374357,0.000732319,0.165814,0.402294,7.89925e-07,3.91897,0.381378
2085.7917,272.306,272.59,0,0.400773,0,0,0.00159423,0.000972659,-0.00159423,0.000935996,0,7.48929e-07,1.60536e-06,8.3373e-17,1.80396e-05,2.38088e-06,1.99313e-07,1.29643e-20,1.08452e-06,2.38088e-07,8.80028,94.1042,4.92047,0.336777,82.7665,0.36497,5.92408,0.00661375,0.36497,2.20074,0.0905279,8.79082,0.419133,0.00597998,8.27062,0.0091243,0.0090669,0.00868977,0.00456616,8.27062,0.0071802,1.79466,1.05242,0.000405831,0.165815,0.00091243,0.00151115,0.00036497,0.000733894,0.165815,0.325382,7.48929e-07,3.87981,0.371584
2085.8750,270.979,271.209,0,0.368325,0,0,0.00144982,0.000559325,-0.00144982,0.000920034,0,7.0674e-07,6.5612e-15,8.4601e-17,9.54061e-06,2.32083e-06,1.83961e-15,1.31381e-20,5.80432e-07,2.32083e-07,8.74978,94.0802,4.90366,0.356135,82.7669,0.355765,5.91419,0.00622763,0.355765,2.20742,0.0900288,8.79121,0.419599,0.00637364,8.27063,0.00889418,0.00905426,0.0084706,0.00458012,8.27063,0.00714529,1.79468,1.05244,0.000434426,0.165817,0.000889418,0.00150904,0.000355765,0.000736121,0.165817,0.515226,7.0674e-07,3.84612,0.361993
2085.9583,270.079,270.245,0,0.350977,0,0,0.00132874,0.000372687,-0.00132874,0.000904209,0,6.76464e-07,6.39842e-23,8.57695e-17,3.58932e-06,2.26134e-06,8.52871e-24,1.33048e-20,3.32674e-07,2.26135e-07,8.69989,94.0654,4.88682,0.381285,82.7684,0.346647,5.90415,0.00585821,0.346647,2.2158,0.0895313,8.7916,0.419837,0.00689235,8.27074,0.00866621,0.00904129,0.00825349,0.00459754,8.27074,0.00711045,1.7947,1.05246,0.000470518,0.165822,0.000866622,0.00150688,0.000346647,0.000738913,0.165822,0.267774,6.76464e-07,3.81307,0.352505
2086.0417,270.321,270.434,0,0.349028,0,0,0.0013194,0.000381403,-0.0013194,0.000889511,0,6.35288e-07,1.46519e-22,8.60409e-17,1.38487e-06,2.20614e-06,1.95213e-23,1.33344e-20,3.05178e-07,2.20615e-07,8.65445,94.0546,4.87102,0.404853,82.7711,0.338185,5.89462,0.00552687,0.338185,2.22415,0.0890669,8.79196,0.419948,0.00737887,8.27095,0.00845466,0.00902883,0.00805202,0.00461488,8.27095,0.0070779,1.79472,1.05247,0.00050403,0.16583,0.000845467,0.00150481,0.000338185,0.000741697,0.16583,0.315646,6.35288e-07,3.78343,0.343712
2086.1250,271.642,271.705,0,0.349406,0,0,0.00154203,0.000414247,-0.00154203,0.000875166,0,6.12176e-07,2.22271e-21,8.58481e-17,7.39275e-07,2.15231e-06,2.96145e-22,1.3293e-20,3.20916e-07,2.15232e-07,8.60477,94.0379,4.85545,0.425965,82.7747,0.329933,5.8851,0.00521458,0.329933,2.23247,0.0886111,8.7923,0.420009,0.00781298,8.27124,0.00824836,0.00901627,0.00785554,0.00463211,8.27124,0.00704591,1.79474,1.05247,0.00053407,0.165841,0.000824837,0.00150271,0.000329933,0.000744471,0.165841,0.82275,6.12176e-07,3.74932,0.335147
2086.2083,276.114,275.594,2.05396,0.341386,0.443542,0.00375419,0.00231854,0.00219997,0.00143565,0.000862127,2.57764e-27,6.12215e-07,4.93476e-05,7.8755e-17,1.99217e-05,8.33225e-06,4.85611e-06,1.22299e-20,2.29414e-06,6.44173e-07,8.55545,93.9972,4.84145,0.421064,82.7838,0.322427,5.87665,0.00494158,0.322427,2.23694,0.0881941,8.79135,0.418851,0.00766881,8.27199,0.00806073,0.00900511,0.00767684,0.00464129,8.27199,0.00701656,1.79477,1.0525,0.000525473,0.165866,0.000806073,0.00150085,0.000322427,0.00074596,0.165866,0.945499,6.12215e-07,3.714,0.327369
2086.2917,288.491,287.215,2.83067,0.179297,1.62789,0.0107397,0.00465667,0.00256579,0.00608306,0.000868232,1.62685e-26,6.3774e-07,2.84336e-06,7.85704e-17,4.38318e-05,4.22572e-05,4.79374e-07,1.22222e-20,3.05369e-06,3.08004e-06,8.57867,93.9904,4.85224,0.38957,82.7881,0.325767,5.88633,0.0050935,0.325767,2.23411,0.0883889,8.7911,0.41875,0.00696723,8.27236,0.00814421,0.00901899,0.00775635,0.00463531,8.27236,0.0070307,1.79479,1.05254,0.000479397,0.165878,0.000814422,0.00150317,0.000325767,0.000745018,0.165878,2.2087,6.3774e-07,3.72643,0.33086
2086.3750,297.18,295.243,3.06762,0.124627,2.13591,0.0113,0.00568433,0.0020867,0.00561567,0.000902669,1.82918e-26,7.13643e-07,2.52854e-06,8.21235e-17,3.9336e-05,4.99302e-05,3.96398e-07,1.27811e-20,2.52509e-06,3.63713e-06,8.70704,94.0889,4.90016,0.364791,82.7868,0.345112,5.92348,0.00585001,0.345112,2.23028,0.0895004,8.79134,0.418466,0.00646475,8.27228,0.00862784,0.00907109,0.00821695,0.00462731,8.27228,0.00711108,1.7948,1.05252,0.000443941,0.165873,0.000862785,0.00151185,0.000345112,0.000743741,0.165873,2.43342,7.13643e-07,3.80688,0.350962
2086.4583,295.19,294.694,3.22676,0.173521,1.79563,0.0120897,0.00609343,0.00263394,0.00599626,0.000931389,2.03192e-26,7.73381e-07,4.7888e-06,8.41458e-17,4.73046e-05,5.83269e-05,8.56682e-07,1.31001e-20,3.22179e-06,4.25069e-06,8.80513,94.1686,4.94114,0.350507,82.7855,0.3612,5.95584,0.00645647,0.3612,2.22741,0.0904345,8.79159,0.418135,0.00618852,8.27221,0.00903006,0.00911684,0.00860001,0.00462138,8.27221,0.00717862,1.79483,1.0525,0.000422779,0.165868,0.000903006,0.00151947,0.0003612,0.000742784,0.165868,2.52204,7.73381e-07,3.86399,0.367657
2086.5417,292.048,291.726,3.38517,0.139636,1.13605,0.00757889,0.00505515,0.00181496,0.00252374,0.0009598,1.11661e-26,8.1373e-07,6.37175e-08,8.56581e-17,3.2161e-05,3.46172e-05,2.06954e-08,1.33376e-20,2.16621e-06,2.53214e-06,8.90903,94.2534,4.98226,0.338245,82.7828,0.377079,5.98864,0.00703222,0.377079,2.22329,0.0913654,8.7919,0.417921,0.00596214,8.27203,0.00942703,0.00916348,0.00897808,0.00461295,8.27203,0.00724612,1.79485,1.05249,0.000404654,0.165858,0.000942704,0.00152725,0.000377079,0.000741412,0.165858,1.52795,8.1373e-07,3.92677,0.384112
2086.6250,287.624,287.682,3.41236,0.216614,0.589708,0.00451573,0.00446495,0.00255349,5.07812e-05,0.000964945,5.23505e-27,8.14549e-07,1.79966e-05,8.2362e-17,5.23846e-05,1.77051e-05,3.43466e-06,1.28292e-20,3.14519e-06,1.31534e-06,8.91986,94.2494,4.99333,0.329541,82.7802,0.37979,5.99951,0.00708762,0.37979,2.21979,0.0915481,8.79193,0.418113,0.00580091,8.27186,0.00949478,0.00917983,0.00904261,0.00460582,8.27186,0.00725948,1.79487,1.05252,0.000392332,0.165849,0.000949479,0.00152997,0.000379789,0.000740244,0.165849,1.12796,8.14549e-07,3.92653,0.386877
2086.7083,275.277,276.23,2.65039,0.291746,0.0821848,0.000755617,0.00237595,0.00153479,-0.00162034,0.000954643,1.57697e-28,7.86925e-07,4.27154e-06,8.07763e-17,3.56899e-05,2.89492e-06,1.00072e-06,1.2576e-20,1.90756e-06,2.73647e-07,8.87601,94.1888,4.98428,0.321761,82.7748,0.373763,5.99557,0.00680867,0.373763,2.21628,0.0912339,8.79197,0.419076,0.0056508,8.27141,0.00934412,0.00917565,0.00889912,0.00459866,8.27141,0.00723747,1.79489,1.05259,0.000383633,0.165833,0.000934412,0.00152927,0.000373763,0.000739073,0.165833,0.466771,7.86925e-07,3.89173,0.380572
2086.7917,266.082,266.919,0,0.192189,0,0,0.00131345,0.000137681,-0.00131345,0.000938334,0,7.45255e-07,1.70749e-15,8.6474e-17,4.76202e-06,2.37685e-06,4.86577e-16,1.34468e-20,1.6048e-07,2.37686e-07,8.82293,94.165,4.9672,0.346663,82.7726,0.364354,5.9856,0.00641174,0.364354,2.2228,0.0907262,8.79233,0.419612,0.00616905,8.27121,0.00910889,0.00916294,0.00867509,0.0046123,8.27121,0.00720197,1.79492,1.05261,0.000420075,0.165828,0.000910889,0.00152716,0.000364354,0.000741246,0.165828,0.300086,7.45255e-07,3.85573,0.370766
2086.8750,268.349,268.6,0,0.189807,0,0,0.00121829,6.02174e-05,-0.00121829,0.000922393,0,6.96923e-07,0,8.8667e-17,1.71079e-06,2.31691e-06,0,1.37763e-20,5.7083e-08,2.31691e-07,8.77666,94.1655,4.95032,0.383972,82.7723,0.355165,5.9756,0.00603741,0.355165,2.23262,0.0902274,8.79272,0.419731,0.00695389,8.27118,0.00887916,0.00915007,0.0084563,0.00463274,8.27118,0.00716706,1.79494,1.05261,0.000472607,0.165827,0.000887916,0.00152501,0.000355164,0.00074452,0.165827,0.135138,6.96923e-07,3.82634,0.361202
2086.9583,268.455,268.707,0,0.189807,0,0,0.00123728,6.37513e-05,-0.00123728,0.000906588,0,6.5022e-07,0,8.86053e-17,1.32416e-06,2.25753e-06,0,1.37554e-20,4.9764e-08,2.25753e-07,8.72955,94.1654,4.93342,0.420874,82.7723,0.346061,5.96546,0.00567928,0.346061,2.24263,0.0897302,8.79311,0.419823,0.00773114,8.27117,0.00865158,0.00913686,0.00823956,0.00465353,8.27117,0.00713223,1.79496,1.05261,0.00052466,0.165828,0.000865158,0.00152281,0.000346061,0.000747857,0.165828,0.144492,6.5022e-07,3.79613,0.351741
2087.0417,267.933,268.181,0,0.189807,0,0,0.00126146,5.94443e-05,-0.00126146,0.000891908,0,6.10591e-07,0,8.92499e-17,8.61175e-07,2.20242e-06,0,1.38448e-20,3.86458e-08,2.20242e-07,8.68386,94.1635,4.91757,0.45493,82.7726,0.337614,5.95582,0.00535806,0.337614,2.25215,0.089266,8.79347,0.419896,0.00844918,8.27118,0.00844039,0.00912418,0.00803842,0.00467326,8.27118,0.00709967,1.79498,1.05261,0.000572826,0.165829,0.000844039,0.0015207,0.000337614,0.00075103,0.165829,0.277051,6.10591e-07,3.76629,0.342972
2087.1250,269.006,269.168,0,0.189807,0,0,0.00133749,5.89635e-05,-0.00133749,0.000877581,0,5.81279e-07,0,8.96089e-17,5.3739e-07,2.14868e-06,0,1.38902e-20,3.17777e-08,2.14868e-07,8.63642,94.1591,4.90193,0.488099,82.7729,0.329376,5.9462,0.0050553,0.329376,2.26167,0.0888104,8.79382,0.419955,0.00914972,8.27121,0.00823444,0.00911141,0.00784228,0.00469294,8.27121,0.00706769,1.795,1.05261,0.000619821,0.16583,0.000823444,0.00151857,0.000329376,0.000754203,0.16583,0.378176,5.81279e-07,3.73449,0.334431
2087.2083,275.965,275.238,1.82579,0.428819,0.427716,0.00362525,0.00228149,0.0027258,0.00134375,0.000864347,3.01245e-27,5.63726e-07,0.000102907,8.09901e-17,-1.45511e-05,9.31036e-06,8.63382e-06,1.26166e-20,2.13045e-06,7.16531e-07,8.58844,94.1179,4.88756,0.467956,82.7946,0.321765,5.93741,0.0047861,0.321765,2.26693,0.0883866,8.79201,0.417245,0.00864889,8.27303,0.00804418,0.00909968,0.00766108,0.00470375,8.27303,0.00703789,1.79502,1.05263,0.000587018,0.16589,0.000804418,0.00151661,0.000321765,0.000755957,0.16589,0.838985,5.63726e-07,3.70089,0.326551
2087.2917,289.478,287.858,2.86949,0.174862,1.8512,0.0110921,0.0048012,0.00271225,0.00629095,0.000873764,1.76191e-26,5.94156e-07,2.34e-06,7.71092e-17,4.17837e-05,4.54524e-05,3.85606e-07,1.20568e-20,3.13723e-06,3.30813e-06,8.62169,94.1086,4.902,0.41526,82.8085,0.327008,5.94937,0.00500067,0.327008,2.26308,0.0886794,8.79121,0.416143,0.00748053,8.27422,0.00817526,0.00911665,0.00778591,0.00469561,8.27422,0.00705905,1.79504,1.05267,0.000510911,0.165928,0.000817526,0.00151944,0.000327008,0.000754673,0.165928,2.23128,5.94156e-07,3.71969,0.332009
2087.3750,296.406,294.959,3.1142,0.149599,2.43028,0.0140928,0.00626391,0.00251174,0.00782892,0.000914227,2.47383e-26,6.77423e-07,6.2803e-07,8.10801e-17,3.96356e-05,6.74835e-05,7.65258e-08,1.26868e-20,2.99256e-06,4.91057e-06,8.77127,94.2278,4.9564,0.38723,82.8098,0.349827,5.99042,0.00585399,0.349827,2.2595,0.0899682,8.79155,0.415614,0.0069142,8.27436,0.00874573,0.00917412,0.00832922,0.0046881,8.27436,0.0071522,1.79506,1.05264,0.00047125,0.165929,0.000874573,0.00152902,0.000349827,0.000753478,0.165929,3.02043,6.77423e-07,3.81487,0.355681
2087.4583,299.928,298.42,3.22822,0.10742,0.871257,0.00489898,0.00484169,0.00171831,5.72874e-05,0.000934867,5.23931e-27,7.29202e-07,5.19366e-06,8.46063e-17,2.72693e-05,1.66845e-05,5.34013e-07,1.32412e-20,1.99399e-06,1.23535e-06,8.83022,94.2727,4.98604,0.374771,82.81,0.361361,6.01396,0.0062584,0.361361,2.25777,0.0906305,8.79191,0.415497,0.00667577,8.27443,0.00903408,0.00920764,0.00860384,0.00468454,8.27443,0.00720017,1.79509,1.05263,0.000453135,0.165927,0.000903408,0.00153461,0.000361361,0.000752902,0.165927,1.26988,7.29202e-07,3.84418,0.36762
2087.5417,291.997,291.912,3.28672,0.26511,1.00237,0.00832916,0.00551945,0.00367026,0.00280971,0.000945495,1.26667e-26,7.54334e-07,7.56931e-05,7.8018e-17,7.9386e-05,3.75442e-05,9.38033e-06,1.22455e-20,4.67462e-06,2.74345e-06,8.85302,94.2603,5.00316,0.349368,82.8066,0.367235,6.02857,0.00644567,0.367235,2.25136,0.0909791,8.79106,0.415029,0.00617142,8.27421,0.00918092,0.00922888,0.00874369,0.00467128,8.27421,0.00722544,1.79511,1.05267,0.00041876,0.165915,0.000918092,0.00153815,0.000367235,0.000750766,0.165915,1.81236,7.54334e-07,3.84986,0.373681
2087.6250,288.638,288.639,3.33153,0.278128,0.670397,0.00485315,0.00472425,0.003284,0.000128907,0.000953716,5.71492e-27,7.68209e-07,5.55865e-05,7.22489e-17,8.40948e-05,1.85191e-05,7.61267e-06,1.13838e-20,4.34279e-06,1.37252e-06,8.87351,94.2241,5.01731,0.317253,82.7938,0.371725,6.04113,0.00657455,0.371725,2.23949,0.0912536,8.78944,0.414814,0.00553623,8.27319,0.00929317,0.00924735,0.0088506,0.0046467,8.27319,0.00724539,1.79513,1.05276,0.000377277,0.165877,0.000929318,0.00154122,0.000371725,0.000746809,0.165877,1.20918,7.68209e-07,3.8562,0.3783
2087.7083,276.111,277.101,2.69833,0.32043,0.110527,0.000846407,0.00241894,0.001907,-0.00157253,0.000943402,2.16583e-28,7.4457e-07,1.5266e-05,7.04784e-17,5.11022e-05,2.99233e-06,2.04821e-06,1.11139e-20,2.50329e-06,2.78804e-07,8.82849,94.1456,5.00781,0.303771,82.7812,0.365711,6.03659,0.0063136,0.365711,2.23208,0.090935,8.78855,0.415577,0.00526872,8.27213,0.00914282,0.00924211,0.00870741,0.00463138,8.27213,0.00722298,1.79515,1.05286,0.000361437,0.165842,0.000914283,0.00154035,0.000365711,0.000744339,0.165842,0.41031,7.4457e-07,3.82068,0.372025
2087.7917,267.371,267.981,0,0.423249,0,0,0.00133717,0.000139588,-0.00133717,0.000927436,0,7.02788e-07,8.11708e-11,7.77421e-17,6.08988e-06,2.32568e-06,1.96941e-11,1.22402e-20,1.8213e-07,2.32568e-07,8.77623,94.1155,4.99088,0.325027,82.777,0.356508,6.02655,0.00594568,0.356508,2.23723,0.0904356,8.78882,0.416271,0.00571364,8.27176,0.00891275,0.00922911,0.0084883,0.00464212,8.27176,0.00718802,1.79517,1.05289,0.000392894,0.165832,0.000891276,0.00153819,0.000356508,0.000746057,0.165832,0.275645,7.02788e-07,3.78534,0.362454
2087.8750,269.178,269.445,0,0.413442,0,0,0.00131349,8.30039e-05,-0.00131349,0.000911822,0,6.69086e-07,9.76393e-33,8.01154e-17,3.01363e-06,2.26702e-06,2.55429e-33,1.26019e-20,9.13605e-08,2.26703e-07,8.72765,94.1123,4.97415,0.361257,82.7764,0.347517,6.01648,0.00559856,0.347517,2.24708,0.0899448,8.78921,0.416432,0.00647818,8.27169,0.00868797,0.00921595,0.00827421,0.00466256,8.27169,0.00715363,1.7952,1.05289,0.000444231,0.165831,0.000868797,0.00153599,0.000347517,0.000749341,0.165831,0.505098,6.69086e-07,3.7535,0.353116
2087.9583,268.339,268.558,0,0.413442,0,0,0.00122084,6.99417e-05,-0.00122084,0.000896342,0,6.35508e-07,7.16868e-40,8.21298e-17,1.85265e-06,2.20892e-06,1.95289e-40,1.29071e-20,6.28048e-08,2.20892e-07,8.67983,94.1102,4.95739,0.397133,82.7762,0.33861,6.00627,0.00526646,0.33861,2.25713,0.0894555,8.78959,0.416549,0.00723658,8.27166,0.00846529,0.00920246,0.00806214,0.00468336,8.27166,0.00711931,1.79522,1.05289,0.000495124,0.165831,0.000846529,0.00153374,0.00033861,0.00075269,0.165831,0.257291,6.35508e-07,3.72244,0.343876
2088.0417,267.962,268.183,0,0.413442,0,0,0.00113979,6.1431e-05,-0.00113979,0.000881964,0,5.98211e-07,0,8.44324e-17,1.12234e-06,2.155e-06,0,1.32582e-20,4.50287e-08,2.155e-07,8.636,94.1093,4.94167,0.430409,82.7762,0.330344,5.99657,0.00496859,0.330344,2.2667,0.0889986,8.78994,0.416633,0.00794126,8.27166,0.00825865,0.00918952,0.00786533,0.00470314,8.27166,0.00708723,1.79524,1.05289,0.000542391,0.165831,0.000825865,0.00153159,0.000330344,0.000755881,0.165831,0.190118,5.98211e-07,3.69433,0.335313
2088.1250,268.653,268.782,0,0.413442,0,0,0.00122645,6.06774e-05,-0.00122645,0.00086793,0,5.66072e-07,0,8.58392e-17,6.74855e-07,2.10241e-06,0,1.34686e-20,3.58501e-08,2.10242e-07,8.59257,94.1082,4.92616,0.462792,82.7766,0.322283,5.98689,0.00468784,0.322283,2.27628,0.0885502,8.79028,0.416698,0.0086281,8.27168,0.00805713,0.0091765,0.00767341,0.00472289,8.27168,0.00705571,1.79526,1.05289,0.000588477,0.165832,0.000805713,0.00152942,0.000322283,0.000759072,0.165832,0.323766,5.66072e-07,3.66641,0.326971
2088.2083,272.293,271.967,0.5518,0.57997,0.119037,0.00108631,0.00160538,0.00120372,-0.000519069,0.000853872,7.56136e-28,5.49918e-07,3.00482e-05,8.40966e-17,-2.78323e-05,3.7955e-06,3.20931e-06,1.31908e-20,6.03654e-07,3.25661e-07,8.54378,94.0957,4.91047,0.483753,82.7828,0.314217,5.97697,0.00441594,0.314217,2.2854,0.0880979,8.79048,0.416394,0.00905125,8.2722,0.00785546,0.00916306,0.00748135,0.00474166,8.2722,0.00702388,1.79528,1.0529,0.000616349,0.16585,0.000785546,0.00152718,0.000314217,0.000762113,0.16585,0.781066,5.49918e-07,3.63331,0.318633
2088.2917,284.855,283.225,2.79748,0.262911,1.32308,0.010364,0.00409063,0.00328324,0.0062734,0.000859483,1.65627e-26,5.64506e-07,2.86478e-05,7.07374e-17,3.93026e-05,4.13358e-05,4.86379e-06,1.11384e-20,3.58377e-06,2.99499e-06,8.54697,94.0627,4.91722,0.421063,82.8108,0.317432,5.98157,0.00448846,0.317432,2.28385,0.0881714,8.78943,0.414364,0.00760474,8.27455,0.00793583,0.00916966,0.0075579,0.00473826,8.27455,0.00702914,1.7953,1.05293,0.000521433,0.165927,0.000793584,0.00152828,0.000317432,0.000761598,0.165927,1.74518,5.64506e-07,3.62975,0.32192
2088.3750,294.615,293.083,3.08431,0.196887,2.56219,0.015229,0.00645241,0.0033728,0.00877656,0.000910762,2.87646e-26,6.37922e-07,1.5281e-05,7.00449e-17,6.5634e-05,7.71153e-05,2.24126e-06,1.10539e-20,4.19155e-06,5.58407e-06,8.68783,94.1453,4.97661,0.370923,82.8112,0.346778,6.02062,0.00532899,0.346778,2.27528,0.0895175,8.78917,0.413724,0.00657544,8.27464,0.00866951,0.00922414,0.00825663,0.00472031,8.27464,0.00712578,1.79532,1.05292,0.000451698,0.165926,0.000866951,0.00153736,0.000346778,0.000758738,0.165926,3.115,6.37922e-07,3.71122,0.352107
2088.4583,298.487,296.982,3.43652,0.141864,2.55075,0.0125301,0.00682957,0.00242064,0.00570048,0.000972693,2.12663e-26,7.45564e-07,9.33851e-06,7.41441e-17,4.9089e-05,6.35275e-05,1.0338e-06,1.17091e-20,2.99903e-06,4.60647e-06,8.86445,94.2867,5.04893,0.346605,82.8065,0.382172,6.06862,0.00631749,0.382172,2.2691,0.0912327,8.78926,0.412944,0.00609562,8.27428,0.00955435,0.0092914,0.00909934,0.00470747,8.27428,0.00724929,1.79534,1.05287,0.000418268,0.165911,0.000955436,0.00154857,0.000382172,0.000756679,0.165911,3.0192,7.45564e-07,3.81552,0.38849
2088.5417,293.852,293.542,3.63384,0.174486,1.35279,0.00888771,0.00594744,0.00247038,0.00294027,0.00100694,1.33338e-26,8.06651e-07,6.2916e-06,7.5904e-17,4.7382e-05,4.30715e-05,8.87149e-07,1.19889e-20,3.02829e-06,3.13397e-06,8.95057,94.3538,5.09019,0.335595,82.8028,0.401683,6.09689,0.00680488,0.401683,2.26484,0.0921991,8.78946,0.412672,0.00588723,8.27401,0.0100421,0.00933164,0.00956389,0.00469872,8.27401,0.00731883,1.79536,1.05285,0.000402129,0.165899,0.00100421,0.00155527,0.000401683,0.000755261,0.165899,1.93788,8.06651e-07,3.86038,0.408488
2088.6250,287.404,287.667,3.70864,0.180156,0.68294,0.00480393,0.0045951,0.00222262,0.000208831,0.00101995,5.36811e-27,8.19156e-07,1.15693e-06,7.55998e-17,4.67483e-05,1.93085e-05,2.58229e-07,1.19357e-20,2.74821e-06,1.43085e-06,8.97608,94.3563,5.10739,0.323731,82.7976,0.409021,6.10971,0.00692105,0.409021,2.25891,0.0925624,8.78973,0.413207,0.00566552,8.27361,0.0102256,0.0093506,0.00973859,0.0046865,8.27361,0.00734507,1.79539,1.05289,0.000385711,0.165883,0.00102256,0.00155843,0.000409021,0.000753282,0.165883,1.02424,8.19156e-07,3.86869,0.415942
2088.7083,275.799,276.573,2.37739,0.261153,0.064026,0.000742255,0.0024449,0.00169418,-0.00170264,0.00100838,5.94076e-29,7.89028e-07,4.52625e-06,7.3844e-17,3.5346e-05,2.80755e-06,1.04331e-06,1.16462e-20,2.05953e-06,2.73833e-07,8.93027,94.305,5.09645,0.323655,82.794,0.402288,6.10424,0.00662174,0.402288,2.25708,0.092202,8.79005,0.414174,0.00567024,8.27332,0.0100573,0.00934419,0.00957829,0.0046828,8.27332,0.00731988,1.79541,1.05295,0.000386675,0.165872,0.00100573,0.00155736,0.000402288,0.000752672,0.165872,0.51468,7.89028e-07,3.83382,0.40891
2088.7917,267.371,268.271,0,0.111502,0,0,0.00145776,0.000210161,-0.00145776,0.000990848,0,7.47658e-07,6.3368e-10,7.79644e-17,6.97107e-06,2.5582e-06,1.82656e-10,1.22816e-20,2.48701e-07,2.55821e-07,8.87449,94.2731,5.07849,0.344556,82.792,0.392154,6.09406,0.0062354,0.392154,2.26207,0.0916651,8.7904,0.414802,0.00610407,8.27314,0.00980389,0.00933111,0.00933699,0.00469322,8.27314,0.00728242,1.79544,1.05298,0.00041747,0.165867,0.000980389,0.00155519,0.000392154,0.000754334,0.165867,0.255903,7.47658e-07,3.796,0.398389
2088.8750,267.38,267.78,0,0.106558,0,0,0.00133288,8.93554e-05,-0.00133288,0.000973722,0,7.00444e-07,0,8.07129e-17,2.18859e-06,2.49369e-06,0,1.27029e-20,8.14534e-08,2.49369e-07,8.82421,94.2712,5.06078,0.383377,82.7917,0.382263,6.08389,0.00587136,0.382263,2.27196,0.0911382,8.79082,0.414954,0.00691985,8.2731,0.00955663,0.00931789,0.00910151,0.00471378,8.2731,0.00724563,1.79546,1.05298,0.000472398,0.165867,0.000955663,0.00155298,0.000382263,0.000757632,0.165867,0.192839,7.00444e-07,3.76343,0.388135
2088.9583,266.426,266.832,0,0.106558,0,0,0.00120621,6.65098e-05,-0.00120621,0.000956743,0,6.55053e-07,0,8.2427e-17,1.14341e-06,2.42977e-06,0,1.29615e-20,4.99613e-08,2.42977e-07,8.77486,94.2709,5.04304,0.422047,82.7919,0.372466,6.07356,0.00552307,0.372466,2.2821,0.0906132,8.79124,0.415048,0.00773428,8.2731,0.00931168,0.00930433,0.00886823,0.0047348,8.2731,0.00720894,1.79549,1.05298,0.000527065,0.165868,0.000931169,0.00155072,0.000372466,0.000761012,0.165868,0.175514,6.55053e-07,3.73182,0.377989
2089.0417,265.766,266.102,0,0.106558,0,0,0.00111142,2.04956e-05,-0.00111142,0.000940975,0,6.12896e-07,0,8.49125e-17,6.57016e-07,2.37046e-06,0,1.33425e-20,1.90355e-08,2.37046e-07,8.73188,94.2748,5.0264,0.459146,82.792,0.363373,6.06375,0.00521069,0.363373,2.29183,0.0901232,8.79162,0.415115,0.00851928,8.27311,0.00908438,0.00929133,0.00865175,0.00475494,8.27311,0.00717466,1.79551,1.05298,0.000579331,0.165869,0.000908438,0.00154855,0.000363373,0.000764256,0.165869,0.160554,6.12896e-07,3.70547,0.368584
2089.1250,269.891,269.909,0,0.136298,0,0,0.0014607,7.8031e-05,-0.0014607,0.000925585,0,5.84251e-07,9.27441e-10,8.56441e-17,-2.07612e-06,2.31262e-06,4.49288e-11,1.34501e-20,4.04354e-08,2.31262e-07,8.68433,94.2738,5.01001,0.49583,82.7921,0.354507,6.05396,0.00491626,0.354507,2.30159,0.0896425,8.79194,0.415105,0.00929795,8.27312,0.00886271,0.00927823,0.00844064,0.00477509,8.27312,0.00714099,1.79553,1.05298,0.000630825,0.165869,0.000886272,0.00154637,0.000354507,0.000767508,0.165869,0.601196,5.84251e-07,3.67433,0.359423
2089.2083,279.146,277.963,2.78889,0.274354,0.663693,0.00534259,0.00276346,0.00285136,0.00257912,0.000912453,4.34326e-27,5.77468e-07,5.37247e-05,7.62051e-17,-1.40562e-05,1.3483e-05,4.86691e-06,1.2008e-20,2.23267e-06,1.01698e-06,8.64138,94.2345,4.99655,0.470046,82.8169,0.34692,6.04632,0.00468543,0.34692,2.30619,0.0892526,8.79095,0.413052,0.0086699,8.2752,0.00867306,0.00926802,0.00826001,0.00478449,8.2752,0.00711365,1.79556,1.053,0.000588683,0.165937,0.000867306,0.00154467,0.00034692,0.000769042,0.165937,0.972177,5.77468e-07,3.64483,0.351606
2089.2917,289.87,288.422,3.10765,0.180213,1.74126,0.0114936,0.00483565,0.00283633,0.00665798,0.000916775,1.67072e-26,6.10204e-07,4.69985e-06,7.19239e-17,4.15505e-05,4.59828e-05,5.54481e-07,1.13596e-20,3.26016e-06,3.36118e-06,8.6849,94.2374,5.00653,0.419972,82.8302,0.349181,6.05636,0.00486603,0.349181,2.3023,0.0895648,8.79078,0.412534,0.00756503,8.27634,0.00872957,0.00928226,0.00831383,0.00477625,8.27634,0.00713642,1.79558,1.05304,0.000516674,0.165973,0.000872957,0.00154704,0.000349181,0.000767746,0.165973,2.28147,6.10204e-07,3.67836,0.354047
2089.3750,294.791,293.426,3.2676,0.136413,2.24952,0.0134233,0.00567489,0.00219919,0.00774839,0.000945737,2.174e-26,6.93002e-07,1.73424e-06,7.52449e-17,3.56425e-05,6.1783e-05,2.13593e-07,1.18964e-20,2.58916e-06,4.50999e-06,8.85118,94.3718,5.05003,0.391044,82.8315,0.365311,6.09194,0.00560791,0.365311,2.29808,0.0908302,8.79106,0.411983,0.00698059,8.2765,0.00913282,0.00933206,0.00869789,0.0047674,8.2765,0.00722837,1.7956,1.05301,0.000475822,0.165974,0.000913283,0.00155534,0.000365311,0.00076634,0.165974,2.66695,6.93002e-07,3.80114,0.370919
2089.4583,297.564,296.687,3.44362,0.180383,2.28,0.0135505,0.0068228,0.00308071,0.00672774,0.000977315,2.15757e-26,7.75958e-07,1.65241e-05,7.62388e-17,5.4362e-05,6.44307e-05,1.9112e-06,1.20723e-20,3.75769e-06,4.71005e-06,9.01219,94.5046,5.09757,0.368526,82.8309,0.382889,6.13089,0.00638175,0.382889,2.29289,0.0921378,8.79109,0.411126,0.00654074,8.27652,0.00957227,0.00938682,0.00911641,0.00475662,8.27652,0.00732347,1.79562,1.05297,0.00044364,0.165969,0.000957227,0.00156447,0.000382889,0.000764609,0.165969,3.0428,7.75958e-07,3.91461,0.389271
2089.5417,291.389,291.307,3.57797,0.236016,1.09257,0.00885336,0.0056299,0.00316289,0.00322347,0.00100136,1.24335e-26,8.35906e-07,3.90784e-05,7.41585e-17,6.71353e-05,3.9584e-05,4.91876e-06,1.17654e-20,3.98658e-06,2.90533e-06,9.12903,94.5806,5.13551,0.34244,82.8254,0.39619,6.16292,0.00695156,0.39619,2.28373,0.0931266,8.79073,0.410682,0.00603634,8.27614,0.00990479,0.0094323,0.00943309,0.00473768,8.27614,0.00739557,1.79564,1.05298,0.000407988,0.16595,0.00099048,0.00157205,0.00039619,0.000761555,0.16595,1.89708,8.35906e-07,3.99352,0.403141
2089.6250,287.437,287.554,3.60564,0.206948,0.732124,0.00504684,0.00470475,0.00258425,0.00034209,0.00100666,5.52075e-27,8.43854e-07,9.58304e-06,7.29549e-17,6.01591e-05,1.91871e-05,1.48626e-06,1.15827e-20,3.27739e-06,1.43014e-06,9.15878,94.5733,5.14829,0.323292,82.8162,0.398916,6.17598,0.00706725,0.398916,2.27501,0.093411,8.79034,0.411128,0.00566114,8.27542,0.00997294,0.00945164,0.009498,0.00471971,8.27542,0.0074166,1.79567,1.05304,0.000383277,0.165922,0.000997295,0.00157527,0.000398916,0.00075865,0.165922,1.06674,8.43854e-07,4.01049,0.405983
2089.7083,279.007,279.786,3.08545,0.22998,0.138709,0.0012409,0.00302208,0.00186103,-0.00178119,0.000995912,4.44856e-28,8.12934e-07,6.15116e-06,7.26942e-17,4.16585e-05,3.88956e-06,1.08992e-06,1.15255e-20,2.30218e-06,3.44965e-07,9.11729,94.5187,5.13937,0.319571,82.8101,0.392609,6.17258,0.00680809,0.392609,2.27169,0.0931123,8.7906,0.412272,0.00558979,8.27491,0.00981527,0.00944813,0.00934783,0.00471292,8.27491,0.00739575,1.79569,1.0531,0.000379629,0.165905,0.000981528,0.00157469,0.000392609,0.000757542,0.165905,0.56992,8.12934e-07,3.97792,0.399417
2089.7917,267.719,268.637,0,0.167979,0,0,0.00144717,0.000279883,-0.00144717,0.00097894,0,7.73384e-07,5.62587e-10,7.6164e-17,9.19608e-06,2.49724e-06,1.39699e-10,1.20609e-20,3.32766e-07,2.49725e-07,9.05975,94.4805,5.12179,0.337953,82.8069,0.382809,6.16246,0.00641466,0.382809,2.27595,0.0925888,8.79088,0.412971,0.00597013,8.27462,0.00957026,0.0094352,0.00911449,0.00472185,8.27462,0.00735915,1.79572,1.05314,0.000407253,0.165897,0.000957026,0.00157253,0.000382809,0.000758962,0.165897,0.291264,7.73384e-07,3.93796,0.389223
2089.8750,265.409,265.971,0,0.166577,0,0,0.00124341,4.18275e-05,-0.00124341,0.000962203,0,7.24928e-07,0,8.1148e-17,1.5695e-06,2.43426e-06,0,1.2838e-20,4.63859e-08,2.43426e-07,9.01087,94.4791,5.10422,0.376054,82.8063,0.373154,6.15217,0.00604015,0.373154,2.28589,0.0920693,8.79129,0.413143,0.00676902,8.27457,0.00932889,0.00942187,0.00888461,0.00474252,8.27457,0.00732282,1.79574,1.05314,0.000461032,0.165896,0.000932889,0.00157031,0.000373154,0.000762276,0.165896,0.188575,7.24928e-07,3.90665,0.379194
2089.9583,266.97,267.279,0,0.166577,0,0,0.00119101,3.44151e-05,-0.00119101,0.000945609,0,6.77522e-07,0,8.28074e-17,9.07496e-07,2.37187e-06,0,1.30903e-20,2.96978e-08,2.37187e-07,8.96183,94.48,5.08663,0.415678,82.8062,0.363589,6.14173,0.00568186,0.363589,2.29626,0.0915515,8.79169,0.413223,0.00760459,8.27455,0.00908978,0.0094082,0.00865689,0.00476403,8.27455,0.00728658,1.79576,1.05314,0.000516592,0.165896,0.000908979,0.00156803,0.000363589,0.000765732,0.165896,0.216425,6.77522e-07,3.87521,0.369271
2090.0417,266.514,266.778,0,0.166577,0,0,0.00114626,2.97632e-05,-0.00114626,0.000930198,0,6.35726e-07,0,8.38336e-17,5.19424e-07,2.31397e-06,0,1.32429e-20,1.99534e-08,2.31397e-07,8.91873,94.4836,5.07012,0.452446,82.8062,0.354714,6.13181,0.00536049,0.354714,2.30612,0.0910682,8.79207,0.413286,0.00838106,8.27455,0.00886789,0.00939508,0.00844557,0.00478445,8.27455,0.0072527,1.79579,1.05314,0.000568231,0.165896,0.00088679,0.00156585,0.000354714,0.000769019,0.165896,0.136414,6.35726e-07,3.84861,0.360074
2090.1250,269.988,269.982,0,0.235679,0,0,0.00150101,0.000175532,-0.00150101,0.000915156,0,6.01416e-07,1.86748e-08,8.38599e-17,-5.08228e-06,2.25751e-06,1.18779e-09,1.32381e-20,7.57297e-08,2.25751e-07,8.86969,94.4799,5.05385,0.487481,82.8068,0.346059,6.12191,0.0050576,0.346059,2.31593,0.0905939,8.79243,0.41331,0.00912076,8.2746,0.00865151,0.00938187,0.00823949,0.00480471,8.2746,0.00721944,1.79581,1.05314,0.000617368,0.165898,0.000865152,0.00156364,0.000346059,0.000772288,0.165898,0.501923,6.01416e-07,3.81583,0.351116
2090.2083,278.096,277.011,2.65078,0.3104,0.608214,0.00494587,0.00266204,0.0029873,0.00228382,0.000901333,3.67038e-27,5.89338e-07,6.65515e-05,7.35371e-17,-5.12548e-06,1.13574e-05,6.54819e-06,1.16573e-20,2.46964e-06,8.68766e-07,8.8206,94.4264,5.03928,0.452823,82.8336,0.33809,6.11332,0.00479954,0.33809,2.3194,0.0901708,8.79109,0.410975,0.00829828,8.27684,0.00845231,0.00937038,0.00804977,0.00481178,8.27684,0.0071897,1.79583,1.05317,0.000563337,0.165972,0.000845231,0.00156173,0.00033809,0.000773446,0.165972,0.9276,5.89338e-07,3.78132,0.34289
2090.2917,285.55,284.629,3.00116,0.251779,1.05323,0.0101086,0.00411816,0.00317876,0.00599048,0.000902241,1.42448e-26,6.10356e-07,2.19025e-05,6.78358e-17,5.26229e-05,3.79869e-05,3.17118e-06,1.07785e-20,3.7563e-06,2.7912e-06,8.85578,94.4184,5.04628,0.405546,82.8425,0.338353,6.12207,0.00494697,0.338353,2.31456,0.0903713,8.79079,0.410731,0.00727074,8.27761,0.00845886,0.00938287,0.00805602,0.00480157,8.27761,0.0072046,1.79585,1.05322,0.000496363,0.165995,0.000845887,0.00156381,0.000338353,0.000771832,0.165995,1.74356,6.10356e-07,3.8095,0.3433
2090.3750,293.643,292.303,3.12313,0.183747,2.43174,0.0145544,0.00593786,0.00296678,0.00861652,0.000924903,2.3989e-26,6.76056e-07,1.72796e-05,6.84432e-17,6.25631e-05,6.48488e-05,2.7657e-06,1.08997e-20,3.70619e-06,4.75552e-06,9.01248,94.5212,5.08558,0.364122,82.8388,0.350744,6.15705,0.00567453,0.350744,2.30581,0.0914625,8.79036,0.410316,0.00643727,8.27736,0.00876865,0.00943184,0.00835105,0.0047833,8.27736,0.00728435,1.79587,1.05324,0.00043975,0.165982,0.000876865,0.00157197,0.000350744,0.000768915,0.165982,2.84553,6.76056e-07,3.9269,0.356419
2090.4583,295.938,294.955,3.27695,0.182224,1.79223,0.0126463,0.0064828,0.00282955,0.00616353,0.000953208,1.98272e-26,7.52431e-07,2.1871e-05,7.14254e-17,5.76626e-05,5.65473e-05,2.5918e-06,1.13781e-20,3.50831e-06,4.1521e-06,9.18235,94.6648,5.13371,0.347045,82.8341,0.366252,6.19946,0.00652344,0.366252,2.30134,0.0927319,8.79041,0.409816,0.00609734,8.27699,0.00915635,0.00949143,0.00872029,0.00477404,8.27699,0.00737722,1.79589,1.0532,0.000416124,0.165968,0.000915636,0.00158191,0.000366252,0.000767426,0.165968,2.45011,7.52431e-07,4.04864,0.372776
2090.5417,293.393,293.073,3.39577,0.194202,1.39924,0.00943102,0.0061781,0.0028578,0.00325293,0.000975072,1.31686e-26,8.05248e-07,1.05643e-05,7.15497e-17,6.59891e-05,3.96533e-05,1.50511e-06,1.1403e-20,3.64046e-06,2.92178e-06,9.30557,94.7462,5.17293,0.323245,82.8253,0.378137,6.23499,0.00716645,0.378137,2.2921,0.0937051,8.79027,0.409863,0.00563506,8.27631,0.00945347,0.00954181,0.00900326,0.00475495,8.27631,0.00744862,1.79591,1.05321,0.000384046,0.165942,0.000945348,0.0015903,0.000378137,0.000764345,0.165942,1.98804,8.05248e-07,4.13263,0.385304
2090.6250,289.325,289.306,3.41519,0.198697,0.824518,0.00517613,0.00511315,0.00256927,6.29727e-05,0.000979114,5.55335e-27,8.20121e-07,6.35586e-06,7.1089e-17,6.37661e-05,1.83125e-05,1.19745e-06,1.13219e-20,3.29699e-06,1.36924e-06,9.33098,94.7384,5.18598,0.308504,82.815,0.380072,6.24943,0.00730291,0.380072,2.28396,0.0939719,8.79028,0.410756,0.00534909,8.27546,0.00950184,0.00956313,0.00904932,0.00473821,8.27546,0.00746853,1.79593,1.05327,0.000364833,0.165912,0.000950184,0.00159385,0.000380072,0.000761633,0.165912,1.2041,8.20121e-07,4.145,0.387375
2090.7083,277.224,278.295,3.16252,0.165761,0.176288,0.0011482,0.00280374,0.00136726,-0.00165554,0.000968446,3.62957e-28,7.93439e-07,1.1677e-07,7.23231e-17,3.30427e-05,3.46679e-06,3.5823e-08,1.14977e-20,1.68916e-06,3.12245e-07,9.28499,94.6809,5.17723,0.307502,82.8075,0.373805,6.24621,0.00703653,0.373805,2.281,0.0936756,8.79061,0.412048,0.00533374,8.27482,0.00934517,0.00955994,0.00890012,0.00473219,8.27482,0.00744782,1.79596,1.05333,0.00036482,0.165892,0.000934518,0.00159332,0.000373805,0.000760645,0.165892,0.339165,7.93439e-07,4.10776,0.380842
2090.7917,271.268,271.775,0.380315,0.225547,0.00455517,3.31007e-05,0.00164927,0.000593558,-0.00161617,0.000952211,0,7.47513e-07,1.78199e-08,7.35312e-17,1.30447e-05,2.37748e-06,5.42063e-09,1.16714e-20,6.55242e-07,2.37748e-07,9.22701,94.6466,5.15998,0.326707,82.8061,0.364449,6.23594,0.00662907,0.364449,2.28675,0.0931674,8.791,0.412683,0.0057269,8.27468,0.00911127,0.00954686,0.00867735,0.00474422,8.27468,0.00741221,1.79598,1.05336,0.000392925,0.16589,0.000911127,0.00159114,0.000364449,0.00076256,0.16589,0.319591,7.47513e-07,4.06704,0.371078
2090.8750,272,272.265,0,0.224565,0,0,0.00141221,0.000488729,-0.00141221,0.000936243,0,6.99744e-07,2.47683e-14,7.36402e-17,1.13985e-05,2.31751e-06,7.82273e-15,1.16714e-20,5.15407e-07,2.31752e-07,9.17602,94.631,5.14278,0.354131,82.8054,0.355257,6.22552,0.00624205,0.355257,2.29545,0.0926644,8.7914,0.413093,0.00628824,8.27459,0.00888147,0.00953343,0.0084585,0.00476235,8.27459,0.00737694,1.796,1.05338,0.000433033,0.165889,0.000888148,0.0015889,0.000355257,0.000765462,0.165889,0.141212,6.99744e-07,4.03325,0.361499
2090.9583,271.388,271.634,0,0.225069,0,0,0.00139261,0.000487824,-0.00139261,0.00092041,0,6.52789e-07,7.22622e-21,7.401e-17,6.57934e-06,2.25812e-06,1.96833e-21,1.17133e-20,4.51867e-07,2.25812e-07,9.12669,94.6159,5.12555,0.37862,82.8063,0.346152,6.21496,0.00587178,0.346152,2.30431,0.092163,8.79178,0.413419,0.00678677,8.27463,0.00865384,0.00951965,0.00824171,0.00478074,8.27463,0.00734175,1.79603,1.05339,0.000468742,0.165893,0.000865384,0.00158661,0.000346152,0.000768415,0.165893,0.240966,6.52789e-07,4.00115,0.352023
2091.0417,271.266,271.488,0,0.226331,0,0,0.00134094,0.000491053,-0.00134094,0.000905705,0,6.15397e-07,1.06987e-24,7.42311e-17,4.54328e-06,2.20299e-06,3.1688e-25,1.17339e-20,4.26778e-07,2.203e-07,9.0796,94.6007,5.10938,0.399356,82.8089,0.337702,6.20492,0.00553967,0.337702,2.31282,0.0916948,8.79214,0.41362,0.00720752,8.27482,0.00844259,0.00950642,0.00804052,0.00479837,8.27482,0.00730885,1.79605,1.0534,0.00049866,0.165901,0.000844259,0.0015844,0.000337702,0.000771252,0.165901,0.178104,6.15397e-07,3.97022,0.343241
2091.1250,271.596,271.732,0,0.286211,0,0,0.00150744,0.000777955,-0.00150744,0.000891352,0,5.82937e-07,1.6058e-05,7.41487e-17,-1.17854e-06,2.14924e-06,1.12413e-06,1.1709e-20,6.1877e-07,2.14924e-07,9.03072,94.5823,5.09343,0.41769,82.8126,0.329462,6.1949,0.00522665,0.329462,2.32128,0.0912352,8.79246,0.413718,0.00757772,8.27511,0.00823658,0.00949309,0.00784432,0.00481585,8.27511,0.00727652,1.79607,1.05341,0.000524879,0.165913,0.000823659,0.00158218,0.000329462,0.000774071,0.165913,0.41464,5.82937e-07,3.93729,0.334688
2091.2083,278.287,277.643,1.47595,0.425866,0.492337,0.00381321,0.00262185,0.00287257,0.00119135,0.00087819,3.26875e-27,5.6921e-07,7.34046e-05,6.38365e-17,4.21527e-05,9.83348e-06,7.68308e-06,1.01279e-20,3.28571e-06,7.57473e-07,8.97982,94.522,5.07908,0.396458,82.8231,0.321895,6.18608,0.00495625,0.321895,2.3226,0.0908167,8.7909,0.412203,0.00707818,8.27598,0.00804743,0.00948133,0.00766418,0.00481847,8.27598,0.00724706,1.79609,1.05347,0.0004922,0.165942,0.000804743,0.00158022,0.000321895,0.000774513,0.165942,1.00787,5.6921e-07,3.90074,0.326852
2091.2917,287.594,286.742,2.86584,0.214832,1.57608,0.0112461,0.00454582,0.00290556,0.00670033,0.000883154,1.61971e-26,6.03301e-07,9.94674e-06,6.25453e-17,5.9619e-05,4.10964e-05,1.52725e-06,9.95235e-21,3.6147e-06,3.01196e-06,9.01035,94.5052,5.09067,0.357389,82.8217,0.324485,6.19777,0.00516386,0.324485,2.31568,0.0910501,8.79007,0.412087,0.00625691,8.27587,0.00811218,0.00949794,0.00772584,0.00480396,8.27587,0.0072642,1.79611,1.05353,0.000436496,0.165938,0.000811218,0.00158299,0.000324485,0.000772206,0.165938,2.088,6.03301e-07,3.91969,0.329649
2091.3750,296.844,295.055,3.02452,0.133641,2.56493,0.0139136,0.00628984,0.00228419,0.00762373,0.000912542,2.27915e-26,6.8054e-07,2.5077e-07,6.64662e-17,4.92716e-05,5.99798e-05,4.29024e-08,1.05708e-20,2.83961e-06,4.39029e-06,9.15516,94.6168,5.13767,0.335157,82.8161,0.340726,6.23775,0.00599283,0.340726,2.31041,0.0921574,8.79032,0.412149,0.00581802,8.27541,0.0085182,0.00955393,0.00811253,0.00479294,8.27541,0.00734486,1.79613,1.05352,0.000405039,0.165922,0.000851821,0.00159232,0.000340726,0.000770447,0.165922,2.96096,6.8054e-07,4.01749,0.346719
2091.4583,299.347,298.331,3.18482,0.198,2.08444,0.0119815,0.00688141,0.00310583,0.00510005,0.000942011,1.86244e-26,7.71685e-07,5.89738e-05,6.79776e-17,6.85324e-05,5.20604e-05,6.35529e-06,1.08165e-20,3.91939e-06,3.81587e-06,9.28064,94.7173,5.18534,0.320309,82.8109,0.35698,6.27859,0.00679132,0.35698,2.30547,0.0932529,8.79029,0.411725,0.00553569,8.27499,0.00892456,0.00961144,0.00849953,0.00478272,8.27499,0.00742472,1.79615,1.05349,0.000383543,0.165907,0.000892456,0.00160191,0.00035698,0.0007688,0.165907,2.94026,7.71685e-07,4.09531,0.363772
2091.5417,292.549,292.378,3.31175,0.291364,1.06089,0.0087765,0.00603157,0.00371009,0.00274493,0.000965298,1.2365e-26,8.31863e-07,8.16626e-05,6.13359e-17,0.00010597,3.65538e-05,1.13991e-05,9.81239e-21,4.97015e-06,2.6893e-06,9.37911,94.7547,5.22471,0.290332,82.7942,0.369745,6.31318,0.00739989,0.369745,2.29105,0.0941221,8.78804,0.410621,0.00494848,8.2736,0.00924367,0.0096606,0.00880346,0.00475292,8.2736,0.00748825,1.79617,1.05354,0.000343771,0.16586,0.000924368,0.0016101,0.000369745,0.000763996,0.16586,1.83992,8.31863e-07,4.1544,0.377145
2091.6250,288.923,289.071,3.33508,0.281674,0.649607,0.00474764,0.00490828,0.00313466,-0.000160645,0.000969963,4.97279e-27,8.3827e-07,6.2186e-05,5.86625e-17,9.60595e-05,1.62775e-05,8.43973e-06,9.41382e-21,4.22368e-06,1.21885e-06,9.39254,94.712,5.23747,0.27059,82.7721,0.37208,6.32673,0.00750563,0.37208,2.2767,0.094336,8.78601,0.410697,0.00455392,8.2717,0.00930206,0.00968074,0.00885906,0.00472329,8.2717,0.00750414,1.79619,1.05363,0.000318681,0.165802,0.000930206,0.00161346,0.00037208,0.000759211,0.165802,1.05043,8.3827e-07,4.15507,0.379586
2091.7083,275.811,276.821,1.8466,0.286247,0.112138,0.000830296,0.00243204,0.00158272,-0.00160175,0.000958747,2.26085e-28,8.05247e-07,7.9742e-06,5.96606e-17,4.82598e-05,3.00881e-06,1.15503e-06,9.56106e-21,2.06728e-06,2.79664e-07,9.34376,94.6397,5.22732,0.268372,82.7573,0.365534,6.32204,0.00719777,0.365534,2.27035,0.0939973,8.78543,0.411837,0.00451099,8.27037,0.0091384,0.00967559,0.0087032,0.00471026,8.27037,0.00748033,1.79622,1.05372,0.000317362,0.165765,0.000913841,0.0016126,0.000365534,0.000757095,0.165765,0.496548,8.05247e-07,4.11644,0.372732
2091.7917,272.119,272.448,0,0.28154,0,0,0.00164897,0.000712844,-0.00164897,0.000942796,0,7.64176e-07,1.27946e-07,6.12845e-17,2.38101e-05,2.32468e-06,2.91864e-08,9.79704e-21,8.80882e-07,2.32468e-07,9.28625,94.6027,5.21009,0.289085,82.7516,0.356355,6.31157,0.00677928,0.356355,2.27569,0.0934943,8.78576,0.412781,0.00493374,8.26983,0.00890892,0.00966227,0.00848464,0.00472146,8.26983,0.00744504,1.79624,1.05376,0.000348335,0.165753,0.000890892,0.00161038,0.000356355,0.000758875,0.165753,0.317295,7.64176e-07,4.07616,0.363134
2091.8750,270.733,271.073,0,0.27763,0,0,0.00140094,0.000416367,-0.00140094,0.000927163,0,7.18837e-07,2.30607e-12,6.3497e-17,1.214e-05,2.26605e-06,5.85464e-13,1.01308e-20,4.73369e-07,2.26605e-07,9.23415,94.5824,5.19299,0.315298,82.749,0.347367,6.30103,0.00638349,0.347367,2.2839,0.0929985,8.78615,0.413379,0.00547193,8.26956,0.00868423,0.0096487,0.00827065,0.00473856,8.26956,0.00741023,1.79626,1.05378,0.000386703,0.165748,0.000868423,0.00160812,0.000347367,0.00076161,0.165748,0.276271,7.18837e-07,4.04116,0.353751
2091.9583,271.281,271.447,0,0.27763,0,0,0.00140685,0.000374353,-0.00140685,0.000911662,0,6.78394e-07,2.11449e-18,6.44496e-17,8.17876e-06,2.20797e-06,5.51362e-19,1.02674e-20,3.76008e-07,2.20797e-07,9.18365,94.5688,5.17587,0.343376,82.7486,0.338464,6.29034,0.00600483,0.338464,2.29318,0.0925041,8.78653,0.413723,0.0060525,8.26949,0.00846164,0.00963478,0.00805867,0.00475784,8.26949,0.00737548,1.79628,1.05379,0.000427213,0.165749,0.000846165,0.0016058,0.000338464,0.000764704,0.165749,0.405365,6.78394e-07,4.00778,0.344469
2092.0417,270.945,271.127,0,0.27763,0,0,0.00141219,0.00036074,-0.00141219,0.000897265,0,6.50397e-07,9.26412e-21,6.51353e-17,6.60142e-06,2.15407e-06,2.43566e-21,1.03631e-20,3.41334e-07,2.15407e-07,9.13492,94.5549,5.15979,0.368704,82.7491,0.330202,6.28018,0.0056652,0.330202,2.30212,0.0920425,8.78688,0.413983,0.00657612,8.2695,0.00825509,0.00962141,0.00786195,0.00477636,8.2695,0.00734299,1.7963,1.0538,0.000463823,0.165751,0.000825509,0.00160357,0.000330202,0.000767683,0.165751,0.510548,6.50397e-07,3.97512,0.335867
2092.1250,272.032,271.989,0.471038,0.316637,0.0441293,0.000390952,0.00169076,0.00102416,-0.00129981,0.000883212,0,6.32869e-07,2.26258e-05,6.51059e-17,-1.00076e-05,2.10151e-06,1.27959e-06,1.03485e-20,7.18429e-07,2.10151e-07,9.08339,94.5344,5.14393,0.387239,82.753,0.322145,6.27003,0.00534509,0.322145,2.31077,0.0915892,8.78714,0.414007,0.00695097,8.2698,0.00805366,0.00960795,0.00767011,0.00479423,8.2698,0.00731107,1.79632,1.05381,0.000489801,0.165763,0.000805366,0.00160132,0.000322145,0.000770566,0.165763,0.728968,6.32869e-07,3.93946,0.32749
2092.2083,274.491,274.034,2.15864,0.351299,0.3464,0.00323703,0.00215523,0.00201406,0.0010818,0.000870167,1.80384e-27,6.22933e-07,2.56306e-05,5.95022e-17,3.10955e-05,6.21575e-06,2.79893e-06,9.48231e-21,2.24285e-06,4.94553e-07,9.03061,94.4717,5.12926,0.360584,82.768,0.314665,6.26068,0.00505828,0.314665,2.31253,0.0911623,8.78626,0.412955,0.00632998,8.27101,0.00786666,0.00959547,0.00749201,0.00479777,8.27101,0.00728089,1.79634,1.05386,0.000447418,0.165806,0.000786666,0.00159925,0.000314665,0.000771154,0.165806,0.965877,6.22933e-07,3.90135,0.319723
2092.2917,284.097,282.972,2.64321,0.223888,1.30447,0.00984752,0.00406801,0.00249929,0.00577952,0.000874598,1.56888e-26,6.40999e-07,7.56436e-06,5.86443e-17,4.84439e-05,3.89587e-05,1.04414e-06,9.34892e-21,2.99082e-06,2.84232e-06,9.04177,94.4613,5.13741,0.34053,82.7683,0.317078,6.26813,0.00516782,0.317078,2.31075,0.0912542,8.78622,0.413266,0.00590404,8.27101,0.007927,0.00960621,0.00754948,0.00479394,8.27101,0.00728761,1.79636,1.0539,0.000418006,0.165809,0.0007927,0.00160104,0.000317078,0.000770561,0.165809,1.876,6.40999e-07,3.90436,0.322246
2092.3750,294.589,293.033,3.01409,0.131506,2.34378,0.0142691,0.00613693,0.00204349,0.00813219,0.000914727,2.59757e-26,7.09163e-07,1.50255e-08,6.20337e-17,4.15668e-05,6.79413e-05,2.96786e-09,9.88605e-21,2.45339e-06,4.94808e-06,9.18011,94.5751,5.19272,0.322562,82.765,0.339651,6.31069,0.00605803,0.339651,2.30748,0.0924304,8.7865,0.413035,0.00554948,8.2707,0.00849133,0.00966575,0.00808694,0.00478707,8.2707,0.00737265,1.79638,1.05387,0.00039168,0.165801,0.000849133,0.00161096,0.000339651,0.000769471,0.165801,2.76447,7.09163e-07,3.98739,0.345709
2092.4583,297.304,295.967,3.24604,0.137134,1.88526,0.0110817,0.00622365,0.00206336,0.00485804,0.000956564,1.83782e-26,7.77695e-07,1.53789e-06,6.45042e-17,3.81488e-05,5.2404e-05,2.00249e-07,1.02777e-20,2.42427e-06,3.82286e-06,9.31847,94.7032,5.25096,0.315683,82.763,0.363143,6.35585,0.00695108,0.363143,2.30599,0.0936832,8.78685,0.412425,0.00542421,8.27053,0.00907862,0.00972928,0.00864626,0.00478402,8.27053,0.00746338,1.7964,1.05381,0.000380257,0.165796,0.000907863,0.00162155,0.000363143,0.000768974,0.165796,2.36033,7.77695e-07,4.06752,0.370094
2092.5417,294.916,294.32,3.41048,0.126917,1.26235,0.00744533,0.00556238,0.00180387,0.00188295,0.000986008,1.06208e-26,8.20139e-07,7.76663e-07,6.576e-17,3.48626e-05,3.26725e-05,1.23533e-07,1.04757e-20,2.11598e-06,2.39487e-06,9.40814,94.7794,5.29357,0.30797,82.7606,0.3796,6.38985,0.00754001,0.3796,2.30276,0.0945759,8.78719,0.412216,0.00529046,8.27033,0.00949005,0.00977767,0.0090381,0.00477745,8.27033,0.00752811,1.79642,1.05379,0.000368008,0.165789,0.000949006,0.00162961,0.0003796,0.000767897,0.165789,1.53929,8.20139e-07,4.11458,0.38714
2092.6250,288.963,289.008,3.41247,0.135612,0.56767,0.00410075,0.00437076,0.00158156,-0.000270013,0.000986701,4.56951e-27,8.06765e-07,5.89072e-09,6.63789e-17,2.62515e-05,1.55316e-05,2.13431e-09,1.05662e-20,1.77298e-06,1.15699e-06,9.39119,94.7671,5.29865,0.312304,82.76,0.379801,6.39619,0.00747908,0.379801,2.3036,0.0945874,8.78758,0.412543,0.00538823,8.27028,0.00949506,0.00978783,0.00904287,0.00477937,8.27028,0.00752901,1.79645,1.0538,0.000372711,0.165788,0.000949507,0.00163131,0.000379801,0.000768178,0.165788,0.843345,8.06765e-07,4.09255,0.38728
2092.7083,279.695,280.682,3.17151,0.136755,0.139884,0.00108527,0.00283149,0.00124141,-0.00174622,0.000976745,2.37854e-28,7.72079e-07,8.08158e-09,6.62977e-17,2.01196e-05,3.11596e-06,2.83916e-09,1.05441e-20,1.37513e-06,2.88679e-07,9.34124,94.7253,5.28967,0.318175,82.7605,0.373988,6.39207,0.00718815,0.373988,2.30541,0.0942717,8.78797,0.413092,0.00551425,8.27031,0.00934973,0.00978345,0.00890447,0.00478326,8.27031,0.00750676,1.79647,1.05384,0.000380669,0.165789,0.000934974,0.00163057,0.000373988,0.00076878,0.165789,0.288365,7.72079e-07,4.05157,0.381176
2092.7917,270.769,271.705,0.388592,0.150452,0.00685408,3.44944e-05,0.00168607,0.000664684,-0.00165158,0.000960419,0,7.26651e-07,8.88082e-11,6.6427e-17,1.13332e-05,2.37839e-06,3.37782e-11,1.05537e-20,7.04997e-07,2.37839e-07,9.28092,94.6846,5.27211,0.33185,82.7616,0.364589,6.38146,0.00676969,0.364589,2.31025,0.0937595,8.78835,0.413621,0.00579508,8.27038,0.00911476,0.00976991,0.00868068,0.0047934,8.27038,0.00747085,1.79649,1.05387,0.000400563,0.165793,0.000911477,0.00162832,0.000364589,0.000770393,0.165793,0.332142,7.26651e-07,4.0088,0.371358
2092.8750,271.101,271.441,0,0.11848,0,0,0.00150755,0.000333875,-0.00150755,0.000944431,0,6.90513e-07,1.2036e-24,6.67893e-17,6.13966e-06,2.3184e-06,4.80447e-25,1.05991e-20,3.07053e-07,2.31841e-07,9.22809,94.6689,5.25472,0.359489,82.7621,0.355393,6.3708,0.00637446,0.355393,2.31921,0.0932554,8.78874,0.4139,0.00636804,8.27041,0.00888488,0.00975616,0.00846175,0.00481205,8.27041,0.00743548,1.79652,1.05388,0.000440507,0.165796,0.000888489,0.00162603,0.000355393,0.000773379,0.165796,0.545015,6.90513e-07,3.97337,0.361768
2092.9583,270.082,270.513,0,0.121237,0,0,0.00124326,0.000363331,-0.00124326,0.00092858,0,6.56653e-07,6.61435e-27,6.66146e-17,3.81259e-06,2.25898e-06,2.67849e-27,1.05589e-20,3.02132e-07,2.25899e-07,9.17871,94.658,5.2373,0.386855,82.7636,0.346284,6.35999,0.00599633,0.346284,2.32886,0.0927528,8.78913,0.414108,0.00693289,8.2705,0.00865716,0.00974205,0.00824487,0.00483207,8.2705,0.00740017,1.79654,1.05389,0.000480241,0.165801,0.000865716,0.00162368,0.000346284,0.000776595,0.165801,0.165994,6.56653e-07,3.94142,0.352281
2093.0417,269.827,270.161,0,0.125385,0,0,0.00133859,0.000351881,-0.00133859,0.000913857,0,6.16016e-07,6.91317e-41,6.66176e-17,1.65825e-06,2.20384e-06,2.44569e-41,1.05485e-20,2.65658e-07,2.20384e-07,9.13258,94.6479,5.22094,0.410975,82.7662,0.337831,6.34972,0.00565719,0.337831,2.33812,0.0922835,8.78949,0.414223,0.00743026,8.2707,0.00844583,0.00972851,0.0080436,0.00485125,8.2707,0.00736717,1.79656,1.0539,0.000514871,0.165809,0.000844583,0.00162142,0.000337831,0.000779681,0.165809,0.209371,6.16016e-07,3.91163,0.343488
2093.1250,271.662,271.748,0,0.139322,0,0,0.00152563,0.000391555,-0.00152563,0.000899486,0,5.8813e-07,3.1525e-09,6.65391e-17,-9.49035e-07,2.15006e-06,2.18853e-10,1.05257e-20,2.67689e-07,2.15007e-07,9.08348,94.6341,5.20481,0.433784,82.7694,0.329588,6.33946,0.00533753,0.329588,2.34743,0.0918229,8.78984,0.414294,0.00790045,8.27095,0.00823975,0.00971487,0.00784733,0.00487051,8.27095,0.00733475,1.79658,1.05391,0.000547534,0.165819,0.000823975,0.00161914,0.000329588,0.000782787,0.165819,0.54083,5.8813e-07,3.87867,0.334926
2093.2083,280.002,279.371,2.23844,0.285219,0.599064,0.00490554,0.00293709,0.00289012,0.00196844,0.000888589,4.29991e-27,5.78365e-07,5.91667e-05,5.88852e-17,2.85677e-05,1.2378e-05,6.36264e-06,9.34708e-21,3.01533e-06,9.2756e-07,9.03702,94.5829,5.19284,0.413147,82.7823,0.32333,6.33203,0.00509749,0.32333,2.35041,0.0914565,8.78878,0.413027,0.00740399,8.27201,0.0080833,0.00970503,0.00769834,0.00487656,8.27201,0.00730882,1.7966,1.05395,0.000515678,0.165855,0.000808331,0.0016175,0.00032333,0.00078378,0.165855,1.0076,5.78365e-07,3.84419,0.328428
2093.2917,287.436,286.492,2.91487,0.185924,1.42178,0.0103347,0.00456099,0.0026533,0.00577367,0.000899564,1.63705e-26,6.02073e-07,4.28992e-06,5.93918e-17,4.78588e-05,4.2355e-05,6.945e-07,9.44315e-21,3.15746e-06,3.0792e-06,9.06106,94.5682,5.20785,0.375766,82.7853,0.329518,6.3435,0.00529688,0.329518,2.34606,0.0917125,8.78855,0.413113,0.0065976,8.27226,0.008238,0.00972136,0.00784568,0.00486739,8.27226,0.00732704,1.79662,1.05399,0.000461946,0.165864,0.000823801,0.00162023,0.000329518,0.000782329,0.165864,1.87858,6.02073e-07,3.85321,0.334815
2093.3750,295.445,294.008,3.14482,0.128719,2.1923,0.013172,0.00602692,0.00205215,0.00714507,0.000940867,2.33236e-26,6.71125e-07,1.54845e-07,6.26257e-17,3.62829e-05,6.38416e-05,3.12e-08,9.95817e-21,2.42545e-06,4.63643e-06,9.18667,94.6708,5.26069,0.356686,82.7839,0.352931,6.38175,0.00608435,0.352931,2.34347,0.0928643,8.78888,0.412782,0.00621699,8.27215,0.00882331,0.00977496,0.00840311,0.00486193,8.27215,0.00740995,1.79664,1.05396,0.000434508,0.16586,0.000882332,0.00162916,0.000352931,0.000781466,0.16586,2.60269,6.71125e-07,3.92598,0.359015
2093.4583,299.41,298.04,3.35772,0.140565,1.56829,0.00919599,0.00601957,0.00224736,0.00317641,0.000978722,1.42072e-26,7.35012e-07,8.65924e-06,6.47392e-17,3.76471e-05,4.23038e-05,1.20991e-06,1.02969e-20,2.64791e-06,3.08249e-06,9.2949,94.7676,5.30986,0.347083,82.7838,0.374339,6.41784,0.00677439,0.374339,2.34185,0.0939476,8.78922,0.412211,0.00603758,8.27217,0.00935853,0.00982588,0.00891284,0.0048586,8.27217,0.00748805,1.79666,1.05392,0.000419504,0.165858,0.000935853,0.00163765,0.000374339,0.000780926,0.165858,2.18933,7.35012e-07,3.98503,0.381114
2093.5417,291.934,291.853,3.49297,0.227587,1.12044,0.00878546,0.00588427,0.00326633,0.00290119,0.0010026,1.30983e-26,7.74999e-07,3.4926e-05,6.19061e-17,7.30896e-05,4.06453e-05,5.30982e-06,9.86842e-21,4.1117e-06,2.96794e-06,9.35586,94.7891,5.34225,0.321729,82.7783,0.38779,6.44245,0.00716841,0.38779,2.3332,0.094639,8.78862,0.411831,0.00554792,8.27176,0.00969479,0.00986113,0.00923309,0.00484072,8.27176,0.00753795,1.79669,1.05395,0.000384769,0.165841,0.00096948,0.00164352,0.00038779,0.000778041,0.165841,1.71895,7.74999e-07,4.01361,0.394958
2093.6250,288.391,288.496,3.55985,0.193315,0.815916,0.00524038,0.00490237,0.00249256,0.000338003,0.00101449,6.16864e-27,7.85685e-07,7.86223e-06,6.19905e-17,5.90307e-05,2.09001e-05,1.37733e-06,9.88122e-21,3.14215e-06,1.54715e-06,9.3826,94.7809,5.36005,0.304713,82.7687,0.394404,6.45699,0.00731498,0.394404,2.32489,0.0949816,8.78845,0.412465,0.00521961,8.27096,0.00986016,0.00988252,0.00939058,0.00482358,8.27096,0.0075628,1.79671,1.054,0.000362528,0.165813,0.000986016,0.00164709,0.000394404,0.000775271,0.165813,1.1469,7.85685e-07,4.02255,0.401719
2093.7083,276.624,277.447,2.07516,0.332058,0.0855477,0.00082471,0.00258665,0.00178075,-0.00176194,0.00100502,3.1723e-28,7.6303e-07,1.11038e-05,6.05983e-17,4.13825e-05,3.47764e-06,2.18077e-06,9.64773e-21,2.19973e-06,3.17058e-07,9.34,94.727,5.35148,0.302664,82.7623,0.388874,6.45305,0.00703939,0.388874,2.32196,0.0946809,8.78862,0.41352,0.00518521,8.27042,0.00972189,0.00987829,0.0092589,0.00481763,8.27042,0.0075417,1.79673,1.05406,0.000361025,0.165796,0.000972189,0.00164638,0.000388874,0.000774297,0.165796,0.635698,7.6303e-07,3.98852,0.395913
2093.7917,267.438,268.179,0,0.204074,0,0,0.00143267,0.000225887,-0.00143267,0.000988082,0,7.30109e-07,2.82358e-09,6.42342e-17,8.11959e-06,2.47312e-06,7.15681e-10,1.02146e-20,2.77258e-07,2.47312e-07,9.28366,94.693,5.33349,0.323027,82.7592,0.379111,6.44234,0.00662985,0.379111,2.32714,0.0941544,8.78886,0.414138,0.00560948,8.27012,0.00947781,0.00986456,0.00902644,0.00482845,8.27012,0.00750484,1.79676,1.0541,0.000391191,0.165789,0.000947782,0.00164409,0.000379111,0.000776023,0.165789,0.350928,7.30109e-07,3.95017,0.38574
2093.8750,269.752,269.971,0,0.182381,0,0,0.0013459,9.83515e-05,-0.0013459,0.000971475,0,6.84505e-07,0,6.67668e-17,2.61738e-06,2.41075e-06,0,1.06069e-20,9.25536e-08,2.41075e-07,9.23424,94.6913,5.31566,0.36081,82.7587,0.369549,6.43159,0.00624278,0.369549,2.33759,0.0936358,8.78926,0.414302,0.00640541,8.27007,0.00923877,0.0098506,0.00879879,0.00485016,8.27007,0.0074685,1.79678,1.0541,0.000444723,0.165788,0.000923878,0.00164177,0.000369549,0.000779505,0.165788,0.175452,6.84505e-07,3.91859,0.375792
2093.9583,271.889,272.012,0,0.182381,0,0,0.00140747,0.000115212,-0.00140747,0.00095501,0,6.40953e-07,0,6.64735e-17,2.18937e-06,2.34896e-06,0,1.05503e-20,9.02573e-08,2.34896e-07,9.18366,94.6884,5.29779,0.397711,82.7588,0.360077,6.42067,0.00587246,0.360077,2.34824,0.0931189,8.78966,0.414419,0.00718288,8.27007,0.00900198,0.00983628,0.00857327,0.00487226,8.27007,0.00743224,1.79681,1.0541,0.000497167,0.165789,0.000900198,0.00163938,0.000360077,0.000783057,0.165789,0.208826,6.40953e-07,3.88587,0.36595
2094.0417,271.018,271.172,0,0.182381,0,0,0.00135386,0.000121624,-0.00135386,0.000939717,0,6.03116e-07,0,6.61321e-17,1.86978e-06,2.29162e-06,0,1.04865e-20,8.62062e-08,2.29162e-07,9.13649,94.6854,5.28102,0.431281,82.7593,0.351288,6.4103,0.00554032,0.351288,2.35836,0.0926362,8.79004,0.414519,0.00788994,8.2701,0.00878223,0.00982254,0.00836399,0.00489319,8.2701,0.00739835,1.79683,1.0541,0.000545117,0.165791,0.000878224,0.00163709,0.000351287,0.000786429,0.165791,0.283011,6.03116e-07,3.85547,0.356828
2094.1250,271.234,271.354,0,0.182381,0,0,0.00139808,0.000127363,-0.00139808,0.000924791,0,5.73918e-07,0,6.59562e-17,1.57112e-06,2.2357e-06,0,1.04491e-20,8.2989e-08,2.23571e-07,9.0879,94.6799,5.26449,0.463596,82.76,0.342716,6.39995,0.00522727,0.342716,2.36846,0.0921627,8.7904,0.414609,0.0085709,8.27014,0.00856794,0.0098087,0.0081599,0.00491405,8.27014,0.00736505,1.79685,1.05411,0.000591449,0.165794,0.000856795,0.00163478,0.000342716,0.000789796,0.165794,0.331247,5.73918e-07,3.82341,0.347943
2094.2083,275.36,274.676,0.938717,0.33711,0.341098,0.00259317,0.00223667,0.00190802,0.0003565,0.000910587,2.45968e-27,5.50829e-07,6.23782e-05,6.21722e-17,-1.94781e-05,8.23644e-06,6.01914e-06,9.86264e-21,1.32757e-06,6.44813e-07,9.0373,94.6596,5.2487,0.47549,82.7698,0.334563,6.39002,0.00493944,0.334563,2.37707,0.0917089,8.7899,0.413526,0.00877798,8.27095,0.00836413,0.00979535,0.00796579,0.00493177,8.27095,0.00733312,1.79687,1.05411,0.000605804,0.165821,0.000836413,0.00163256,0.000334563,0.000792666,0.165821,0.719044,5.50829e-07,3.7886,0.339503
2094.2917,289.458,288.214,3.01346,0.241298,1.8063,0.0120757,0.00501042,0.00370731,0.00706524,0.000919566,1.76854e-26,5.87042e-07,2.30636e-05,5.56858e-17,5.70647e-05,4.68288e-05,4.1481e-06,8.89065e-21,4.28409e-06,3.4073e-06,9.0636,94.6325,5.26166,0.404329,82.7928,0.339601,6.4003,0.00512448,0.339601,2.37174,0.0919785,8.78812,0.411164,0.00717356,8.27288,0.00849007,0.00980995,0.00808574,0.00492053,8.27288,0.00735261,1.79689,1.05416,0.000499842,0.165885,0.000849007,0.00163499,0.000339601,0.000790888,0.165885,2.41887,5.87042e-07,3.80195,0.344725
2094.3750,294.604,293.591,3.24293,0.241135,2.12619,0.0150222,0.00660315,0.00393047,0.00841909,0.000960583,2.51659e-26,6.781e-07,3.84369e-05,5.62433e-17,8.08472e-05,7.0402e-05,5.61885e-06,9.0033e-21,4.9368e-06,5.12129e-06,9.20925,94.7121,5.31477,0.35243,82.7899,0.362823,6.43917,0.00593813,0.362823,2.36053,0.0932645,8.78768,0.410703,0.00613287,8.27268,0.00907061,0.00986432,0.00863864,0.00489715,8.27268,0.00744545,1.79691,1.05417,0.000428261,0.165874,0.000907062,0.00164405,0.000362823,0.000787151,0.165874,3.0224,6.781e-07,3.89447,0.368761
2094.4583,295.81,295.191,3.5346,0.197063,2.1213,0.0141397,0.00717767,0.00326605,0.00696202,0.00101196,2.25954e-26,7.74664e-07,1.47463e-05,5.75741e-17,7.7322e-05,6.85929e-05,1.9611e-06,9.23028e-21,4.21425e-06,4.99724e-06,9.39219,94.8343,5.38145,0.315961,82.7787,0.391893,6.48805,0.00692787,0.391893,2.3475,0.0948937,8.78723,0.410252,0.00542067,8.27179,0.00979737,0.00993292,0.00933079,0.00487011,8.27179,0.00756342,1.79693,1.05416,0.0003791,0.165842,0.000979738,0.00165549,0.000391893,0.000782808,0.165842,2.81616,7.74664e-07,4.01074,0.398821
2094.5417,293.154,292.856,3.72356,0.240859,1.28549,0.00937475,0.00641499,0.00333278,0.00295976,0.00104495,1.28183e-26,8.23598e-07,4.74458e-05,5.67914e-17,8.71887e-05,4.20686e-05,6.19413e-06,9.11248e-21,4.35635e-06,3.07716e-06,9.50448,94.9013,5.42596,0.295773,82.7651,0.410475,6.52175,0.00751615,0.410475,2.33595,0.0959499,8.78669,0.410198,0.00502895,8.27067,0.0102619,0.00998085,0.00977322,0.00484626,8.27067,0.00764,1.79696,1.05417,0.000351852,0.165803,0.00102619,0.00166348,0.000410475,0.000778959,0.165803,1.94453,8.23598e-07,4.07852,0.417991
2094.6250,288.177,288.391,3.77831,0.171459,0.903176,0.00540094,0.00499876,0.00226529,0.000402186,0.00105466,5.78403e-27,8.36264e-07,3.57841e-06,5.75613e-17,5.95513e-05,2.07806e-05,6.10161e-07,9.23334e-21,2.88206e-06,1.54283e-06,9.52845,94.892,5.44179,0.285795,82.7511,0.41582,6.53538,0.00762503,0.41582,2.32661,0.0962732,8.78629,0.410883,0.00483392,8.26947,0.0103955,0.0100011,0.00990047,0.00482701,8.26947,0.00766362,1.79698,1.05423,0.000338899,0.165766,0.00103955,0.00166685,0.00041582,0.000775844,0.165766,1.09959,8.36264e-07,4.08666,0.423445
2094.7083,276.826,277.896,3.13011,0.174984,0.140595,0.0010105,0.0027151,0.0014319,-0.0017046,0.00104369,1.70464e-28,8.01032e-07,2.54406e-07,5.84565e-17,3.06974e-05,3.2012e-06,5.11665e-08,9.35693e-21,1.68909e-06,3.01569e-07,9.48531,94.8504,5.4319,0.293182,82.7457,0.409408,6.53086,0.00732142,0.409408,2.3262,0.0959415,8.78672,0.41198,0.0049867,8.26898,0.0102353,0.00999618,0.00974782,0.00482632,8.26898,0.00764043,1.79701,1.05428,0.000349726,0.165753,0.00102353,0.00166603,0.000409408,0.000775709,0.165753,0.366246,8.01032e-07,4.05341,0.41673
2094.7917,269.655,270.293,0,0.319521,0,0,0.00147403,0.000318773,-0.00147403,0.00102585,0,7.57596e-07,2.82842e-10,6.04715e-17,1.02765e-05,2.60363e-06,8.01335e-11,9.66394e-21,3.69789e-07,2.60363e-07,9.42824,94.8208,5.41327,0.316266,82.7441,0.399117,6.52001,0.00689506,0.399117,2.3322,0.0953928,8.78713,0.412626,0.00546468,8.26881,0.00997796,0.00998233,0.00950278,0.00483886,8.26881,0.00760207,1.79703,1.05431,0.000383186,0.16575,0.000997796,0.00166372,0.000399117,0.000777707,0.16575,0.263811,7.57596e-07,4.01497,0.406012
2094.8750,269.961,270.304,0,0.318275,0,0,0.00134132,0.00021388,-0.00134132,0.00100839,0,7.07064e-07,1.43146e-25,6.11908e-17,5.66623e-06,2.53796e-06,4.04201e-26,9.76692e-21,2.09577e-07,2.53797e-07,9.37937,94.8181,5.39483,0.352906,82.7434,0.38905,6.50912,0.00649251,0.38905,2.34236,0.094853,8.78755,0.412885,0.00622902,8.26873,0.00972631,0.00996827,0.00926311,0.00486,8.26873,0.00756431,1.79706,1.05432,0.000435558,0.165749,0.000972631,0.00166138,0.00038905,0.000781094,0.165749,0.148236,7.07064e-07,3.98454,0.395543
2094.9583,269.736,270.006,0,0.318275,0,0,0.00128115,0.000193283,-0.00128115,0.000991082,0,6.59683e-07,2.06447e-32,6.19593e-17,3.74688e-06,2.47291e-06,6.31565e-33,9.87836e-21,1.63123e-07,2.47292e-07,9.33026,94.8159,5.37636,0.389169,82.7436,0.379079,6.49808,0.00610738,0.379079,2.35284,0.0943152,8.78798,0.413072,0.0069863,8.26872,0.00947702,0.00995385,0.00902569,0.00488177,8.26872,0.00752664,1.79708,1.05432,0.00048744,0.165751,0.000947702,0.00165897,0.000379079,0.000784589,0.165751,0.133258,6.59683e-07,3.9539,0.385186
2095.0417,269.567,269.799,0,0.318275,0,0,0.00126374,0.000184975,-0.00126374,0.000975006,0,6.16117e-07,0,6.2479e-17,2.70102e-06,2.41255e-06,0,9.95113e-21,1.39756e-07,2.41255e-07,9.28517,94.8148,5.35903,0.422542,82.7443,0.369825,6.48758,0.00576195,0.369825,2.36286,0.0938131,8.78837,0.413207,0.00768391,8.26876,0.00924567,0.00994001,0.00880536,0.00490252,8.26876,0.00749145,1.79711,1.05432,0.000535258,0.165754,0.000924568,0.00165667,0.000369825,0.000787928,0.165754,0.168474,6.16117e-07,3.92614,0.375587
2095.1250,270.583,270.716,0,0.318275,0,0,0.00142678,0.000189765,-0.00142678,0.000959315,0,5.84812e-07,0,6.25923e-17,2.23721e-06,2.35368e-06,0,9.95954e-21,1.33855e-07,2.35368e-07,9.23739,94.8103,5.34195,0.454727,82.7453,0.360801,6.4771,0.00543637,0.360801,2.37288,0.0933205,8.78875,0.413317,0.00835718,8.26883,0.00902007,0.00992606,0.0085905,0.00492324,8.26883,0.00745688,1.79713,1.05433,0.000581499,0.165757,0.000902008,0.00165434,0.000360801,0.00079127,0.165757,0.497689,5.84812e-07,3.89543,0.366237
2095.2083,274.795,274.171,1.31314,0.57432,0.311559,0.00284464,0.00222308,0.00226554,0.000621562,0.00094413,1.86983e-27,5.80417e-07,7.13029e-05,5.77698e-17,-1.68938e-05,7.14866e-06,5.98159e-06,9.21413e-21,1.74842e-06,5.71688e-07,9.18539,94.7762,5.32547,0.44753,82.7636,0.352068,6.46703,0.00513588,0.352068,2.37973,0.0928477,8.78802,0.411749,0.00813667,8.27034,0.00880173,0.00991257,0.00838256,0.00493731,8.27034,0.00742366,1.79715,1.05434,0.000566076,0.165808,0.000880174,0.00165209,0.000352067,0.000793551,0.165808,1.14795,5.80417e-07,3.85992,0.357203
2095.2917,285.914,284.866,3.13045,0.24879,1.44553,0.0112288,0.00428822,0.00329221,0.00694059,0.000943485,1.42648e-26,6.09063e-07,2.17768e-05,5.2007e-17,5.21164e-05,3.94831e-05,3.76277e-06,8.33619e-21,3.78303e-06,2.899e-06,9.20835,94.7559,5.32957,0.394193,82.7784,0.351492,6.4731,0.0052171,0.351492,2.37501,0.0929689,8.78685,0.410409,0.00696325,8.27159,0.00878735,0.00992138,0.00836886,0.00492735,8.27159,0.00743287,1.79717,1.05439,0.000487105,0.165849,0.000878735,0.00165356,0.000351492,0.000791977,0.165849,1.83921,6.09063e-07,3.87878,0.356709
2095.3750,294.052,292.596,3.26794,0.140996,2.57932,0.0159663,0.00618595,0.0024385,0.00978037,0.000968614,2.52763e-26,6.796e-07,2.89573e-07,5.51624e-17,4.47384e-05,7.10377e-05,5.24756e-08,8.84859e-21,2.89104e-06,5.20414e-06,9.36911,94.8791,5.37068,0.362433,82.7777,0.365343,6.50853,0.00595235,0.365343,2.36979,0.094116,8.787,0.4101,0.00632267,8.27154,0.00913363,0.00997099,0.00869865,0.00491642,8.27154,0.00751657,1.79719,1.05438,0.000442634,0.165847,0.000913363,0.00166183,0.000365343,0.000790239,0.165847,2.97926,6.796e-07,3.99843,0.371296
2095.4583,295,294.039,3.42829,0.12795,1.58393,0.0106887,0.00555539,0.00184713,0.0051333,0.000997702,1.57192e-26,7.51143e-07,3.15463e-07,5.79996e-17,2.97742e-05,4.70902e-05,4.32785e-08,9.30352e-21,2.10757e-06,3.4513e-06,9.53514,95.0349,5.41796,0.353707,82.7773,0.381372,6.54916,0.00675663,0.381372,2.36875,0.09537,8.78739,0.409435,0.00615444,8.27151,0.00953436,0.0100281,0.0090803,0.00491425,8.27151,0.00760808,1.79722,1.05432,0.000428927,0.165845,0.000953436,0.00167136,0.000381372,0.00078989,0.165845,1.98703,7.51143e-07,4.11718,0.388129
2095.5417,292.895,292.506,3.52011,0.216677,1.11568,0.00883885,0.00594436,0.00305362,0.00289449,0.00101446,1.2077e-26,7.86431e-07,3.45716e-05,5.69889e-17,5.8851e-05,3.76416e-05,4.26952e-06,9.14895e-21,3.69851e-06,2.77157e-06,9.62559,95.1041,5.44814,0.337943,82.7762,0.390479,6.57655,0.00721769,0.390479,2.36431,0.0961158,8.78746,0.409116,0.00585279,8.27147,0.00976202,0.0100672,0.00929712,0.00490512,8.27147,0.00766261,1.79724,1.05432,0.000406053,0.16584,0.000976202,0.00167787,0.000390479,0.000788412,0.16584,1.85302,7.86431e-07,4.17745,0.397696
2095.6250,286.875,287.026,3.53616,0.183547,0.729034,0.00498635,0.00458828,0.00238132,0.00039807,0.00101781,5.41675e-27,7.9284e-07,3.81648e-06,5.59485e-17,5.34115e-05,1.8403e-05,6.10078e-07,8.99219e-21,2.93867e-06,1.37636e-06,9.64902,95.0927,5.45923,0.317887,82.7692,0.392066,6.58891,0.00731764,0.392066,2.35651,0.0963437,8.78701,0.409407,0.00546275,8.27091,0.0098017,0.0100856,0.00933491,0.00488903,8.27091,0.00767959,1.79726,1.05438,0.00037967,0.16582,0.00098017,0.00168093,0.000392066,0.000785812,0.16582,0.934062,7.9284e-07,4.18978,0.399384
2095.7083,273.84,274.901,2.35859,0.30173,0.0754926,0.000651352,0.00231348,0.00138044,-0.00166212,0.00100578,8.01376e-29,7.63925e-07,6.76456e-07,5.62479e-17,3.02723e-05,2.74491e-06,1.35477e-07,9.02593e-21,1.65711e-06,2.66261e-07,9.60408,95.0425,5.44828,0.318133,82.7648,0.385049,6.58379,0.00702064,0.385049,2.35549,0.0959974,8.7874,0.41051,0.00547161,8.27053,0.00962627,0.0100797,0.00916783,0.004887,8.27053,0.00765534,1.79729,1.05443,0.000381399,0.165808,0.000962628,0.00167994,0.000385049,0.00078547,0.165808,0.514718,7.63925e-07,4.1558,0.39207
2095.7917,266.638,267.302,0,0.319439,0,0,0.00138735,0.000104969,-0.00138735,0.00098892,0,7.22335e-07,4.13677e-17,6.00422e-17,4.20896e-06,2.44855e-06,1.19856e-17,9.62231e-21,1.25965e-07,2.44855e-07,9.54867,95.0197,5.43013,0.344738,82.7633,0.375344,6.57281,0.00661096,0.375344,2.363,0.0954704,8.78779,0.411009,0.00602468,8.27039,0.00938364,0.0100655,0.00893675,0.00490266,8.27039,0.0076184,1.79731,1.05446,0.000419655,0.165805,0.000938364,0.00167758,0.000375344,0.000787975,0.165805,0.205614,7.22335e-07,4.11854,0.381955
2095.8750,267.309,267.63,0,0.319439,0,0,0.00126572,6.0699e-05,-0.00126572,0.000972461,0,6.75351e-07,0,6.17144e-17,1.78343e-06,2.38679e-06,0,9.88139e-21,5.77719e-08,2.3868e-07,9.49862,95.0187,5.41222,0.38336,82.763,0.365877,6.56183,0.006225,0.365877,2.37381,0.0949532,8.78819,0.411134,0.00683746,8.27035,0.00914698,0.0100512,0.00871136,0.00492509,8.27035,0.00758211,1.79733,1.05446,0.000473989,0.165804,0.000914698,0.0016752,0.000365877,0.000791576,0.165804,0.153715,6.75351e-07,4.0864,0.372102
2095.9583,267.502,267.808,0,0.319439,0,0,0.00124315,5.39591e-05,-0.00124315,0.000956141,0,6.315e-07,0,6.24417e-17,1.21886e-06,2.32562e-06,0,9.98921e-21,4.30608e-08,2.32562e-07,9.44886,95.0183,5.39428,0.421608,82.763,0.356499,6.5507,0.00585573,0.356499,2.38481,0.0944376,8.78859,0.411224,0.00764369,8.27034,0.00891253,0.0100365,0.00848808,0.00494789,8.27034,0.00754589,1.79736,1.05446,0.000527855,0.165805,0.000891254,0.00167275,0.000356499,0.000795245,0.165805,0.192222,6.315e-07,4.05458,0.362355
2096.0417,265.432,265.83,0,0.319439,0,0,0.00115641,2.89564e-05,-0.00115641,0.000940983,0,5.91886e-07,0,6.4051e-17,7.28158e-07,2.26885e-06,0,1.02387e-20,2.34038e-08,2.26885e-07,9.40258,95.0185,5.37744,0.45752,82.7631,0.347797,6.54012,0.00552454,0.347797,2.39531,0.0939561,8.78896,0.411292,0.0084027,8.27034,0.00869497,0.0100225,0.00828088,0.00496961,8.27034,0.00751203,1.79738,1.05446,0.000578426,0.165805,0.000869498,0.00167041,0.000347797,0.000798746,0.165805,0.131871,5.91886e-07,4.02514,0.353322
2096.1250,267.728,267.889,0,0.319439,0,0,0.00135099,9.14918e-06,-0.00135099,0.000926188,0,5.63716e-07,0,6.53201e-17,4.75472e-07,2.21349e-06,0,1.0434e-20,1.14127e-08,2.21349e-07,9.35412,95.0165,5.36083,0.493501,82.763,0.33931,6.52955,0.00521238,0.33931,2.40586,0.0934837,8.78932,0.411348,0.00916641,8.27033,0.00848281,0.0100083,0.00807882,0.00499137,8.27033,0.00747876,1.7974,1.05446,0.00062895,0.165805,0.000848281,0.00166805,0.00033931,0.000802259,0.165805,0.516127,5.63716e-07,3.99329,0.344523
2096.2083,277.409,276.163,1.96427,0.305281,0.568533,0.00424845,0.0026125,0.00250462,0.00163595,0.000912885,3.66547e-27,5.52005e-07,5.10476e-05,6.0421e-17,-2.29944e-05,1.10338e-05,4.57184e-06,9.67053e-21,1.72372e-06,8.42374e-07,9.30745,94.9875,5.34623,0.485191,82.7817,0.331668,6.5205,0.00495017,0.331668,2.41312,0.0930645,8.78874,0.409841,0.00892755,8.2719,0.00829175,0.00999612,0.00789686,0.00500628,8.2719,0.0074492,1.79742,1.05447,0.000613164,0.165857,0.000829175,0.00166602,0.000331668,0.000804681,0.165857,0.940731,5.52005e-07,3.96122,0.336618
2096.2917,287.764,286.399,2.95834,0.181417,1.37003,0.0108472,0.0045994,0.0027758,0.00624777,0.000917324,1.59748e-26,5.77599e-07,2.02475e-06,5.45814e-17,3.75573e-05,4.13934e-05,2.54036e-07,8.75891e-21,3.09453e-06,3.03441e-06,9.33789,94.9769,5.35679,0.426895,82.802,0.333976,6.53123,0.00514897,0.333976,2.4101,0.0933002,8.78842,0.408897,0.0076119,8.27361,0.00834943,0.0100113,0.0079518,0.00499982,8.27361,0.00746643,1.79744,1.0545,0.00052814,0.165912,0.000834944,0.00166855,0.000333976,0.000803673,0.165912,1.80386,5.77599e-07,3.9811,0.339125
2096.3750,298.535,296.245,3.098,0.116019,2.14242,0.0112327,0.00582642,0.00213299,0.00540631,0.000943073,1.75397e-26,6.43915e-07,2.37613e-07,5.70724e-17,3.32004e-05,4.70838e-05,3.37811e-08,9.166e-21,2.45407e-06,3.44843e-06,9.46744,95.077,5.39801,0.397883,82.8046,0.3482,6.56632,0.00588015,0.3482,2.40709,0.0943146,8.78874,0.408558,0.00701756,8.27386,0.00870506,0.0100604,0.00829049,0.00499346,8.27386,0.00754023,1.79746,1.05448,0.000486978,0.165918,0.000870506,0.00167674,0.0003482,0.00080267,0.165918,2.43256,6.43915e-07,4.06944,0.354081
2096.4583,297.852,297.052,3.23038,0.180702,1.95723,0.0129317,0.00678348,0.00313791,0.00614823,0.000967328,2.11968e-26,7.17752e-07,1.06265e-05,5.80942e-17,5.17555e-05,5.89256e-05,1.25908e-06,9.33963e-21,3.77782e-06,4.31653e-06,9.57189,95.1547,5.43755,0.374522,82.8055,0.361571,6.60033,0.00654616,0.361571,2.40284,0.0952562,8.78897,0.40816,0.00656381,8.274,0.00903931,0.0101083,0.00860883,0.00498461,8.274,0.0076088,1.79748,1.05447,0.000453463,0.165917,0.000903932,0.00168472,0.000361571,0.000801254,0.165917,2.77097,7.17752e-07,4.13434,0.368117
2096.5417,291.921,291.816,3.36168,0.216762,1.01745,0.00852177,0.00568811,0.00301822,0.00283366,0.000991281,1.2259e-26,7.73677e-07,2.32467e-05,5.72691e-17,6.12227e-05,3.64543e-05,3.16103e-06,9.21719e-21,3.76363e-06,2.68154e-06,9.67839,95.2174,5.4772,0.344832,82.8007,0.374737,6.63476,0.00717765,0.374737,2.39344,0.0961754,8.78897,0.408141,0.00599141,8.2737,0.00936847,0.0101571,0.00892231,0.00496514,8.2737,0.00767592,1.7975,1.05448,0.000412746,0.1659,0.000936848,0.00169284,0.000374737,0.000798119,0.1659,1.76802,7.73677e-07,4.2012,0.381915
2096.6250,287.655,287.741,3.38296,0.205139,0.627284,0.00473269,0.00466761,0.00260982,6.50768e-05,0.000995532,5.23578e-27,7.80481e-07,1.01556e-05,5.58164e-17,5.95231e-05,1.71154e-05,1.61482e-06,8.99109e-21,3.28995e-06,1.27963e-06,9.69567,95.1972,5.48891,0.32432,82.7924,0.376861,6.64723,0.00728448,0.376861,2.38486,0.0963864,8.78858,0.408607,0.00559349,8.27305,0.00942157,0.0101755,0.00897288,0.00494743,8.27305,0.00769154,1.79753,1.05455,0.000385962,0.165874,0.000942157,0.00169592,0.000376861,0.000795259,0.165874,0.970891,7.80481e-07,4.20675,0.384145
2096.7083,278.768,279.568,3.0626,0.207359,0.147567,0.00116923,0.00291585,0.00187504,-0.00174662,0.000984795,3.31032e-28,7.51494e-07,2.083e-06,5.5608e-17,4.19184e-05,3.33904e-06,5.07351e-07,8.94412e-21,2.32581e-06,3.03596e-07,9.64857,95.1346,5.47919,0.318538,82.786,0.370594,6.64273,0.00700572,0.370594,2.38141,0.0960676,8.78888,0.409856,0.00548276,8.27253,0.0092649,0.0101705,0.00882367,0.00494035,8.27253,0.00766909,1.79755,1.05462,0.000379606,0.165856,0.000926491,0.00169508,0.000370594,0.000794109,0.165856,0.418508,7.51494e-07,4.16938,0.3776
2096.7917,266.216,267.368,0.0317902,0.152309,0.000876699,5.66812e-06,0.00142875,0.000391527,-0.00142308,0.000968613,0,7.13435e-07,2.43768e-10,5.84136e-17,1.10487e-05,2.35689e-06,7.22792e-11,9.3808e-21,4.73026e-07,2.3569e-07,9.58934,95.0904,5.46144,0.332742,82.7829,0.361293,6.63174,0.0065987,0.361293,2.38543,0.0955567,8.78924,0.410705,0.00577791,8.27225,0.00903238,0.0101563,0.00860223,0.00494875,8.27225,0.00763319,1.79757,1.05466,0.000401327,0.165848,0.000903239,0.00169272,0.000361293,0.00079545,0.165848,0.377366,7.13435e-07,4.1279,0.367892
2096.8750,264.815,265.409,0,0.130951,0,0,0.00114497,3.22597e-05,-0.00114497,0.000952741,0,6.74135e-07,0,6.19237e-17,1.39544e-06,2.29745e-06,0,9.93523e-21,3.81766e-08,2.29745e-07,9.54006,95.0877,5.44381,0.369318,82.7823,0.352181,6.62067,0.00621346,0.352181,2.3961,0.0950527,8.78963,0.410866,0.00654915,8.27219,0.00880458,0.0101418,0.00838527,0.0049709,8.27219,0.00759776,1.7976,1.05466,0.000452961,0.165847,0.000880458,0.00169031,0.000352181,0.000799008,0.165847,0.243476,6.74135e-07,4.09625,0.358395
2096.9583,262.335,262.966,0,0.130951,0,0,0.00095418,9.65419e-06,-0.00095418,0.000937005,0,6.29509e-07,0,6.40729e-17,5.29115e-07,2.23857e-06,0,1.02719e-20,1.28278e-08,2.23857e-07,9.49424,95.0912,5.42614,0.407591,82.782,0.343155,6.60943,0.00584488,0.343155,2.4073,0.0945503,8.79001,0.410938,0.00736039,8.27217,0.00857891,0.010127,0.00817035,0.0049941,8.27217,0.00756239,1.79762,1.05466,0.000506663,0.165846,0.000857892,0.00168783,0.000343155,0.000802741,0.165846,0.108961,6.29509e-07,4.0681,0.348999
2097.0417,260.649,261.072,0,0.130952,0,0,0.000868047,2.00122e-06,-0.000868047,0.000922387,0,5.86255e-07,0,6.69663e-17,1.63369e-07,2.18392e-06,0,1.07282e-20,3.51183e-09,2.18392e-07,9.45475,95.0982,5.40955,0.443474,82.782,0.334778,6.59875,0.0055143,0.334778,2.41797,0.0940809,8.79037,0.410987,0.00812282,8.27216,0.00836949,0.0101128,0.0079709,0.00501615,8.27216,0.00752931,1.79764,1.05466,0.000556982,0.165846,0.00083695,0.00168546,0.000334778,0.000806298,0.165846,0.0575367,5.86255e-07,4.0452,0.340292
2097.1250,266.182,266.343,0,0.130968,0,0,0.00120162,1.55655e-06,-0.00120162,0.000908119,0,5.51884e-07,0,6.90598e-17,1.24157e-07,2.13063e-06,0,1.1056e-20,2.67963e-09,2.13064e-07,9.40935,95.0985,5.39319,0.478589,82.782,0.326609,6.5881,0.00520271,0.326609,2.42863,0.0936202,8.79071,0.41103,0.00887027,8.27216,0.00816527,0.0100985,0.00777641,0.00503814,8.27216,0.00749681,1.79766,1.05466,0.000606278,0.165846,0.000816528,0.00168308,0.000326609,0.00080985,0.165846,0.326011,5.51884e-07,4.01616,0.331812
2097.2083,274.46,273.704,1.54236,0.310458,0.270689,0.00277175,0.00207087,0.00219331,0.000700883,0.000894647,2.13905e-27,5.31365e-07,6.78959e-05,6.4044e-17,-2.43046e-05,7.01572e-06,5.50032e-06,1.02753e-20,1.46235e-06,5.52962e-07,9.36033,95.072,5.37772,0.477521,82.7976,0.318899,6.578,0.00491967,0.318899,2.43661,0.0931806,8.78999,0.409491,0.00879566,8.27347,0.00797251,0.0100848,0.00759283,0.00505454,8.27347,0.00746572,1.79768,1.05467,0.000600973,0.165889,0.000797252,0.00168081,0.000318899,0.000812511,0.165889,0.66686,5.31365e-07,3.98261,0.323818
2097.2917,287.26,285.544,2.85799,0.188627,1.49487,0.0112204,0.00466215,0.0027369,0.00655822,0.000903235,1.87231e-26,5.51632e-07,3.45548e-06,5.57125e-17,3.77576e-05,4.64656e-05,5.40747e-07,8.97129e-21,3.05555e-06,3.38813e-06,9.38669,95.0602,5.39111,0.420922,82.8185,0.323673,6.5892,0.00513385,0.323673,2.43409,0.093416,8.7892,0.407988,0.00751009,8.27523,0.00809188,0.0101006,0.00770651,0.00504912,8.27523,0.00748275,1.7977,1.0547,0.00051827,0.165946,0.000809188,0.00168344,0.000323673,0.000811672,0.165946,1.9256,5.51632e-07,3.99558,0.328807
2097.3750,292.351,291.046,3.10141,0.142753,1.90162,0.0144402,0.00593232,0.00222342,0.00850791,0.000947397,2.6545e-26,6.19757e-07,6.13627e-07,5.56646e-17,3.51739e-05,7.01336e-05,6.85882e-08,8.9711e-21,2.58512e-06,5.11132e-06,9.54729,95.1917,5.45157,0.393023,82.8205,0.34853,6.63549,0.00612094,0.34853,2.43092,0.0947623,8.78952,0.40734,0.0069357,8.27544,0.0087133,0.0101653,0.00829833,0.00504242,8.27544,0.00758019,1.79772,1.05466,0.000478916,0.16595,0.00087133,0.00169421,0.00034853,0.000810614,0.16595,2.34981,6.19757e-07,4.09572,0.354651
2097.4583,292.52,291.869,3.36774,0.238348,1.47556,0.0131752,0.00652312,0.00350271,0.00665212,0.000995069,2.24744e-26,6.83645e-07,4.53047e-05,5.43759e-17,6.68223e-05,6.46056e-05,5.48353e-06,8.77988e-21,4.30571e-06,4.71572e-06,9.72238,95.3332,5.51739,0.366642,82.8192,0.375326,6.68622,0.00714825,0.375326,2.42492,0.0962398,8.78942,0.406332,0.0064157,8.2754,0.00938321,0.0102365,0.00893634,0.00502998,8.2754,0.00768733,1.79774,1.05462,0.000442017,0.165944,0.000938321,0.00170608,0.000375326,0.000808612,0.165944,2.38693,6.83645e-07,4.20499,0.382475
2097.5417,290.617,290.287,3.55723,0.243511,1.16693,0.00899773,0.00588754,0.0033228,0.00311019,0.00102869,1.33094e-26,7.36585e-07,3.49769e-05,5.18221e-17,7.70371e-05,4.12644e-05,5.08629e-06,8.3997e-21,4.22949e-06,3.02323e-06,9.84081,95.3948,5.56551,0.332214,82.8094,0.394144,6.72431,0.00782917,0.394144,2.4124,0.0972934,8.78818,0.405498,0.0057376,8.27464,0.00985364,0.0102905,0.00938438,0.00500413,8.27464,0.00776387,1.79776,1.05464,0.000396214,0.165913,0.000985365,0.00171509,0.000394144,0.00080444,0.165913,1.7188,7.36585e-07,4.27529,0.401973
2097.6250,285.315,285.538,3.60348,0.242956,0.512455,0.00430774,0.00441134,0.00271068,-0.000103602,0.00103711,4.55238e-27,7.47066e-07,2.49685e-05,5.13758e-17,6.509e-05,1.60465e-05,3.2255e-06,8.32836e-21,3.43919e-06,1.20293e-06,9.86138,95.3781,5.58084,0.314842,82.7985,0.398704,6.73831,0.00793497,0.398704,2.40335,0.0975614,8.78779,0.406091,0.00539789,8.27375,0.00996765,0.0103114,0.00949295,0.00498551,8.27375,0.00778353,1.79779,1.0547,0.000373804,0.165882,0.000996765,0.00171856,0.000398704,0.000801422,0.165882,1.01311,7.47066e-07,4.28054,0.406639
2097.7083,277.217,277.754,2.41649,0.370703,0.0798559,0.000885913,0.00277394,0.00211213,-0.00188803,0.00102455,2.35211e-28,7.24901e-07,3.58834e-05,4.92409e-17,5.19791e-05,3.24237e-06,3.94509e-06,7.98581e-21,2.66481e-06,3.01343e-07,9.80693,95.3025,5.5686,0.308072,82.7894,0.391409,6.73187,0.00757839,0.391409,2.398,0.0971697,8.78718,0.406782,0.00526616,8.27299,0.00978526,0.0103039,0.00931926,0.00497457,8.27299,0.00775593,1.79781,1.05479,0.000366457,0.165857,0.000978527,0.00171731,0.000391409,0.00079964,0.165857,0.600504,7.24901e-07,4.23833,0.398987
2097.7917,264.825,265.749,0.156841,0.399519,0.00253023,2.02399e-05,0.00142949,0.000411277,-0.00140925,0.00100746,0,6.9335e-07,2.43348e-06,5.3521e-17,1.1997e-05,2.48917e-06,2.64666e-07,8.67372e-21,5.15757e-07,2.48918e-07,9.74714,95.2573,5.55017,0.323519,82.7851,0.381571,6.7207,0.00713718,0.381571,2.40155,0.0966361,8.78712,0.407318,0.00558485,8.2726,0.00953933,0.0102896,0.00908503,0.00498205,8.2726,0.00771851,1.79784,1.05483,0.000389736,0.165847,0.000953934,0.00171493,0.000381571,0.000800823,0.165847,0.359951,6.9335e-07,4.19697,0.388709
2097.8750,261.582,262.098,0,0.361526,0,0,0.00110816,9.02779e-06,-0.00110816,0.00099072,0,6.50288e-07,1.20512e-43,6.1294e-17,5.87459e-07,2.42639e-06,0,9.9249e-21,1.37297e-08,2.4264e-07,9.69726,95.2575,5.53191,0.363199,82.7845,0.371948,6.70947,0.0067205,0.371948,2.41251,0.096111,8.78752,0.407445,0.00642079,8.27254,0.00929874,0.0102751,0.0088559,0.00500486,8.27254,0.00768166,1.79786,1.05483,0.000445287,0.165846,0.000929875,0.00171252,0.000371948,0.000804478,0.165846,0.15662,6.50288e-07,4.16535,0.378668
2097.9583,264.155,264.361,0,0.361527,0,0,0.00111847,2.72532e-06,-0.00111847,0.000974127,0,6.08847e-07,0,6.47057e-17,1.99167e-07,2.36421e-06,0,1.04695e-20,4.40845e-09,2.36421e-07,9.6482,95.2604,5.51362,0.403826,82.7845,0.362415,6.69809,0.00632184,0.362415,2.4239,0.0955876,8.78793,0.407498,0.00727991,8.27253,0.00906041,0.0102603,0.00862892,0.00502849,8.27253,0.00764488,1.79788,1.05483,0.000501971,0.165845,0.000906041,0.00171004,0.000362415,0.000808272,0.165845,0.156727,6.08847e-07,4.13457,0.368736
2098.0417,266.45,266.57,0,0.361527,0,0,0.00122208,2.43087e-06,-0.00122208,0.000958714,0,5.699e-07,0,6.67995e-17,1.6502e-07,2.30649e-06,0,1.08008e-20,3.69899e-09,2.3065e-07,9.60144,95.2622,5.49645,0.441611,82.7844,0.353568,6.68727,0.00596428,0.353568,2.43471,0.0950988,8.7883,0.407542,0.00808029,8.27253,0.00883924,0.010246,0.00841828,0.0050509,8.27253,0.0076105,1.79791,1.05483,0.000554763,0.165845,0.000883924,0.00170767,0.000353568,0.000811877,0.165845,0.149581,5.699e-07,4.10499,0.359532
2098.1250,268.592,268.63,0,0.361564,0,0,0.00140884,2.4315e-06,-0.00140884,0.00094367,0,5.38482e-07,0,6.72451e-17,1.56767e-07,2.25021e-06,0,1.08653e-20,3.53164e-09,2.25022e-07,9.55174,95.2602,5.47952,0.478512,82.7844,0.34494,6.67647,0.00562727,0.34494,2.44551,0.0946191,8.78867,0.407585,0.00886328,8.27252,0.00862356,0.0102316,0.00821287,0.00507322,8.27252,0.00757673,1.79793,1.05483,0.000606409,0.165845,0.000862356,0.00170527,0.00034494,0.000815477,0.165845,0.286612,5.38482e-07,4.07222,0.350568
2098.2083,272.107,271.606,0.7403,0.390716,0.164672,0.00154013,0.00185378,0.00131635,-0.000313651,0.000928651,1.10336e-27,5.28841e-07,3.65621e-05,6.47631e-17,-2.98697e-05,4.87117e-06,5.00079e-06,1.04639e-20,6.07598e-07,4.07692e-07,9.49683,95.245,5.46249,0.500749,82.7918,0.336334,6.66551,0.00530311,0.336334,2.45561,0.0941387,8.7888,0.407107,0.00931223,8.27314,0.0084084,0.010217,0.00800795,0.00509405,8.27314,0.00754285,1.79795,1.05483,0.000635007,0.165866,0.00084084,0.00170283,0.000336334,0.000818843,0.165866,1.02213,5.28841e-07,4.03434,0.341637
2098.2917,285.349,283.608,2.97979,0.256963,1.46608,0.0112435,0.0043064,0.00341214,0.00693705,0.000928691,1.60077e-26,5.53923e-07,2.79225e-05,5.29187e-17,3.52792e-05,4.1362e-05,4.87669e-06,8.58934e-21,3.51721e-06,3.03576e-06,9.51291,95.2241,5.46701,0.435459,82.822,0.336169,6.6716,0.00538315,0.336169,2.45377,0.0942271,8.78758,0.404783,0.00780437,8.27567,0.00840428,0.0102258,0.00800403,0.00509007,8.27567,0.00754965,1.79797,1.05486,0.000538593,0.165949,0.000840428,0.0017043,0.000336169,0.000818229,0.165949,1.85616,5.53923e-07,4.0459,0.341552
2098.3750,293.667,291.639,3.14548,0.149103,2.4783,0.0154154,0.00616404,0.00260051,0.00925139,0.000959143,2.59352e-26,6.28243e-07,1.00613e-06,5.0116e-17,4.36217e-05,6.90174e-05,1.45846e-07,8.14624e-21,3.02831e-06,5.05591e-06,9.67942,95.3468,5.51569,0.393677,82.8257,0.353002,6.713,0.00624968,0.353002,2.44805,0.0954532,8.78766,0.404183,0.00693463,8.27601,0.0088251,0.0102837,0.00840482,0.00507809,8.27601,0.00763906,1.79799,1.05484,0.000480203,0.165958,0.000882511,0.00171395,0.000353002,0.000816322,0.165958,2.84694,6.28243e-07,4.16373,0.359252
2098.4583,295.429,294.121,3.34537,0.151316,2.1699,0.013479,0.00657307,0.00251531,0.00690592,0.0009955,2.17943e-26,7.13288e-07,1.07149e-05,5.14529e-17,4.53622e-05,6.18731e-05,1.18259e-06,8.37084e-21,2.98128e-06,4.53745e-06,9.86158,95.503,5.57352,0.372379,82.8248,0.373099,6.76205,0.00723517,0.373099,2.44425,0.0968649,8.7878,0.403381,0.00651022,8.27597,0.00932752,0.0103526,0.00888331,0.00507024,8.27597,0.00774209,1.79801,1.05479,0.000450274,0.165954,0.000932752,0.00172544,0.000373099,0.000815056,0.165954,2.62534,7.13288e-07,4.28805,0.380334
2098.5417,290.546,290.299,3.4658,0.228059,0.716429,0.00751458,0.0053476,0.00293135,0.00216699,0.00101745,1.01577e-26,7.60162e-07,4.03366e-05,5.09145e-17,5.71045e-05,3.1138e-05,4.71317e-06,8.29196e-21,3.55354e-06,2.29546e-06,9.96484,95.5814,5.61122,0.354904,82.8222,0.3851,6.79546,0.00780797,0.3851,2.43947,0.0977302,8.78771,0.402961,0.00616772,8.27579,0.00962754,0.0104002,0.00916905,0.00506045,8.27579,0.00780537,1.79803,1.05479,0.000425852,0.165945,0.000962755,0.00173337,0.0003851,0.000813463,0.165945,1.44352,7.60162e-07,4.35361,0.392908
2098.6250,287.508,287.366,3.46665,0.293309,0.447402,0.00445188,0.00479522,0.00334981,-0.000343345,0.00101809,4.601e-27,7.59152e-07,5.97929e-05,4.6621e-17,7.94594e-05,1.54947e-05,8.38923e-06,7.61947e-21,4.26661e-06,1.16332e-06,9.96697,95.5362,5.61826,0.327395,82.813,0.385184,6.8045,0.00780738,0.385184,2.4289,0.0978223,8.78636,0.402811,0.00562639,8.27507,0.00962965,0.0104141,0.00917105,0.00503867,8.27507,0.00781239,1.79806,1.05487,0.000389917,0.165917,0.000962965,0.00173569,0.000385184,0.000809941,0.165917,1.02539,7.59152e-07,4.34871,0.392991
2098.7083,279.113,279.89,2.75549,0.292731,0.164061,0.00130969,0.00315485,0.00225016,-0.00184516,0.00100704,5.41514e-28,7.40148e-07,3.06392e-05,4.54014e-17,5.87203e-05,3.98466e-06,3.95164e-06,7.43227e-21,2.90546e-06,3.49305e-07,9.91315,95.4433,5.60831,0.30972,82.8007,0.378732,6.79994,0.00750278,0.378732,2.41971,0.0974964,8.78527,0.403425,0.00528022,8.27404,0.00946835,0.0104091,0.00901744,0.00501973,8.27404,0.00778939,1.79808,1.05497,0.000368277,0.165883,0.000946836,0.00173486,0.000378732,0.000806877,0.165883,0.606049,7.40148e-07,4.30484,0.386235
2098.7917,268.067,268.787,0.494653,0.259722,0.00225889,1.43143e-05,0.00147937,0.000243231,-0.00146506,0.000990628,0,7.03047e-07,1.49088e-09,4.90548e-17,8.46017e-06,2.4091e-06,3.30248e-10,8.02151e-21,2.92128e-07,2.40911e-07,9.85407,95.4044,5.59033,0.32988,82.7957,0.369297,6.78883,0.00707004,0.369297,2.42474,0.0969797,8.78533,0.40402,0.00570114,8.2736,0.00923247,0.0103949,0.00879279,0.00503025,8.2736,0.00775307,1.7981,1.05501,0.000398389,0.165871,0.000923248,0.00173249,0.000369297,0.000808552,0.165871,0.238784,7.03047e-07,4.26374,0.376367
2098.8750,270.153,270.387,0,0.232915,0,0,0.0013602,0.000126477,-0.0013602,0.000974404,0,6.58093e-07,4.53548e-26,5.13837e-17,3.35659e-06,2.34834e-06,1.10619e-26,8.39305e-21,1.22834e-07,2.34835e-07,9.80288,95.3996,5.5723,0.365967,82.7952,0.359983,6.7775,0.00665727,0.359983,2.43562,0.0964657,8.78572,0.404215,0.00645613,8.27354,0.00899962,0.0103802,0.00857102,0.00505288,8.27354,0.00771693,1.79813,1.05502,0.000449474,0.16587,0.000899963,0.00173004,0.000359983,0.000812179,0.16587,0.118888,6.58093e-07,4.23058,0.36664
2098.9583,269.249,269.526,0,0.232915,0,0,0.00134104,0.000122234,-0.00134104,0.000958318,0,6.13798e-07,1.9916e-30,5.2025e-17,2.20913e-06,2.28816e-06,5.10165e-31,8.4891e-21,9.72194e-08,2.28816e-07,9.75131,95.3953,5.55422,0.401842,82.7953,0.350756,6.766,0.00626236,0.350756,2.44681,0.0959533,8.78612,0.404344,0.00720786,8.27353,0.00876896,0.0103652,0.00835134,0.00507609,8.27353,0.00768086,1.79815,1.05502,0.000500318,0.165871,0.000876896,0.00172753,0.000350756,0.000815909,0.165871,0.146763,6.13798e-07,4.19708,0.357019
2099.0417,270.904,270.996,0,0.232915,0,0,0.00148411,0.000124753,-0.00148411,0.000943376,0,5.77877e-07,0,5.31622e-17,1.33179e-06,2.2323e-06,0,8.66662e-21,8.19004e-08,2.2323e-07,9.70115,95.3893,5.53726,0.434732,82.7959,0.342194,6.75507,0.00590817,0.342194,2.45746,0.0954747,8.78648,0.404434,0.00789748,8.27357,0.0085549,0.0103507,0.00814748,0.00509814,8.27357,0.00764713,1.79817,1.05502,0.000547053,0.165873,0.00085549,0.00172512,0.000342194,0.00081946,0.165873,0.320093,5.77877e-07,4.16389,0.348102
2099.1250,272.069,272.114,0,0.277881,0,0,0.00164137,0.000233427,-0.00164137,0.000928791,0,5.55586e-07,3.67131e-11,5.29849e-17,-1.39086e-06,2.17783e-06,2.43051e-12,8.62992e-21,1.42467e-07,2.17783e-07,9.64712,95.378,5.52052,0.465582,82.7972,0.333844,6.74416,0.00557433,0.333844,2.46804,0.0950048,8.78683,0.404494,0.00854296,8.27367,0.00834616,0.0103362,0.00794867,0.00511999,8.27367,0.00761399,1.79819,1.05502,0.000590956,0.165877,0.000834616,0.0017227,0.000333844,0.000822984,0.165877,0.502586,5.55586e-07,4.1266,0.339419
2099.2083,279.608,278.333,2.28639,0.42618,0.657257,0.00531107,0.0031071,0.00330934,0.00220397,0.000916867,4.99185e-27,5.4527e-07,6.84806e-05,4.53098e-17,4.93262e-06,1.38442e-05,9.73093e-06,7.39684e-21,2.99238e-06,1.04035e-06,9.59647,95.3245,5.50732,0.437028,82.8194,0.327,6.7359,0.00531729,0.327,2.47155,0.09462,8.78622,0.403101,0.00784882,8.27553,0.00817505,0.0103252,0.00778572,0.00512714,8.27553,0.00758675,1.79821,1.05505,0.000544798,0.165939,0.000817506,0.00172087,0.000327,0.000824157,0.165939,0.991756,5.4527e-07,4.08914,0.332318
2099.2917,289.231,288.064,2.95203,0.253529,1.75039,0.0118444,0.00513752,0.00353703,0.00670685,0.000928358,1.87606e-26,5.8381e-07,3.26691e-05,4.22146e-17,6.70649e-05,4.73049e-05,5.30592e-06,6.92662e-21,4.30448e-06,3.45923e-06,9.64112,95.3074,5.52646,0.377629,82.8261,0.333327,6.75255,0.00563569,0.333327,2.46263,0.09501,8.78487,0.40204,0.00659208,8.27612,0.00833322,0.0103487,0.00793635,0.00510847,8.27612,0.00761499,1.79823,1.05511,0.000460766,0.165956,0.000833322,0.00172478,0.000333327,0.000821184,0.165956,2.36228,5.8381e-07,4.11466,0.338962
2099.3750,295.831,294.647,3.17046,0.217737,2.60781,0.0159792,0.00712955,0.00369048,0.00884965,0.000968115,2.77561e-26,6.79168e-07,3.1698e-05,4.35241e-17,8.29296e-05,7.38188e-05,4.25383e-06,7.1525e-21,4.70707e-06,5.39695e-06,9.8039,95.4113,5.58509,0.337829,82.8182,0.355519,6.79992,0.00662424,0.355519,2.45137,0.0963425,8.78438,0.401639,0.00580603,8.27551,0.00888802,0.010415,0.00846474,0.00508503,8.27551,0.00771183,1.79825,1.05512,0.000406621,0.165932,0.000888802,0.00173583,0.000355519,0.000817429,0.165932,3.43969,6.79168e-07,4.21881,0.362143
2099.4583,298.749,297.423,3.41617,0.134233,2.24542,0.0119492,0.00680988,0.00222305,0.00513932,0.00101232,1.87029e-26,7.87048e-07,1.90751e-05,4.62448e-17,5.0514e-05,5.40395e-05,2.07034e-06,7.60117e-21,2.74094e-06,3.95411e-06,9.9743,95.5446,5.65064,0.318903,82.8082,0.380163,6.85309,0.00768116,0.380163,2.44327,0.0978232,8.78421,0.401205,0.00543997,8.27468,0.00950412,0.0104897,0.0090515,0.00506828,8.27468,0.00781961,1.79828,1.05509,0.000380981,0.165903,0.000950413,0.00174829,0.000380163,0.000814728,0.165903,2.64419,7.87048e-07,4.32366,0.387844
2099.5417,295.157,294.816,3.56364,0.231823,1.60274,0.0101225,0.00697649,0.00350031,0.00314602,0.00103873,1.44287e-26,8.46197e-07,5.04849e-05,4.49846e-17,9.04926e-05,4.39463e-05,6.06204e-06,7.40689e-21,4.53035e-06,3.2285e-06,10.0662,95.5988,5.69227,0.301827,82.7971,0.394776,6.88821,0.00827223,0.394776,2.4337,0.0987167,8.78337,0.400742,0.00510517,8.27376,0.00986944,0.0105398,0.00939942,0.00504859,8.27376,0.00788473,1.7983,1.0551,0.00035785,0.165872,0.000986944,0.00175664,0.000394776,0.000811538,0.165872,2.31139,8.46197e-07,4.37393,0.403048
2099.6250,286.728,287.072,3.60174,0.279802,0.546065,0.00455457,0.00467596,0.00300838,-0.000121389,0.00104586,4.58111e-27,8.57509e-07,5.8653e-05,4.25633e-17,8.39182e-05,1.59173e-05,7.45763e-06,7.02321e-21,3.91501e-06,1.19735e-06,10.084,95.5713,5.70746,0.285573,82.7804,0.398533,6.90307,0.0083772,0.398533,2.42137,0.0989769,8.78199,0.400872,0.0047838,8.27233,0.00996337,0.010562,0.00948888,0.00502321,8.27233,0.00790398,1.79832,1.05518,0.000337094,0.165827,0.000996337,0.00176033,0.000398533,0.000807428,0.165827,1.02503,8.57509e-07,4.37649,0.40691
2099.7083,276.3,277.093,2.54519,0.313814,0.0987702,0.000798337,0.00258615,0.00194203,-0.00178782,0.00103277,1.65677e-29,8.20366e-07,1.22665e-05,4.18709e-17,5.02523e-05,2.59799e-06,1.60797e-06,6.90703e-21,2.43624e-06,2.58058e-07,10.0299,95.4966,5.69465,0.282932,82.7683,0.390939,6.89629,0.0079929,0.390939,2.41545,0.0985735,8.78135,0.40176,0.0047327,8.27127,0.00977353,0.0105541,0.00930808,0.00501112,8.27127,0.00787566,1.79835,1.05526,0.000335382,0.165797,0.000977354,0.00175902,0.000390939,0.000805456,0.165797,0.313062,8.20366e-07,4.33525,0.398932
2099.7917,274.339,274.77,0,0.240561,0,0,0.00179185,0.00178508,-0.00179185,0.00101563,0,7.71309e-07,5.42731e-06,4.17112e-17,4.09819e-05,2.48598e-06,8.98842e-07,6.86648e-21,2.16711e-06,2.48598e-07,9.96868,95.4338,5.67594,0.287466,82.7628,0.381081,6.88478,0.00752624,0.381081,2.41484,0.0980364,8.78155,0.402924,0.00482639,8.27076,0.00952708,0.0105395,0.00907336,0.00500999,8.27076,0.00783797,1.79837,1.05533,0.00034299,0.165784,0.000952708,0.00175659,0.000381081,0.000805252,0.165784,0.36672,7.71309e-07,4.29274,0.388607
2099.8750,273.882,274.242,0,0.229183,0,0,0.00168011,0.00171601,-0.00168011,0.000998895,0,7.31504e-07,2.88315e-06,4.16407e-17,3.80552e-05,2.42328e-06,6.28047e-07,6.84198e-21,2.0654e-06,2.42328e-07,9.91194,95.3761,5.65749,0.290727,82.7587,0.37147,6.87328,0.00708685,0.37147,2.41475,0.0975094,8.78184,0.404054,0.00489477,8.27037,0.0092868,0.0105248,0.00884452,0.00500987,8.27037,0.00780095,1.7984,1.05539,0.000348398,0.165775,0.00092868,0.00175413,0.00037147,0.00080522,0.165775,0.369017,7.31504e-07,4.25445,0.378557
2099.9583,272.972,273.258,0,0.478772,0,0,0.00154035,0.00148446,-0.00154035,0.000982307,0,6.95107e-07,6.36448e-07,4.19073e-17,3.22518e-05,2.36117e-06,1.57949e-07,6.87313e-21,1.76407e-06,2.36117e-07,9.85652,95.3224,5.63899,0.294566,82.7556,0.361949,6.86162,0.00666646,0.361949,2.41565,0.096984,8.78219,0.405152,0.00497476,8.27007,0.00904877,0.0105096,0.00861783,0.00501177,8.27007,0.007764,1.79842,1.05545,0.000354435,0.165768,0.000904877,0.00175161,0.000361949,0.000805522,0.165768,0.438698,6.95107e-07,4.21753,0.368615
2100.0417,272.658,272.805,0,0.603644,0,0,0.00145772,0.00110308,-0.00145772,0.000966899,0,6.60433e-07,6.83022e-09,4.26383e-17,2.36342e-05,2.30353e-06,1.71174e-09,6.98091e-21,1.26677e-06,2.30354e-07,9.80648,95.2841,5.62163,0.304105,82.754,0.353113,6.85053,0.00628941,0.353113,2.41954,0.0964934,8.78256,0.405996,0.00516712,8.26988,0.00882788,0.0104951,0.00840746,0.00501982,8.26988,0.00772945,1.79844,1.05549,0.000368514,0.165766,0.000882789,0.00174919,0.000353114,0.000806818,0.165766,0.326055,6.60433e-07,4.18485,0.359403
2100.1250,272.926,272.991,0,0.663895,0,0,0.00171339,0.001149,-0.00171339,0.000951859,0,6.34805e-07,4.17272e-06,4.24623e-17,2.40082e-05,2.24732e-06,8.02118e-07,6.94087e-21,1.31881e-06,2.24733e-07,9.75391,95.2457,5.60451,0.313914,82.7534,0.344497,6.83947,0.00593402,0.344497,2.42443,0.0960119,8.7829,0.40672,0.00535536,8.26979,0.00861248,0.0104805,0.00820231,0.0050299,8.26979,0.00769552,1.79846,1.05553,0.000382812,0.165767,0.000861248,0.00174674,0.000344497,0.000808448,0.165767,0.65712,6.34805e-07,4.1494,0.350431
2100.2083,275.594,275.3,0.694016,0.715812,0.243042,0.00190448,0.0021807,0.00129704,-0.000276221,0.00093702,1.42689e-27,6.23532e-07,6.21717e-05,4.00807e-17,2.04279e-05,5.6448e-06,8.39412e-06,6.55672e-21,1.42462e-06,4.62519e-07,9.69509,95.2069,5.58751,0.327382,82.7537,0.336002,6.82842,0.00559594,0.336002,2.43073,0.0955346,8.78245,0.406485,0.00562161,8.26977,0.00840009,0.0104657,0.00800004,0.00504287,8.26977,0.00766183,1.79848,1.05556,0.000401852,0.16577,0.00084001,0.00174429,0.000336002,0.000810548,0.16577,0.978385,6.23532e-07,4.10757,0.341598
2100.2917,286.803,285.87,2.93361,0.269584,1.36798,0.0107205,0.00450198,0.00303814,0.0062185,0.000936378,1.3437e-26,6.43347e-07,4.43978e-05,3.84098e-17,6.8808e-05,3.50174e-05,5.62097e-06,6.30844e-21,3.76085e-06,2.56793e-06,9.692,95.1798,5.58996,0.30862,82.7519,0.335503,6.83224,0.00561381,0.335503,2.42724,0.0955263,8.78089,0.405525,0.00522842,8.26958,0.00838763,0.0104715,0.00798818,0.00503548,8.26958,0.00766148,1.79851,1.05561,0.000374315,0.165767,0.000838764,0.00174525,0.000335503,0.000809385,0.165767,1.98098,6.43347e-07,4.10205,0.341117
2100.3750,294.049,292.965,3.15599,0.206646,2.41216,0.0159886,0.00666276,0.00305956,0.00932585,0.00096965,2.63538e-26,7.19001e-07,2.26183e-05,3.94965e-17,8.03909e-05,7.04475e-05,2.9891e-06,6.49377e-21,3.90847e-06,5.15112e-06,9.83059,95.2731,5.63951,0.284634,82.7406,0.354059,6.87254,0.006449,0.354059,2.41726,0.0966511,8.78022,0.405221,0.00475607,8.26857,0.00885152,0.0105279,0.00842998,0.00501467,8.26857,0.00774318,1.79853,1.05562,0.000340554,0.165738,0.000885152,0.00175465,0.000354059,0.000806059,0.165738,3.08029,7.19001e-07,4.19108,0.360508
2100.4583,295.356,294.677,3.41771,0.238071,2.1117,0.0147456,0.00724868,0.00339077,0.00749694,0.00101668,2.34771e-26,8.12774e-07,5.14549e-05,3.94398e-17,9.85676e-05,6.78308e-05,6.57297e-06,6.49295e-21,4.4185e-06,4.96582e-06,10.0243,95.4175,5.7088,0.265684,82.7234,0.380305,6.92848,0.00758334,0.380305,2.40417,0.0982348,8.77925,0.404594,0.00438029,8.26705,0.00950768,0.0106064,0.00905489,0.00498753,8.26705,0.00785854,1.79855,1.0556,0.000314666,0.165694,0.000950769,0.00176774,0.000380305,0.000801694,0.165694,2.95195,8.12774e-07,4.3155,0.387889
2100.5417,292.879,292.579,3.5971,0.195196,1.33607,0.00953914,0.00639289,0.00266485,0.00314625,0.00104871,1.30154e-26,8.6801e-07,1.50632e-05,4.02795e-17,7.66494e-05,4.0646e-05,2.20513e-06,6.62513e-21,3.37128e-06,2.98801e-06,10.1487,95.5053,5.75814,0.257274,82.7061,0.398074,6.96952,0.0083132,0.398074,2.3933,0.0993193,8.77885,0.404852,0.00421353,8.2655,0.00995188,0.0106647,0.00947794,0.00496513,8.2655,0.00793769,1.79857,1.0556,0.00030307,0.165651,0.000995189,0.00177745,0.000398074,0.000798072,0.165651,1.77354,8.6801e-07,4.39053,0.406387
2100.6250,288.729,288.789,3.63753,0.189583,0.787208,0.00536533,0.00519392,0.00231845,0.000171405,0.00105622,5.66391e-27,8.69846e-07,3.72585e-06,4.05559e-17,6.44246e-05,1.94297e-05,8.11495e-07,6.65616e-21,2.86569e-06,1.45024e-06,10.1696,95.5035,5.77386,0.255225,82.6928,0.402051,6.98479,0.00842868,0.402051,2.38588,0.0995944,8.77894,0.405939,0.00417486,8.26428,0.0100513,0.0106874,0.00957264,0.00494992,8.26428,0.007958,1.79859,1.05564,0.000300284,0.165619,0.00100513,0.00178124,0.000402051,0.000795596,0.165619,1.09976,8.69846e-07,4.39577,0.41048
2100.7083,274.934,276.27,1.83749,0.162315,0.0874058,0.000782388,0.00252964,0.00122538,-0.00174725,0.00104524,1.5824e-28,8.3637e-07,3.43908e-07,4.10582e-17,3.41463e-05,3.04871e-06,1.05712e-07,6.72158e-21,1.47898e-06,2.88989e-07,10.1215,95.4525,5.76399,0.262443,82.6845,0.395637,6.9803,0.00809562,0.395637,2.38409,0.0992611,8.77929,0.407273,0.00432472,8.26349,0.00989098,0.0106827,0.00941994,0.0049464,8.26349,0.00793463,1.79862,1.05569,0.000311067,0.165601,0.000989099,0.00178046,0.000395637,0.000794999,0.165601,0.407618,8.3637e-07,4.35747,0.403733
2100.7917,267.392,268.567,0,0.0417993,0,0,0.00146826,0.000167296,-0.00146826,0.00102793,0,7.82665e-07,1.84533e-15,4.29074e-17,6.52945e-06,2.51598e-06,5.12702e-16,7.01257e-21,1.97789e-07,2.51598e-07,10.0642,95.4331,5.74511,0.294196,82.6818,0.385681,6.96869,0.00762382,0.385681,2.39286,0.0987195,8.77972,0.407825,0.00498499,8.26322,0.00964207,0.010668,0.00918288,0.00496476,8.26322,0.00789662,1.79864,1.05571,0.000356504,0.165596,0.000964207,0.001778,0.000385681,0.000797925,0.165596,0.0906729,7.82665e-07,4.31906,0.393305
2100.8750,268.477,269.091,0,0.0404808,0,0,0.0014337,0.000123169,-0.0014337,0.001011,0,7.30135e-07,3.78072e-29,4.39956e-17,3.2527e-06,2.45253e-06,1.01892e-29,7.18236e-21,1.13223e-07,2.45253e-07,10.0117,95.4296,5.72643,0.332423,82.6813,0.375954,6.95705,0.00717872,0.375954,2.40412,0.098187,8.78013,0.408012,0.00578554,8.26316,0.00939889,0.0106531,0.00895128,0.00498821,8.26316,0.00785921,1.79867,1.05572,0.000410489,0.165595,0.000939889,0.00177552,0.000375954,0.000801676,0.165595,0.285039,7.30135e-07,4.28531,0.383132
