time_decimal_year,TSOI,TSOIBNF,ELAI,H2OSOI,TVEG,GPP,AR,HR,NPP,NPP_NUPTAKE,NPP_PUPTAKE,NPP_NACTIVE,NPP_NFIX,NUPTAKE_NPP_FRACTION,PUPTAKE_NPP_FRACTION,COST_NFIX,COST_NACTIVE,COST_PACTIVE,VEGC_TO_LITTER,SNFIX,FNFIX,NGAS,NLEACH,NNETMIN,NUP,FN2O,PLOSS,PNETMIN,PUP,TOTVEGC,TOTECOC,VEGCAG,TOTLITC,SOILC,LEAFC,WOODC,CROOTC,FROOTC,CWDC,TOTVEGN,TOTECON,SMINN,TOTLITN,SOILN,LEAFN,WOODN,FROOTN,CWDN,TOTSOMN,TOTVEGP,TOTECOP,SMINP,TOTLITP,SOILP,LEAFP,WOODP,FROOTP,CWDP,TOTSOMP,ET,TNFIX,VEGCBG,TOTROOTC
2015.0417,273.022,273.071,0,0.47018,0,0,0.000614564,0.000479603,-0.000614564,0,0,0,0,0,0,0,0,0,0.000523672,0,9.83275e-07,1.66124e-06,1.95776e-07,8.61679e-06,0,8.29759e-08,3.35771e-09,4.69261e-07,0,11.56,45.8829,7.2342,0.515273,31.1178,0,8.69988,0.0055332,0,2.68976,0.13528,3.25773,0.000951361,0.0109915,3.10498,0,0.0133475,0,0.00553177,3.10498,0.00918359,3.0507,1.67143,0.000628619,0.0625534,0,0.00222459,0,0.000896587,0.0625534,0.399102,9.83275e-07,4.32581,0.0055332
2015.1250,274.884,274.551,0,0.482284,0,0,0.000816282,0.0015663,-0.000816282,0,0,0,0,0,0,0,0,0,0.000522827,0,9.29275e-07,8.9912e-06,3.50879e-07,1.37595e-05,0,5.08907e-07,4.03363e-09,1.7561e-06,0,11.5228,45.8384,7.22251,0.492053,31.1234,0,8.68583,0.00522054,0,2.70018,0.135062,3.2577,0.0012355,0.0103945,3.10546,0,0.013328,0,0.00555307,3.10546,0.00916875,3.0507,1.67146,0.000597382,0.0625681,0,0.00222133,0,0.000900059,0.0625681,0.530475,9.29275e-07,4.30025,0.00522054
2015.2083,283.009,282.037,0,0.203786,0,0,0.00108627,0.00226137,-0.00108627,0,0,0,0,0,0,0,0,0,0.000521954,0,8.97445e-07,1.86598e-05,1.70263e-06,3.27195e-05,0,1.39891e-06,1.57982e-08,2.747e-06,0,11.476,45.7476,7.21045,0.433247,31.1351,0,8.67132,0.00491566,0,2.70333,0.134836,3.25737,0.00158686,0.00885842,3.10653,0,0.0133077,0,0.00555935,3.10653,0.00915344,3.0507,1.67153,0.000510286,0.0625961,0,0.00221795,0,0.000901109,0.0625961,1.1273,8.97445e-07,4.26551,0.00491566
2015.2917,291.191,289.716,1.69543,0.1839,1.38154,0.00531981,0.00271583,0.00240467,0.00260398,4.22221e-05,0.000112791,3.6295e-05,8.1756e-07,0.00418803,0.0199473,0.0346018,0.409436,0.00803686,0.000521982,6.88746e-08,9.01904e-07,3.04369e-05,1.54166e-06,5.34596e-05,3.40201e-05,2.66486e-06,1.26588e-08,3.27116e-06,1.99216e-06,11.4544,45.6735,7.20878,0.382739,31.1354,0.0521123,8.75757,0.00691331,0.0521123,2.70101,0.134925,3.25666,0.00187204,0.00761098,3.10669,0.00208449,0.0134271,0.00124077,0.00555443,3.10669,0.00915635,3.0507,1.6716,0.000439433,0.0625906,0.000138966,0.00223785,5.21123e-05,0.000900338,0.0625906,2.35141,9.70779e-07,4.24557,0.0590256
2015.3750,292.912,291.887,3.61909,0.174972,2.61836,0.0100447,0.00414847,0.00214544,0.00589626,0.00013785,0.000162282,0.000116985,4.61918e-06,0.00956311,0.0151262,0.0509922,0.34242,0.0158607,0.00052603,4.25729e-07,9.76955e-07,2.29911e-05,5.42058e-07,6.1773e-05,6.63448e-05,2.13951e-06,8.04783e-09,3.11089e-06,3.99346e-06,11.577,45.7466,7.25342,0.347344,31.1261,0.108068,8.85127,0.00891132,0.108068,2.69613,0.136404,3.25588,0.0011561,0.00674025,3.10604,0.00432273,0.0135579,0.00257306,0.00554459,3.10604,0.00924239,3.0507,1.6716,0.000391079,0.062559,0.000288182,0.00225966,0.000108068,0.000898711,0.062559,3.38128,1.40268e-06,4.32361,0.11698
2015.4583,295.949,294.896,3.61907,0.208297,2.36137,0.00994868,0.00463788,0.00229511,0.0053108,0.000191825,0.000161707,0.000158695,1.12042e-05,0.0134901,0.0158555,0.0644987,0.239305,0.0156545,0.000531187,1.21042e-06,1.07412e-06,1.8112e-05,1.19481e-07,7.55228e-05,6.46105e-05,1.5485e-06,5.40352e-09,3.37235e-06,3.94071e-06,11.7325,45.8541,7.31086,0.322214,31.1104,0.108068,8.83684,0.00839865,0.108068,2.68889,0.138227,3.25538,0.000689679,0.00612245,3.10481,0.00432272,0.0135392,0.00257305,0.00552992,3.10481,0.00935162,3.0507,1.67157,0.000357534,0.0625116,0.000288181,0.00225653,0.000108068,0.000896298,0.0625116,3.58402,2.28455e-06,4.42166,0.116467
2015.5417,295.803,295.196,3.61224,0.196321,2.19424,0.00823396,0.0043884,0.00216204,0.00384556,0.000119938,0.000147911,9.96991e-05,6.42394e-06,0.00955103,0.0153459,0.0611348,0.286528,0.0126623,0.00053567,7.2952e-07,1.15007e-06,2.30466e-05,1.50519e-07,7.74901e-05,5.28064e-05,1.93912e-06,8.31215e-09,3.14712e-06,3.17039e-06,11.8537,45.9242,7.36049,0.301882,31.0898,0.107885,8.82185,0.00790045,0.107885,2.67876,0.139819,3.25489,0.000824149,0.00562524,3.10312,0.00431538,0.0135194,0.00256868,0.00550921,3.10312,0.0094463,3.0507,1.67156,0.000330998,0.0624534,0.000287692,0.00225323,0.000107885,0.000892918,0.0624534,2.94215,1.87959e-06,4.49325,0.115785
2015.6250,290.499,290.655,3.60553,0.186703,1.54602,0.00667931,0.00356911,0.00171384,0.0031102,9.09318e-05,0.000132726,7.70902e-05,3.14318e-06,0.00815172,0.014903,0.0392523,0.269407,0.0101824,0.000539031,2.68243e-07,1.18754e-06,2.17679e-05,2.95941e-07,6.39296e-05,4.25422e-05,2.05603e-06,9.22383e-09,2.45723e-06,2.53569e-06,11.9409,45.972,7.39723,0.288079,31.0712,0.107704,8.80711,0.00743906,0.107704,2.6718,0.141038,3.25432,0.000962549,0.00529063,3.10153,0.00430818,0.0134998,0.00256439,0.00549501,3.10153,0.00951735,3.0507,1.67156,0.000313433,0.0624035,0.000287212,0.00224997,0.000107704,0.000890601,0.0624035,2.28981,1.45578e-06,4.54367,0.115143
2015.7083,285.134,285.79,2.9215,0.215052,0.674291,0.00388828,0.00258658,0.00237232,0.00130171,4.23346e-05,7.6674e-05,3.62055e-05,8.49634e-07,0.00582379,0.0114307,0.0191501,0.251823,0.00538871,0.00747243,4.80344e-08,1.18169e-06,1.99057e-05,6.22323e-07,1.33886e-05,7.05601e-05,1.45813e-06,1.81313e-08,1.64481e-06,4.51983e-06,11.9554,46.0268,7.40204,0.341608,31.0619,0.0887595,8.79241,0.00700475,0.0887595,2.66796,0.140908,3.2547,0.000965255,0.00664679,3.10069,0.00354937,0.0134801,0.00211332,0.00548715,3.10069,0.00951165,3.05075,1.67157,0.000385419,0.0623807,0.000236603,0.00224668,8.87595e-05,0.000889321,0.0623807,1.29414,1.22972e-06,4.55332,0.0957643
2015.7917,280.565,281.45,0,0.199393,0,0,0.0011282,0.00301289,-0.0011282,0,0,0,0,0,0,0,0,0,0.000529539,0,1.12596e-06,1.5442e-06,3.09859e-07,2.41757e-07,0,7.78255e-08,1.62154e-08,1.99092e-06,0,11.7543,46.1099,7.3121,0.5835,31.1046,0,8.77773,0.00659567,0,2.66744,0.136508,3.25894,0.000154545,0.0126019,3.10419,0,0.0134602,0,0.00548608,3.10419,0.00926797,3.05099,1.6716,0.000711511,0.062502,0,0.00224337,0,0.000889148,0.062502,0.406918,1.12596e-06,4.44221,0.00659567
2015.8750,274.447,275.354,0,0.2207,0,0,0.000776505,0.00206394,-0.000776505,0,0,0,0,0,0,0,0,0,0.000528655,0,1.06074e-06,6.39084e-06,2.77114e-07,1.74366e-05,0,3.82189e-07,1.32247e-08,2.06004e-06,0,11.7075,46.0056,7.29989,0.499148,31.1286,0,8.76307,0.0062106,0,2.67036,0.13628,3.25895,0.00049613,0.0104625,3.10622,0,0.0134402,0,0.00549205,3.10622,0.0092525,3.05099,1.67166,0.000596198,0.062567,0,0.00224004,0,0.000890121,0.062567,0.375579,1.06074e-06,4.40763,0.0062106
2015.9583,275.234,275.897,0,0.17461,0,0,0.000656115,0.00177497,-0.000656115,0,0,0,0,0,0,0,0,0,0.000527758,0,9.92038e-07,1.16071e-05,3.53392e-07,2.28657e-05,0,8.40495e-07,9.51432e-09,2.00332e-06,0,11.667,45.9259,7.2875,0.445466,31.1387,0,8.7482,0.00584219,0,2.67465,0.136048,3.25877,0.000947225,0.00913964,3.10714,0,0.0134198,0,0.00550078,3.10714,0.00923679,3.05099,1.67172,0.000522414,0.062592,0,0.00223664,0,0.000891549,0.062592,0.362039,9.92038e-07,4.37952,0.00584219
2016.0417,275.208,275.802,0,0.1633,0,0,0.00069059,0.00148678,-0.00069059,0,0,0,0,0,0,0,0,0,0.000526905,0,9.42396e-07,1.28331e-05,5.66433e-07,2.61132e-05,0,1.21876e-06,6.97939e-09,1.83467e-06,0,11.6308,45.861,7.27573,0.408589,31.1427,0,8.73407,0.00551176,0,2.67888,0.135829,3.25854,0.0014324,0.00823866,3.10753,0,0.0134003,0,0.00550936,3.10753,0.00922188,3.05099,1.67178,0.000472086,0.0625997,0,0.00223338,0,0.000892959,0.0625997,0.74362,9.42396e-07,4.35511,0.00551176
2016.1250,275.922,275.843,0,0.284424,0,0,0.000836502,0.00140016,-0.000836502,0,0,0,0,0,0,0,0,0,0.000526054,0,9.05934e-07,2.01134e-05,1.1449e-06,3.14438e-05,0,1.24519e-06,1.11655e-08,1.84916e-06,0,11.5908,45.798,7.26398,0.381717,31.1423,0,8.71996,0.00520032,0,2.68316,0.135609,3.25807,0.00180207,0.0075828,3.10756,0,0.0133807,0,0.00551802,3.10756,0.00920698,3.05099,1.67183,0.00043599,0.0625959,0,0.00223011,0,0.000894387,0.0625959,0.788895,9.05934e-07,4.32687,0.00520032
2016.2083,286.314,285.402,1.86743,0.183015,1.00512,0.0044422,0.00229705,0.00178915,0.00214515,3.2616e-05,0.000111981,2.83217e-05,3.02013e-07,0.00397338,0.0243646,0.0190425,0.4364,0.00658393,0.000525909,1.4543e-08,8.93985e-07,2.90885e-05,2.08805e-06,4.7828e-05,2.78376e-05,2.73843e-06,1.75621e-08,2.50368e-06,1.61299e-06,11.569,45.7454,7.26032,0.355043,31.1372,0.0576075,8.8159,0.00740189,0.0576075,2.68411,0.135646,3.25733,0.00203422,0.00692604,3.10721,0.0023043,0.0135136,0.00137161,0.00551986,3.10721,0.00920662,3.05099,1.67188,0.000399969,0.0625787,0.00015362,0.00225226,5.76075e-05,0.000894704,0.0625787,1.80883,9.08528e-07,4.30869,0.0650094
2016.2917,288.159,287.363,3.76073,0.2009,1.8072,0.00952687,0.00367036,0.0017821,0.00585651,0.000118071,0.000158125,0.00010148,2.4803e-06,0.00827382,0.0150442,0.0306931,0.374845,0.0150605,0.000529243,1.56102e-07,9.37226e-07,2.44093e-05,7.31363e-07,5.53019e-05,6.31132e-05,2.20955e-06,9.78884e-09,2.5779e-06,3.78938e-06,11.68,45.823,7.29691,0.332908,31.1274,0.111858,8.90543,0.00927844,0.111858,2.68276,0.136918,3.25655,0.00129059,0.00638478,3.10644,0.0044743,0.0136388,0.00266328,0.00551733,3.10644,0.00927998,3.05099,1.67186,0.000370679,0.0625485,0.000298287,0.00227313,0.000111858,0.000894252,0.0625485,2.70596,1.09333e-06,4.38309,0.121136
2016.3750,293.908,292.676,3.75862,0.188316,2.49334,0.00994582,0.00441329,0.00198832,0.00553254,0.000196864,0.000161041,0.000164127,1.00586e-05,0.0137996,0.0173006,0.0543441,0.229137,0.0155931,0.000534032,9.52202e-07,1.00784e-06,1.67252e-05,1.68819e-07,6.75618e-05,6.4198e-05,1.52355e-06,6.69132e-09,2.88257e-06,3.927e-06,11.8353,45.9406,7.35033,0.313984,31.113,0.111802,8.89081,0.00874204,0.111802,2.67832,0.138661,3.25606,0.000692298,0.0059212,3.10528,0.00447206,0.0136199,0.00266194,0.00550847,3.10528,0.00938411,3.05099,1.67183,0.00034592,0.0625071,0.000298138,0.00226998,0.000111802,0.000892772,0.0625071,3.33315,1.96004e-06,4.48499,0.120544
2016.4583,297.818,296.303,3.75162,0.144626,2.86813,0.00941905,0.00486684,0.00187164,0.00455222,0.000221767,0.000159101,0.00018249,1.41598e-05,0.0165857,0.0200622,0.0700194,0.18923,0.0144966,0.000538593,1.64344e-06,1.09967e-06,1.23798e-05,1.50165e-07,6.69003e-05,5.90809e-05,1.39994e-06,5.21315e-09,2.67734e-06,3.6421e-06,11.965,46.03,7.40111,0.297953,31.0955,0.111615,8.87596,0.00823167,0.111615,2.67158,0.140287,3.25577,0.000647023,0.00553031,3.10381,0.0044646,0.0136004,0.0026575,0.0054948,3.10381,0.00948239,3.05099,1.6718,0.000325279,0.0624591,0.00029764,0.00226674,0.000111615,0.000890526,0.0624591,3.51253,2.74311e-06,4.56388,0.119847
2016.5417,296.895,296.105,3.74451,0.178116,2.40156,0.00854138,0.00472733,0.001989,0.00381405,0.000164389,0.000148544,0.000135174,1.05665e-05,0.0126421,0.0153076,0.0647288,0.215041,0.0129945,0.000543027,1.24158e-06,1.17817e-06,1.82317e-05,7.76536e-08,7.50334e-05,5.34996e-05,1.8004e-06,3.57331e-09,2.80599e-06,3.25931e-06,12.0851,46.1115,7.45039,0.284935,31.077,0.111425,8.8609,0.00774337,0.111425,2.66442,0.141853,3.25544,0.000683693,0.00521346,3.10221,0.00445702,0.0135805,0.00265299,0.0054802,3.10221,0.00957731,3.05099,1.67177,0.000308664,0.0624102,0.000297135,0.00226342,0.000111425,0.00088814,0.0624102,3.11646,2.41976e-06,4.63472,0.119169
2016.6250,292.994,292.968,3.73754,0.171612,1.61022,0.00660793,0.00394486,0.00172008,0.00266307,9.10883e-05,0.000132524,7.67813e-05,3.6639e-06,0.0084226,0.0159745,0.0474088,0.259086,0.00977569,0.000546341,3.60811e-07,1.20937e-06,2.07802e-05,1.05868e-07,6.68842e-05,4.07392e-05,2.18374e-06,2.68541e-09,2.39033e-06,2.43127e-06,12.1663,46.1554,7.48677,0.274142,31.0579,0.111239,8.8461,0.00729115,0.111239,2.65711,0.143057,3.25497,0.000980585,0.00495314,3.10052,0.00444958,0.0135608,0.00264856,0.00546523,3.10052,0.00964813,3.05099,1.67176,0.000295134,0.0623618,0.000296638,0.00226013,0.000111239,0.000885705,0.0623618,2.181,1.57018e-06,4.67952,0.118531
2016.7083,284.937,285.641,3.05273,0.178935,0.752133,0.00387751,0.00259642,0.00216925,0.00128109,4.56684e-05,7.58749e-05,3.87244e-05,7.8453e-07,0.00639413,0.0111205,0.0180504,0.229005,0.00518266,0.00770707,3.76128e-08,1.19909e-06,2.03196e-05,1.26846e-07,1.02076e-05,7.14197e-05,1.92471e-06,2.31918e-09,1.36639e-06,4.58794e-06,12.1721,46.2081,7.48923,0.332789,31.0491,0.0916727,8.83133,0.00686548,0.0916727,2.65415,0.142844,3.25542,0.00100158,0.00643591,3.09968,0.00366606,0.0135409,0.00218268,0.00545915,3.09968,0.00963772,3.05104,1.67176,0.000374087,0.0623423,0.000244377,0.00225681,9.16727e-05,0.000884717,0.0623423,1.22104,1.2367e-06,4.68283,0.0985382
2016.7917,279.736,280.833,0,0.212433,0,0,0.00114864,0.00295468,-0.00114864,0,0,0,0,0,0,0,0,0,0.00053632,0,1.14579e-06,1.69352e-06,4.94063e-08,-1.62405e-06,0,7.68301e-08,2.55284e-09,1.80295e-06,0,11.9633,46.2976,7.39661,0.588568,31.0918,0,8.81658,0.00646453,0,2.65388,0.138301,3.25976,0.000144715,0.0127134,3.10315,0,0.0135209,0,0.00545857,3.10315,0.00938632,3.05129,1.67179,0.000718584,0.0624651,0,0.00225348,0,0.000884627,0.0624651,0.528246,1.14579e-06,4.56672,0.00646453
2016.8750,272.875,273.752,0,0.251035,0,0,0.00085336,0.00173822,-0.00085336,0,0,0,0,0,0,0,0,0,0.000535424,0,1.07979e-06,4.25298e-06,1.04066e-07,1.31471e-05,0,2.30312e-07,4.64674e-09,1.62077e-06,0,11.9163,46.2004,7.38426,0.510469,31.1154,0,8.80186,0.00608712,0,2.65829,0.13807,3.25981,0.000419064,0.0107336,3.10512,0,0.0135007,0,0.0054676,3.10512,0.00937065,3.05129,1.67184,0.000612825,0.0625304,0,0.00225012,0,0.000886098,0.0625304,0.569921,1.07979e-06,4.532,0.00608712
2016.9583,272.177,272.362,0,0.415927,0,0,0.000792626,0.00105402,-0.000792626,0,0,0,0,0,0,0,0,0,0.000534516,0,1.02088e-06,4.08204e-06,2.00891e-07,1.03529e-05,0,1.58465e-07,5.17263e-09,1.08457e-06,0,11.8729,46.1395,7.37173,0.475421,31.1238,0,8.78692,0.00572603,0,2.66737,0.137836,3.25982,0.000772763,0.00988376,3.10584,0,0.0134802,0,0.00548617,3.10584,0.00935475,3.05129,1.67188,0.000566655,0.0625527,0,0.00224669,0,0.000889123,0.0625527,0.501611,1.02088e-06,4.50115,0.00572603
2017.0417,273.721,273.802,0,0.276521,0,0,0.00085108,0.00162131,-0.00085108,0,0,0,0,0,0,0,0,0,0.000533652,0,9.69271e-07,1.17507e-05,3.77347e-07,2.15405e-05,0,5.61783e-07,6.98168e-09,1.82768e-06,0,11.8307,46.0759,7.35982,0.43988,31.1308,0,8.77273,0.00540217,0,2.67444,0.137613,3.25968,0.00110179,0.00900203,3.10647,0,0.0134605,0,0.00550059,3.10647,0.00933964,3.05129,1.67192,0.000517717,0.0625706,0,0.00224341,0,0.000891479,0.0625706,0.37851,9.69271e-07,4.4709,0.00540217
2017.1250,278.077,277.795,0,0.240202,0,0,0.000981463,0.0017252,-0.000981463,0,0,0,0,0,0,0,0,0,0.00053279,0,9.31043e-07,1.80787e-05,1.89743e-06,3.1183e-05,0,1.09212e-06,2.81154e-08,2.12766e-06,0,11.785,45.996,7.34794,0.398544,31.1351,0,8.75856,0.00509692,0,2.67737,0.137391,3.2593,0.00153357,0.00798737,3.10688,0,0.0134407,0,0.00550645,3.10688,0.00932455,3.05129,1.67198,0.00046035,0.0625792,0,0.00224012,0,0.000892458,0.0625792,1.30657,9.31043e-07,4.43703,0.00509692
2017.2083,285.774,284.724,0.296659,0.209342,0.23145,0.00117893,0.00150134,0.00195049,-0.000322414,6.75462e-06,3.51272e-05,5.83201e-06,7.97664e-08,0.00115143,0.0124362,0.00760614,0.159296,0.00156071,0.000531944,4.64609e-09,9.27681e-07,3.13446e-05,2.38457e-06,4.61812e-05,6.56115e-06,2.30203e-06,2.63331e-08,2.61586e-06,3.75854e-07,11.7356,45.9117,7.33618,0.364603,31.1331,0.00947833,8.76239,0.00522279,0.00947833,2.67831,0.137179,3.2586,0.00195591,0.00715712,3.1068,0.000379133,0.0134458,0.000225674,0.00550814,3.1068,0.00930995,3.05129,1.67205,0.000413879,0.0625704,2.52755e-05,0.00224096,9.47832e-06,0.000892769,0.0625704,1.50113,9.32327e-07,4.39944,0.0147011
2017.2917,290.581,289.51,3.62039,0.177812,2.20192,0.0093302,0.00369832,0.00191887,0.00563188,8.2657e-05,0.000157,7.10273e-05,1.7249e-06,0.0059863,0.0163801,0.0395336,0.487557,0.0136158,0.000533598,1.32548e-07,9.60864e-07,2.8804e-05,1.43813e-06,5.65858e-05,5.70396e-05,2.72442e-06,1.70104e-08,2.7264e-06,3.42133e-06,11.796,45.9327,7.35384,0.336524,31.1244,0.107966,8.9396,0.00921814,0.107966,2.67578,0.137945,3.25765,0.00159348,0.0064718,3.10614,0.00431864,0.0136918,0.00257062,0.005503,3.10614,0.00935338,3.05129,1.67207,0.000376099,0.0625429,0.000287909,0.00228196,0.000107966,0.000891928,0.0625429,2.8337,1.09341e-06,4.44215,0.117184
2017.3750,296.329,294.056,4.12983,0.115535,2.97881,0.0096675,0.00461198,0.00159811,0.00505552,0.000165542,0.000157135,0.000139645,6.5873e-06,0.0119976,0.0172875,0.0572471,0.237769,0.0139534,0.00053749,6.77889e-07,1.03328e-06,5.70599e-06,5.97594e-07,5.09652e-05,5.7287e-05,8.9432e-07,8.86534e-09,2.29085e-06,3.51033e-06,11.9452,46.0483,7.39785,0.317098,31.1126,0.121599,8.95157,0.00927134,0.121599,2.67339,0.139527,3.25721,0.000994186,0.00599958,3.10519,0.00486398,0.0137098,0.00289522,0.00549841,3.10519,0.00944768,3.05129,1.67204,0.000350653,0.0625083,0.000324265,0.00228497,0.000121599,0.000891131,0.0625083,3.34435,1.71117e-06,4.5474,0.130871
2017.4583,297.747,296.135,4.12207,0.105866,2.7659,0.00749738,0.00428496,0.00120635,0.00321243,0.000163005,0.000150039,0.0001356,8.72817e-06,0.0155806,0.0278136,0.0666871,0.176345,0.0105013,0.00054082,9.89276e-07,1.11792e-06,1.61067e-06,2.73785e-07,3.77263e-05,4.25253e-05,3.39942e-07,5.01051e-09,1.6947e-06,2.6118e-06,12.0496,46.13,7.43524,0.30461,31.1025,0.121396,8.93662,0.00873006,0.121396,2.67323,0.140831,3.25717,0.000772981,0.0056968,3.10437,0.00485585,0.0136905,0.00289039,0.00549835,3.10437,0.00952635,3.05129,1.672,0.000334509,0.0624795,0.000323724,0.00228174,0.000121396,0.000891077,0.0624795,3.22429,2.10719e-06,4.61439,0.130126
2017.5417,298.824,297.293,4.11419,0.097042,2.03358,0.00503358,0.00402503,0.00113804,0.00100855,8.83741e-05,0.000126024,7.34832e-05,4.75931e-06,0.0114878,0.0297604,0.0613053,0.180681,0.0065963,0.000542851,5.78098e-07,1.16636e-06,3.44884e-06,1.73187e-07,3.66514e-05,2.68839e-05,6.17619e-07,3.24842e-09,1.58309e-06,1.61021e-06,12.0917,46.1557,7.45732,0.29579,31.0939,0.12119,8.92146,0.0082122,0.12119,2.6743,0.141643,3.25713,0.000850421,0.00548155,3.10366,0.00484761,0.0136706,0.00288548,0.00550076,3.10366,0.00957419,3.05129,1.67199,0.000322937,0.0624554,0.000323174,0.00227843,0.00012119,0.000891434,0.0624554,2.42938,1.74446e-06,4.63442,0.129403
2017.6250,293.319,293.135,4.10645,0.126181,1.56418,0.00539613,0.00358067,0.00115871,0.00181546,8.25291e-05,0.000129281,6.97243e-05,3.16113e-06,0.00953228,0.019761,0.0474078,0.209499,0.00733296,0.000544421,3.12092e-07,1.18562e-06,7.8634e-06,1.63042e-07,3.90457e-05,3.01265e-05,1.04883e-06,2.37618e-09,1.60218e-06,1.80035e-06,12.1177,46.167,7.47401,0.288598,31.0853,0.120988,8.90656,0.0077326,0.120988,2.67541,0.14229,3.25704,0.00101541,0.00530466,3.10292,0.00483952,0.0136508,0.00288067,0.00550317,3.10292,0.00961105,3.05129,1.67198,0.000313445,0.0624322,0.000322635,0.00227514,0.000120988,0.000891802,0.0624322,2.15376,1.49772e-06,4.6437,0.128721
2017.7083,285.175,285.78,3.3514,0.169296,0.732529,0.00400257,0.00266284,0.00207247,0.00133972,5.15508e-05,7.56894e-05,4.34047e-05,1.04085e-06,0.00663964,0.010547,0.0179848,0.190526,0.00502727,0.00833194,5.20902e-08,1.17505e-06,1.67373e-05,8.45954e-08,8.55207e-06,7.49151e-05,1.73593e-06,1.77679e-09,1.37197e-06,4.84166e-06,12.1102,46.2219,7.46866,0.354644,31.0812,0.0997065,8.89169,0.00728115,0.0997065,2.67586,0.14183,3.25769,0.000848723,0.00696348,3.10254,0.00398741,0.013631,0.00237396,0.00550419,3.10254,0.00958658,3.05134,1.67198,0.000401872,0.0624229,0.000265804,0.00227183,9.97065e-05,0.000891955,0.0624229,1.22365,1.22714e-06,4.64153,0.106988
2017.7917,278.101,279.075,0,0.224729,0,0,0.00109528,0.00281045,-0.00109528,0,0,0,0,0,0,0,0,0,0.000532703,0,1.12992e-06,7.70185e-08,2.37113e-08,-5.25252e-06,0,3.70139e-09,1.36773e-09,1.62818e-06,0,11.8889,46.3377,7.36747,0.651121,31.1209,0,8.87684,0.00685593,0,2.67677,0.136877,3.26253,0.000113489,0.0142459,3.10578,0,0.013611,0,0.00550609,3.10578,0.00931272,3.05161,1.67201,0.000802284,0.0625364,0,0.00226849,0,0.000892258,0.0625364,0.731206,1.12992e-06,4.5214,0.00685593
2017.8750,273.341,274.228,0,0.27277,0,0,0.000868608,0.00202974,-0.000868608,0,0,0,0,0,0,0,0,0,0.000531813,0,1.07254e-06,3.03857e-06,2.89528e-08,9.95094e-06,0,1.52901e-07,1.55428e-09,1.80433e-06,0,11.8409,46.2331,7.35517,0.561598,31.1497,0,8.86202,0.00645567,0,2.68087,0.136648,3.26262,0.000291284,0.0119616,3.1082,0,0.0135908,0,0.0055145,3.1082,0.00929717,3.05161,1.67206,0.000680904,0.0626155,0,0.00226514,0,0.000893623,0.0626155,0.571424,1.07254e-06,4.48575,0.00645567
2017.9583,272.435,272.731,0,0.486675,0,0,0.000772489,0.00110704,-0.000772489,0,0,0,0,0,0,0,0,0,0.00053091,0,1.01526e-06,3.73057e-06,8.48741e-08,1.03832e-05,0,1.67168e-07,2.76409e-09,1.10585e-06,0,11.7978,46.1651,7.34269,0.516806,31.161,0,8.84698,0.00607272,0,2.68949,0.136416,3.26262,0.000623252,0.0108679,3.10918,0,0.0135702,0,0.00553218,3.10918,0.00928139,3.05161,1.6721,0.000621844,0.062645,0,0.00226171,0,0.000896497,0.062645,0.566839,1.01526e-06,4.45511,0.00607272
2018.0417,272.017,272.331,0,0.629464,0,0,0.000791243,0.000764401,-0.000791243,0,0,0,0,0,0,0,0,0,0.000530053,0,9.80171e-07,1.24628e-06,1.96261e-07,8.95315e-06,0,7.17294e-08,3.63354e-09,8.10626e-07,0,11.7571,46.1132,7.33083,0.489895,31.167,0,8.83269,0.00572925,0,2.6992,0.136196,3.26261,0.000931165,0.01022,3.10971,0,0.0135506,0,0.00555207,3.10971,0.0092664,3.05161,1.67213,0.00058703,0.0626602,0,0.00225843,0,0.000899733,0.0626602,1.43929,9.80171e-07,4.42623,0.00572925
2018.1250,274.878,274.337,0,0.347712,0,0,0.000877945,0.00151891,-0.000877945,0,0,0,0,0,0,0,0,0,0.000529197,0,9.65718e-07,1.02425e-05,2.52226e-07,1.66987e-05,0,5.19518e-07,3.43853e-09,1.75483e-06,0,11.7142,46.0599,7.31899,0.464147,31.173,0,8.81842,0.00540552,0,2.70854,0.135976,3.26258,0.00119358,0.00958264,3.11025,0,0.0135308,0,0.00557116,3.11025,0.00925144,3.05161,1.67216,0.000551427,0.0626749,0,0.00225513,0,0.000902847,0.0626749,0.994409,9.65718e-07,4.39526,0.00540552
2018.2083,285.392,283.916,0,0.176689,0,0,0.00121611,0.00218146,-0.00121611,0,0,0,0,0,0,0,0,0,0.000528313,0,9.41242e-07,2.20394e-05,6.1834e-07,3.70613e-05,0,1.76151e-06,6.24677e-09,2.77015e-06,0,11.666,45.9732,7.30676,0.417358,31.1785,0,8.80369,0.00508983,0,2.71133,0.135749,3.26219,0.0016223,0.00842505,3.11081,0,0.0135102,0,0.00557669,3.11081,0.00923599,3.05161,1.67223,0.000485354,0.0626852,0,0.0022517,0,0.000903775,0.0626852,1.11563,9.41242e-07,4.35925,0.00508983
2018.2917,292.895,291.291,1.5197,0.174994,1.20216,0.00476748,0.00282922,0.00235738,0.00193826,3.80048e-05,0.000100758,3.26827e-05,7.10774e-07,0.0039258,0.0229608,0.0333221,0.393045,0.00756159,0.000528334,6.16942e-08,9.40401e-07,3.52091e-05,8.37782e-07,5.76108e-05,3.22346e-05,3.3201e-06,6.62244e-09,3.28849e-06,1.87333e-06,11.6314,45.8871,7.30478,0.37289,31.1749,0.0469915,8.8879,0.00703697,0.0469915,2.70791,0.135789,3.26135,0.00199524,0.00733842,3.11066,0.00187966,0.0136268,0.00111884,0.0055695,3.11066,0.00923589,3.05161,1.67231,0.000423882,0.0626685,0.000125311,0.00227113,4.69915e-05,0.000902637,0.0626685,2.23396,1.00209e-06,4.32661,0.0540285
2018.3750,297.98,296.111,3.37608,0.139252,2.98161,0.00886802,0.00460737,0.00219853,0.00426065,0.00011009,0.000154815,9.3319e-05,3.79041e-06,0.00879395,0.0214844,0.0673409,0.383725,0.0143999,0.000532984,4.37014e-07,1.01159e-06,2.28699e-05,4.57719e-07,6.63465e-05,6.0793e-05,2.64523e-06,5.42895e-09,3.20845e-06,3.60774e-06,11.7235,45.928,7.35513,0.340725,31.1624,0.101499,8.98794,0.00917438,0.101499,2.70138,0.137215,3.26045,0.00138129,0.00655456,3.10974,0.00405997,0.0137664,0.00241665,0.00555625,3.10974,0.00931773,3.05161,1.67231,0.00038064,0.062628,0.000270665,0.00229441,0.000101499,0.000900459,0.062628,3.49391,1.4486e-06,4.36838,0.110674
2018.4583,299.166,297.43,3.37862,0.136866,2.49685,0.00822726,0.00460838,0.0017294,0.00361888,0.000141509,0.000148797,0.000118819,6.2367e-06,0.0117496,0.022957,0.070269,0.261042,0.0133206,0.00053764,7.6469e-07,1.10035e-06,1.30281e-05,3.22322e-07,5.61785e-05,5.5569e-05,1.45302e-06,3.98075e-09,2.52773e-06,3.33182e-06,11.8118,45.9809,7.40556,0.321581,31.1493,0.101569,8.97344,0.00864975,0.101569,2.69817,0.138668,3.26014,0.00111939,0.00609102,3.10871,0.00406276,0.0137476,0.00241831,0.0055499,3.10871,0.00940249,3.05161,1.67229,0.000355792,0.062589,0.00027085,0.00229127,0.000101569,0.000899389,0.062589,3.33105,1.86504e-06,4.40627,0.110219
2018.5417,296.656,295.879,3.37228,0.172821,2.43818,0.00800379,0.00442862,0.00209141,0.00357516,0.00012924,0.00014687,0.000107869,6.42683e-06,0.0106636,0.017072,0.0638408,0.270808,0.013003,0.000542554,7.45922e-07,1.1741e-06,2.16701e-05,9.3101e-08,7.47468e-05,5.44002e-05,2.13266e-06,2.6848e-09,3.04354e-06,3.25109e-06,11.9147,46.0409,7.45886,0.304122,31.1314,0.101396,8.95821,0.00813665,0.101396,2.69068,0.140239,3.25958,0.000903629,0.00566395,3.10723,0.00405586,0.0137276,0.0024142,0.00553466,3.10723,0.00949481,3.05161,1.67227,0.000332952,0.0625383,0.000270391,0.00228794,0.000101396,0.000896894,0.0625383,3.15724,1.92003e-06,4.45584,0.109533
2018.6250,291.33,291.533,3.36606,0.14223,1.73197,0.00639587,0.00357281,0.00155477,0.00282306,0.000107235,0.000131957,9.10218e-05,3.60198e-06,0.0101498,0.0172066,0.0427686,0.230446,0.0102584,0.000546307,3.28953e-07,1.21268e-06,1.40422e-05,1.40781e-07,5.74159e-05,4.28157e-05,1.6652e-06,2.22507e-09,2.23119e-06,2.54776e-06,11.9914,46.0822,7.49909,0.29117,31.1143,0.101227,8.94325,0.00766146,0.101227,2.68535,0.141481,3.25919,0.00105944,0.00535187,3.10578,0.00404909,0.0137078,0.00241017,0.0055238,3.10578,0.00956701,3.05161,1.67226,0.000316608,0.0624924,0.000269939,0.00228463,0.000101227,0.000895117,0.0624924,2.20093,1.54163e-06,4.49234,0.108889
2018.7083,285.513,286.059,2.75155,0.170189,0.759312,0.00389451,0.00256661,0.00216794,0.0013279,5.51743e-05,7.91933e-05,4.65596e-05,1.06648e-06,0.00746809,0.0125562,0.0193866,0.213428,0.00571034,0.00706317,5.63432e-08,1.19923e-06,1.8496e-05,1.01851e-07,1.19057e-05,6.92988e-05,1.85122e-06,1.87065e-09,1.49512e-06,4.42418e-06,12.0055,46.1375,7.50773,0.342268,31.1062,0.0834216,8.92832,0.00721417,0.0834216,2.68351,0.141446,3.25961,0.000947142,0.0066431,3.10505,0.00333582,0.0136878,0.00198623,0.00552006,3.10505,0.00956658,3.05166,1.67226,0.000384943,0.0624725,0.000222369,0.0022813,8.34216e-05,0.000894502,0.0624725,1.22835,1.25557e-06,4.49781,0.0906358
2018.7917,280.277,281.185,0,0.223175,0,0,0.00110142,0.00300822,-0.00110142,0,0,0,0,0,0,0,0,0,0.000537971,0,1.15304e-06,1.54034e-06,3.87819e-08,1.23643e-06,0,7.56981e-08,1.66164e-09,2.00961e-06,0,11.8157,46.2139,7.42455,0.567913,31.1467,0,8.91341,0.00679286,0,2.68351,0.137341,3.26359,0.000183868,0.0121739,3.10837,0,0.0136676,0,0.00552009,3.10837,0.00933926,3.05188,1.67229,0.000687416,0.0625876,0,0.00227794,0,0.000894505,0.0625876,0.822377,1.15304e-06,4.39119,0.00679286
2018.8750,273.255,274.34,0,0.375951,0,0,0.000808208,0.00162548,-0.000808208,0,0,0,0,0,0,0,0,0,0.000537072,0,1.09844e-06,4.99433e-06,1.26242e-07,1.58197e-05,0,2.68594e-07,4.43038e-09,1.6103e-06,0,11.7685,46.1103,7.41215,0.48637,31.169,0,8.89852,0.00639628,0,2.68645,0.137112,3.2636,0.000575613,0.0101199,3.11026,0,0.0136474,0,0.0055261,3.11026,0.00932366,3.05188,1.67236,0.00057674,0.0626477,0,0.00227457,0,0.000895485,0.0626477,0.704309,1.09844e-06,4.35632,0.00639628
2018.9583,272.449,272.599,0,0.897283,0,0,0.000698892,0.000529765,-0.000698892,0,0,0,0,0,0,0,0,0,0.000536161,0,1.04679e-06,1.54078e-06,3.12254e-07,7.04326e-06,0,9.68932e-08,6.49083e-09,5.44129e-07,0,11.7271,46.0608,7.39957,0.462624,31.174,0,8.88342,0.00601685,0,2.69706,0.136879,3.26363,0.000918975,0.00957532,3.11071,0,0.0136267,0,0.00554787,3.11071,0.00930784,3.05188,1.67238,0.000547651,0.0626607,0,0.00227111,0,0.00089902,0.0626607,0.643954,1.04679e-06,4.32753,0.00601685
2019.0417,273.103,273.161,0,0.93055,0,0,0.000667606,0.00033464,-0.000667606,0,0,0,0,0,0,0,0,0,0.000535295,0,9.88772e-07,3.70845e-06,2.81556e-07,5.17671e-06,0,3.85319e-07,4.89763e-09,3.78007e-07,0,11.6903,46.032,7.38762,0.456752,31.1751,0,8.86907,0.00567654,0,2.70983,0.136658,3.26364,0.00112688,0.00948548,3.1108,0,0.0136069,0,0.00557405,3.1108,0.0092928,3.05188,1.67239,0.000543937,0.0626637,0,0.00226781,0,0.000903277,0.0626637,0.373462,9.88772e-07,4.30268,0.00567654
2019.1250,273.425,273.668,0,0.596127,0,0,0.000727151,0.00144298,-0.000727151,0,0,0,0,0,0,0,0,0,0.00053443,0,9.3853e-07,1.0037e-05,2.99427e-07,1.82149e-05,0,6.16009e-07,4.52407e-09,1.71789e-06,0,11.6521,45.9891,7.37569,0.436202,31.1807,0,8.85475,0.00535579,0,2.72007,0.136438,3.26361,0.00136054,0.00892744,3.11129,0,0.013587,0,0.00559498,3.11129,0.00927779,3.05188,1.67242,0.000513244,0.0626781,0,0.0022645,0,0.00090669,0.0626781,0.584483,9.3853e-07,4.27643,0.00535579
2019.2083,284.141,283.071,0,0.22545,0,0,0.00110461,0.00212116,-0.00110461,0,0,0,0,0,0,0,0,0,0.000533538,0,9.07251e-07,2.62291e-05,2.15325e-06,4.20831e-05,0,1.80178e-06,2.54037e-08,2.72424e-06,0,11.6059,45.9042,7.36337,0.392056,31.1843,0,8.83996,0.00504301,0,2.72196,0.13621,3.26313,0.00183576,0.00781122,3.11167,0,0.0135663,0,0.00559866,3.11167,0.0092623,3.05188,1.67249,0.000450535,0.0626841,0,0.00226105,0,0.000907319,0.0626841,1.2789,9.07251e-07,4.24249,0.00504301
2019.2917,287.453,286.621,1.29363,0.213908,0.537793,0.00449986,0.00226324,0.0020182,0.00223662,3.42896e-05,9.51471e-05,2.96442e-05,4.41881e-07,0.00337507,0.0175207,0.0195505,0.398905,0.00757134,0.000533374,2.68139e-08,9.09233e-07,3.4434e-05,2.14469e-06,5.34358e-05,3.24311e-05,2.75072e-06,2.07249e-08,2.8111e-06,1.8795e-06,11.5769,45.8323,7.35922,0.356331,31.1791,0.0398923,8.89754,0.00639512,0.0398923,2.71996,0.13622,3.26218,0.00209534,0.00693562,3.11133,0.00159569,0.0136459,0.000949818,0.00559433,3.11133,0.00926044,3.05188,1.67256,0.000401934,0.0626653,0.00010638,0.00227431,3.98923e-05,0.000906652,0.0626653,1.9116,9.36047e-07,4.21766,0.0462875
2019.3750,294.002,292.564,3.91221,0.176943,2.67661,0.0102701,0.00447475,0.0020789,0.0057953,0.000146093,0.000162438,0.000123726,5.1927e-06,0.00996161,0.0151461,0.053539,0.377031,0.0175416,0.000538122,4.91901e-07,9.69715e-07,2.47264e-05,1.21904e-06,6.52024e-05,7.40527e-05,2.42054e-06,2.18283e-08,3.00993e-06,4.4192e-06,11.697,45.9085,7.41015,0.329538,31.1669,0.115871,9.02058,0.00908964,0.115871,2.71513,0.137847,3.26128,0.001184,0.0062802,3.11039,0.00463482,0.0138172,0.00275882,0.00558455,3.11039,0.00935411,3.05188,1.67254,0.000366304,0.0626279,0.000308988,0.00230287,0.000115871,0.000905044,0.0626279,3.26878,1.46162e-06,4.28683,0.12496
2019.4583,297.66,295.962,3.95608,0.143862,2.97221,0.00982663,0.0049463,0.00192978,0.00488032,0.000283893,0.000159498,0.000232297,1.97048e-05,0.0206466,0.0190033,0.0681956,0.167662,0.0165795,0.000543997,2.2619e-06,1.06054e-06,1.07864e-05,2.55393e-07,6.57091e-05,6.74679e-05,1.35272e-06,9.83352e-09,2.79654e-06,4.17118e-06,11.8453,46.0154,7.47371,0.310021,31.151,0.117037,9.00798,0.00861291,0.117037,2.70902,0.139832,3.26088,0.000570195,0.00580408,3.1091,0.00468149,0.013801,0.0027866,0.00557221,3.1091,0.00947317,3.05188,1.67249,0.000340842,0.0625823,0.000312099,0.00230017,0.000117037,0.000903007,0.0625823,3.51804,3.32244e-06,4.3716,0.12565
2019.5417,295.024,294.353,3.94855,0.158005,2.2695,0.00852338,0.00449558,0.00170502,0.0040278,0.000275622,0.000147212,0.000224885,1.99291e-05,0.0211893,0.0155939,0.0569875,0.138176,0.0142275,0.000548968,2.14235e-06,1.13929e-06,9.10023e-06,1.07544e-07,6.12957e-05,5.73411e-05,8.41275e-07,5.0362e-09,2.4474e-06,3.56869e-06,11.9603,46.0959,7.5271,0.296074,31.1353,0.116839,8.99269,0.00810199,0.116839,2.70421,0.141506,3.2608,0.000490943,0.00546521,3.10778,0.00467355,0.0137809,0.00278187,0.00556247,3.10778,0.00957624,3.05188,1.67245,0.000322941,0.0625391,0.00031157,0.00229682,0.000116839,0.000901402,0.0625391,3.01153,3.28164e-06,4.43324,0.124941
2019.6250,291.795,291.634,3.94116,0.163236,1.85811,0.00697811,0.00381806,0.00168424,0.00316005,0.000152281,0.000133126,0.00012673,8.06609e-06,0.0131822,0.0149139,0.0426334,0.182296,0.0114729,0.000552831,7.23378e-07,1.18008e-06,1.40331e-05,6.03569e-08,6.35125e-05,4.74452e-05,1.40435e-06,3.17488e-09,2.3951e-06,2.86219e-06,12.0513,46.1528,7.56812,0.284387,31.1183,0.116644,8.97768,0.00762883,0.116644,2.69876,0.142868,3.26055,0.000641287,0.00518148,3.10631,0.00466574,0.013761,0.00277723,0.00555137,3.10631,0.00965802,3.05188,1.67242,0.000308125,0.0624944,0.000311049,0.00229349,0.000116644,0.000899588,0.0624944,2.34716,1.90345e-06,4.48319,0.124272
2019.7083,287.151,287.528,3.21763,0.157294,0.898689,0.004145,0.00282895,0.00213067,0.00131605,7.9424e-05,7.87058e-05,6.42228e-05,2.35339e-06,0.00974627,0.011973,0.0221979,0.15214,0.00615965,0.00806189,1.56624e-07,1.17377e-06,1.30669e-05,9.29582e-08,1.52192e-05,7.74954e-05,1.29986e-06,2.655e-09,1.49687e-06,4.97912e-06,12.0663,46.2188,7.57477,0.346141,31.11,0.0961263,8.96269,0.00718344,0.0961263,2.69638,0.142797,3.26128,0.000666323,0.00672792,3.10554,0.00384431,0.0137409,0.00228872,0.00554652,3.10554,0.00965704,3.05194,1.67242,0.000390906,0.0624745,0.000256272,0.00229014,9.61263e-05,0.000898793,0.0624745,1.3131,1.3304e-06,4.49156,0.10331
2019.7917,282.113,282.828,0,0.196944,0,0,0.00112,0.00315716,-0.00112,0,0,0,0,0,0,0,0,0,0.000542869,0,1.12132e-06,4.04816e-07,2.76275e-08,-2.73628e-06,0,2.16647e-08,2.28758e-09,1.92457e-06,0,11.8512,46.3211,7.47844,0.624962,31.1492,0,8.94772,0.00676393,0,2.69579,0.138066,3.26595,9.06141e-05,0.013525,3.10873,0,0.0137206,0,0.00554531,3.10873,0.00939547,3.05219,1.67245,0.000765454,0.0625874,0,0.00228677,0,0.000898596,0.0625874,0.392027,1.12132e-06,4.37271,0.00676393
2019.8750,275.066,276.166,0,0.235253,0,0,0.000864458,0.00226446,-0.000864458,0,0,0,0,0,0,0,0,0,0.000541962,0,1.05611e-06,4.77401e-06,5.59022e-08,1.47713e-05,0,2.38194e-07,3.54718e-09,2.13771e-06,0,11.8034,46.2073,7.46595,0.527329,31.1787,0,8.93278,0.00636903,0,2.69784,0.137836,3.26601,0.000366615,0.0110528,3.11121,0,0.0137003,0,0.00554949,3.11121,0.00937978,3.05219,1.67251,0.000632403,0.0626682,0,0.00228338,0,0.000899281,0.0626682,0.602111,1.05611e-06,4.33748,0.00636903
2019.9583,272.873,273.456,0,0.255107,0,0,0.000733804,0.00144188,-0.000733804,0,0,0,0,0,0,0,0,0,0.000541043,0,1.00699e-06,6.57728e-06,3.22725e-07,1.6385e-05,0,3.08179e-07,1.08473e-08,1.54268e-06,0,11.7597,46.1262,7.45328,0.47266,31.1903,0,8.91762,0.00599123,0,2.70346,0.137602,3.26592,0.000795219,0.00972583,3.11224,0,0.0136795,0,0.00556096,3.11224,0.00936386,3.05219,1.67257,0.000558729,0.0626977,0,0.00227991,0,0.000901153,0.0626977,0.73772,1.00699e-06,4.30647,0.00599123
2020.0417,272.906,273.055,0,0.187349,0,0,0.000649187,0.00101583,-0.000649187,0,0,0,0,0,0,0,0,0,0.000540169,0,9.62104e-07,7.41167e-06,6.34402e-07,1.64496e-05,0,3.77281e-07,9.74747e-09,1.18936e-06,0,11.7229,46.0773,7.44124,0.447926,31.194,0,8.90321,0.00565237,0,2.71245,0.13738,3.26587,0.00119041,0.00914727,3.11257,0,0.0136596,0,0.00557935,3.11257,0.00934874,3.05219,1.6726,0.000527645,0.0627065,0,0.00227659,0,0.000904149,0.0627065,0.597518,9.62104e-07,4.28166,0.00565237
2020.1250,276.813,276.368,0,0.276494,0,0,0.00086115,0.00169664,-0.00086115,0,0,0,0,0,0,0,0,0,0.000539296,0,9.22113e-07,1.83908e-05,8.69882e-07,2.79772e-05,0,1.08188e-06,1.05326e-08,2.10549e-06,0,11.6837,46.0152,7.42922,0.415351,31.1979,0,8.88883,0.00533298,0,2.7183,0.137158,3.26554,0.00149813,0.00834015,3.11296,0,0.0136396,0,0.00559123,3.11296,0.00933364,3.05219,1.67265,0.000482304,0.0627145,0,0.00227326,0,0.0009061,0.0627145,0.902649,9.22113e-07,4.25443,0.00533298
2020.2083,287.036,285.884,0.229217,0.169298,0.177308,0.000869662,0.00132708,0.00198073,-0.000457414,5.55798e-06,3.02714e-05,4.80151e-06,5.9796e-08,0.00116077,0.0105643,0.0065269,0.126992,0.00118871,0.000538423,3.36668e-09,9.03729e-07,2.80668e-05,1.7497e-06,4.46305e-05,5.02862e-06,2.62644e-06,1.50945e-08,2.66813e-06,2.80699e-07,11.6359,45.9299,7.41713,0.378082,31.197,0.00734695,8.88592,0.00529549,0.00734695,2.71902,0.13694,3.26492,0.00197236,0.0074363,3.11298,0.000293878,0.0136353,0.000174927,0.00559251,3.11298,0.00931867,3.05219,1.67272,0.000430943,0.0627075,1.95919e-05,0.00227256,7.34695e-06,0.000906341,0.0627075,1.28092,9.07096e-07,4.21873,0.0126424
2020.2917,290.075,289.054,3.82371,0.153811,2.23537,0.00946409,0.00358398,0.00183022,0.00588011,9.98084e-05,0.000157415,8.58574e-05,1.9989e-06,0.0071321,0.0166009,0.0375344,0.448039,0.0147908,0.000540033,1.47936e-07,9.2985e-07,2.29941e-05,9.87855e-07,5.15924e-05,6.23204e-05,2.73442e-06,8.59246e-09,2.61486e-06,3.71727e-06,11.6943,45.9497,7.43364,0.348838,31.1894,0.113064,9.04275,0.00883842,0.113064,2.71719,0.137733,3.26413,0.00163747,0.00672974,3.11244,0.00452256,0.013853,0.002692,0.00558874,3.11244,0.00936324,3.05219,1.67274,0.000391551,0.0626823,0.000301504,0.00230883,0.000113064,0.000905729,0.0626823,2.7169,1.07779e-06,4.26068,0.121902
2020.3750,295.719,293.832,4.48833,0.173805,2.59136,0.0101308,0.0045823,0.00196934,0.0055485,0.00018593,0.000158212,0.000155796,8.60456e-06,0.012915,0.0177694,0.0571189,0.240669,0.0157029,0.000544143,8.51219e-07,1.01161e-06,1.59189e-05,2.63778e-07,6.27365e-05,6.49178e-05,1.2956e-06,5.00195e-09,2.86048e-06,3.95634e-06,11.8477,46.0671,7.47895,0.327505,31.1777,0.130883,9.05689,0.00896559,0.130883,2.7143,0.139476,3.26366,0.000866047,0.00621362,3.11152,0.00523531,0.0138739,0.00311626,0.00558306,3.11152,0.00946662,3.05219,1.6727,0.000363385,0.0626469,0.000349021,0.00231232,0.000130883,0.000904766,0.0626469,3.52586,1.86283e-06,4.36871,0.139848
2020.4583,297.66,296.131,4.47981,0.135828,3.4694,0.0102947,0.0049483,0.0018964,0.00534639,0.000259572,0.000161818,0.000212394,1.80038e-05,0.0181943,0.0147079,0.0688681,0.182177,0.0159141,0.000548686,2.0623e-06,1.11233e-06,1.01505e-05,8.37557e-08,6.52495e-05,6.46764e-05,1.04964e-06,3.84868e-09,2.73604e-06,4.00891e-06,12.0026,46.1779,7.52924,0.308112,31.1603,0.130664,9.04176,0.00844216,0.130664,2.70689,0.141299,3.26329,0.000576584,0.00574429,3.1101,0.00522657,0.0138541,0.00311105,0.00556801,3.1101,0.0095769,3.05219,1.67267,0.000338189,0.0625974,0.000348438,0.00230902,0.000130664,0.000902295,0.0625974,3.83882,3.17463e-06,4.47338,0.139106
2020.5417,296.299,295.462,4.47118,0.163106,2.78076,0.00868227,0.00460286,0.00193591,0.00407941,0.00019762,0.000147796,0.000161696,1.3682e-05,0.0151689,0.0162605,0.0620088,0.178869,0.0131696,0.0005528,1.54166e-06,1.2012e-06,1.54527e-05,6.24402e-08,7.05909e-05,5.37917e-05,1.42981e-06,3.28239e-09,2.76317e-06,3.30404e-06,12.1296,46.2674,7.57457,0.293777,31.1431,0.130442,9.02642,0.00794137,0.130442,2.70085,0.142894,3.26308,0.000583135,0.00539827,3.10865,0.0052177,0.0138339,0.00310577,0.00555572,3.10865,0.00967455,3.05219,1.67263,0.000319907,0.0625509,0.000347847,0.00230564,0.000130442,0.000900282,0.0625509,3.38847,2.74285e-06,4.55506,0.138384
2020.6250,292.682,292.595,4.46269,0.184053,1.58304,0.00716629,0.00403982,0.00176506,0.00312646,0.000117059,0.000132519,9.80703e-05,5.431e-06,0.0100086,0.0153291,0.0457269,0.222088,0.0106751,0.00055593,5.15357e-07,1.24203e-06,1.94432e-05,7.4292e-08,6.68432e-05,4.42792e-05,1.79835e-06,2.60183e-09,2.48316e-06,2.66558e-06,12.2194,46.3222,7.60861,0.282263,31.1256,0.130225,9.01134,0.00747759,0.130225,2.69492,0.144131,3.26272,0.000807004,0.00512163,3.10711,0.00520899,0.0138138,0.00310059,0.0055436,3.10711,0.00974811,3.05219,1.67262,0.000305398,0.0625051,0.000347266,0.00230229,0.000130225,0.000898307,0.0625051,2.28821,1.75739e-06,4.6108,0.137702
2020.7083,284.437,285.322,3.5853,0.210066,0.605695,0.00396577,0.00257881,0.00232142,0.00138696,4.71691e-05,7.20334e-05,3.9774e-05,9.83776e-07,0.0062925,0.0102961,0.0171514,0.217384,0.00518972,0.00893848,5.37826e-08,1.23595e-06,1.80017e-05,7.27155e-08,1.16983e-05,8.01445e-05,1.31914e-06,2.33928e-09,1.51342e-06,5.16579e-06,12.2295,46.3881,7.60815,0.351313,31.1166,0.107319,8.9963,0.00704103,0.107319,2.69082,0.143839,3.26336,0.000846032,0.00686577,3.10627,0.00429186,0.0137935,0.0025552,0.00553518,3.10627,0.00973401,3.05225,1.67262,0.000398523,0.0624842,0.000286103,0.00229892,0.000107319,0.00089694,0.0624842,1.28716,1.28973e-06,4.6213,0.11436
2020.7917,280.119,280.875,0,0.184523,0,0,0.00111286,0.00286008,-0.00111286,0,0,0,0,0,0,0,0,0,0.000543786,0,1.17433e-06,3.79375e-07,7.78652e-08,-4.55561e-06,0,1.7991e-08,5.2929e-09,1.64353e-06,0,11.9929,46.5171,7.49874,0.675172,31.1576,0,8.98127,0.00662983,0,2.69146,0.1385,3.26858,9.6543e-05,0.0148379,3.10961,0,0.0137731,0,0.00553649,3.10961,0.00943864,3.05254,1.67265,0.000836069,0.0626023,0,0.00229552,0,0.000897154,0.0626023,0.425173,1.17433e-06,4.49417,0.00662983
2020.8750,273.715,274.943,0,0.291841,0,0,0.000830898,0.0021228,-0.000830898,0,0,0,0,0,0,0,0,0,0.000542878,0,1.1094e-06,2.16558e-06,1.12982e-07,8.45617e-06,0,1.10889e-07,6.62376e-09,1.80866e-06,0,11.9435,46.4028,7.48622,0.574658,31.1903,0,8.96628,0.00624277,0,2.69438,0.138268,3.26867,0.000265815,0.0122569,3.11234,0,0.0137527,0,0.00554244,3.11234,0.00942288,3.05254,1.67271,0.000698798,0.0626927,0,0.00229211,0,0.000898128,0.0626927,0.637857,1.1094e-06,4.45725,0.00624277
2020.9583,272.634,272.85,0,0.308574,0,0,0.000788162,0.00143516,-0.000788162,0,0,0,0,0,0,0,0,0,0.000541957,0,1.04737e-06,4.77034e-06,1.83994e-07,1.12925e-05,0,2.02006e-07,6.93699e-09,1.43816e-06,0,11.9003,46.3304,7.47352,0.52396,31.2036,0,8.95106,0.00587245,0,2.70244,0.138034,3.26869,0.000582921,0.0110122,3.1135,0,0.0137317,0,0.00555893,3.1135,0.00940688,3.05254,1.67275,0.000630882,0.0627278,0,0.00228862,0,0.000900815,0.0627278,0.489899,1.04737e-06,4.42682,0.00587245
2021.0417,272.39,272.753,0,0.258144,0,0,0.000690521,0.0010703,-0.000690521,0,0,0,0,0,0,0,0,0,0.000541081,0,9.95836e-07,4.6819e-06,2.80751e-07,1.2405e-05,0,1.90078e-07,6.57286e-09,1.14811e-06,0,11.8606,46.2737,7.46144,0.490781,31.2111,0,8.9366,0.00554031,0,2.71125,0.137811,3.26864,0.000886766,0.0102081,3.11416,0,0.0137117,0,0.00557693,3.11416,0.00939169,3.05254,1.67279,0.000586955,0.0627466,0,0.00228528,0,0.000903752,0.0627466,0.611386,9.95836e-07,4.39919,0.00554031
2021.1250,277.668,276.777,0,0.141372,0,0,0.000921149,0.00160806,-0.000921149,0,0,0,0,0,0,0,0,0,0.000540207,0,9.50991e-07,1.08489e-05,3.82068e-07,2.1006e-05,0,5.66787e-07,5.63285e-09,1.88517e-06,0,11.8216,46.2206,7.44939,0.463233,31.2157,0,8.92217,0.00522725,0,2.72006,0.137588,3.26853,0.00122651,0.00954198,3.11458,0,0.0136916,0,0.00559487,3.11458,0.00937652,3.05254,1.67282,0.000550726,0.0627577,0,0.00228193,0,0.000906686,0.0627577,0.789453,9.50991e-07,4.37218,0.00522725
2021.2083,284.642,283.875,0,0.188596,0,0,0.00112271,0.00215131,-0.00112271,0,0,0,0,0,0,0,0,0,0.000539305,0,9.34787e-07,2.40643e-05,6.24489e-07,3.82011e-05,0,1.80832e-06,6.73919e-09,2.75119e-06,0,11.7703,46.1253,7.43695,0.412517,31.221,0,8.90727,0.00492198,0,2.72145,0.137358,3.26804,0.00166188,0.00828659,3.11513,0,0.0136707,0,0.0055975,3.11513,0.00936086,3.05254,1.6729,0.000478907,0.0627668,0,0.00227845,0,0.000907149,0.0627668,1.32413,9.34787e-07,4.33337,0.00492198
2021.2917,288.248,287.355,2.66449,0.189474,1.39094,0.00734627,0.002854,0.0020589,0.00449227,6.0316e-05,0.000143857,5.20954e-05,9.23784e-07,0.00529117,0.0235607,0.0295573,0.487553,0.0105966,0.000539638,5.64076e-08,9.42885e-07,2.86449e-05,7.74583e-07,5.0445e-05,4.44782e-05,2.4558e-06,7.24238e-09,2.87205e-06,2.6406e-06,11.7779,46.0886,7.43901,0.373174,31.2176,0.0802393,9.03328,0.0078168,0.0802393,2.71997,0.137644,3.26729,0.00174816,0.00732977,3.11498,0.00320957,0.0138452,0.00191046,0.00559433,3.11498,0.00937545,3.05254,1.67295,0.00042476,0.0627516,0.000213972,0.00230754,8.02393e-05,0.000906656,0.0627516,2.41346,9.99293e-07,4.33889,0.0880561
2021.3750,296.278,294.26,4.22432,0.143961,3.30803,0.0100405,0.00450369,0.00209511,0.00553679,0.000138402,0.000159237,0.000116809,5.40663e-06,0.00973416,0.0177046,0.0596392,0.312941,0.0146114,0.000543074,5.63582e-07,1.01755e-06,1.76436e-05,3.93565e-07,6.1901e-05,6.0559e-05,1.81155e-06,7.2494e-09,3.03769e-06,3.67904e-06,11.9238,46.1893,7.47748,0.34339,31.2066,0.124063,9.09538,0.00906555,0.124063,2.71551,0.139175,3.2666,0.00106402,0.00660532,3.11417,0.00496252,0.0139325,0.00295388,0.00558539,3.11417,0.00946572,3.05254,1.67294,0.000384644,0.062716,0.000330834,0.00232208,0.000124063,0.000905169,0.062716,3.70921,1.58113e-06,4.44633,0.133128
2021.4583,298.785,296.828,4.21635,0.118819,3.15679,0.00929048,0.00479228,0.00163038,0.0044982,0.000200363,0.000157303,0.000166143,1.13379e-05,0.0154767,0.0195326,0.0703382,0.186022,0.0133618,0.000546803,1.34748e-06,1.12571e-06,7.52465e-06,2.79091e-07,5.09677e-05,5.42872e-05,1.09873e-06,5.54468e-09,2.36088e-06,3.35366e-06,12.0599,46.2896,7.5194,0.323664,31.1938,0.123856,9.08019,0.00853628,0.123856,2.71218,0.14073,3.26637,0.000767125,0.00612797,3.11317,0.00495423,0.0139126,0.00294895,0.00557876,3.11317,0.00955958,3.05254,1.67291,0.000358773,0.0626778,0.000330282,0.00231877,0.000123856,0.000904059,0.0626778,3.74997,2.47319e-06,4.54052,0.132392
2021.5417,297.054,296.184,4.20828,0.138544,2.78044,0.00871411,0.00467487,0.00174409,0.00403924,0.000182737,0.00014771,0.000150733,1.12499e-05,0.0140367,0.0170402,0.064895,0.179215,0.0124618,0.000550232,1.33012e-06,1.20998e-06,9.42707e-06,1.24612e-07,5.91577e-05,5.06966e-05,1.14572e-06,3.53044e-09,2.51338e-06,3.12717e-06,12.1704,46.3681,7.55777,0.30885,31.1803,0.123646,9.06478,0.00802992,0.123646,2.70844,0.142109,3.26621,0.000691242,0.00576613,3.11207,0.00494582,0.0138923,0.00294394,0.00557123,3.11207,0.00964334,3.05254,1.67288,0.000339168,0.062639,0.000329721,0.00231538,0.000123646,0.000902814,0.062639,3.36676,2.54009e-06,4.61266,0.131675
2021.6250,293.539,293.292,4.20035,0.132289,2.00814,0.0069641,0.00404629,0.00149879,0.00291781,0.000120208,0.000132895,0.00010093,5.33811e-06,0.0106426,0.0153039,0.0485499,0.192044,0.00972217,0.000553064,5.41755e-07,1.25489e-06,7.33301e-06,1.3327e-07,5.26084e-05,3.98661e-05,1.0978e-06,2.57302e-09,2.12479e-06,2.42284e-06,12.2568,46.4246,7.58917,0.297053,31.166,0.123439,9.04965,0.00756096,0.123439,2.70469,0.143244,3.26603,0.000879287,0.00548045,3.11086,0.00493756,0.0138721,0.00293903,0.00556359,3.11086,0.00971132,3.05254,1.67287,0.000323848,0.0625997,0.000329171,0.00231202,0.000123439,0.000901562,0.0625997,2.37513,1.79665e-06,4.66768,0.131
2021.7083,285.186,286.079,3.42735,0.147293,0.910054,0.00431924,0.00270573,0.00194876,0.00161351,6.35936e-05,7.57796e-05,5.26701e-05,1.4498e-06,0.00753898,0.010483,0.0198659,0.169502,0.00543095,0.0084988,8.54822e-08,1.24962e-06,1.39666e-05,1.08177e-07,6.79827e-06,7.78188e-05,1.58025e-06,2.00806e-09,1.27211e-06,5.0322e-06,12.2706,46.5001,7.58896,0.364598,31.1604,0.101726,9.03453,0.00711954,0.101726,2.70451,0.142956,3.26687,0.000811797,0.007178,3.11036,0.004068,0.0138518,0.00242206,0.00556327,3.11036,0.00969802,3.0526,1.67286,0.000414411,0.062586,0.000271174,0.00230864,0.000101726,0.000901504,0.062586,1.32483,1.3351e-06,4.68161,0.108846
2021.7917,279.121,280.173,0,0.188726,0,0,0.00111415,0.00267084,-0.00111415,0,0,0,0,0,0,0,0,0,0.000541569,0,1.18957e-06,3.13058e-09,2.42745e-08,-5.89909e-06,0,1.79261e-10,1.60474e-09,1.50918e-06,0,12.0472,46.6288,7.4858,0.677224,31.1977,0,9.01945,0.00670375,0,2.70662,0.13791,3.27184,9.87386e-05,0.0148557,3.11341,0,0.0138314,0,0.0055676,3.11341,0.0094191,3.05287,1.67288,0.000836047,0.0626925,0,0.00230523,0,0.000902207,0.0626925,0.574818,1.18957e-06,4.56141,0.00670375
2021.8750,272.06,272.807,0,0.41234,0,0,0.000822623,0.00172021,-0.000822623,0,0,0,0,0,0,0,0,0,0.000540665,0,1.12803e-06,1.39486e-06,2.15745e-08,4.96957e-06,0,6.97519e-08,1.39367e-09,1.40981e-06,0,12.0002,46.5332,7.4733,0.595042,31.2258,0,9.00439,0.00631237,0,2.71214,0.13768,3.27196,0.000196983,0.0127483,3.11575,0,0.0138108,0,0.00557893,3.11575,0.00940337,3.05287,1.67293,0.00072552,0.0627703,0,0.0023018,0,0.000904048,0.0627703,0.599861,1.12803e-06,4.52686,0.00631237
2021.9583,271.356,272.049,0,0.315363,0,0,0.000814736,0.00120488,-0.000814736,0,0,0,0,0,0,0,0,0,0.000539747,0,1.06598e-06,2.67625e-06,3.15723e-08,8.21252e-06,0,1.25032e-07,1.41281e-09,1.16032e-06,0,11.9551,46.4585,7.46062,0.542676,31.2403,0,8.98911,0.00593793,0,2.72036,0.137446,3.27199,0.000487557,0.0114529,3.11701,0,0.0137898,0,0.00559575,3.11701,0.00938741,3.05287,1.67297,0.000655001,0.0628085,0,0.0022983,0,0.000906788,0.0628085,0.498321,1.06598e-06,4.49451,0.00593793
2022.0417,274.619,273.959,0,0.469125,0,0,0.000937382,0.00153933,-0.000937382,0,0,0,0,0,0,0,0,0,0.000538876,0,1.01376e-06,5.60419e-06,6.47022e-08,1.25308e-05,0,1.9566e-07,1.70436e-09,1.64553e-06,0,11.9125,46.4009,7.44857,0.509845,31.2489,0,8.97459,0.00560208,0,2.72965,0.137224,3.27202,0.000769797,0.0106493,3.11776,0,0.0137697,0,0.00561473,3.11776,0.00937225,3.05287,1.67301,0.000610464,0.0628302,0,0.00229495,0,0.000909882,0.0628302,0.713492,1.01376e-06,4.46395,0.00560208
2022.1250,279.332,278.786,0,0.221868,0,0,0.00102073,0.00210412,-0.00102073,0,0,0,0,0,0,0,0,0,0.000538005,0,9.74521e-07,1.5433e-05,4.89546e-07,2.70005e-05,0,9.32968e-07,9.20358e-09,2.47114e-06,0,11.8655,46.317,7.43654,0.459717,31.2579,0,8.96009,0.00528554,0,2.73387,0.137003,3.2718,0.0011514,0.00941609,3.11861,0,0.0137495,0,0.00562325,3.11861,0.00935711,3.05287,1.67307,0.000540601,0.0628507,0,0.00229159,0,0.000911291,0.0628507,1.09775,9.74521e-07,4.42898,0.00528554
2022.2083,284.925,283.796,0.120135,0.181431,0.115627,0.000329823,0.00124295,0.00208528,-0.000913122,1.75529e-06,1.36008e-05,1.5097e-06,2.34148e-08,0.000662804,0.0091357,0.00347512,0.0581559,0.000333032,0.000537114,1.57755e-09,9.55537e-07,2.35836e-05,1.03422e-06,3.93777e-05,1.3966e-06,1.83703e-06,1.35776e-08,2.71563e-06,7.36916e-08,11.8155,46.2244,7.4242,0.412886,31.2609,0.00398299,8.95301,0.00515792,0.00398299,2.73511,0.136776,3.27129,0.00162551,0.00827895,3.11899,0.00015932,0.0137395,9.48331e-05,0.00562557,3.11899,0.00934161,3.05287,1.67314,0.000476094,0.0628531,1.06213e-05,0.00228991,3.98299e-06,0.000911704,0.0628531,1.12443,9.57114e-07,4.39132,0.0091409
2022.2917,291.003,289.915,2.96407,0.158618,1.82509,0.00831027,0.00348149,0.00206905,0.00482879,8.69723e-05,0.00014884,7.47997e-05,1.74392e-06,0.00681547,0.0195262,0.0384654,0.415579,0.0126093,0.000538351,1.22854e-07,9.70228e-07,2.60885e-05,9.89557e-07,5.22171e-05,5.29485e-05,2.95053e-06,9.61991e-09,2.91368e-06,3.15699e-06,11.8383,46.2021,7.43655,0.375025,31.2559,0.0897488,9.10767,0.00866682,0.0897488,2.73291,0.137285,3.27056,0.00158368,0.00735999,3.11871,0.00358995,0.013954,0.00213688,0.00562102,3.11871,0.00936941,3.05287,1.67319,0.000424655,0.0628329,0.00023933,0.00232567,8.97488e-05,0.000910971,0.0628329,2.53497,1.09308e-06,4.40174,0.0984156
2022.3750,296.56,294.789,3.59348,0.157782,2.68546,0.00954047,0.00463242,0.00214404,0.00490806,0.000165947,0.000159778,0.000139112,7.59007e-06,0.0123872,0.0197576,0.0632137,0.25399,0.0145121,0.000542868,8.22814e-07,1.03335e-06,1.68853e-05,2.89019e-07,6.36492e-05,5.99409e-05,2.02744e-06,5.45289e-09,3.11648e-06,3.64538e-06,11.9765,46.2982,7.48694,0.347769,31.2448,0.10738,9.12762,0.00893489,0.10738,2.72911,0.138899,3.27002,0.000910031,0.00669821,3.1179,0.00429521,0.0139829,0.00255667,0.00561344,3.1179,0.00946497,3.05287,1.67316,0.000388368,0.0627971,0.000286347,0.00233049,0.00010738,0.000909702,0.0627971,3.38752,1.85617e-06,4.48961,0.116315
2022.4583,300.365,298.493,3.58681,0.128797,3.14732,0.00916512,0.00502182,0.00206393,0.00414331,0.000161141,0.000159225,0.000133336,9.3866e-06,0.0126852,0.0197349,0.0788355,0.246303,0.0137731,0.000547386,1.22369e-06,1.12741e-06,1.27704e-05,1.38581e-07,6.85504e-05,5.68316e-05,1.38321e-06,3.54529e-09,3.00398e-06,3.45259e-06,12.0981,46.3713,7.53735,0.324643,31.2277,0.107201,9.11238,0.00841326,0.107201,2.72091,0.140489,3.2696,0.000836393,0.00613701,3.11654,0.00428804,0.013963,0.0025524,0.00559677,3.11654,0.00956002,3.05287,1.67315,0.000358021,0.0627461,0.000285869,0.00232716,0.000107201,0.000906971,0.0627461,3.70958,2.3511e-06,4.56075,0.115614
2022.5417,298.411,297.177,3.58005,0.0965009,2.63781,0.00683764,0.00427296,0.00135382,0.00256468,0.000136135,0.000138701,0.000113319,7.18446e-06,0.0131427,0.0252786,0.0667184,0.189641,0.00996504,0.000551103,8.8715e-07,1.20828e-06,3.89356e-06,1.5884e-07,4.47005e-05,4.07966e-05,6.55327e-07,2.70568e-09,1.92488e-06,2.47475e-06,12.1851,46.4278,7.57844,0.310351,31.2142,0.107019,9.09691,0.00791419,0.107019,2.71809,0.141799,3.26949,0.000877257,0.00579385,3.11543,0.00428076,0.0139425,0.00254807,0.00559111,3.11543,0.00963792,3.05287,1.67313,0.00033991,0.0627079,0.000285384,0.00232375,0.000107019,0.000906031,0.0627079,3.03026,2.09543e-06,4.60667,0.114933
2022.6250,297.002,295.956,3.57341,0.0652038,1.10933,0.00259492,0.00315303,0.000813164,-0.000558112,3.25361e-05,8.79466e-05,2.74766e-05,1.25492e-06,0.00715459,0.0343414,0.0421159,0.17456,0.00306052,0.000552471,1.4214e-07,1.21785e-06,8.31107e-07,1.88218e-07,2.51932e-05,1.26237e-05,1.80744e-07,2.19251e-09,1.1268e-06,7.14537e-07,12.1898,46.4203,7.59233,0.30269,31.2065,0.10684,9.08172,0.00745199,0.10684,2.72143,0.142324,3.26951,0.00118915,0.00561396,3.11478,0.00427361,0.0139222,0.00254382,0.00559806,3.11478,0.00966716,3.05287,1.67313,0.000330553,0.0626865,0.000284907,0.00232037,0.00010684,0.000907143,0.0626865,1.30585,1.35999e-06,4.59742,0.114292
2022.7083,286.457,287.614,2.90001,0.077134,0.478361,0.00163891,0.00207007,0.00131243,-0.000431159,1.4437e-05,5.11899e-05,1.24511e-05,2.5336e-07,0.00633018,0.0303755,0.0241012,0.219959,0.00130277,0.007428,1.71237e-08,1.16675e-06,1.1748e-06,2.20751e-07,-1.66899e-05,5.34086e-05,2.56914e-07,1.82317e-09,6.03334e-07,3.48471e-06,12.1153,46.4159,7.57121,0.364919,31.2069,0.0880474,9.06656,0.00701693,0.0880474,2.72877,0.141434,3.27047,0.00141053,0.00718972,3.11482,0.00352084,0.0139018,0.00209637,0.00561322,3.11482,0.00961507,3.05293,1.67314,0.000414769,0.062688,0.000234715,0.00231696,8.80474e-05,0.000909591,0.062688,0.603458,1.18388e-06,4.5441,0.0950643
2022.7917,279.448,280.443,0,0.126183,0,0,0.00106374,0.00215683,-0.00106374,0,0,0,0,0,0,0,0,0,0.000540186,0,1.09799e-06,4.02442e-08,8.31246e-08,-1.72867e-05,0,6.73395e-09,1.54023e-09,1.08693e-06,0,11.8957,46.5069,7.47475,0.624908,31.2507,0,9.05142,0.00660714,0,2.73569,0.136874,3.27493,0.000322295,0.0136464,3.11846,0,0.0138812,0,0.00562744,3.11846,0.00936158,3.05316,1.67316,0.000766031,0.0628097,0,0.00231354,0,0.000911895,0.0628097,0.356614,1.09799e-06,4.42092,0.00660714
2022.8750,274.88,275.969,0,0.241386,0,0,0.000933569,0.00197601,-0.000933569,0,0,0,0,0,0,0,0,0,0.000539284,0,1.03454e-06,1.95867e-06,5.51896e-08,8.00239e-06,0,1.14787e-07,1.29689e-09,1.79261e-06,0,11.8473,46.4142,7.46227,0.549103,31.2763,0,9.0363,0.0062214,0,2.7415,0.136645,3.27503,0.000414372,0.011695,3.12064,0,0.0138605,0,0.00563934,3.12064,0.00934595,3.05316,1.6732,0.000660411,0.0628793,0,0.00231009,0,0.000913833,0.0628793,0.584052,1.03454e-06,4.385,0.0062214
2022.9583,274.026,274.528,0,0.281723,0,0,0.000808033,0.00186082,-0.000808033,0,0,0,0,0,0,0,0,0,0.000538369,0,9.82505e-07,8.07388e-06,5.13582e-08,2.0252e-05,0,5.10073e-07,1.06541e-09,2.01822e-06,0,11.8016,46.3293,7.4496,0.490127,31.2903,0,9.02097,0.00585235,0,2.74727,0.136413,3.27499,0.000822447,0.0102275,3.12188,0,0.0138394,0,0.0056511,3.12188,0.00933008,3.05316,1.67326,0.000579797,0.0629146,0,0.00230657,0,0.000915756,0.0629146,0.701572,9.82505e-07,4.352,0.00585235
2023.0417,272.994,273.279,0,0.525934,0,0,0.000760977,0.00154307,-0.000760977,0,0,0,0,0,0,0,0,0,0.000537499,0,9.47336e-07,1.34425e-05,7.27585e-08,2.33733e-05,0,6.91385e-07,1.16446e-09,1.85584e-06,0,11.7618,46.2619,7.43757,0.450792,31.2962,0,9.0064,0.00552134,0,2.75319,0.136193,3.27479,0.00123837,0.00925994,3.12244,0,0.0138192,0,0.00566314,3.12244,0.00931501,3.05316,1.67331,0.000526848,0.0629274,0,0.0023032,0,0.00091773,0.0629274,0.839295,9.47336e-07,4.32423,0.00552134
2023.1250,276.683,276.524,0,0.244134,0,0,0.000868178,0.00166718,-0.000868178,0,0,0,0,0,0,0,0,0,0.000536631,0,9.17992e-07,2.12366e-05,2.48463e-07,3.30381e-05,0,1.45828e-06,3.04485e-09,2.17194e-06,0,11.7206,46.1916,7.42556,0.41585,31.298,0,8.99185,0.00520936,0,2.7571,0.135973,3.27439,0.00167182,0.00839301,3.12268,0,0.0137989,0,0.005671,3.12268,0.00929997,3.05316,1.67337,0.000479059,0.0629286,0,0.00229981,0,0.000919034,0.0629286,1.02475,9.17992e-07,4.29506,0.00520936
2023.2083,285.746,284.654,0,0.206285,0,0,0.0011585,0.0019789,-0.0011585,0,0,0,0,0,0,0,0,0,0.000535735,0,8.95393e-07,3.31907e-05,1.78797e-06,4.90702e-05,0,2.66584e-06,1.75757e-08,2.74851e-06,0,11.6723,46.1071,7.41316,0.382782,31.2944,0,8.97684,0.00490513,0,2.75769,0.135746,3.27363,0.00215929,0.00757363,3.12248,0,0.0137778,0,0.00567196,3.12248,0.00928444,3.05316,1.67345,0.000434254,0.0629136,0,0.0022963,0,0.000919229,0.0629136,1.01698,8.95393e-07,4.25909,0.00490513
2023.2917,291.343,290.157,2.10052,0.17846,1.45905,0.00654539,0.00329146,0.00205121,0.00325393,5.6733e-05,0.000139931,4.883e-05,1.00087e-06,0.00566738,0.0281844,0.0401805,0.556723,0.0114264,0.000536951,8.31122e-08,8.9847e-07,3.99909e-05,1.80605e-06,6.08844e-05,4.90665e-05,3.94466e-06,1.52094e-08,2.97346e-06,2.83115e-06,11.6661,46.0592,7.42402,0.354258,31.2844,0.0645503,9.09096,0.00753496,0.0645503,2.75445,0.1361,3.27247,0.00209331,0.00686972,3.12174,0.00258201,0.0139359,0.00153691,0.00566516,3.12174,0.00930211,3.05316,1.6735,0.00039627,0.0628811,0.000172134,0.00232264,6.45503e-05,0.000918151,0.0628811,2.31237,9.81582e-07,4.24212,0.0720853
2023.3750,294.461,293.502,3.3101,0.199099,2.14079,0.00973239,0.00451183,0.0021874,0.00522056,0.0001458,0.000162302,0.000123245,5.42393e-06,0.0104401,0.0152508,0.0583945,0.367798,0.017558,0.000543176,5.40907e-07,9.6724e-07,2.73287e-05,4.54309e-07,7.28716e-05,7.43981e-05,2.481e-06,8.85127e-09,3.20576e-06,4.41266e-06,11.7806,46.1275,7.49004,0.330616,31.2685,0.0997014,9.1463,0.00865306,0.0997014,2.74784,0.137899,3.27147,0.00114339,0.00628869,3.12049,0.00398805,0.0140135,0.00237384,0.00565173,3.12049,0.00940531,3.05316,1.67347,0.000365395,0.0628337,0.00026587,0.00233559,9.97014e-05,0.000915947,0.0628337,3.10438,1.50815e-06,4.29051,0.108354
2023.4583,298.026,296.827,3.30401,0.20465,2.18525,0.00931729,0.00483376,0.00233741,0.00448353,0.000189922,0.000159543,0.000156597,1.16798e-05,0.0143596,0.0181188,0.0725204,0.257306,0.0166204,0.00054965,1.41586e-06,1.04928e-06,2.0156e-05,1.54876e-07,8.37364e-05,6.94831e-05,1.69576e-06,7.27502e-09,3.38752e-06,4.17121e-06,11.9088,46.2079,7.55882,0.311327,31.2489,0.0995349,9.13103,0.00814787,0.0995349,2.73888,0.139871,3.27092,0.000729499,0.00581649,3.11887,0.0039814,0.0139934,0.00236988,0.00563345,3.11887,0.00952131,3.05316,1.67344,0.000340595,0.0627786,0.000265426,0.00233224,9.95349e-05,0.000912961,0.0627786,3.37164,2.46514e-06,4.34999,0.107683
2023.5417,297.018,296.363,3.29782,0.197745,2.01162,0.00815282,0.00449179,0.00219925,0.00366102,0.00013562,0.000147531,0.000112453,7.58356e-06,0.0109544,0.016234,0.0657635,0.288193,0.0143358,0.00055521,9.1424e-07,1.12037e-06,2.3906e-05,1.83039e-07,8.31815e-05,6.04507e-05,2.04365e-06,1.04404e-08,3.13327e-06,3.58706e-06,12.0184,46.2653,7.61748,0.294358,31.2255,0.0993659,9.11553,0.00766455,0.0993659,2.72705,0.141679,3.27039,0.000825345,0.00540397,3.11687,0.00397464,0.0139728,0.00236586,0.0056092,3.11687,0.00962726,3.05316,1.67342,0.000319092,0.0627161,0.000264976,0.0023288,9.93659e-05,0.000909018,0.0627161,2.82631,2.03461e-06,4.40089,0.10703
2023.6250,293.002,293.049,3.29175,0.148181,1.93653,0.00644139,0.0036665,0.00172153,0.00277488,0.000109577,0.000132472,9.22615e-05,4.53054e-06,0.0103334,0.0159383,0.0484753,0.246431,0.0111017,0.000559249,4.62856e-07,1.15941e-06,1.86394e-05,3.29413e-07,6.70582e-05,4.67149e-05,1.95445e-06,8.92536e-09,2.4215e-06,2.75703e-06,12.0972,46.3039,7.65945,0.282434,31.2053,0.0992,9.10031,0.00721693,0.0992,2.71901,0.143076,3.26983,0.000948638,0.00511702,3.1151,0.003968,0.0139524,0.00236191,0.00559268,3.1151,0.00970786,3.05316,1.67341,0.000304301,0.0626644,0.000264533,0.00232539,9.92e-05,0.000906337,0.0626644,2.32485,1.62227e-06,4.43772,0.106417
2023.7083,286.43,286.976,2.69124,0.204542,0.691819,0.00403869,0.00260095,0.00233839,0.00143774,6.67596e-05,8.08494e-05,5.5717e-05,1.53225e-06,0.00851155,0.0112006,0.0209633,0.194166,0.00644704,0.00694585,8.84136e-08,1.1568e-06,1.90895e-05,2.31909e-07,1.6115e-05,7.16223e-05,1.56056e-06,5.512e-09,1.60285e-06,4.54846e-06,12.1149,46.3591,7.66944,0.332111,31.1962,0.081751,9.08512,0.00679559,0.081751,2.71596,0.143178,3.27022,0.000847763,0.00637036,3.11423,0.00326916,0.0139318,0.00194645,0.0055864,3.11423,0.00971502,3.05321,1.6734,0.000370817,0.0626437,0.000217911,0.00232197,8.1751e-05,0.000905322,0.0626437,1.38984,1.24521e-06,4.44543,0.0885466
2023.7917,281.923,282.748,0,0.199778,0,0,0.0010656,0.00306067,-0.0010656,0,0,0,0,0,0,0,0,0,0.000551355,0,1.10816e-06,1.66576e-06,1.37713e-07,4.34545e-06,0,7.79016e-08,8.52767e-09,2.09069e-06,0,11.93,46.4298,7.58796,0.548845,31.2363,0,9.06995,0.00639872,0,2.71469,0.139192,3.2741,0.000162695,0.0116718,3.11749,0,0.0139111,0,0.00558372,3.11749,0.0094942,3.05343,1.67343,0.000660924,0.0627589,0,0.00231852,0,0.000904896,0.0627589,0.514997,1.10816e-06,4.34203,0.00639872
2023.8750,273.652,274.752,0,0.31081,0,0,0.000739422,0.00188123,-0.000739422,0,0,0,0,0,0,0,0,0,0.000550434,0,1.04377e-06,8.15153e-06,2.61341e-07,2.00113e-05,0,4.38079e-07,1.2243e-08,1.91593e-06,0,11.8853,46.3302,7.57528,0.470332,31.257,0,9.0548,0.00602515,0,2.71753,0.13896,3.27408,0.000594412,0.00969857,3.11924,0,0.0138903,0,0.00558948,3.11924,0.00947834,3.05343,1.67349,0.00055432,0.0628158,0,0.00231505,0,0.000905844,0.0628158,0.382884,1.04377e-06,4.31001,0.00602515
2023.9583,275.994,276.397,0,0.244474,0,0,0.00085834,0.00176553,-0.00085834,0,0,0,0,0,0,0,0,0,0.0005495,0,9.86706e-07,1.5202e-05,5.56233e-07,2.73982e-05,0,8.61178e-07,1.65479e-08,2.02774e-06,0,11.8415,46.2497,7.56243,0.421761,31.2646,0,9.03943,0.00566774,0,2.7218,0.138724,3.27383,0.00107427,0.0085119,3.11992,0,0.013869,0,0.00559812,3.11992,0.00946226,3.05343,1.67355,0.000488264,0.0628348,0,0.00231151,0,0.000907267,0.0628348,0.672199,9.86706e-07,4.27903,0.00566774
2024.0417,274.219,274.672,0,0.260181,0,0,0.000682293,0.00140921,-0.000682293,0,0,0,0,0,0,0,0,0,0.000548612,0,9.46321e-07,1.7596e-05,8.9421e-07,2.90947e-05,0,1.12791e-06,1.51973e-08,1.77107e-06,0,11.8018,46.1827,7.55021,0.388717,31.2663,0,9.02483,0.00534718,0,2.72589,0.1385,3.27343,0.00150951,0.00770982,3.1201,0,0.0138487,0,0.00560637,3.1201,0.00944697,3.05343,1.67361,0.000443815,0.0628375,0,0.00230812,0,0.00090863,0.0628375,0.78351,9.46321e-07,4.25158,0.00534718
2024.1250,280.131,279.433,0,0.225946,0,0,0.000918163,0.00153999,-0.000918163,0,0,0,0,0,0,0,0,0,0.000547726,0,9.19929e-07,2.41429e-05,1.41289e-06,3.82064e-05,0,1.8964e-06,1.52256e-08,2.05887e-06,0,11.7605,46.1174,7.53802,0.363582,31.264,0,9.01026,0.00504504,0,2.72929,0.138276,3.27288,0.00194259,0.00709623,3.11995,0,0.0138283,0,0.00561316,3.11995,0.00943172,3.05343,1.67366,0.000410155,0.0628293,0,0.00230472,0,0.000909765,0.0628293,1.08834,9.19929e-07,4.22247,0.00504504
2024.2083,284.844,284.253,1.44138,0.160076,0.749191,0.00364213,0.00179,0.00156267,0.00185213,2.68286e-05,8.1468e-05,2.33418e-05,2.02392e-07,0.00286518,0.0169367,0.0129814,0.324326,0.00561657,0.000547176,9.19375e-09,9.10128e-07,2.28368e-05,2.16198e-06,4.55572e-05,2.38435e-05,2.8136e-06,1.37555e-08,2.1885e-06,1.38773e-06,11.7302,46.0589,7.52962,0.340867,31.2575,0.0445788,9.06254,0.00628419,0.0445788,2.7303,0.138204,3.27218,0.00238137,0.00654126,3.11944,0.00178315,0.0139005,0.0010614,0.00561502,3.11944,0.00942508,3.05343,1.67372,0.000379938,0.0628094,0.000118877,0.00231675,4.45789e-05,0.000910101,0.0628094,1.75226,9.19322e-07,4.20061,0.050863
2024.2917,293.374,291.629,4.75877,0.150563,2.64699,0.00911033,0.00400418,0.00176242,0.00510614,9.42144e-05,0.000152307,8.10194e-05,1.93132e-06,0.00720376,0.0233952,0.0475385,0.431847,0.014131,0.000549598,1.68472e-07,9.60233e-07,2.28422e-05,9.8433e-07,5.74192e-05,5.96206e-05,2.89338e-06,7.5006e-09,2.52768e-06,3.54633e-06,11.8296,46.1272,7.5553,0.322098,31.2467,0.137754,9.18825,0.0090508,0.137754,2.72892,0.139397,3.2714,0.00173962,0.00608352,3.11856,0.00551018,0.0140754,0.00327987,0.00561231,3.11856,0.00949329,3.05343,1.6737,0.000355333,0.0627782,0.000367345,0.0023459,0.000137754,0.000909639,0.0627782,3.09944,1.1287e-06,4.27425,0.146805
2024.3750,293.681,292.433,4.83512,0.149692,2.94172,0.0111322,0.00445793,0.00171217,0.00667426,0.000224997,0.000162834,0.000188987,9.92587e-06,0.0144798,0.0144972,0.0530181,0.237709,0.0177734,0.000553856,8.97871e-07,1.04776e-06,1.56002e-05,2.52505e-07,6.02381e-05,7.33291e-05,1.6448e-06,4.44553e-09,2.45666e-06,4.49159e-06,11.9967,46.2606,7.60205,0.306359,31.2323,0.139702,9.17619,0.00859418,0.139702,2.72515,0.141274,3.27083,0.000883953,0.00570057,3.11737,0.00558808,0.0140599,0.00332624,0.00560478,3.11737,0.00960471,3.05343,1.67365,0.000335009,0.0627386,0.000372538,0.00234332,0.000139702,0.000908382,0.0627386,3.54836,1.94563e-06,4.39468,0.148296
2024.4583,296.699,295.499,4.82587,0.188327,2.3466,0.0105764,0.00508717,0.00192283,0.00548921,0.000308772,0.000160172,0.000250622,2.37949e-05,0.020601,0.0165487,0.0659451,0.154868,0.0166008,0.000558401,2.63008e-06,1.13905e-06,1.15401e-05,5.72107e-08,7.07142e-05,6.69164e-05,9.99226e-07,2.97114e-09,2.72136e-06,4.18809e-06,12.1575,46.3894,7.65209,0.293771,31.2169,0.139469,9.16087,0.00809244,0.139469,2.72111,0.14313,3.27064,0.000480799,0.00539461,3.11604,0.00557875,0.0140397,0.00332068,0.00559664,3.11604,0.00971881,3.05343,1.67359,0.000319031,0.0626976,0.000371916,0.00233995,0.000139469,0.000907038,0.0626976,3.46183,3.76913e-06,4.50545,0.147561
2024.5417,297.429,296.565,4.81648,0.158767,2.96642,0.00916939,0.00492076,0.00196414,0.00424863,0.000180749,0.00014843,0.000147915,1.2456e-05,0.0131685,0.0144974,0.0660864,0.20951,0.0140599,0.000562722,1.48555e-06,1.21347e-06,1.57269e-05,3.90729e-08,7.57528e-05,5.79729e-05,1.52746e-06,2.39902e-09,2.73885e-06,3.53463e-06,12.2946,46.4833,7.69952,0.280852,31.196,0.139232,9.14532,0.0076124,0.139232,2.71187,0.14486,3.27036,0.000633401,0.00508123,3.1142,0.00556928,0.014019,0.00331505,0.0055777,3.1142,0.0098242,3.05343,1.67356,0.000302715,0.0626438,0.000371285,0.0023365,0.000139232,0.000903955,0.0626438,3.41531,2.69903e-06,4.59506,0.146844
2024.6250,291.437,291.805,4.80727,0.154879,1.57909,0.0072049,0.00394333,0.00155594,0.00326157,0.000131986,0.000131513,0.000110898,5.77603e-06,0.0112214,0.0160465,0.0431249,0.195962,0.0108166,0.000565996,5.3763e-07,1.25568e-06,1.52284e-05,8.95701e-08,6.08493e-05,4.47032e-05,1.74777e-06,2.33109e-09,2.13938e-06,2.70181e-06,12.3908,46.5467,7.73499,0.271632,31.1781,0.138999,9.13005,0.00716783,0.138999,2.70613,0.146187,3.27003,0.000816269,0.00486089,3.1126,0.00555998,0.0139984,0.00330951,0.00556593,3.1126,0.00990303,3.05343,1.67354,0.000291406,0.0625995,0.000370665,0.00233307,0.000138999,0.000902045,0.0625995,2.04628,1.79331e-06,4.6558,0.146167
2024.7083,285.426,286.3,3.91763,0.160319,0.952224,0.00455674,0.00281189,0.00204682,0.00174485,7.24874e-05,7.65839e-05,5.97786e-05,1.77053e-06,0.00825547,0.00941347,0.0205405,0.171194,0.0062179,0.00951338,1.00984e-07,1.23953e-06,1.39038e-05,9.1275e-08,1.18392e-05,8.7879e-05,1.50163e-06,2.02768e-09,1.28092e-06,5.67379e-06,12.4056,46.6313,7.73444,0.350546,31.1707,0.11455,9.11481,0.00674935,0.11455,2.70447,0.145882,3.27091,0.000755135,0.00684175,3.11187,0.00458136,0.0139778,0.00272738,0.00556251,3.11187,0.00988904,3.05349,1.67352,0.000397669,0.062584,0.000305392,0.00232963,0.00011455,0.000901492,0.062584,1.36572,1.34051e-06,4.67119,0.121299
2024.7917,277.935,279.009,0,0.214945,0,0,0.00101183,0.00266142,-0.00101183,0,0,0,0,0,0,0,0,0,0.000553133,0,1.18816e-06,1.04253e-07,2.26065e-08,-5.70143e-06,0,6.48179e-09,1.70515e-09,1.35256e-06,0,12.1582,46.7833,7.61891,0.710607,31.2091,0,9.09959,0.00635519,0,2.70539,0.140221,3.27651,8.58872e-05,0.0156845,3.11496,0,0.013957,0,0.00556433,3.11496,0.00957628,3.0538,1.67354,0.000884725,0.0626961,0,0.00232617,0,0.000901795,0.0626961,0.630789,1.18816e-06,4.5393,0.00635519
2024.8750,276.125,277.034,0,0.20766,0,0,0.000931401,0.00260448,-0.000931401,0,0,0,0,0,0,0,0,0,0.000552209,0,1.11888e-06,1.52194e-06,3.51555e-08,5.69619e-06,0,7.16593e-08,2.40726e-09,2.08156e-06,0,12.1098,46.671,7.60618,0.608661,31.2439,0,9.08439,0.00598416,0,2.7086,0.139987,3.27662,0.000181702,0.0130498,3.11784,0,0.0139361,0,0.00557084,3.11784,0.00956029,3.0538,1.6736,0.000745554,0.0627938,0,0.00232268,0,0.000902867,0.0627938,0.614078,1.11888e-06,4.5036,0.00598416
2024.9583,272.737,273.647,0,0.165543,0,0,0.000820264,0.00171205,-0.000820264,0,0,0,0,0,0,0,0,0,0.000551272,0,1.06369e-06,5.2187e-06,1.24405e-07,1.18692e-05,0,2.35437e-07,5.55236e-09,1.66954e-06,0,12.0654,46.5891,7.59327,0.546878,31.2609,0,9.06897,0.00562918,0,2.71596,0.139749,3.27665,0.000493126,0.0115333,3.11929,0,0.0139147,0,0.00558584,3.11929,0.00954407,3.0538,1.67365,0.000663025,0.0628391,0,0.00231912,0,0.000905319,0.0628391,0.592724,1.06369e-06,4.4721,0.00562918
2025.0417,272.738,273.04,0,0.256022,0,0,0.000735861,0.00142937,-0.000735861,0,0,0,0,0,0,0,0,0,0.000550381,0,1.01916e-06,7.55129e-06,3.98096e-07,1.52757e-05,0,3.70283e-07,1.11496e-08,1.53048e-06,0,12.0236,46.5164,7.58101,0.498112,31.2721,0,9.05433,0.0053108,0,2.72258,0.139523,3.27656,0.000816341,0.0103377,3.12028,0,0.0138943,0,0.0055993,3.12028,0.00952865,3.0538,1.6737,0.0005963,0.0628677,0,0.00231572,0,0.000907528,0.0628677,0.836298,1.01916e-06,4.44262,0.0053108
2025.1250,277.423,276.761,0,0.311662,0,0,0.000949378,0.00176826,-0.000949378,0,0,0,0,0,0,0,0,0,0.000549493,0,9.86811e-07,1.27004e-05,5.04977e-07,2.25482e-05,0,6.86282e-07,9.28113e-09,2.06061e-06,0,11.9822,46.451,7.56877,0.460648,31.2788,0,9.0397,0.00501071,0,2.72942,0.139298,3.27637,0.00113689,0.00942514,3.1209,0,0.0138738,0,0.00561316,3.1209,0.00951326,3.0538,1.67374,0.000545109,0.0628835,0,0.0023123,0,0.000909807,0.0628835,1.04517,9.86811e-07,4.41341,0.00501071
2025.2083,286.949,285.6,0.00180619,0.166748,0.0033583,9.37187e-06,0.00119856,0.00221753,-0.00118919,0,0,0,0,0,0,0,0,0,0.000548575,0,9.56828e-07,2.35656e-05,1.01288e-06,3.95409e-05,0,1.91279e-06,1.23173e-08,2.83363e-06,0,11.9309,46.3553,7.55613,0.41077,31.2832,5.99796e-05,9.02471,0.00472039,5.99796e-05,2.73045,0.139065,3.27588,0.00161027,0.00821272,3.12138,2.39918e-06,0.0138527,1.42809e-06,0.00561502,3.12138,0.00949738,3.0538,1.67382,0.00047539,0.0628902,1.59946e-07,0.00230878,5.99796e-08,0.00091015,0.0628902,0.976546,9.56828e-07,4.37476,0.00478037
2025.2917,290.616,289.639,3.14779,0.157366,2.05599,0.00816866,0.00313856,0.00205095,0.0050301,7.25471e-05,0.000151861,6.24031e-05,1.43172e-06,0.00601573,0.0241821,0.0400398,0.467108,0.0113654,0.000548937,1.08389e-07,9.6731e-07,2.62627e-05,1.01745e-06,5.0936e-05,4.74089e-05,2.73954e-06,9.32471e-09,2.85852e-06,2.83853e-06,11.9479,46.3259,7.55864,0.370783,31.2791,0.0937906,9.16565,0.00796377,0.0937906,2.72812,0.139427,3.27512,0.00166902,0.00724903,3.12117,0.00375162,0.0140479,0.00223311,0.00561011,3.12117,0.00951671,3.0538,1.67387,0.0004206,0.062873,0.000250108,0.00234132,9.37906e-05,0.000909375,0.062873,2.72949,1.0757e-06,4.38927,0.101754
2025.3750,295.258,293.646,4.61831,0.124132,3.40348,0.0108125,0.00445555,0.00175852,0.00635699,0.000182262,0.000160552,0.000153788,7.21728e-06,0.0118094,0.0150923,0.0571923,0.249984,0.0153491,0.000552037,7.02669e-07,1.05513e-06,7.02369e-06,4.10027e-07,5.06202e-05,6.28756e-05,1.079e-06,5.53744e-09,2.5307e-06,3.87549e-06,12.1065,46.4454,7.59357,0.34422,31.2693,0.134206,9.21787,0.00898945,0.134206,2.72541,0.140982,3.27467,0.00102668,0.00660877,3.12045,0.00536826,0.0141214,0.00319539,0.00560477,3.12045,0.00960957,3.0538,1.67385,0.000385037,0.0628412,0.000357884,0.00235357,0.000134206,0.000908472,0.0628412,3.83891,1.7578e-06,4.51293,0.143196
2025.4583,296.782,295.603,4.60952,0.168786,2.71939,0.010317,0.00488645,0.00192153,0.0054306,0.000250423,0.000160994,0.000204855,1.74264e-05,0.0172675,0.0164332,0.0668948,0.167117,0.0145555,0.000555607,1.96036e-06,1.15679e-06,1.20226e-05,1.01482e-07,6.13008e-05,5.85207e-05,1.14113e-06,3.5063e-09,2.78317e-06,3.66758e-06,12.2674,46.5759,7.63406,0.326626,31.2583,0.133982,9.20248,0.00846463,0.133982,2.72362,0.142603,3.27454,0.000562242,0.00618317,3.11959,0.00535929,0.0141012,0.00319006,0.0056013,3.11959,0.0097093,3.0538,1.6738,0.000361741,0.062808,0.000357286,0.0023502,0.000133982,0.000907875,0.062808,3.73828,3.11715e-06,4.63331,0.142447
2025.5417,296.926,295.904,4.6006,0.116408,3.30244,0.0089079,0.00473895,0.00166233,0.00416895,0.000178578,0.000148506,0.000147548,1.07099e-05,0.013513,0.0150007,0.063339,0.181434,0.0123193,0.000559015,1.23112e-06,1.25024e-06,6.20665e-06,8.23271e-08,5.6453e-05,5.00009e-05,7.87061e-07,2.45629e-09,2.37436e-06,3.09313e-06,12.401,46.6692,7.6726,0.309129,31.2417,0.133755,9.18686,0.00796251,0.133755,2.71747,0.144086,3.27435,0.000693679,0.00576042,3.11822,0.0053502,0.0140805,0.00318464,0.00558877,3.11822,0.00980003,3.0538,1.67378,0.000339035,0.0627609,0.00035668,0.00234676,0.000133755,0.000905822,0.0627609,3.6279,2.48136e-06,4.72836,0.141717
2025.6250,292.185,292.147,4.59185,0.125831,1.87094,0.00674961,0.00390041,0.00133151,0.00284921,0.000126095,0.000131636,0.000105939,5.53918e-06,0.0115846,0.0171239,0.0442985,0.169911,0.00909046,0.000561487,5.15299e-07,1.29394e-06,7.24889e-06,9.78005e-08,4.58723e-05,3.69594e-05,9.53703e-07,2.01206e-09,1.87427e-06,2.26209e-06,12.4855,46.731,7.7001,0.298562,31.2301,0.133532,9.17152,0.0074975,0.133532,2.71685,0.145156,3.2743,0.000799869,0.00550682,3.11725,0.00534126,0.01406,0.00317932,0.00558759,3.11725,0.00986453,3.0538,1.67376,0.000325676,0.0627293,0.000356084,0.00234334,0.000133532,0.000905616,0.0627293,2.31325,1.80924e-06,4.78537,0.141029
2025.7083,285.595,285.933,3.74373,0.186698,0.701349,0.00405096,0.00277246,0.00226552,0.0012785,5.17989e-05,7.49773e-05,4.30586e-05,9.6239e-07,0.00668044,0.0110757,0.0152187,0.181752,0.00480857,0.00915627,4.2863e-08,1.27296e-06,1.69703e-05,6.07024e-08,9.82074e-06,7.96666e-05,1.48808e-06,1.56252e-09,1.51466e-06,5.16562e-06,12.4879,46.8005,7.6931,0.370751,31.2252,0.110044,9.1562,0.00705978,0.110044,2.71668,0.144659,3.27513,0.000768551,0.00731892,3.1168,0.00440062,0.0140394,0.00262009,0.00558728,3.1168,0.00983913,3.05386,1.67376,0.000422322,0.0627175,0.000293345,0.0023399,0.000110044,0.00090556,0.0627175,1.16621,1.31582e-06,4.79478,0.117104
2025.7917,278.088,279.424,0,0.210235,0,0,0.00108434,0.00285893,-0.00108434,0,0,0,0,0,0,0,0,0,0.000548394,0,1.2168e-06,2.32891e-07,1.76814e-08,-5.02205e-06,0,1.25138e-08,1.36674e-09,1.6307e-06,0,12.2446,46.9293,7.58116,0.700962,31.267,0,9.14092,0.00664748,0,2.71672,0.139194,3.28048,8.50782e-05,0.0154042,3.12021,0,0.0140186,0,0.00558733,3.12021,0.00953701,3.05416,1.67379,0.000867076,0.0628371,0,0.00233644,0,0.000905572,0.0628371,0.67689,1.2168e-06,4.66344,0.00664748
2025.8750,278.226,278.723,0,0.218967,0,0,0.00114112,0.00290612,-0.00114112,0,0,0,0,0,0,0,0,0,0.000547478,0,1.1494e-06,3.03055e-06,3.07539e-08,1.04619e-05,0,1.52141e-07,2.02129e-09,2.58105e-06,0,12.1919,46.8071,7.5685,0.594815,31.301,0,9.12565,0.00625939,0,2.71939,0.138961,3.28058,0.000253278,0.0126941,3.12307,0,0.0139977,0,0.00559276,3.12307,0.00952108,3.05416,1.67386,0.000722297,0.0629298,0,0.00233296,0,0.000906463,0.0629298,0.497808,1.1494e-06,4.62338,0.00625939
2025.9583,271.795,272.78,0,0.190314,0,0,0.000802583,0.00112406,-0.000802583,0,0,0,0,0,0,0,0,0,0.000546549,0,1.09067e-06,2.38954e-06,1.42572e-07,9.39479e-06,0,1.19571e-07,5.07068e-09,1.11503e-06,0,12.1436,46.7177,7.55565,0.531689,31.3167,0,9.11016,0.00588808,0,2.72572,0.138725,3.28059,0.000630088,0.0111563,3.12447,0,0.0139764,0,0.00560569,3.12447,0.00950493,3.05416,1.67392,0.000637553,0.0629699,0,0.0023294,0,0.000908574,0.0629699,0.753206,1.09067e-06,4.58791,0.00588808
2026.0417,272.895,273.019,0,0.400248,0,0,0.000794608,0.00126415,-0.000794608,0,0,0,0,0,0,0,0,0,0.000545666,0,1.04311e-06,6.31681e-06,2.75999e-07,1.26928e-05,0,3.09613e-07,5.12309e-09,1.38081e-06,0,12.1027,46.6686,7.54345,0.507161,31.3225,0,9.09545,0.00555506,0,2.73629,0.138501,3.28061,0.00093228,0.0105736,3.12498,0,0.013956,0,0.0056273,3.12498,0.00948957,3.05416,1.67394,0.000606577,0.0629841,0,0.00232599,0,0.000912097,0.0629841,0.76155,1.04311e-06,4.55924,0.00555506
2026.1250,277.346,276.945,0,0.344592,0,0,0.000999108,0.00203048,-0.000999108,0,0,0,0,0,0,0,0,0,0.000544785,0,1.01181e-06,1.64816e-05,4.96635e-07,2.68162e-05,0,8.62831e-07,8.3026e-09,2.43692e-06,0,12.0587,46.593,7.53126,0.462332,31.3304,0,9.08076,0.00524117,0,2.74154,0.138278,3.28034,0.00123128,0.00946198,3.12574,0,0.0139355,0,0.00563792,3.12574,0.00947425,3.05416,1.674,0.000543739,0.0630017,0,0.00232258,0,0.000913846,0.0630017,1.20126,1.01181e-06,4.52746,0.00524117
2026.2083,283.022,282.401,0,0.197308,0,0,0.00113913,0.00199375,-0.00113913,0,0,0,0,0,0,0,0,0,0.000543875,0,9.95827e-07,2.45728e-05,1.58562e-06,3.82786e-05,0,1.81454e-06,2.015e-08,2.62998e-06,0,12.0067,46.4978,7.51869,0.415478,31.3329,0,9.0656,0.00493508,0,2.74263,0.138047,3.2798,0.00169765,0.00832697,3.12609,0,0.0139142,0,0.00563993,3.12609,0.00945843,3.05416,1.67408,0.000479123,0.0630022,0,0.00231903,0,0.000914211,0.0630022,1.4109,9.95827e-07,4.48805,0.00493508
2026.2917,289.769,288.499,2.14775,0.173384,1.49633,0.00635376,0.00291052,0.00208405,0.00344325,5.03646e-05,0.000132001,4.34455e-05,8.17115e-07,0.00484373,0.0255164,0.0324276,0.473311,0.00920536,0.000544192,5.65532e-08,1.0022e-06,3.1082e-05,1.30421e-06,5.24289e-05,3.87324e-05,2.81389e-06,1.2887e-08,2.95397e-06,2.28392e-06,11.9983,46.4469,7.52044,0.379415,31.3279,0.0656513,9.18022,0.00758063,0.0656513,2.74126,0.138244,3.27898,0.0018339,0.00745368,3.12581,0.00262605,0.0140729,0.00156313,0.00563697,3.12581,0.00946756,3.05416,1.67414,0.000430229,0.0629815,0.00017507,0.00234548,6.56513e-05,0.000913755,0.0629815,2.37311,1.05876e-06,4.4779,0.073232
2026.3750,294.428,293.302,3.6086,0.217603,1.94349,0.0104705,0.00452047,0.00236581,0.00595003,0.000125005,0.00016222,0.00010578,4.52017e-06,0.00830411,0.0141572,0.0567888,0.369851,0.0158287,0.000548263,4.44414e-07,1.05917e-06,2.71682e-05,4.20781e-07,7.1454e-05,6.60947e-05,2.19622e-06,8.65374e-09,3.46622e-06,3.9911e-06,12.1274,46.5291,7.566,0.350102,31.3154,0.107787,9.24838,0.00898398,0.107787,2.73622,0.139733,3.27813,0.00113432,0.00674338,3.1249,0.00431147,0.0141684,0.00256635,0.00562681,3.1249,0.0095547,3.05416,1.67413,0.000391222,0.0629412,0.000287431,0.0023614,0.000107787,0.000912073,0.0629412,3.17257,1.50359e-06,4.56137,0.116771
2026.4583,297.384,296.162,3.60197,0.180326,2.88906,0.00972293,0.00479386,0.00230034,0.00492908,0.000138517,0.000160395,0.000115268,7.2734e-06,0.010066,0.017696,0.0699835,0.306123,0.0145418,0.000553092,8.53543e-07,1.14464e-06,2.33546e-05,2.80158e-07,7.71863e-05,6.03626e-05,2.17187e-06,1.18398e-08,3.36342e-06,3.65608e-06,12.2742,46.6243,7.62042,0.325798,31.2969,0.107609,9.23294,0.00845956,0.107609,2.72736,0.141454,3.2775,0.000855064,0.00615542,3.12343,0.00430435,0.0141481,0.00256211,0.00560878,3.12343,0.00965698,3.05416,1.67412,0.000359519,0.0628862,0.000286956,0.00235802,0.000107609,0.000909121,0.0628862,3.68374,1.99818e-06,4.65377,0.116068
2026.5417,296.285,295.54,3.59518,0.145555,2.48592,0.00862356,0.00454216,0.00190847,0.0040814,0.00014844,0.000148797,0.000123753,7.57881e-06,0.0113499,0.0154243,0.0626864,0.22953,0.0127852,0.00055746,8.64213e-07,1.22447e-06,1.64274e-05,2.9214e-07,6.76352e-05,5.26701e-05,1.77325e-06,7.51379e-09,2.74756e-06,3.20736e-06,12.396,46.7015,7.66943,0.308015,31.2779,0.107426,9.21727,0.00795774,0.107426,2.71962,0.142994,3.27702,0.000851922,0.00572722,3.12185,0.00429704,0.0141274,0.00255776,0.00559299,3.12185,0.00974874,3.05416,1.6741,0.000336756,0.0628329,0.000286469,0.00235456,0.000107426,0.00090654,0.0628329,3.05768,2.08868e-06,4.72657,0.115384
2026.6250,291.401,291.519,3.58851,0.194488,1.6122,0.00688633,0.00377591,0.00183126,0.00311042,8.86004e-05,0.000132827,7.49268e-05,3.27515e-06,0.00769513,0.0150407,0.0424079,0.275074,0.0100711,0.000560845,2.99936e-07,1.25786e-06,2.27231e-05,1.50115e-07,6.81062e-05,4.19056e-05,1.975e-06,4.32907e-09,2.60345e-06,2.51151e-06,12.4849,46.7537,7.707,0.294914,31.2601,0.107247,9.20188,0.007493,0.107247,2.71374,0.144195,3.2765,0.000984689,0.00541205,3.12033,0.00428987,0.0141068,0.00255349,0.00558096,3.12033,0.00981961,3.05416,1.67409,0.00032016,0.0627855,0.000285991,0.00235113,0.000107247,0.000904579,0.0627855,2.31368,1.5578e-06,4.77794,0.11474
2026.7083,288.405,288.642,2.93195,0.182654,0.865238,0.00425792,0.00302971,0.00254307,0.00122821,4.83223e-05,7.7556e-05,4.08142e-05,1.23417e-06,0.00605693,0.010429,0.0263006,0.232607,0.00559633,0.00746488,8.38359e-08,1.24599e-06,2.17926e-05,1.73942e-07,1.34379e-05,7.13516e-05,1.90295e-06,3.9539e-09,1.73442e-06,4.58071e-06,12.5018,46.8097,7.7134,0.34674,31.2511,0.0883822,9.18652,0.00705555,0.0883822,2.71001,0.144088,3.27686,0.000966386,0.00672474,3.11951,0.00353412,0.0140861,0.00210434,0.00557332,3.11951,0.00981549,3.05421,1.6741,0.000389728,0.0627638,0.00023558,0.00234768,8.83822e-05,0.000903337,0.0627638,1.25501,1.32983e-06,4.78839,0.0954378
2026.7917,280.571,281.751,0,0.184543,0,0,0.0011739,0.00301557,-0.0011739,0,0,0,0,0,0,0,0,0,0.000551549,0,1.18353e-06,1.63229e-06,9.62416e-08,1.53799e-06,0,8.00582e-08,4.85189e-09,2.01723e-06,0,12.297,46.8828,7.62446,0.582235,31.2947,0,9.17118,0.0066435,0,2.70889,0.139717,3.28104,0.000167714,0.0125071,3.12308,0,0.0140652,0,0.00557098,3.12308,0.0095735,3.05444,1.67414,0.000706057,0.0628878,0,0.0023442,0,0.000902962,0.0628878,0.355067,1.18353e-06,4.67256,0.0066435
2026.8750,272.8,273.741,0,0.401731,0,0,0.000814748,0.00148136,-0.000814748,0,0,0,0,0,0,0,0,0,0.000550628,0,1.11666e-06,5.33325e-06,1.80555e-07,1.49303e-05,0,2.74174e-07,7.56821e-09,1.4357e-06,0,12.2488,46.7853,7.61173,0.507086,31.3158,0,9.15586,0.00625564,0,2.71362,0.139484,3.28106,0.000518669,0.0106163,3.12486,0,0.0140442,0,0.00558065,3.12486,0.00955752,3.05444,1.67419,0.000604959,0.062945,0,0.00234071,0,0.000904539,0.062945,0.64136,1.11666e-06,4.63708,0.00625564
2026.9583,273.239,273.846,0,0.23763,0,0,0.000919552,0.00152681,-0.000919552,0,0,0,0,0,0,0,0,0,0.000549694,0,1.04961e-06,8.03997e-06,4.5858e-07,1.81888e-05,0,4.01707e-07,1.26608e-08,1.66158e-06,0,12.202,46.7115,7.59881,0.464352,31.324,0,9.14032,0.00588455,0,2.72113,0.139247,3.28092,0.000921322,0.00956609,3.12559,0,0.0140228,0,0.005596,3.12559,0.0095413,3.05444,1.67424,0.000547744,0.0629661,0,0.00233713,0,0.000907042,0.0629661,0.48186,1.04961e-06,4.6032,0.00588455
2027.0417,273.537,273.105,0,0.219769,0,0,0.000862474,0.00105846,-0.000862474,0,0,0,0,0,0,0,0,0,0.000548806,0,9.97884e-07,5.99023e-06,7.39157e-07,1.26149e-05,0,3.27707e-07,1.22151e-08,1.2213e-06,0,12.1596,46.6589,7.58654,0.440196,31.3286,0,9.12556,0.00555173,0,2.73044,0.139022,3.28087,0.00124506,0.00898587,3.126,0,0.0140023,0,0.00561502,3.126,0.00952588,3.05444,1.67427,0.000515716,0.0629772,0,0.00233372,0,0.000910146,0.0629772,0.554368,9.97884e-07,4.5731,0.00555173
2027.1250,277.956,277.63,0,0.247561,0,0,0.000991764,0.00172005,-0.000991764,0,0,0,0,0,0,0,0,0,0.000547919,0,9.615e-07,1.99972e-05,7.84886e-07,3.23167e-05,0,1.30514e-06,9.41482e-09,2.16558e-06,0,12.1137,46.5877,7.57428,0.406521,31.3321,0,9.11082,0.00523803,0,2.73549,0.138798,3.28054,0.001612,0.00814674,3.12635,0,0.0139817,0,0.00562523,3.12635,0.0095105,3.05444,1.67433,0.000468539,0.0629838,0,0.00233029,0,0.00091183,0.0629838,1.06162,9.615e-07,4.53938,0.00523803
2027.2083,286.188,285.169,0.359668,0.204234,0.234368,0.00124903,0.0015563,0.00198911,-0.000307266,7.28989e-06,4.01043e-05,6.29869e-06,7.87946e-08,0.00138493,0.0149872,0.00858361,0.188214,0.00170867,0.000547071,4.72033e-09,9.42626e-07,3.26342e-05,1.88646e-06,4.85855e-05,7.23096e-06,2.60801e-06,1.77956e-08,2.70457e-06,4.07409e-07,12.0629,46.5003,7.56241,0.372126,31.3292,0.011479,9.11934,0.00547604,0.011479,2.73613,0.138588,3.2798,0.00208377,0.00730277,3.1262,0.000459159,0.0139932,0.000273309,0.00562631,3.1262,0.00949581,3.05444,1.6744,0.000421551,0.0629719,3.06106e-05,0.00233221,1.1479e-05,0.000912042,0.0629719,1.42932,9.47347e-07,4.50048,0.016955
2027.2917,287.675,287.202,3.29181,0.208203,1.46232,0.0089133,0.0035153,0.00190125,0.00539801,7.77521e-05,0.000156614,6.7227e-05,1.12512e-06,0.00585448,0.0169393,0.029837,0.525821,0.0139514,0.000549349,6.36025e-08,9.68274e-07,3.00646e-05,1.14571e-06,5.68035e-05,5.89391e-05,2.56618e-06,1.30739e-08,2.72241e-06,3.49937e-06,12.1176,46.5153,7.58668,0.344395,31.3196,0.0990255,9.28514,0.00920969,0.0990255,2.73373,0.1394,3.27881,0.00168504,0.00662525,3.12548,0.00396102,0.0142234,0.00235775,0.00562143,3.12548,0.00954113,3.05444,1.67442,0.00038446,0.0629419,0.000264068,0.00237057,9.90255e-05,0.000911242,0.0629419,2.47766,1.03188e-06,4.53088,0.108235
2027.3750,293.176,291.658,3.64271,0.149932,2.73938,0.0106521,0.00450451,0.00181782,0.0061476,0.000201909,0.000162504,0.000169815,8.6102e-06,0.0130929,0.0150998,0.0494078,0.257495,0.0168655,0.000554657,7.6322e-07,1.02794e-06,1.44807e-05,4.4088e-07,5.96771e-05,6.96113e-05,1.52934e-06,1.08375e-08,2.63081e-06,4.25852e-06,12.2755,46.6367,7.646,0.324197,31.3064,0.108703,9.28998,0.00911891,0.108703,2.73058,0.141185,3.27821,0.000859593,0.00613272,3.12442,0.0043481,0.0142315,0.00258816,0.00561523,3.12442,0.00964666,3.05444,1.67438,0.000358045,0.0629032,0.000289873,0.00237191,0.000108703,0.000910193,0.0629032,3.21751,1.79116e-06,4.62949,0.117821
2027.4583,298.182,296.126,3.63595,0.120325,3.05967,0.00911435,0.00493227,0.00160633,0.00418207,0.00027984,0.000159773,0.000228995,1.94478e-05,0.0217305,0.0191466,0.0685406,0.140487,0.0140289,0.000559787,2.20295e-06,1.11438e-06,4.05658e-06,2.10258e-07,5.40987e-05,5.61416e-05,5.49056e-07,6.6532e-09,2.29269e-06,3.51811e-06,12.4105,46.7412,7.70326,0.309569,31.2931,0.108521,9.27446,0.00858653,0.108521,2.72807,0.142859,3.27811,0.000544559,0.00577673,3.12332,0.00434084,0.0142112,0.00258383,0.00561029,3.12332,0.00974908,3.05444,1.67433,0.000339195,0.0628657,0.000289389,0.00236853,0.000108521,0.000909356,0.0628657,3.56573,3.31733e-06,4.70723,0.117108
2027.5417,296.617,295.756,3.62908,0.180804,2.31627,0.00873853,0.00477898,0.00203101,0.00395955,0.000191901,0.000148888,0.000156771,1.35451e-05,0.0140885,0.0143394,0.0630834,0.198313,0.0134229,0.000564443,1.54769e-06,1.19479e-06,1.69959e-05,6.05994e-08,7.48317e-05,5.49164e-05,1.45597e-06,3.72646e-09,2.89181e-06,3.37084e-06,12.5227,46.8184,7.75501,0.296218,31.2765,0.108337,9.25872,0.00807718,0.108337,2.72299,0.144382,3.27794,0.000598044,0.00545044,3.12191,0.00433347,0.0141903,0.00257945,0.0056,3.12191,0.00984249,3.05444,1.6743,0.000322015,0.062821,0.000288898,0.00236506,0.000108337,0.000907663,0.062821,3.21692,2.74247e-06,4.76769,0.116414
2027.6250,293.126,293.113,3.62234,0.165543,1.6742,0.00691531,0.00405798,0.00178315,0.00285733,0.000102033,0.000132357,8.56449e-05,4.52439e-06,0.00884205,0.0148941,0.0479594,0.245363,0.0103553,0.000568067,4.61552e-07,1.2337e-06,2.0085e-05,1.02262e-07,6.80234e-05,4.30719e-05,2.07166e-06,3.13743e-09,2.49998e-06,2.58315e-06,12.6047,46.8616,7.79486,0.284037,31.2571,0.108156,9.24326,0.00760547,0.108156,2.71573,0.145619,3.27748,0.000908093,0.00515584,3.12021,0.00432624,0.0141697,0.00257514,0.00558515,3.12021,0.00991555,3.05444,1.67429,0.000306682,0.0627706,0.000288416,0.00236162,0.000108156,0.000905243,0.0627706,2.20186,1.69525e-06,4.80986,0.115761
2027.7083,285.162,285.962,2.95938,0.193358,0.681272,0.00403058,0.00268262,0.00228203,0.00134796,4.95724e-05,7.81414e-05,4.17844e-05,1.04331e-06,0.00651168,0.0114723,0.0196984,0.224639,0.00546628,0.00753067,5.94721e-08,1.22284e-06,2.07042e-05,1.14837e-07,1.33209e-05,7.12345e-05,1.70755e-06,2.70002e-09,1.52657e-06,4.56908e-06,12.6165,46.9161,7.80128,0.339329,31.2477,0.0891316,9.22783,0.00716145,0.0891316,2.71255,0.145496,3.2779,0.000927021,0.00655428,3.11934,0.00356441,0.0141489,0.00212218,0.00557864,3.11934,0.00991037,3.05449,1.67429,0.000381026,0.062749,0.000237594,0.00235815,8.91316e-05,0.000904183,0.062749,1.32498,1.28231e-06,4.8152,0.0962931
2027.7917,278.835,279.833,0,0.185655,0,0,0.00110411,0.00274026,-0.00110411,0,0,0,0,0,0,0,0,0,0.000558709,0,1.16723e-06,9.40333e-07,6.5943e-08,-1.76901e-06,0,5.0082e-08,3.2541e-09,1.67637e-06,0,12.415,47.0081,7.71136,0.592192,31.2874,0,9.21242,0.00674321,0,2.71343,0.141082,3.28216,0.0001468,0.0127769,3.12257,0,0.014128,0,0.00558043,3.12257,0.00966585,3.05473,1.67432,0.000721826,0.0628629,0,0.00235467,0,0.000904475,0.0628629,0.473971,1.16723e-06,4.70366,0.00674321
2027.8750,274.006,274.467,0,0.483674,0,0,0.000949291,0.00200585,-0.000949291,0,0,0,0,0,0,0,0,0,0.000557776,0,1.1007e-06,4.94337e-06,9.80377e-08,1.54185e-05,0,2.45868e-07,4.27928e-09,1.91016e-06,0,12.3663,46.9087,7.69848,0.513047,31.3113,0,9.19704,0.00634953,0,2.71803,0.140847,3.28221,0.000436997,0.0107631,3.12457,0,0.014107,0,0.00558984,3.12457,0.00964971,3.05473,1.67438,0.00061434,0.0629289,0,0.00235116,0,0.000906009,0.0629289,0.509903,1.1007e-06,4.66779,0.00634953
2027.9583,272.305,273.302,0,0.281932,0,0,0.000842323,0.00137465,-0.000842323,0,0,0,0,0,0,0,0,0,0.000556829,0,1.04314e-06,7.4186e-06,3.27354e-07,1.75321e-05,0,3.49352e-07,9.01745e-09,1.46592e-06,0,12.3172,46.8235,7.68542,0.460139,31.3223,0,9.18143,0.00597288,0,2.72384,0.140608,3.2821,0.000895143,0.00945791,3.12553,0,0.0140855,0,0.0056017,3.12553,0.00963333,3.05473,1.67443,0.00054219,0.0629574,0,0.00234758,0,0.000907947,0.0629574,0.89248,1.04314e-06,4.63175,0.00597288
2028.0417,270.839,271.197,0,0.266284,0,0,0.000700599,0.000554612,-0.000700599,0,0,0,0,0,0,0,0,0,0.00055593,0,1.00945e-06,9.76051e-07,6.25694e-07,5.9318e-06,0,5.38094e-08,1.15303e-08,6.20358e-07,0,12.2769,46.7793,7.673,0.442145,31.3258,0,9.1666,0.00563506,0,2.73449,0.140381,3.28207,0.00118152,0.0090427,3.12585,0,0.0140649,0,0.00562348,3.12585,0.00961777,3.05473,1.67446,0.000519702,0.0629663,0,0.00234415,0,0.000911495,0.0629663,0.842886,1.00945e-06,4.60386,0.00563506
2028.1250,276.547,275.541,0,0.448586,0,0,0.000900947,0.00126577,-0.000900947,0,0,0,0,0,0,0,0,0,0.000555032,0,9.6245e-07,9.39704e-06,5.1725e-07,1.709e-05,0,5.19431e-07,6.66844e-09,1.49557e-06,0,12.2357,46.7346,7.66061,0.423817,31.3303,0,9.15179,0.00531665,0,2.74476,0.140154,3.28206,0.00143172,0.00858516,3.12624,0,0.0140442,0,0.00564445,3.12624,0.00960224,3.05473,1.67448,0.000494021,0.0629772,0,0.00234071,0,0.00091492,0.0629772,0.566367,9.6245e-07,4.57512,0.00531665
2028.2083,286.097,285.064,0.0281483,0.199973,0.0253922,0.000150196,0.00131109,0.00211485,-0.0011609,7.20597e-07,7.27137e-06,6.13727e-07,9.10824e-09,0.000351697,0.00580689,0.00203081,0.0344986,0.000144548,0.000554106,5.46881e-10,9.28523e-07,2.94499e-05,6.26461e-07,4.58008e-05,6.04486e-07,2.24613e-06,6.41795e-09,2.75169e-06,3.07345e-08,12.1825,46.6445,7.64783,0.383861,31.3317,0.000925347,9.13837,0.00504906,0.000925347,2.74638,0.13992,3.2815,0.00189275,0.00758827,3.12645,3.70139e-05,0.0140254,2.20321e-05,0.00564755,3.12645,0.00958622,3.05473,1.67455,0.000437912,0.0629775,2.46759e-06,0.00233756,9.25347e-07,0.00091546,0.0629775,1.12154,9.2907e-07,4.53472,0.00597441
2028.2917,290.579,289.478,3.05428,0.184665,1.99366,0.00849523,0.00353035,0.002076,0.00496488,6.63985e-05,0.0001543,5.71658e-05,1.21852e-06,0.00524966,0.0216418,0.0396314,0.572851,0.0127385,0.000555193,9.27658e-08,9.47457e-07,3.25092e-05,9.00621e-07,5.80915e-05,5.37292e-05,2.91733e-06,9.28981e-09,2.90455e-06,3.18831e-06,12.2032,46.6218,7.65851,0.35062,31.3243,0.0917685,9.30597,0.00887208,0.0917685,2.74371,0.140398,3.28055,0.00182634,0.00677533,3.12591,0.00367074,0.0142577,0.00218496,0.005642,3.12591,0.00961196,3.05473,1.67459,0.000393119,0.0629529,0.000244716,0.00237629,9.17685e-05,0.00091457,0.0629529,2.82608,1.04022e-06,4.54468,0.100641
2028.3750,296.563,293.943,4.11423,0.101835,3.28662,0.009309,0.00451316,0.00147827,0.00479584,0.000150808,0.000154553,0.000127815,5.29962e-06,0.0115302,0.0227351,0.0564202,0.263997,0.0138828,0.000559643,5.27526e-07,1.03469e-06,3.79712e-06,6.08177e-07,4.45017e-05,5.73881e-05,6.01788e-07,7.55839e-09,2.09565e-06,3.48866e-06,12.3478,46.7318,7.70838,0.328848,31.3133,0.121191,9.34996,0.00966685,0.121191,2.74184,0.142035,3.28009,0.00112131,0.00624664,3.12504,0.00484766,0.0143201,0.00288551,0.00563848,3.12504,0.00970845,3.05473,1.67456,0.000364694,0.06292,0.000323177,0.00238668,0.000121191,0.000913946,0.06292,3.62484,1.56221e-06,4.63945,0.130858
2028.4583,299.099,296.66,4.10649,0.0862425,2.29628,0.00604304,0.00405711,0.001124,0.00198593,0.000123066,0.000129369,0.000102816,6.07255e-06,0.0132458,0.031243,0.0590648,0.169857,0.00854038,0.000562661,6.80809e-07,1.10402e-06,2.7147e-06,2.85669e-07,3.37258e-05,3.4811e-05,4.84033e-07,4.68694e-09,1.58295e-06,2.11246e-06,12.4195,46.7871,7.74156,0.317088,31.306,0.120989,9.33434,0.00910247,0.120989,2.7445,0.143136,3.28006,0.00085065,0.00596275,3.12447,0.00483956,0.0142998,0.00288069,0.00564426,3.12447,0.00977364,3.05473,1.67453,0.000349666,0.0628983,0.000322637,0.00238331,0.000120989,0.000914833,0.0628983,2.65808,1.78483e-06,4.67792,0.130092
2028.5417,297.821,296.52,4.09865,0.137694,2.13361,0.00726459,0.00451394,0.00160576,0.00275066,0.000124778,0.000137248,0.000103975,6.44512e-06,0.0111819,0.021581,0.0616455,0.210688,0.0105009,0.000565162,7.50036e-07,1.15071e-06,1.34016e-05,1.43339e-07,5.46897e-05,4.32303e-05,1.59963e-06,3.02922e-09,2.29075e-06,2.61909e-06,12.466,46.8128,7.76869,0.306138,31.2959,0.120784,9.3185,0.00856252,0.120784,2.74473,0.144057,3.27988,0.000850923,0.00568982,3.12364,0.00483135,0.0142791,0.0028758,0.00564496,3.12364,0.0098276,3.05473,1.67451,0.000335008,0.0628699,0.00032209,0.00237985,0.000120784,0.00091491,0.0628699,2.75918,1.90075e-06,4.69733,0.129346
2028.6250,293.649,292.963,4.09095,0.106097,2.26655,0.0068787,0.00408593,0.00139462,0.00279276,0.00011781,0.000132727,9.92481e-05,4.84245e-06,0.0105103,0.0155571,0.0464365,0.199611,0.00991695,0.000568343,4.57659e-07,1.19105e-06,6.45723e-06,1.18396e-07,4.99079e-05,4.08277e-05,7.08292e-07,2.24796e-09,1.97293e-06,2.47063e-06,12.5484,46.8668,7.80377,0.295063,31.2816,0.120582,9.30294,0.00806246,0.120582,2.74166,0.145208,3.27959,0.000907147,0.00541935,3.12242,0.00482328,0.0142585,0.002871,0.00563879,3.12242,0.00989562,3.05473,1.6745,0.000320695,0.0628314,0.000321552,0.00237641,0.000120582,0.000913887,0.0628314,2.54186,1.64871e-06,4.74464,0.128644
2028.7083,286.148,287.133,3.33886,0.125622,0.887684,0.00383978,0.00271146,0.00157378,0.00112833,6.35976e-05,7.43038e-05,5.20839e-05,1.47147e-06,0.00855495,0.0108787,0.0218154,0.153195,0.00483891,0.00833023,9.36269e-08,1.19033e-06,5.0921e-06,1.27235e-07,-4.02679e-06,7.41013e-05,6.67188e-07,1.87772e-09,8.49746e-07,4.7961e-06,12.5471,46.9351,7.80386,0.364184,31.2785,0.099372,9.28741,0.00759176,0.099372,2.74538,0.144874,3.28063,0.000833115,0.00715075,3.12212,0.00397407,0.0142377,0.002366,0.00564654,3.12212,0.009879,3.05479,1.67448,0.000413475,0.062824,0.000264913,0.00237295,9.9372e-05,0.000915126,0.062824,1.24647,1.28396e-06,4.74325,0.106964
2028.7917,280.692,281.57,0,0.204222,0,0,0.00119539,0.00307335,-0.00119539,0,0,0,0,0,0,0,0,0,0.000557134,0,1.14048e-06,8.94456e-08,2.21459e-08,-5.83129e-06,0,6.66203e-09,1.4143e-09,1.8062e-06,0,12.3201,47.0483,7.70251,0.661145,31.3193,0,9.2719,0.0071484,0,2.74782,0.139915,3.28553,0.000104728,0.0143927,3.12546,0,0.0142168,0,0.00565159,3.12546,0.00960455,3.05506,1.67451,0.000812415,0.0629402,0,0.00236947,0,0.000915939,0.0629402,0.590788,1.14048e-06,4.61757,0.0071484
2028.8750,273.257,274.191,0,0.292259,0,0,0.000799526,0.00215367,-0.000799526,0,0,0,0,0,0,0,0,0,0.000556204,0,1.07608e-06,3.1342e-06,2.01578e-08,1.02916e-05,0,1.57409e-07,1.24008e-09,1.94024e-06,0,12.2712,46.9399,7.68965,0.567643,31.3492,0,9.25642,0.00673106,0,2.75184,0.139681,3.28562,0.000279206,0.0120181,3.12798,0,0.0141958,0,0.00565986,3.12798,0.00958851,3.05506,1.67456,0.000685883,0.0630221,0,0.00236596,0,0.000917281,0.0630221,0.483939,1.07608e-06,4.58156,0.00673106
2028.9583,271.877,272.765,0,0.297133,0,0,0.000827183,0.00141053,-0.000827183,0,0,0,0,0,0,0,0,0,0.00055526,0,1.01458e-06,4.76211e-06,6.32561e-08,1.33646e-05,0,2.29151e-07,2.39444e-09,1.45726e-06,0,12.2261,46.8534,7.6766,0.505943,31.3637,0,9.24071,0.00633177,0,2.75768,0.139444,3.28558,0.000685027,0.01051,3.12927,0,0.0141743,0,0.00567181,3.12927,0.00957224,3.05506,1.67462,0.000602077,0.063059,0,0.00236238,0,0.000919227,0.063059,0.598348,1.01458e-06,4.54949,0.00633177
2029.0417,273.346,272.904,0,0.357734,0,0,0.000836519,0.0011168,-0.000836519,0,0,0,0,0,0,0,0,0,0.000554363,0,9.6511e-07,3.91556e-06,2.3404e-07,9.70342e-06,0,1.36781e-07,5.29296e-09,1.23727e-06,0,12.1844,46.8024,7.6642,0.480542,31.3697,0,9.22578,0.00597365,0,2.76772,0.139219,3.2856,0.000974436,0.00990547,3.12981,0,0.0141537,0,0.00569237,3.12981,0.00955678,3.05506,1.67465,0.000568573,0.0630736,0,0.00235895,0,0.000922573,0.0630736,0.560607,9.6511e-07,4.52022,0.00597365
2029.1250,281.652,280.657,0,0.233505,0,0,0.00111465,0.00216612,-0.00111465,0,0,0,0,0,0,0,0,0,0.000553468,0,9.28591e-07,1.89751e-05,3.94789e-07,3.29852e-05,0,1.13034e-06,6.75742e-09,2.648e-06,0,12.1379,46.7255,7.65182,0.439051,31.376,0,9.21088,0.00563611,0,2.77248,0.138994,3.28536,0.00135108,0.0088844,3.13043,0,0.014133,0,0.00570202,3.13043,0.00954134,3.05506,1.67471,0.000510549,0.0630869,0,0.0023555,0,0.00092416,0.0630869,0.838847,9.28591e-07,4.48613,0.00563611
2029.2083,284.301,283.845,0.599886,0.183693,0.433666,0.00202371,0.00163141,0.00196916,0.0003923,1.49604e-05,5.69522e-05,1.29727e-05,1.38466e-07,0.00220749,0.0161107,0.00859942,0.23554,0.00312994,0.000552743,5.95804e-09,9.01398e-07,2.83399e-05,1.2296e-06,4.33e-05,1.33466e-05,2.25622e-06,1.5096e-08,2.64308e-06,7.58366e-07,12.09,46.6329,7.64129,0.395192,31.3755,0.0195024,9.23569,0.00622585,0.0195024,2.77217,0.138821,3.28468,0.00182353,0.00782249,3.13052,0.000780096,0.0141672,0.000464343,0.0057012,3.13052,0.0095287,3.05506,1.67479,0.000450833,0.0630794,5.20064e-05,0.00236121,1.95024e-05,0.000924057,0.0630794,1.30675,9.07356e-07,4.44869,0.0257283
2029.2917,293.647,291.638,3.45773,0.151877,2.27612,0.00830998,0.00418848,0.00208838,0.00412149,0.000105512,0.00014724,9.00684e-05,2.92115e-06,0.00855248,0.0225872,0.0450554,0.365923,0.0136056,0.000555899,2.69223e-07,9.33683e-07,2.30755e-05,8.79362e-07,5.68632e-05,5.74446e-05,2.65623e-06,1.12705e-08,2.97965e-06,3.40615e-06,12.1495,46.6529,7.67454,0.364462,31.3682,0.103642,9.3937,0.00973618,0.103642,2.77074,0.13981,3.28394,0.00133249,0.00707834,3.13002,0.00414569,0.0143869,0.00246767,0.00569839,3.13002,0.00958421,3.05506,1.6748,0.000409804,0.0630539,0.000276379,0.00239782,0.000103642,0.000923579,0.0630539,2.87467,1.20291e-06,4.47493,0.113378
2029.3750,297.618,295.953,3.65496,0.138963,3.1888,0.0100851,0.00500293,0.00203341,0.00508212,0.000232441,0.000160301,0.000192975,1.28647e-05,0.0163569,0.0174974,0.0682441,0.212068,0.0168083,0.000561461,1.48228e-06,1.02426e-06,1.23259e-05,2.73801e-07,6.30404e-05,6.92665e-05,1.67057e-06,5.97152e-09,2.95108e-06,4.23232e-06,12.2671,46.7262,7.73493,0.339002,31.3548,0.109031,9.38948,0.00941897,0.109031,2.7654,0.141536,3.28347,0.000788429,0.00646087,3.12899,0.00436124,0.0143826,0.00259598,0.00568773,3.12899,0.00968621,3.05506,1.67477,0.000376196,0.0630122,0.000290749,0.00239709,0.000109031,0.0009218,0.0630122,3.80366,2.50653e-06,4.53213,0.11845
2029.4583,298.84,297.462,3.64817,0.132562,2.80137,0.00871564,0.00484671,0.00158461,0.00386893,0.000299434,0.000155199,0.000243504,2.26224e-05,0.0245064,0.0227459,0.0740985,0.129882,0.0143118,0.000566997,2.80561e-06,1.12657e-06,4.56752e-06,1.14542e-07,4.98675e-05,5.7238e-05,6.61294e-07,3.81771e-09,2.25877e-06,3.58385e-06,12.3844,46.809,7.79503,0.322007,31.3412,0.108849,9.3738,0.00886907,0.108849,2.76141,0.143255,3.28341,0.000513095,0.0060503,3.12791,0.00435396,0.0143621,0.00259164,0.00567976,3.12791,0.00979126,3.05506,1.67473,0.000354102,0.0629723,0.000290264,0.00239368,0.000108849,0.000920471,0.0629723,3.56925,3.93218e-06,4.58935,0.117718
2029.5417,297.057,296.377,3.64128,0.168188,2.48308,0.00833513,0.00468372,0.0020137,0.00365142,0.000220693,0.000147029,0.000178872,1.72625e-05,0.017317,0.0174804,0.0660604,0.169653,0.0136503,0.000571641,2.08516e-06,1.20476e-06,1.29446e-05,4.10224e-08,7.14064e-05,5.57062e-05,1.19581e-06,2.55763e-09,2.88031e-06,3.41975e-06,12.4772,46.8677,7.84504,0.308131,31.3261,0.108664,9.35789,0.00834296,0.108664,2.7563,0.144737,3.28331,0.000528023,0.00571226,3.12666,0.00434657,0.0143411,0.00258724,0.00566942,3.12666,0.0098819,3.05506,1.6747,0.000335941,0.0629301,0.000289771,0.00239019,0.000108664,0.000918768,0.0629301,3.22327,3.28992e-06,4.63215,0.117007
2029.6250,293.5,293.427,3.63452,0.190394,1.66584,0.00688574,0.00401397,0.00193642,0.00287178,0.000109843,0.000132533,9.17693e-05,5.36872e-06,0.00966825,0.0155447,0.0493159,0.247889,0.0110795,0.000575454,5.61881e-07,1.24498e-06,2.12999e-05,4.11641e-08,7.21584e-05,4.63856e-05,1.92001e-06,1.84297e-09,2.73252e-06,2.76166e-06,12.5548,46.9051,7.88572,0.294567,31.307,0.108483,9.34226,0.00785573,0.108483,2.74871,0.146032,3.28292,0.000829928,0.00538534,3.12502,0.00433931,0.0143203,0.00258292,0.0056539,3.12502,0.00995815,3.05506,1.67469,0.000318826,0.0628795,0.000289287,0.00238672,0.000108483,0.000916238,0.0628795,2.34678,1.80686e-06,4.6691,0.116338
2029.7083,285.744,286.389,2.96925,0.196829,0.784507,0.00406323,0.00266167,0.00237477,0.00140156,5.56913e-05,7.72336e-05,4.6458e-05,1.22398e-06,0.00723223,0.0118313,0.019197,0.213469,0.00596517,0.00755937,7.07017e-08,1.23619e-06,1.84416e-05,5.80646e-08,1.45716e-05,7.35784e-05,1.45765e-06,1.95121e-09,1.6377e-06,4.70183e-06,12.5702,46.96,7.89426,0.348341,31.2969,0.0894009,9.32666,0.0073971,0.0894009,2.74452,0.146013,3.28333,0.00083295,0.00674583,3.1241,0.00357503,0.0142994,0.00212859,0.00564532,3.1241,0.00995876,3.05511,1.67469,0.000391256,0.062855,0.000238314,0.00238323,8.94009e-05,0.000914841,0.062855,1.34001,1.3069e-06,4.67597,0.096798
2029.7917,280.89,282.036,0,0.215704,0,0,0.00114443,0.00317686,-0.00114443,0,0,0,0,0,0,0,0,0,0.0005664,0,1.18415e-06,1.31736e-06,1.22586e-07,1.55108e-06,0,6.28364e-08,8.13457e-09,2.09542e-06,0,12.3659,47.0375,7.80446,0.587999,31.3403,0,9.31109,0.0069651,0,2.74327,0.14161,3.28764,0.00013879,0.0126006,3.12764,0,0.0142783,0,0.00564273,3.12764,0.00971483,3.05535,1.67473,0.000712371,0.0629789,0,0.00237972,0,0.000914422,0.0629789,0.679115,1.18415e-06,4.56142,0.0069651
2029.8750,272.674,273.302,0,0.631139,0,0,0.000732482,0.00166647,-0.000732482,0,0,0,0,0,0,0,0,0,0.000565454,0,1.12139e-06,5.95404e-06,2.07882e-07,1.53784e-05,0,3.12512e-07,1.09335e-08,1.63025e-06,0,12.3205,46.9435,7.79143,0.513153,31.3616,0,9.29554,0.00655846,0,2.74828,0.141374,3.28766,0.00047317,0.0107221,3.12944,0,0.0142571,0,0.00565302,3.12944,0.0096986,3.05535,1.67478,0.000612112,0.0630369,0,0.00237618,0,0.000916095,0.0630369,0.413882,1.12139e-06,4.52903,0.00655846
2029.9583,274.096,274.643,0,0.297525,0,0,0.00069425,0.00179704,-0.00069425,0,0,0,0,0,0,0,0,0,0.000564494,0,1.04433e-06,1.13866e-05,3.28853e-07,2.14984e-05,0,7.23419e-07,1.03946e-08,1.98266e-06,0,12.2789,46.8685,7.7782,0.463742,31.3713,0,9.27976,0.00616942,0,2.7545,0.141134,3.2875,0.000894023,0.00950686,3.1303,0,0.0142354,0,0.00566573,3.1303,0.00968214,3.05535,1.67484,0.000544919,0.0630615,0,0.00237257,0,0.000918168,0.0630615,0.248659,1.04433e-06,4.50069,0.00616942
2030.0417,274.795,275.307,0,0.186896,0,0,0.000699848,0.00162127,-0.000699848,0,0,0,0,0,0,0,0,0,0.000563583,0,9.83445e-07,1.54583e-05,4.89354e-07,2.63049e-05,0,1.09969e-06,8.48251e-09,1.94931e-06,0,12.24,46.7988,7.76564,0.423111,31.3766,0,9.26478,0.00582048,0,2.75906,0.140906,3.28721,0.00130651,0.00851587,3.13081,0,0.0142147,0,0.00567497,3.13081,0.0096665,3.05535,1.6749,0.000489217,0.0630731,0,0.00236912,0,0.000919687,0.0630731,0.502206,9.83445e-07,4.47432,0.00582048
2030.1250,274.169,274.703,0,0.22282,0,0,0.000688217,0.00143518,-0.000688217,0,0,0,0,0,0,0,0,0,0.000562672,0,9.4566e-07,1.87768e-05,6.9017e-07,3.01411e-05,0,1.36088e-06,7.51998e-09,1.85797e-06,0,12.2015,46.7351,7.7531,0.393006,31.3772,0,9.24981,0.00549159,0,2.76342,0.140678,3.2868,0.00173327,0.00778492,3.13092,0,0.0141939,0,0.00568376,3.13092,0.00965089,3.05535,1.67495,0.000448477,0.0630719,0,0.00236564,0,0.00092114,0.0630719,1.07046,9.4566e-07,4.44838,0.00549159
2030.2083,283.59,282.504,0,0.221468,0,0,0.00111686,0.00178583,-0.00111686,0,0,0,0,0,0,0,0,0,0.000561733,0,9.19335e-07,2.96718e-05,2.72347e-06,4.54393e-05,0,2.28571e-06,2.42789e-08,2.45012e-06,0,12.1554,46.6618,7.74015,0.36677,31.3736,0,9.23437,0.00517088,0,2.76599,0.140443,3.28613,0.00216971,0.00714411,3.13068,0,0.0141722,0,0.00568884,3.13068,0.00963478,3.05534,1.67501,0.00041316,0.0630588,0,0.00236204,0,0.000921998,0.0630588,0.959363,9.19335e-07,4.41529,0.00517088
2030.2917,290.255,289.092,2.44276,0.182662,1.74085,0.00687488,0.00293994,0.00192964,0.00393494,4.93222e-05,0.000128494,4.25679e-05,7.65633e-07,0.00418101,0.0220488,0.0347706,0.529508,0.0105128,0.000562019,5.89267e-08,9.28963e-07,3.67915e-05,2.45292e-06,5.85391e-05,4.45663e-05,3.43863e-06,1.98201e-08,2.75767e-06,2.62546e-06,12.1521,46.6212,7.74136,0.341681,31.3637,0.0732819,9.34788,0.00778873,0.0732819,2.7637,0.140683,3.28502,0.0021936,0.00653228,3.12992,0.00293127,0.0143294,0.00174481,0.00568397,3.12992,0.00964636,3.05534,1.67506,0.000379805,0.0630282,0.000195418,0.00238824,7.32819e-05,0.000921233,0.0630282,2.61918,9.87889e-07,4.41079,0.0810706
2030.3750,295.889,293.761,4.64123,0.121474,3.25563,0.0100509,0.0045337,0.00169443,0.0055172,0.000132174,0.000157719,0.000112617,3.94041e-06,0.00930079,0.0188598,0.0568794,0.338371,0.0154047,0.000565961,3.98715e-07,1.01768e-06,1.1496e-05,1.0995e-06,5.58946e-05,6.44039e-05,1.65313e-06,1.0495e-08,2.44639e-06,3.87866e-06,12.2926,46.7277,7.78479,0.323159,31.3508,0.13479,9.4407,0.00973452,0.13479,2.76116,0.142304,3.28435,0.00139926,0.00608396,3.12888,0.00539161,0.0144593,0.00320929,0.005679,3.12888,0.00974096,3.05534,1.67503,0.000355896,0.0629908,0.000359441,0.00240988,0.00013479,0.000920386,0.0629908,3.74012,1.41639e-06,4.50778,0.144525
2030.4583,299.7,297.229,4.63447,0.0953804,2.78565,0.00767044,0.00450901,0.00129028,0.00316143,0.000135212,0.000139081,0.000113298,6.26738e-06,0.0118865,0.025938,0.0644681,0.215784,0.0112997,0.000569541,7.45276e-07,1.11238e-06,7.84162e-06,4.09993e-07,4.31157e-05,4.66242e-05,8.34548e-07,5.50231e-09,1.84223e-06,2.82181e-06,12.3992,46.8104,7.82404,0.310749,31.3393,0.134618,9.42503,0.00916822,0.134618,2.7611,0.143735,3.28414,0.00100784,0.00578646,3.12793,0.00538473,0.0144389,0.00320519,0.00567917,3.12793,0.00982544,3.05534,1.67499,0.000340289,0.0629588,0.000358982,0.00240649,0.000134618,0.000920367,0.0629588,3.2952,1.85765e-06,4.57518,0.143786
2030.5417,296.17,295.513,4.6255,0.193427,2.19356,0.00936308,0.00478051,0.00211477,0.00458257,0.000145193,0.000148528,0.000120729,7.7688e-06,0.0103152,0.0149305,0.0620699,0.262963,0.0141892,0.000573249,8.81383e-07,1.17717e-06,2.26804e-05,7.85689e-08,7.81169e-05,5.89733e-05,2.04146e-06,3.15995e-09,3.01022e-06,3.57069e-06,12.507,46.8836,7.86473,0.297532,31.323,0.13439,9.40903,0.00862437,0.13439,2.75606,0.145184,3.28367,0.000813533,0.00546026,3.12654,0.00537559,0.0144179,0.00319975,0.00566901,3.12654,0.0099114,3.05534,1.67497,0.00032313,0.0629148,0.000358373,0.00240299,0.00013439,0.000918688,0.0629148,3.05226,2.05855e-06,4.64229,0.143014
2030.6250,292.804,292.734,4.61669,0.130354,2.0058,0.00754652,0.00411259,0.00157813,0.00343393,0.000124892,0.000133132,0.000105326,5.00379e-06,0.0101305,0.0142023,0.0465553,0.213989,0.0111905,0.000576752,4.86658e-07,1.21866e-06,1.1156e-05,1.56239e-07,5.9446e-05,4.63386e-05,1.33847e-06,3.07892e-09,2.21113e-06,2.80034e-06,12.6094,46.9497,7.9031,0.285846,31.3046,0.134165,9.39332,0.0081207,0.134165,2.74986,0.146543,3.28326,0.000942824,0.0051796,3.12494,0.00536661,0.0143971,0.00319441,0.00565637,3.12494,0.00999167,3.05534,1.67495,0.000308619,0.0628672,0.000357774,0.00239952,0.000134165,0.000916619,0.0628672,2.36435,1.70532e-06,4.70632,0.142286
2030.7083,286.878,287.352,3.7638,0.204095,0.743486,0.00442061,0.0029346,0.00246089,0.00148601,5.79806e-05,7.73402e-05,4.85282e-05,1.441e-06,0.00687128,0.0109485,0.0216908,0.198791,0.00578929,0.00921311,8.3806e-08,1.21012e-06,2.11567e-05,9.77456e-08,1.48431e-05,8.43239e-05,1.62285e-06,2.66869e-09,1.64147e-06,5.43533e-06,12.6247,47.0279,7.90439,0.357842,31.2976,0.110566,9.37763,0.0076466,0.110566,2.74782,0.146268,3.28398,0.000811142,0.00698967,3.12426,0.00442187,0.0143761,0.00263252,0.00565225,3.12426,0.00997908,3.05541,1.67494,0.000405355,0.0628515,0.000294764,0.00239602,0.000110566,0.000915939,0.0628515,1.31524,1.29392e-06,4.7203,0.118213
2030.7917,280.587,281.507,0,0.203656,0,0,0.00112118,0.00313138,-0.00112118,0,0,0,0,0,0,0,0,0,0.000564518,0,1.15782e-06,2.9404e-07,6.82931e-08,-3.80171e-06,0,1.31282e-08,4.7376e-09,1.83864e-06,0,12.382,47.1558,7.79317,0.686418,31.3404,0,9.36197,0.00720003,0,2.74705,0.140808,3.28932,9.43749e-05,0.0150383,3.12773,0,0.014355,0,0.00565069,3.12773,0.00967718,3.0557,1.67497,0.000847899,0.062975,0,0.00239251,0,0.000915682,0.062975,0.443249,1.15782e-06,4.5888,0.00720003
2030.8750,274.569,275.378,0,0.294307,0,0,0.000887687,0.00227515,-0.000887687,0,0,0,0,0,0,0,0,0,0.000563575,0,1.09164e-06,2.99791e-06,1.70455e-07,9.93586e-06,0,1.42467e-07,1.02755e-08,1.9854e-06,0,12.3331,47.0414,7.78016,0.585078,31.3729,0,9.34634,0.00677968,0,2.75042,0.140573,3.28941,0.000277877,0.0124527,3.13045,0,0.0143338,0,0.00565762,3.13045,0.00966102,3.0557,1.67503,0.000710562,0.0630647,0,0.00238896,0,0.000916808,0.0630647,0.503464,1.09164e-06,4.55292,0.00677968
2030.9583,272.139,272.753,0,0.161739,0,0,0.00066117,0.00118435,-0.00066117,0,0,0,0,0,0,0,0,0,0.000562618,0,1.02833e-06,5.3413e-06,3.15716e-07,1.17871e-05,0,2.6642e-07,1.17749e-08,1.18021e-06,0,12.2899,46.9694,7.76696,0.535041,31.3853,0,9.33048,0.00637751,0,2.75913,0.140335,3.2894,0.000617981,0.0112395,3.13154,0,0.0143121,0,0.00567546,3.13154,0.00964462,3.0557,1.67508,0.000644987,0.0630973,0,0.00238534,0,0.000919709,0.0630973,0.428455,1.02833e-06,4.52296,0.00637751
2031.0417,273.345,273.615,0,0.470382,0,0,0.000776398,0.00186735,-0.000776398,0,0,0,0,0,0,0,0,0,0.00056171,0,9.70365e-07,1.1609e-05,3.54139e-07,1.97635e-05,0,5.9282e-07,8.94814e-09,2.07871e-06,0,12.2504,46.904,7.75441,0.492727,31.3943,0,9.31541,0.0060168,0,2.76662,0.140108,3.28925,0.000924293,0.0101943,3.13234,0,0.0142913,0,0.00569079,3.13234,0.00962905,3.0557,1.67513,0.000587065,0.0631195,0,0.00238188,0,0.000922208,0.0631195,0.61733,9.70365e-07,4.49596,0.0060168
2031.1250,275.204,275.285,0,0.270142,0,0,0.000833094,0.00177743,-0.000833094,0,0,0,0,0,0,0,0,0,0.000560803,0,9.33012e-07,1.60216e-05,6.85487e-07,2.58626e-05,0,8.82807e-07,1.2362e-08,2.14359e-06,0,12.2084,46.8278,7.74189,0.447338,31.4011,0,9.30036,0.00567682,0,2.77106,0.139882,3.28895,0.00129316,0.00908514,3.13299,0,0.0142704,0,0.00569975,3.13299,0.00961349,3.0557,1.67519,0.000523951,0.0631342,0,0.0023784,0,0.000923686,0.0631342,0.834851,9.33012e-07,4.46651,0.00567682
2031.2083,285.382,284.34,0.00747343,0.211228,0.00969561,4.81688e-05,0.0011984,0.00216772,-0.00115023,1.56252e-07,2.53631e-06,1.3052e-07,2.37587e-09,0.000165765,0.00309842,0.00080594,0.0124632,2.70258e-05,0.000559866,1.36205e-10,9.11933e-07,2.82404e-05,1.46323e-06,4.28778e-05,1.1169e-07,1.83791e-06,1.96844e-08,2.85097e-06,4.51329e-09,12.1589,46.7385,7.72896,0.404483,31.4025,0.000247318,9.28529,0.0053558,0.000247318,2.77256,0.139648,3.28837,0.00174869,0.00804498,3.13323,9.89273e-06,0.0142494,5.88853e-06,0.00570263,3.13323,0.00959744,3.0557,1.67526,0.000464707,0.0631329,6.59516e-07,0.00237489,2.47318e-07,0.000924187,0.0631329,1.24359,9.1207e-07,4.42994,0.00560312
2031.2917,290.439,289.245,2.89609,0.158673,1.88235,0.00820386,0.00330503,0.00200515,0.00489883,7.80503e-05,0.000151966,6.72366e-05,1.4178e-06,0.00624454,0.0235979,0.0378765,0.503192,0.0124571,0.000560693,9.75044e-08,9.28989e-07,2.84108e-05,1.3813e-06,5.25749e-05,5.24857e-05,2.76913e-06,1.44395e-08,2.83398e-06,3.11181e-06,12.173,46.709,7.73641,0.369086,31.3965,0.0871904,9.43001,0.00865509,0.0871904,2.77052,0.140064,3.28751,0.00171581,0.0071883,3.13284,0.00348762,0.01445,0.00207596,0.00569837,3.13284,0.00961933,3.0557,1.67531,0.000416656,0.0631104,0.000232508,0.00240833,8.71904e-05,0.000923507,0.0631104,2.58269,1.02649e-06,4.43657,0.0958455
2031.3750,294.804,293.208,4.10503,0.144546,2.96496,0.0104909,0.00456047,0.00197835,0.00593045,0.000205925,0.000162786,0.00017234,9.78926e-06,0.0139742,0.0145312,0.0561942,0.234079,0.0162545,0.000565301,9.80705e-07,9.99084e-07,1.39215e-05,3.13886e-07,6.00677e-05,6.69049e-05,1.53873e-06,7.51049e-09,2.87002e-06,4.09701e-06,12.3311,46.8272,7.78757,0.343823,31.3849,0.120951,9.47675,0.00952853,0.120951,2.76734,0.141827,3.28688,0.000807812,0.00657659,3.13197,0.00483802,0.0145161,0.00287978,0.00569211,3.13197,0.00972386,3.0557,1.67527,0.000383148,0.0630742,0.000322535,0.00241935,0.000120951,0.000922448,0.0630742,3.41798,1.97979e-06,4.54349,0.130479
2031.4583,297.237,296.021,4.09731,0.180256,2.84817,0.0107287,0.00507997,0.00213124,0.00564878,0.000287341,0.00016214,0.000233941,2.12802e-05,0.0188903,0.0147375,0.0691892,0.164561,0.0166254,0.000570163,2.46047e-06,1.10805e-06,1.33419e-05,1.01063e-07,7.09555e-05,6.7251e-05,1.32065e-06,4.5363e-09,3.0895e-06,4.19585e-06,12.4798,46.9352,7.84167,0.323811,31.3697,0.120749,9.46092,0.00897224,0.120749,2.76187,0.143602,3.28666,0.000526739,0.00609107,3.13076,0.00482995,0.0144955,0.00287497,0.00568109,3.13076,0.00983233,3.0557,1.67524,0.000356906,0.0630294,0.000321996,0.00241591,0.000120749,0.000920623,0.0630294,3.93822,3.56852e-06,4.63814,0.129721
2031.5417,296.302,295.483,4.08948,0.158951,2.70601,0.00914466,0.00471543,0.00200886,0.00442923,0.000204457,0.000148674,0.000166935,1.45446e-05,0.0146695,0.0140192,0.0620625,0.181004,0.0139643,0.000574977,1.64825e-06,1.19888e-06,1.44248e-05,4.65066e-08,7.16017e-05,5.7062e-05,1.52349e-06,2.98324e-09,2.87256e-06,3.51228e-06,12.6227,47.0337,7.89518,0.306493,31.3506,0.120544,9.44487,0.00844001,0.120544,2.75393,0.145339,3.2864,0.000564326,0.0056724,3.12916,0.00482175,0.0144743,0.00287009,0.00566492,3.12916,0.00993853,3.0557,1.67521,0.00033462,0.0629764,0.00032145,0.00241238,0.000120544,0.000917977,0.0629764,3.22684,2.84713e-06,4.72754,0.128984
2031.6250,293.375,293.35,4.0818,0.160718,1.75024,0.00720412,0.00415022,0.00178369,0.0030539,0.000120753,0.000132546,0.000100923,5.88066e-06,0.0101931,0.0152195,0.048881,0.21301,0.0106907,0.000578487,6.12009e-07,1.23472e-06,1.64182e-05,7.78681e-08,6.5988e-05,4.42312e-05,1.84505e-06,2.3685e-09,2.51124e-06,2.67031e-06,12.715,47.0884,7.93364,0.293536,31.3324,0.120342,9.4291,0.00794711,0.120342,2.74749,0.146633,3.28606,0.000818716,0.00536075,3.12759,0.0048137,0.0144533,0.0028653,0.00565176,3.12759,0.0100157,3.0557,1.67519,0.000318219,0.0629283,0.000320913,0.00240889,0.000120342,0.000915829,0.0629283,2.30291,1.84673e-06,4.78135,0.12829
2031.7083,285.646,286.301,3.33146,0.20441,0.708864,0.00429924,0.00277381,0.00237977,0.00152543,5.85411e-05,7.65305e-05,4.87401e-05,1.31073e-06,0.00703138,0.0105779,0.0189398,0.192693,0.00570652,0.00832527,7.43156e-08,1.22891e-06,1.90003e-05,7.18069e-08,1.2991e-05,7.79241e-05,1.49183e-06,1.87222e-09,1.60357e-06,5.01521e-06,12.7295,47.1542,7.9372,0.3556,31.3244,0.0991745,9.41335,0.00748314,0.0991745,2.74478,0.146445,3.28668,0.00081156,0.00692545,3.12685,0.00396586,0.0144322,0.0023613,0.00564623,3.12685,0.0100075,3.05576,1.67519,0.000401695,0.0629094,0.000264363,0.00240536,9.91745e-05,0.000914925,0.0629094,1.35548,1.30322e-06,4.7923,0.106658
2031.7917,281.154,282.072,0,0.203429,0,0,0.00120136,0.00319981,-0.00120136,0,0,0,0,0,0,0,0,0,0.000567712,0,1.17342e-06,5.5322e-07,4.25805e-08,-1.54338e-06,0,2.63883e-08,3.07194e-09,2.00405e-06,0,12.506,47.2528,7.83692,0.63509,31.368,0,9.39763,0.00704612,0,2.74379,0.141537,3.29145,0.000103399,0.0137558,3.13041,0,0.0144109,0,0.00564418,3.13041,0.00973595,3.05602,1.67523,0.000777359,0.0630345,0,0.00240182,0,0.000914595,0.0630345,0.494711,1.17342e-06,4.66904,0.00704612
2031.8750,276.393,277.066,0,0.242525,0,0,0.0010265,0.00246396,-0.0010265,0,0,0,0,0,0,0,0,0,0.000566764,0,1.11109e-06,5.43851e-06,1.4433e-07,1.63333e-05,0,2.63198e-07,8.61246e-09,2.35036e-06,0,12.4554,47.1389,7.82383,0.540284,31.3963,0,9.38194,0.00663475,0,2.74691,0.141301,3.2915,0.000395529,0.011357,3.1328,0,0.0143895,0,0.00565056,3.1328,0.00971969,3.05602,1.67529,0.000648286,0.0631116,0,0.00239825,0,0.000915635,0.0631116,0.642273,1.11109e-06,4.63159,0.00663475
2031.9583,273.773,274.154,0,0.193919,0,0,0.00085996,0.00158944,-0.00085996,0,0,0,0,0,0,0,0,0,0.000565802,0,1.04945e-06,9.71759e-06,4.31427e-07,1.91573e-05,0,5.26062e-07,1.55479e-08,1.73012e-06,0,12.4066,47.0469,7.81056,0.479516,31.4089,0,9.36602,0.00624118,0,2.75187,0.141061,3.29136,0.000846534,0.00987234,3.13392,0,0.0143676,0,0.00566067,3.13392,0.00970319,3.05602,1.67536,0.000565741,0.0631432,0,0.00239461,0,0.000917289,0.0631432,0.553239,1.04945e-06,4.59604,0.00624118
2032.0417,278.356,277.839,0,0.217865,0,0,0.0010344,0.00182872,-0.0010344,0,0,0,0,0,0,0,0,0,0.000564888,0,9.99276e-07,1.71501e-05,5.01263e-07,2.72068e-05,0,1.13873e-06,1.00862e-08,2.18585e-06,0,12.3618,46.9757,7.79794,0.441738,31.4142,0,9.35089,0.00588818,0,2.75795,0.140833,3.2911,0.00120837,0.00895456,3.13443,0,0.0143467,0,0.00567306,3.13443,0.00968752,3.05602,1.67541,0.000514605,0.0631549,0,0.00239112,0,0.000919317,0.0631549,0.714279,9.99276e-07,4.56382,0.00588818
2032.1250,280.497,280.265,0.000411184,0.225137,0.00041154,1.95728e-06,0.0010471,0.00182368,-0.00104515,0,0,0,0,0,0,0,0,0,0.000563976,0,9.66705e-07,2.40691e-05,6.39442e-07,3.72435e-05,0,1.61857e-06,8.66985e-09,2.36921e-06,0,12.3127,46.8921,7.78535,0.403339,31.4155,1.36821e-05,9.33581,0.00555607,1.36821e-05,2.76044,0.140606,3.29058,0.00164617,0.00802295,3.13463,5.47286e-07,0.0143257,3.25765e-07,0.00567801,3.13463,0.00967188,3.05602,1.67548,0.000462109,0.0631544,3.64857e-08,0.00238762,1.36821e-08,0.000920148,0.0631544,1.06817,9.66705e-07,4.52738,0.00556976
2032.2083,285.396,284.906,2.74917,0.180323,1.28096,0.00661433,0.00271189,0.00181643,0.00390245,5.28836e-05,0.000135864,4.58758e-05,5.82305e-07,0.00492571,0.0242606,0.0199267,0.482084,0.00959171,0.000564256,2.55097e-08,9.6222e-07,2.75149e-05,1.10019e-06,4.68722e-05,4.03129e-05,2.53917e-06,1.25955e-08,2.52553e-06,2.38246e-06,12.3138,46.8565,7.78664,0.371225,31.4108,0.0829061,9.47796,0.00879346,0.0829061,2.76068,0.140839,3.28981,0.00172423,0.00724491,3.13433,0.00331624,0.0145229,0.00197395,0.00567843,3.13433,0.00968308,3.05602,1.67552,0.000418847,0.0631368,0.000221083,0.00242048,8.29061e-05,0.000920226,0.0631368,2.0305,9.8773e-07,4.52713,0.0916995
2032.2917,290.445,289.419,4.15134,0.155013,2.40072,0.0101934,0.0040001,0.00182549,0.00619328,0.000160927,0.000158138,0.000136838,5.13725e-06,0.0106299,0.015331,0.0388608,0.286797,0.0153194,0.000567762,3.7177e-07,1.00531e-06,1.71317e-05,4.29428e-07,5.46739e-05,6.33139e-05,1.76972e-06,8.22061e-09,2.62175e-06,3.86299e-06,12.4493,46.9567,7.82569,0.346998,31.401,0.122161,9.5371,0.0099352,0.122161,2.75945,0.142273,3.28918,0.000992896,0.0066581,3.13358,0.00488645,0.0146062,0.0029086,0.00567622,3.13358,0.00976724,3.05602,1.6755,0.000386815,0.063106,0.000325763,0.00243437,0.000122161,0.000919817,0.063106,2.87514,1.37708e-06,4.62361,0.132096
2032.3750,295.303,293.903,4.14353,0.174254,2.47587,0.0109156,0.00490402,0.00206337,0.00601156,0.000277941,0.000163215,0.000227512,1.91456e-05,0.0178832,0.0138705,0.0594556,0.167714,0.0163777,0.000572367,1.94287e-06,1.07367e-06,1.40348e-05,9.42495e-08,6.80051e-05,6.61295e-05,1.27766e-06,5.02354e-09,2.97782e-06,4.13657e-06,12.6149,47.0854,7.87759,0.32723,31.3872,0.121957,9.52117,0.00935498,0.121957,2.75596,0.144025,3.28887,0.000512068,0.00617818,3.13248,0.00487829,0.0145856,0.00290374,0.00566932,3.13248,0.0098741,3.05602,1.67546,0.000361014,0.0630659,0.000325219,0.00243093,0.000121957,0.000918653,0.0630659,3.12999,3.01654e-06,4.73734,0.131312
2032.4583,298.026,296.452,4.13573,0.13221,3.19429,0.0105309,0.00524844,0.00187655,0.00528248,0.000308147,0.000161664,0.000248607,2.54928e-05,0.0208204,0.015966,0.0704645,0.142245,0.0156357,0.000577273,2.99173e-06,1.15199e-06,7.91286e-06,5.55028e-08,6.54491e-05,6.25041e-05,9.05652e-07,3.60351e-09,2.6739e-06,3.94443e-06,12.7743,47.2034,7.93303,0.309958,31.3697,0.121754,9.50527,0.00880882,0.121754,2.74943,0.145813,3.28869,0.000445056,0.00576013,3.13102,0.00487014,0.0145648,0.00289889,0.0056561,3.13102,0.00998497,3.05602,1.67542,0.000338802,0.063017,0.000324676,0.00242746,0.000121754,0.000916478,0.063017,3.64653,4.14371e-06,4.84131,0.130562
2032.5417,301.405,298.93,4.12782,0.0728171,2.4015,0.00537685,0.00447733,0.00105598,0.000899529,0.00014032,0.000114357,0.000114572,1.0046e-05,0.0150442,0.0246153,0.0584101,0.110697,0.00727252,0.000580546,1.27756e-06,1.22413e-06,8.4022e-07,1.02267e-07,3.42823e-05,2.90802e-05,1.76235e-07,2.92778e-09,1.44895e-06,1.79675e-06,12.8521,47.2586,7.96933,0.299499,31.3577,0.121547,9.48914,0.00828628,0.121547,2.74929,0.147001,3.28877,0.000598218,0.0055121,3.13,0.00486188,0.0145434,0.00289397,0.00565596,3.13,0.0100583,3.05602,1.67539,0.000325954,0.0629848,0.000324125,0.00242391,0.000121547,0.00091643,0.0629848,2.65254,2.50169e-06,4.88278,0.129833
2032.6250,293.141,293.118,4.12006,0.172222,1.7918,0.00726248,0.00414869,0.00168859,0.00311378,0.000122137,0.000132945,0.000102045,5.99478e-06,0.0102008,0.014224,0.0480447,0.203812,0.0103781,0.000582648,6.15967e-07,1.25201e-06,1.62534e-05,7.24157e-08,6.18374e-05,4.27004e-05,1.71359e-06,2.15538e-09,2.35516e-06,2.59374e-06,12.8886,47.2752,7.99196,0.290887,31.3465,0.121344,9.47329,0.00780236,0.121344,2.74919,0.147806,3.28859,0.000796085,0.00530006,3.12903,0.00485376,0.0145223,0.00288914,0.00565585,3.12903,0.0101057,3.05602,1.67538,0.000314838,0.0629554,0.000323584,0.00242038,0.000121344,0.000916398,0.0629554,2.54982,1.86797e-06,4.89667,0.129146
2032.7083,288.225,288.684,3.36241,0.148374,1.10858,0.00455907,0.00311562,0.0022001,0.00144345,6.57159e-05,7.72843e-05,5.44294e-05,1.8551e-06,0.00751805,0.0096031,0.0268562,0.179289,0.00581546,0.00839387,1.39129e-07,1.25369e-06,1.35154e-05,9.97958e-08,1.05068e-05,7.84669e-05,1.31177e-06,1.74218e-09,1.42869e-06,5.06578e-06,12.9025,47.3445,7.99555,0.355599,31.3389,0.0999999,9.45747,0.00734684,0.0999999,2.74743,0.147598,3.28936,0.000863355,0.00692616,3.12832,0.00399904,0.014501,0.00238095,0.00565223,3.12832,0.0100968,3.05608,1.67538,0.000401495,0.0629378,0.000266578,0.00241683,9.99999e-05,0.000915809,0.0629378,1.54622,1.39282e-06,4.90698,0.107347
2032.7917,278.813,280.164,0,0.201619,0,0,0.00112187,0.00285522,-0.00112187,0,0,0,0,0,0,0,0,0,0.00057176,0,1.20117e-06,2.0274e-07,2.03931e-08,-4.59411e-06,0,1.19152e-08,1.39251e-09,1.62669e-06,0,12.6786,47.4547,7.89478,0.64778,31.3803,0,9.44168,0.00691778,0,2.74799,0.142651,3.29417,0.000100746,0.0140768,3.13169,0,0.0144795,0,0.00565337,3.13169,0.00982325,3.05635,1.6754,0.000794617,0.0630567,0,0.00241326,0,0.000915998,0.0630567,0.642811,1.20117e-06,4.78379,0.00691778
2032.8750,273.168,273.863,0,0.26099,0,0,0.000824054,0.00194048,-0.000824054,0,0,0,0,0,0,0,0,0,0.000570805,0,1.13482e-06,3.18898e-06,2.30583e-08,1.03893e-05,0,1.92798e-07,1.34641e-09,1.72561e-06,0,12.6297,47.3533,7.8816,0.563006,31.4074,0,9.42592,0.0065139,0,2.75319,0.142413,3.29426,0.000302733,0.0119261,3.13395,0,0.014458,0,0.00566401,3.13395,0.00980685,3.05635,1.67546,0.000680511,0.0631313,0,0.00240966,0,0.000917731,0.0631313,0.369683,1.13482e-06,4.74814,0.0065139
2032.9583,274.512,275.017,0,0.228351,0,0,0.00075728,0.00203416,-0.00075728,0,0,0,0,0,0,0,0,0,0.000569837,0,1.05689e-06,8.79388e-06,4.44018e-08,1.86983e-05,0,5.04132e-07,1.55125e-09,2.13071e-06,0,12.5869,47.2734,7.86822,0.505424,31.4212,0,9.40992,0.0061275,0,2.75988,0.142171,3.2942,0.000687022,0.0105028,3.13516,0,0.0144359,0,0.00567766,3.13516,0.0097902,3.05635,1.67551,0.000601844,0.0631673,0,0.00240599,0,0.00091996,0.0631673,0.148002,1.05689e-06,4.71863,0.0061275
2033.0417,275.168,275.633,0,0.206788,0,0,0.000845778,0.00185235,-0.000845778,0,0,0,0,0,0,0,0,0,0.000568916,0,9.95823e-07,1.44329e-05,1.26508e-07,2.46824e-05,0,8.60219e-07,2.77773e-09,2.13267e-06,0,12.5445,47.1936,7.85551,0.454878,31.43,0,9.39472,0.00578094,0,2.76419,0.141942,3.29397,0.00110483,0.00926661,3.13597,0,0.0144149,0,0.00568637,3.13597,0.00977439,3.05635,1.67558,0.000532188,0.063188,0,0.00240248,0,0.000921397,0.063188,0.418941,9.95823e-07,4.68901,0.00578094
2033.1250,280.603,279.902,0,0.253945,0,0,0.00116093,0.00196287,-0.00116093,0,0,0,0,0,0,0,0,0,0.000567997,0,9.48219e-07,2.21225e-05,1.27964e-06,3.59593e-05,0,1.28571e-06,2.13602e-08,2.47689e-06,0,12.4972,47.1118,7.84283,0.414219,31.4331,0,9.37955,0.00545428,0,2.7673,0.141712,3.29355,0.00154028,0.00828134,3.13632,0,0.0143937,0,0.00569257,3.13632,0.0097586,3.05635,1.67564,0.000476567,0.0631924,0,0.00239895,0,0.000922433,0.0631924,0.955094,9.48219e-07,4.65434,0.00545428
2033.2083,286.103,285.605,0.883372,0.164703,0.601476,0.00279053,0.00180051,0.00191158,0.000990019,1.81468e-05,6.69149e-05,1.57515e-05,1.6826e-07,0.00213832,0.0148984,0.0106937,0.270388,0.00385827,0.000567276,7.73601e-09,9.252e-07,2.96486e-05,1.94497e-06,4.69042e-05,1.62077e-05,2.6739e-06,2.15509e-08,2.60725e-06,9.47958e-07,12.4494,47.0228,7.8324,0.377101,31.4296,0.0275191,9.42044,0.00642729,0.0275191,2.76668,0.14156,3.29275,0.00197804,0.00738239,3.13613,0.00110076,0.0144501,0.000655215,0.00569108,3.13613,0.00974718,3.05635,1.67571,0.000426254,0.0631776,7.33841e-05,0.00240836,2.75191e-05,0.000922228,0.0631776,1.41969,9.32936e-07,4.61702,0.0339463
2033.2917,289.085,288.097,3.95697,0.172428,2.12948,0.00994361,0.00378895,0.00182115,0.00615466,0.000113138,0.000157019,9.72268e-05,2.39856e-06,0.00777345,0.0166226,0.0335297,0.376907,0.0146068,0.000569923,1.64965e-07,9.59176e-07,2.35502e-05,8.24777e-07,5.28057e-05,6.0812e-05,2.50857e-06,1.01572e-08,2.60054e-06,3.68066e-06,12.5508,47.0896,7.86165,0.351846,31.4209,0.11701,9.58874,0.0101564,0.11701,2.76608,0.142648,3.29194,0.00133983,0.00677196,3.13549,0.00468041,0.0146842,0.00278596,0.00569,3.13549,0.0098101,3.05635,1.67571,0.000392883,0.0631499,0.000312027,0.00244737,0.00011701,0.000922026,0.0631499,2.89042,1.12414e-06,4.68912,0.127167
2033.3750,292.914,292.098,4.10729,0.196353,2.21818,0.0111954,0.00461042,0.00205471,0.00658493,0.000212562,0.000163684,0.000177443,1.06042e-05,0.0131669,0.0130695,0.0520194,0.226418,0.016578,0.00057447,9.47572e-07,1.03482e-06,1.71504e-05,1.68189e-07,6.67757e-05,6.78236e-05,1.56132e-06,5.48467e-09,2.96345e-06,4.19214e-06,12.7181,47.219,7.91327,0.330869,31.4075,0.12101,9.58135,0.00975223,0.12101,2.7625,0.14437,3.29145,0.000709916,0.00626271,3.13442,0.00484039,0.0146755,0.00288119,0.00568296,3.13442,0.00991365,3.05635,1.67567,0.000365407,0.06311,0.000322693,0.00244592,0.00012101,0.000920832,0.06311,3.15687,1.9824e-06,4.80485,0.130762
2033.4583,297.817,296.437,4.09957,0.177477,2.76678,0.0102859,0.00522968,0.00219297,0.00505617,0.00020486,0.000159999,0.000167368,1.44308e-05,0.0140866,0.018823,0.0708534,0.211325,0.0149014,0.000579253,1.67803e-06,1.11621e-06,1.68473e-05,5.98591e-08,7.6552e-05,6.07635e-05,1.63757e-06,3.87007e-09,3.13114e-06,3.75672e-06,12.8774,47.3348,7.96768,0.312513,31.3895,0.120808,9.56535,0.00918287,0.120808,2.75543,0.14611,3.29112,0.000590456,0.00581787,3.13294,0.00483231,0.0146547,0.00287638,0.00566866,3.13294,0.0100199,3.05635,1.67564,0.000341742,0.0630596,0.000322154,0.00244245,0.000120808,0.000918476,0.0630596,3.58664,2.79425e-06,4.90971,0.129991
2033.5417,296.894,296.254,4.09174,0.191449,2.48273,0.00945773,0.00499943,0.00217413,0.00445831,0.000137021,0.000149128,0.000113356,7.98375e-06,0.00949754,0.0139686,0.0655109,0.268573,0.0135803,0.00058357,9.60623e-07,1.19752e-06,2.2363e-05,6.10099e-08,8.04366e-05,5.61071e-05,1.96986e-06,3.11585e-09,3.05538e-06,3.42116e-06,13.0038,47.4146,8.01657,0.296603,31.3683,0.120603,9.54912,0.00863815,0.120603,2.74592,0.147674,3.29067,0.000791542,0.00543395,3.13112,0.00482411,0.0146334,0.00287149,0.00564927,3.13112,0.0101142,3.05635,1.67563,0.000321509,0.0630029,0.000321607,0.00243889,0.000120603,0.000915307,0.0630029,3.2428,2.15815e-06,4.98723,0.129241
2033.6250,292.639,292.709,4.08405,0.182708,1.82395,0.00746974,0.00419321,0.00182333,0.00327652,9.3894e-05,0.000133255,7.91034e-05,3.82293e-06,0.00754364,0.013717,0.0465811,0.269218,0.0105122,0.000587114,3.74206e-07,1.24411e-06,2.29604e-05,1.04692e-07,6.94091e-05,4.35979e-05,2.13718e-06,3.22469e-09,2.51839e-06,2.63174e-06,13.1047,47.4765,8.0564,0.284628,31.3485,0.120401,9.53317,0.00813367,0.120401,2.73856,0.148968,3.29009,0.000961662,0.00514727,3.12938,0.00481605,0.0146122,0.0028667,0.00563422,3.12938,0.0101908,3.05635,1.67562,0.000306609,0.0629524,0.00032107,0.00243536,0.000120401,0.000912853,0.0629524,2.46527,1.61832e-06,5.04835,0.128535
2033.7083,285.158,285.874,3.33328,0.208055,0.681533,0.0041886,0.00279575,0.0024096,0.00139285,4.24065e-05,7.60897e-05,3.62137e-05,8.36654e-07,0.00543763,0.0107658,0.018887,0.251433,0.00532519,0.00833758,4.60661e-08,1.23903e-06,2.08965e-05,1.48523e-07,1.10435e-05,7.57419e-05,1.63537e-06,3.97347e-09,1.52056e-06,4.88343e-06,13.1178,47.5396,8.05932,0.347414,31.3392,0.0992231,9.51725,0.00765881,0.0992231,2.73506,0.148724,3.29056,0.00097165,0.00673618,3.1285,0.00396795,0.0145909,0.00236245,0.00562706,3.1285,0.0101792,3.05641,1.67562,0.00039128,0.0629315,0.000264505,0.00243181,9.92231e-05,0.000911686,0.0629315,1.3421,1.2851e-06,5.05852,0.106882
2033.7917,279.225,280.406,0,0.181962,0,0,0.0011771,0.00286978,-0.0011771,0,0,0,0,0,0,0,0,0,0.000576135,0,1.17966e-06,9.53153e-07,1.74044e-07,-2.90233e-06,0,4.54948e-08,9.79865e-09,1.69755e-06,0,12.8928,47.642,7.95816,0.630416,31.3834,0,9.50136,0.00721153,0,2.73544,0.143784,3.29532,0.000124699,0.0136931,3.13209,0,0.0145694,0,0.00562786,3.13209,0.00990561,3.05667,1.67565,0.000773137,0.0630584,0,0.00242823,0,0.000911814,0.0630584,0.392954,1.17966e-06,4.93464,0.00721153
2033.8750,273.219,274.148,0,0.332051,0,0,0.000902043,0.00199341,-0.000902043,0,0,0,0,0,0,0,0,0,0.000575173,0,1.10856e-06,3.83054e-06,1.69213e-07,1.14535e-05,0,2.30253e-07,8.27756e-09,1.80465e-06,0,12.8424,47.541,7.94487,0.548574,31.4092,0,9.48549,0.00679051,0,2.74086,0.143544,3.29539,0.000347788,0.0116105,3.13424,0,0.0145478,0,0.00563896,3.13424,0.00988907,3.05667,1.6757,0.000662335,0.0631297,0,0.00242463,0,0.000913619,0.0631297,0.448694,1.10856e-06,4.89754,0.00679051
2033.9583,274.631,275.278,0,0.194615,0,0,0.000837681,0.00200742,-0.000837681,0,0,0,0,0,0,0,0,0,0.000574197,0,1.03755e-06,9.96663e-06,1.90307e-07,2.02713e-05,0,5.67704e-07,6.26052e-09,2.11535e-06,0,12.796,47.4541,7.93139,0.48809,31.4233,0,9.46939,0.0063877,0,2.74666,0.143301,3.2953,0.000753632,0.0101081,3.13548,0,0.0145257,0,0.00565081,3.13548,0.00987229,3.05667,1.67576,0.000578897,0.0631665,0,0.00242095,0,0.000915553,0.0631665,0.399499,1.03755e-06,4.86461,0.0063877
2034.0417,275.23,275.718,0,0.162115,0,0,0.000734975,0.00168164,-0.000734975,0,0,0,0,0,0,0,0,0,0.00057327,0,9.80987e-07,1.22834e-05,5.01332e-07,2.35545e-05,0,9.88987e-07,9.46226e-09,1.94048e-06,0,12.7529,47.377,7.91858,0.441741,31.4309,0,9.4541,0.00602641,0,2.75142,0.143069,3.29506,0.00117247,0.00897405,3.13618,0,0.0145046,0,0.00566049,3.13618,0.00985634,3.05667,1.67582,0.000515188,0.0631842,0,0.00241743,0,0.000917141,0.0631842,0.513879,9.80987e-07,4.83431,0.00602641
2034.1250,277.637,277.479,0,0.232049,0,0,0.00106259,0.00172746,-0.00106259,0,0,0,0,0,0,0,0,0,0.000572344,0,9.39782e-07,2.16255e-05,9.08929e-07,3.2485e-05,0,1.34042e-06,1.19889e-08,2.17021e-06,0,12.7083,47.3038,7.90579,0.406322,31.4334,0,9.43883,0.00568589,0,2.75573,0.142838,3.29465,0.00156734,0.00811217,3.13646,0,0.0144834,0,0.00566919,3.13646,0.00984043,3.05667,1.67588,0.000466782,0.0631878,0,0.0024139,0,0.000918578,0.0631878,0.934011,9.39782e-07,4.80255,0.00568589
2034.2083,284.47,283.684,0.793498,0.192373,0.454661,0.00247482,0.00184431,0.00180782,0.00063051,1.5656e-05,6.2221e-05,1.35622e-05,1.73612e-07,0.00202791,0.0169121,0.0117143,0.255379,0.00332823,0.000571576,9.77282e-09,9.30581e-07,2.87422e-05,1.86875e-06,4.38761e-05,1.39588e-05,2.50478e-06,1.82154e-08,2.44493e-06,8.14228e-07,12.6609,47.2239,7.89481,0.374782,31.4306,0.0251456,9.47839,0.00661764,0.0251456,2.75763,0.142667,3.29397,0.00197097,0.00734397,3.13631,0.00100582,0.014538,0.000598704,0.00567288,3.13631,0.00982783,3.05667,1.67594,0.000424069,0.0631764,6.70549e-05,0.002423,2.51456e-05,0.00091921,0.0631764,1.71584,9.40354e-07,4.76605,0.0317632
2034.2917,288.046,287.26,3.86943,0.172908,2.25851,0.010189,0.00379315,0.00180482,0.00639583,0.000109526,0.000158413,9.42871e-05,2.12396e-06,0.00723062,0.0149115,0.0302903,0.406427,0.0149196,0.000574227,1.31039e-07,9.71992e-07,2.2744e-05,8.08e-07,5.25828e-05,6.21307e-05,2.14102e-06,1.07674e-08,2.55753e-06,3.7636e-06,12.7538,47.2817,7.92421,0.348917,31.422,0.114686,9.65964,0.0106289,0.114686,2.75693,0.143703,3.29313,0.00137506,0.00671498,3.13567,0.00458745,0.0147901,0.00273062,0.00567164,3.13567,0.00988768,3.05667,1.67594,0.000389658,0.0631492,0.00030583,0.00246502,0.000114686,0.000918976,0.0631492,2.88297,1.10303e-06,4.8296,0.125315
2034.3750,295.094,293.038,4.03883,0.122557,3.0715,0.0105436,0.00482823,0.00169687,0.00571536,0.000233143,0.000160906,0.000194525,1.18042e-05,0.0155833,0.0175786,0.054666,0.191265,0.0153054,0.000578945,1.10238e-06,1.05003e-06,9.08388e-06,2.72407e-07,5.38894e-05,6.20171e-05,1.04283e-06,6.9975e-09,2.42532e-06,3.8633e-06,12.9199,47.4144,7.97804,0.329305,31.41,0.119215,9.6539,0.0102358,0.119215,2.75522,0.145409,3.29273,0.000705851,0.00623842,3.13471,0.00476861,0.0147839,0.00283846,0.00566851,3.13471,0.00999062,3.05667,1.6759,0.000364058,0.0631137,0.000317907,0.00246398,0.000119215,0.000918405,0.0631137,3.5353,2.15241e-06,4.94185,0.129451
2034.4583,299.963,297.352,4.03125,0.106551,2.63449,0.007306,0.00477638,0.00125825,0.00252962,0.00021333,0.000141837,0.00017418,1.52927e-05,0.0198967,0.0284934,0.0667598,0.120436,0.0101066,0.000582544,1.814e-06,1.131e-06,2.59886e-06,1.43424e-07,3.73062e-05,4.00685e-05,4.36452e-07,4.44507e-09,1.74203e-06,2.51789e-06,13.0162,47.4906,8.01866,0.316822,31.4007,0.119016,9.63777,0.00963822,0.119016,2.75678,0.146669,3.29276,0.000528529,0.0059374,3.13396,0.00476065,0.0147631,0.00283372,0.00567203,3.13396,0.0100682,3.05667,1.67586,0.000348202,0.0630868,0.000317376,0.00246052,0.000119016,0.000918925,0.0630868,3.17541,2.945e-06,4.99758,0.128654
2034.5417,298.153,297.131,4.02357,0.144834,2.71855,0.00867423,0.0051232,0.00181465,0.00355103,0.00019572,0.000148416,0.00015935,1.44746e-05,0.0148073,0.0151816,0.0683701,0.166685,0.012235,0.000585993,1.778e-06,1.20722e-06,1.02423e-05,6.9557e-08,6.29873e-05,4.94335e-05,1.29743e-06,2.93489e-09,2.55684e-06,3.07037e-06,13.0984,47.546,8.05747,0.304919,31.3883,0.118814,9.62142,0.00906649,0.118814,2.75441,0.147866,3.29268,0.000578487,0.00564269,3.13292,0.00475257,0.0147417,0.00282891,0.00566739,3.13292,0.0101416,3.05667,1.67584,0.00033231,0.0630522,0.000316838,0.00245696,0.000118814,0.000918136,0.0630522,3.38946,2.98522e-06,5.04097,0.127881
2034.6250,291.666,291.91,4.01602,0.177069,1.73772,0.00734992,0.00406962,0.00176017,0.0032803,0.000105325,0.000133586,8.84537e-05,4.62704e-06,0.00864226,0.0141343,0.0439692,0.233478,0.0102732,0.000589205,4.30354e-07,1.25002e-06,1.97894e-05,5.67909e-08,6.47904e-05,4.23508e-05,1.85061e-06,2.0553e-09,2.45605e-06,2.56988e-06,13.1788,47.5927,8.09352,0.293334,31.3714,0.118616,9.60535,0.008537,0.118616,2.74908,0.149002,3.29231,0.000826249,0.00536132,3.13146,0.00474463,0.0147205,0.00282418,0.00565658,3.13146,0.0102094,3.05667,1.67583,0.000317424,0.0630077,0.000316309,0.00245342,0.000118616,0.000916362,0.0630077,2.36264,1.68038e-06,5.08532,0.127153
2034.7083,287.171,287.551,3.27823,0.134927,1.10312,0.00466844,0.00312333,0.00211369,0.00154511,6.62429e-05,7.82363e-05,5.50939e-05,1.5748e-06,0.00726609,0.00936568,0.0230199,0.179305,0.0059322,0.00822498,9.78788e-08,1.24484e-06,1.19585e-05,1.00028e-07,8.67109e-06,7.74707e-05,1.49771e-06,1.7073e-09,1.34504e-06,5.00642e-06,13.1995,47.6677,8.09935,0.356408,31.3638,0.0977516,9.58931,0.00803859,0.0977516,2.74798,0.148816,3.29305,0.000873168,0.00694883,3.13076,0.0039091,0.0146992,0.00232742,0.0056544,3.13076,0.010202,3.05673,1.67583,0.000402297,0.0629898,0.000260575,0.00244987,9.77516e-05,0.000915992,0.0629898,1.40032,1.34272e-06,5.10014,0.10579
2034.7917,282.596,283.444,0,0.180953,0,0,0.00143973,0.00315559,-0.00143973,0,0,0,0,0,0,0,0,0,0.000578771,0,1.18779e-06,2.20597e-07,2.37203e-08,-3.89238e-06,0,1.16047e-08,1.43966e-09,1.89885e-06,0,12.9741,47.7671,8.00131,0.638307,31.406,0,9.5733,0.00756913,0,2.74874,0.143983,3.29779,0.000114072,0.0138416,3.1342,0,0.0146777,0,0.005656,3.1342,0.00993466,3.05699,1.67585,0.000781649,0.0631106,0,0.00244628,0,0.000916245,0.0631106,0.48488,1.18779e-06,4.97275,0.00756913
2034.8750,274.297,275.237,0,0.190951,0,0,0.00102799,0.00197182,-0.00102799,0,0,0,0,0,0,0,0,0,0.000577805,0,1.11873e-06,3.46064e-06,2.48782e-08,1.20833e-05,0,1.82512e-07,1.3117e-09,1.80278e-06,0,12.9182,47.6498,7.98795,0.544293,31.4349,0,9.55731,0.00712723,0,2.75242,0.143742,3.29787,0.000370414,0.0114571,3.13663,0,0.014656,0,0.00566358,3.13663,0.00991807,3.05699,1.67592,0.000653864,0.0631897,0,0.00244267,0,0.000917474,0.0631897,0.43712,1.11873e-06,4.93025,0.00712723
2034.9583,274.297,274.651,0,0.28701,0,0,0.00100628,0.00184161,-0.00100628,0,0,0,0,0,0,0,0,0,0.000576824,0,1.05426e-06,9.09478e-06,4.40578e-08,1.84324e-05,0,4.62076e-07,1.41212e-09,1.94453e-06,0,12.8672,47.568,7.97439,0.494251,31.4465,0,9.54109,0.00670445,0,2.76015,0.143498,3.29781,0.00074526,0.0102318,3.13765,0,0.0146339,0,0.00567943,3.13765,0.00990123,3.05699,1.67597,0.000586386,0.0632195,0,0.00243898,0,0.00092005,0.0632195,0.558419,1.05426e-06,4.89276,0.00670445
2035.0417,273.582,273.869,0,0.325101,0,0,0.000937275,0.00158024,-0.000937275,0,0,0,0,0,0,0,0,0,0.000575893,0,1.00774e-06,1.2949e-05,1.76618e-07,2.23188e-05,0,6.49962e-07,3.57759e-09,1.82379e-06,0,12.8193,47.4884,7.96151,0.44962,31.4538,0,9.52568,0.00632525,0,2.76569,0.143266,3.29759,0.00115354,0.00914534,3.13833,0,0.0146127,0,0.00569073,3.13833,0.00988524,3.05699,1.67602,0.000525545,0.0632365,0,0.00243545,0,0.000921898,0.0632365,0.86813,1.00774e-06,4.85779,0.00632525
2035.1250,276.6,276.316,0,0.38656,0,0,0.000981315,0.00160592,-0.000981315,0,0,0,0,0,0,0,0,0,0.000574963,0,9.75063e-07,1.75268e-05,8.24171e-07,2.8664e-05,0,1.20893e-06,1.0835e-08,2.00732e-06,0,12.7734,47.4177,7.94866,0.416543,31.4565,0,9.5103,0.00596784,0,2.77135,0.143035,3.29725,0.00154023,0.00834374,3.13863,0,0.0145914,0,0.00570223,3.13863,0.00986928,3.05699,1.67608,0.000480678,0.0632408,0,0.00243191,0,0.000923783,0.0632408,1.00004,9.75063e-07,4.82471,0.00596784
2035.2083,286.102,285.195,0.267664,0.179427,0.191216,0.00110839,0.00160466,0.00196547,-0.000496275,6.74002e-06,3.45065e-05,5.84391e-06,5.08122e-08,0.00125029,0.0127883,0.00500921,0.150124,0.00148788,0.000574056,2.05401e-09,9.49328e-07,2.90427e-05,1.34755e-06,4.5514e-05,6.27629e-06,2.60668e-06,1.19301e-08,2.6497e-06,3.56012e-07,12.7184,47.3281,7.93601,0.382252,31.4545,0.00937456,9.51602,0.00611499,0.00937456,2.773,0.142813,3.29659,0.00201471,0.00750986,3.13855,0.000374983,0.0145993,0.000223204,0.00570542,3.13855,0.0098537,3.05699,1.67615,0.000433828,0.0632307,2.49988e-05,0.00243321,9.37456e-06,0.000924333,0.0632307,1.28863,9.51382e-07,4.78241,0.0154896
2035.2917,291.036,289.435,3.37916,0.154925,2.08149,0.00837035,0.00388667,0.00190642,0.00448369,7.44071e-05,0.000149128,6.41459e-05,1.30614e-06,0.00602693,0.0226819,0.0370774,0.473011,0.0124793,0.000576268,9.76582e-08,9.66868e-07,2.48804e-05,9.1283e-07,5.40865e-05,5.25129e-05,2.77352e-06,8.11997e-09,2.71288e-06,3.12472e-06,12.7625,47.3355,7.95967,0.35464,31.4463,0.10133,9.71212,0.0105089,0.10133,2.77211,0.143545,3.29577,0.00172149,0.00684072,3.13796,0.0040532,0.0148717,0.00241262,0.00570369,3.13796,0.00989441,3.05699,1.67617,0.000396909,0.0632038,0.000270213,0.00247861,0.00010133,0.000924035,0.0632038,2.55885,1.06453e-06,4.80286,0.111839
2035.3750,296.507,295.01,3.82523,0.182724,2.43131,0.0100543,0.0050359,0.00222742,0.00501841,0.000128314,0.000158621,0.000108431,4.8304e-06,0.00888998,0.0163396,0.063014,0.3379,0.0151474,0.000581071,5.34203e-07,1.03754e-06,2.57039e-05,3.44448e-07,7.20039e-05,6.31945e-05,2.40781e-06,5.08999e-09,3.22095e-06,3.81555e-06,12.8817,47.4151,8.01348,0.332382,31.4327,0.113574,9.72451,0.0105242,0.113574,2.76828,0.145068,3.29512,0.00116994,0.00629981,3.13689,0.00454295,0.0148906,0.00270414,0.00569621,3.13689,0.00998377,3.05699,1.67615,0.000367577,0.0631633,0.000302864,0.00248177,0.000113574,0.00092276,0.0631633,3.3841,1.57174e-06,4.86826,0.124098
2035.4583,297.117,296.313,3.81809,0.20764,2.49152,0.0111558,0.0053609,0.00234461,0.00579487,0.000160201,0.000162701,0.000133197,8.54772e-06,0.0100768,0.0145016,0.07114,0.3109,0.0170055,0.000586801,1.02042e-06,1.13144e-06,2.47404e-05,9.5709e-08,8.27231e-05,7.07327e-05,2.04959e-06,3.83397e-09,3.3611e-06,4.29981e-06,13.0243,47.5069,8.07808,0.311704,31.4122,0.113384,9.70827,0.00990979,0.113384,2.75865,0.146883,3.29443,0.000871697,0.00579814,3.1352,0.00453537,0.0148697,0.00269962,0.0056767,3.1352,0.0100917,3.05699,1.67613,0.00034079,0.0631055,0.000302358,0.00247829,0.000113384,0.000919551,0.0631055,3.69046,2.15186e-06,4.94625,0.123294
2035.5417,296.738,296.153,3.81085,0.176508,2.67143,0.0093354,0.00499007,0.00212725,0.00434533,0.00013946,0.000149187,0.000115697,7.74694e-06,0.00979799,0.0142049,0.0654464,0.270045,0.0139802,0.000592303,9.316e-07,1.21753e-06,2.24351e-05,1.08339e-07,7.89832e-05,5.80277e-05,2.0252e-06,4.72873e-09,2.99562e-06,3.52036e-06,13.1599,47.595,8.14001,0.295607,31.3904,0.113192,9.69179,0.00932195,0.113192,2.74911,0.148637,3.29386,0.000824301,0.00541004,3.13333,0.00452767,0.0148483,0.00269504,0.00565728,3.13333,0.0101963,3.05699,1.6761,0.00032039,0.0630473,0.000301845,0.00247472,0.000113192,0.000916369,0.0630473,3.3524,2.14913e-06,5.01988,0.122514
2035.6250,293.176,293.087,3.80374,0.177646,1.70618,0.00716034,0.00426646,0.00180353,0.00289389,0.000100258,0.000132782,8.44023e-05,4.16049e-06,0.00848021,0.015211,0.0479446,0.252005,0.0104465,0.000596331,4.17539e-07,1.2597e-06,2.19317e-05,1.74057e-07,6.8564e-05,4.34053e-05,2.11539e-06,4.60861e-09,2.4939e-06,2.60988e-06,13.2515,47.6494,8.18483,0.284068,31.3712,0.113003,9.67561,0.00877754,0.113003,2.74262,0.149946,3.29332,0.000959026,0.00513354,3.13164,0.00452011,0.014827,0.00269054,0.00564409,3.13164,0.0102735,3.05699,1.67609,0.000306032,0.0629982,0.000301341,0.00247117,0.000113003,0.000914206,0.0629982,2.33318,1.67724e-06,5.06671,0.12178
2035.7083,286.408,287.135,3.10636,0.199692,0.787033,0.00433188,0.002957,0.00244729,0.00137487,4.57519e-05,7.78378e-05,3.86189e-05,1.06849e-06,0.00572869,0.0105867,0.0231792,0.253329,0.00569411,0.00787106,7.06468e-08,1.24854e-06,2.18142e-05,2.5648e-07,1.48223e-05,7.44584e-05,1.752e-06,7.09589e-09,1.62278e-06,4.78014e-06,13.2624,47.7037,8.19307,0.341858,31.3609,0.0931259,9.65945,0.00826509,0.0931259,2.73852,0.149809,3.2937,0.000981123,0.00659661,3.13067,0.00372406,0.0148056,0.00221728,0.00563575,3.13067,0.0102677,3.05704,1.67609,0.000383878,0.0629747,0.000248245,0.0024676,9.31259e-05,0.00091284,0.0629747,1.28165,1.31919e-06,5.06929,0.101391
2035.7917,278.699,279.765,0,0.200812,0,0,0.00120128,0.00282813,-0.00120128,0,0,0,0,0,0,0,0,0,0.000586668,0,1.19473e-06,1.22664e-06,2.28315e-07,-1.82755e-06,0,6.13774e-08,1.15499e-08,1.70864e-06,0,13.0496,47.7954,8.09923,0.603168,31.4035,0,9.64332,0.0077824,0,2.73911,0.145194,3.29814,0.000145013,0.0130251,3.13414,0,0.014784,0,0.00563703,3.13414,0.010012,3.05729,1.67612,0.000736358,0.0630972,0,0.002464,0,0.000913038,0.0630972,0.696682,1.19473e-06,4.95032,0.0077824
2035.8750,272.735,273.951,0,0.288514,0,0,0.000920453,0.00183914,-0.000920453,0,0,0,0,0,0,0,0,0,0.000585688,0,1.12686e-06,4.2379e-06,2.12597e-07,1.34055e-05,0,2.25232e-07,9.8922e-09,1.70209e-06,0,12.9981,47.6933,8.08571,0.522954,31.4279,0,9.62722,0.00732805,0,2.74432,0.144951,3.29818,0.000421709,0.0109851,3.13618,0,0.0147623,0,0.00564776,3.13618,0.00999524,3.05729,1.67618,0.000627464,0.0631646,0,0.00246038,0,0.000914774,0.0631646,0.457595,1.12686e-06,4.91236,0.00732805
2035.9583,271.865,272.43,0,0.0953507,0,0,0.000813997,0.000748085,-0.000813997,0,0,0,0,0,0,0,0,0,0.000584694,0,1.06112e-06,1.26228e-06,3.72334e-07,7.77529e-06,0,6.32054e-08,9.31026e-09,7.3395e-07,0,12.9516,47.6339,8.07199,0.491692,31.4354,0,9.61088,0.00689335,0,2.75532,0.144705,3.29821,0.00078029,0.0102418,3.13682,0,0.01474,0,0.00567037,3.13682,0.00997827,3.05729,1.67621,0.000587849,0.0631844,0,0.00245667,0,0.000918441,0.0631844,0.322626,1.06112e-06,4.87959,0.00689335
2036.0417,272.735,272.871,0,0.110669,0,0,0.00089879,0.00106345,-0.00089879,0,0,0,0,0,0,0,0,0,0.00058375,0,9.99406e-07,2.86733e-06,4.41316e-07,1.27509e-05,0,1.41172e-07,6.15839e-09,1.14441e-06,0,12.9071,47.5818,8.05895,0.466804,31.4416,0,9.59536,0.00650347,0,2.7663,0.144471,3.29823,0.00109031,0.00961921,3.13735,0,0.0147187,0,0.00569289,3.13735,0.00996216,3.05729,1.67623,0.000554243,0.0632009,0,0.00245312,0,0.0009221,0.0632009,0.67413,9.99406e-07,4.8482,0.00650347
2036.1250,275.897,275.496,0,0.104619,0,0,0.000962772,0.00143792,-0.000962772,0,0,0,0,0,0,0,0,0,0.000582807,0,9.6028e-07,1.01966e-05,4.44957e-07,2.12145e-05,0,7.14286e-07,4.34132e-09,1.67669e-06,0,12.8609,47.5236,8.04593,0.440984,31.4458,0,9.57986,0.00613599,0,2.77588,0.144238,3.2981,0.00143311,0.0089857,3.13773,0,0.0146973,0,0.00571248,3.13773,0.00994607,3.05729,1.67627,0.000519651,0.0632114,0,0.00244956,0,0.000925292,0.0632114,0.756473,9.6028e-07,4.81502,0.00613599
2036.2083,286.032,284.923,0,0.189777,0,0,0.00134363,0.0022166,-0.00134363,0,0,0,0,0,0,0,0,0,0.000581834,0,9.27212e-07,2.47272e-05,5.07495e-07,4.28512e-05,0,2.04187e-06,3.63318e-09,2.82168e-06,0,12.8061,47.4312,8.0325,0.397183,31.4492,0,9.56386,0.00577765,0,2.7787,0.143997,3.29766,0.00195914,0.0078978,3.13809,0,0.0146751,0,0.0057181,3.13809,0.00992946,3.05729,1.67634,0.000457719,0.0632172,0,0.00244585,0,0.000926235,0.0632172,1.05596,9.27212e-07,4.77361,0.00577765
2036.2917,291.871,290.601,2.41824,0.163472,1.7022,0.00747002,0.00342055,0.00216218,0.00404947,5.49585e-05,0.000132696,4.74052e-05,8.91872e-07,0.00435498,0.0192151,0.0382679,0.512285,0.0111431,0.000582431,6.9709e-08,9.34466e-07,3.30774e-05,7.24532e-07,5.6999e-05,4.70882e-05,3.56769e-06,4.64396e-09,2.99575e-06,2.79135e-06,12.7973,47.3753,8.03733,0.358459,31.4435,0.07295,9.70762,0.00905395,0.07295,2.77607,0.144265,3.29681,0.00216379,0.00694897,3.13771,0.002918,0.0148744,0.00173691,0.00571257,3.13771,0.00994273,3.05729,1.6764,0.000404307,0.0631969,0.000194533,0.00247907,7.295e-05,0.000925355,0.0631969,2.51209,1.00417e-06,4.75995,0.082004
2036.3750,296.282,294.243,4.27693,0.122606,2.92433,0.0102732,0.00496448,0.00179408,0.00530868,0.000133887,0.000155958,0.00011393,4.15167e-06,0.0090448,0.0190269,0.0584459,0.336953,0.0153649,0.000587273,4.33549e-07,1.01332e-06,9.56387e-06,4.56246e-07,5.4163e-05,6.40763e-05,1.42756e-06,4.30979e-09,2.56153e-06,3.87606e-06,12.9341,47.4737,8.09157,0.333699,31.4323,0.125429,9.80658,0.0110729,0.125429,2.77356,0.145898,3.29619,0.00139784,0.0063451,3.13685,0.00501718,0.0150132,0.00298642,0.0057078,3.13685,0.0100384,3.05729,1.67637,0.000371206,0.0631627,0.000334478,0.0025022,0.000125429,0.000924522,0.0631627,3.28843,1.44686e-06,4.84255,0.136502
2036.4583,298.903,297.115,4.26932,0.125775,3.10398,0.0101197,0.00536211,0.00170133,0.0047576,0.000202293,0.00015866,0.000168416,1.06528e-05,0.014309,0.0195522,0.0724979,0.213832,0.0150613,0.000592452,1.29718e-06,1.09886e-06,9.13287e-06,2.01432e-07,5.47163e-05,6.17315e-05,1.38353e-06,3.28653e-09,2.4265e-06,3.79444e-06,13.0679,47.5758,8.14973,0.316875,31.4198,0.125232,9.79023,0.0104271,0.125232,2.77122,0.147611,3.29597,0.000883602,0.00593358,3.13584,0.00500928,0.0149924,0.00298171,0.00570336,3.13584,0.0101409,3.05729,1.67633,0.000348929,0.0631263,0.000333952,0.00249873,0.000125232,0.000923741,0.0631263,3.6929,2.39604e-06,4.91813,0.135659
2036.5417,299.157,297.805,4.26113,0.119152,2.81069,0.00788047,0.00500057,0.00156514,0.0028799,0.000173569,0.000143392,0.000142816,1.11107e-05,0.0148521,0.0218828,0.0700998,0.170711,0.0113773,0.000596907,1.40721e-06,1.18744e-06,5.59183e-06,1.01868e-07,5.22265e-05,4.62938e-05,8.7344e-07,2.51907e-09,2.19503e-06,2.84317e-06,13.1699,47.6494,8.19944,0.304366,31.4066,0.125019,9.77361,0.00980853,0.125019,2.76851,0.149074,3.29585,0.000701968,0.00562718,3.13474,0.00500078,0.0149709,0.00297665,0.00569808,3.13474,0.0102294,3.05729,1.67629,0.000332314,0.0630894,0.000333385,0.00249516,0.000125019,0.000922837,0.0630894,3.30404,2.59465e-06,4.97042,0.134828
2036.6250,295.665,295.08,4.25309,0.0682165,1.35755,0.00371073,0.00353362,0.000853462,0.000177103,5.93193e-05,0.000104295,4.96857e-05,2.77579e-06,0.0096582,0.0316733,0.0464104,0.163744,0.00467586,0.00059904,3.10595e-07,1.21132e-06,9.61965e-07,1.26331e-07,2.70614e-05,1.91605e-05,1.98097e-07,2.05715e-09,1.16111e-06,1.12344e-06,13.193,47.6578,8.22216,0.296932,31.3974,0.124811,9.75729,0.00923571,0.124811,2.7705,0.149812,3.29585,0.000927634,0.00545043,3.13396,0.00499243,0.0149496,0.00297168,0.0057024,3.13396,0.010272,3.05729,1.67628,0.000322889,0.0630645,0.000332829,0.00249161,0.000124811,0.000923499,0.0630645,1.53818,1.52192e-06,4.97082,0.134046
2036.7083,288.57,288.916,3.47,0.110196,0.790897,0.00314619,0.00279168,0.00164628,0.00035451,4.30733e-05,6.63107e-05,3.54827e-05,1.08618e-06,0.00778752,0.0146086,0.0264323,0.172854,0.00346137,0.00863188,7.61644e-08,1.18094e-06,7.12987e-06,1.21957e-07,-5.26449e-06,7.09431e-05,8.65244e-07,1.70311e-09,9.20217e-07,4.6029e-06,13.1395,47.6833,8.20772,0.369703,31.3974,0.102857,9.741,0.00869651,0.102857,2.77669,0.149029,3.29689,0.000928269,0.00727379,3.13394,0.00411342,0.0149282,0.00244897,0.00571532,3.13394,0.0102275,3.05735,1.67628,0.000420196,0.0630654,0.000274204,0.00248803,0.000102857,0.000925563,0.0630654,1.14148,1.25711e-06,4.93178,0.111553
2036.7917,279.337,280.589,0,0.154195,0,0,0.0011474,0.00240278,-0.0011474,0,0,0,0,0,0,0,0,0,0.000585998,0,1.122e-06,2.80382e-10,2.94663e-08,-7.62469e-06,0,1.53897e-11,1.41696e-09,1.34162e-06,0,12.8954,47.8025,8.10046,0.690072,31.4359,0,9.72473,0.00818863,0,2.78115,0.143831,3.30192,0.000131807,0.0151289,3.1371,0,0.0149065,0,0.0057246,3.1371,0.00993923,3.05763,1.6763,0.000849917,0.0631747,0,0.00248442,0,0.000927049,0.0631747,0.336776,1.122e-06,4.79494,0.00818863
2036.8750,275.075,276.125,0,0.272129,0,0,0.000971368,0.00264944,-0.000971368,0,0,0,0,0,0,0,0,0,0.000585019,0,1.05871e-06,1.77695e-06,2.02586e-08,6.71202e-06,0,8.61279e-08,1.11938e-09,2.21854e-06,0,12.8439,47.6931,8.08693,0.595599,31.4678,0,9.70849,0.00771056,0,2.78586,0.143591,3.30203,0.000224728,0.0126966,3.13978,0,0.0148847,0,0.00573434,3.13978,0.00992263,3.05763,1.67636,0.000719861,0.0632625,0,0.00248079,0,0.000928619,0.0632625,0.660751,1.05871e-06,4.75693,0.00771056
2036.9583,271.821,272.617,0,0.12273,0,0,0.000809914,0.0011994,-0.000809914,0,0,0,0,0,0,0,0,0,0.000584027,0,1.00883e-06,4.69887e-06,2.96011e-08,1.011e-05,0,2.3178e-07,1.20675e-09,1.15094e-06,0,12.7974,47.6137,8.0732,0.538582,31.4832,0,9.69201,0.00725317,0,2.79448,0.143347,3.30206,0.000530407,0.0113102,3.14112,0,0.0148624,0,0.00575209,3.14112,0.00990579,3.05763,1.67641,0.000645364,0.0633028,0,0.00247707,0,0.000931493,0.0633028,0.849229,1.00883e-06,4.72423,0.00725317
2037.0417,274.441,274.479,0,0.315327,0,0,0.00094347,0.00174789,-0.00094347,0,0,0,0,0,0,0,0,0,0.000583083,0,9.78883e-07,1.03956e-05,5.12522e-08,1.89371e-05,0,4.9059e-07,1.58404e-09,1.93115e-06,0,12.7519,47.5441,8.06016,0.497046,31.4923,0,9.67636,0.00684294,0,2.80278,0.143115,3.30194,0.000833893,0.010289,3.14194,0,0.0148411,0,0.00576913,3.14194,0.00988979,3.05763,1.67645,0.000589289,0.0633252,0,0.00247351,0,0.000934261,0.0633252,1.04047,9.78883e-07,4.69175,0.00684294
2037.1250,275.567,275.387,0,0.337259,0,0,0.000890119,0.00172098,-0.000890119,0,0,0,0,0,0,0,0,0,0.000582142,0,9.51991e-07,1.53374e-05,1.76969e-07,2.52238e-05,0,8.18143e-07,3.78898e-09,2.07574e-06,0,12.7065,47.4681,8.04715,0.454533,31.4985,0,9.66073,0.00645628,0,2.80855,0.142884,3.30167,0.00120965,0.0092537,3.14254,0,0.0148196,0,0.00578089,3.14254,0.00987382,3.05763,1.67651,0.000531224,0.0633382,0,0.00246994,0,0.000936183,0.0633382,1.02256,9.51991e-07,4.6594,0.00645628
2037.2083,286.177,284.973,0,0.201806,0,0,0.00130065,0.00221991,-0.00130065,0,0,0,0,0,0,0,0,0,0.000581169,0,9.34412e-07,2.96118e-05,6.67844e-07,4.44227e-05,0,2.08631e-06,9.85381e-09,2.93146e-06,0,12.6546,47.3777,8.03371,0.412473,31.4998,0,9.6446,0.00607923,0,2.8108,0.142646,3.30111,0.00168054,0.00822871,3.14277,0,0.0147973,0,0.00578536,3.14277,0.00985733,3.05763,1.67658,0.000473457,0.0633361,0,0.00246622,0,0.000936935,0.0633361,1.27938,9.34412e-07,4.62091,0.00607923
2037.2917,291.062,290.049,2.40426,0.210771,1.39481,0.00768939,0.00362038,0.00231924,0.00406901,7.23629e-05,0.000141826,6.20868e-05,1.5549e-06,0.00590011,0.0210656,0.0390864,0.508684,0.0129897,0.000582548,1.21592e-07,9.51314e-07,3.44852e-05,8.46914e-07,6.15844e-05,5.54863e-05,2.64336e-06,1.24865e-08,3.28605e-06,3.24612e-06,12.6522,47.3257,8.04652,0.373753,31.4925,0.0729548,9.78481,0.0092564,0.0729548,2.80723,0.143056,3.30011,0.00168489,0.00728693,3.1423,0.00291819,0.0149918,0.00173702,0.00577791,3.1423,0.00987841,3.05763,1.67664,0.000421096,0.0633091,0.000194546,0.00249864,7.29548e-05,0.000935742,0.0633091,2.55841,1.07291e-06,4.6057,0.0822112
2037.3750,294.777,293.554,3.90508,0.190664,2.71424,0.0113884,0.00521334,0.00228638,0.00617503,0.000243115,0.000164052,0.000201175,1.41727e-05,0.0148387,0.0123847,0.0582836,0.256144,0.0197833,0.000589661,1.46076e-06,1.02285e-06,1.84802e-05,3.00102e-07,7.11678e-05,8.22438e-05,1.56668e-06,1.31605e-08,3.32357e-06,5.00314e-06,12.7965,47.4212,8.12335,0.345311,31.4781,0.11569,9.8603,0.0107452,0.11569,2.80132,0.145099,3.29941,0.000736171,0.00659651,3.14121,0.00462761,0.0150981,0.00275453,0.00576608,3.14121,0.009998,3.05763,1.6766,0.000383687,0.0632643,0.000308507,0.00251634,0.00011569,0.000933774,0.0632643,3.50694,2.48362e-06,4.67313,0.126435
2037.4583,297.638,295.942,3.89778,0.126849,3.13085,0.0103402,0.00545231,0.00181003,0.00488787,0.000529616,0.000161448,0.000421739,5.06699e-05,0.0365969,0.0166018,0.068237,0.0894538,0.0177483,0.00059698,5.73317e-06,1.11995e-06,4.88742e-06,1.00395e-07,5.94561e-05,6.83067e-05,5.71956e-07,8.94326e-09,2.6077e-06,4.47376e-06,12.9474,47.5309,8.20251,0.325342,31.4621,0.115497,9.84383,0.0101179,0.115497,2.79607,0.147208,3.2993,0.00029485,0.00611343,3.13993,0.00461989,0.0150769,0.00274993,0.00575559,3.13993,0.0101295,3.05763,1.67655,0.000358017,0.0632175,0.000307992,0.00251282,0.000115497,0.000932025,0.0632175,3.68049,6.85312e-06,4.74486,0.125615
2037.5417,298.136,296.761,3.89037,0.100306,2.9684,0.00840739,0.00502457,0.00154019,0.00338281,0.000386313,0.000143532,0.000308395,3.60129e-05,0.0298395,0.0173485,0.0646504,0.087736,0.0141019,0.000602758,4.2835e-06,1.20752e-06,1.95913e-06,7.2348e-08,5.2473e-05,5.48747e-05,3.1265e-07,4.96393e-09,2.18955e-06,3.53824e-06,13.0568,47.6086,8.2644,0.311264,31.4476,0.115301,9.82713,0.00951771,0.115301,2.793,0.14889,3.29947,0.000339439,0.00577246,3.13872,0.00461204,0.0150552,0.00274526,0.00574952,3.13872,0.0102387,3.05763,1.67649,0.000340057,0.0631767,0.00030747,0.0025092,0.000115301,0.000931001,0.0631767,3.29505,5.49103e-06,4.79241,0.124819
2037.6250,295.109,294.382,3.8831,0.102469,1.39465,0.00458099,0.00362813,0.00103366,0.000952858,0.000161544,0.000114495,0.000131725,1.18238e-05,0.0214879,0.0273451,0.0469968,0.093557,0.00705695,0.000605755,1.20958e-06,1.233e-06,3.1601e-06,7.47866e-08,3.27353e-05,2.79693e-05,4.21843e-07,3.32001e-09,1.42365e-06,1.72268e-06,13.095,47.6331,8.29529,0.303266,31.4389,0.115109,9.81072,0.00896186,0.115109,2.79588,0.149832,3.29961,0.000452591,0.00558331,3.13799,0.00460434,0.0150337,0.00274068,0.00575563,3.13799,0.0102973,3.05763,1.67647,0.000330256,0.0631529,0.000306956,0.00250561,0.000115109,0.00093196,0.0631529,1.76197,2.44257e-06,4.79975,0.12407
2037.7083,286.178,286.825,3.17063,0.173316,0.795472,0.00433425,0.00281786,0.00208862,0.00151639,0.00010034,7.99631e-05,7.69383e-05,3.55103e-06,0.0111225,0.0111894,0.0195143,0.115176,0.00655478,0.00801548,2.33602e-07,1.21259e-06,9.75193e-06,4.79417e-08,1.66622e-05,7.86415e-05,8.8804e-07,2.29068e-09,1.56963e-06,5.05931e-06,13.0793,47.6767,8.29559,0.365642,31.4344,0.0948613,9.79433,0.00843865,0.0948613,2.79738,0.149523,3.30048,0.000486841,0.0071195,3.13759,0.00379341,0.0150119,0.0022586,0.00575883,3.13759,0.0102822,3.05768,1.67646,0.000413093,0.0631421,0.000252875,0.00250199,9.48613e-05,0.000932459,0.0631421,1.30021,1.44619e-06,4.7837,0.1033
2037.7917,280.895,281.916,0,0.197736,0,0,0.00110832,0.00308012,-0.00110832,0,0,0,0,0,0,0,0,0,0.000595501,0,1.15746e-06,1.56053e-07,1.63763e-08,-2.84944e-06,0,8.50092e-09,1.72448e-09,1.88173e-06,0,12.8679,47.7811,8.20135,0.644296,31.471,0,9.77798,0.00794583,0,2.79785,0.144879,3.30512,7.44673e-05,0.0138363,3.14057,0,0.0149901,0,0.00575985,3.14057,0.0100253,3.05793,1.67649,0.000785851,0.0632471,0,0.00249835,0,0.000932617,0.0632471,0.504619,1.15746e-06,4.66654,0.00794583
2037.8750,274.791,275.641,0,0.278379,0,0,0.000865333,0.00230277,-0.000865333,0,0,0,0,0,0,0,0,0,0.000594507,0,1.09167e-06,4.21526e-06,2.40756e-08,1.36328e-05,0,1.98557e-07,1.89165e-09,2.15398e-06,0,12.8197,47.67,8.18765,0.548965,31.5,0,9.76165,0.00748194,0,2.80127,0.144637,3.30519,0.000327442,0.0114422,3.14302,0,0.014968,0,0.00576689,3.14302,0.0100085,3.05793,1.67656,0.000656776,0.0633262,0,0.00249467,0,0.000933758,0.0633262,0.470666,1.09167e-06,4.63204,0.00748194
2037.9583,269.874,271.059,0,0.196226,0,0,0.0006751,0.000657902,-0.0006751,0,0,0,0,0,0,0,0,0,0.000593498,0,1.03494e-06,1.22769e-06,1.20121e-07,6.43747e-06,0,6.12365e-08,4.59994e-09,6.65565e-07,0,12.7762,47.6042,8.17376,0.507513,31.5097,0,9.74508,0.00703811,0,2.81082,0.144391,3.3052,0.00068948,0.0104644,3.14387,0,0.0149455,0,0.00578651,3.14387,0.00999154,3.05793,1.6766,0.000602939,0.0633509,0,0.00249092,0,0.000936941,0.0633509,0.701414,1.03494e-06,4.60242,0.00703811
2038.0417,272.594,272.737,0,0.267676,0,0,0.000696107,0.000574597,-0.000696107,0,0,0,0,0,0,0,0,0,0.000592539,0,9.89537e-07,1.26168e-07,2.40459e-07,6.64524e-06,0,8.62971e-09,4.97232e-09,6.14803e-07,0,12.7365,47.5685,8.16055,0.494545,31.5134,0,9.72934,0.00664004,0,2.82402,0.144158,3.30528,0.000944758,0.0101785,3.14419,0,0.014924,0,0.00581362,3.14419,0.0099754,3.05793,1.67661,0.000587766,0.0633603,0,0.00248733,0,0.000941342,0.0633603,0.883297,9.89537e-07,4.57598,0.00664004
2038.1250,273.51,273.314,0,0.302321,0,0,0.000778169,0.0011987,-0.000778169,0,0,0,0,0,0,0,0,0,0.000591582,0,9.51665e-07,5.08653e-06,3.21892e-07,1.26072e-05,0,2.66351e-07,3.93495e-09,1.36418e-06,0,12.6969,47.5254,8.14737,0.474145,31.5185,0,9.71363,0.00626485,0,2.83586,0.143925,3.30532,0.00123262,0.00967458,3.14465,0,0.0149023,0,0.00583787,3.14465,0.00995929,3.05793,1.67664,0.000560371,0.0633734,0,0.00248371,0,0.000945288,0.0633734,0.636237,9.51665e-07,4.54952,0.00626485
2038.2083,287.04,285.494,0,0.204475,0,0,0.00121773,0.00248342,-0.00121773,0,0,0,0,0,0,0,0,0,0.000590594,0,9.18958e-07,2.73783e-05,4.88594e-07,4.17023e-05,0,1.87917e-06,5.45255e-09,3.10829e-06,0,12.6466,47.437,8.13377,0.426583,31.5244,0,9.69741,0.00589897,0,2.83937,0.143685,3.30487,0.001596,0.00850592,3.14524,0,0.0148798,0,0.00584489,3.14524,0.00994266,3.05793,1.67671,0.000493208,0.0633849,0,0.00247996,0,0.000946457,0.0633849,1.11715,9.18958e-07,4.51288,0.00589897
2038.2917,289.994,288.868,2.15599,0.181472,1.29878,0.00627821,0.0027782,0.00225241,0.00350001,5.2252e-05,0.00011342,4.49263e-05,1.02466e-06,0.00423637,0.016895,0.0299362,0.409643,0.00980943,0.000590597,8.3127e-08,9.18122e-07,3.19753e-05,9.09492e-07,5.47742e-05,4.16264e-05,2.82254e-06,9.02097e-09,3.10446e-06,2.45379e-06,12.6315,47.3718,8.13151,0.382606,31.5208,0.0645896,9.79109,0.00804906,0.0645896,2.8369,0.143828,3.30403,0.00183112,0.00745187,3.14508,0.00258358,0.0150096,0.00153785,0.00583962,3.14508,0.00994842,3.05793,1.67678,0.000433348,0.0633685,0.000172239,0.00250159,6.45896e-05,0.000945634,0.0633685,2.16292,1.00125e-06,4.5,0.0726386
2038.3750,296.208,294.88,5.04964,0.19526,2.58283,0.0119549,0.00514786,0.00243997,0.00680705,0.000190667,0.000164264,0.000159314,9.31961e-06,0.0113271,0.0120559,0.063726,0.300875,0.0189637,0.000595063,1.01907e-06,9.97386e-07,2.22711e-05,3.13987e-07,7.28022e-05,7.9089e-05,2.08817e-06,7.34231e-09,3.51342e-06,4.80152e-06,12.7859,47.4761,8.18035,0.350705,31.5084,0.145079,9.91186,0.0106216,0.145079,2.83114,0.145655,3.30326,0.000935727,0.00668599,3.14416,0.00580316,0.0151782,0.00345426,0.00582799,3.14416,0.0100556,3.05793,1.67675,0.0003909,0.0633287,0.000386877,0.0025297,0.000145079,0.000943713,0.0633287,3.7283,2.01646e-06,4.60555,0.155701
2038.4583,297.917,296.637,5.05819,0.156415,3.34371,0.0113996,0.00541104,0.00223659,0.00598859,0.000282115,0.00016238,0.000228897,2.17882e-05,0.0178435,0.014388,0.071588,0.186076,0.0179092,0.000600552,2.61698e-06,1.10502e-06,1.35234e-05,1.12312e-07,7.44772e-05,7.30505e-05,1.33511e-06,8.07713e-09,3.2287e-06,4.52811e-06,12.9644,47.6021,8.24091,0.326058,31.4897,0.145294,9.89608,0.0100185,0.145294,2.82192,0.147779,3.30287,0.000528019,0.0060947,3.14266,0.00581175,0.015158,0.00345937,0.00580928,3.14266,0.010184,3.05793,1.67671,0.000358865,0.0632736,0.00038745,0.00252633,0.000145294,0.000940639,0.0632736,3.82441,3.72199e-06,4.72351,0.155312
2038.5417,297.547,296.45,5.0483,0.112401,3.03196,0.009761,0.0052865,0.00168548,0.0044745,0.00034699,0.00014873,0.00028017,2.85821e-05,0.0238104,0.0143415,0.0651882,0.110361,0.0150539,0.000605466,3.36297e-06,1.19529e-06,4.71402e-06,1.24235e-07,5.80537e-05,5.96287e-05,6.7846e-07,6.14145e-09,2.39711e-06,3.79439e-06,13.1089,47.7088,8.29485,0.31027,31.4729,0.145047,9.87929,0.0094242,0.145047,2.81681,0.149599,3.30281,0.000430419,0.00571798,3.14126,0.00580189,0.0151361,0.0034535,0.00579898,3.14126,0.0102971,3.05793,1.67667,0.000338856,0.0632269,0.000386792,0.00252268,0.000145047,0.000938936,0.0632269,3.45838,4.55827e-06,4.81404,0.154471
2038.6250,292.782,292.708,5.03859,0.12597,1.97615,0.00733489,0.00423967,0.0013462,0.00309523,0.00022926,0.000132451,0.000188265,1.52025e-05,0.0193754,0.015085,0.046017,0.111457,0.011007,0.000608988,1.45895e-06,1.24846e-06,5.93457e-06,9.38593e-08,4.67571e-05,4.39759e-05,6.607e-07,3.87238e-09,1.88259e-06,2.75006e-06,13.1994,47.7762,8.33289,0.300306,31.4603,0.144805,9.86279,0.00887382,0.144805,2.81613,0.150903,3.30286,0.000483221,0.00548092,3.1402,0.0057922,0.0151144,0.00344774,0.00579774,3.1402,0.010378,3.05793,1.67663,0.000326353,0.0631932,0.000386146,0.00251906,0.000144805,0.000938709,0.0631932,2.4827,2.70741e-06,4.8665,0.153679
2038.7083,284.433,285.269,4.10421,0.173018,0.746227,0.00452328,0.00278197,0.00207799,0.00174131,8.72686e-05,7.66693e-05,6.78308e-05,2.76559e-06,0.00922721,0.0105364,0.0159031,0.124439,0.0061182,0.00993006,1.57012e-07,1.23816e-06,9.91871e-06,4.71706e-08,1.60724e-05,9.0027e-05,9.16821e-07,2.59431e-09,1.50667e-06,5.82619e-06,13.2081,47.8603,8.33207,0.382307,31.4539,0.119334,9.84632,0.00835575,0.119334,2.81601,0.150523,3.30394,0.000492707,0.00751799,3.13961,0.00477258,0.0150925,0.00284129,0.00579758,3.13961,0.0103611,3.058,1.67662,0.000436381,0.0631777,0.000318137,0.00251541,0.000119334,0.00093867,0.0631777,1.21035,1.39517e-06,4.87602,0.12769
2038.7917,279.145,280.001,0,0.199942,0,0,0.00106386,0.00282817,-0.00106386,0,0,0,0,0,0,0,0,0,0.000595575,0,1.17827e-06,3.11046e-08,1.81565e-08,-4.83517e-06,0,1.96694e-09,2.01249e-09,1.54243e-06,0,12.9514,48.0244,8.21155,0.765773,31.4894,0,9.82988,0.00786776,0,2.81778,0.144622,3.30983,6.11241e-05,0.0168591,3.14248,0,0.0150704,0,0.00580125,3.14248,0.0100348,3.05832,1.67664,0.000953636,0.0632804,0,0.00251174,0,0.000939259,0.0632804,0.435512,1.17827e-06,4.73988,0.00786776
2038.8750,273.332,274.723,0,0.211276,0,0,0.00083414,0.00235521,-0.00083414,0,0,0,0,0,0,0,0,0,0.000594581,0,1.11009e-06,6.33031e-07,2.83641e-08,2.05587e-06,0,3.30904e-08,2.68218e-09,1.80173e-06,0,12.9019,47.9089,8.19784,0.659601,31.5259,0,9.81346,0.00740843,0,2.82154,0.144381,3.30995,0.000119792,0.0141222,3.14551,0,0.0150482,0,0.00580897,3.14551,0.0100181,3.05832,1.6767,0.000809217,0.0633821,0,0.00250804,0,0.000940512,0.0633821,0.59443,1.11009e-06,4.70404,0.00740843
2038.9583,272.612,272.85,0,0.167396,0,0,0.000672733,0.00109299,-0.000672733,0,0,0,0,0,0,0,0,0,0.000593572,0,1.04492e-06,2.87805e-06,6.98184e-08,7.06346e-06,0,1.51596e-07,4.18909e-09,9.81286e-07,0,12.86,47.8453,8.18393,0.613215,31.5394,0,9.79681,0.00696896,0,2.8326,0.144136,3.31003,0.00036038,0.0130215,3.14668,0,0.0150256,0,0.00583171,3.14668,0.0100011,3.05832,1.67673,0.000751117,0.063418,0,0.00250426,0,0.000944202,0.063418,0.407524,1.04492e-06,4.67607,0.00696896
2039.0417,275.885,275.771,0,0.253572,0,0,0.000932485,0.00235097,-0.000932485,0,0,0,0,0,0,0,0,0,0.000592613,0,9.92807e-07,8.81574e-06,1.4744e-07,1.62127e-05,0,4.17066e-07,6.25731e-09,2.46698e-06,0,12.8162,47.7679,8.17071,0.557466,31.5539,0,9.78099,0.0065748,0,2.84033,0.143903,3.30997,0.000629072,0.0116349,3.14795,0,0.0150038,0,0.00584752,3.14795,0.0099849,3.05832,1.67679,0.000673712,0.0634548,0,0.00250064,0,0.000946778,0.0634548,0.771559,9.92807e-07,4.64554,0.0065748
2039.1250,278.375,278.254,0,0.231389,0,0,0.000951028,0.00219284,-0.000951028,0,0,0,0,0,0,0,0,0,0.000591656,0,9.64248e-07,1.45628e-05,4.23405e-07,2.52682e-05,0,7.84471e-07,1.16294e-08,2.54617e-06,0,12.7693,47.6744,8.15751,0.49551,31.5656,0,9.76519,0.00620329,0,2.84395,0.143671,3.30973,0.00102021,0.0101326,3.14905,0,0.014982,0,0.0058548,3.14905,0.00996878,3.05832,1.67686,0.000587414,0.0634815,0,0.002497,0,0.000947985,0.0634815,1.15982,9.64248e-07,4.61182,0.00620329
2039.2083,285.342,284.477,0.75328,0.183285,0.42922,0.00246475,0.00164953,0.00231577,0.000815227,1.84983e-05,5.82418e-05,1.60231e-05,2.19618e-07,0.00216852,0.0132478,0.00835315,0.206456,0.00340592,0.000590825,9.42896e-09,9.49464e-07,2.39016e-05,7.48105e-07,3.75533e-05,1.43032e-05,1.67215e-06,1.28475e-08,2.95235e-06,8.36818e-07,12.7261,47.5845,8.14573,0.442279,31.5706,0.0243256,9.79136,0.00681226,0.0243256,2.84556,0.143497,3.30925,0.00141636,0.00885639,3.14962,0.000973023,0.0150182,0.00057918,0.0058579,3.14962,0.00995593,3.05832,1.67694,0.000513724,0.0634885,6.48682e-05,0.00250303,2.43256e-05,0.00094852,0.0634885,1.45078,9.58893e-07,4.58034,0.0311378
2039.2917,290.675,289.139,4.46905,0.144535,2.45406,0.0097886,0.00391605,0.00206924,0.00587255,0.000160229,0.000152792,0.000135891,5.54516e-06,0.0110537,0.0180148,0.0364735,0.26946,0.0143066,0.000592847,4.23377e-07,9.84091e-07,1.41177e-05,4.57754e-07,4.64879e-05,5.89476e-05,1.49523e-06,9.14186e-09,2.8668e-06,3.6038e-06,12.8163,47.6305,8.16739,0.400853,31.5681,0.130268,9.96005,0.0105478,0.130268,2.84518,0.144495,3.30872,0.000923409,0.00787099,3.14957,0.00521073,0.0152528,0.00310163,0.00585724,3.14957,0.0100137,3.05832,1.67695,0.000457218,0.0634744,0.000347382,0.00254214,0.000130268,0.000948392,0.0634744,2.85362,1.40747e-06,4.64894,0.140816
2039.3750,293.66,292.618,4.73324,0.185025,2.8346,0.0121997,0.004944,0.00231009,0.00725572,0.000412658,0.000164511,0.000332244,3.49753e-05,0.0235217,0.0116781,0.0541051,0.128356,0.0182648,0.00059708,3.26947e-06,1.05816e-06,1.08851e-05,6.12058e-08,6.44666e-05,7.22151e-05,9.14846e-07,5.29415e-09,3.33114e-06,4.63134e-06,12.9904,47.7585,8.21496,0.368582,31.5581,0.137127,9.95578,0.0102029,0.137127,2.84139,0.146268,3.30847,0.000369628,0.00709969,3.14888,0.00548508,0.0152486,0.00326493,0.00584975,3.14888,0.0101231,3.05832,1.67692,0.000413896,0.0634397,0.000365672,0.00254143,0.000137127,0.000947129,0.0634397,3.59575,4.32763e-06,4.77547,0.14733
2039.4583,299.659,296.844,4.7242,0.0760571,3.37909,0.00884508,0.00508556,0.0014737,0.00375952,0.0003967,0.000146104,0.000315534,3.83459e-05,0.0308361,0.025101,0.0653191,0.0774713,0.0126306,0.000601209,4.34745e-06,1.15687e-06,1.66695e-06,5.12579e-08,4.37591e-05,4.82645e-05,2.26655e-07,4.20297e-09,2.11895e-06,3.17205e-06,13.1352,47.8683,8.26133,0.347192,31.5462,0.136898,9.93915,0.00960721,0.136898,2.83968,0.147859,3.30856,0.000287669,0.00659225,3.14797,0.00547592,0.015227,0.00325948,0.00584648,3.14797,0.0102258,3.05832,1.67688,0.000386361,0.0634028,0.000365062,0.00253783,0.000136898,0.000946561,0.0634028,3.62806,5.50432e-06,4.87384,0.146505
2039.5417,299.086,297.056,4.71504,0.0739125,1.94598,0.00490433,0.00411576,0.000988274,0.000788567,0.000196132,0.000115438,0.000156965,1.78575e-05,0.023539,0.0312785,0.0551762,0.0753103,0.00640007,0.000603779,2.01966e-06,1.21381e-06,4.13554e-07,5.34085e-08,2.73925e-05,2.44879e-05,8.66057e-08,3.14713e-09,1.38425e-06,1.56734e-06,13.1982,47.9148,8.28938,0.334985,31.5386,0.136666,9.92228,0.00903731,0.136666,2.84298,0.148844,3.30875,0.000362098,0.00630227,3.14739,0.00546663,0.0152048,0.00325395,0.00585345,3.14739,0.0102893,3.05832,1.67685,0.000370772,0.0633794,0.000364442,0.00253413,0.000136666,0.000947659,0.0633794,2.19172,3.23348e-06,4.90886,0.145703
2039.6250,292.607,292.672,4.70604,0.0927907,1.67548,0.00585901,0.00374281,0.00110936,0.0021162,0.000143843,0.000128068,0.000118714,8.81775e-06,0.0156408,0.0222338,0.0460473,0.127806,0.00802983,0.000605165,8.71106e-07,1.2174e-06,2.72722e-06,7.06283e-08,3.42192e-05,3.22587e-05,3.76006e-07,2.35619e-09,1.57727e-06,1.98276e-06,13.2171,47.9215,8.3036,0.325757,31.5318,0.136438,9.90571,0.00850953,0.136438,2.84682,0.149443,3.3088,0.000571125,0.00607845,3.14685,0.0054575,0.0151828,0.00324851,0.00586149,3.14685,0.0103245,3.05832,1.67684,0.000358634,0.063359,0.000363833,0.00253047,0.000136438,0.000948942,0.063359,1.90714,2.08851e-06,4.91353,0.144947
2039.7083,286.972,287.458,3.77618,0.12627,0.59566,0.00264416,0.00252971,0.00167953,0.000114448,4.38641e-05,6.12057e-05,3.02907e-05,1.13092e-06,0.00893959,0.0225659,0.0202889,0.106164,0.0026916,0.00938609,7.40352e-08,1.18345e-06,5.96438e-06,6.79734e-08,-3.27797e-06,7.22293e-05,5.52042e-07,1.87327e-09,1.0228e-06,4.71487e-06,13.1689,47.9597,8.28554,0.40411,31.5329,0.112439,9.88917,0.00801272,0.112439,2.85382,0.148573,3.30999,0.000573824,0.00802292,3.14695,0.00449631,0.0151607,0.00267711,0.00587595,3.14695,0.010276,3.05839,1.67685,0.0004635,0.0633616,0.000299744,0.00252678,0.000112439,0.000951273,0.0633616,0.953746,1.25749e-06,4.88337,0.120451
2039.7917,281.254,282.108,0,0.191777,0,0,0.00120203,0.00320357,-0.00120203,0,0,0,0,0,0,0,0,0,0.000590665,0,1.12874e-06,2.77347e-09,1.69102e-08,-5.49433e-06,0,1.68583e-10,1.41007e-09,1.94139e-06,0,12.9101,48.0894,8.16828,0.750837,31.5727,0,9.87266,0.00754478,0,2.85583,0.142906,3.31552,7.96051e-05,0.01643,3.15023,0,0.0151384,0,0.00588007,3.15023,0.009962,3.05869,1.67688,0.000928309,0.0634739,0,0.00252307,0,0.000951944,0.0634739,0.513297,1.12874e-06,4.74178,0.00754478
2039.8750,277.001,277.815,0,0.205873,0,0,0.00103141,0.00286576,-0.00103141,0,0,0,0,0,0,0,0,0,0.000589678,0,1.06144e-06,2.27125e-06,1.57008e-08,7.33713e-06,0,1.24422e-07,1.23421e-09,2.52914e-06,0,12.8574,47.9625,8.15464,0.637303,31.6093,0,9.85617,0.0071043,0,2.85856,0.142667,3.31563,0.000197081,0.0135425,3.15333,0,0.015116,0,0.00588562,3.15333,0.00994536,3.05869,1.67695,0.000773424,0.0635729,0,0.00251933,0,0.000952853,0.0635729,0.436158,1.06144e-06,4.70273,0.0071043
2039.9583,274.067,274.947,0,0.216359,0,0,0.000746984,0.00223918,-0.000746984,0,0,0,0,0,0,0,0,0,0.000588677,0,9.9893e-07,8.25009e-06,2.24005e-08,1.78802e-05,0,4.44599e-07,1.32464e-09,2.38616e-06,0,12.8104,47.8598,8.1408,0.557624,31.6287,0,9.83945,0.00668287,0,2.86319,0.142425,3.31559,0.00057424,0.0116087,3.15509,0,0.0150931,0,0.00589503,3.15509,0.00992849,3.05869,1.67703,0.000665181,0.0636205,0,0.00251551,0,0.000954396,0.0636205,0.555053,9.9893e-07,4.66956,0.00668287
2040.0417,274.364,274.786,0,0.267635,0,0,0.000845656,0.00188624,-0.000845656,0,0,0,0,0,0,0,0,0,0.000587727,0,9.55541e-07,1.37352e-05,8.28481e-08,2.29801e-05,0,7.65181e-07,2.93875e-09,2.22136e-06,0,12.7684,47.7786,8.12766,0.504306,31.6379,0,9.82355,0.00630489,0,2.86801,0.142195,3.31538,0.000963286,0.0103283,3.15599,0,0.0150711,0,0.00590481,3.15599,0.00991245,3.05869,1.67709,0.000592867,0.06364,0,0.00251185,0,0.000956005,0.06364,0.773393,9.55541e-07,4.64074,0.00630489
2040.1250,275.005,274.942,0,0.343307,0,0,0.000821052,0.00166513,-0.000821052,0,0,0,0,0,0,0,0,0,0.000586777,0,9.34457e-07,1.82183e-05,5.19031e-07,2.69167e-05,0,9.89503e-07,1.23e-08,2.12102e-06,0,12.7249,47.7045,8.11453,0.46481,31.6417,0,9.80769,0.00594864,0,2.87317,0.141965,3.31502,0.00132807,0.00938612,3.15642,0,0.0150491,0,0.00591523,3.15642,0.00989644,3.05869,1.67715,0.000539825,0.0636447,0,0.00250818,0,0.000957725,0.0636447,1.15507,9.34457e-07,4.61037,0.00594864
2040.2083,285.912,284.836,0.0938812,0.190954,0.0900975,0.000372703,0.00130276,0.00216766,-0.000930057,1.92108e-06,1.63484e-05,1.64953e-06,2.25252e-08,0.00074013,0.0111841,0.00382433,0.0800404,0.000419814,0.000585805,1.30091e-09,9.11871e-07,3.08693e-05,9.21247e-07,4.50671e-05,1.77046e-06,2.29679e-06,1.45936e-08,2.96084e-06,9.31694e-08,12.6745,47.6167,8.10106,0.426325,31.6407,0.00307526,9.7973,0.00573895,0.00307526,2.87509,0.141731,3.31437,0.00175217,0.00846364,3.1565,0.00012301,0.0150345,7.32205e-05,0.00591891,3.1565,0.00988004,3.05869,1.67723,0.000487715,0.063635,8.2007e-06,0.00250575,3.07526e-06,0.000958364,0.063635,1.18706,9.13172e-07,4.57346,0.00881421
2040.2917,292.609,291.17,3.07603,0.15918,2.17238,0.00887781,0.00382787,0.00221062,0.00504994,9.04567e-05,0.000153438,7.7415e-05,2.24679e-06,0.00671054,0.0203202,0.0461636,0.481644,0.0138547,0.000587257,1.93203e-07,9.40264e-07,3.08659e-05,8.32198e-07,5.81285e-05,5.84188e-05,3.07411e-06,1.04595e-08,3.188e-06,3.47279e-06,12.7002,47.5962,8.11547,0.391164,31.6326,0.0927296,9.9555,0.00932785,0.0927296,2.87222,0.142312,3.31342,0.00157977,0.00762281,3.15599,0.00370918,0.015254,0.00220785,0.00591292,3.15599,0.00991143,3.05869,1.67727,0.000440822,0.0636045,0.000247279,0.00254233,9.27296e-05,0.000957407,0.0636045,2.97419,1.13347e-06,4.58477,0.102057
2040.3750,295.785,294.473,3.82491,0.156145,2.97944,0.0113229,0.00488183,0.0022077,0.00644103,0.000249216,0.000163762,0.000206246,1.4539e-05,0.0153394,0.0127794,0.0624458,0.22134,0.0180939,0.000592746,1.56082e-06,1.02877e-06,1.59385e-05,1.95364e-07,6.64646e-05,7.42578e-05,1.70775e-06,5.9878e-09,3.22801e-06,4.57407e-06,12.8618,47.7111,8.17629,0.363614,31.6187,0.113565,9.97975,0.00968336,0.113565,2.86697,0.144224,3.31278,0.000720383,0.00696308,3.15497,0.00454262,0.0152889,0.00270394,0.00590233,3.15497,0.010025,3.05869,1.67724,0.000404773,0.0635599,0.000302841,0.00254815,0.000113565,0.000955658,0.0635599,3.60939,2.58959e-06,4.68552,0.123249
2040.4583,298.785,297.377,3.81777,0.168942,3.03375,0.0104516,0.00524666,0.0023206,0.0052049,0.00028139,0.000159935,0.000227829,2.22955e-05,0.0188417,0.0174616,0.0746394,0.168778,0.0164676,0.000598308,2.74782e-06,1.1338e-06,1.26188e-05,6.87751e-08,7.6144e-05,6.67168e-05,1.14092e-06,3.84806e-09,3.36598e-06,4.15267e-06,13.0134,47.8167,8.23796,0.341702,31.6017,0.113376,9.96308,0.00911803,0.113376,2.85992,0.146107,3.31257,0.000512343,0.0064378,3.15362,0.00453503,0.015267,0.00269942,0.00588796,3.15362,0.0101403,3.05869,1.67721,0.000376452,0.0635088,0.000302335,0.00254451,0.000113376,0.000953307,0.0635088,3.91867,3.88162e-06,4.77544,0.122494
2040.5417,298.221,297.455,3.81053,0.134028,2.83397,0.00916572,0.00497348,0.00210389,0.00419225,0.000185048,0.000148848,0.000151942,1.2162e-05,0.0132966,0.0146358,0.0701836,0.206141,0.0142252,0.000603299,1.55218e-06,1.22222e-06,1.32435e-05,6.99012e-08,7.34997e-05,5.85574e-05,1.54718e-06,2.75384e-09,3.0026e-06,3.57687e-06,13.1393,47.8932,8.29303,0.322464,31.581,0.113183,9.94618,0.00857715,0.113183,2.85042,0.147826,3.31228,0.000697026,0.00597814,3.15191,0.00452734,0.0152446,0.00269484,0.00586849,3.15191,0.0102443,3.05869,1.67719,0.000351967,0.0634507,0.000301822,0.00254077,0.000113183,0.000950142,0.0634507,3.33445,2.7744e-06,4.84632,0.121761
2040.6250,293.695,293.512,3.80342,0.214003,1.30641,0.00717543,0.00420103,0.00211343,0.0029744,0.000104302,0.000131993,8.72606e-05,4.95365e-06,0.00871387,0.0150873,0.0487463,0.261468,0.0108905,0.000607152,4.95017e-07,1.25743e-06,2.59641e-05,4.80984e-08,7.73936e-05,4.54141e-05,2.00451e-06,2.19859e-09,2.97197e-06,2.72024e-06,13.2347,47.9485,8.33505,0.308206,31.5621,0.112994,9.92957,0.00807624,0.112994,2.84353,0.149191,3.31184,0.000859313,0.00563826,3.15029,0.00451978,0.0152224,0.00269034,0.0058543,3.15029,0.010325,3.05869,1.67717,0.000334101,0.0634001,0.000301318,0.00253707,0.000112994,0.000947843,0.0634001,2.12159,1.75245e-06,4.89969,0.121071
2040.7083,286.204,286.978,3.1061,0.197801,0.718159,0.00433995,0.00276796,0.00253687,0.00157199,4.5865e-05,7.7481e-05,3.87364e-05,1.04338e-06,0.00576982,0.0108055,0.0220262,0.266643,0.00596804,0.0078812,6.39916e-08,1.24516e-06,2.10782e-05,1.16497e-07,1.52047e-05,7.574e-05,1.63435e-06,4.14679e-09,1.75155e-06,4.84857e-06,13.2479,47.9994,8.34105,0.363141,31.5505,0.093119,9.91299,0.00760473,0.093119,2.83782,0.149098,3.31219,0.000956527,0.00703518,3.14926,0.00372358,0.0152,0.00221712,0.00584251,3.14926,0.0103213,3.05874,1.67719,0.000408116,0.0633717,0.000248212,0.00253334,9.3119e-05,0.00094594,0.0633717,1.33298,1.30915e-06,4.90686,0.100724
2040.7917,277.548,279.011,0,0.182261,0,0,0.00100812,0.00273727,-0.00100812,0,0,0,0,0,0,0,0,0,0.000597322,0,1.18422e-06,8.85594e-07,1.28083e-07,-2.07047e-06,0,5.01315e-08,7.06314e-09,1.66257e-06,0,13.0406,48.0959,8.24678,0.623694,31.5931,0,9.89643,0.00716061,0,2.83853,0.144508,3.31667,0.000134961,0.0134466,3.15273,0,0.0151775,0,0.0058439,3.15273,0.0100669,3.05899,1.67722,0.000758624,0.063493,0,0.00252959,0,0.000946177,0.063493,0.458644,1.18422e-06,4.79383,0.00716061
2040.8750,273.331,274.315,0,0.303137,0,0,0.000882464,0.00177325,-0.000882464,0,0,0,0,0,0,0,0,0,0.000596324,0,1.11788e-06,3.21974e-06,1.30772e-07,1.22715e-05,0,1.72642e-07,6.26458e-09,1.64776e-06,0,12.9921,47.9983,8.23301,0.545114,31.6168,0,9.87991,0.00674256,0,2.84425,0.144267,3.31672,0.000418031,0.0114535,3.15473,0,0.0151549,0,0.00585557,3.15473,0.0100501,3.05899,1.67727,0.000652588,0.0635579,0,0.00252582,0,0.000948083,0.0635579,0.574918,1.11788e-06,4.75911,0.00674256
2040.9583,271.765,272.48,0,0.345964,0,0,0.000811367,0.0012381,-0.000811367,0,0,0,0,0,0,0,0,0,0.000595312,0,1.05452e-06,4.31461e-06,2.14628e-07,1.30479e-05,0,2.18275e-07,5.89986e-09,1.29114e-06,0,12.9454,47.9289,8.21903,0.503155,31.6266,0,9.86314,0.00634259,0,2.85372,0.144022,3.3167,0.000789456,0.0104226,3.15559,0,0.0151318,0,0.00587493,3.15559,0.010033,3.05899,1.67731,0.000596629,0.0635834,0,0.00252196,0,0.000951241,0.0635834,0.410668,1.05452e-06,4.72639,0.00634259
2041.0417,274.53,273.987,0,0.429421,0,0,0.000892201,0.00165331,-0.000892201,0,0,0,0,0,0,0,0,0,0.000594351,0,1.00004e-06,1.22277e-05,2.90493e-07,2.0932e-05,0,6.25339e-07,5.37507e-09,1.87803e-06,0,12.901,47.8651,8.20576,0.468411,31.6334,0,9.84721,0.00598386,0,2.86223,0.143789,3.31658,0.00112702,0.00956711,3.1562,0,0.0151097,0,0.00589226,3.1562,0.0100168,3.05899,1.67735,0.000549184,0.0636001,0,0.00251828,0,0.000954077,0.0636001,0.798137,1.00004e-06,4.69527,0.00598386
2041.1250,275.149,274.434,0,0.174499,0,0,0.000858792,0.00135041,-0.000858792,0,0,0,0,0,0,0,0,0,0.000593391,0,9.65935e-07,1.12791e-05,7.11597e-07,2.33178e-05,0,6.2273e-07,8.82006e-09,1.6534e-06,0,12.8574,47.8008,8.19251,0.436761,31.637,0,9.8313,0.00564574,0,2.86962,0.143557,3.31632,0.00150872,0.00879708,3.15655,0,0.0150874,0,0.00590725,3.15655,0.0100006,3.05899,1.6774,0.000506627,0.0636076,0,0.00251457,0,0.000956542,0.0636076,0.912796,9.65935e-07,4.66494,0.00564574
2041.2083,285.619,284.377,0,0.175665,0,0,0.00119128,0.00205466,-0.00119128,0,0,0,0,0,0,0,0,0,0.0005924,0,9.36495e-07,2.7553e-05,9.81066e-07,4.42125e-05,0,2.45026e-06,8.35407e-09,2.70405e-06,0,12.8067,47.7189,8.17883,0.402052,31.637,0,9.81489,0.00531603,0,2.87317,0.143317,3.3158,0.00199476,0.0079409,3.15663,0,0.0150644,0,0.00591425,3.15663,0.00998393,3.05899,1.67747,0.000458838,0.063604,0,0.00251073,0,0.000957723,0.063604,0.999404,9.36495e-07,4.62787,0.00531603
2041.2917,292.566,291.236,2.18267,0.171576,1.63561,0.00692195,0.00306426,0.00226345,0.0038577,4.66432e-05,0.000119612,4.02098e-05,7.75569e-07,0.00363215,0.0193202,0.0385809,0.494817,0.010096,0.000592449,6.49454e-08,9.41937e-07,3.80552e-05,1.09987e-06,6.26941e-05,4.25634e-05,3.82639e-06,7.84299e-09,3.17625e-06,2.53059e-06,12.7916,47.6572,8.17733,0.367123,31.6288,0.0659691,9.92388,0.00784694,0.0659691,2.86965,0.14348,3.31477,0.00224777,0.00708624,3.15605,0.00263876,0.0152152,0.00157069,0.00590676,3.15605,0.0099909,3.05899,1.67753,0.00041145,0.0635764,0.000175918,0.00253587,6.59691e-05,0.00095655,0.0635764,2.5401,1.00688e-06,4.61431,0.0738161
2041.3750,295.705,293.675,4.34519,0.114795,3.27148,0.010669,0.00454101,0.00178742,0.00612803,0.000128626,0.000160115,0.000109771,3.61625e-06,0.00849268,0.018087,0.057487,0.362425,0.0157417,0.000596401,3.5789e-07,1.02552e-06,1.03915e-05,6.99854e-07,5.57063e-05,6.55692e-05,1.56467e-06,6.15472e-09,2.56571e-06,3.97175e-06,12.9439,47.7702,8.22157,0.343666,31.6162,0.127197,10.0239,0.00997129,0.127197,2.86646,0.145113,3.31408,0.00148469,0.00651685,3.15506,0.00508787,0.0153549,0.00302849,0.00590039,3.15506,0.0100867,3.05899,1.67751,0.000380683,0.0635385,0.000339191,0.00255915,0.000127197,0.000955488,0.0635385,3.6902,1.38341e-06,4.72232,0.137168
2041.4583,299.994,297.492,4.34074,0.0825296,3.18704,0.00869817,0.00477722,0.00136302,0.00392094,0.000151235,0.000146729,0.000126577,7.17468e-06,0.0120626,0.0251916,0.068927,0.223426,0.0124937,0.000600284,8.74397e-07,1.12218e-06,5.60083e-06,3.06592e-07,4.38521e-05,5.13e-05,7.07806e-07,4.09281e-09,1.94444e-06,3.13384e-06,13.073,47.8735,8.265,0.329118,31.6049,0.127082,10.0073,0.00939319,0.127082,2.8665,0.146655,3.31387,0.00100688,0.0061655,3.15414,0.00508328,0.0153333,0.00302576,0.0059007,3.15414,0.0101784,3.05899,1.67747,0.000362046,0.0635059,0.000338885,0.00255555,0.000127082,0.000955502,0.0635059,3.52308,1.99658e-06,4.80802,0.136475
2041.5417,299.915,298.041,4.3324,0.0921063,1.74254,0.00430988,0.00383395,0.00108612,0.000475935,6.52939e-05,0.000108381,5.46928e-05,3.0471e-06,0.00924083,0.0302024,0.0551779,0.176808,0.00551478,0.000602351,3.74656e-07,1.16746e-06,2.79403e-06,1.9374e-07,3.27117e-05,2.26207e-05,5.6133e-07,2.89133e-09,1.50581e-06,1.341e-06,13.114,47.9002,8.28712,0.319779,31.5967,0.126866,9.99036,0.00883599,0.126866,2.86969,0.147507,3.31382,0.000991054,0.00594023,3.15348,0.00507465,0.0153109,0.00302062,0.00590743,3.15348,0.0102279,3.05899,1.67745,0.00035013,0.0634827,0.00033831,0.00255181,0.000126866,0.000956565,0.0634827,2.19146,1.54212e-06,4.82684,0.135702
2041.6250,292.668,292.887,4.32421,0.144703,1.79435,0.00747626,0.00398327,0.00154742,0.00349299,0.000111497,0.000133464,9.421e-05,4.25046e-06,0.00902279,0.0138682,0.0474032,0.228368,0.0107271,0.00060445,4.28273e-07,1.19952e-06,1.31353e-05,1.2657e-07,5.40936e-05,4.43144e-05,1.65179e-06,2.12613e-09,2.17802e-06,2.68366e-06,13.1632,47.9277,8.30966,0.310172,31.5854,0.126654,9.97368,0.00831996,0.126654,2.8689,0.148366,3.31352,0.0010204,0.00570057,3.15252,0.00506617,0.0152887,0.00301558,0.00590587,3.15252,0.0102773,3.05899,1.67744,0.000337229,0.0634518,0.000337745,0.00254811,0.000126654,0.0009563,0.0634518,2.41822,1.62779e-06,4.85355,0.134974
2041.7083,286.863,287.285,3.5275,0.186757,0.769264,0.00459758,0.00292992,0.00239473,0.00166766,5.87726e-05,7.68314e-05,4.87694e-05,1.46753e-06,0.00670114,0.00943816,0.022334,0.204061,0.00587913,0.00875734,9.62467e-08,1.1937e-06,2.15131e-05,6.56172e-08,1.43053e-05,8.12354e-05,1.84364e-06,1.59998e-09,1.68464e-06,5.24354e-06,13.1828,48.0063,8.31137,0.377378,31.5787,0.104376,9.95702,0.00783422,0.104376,2.86736,0.148126,3.31418,0.00083931,0.00739071,3.15192,0.0041742,0.0152663,0.00248515,0.0059027,3.15192,0.0102665,3.05905,1.67744,0.000427107,0.0634353,0.000278249,0.00254438,0.000104376,0.000955787,0.0634353,1.29599,1.28994e-06,4.87148,0.11221
2041.7917,279.018,280.177,0,0.216169,0,0,0.001115,0.00305615,-0.001115,0,0,0,0,0,0,0,0,0,0.000592857,0,1.14057e-06,1.97207e-07,1.96789e-08,-4.08584e-06,0,1.13498e-08,1.30601e-09,1.82089e-06,0,12.9535,48.126,8.20557,0.684119,31.6206,0,9.9404,0.0073767,0,2.86782,0.142966,3.31922,0.000102559,0.0149088,3.15534,0,0.0152437,0,0.00590362,3.15534,0.00998099,3.05933,1.67747,0.000839756,0.0635548,0,0.00254062,0,0.000955941,0.0635548,0.615189,1.14057e-06,4.74795,0.0073767
2041.8750,274.42,275.258,0,0.249864,0,0,0.000858307,0.0021716,-0.000858307,0,0,0,0,0,0,0,0,0,0.000591867,0,1.08183e-06,3.58297e-06,4.18983e-08,1.1941e-05,0,1.79211e-07,2.28643e-09,1.94861e-06,0,12.9035,48.0118,8.19186,0.585209,31.6514,0,9.9238,0.00694603,0,2.8717,0.142728,3.3193,0.000333663,0.0123898,3.15794,0,0.0152211,0,0.00591151,3.15794,0.00996432,3.05933,1.67753,0.000705717,0.063639,0,0.00253685,0,0.000957233,0.063639,0.528395,1.08183e-06,4.71162,0.00694603
2041.9583,272.745,273.1,0,0.51108,0,0,0.000764166,0.00156104,-0.000764166,0,0,0,0,0,0,0,0,0,0.000590862,0,1.01528e-06,7.57625e-06,1.71003e-07,1.63934e-05,0,3.72786e-07,6.5508e-09,1.63925e-06,0,12.8594,47.9351,8.17796,0.532168,31.6635,0,9.90695,0.006534,0,2.88001,0.142486,3.31923,0.000714257,0.011095,3.15901,0,0.0151979,0,0.0059285,3.15901,0.00994741,3.05933,1.67758,0.000635401,0.0636699,0,0.00253298,0,0.000960004,0.0636699,0.497081,1.01528e-06,4.68144,0.006534
2042.0417,273.951,274.017,0,0.267404,0,0,0.000841301,0.00140702,-0.000841301,0,0,0,0,0,0,0,0,0,0.000589908,0,9.75791e-07,8.91592e-06,3.75601e-07,1.88783e-05,0,4.4125e-07,8.9213e-09,1.59799e-06,0,12.8154,47.8675,8.16475,0.49354,31.6704,0,9.89095,0.00616444,0,2.88817,0.142255,3.31905,0.0010641,0.0101534,3.15963,0,0.0151758,0,0.00594514,3.15963,0.00993134,3.05933,1.67763,0.000583758,0.0636862,0,0.00252929,0,0.000962725,0.0636862,0.926398,9.75791e-07,4.65067,0.00616444
2042.1250,277.947,277.391,0,0.226754,0,0,0.000959386,0.00185841,-0.000959386,0,0,0,0,0,0,0,0,0,0.000588955,0,9.42754e-07,1.78863e-05,6.06053e-07,2.72872e-05,0,1.10735e-06,8.99703e-09,2.27043e-06,0,12.7715,47.8013,8.15157,0.459517,31.6746,0,9.87498,0.00581612,0,2.89561,0.142026,3.31878,0.00141725,0.0093238,3.16006,0,0.0151535,0,0.00596024,3.16006,0.0099153,3.05933,1.67768,0.000537668,0.063695,0,0.00252558,0,0.000965203,0.063695,0.958373,9.42754e-07,4.61994,0.00581612
2042.2083,284.512,283.659,0,0.215204,0,0,0.00117034,0.00216738,-0.00117034,0,0,0,0,0,0,0,0,0,0.000587972,0,9.2322e-07,2.97787e-05,1.00267e-06,4.47037e-05,0,1.99603e-06,1.13839e-08,2.87621e-06,0,12.7201,47.7084,8.13795,0.415604,31.6757,0,9.85849,0.00547645,0,2.89702,0.141788,3.31814,0.00187747,0.00824931,3.16026,0,0.0151304,0,0.00596286,3.16026,0.00989875,3.05933,1.67776,0.000476618,0.0636922,0,0.00252173,0,0.000965674,0.0636922,1.1424,9.2322e-07,4.58219,0.00547645
2042.2917,291.389,290.221,2.36894,0.20255,1.1957,0.00754027,0.00343513,0.0023524,0.00410514,5.97931e-05,0.000145555,5.14135e-05,1.1389e-06,0.0052912,0.02537,0.0414615,0.568613,0.0120627,0.000588985,9.40163e-08,9.27313e-07,3.6977e-05,1.19375e-06,6.33625e-05,5.13634e-05,2.96439e-06,1.30894e-08,3.33461e-06,3.00533e-06,12.7213,47.6619,8.14701,0.378812,31.6681,0.0722662,9.98936,0.00848243,0.0722662,2.89372,0.142168,3.31713,0.00189149,0.00735406,3.15976,0.00289065,0.0153117,0.00172062,0.0059559,3.15976,0.00991795,3.05933,1.67782,0.000426609,0.063665,0.00019271,0.00255195,7.22662e-05,0.000964575,0.063665,2.22248,1.02133e-06,4.57424,0.0807486
2042.3750,296.017,294.568,3.6013,0.176569,2.64851,0.0109736,0.00486946,0.002333,0.00610417,0.000168331,0.000162478,0.000141181,7.57477e-06,0.0106326,0.0142912,0.0625697,0.331061,0.0181691,0.000594688,8.27406e-07,9.96143e-07,2.43408e-05,7.08167e-07,7.30632e-05,7.61374e-05,2.39113e-06,1.63302e-08,3.38236e-06,4.58821e-06,12.8622,47.7523,8.20933,0.350269,31.653,0.107591,10.0449,0.00958301,0.107591,2.88688,0.144013,3.31625,0.00102721,0.00666085,3.1586,0.00430363,0.0153899,0.00256168,0.00594199,3.1586,0.0100252,3.05933,1.67779,0.000388816,0.0636184,0.000286908,0.00256498,0.000107591,0.000962294,0.0636184,3.43432,1.82355e-06,4.65286,0.117174
2042.4583,299.253,297.415,3.59462,0.12725,3.0733,0.0106134,0.00531243,0.00201849,0.00530099,0.000296564,0.000161269,0.000242056,2.12773e-05,0.0198929,0.0164764,0.0744515,0.170108,0.0174634,0.000601127,2.64088e-06,1.08806e-06,8.49474e-06,2.10528e-07,6.77344e-05,7.09487e-05,9.8908e-07,8.18496e-09,2.90078e-06,4.4057e-06,13.0199,47.8628,8.28,0.329277,31.6347,0.107411,10.0282,0.00902353,0.107411,2.87899,0.146087,3.31587,0.000584765,0.00615241,3.15712,0.00429644,0.0153678,0.0025574,0.0059259,3.15712,0.0101499,3.05933,1.67775,0.000361617,0.0635655,0.000286429,0.0025613,0.000107411,0.000959664,0.0635655,3.54512,3.72894e-06,4.73988,0.116435
2042.5417,298.88,297.59,3.58784,0.119053,2.49358,0.0080145,0.00471243,0.00150711,0.00330207,0.00026612,0.000145825,0.000216346,2.01753e-05,0.0221213,0.0198062,0.0698451,0.122925,0.0128368,0.000606048,2.532e-06,1.16725e-06,3.49277e-06,1.4128e-07,4.94989e-05,5.13288e-05,6.04253e-07,4.81844e-09,2.10478e-06,3.20983e-06,13.1236,47.9369,8.33341,0.31606,31.6209,0.107229,10.0112,0.00848826,0.107229,2.87643,0.147673,3.31592,0.000517098,0.00583436,3.15598,0.00428915,0.0153452,0.00255306,0.00592072,3.15598,0.0102474,3.05933,1.67771,0.000344892,0.0635271,0.000285943,0.00255753,0.000107229,0.00095881,0.0635271,3.0512,3.69925e-06,4.79016,0.115717
2042.6250,292.114,292.115,3.58118,0.136371,1.72453,0.00704332,0.00389121,0.00146825,0.00315211,0.000208409,0.000133378,0.000172106,1.26612e-05,0.0176808,0.0146931,0.0444494,0.128106,0.0112846,0.000609891,1.16625e-06,1.20053e-06,6.72086e-06,8.25606e-08,5.16242e-05,4.55473e-05,8.7718e-07,3.17811e-09,2.04389e-06,2.81649e-06,13.2065,47.9955,8.37461,0.306201,31.6082,0.10705,9.99444,0.00799254,0.10705,2.87463,0.148948,3.31589,0.000540527,0.00559484,3.15489,0.00428199,0.0153228,0.0025488,0.00591704,3.15489,0.0103251,3.05933,1.67767,0.000332169,0.063493,0.000285466,0.0025538,0.00010705,0.000958209,0.063493,2.23355,2.36678e-06,4.83191,0.115042
2042.7083,285.914,286.56,2.92602,0.166879,0.773524,0.0043716,0.00276459,0.00208841,0.00160701,9.27115e-05,7.9943e-05,7.23587e-05,2.6876e-06,0.0100524,0.011211,0.0182965,0.125385,0.00649327,0.00750161,1.52519e-07,1.19366e-06,1.05422e-05,6.4563e-08,1.59684e-05,7.44892e-05,1.10193e-06,2.30768e-09,1.53005e-06,4.78644e-06,13.2257,48.0641,8.38389,0.363225,31.601,0.0882199,9.97775,0.00752592,0.0882199,2.87417,0.148931,3.31665,0.00055878,0.00700726,3.15424,0.00352773,0.0153002,0.00210047,0.00591608,3.15424,0.0103276,3.05938,1.67766,0.000408355,0.0634755,0.000235151,0.00255003,8.82199e-05,0.000958057,0.0634755,1.27731,1.34618e-06,4.84177,0.0957458
2042.7917,278.375,279.588,0,0.209493,0,0,0.00104021,0.00284697,-0.00104021,0,0,0,0,0,0,0,0,0,0.000601046,0,1.14316e-06,2.3905e-07,1.83869e-08,-2.29062e-06,0,1.32962e-08,1.72736e-09,1.74437e-06,0,13.0284,48.1589,8.29541,0.617986,31.6373,0,9.96109,0.0070864,0,2.87524,0.144605,3.32097,8.70935e-05,0.0131667,3.15719,0,0.0152775,0,0.0059182,3.15719,0.010088,3.05961,1.67769,0.000750296,0.0635799,0,0.00254625,0,0.000958412,0.0635799,0.632983,1.14316e-06,4.73296,0.0070864
2042.8750,274.433,275.234,0,0.211555,0,0,0.000855461,0.00187583,-0.000855461,0,0,0,0,0,0,0,0,0,0.000600042,0,1.08048e-06,4.25275e-06,2.66629e-08,1.45765e-05,0,2.20287e-07,1.81727e-09,1.76225e-06,0,12.9789,48.0539,8.28155,0.533025,31.6625,0,9.94445,0.00667268,0,2.87953,0.144364,3.32102,0.000391979,0.0110357,3.15931,0,0.0152547,0,0.00592692,3.15931,0.0100711,3.05961,1.67775,0.000635337,0.0636489,0,0.00254245,0,0.000959843,0.0636489,0.453555,1.08048e-06,4.69732,0.00667268
2042.9583,274.058,274.485,0,0.21985,0,0,0.000625061,0.0018274,-0.000625061,0,0,0,0,0,0,0,0,0,0.000599024,0,1.01219e-06,9.54056e-06,8.16419e-08,1.95097e-05,0,6.67033e-07,2.66305e-09,1.98622e-06,0,12.9365,47.9818,8.2675,0.485602,31.6724,0,9.92758,0.00627686,0,2.88727,0.144119,3.32093,0.000802002,0.00988821,3.16018,0,0.0152313,0,0.0059427,3.16018,0.010054,3.05961,1.6778,0.000571488,0.0636743,0,0.00253856,0,0.000962425,0.0636743,0.3491,1.01219e-06,4.66905,0.00627686
2043.0417,275.081,275.617,0,0.164298,0,0,0.00063616,0.00165744,-0.00063616,0,0,0,0,0,0,0,0,0,0.000598056,0,9.55546e-07,1.26415e-05,1.92621e-07,2.49553e-05,0,1.0573e-06,3.00909e-09,1.95862e-06,0,12.8982,47.9128,8.25414,0.443553,31.6785,0,9.91154,0.00592185,0,2.89258,0.143886,3.32072,0.00125181,0.00887681,3.16075,0,0.015209,0,0.00595342,3.16075,0.0100378,3.05961,1.67786,0.000513791,0.0636881,0,0.00253484,0,0.000964193,0.0636881,0.425354,9.55546e-07,4.64401,0.00592185
2043.1250,280.497,280.096,0,0.238256,0,0,0.00106431,0.00191904,-0.00106431,0,0,0,0,0,0,0,0,0,0.00059709,0,9.01014e-07,2.63882e-05,1.11321e-06,3.91389e-05,0,1.633e-06,1.46305e-08,2.46215e-06,0,12.8539,47.8372,8.24081,0.408039,31.6794,0,9.89553,0.00558723,0,2.89587,0.143653,3.32023,0.00168403,0.00802465,3.1609,0,0.0151866,0,0.00595995,3.1609,0.0100216,3.05961,1.67792,0.000465455,0.0636871,0,0.00253111,0,0.000965291,0.0636871,0.623475,9.01014e-07,4.61309,0.00558723
2043.2083,285.557,284.738,1.17899,0.169453,0.737194,0.00365213,0.00193207,0.00182884,0.00172005,2.5782e-05,7.88937e-05,2.23478e-05,2.79213e-07,0.0026303,0.0162641,0.0139583,0.319134,0.00544636,0.00059646,1.50904e-08,8.84042e-07,2.93188e-05,1.9214e-06,4.7059e-05,2.30146e-05,2.83762e-06,1.83812e-08,2.50514e-06,1.34866e-06,12.8169,47.7642,8.23131,0.376697,31.6744,0.0365092,9.9452,0.00677038,0.0365092,2.89624,0.143555,3.31941,0.0020543,0.0072726,3.16057,0.00146037,0.0152552,0.000869268,0.00596043,3.16057,0.010013,3.05961,1.67799,0.000423412,0.0636696,9.7358e-05,0.00254253,3.65092e-05,0.000965412,0.0636696,1.54099,8.99132e-07,4.58554,0.0432796
2043.2917,291,289.982,4.37513,0.190218,2.19025,0.0111459,0.00419449,0.00203421,0.00695142,0.00014282,0.0001591,0.000121811,4.10341e-06,0.00855739,0.0129255,0.041087,0.361814,0.0173275,0.000599704,3.20901e-07,9.30743e-07,2.57763e-05,6.85264e-07,6.14455e-05,7.23893e-05,2.47865e-06,9.30983e-09,2.88812e-06,4.38284e-06,12.9401,47.8506,8.2668,0.352266,31.664,0.127941,10.0945,0.0100696,0.127941,2.89429,0.144923,3.31858,0.00125041,0.0066854,3.15976,0.00511763,0.0154628,0.00304621,0.00595655,3.15976,0.0100923,3.05961,1.67797,0.000391178,0.0636377,0.000341175,0.00257714,0.000127941,0.000964763,0.0636377,3.10261,1.25164e-06,4.67326,0.13801
2043.3750,294.258,293.135,4.4792,0.190801,2.54653,0.0116843,0.00491583,0.00214331,0.00676851,0.000294545,0.000163933,0.000241314,2.00436e-05,0.0175924,0.0125513,0.0564795,0.179344,0.0181242,0.000604997,1.99109e-06,1.01982e-06,1.37525e-05,9.72239e-08,7.10853e-05,7.35115e-05,1.24416e-06,6.018e-09,3.04782e-06,4.5882e-06,13.1345,48.0032,8.32609,0.331579,31.6484,0.130649,10.0829,0.00959746,0.130649,2.88882,0.146969,3.31812,0.00052232,0.00618789,3.15849,0.00522594,0.0154482,0.00311068,0.00594551,3.15849,0.0102162,3.05961,1.67792,0.000364352,0.0635928,0.000348396,0.0025747,0.000130649,0.000962939,0.0635928,3.48273,3.01091e-06,4.8084,0.140246
2043.4583,296.605,295.642,4.47071,0.183127,2.99835,0.0120087,0.00536155,0.00221197,0.00664718,0.000336632,0.000163578,0.000270296,2.92807e-05,0.0196172,0.0129339,0.0679712,0.15698,0.0185766,0.000610556,3.33458e-06,1.11676e-06,1.16461e-05,3.85079e-08,7.83452e-05,7.48417e-05,1.06024e-06,4.71979e-09,3.10753e-06,4.70865e-06,13.3186,48.141,8.38847,0.313906,31.6286,0.13043,10.0661,0.00903714,0.13043,2.87991,0.149012,3.31795,0.000414744,0.00576327,3.15683,0.00521722,0.015426,0.00310549,0.00592733,3.15683,0.0103427,3.05961,1.67787,0.000341736,0.0635387,0.000347814,0.00257101,0.00013043,0.00095997,0.0635387,3.82716,4.45134e-06,4.93015,0.139468
2043.5417,297.341,296.64,4.46209,0.194751,2.26515,0.00997236,0.00525223,0.00220995,0.00472013,0.000216614,0.000148702,0.000175645,1.68182e-05,0.0141188,0.0123617,0.0662138,0.190071,0.0150249,0.000615596,2.05922e-06,1.20476e-06,1.62324e-05,4.87895e-08,8.16746e-05,6.13868e-05,1.47178e-06,3.97602e-09,3.04663e-06,3.79301e-06,13.4704,48.2485,8.44479,0.299609,31.6078,0.130209,10.049,0.00850106,0.130209,2.87073,0.150839,3.31775,0.000557008,0.00542118,3.15502,0.00520836,0.0154033,0.00310022,0.00590851,3.15502,0.0104554,3.05961,1.67783,0.000323723,0.0634842,0.000347224,0.00256722,0.000130209,0.000956909,0.0634842,3.26981,3.26397e-06,5.02559,0.13871
2043.6250,293.393,293.384,4.45363,0.193579,1.60762,0.00770401,0.00435783,0.00196612,0.00334619,0.000106903,0.000132605,8.93121e-05,5.22645e-06,0.00830788,0.0134474,0.0484739,0.259508,0.0112922,0.000619446,5.37986e-07,1.24941e-06,2.23226e-05,8.5435e-08,7.5063e-05,4.6983e-05,1.91993e-06,4.40626e-09,2.67141e-06,2.83047e-06,13.5784,48.3148,8.48734,0.28791,31.5867,0.129992,10.0322,0.0080046,0.129992,2.86176,0.152275,3.3173,0.000843076,0.00514314,3.15315,0.00519966,0.0153808,0.00309504,0.00589006,3.15315,0.0105409,3.05961,1.67781,0.000309245,0.0634312,0.000346644,0.00256347,0.000129992,0.00095392,0.0634312,2.32172,1.7874e-06,5.09102,0.137996
2043.7083,287.359,287.763,3.63209,0.17884,0.976071,0.00488334,0.00311797,0.0024463,0.00176536,5.54577e-05,7.85051e-05,4.61337e-05,1.36102e-06,0.006129,0.0100051,0.023028,0.237152,0.00647552,0.00898734,8.14267e-08,1.23768e-06,1.9564e-05,1.87912e-07,1.53938e-05,8.54275e-05,1.71341e-06,6.20282e-09,1.57891e-06,5.49507e-06,13.595,48.3854,8.49092,0.357351,31.5762,0.107126,10.0155,0.00753727,0.107126,2.85687,0.152072,3.31787,0.000870722,0.00689419,3.15215,0.00428429,0.0153582,0.00255063,0.00587996,3.15215,0.0105318,3.05967,1.67781,0.000402485,0.0634079,0.000285586,0.00255969,0.000107126,0.00095229,0.0634079,1.35305,1.31911e-06,5.10404,0.114664
2043.7917,278.255,279.779,0,0.236265,0,0,0.00108269,0.00294716,-0.00108269,0,0,0,0,0,0,0,0,0,0.000607861,0,1.18062e-06,3.7444e-07,9.14094e-08,-4.44767e-06,0,2.02533e-08,6.1667e-09,1.62071e-06,0,13.3596,48.5088,8.38381,0.672984,31.6195,0,9.99874,0.00709709,0,2.85667,0.146813,3.32305,9.89973e-05,0.0146184,3.15564,0,0.0153354,0,0.00587947,3.15564,0.0102409,3.05996,1.67784,0.000826494,0.0635334,0,0.00255589,0,0.000952223,0.0635334,0.460921,1.18062e-06,4.97583,0.00709709
2043.8750,274.885,275.71,0,0.265906,0,0,0.00101936,0.00249841,-0.00101936,0,0,0,0,0,0,0,0,0,0.000606846,0,1.11274e-06,3.33595e-06,2.0746e-07,1.20849e-05,0,1.4631e-07,1.25838e-08,2.18413e-06,0,13.3087,48.3969,8.36981,0.577171,31.6502,0,9.98204,0.00668275,0,2.86089,0.146568,3.32314,0.000305017,0.0121762,3.1582,0,0.0153124,0,0.00588805,3.1582,0.0102238,3.05996,1.6779,0.000696769,0.0636185,0,0.00255207,0,0.000953631,0.0636185,0.652256,1.11274e-06,4.93887,0.00668275
2043.9583,274.223,274.37,0,0.185462,0,0,0.000960454,0.00164855,-0.000960454,0,0,0,0,0,0,0,0,0,0.000605816,0,1.0543e-06,6.94485e-06,4.70985e-07,1.56362e-05,0,3.42881e-07,1.99135e-08,1.67246e-06,0,13.2575,48.3066,8.3556,0.516246,31.665,0,9.9651,0.00628633,0,2.86779,0.146319,3.32308,0.000689418,0.0106801,3.15949,0,0.015289,0,0.00590208,3.15949,0.0102064,3.05996,1.67795,0.000614524,0.0636574,0,0.00254817,0,0.00095593,0.0636574,0.477108,1.0543e-06,4.90195,0.00628633
2044.0417,275.088,275.341,0,0.339835,0,0,0.000982167,0.00185451,-0.000982167,0,0,0,0,0,0,0,0,0,0.000604837,0,1.00761e-06,1.39509e-05,4.58831e-07,2.40154e-05,0,7.02668e-07,1.24197e-08,2.08441e-06,0,13.2084,48.2255,8.34211,0.469771,31.6735,0,9.94901,0.00593078,0,2.87383,0.146083,3.32286,0.00105835,0.00954502,3.16026,0,0.0152666,0,0.00591431,3.16026,0.01019,3.05996,1.67801,0.000551131,0.0636781,0,0.00254444,0,0.000957942,0.0636781,1.02959,1.00761e-06,4.8663,0.00593078
2044.1250,275.441,274.642,0,0.167483,0,0,0.000905354,0.00139106,-0.000905354,0,0,0,0,0,0,0,0,0,0.00060386,0,9.75271e-07,1.31964e-05,8.95853e-07,2.30173e-05,0,7.32839e-07,1.35668e-08,1.6746e-06,0,13.1619,48.1562,8.32863,0.436461,31.6772,0,9.93294,0.00559566,0,2.88066,0.145847,3.32258,0.00144406,0.00874366,3.16062,0,0.0152441,0,0.00592814,3.16062,0.0101735,3.05996,1.67806,0.000506495,0.0636858,0,0.00254069,0,0.00096022,0.0636858,0.90205,9.75271e-07,4.83328,0.00559566
2044.2083,286.264,284.669,0.113925,0.168408,0.0765504,0.000444568,0.00136571,0.00205743,-0.000921144,2.3417e-06,1.71828e-05,2.01901e-06,2.75752e-08,0.000641231,0.00838811,0.00440595,0.0735908,0.000481791,0.000602859,1.71716e-09,9.5256e-07,2.48207e-05,1.13573e-06,4.25432e-05,2.00333e-06,2.16448e-06,1.12782e-08,2.67687e-06,1.10668e-07,13.1095,48.072,8.3148,0.400932,31.6776,0.00368902,9.92351,0.00543347,0.00368902,2.88396,0.145607,3.32204,0.00188396,0.00788044,3.16073,0.000147561,0.0152307,8.78338e-05,0.00593465,3.16073,0.0101567,3.05996,1.67813,0.000457722,0.0636829,9.83738e-06,0.00253845,3.68902e-06,0.000961322,0.0636829,1.10842,9.54277e-07,4.79473,0.00912249
2044.2917,288.306,287.607,3.79809,0.206589,1.64941,0.0100616,0.0035252,0.00208783,0.00653643,8.14623e-05,0.000156903,7.02811e-05,1.37838e-06,0.00541694,0.0171505,0.0314701,0.508606,0.0140753,0.000603797,8.60725e-08,9.65831e-07,3.32058e-05,8.33049e-07,5.64753e-05,5.86724e-05,2.60145e-06,9.23996e-09,2.90713e-06,3.54762e-06,13.1585,48.0793,8.3241,0.367965,31.6706,0.112064,10.1172,0.00984226,0.112064,2.88217,0.146223,3.32113,0.00164327,0.0070841,3.16025,0.00448258,0.0154993,0.0026682,0.00593089,3.16025,0.0101911,3.05996,1.67816,0.000413214,0.063659,0.000298838,0.00258321,0.000112064,0.000960723,0.063659,2.58497,1.0519e-06,4.83445,0.121907
2044.3750,295.229,293.619,4.74096,0.165312,2.90142,0.0116439,0.00490491,0.00213727,0.00673903,0.000175914,0.000163065,0.000147464,8.05491e-06,0.0104632,0.0141241,0.0578441,0.278474,0.0162634,0.000607385,8.17407e-07,1.03705e-06,1.93664e-05,3.40184e-07,6.59926e-05,6.66885e-05,1.9629e-06,8.17327e-09,3.03907e-06,4.11643e-06,13.3379,48.2165,8.36497,0.343025,31.6576,0.137323,10.1496,0.0103548,0.137323,2.87799,0.147927,3.32047,0.000906674,0.00648179,3.15923,0.00549291,0.0155458,0.00326959,0.00592261,3.15923,0.010293,3.05996,1.67813,0.000380324,0.0636197,0.000366194,0.00259097,0.000137323,0.00095933,0.0636197,3.61601,1.85446e-06,4.97295,0.147678
2044.4583,296.728,295.718,4.73191,0.209482,2.53088,0.0117839,0.00532621,0.002389,0.00645769,0.000205152,0.000162447,0.000168383,1.35388e-05,0.0122253,0.0139595,0.0677584,0.231291,0.0164379,0.000611663,1.54001e-06,1.13488e-06,1.73946e-05,8.34933e-08,8.12589e-05,6.70427e-05,1.42277e-06,5.32443e-09,3.38449e-06,4.1637e-06,13.5257,48.3578,8.41406,0.322507,31.6395,0.137094,10.1327,0.00975027,0.137094,2.87013,0.149786,3.32005,0.000627122,0.00598563,3.15775,0.00548374,0.0155238,0.00326413,0.00590668,3.15775,0.0104067,3.05996,1.67809,0.000353643,0.0635683,0.000365583,0.00258729,0.000137094,0.00095671,0.0635683,3.66236,2.67489e-06,5.11167,0.146844
2044.5417,297.843,296.886,4.72273,0.151875,3.04916,0.0101201,0.00526622,0.00213503,0.00485386,0.000141591,0.000149419,0.00011734,8.02965e-06,0.00923592,0.0121531,0.0673163,0.259071,0.0138265,0.000615684,9.87425e-07,1.22157e-06,1.66977e-05,1.33708e-07,7.67859e-05,5.68205e-05,1.6202e-06,5.00069e-09,2.97415e-06,3.49129e-06,13.6812,48.4633,8.46007,0.30505,31.6175,0.136861,10.1155,0.00917189,0.136861,2.85958,0.151476,3.31963,0.000825109,0.00556595,3.15588,0.00547444,0.0155012,0.00325859,0.00588514,3.15588,0.010509,3.05996,1.67807,0.0003314,0.0635091,0.000364962,0.00258353,0.000136861,0.000953195,0.0635091,3.48407,2.20899e-06,5.22109,0.146033
2044.6250,294.684,294.168,4.71372,0.112942,2.04726,0.0078035,0.00466175,0.00140963,0.00314175,0.000119936,0.000132602,0.000101196,4.75011e-06,0.0093944,0.0138242,0.0508599,0.20087,0.0103196,0.000618644,5.02512e-07,1.27447e-06,3.43449e-06,3.3036e-07,4.95374e-05,4.21991e-05,6.64044e-07,4.59218e-09,1.91078e-06,2.58705e-06,13.7793,48.5324,8.49347,0.294459,31.602,0.136632,10.0986,0.00863624,0.136632,2.85653,0.152711,3.31947,0.00103589,0.00531453,3.15453,0.00546529,0.0154788,0.00325315,0.00587897,3.15453,0.0105828,3.05996,1.67805,0.000318398,0.0634691,0.000364353,0.00257979,0.000136632,0.000952177,0.0634691,2.44931,1.77698e-06,5.28588,0.145269
2044.7083,286.736,287.502,3.84213,0.1913,0.633068,0.00449977,0.00313697,0.00246073,0.0013628,5.10703e-05,7.45266e-05,4.30156e-05,1.27541e-06,0.00601904,0.0106725,0.0237708,0.208551,0.00519259,0.00941333,8.35242e-08,1.2601e-06,2.27491e-05,1.62606e-07,1.22481e-05,8.25978e-05,1.96526e-06,3.10792e-09,1.59084e-06,5.36086e-06,13.7876,48.6079,8.49022,0.368455,31.5963,0.112599,10.0817,0.00813204,0.112599,2.85551,0.152311,3.32026,0.000913567,0.00717854,3.15398,0.00450295,0.0154562,0.00268093,0.00587692,3.15398,0.0105634,3.06002,1.67805,0.000417755,0.0634566,0.000300174,0.00257603,0.000112599,0.000951838,0.0634566,1.18935,1.34362e-06,5.29735,0.120731
2044.7917,283.929,284.435,0,0.206084,0,0,0.00157594,0.00362451,-0.00157594,0,0,0,0,0,0,0,0,0,0.000605461,0,1.19724e-06,4.26067e-07,3.95159e-08,-3.92595e-06,0,2.29183e-08,2.45056e-09,2.17786e-06,0,13.5303,48.7247,8.37429,0.696863,31.6429,0,10.0649,0.00765712,0,2.8547,0.146697,3.32567,0.000109427,0.0152264,3.15776,0,0.0154334,0,0.00587524,3.15776,0.0102527,3.06033,1.67808,0.000859862,0.0635904,0,0.00257224,0,0.000951567,0.0635904,0.495186,1.19724e-06,5.15599,0.00765712
2044.8750,276.21,277.032,0,0.293482,0,0,0.00115954,0.00248948,-0.00115954,0,0,0,0,0,0,0,0,0,0.00060445,0,1.13335e-06,4.041e-06,8.36122e-08,1.28105e-05,0,1.79885e-07,4.46921e-09,2.24076e-06,0,13.4683,48.585,8.36031,0.581716,31.6785,0,10.0481,0.00721009,0,2.85658,0.146452,3.32574,0.000360516,0.0122921,3.16076,0,0.0154106,0,0.00587906,3.16076,0.0102355,3.06033,1.67816,0.000702974,0.0636878,0,0.00256843,0,0.000952195,0.0636878,0.598532,1.13335e-06,5.10796,0.00721009
2044.9583,274.633,275.195,0,0.354663,0,0,0.00102061,0.00198936,-0.00102061,0,0,0,0,0,0,0,0,0,0.000603424,0,1.06916e-06,1.02392e-05,3.48715e-07,2.01129e-05,0,4.99128e-07,1.30725e-08,2.09566e-06,0,13.4131,48.4858,8.34612,0.516887,31.6932,0,10.0311,0.00678239,0,2.86263,0.146204,3.32564,0.000773526,0.0107033,3.16206,0,0.0153872,0,0.0058914,3.16206,0.0102182,3.06033,1.67822,0.000615138,0.0637251,0,0.00256453,0,0.00095421,0.0637251,0.472886,1.06916e-06,5.06696,0.00678239
2045.0417,273.615,274.024,0,0.385744,0,0,0.000834335,0.00171715,-0.000834335,0,0,0,0,0,0,0,0,0,0.000602449,0,1.00902e-06,1.44395e-05,6.69962e-07,2.30403e-05,0,8.10571e-07,1.62583e-08,1.98582e-06,0,13.3674,48.4108,8.33264,0.474155,31.7001,0,10.0149,0.00639878,0,2.86919,0.145967,3.32538,0.00113269,0.00966555,3.16271,0,0.0153648,0,0.00590477,3.16271,0.0102017,3.06033,1.67828,0.000557498,0.0637407,0,0.0025608,0,0.000956398,0.0637407,0.532684,1.00902e-06,5.03472,0.00639878
2045.1250,275.021,275.1,0,0.305126,0,0,0.000973294,0.00165862,-0.000973294,0,0,0,0,0,0,0,0,0,0.000601476,0,9.77798e-07,1.82103e-05,8.84538e-07,2.77062e-05,0,1.04063e-06,1.43362e-08,2.05387e-06,0,13.321,48.3362,8.31918,0.436931,31.7037,0,9.99868,0.00603722,0,2.87455,0.145732,3.32499,0.00148437,0.00876163,3.1631,0,0.0153423,0,0.00591561,3.1631,0.0101852,3.06033,1.67833,0.000506521,0.0637469,0,0.00255706,0,0.000958184,0.0637469,1.21804,9.77798e-07,5.0018,0.00603722
2045.2083,285.09,284.057,0,0.199543,0,0,0.00135944,0.00206059,-0.00135944,0,0,0,0,0,0,0,0,0,0.000600472,0,9.56408e-07,3.05204e-05,1.49678e-06,4.49307e-05,0,2.18526e-06,1.789e-08,2.75182e-06,0,13.2653,48.2459,8.30529,0.401082,31.7027,0,9.98198,0.00568464,0,2.87686,0.145488,3.32433,0.0019126,0.00789316,3.16312,0,0.015319,0,0.00592012,3.16312,0.0101682,3.06033,1.67841,0.000457479,0.063739,0,0.00255317,0,0.000958955,0.063739,1.18058,9.56408e-07,4.95997,0.00568464
2045.2917,291.006,289.867,2.27397,0.185021,1.49221,0.00751274,0.0034006,0.00218204,0.00411214,5.01986e-05,0.000134975,4.32277e-05,8.86839e-07,0.00408895,0.0207459,0.0367792,0.539679,0.0105713,0.000600928,7.02613e-08,9.59963e-07,3.77833e-05,1.31754e-06,6.01409e-05,4.4402e-05,3.34219e-06,1.31751e-08,3.08393e-06,2.64405e-06,13.2564,48.1938,8.30864,0.368926,31.6942,0.0691176,10.1192,0.00883382,0.0691176,2.87432,0.145732,3.32327,0.00198792,0.00711498,3.16252,0.0027647,0.0155092,0.00164566,0.00591473,3.16252,0.0101799,3.06033,1.67847,0.00041419,0.0637101,0.000184314,0.00258486,6.91176e-05,0.000958107,0.0637101,2.36154,1.03022e-06,4.94779,0.0779514
2045.3750,297.796,296.123,3.88381,0.172744,2.73637,0.0112921,0.00533808,0.00239185,0.00595402,0.000126786,0.000163797,0.000106881,5.05783e-06,0.00794366,0.0128009,0.0691248,0.377107,0.0162597,0.000605655,5.98402e-07,1.03079e-06,2.76642e-05,4.96694e-07,7.56579e-05,6.7629e-05,2.79976e-06,8.25585e-09,3.43964e-06,4.10858e-06,13.4024,48.2935,8.36239,0.343435,31.6792,0.115127,10.2051,0.0105896,0.115127,2.86849,0.147382,3.32235,0.00120969,0.00649814,3.16136,0.00460509,0.0156295,0.00274113,0.00590301,3.16136,0.010277,3.06033,1.67845,0.000380577,0.0636646,0.000307006,0.00260492,0.000115127,0.000956162,0.0636646,3.46635,1.62919e-06,5.03998,0.125717
2045.4583,299.494,298.124,3.8767,0.148197,3.1735,0.0111006,0.00554721,0.00222918,0.00555338,0.000164012,0.000161602,0.000136538,8.5822e-06,0.0104888,0.0153331,0.0780718,0.282645,0.015969,0.000611011,1.1172e-06,1.13307e-06,1.73826e-05,2.23291e-07,7.61924e-05,6.58636e-05,1.90388e-06,5.22484e-09,3.16974e-06,4.03531e-06,13.5559,48.3958,8.42356,0.322106,31.6589,0.114939,10.188,0.00997153,0.114939,2.85887,0.149203,3.32172,0.000948689,0.00598308,3.1597,0.00459756,0.0156074,0.00273664,0.00588348,3.1597,0.010386,3.06033,1.67843,0.000352962,0.0636071,0.000306504,0.00260124,0.000114939,0.000952957,0.0636071,3.85255,2.25026e-06,5.1323,0.124911
2045.5417,299.783,298.174,3.86933,0.126601,2.71801,0.00854762,0.00522467,0.00179618,0.00332296,0.000136497,0.000145661,0.00011385,6.91127e-06,0.0108036,0.0202116,0.0717394,0.230764,0.0119086,0.000615427,8.91436e-07,1.2165e-06,1.13652e-05,2.25988e-07,6.25008e-05,4.88954e-05,1.25346e-06,3.78135e-09,2.49693e-06,2.98603e-06,13.6665,48.4708,8.47362,0.307996,31.6422,0.114744,10.1708,0.00938002,0.114744,2.85402,0.150693,3.32147,0.000969594,0.00564429,3.15829,0.00458976,0.0155848,0.002732,0.00587372,3.15829,0.0104752,3.06033,1.6784,0.000335133,0.0635617,0.000305984,0.00259746,0.000114744,0.000951342,0.0635617,3.1657,2.10793e-06,5.19289,0.124124
2045.6250,294.889,294.829,3.8621,0.134925,2.02516,0.00773468,0.00456179,0.00174592,0.00317289,0.000102352,0.000133691,8.63848e-05,3.9974e-06,0.00801457,0.0135825,0.0544851,0.250607,0.0107596,0.000618959,4.56919e-07,1.25977e-06,1.60303e-05,1.90514e-07,6.39655e-05,4.4485e-05,2.07665e-06,2.72369e-09,2.40633e-06,2.69636e-06,13.747,48.5173,8.51328,0.296477,31.625,0.114552,10.1538,0.00883222,0.114552,2.84883,0.151899,3.32106,0.00115039,0.00536697,3.15678,0.00458209,0.0155623,0.00272744,0.00586315,3.15678,0.0105464,3.06033,1.67839,0.000320557,0.0635167,0.000305473,0.00259372,0.000114552,0.000949611,0.0635167,2.51063,1.71669e-06,5.23374,0.123385
2045.7083,287.522,288.13,3.15363,0.190645,0.826572,0.00461978,0.00317594,0.00253559,0.00144385,5.04671e-05,7.69384e-05,4.27739e-05,1.17806e-06,0.00584099,0.00981335,0.0253464,0.227875,0.00576458,0.00799333,7.9631e-08,1.25683e-06,2.42422e-05,1.23528e-07,1.28597e-05,7.53782e-05,2.0313e-06,2.01809e-09,1.67996e-06,4.85575e-06,13.7635,48.5817,8.52086,0.354768,31.617,0.0944029,10.1368,0.00831658,0.0944029,2.84643,0.151762,3.32153,0.00103413,0.00684091,3.15603,0.00377494,0.0155397,0.00224769,0.00585829,3.15603,0.0105411,3.06038,1.67839,0.000399023,0.0634986,0.00025163,0.00258994,9.44029e-05,0.000948812,0.0634986,1.46508,1.33646e-06,5.24262,0.102719
2045.7917,280.351,281.523,0,0.193302,0,0,0.00127117,0.00315,-0.00127117,0,0,0,0,0,0,0,0,0,0.000608979,0,1.20348e-06,1.75514e-06,3.28163e-08,8.14006e-08,0,7.99304e-08,1.76531e-09,2.02262e-06,0,13.5454,48.6661,8.42495,0.612876,31.6618,0,10.1199,0.00783089,0,2.84592,0.147082,3.32595,0.000148923,0.0131733,3.15969,0,0.0155169,0,0.00585723,3.15969,0.0102817,3.06063,1.67842,0.000746789,0.0636269,0,0.00258614,0,0.000948639,0.0636269,0.506166,1.20348e-06,5.12049,0.00783089
2045.8750,274.586,275.519,0,0.254697,0,0,0.00106067,0.00219922,-0.00106067,0,0,0,0,0,0,0,0,0,0.000607962,0,1.13476e-06,6.3875e-06,5.80902e-08,1.7896e-05,0,3.25996e-07,2.60981e-09,2.13787e-06,0,13.4908,48.5547,8.41088,0.526887,31.6867,0,10.103,0.0073737,0,2.85034,0.146836,3.32598,0.00049538,0.0109957,3.16179,0,0.0154939,0,0.0058663,3.16179,0.0102646,3.06063,1.67848,0.000629667,0.0636947,0,0.00258232,0,0.000950113,0.0636947,0.547955,1.13476e-06,5.07988,0.0073737
2045.9583,273.889,274.48,0,0.267964,0,0,0.00101689,0.00178113,-0.00101689,0,0,0,0,0,0,0,0,0,0.00060693,0,1.07445e-06,1.26474e-05,2.6393e-07,2.29959e-05,0,6.47696e-07,7.646e-09,1.96071e-06,0,13.4371,48.4607,8.39661,0.470026,31.6976,0,10.0858,0.0069363,0,2.85593,0.146587,3.3258,0.000974734,0.0095977,3.16276,0,0.0154704,0,0.00587773,3.16276,0.0102471,3.06063,1.67855,0.000551964,0.0637222,0,0.00257841,0,0.000951978,0.0637222,0.780828,1.07445e-06,5.0405,0.0069363
2046.0417,276.984,276.852,0,0.25769,0,0,0.00111141,0.00182411,-0.00111141,0,0,0,0,0,0,0,0,0,0.00060595,0,1.03083e-06,1.84054e-05,6.78543e-07,3.02119e-05,0,9.97824e-07,1.34662e-08,2.19298e-06,0,13.3867,48.3814,8.38305,0.431156,31.702,0,10.0696,0.00654399,0,2.86158,0.14635,3.32545,0.00136973,0.00865019,3.16319,0,0.015448,0,0.00588921,3.16319,0.0102306,3.06063,1.67861,0.000499098,0.0637316,0,0.00257467,0,0.00095386,0.0637316,0.736457,1.03083e-06,5.00361,0.00654399
2046.1250,277.984,277.844,0,0.233424,0,0,0.00106887,0.0016299,-0.00106887,0,0,0,0,0,0,0,0,0,0.000604971,0,9.9325e-07,2.21743e-05,1.91249e-06,3.52445e-05,0,1.52139e-06,2.6962e-08,2.11137e-06,0,13.3351,48.2997,8.36951,0.397491,31.702,0,10.0533,0.00617422,0,2.86515,0.146114,3.32491,0.00181728,0.00783122,3.16325,0,0.0154254,0,0.00589638,3.16325,0.0102141,3.06063,1.67867,0.000453318,0.0637281,0,0.00257091,0,0.00095505,0.0637281,1.00135,9.9325e-07,4.96557,0.00617422
2046.2083,288.273,287.104,0.902407,0.158955,0.650584,0.00285711,0.00220403,0.00194004,0.000653086,1.89065e-05,6.47782e-05,1.63746e-05,2.16336e-07,0.00224858,0.0192971,0.0161211,0.278522,0.00408385,0.000604265,1.437e-08,9.71605e-07,3.07472e-05,1.83694e-06,5.10255e-05,1.72894e-05,3.21994e-06,1.50161e-08,2.66496e-06,1.00509e-06,13.284,48.2159,8.35905,0.368992,31.6966,0.0281621,10.1016,0.00729866,0.0281621,2.86636,0.145957,3.32411,0.00224456,0.0071353,3.16287,0.00112649,0.0154922,0.000670527,0.00589866,3.16287,0.010202,3.06063,1.67873,0.000414813,0.0637098,7.5099e-05,0.00258204,2.81621e-05,0.000955453,0.0637098,1.56962,9.85974e-07,4.92495,0.0354608
2046.2917,290.645,289.634,3.72206,0.18382,2.31119,0.0104866,0.00442529,0.00198139,0.00606128,0.000114774,0.000158449,9.83776e-05,2.70373e-06,0.00744541,0.0147678,0.0403491,0.422573,0.0163783,0.000608291,2.15696e-07,1.01177e-06,3.08793e-05,7.50627e-07,6.10611e-05,6.88455e-05,2.82122e-06,8.20349e-09,2.82031e-06,4.13374e-06,13.3733,48.2688,8.40332,0.345315,31.6855,0.110791,10.2757,0.0111305,0.110791,2.86462,0.147169,3.32313,0.00149861,0.00655937,3.16201,0.00443165,0.0157346,0.00263789,0.0058953,3.16201,0.0102714,3.06063,1.67873,0.00038349,0.0636764,0.000295444,0.00262243,0.000110791,0.000954875,0.0636764,3.10552,1.22746e-06,4.97,0.121922
2046.3750,295.612,294.312,3.83998,0.15207,2.81958,0.0113904,0.00525982,0.00199678,0.0061306,0.000251949,0.000163131,0.000208892,1.42602e-05,0.015319,0.0139936,0.0617777,0.215006,0.0178591,0.000614771,1.47745e-06,1.09735e-06,1.51596e-05,2.13038e-07,6.66569e-05,7.31227e-05,1.76869e-06,5.83172e-09,2.8419e-06,4.51853e-06,13.531,48.3869,8.47597,0.325875,31.67,0.113966,10.2663,0.0106505,0.113966,2.86005,0.149095,3.32255,0.000740111,0.00608629,3.16074,0.00455862,0.0157233,0.00271347,0.00588626,3.16074,0.0103862,3.06063,1.67868,0.000358145,0.0636321,0.000303908,0.00262056,0.000113966,0.000953352,0.0636321,3.54004,2.5748e-06,5.055,0.124616
2046.4583,299.978,298.036,3.83281,0.138985,3.17585,0.01018,0.00572029,0.00194131,0.00445967,0.000284689,0.000160393,0.000231122,2.18766e-05,0.0198844,0.0174536,0.0767319,0.154724,0.0156363,0.000621068,2.77938e-06,1.1858e-06,7.61465e-06,9.07568e-08,6.70629e-05,6.3018e-05,8.9814e-07,3.90861e-09,2.71392e-06,3.93932e-06,13.6753,48.4931,8.54652,0.310513,31.6528,0.113775,10.2492,0.0100287,0.113775,2.85449,0.150957,3.32237,0.000531647,0.00571337,3.15929,0.00455101,0.0157011,0.00270894,0.00587508,3.15929,0.0105004,3.06063,1.67864,0.000338407,0.0635851,0.000303401,0.00261685,0.000113775,0.000951497,0.0635851,3.72933,3.96518e-06,5.12877,0.123804
2046.5417,298.389,297.481,3.82554,0.182039,2.41838,0.00932022,0.00539598,0.00209082,0.00392424,0.000204973,0.000148545,0.000167091,1.49028e-05,0.0144307,0.0146272,0.0698028,0.196237,0.0141927,0.0006264,1.90328e-06,1.2689e-06,1.64742e-05,5.49099e-08,7.64679e-05,5.80433e-05,1.39762e-06,2.68572e-09,2.88503e-06,3.5734e-06,13.781,48.5631,8.60587,0.298035,31.6354,0.113582,10.2318,0.00943385,0.113582,2.84864,0.152568,3.32225,0.000618134,0.00541064,3.15779,0.00454329,0.0156783,0.00270434,0.00586322,3.15779,0.010599,3.06063,1.6786,0.00032248,0.0635393,0.000302886,0.00261305,0.000113582,0.000949546,0.0635393,3.31166,3.17218e-06,5.17514,0.123016
2046.6250,292.917,292.993,3.8184,0.17637,1.72558,0.00750063,0.00428709,0.0018707,0.00321354,0.000108649,0.000133421,9.10891e-05,4.94055e-06,0.00869787,0.014094,0.0477503,0.251803,0.0112551,0.000630746,4.93791e-07,1.30417e-06,2.11364e-05,5.71488e-08,7.14583e-05,4.68625e-05,1.93786e-06,2.22157e-09,2.55662e-06,2.8185e-06,13.8733,48.6156,8.65386,0.286525,31.6149,0.113393,10.2147,0.0088829,0.113393,2.84084,0.153949,3.32177,0.000869779,0.00513382,3.15597,0.0045357,0.0156557,0.00269982,0.00584728,3.15597,0.0106806,3.06063,1.67859,0.000308126,0.0634874,0.00030238,0.00260928,0.000113393,0.000946946,0.0634874,2.2533,1.79796e-06,5.21945,0.122275
2046.7083,287.768,288.336,3.11823,0.183798,1.00885,0.00483659,0.00320555,0.00248102,0.00163104,6.12657e-05,8.03873e-05,5.09471e-05,1.70748e-06,0.00668194,0.00999519,0.0263081,0.218071,0.00662927,0.00793089,1.17463e-07,1.29165e-06,1.98078e-05,7.96784e-08,1.74577e-05,7.86117e-05,1.72233e-06,2.27084e-09,1.66162e-06,5.03873e-06,13.8909,48.6777,8.66554,0.344962,31.6047,0.0934471,10.1976,0.0083643,0.0934471,2.83711,0.153908,3.32222,0.000863378,0.00660742,3.155,0.00373697,0.0156329,0.00222493,0.00583967,3.155,0.0106805,3.06068,1.67858,0.00038655,0.0634647,0.000249095,0.00260549,9.34471e-05,0.000945704,0.0634647,1.56486,1.40912e-06,5.22541,0.101811
2046.7917,281.205,282.321,0,0.198515,0,0,0.00130631,0.00318595,-0.00130631,0,0,0,0,0,0,0,0,0,0.000621512,0,1.23796e-06,1.28848e-06,5.11999e-08,1.6542e-07,0,6.11825e-08,3.20556e-09,1.9904e-06,0,13.6771,48.7643,8.57276,0.603031,31.6477,0,10.1806,0.00787582,0,2.83648,0.149325,3.3267,0.000133692,0.0129169,3.15848,0,0.01561,0,0.00583838,3.15848,0.0104266,3.06093,1.67861,0.000732886,0.0635889,0,0.00260166,0,0.000945495,0.0635889,0.567269,1.23796e-06,5.10435,0.00787582
2046.8750,271.159,272.432,0,0.159636,0,0,0.000838651,0.00120858,-0.000838651,0,0,0,0,0,0,0,0,0,0.000620474,0,1.17194e-06,2.6128e-06,1.13178e-07,9.68926e-06,0,1.2998e-07,4.8601e-09,1.078e-06,0,13.6255,48.6703,8.55844,0.531781,31.6694,0,10.1636,0.00741601,0,2.84355,0.149076,3.32677,0.000427975,0.011125,3.16029,0,0.0155869,0,0.0058529,3.16029,0.0104092,3.06093,1.67866,0.000638412,0.0636493,0,0.00259782,0,0.000947851,0.0636493,0.576992,1.17194e-06,5.06709,0.00741601
2046.9583,273.069,273.313,0,0.830507,0,0,0.000917713,0.00130294,-0.000917713,0,0,0,0,0,0,0,0,0,0.000619421,0,1.09968e-06,5.57181e-06,1.5704e-07,1.27069e-05,0,3.09136e-07,4.37083e-09,1.31706e-06,0,13.5764,48.6058,8.54392,0.49626,31.6784,0,10.1464,0.0069761,0,2.85465,0.148823,3.32675,0.000746319,0.0102494,3.16106,0,0.0155633,0,0.00587567,3.16106,0.0103916,3.06093,1.6787,0.000591179,0.0636736,0,0.00259388,0,0.000951551,0.0636736,0.360627,1.09968e-06,5.03249,0.0069761
2047.0417,276.355,276.162,0,0.286332,0,0,0.00104614,0.0019183,-0.00104614,0,0,0,0,0,0,0,0,0,0.000618421,0,1.04481e-06,1.28796e-05,3.03112e-07,2.44809e-05,0,7.64165e-07,5.62529e-09,2.13317e-06,0,13.5277,48.5314,8.53012,0.45507,31.6865,0,10.13,0.00658154,0,2.8622,0.148582,3.3266,0.00112343,0.00923124,3.16177,0,0.0155407,0,0.00589108,3.16177,0.0103748,3.06093,1.67875,0.000534268,0.0636941,0,0.00259012,0,0.000954067,0.0636941,0.839999,1.04481e-06,4.99756,0.00658154
2047.1250,283.524,282.475,0,0.172664,0,0,0.00129322,0.00201008,-0.00129322,0,0,0,0,0,0,0,0,0,0.000617422,0,1.0038e-06,2.05081e-05,7.72007e-07,3.55951e-05,0,1.71146e-06,8.15138e-09,2.45735e-06,0,13.474,48.4435,8.51634,0.412711,31.6907,0,10.1136,0.00620965,0,2.86613,0.148342,3.32624,0.00162392,0.00819891,3.16218,0,0.015518,0,0.00589898,3.16218,0.010358,3.06093,1.67881,0.000475739,0.0637027,0,0.00258634,0,0.000955376,0.0637027,0.868635,1.0038e-06,4.9577,0.00620965
2047.2083,291.652,290.301,1.67526,0.137891,1.11899,0.00424623,0.00269711,0.00216979,0.00154912,2.8902e-05,8.89574e-05,2.49727e-05,4.17805e-07,0.00297434,0.0190061,0.0257872,0.34648,0.00586631,0.00061688,3.15146e-08,9.84552e-07,2.81479e-05,9.44705e-07,5.31192e-05,2.46793e-05,3.06939e-06,6.46922e-09,2.90109e-06,1.45283e-06,13.4273,48.3524,8.50786,0.372655,31.6874,0.0508125,10.2038,0.00828428,0.0508125,2.86507,0.148266,3.32551,0.00212731,0.00722386,3.162,0.0020325,0.015643,0.00120982,0.00589662,3.162,0.0103507,3.06093,1.67888,0.000420817,0.0636895,0.0001355,0.00260716,5.08125e-05,0.000955025,0.0636895,1.90464,1.01607e-06,4.91942,0.0590968
2047.2917,290.737,290.011,4.79299,0.150992,2.65689,0.0116352,0.00451192,0.00187214,0.00712332,0.000142897,0.000159356,0.00012225,3.68572e-06,0.00831201,0.0130271,0.0417531,0.364264,0.0172847,0.000620563,2.84301e-07,1.03596e-06,2.0784e-05,4.66292e-07,5.53631e-05,7.19769e-05,2.33368e-06,4.79875e-09,2.63055e-06,4.38018e-06,13.5514,48.4384,8.54895,0.345967,31.6776,0.138629,10.3721,0.0119185,0.138629,2.86347,0.149654,3.32474,0.00137688,0.0065769,3.16124,0.00554518,0.0158776,0.0033007,0.00589365,3.16124,0.0104316,3.06093,1.67887,0.000385292,0.0636595,0.000369678,0.00264627,0.000138629,0.00095449,0.0636595,3.13317,1.32026e-06,5.00243,0.150548
2047.3750,294.896,293.664,4.83887,0.149434,3.00437,0.0120219,0.00532645,0.00191708,0.0066955,0.000316625,0.000164368,0.000260472,2.0371e-05,0.0184365,0.0120115,0.0586509,0.162277,0.0178205,0.000626187,2.09707e-06,1.11953e-06,1.03078e-05,1.05084e-07,6.18818e-05,7.17307e-05,1.1029e-06,3.40872e-09,2.71192e-06,4.5172e-06,13.742,48.5953,8.61285,0.327106,31.6648,0.139796,10.3577,0.0112869,0.139796,2.86139,0.151636,3.32442,0.00057614,0.00611845,3.1602,0.00559186,0.0158597,0.00332849,0.00588982,3.1602,0.0105523,3.06093,1.67881,0.00036057,0.0636226,0.000372791,0.00264328,0.000139796,0.000953798,0.0636226,3.68688,3.21659e-06,5.12918,0.151083
2047.4583,301.71,298.655,4.82961,0.0625504,2.81974,0.00708382,0.00515501,0.00107694,0.00192881,0.000291103,0.000124523,0.000233854,2.54701e-05,0.0247974,0.0249189,0.060583,0.0736678,0.00978262,0.000630929,3.01644e-06,1.20817e-06,3.31339e-07,5.19535e-08,3.35544e-05,3.76184e-05,6.76569e-08,2.69216e-09,1.48063e-06,2.44716e-06,13.8726,48.7004,8.66638,0.313987,31.6528,0.139563,10.3404,0.010628,0.139563,2.86109,0.153225,3.32448,0.000362932,0.00580425,3.1592,0.00558252,0.0158375,0.00332293,0.00588955,3.1592,0.0106529,3.06094,1.67876,0.00034398,0.0635889,0.000372168,0.00263958,0.000139563,0.000953696,0.0635889,2.96705,4.22461e-06,5.20622,0.150191
2047.5417,298.345,297.458,4.82022,0.145994,2.31427,0.00872342,0.00525261,0.0017394,0.00347081,0.00019792,0.000140618,0.000160902,1.49224e-05,0.0148936,0.0162211,0.065555,0.153909,0.0123239,0.000633293,1.84723e-06,1.24233e-06,1.04048e-05,4.5016e-08,5.95367e-05,4.99056e-05,1.28014e-06,2.06943e-09,2.41937e-06,3.09895e-06,13.9015,48.7137,8.69199,0.304983,31.6435,0.139326,10.3229,0.00999753,0.139326,2.86376,0.154059,3.3245,0.000548883,0.00558174,3.15841,0.00557305,0.0158147,0.00331729,0.00589533,3.15841,0.0107036,3.06094,1.67874,0.000332246,0.0635638,0.000371536,0.00263578,0.000139326,0.000954587,0.0635638,3.01321,3.08956e-06,5.20955,0.149324
2047.6250,292.006,292.282,4.811,0.127765,2.09774,0.00794763,0.00438594,0.00135912,0.00356169,0.000183639,0.000133928,0.000152661,9.96991e-06,0.0140583,0.0133004,0.0452557,0.143469,0.011251,0.000637057,9.48887e-07,1.288e-06,6.02556e-06,5.71385e-08,4.72488e-05,4.5517e-05,7.89416e-07,1.72188e-09,1.85105e-06,2.82414e-06,13.9991,48.7848,8.73405,0.295565,31.6291,0.139094,10.3056,0.00941367,0.139094,2.86101,0.155364,3.3244,0.000625783,0.00535158,3.15717,0.00556374,0.0157921,0.00331175,0.00588984,3.15717,0.0107828,3.06094,1.67871,0.000319913,0.0635261,0.000370916,0.00263201,0.000139094,0.000953669,0.0635261,2.51056,2.23689e-06,5.26509,0.148507
2047.7083,286.828,287.544,3.92038,0.113464,1.12579,0.0050348,0.00326013,0.00177383,0.00177467,9.8769e-05,7.84777e-05,7.60163e-05,3.31306e-06,0.0093612,0.00903586,0.0210443,0.110684,0.00642865,0.00959087,2.14494e-07,1.28029e-06,4.31059e-06,4.65451e-08,8.23302e-06,8.8536e-05,6.00817e-07,1.47054e-09,1.16826e-06,5.74903e-06,14.0158,48.879,8.73844,0.376694,31.6239,0.114627,10.2884,0.00886408,0.114627,2.86265,0.155051,3.32551,0.00053291,0.00735473,3.15668,0.00458425,0.0157693,0.00272922,0.00589334,3.15668,0.0107696,3.061,1.67869,0.000428247,0.0635143,0.000305584,0.00262821,0.000114627,0.000954216,0.0635143,1.34833,1.49479e-06,5.27734,0.123491
2047.7917,282.1,282.982,0,0.210361,0,0,0.00138033,0.0031731,-0.00138033,0,0,0,0,0,0,0,0,0,0.000624669,0,1.22175e-06,3.40896e-10,1.16731e-08,-5.14009e-06,0,1.63853e-11,1.17389e-09,1.77861e-06,0,13.7613,49.0267,8.62414,0.73875,31.6618,0,10.2712,0.00834641,0,2.8649,0.149397,3.33122,6.75233e-05,0.0161193,3.15974,0,0.0157463,0,0.00589804,3.15974,0.0104571,3.06131,1.67871,0.000913488,0.0636238,0,0.00262438,0,0.000954967,0.0636238,0.594055,1.22175e-06,5.13718,0.00834641
2047.8750,275.039,275.59,0,0.252729,0,0,0.00105915,0.00247012,-0.00105915,0,0,0,0,0,0,0,0,0,0.000623626,0,1.15566e-06,1.16772e-06,1.1111e-08,3.87842e-06,0,4.9727e-08,9.97559e-10,1.95565e-06,0,13.7064,48.9085,8.60974,0.636126,31.6967,0,10.2541,0.00785913,0,2.86936,0.149147,3.33134,0.000149915,0.013494,3.16264,0,0.0157231,0,0.00590722,3.16264,0.0104397,3.06131,1.67877,0.000774695,0.0637213,0,0.00262052,0,0.000956453,0.0637213,0.531967,1.15566e-06,5.09662,0.00785913
2047.9583,274.203,274.674,0,0.255813,0,0,0.00099877,0.00200843,-0.00099877,0,0,0,0,0,0,0,0,0,0.000622568,0,1.0916e-06,5.86699e-06,8.03161e-08,1.34685e-05,0,2.72657e-07,5.20222e-09,1.95086e-06,0,13.6528,48.8085,8.59513,0.562444,31.7169,0,10.2367,0.00739293,0,2.87633,0.148894,3.33136,0.000455517,0.0116979,3.1644,0,0.0156995,0,0.00592153,3.1644,0.010422,3.06131,1.67883,0.000675488,0.0637741,0,0.00261658,0,0.000958777,0.0637741,0.745164,1.0916e-06,5.05768,0.00739293
2048.0417,274.991,274.885,0,0.215376,0,0,0.000975743,0.00175344,-0.000975743,0,0,0,0,0,0,0,0,0,0.000621562,0,1.04038e-06,1.01799e-05,2.60087e-07,1.82712e-05,0,4.99897e-07,1.07013e-08,1.90398e-06,0,13.6037,48.7285,8.58124,0.513464,31.7275,0,10.2202,0.00697479,0,2.88387,0.148654,3.33125,0.000784499,0.0105222,3.16535,0,0.0156768,0,0.00593695,3.16535,0.0104051,3.06131,1.67888,0.000609596,0.0638001,0,0.0026128,0,0.000961291,0.0638001,0.792917,1.04038e-06,5.0225,0.00697479
2048.1250,280.418,279.764,0,0.246218,0,0,0.00117913,0.0021749,-0.00117913,0,0,0,0,0,0,0,0,0,0.000620559,0,1.01086e-06,1.89842e-05,6.12227e-07,3.00902e-05,0,1.01974e-06,1.75381e-08,2.59619e-06,0,13.5516,48.6384,8.56738,0.464029,31.7345,0,10.2037,0.00658068,0,2.88824,0.148414,3.33092,0.00118113,0.00933559,3.16605,0,0.0156541,0,0.00594579,3.16605,0.0103883,3.06131,1.67895,0.000541759,0.0638148,0,0.00260901,0,0.000962746,0.0638148,1.12433,1.01086e-06,4.9842,0.00658068
2048.2083,285.128,284.393,0.154352,0.179949,0.134427,0.000638587,0.00143382,0.00214296,-0.000795233,3.52132e-06,2.07257e-05,3.02581e-06,5.7727e-08,0.00079215,0.0100921,0.00625234,0.0927362,0.000750381,0.000619536,4.24783e-09,9.87314e-07,2.74257e-05,1.00296e-06,4.17235e-05,3.15165e-06,2.07135e-06,1.7203e-08,2.79661e-06,1.76748e-07,13.4951,48.5387,8.55324,0.418076,31.736,0.00497838,10.1975,0.00644644,0.00497838,2.88953,0.148171,3.3303,0.00163673,0.0082434,3.1663,0.000199135,0.0156455,0.000118533,0.00594823,3.1663,0.0103712,3.06131,1.67903,0.000478936,0.0638124,1.32757e-05,0.00260758,4.97838e-06,0.000963178,0.0638124,1.23041,9.91562e-07,4.9419,0.0114248
2048.2917,289.907,289.013,3.77043,0.182327,2.06272,0.0104054,0.00402433,0.00216598,0.00638109,0.000111816,0.000157615,9.56677e-05,2.84515e-06,0.007186,0.0149616,0.0372426,0.429595,0.0153785,0.000621486,2.06426e-07,1.0063e-06,2.68435e-05,6.13976e-07,5.57057e-05,6.42706e-05,2.18082e-06,1.03817e-08,3.03091e-06,3.8805e-06,13.5468,48.5454,8.57393,0.381704,31.7294,0.111484,10.4132,0.0112985,0.111484,2.88757,0.148922,3.32945,0.00131274,0.00737964,3.16589,0.00445937,0.015945,0.00265439,0.00594425,3.16589,0.0104135,3.06131,1.67906,0.000430065,0.0637877,0.000297291,0.0026575,0.000111484,0.000962523,0.0637877,2.76243,1.21272e-06,4.97287,0.122783
2048.3750,295.207,293.934,4.58343,0.192277,2.23535,0.0118918,0.00539651,0.0023465,0.00649531,0.000266046,0.000163978,0.000218456,1.751e-05,0.0157991,0.0126018,0.0595603,0.190317,0.0176154,0.000627039,1.81748e-06,1.07076e-06,1.51249e-05,1.41016e-07,7.03049e-05,7.16029e-05,1.4295e-06,7.03205e-09,3.36403e-06,4.46179e-06,13.7254,48.6803,8.63686,0.354639,31.7166,0.133317,10.4439,0.0116981,0.133317,2.88357,0.150826,3.32899,0.000562534,0.00673439,3.16493,0.00533267,0.0159896,0.00317421,0.00593646,3.16493,0.0105284,3.06131,1.67902,0.00039446,0.0637475,0.000355511,0.00266494,0.000133317,0.000961191,0.0637475,3.14181,2.88824e-06,5.08859,0.145015
2048.4583,299.227,298.06,4.57471,0.173584,2.79324,0.0121393,0.0060352,0.00242716,0.00610412,0.000283567,0.000163015,0.000228015,2.42492e-05,0.0165368,0.0130134,0.0778892,0.180075,0.0178583,0.000632846,3.16317e-06,1.15115e-06,1.49022e-05,5.54388e-08,8.02221e-05,7.24052e-05,1.53111e-06,4.81454e-09,3.45887e-06,4.52748e-06,13.8901,48.7931,8.70277,0.331132,31.6975,0.133094,10.4265,0.0110151,0.133094,2.8744,0.152763,3.32874,0.000491635,0.00617255,3.16339,0.00532377,0.0159673,0.00316891,0.00591794,3.16339,0.0106475,3.06131,1.67899,0.000363921,0.0636915,0.000354918,0.00266122,0.000133094,0.000958134,0.0636915,3.61777,4.31432e-06,5.1873,0.144109
2048.5417,297.618,297.007,4.56587,0.188914,2.44489,0.0100125,0.00550478,0.00233527,0.00450768,0.000175979,0.000148371,0.000143587,1.25984e-05,0.0115412,0.0133413,0.0678684,0.223615,0.0144218,0.000638266,1.57407e-06,1.23448e-06,1.92987e-05,4.6651e-08,8.26209e-05,5.92537e-05,1.74728e-06,3.38364e-09,3.27408e-06,3.64081e-06,14.0376,48.8904,8.76412,0.312551,31.6759,0.132868,10.4088,0.0103617,0.132868,2.86437,0.154574,3.32843,0.000645841,0.00572958,3.16158,0.00531473,0.0159445,0.00316353,0.00589755,3.16158,0.0107582,3.06131,1.67896,0.000340219,0.0636323,0.000354315,0.00265741,0.000132868,0.000954791,0.0636323,3.23858,2.80856e-06,5.27344,0.14323
2048.6250,293.968,293.838,4.55719,0.19401,1.65016,0.00783064,0.00464514,0.00205752,0.0031855,9.24753e-05,0.000132683,7.75647e-05,4.15782e-06,0.00724318,0.0147362,0.0502899,0.286866,0.0109804,0.00064216,4.32885e-07,1.26917e-06,2.46609e-05,6.9274e-08,7.5697e-05,4.57176e-05,2.15966e-06,3.07363e-09,2.83397e-06,2.75341e-06,14.1341,48.9432,8.80761,0.29834,31.655,0.132646,10.3914,0.00975657,0.132646,2.85583,0.155917,3.32789,0.000928376,0.0053924,3.15977,0.00530586,0.0159218,0.00315825,0.00588015,3.15977,0.0108375,3.06131,1.67896,0.000322447,0.0635775,0.000353724,0.00265363,0.000132646,0.000951943,0.0635775,2.24364,1.70206e-06,5.32647,0.142403
2048.7083,286.888,287.645,3.71575,0.19262,0.872856,0.00484769,0.00318656,0.0025472,0.00166114,5.06395e-05,7.66834e-05,4.22728e-05,1.29004e-06,0.00563229,0.00952796,0.0239132,0.2451,0.00608903,0.00918104,8.81502e-08,1.262e-06,2.09909e-05,1.2538e-07,1.46729e-05,8.49449e-05,1.74308e-06,3.75016e-09,1.68601e-06,5.47829e-06,14.1459,49.0093,8.81269,0.367353,31.6448,0.109314,10.3741,0.00918696,0.109314,2.85125,0.155667,3.32842,0.000922445,0.0071389,3.15882,0.00437143,0.0158989,0.00260272,0.00587084,3.15882,0.0108259,3.06137,1.67896,0.000415406,0.0635537,0.000291406,0.00264981,0.000109314,0.000950415,0.0635537,1.47854,1.35015e-06,5.33318,0.118501
2048.7917,280.386,281.584,0,0.197794,0,0,0.00127168,0.0032239,-0.00127168,0,0,0,0,0,0,0,0,0,0.000630313,0,1.20331e-06,5.82104e-07,8.49294e-08,-4.12509e-06,0,2.87097e-08,5.14508e-09,1.87549e-06,0,13.9001,49.1276,8.70208,0.685726,31.6903,0,10.3568,0.00865044,0,2.85146,0.150253,3.3337,0.000110193,0.0149459,3.16252,0,0.0158758,0,0.00587135,3.16252,0.010526,3.06166,1.67899,0.000844021,0.0636846,0,0.00264597,0,0.000950487,0.0636846,0.410489,1.20331e-06,5.19801,0.00865044
2048.8750,274.936,275.98,0,0.257971,0,0,0.00104494,0.00254337,-0.00104494,0,0,0,0,0,0,0,0,0,0.00062926,0,1.12798e-06,3.68776e-06,1.27611e-07,1.2326e-05,0,1.73582e-07,6.91837e-09,2.28239e-06,0,13.8456,49.0078,8.68755,0.584104,31.7225,0,10.3395,0.00814541,0,2.85564,0.150002,3.33378,0.000325055,0.0123525,3.16522,0,0.0158526,0,0.00587998,3.16522,0.0105085,3.06166,1.67906,0.000705784,0.063773,0,0.00264209,0,0.000951879,0.063773,0.441949,1.12798e-06,5.15805,0.00814541
2048.9583,274.749,274.936,0,0.269621,0,0,0.00105635,0.00197128,-0.00105635,0,0,0,0,0,0,0,0,0,0.000628192,0,1.06809e-06,9.5908e-06,4.38553e-07,1.93184e-05,0,4.47625e-07,1.6991e-08,2.06319e-06,0,13.7917,48.9074,8.67281,0.515604,31.7384,0,10.3219,0.00766223,0,2.86162,0.149747,3.33369,0.000752384,0.0106687,3.16663,0,0.0158288,0,0.00589227,3.16663,0.0104906,3.06166,1.67912,0.00061247,0.0638137,0,0.00263813,0,0.000953875,0.0638137,0.721472,1.06809e-06,5.11888,0.00766223
2049.0417,277.798,277.842,0,0.257675,0,0,0.00113278,0.00201844,-0.00113278,0,0,0,0,0,0,0,0,0,0.000627177,0,1.02352e-06,1.68622e-05,6.01644e-07,2.76185e-05,0,9.48943e-07,1.58872e-08,2.33684e-06,0,13.7391,48.8191,8.6588,0.466586,31.7464,0,10.3052,0.00722886,0,2.86702,0.149505,3.3334,0.00114708,0.00947289,3.16738,0,0.015806,0,0.00590329,3.16738,0.0104737,3.06166,1.67918,0.000545558,0.0638317,0,0.00263434,0,0.000955673,0.0638317,0.797317,1.02352e-06,5.08033,0.00722886
2049.1250,278.35,278.243,0,0.22367,0,0,0.00107118,0.00180289,-0.00107118,0,0,0,0,0,0,0,0,0,0.000626164,0,9.90173e-07,2.17201e-05,8.87816e-07,3.25768e-05,0,1.32348e-06,1.52975e-08,2.26341e-06,0,13.6873,48.7341,8.64481,0.426489,31.7492,0,10.2886,0.00682039,0,2.87124,0.149264,3.33293,0.00154557,0.00850376,3.1677,0,0.0157831,0,0.00591184,3.1677,0.0104568,3.06166,1.67925,0.000491058,0.0638351,0,0.00263052,0,0.00095708,0.0638351,1.06198,9.90173e-07,5.04246,0.00682039
2049.2083,287.856,286.79,1.08787,0.196181,0.55098,0.00348797,0.00226792,0.00216636,0.00122005,2.06298e-05,7.40367e-05,1.78295e-05,2.74701e-07,0.00213934,0.013486,0.0159371,0.318577,0.00476334,0.000625451,1.67206e-08,9.71066e-07,3.45112e-05,1.32583e-06,5.11446e-05,2.00402e-05,2.61071e-06,1.64215e-08,2.93737e-06,1.17881e-06,13.6416,48.6511,8.63429,0.390942,31.7461,0.033533,10.3456,0.00811558,0.033533,2.8725,0.14913,3.33214,0.00189693,0.00764358,3.16756,0.00134132,0.0158622,0.000798404,0.00591427,3.16756,0.010446,3.06166,1.67932,0.00044287,0.0638216,8.94213e-05,0.00264371,3.3533e-05,0.000957501,0.0638216,1.64701,9.87787e-07,5.00727,0.0416486
2049.2917,290.384,289.48,4.48758,0.174658,2.43065,0.0114245,0.00443152,0.00202756,0.00699296,0.000133022,0.000158609,0.000113476,3.79342e-06,0.00792617,0.0136063,0.0391292,0.379247,0.0166591,0.000628839,2.89964e-07,1.01154e-06,2.27789e-05,6.5934e-07,5.84655e-05,6.93088e-05,2.14547e-06,1.19212e-08,2.87975e-06,4.21825e-06,13.7559,48.724,8.6721,0.361598,31.7361,0.130817,10.5438,0.0124431,0.130817,2.87039,0.150405,3.33127,0.00120007,0.00693562,3.16682,0.00523267,0.0161382,0.00311468,0.00591021,3.16682,0.0105201,3.06166,1.67932,0.000403928,0.063789,0.000348845,0.0026897,0.000130817,0.000956796,0.063789,2.97595,1.30151e-06,5.08384,0.14326
2049.3750,295.549,294.111,4.62942,0.144631,3.04319,0.0122695,0.00548931,0.00197088,0.00678018,0.000349768,0.000163679,0.000285783,2.47953e-05,0.0197919,0.0131471,0.0604321,0.152294,0.0179106,0.000634257,2.53655e-06,1.09404e-06,9.79251e-06,2.00826e-07,6.20292e-05,7.15408e-05,1.17499e-06,7.13027e-09,2.81326e-06,4.54286e-06,13.936,48.867,8.73384,0.340439,31.7228,0.13449,10.5348,0.0119051,0.13449,2.86779,0.152296,3.33094,0.000541643,0.00642452,3.16577,0.00537958,0.016128,0.00320213,0.00590534,3.16577,0.0106354,3.06166,1.67927,0.000376342,0.0637493,0.000358639,0.00268799,0.00013449,0.000955931,0.0637493,3.64853,3.63059e-06,5.20215,0.146395
2049.4583,299.797,298.161,4.6206,0.141542,3.4193,0.0117774,0.00615774,0.00211591,0.00561966,0.000345222,0.000162594,0.000276233,3.12248e-05,0.0208224,0.0137764,0.0776578,0.136698,0.0169519,0.000639971,4.03737e-06,1.19675e-06,8.27478e-06,5.80224e-08,7.149e-05,6.75158e-05,9.2667e-07,4.21344e-09,2.99099e-06,4.2935e-06,14.1057,48.9959,8.79907,0.322391,31.7057,0.134265,10.5172,0.01121,0.134265,2.86215,0.154197,3.33086,0.000419347,0.00598773,3.16437,0.0053706,0.0161055,0.00319679,0.00589409,3.16437,0.0107551,3.06166,1.67922,0.000352999,0.0637011,0.00035804,0.00268425,0.000134265,0.000954049,0.0637011,4.02932,5.23412e-06,5.30659,0.145475
2049.5417,296.289,295.933,4.61166,0.21015,2.20274,0.0103113,0.00540467,0.00230092,0.00490664,0.000188334,0.00014915,0.000153458,1.37356e-05,0.0119572,0.0130199,0.0640789,0.217261,0.0147015,0.000645125,1.63069e-06,1.28093e-06,1.85452e-05,2.97666e-08,8.31832e-05,6.01716e-05,1.4352e-06,2.73733e-09,3.20988e-06,3.71668e-06,14.2475,49.094,8.85767,0.30659,31.6856,0.134037,10.4993,0.0105451,0.134037,2.85428,0.155923,3.33066,0.000602372,0.00560643,3.16266,0.00536149,0.0160825,0.00319136,0.00587816,3.16266,0.0108619,3.06166,1.67919,0.000332859,0.063647,0.000357432,0.00268042,0.000134037,0.000951426,0.063647,3.231,2.91161e-06,5.38987,0.144582
2049.6250,294.643,294.381,4.60289,0.196216,1.58908,0.00795259,0.00487576,0.00208558,0.00307683,8.68456e-05,0.000132271,7.28089e-05,3.93835e-06,0.00667405,0.0141284,0.0519039,0.303457,0.0109438,0.000648992,4.26395e-07,1.30842e-06,2.59114e-05,5.82805e-08,7.80429e-05,4.55525e-05,2.22918e-06,2.82721e-09,2.85559e-06,2.74699e-06,14.347,49.15,8.90115,0.293239,31.6641,0.133813,10.4818,0.00992923,0.133813,2.8456,0.157269,3.33014,0.00095851,0.00528655,3.16077,0.00535253,0.0160596,0.00318603,0.00586047,3.16077,0.0109417,3.06166,1.67918,0.000316164,0.0635916,0.000356835,0.00267661,0.000133813,0.000948534,0.0635916,2.2193,1.73482e-06,5.44587,0.143743
2049.7083,286.504,287.29,3.75265,0.176582,0.889044,0.00472202,0.00319116,0.00243394,0.00153086,4.93115e-05,7.53609e-05,4.11859e-05,1.19745e-06,0.00576919,0.0098795,0.0237136,0.238623,0.00568503,0.00926293,8.33987e-08,1.29876e-06,2.0872e-05,1.47501e-07,1.28983e-05,8.39827e-05,1.88571e-06,3.71694e-09,1.56777e-06,5.42798e-06,14.3588,49.2184,8.9058,0.364318,31.6538,0.110276,10.4643,0.00934954,0.110276,2.84152,0.157006,3.33068,0.00093884,0.00708351,3.1598,0.00440998,0.0160366,0.00262562,0.0058522,3.1598,0.0109294,3.06172,1.67918,0.000412239,0.0635681,0.000293973,0.00267276,0.000110276,0.000947175,0.0635681,1.35039,1.38216e-06,5.45301,0.119625
2049.7917,283.24,284.021,0,0.204377,0,0,0.00154619,0.00353406,-0.00154619,0,0,0,0,0,0,0,0,0,0.000636872,0,1.2382e-06,6.44712e-07,6.80954e-08,-3.79094e-06,0,3.33981e-08,3.97669e-09,2.09841e-06,0,14.1044,49.3298,8.793,0.682993,31.7009,0,10.4468,0.00880352,0,2.84156,0.151514,3.33599,0.000116507,0.0148883,3.16362,0,0.0160133,0,0.00585235,3.16362,0.0106252,3.06202,1.67922,0.000841614,0.0637037,0,0.00266889,0,0.000947187,0.0637037,0.595084,1.2382e-06,5.31137,0.00880352
2049.8750,273.274,274.159,0,0.327639,0,0,0.001007,0.00218026,-0.001007,0,0,0,0,0,0,0,0,0,0.000635808,0,1.17252e-06,3.68673e-06,1.39655e-07,1.13446e-05,0,1.74453e-07,7.25446e-09,1.93925e-06,0,14.047,49.2087,8.77832,0.583023,31.7324,0,10.4294,0.00828955,0,2.8463,0.151261,3.33607,0.000339897,0.0123454,3.16626,0,0.0159899,0,0.00586212,3.16626,0.0106075,3.06202,1.67928,0.000706445,0.0637906,0,0.00266499,0,0.000948766,0.0637906,0.542897,1.17252e-06,5.26872,0.00828955
2049.9583,275.352,275.47,0,0.315872,0,0,0.00110418,0.0020317,-0.00110418,0,0,0,0,0,0,0,0,0,0.000634729,0,1.10337e-06,9.5365e-06,2.95054e-07,1.8769e-05,0,5.1775e-07,1.05212e-08,2.11491e-06,0,13.9938,49.1173,8.76342,0.522424,31.747,0,10.4117,0.00779782,0,2.85404,0.151005,3.33599,0.000716529,0.010852,3.16754,0,0.015966,0,0.00587803,3.16754,0.0105895,3.06202,1.67934,0.000623954,0.0638284,0,0.00266099,0,0.000951345,0.0638284,0.516151,1.10337e-06,5.23041,0.00779782
2050.0417,276.665,276.89,0,0.207803,0,0,0.00108989,0.00191003,-0.00108989,0,0,0,0,0,0,0,0,0,0.000633704,0,1.04985e-06,1.49828e-05,5.57459e-07,2.59328e-05,0,8.4723e-07,1.30981e-08,2.18667e-06,0,13.939,49.0219,8.74927,0.467822,31.7563,0,10.3949,0.00735678,0,2.85872,0.150761,3.33572,0.00114459,0.00951611,3.16841,0,0.015943,0,0.00588758,3.16841,0.0105724,3.06202,1.67941,0.000548621,0.0638501,0,0.00265717,0,0.000952906,0.0638501,0.984047,1.04985e-06,5.18976,0.00735678
2050.1250,277.89,277.766,0,0.20289,0,0,0.00106084,0.00169742,-0.00106084,0,0,0,0,0,0,0,0,0,0.000632681,0,1.01464e-06,1.79271e-05,8.76832e-07,2.9045e-05,0,1.38332e-06,1.11112e-08,2.09992e-06,0,13.8877,48.9432,8.73514,0.43124,31.7596,0,10.3781,0.00694109,0,2.86467,0.150517,3.33536,0.00155662,0.00863129,3.16875,0,0.01592,0,0.0058997,3.16875,0.0105553,3.06202,1.67946,0.000498899,0.0638554,0,0.00265333,0,0.00095489,0.0638554,0.977547,1.01464e-06,5.15254,0.00694109
2050.2083,283.319,282.622,0.0443961,0.195492,0.0398703,0.000239548,0.00131067,0.00191092,-0.00107112,1.06508e-06,1.02851e-05,9.12693e-07,1.09086e-08,0.000415393,0.00636267,0.00230826,0.047372,0.00022804,0.000631626,5.56656e-10,9.92389e-07,2.77317e-05,9.56362e-07,4.21003e-05,9.49496e-07,2.16818e-06,8.54514e-09,2.54297e-06,5.02362e-08,13.8317,48.8557,8.72057,0.397355,31.7584,0.00145299,10.3641,0.00661228,0.00145299,2.86822,0.150267,3.33473,0.0019898,0.00781049,3.16875,5.81196e-05,0.0159006,3.4595e-05,0.00590681,3.16875,0.0105377,3.06202,1.67953,0.000452694,0.0638478,3.87464e-06,0.0026501,1.45299e-06,0.000956075,0.0638478,1.21639,9.92946e-07,5.11114,0.00806527
2050.2917,291.67,290.284,3.52262,0.175169,2.08317,0.00908789,0.00395794,0.00215167,0.00512995,6.56363e-05,0.00015031,5.65094e-05,1.22589e-06,0.0049014,0.0243098,0.0423131,0.555166,0.012527,0.000632604,1.04202e-07,1.00914e-06,3.37008e-05,9.91816e-07,5.93517e-05,5.24571e-05,3.40497e-06,8.69311e-09,3.03473e-06,3.14538e-06,13.8529,48.8381,8.7301,0.367156,31.7505,0.104431,10.5824,0.0115302,0.104431,2.86749,0.150728,3.33382,0.00190997,0.00707872,3.16819,0.00417725,0.0162037,0.00248646,0.00590532,3.16819,0.0105623,3.06202,1.67957,0.000412015,0.0638213,0.000278483,0.00270062,0.000104431,0.000955831,0.0638213,2.87556,1.11334e-06,5.1228,0.115961
2050.3750,295.983,294.609,4.67128,0.175249,2.96372,0.0120924,0.0053987,0.00225518,0.00669367,0.000154102,0.00016253,0.000129751,6.37148e-06,0.00905536,0.0144418,0.0625369,0.32452,0.0171557,0.000637403,7.04207e-07,1.09285e-06,2.45121e-05,3.40327e-07,7.11819e-05,7.09814e-05,2.47629e-06,6.24536e-09,3.23415e-06,4.34859e-06,14.0197,48.9609,8.78489,0.34226,31.736,0.135555,10.6363,0.0124356,0.135555,2.86297,0.152492,3.33299,0.00106854,0.00647582,3.16706,0.00542219,0.0162806,0.0032275,0.00589649,3.16706,0.0106671,3.06202,1.67954,0.000379132,0.0637775,0.00036148,0.00271344,0.000135555,0.000954325,0.0637775,3.71856,1.79706e-06,5.23476,0.147991
2050.4583,297.345,296.247,4.66238,0.161458,3.08155,0.0122644,0.00573662,0.00213474,0.00652774,0.000252873,0.000163183,0.000207761,1.65061e-05,0.0145155,0.0130724,0.0702007,0.199872,0.017441,0.000642843,1.93265e-06,1.19222e-06,1.43006e-05,1.22266e-07,7.26862e-05,7.08167e-05,1.41648e-06,4.18457e-09,3.03324e-06,4.42395e-06,14.1939,49.0924,8.84729,0.323075,31.7185,0.135329,10.6185,0.0117096,0.135329,2.85701,0.154401,3.33257,0.00065346,0.00601173,3.16562,0.00541314,0.0162582,0.00322211,0.00588462,3.16562,0.0107833,3.06202,1.6795,0.00035427,0.0637275,0.000360876,0.00270969,0.000135329,0.000952336,0.0637275,3.89666,3.12487e-06,5.34661,0.147038
2050.5417,298.141,297.367,4.65335,0.162067,2.74695,0.0104713,0.00572231,0.00218094,0.00474895,0.000175311,0.000149465,0.000143827,1.16469e-05,0.0110483,0.0124589,0.0694439,0.220599,0.0145748,0.000647939,1.48534e-06,1.27841e-06,1.81868e-05,6.22755e-08,7.83332e-05,5.96902e-05,1.96185e-06,2.95165e-09,3.04643e-06,3.68553e-06,14.3437,49.1971,8.90558,0.306762,31.6978,0.135099,10.6005,0.011015,0.135099,2.84887,0.156157,3.3322,0.000700281,0.00561748,3.16386,0.00540395,0.0162351,0.00321664,0.00586817,3.16386,0.0108905,3.06202,1.67947,0.000333381,0.0636717,0.000360264,0.00270584,0.000135099,0.000949623,0.0636717,3.40942,2.76375e-06,5.43814,0.146114
2050.6250,295.426,295.178,4.64449,0.196479,1.66281,0.00814991,0.00505327,0.00209627,0.00309664,0.000101009,0.000132923,8.44064e-05,4.91727e-06,0.0075618,0.0140024,0.0550415,0.266871,0.0109794,0.000651822,5.58931e-07,1.32075e-06,2.43569e-05,7.31434e-08,7.82505e-05,4.53938e-05,2.18963e-06,2.3358e-09,2.8769e-06,2.75789e-06,14.4459,49.2591,8.94955,0.294076,31.6776,0.134873,10.5828,0.0103717,0.134873,2.8416,0.157514,3.33171,0.000941086,0.00531252,3.16209,0.00539493,0.0162121,0.00321127,0.00585343,3.16209,0.0109716,3.06202,1.67946,0.000317386,0.0636196,0.000359662,0.00270202,0.000134873,0.000947201,0.0636196,2.38538,1.87968e-06,5.49631,0.145245
2050.7083,286.577,287.463,3.78624,0.177001,0.92558,0.0049178,0.00321496,0.0024842,0.00170284,4.7902e-05,7.49208e-05,4.01461e-05,1.12883e-06,0.0053177,0.00899948,0.0240829,0.251148,0.00593246,0.0093339,7.75861e-08,1.31004e-06,2.26617e-05,9.32106e-08,1.29368e-05,8.50385e-05,2.03903e-06,2.29692e-09,1.59442e-06,5.499e-06,14.4563,49.3253,8.95337,0.365158,31.6668,0.111149,10.5651,0.00976621,0.111149,2.83705,0.157223,3.33225,0.000986216,0.00710966,3.16108,0.00444491,0.016189,0.00264641,0.00584419,3.16108,0.0109578,3.06208,1.67947,0.000413149,0.0635948,0.000296298,0.00269816,0.000111149,0.000945682,0.0635948,1.37845,1.38763e-06,5.50289,0.120916
2050.7917,283.217,284.059,0,0.189605,0,0,0.00157209,0.00345438,-0.00157209,0,0,0,0,0,0,0,0,0,0.000639538,0,1.24337e-06,5.75612e-07,4.9341e-08,-4.11325e-06,0,3.0369e-08,2.83505e-09,2.02933e-06,0,14.2012,49.4396,8.84003,0.686763,31.7142,0,10.5475,0.00919585,0,2.83741,0.151698,3.33759,0.000117201,0.0149941,3.16493,0,0.0161656,0,0.00584505,3.16493,0.0106519,3.06238,1.6795,0.000845922,0.0637312,0,0.00269427,0,0.000945804,0.0637312,0.457497,1.24337e-06,5.36119,0.00919585
2050.8750,274.823,275.808,0,0.27232,0,0,0.00109899,0.0025305,-0.00109899,0,0,0,0,0,0,0,0,0,0.00063847,0,1.17099e-06,3.94526e-06,8.03666e-08,1.27068e-05,0,1.85212e-07,4.09999e-09,2.27758e-06,0,14.1417,49.3118,8.82527,0.581145,31.7474,0,10.5299,0.00865898,0,2.84151,0.151445,3.33767,0.000346714,0.0123018,3.16772,0,0.0161421,0,0.00585355,3.16772,0.0106342,3.06238,1.67957,0.000702283,0.0638223,0,0.00269035,0,0.000947171,0.0638223,0.415103,1.17099e-06,5.31648,0.00865898
2050.9583,272.731,273.227,0,0.455466,0,0,0.000915835,0.00163431,-0.000915835,0,0,0,0,0,0,0,0,0,0.000637386,0,1.10471e-06,8.40114e-06,3.60116e-07,1.64377e-05,0,4.38792e-07,1.21365e-08,1.68861e-06,0,14.0891,49.2208,8.81029,0.520565,31.7617,0,10.512,0.00814533,0,2.84943,0.151188,3.33759,0.000738867,0.0108167,3.16898,0,0.016118,0,0.00586985,3.16898,0.0106161,3.06238,1.67963,0.000620582,0.0638592,0,0.00268634,0,0.000949809,0.0638592,0.659364,1.10471e-06,5.2788,0.00814533
2051.0417,273.909,274.022,0,0.545152,0,0,0.00101551,0.00172451,-0.00101551,0,0,0,0,0,0,0,0,0,0.000636357,0,1.05147e-06,1.27825e-05,4.4941e-07,2.20995e-05,0,6.90454e-07,9.93651e-09,1.95521e-06,0,14.0402,49.1446,8.79606,0.477743,31.7694,0,10.495,0.00768464,0,2.85715,0.150944,3.33738,0.00109401,0.00976916,3.16969,0,0.016095,0,0.00588569,3.16969,0.010599,3.06238,1.67968,0.000562337,0.0638776,0,0.0026825,0,0.000952382,0.0638776,0.812465,1.05147e-06,5.24417,0.00768464
2051.1250,279.394,279.054,0,0.240754,0,0,0.0011859,0.00196163,-0.0011859,0,0,0,0,0,0,0,0,0,0.000635329,0,1.01813e-06,2.07906e-05,7.98484e-07,3.24684e-05,0,1.23879e-06,1.27178e-08,2.41132e-06,0,13.9868,49.0595,8.78185,0.4366,31.7736,0,10.4781,0.00725042,0,2.86244,0.1507,3.33698,0.00148604,0.00876705,3.17013,0,0.0160718,0,0.00589646,3.17013,0.0105818,3.06238,1.67974,0.000505864,0.0638851,0,0.00267863,0,0.000954146,0.0638851,1.05444,1.01813e-06,5.20492,0.00725042
2051.2083,285.374,284.477,0.0088159,0.203967,0.00882627,4.20152e-05,0.00142613,0.00208182,-0.00138412,4.96299e-08,1.08585e-06,4.16188e-08,7.3285e-10,7.93118e-05,0.00221587,0.000459808,0.00729259,9.35702e-06,0.000634268,4.97574e-11,9.91939e-07,3.16084e-05,1.4511e-06,4.60306e-05,3.83337e-08,2.30977e-06,1.61721e-08,2.7754e-06,1.40996e-09,13.9271,48.9625,8.76719,0.398267,31.7724,0.000291511,10.4613,0.00684301,0.000291511,2.86468,0.150448,3.33628,0.00195962,0.00783799,3.17013,1.16604e-05,0.0160487,6.94074e-06,0.00590088,3.17013,0.0105642,3.06238,1.67982,0.000453518,0.0638766,7.77363e-07,0.00267478,2.91511e-07,0.000954893,0.0638766,1.15591,9.91989e-07,5.15994,0.00713452
2051.2917,292.675,291.371,3.06066,0.168505,1.90013,0.00913809,0.00413307,0.00219288,0.00500502,7.09061e-05,0.00014936,6.09079e-05,1.47599e-06,0.00515663,0.0239441,0.0462631,0.546249,0.0130247,0.000635383,1.30029e-07,1.00284e-06,3.52552e-05,1.46594e-06,6.10904e-05,5.47207e-05,3.6746e-06,1.33946e-08,3.10041e-06,3.27198e-06,13.9334,48.9262,8.77808,0.366233,31.7637,0.0916764,10.6616,0.0113526,0.0916764,2.86285,0.150867,3.33525,0.0019112,0.00706134,3.16951,0.00366706,0.0163268,0.00218277,0.0058971,3.16951,0.0105862,3.06238,1.67987,0.000410433,0.0638473,0.00024447,0.00272113,9.16764e-05,0.000954283,0.0638473,2.73963,1.13287e-06,5.15536,0.103029
2051.3750,295.073,293.938,4.32766,0.1767,2.69768,0.0123332,0.00544975,0.00217677,0.0068835,0.000195826,0.000164525,0.000164078,9.05082e-06,0.0112061,0.0116489,0.0600964,0.275529,0.0181992,0.000641366,9.62733e-07,1.08376e-06,1.98634e-05,3.48992e-07,6.89147e-05,7.5095e-05,2.1216e-06,6.89873e-09,3.12547e-06,4.61518e-06,14.104,49.0552,8.84615,0.342391,31.7496,0.126743,10.7277,0.0125418,0.126743,2.85925,0.152768,3.33449,0.000935218,0.00648379,3.16841,0.00506974,0.0164206,0.0030177,0.00589015,3.16841,0.0106993,3.06238,1.67983,0.000379089,0.0638048,0.000337982,0.00273677,0.000126743,0.000953085,0.0638048,3.67632,2.04649e-06,5.25786,0.139285
2051.4583,298.623,297.257,4.31948,0.152152,3.35539,0.011696,0.00586691,0.00217295,0.00582908,0.000251937,0.000162602,0.00020579,1.78357e-05,0.0153537,0.0137065,0.0743449,0.195681,0.0171055,0.000647689,2.22472e-06,1.18642e-06,1.42981e-05,9.20049e-08,7.40157e-05,6.95928e-05,1.44392e-06,4.27268e-09,3.08652e-06,4.33127e-06,14.273,49.1785,8.91821,0.322438,31.7308,0.126532,10.7098,0.0118096,0.126532,2.85226,0.154743,3.3341,0.000609616,0.00600013,3.16687,0.00506127,0.0163979,0.00301266,0.00587614,3.16687,0.0108193,3.06238,1.67979,0.000353238,0.0637515,0.000337418,0.00273299,0.000126532,0.000950753,0.0637515,3.98125,3.41114e-06,5.35478,0.138341
2051.5417,296.407,295.939,4.31118,0.206124,2.1555,0.0104701,0.00548632,0.0022994,0.00498376,0.000178495,0.000148774,0.000146386,1.19035e-05,0.0110352,0.0126634,0.0638365,0.230263,0.0152072,0.000653379,1.40389e-06,1.26915e-06,1.98055e-05,4.30788e-08,8.36288e-05,6.25503e-05,1.61773e-06,3.14885e-09,3.22207e-06,3.84749e-06,14.4155,49.2764,8.9828,0.306232,31.7102,0.126317,10.6916,0.011109,0.126317,2.84447,0.156524,3.33376,0.000660725,0.00560827,3.16511,0.00505268,0.0163746,0.00300755,0.00586041,3.16511,0.0109278,3.06238,1.67976,0.000332577,0.063696,0.000336845,0.0027291,0.000126317,0.000948158,0.063696,3.15142,2.67305e-06,5.43271,0.137426
2051.6250,293.347,293.268,4.30304,0.190929,1.54775,0.00767079,0.0046228,0.00195913,0.00304799,9.90466e-05,0.000132283,8.29599e-05,4.59527e-06,0.00778793,0.0140559,0.0481395,0.264964,0.0107543,0.000657666,4.82026e-07,1.3024e-06,2.30096e-05,7.93716e-08,7.33956e-05,4.46147e-05,2.00045e-06,3.30585e-09,2.6942e-06,2.69533e-06,14.5161,49.3367,9.03096,0.293415,31.6897,0.126106,10.6738,0.0104603,0.126106,2.83745,0.157908,3.33327,0.000897974,0.00530055,3.16331,0.00504424,0.0163515,0.00300253,0.00584615,3.16331,0.01101,3.06238,1.67974,0.000316554,0.0636432,0.000336283,0.00272525,0.000126106,0.000945818,0.0636432,2.19256,1.78443e-06,5.48516,0.136566
2051.7083,287.274,287.934,3.51038,0.168952,0.955256,0.0049102,0.00330766,0.00242366,0.00160254,5.19643e-05,7.76179e-05,4.31513e-05,1.29992e-06,0.00579195,0.0095017,0.025151,0.242369,0.00620775,0.0087757,8.67517e-08,1.28433e-06,2.11427e-05,2.01839e-07,1.57207e-05,8.24589e-05,1.99604e-06,5.71698e-09,1.61846e-06,5.31269e-06,14.5248,49.3977,9.03778,0.359586,31.6792,0.103924,10.656,0.00984957,0.103924,2.83408,0.15768,3.33376,0.000926704,0.0069716,3.16234,0.00415586,0.0163281,0.00247439,0.00583935,3.16234,0.0109992,3.06244,1.67975,0.000405587,0.0636193,0.00027702,0.00272136,0.000103924,0.000944693,0.0636193,1.32194,1.37108e-06,5.48701,0.113774
2051.7917,281.773,282.749,0,0.207589,0,0,0.0014275,0.00334731,-0.0014275,0,0,0,0,0,0,0,0,0,0.000646654,0,1.2227e-06,5.11106e-07,1.01903e-07,-3.44569e-06,0,2.7286e-08,5.76829e-09,1.97647e-06,0,14.2885,49.5069,8.93334,0.659802,31.7234,0,10.6382,0.00927435,0,2.83516,0.152548,3.33876,0.000122752,0.0143296,3.16592,0,0.0163046,0,0.00584168,3.16592,0.010715,3.06272,1.67978,0.000809402,0.0637465,0,0.00271743,0,0.000945054,0.0637465,0.54643,1.2227e-06,5.3552,0.00927435
2051.8750,275.081,276.142,0,0.24661,0,0,0.000947371,0.00246392,-0.000947371,0,0,0,0,0,0,0,0,0,0.000645574,0,1.15104e-06,4.80591e-06,2.15807e-07,1.46195e-05,0,2.44196e-07,1.1162e-08,2.2716e-06,0,14.2312,49.3823,8.91843,0.556839,31.7551,0,10.6204,0.0087329,0,2.83915,0.152294,3.33882,0.000389068,0.0117071,3.16858,0,0.0162809,0,0.00584993,3.16858,0.0106972,3.06272,1.67984,0.000669156,0.0638338,0,0.00271348,0,0.000946384,0.0638338,0.335163,1.15104e-06,5.31274,0.0087329
2051.9583,274.372,275.199,0,0.245441,0,0,0.00087217,0.00198873,-0.00087217,0,0,0,0,0,0,0,0,0,0.000644478,0,1.07193e-06,1.10394e-05,3.47442e-07,2.13172e-05,0,6.35875e-07,1.17138e-08,2.11756e-06,0,14.1827,49.2897,8.90329,0.492167,31.7694,0,10.6024,0.00821486,0,2.84538,0.152035,3.33869,0.000824073,0.0101192,3.16985,0,0.0162566,0,0.00586275,3.16985,0.010679,3.06272,1.67991,0.000580687,0.0638701,0,0.00270943,0,0.00094846,0.0638701,0.41223,1.07193e-06,5.27946,0.00821486
2052.0417,274.824,275.161,0,0.288534,0,0,0.0010278,0.00177982,-0.0010278,0,0,0,0,0,0,0,0,0,0.000643437,0,1.01811e-06,1.57358e-05,6.36884e-07,2.5992e-05,0,8.51395e-07,1.39873e-08,2.07734e-06,0,14.1339,49.2109,8.88891,0.449231,31.7758,0,10.5853,0.00775024,0,2.85196,0.15179,3.3384,0.00121207,0.0090766,3.17045,0,0.0162333,0,0.00587623,3.17045,0.0106618,3.06272,1.67997,0.000522427,0.0638845,0,0.00270556,0,0.000950654,0.0638845,0.554066,1.01811e-06,5.24499,0.00775024
2052.1250,282.182,281.436,0,0.241271,0,0,0.00134253,0.00196879,-0.00134253,0,0,0,0,0,0,0,0,0,0.000642398,0,9.77255e-07,2.53068e-05,1.36147e-06,3.89669e-05,0,1.61535e-06,2.19899e-08,2.5087e-06,0,14.0791,49.1243,8.87455,0.411429,31.7775,0,10.5682,0.00731231,0,2.8563,0.151544,3.3379,0.00163411,0.00816018,3.17067,0,0.01621,0,0.00588502,3.17067,0.0106445,3.06272,1.68003,0.000470968,0.0638852,0,0.00270166,0,0.000952099,0.0638852,0.998201,9.77255e-07,5.20452,0.00731231
2052.2083,285.138,284.652,1.71619,0.17478,1.03983,0.00509719,0.00254542,0.0018481,0.00255177,3.61672e-05,9.60451e-05,3.13437e-05,4.20753e-07,0.0031096,0.0166252,0.0155913,0.374307,0.007269,0.000642064,2.17904e-08,9.62895e-07,2.88427e-05,1.49872e-06,4.67977e-05,3.05961e-05,2.54467e-06,1.72188e-08,2.52235e-06,1.81348e-06,14.0425,49.0505,8.8684,0.37772,31.7728,0.0523967,10.6726,0.00966064,0.0523967,2.85742,0.151524,3.33705,0.00191811,0.00734389,3.17038,0.00209587,0.0163549,0.00124754,0.00588721,3.17038,0.0106404,3.06272,1.6801,0.000425603,0.0638679,0.000139724,0.00272582,5.23967e-05,0.000952474,0.0638679,1.83296,9.84685e-07,5.17414,0.0620573
2052.2917,290.219,289.069,4.53467,0.130432,2.4008,0.0113057,0.00461011,0.0017031,0.00669561,0.000186505,0.000158697,0.000159053,5.44448e-06,0.0111606,0.0138077,0.037058,0.273909,0.0168194,0.000646496,3.85814e-07,1.00513e-06,1.20227e-05,7.26746e-07,4.95245e-05,6.9347e-05,1.63926e-06,9.52227e-09,2.40988e-06,4.25805e-06,14.1739,49.1514,8.91814,0.354598,31.764,0.132066,10.8406,0.0132227,0.132066,2.85882,0.152988,3.33648,0.00110833,0.00678487,3.16971,0.00528262,0.0165896,0.00314442,0.00589051,3.16971,0.0107263,3.06272,1.68007,0.000395188,0.0638402,0.000352175,0.00276494,0.000132066,0.00095294,0.0638402,2.77637,1.39095e-06,5.2558,0.145288
2052.3750,295.929,293.787,4.56267,0.0876231,3.25505,0.0107303,0.00537251,0.00137728,0.00535781,0.00046684,0.000156374,0.000378433,3.69296e-05,0.030968,0.0193252,0.0560546,0.0962637,0.0158072,0.000652327,3.55807e-06,1.08618e-06,2.59452e-06,1.37701e-07,4.19783e-05,6.08702e-05,3.81182e-07,5.29891e-09,1.94638e-06,3.996e-06,14.3392,49.292,8.98428,0.338063,31.7539,0.132787,10.8246,0.0124984,0.132787,2.86087,0.154808,3.3364,0.000398833,0.00638514,3.16891,0.00531146,0.01657,0.00316158,0.00589524,3.16891,0.0108393,3.06272,1.68,0.000373788,0.0638103,0.000354097,0.00276166,0.000132787,0.000953623,0.0638103,3.60909,4.64425e-06,5.3549,0.145285
2052.4583,300.08,297.755,4.554,0.103191,2.40449,0.00743476,0.00515256,0.00129569,0.0022822,0.000335731,0.000140379,0.000266011,3.36741e-05,0.0307555,0.0257708,0.0672087,0.0747348,0.0104352,0.000656285,4.01983e-06,1.15383e-06,1.81272e-06,3.7157e-08,3.79333e-05,3.97428e-05,3.08358e-07,3.47191e-09,1.79592e-06,2.60239e-06,14.4183,49.3575,9.02847,0.327394,31.7464,0.132565,10.8066,0.0117687,0.132565,2.86535,0.155975,3.33659,0.000267502,0.00612636,3.16831,0.00530259,0.016547,0.0031563,0.0059049,3.16831,0.0109162,3.06272,1.67996,0.000359957,0.0637882,0.000353506,0.00275784,0.000132565,0.000955117,0.0637882,3.03101,5.17366e-06,5.38985,0.144333
2052.5417,298.192,297.432,4.5452,0.180168,2.10002,0.0101272,0.0058273,0.00211114,0.0042999,0.000263547,0.000148516,0.000210537,2.41797e-05,0.0169702,0.0130953,0.0692535,0.148379,0.0146875,0.000660603,3.06817e-06,1.21436e-06,1.21284e-05,2.69172e-08,7.30144e-05,5.90895e-05,1.32423e-06,2.35732e-09,2.96157e-06,3.71074e-06,14.5074,49.4167,9.07685,0.314505,31.7322,0.13234,10.7882,0.0110706,0.13234,2.86257,0.157321,3.3366,0.000440142,0.00580672,3.16713,0.00529359,0.0165235,0.00315095,0.00589945,3.16713,0.0110005,3.06272,1.67993,0.000342631,0.0637489,0.000352906,0.00275391,0.00013234,0.00095419,0.0637489,2.97812,4.28253e-06,5.43058,0.14341
2052.6250,295.591,295.211,4.53656,0.186418,2.07651,0.00823292,0.00502557,0.00209839,0.00320735,0.000121998,0.000133392,0.000100927,7.12329e-06,0.00895337,0.0131866,0.0551758,0.234141,0.0116204,0.000664849,8.13456e-07,1.26107e-06,2.13319e-05,3.18175e-08,7.68933e-05,4.80209e-05,1.87859e-06,1.70806e-09,2.9023e-06,2.92089e-06,14.6029,49.4723,9.12441,0.301105,31.7127,0.132119,10.7702,0.010424,0.132119,2.85563,0.1587,3.33627,0.000764539,0.00548155,3.16544,0.00528475,0.0165001,0.00314569,0.00588532,3.16544,0.0110836,3.06272,1.67992,0.000325528,0.0636973,0.000352317,0.00275001,0.000132119,0.000951876,0.0636973,2.73422,2.07453e-06,5.47849,0.142543
2052.7083,288.026,288.735,3.69909,0.177789,0.979529,0.00503481,0.00340516,0.00256821,0.00162965,5.29214e-05,7.78238e-05,4.39861e-05,1.61996e-06,0.00570118,0.00907873,0.027706,0.240492,0.00634755,0.00916999,1.23023e-07,1.26049e-06,2.09714e-05,3.63456e-08,1.82716e-05,8.56826e-05,1.81377e-06,1.42684e-09,1.78345e-06,5.5229e-06,14.6136,49.5349,9.13202,0.369066,31.7015,0.108879,10.7522,0.00981547,0.108879,2.85076,0.15849,3.33683,0.000854607,0.00719763,3.16441,0.0043542,0.0164765,0.00259237,0.00587539,3.16441,0.0110744,3.06278,1.67992,0.000417228,0.0636706,0.000290246,0.00274608,0.000108879,0.000950252,0.0636706,1.32923,1.38352e-06,5.48157,0.118695
2052.7917,283.397,284.11,0,0.188865,0,0,0.00151194,0.00347523,-0.00151194,0,0,0,0,0,0,0,0,0,0.000653299,0,1.19675e-06,3.80129e-07,2.31104e-08,-3.65773e-06,0,2.1207e-08,1.61332e-09,2.08755e-06,0,14.3662,49.6497,9.02209,0.68586,31.7463,0,10.7343,0.00924224,0,2.85128,0.153107,3.3421,9.95675e-05,0.0149619,3.16806,0,0.0164527,0,0.00587653,3.16806,0.0107763,3.06307,1.67996,0.000844021,0.0637993,0,0.00274211,0,0.000950426,0.0637993,0.42335,1.19675e-06,5.34414,0.00924224
2052.8750,275.5,276.676,0,0.285399,0,0,0.00107625,0.00262152,-0.00107625,0,0,0,0,0,0,0,0,0,0.000652209,0,1.12624e-06,4.50694e-06,4.23395e-08,1.42577e-05,0,2.13533e-07,2.47552e-09,2.40359e-06,0,14.3063,49.5167,9.00703,0.575104,31.7805,0,10.7163,0.00870266,0,2.8547,0.152851,3.34217,0.000355523,0.0121384,3.17094,0,0.0164287,0,0.00588358,3.17094,0.0107583,3.06307,1.68003,0.000692858,0.063893,0,0.00273811,0,0.000951566,0.063893,0.503971,1.12624e-06,5.29932,0.00870266
2052.9583,273.996,274.444,0,0.371623,0,0,0.00101564,0.00196735,-0.00101564,0,0,0,0,0,0,0,0,0,0.000651102,0,1.05912e-06,1.01399e-05,2.73335e-07,1.98699e-05,0,4.92349e-07,1.06049e-08,2.0944e-06,0,14.2531,49.4212,8.99174,0.511125,31.7951,0,10.6982,0.00818642,0,2.86179,0.152592,3.34207,0.000772817,0.0105704,3.17224,0,0.0164041,0,0.00589816,3.17224,0.0107401,3.06307,1.68009,0.000605929,0.0639298,0,0.00273402,0,0.000953931,0.0639298,0.374634,1.05912e-06,5.26139,0.00818642
2053.0417,274.875,275.269,0,0.254763,0,0,0.00103395,0.00183313,-0.00103395,0,0,0,0,0,0,0,0,0,0.00065005,0,1.00543e-06,1.5697e-05,7.59763e-07,2.55242e-05,0,8.59282e-07,2.01888e-08,2.13876e-06,0,14.2017,49.3361,8.97722,0.46381,31.8026,0,10.6809,0.00772341,0,2.86799,0.152345,3.34178,0.001165,0.00941791,3.17295,0,0.0163806,0,0.00591082,3.17295,0.0107227,3.06307,1.68015,0.000541391,0.0639465,0,0.00273011,0,0.000955995,0.0639465,0.624869,1.00543e-06,5.22446,0.00772341
2053.1250,281.992,281.432,0,0.249431,0,0,0.00134555,0.00208955,-0.00134555,0,0,0,0,0,0,0,0,0,0.000649,0,9.62358e-07,2.5349e-05,1.29686e-06,3.94707e-05,0,1.45479e-06,2.52621e-08,2.66394e-06,0,14.1471,49.2479,8.96272,0.423569,31.805,0,10.6636,0.00728699,0,2.87229,0.152099,3.34129,0.0015814,0.00844292,3.17324,0,0.016357,0,0.00591953,3.17324,0.0107054,3.06307,1.68022,0.000486489,0.0639484,0,0.00272617,0,0.000957431,0.0639484,0.907506,9.62358e-07,5.18439,0.00728699
2053.2083,286.774,285.967,0.685593,0.206713,0.502956,0.00234697,0.00198547,0.00211163,0.000361505,1.23788e-05,4.85088e-05,1.06839e-05,1.76078e-07,0.0013075,0.0107059,0.0133158,0.238782,0.00319336,0.00064808,1.26449e-08,9.44318e-07,3.66681e-05,1.88071e-06,5.23116e-05,1.34923e-05,2.72784e-06,2.79703e-08,2.89393e-06,7.90292e-07,14.0891,49.1476,8.94967,0.385915,31.8004,0.0214066,10.6948,0.00798244,0.0214066,2.87228,0.151898,3.34038,0.00205339,0.00753129,3.17298,0.000856264,0.0164003,0.000509681,0.00591927,3.17298,0.0106906,3.06307,1.6803,0.000435611,0.0639301,5.70843e-05,0.00273339,2.14066e-05,0.000957425,0.0639301,1.69217,9.56963e-07,5.13942,0.0293891
2053.2917,290.716,289.885,4.4149,0.173438,2.43705,0.0117413,0.00460182,0.002012,0.00713944,0.000128268,0.000158956,0.000109551,3.50027e-06,0.0073669,0.0129785,0.0409937,0.426535,0.0174276,0.000651439,2.71287e-07,9.90286e-07,2.67064e-05,9.98332e-07,5.95817e-05,7.28415e-05,2.5001e-06,1.63573e-08,2.87509e-06,4.41572e-06,14.1825,49.2005,8.98675,0.358184,31.7893,0.128842,10.9229,0.0130138,0.128842,2.87045,0.153062,3.33934,0.00134084,0.00686075,3.17216,0.00515369,0.0167177,0.00306767,0.00591571,3.17216,0.0107576,3.06307,1.68031,0.000399006,0.063895,0.000343579,0.00278629,0.000128842,0.000956816,0.063895,3.13908,1.26157e-06,5.1958,0.141856
2053.3750,293.26,292.245,4.72655,0.169102,2.33599,0.0125913,0.00545167,0.00194831,0.00713967,0.000399809,0.000164484,0.000326012,2.91322e-05,0.0221206,0.0117426,0.0523189,0.136807,0.0188646,0.00065772,2.73806e-06,1.0663e-06,9.55908e-06,1.91873e-07,6.25495e-05,7.49991e-05,1.06329e-06,8.01002e-09,2.79248e-06,4.78868e-06,14.3742,49.3586,9.05804,0.338791,31.7762,0.136958,10.9237,0.0126722,0.136958,2.86939,0.15509,3.33898,0.000469982,0.00639166,3.17111,0.0054783,0.0167213,0.00326089,0.00591402,3.17111,0.0108815,3.06307,1.68025,0.000373938,0.0638562,0.00036522,0.00278688,0.000136958,0.000956463,0.0638562,3.23989,3.80436e-06,5.31613,0.14963
2053.4583,298.746,297.313,4.71753,0.165717,3.21066,0.0120579,0.00615271,0.00228415,0.00590519,0.000338771,0.000162801,0.000269953,3.18708e-05,0.0198241,0.0137482,0.0743904,0.149183,0.0177839,0.000664163,3.91104e-06,1.15987e-06,1.10173e-05,3.59559e-08,7.904e-05,7.12824e-05,1.10346e-06,4.62993e-09,3.23722e-06,4.5081e-06,14.5521,49.4927,9.13125,0.320289,31.7574,0.136729,10.9055,0.0119324,0.136729,2.86286,0.157104,3.3389,0.000396629,0.00594186,3.16955,0.00546915,0.0166981,0.00325545,0.00590093,3.16955,0.0110084,3.06307,1.6802,0.000350034,0.0638035,0.00036461,0.00278302,0.000136729,0.000954288,0.0638035,3.84874,5.07091e-06,5.4209,0.148661
2053.5417,297.008,296.179,4.70838,0.123333,2.92516,0.0105537,0.00566273,0.00178506,0.00489098,0.000320259,0.000149753,0.000258651,2.62241e-05,0.0199044,0.0133086,0.0647811,0.124814,0.0153975,0.000669942,3.08342e-06,1.2479e-06,6.56615e-06,7.06037e-08,6.36176e-05,6.13256e-05,7.47968e-07,3.82728e-09,2.48063e-06,3.89575e-06,14.7005,49.6028,9.19664,0.305932,31.7388,0.136497,10.887,0.0112246,0.136497,2.85759,0.15893,3.33883,0.000452551,0.00559619,3.16796,0.00545987,0.0166744,0.00324992,0.00589034,3.16796,0.0111225,3.06307,1.68015,0.000331957,0.0637536,0.000363991,0.00277906,0.000136497,0.00095253,0.0637536,3.47106,4.33132e-06,5.50387,0.147721
2053.6250,292.971,292.88,4.69939,0.172354,1.66532,0.00819256,0.00474122,0.0017538,0.00345134,0.000183913,0.000133457,0.000151739,1.1304e-05,0.0134495,0.0131062,0.0467225,0.158826,0.011661,0.000674197,1.13232e-06,1.29037e-06,1.285e-05,6.49647e-08,6.39673e-05,4.73055e-05,1.12751e-06,2.79458e-09,2.39817e-06,2.93156e-06,14.8018,49.6765,9.24423,0.295755,31.7233,0.136269,10.8688,0.010569,0.136269,2.85572,0.160299,3.33874,0.000603276,0.00535083,3.1666,0.00545075,0.0166508,0.0032445,0.00588669,3.1666,0.0112067,3.06307,1.68012,0.000319251,0.0637137,0.000363384,0.00277513,0.000136269,0.000951908,0.0637137,2.27687,2.42269e-06,5.55758,0.146838
2053.7083,287.401,287.92,3.83057,0.213519,0.68237,0.00485426,0.00335974,0.0026187,0.00149452,5.91597e-05,7.72713e-05,4.7811e-05,1.68871e-06,0.00618216,0.0097062,0.0221634,0.200796,0.00615681,0.00944628,1.09006e-07,1.2769e-06,1.71075e-05,4.23434e-08,1.7313e-05,8.65612e-05,1.26438e-06,2.20396e-09,1.76051e-06,5.58882e-06,14.8114,49.7466,9.24959,0.368065,31.7142,0.1123,10.8507,0.009952,0.1123,2.85299,0.160012,3.33953,0.000721309,0.00716608,3.16575,0.00449095,0.016627,0.0026738,0.00588118,3.16575,0.0111937,3.06313,1.68012,0.00041625,0.0636931,0.000299371,0.00277116,0.0001123,0.000950998,0.0636931,1.38208,1.3859e-06,5.5618,0.122252
2053.7917,280.333,281.528,0,0.187908,0,0,0.00129962,0.00316311,-0.00129962,0,0,0,0,0,0,0,0,0,0.000662057,0,1.21699e-06,1.60358e-07,6.11091e-08,-3.60855e-06,0,7.20354e-09,5.07331e-09,1.83185e-06,0,14.5586,49.8708,9.13605,0.700625,31.758,0,10.8325,0.0093708,0,2.85351,0.154457,3.345,8.05466e-05,0.015287,3.16929,0,0.016603,0,0.00588231,3.16929,0.010886,3.06343,1.68015,0.000863434,0.0638198,0,0.00276716,0,0.000951171,0.0638198,0.383712,1.21699e-06,5.42254,0.0093708
2053.8750,276.551,277.247,0,0.253156,0,0,0.00115966,0.00268567,-0.00115966,0,0,0,0,0,0,0,0,0,0.000660951,0,1.14416e-06,3.36666e-06,1.25349e-07,1.15368e-05,0,1.55288e-07,8.88532e-09,2.35303e-06,0,14.4984,49.7427,9.12079,0.594168,31.792,0,10.8145,0.00882371,0,2.85805,0.154199,3.34509,0.00028088,0.0125754,3.17214,0,0.0165788,0,0.00589167,3.17214,0.0108678,3.06343,1.68022,0.000718869,0.0639134,0,0.00276313,0,0.000952684,0.0639134,0.45497,1.14416e-06,5.37764,0.00882371
2053.9583,275.58,276.288,0,0.179655,0,0,0.000848111,0.00216286,-0.000848111,0,0,0,0,0,0,0,0,0,0.000659829,0,1.06793e-06,9.87391e-06,2.97938e-07,1.94405e-05,0,5.87115e-07,1.3887e-08,2.25266e-06,0,14.447,49.6428,9.10531,0.521936,31.8094,0,10.7961,0.0083003,0,2.86447,0.153937,3.345,0.00068482,0.0108023,3.17367,0,0.016554,0,0.00590486,3.17367,0.0108494,3.06343,1.68028,0.000620299,0.0639578,0,0.00275901,0,0.000954825,0.0639578,0.266451,1.06793e-06,5.34173,0.0083003
2054.0417,274.535,275.202,0,0.268035,0,0,0.000983449,0.0019086,-0.000983449,0,0,0,0,0,0,0,0,0,0.000658764,0,1.00321e-06,1.4883e-05,5.4672e-07,2.5091e-05,0,7.86115e-07,1.50484e-08,2.19063e-06,0,14.3985,49.558,9.0906,0.471068,31.8181,0,10.7787,0.00783084,0,2.8704,0.153688,3.34474,0.0010826,0.00956749,3.17449,0,0.0165303,0,0.00591697,3.17449,0.0108319,3.06343,1.68035,0.00055076,0.0639777,0,0.00275506,0,0.000956802,0.0639777,0.403994,1.00321e-06,5.30786,0.00783084
2054.1250,277.807,277.732,0,0.24478,0,0,0.00111453,0.00183271,-0.00111453,0,0,0,0,0,0,0,0,0,0.0006577,0,9.58681e-07,2.08979e-05,1.33305e-06,3.2087e-05,0,1.20903e-06,2.84994e-08,2.28281e-06,0,14.346,49.4734,9.07592,0.430629,31.8213,0,10.7613,0.00738836,0,2.87547,0.15344,3.3443,0.00148678,0.00859328,3.17486,0,0.0165065,0,0.00592725,3.17486,0.0108144,3.06343,1.68041,0.00049579,0.0639822,0,0.00275109,0,0.000958492,0.0639822,1.05523,9.58681e-07,5.27007,0.00738836
2054.2083,284.873,283.913,0.220212,0.191467,0.177475,0.00091926,0.0015461,0.00197448,-0.00062684,4.66716e-06,2.4738e-05,4.02222e-06,6.46652e-08,0.000780926,0.00893354,0.006832,0.114332,0.00109436,0.000656624,4.52844e-09,9.45101e-07,3.04653e-05,1.49243e-06,4.46709e-05,4.58582e-06,2.38642e-06,1.95069e-08,2.64968e-06,2.64028e-07,14.2891,49.3845,9.06104,0.397073,31.8193,0.00704804,10.7592,0.00732194,0.00704804,2.87902,0.153192,3.3436,0.00190006,0.00778519,3.17479,0.000281921,0.0165038,0.00016781,0.00593433,3.17479,0.0107968,3.06343,1.68048,0.000450532,0.0639718,1.87948e-05,0.00275063,7.04804e-06,0.000959673,0.0639718,1.42238,9.4963e-07,5.22811,0.01437
2054.2917,291.086,289.932,4.24487,0.164345,2.55106,0.0109801,0.00426926,0.00206064,0.00671088,0.000102854,0.000157835,8.82096e-05,2.37504e-06,0.00637774,0.0155851,0.0411855,0.461561,0.0154987,0.00065847,1.79972e-07,9.81962e-07,2.80467e-05,9.28469e-07,5.77946e-05,6.46075e-05,2.71762e-06,1.18117e-08,2.91488e-06,3.91789e-06,14.3504,49.4062,9.08079,0.367262,31.8104,0.123958,11.0048,0.012812,0.123958,2.87822,0.153991,3.34265,0.00150895,0.00706656,3.17415,0.00495832,0.0168451,0.00295138,0.00593277,3.17415,0.010842,3.06343,1.6805,0.00041081,0.0639422,0.000330555,0.00280751,0.000123958,0.000959407,0.0639422,3.14582,1.16193e-06,5.26962,0.13677
2054.3750,294.737,293.537,5.05453,0.179731,2.32466,0.0127057,0.00553246,0.00214145,0.00717323,0.000256288,0.000164304,0.000212321,1.47017e-05,0.0141829,0.0120713,0.0578243,0.205293,0.0180763,0.000663569,1.45251e-06,1.06101e-06,1.56339e-05,2.35637e-07,6.71881e-05,7.34573e-05,1.59757e-06,6.58679e-09,3.06529e-06,4.58893e-06,14.5371,49.555,9.1391,0.344805,31.797,0.145203,11.0348,0.0131282,0.145203,2.87609,0.155885,3.34214,0.000693052,0.00652483,3.17311,0.0058081,0.0168891,0.0034572,0.00592888,3.17311,0.0109564,3.06343,1.68046,0.000381503,0.0639019,0.000387207,0.00281485,0.000145203,0.000958698,0.0639019,3.18423,2.51352e-06,5.39798,0.158331
2054.4583,299.59,298.13,5.04481,0.170298,3.29914,0.0121021,0.00627297,0.0023956,0.00582915,0.000242203,0.000162027,0.000195835,1.94389e-05,0.0143144,0.0140949,0.0776668,0.199568,0.0169256,0.000668916,2.52335e-06,1.15726e-06,1.62899e-05,5.31953e-08,8.17183e-05,6.8758e-05,1.60133e-06,4.17058e-09,3.39751e-06,4.29021e-06,14.7091,49.6807,9.20035,0.324581,31.778,0.14496,11.0164,0.0123618,0.14496,2.86908,0.157786,3.34183,0.00054379,0.00603568,3.17155,0.0057984,0.0168659,0.00345143,0.00591481,3.17155,0.0110733,3.06343,1.68042,0.000355347,0.0638479,0.00038656,0.00281098,0.00014496,0.000956359,0.0638479,4.02182,3.68061e-06,5.50871,0.157322
2054.5417,296.229,295.636,5.03495,0.151137,2.91619,0.0109741,0.00559015,0.00199566,0.00538396,0.000237148,0.000149598,0.000193742,1.67673e-05,0.0142229,0.0125976,0.0628617,0.17028,0.0153241,0.000674137,1.9479e-06,1.24388e-06,1.30672e-05,6.08877e-08,7.11015e-05,6.20129e-05,1.32476e-06,3.14624e-09,2.77569e-06,3.8826e-06,14.8678,49.7962,9.26008,0.308551,31.7578,0.144714,10.9977,0.0116285,0.144714,2.86204,0.15961,3.34156,0.000567249,0.00565039,3.16983,0.00578856,0.016842,0.00344557,0.00590061,3.16983,0.0111853,3.06343,1.68039,0.000335031,0.0637934,0.000385904,0.002807,0.000144714,0.000954013,0.0637934,3.37144,3.19178e-06,5.6077,0.156342
2054.6250,294.468,294.026,5.02527,0.127813,2.04553,0.00816249,0.00501068,0.00168347,0.00315181,0.000146893,0.000132103,0.000122248,7.78928e-06,0.0109809,0.0140966,0.0502647,0.176762,0.0109564,0.000677966,8.18495e-07,1.29168e-06,1.19629e-05,8.79592e-08,6.13117e-05,4.4644e-05,1.26575e-06,2.51095e-09,2.30442e-06,2.75318e-06,14.9729,49.8707,9.30336,0.29744,31.7411,0.144472,10.9793,0.0109494,0.144472,2.85935,0.160954,3.34135,0.000747626,0.00538471,3.16837,0.0057789,0.0168183,0.00343982,0.00589528,3.16837,0.0112669,3.06343,1.68036,0.000321278,0.0637502,0.00038526,0.00280304,0.000144472,0.000953115,0.0637502,2.44515,2.11018e-06,5.66952,0.155422
2054.7083,287.858,288.398,4.09346,0.198279,0.836369,0.00510101,0.00353687,0.00260609,0.00156413,6.12753e-05,7.59707e-05,5.03362e-05,1.74321e-06,0.00616756,0.00900277,0.0237622,0.191067,0.00607694,0.00997773,1.22491e-07,1.28387e-06,1.88171e-05,6.38943e-08,1.56376e-05,8.99866e-05,1.50814e-06,1.98547e-09,1.72301e-06,5.83041e-06,14.9793,49.9451,9.30485,0.375132,31.7331,0.11906,10.961,0.0103101,0.11906,2.85753,0.160568,3.34217,0.000768741,0.00733515,3.16761,0.00476135,0.0167943,0.00283476,0.00589167,3.16761,0.0112486,3.0635,1.68036,0.000425572,0.0637324,0.000317395,0.00279905,0.00011906,0.000952509,0.0637324,1.53152,1.40636e-06,5.67444,0.12937
2054.7917,277.522,278.988,0,0.270708,0,0,0.00121299,0.00287839,-0.00121299,0,0,0,0,0,0,0,0,0,0.000664607,0,1.23114e-06,6.90473e-08,2.74573e-08,-4.41555e-06,0,3.34383e-09,2.24254e-09,1.56755e-06,0,14.7132,50.0857,9.18384,0.737272,31.7765,0,10.9427,0.009708,0,2.85873,0.154665,3.34795,7.89945e-05,0.0161916,3.17112,0,0.0167702,0,0.00589424,3.17112,0.0109218,3.06382,1.68039,0.000912993,0.0638579,0,0.00279503,0,0.00095291,0.0638579,0.601508,1.23114e-06,5.52935,0.009708
2054.8750,277.412,277.976,0,0.254859,0,0,0.00130803,0.00304643,-0.00130803,0,0,0,0,0,0,0,0,0,0.000663498,0,1.15773e-06,2.20887e-06,1.13588e-07,8.25793e-06,0,9.91435e-08,8.12209e-09,2.55585e-06,0,14.6539,49.9607,9.16851,0.630971,31.8118,0,10.9244,0.00914122,0,2.86408,0.154407,3.34806,0.000208388,0.0134696,3.17407,0,0.0167458,0,0.00590529,3.17407,0.0109036,3.06382,1.68045,0.000768729,0.0639555,0,0.00279097,0,0.000954692,0.0639555,0.463216,1.15773e-06,5.48538,0.00914122
2054.9583,274.14,274.621,0,0.202918,0,0,0.00107382,0.00190577,-0.00107382,0,0,0,0,0,0,0,0,0,0.000662371,0,1.09307e-06,6.09862e-06,3.56992e-07,1.49564e-05,0,3.18099e-07,1.78933e-08,1.90244e-06,0,14.5949,49.8475,9.15294,0.549557,31.8327,0,10.9059,0.00859897,0,2.87038,0.154145,3.34803,0.000597615,0.0114643,3.1759,0,0.0167209,0,0.00591825,3.1759,0.010885,3.06382,1.68052,0.000657719,0.0640096,0,0.00278682,0,0.000956793,0.0640096,0.526683,1.09307e-06,5.44191,0.00859897
2055.0417,278.298,277.69,0,0.260584,0,0,0.00132769,0.0022276,-0.00132769,0,0,0,0,0,0,0,0,0,0.000661302,0,1.04162e-06,1.43139e-05,4.62199e-07,2.50158e-05,0,6.32982e-07,1.63597e-08,2.49468e-06,0,14.5409,49.7631,9.13816,0.501433,31.8424,0,10.8882,0.00811262,0,2.87839,0.153896,3.34785,0.000937649,0.0102935,3.17678,0,0.0166971,0,0.00593469,3.17678,0.0108675,3.06382,1.68058,0.000592494,0.0640327,0,0.00278284,0,0.000959464,0.0640327,0.84997,1.04162e-06,5.40278,0.00811262
2055.1250,281.53,281.462,0,0.203844,0,0,0.00132715,0.00216507,-0.00132715,0,0,0,0,0,0,0,0,0,0.000660234,0,1.0067e-06,2.20761e-05,1.02868e-06,3.51701e-05,0,1.36806e-06,2.54915e-08,2.66112e-06,0,14.4786,49.6551,9.1234,0.4472,31.8482,0,10.8707,0.00765422,0,2.88114,0.153647,3.34738,0.00141619,0.00897993,3.1774,0,0.0166731,0,0.00594018,3.1774,0.0108499,3.06382,1.68066,0.000517858,0.0640425,0,0.00277884,0,0.000960379,0.0640425,1.13647,1.0067e-06,5.3552,0.00765422
2055.2083,289.292,287.653,2.66817,0.158574,1.54937,0.00642524,0.00339875,0.00215742,0.00302649,5.08365e-05,0.000121169,4.37394e-05,9.91828e-07,0.00454624,0.0215052,0.0277453,0.400381,0.0085571,0.000660303,7.12521e-08,1.00268e-06,2.68599e-05,9.85389e-07,4.67651e-05,3.57503e-05,2.51122e-06,1.40956e-08,2.89859e-06,2.13081e-06,14.4587,49.5959,9.12204,0.406934,31.8468,0.0804104,11.043,0.0115175,0.0804104,2.88345,0.153777,3.34669,0.00154091,0.00801424,3.17742,0.00321642,0.0169125,0.00191453,0.00594489,3.17742,0.0108546,3.06382,1.68071,0.000463327,0.0640328,0.000214428,0.00281874,8.04104e-05,0.000961149,0.0640328,2.14854,1.07393e-06,5.33662,0.091928
2055.2917,293.591,292.476,4.62636,0.17467,2.29047,0.0110196,0.00506617,0.00224749,0.00595341,0.000158934,0.000156342,0.000134158,6.20384e-06,0.00995077,0.0162275,0.0514691,0.277071,0.0154886,0.000664173,5.57546e-07,1.06071e-06,1.9864e-05,4.06876e-07,6.16767e-05,6.38207e-05,1.96769e-06,7.32226e-09,3.18398e-06,3.91602e-06,14.5712,49.6655,9.16565,0.37426,31.8379,0.134412,11.1528,0.0136807,0.134412,2.88212,0.155135,3.34609,0.000978501,0.00722865,3.1768,0.00537646,0.017067,0.00320028,0.00594264,3.1768,0.0109344,3.06382,1.68071,0.000419614,0.064002,0.000358431,0.0028445,0.000134412,0.000960708,0.064002,3.0896,1.61825e-06,5.40559,0.148092
2055.3750,295.609,294.548,4.6181,0.182561,2.75635,0.0125403,0.00571983,0.00232204,0.00682044,0.00028941,0.00016433,0.000235919,2.10472e-05,0.0162562,0.0120448,0.0628828,0.178525,0.0179887,0.000669748,2.24128e-06,1.13648e-06,1.38138e-05,6.66012e-08,7.26685e-05,7.26612e-05,1.30089e-06,4.37937e-09,3.32634e-06,4.56536e-06,14.7435,49.793,9.22944,0.348667,31.823,0.134201,11.1342,0.0128825,0.134201,2.87788,0.156993,3.34569,0.000510726,0.0066117,3.17564,0.00536805,0.0170437,0.00319527,0.00593434,3.17564,0.0110477,3.06382,1.68067,0.000386098,0.0639564,0.00035787,0.00284062,0.000134201,0.000959293,0.0639564,3.62267,3.37777e-06,5.51407,0.147084
2055.4583,299.624,297.99,4.60931,0.129563,3.46031,0.0118535,0.00626515,0.00214306,0.00558839,0.000312217,0.000162522,0.000251203,2.6608e-05,0.018807,0.0139181,0.0769035,0.153065,0.0167894,0.000675666,3.38933e-06,1.23007e-06,8.87599e-06,5.21517e-08,7.18409e-05,6.72244e-05,9.67383e-07,3.54032e-09,3.03408e-06,4.2535e-06,14.9135,49.917,9.29729,0.328018,31.8042,0.133977,11.1156,0.0121304,0.133977,2.87135,0.158914,3.34552,0.000462796,0.00611434,3.17411,0.00535909,0.0170201,0.00318993,0.00592123,3.17411,0.0111668,3.06382,1.68063,0.000359536,0.0639028,0.000357272,0.00283669,0.000133977,0.000957118,0.0639028,3.89535,4.6194e-06,5.6162,0.146108
2055.5417,297.446,296.758,4.6004,0.134085,2.90347,0.0104216,0.00575438,0.00181878,0.00466722,0.000281021,0.000149147,0.000228002,2.17857e-05,0.0176789,0.0133841,0.0672022,0.137209,0.0146143,0.000680877,2.66958e-06,1.31227e-06,6.92386e-06,6.68496e-08,6.23246e-05,5.83909e-05,8.25281e-07,2.90657e-09,2.51821e-06,3.69619e-06,15.0466,50.0164,9.35674,0.313699,31.7879,0.13375,11.0968,0.0114108,0.13375,2.86816,0.160582,3.34552,0.000511702,0.00577018,3.17274,0.00534999,0.0169959,0.00318452,0.00591491,3.17274,0.011271,3.06382,1.68059,0.000341392,0.0638583,0.000356666,0.00283265,0.00013375,0.000956055,0.0638583,3.4522,3.98185e-06,5.68987,0.145161
2055.6250,294.744,294.463,4.59164,0.124066,2.03639,0.00805291,0.00501728,0.00145573,0.00303563,0.000186167,0.000133624,0.000153805,1.12177e-05,0.0141377,0.0141959,0.0525821,0.13934,0.0109765,0.000684816,1.21405e-06,1.35679e-06,5.83845e-06,8.20658e-08,4.96728e-05,4.41983e-05,8.54262e-07,2.32442e-09,1.96686e-06,2.75641e-06,15.1387,50.0844,9.40119,0.303545,31.7742,0.133526,11.0783,0.0107444,0.133526,2.86796,0.161866,3.3455,0.000638141,0.00552719,3.17155,0.00534106,0.0169718,0.0031792,0.00591468,3.17155,0.0113496,3.06382,1.68056,0.000328712,0.0638223,0.000356071,0.00282864,0.000133526,0.000955988,0.0638223,2.52292,2.57084e-06,5.73752,0.144271
2055.7083,286.914,287.879,3.72713,0.105901,1.08692,0.0050218,0.00341269,0.0017547,0.00160911,9.24129e-05,7.59948e-05,7.32107e-05,3.10399e-06,0.00891313,0.00865071,0.0241202,0.123247,0.00607502,0.00928042,2.32729e-07,1.34688e-06,5.02786e-06,8.44298e-08,6.49262e-06,8.49432e-05,5.17959e-07,1.90445e-09,1.1116e-06,5.5201e-06,15.1487,50.1687,9.40748,0.380409,31.7686,0.11004,11.0598,0.0101171,0.11004,2.87099,0.161588,3.34661,0.000628781,0.0074387,3.17103,0.00440028,0.0169476,0.00261999,0.00592104,3.17103,0.0113382,3.06388,1.68054,0.000432122,0.0638094,0.000293323,0.00282459,0.00011004,0.000956997,0.0638094,1.41573,1.57961e-06,5.74122,0.120157
2055.7917,280.897,281.876,0,0.166962,0,0,0.00140107,0.00283011,-0.00140107,0,0,0,0,0,0,0,0,0,0.000672897,0,1.27698e-06,1.77007e-11,1.66965e-08,-5.51623e-06,0,9.66414e-13,1.52846e-09,1.55136e-06,0,14.8978,50.3095,9.29531,0.730942,31.8047,0,11.0413,0.00952628,0,2.87614,0.156114,3.35205,7.38935e-05,0.0159793,3.17395,0,0.0169231,0,0.00593171,3.17395,0.0110351,3.06418,1.68056,0.000904597,0.0639134,0,0.00282051,0,0.000958713,0.0639134,0.305253,1.27698e-06,5.60247,0.00952628
2055.8750,275.013,276.202,0,0.271417,0,0,0.00116108,0.0028397,-0.00116108,0,0,0,0,0,0,0,0,0,0.000671773,0,1.20417e-06,1.70482e-06,1.56442e-08,6.35922e-06,0,7.85921e-08,1.28715e-09,2.32659e-06,0,14.8363,50.1809,9.27979,0.622329,31.8414,0,11.0228,0.00897011,0,2.88083,0.155853,3.35217,0.000179297,0.0131846,3.17701,0,0.0168984,0,0.00594137,3.17701,0.0110166,3.06418,1.68062,0.00075587,0.0640156,0,0.0028164,0,0.000960277,0.0640156,0.769789,1.20417e-06,5.55654,0.00897011
2055.9583,273.84,274.375,0,0.401678,0,0,0.00113962,0.00207767,-0.00113962,0,0,0,0,0,0,0,0,0,0.000670633,0,1.14735e-06,6.9145e-06,1.06693e-07,1.64574e-05,0,3.1527e-07,5.98316e-09,2.09359e-06,0,14.7789,50.076,9.26404,0.54802,31.8607,0,11.0041,0.00843801,0,2.88832,0.155588,3.35216,0.000542915,0.0113729,3.1787,0,0.0168732,0,0.00595675,3.1787,0.0109979,3.06418,1.68069,0.000655219,0.0640658,0,0.0028122,0,0.000962775,0.0640658,0.928509,1.14735e-06,5.51482,0.00843801
2056.0417,274.452,274.679,0,0.274402,0,0,0.000999283,0.0017927,-0.000999283,0,0,0,0,0,0,0,0,0,0.00066955,0,1.10319e-06,1.15469e-05,6.48568e-07,2.03449e-05,0,6.33183e-07,2.32803e-08,1.9908e-06,0,14.7236,49.9851,9.24908,0.495289,31.8709,0,10.9864,0.00796076,0,2.89529,0.155337,3.35199,0.000946327,0.0101008,3.17963,0,0.016849,0,0.00597099,3.17963,0.0109802,3.06418,1.68075,0.000583481,0.0640899,0,0.00280817,0,0.000965098,0.0640899,0.720854,1.10319e-06,5.47457,0.00796076
2056.1250,275.502,275.65,0,0.226794,0,0,0.00100449,0.00182698,-0.00100449,0,0,0,0,0,0,0,0,0,0.000668469,0,1.04811e-06,1.77085e-05,6.31827e-07,2.68237e-05,0,1.02502e-06,1.31457e-08,2.20166e-06,0,14.6751,49.9096,9.23414,0.455931,31.8761,0,10.9686,0.00751094,0,2.90247,0.155086,3.35167,0.0012886,0.0091561,3.18016,0,0.0168247,0,0.00598561,3.18016,0.0109624,3.06418,1.68081,0.000529743,0.0641002,0,0.00280412,0,0.000967491,0.0641002,0.62946,1.04811e-06,5.44094,0.00751094
2056.2083,284.79,283.883,0,0.186272,0,0,0.00142456,0.00208431,-0.00142456,0,0,0,0,0,0,0,0,0,0.000667352,0,1.0128e-06,2.76031e-05,1.42667e-06,4.2294e-05,0,2.10825e-06,2.09137e-08,2.73206e-06,0,14.6152,49.8137,9.21872,0.415951,31.8766,0,10.9503,0.0070723,0,2.90602,0.154827,3.35107,0.00173708,0.0082001,3.18031,0,0.0167995,0,0.00599266,3.18031,0.0109441,3.06417,1.68088,0.000475125,0.0640958,0,0.00279991,0,0.000968674,0.0640958,1.1378,1.0128e-06,5.39649,0.0070723
2056.2917,291.414,290.097,1.80873,0.174755,1.47794,0.00631094,0.00324223,0.00222554,0.00306871,4.3571e-05,0.000107751,3.74458e-05,8.60098e-07,0.00338284,0.0168441,0.0326844,0.412768,0.00869682,0.000667183,7.63694e-08,1.00223e-06,3.66963e-05,1.20556e-06,5.80554e-05,3.644e-05,3.44052e-06,1.24896e-08,3.10657e-06,2.18047e-06,14.5822,49.7391,9.21453,0.381962,31.8695,0.0546893,11.0641,0.00966166,0.0546893,2.90545,0.154879,3.35008,0.0019819,0.00738642,3.17984,0.00218757,0.0169573,0.00130213,0.00599123,3.17984,0.0109442,3.06417,1.68095,0.000429463,0.0640703,0.000145838,0.00282621,5.46893e-05,0.000968483,0.0640703,2.28892,1.0786e-06,5.3677,0.0643509
2056.3750,294.753,293.515,4.76135,0.155091,2.92427,0.0128601,0.00547794,0.00212283,0.00738215,0.000182955,0.000164796,0.000154017,7.62186e-06,0.0100614,0.0111886,0.0579052,0.300316,0.0183325,0.000672087,7.86888e-07,1.07815e-06,2.03248e-05,5.11039e-07,6.42048e-05,7.55894e-05,2.23478e-06,7.90192e-09,3.04035e-06,4.6548e-06,14.7392,49.8553,9.27046,0.356245,31.8567,0.137835,11.2467,0.0135639,0.137835,2.90308,0.156571,3.34927,0.00106569,0.00677081,3.17888,0.00551339,0.0172121,0.00328178,0.00598669,3.17888,0.0110445,3.06417,1.68092,0.000395693,0.0640306,0.000367559,0.00286869,0.000137835,0.000967695,0.0640306,3.55992,1.86504e-06,5.46879,0.151399
2056.4583,299.211,297.294,4.78625,0.10778,3.29076,0.011156,0.00594874,0.00170318,0.0052073,0.000292342,0.000159276,0.000238805,2.0802e-05,0.0191236,0.0171724,0.0726995,0.150153,0.0155745,0.000677842,2.54357e-06,1.17198e-06,5.64775e-06,1.45413e-07,5.33249e-05,6.22713e-05,7.8082e-07,4.68465e-09,2.4018e-06,3.93751e-06,14.9086,49.987,9.33647,0.33687,31.8415,0.138469,11.23,0.0128176,0.138469,2.9,0.15847,3.34899,0.000571704,0.00630749,3.17766,0.00553874,0.0171914,0.00329687,0.00598077,3.17766,0.0111608,3.06417,1.68088,0.000370724,0.063986,0.00036925,0.00286524,0.000138469,0.000966668,0.063986,3.68856,3.71555e-06,5.57215,0.151286
2056.5417,298.903,297.605,4.77696,0.117356,2.78204,0.00925062,0.00567114,0.00154964,0.00357948,0.000283801,0.000143429,0.000228472,2.41232e-05,0.0203655,0.016593,0.067692,0.108302,0.0126736,0.000682597,3.03638e-06,1.25183e-06,3.65525e-06,6.67187e-08,4.91939e-05,5.00177e-05,5.0321e-07,3.18893e-09,2.14346e-06,3.19186e-06,15.0261,50.0791,9.3906,0.323821,31.8291,0.138234,11.2109,0.0120572,0.138234,2.90006,0.159995,3.34904,0.000432538,0.00599335,3.17664,0.00552934,0.0171672,0.00329128,0.00598124,3.17664,0.0112562,3.06417,1.68083,0.00035391,0.0639509,0.000368623,0.00286119,0.000138234,0.000966687,0.0639509,3.22075,4.28821e-06,5.63554,0.150291
2056.6250,294.128,293.844,4.76783,0.051219,0.954904,0.0030017,0.00350455,0.000728366,-0.000502846,5.09959e-05,9.86083e-05,4.24356e-05,2.72055e-06,0.011626,0.0360217,0.0411235,0.120892,0.00316891,0.00068414,2.75651e-07,1.2485e-06,3.58551e-07,9.13187e-08,2.08133e-05,1.27281e-05,7.68001e-08,2.43456e-09,9.69234e-07,7.39678e-07,15.0295,50.0771,9.40672,0.317443,31.8228,0.138003,11.1922,0.0113531,0.138003,2.9074,0.160538,3.34917,0.00067464,0.00584862,3.17611,0.00552011,0.0171431,0.00328578,0.00599667,3.17611,0.0112881,3.06417,1.68082,0.000346423,0.0639335,0.000368007,0.00285718,0.000138003,0.000969132,0.0639335,1.06538,1.52415e-06,5.62279,0.149356
2056.7083,286.915,287.649,3.86385,0.172322,0.646369,0.00424065,0.00318758,0.00215566,0.00105307,6.82474e-05,7.54623e-05,5.43275e-05,2.01861e-06,0.0080399,0.012215,0.022201,0.134885,0.00507194,0.00956601,1.36626e-07,1.21043e-06,1.02677e-05,7.14581e-08,5.9641e-06,8.22719e-05,9.21005e-07,1.82359e-09,1.41993e-06,5.34778e-06,14.9756,50.1088,9.39084,0.395109,31.8236,0.113728,11.1735,0.0106903,0.113728,2.91448,0.159674,3.35027,0.000643237,0.00777775,3.17617,0.0045481,0.0171187,0.00270782,0.00601149,3.17617,0.0112393,3.06424,1.68082,0.000450005,0.0639364,0.000303176,0.00285312,0.000113728,0.000971495,0.0639364,1.29977,1.34706e-06,5.58471,0.124419
2056.7917,279.79,280.954,0,0.222118,0,0,0.00134281,0.0033036,-0.00134281,0,0,0,0,0,0,0,0,0,0.000669851,0,1.16257e-06,1.67431e-07,1.566e-08,-4.42909e-06,0,8.69949e-09,1.33884e-09,1.98245e-06,0,14.7151,50.2341,9.27413,0.736654,31.8662,0,11.1548,0.010066,0,2.91614,0.154001,3.35583,7.9044e-05,0.0160874,3.17965,0,0.0170942,0,0.00601499,3.17965,0.010925,3.06455,1.68086,0.000909739,0.064058,0,0.00284903,0,0.000972047,0.064058,0.594143,1.16257e-06,5.44094,0.010066
2056.8750,275.729,276.616,0,0.243553,0,0,0.00115169,0.00291731,-0.00115169,0,0,0,0,0,0,0,0,0,0.000668733,0,1.09382e-06,2.75268e-06,4.87375e-08,1.01687e-05,0,1.25189e-07,3.50759e-09,2.60506e-06,0,14.6572,50.1052,9.25865,0.625452,31.9018,0,11.1362,0.00947829,0,2.92083,0.153744,3.35593,0.000245745,0.0132594,3.18266,0,0.0170694,0,0.0060247,3.18266,0.0109068,3.06455,1.68093,0.000758111,0.0641546,0,0.00284491,0,0.000973612,0.0641546,0.413171,1.09382e-06,5.39854,0.00947829
2056.9583,274.497,275.082,0,0.234166,0,0,0.00106646,0.00200486,-0.00106646,0,0,0,0,0,0,0,0,0,0.000667598,0,1.02934e-06,8.45642e-06,2.86018e-07,1.82245e-05,0,4.19565e-07,1.47726e-08,2.10715e-06,0,14.6001,49.9947,9.24293,0.547176,31.9204,0,11.1173,0.00891604,0,2.92705,0.153483,3.35586,0.0006666,0.0113503,3.18433,0,0.0170441,0,0.00603749,3.18433,0.0108883,3.06455,1.681,0.000651418,0.0642009,0,0.00284069,0,0.000975684,0.0642009,0.621641,1.02934e-06,5.35715,0.00891604
2057.0417,273.055,273.213,0,0.604794,0,0,0.000906271,0.0016345,-0.000906271,0,0,0,0,0,0,0,0,0,0.000666519,0,9.89938e-07,1.23824e-05,4.66568e-07,1.96587e-05,0,6.02665e-07,1.45404e-08,1.88015e-06,0,14.5498,49.918,9.228,0.504243,31.9281,0,11.0994,0.00841176,0,2.93593,0.153235,3.35567,0.00100282,0.0103174,3.18505,0,0.0170199,0,0.00605572,3.18505,0.0108707,3.06455,1.68106,0.000594023,0.0642182,0,0.00283664,0,0.000978642,0.0642182,0.762722,9.89938e-07,5.32177,0.00841176
2057.1250,280.655,279.709,0,0.340727,0,0,0.00133933,0.00212095,-0.00133933,0,0,0,0,0,0,0,0,0,0.000665443,0,9.40897e-07,2.03466e-05,1.00932e-06,3.28534e-05,0,1.18489e-06,2.20381e-08,2.6461e-06,0,14.4979,49.8364,9.2131,0.463288,31.9327,0,11.0814,0.00793645,0,2.94251,0.152988,3.3553,0.00136948,0.00932774,3.18555,0,0.0169954,0,0.00606915,3.18555,0.0108531,3.06454,1.68112,0.000537954,0.0642257,0,0.00283257,0,0.000980837,0.0642257,0.628234,9.40897e-07,5.28481,0.00793645
2057.2083,290.901,289.686,1.1548,0.170104,0.783189,0.00411811,0.00288419,0.00244012,0.00123392,3.43567e-05,8.25973e-05,2.95594e-05,6.33365e-07,0.00327688,0.0163381,0.0219698,0.310159,0.00654866,0.000665064,4.57182e-08,9.24106e-07,3.57792e-05,1.28344e-06,5.40398e-05,2.79133e-05,3.22619e-06,1.90219e-08,3.32548e-06,1.62638e-06,14.4432,49.7326,9.20597,0.416604,31.9307,0.0357333,11.1504,0.00946619,0.0357333,2.9422,0.152909,3.35446,0.00172365,0.00820557,3.18555,0.00142933,0.0170913,0.000850794,0.0060683,3.18555,0.0108452,3.06454,1.6812,0.000474144,0.0642121,9.52889e-05,0.00284855,3.57333e-05,0.000980733,0.0642121,1.83578,9.69824e-07,5.2372,0.0451995
2057.2917,290.982,290.259,3.95115,0.19522,2.09808,0.0111359,0.00509681,0.00226713,0.00603911,0.000208354,0.000158104,0.000175384,8.71231e-06,0.0126687,0.0137038,0.0426494,0.280904,0.0187101,0.000671337,6.7164e-07,9.7822e-07,2.02607e-05,3.38411e-07,6.29377e-05,7.79702e-05,1.73983e-06,8.89652e-09,3.24925e-06,4.73219e-06,14.5408,49.7831,9.27387,0.382473,31.9203,0.116889,11.3305,0.0133381,0.116889,2.9396,0.15448,3.35365,0.000881535,0.00738648,3.18484,0.00467557,0.0173427,0.00278308,0.00606322,3.18484,0.0109358,3.06454,1.68119,0.000428766,0.0641764,0.000311704,0.00289045,0.000116889,0.000979868,0.0641764,2.98722,1.64986e-06,5.26688,0.130227
2057.3750,295.745,294.644,4.02668,0.221818,1.85748,0.0121606,0.0060775,0.00256004,0.00608313,0.000416118,0.000163991,0.000332454,3.81704e-05,0.0239569,0.0125068,0.0629915,0.140416,0.0205407,0.000679896,4.06425e-06,1.04116e-06,9.65161e-06,3.91189e-08,8.05395e-05,8.24439e-05,7.36405e-07,7.15448e-09,3.69795e-06,5.20725e-06,14.6988,49.8929,9.36754,0.355913,31.904,0.118896,11.317,0.0126771,0.118896,2.93418,0.156677,3.35342,0.00035502,0.00674674,3.18358,0.00475584,0.0173263,0.00283085,0.0060524,3.18358,0.0110701,3.06454,1.68114,0.000394102,0.0641264,0.000317056,0.00288771,0.000118896,0.000978059,0.0641264,3.03872,5.10541e-06,5.33121,0.131573
2057.4583,298.967,297.387,4.01912,0.138929,3.26866,0.0119709,0.00630807,0.00222955,0.00566282,0.000513339,0.000162986,0.000403801,5.46338e-05,0.030081,0.0126965,0.0745054,0.106394,0.0201481,0.000688317,6.81634e-06,1.12835e-06,7.41886e-06,5.02618e-08,7.52375e-05,7.91023e-05,7.39199e-07,9.5698e-09,3.17839e-06,5.10711e-06,14.8599,50.0041,9.45967,0.334152,31.8838,0.118697,11.2981,0.011937,0.118697,2.92617,0.158941,3.35343,0.000284825,0.00622392,3.18194,0.00474789,0.0173021,0.00282613,0.00603616,3.18194,0.0112126,3.06454,1.68109,0.000366203,0.0640683,0.000316526,0.00288369,0.000118697,0.000975391,0.0640683,3.74603,7.94469e-06,5.40026,0.130634
2057.5417,299.494,298.236,4.01146,0.111068,2.94985,0.00959973,0.00583178,0.00164306,0.00376794,0.000483126,0.000149164,0.00038378,4.73676e-05,0.0330829,0.0139259,0.0723485,0.0803202,0.0157488,0.000695111,6.1586e-06,1.21486e-06,2.03086e-06,7.80172e-08,5.47125e-05,6.04302e-05,3.273e-07,6.03701e-09,2.27231e-06,3.9694e-06,14.98,50.0912,9.53341,0.319886,31.8678,0.118496,11.2789,0.0112289,0.118496,2.92357,0.160819,3.35363,0.000303652,0.00588322,3.1806,0.00473984,0.0172773,0.00282133,0.00603099,3.1806,0.0113344,3.06454,1.68103,0.00034835,0.0640242,0.000315989,0.00287956,0.000118496,0.000974523,0.0640242,3.42684,7.37345e-06,5.44656,0.129725
2057.6250,293.772,293.887,4.00394,0.139551,1.67343,0.00781445,0.00467866,0.00155245,0.00313579,0.00029606,0.000133302,0.000239326,2.40672e-05,0.0228118,0.0133182,0.0508079,0.0985538,0.012644,0.000699816,2.61378e-06,1.25852e-06,5.53686e-06,5.95949e-08,5.31656e-05,5.00746e-05,7.04582e-07,3.75345e-09,2.11569e-06,3.17261e-06,15.0571,50.1446,9.58364,0.309768,31.8548,0.118298,11.2601,0.0105731,0.118298,2.92297,0.162212,3.35376,0.000392595,0.00563985,3.17948,0.00473192,0.0172527,0.00281662,0.00602989,3.17948,0.0114224,3.06454,1.68098,0.000335498,0.0639895,0.000315461,0.00287546,0.000118298,0.000974325,0.0639895,2.18445,3.8723e-06,5.47344,0.128871
2057.7083,287.503,288.114,3.26845,0.163101,0.782161,0.00483481,0.00326092,0.00221241,0.0015739,0.00010885,8.04441e-05,8.11503e-05,4.38925e-06,0.0109625,0.010419,0.0224898,0.117259,0.00710215,0.00831595,3.08146e-07,1.24303e-06,1.06331e-05,4.61058e-08,2.1329e-05,8.22796e-05,1.05989e-06,2.58078e-09,1.67856e-06,5.29884e-06,15.0719,50.2146,9.59638,0.373543,31.8464,0.0974897,11.2413,0.00995582,0.0974897,2.92275,0.162206,3.35464,0.000469539,0.00721227,3.17872,0.00389844,0.0172279,0.00232118,0.00602948,3.17872,0.0114271,3.0646,1.68097,0.000420634,0.0639694,0.000259855,0.00287132,9.74897e-05,0.000974251,0.0639694,1.28178,1.55118e-06,5.47548,0.107446
2057.7917,279.155,280.479,0,0.221382,0,0,0.00119497,0.00299381,-0.00119497,0,0,0,0,0,0,0,0,0,0.000690341,0,1.18903e-06,4.70742e-08,1.67459e-08,-3.85025e-06,0,2.41421e-09,1.95042e-09,1.72514e-06,0,14.8519,50.3243,9.49896,0.664804,31.8827,0,11.2225,0.0093744,0,2.92491,0.157446,3.35941,6.48472e-05,0.0142211,3.18165,0,0.0172029,0,0.00603391,3.18165,0.0111634,3.06486,1.68099,0.000810461,0.0640743,0,0.00286715,0,0.000974969,0.0640743,0.730401,1.18903e-06,5.35295,0.0093744
2057.8750,275.435,276.048,0,0.243257,0,0,0.00106509,0.00248188,-0.00106509,0,0,0,0,0,0,0,0,0,0.000689189,0,1.1313e-06,3.89305e-06,3.50679e-08,1.33871e-05,0,1.84218e-07,3.0462e-09,2.25101e-06,0,14.7966,50.2098,9.4831,0.570409,31.9123,0,11.2038,0.0088271,0,2.93053,0.157183,3.3595,0.000291604,0.011848,3.18413,0,0.0171777,0,0.00604545,3.18413,0.0111447,3.06486,1.68106,0.000683006,0.0641559,0,0.00286296,0,0.000976845,0.0641559,0.592181,1.1313e-06,5.31346,0.0088271
2057.9583,275.219,275.794,0,0.217183,0,0,0.00101493,0.00188198,-0.00101493,0,0,0,0,0,0,0,0,0,0.000688019,0,1.07203e-06,8.8341e-06,2.18258e-07,2.00652e-05,0,4.82798e-07,1.02398e-08,1.98438e-06,0,14.7411,50.1087,9.467,0.503685,31.9269,0,11.1848,0.00830348,0,2.93703,0.156916,3.35939,0.000757019,0.0102376,3.18542,0,0.017152,0,0.00605873,3.18542,0.0111258,3.06486,1.68112,0.000592425,0.0641932,0,0.00285866,0,0.000979011,0.0641932,0.742414,1.07203e-06,5.27409,0.00830348
2058.0417,273.61,273.752,0,0.383105,0,0,0.000874627,0.00165945,-0.000874627,0,0,0,0,0,0,0,0,0,0.000686908,0,1.02675e-06,1.46296e-05,4.27762e-07,2.2614e-05,0,7.97455e-07,1.00058e-08,1.91572e-06,0,14.6924,50.0357,9.45171,0.464777,31.9331,0,11.1667,0.00783384,0,2.94552,0.156663,3.35918,0.00113334,0.00931199,3.186,0,0.0171273,0,0.00607607,3.186,0.0111078,3.06486,1.68118,0.000540301,0.0642075,0,0.00285455,0,0.000981841,0.0642075,0.753405,1.02675e-06,5.24064,0.00783384
2058.1250,280.851,280.297,0,0.22646,0,0,0.00113245,0.00200421,-0.00113245,0,0,0,0,0,0,0,0,0,0.000685798,0,9.93504e-07,2.29862e-05,8.86491e-07,3.64495e-05,0,1.4036e-06,1.55972e-08,2.50789e-06,0,14.6417,49.9553,9.43645,0.426942,31.9356,0,11.1487,0.00739119,0,2.95106,0.15641,3.35872,0.00152522,0.00841091,3.18629,0,0.0171025,0,0.00608726,3.18629,0.0110899,3.06486,1.68124,0.000488846,0.0642106,0,0.00285042,0,0.000983687,0.0642106,1.08661,9.93504e-07,5.20525,0.00739119
2058.2083,287.457,286.642,0.880059,0.18,0.567746,0.00266846,0.00190287,0.00211289,0.000765596,1.57432e-05,5.64345e-05,1.36182e-05,2.02072e-07,0.00165156,0.011953,0.0133425,0.247671,0.00363723,0.000684811,1.32354e-08,9.71494e-07,3.36874e-05,1.61722e-06,5.11559e-05,1.53065e-05,2.8491e-06,1.89006e-08,2.84991e-06,9.00099e-07,14.5887,49.8619,9.42254,0.389951,31.9315,0.0270213,11.1801,0.0081049,0.0270213,2.95182,0.156215,3.3579,0.00201205,0.00753183,3.18605,0.00108085,0.0171461,0.000643364,0.0060885,3.18605,0.0110752,3.06486,1.68132,0.000438993,0.0641943,7.20568e-05,0.00285769,2.70213e-05,0.000983939,0.0641943,1.54032,9.84729e-07,5.16613,0.0351262
2058.2917,288.473,287.877,5.90988,0.211967,1.94932,0.0124889,0.00434884,0.00205138,0.00814003,0.000144469,0.000159019,0.000123649,3.67431e-06,0.00780878,0.0135892,0.0323141,0.392353,0.0183047,0.000687382,2.36366e-07,1.00923e-06,2.62415e-05,6.79618e-07,5.99927e-05,7.62123e-05,2.05207e-06,1.2083e-08,2.89693e-06,4.64905e-06,14.7101,49.9457,9.45057,0.363111,31.9213,0.165822,11.4186,0.0133805,0.165822,2.9512,0.15747,3.35695,0.00122757,0.00689416,3.18528,0.00663288,0.0174779,0.00394814,0.00608738,3.18528,0.011148,3.06486,1.68131,0.000403753,0.0641623,0.000442192,0.00291298,0.000165822,0.000983732,0.0641623,2.95231,1.2456e-06,5.25954,0.179203
2058.3750,296.406,294.49,6.35253,0.134911,3.62061,0.0130807,0.00590636,0.00198177,0.00717432,0.000422496,0.000164753,0.000340639,3.53522e-05,0.0232847,0.0113191,0.0611952,0.13761,0.018854,0.000692443,3.73053e-06,1.10205e-06,9.2562e-06,1.50233e-07,6.28968e-05,7.45391e-05,9.55266e-07,1.09017e-08,2.80355e-06,4.78908e-06,14.9257,50.1226,9.5079,0.341915,31.9066,0.17656,11.4199,0.0130469,0.17656,2.94839,0.159585,3.35658,0.000419714,0.00638905,3.1841,0.0070624,0.0174822,0.00420381,0.00608202,3.1841,0.0112775,3.06486,1.68125,0.000376397,0.0641194,0.000470827,0.00291369,0.00017656,0.000982797,0.0641194,3.95005,4.83258e-06,5.41782,0.189607
2058.4583,298.501,297.166,6.33995,0.189715,2.61782,0.013058,0.00654685,0.00233165,0.0065111,0.000432034,0.000161563,0.000342009,4.34483e-05,0.0235607,0.0133084,0.0726997,0.128788,0.0186012,0.000697603,5.33934e-06,1.20511e-06,9.77529e-06,4.33862e-08,7.96171e-05,7.33447e-05,8.53302e-07,6.89497e-09,3.269e-06,4.72735e-06,15.1061,50.2653,9.56642,0.325088,31.89,0.176265,11.4009,0.0122852,0.176265,2.94413,0.161535,3.35665,0.000333375,0.00598632,3.18272,0.00705061,0.0174579,0.00419679,0.00607356,3.18272,0.0114033,3.06486,1.68119,0.000354855,0.064073,0.000470041,0.00290965,0.000176265,0.000981378,0.064073,3.74433,6.54445e-06,5.53968,0.18855
2058.5417,296.989,296.32,6.32718,0.154255,2.88282,0.0116834,0.00600325,0.00207688,0.0056802,0.000283017,0.000149801,0.0002282,2.35263e-05,0.0161729,0.0116339,0.0651304,0.151493,0.0164632,0.0007027,2.81268e-06,1.28354e-06,1.24841e-05,8.80382e-08,7.40108e-05,6.6374e-05,1.37262e-06,7.82382e-09,2.85758e-06,4.17876e-06,15.2769,50.3909,9.62415,0.309262,31.8687,0.175966,11.3815,0.0115564,0.175966,2.93601,0.163469,3.3565,0.000465236,0.00560921,3.1809,0.00703864,0.017433,0.00418967,0.006057,3.1809,0.0115237,3.06486,1.68115,0.000334914,0.0640163,0.000469243,0.0029055,0.000175966,0.00097867,0.0640163,3.42379,4.09622e-06,5.65278,0.187523
2058.6250,294.759,294.449,6.31465,0.152107,2.00575,0.00890015,0.00532146,0.00184124,0.00357868,0.000175469,0.000133063,0.000144406,1.1194e-05,0.0121663,0.0128203,0.0519306,0.163713,0.0120558,0.000706646,1.20089e-06,1.3266e-06,1.24398e-05,1.13767e-07,6.69636e-05,4.90553e-05,1.51805e-06,4.87671e-09,2.48565e-06,3.03852e-06,15.3993,50.4795,9.66837,0.29815,31.8506,0.175672,11.3625,0.0108815,0.175672,2.9314,0.164972,3.3563,0.000631227,0.00534549,3.17931,0.00702689,0.0174083,0.00418267,0.00604762,3.17931,0.0116157,3.06486,1.68112,0.000321114,0.0639699,0.000468459,0.00290138,0.000175672,0.000977133,0.0639699,2.52645,2.5275e-06,5.73091,0.186554
2058.7083,288.353,288.961,5.1307,0.13759,1.10207,0.0054675,0.00372212,0.00231008,0.00174538,8.46721e-05,7.5028e-05,6.73601e-05,2.34557e-06,0.0079029,0.00954662,0.0232882,0.143463,0.00647182,0.0120142,1.54954e-07,1.31558e-06,9.58163e-06,1.4693e-07,9.30259e-06,0.000105402,1.05735e-06,3.32393e-09,1.39403e-06,6.85884e-06,15.4024,50.577,9.66346,0.399542,31.8438,0.144772,11.3435,0.0102462,0.144772,2.93122,0.164377,3.35763,0.000683711,0.00787445,3.17865,0.00579017,0.0173833,0.00344695,0.00604732,3.17865,0.0115865,3.06494,1.6811,0.000457535,0.0639554,0.00038598,0.00289722,0.000144772,0.000977074,0.0639554,1.46542,1.47053e-06,5.73895,0.155018
2058.7917,281.654,282.813,0,0.210407,0,0,0.00138676,0.0033963,-0.00138676,0,0,0,0,0,0,0,0,0,0.000689767,0,1.26007e-06,4.2359e-09,2.18679e-08,-4.98839e-06,0,3.46812e-10,2.3544e-09,1.81369e-06,0,15.0821,50.7652,9.51598,0.861616,31.8892,0,11.3246,0.00964785,0,2.93228,0.157203,3.36475,5.94754e-05,0.0191348,3.1823,0,0.0173581,0,0.00604952,3.1823,0.0111898,3.06533,1.68113,0.00108021,0.0640875,0,0.00289302,0,0.000977428,0.0640875,0.539088,1.26007e-06,5.5661,0.00964785
2058.8750,275.439,276.499,0,0.291154,0,0,0.00113786,0.00312201,-0.00113786,0,0,0,0,0,0,0,0,0,0.000688615,0,1.19244e-06,5.28838e-07,6.31252e-08,1.80363e-07,0,2.78139e-08,6.47628e-09,2.3523e-06,0,15.0215,50.6261,9.50009,0.735442,31.9328,0,11.3057,0.00908459,0,2.93639,0.15694,3.36487,8.86801e-05,0.0158725,3.18592,0,0.0173328,0,0.00605794,3.18592,0.0111712,3.06533,1.6812,0.000908517,0.0642091,0,0.0028888,0,0.000978798,0.0642091,0.729676,1.19244e-06,5.52139,0.00908459
2058.9583,275.298,275.494,0,0.248095,0,0,0.00112147,0.00253387,-0.00112147,0,0,0,0,0,0,0,0,0,0.000687447,0,1.1286e-06,4.31673e-06,1.73584e-07,1.06694e-05,0,2.14725e-07,1.42179e-08,2.39751e-06,0,14.9652,50.5131,9.48397,0.64417,31.9595,0,11.2865,0.0085457,0,2.94421,0.156674,3.36494,0.000324624,0.0136308,3.18823,0,0.0173069,0,0.00607396,3.18823,0.0111522,3.06533,1.68127,0.000785192,0.0642789,0,0.00288448,0,0.000981403,0.0642789,0.5248,1.1286e-06,5.48127,0.0085457
2059.0417,276.403,276.712,0,0.207411,0,0,0.001065,0.00225964,-0.001065,0,0,0,0,0,0,0,0,0,0.000686336,0,1.0704e-06,9.8119e-06,2.28586e-07,1.81918e-05,0,5.46782e-07,1.10389e-08,2.39978e-06,0,14.9106,50.4104,9.46865,0.572523,31.9766,0,11.2683,0.00806236,0,2.95069,0.156421,3.36485,0.000660981,0.0118921,3.18978,0,0.0172821,0,0.00608717,3.18978,0.0111342,3.06533,1.68134,0.000686931,0.0643207,0,0.00288034,0,0.000983564,0.0643207,0.707911,1.0704e-06,5.44195,0.00806236
2059.1250,283.636,283.069,0,0.227406,0,0,0.00142499,0.00269795,-0.00142499,0,0,0,0,0,0,0,0,0,0.000685228,0,1.02986e-06,1.89344e-05,3.85345e-07,3.35499e-05,0,9.88081e-07,1.20826e-08,3.19881e-06,0,14.8526,50.3041,9.45335,0.509892,31.9868,0,11.2501,0.0076068,0,2.95474,0.156168,3.36454,0.00109916,0.0103816,3.19079,0,0.0172571,0,0.00609529,3.19079,0.0111162,3.06533,1.68142,0.000600795,0.0643418,0,0.00287618,0,0.000984915,0.0643418,1.08567,1.02986e-06,5.39926,0.0076068
2059.2083,287.888,287.103,1.91774,0.204406,1.13625,0.00550527,0.002723,0.0025978,0.00278227,3.54593e-05,9.55873e-05,3.04323e-05,7.6134e-07,0.00288953,0.0157366,0.0231523,0.373828,0.00719346,0.000684654,5.30269e-08,1.02163e-06,2.85618e-05,8.64753e-07,4.63463e-05,3.00457e-05,1.79092e-06,2.12416e-08,3.38302e-06,1.79948e-06,14.8154,50.2101,9.44437,0.450239,31.9899,0.0575489,11.3503,0.00986937,0.0575489,2.95454,0.156141,3.36388,0.00143245,0.00895916,3.19126,0.00230196,0.0173962,0.00137021,0.00609463,3.19126,0.0111115,3.06533,1.6815,0.000519069,0.0643409,0.000153464,0.00289936,5.75489e-05,0.000984846,0.0643409,2.17324,1.07466e-06,5.37106,0.0674183
2059.2917,291.65,290.739,5.34691,0.146497,2.49743,0.011387,0.00468303,0.00215161,0.00670398,0.000210416,0.000158035,0.000176748,9.2876e-06,0.0130681,0.0155683,0.0444585,0.232309,0.0154686,0.00068759,7.11013e-07,1.08314e-06,1.34563e-05,4.6667e-07,5.09101e-05,6.28038e-05,1.50472e-06,1.27249e-08,2.99934e-06,3.91282e-06,14.9495,50.2955,9.47726,0.408105,31.9845,0.15243,11.5277,0.0136562,0.15243,2.95347,0.157504,3.36331,0.000763619,0.00796517,3.19099,0.00609721,0.0176439,0.00362929,0.00609273,3.19099,0.0111922,3.06533,1.6815,0.000462478,0.0643171,0.000406481,0.00294065,0.00015243,0.00098449,0.0643171,3.0744,1.79416e-06,5.4722,0.166086
2059.3750,296.243,294.974,5.39156,0.192635,2.49227,0.0131351,0.00596109,0.00256243,0.007174,0.000361128,0.000164423,0.000289592,3.18763e-05,0.019599,0.0118483,0.0641857,0.140904,0.0181154,0.000691895,3.45799e-06,1.1453e-06,1.1053e-05,5.58767e-08,7.29017e-05,7.20012e-05,9.74059e-07,5.95085e-09,3.67413e-06,4.60204e-06,15.1291,50.4298,9.52648,0.377781,31.9725,0.153535,11.5113,0.0129201,0.153535,2.95048,0.159277,3.36312,0.000380764,0.00724358,3.19013,0.00614142,0.0176235,0.00365561,0.00608697,3.19013,0.0113024,3.06533,1.68147,0.000422336,0.0642771,0.000409428,0.00293725,0.000153535,0.000983493,0.0642771,3.3432,4.60329e-06,5.60258,0.166456
2059.4583,298.928,297.434,5.38111,0.125455,4.00175,0.0130694,0.00641643,0.00209314,0.00665297,0.00044221,0.000164072,0.000352471,4.17228e-05,0.0241393,0.012533,0.075065,0.116639,0.0180067,0.000696902,5.18087e-06,1.24514e-06,5.78217e-06,4.82715e-08,6.42844e-05,7.04387e-05,6.43208e-07,4.27831e-09,2.9678e-06,4.57504e-06,15.3168,50.5687,9.58407,0.352494,31.9552,0.153279,11.492,0.0121658,0.153279,2.94427,0.16122,3.36308,0.000354609,0.00664142,3.18879,0.00613116,0.017599,0.0036495,0.00607444,3.18879,0.0114252,3.06533,1.68143,0.000389628,0.0642246,0.000408744,0.00293316,0.000153279,0.000981424,0.0642246,4.352,6.42601e-06,5.73269,0.165445
2059.5417,297.905,296.887,5.3705,0.153321,2.86781,0.0105657,0.00594526,0.0021743,0.00462044,0.000283012,0.000149443,0.000226277,2.5834e-05,0.0182525,0.0131552,0.0671369,0.146925,0.0142095,0.000701378,3.09036e-06,1.32907e-06,1.03426e-05,3.30171e-08,7.22431e-05,5.649e-05,9.43711e-07,3.2378e-09,3.06113e-06,3.59297e-06,15.4666,50.6826,9.6353,0.335048,31.9396,0.153019,11.4725,0.0114441,0.153019,2.94131,0.162889,3.36314,0.000433999,0.00622499,3.18752,0.00612076,0.0175738,0.00364331,0.00606854,3.18752,0.0115324,3.06533,1.68139,0.000367397,0.0641799,0.00040805,0.00292896,0.000153019,0.000980438,0.0641799,3.36103,4.41943e-06,5.83133,0.164463
2059.6250,295.243,295.003,5.3601,0.138803,2.073,0.00884993,0.00532489,0.00191055,0.00352504,0.000145018,0.000133708,0.000120378,8.03599e-06,0.0100782,0.0130067,0.0543863,0.189917,0.0116313,0.00070484,8.9872e-07,1.37324e-06,1.2656e-05,8.55622e-08,6.58566e-05,4.74349e-05,1.53172e-06,2.54302e-09,2.64235e-06,2.93128e-06,15.5719,50.7491,9.67447,0.31968,31.9212,0.152763,11.4534,0.0107758,0.152763,2.93629,0.164242,3.3629,0.000770604,0.0058584,3.18597,0.00611054,0.0175487,0.00363722,0.00605826,3.18597,0.0116144,3.06533,1.68138,0.00034796,0.0641298,0.000407369,0.00292479,0.000152763,0.000978762,0.0641298,2.55408,2.27196e-06,5.89748,0.163539
2059.7083,289.406,289.888,4.36326,0.159579,1.10452,0.00545217,0.00383329,0.00262467,0.00161888,6.27162e-05,7.62498e-05,5.16203e-05,2.08006e-06,0.00615663,0.00903435,0.0292153,0.200553,0.00626595,0.010538,1.67445e-07,1.36577e-06,2.10992e-05,7.21176e-08,1.75675e-05,9.44778e-05,1.94907e-06,2.0202e-09,1.84277e-06,6.13524e-06,15.5792,50.8276,9.67282,0.40164,31.9126,0.125893,11.4343,0.0101467,0.125893,2.93419,0.163826,3.36378,0.000787461,0.00792132,3.18519,0.00503422,0.0175235,0.00299745,0.00605397,3.18519,0.0115948,3.0654,1.68138,0.000458234,0.0641084,0.000335592,0.00292058,0.000125893,0.000978063,0.0641084,1.40025,1.53321e-06,5.90638,0.136039
2059.7917,282.561,283.798,0,0.167195,0,0,0.00158374,0.00329887,-0.00158374,0,0,0,0,0,0,0,0,0,0.000690306,0,1.29485e-06,8.28761e-08,2.15867e-08,-5.5273e-06,0,5.59034e-09,1.78997e-09,1.85162e-06,0,15.2946,50.9758,9.54364,0.788454,31.9571,0,11.4152,0.00955412,0,2.93578,0.15759,3.36992,7.73323e-05,0.0173856,3.18881,0,0.0174981,0,0.00605722,3.18881,0.0112497,3.06574,1.68141,0.000978893,0.0642362,0,0.00291635,0,0.000978593,0.0642362,0.418691,1.29485e-06,5.75091,0.00955412
2059.8750,276.872,277.893,0,0.229904,0,0,0.00126342,0.00314708,-0.00126342,0,0,0,0,0,0,0,0,0,0.000689153,0,1.21736e-06,1.98154e-06,2.24192e-08,7.01425e-06,0,9.61692e-08,1.68791e-09,2.64469e-06,0,15.2294,50.8341,9.5277,0.66744,31.9971,0,11.3961,0.00899633,0,2.94014,0.157327,3.37003,0.0001899,0.0142771,3.19217,0,0.0174725,0,0.00606614,3.19217,0.0112309,3.06574,1.68148,0.000813959,0.0643462,0,0.00291208,0,0.000980046,0.0643462,0.468044,1.21736e-06,5.70168,0.00899633
2059.9583,273.456,274.207,0,0.398144,0,0,0.000981074,0.00221519,-0.000981074,0,0,0,0,0,0,0,0,0,0.000687984,0,1.14208e-06,7.44324e-06,8.04678e-08,1.58901e-05,0,3.83399e-07,4.08513e-09,2.23906e-06,0,15.1719,50.7223,9.51153,0.584396,32.0187,0,11.3768,0.00846267,0,2.94733,0.15706,3.37001,0.000553624,0.012241,3.19408,0,0.0174463,0,0.00608086,3.19408,0.0112118,3.06574,1.68156,0.000701306,0.0644011,0,0.00290771,0,0.000982445,0.0644011,0.512377,1.14208e-06,5.66032,0.00846267
2060.0417,275.463,275.731,0,0.252649,0,0,0.00116519,0.0021175,-0.00116519,0,0,0,0,0,0,0,0,0,0.000686872,0,1.08354e-06,1.31376e-05,4.16254e-07,2.37e-05,0,6.4171e-07,1.45393e-08,2.38199e-06,0,15.1175,50.6273,9.49617,0.525603,32.0302,0,11.3584,0.00798403,0,2.95398,0.156806,3.36983,0.000955964,0.0108117,3.19516,0,0.0174212,0,0.00609438,3.19516,0.0111937,3.06574,1.68163,0.000621129,0.0644275,0,0.00290353,0,0.000984661,0.0644275,0.711529,1.08354e-06,5.62128,0.00798403
2060.1250,278.48,278.454,0,0.258115,0,0,0.00124284,0.00211642,-0.00124284,0,0,0,0,0,0,0,0,0,0.000685763,0,1.04719e-06,2.0432e-05,8.16608e-07,3.15576e-05,0,1.08698e-06,2.03065e-08,2.59046e-06,0,15.0599,50.5329,9.48083,0.477744,32.0358,0,11.34,0.00753289,0,2.9595,0.156553,3.36942,0.00135881,0.00965566,3.19575,0,0.017396,0,0.00610553,3.19575,0.0111756,3.06574,1.6817,0.000555995,0.0644368,0,0.00289933,0,0.000986502,0.0644368,1.03365,1.04719e-06,5.57907,0.00753289
2060.2083,285.832,284.862,0,0.173364,0,0,0.00149874,0.00218956,-0.00149874,0,0,0,0,0,0,0,0,0,0.000684618,0,1.01555e-06,3.02463e-05,1.54427e-06,4.36036e-05,0,2.4257e-06,2.45068e-08,2.90196e-06,0,14.9963,50.4289,9.465,0.434212,32.0359,0,11.3211,0.00709296,0,2.96245,0.156291,3.36874,0.00180527,0.00861155,3.19592,0,0.0173698,0,0.00611128,3.19592,0.011157,3.06574,1.68178,0.000496846,0.0644302,0,0.00289496,0,0.000987484,0.0644302,1.11808,1.01555e-06,5.53133,0.00709296
2060.2917,290.994,289.992,2.88435,0.209289,1.41677,0.00875664,0.00387133,0.00243118,0.00488531,5.70988e-05,0.000143029,4.9083e-05,1.13313e-06,0.00423947,0.0209704,0.038426,0.562607,0.0118126,0.000685126,9.02952e-08,1.01349e-06,3.8438e-05,9.25978e-07,6.33273e-05,4.94082e-05,2.87761e-06,1.26851e-08,3.43446e-06,2.96556e-06,14.9928,50.38,9.46885,0.397736,32.0282,0.0860974,11.5026,0.0112065,0.0860974,2.96128,0.156598,3.36766,0.00179172,0.00773617,3.19543,0.0034439,0.0176216,0.00204994,0.00610868,3.19543,0.0111721,3.06574,1.68184,0.000447981,0.0644013,0.000229593,0.00293693,8.60974e-05,0.000987095,0.0644013,2.388,1.10378e-06,5.52398,0.097304
2060.3750,296.314,295.122,4.65298,0.180337,2.92341,0.0129941,0.0057001,0.00248247,0.00729395,0.000163318,0.000163996,0.000136857,7.50212e-06,0.00877906,0.0124598,0.0653077,0.342395,0.0181716,0.000690001,8.20563e-07,1.09072e-06,2.54866e-05,5.51772e-07,7.51246e-05,7.50174e-05,2.49944e-06,1.40626e-08,3.57631e-06,4.61397e-06,15.1577,50.4942,9.52466,0.367823,32.0127,0.135089,11.5978,0.0130794,0.135089,2.95597,0.15837,3.36678,0.00102314,0.00701779,3.19427,0.00540358,0.0177555,0.00321641,0.00609804,3.19427,0.0112771,3.06574,1.68182,0.000408736,0.0643524,0.000360238,0.00295925,0.000135089,0.000985324,0.0643524,3.74763,1.91128e-06,5.63305,0.148169
2060.4583,299.032,297.56,4.64412,0.141843,3.56903,0.0124564,0.00618001,0.00225369,0.00627634,0.000255886,0.000163559,0.000209117,1.80004e-05,0.0146246,0.0126282,0.0756783,0.19393,0.0173635,0.000695855,2.27969e-06,1.19453e-06,1.18986e-05,1.72063e-07,7.33762e-05,7.03009e-05,1.35847e-06,7.23333e-09,3.2077e-06,4.40359e-06,15.3468,50.6357,9.59213,0.345295,31.9941,0.134864,11.5784,0.0123158,0.134864,2.94952,0.160394,3.36635,0.000621784,0.00647659,3.19278,0.00539455,0.0177308,0.00321104,0.00608503,3.19278,0.0114004,3.06574,1.68178,0.000379652,0.0642977,0.000359637,0.00295514,0.000134864,0.000983175,0.0642977,4.10919,3.47421e-06,5.75465,0.14718
2060.5417,298.994,297.51,4.63513,0.10214,2.57613,0.00870171,0.00549823,0.00147455,0.00320348,0.000226543,0.000134539,0.000184862,1.63413e-05,0.0166116,0.0200441,0.0636587,0.122119,0.0116989,0.000700532,1.99646e-06,1.27604e-06,4.87564e-06,1.3843e-07,4.69425e-05,4.65988e-05,5.74342e-07,4.41969e-09,2.031e-06,2.94533e-06,15.4734,50.7328,9.64557,0.33091,31.9797,0.134635,11.5587,0.0115853,0.134635,2.94873,0.161978,3.36634,0.000551776,0.00613472,3.19159,0.0053854,0.0177055,0.00320559,0.00608362,3.19159,0.0114982,3.06574,1.68174,0.000361644,0.0642572,0.000359027,0.00295091,0.000134635,0.000982911,0.0642572,2.95949,3.27249e-06,5.82787,0.14622
2060.6250,294.29,294.106,4.6263,0.141646,1.96017,0.00844858,0.00501196,0.00178028,0.00343663,0.00014901,0.00013348,0.000123753,8.19092e-06,0.0107373,0.0143252,0.0516376,0.18212,0.0113542,0.000703647,8.93707e-07,1.30742e-06,1.14273e-05,9.53461e-08,6.19588e-05,4.6218e-05,1.3441e-06,2.9297e-09,2.46344e-06,2.85632e-06,15.5401,50.7752,9.68045,0.319675,31.9664,0.13441,11.5394,0.0109087,0.13441,2.94894,0.163064,3.3662,0.000733083,0.00586166,3.19046,0.00537641,0.0176803,0.00320024,0.0060842,3.19046,0.0115636,3.06574,1.68172,0.000347236,0.0642215,0.000358427,0.00294671,0.00013441,0.000982981,0.0642215,2.47492,2.20113e-06,5.85966,0.145319
2060.7083,287.296,287.843,3.77156,0.212757,0.689253,0.00492434,0.00346215,0.00269448,0.00146218,5.91689e-05,7.6814e-05,4.84569e-05,1.66017e-06,0.00608421,0.00997515,0.0223394,0.192493,0.00587562,0.0093559,1.14025e-07,1.30272e-06,1.92759e-05,6.42175e-08,1.56289e-05,8.44331e-05,1.52795e-06,2.05534e-09,1.85574e-06,5.47017e-06,15.5516,50.8471,9.68405,0.38951,31.9585,0.110768,11.5202,0.0102718,0.110768,2.9475,0.162769,3.36697,0.000768518,0.00761711,3.18974,0.00442943,0.0176549,0.00263733,0.00608127,3.18974,0.0115502,3.0658,1.68172,0.000440778,0.0642022,0.000295282,0.00294248,0.000110768,0.000982501,0.0642022,1.59898,1.41674e-06,5.86756,0.12104
2060.7917,281.536,282.58,0,0.190963,0,0,0.00152296,0.00346189,-0.00152296,0,0,0,0,0,0,0,0,0,0.000691309,0,1.24736e-06,1.44792e-07,2.61082e-08,-2.30986e-06,0,8.31652e-09,2.10636e-09,2.14638e-06,0,15.2971,50.9588,9.57,0.7091,32.0044,0,11.5009,0.00967192,0,2.94823,0.157268,3.37233,8.84381e-05,0.0154088,3.19348,0,0.0176293,0,0.00608276,3.19348,0.0112452,3.0661,1.68176,0.00086963,0.0643334,0,0.00293821,0,0.000982744,0.0643334,0.461002,1.24736e-06,5.72714,0.00967192
2060.8750,274.866,275.878,0,0.264254,0,0,0.00120772,0.00237017,-0.00120772,0,0,0,0,0,0,0,0,0,0.000690154,0,1.17458e-06,3.82012e-06,5.29742e-08,1.19901e-05,0,1.98935e-07,3.5652e-09,2.1319e-06,0,15.2327,50.8277,9.55402,0.604315,32.0369,0,11.4817,0.00910725,0,2.95369,0.157005,3.3724,0.000319089,0.0127538,3.19623,0,0.0176035,0,0.00609395,3.19623,0.0112264,3.0661,1.68183,0.00072773,0.0644221,0,0.00293392,0,0.000984563,0.0644221,0.693554,1.17458e-06,5.67871,0.00910725
2060.9583,270.865,271.44,0,0.415711,0,0,0.000859664,0.000673069,-0.000859664,0,0,0,0,0,0,0,0,0,0.000688983,0,1.11487e-06,1.54092e-06,1.49503e-07,6.98339e-06,0,7.65262e-08,5.45988e-09,6.38357e-07,0,15.1772,50.7502,9.5378,0.559066,32.0481,0,11.4623,0.00856701,0,2.9658,0.156738,3.37241,0.000667743,0.0116716,3.19722,0,0.0175771,0,0.00611885,3.19722,0.0112074,3.0661,1.68188,0.000669234,0.0644508,0,0.00292952,0,0.000988601,0.0644508,0.478048,1.11487e-06,5.63943,0.00856701
2061.0417,273.481,273.236,0,0.387445,0,0,0.00103977,0.00080498,-0.00103977,0,0,0,0,0,0,0,0,0,0.00068787,0,1.05129e-06,2.59813e-06,2.22146e-07,4.90883e-06,0,1.08602e-07,4.6747e-09,7.98763e-07,0,15.1283,50.7129,9.5224,0.551787,32.0502,0,11.4437,0.00808247,0,2.98256,0.156485,3.37251,0.000921377,0.0115491,3.1974,0,0.0175519,0,0.00615329,3.1974,0.0111893,3.0661,1.68189,0.000664388,0.0644561,0,0.00292531,0,0.000994186,0.0644561,0.310509,1.05129e-06,5.60591,0.00808247
2061.1250,280.575,279.819,0,0.216621,0,0,0.00132318,0.00246828,-0.00132318,0,0,0,0,0,0,0,0,0,0.000686759,0,9.9813e-07,1.63972e-05,2.44813e-07,2.83286e-05,0,9.71081e-07,4.11789e-09,2.82682e-06,0,15.0712,50.6274,9.50702,0.502601,32.062,0,11.4253,0.00762577,0,2.99163,0.156233,3.37232,0.00117566,0.0102794,3.19846,0,0.0175265,0,0.00617178,3.19846,0.0111712,3.0661,1.68194,0.000592976,0.0644851,0,0.00292108,0,0.000997209,0.0644851,0.907333,9.9813e-07,5.56417,0.00762577
2061.2083,290.323,288.954,0.191094,0.193568,0.193666,0.000855166,0.00203808,0.00282761,-0.00118292,4.54963e-06,2.44469e-05,3.89899e-06,8.36072e-08,0.000838525,0.00941326,0.00904374,0.113809,0.00104743,0.00068564,7.37595e-09,9.71664e-07,3.23858e-05,7.85619e-07,5.27235e-05,4.41676e-06,2.35906e-06,9.51333e-09,3.63351e-06,2.50544e-07,15.0012,50.5001,9.49146,0.440733,32.0663,0.00615079,11.4213,0.00752692,0.00615079,2.99184,0.155979,3.37171,0.00180021,0.0087762,3.19899,0.000246031,0.017521,0.000146447,0.00617188,3.19899,0.011153,3.0661,1.68204,0.000506986,0.0644894,1.64021e-05,0.00292016,6.15079e-06,0.00099728,0.0644894,1.35926,9.7904e-07,5.50971,0.0136777
2061.2917,290.75,289.9,3.55559,0.181005,2.04112,0.01052,0.00449857,0.0023551,0.00602145,9.91509e-05,0.000157374,8.49447e-05,2.36646e-06,0.00641264,0.0159306,0.0415609,0.486912,0.0157483,0.000688339,1.90388e-07,1.00206e-06,2.92607e-05,9.62918e-07,6.0564e-05,6.61556e-05,2.48148e-06,1.4055e-08,3.28655e-06,3.97356e-06,15.0423,50.4866,9.52044,0.396312,32.0592,0.105902,11.6468,0.0125788,0.105902,2.98886,0.156789,3.37072,0.00150931,0.00770406,3.19855,0.00423607,0.0178343,0.00252147,0.0061657,3.19855,0.0111979,3.0661,1.68208,0.000446945,0.0644621,0.000282404,0.00297239,0.000105902,0.000996287,0.0644621,2.92706,1.19244e-06,5.52184,0.11848
2061.3750,296.944,295.266,4.21498,0.144031,3.02447,0.0123354,0.00591459,0.00226435,0.00642082,0.000273324,0.000163968,0.000225394,1.68993e-05,0.0156491,0.0125183,0.0653238,0.207732,0.0186722,0.000695283,1.86939e-06,1.07923e-06,1.41851e-05,3.42935e-07,6.71239e-05,7.61218e-05,1.6082e-06,1.06889e-08,3.23758e-06,4.73457e-06,15.2067,50.6047,9.59892,0.36717,32.0455,0.12382,11.6717,0.0128208,0.12382,2.98528,0.158777,3.37015,0.000690726,0.00699958,3.19753,0.0049528,0.0178711,0.0029481,0.00615866,3.19753,0.0113165,3.0661,1.68205,0.000408458,0.0644189,0.000330187,0.00297851,0.00012382,0.000995093,0.0644189,3.60667,2.94861e-06,5.60781,0.136641
2061.4583,300.166,298.044,4.20704,0.118674,2.95707,0.0103345,0.00602276,0.00190147,0.00431173,0.000345214,0.00015247,0.000277202,3.01673e-05,0.0235053,0.0212921,0.0735404,0.117791,0.0153097,0.000701448,3.79279e-06,1.17013e-06,6.5474e-06,1.08373e-07,5.97066e-05,6.05799e-05,7.03151e-07,5.61267e-09,2.70038e-06,3.86525e-06,15.335,50.7009,9.66832,0.348587,32.0325,0.123613,11.6523,0.0120722,0.123613,2.98481,0.160518,3.37014,0.000414807,0.00655199,3.1965,0.00494453,0.0178461,0.00294317,0.00615797,3.1965,0.0114247,3.0661,1.682,0.000384598,0.06438,0.000329636,0.00297434,0.000123613,0.000994936,0.06438,3.54983,4.96292e-06,5.66672,0.135686
2061.5417,297.219,296.584,4.19898,0.161219,2.56443,0.0107811,0.00584082,0.00218672,0.00494026,0.000299992,0.000149566,0.000241745,2.51348e-05,0.0178848,0.0132095,0.0666559,0.14882,0.0161602,0.000707585,3.04742e-06,1.25255e-06,1.10012e-05,4.93138e-08,7.48041e-05,6.49478e-05,1.07796e-06,3.36575e-09,3.09018e-06,4.09218e-06,15.465,50.7914,9.73737,0.331375,32.0147,0.123404,11.6325,0.0113561,0.123404,2.98026,0.162298,3.37008,0.000469739,0.00613321,3.19503,0.00493614,0.0178204,0.00293818,0.00614876,3.19503,0.0115356,3.0661,1.68196,0.000362268,0.06433,0.000329076,0.00297007,0.000123404,0.00099342,0.06433,3.34416,4.29997e-06,5.72763,0.13476
2061.6250,293.743,293.678,4.19107,0.189225,1.68508,0.00847131,0.00486372,0.00210661,0.00360759,0.000137449,0.00013392,0.000114197,7.46982e-06,0.00965637,0.0132392,0.0501421,0.223033,0.0124246,0.000712473,7.85208e-07,1.29387e-06,1.85857e-05,4.74128e-08,7.54285e-05,5.13333e-05,1.66619e-06,2.317e-09,2.92841e-06,3.12813e-06,15.5702,50.8556,9.79188,0.316656,31.9948,0.123197,11.6131,0.0106929,0.123197,2.974,0.163795,3.36979,0.00075032,0.00577787,3.19333,0.0049279,0.017795,0.00293327,0.00613591,3.19333,0.0116257,3.0661,1.68194,0.000343534,0.0642764,0.000328527,0.00296583,0.000123197,0.000991332,0.0642764,2.49947,2.07908e-06,5.77831,0.13389
2061.7083,288.215,288.675,3.41985,0.188752,0.897749,0.00504788,0.00346569,0.0027276,0.00158219,5.81889e-05,7.8154e-05,4.85374e-05,1.65838e-06,0.00603249,0.00993708,0.0251012,0.22343,0.00661296,0.00864382,1.17167e-07,1.28723e-06,1.96423e-05,5.03035e-08,1.83388e-05,8.30021e-05,1.66396e-06,2.00797e-09,1.92365e-06,5.33661e-06,15.5887,50.9207,9.80439,0.377967,31.9839,0.101527,11.5937,0.0100686,0.101527,2.97021,0.16373,3.37035,0.000815944,0.00732561,3.19235,0.00405998,0.0177693,0.00241732,0.00612809,3.19235,0.0116247,3.06615,1.68194,0.000426085,0.0642496,0.000270637,0.00296155,0.000101527,0.000990069,0.0642496,1.43011,1.4044e-06,5.7843,0.111596
2061.7917,280.837,281.999,0,0.196258,0,0,0.00137901,0.00337706,-0.00137901,0,0,0,0,0,0,0,0,0,0.000702159,0,1.22934e-06,7.02018e-07,3.5123e-08,-1.0067e-06,0,3.38427e-08,2.59447e-09,2.14933e-06,0,15.3536,51.0156,9.70079,0.662047,32.0291,0,11.5743,0.00948063,0,2.97092,0.158718,3.37525,0.000106856,0.0142651,3.19604,0,0.0177434,0,0.00612951,3.19604,0.0113465,3.06643,1.68198,0.000807676,0.0643789,0,0.00295724,0,0.000990308,0.0643789,0.502441,1.22934e-06,5.65278,0.00948063
2061.8750,275.794,276.938,0,0.265626,0,0,0.00114003,0.00260005,-0.00114003,0,0,0,0,0,0,0,0,0,0.000700987,0,1.15976e-06,6.49707e-06,1.55826e-07,1.87172e-05,0,3.34469e-07,9.06015e-09,2.49622e-06,0,15.2919,50.8845,9.68459,0.558208,32.0593,0,11.555,0.00892713,0,2.9751,0.158453,3.37529,0.000463771,0.01164,3.1986,0,0.0177174,0,0.00613804,3.1986,0.0113276,3.06643,1.68206,0.000666059,0.0644606,0,0.0029529,0,0.000991701,0.0644606,0.567523,1.15976e-06,5.6073,0.00892713
2061.9583,274.649,275.153,0,0.284119,0,0,0.00110345,0.00193078,-0.00110345,0,0,0,0,0,0,0,0,0,0.000699797,0,1.09183e-06,1.28482e-05,4.62906e-07,2.37955e-05,0,6.30119e-07,1.83855e-08,2.12067e-06,0,15.2352,50.7873,9.66816,0.498526,32.071,0,11.5354,0.00839758,0,2.98255,0.158184,3.3751,0.000929234,0.0101838,3.19965,0,0.0176907,0,0.00615325,3.19965,0.0113084,3.06643,1.68212,0.000585303,0.0644895,0,0.00294846,0,0.000994184,0.0644895,0.591813,1.09183e-06,5.56704,0.00839758
2062.0417,274.343,274.351,0,0.218274,0,0,0.00104259,0.00156065,-0.00104259,0,0,0,0,0,0,0,0,0,0.000698667,0,1.04728e-06,1.54397e-05,8.1203e-07,2.49032e-05,0,8.45236e-07,1.97206e-08,1.85283e-06,0,15.1806,50.7053,9.65254,0.4586,32.0758,0,11.5167,0.00792262,0,2.99033,0.157928,3.37476,0.00131875,0.00921715,3.20013,0,0.0176652,0,0.00616909,3.20013,0.0112901,3.06642,1.68218,0.000531619,0.0644996,0,0.00294421,0,0.000996776,0.0644996,0.907932,1.04728e-06,5.52805,0.00792262
2062.1250,278.933,278.472,0,0.21432,0,0,0.0012162,0.00177701,-0.0012162,0,0,0,0,0,0,0,0,0,0.000697539,0,1.01492e-06,2.23362e-05,1.07675e-06,3.45876e-05,0,1.30254e-06,1.69817e-08,2.26226e-06,0,15.1252,50.6247,9.63695,0.425706,32.0768,0,11.4981,0.00747495,0,2.99704,0.157673,3.37427,0.00170883,0.00842022,3.20028,0,0.0176396,0,0.00618268,3.20028,0.0112719,3.06642,1.68224,0.000487171,0.0644987,0,0.00293993,0,0.000999015,0.0644987,1.06066,1.01492e-06,5.48827,0.00747495
2062.2083,288.368,287.363,0.640909,0.212739,0.326491,0.00238175,0.00212387,0.00230096,0.000257881,1.23323e-05,5.21451e-05,1.0664e-05,1.40766e-07,0.00138098,0.0108416,0.0113934,0.259279,0.00330818,0.000696554,8.46953e-09,9.9265e-07,4.01041e-05,1.6601e-06,5.78593e-05,1.39834e-05,2.91793e-06,2.02761e-08,3.14108e-06,8.166e-07,15.066,50.5295,9.62297,0.392579,32.0719,0.0200145,11.5243,0.00807789,0.0200145,2.99899,0.157467,3.3734,0.0021565,0.00761408,3.19997,0.000800582,0.0176759,0.000476537,0.00618636,3.19997,0.0112564,3.06642,1.68232,0.000442319,0.0644805,5.33721e-05,0.00294598,2.00145e-05,0.000999663,0.0644805,1.56503,1.00112e-06,5.44305,0.0280924
2062.2917,291.878,290.567,4.61215,0.145193,2.65849,0.0116715,0.0048186,0.00199493,0.0068529,0.000124556,0.000158894,0.000106484,3.28293e-06,0.00730117,0.0143421,0.0438786,0.439882,0.01733,0.000699933,2.81718e-07,1.02749e-06,2.44061e-05,1.17205e-06,5.90837e-05,7.24781e-05,2.82394e-06,1.51998e-08,2.82779e-06,4.38893e-06,15.1577,50.5812,9.66007,0.365417,32.0604,0.133844,11.7634,0.0133829,0.133844,2.99767,0.158642,3.37237,0.00148349,0.00695722,3.1991,0.00535377,0.0180083,0.00318677,0.00618374,3.1991,0.0113236,3.06642,1.68232,0.000406455,0.0644448,0.000356918,0.00300138,0.000133844,0.000999222,0.0644448,3.0329,1.30921e-06,5.49767,0.147227
2062.3750,297.937,295.8,4.98966,0.117137,3.58565,0.0123268,0.00606637,0.00192044,0.0062604,0.000298423,0.000163379,0.000245516,1.91694e-05,0.0173773,0.0135698,0.0667819,0.176837,0.01822,0.000706225,2.17697e-06,1.11861e-06,9.51242e-06,2.59198e-07,6.17373e-05,7.37293e-05,1.08969e-06,7.34219e-09,2.72685e-06,4.61921e-06,15.3377,50.7255,9.73127,0.345735,32.0461,0.143583,11.7663,0.0130975,0.143583,2.99591,0.16069,3.37194,0.000640426,0.00648038,3.19795,0.0057433,0.0180148,0.00341863,0.00618051,3.19795,0.0114471,3.06642,1.68226,0.000380876,0.0644029,0.000382887,0.00300246,0.000143583,0.000998637,0.0644029,4.07934,3.29558e-06,5.60645,0.15668
2062.4583,300.517,298.721,4.98008,0.163234,2.78597,0.0109125,0.00617913,0.00192054,0.00473336,0.000358154,0.000153227,0.000286049,3.30918e-05,0.0233043,0.0210158,0.0768068,0.119579,0.0159008,0.000711381,4.31761e-06,1.22568e-06,6.61853e-06,7.50906e-08,6.19008e-05,6.28942e-05,6.78621e-07,4.19727e-09,2.66534e-06,4.02195e-06,15.4557,50.8174,9.78918,0.331981,32.0335,0.143343,11.7467,0.0123328,0.143343,2.99621,0.162329,3.37198,0.000397174,0.00614784,3.19692,0.00573371,0.0179896,0.00341292,0.00618145,3.19692,0.0115492,3.06642,1.68221,0.00036329,0.0643672,0.000382248,0.00299827,0.000143343,0.000998737,0.0643672,3.98918,5.54329e-06,5.6665,0.155676
2062.5417,297.678,297.055,4.97036,0.158606,2.92802,0.0113548,0.00595772,0.00224512,0.00539706,0.000245308,0.000149925,0.00019851,1.95147e-05,0.0141476,0.0119623,0.0685845,0.180137,0.016639,0.000717284,2.46084e-06,1.31716e-06,1.43122e-05,3.32874e-08,8.04014e-05,6.77725e-05,1.48761e-06,2.6312e-09,3.10942e-06,4.21987e-06,15.6063,50.923,9.85581,0.316017,32.0126,0.1431,11.7268,0.0116012,0.1431,2.9881,0.164233,3.37183,0.0005378,0.00575827,3.19514,0.00572398,0.0179638,0.00340713,0.00616488,3.19514,0.011667,3.06642,1.68217,0.000342687,0.0643108,0.000381599,0.00299397,0.0001431,0.000996032,0.0643108,3.50759,3.778e-06,5.7505,0.154701
2062.6250,293.799,293.687,4.96082,0.142853,2.20399,0.00893671,0.00506031,0.00179322,0.0038764,0.000185673,0.000134455,0.000153771,1.07245e-05,0.012507,0.0120214,0.0500458,0.163799,0.0128102,0.000722008,1.11371e-06,1.36934e-06,1.11916e-05,6.09771e-08,6.4863e-05,5.22182e-05,1.39952e-06,2.10924e-09,2.42968e-06,3.23113e-06,15.7267,51.0083,9.90867,0.304358,31.9938,0.142861,11.7072,0.0109237,0.142861,2.98347,0.165803,3.3716,0.00066745,0.00547833,3.19349,0.00571442,0.0179382,0.00340144,0.00615543,3.19349,0.0117621,3.06642,1.68214,0.000328189,0.0642625,0.000380962,0.0029897,0.000142861,0.000994489,0.0642625,2.72809,2.48306e-06,5.81802,0.153784
2062.7083,286.266,287.231,4.04149,0.146296,0.992418,0.00526776,0.00335762,0.00219958,0.00191014,8.94888e-05,7.91988e-05,7.17947e-05,2.49843e-06,0.00843616,0.00986276,0.0212762,0.145677,0.00679258,0.00991857,1.67043e-07,1.35962e-06,1.03021e-05,7.11308e-08,1.237e-05,9.18591e-05,1.13265e-06,1.7611e-09,1.42214e-06,5.95124e-06,15.7452,51.1,9.91588,0.38472,31.9861,0.117732,11.6876,0.010286,0.117732,2.98393,0.165567,3.37264,0.000670831,0.00748474,3.19276,0.00470837,0.0179124,0.00280314,0.00615643,3.19276,0.0117529,3.06649,1.68212,0.00043626,0.0642452,0.000313854,0.0029854,0.000117732,0.000994643,0.0642452,1.34064,1.52666e-06,5.82934,0.128018
2062.7917,281.495,282.435,0,0.202878,0,0,0.00142184,0.0033697,-0.00142184,0,0,0,0,0,0,0,0,0,0.000709392,0,1.29315e-06,1.8278e-08,1.46217e-08,-5.28694e-06,0,1.35956e-09,1.40709e-09,1.88203e-06,0,15.4824,51.2433,9.79639,0.74622,32.0284,0,11.6681,0.00968526,0,2.98634,0.159754,3.37844,6.993e-05,0.0162793,3.19618,0,0.0178864,0,0.00616138,3.19618,0.011431,3.06681,1.68215,0.000922855,0.0643678,0,0.00298106,0,0.000995447,0.0643678,0.546933,1.29315e-06,5.68598,0.00968526
2062.8750,273.891,275.174,0,0.273212,0,0,0.00106529,0.00252251,-0.00106529,0,0,0,0,0,0,0,0,0,0.000708207,0,1.21677e-06,1.90842e-06,2.04038e-08,7.47181e-06,0,8.7717e-08,1.68109e-09,2.09786e-06,0,15.4221,51.1129,9.78004,0.633819,32.0656,0,11.6486,0.00911981,0,2.9914,0.159488,3.37855,0.000209213,0.0134061,3.19928,0,0.0178602,0,0.00617173,3.19928,0.0114119,3.06681,1.68222,0.000770038,0.0644709,0,0.0029767,0,0.000997132,0.0644709,0.537811,1.21677e-06,5.64205,0.00911981
2062.9583,270.712,271.164,0,0.269069,0,0,0.00097068,0.000802755,-0.00097068,0,0,0,0,0,0,0,0,0,0.000707005,0,1.15135e-06,1.02565e-06,9.44329e-08,3.27513e-06,0,4.47463e-08,4.86002e-09,7.54113e-07,0,15.3678,51.0377,9.76344,0.586682,32.0791,0,11.6289,0.00857883,0,3.00414,0.159217,3.37861,0.000481191,0.0122736,3.20044,0,0.0178334,0,0.0061979,3.20044,0.0113926,3.06681,1.68226,0.000708128,0.0645065,0,0.00297223,0,0.00100138,0.0645065,0.671526,1.15135e-06,5.60435,0.00857883
2063.0417,272.421,272.733,0,0.167015,0,0,0.000987273,0.000808261,-0.000987273,0,0,0,0,0,0,0,0,0,0.000705863,0,1.09511e-06,3.30476e-06,1.4764e-07,3.81894e-06,0,1.77839e-07,4.70563e-09,7.811e-07,0,15.3155,50.9873,9.74767,0.565989,32.0864,0,11.6101,0.00809362,0,3.01937,0.15896,3.37869,0.000644713,0.0117767,3.20108,0,0.0178077,0,0.00622918,3.20108,0.0113742,3.06681,1.68228,0.00068032,0.0645256,0,0.00296795,0,0.00100646,0.0645256,0.734876,1.09511e-06,5.56781,0.00809362
2063.1250,275.609,274.914,0,0.100519,0,0,0.00107977,0.00131757,-0.00107977,0,0,0,0,0,0,0,0,0,0.000704723,0,1.05388e-06,4.23217e-06,1.32126e-07,9.03573e-06,0,2.01757e-07,3.7482e-09,1.39282e-06,0,15.2635,50.9364,9.73192,0.545479,32.0931,0,11.5913,0.00763629,0,3.03429,0.158703,3.3787,0.00078234,0.0112854,3.20167,0,0.0177819,0,0.00625975,3.20167,0.0113558,3.06681,1.6823,0.000652802,0.0645428,0,0.00296365,0,0.00101143,0.0645428,0.97019,1.05388e-06,5.53157,0.00763629
2063.2083,288.511,287.121,0,0.200561,0,0,0.00164749,0.003059,-0.00164749,0,0,0,0,0,0,0,0,0,0.000703546,0,1.02643e-06,2.2395e-05,5.0999e-07,4.11449e-05,0,1.44393e-06,9.46444e-09,3.59163e-06,0,15.1978,50.8205,9.71567,0.479685,32.1048,0,11.572,0.00719032,0,3.03832,0.158438,3.37843,0.00128589,0.00966297,3.20277,0,0.0177551,0,0.00626773,3.20277,0.0113368,3.06681,1.68238,0.000559826,0.064569,0,0.00295918,0,0.00101277,0.064569,1.30586,1.02643e-06,5.48208,0.00719032
2063.2917,292.382,291.161,2.06829,0.199001,1.11732,0.00658767,0.0033536,0.00282165,0.00323406,4.55102e-05,0.000105673,3.89461e-05,1.10246e-06,0.00339781,0.0207836,0.0371014,0.414014,0.00907756,0.000703261,1.00383e-07,1.02527e-06,3.53506e-05,1.1035e-06,6.08776e-05,3.80708e-05,2.71208e-06,1.69494e-08,3.73773e-06,2.281e-06,15.1613,50.7206,9.70997,0.41959,32.1045,0.0619513,11.6914,0.00992204,0.0619513,3.03513,0.158488,3.37759,0.00167746,0.0082226,3.20294,0.00247805,0.0179206,0.00147503,0.00626084,3.20294,0.0113365,3.06681,1.68247,0.00047787,0.0645598,0.000165204,0.00298676,6.19513e-05,0.00101171,0.0645598,2.30457,1.12565e-06,5.45136,0.0718734
2063.3750,294.45,293.474,5.18019,0.208064,2.51761,0.0132102,0.0055082,0.00267515,0.00770202,0.000165115,0.000164318,0.000138524,7.39985e-06,0.00877859,0.0119416,0.0578619,0.34673,0.0189183,0.000707856,7.64971e-07,1.0864e-06,2.20858e-05,4.11054e-07,7.48786e-05,7.83972e-05,1.76726e-06,1.47992e-08,3.76427e-06,4.80655e-06,15.3227,50.8235,9.76197,0.37922,32.0925,0.148323,11.8655,0.0136425,0.148323,3.02908,0.160228,3.37677,0.000952168,0.00725446,3.20209,0.0059329,0.0181636,0.00353149,0.00624863,3.20209,0.0114392,3.06681,1.68246,0.000424274,0.0645192,0.000395527,0.00302727,0.000148323,0.00100969,0.0645192,3.47266,1.85137e-06,5.56075,0.161965
2063.4583,297.441,296.247,5.19841,0.14806,3.09942,0.0133647,0.00620244,0.0022877,0.0071623,0.00037505,0.00016327,0.00030235,3.13102e-05,0.0197949,0.0125312,0.0698701,0.149217,0.0191483,0.000713874,3.67994e-06,1.1856e-06,1.1074e-05,1.99494e-07,7.12578e-05,7.63998e-05,1.24459e-06,1.21715e-08,3.23856e-06,4.86922e-06,15.5243,50.9755,9.83082,0.352673,32.0756,0.148777,11.8472,0.0128804,0.148777,3.02292,0.162359,3.37644,0.000461674,0.00661712,3.20077,0.00595107,0.0181407,0.00354231,0.00623627,3.20077,0.0115699,3.06681,1.68242,0.000389823,0.0644683,0.000396738,0.00302344,0.000148777,0.00100764,0.0644683,3.78552,4.86554e-06,5.69343,0.161657
2063.5417,298.807,297.427,5.18821,0.103814,3.31572,0.0108144,0.0060418,0.00190088,0.00477256,0.000280709,0.000149349,0.000226878,2.27497e-05,0.0174979,0.0132691,0.0688786,0.138733,0.0150932,0.000719377,2.84416e-06,1.2745e-06,6.0706e-06,1.09124e-07,6.32385e-05,6.0428e-05,6.71776e-07,5.92662e-09,2.66503e-06,3.81957e-06,15.6891,51.0967,9.89354,0.333447,32.0571,0.148524,11.8271,0.0121163,0.148524,3.01705,0.16425,3.37637,0.000489146,0.006156,3.19925,0.00594097,0.0181148,0.00353629,0.0062244,3.19925,0.0116881,3.06681,1.68238,0.000365207,0.0644158,0.000396065,0.00301914,0.000148524,0.00100568,0.0644158,3.56425,4.11866e-06,5.79555,0.160641
2063.6250,295.172,294.849,5.1782,0.167574,1.73307,0.00852977,0.00525314,0.00181601,0.00327663,0.000210995,0.00013205,0.000172307,1.50601e-05,0.0150005,0.0134443,0.0532633,0.132872,0.0115888,0.00072316,1.70927e-06,1.31806e-06,1.05557e-05,8.61751e-08,5.99832e-05,4.6456e-05,1.19784e-06,3.67398e-09,2.48467e-06,2.91708e-06,15.7832,51.1669,9.93595,0.32171,32.0442,0.148276,11.8074,0.0114087,0.148276,3.0177,0.165569,3.37638,0.000541532,0.00587445,3.19817,0.00593105,0.0180892,0.00353039,0.00622593,3.19817,0.0117695,3.06681,1.68234,0.000350483,0.0643806,0.000395404,0.00301486,0.000148276,0.0010059,0.0643806,2.43766,3.02733e-06,5.84726,0.159685
2063.7083,289.028,289.484,4.21673,0.198937,0.908949,0.00539711,0.00369449,0.00287367,0.00170262,5.68198e-05,7.80428e-05,4.56623e-05,1.83004e-06,0.00537272,0.00874514,0.0259456,0.217882,0.00657227,0.0102678,1.40466e-07,1.30452e-06,1.87557e-05,5.19875e-08,2.16776e-05,9.35934e-05,1.43138e-06,3.28927e-09,2.07994e-06,6.04921e-06,15.7898,51.2372,9.93716,0.398971,32.0346,0.122195,11.7877,0.0107426,0.122195,3.01382,0.16519,3.37726,0.000735673,0.00781233,3.1973,0.00488669,0.0180633,0.0029094,0.00621801,3.1973,0.0117518,3.06688,1.68235,0.000453985,0.0643564,0.000325743,0.00301054,0.000122195,0.00100461,0.0643564,1.40785,1.44498e-06,5.85265,0.132938
2063.7917,282.765,283.699,0,0.201107,0,0,0.00152425,0.00375145,-0.00152425,0,0,0,0,0,0,0,0,0,0.000709448,0,1.2523e-06,9.4044e-08,7.22314e-08,-3.64701e-06,0,4.98357e-09,6.21008e-09,2.28064e-06,0,15.5164,51.3708,9.81291,0.758566,32.0823,0,11.768,0.0101153,0,3.01351,0.159165,3.38321,7.77123e-05,0.0165608,3.20119,0,0.0180372,0,0.00621737,3.20119,0.0114181,3.0672,1.68239,0.000936746,0.064493,0,0.00300619,0,0.0010045,0.064493,0.577952,1.2523e-06,5.70353,0.0101153
2063.8750,273.322,274.612,0,0.282579,0,0,0.00106674,0.00226987,-0.00106674,0,0,0,0,0,0,0,0,0,0.000708263,0,1.18195e-06,2.15079e-06,1.22864e-07,7.65538e-06,0,1.0965e-07,9.04973e-09,1.93514e-06,0,15.4543,51.2359,9.79653,0.644229,32.1188,0,11.7483,0.00952472,0,3.01861,0.158899,3.38331,0.000251147,0.0136577,3.20427,0,0.0180109,0,0.00622787,3.20427,0.011399,3.0672,1.68246,0.000782195,0.0645926,0,0.00300181,0,0.0010062,0.0645926,0.767971,1.18195e-06,5.65774,0.00952472
2063.9583,272.421,272.796,0,0.432905,0,0,0.000982113,0.00102105,-0.000982113,0,0,0,0,0,0,0,0,0,0.000707061,0,1.12698e-06,3.48454e-06,1.58889e-07,6.67679e-06,0,1.8787e-07,8.48762e-09,9.57112e-07,0,15.3994,51.1606,9.7799,0.597935,32.1316,0,11.7284,0.00895972,0,3.03168,0.15863,3.38333,0.000511842,0.0125431,3.2054,0,0.017984,0,0.00625475,3.2054,0.0113797,3.0672,1.6825,0.000722042,0.0646257,0,0.00299733,0,0.00101056,0.0646257,0.80458,1.12698e-06,5.6195,0.00895972
2064.0417,272.621,272.786,0,0.159012,0,0,0.000900825,0.00087974,-0.000900825,0,0,0,0,0,0,0,0,0,0.000705919,0,1.08023e-06,4.10218e-06,1.69692e-07,7.81398e-06,0,2.32416e-07,5.80879e-09,8.80221e-07,0,15.3486,51.1104,9.7641,0.576973,32.1377,0,11.7095,0.00845296,0,3.04709,0.158374,3.38336,0.000714366,0.0120535,3.20593,0,0.0179582,0,0.00628643,3.20593,0.0113613,3.0672,1.68252,0.000696343,0.0646414,0,0.00299303,0,0.0010157,0.0646414,0.893402,1.08023e-06,5.58453,0.00845296
2064.1250,280.59,279.606,0,0.21141,0,0,0.00131646,0.00253123,-0.00131646,0,0,0,0,0,0,0,0,0,0.000704779,0,1.03824e-06,1.40532e-05,1.76656e-07,2.53157e-05,0,7.92026e-07,4.15878e-09,2.86158e-06,0,15.2949,51.0323,9.74833,0.532495,32.1475,0,11.6905,0.00797533,0,3.05738,0.158118,3.38321,0.00101486,0.0109456,3.20683,0,0.0179323,0,0.00630747,3.20683,0.0113429,3.0672,1.68258,0.000634475,0.064665,0,0.00298871,0,0.00101913,0.064665,0.770076,1.03824e-06,5.54653,0.00797533
2064.2083,288.51,287.321,0.0488024,0.191437,0.0382938,0.00029893,0.00170733,0.00281878,-0.0014084,1.47259e-06,1.1024e-05,1.25176e-06,3.05139e-08,0.000446589,0.00541522,0.0040561,0.0472611,0.000302958,0.000703605,2.58806e-09,1.00713e-06,2.91071e-05,4.39744e-07,4.53165e-05,1.26831e-06,2.03991e-06,6.55796e-09,3.54058e-06,6.88059e-08,15.2276,50.906,9.73209,0.464945,32.1551,0.00159594,11.6747,0.00759523,0.00159594,3.05834,0.157855,3.38269,0.00157699,0.0093036,3.20764,6.38377e-05,0.0179105,3.79986e-05,0.00630914,3.20764,0.011324,3.0672,1.68267,0.000540017,0.0646775,4.25584e-06,0.00298508,1.59594e-06,0.00101945,0.0646775,1.22339,1.00972e-06,5.49548,0.00919117
2064.2917,291.341,290.515,3.5149,0.195508,1.75258,0.0100332,0.00433022,0.00260627,0.00570302,8.61616e-05,0.000156025,7.36793e-05,2.20233e-06,0.00580838,0.0176132,0.0439316,0.5155,0.0143983,0.000705083,1.85536e-07,1.01906e-06,3.08633e-05,5.88446e-07,6.13731e-05,6.04014e-05,2.47912e-06,9.36456e-09,3.59864e-06,3.6243e-06,15.2476,50.8674,9.74695,0.413782,32.1508,0.104263,11.8946,0.0125385,0.104263,3.05524,0.158429,3.38178,0.00149228,0.00807543,3.20748,0.00417053,0.0182158,0.00248246,0.00630265,3.20748,0.0113548,3.0672,1.68273,0.00047021,0.0646563,0.000278035,0.00303596,0.000104263,0.00101841,0.0646563,2.66913,1.2046e-06,5.50065,0.116802
2064.3750,294.497,293.492,4.63328,0.193662,2.49159,0.013248,0.00566194,0.00256186,0.00758607,0.000263219,0.000164608,0.000217087,1.61992e-05,0.0139429,0.0114441,0.058122,0.226228,0.0196867,0.000711213,1.6214e-06,1.08433e-06,1.66375e-05,1.84013e-07,7.33473e-05,8.05008e-05,1.44467e-06,7.93022e-09,3.66649e-06,5.00339e-06,15.4286,50.9959,9.81639,0.379318,32.1376,0.134588,11.9458,0.0133737,0.134588,3.05035,0.160439,3.38117,0.000661542,0.00724661,3.20653,0.00538352,0.018289,0.00320448,0.00629294,3.20653,0.0114749,3.0672,1.6827,0.000424358,0.0646124,0.000358901,0.00304817,0.000134588,0.00101678,0.0646124,3.22512,2.70573e-06,5.61224,0.147962
2064.4583,298.958,297.16,4.62446,0.14037,3.2255,0.0127137,0.00636534,0.00226182,0.00634835,0.000427506,0.000163006,0.000341146,3.98127e-05,0.0239258,0.0136278,0.0731243,0.123657,0.0187623,0.000717827,4.84063e-06,1.17318e-06,8.4634e-06,6.95003e-08,7.09232e-05,7.41246e-05,8.09327e-07,6.01268e-09,3.22438e-06,4.76388e-06,15.6123,51.132,9.89152,0.354604,32.1204,0.134363,11.9259,0.0125929,0.134363,3.04462,0.162531,3.38103,0.000371607,0.00665206,3.20519,0.00537453,0.0182635,0.00319913,0.00628142,3.20519,0.0116049,3.0672,1.68266,0.000392205,0.0645605,0.000358302,0.00304392,0.000134363,0.00101488,0.0645605,3.96019,6.01381e-06,5.72081,0.146956
2064.5417,299.173,298.246,4.61551,0.165781,3.01552,0.0109885,0.00612787,0.00253726,0.00486066,0.000219719,0.000149624,0.000177137,1.82231e-05,0.0130506,0.0121195,0.0727994,0.197216,0.0159221,0.000723784,2.40691e-06,1.27237e-06,1.66369e-05,4.47979e-08,8.61878e-05,6.50232e-05,1.67764e-06,4.06937e-09,3.5748e-06,4.03278e-06,15.7624,51.2327,9.9589,0.334221,32.0996,0.134135,11.9056,0.0118459,0.134135,3.03642,0.164429,3.3809,0.000562348,0.00616026,3.20349,0.00536541,0.0182374,0.0031937,0.00626469,3.20349,0.0117232,3.0672,1.68263,0.000365925,0.0645016,0.000357694,0.00303956,0.000134135,0.00101214,0.0645016,3.56736,3.67928e-06,5.80351,0.145981
2064.6250,294.74,294.613,4.60673,0.139225,1.90403,0.00842318,0.00505434,0.00194334,0.00336884,0.000139252,0.000133256,0.000116064,7.16241e-06,0.0101078,0.0140476,0.0532554,0.202631,0.0118397,0.000728176,8.03576e-07,1.31443e-06,1.48195e-05,1.22126e-07,6.78427e-05,4.86944e-05,1.81568e-06,3.27303e-09,2.67882e-06,2.97809e-06,15.8649,51.2934,10.008,0.318998,32.0796,0.133911,11.8857,0.0111541,0.133911,3.02986,0.165902,3.38056,0.000830689,0.00579611,3.20179,0.00535645,0.0182114,0.00318836,0.00625125,3.20179,0.0118112,3.0672,1.68261,0.000346684,0.0644475,0.000357097,0.00303523,0.000133911,0.00100995,0.0644475,2.34876,2.11801e-06,5.85693,0.145065
2064.7083,287.353,288.054,3.75575,0.16397,1.0025,0.0054432,0.0034747,0.00250251,0.0019685,7.37934e-05,8.05626e-05,6.0568e-05,2.01544e-06,0.00704023,0.00917526,0.0241714,0.188599,0.00701309,0.00934868,1.3275e-07,1.30186e-06,1.71155e-05,1.00042e-07,1.64889e-05,8.90745e-05,1.65386e-06,2.52089e-09,1.74295e-06,5.74928e-06,15.881,51.3702,10.0151,0.389411,32.0712,0.110357,11.8659,0.0105029,0.110357,3.02863,0.165707,3.38132,0.000782763,0.00756512,3.20102,0.00441303,0.0181852,0.00262754,0.00624876,3.20102,0.0118032,3.06727,1.68261,0.000441034,0.064427,0.000294165,0.00303086,0.000110357,0.00100954,0.064427,1.4335,1.43461e-06,5.86591,0.12086
2064.7917,281.672,282.757,0,0.174562,0,0,0.00144453,0.00334931,-0.00144453,0,0,0,0,0,0,0,0,0,0.000716435,0,1.24031e-06,1.59592e-07,2.56612e-08,-4.31425e-06,0,9.87438e-09,2.08812e-09,1.96084e-06,0,15.6336,51.4945,9.90345,0.716512,32.1141,0,11.8461,0.0098895,0,3.03029,0.160285,3.38668,8.44473e-05,0.0155465,3.20451,0,0.0181588,0,0.00625218,3.20451,0.0115028,3.06756,1.68264,0.000880167,0.0645501,0,0.00302647,0,0.0010101,0.0645501,0.410588,1.24031e-06,5.73017,0.0098895
2064.8750,276.009,277.128,0,0.22035,0,0,0.00118385,0.00275418,-0.00118385,0,0,0,0,0,0,0,0,0,0.000715239,0,1.16406e-06,4.02268e-06,3.28178e-08,1.32991e-05,0,2.08162e-07,2.25199e-09,2.48091e-06,0,15.5705,51.3603,9.88691,0.606009,32.1489,0,11.8263,0.00931213,0,3.03494,0.160018,3.38676,0.000310329,0.0127307,3.20744,0,0.0181322,0,0.00626169,3.20744,0.0114836,3.06756,1.68271,0.000729754,0.0646452,0,0.00302204,0,0.00101165,0.0646452,0.567513,1.16406e-06,5.68359,0.00931213
2064.9583,271.916,272.572,0,0.161795,0,0,0.000869263,0.00109136,-0.000869263,0,0,0,0,0,0,0,0,0,0.000714025,0,1.0963e-06,4.4721e-06,1.06835e-07,1.06217e-05,0,2.42533e-07,3.64027e-09,1.07698e-06,0,15.5159,51.2784,9.87013,0.555028,32.1611,0,11.8062,0.00875974,0,3.04636,0.159746,3.38675,0.000696613,0.0115089,3.20851,0,0.018105,0,0.00628514,3.20851,0.0114641,3.06756,1.68276,0.00066345,0.0646766,0,0.0030175,0,0.00101545,0.0646766,0.35652,1.0963e-06,5.64579,0.00875974
2065.0417,274.148,274.23,0,0.451054,0,0,0.00106974,0.00205545,-0.00106974,0,0,0,0,0,0,0,0,0,0.000712872,0,1.04043e-06,1.33198e-05,4.11483e-07,2.29089e-05,0,6.05761e-07,1.05837e-08,2.28595e-06,0,15.4639,51.2033,9.85419,0.512652,32.1701,0,11.7872,0.0082643,0,3.05665,0.159488,3.38659,0.000999934,0.0104609,3.20933,0,0.018079,0,0.0063062,3.20933,0.0114456,3.06756,1.68281,0.000605357,0.0646987,0,0.00301316,0,0.00101888,0.0646987,0.831432,1.04043e-06,5.6097,0.0082643
2065.1250,281.56,281.134,0,0.224219,0,0,0.00134029,0.00230937,-0.00134029,0,0,0,0,0,0,0,0,0,0.00071172,0,1.00382e-06,2.23157e-05,1.30265e-06,3.61092e-05,0,1.28694e-06,2.61651e-08,2.81113e-06,0,15.4048,51.1039,9.83828,0.461834,32.176,0,11.7681,0.00779732,0,3.06127,0.15923,3.38616,0.00144755,0.00922956,3.20994,0,0.0180528,0,0.00631546,3.20994,0.0114271,3.06756,1.68288,0.000535269,0.0647095,0,0.0030088,0,0.00102042,0.0647095,0.980681,1.00382e-06,5.56655,0.00779732
2065.2083,286.886,286.046,0.442035,0.207462,0.203036,0.00172825,0.00189031,0.00236389,-0.000162057,8.45817e-06,4.04864e-05,7.31091e-06,9.90384e-08,0.00108088,0.0102483,0.00783345,0.202108,0.00224489,0.000710614,5.79055e-09,9.82522e-07,3.49117e-05,1.6467e-06,5.18871e-05,9.4492e-06,2.35511e-06,2.45047e-08,3.14383e-06,5.50296e-07,15.3423,50.9964,9.82281,0.41746,32.1744,0.0139459,11.7804,0.00807461,0.0139459,3.06232,0.158992,3.38536,0.00194884,0.00816169,3.20994,0.000557834,0.0180699,0.000332044,0.00631729,3.20994,0.0114097,3.06756,1.68297,0.000474805,0.0646986,3.7189e-05,0.00301165,1.39459e-05,0.00102077,0.0646986,1.43385,9.88313e-07,5.5195,0.0220205
2065.2917,293.57,292.121,4.39548,0.178808,2.37191,0.0114601,0.00494167,0.00239906,0.00651842,0.000102165,0.000156366,8.71777e-05,2.85897e-06,0.00616838,0.0174011,0.0501293,0.480712,0.0163412,0.000713176,2.66741e-07,1.01626e-06,3.06402e-05,1.03513e-06,6.6188e-05,6.83322e-05,2.80761e-06,1.63103e-08,3.37254e-06,4.13631e-06,15.4174,51.0253,9.85065,0.383485,32.1644,0.128171,12.0225,0.0134668,0.128171,3.05999,0.159993,3.38436,0.00147125,0.00734376,3.20923,0.00512686,0.0184065,0.0030517,0.00631254,3.20923,0.0114664,3.06756,1.68299,0.000429449,0.0646651,0.000341791,0.00306774,0.000128171,0.00102,0.0646651,3.11728,1.283e-06,5.5668,0.141638
2065.3750,296.804,295.701,4.90737,0.213179,2.40288,0.0132112,0.00600155,0.00268821,0.00720968,0.000191017,0.000164508,0.000158569,1.05153e-05,0.0102456,0.0116185,0.0677396,0.290419,0.019065,0.000718841,1.22014e-06,1.09724e-06,2.12399e-05,1.98985e-07,8.49447e-05,7.87193e-05,1.71149e-06,8.41095e-09,3.81671e-06,4.8437e-06,15.5982,51.1552,9.91511,0.356427,32.1472,0.14152,12.0336,0.0133633,0.14152,3.05336,0.161991,3.38367,0.000804065,0.00669101,3.20789,0.00566079,0.0184241,0.00336952,0.00629925,3.20789,0.0115858,3.06756,1.68296,0.000393986,0.0646132,0.000377386,0.00307068,0.00014152,0.00101779,0.0646132,3.5077,2.31738e-06,5.68308,0.154883
2065.4583,298.747,297.426,4.89796,0.139701,3.65809,0.013101,0.00627209,0.00229806,0.00682888,0.000295148,0.000163478,0.000239518,2.27317e-05,0.0158763,0.0121661,0.0751137,0.190891,0.0189092,0.000725085,2.84141e-06,1.20036e-06,1.45596e-05,1.67494e-07,7.75276e-05,7.65739e-05,1.44762e-06,9.71566e-09,3.21587e-06,4.80529e-06,15.7874,51.2928,9.9864,0.334903,32.126,0.141283,12.0135,0.0125832,0.141283,3.04449,0.164123,3.38329,0.000565118,0.00617357,3.20614,0.00565134,0.0183984,0.00336389,0.00628122,3.20614,0.0117154,3.06756,1.68292,0.000366414,0.0645533,0.000376756,0.00306639,0.000141283,0.00101483,0.0645533,4.13806,4.04176e-06,5.80102,0.153867
2065.5417,299.094,297.802,4.88842,0.101154,3.02846,0.0103312,0.00599361,0.00173259,0.00433756,0.00025138,0.000148923,0.000204578,1.87335e-05,0.0163577,0.0139907,0.0704719,0.148851,0.0145003,0.000730609,2.38854e-06,1.28794e-06,5.15591e-06,1.56882e-07,5.96253e-05,5.83512e-05,6.25957e-07,6.13419e-09,2.37636e-06,3.66363e-06,15.9389,51.4053,10.0491,0.320037,32.107,0.141044,11.9931,0.0118367,0.141044,3.03934,0.165974,3.38315,0.000568588,0.00581851,3.20452,0.00564175,0.018372,0.00335818,0.0062708,3.20452,0.0118295,3.06756,1.68287,0.000347766,0.0645021,0.000376117,0.00306199,0.000141044,0.00101311,0.0645021,3.32676,3.67647e-06,5.88979,0.15288
2065.6250,296.404,295.701,4.87905,0.0980694,1.84556,0.00623334,0.00469399,0.00108552,0.00153935,0.00016707,0.00012722,0.000136939,1.13655e-05,0.0167338,0.0206955,0.0555797,0.11194,0.00818867,0.000733901,1.30536e-06,1.32292e-06,8.27642e-07,1.32661e-07,3.26318e-05,3.25527e-05,1.73719e-07,3.91588e-09,1.40619e-06,2.02854e-06,16.0058,51.4583,10.0856,0.311989,32.0971,0.140808,11.973,0.0111455,0.140808,3.0434,0.167103,3.38325,0.000565553,0.00562872,3.20367,0.00563233,0.0183458,0.00335258,0.00627933,3.20367,0.0118981,3.06756,1.68284,0.000338086,0.0644761,0.000375489,0.00305763,0.000140808,0.00101447,0.0644761,2.13433,2.62828e-06,5.9202,0.151954
2065.7083,289.624,290.293,3.97554,0.115972,0.992753,0.00470968,0.00359048,0.00204358,0.0011192,8.28643e-05,7.55758e-05,6.28103e-05,3.29014e-06,0.00931094,0.0137278,0.0293365,0.121398,0.00565712,0.00979685,2.85568e-07,1.29788e-06,7.91892e-06,8.90206e-08,8.98398e-06,8.60355e-05,9.04366e-07,2.69688e-09,1.33267e-06,5.59397e-06,15.9637,51.5018,10.0754,0.393095,32.0956,0.11604,11.953,0.0104948,0.11604,3.04946,0.166406,3.38442,0.000571663,0.00763914,3.20351,0.00464058,0.0183193,0.00276287,0.0062919,3.20351,0.0118604,3.06762,1.68283,0.000446413,0.0644737,0.000309336,0.00305322,0.00011604,0.00101649,0.0644737,1.26223,1.58344e-06,5.88828,0.126535
2065.7917,282.305,283.634,0,0.153776,0,0,0.00148283,0.00287287,-0.00148283,0,0,0,0,0,0,0,0,0,0.00071995,0,1.23079e-06,1.21602e-11,2.22651e-08,-5.34106e-06,0,6.31077e-13,2.05698e-09,1.57864e-06,0,15.7005,51.6497,9.95738,0.763115,32.1323,0,11.9331,0.00988187,0,3.0537,0.16067,3.39015,7.21218e-05,0.0166308,3.20648,0,0.0182927,0,0.00630063,3.20648,0.0115427,3.06793,1.68285,0.000942586,0.0645797,0,0.00304879,0,0.0010179,0.0645797,0.390629,1.23079e-06,5.74316,0.00988187
2065.8750,275.428,276.74,0,0.229411,0,0,0.00117831,0.00278882,-0.00117831,0,0,0,0,0,0,0,0,0,0.000718748,0,1.15901e-06,1.33037e-06,1.90603e-08,5.37106e-06,0,6.45356e-08,1.57871e-09,2.20447e-06,0,15.6366,51.5177,9.94075,0.652179,32.1699,0,11.9132,0.00930494,0,3.05891,0.160402,3.39027,0.000170591,0.013775,3.20961,0,0.0182659,0,0.00631131,3.20961,0.0115234,3.06794,1.68292,0.000791033,0.0646844,0,0.00304432,0,0.00101964,0.0646844,0.580166,1.15901e-06,5.69589,0.00930494
2065.9583,271.299,271.827,0,0.423155,0,0,0.000921957,0.000672882,-0.000921957,0,0,0,0,0,0,0,0,0,0.000717528,0,1.09502e-06,1.00239e-06,4.35792e-08,4.23922e-06,0,4.94374e-08,2.20964e-09,5.7702e-07,0,15.5818,51.4421,9.92388,0.604223,32.1838,0,11.8929,0.00875298,0,3.07226,0.16013,3.39036,0.000444699,0.0126393,3.2108,0,0.0182385,0,0.00633873,3.2108,0.0115038,3.06794,1.68295,0.000730528,0.0647211,0,0.00303975,0,0.00102409,0.0647211,0.585585,1.09502e-06,5.65794,0.00875298
2066.0417,271.892,272.194,0,0.782787,0,0,0.000933277,0.000665461,-0.000933277,0,0,0,0,0,0,0,0,0,0.000716369,0,1.04943e-06,5.77816e-07,9.32904e-08,4.76542e-06,0,3.39988e-08,2.62629e-09,6.19423e-07,0,15.5312,51.395,9.90785,0.585697,32.1897,0,11.8737,0.00825792,0,3.08837,0.159871,3.39044,0.000665874,0.012211,3.21132,0,0.0182122,0,0.00637181,3.21132,0.0114853,3.06794,1.68297,0.000708415,0.0647368,0,0.00303537,0,0.00102946,0.0647368,0.552815,1.04943e-06,5.62337,0.00825792
2066.1250,281.666,280.627,0,0.237724,0,0,0.00133355,0.00287982,-0.00133355,0,0,0,0,0,0,0,0,0,0.000715212,0,9.95124e-07,1.38245e-05,1.19156e-07,2.44444e-05,0,7.09267e-07,2.59358e-09,3.12934e-06,0,15.4743,51.3101,9.89185,0.53499,32.2027,0,11.8546,0.0077913,0,3.09819,0.159613,3.39035,0.000939293,0.0109372,3.21247,0,0.0181858,0,0.00639183,3.21247,0.0114667,3.06794,1.68303,0.000636032,0.0647691,0,0.00303097,0,0.00103273,0.0647691,0.900426,9.95124e-07,5.58244,0.0077913
2066.2083,289.596,288.309,0.0473666,0.198764,0.0526511,0.000240729,0.00177744,0.0030035,-0.00153671,1.06014e-06,8.17365e-06,9.00836e-07,2.27581e-08,0.000318533,0.00457533,0.00323461,0.0383916,0.000232807,0.00071402,2.09164e-09,9.68284e-07,2.80988e-05,6.10456e-07,4.76958e-05,9.74817e-07,1.76995e-06,9.77469e-09,3.69599e-06,5.32385e-08,15.4056,51.178,9.87535,0.46269,32.2115,0.00154911,11.8384,0.00741979,0.00154911,3.09831,0.159347,3.38985,0.00153151,0.00919775,3.21338,6.19644e-05,0.0181634,3.68836e-05,0.00639171,3.21338,0.0114476,3.06794,1.68313,0.00053567,0.0647855,4.13096e-06,0.00302724,1.54911e-06,0.00103277,0.0647855,1.29743,9.70376e-07,5.5302,0.0089689
2066.2917,293.344,292.426,3.58437,0.18529,2.27459,0.010802,0.00456753,0.0027402,0.00623448,9.47268e-05,0.000156958,8.07785e-05,2.6849e-06,0.00588395,0.0170115,0.052423,0.520601,0.0155428,0.000715635,2.4305e-07,1.00207e-06,3.28796e-05,8.77209e-07,6.53873e-05,6.51122e-05,2.71176e-06,1.50412e-08,3.73479e-06,3.92505e-06,15.4317,51.1392,9.89189,0.408215,32.2063,0.106082,12.0633,0.0124942,0.106082,3.09303,0.159986,3.3889,0.00149156,0.00789946,3.21314,0.00424327,0.0184756,0.00252576,0.00638069,3.21314,0.0114825,3.06794,1.68319,0.000461833,0.0647623,0.000282885,0.00307927,0.000106082,0.00103101,0.0647623,3.1642,1.24512e-06,5.53977,0.118576
2066.3750,294.982,293.795,4.74062,0.156894,3.07976,0.0134333,0.00574128,0.00233375,0.00769206,0.000341498,0.000165033,0.000279062,2.41217e-05,0.0178318,0.0107328,0.0595223,0.178673,0.0198227,0.000721869,2.51636e-06,1.09334e-06,1.27815e-05,2.16982e-07,6.64717e-05,7.98679e-05,1.39865e-06,8.74847e-09,3.29479e-06,5.04048e-06,15.6265,51.2851,9.96277,0.376001,32.1936,0.137314,12.1167,0.0133854,0.137314,3.08897,0.162061,3.38834,0.000571344,0.00713058,3.21221,0.00549257,0.0185518,0.00326939,0.00637267,3.21221,0.0116076,3.06794,1.68315,0.000419394,0.0647209,0.000366171,0.00309197,0.000137314,0.00102966,0.0647209,3.74395,3.6097e-06,5.66375,0.1507
2066.4583,299.283,297.987,4.73157,0.163972,3.25953,0.0129148,0.00643303,0.0025581,0.00648174,0.000352757,0.000163074,0.000281522,3.27047e-05,0.0193577,0.013192,0.0775714,0.150645,0.0188444,0.000728249,4.22812e-06,1.19545e-06,1.1753e-05,4.98224e-08,8.11862e-05,7.55292e-05,1.16431e-06,4.78627e-09,3.61022e-06,4.78704e-06,15.8051,51.4148,10.0354,0.351773,32.1759,0.137085,12.0964,0.012604,0.137085,3.08206,0.164107,3.38824,0.000415694,0.00654925,3.21081,0.0054834,0.0185259,0.00326393,0.00635871,3.21081,0.0117355,3.06794,1.68311,0.000387787,0.0646681,0.00036556,0.00308765,0.000137085,0.00102735,0.0646681,4.05901,5.42356e-06,5.76977,0.149689
2066.5417,297.556,296.773,4.72239,0.16563,2.59322,0.0113857,0.00600993,0.00229544,0.00537577,0.000307574,0.000149239,0.000247261,2.64557e-05,0.0175012,0.0118404,0.0667935,0.144311,0.0164722,0.000734359,3.24273e-06,1.28659e-06,1.15363e-05,4.10548e-08,7.74344e-05,6.60445e-05,1.08751e-06,3.20642e-09,3.18771e-06,4.17917e-06,15.9725,51.5358,10.1047,0.332679,32.1559,0.136852,12.0759,0.0118563,0.136852,3.0747,0.166083,3.38813,0.000453298,0.00609266,3.20916,0.00547409,0.0184993,0.00325839,0.00634369,3.20916,0.0118586,3.06794,1.68306,0.000363412,0.0646122,0.000364939,0.00308321,0.000136852,0.0010249,0.0646122,3.39382,4.52932e-06,5.8678,0.148709
2066.6250,295.387,295.194,4.71338,0.191461,1.93361,0.0089342,0.0052541,0.00233005,0.0036801,0.000117994,0.000134209,9.77781e-05,6.68662e-06,0.00796443,0.0124301,0.05544,0.261502,0.0125512,0.000738926,7.69432e-07,1.32888e-06,2.29289e-05,3.87636e-08,8.28804e-05,5.20137e-05,1.97241e-06,2.63367e-09,3.18693e-06,3.16539e-06,16.0876,51.605,10.156,0.316964,32.1343,0.136624,12.0557,0.0111639,0.136624,3.06618,0.167616,3.38777,0.000801694,0.00571701,3.20731,0.00546495,0.0184729,0.00325295,0.00632619,3.20731,0.0119513,3.06794,1.68305,0.000343565,0.0645546,0.00036433,0.00307881,0.000136624,0.00102206,0.0645546,2.63113,2.09831e-06,5.93155,0.147788
2066.7083,287.667,288.403,3.84186,0.158357,1.16344,0.00562158,0.00349748,0.0025605,0.0021241,6.48479e-05,8.01696e-05,5.31715e-05,1.84165e-06,0.00614339,0.00865349,0.025841,0.223175,0.00723221,0.00953417,1.28835e-07,1.32762e-06,1.93928e-05,9.31993e-08,1.81056e-05,9.11418e-05,1.89924e-06,3.1758e-09,1.77827e-06,5.87834e-06,16.1109,51.6834,10.165,0.3881,32.1227,0.112592,12.0356,0.0105121,0.112592,3.06167,0.167479,3.38838,0.000823802,0.00751083,3.20625,0.00450254,0.0184462,0.00268076,0.0063169,3.20625,0.0119465,3.068,1.68305,0.000439255,0.0645264,0.000300131,0.00307437,0.000112592,0.00102056,0.0645264,1.42737,1.45646e-06,5.94589,0.123104
2066.7917,284.983,285.804,0,0.19842,0,0,0.0017585,0.00399176,-0.0017585,0,0,0,0,0,0,0,0,0,0.00072705,0,1.26626e-06,4.15597e-07,4.50897e-08,-2.61178e-06,0,2.30161e-08,3.36998e-09,2.44683e-06,0,15.8522,51.793,10.0508,0.708454,32.1711,0,12.0155,0.00989821,0,3.06127,0.161943,3.39385,9.93138e-05,0.0153008,3.21019,0,0.0184194,0,0.00631605,3.21019,0.0116398,3.0683,1.68309,0.000868129,0.0646652,0,0.0030699,0,0.00102042,0.0646652,0.623829,1.26626e-06,5.80136,0.00989821
2066.8750,275.541,276.557,0,0.235111,0,0,0.00117911,0.00263551,-0.00117911,0,0,0,0,0,0,0,0,0,0.000725836,0,1.19751e-06,4.70126e-06,1.03061e-07,1.46984e-05,0,2.18342e-07,6.44263e-09,2.43193e-06,0,15.7888,51.6574,10.034,0.59779,32.2049,0,11.9955,0.00932033,0,3.06583,0.161673,3.39391,0.00036717,0.0125019,3.21305,0,0.0183924,0,0.00632536,3.21305,0.0116203,3.0683,1.68316,0.000718335,0.0647574,0,0.0030654,0,0.00102194,0.0647574,0.591345,1.19751e-06,5.7548,0.00932033
2066.9583,275.024,275.235,0,0.239641,0,0,0.00114936,0.00196786,-0.00114936,0,0,0,0,0,0,0,0,0,0.000724604,0,1.13593e-06,1.08308e-05,3.45055e-07,2.03997e-05,0,5.35514e-07,1.40235e-08,2.083e-06,0,15.7292,51.5557,10.017,0.533101,32.2194,0,11.9751,0.00876745,0,3.07406,0.161398,3.3938,0.000797707,0.0109282,3.21433,0,0.0183648,0,0.00634218,3.21433,0.0116006,3.0683,1.68323,0.000631111,0.0647937,0,0.00306079,0,0.00102469,0.0647937,0.748894,1.13593e-06,5.71221,0.00876745
2067.0417,275.665,275.952,0,0.23541,0,0,0.00108763,0.00188124,-0.00108763,0,0,0,0,0,0,0,0,0,0.000723433,0,1.08458e-06,1.6576e-05,6.22687e-07,2.62087e-05,0,9.78225e-07,1.66225e-08,2.17901e-06,0,15.6726,51.4655,10.0008,0.484886,32.2268,0,11.9558,0.00827157,0,3.08123,0.161138,3.39349,0.0011972,0.00976005,3.21504,0,0.0183383,0,0.00635677,3.21504,0.0115819,3.0683,1.68329,0.000565701,0.0648101,0,0.00305639,0,0.00102708,0.0648101,0.80812,1.08458e-06,5.67174,0.00827157
2067.1250,278.681,278.663,0,0.229268,0,0,0.00116424,0.00197296,-0.00116424,0,0,0,0,0,0,0,0,0,0.000722265,0,1.04117e-06,2.31745e-05,1.10837e-06,3.52256e-05,0,1.3888e-06,1.90657e-08,2.46372e-06,0,15.6162,51.3776,9.98466,0.444938,32.2294,0,11.9364,0.00780419,0,3.08699,0.160877,3.393,0.0015966,0.0087989,3.21536,0,0.0183117,0,0.00636838,3.21536,0.0115632,3.0683,1.68336,0.000511473,0.0648126,0,0.00305195,0,0.001029,0.0648126,0.885951,1.04117e-06,5.63159,0.00780419
2067.2083,289.25,287.991,0.837017,0.164016,0.515243,0.00285067,0.00226408,0.00228147,0.000586589,1.63915e-05,5.68952e-05,1.41609e-05,2.30579e-07,0.00167719,0.013514,0.0154163,0.249084,0.00373747,0.000721263,1.64347e-08,1.01278e-06,3.48427e-05,1.81656e-06,5.32017e-05,1.5684e-05,3.26574e-06,2.12753e-08,3.06356e-06,9.26675e-07,15.5584,51.2802,9.9704,0.407525,32.2257,0.0259393,11.9769,0.00873016,0.0259393,3.08861,0.160679,3.39216,0.00203515,0.00789934,3.21517,0.00103757,0.0183679,0.000617602,0.00637141,3.21517,0.011548,3.0683,1.68344,0.000460904,0.0647969,6.91715e-05,0.00306131,2.59393e-05,0.00102954,0.0647969,1.47101,1.02921e-06,5.58795,0.0346695
2067.2917,292.934,291.849,4.69811,0.158338,2.52198,0.0119054,0.00494622,0.002215,0.00695921,0.000123757,0.000158137,0.000105703,3.3777e-06,0.00701675,0.0139907,0.0490723,0.415113,0.0168578,0.000724142,2.89776e-07,1.04786e-06,2.74844e-05,8.70801e-07,6.27611e-05,7.01296e-05,2.96429e-06,1.02476e-08,3.10912e-06,4.27174e-06,15.6479,51.3264,10.0021,0.377219,32.2147,0.136112,12.2137,0.0139551,0.136112,3.08645,0.161802,3.39116,0.00145326,0.00717162,3.21437,0.00544449,0.0186973,0.00324077,0.00636711,3.21437,0.0116124,3.0683,1.68345,0.00042075,0.0647613,0.000362966,0.00311621,0.000136112,0.00102882,0.0647613,3.077,1.33764e-06,5.64584,0.150067
2067.3750,297.815,295.719,4.96806,0.116353,3.47427,0.0123004,0.00587463,0.00175251,0.00642578,0.000320117,0.000162742,0.000263246,2.07556e-05,0.0182125,0.0143237,0.0665114,0.165178,0.0174665,0.000729573,2.35995e-06,1.13728e-06,4.38386e-06,2.48288e-07,5.12054e-05,6.99505e-05,7.09015e-07,5.63132e-09,2.43956e-06,4.42828e-06,15.8275,51.4726,10.064,0.356909,32.2022,0.143042,12.21,0.0135058,0.143042,3.086,0.163722,3.39083,0.000674046,0.00668474,3.21338,0.00572168,0.0186946,0.00340576,0.00636659,3.21338,0.0117285,3.0683,1.6834,0.000394529,0.0647235,0.000381445,0.00311576,0.000143042,0.00102867,0.0647235,4.00129,3.49723e-06,5.76345,0.156548
2067.4583,303.651,300.844,4.95852,0.103483,2.81588,0.0078546,0.00590114,0.0014831,0.00195346,0.000259794,0.000139688,0.000207746,2.37639e-05,0.0225835,0.0275127,0.0776094,0.102226,0.0103876,0.000733985,3.20738e-06,1.22771e-06,1.57188e-06,7.04111e-08,4.20494e-05,4.05748e-05,3.19881e-07,3.69204e-09,2.0041e-06,2.5938e-06,15.9402,51.5636,10.1139,0.343619,32.1921,0.142803,12.1896,0.0127173,0.142803,3.08769,0.165216,3.39093,0.000398441,0.00636501,3.21258,0.00571212,0.0186684,0.00340007,0.00637042,3.21258,0.0118224,3.0683,1.68335,0.000377273,0.0646935,0.000380808,0.00311141,0.000142803,0.00102923,0.0646935,3.29569,4.43509e-06,5.82637,0.15552
2067.5417,303.383,301.374,4.94885,0.0744187,1.6444,0.00439287,0.00490418,0.0010947,-0.000511318,7.28698e-05,0.000102043,5.95257e-05,5.16376e-06,0.00994395,0.0296715,0.0610773,0.142158,0.00511805,0.000735638,7.50735e-07,1.26288e-06,2.05453e-06,9.82724e-08,3.13362e-05,2.07428e-05,3.91052e-07,2.62992e-09,1.45737e-06,1.24688e-06,15.9297,51.5389,10.131,0.334208,32.1838,0.142561,12.1689,0.011963,0.142561,3.09125,0.165855,3.39102,0.000736982,0.00613934,3.21191,0.00570243,0.0186417,0.0033943,0.00637799,3.21191,0.0118594,3.0683,1.68334,0.000365066,0.0646695,0.000380162,0.00310694,0.000142561,0.00103042,0.0646695,2.03857,2.01362e-06,5.79866,0.154524
2067.6250,293.329,293.381,4.93936,0.145933,1.80967,0.0080248,0.00454339,0.00166406,0.00348141,0.000123173,0.000133554,0.00010323,5.68071e-06,0.00941824,0.0130716,0.0488927,0.210594,0.0109683,0.000737378,5.73191e-07,1.2652e-06,1.44283e-05,7.58829e-08,5.55865e-05,4.50102e-05,1.46293e-06,1.91153e-09,2.27306e-06,2.75188e-06,15.9474,51.543,10.1492,0.325913,32.1747,0.142323,12.1486,0.0112643,0.142323,3.095,0.166541,3.39084,0.000840135,0.00593457,3.21114,0.00569291,0.018615,0.00338863,0.00638587,3.21114,0.0118981,3.0683,1.68334,0.0003541,0.0646447,0.000379527,0.00310251,0.000142323,0.00103167,0.0646447,2.33424,1.83839e-06,5.79812,0.153587
2067.7083,287.416,288.036,4.02418,0.181571,0.80552,0.00523347,0.00342159,0.00259714,0.00181188,6.64342e-05,7.55704e-05,5.47431e-05,1.88073e-06,0.00649636,0.00833979,0.0227332,0.182557,0.00634147,0.00989887,1.29421e-07,1.25915e-06,1.66446e-05,4.54525e-08,1.58033e-05,9.02256e-05,1.58076e-06,1.45958e-09,1.82077e-06,5.84418e-06,15.9634,51.6266,10.1517,0.401743,32.1673,0.117288,12.1283,0.0106067,0.117288,3.09412,0.166222,3.39164,0.00073084,0.00783558,3.21047,0.00469048,0.0185882,0.00279258,0.0063841,3.21047,0.0118831,3.06837,1.68333,0.000455973,0.0646265,0.000312659,0.00309804,0.000117288,0.00103137,0.0646265,1.39411,1.38857e-06,5.81174,0.127895
2067.7917,282.047,283.092,0,0.181562,0,0,0.00143871,0.00351742,-0.00143871,0,0,0,0,0,0,0,0,0,0.000724236,0,1.20136e-06,1.16603e-07,1.40135e-08,-4.15522e-06,0,7.23085e-09,1.1974e-09,2.10949e-06,0,15.6991,51.7554,10.0311,0.748356,32.2131,0,12.1081,0.00998724,0,3.09488,0.160412,3.39736,8.07321e-05,0.0162757,3.21421,0,0.0185612,0,0.00638562,3.21421,0.0115611,3.06868,1.68337,0.00092155,0.0647578,0,0.00309353,0,0.00103163,0.0647578,0.453062,1.20136e-06,5.66798,0.00998724
2067.8750,275.077,276.149,0,0.293138,0,0,0.00104576,0.00284644,-0.00104576,0,0,0,0,0,0,0,0,0,0.000723026,0,1.12842e-06,3.30069e-06,1.38114e-08,1.13755e-05,0,1.5477e-07,1.04669e-09,2.53661e-06,0,15.6389,51.6233,10.0144,0.635512,32.2489,0,12.0878,0.00940416,0,3.09994,0.160144,3.39746,0.000276272,0.0134036,3.21724,0,0.018534,0,0.00639598,3.21724,0.0115418,3.06868,1.68344,0.000768042,0.0648553,0,0.003089,0,0.00103331,0.0648553,0.36568,1.12842e-06,5.62453,0.00940416
2067.9583,274.347,274.986,0,0.227595,0,0,0.00100054,0.00223816,-0.00100054,0,0,0,0,0,0,0,0,0,0.000721799,0,1.05732e-06,9.9418e-06,8.32336e-08,2.03967e-05,0,5.31319e-07,3.98417e-09,2.35739e-06,0,15.5843,51.5168,9.99736,0.558399,32.2672,0,12.0673,0.00884631,0,3.10695,0.159873,3.39738,0.000711096,0.0115187,3.21886,0,0.0185061,0,0.00641027,3.21886,0.0115222,3.06868,1.68352,0.000663089,0.0649008,0,0.00308436,0,0.00103565,0.0649008,0.519076,1.05732e-06,5.58695,0.00884631
2068.0417,278.328,278.192,0,0.235465,0,0,0.00120763,0.00220873,-0.00120763,0,0,0,0,0,0,0,0,0,0.000720634,0,1.01035e-06,1.79332e-05,4.279e-07,2.88391e-05,0,1.03211e-06,1.44253e-08,2.56934e-06,0,15.5288,51.4224,9.98121,0.50431,32.2759,0,12.0478,0.00834597,0,3.11339,0.159614,3.39708,0.00113006,0.010209,3.2197,0,0.0184795,0,0.00642335,3.2197,0.0115036,3.06868,1.68359,0.000589559,0.0649197,0,0.00307991,0,0.0010378,0.0649197,0.830344,1.01035e-06,5.54759,0.00834597
2068.1250,277.853,278.043,0,0.245524,0,0,0.00108027,0.00200248,-0.00108027,0,0,0,0,0,0,0,0,0,0.00071947,0,9.76046e-07,2.31194e-05,7.70991e-07,3.48449e-05,0,1.32478e-06,1.74092e-08,2.51788e-06,0,15.4727,51.3295,9.96509,0.459597,32.2789,0,12.0284,0.00787438,0,3.11822,0.159357,3.39655,0.00154473,0.0091347,3.22008,0,0.0184527,0,0.00643304,3.22008,0.011485,3.06868,1.68366,0.00052893,0.0649224,0,0.00307545,0,0.00103941,0.0649224,0.926081,9.76046e-07,5.50765,0.00787438
2068.2083,284.653,283.978,0.0789349,0.192995,0.066321,0.000362879,0.00141219,0.00211734,-0.00104931,1.68941e-06,1.23677e-05,1.45225e-06,1.98221e-08,0.000509781,0.00785418,0.00318504,0.0645124,0.000397669,0.000718274,1.25372e-09,9.51008e-07,3.31203e-05,1.60629e-06,4.76259e-05,1.68552e-06,2.52537e-06,2.47191e-08,2.84965e-06,9.11802e-08,15.4129,51.2331,9.94851,0.42279,32.2762,0.00257089,12.0144,0.00755594,0.00257089,3.12118,0.159092,3.39577,0.0020064,0.00825077,3.21998,0.000102836,0.0184334,6.12117e-05,0.0064388,3.21998,0.0114659,3.06868,1.68374,0.000479431,0.0649087,6.85571e-06,0.00307223,2.57089e-06,0.00104039,0.0649087,1.22077,9.52262e-07,5.46443,0.0101268
2068.2917,288.708,288.003,3.34938,0.180246,1.58302,0.0104847,0.00425535,0.00211474,0.00622936,0.000111096,0.000156914,9.55685e-05,2.20499e-06,0.00704254,0.0162342,0.0329668,0.488173,0.0168754,0.000720926,1.39484e-07,9.6278e-07,3.16106e-05,9.69436e-07,5.76987e-05,7.12962e-05,2.93803e-06,1.33914e-08,2.97981e-06,4.25624e-06,15.4511,51.2319,9.9759,0.392674,32.2671,0.100047,12.2274,0.0123555,0.100047,3.12105,0.159876,3.39474,0.00154712,0.00752703,3.21935,0.00400187,0.018729,0.00238207,0.00643842,3.21935,0.0115087,3.06868,1.68377,0.000439604,0.0648779,0.000266791,0.0031215,0.000100047,0.00104035,0.0648779,2.34033,1.10226e-06,5.47518,0.112402
2068.3750,296.66,294.986,4.25508,0.15374,2.79478,0.0125145,0.00596515,0.00233299,0.00654935,0.00035449,0.00016362,0.000288496,2.64253e-05,0.0196925,0.0129581,0.0641547,0.178617,0.0202827,0.000728506,2.93784e-06,1.02804e-06,1.37313e-05,1.627e-07,7.08389e-05,8.21378e-05,1.53748e-06,7.22162e-09,3.31325e-06,5.14322e-06,15.6188,51.358,10.0596,0.368302,32.2528,0.124862,12.2667,0.01295,0.124862,3.11804,0.16202,3.3942,0.00056232,0.00693938,3.21825,0.00499449,0.0187855,0.00297291,0.00643251,3.21825,0.0116365,3.06868,1.68371,0.000407822,0.0648341,0.000332966,0.00313092,0.000124862,0.00103935,0.0648341,3.39088,3.96588e-06,5.55923,0.137812
2068.4583,299.566,298.232,4.24705,0.180169,3.20897,0.0126724,0.00647412,0.00264414,0.00619825,0.000413759,0.000163377,0.00032765,4.13598e-05,0.0227398,0.0128319,0.0787571,0.142736,0.0205262,0.000736465,5.37061e-06,1.13184e-06,1.11307e-05,3.03423e-08,8.75918e-05,8.2257e-05,1.04258e-06,4.37722e-09,3.71409e-06,5.20897e-06,15.7899,51.479,10.1476,0.346489,32.233,0.124654,12.2462,0.0121939,0.124654,3.10967,0.164292,3.39413,0.000369673,0.00641287,3.21664,0.00498615,0.018759,0.00296795,0.00641545,3.21664,0.0117785,3.06868,1.68366,0.00037963,0.0647768,0.00033241,0.00312651,0.000124654,0.00103656,0.0647768,4.17769,6.50245e-06,5.64229,0.136848
2068.5417,298.027,297.206,4.23891,0.167606,2.25591,0.0108572,0.00590056,0.00226484,0.0049566,0.000335352,0.000148277,0.000269203,2.93371e-05,0.019879,0.0116887,0.0679887,0.138748,0.0173167,0.000743369,3.71442e-06,1.21876e-06,1.11728e-05,4.26612e-08,7.83517e-05,6.96307e-05,1.1043e-06,3.21569e-09,3.11698e-06,4.38493e-06,15.9374,51.5794,10.2235,0.328858,32.2118,0.124442,12.2254,0.0114706,0.124442,3.10139,0.166379,3.39407,0.000446021,0.0059901,3.21485,0.00497769,0.0187319,0.00296291,0.00639849,3.21485,0.011908,3.06868,1.68361,0.000357389,0.0647189,0.000331846,0.00312198,0.000124442,0.0010338,0.0647189,3.02124,4.93319e-06,5.71386,0.135913
2068.6250,295.714,295.515,4.23091,0.201322,1.48434,0.00808168,0.00502174,0.00234594,0.00305994,0.000121879,0.000132332,0.000100639,7.3233e-06,0.00902895,0.0145182,0.0561827,0.259864,0.0124039,0.000748268,8.6655e-07,1.25556e-06,2.27208e-05,3.47864e-08,8.51725e-05,5.17874e-05,1.93034e-06,2.46067e-09,3.18022e-06,3.11407e-06,16.0376,51.634,10.2766,0.314428,32.1897,0.124234,12.205,0.0108007,0.124234,3.09233,0.167975,3.39372,0.000794662,0.00564418,3.21293,0.00496938,0.0187049,0.00295796,0.00637983,3.21293,0.0120035,3.06868,1.68359,0.000339291,0.0646612,0.000331292,0.00311749,0.000124234,0.00103078,0.0646612,2.35271,2.12211e-06,5.76096,0.135035
2068.7083,287.322,287.999,3.45207,0.193559,0.780202,0.00505584,0.00324839,0.00273179,0.00180745,5.6701e-05,7.89899e-05,4.68434e-05,1.43414e-06,0.00597951,0.00949323,0.0235742,0.246652,0.00708288,0.00874612,9.42666e-08,1.24211e-06,2.1344e-05,6.9345e-08,1.80934e-05,8.56107e-05,1.78212e-06,2.80719e-09,1.84955e-06,5.47709e-06,16.0489,51.6902,10.2853,0.376736,32.1775,0.102382,12.1846,0.0101701,0.102382,3.087,0.167921,3.3942,0.000885198,0.00721862,3.21181,0.00409407,0.0186778,0.00243766,0.00636877,3.21181,0.0120019,3.06874,1.6836,0.000423182,0.0646326,0.000272898,0.00311297,0.000102382,0.001029,0.0646326,1.2698,1.33638e-06,5.76366,0.112552
2068.7917,282.934,283.824,0,0.188754,0,0,0.00140423,0.00358341,-0.00140423,0,0,0,0,0,0,0,0,0,0.000737618,0,1.18075e-06,7.45486e-07,6.86736e-08,3.52337e-07,0,3.35862e-08,4.93254e-09,2.28557e-06,0,15.8156,51.789,10.1804,0.662211,32.2237,0,12.1643,0.00957618,0,3.08751,0.162896,3.39912,0.000114664,0.0141806,3.21556,0,0.0186505,0,0.00636974,3.21556,0.0117228,3.06901,1.68363,0.000805682,0.0647655,0,0.00310841,0,0.00102917,0.0647655,0.430788,1.18075e-06,5.6352,0.00957618
2068.8750,279.869,280.533,0,0.235981,0,0,0.00131181,0.0029804,-0.00131181,0,0,0,0,0,0,0,0,0,0.000736387,0,1.1142e-06,8.33533e-06,1.73912e-07,2.36693e-05,0,4.06584e-07,1.01307e-08,2.89568e-06,0,15.751,51.6472,10.1634,0.550667,32.2554,0,12.144,0.0090171,0,3.09018,0.162624,3.39914,0.000531493,0.0113646,3.21824,0,0.0186229,0,0.00637509,3.21824,0.0117032,3.06901,1.68371,0.000653437,0.0648514,0,0.00310382,0,0.00103006,0.0648514,0.566232,1.1142e-06,5.58764,0.0090171
2068.9583,272.12,273.165,0,0.254701,0,0,0.000903021,0.00140389,-0.000903021,0,0,0,0,0,0,0,0,0,0.000735137,0,1.05988e-06,9.85582e-06,5.13964e-07,1.91128e-05,0,4.96733e-07,1.68449e-08,1.52766e-06,0,15.6929,51.5483,10.1461,0.491528,32.2663,0,12.1234,0.00848221,0,3.09759,0.162348,3.39892,0.00102613,0.00993318,3.21922,0,0.0185948,0,0.00639019,3.21922,0.0116834,3.06901,1.68378,0.000574189,0.0648783,0,0.00309913,0,0.00103253,0.0648783,0.866546,1.05988e-06,5.54679,0.00848221
2069.0417,273.85,273.472,0,0.141187,0,0,0.000930677,0.00116882,-0.000930677,0,0,0,0,0,0,0,0,0,0.00073395,0,1.01668e-06,7.37068e-06,6.89654e-07,1.67252e-05,0,3.71301e-07,1.09256e-08,1.35907e-06,0,15.6434,51.4923,10.1297,0.468378,32.2697,0,12.1038,0.00800247,0,3.1108,0.162086,3.3988,0.00136636,0.00938792,3.21954,0,0.0185679,0,0.00641721,3.21954,0.0116645,3.06901,1.68382,0.00054501,0.0648865,0,0.00309464,0,0.00103693,0.0648865,0.565332,1.01668e-06,5.51364,0.00800247
2069.1250,281.815,281.243,0,0.230231,0,0,0.00125805,0.00213936,-0.00125805,0,0,0,0,0,0,0,0,0,0.000732764,0,9.75419e-07,2.6854e-05,7.21307e-07,4.09413e-05,0,1.69157e-06,9.47083e-09,2.6867e-06,0,15.5878,51.4089,10.1134,0.431627,32.2722,0,12.0842,0.00755029,0,3.1173,0.161824,3.3983,0.00174339,0.00848198,3.21982,0,0.0185408,0,0.0064303,3.21982,0.0116457,3.06901,1.68388,0.000493994,0.0648898,0,0.00309013,0,0.0010391,0.0648898,1.0124,9.75419e-07,5.47438,0.00755029
2069.2083,286.908,286.106,0.498329,0.19563,0.326034,0.00188093,0.00177822,0.00217586,0.000102706,9.41668e-06,4.24003e-05,8.13255e-06,1.16024e-07,0.00117593,0.0120224,0.0104243,0.213924,0.00248686,0.000731627,8.22692e-09,9.55455e-07,3.77433e-05,1.4214e-06,5.38935e-05,1.04759e-05,3.06115e-06,1.409e-08,2.92685e-06,6.11365e-07,15.528,51.3092,10.0975,0.395562,32.2673,0.0156111,12.0953,0.00782503,0.0156111,3.11828,0.161587,3.39738,0.00224661,0.00760903,3.21951,0.000624443,0.018556,0.000371692,0.00643193,3.21951,0.0116281,3.06901,1.68396,0.00044523,0.0648717,4.16295e-05,0.00309266,1.56111e-05,0.00103943,0.0648717,1.46629,9.63682e-07,5.43053,0.0234361
2069.2917,293.477,292.065,5.06462,0.158479,2.8147,0.011928,0.00476748,0.00218941,0.00716057,0.000107032,0.00015674,9.1669e-05,2.61793e-06,0.00610516,0.0160047,0.0498322,0.48647,0.0171732,0.000733841,2.41667e-07,1.00224e-06,2.96845e-05,1.06267e-06,6.43282e-05,7.18648e-05,3.25643e-06,1.04967e-08,3.06313e-06,4.35125e-06,15.6137,51.3544,10.1211,0.368222,32.2559,0.145034,12.3339,0.0131658,0.145034,3.11658,0.16263,3.39635,0.00170682,0.00694808,3.21863,0.00580136,0.0188875,0.00345319,0.00642843,3.21863,0.0116873,3.06901,1.68397,0.000409067,0.0648365,0.000386757,0.00314792,0.000145034,0.00103886,0.0648365,3.45399,1.24391e-06,5.49264,0.1582
2069.3750,296.52,295.21,5.66924,0.166412,3.20344,0.0141585,0.00595366,0.0022694,0.00820489,0.000285391,0.000165065,0.000235436,1.7531e-05,0.0141745,0.0105968,0.0653362,0.216423,0.0206849,0.000739296,1.93385e-06,1.10951e-06,1.53183e-05,2.1373e-07,7.32758e-05,8.43323e-05,1.46519e-06,5.74575e-09,3.17887e-06,5.26529e-06,15.8236,51.5233,10.1828,0.347142,32.24,0.160298,12.3443,0.0130783,0.160298,3.1126,0.164803,3.39574,0.00072831,0.00643818,3.21735,0.00641193,0.0189041,0.00381662,0.00642056,3.21735,0.0118181,3.06901,1.68391,0.000381664,0.0647906,0.000427462,0.00315068,0.000160298,0.00103753,0.0647906,4.01119,3.04336e-06,5.64072,0.173377
2069.4583,298.565,297.262,5.65818,0.155725,2.99042,0.013255,0.00642747,0.00228071,0.00682751,0.000377059,0.000161944,0.000301851,3.39266e-05,0.0202017,0.0137887,0.0738345,0.142644,0.0190964,0.000745158,4.21445e-06,1.20444e-06,1.09569e-05,4.21526e-08,7.78197e-05,7.62192e-05,1.15956e-06,3.63176e-09,3.14565e-06,4.85351e-06,16.0283,51.6839,10.2494,0.329433,32.2205,0.16003,12.3237,0.0123148,0.16003,3.10566,0.166993,3.39554,0.000414762,0.00601025,3.21571,0.00640122,0.0188775,0.00381025,0.00640648,3.21571,0.0119539,3.06901,1.68386,0.000358988,0.0647369,0.000426748,0.00314624,0.000160031,0.00103522,0.0647369,3.63849,5.41889e-06,5.77887,0.172345
2069.5417,297.329,296.7,5.64696,0.143996,3.01048,0.0122243,0.00612517,0.00204467,0.00609909,0.000358892,0.000150121,0.000288259,3.12185e-05,0.0192888,0.010927,0.0668233,0.124928,0.0175474,0.000750699,3.81602e-06,1.28853e-06,8.62976e-06,4.00723e-08,7.17073e-05,6.98794e-05,1.11138e-06,2.75005e-09,2.75943e-06,4.46009e-06,16.206,51.8208,10.3121,0.315382,32.2005,0.159759,12.3028,0.0115843,0.159759,3.09891,0.169004,3.39547,0.00042396,0.00567213,3.21398,0.00639036,0.0188502,0.00380378,0.00639269,3.21398,0.0120799,3.06901,1.6838,0.000341239,0.0646842,0.000426024,0.00314169,0.000159759,0.00103297,0.0646842,3.53414,5.10456e-06,5.89383,0.171343
2069.6250,294.548,294.278,5.63594,0.17276,1.98065,0.00878861,0.0051741,0.00192009,0.00361451,0.000179589,0.000132676,0.000147242,1.21092e-05,0.0124396,0.0126656,0.0513975,0.170719,0.0120795,0.000754806,1.36586e-06,1.33899e-06,1.36311e-05,3.99011e-08,6.92062e-05,4.90695e-05,1.14066e-06,2.10559e-09,2.55284e-06,3.04308e-06,16.3255,51.9094,10.358,0.305222,32.1834,0.159492,12.2823,0.0109078,0.159492,3.0953,0.17051,3.39539,0.000602682,0.00542849,3.21247,0.00637969,0.0188231,0.00379743,0.00638529,3.21247,0.0121731,3.06901,1.68376,0.000328561,0.0646408,0.000425312,0.00313718,0.000159492,0.00103177,0.0646408,2.63541,2.70484e-06,5.96746,0.1704
2069.7083,290.482,290.805,4.5853,0.191335,1.11658,0.00588391,0.00406144,0.00292041,0.00182246,6.49166e-05,7.75896e-05,5.11159e-05,2.31593e-06,0.00569968,0.00770459,0.0308475,0.209581,0.00716078,0.0110213,2.07554e-07,1.33336e-06,1.98596e-05,3.39437e-08,2.28049e-05,0.000101582,1.65994e-06,1.8036e-09,1.97855e-06,6.56742e-06,16.3365,51.9912,10.3584,0.391484,32.1729,0.131438,12.2617,0.0102709,0.131438,3.09025,0.170134,3.39631,0.000740653,0.00758709,3.21147,0.00525667,0.0187958,0.00312947,0.00637486,3.21147,0.0121556,3.06909,1.68376,0.000444313,0.0646177,0.000350406,0.00313263,0.000131438,0.00103008,0.0646177,1.58292,1.54092e-06,5.97815,0.141709
2069.7917,281.208,282.366,0,0.206094,0,0,0.00139426,0.00350516,-0.00139426,0,0,0,0,0,0,0,0,0,0.000739993,0,1.27393e-06,1.00779e-08,2.90325e-08,-4.37975e-06,0,7.13556e-10,2.53873e-09,1.9499e-06,0,16.0481,52.1511,10.2249,0.793467,32.2194,0,12.2413,0.00967111,0,3.09013,0.163667,3.40269,7.29909e-05,0.0173698,3.2152,0,0.0187683,0,0.00637453,3.2152,0.0117975,3.06944,1.6838,0.000984305,0.0647529,0,0.00312804,0,0.00103004,0.0647529,0.513661,1.27393e-06,5.82323,0.00967111
2069.8750,274.475,275.814,0,0.253827,0,0,0.00101849,0.00295619,-0.00101849,0,0,0,0,0,0,0,0,0,0.000738757,0,1.20367e-06,1.94801e-06,1.44209e-07,6.60962e-06,0,9.63974e-08,1.14043e-08,2.41476e-06,0,15.9871,52.0132,10.2078,0.671437,32.2599,0,12.2208,0.00910649,0,3.09478,0.163394,3.4028,0.000190065,0.0142427,3.21859,0,0.0187406,0,0.00638397,3.21859,0.0117778,3.06944,1.68387,0.000818611,0.0648655,0,0.00312343,0,0.00103159,0.0648655,0.669574,1.20367e-06,5.77928,0.00910649
2069.9583,274.097,274.767,0,0.312543,0,0,0.000991908,0.0024102,-0.000991908,0,0,0,0,0,0,0,0,0,0.000737503,0,1.13331e-06,7.17185e-06,2.46444e-07,1.61578e-05,0,3.42979e-07,1.51128e-08,2.38983e-06,0,15.9326,51.9066,10.1905,0.589461,32.2818,0,12.2001,0.00856629,0,3.1027,0.163116,3.40278,0.000532177,0.0122354,3.2205,0,0.0187123,0,0.00640012,3.2205,0.0117578,3.06944,1.68394,0.000707134,0.064922,0,0.00311871,0,0.00103423,0.064922,0.398832,1.13331e-06,5.74217,0.00856629
2070.0417,273.517,274.118,0,0.247961,0,0,0.00098921,0.00187284,-0.00098921,0,0,0,0,0,0,0,0,0,0.000736312,0,1.0757e-06,1.17304e-05,5.62361e-07,2.05727e-05,0,5.96042e-07,2.21044e-08,2.04865e-06,0,15.8792,51.8159,10.174,0.532576,32.2935,0,12.1804,0.00808179,0,3.11062,0.162853,3.40261,0.000911806,0.0108611,3.22157,0,0.0186852,0,0.00641623,3.22157,0.0117388,3.06944,1.684,0.000629992,0.06495,0,0.0031142,0,0.00103687,0.06495,0.793946,1.0757e-06,5.70518,0.00808179
2070.1250,278.975,278.579,0,0.245854,0,0,0.00119759,0.00216552,-0.00119759,0,0,0,0,0,0,0,0,0,0.000735123,0,1.0383e-06,1.96156e-05,6.52176e-07,3.08179e-05,0,1.02922e-06,1.73636e-08,2.58056e-06,0,15.8234,51.7264,10.1576,0.485823,32.2997,0,12.1607,0.00762513,0,3.11739,0.16259,3.40225,0.00129759,0.00973402,3.2222,0,0.018658,0,0.00642989,3.2222,0.0117198,3.06944,1.68407,0.000566292,0.0649624,0,0.00310966,0,0.00103913,0.0649624,1.05705,1.0383e-06,5.66582,0.00762513
2070.2083,284.625,283.934,0.000287266,0.194163,0.000350827,1.99143e-06,0.00138791,0.00227605,-0.00138591,0,0,0,0,0,0,0,0,0,0.000733896,0,1.00912e-06,3.03483e-05,1.02947e-06,4.32802e-05,0,2.00361e-06,1.8241e-08,2.93108e-06,0,15.7609,51.6223,10.1406,0.439936,32.301,9.56023e-06,12.1404,0.00718029,9.56023e-06,3.12051,0.162318,3.40158,0.00174169,0.00863805,3.22244,3.82409e-07,0.0186297,2.27624e-07,0.00643594,3.22244,0.0117003,3.06944,1.68415,0.000503737,0.0649594,2.54939e-08,0.00310495,9.56023e-09,0.00104017,0.0649594,1.17519,1.00912e-06,5.62025,0.00718985
2070.2917,290.693,289.516,3.50197,0.185809,1.91687,0.0102113,0.00393586,0.00236128,0.00627542,7.54918e-05,0.000151524,6.47265e-05,1.72592e-06,0.00486881,0.0187265,0.0387073,0.552607,0.0138084,0.000734454,1.40857e-07,1.01569e-06,3.29315e-05,8.97389e-07,5.90695e-05,5.7557e-05,2.72001e-06,1.40888e-08,3.2527e-06,3.48133e-06,15.7821,51.5987,10.145,0.402367,32.2944,0.102997,12.3428,0.011785,0.102997,3.1198,0.162765,3.40061,0.00163029,0.00774331,3.22204,0.00411988,0.0189104,0.00245231,0.00643428,3.22204,0.0117237,3.06944,1.6842,0.000453344,0.0649345,0.000274659,0.00315173,0.000102997,0.00103993,0.0649345,2.66138,1.15655e-06,5.63715,0.114782
2070.3750,296.056,294.607,5.24981,0.152261,3.29761,0.0142076,0.00581564,0.00230765,0.00839193,0.000292706,0.000165208,0.000240872,1.86979e-05,0.0143681,0.0103274,0.062593,0.214264,0.0198219,0.000739044,2.03342e-06,1.10339e-06,1.50971e-05,2.99294e-07,6.67385e-05,8.01475e-05,1.73058e-06,9.18626e-09,3.24796e-06,5.04587e-06,15.9861,51.7575,10.1974,0.373778,32.2812,0.150048,12.4243,0.013351,0.150048,3.11639,0.164737,3.39998,0.000701878,0.00706054,3.22105,0.0060019,0.0190253,0.00357256,0.00642755,3.22105,0.0118425,3.06944,1.68416,0.000415748,0.0648926,0.000400127,0.00317088,0.000150048,0.0010388,0.0648926,3.95095,3.13681e-06,5.7887,0.163399
2070.4583,300.011,297.948,5.23966,0.116503,3.63888,0.0128089,0.00658218,0.00196068,0.00622673,0.000490265,0.000161796,0.000389635,4.76546e-05,0.0274021,0.0146459,0.0758471,0.0944146,0.0176013,0.000744183,6.00162e-06,1.216e-06,3.92119e-06,7.21606e-08,5.99844e-05,6.80004e-05,5.01389e-07,5.17843e-09,2.731e-06,4.46817e-06,16.1807,51.9151,10.2565,0.353811,32.2668,0.149797,12.4036,0.0125715,0.149797,3.11378,0.166736,3.39997,0.000320049,0.00658317,3.21991,0.00599188,0.0189986,0.0035666,0.00642247,3.21991,0.0119694,3.06944,1.6841,0.000389924,0.0648497,0.000399459,0.00316643,0.000149797,0.00103793,0.0648497,4.16366,7.21762e-06,5.92421,0.162369
2070.5417,298.393,297.586,5.22938,0.162838,2.87254,0.0118302,0.00626589,0.00220834,0.00556434,0.000348971,0.000149494,0.000277814,3.32564e-05,0.0191927,0.0116198,0.0700344,0.128859,0.0161676,0.000748913,4.27657e-06,1.31227e-06,9.73051e-06,3.40214e-08,7.2246e-05,6.38735e-05,1.05567e-06,3.21857e-09,3.03529e-06,4.1044e-06,16.3385,52.0367,10.3105,0.337679,32.2506,0.149543,12.3825,0.0118258,0.149543,3.10983,0.168506,3.40008,0.000391187,0.00619455,3.21858,0.00598171,0.0189712,0.00356054,0.00641449,3.21858,0.0120833,3.06944,1.68405,0.000368964,0.064804,0.000398781,0.00316186,0.000149543,0.00103661,0.064804,3.66174,5.58884e-06,6.028,0.161369
2070.6250,296.516,296.089,5.21928,0.157776,2.19151,0.00926474,0.00558592,0.00215022,0.00367881,0.000145491,0.000133913,0.000119954,8.99148e-06,0.00958048,0.0128656,0.0583861,0.202679,0.0122468,0.000752708,1.08216e-06,1.36408e-06,1.64827e-05,5.91721e-08,7.42655e-05,5.00103e-05,1.63665e-06,2.27503e-09,2.91237e-06,3.09079e-06,16.4578,52.1144,10.3535,0.32275,32.231,0.149293,12.3618,0.0111352,0.149293,3.10284,0.169984,3.39986,0.000741342,0.00583693,3.2169,0.00597172,0.018944,0.0035546,0.00640015,3.2169,0.0121737,3.06944,1.68403,0.000349985,0.0647513,0.000398115,0.00315733,0.000149293,0.00103428,0.0647513,2.67113,2.44624e-06,6.10428,0.160428
2070.7083,288.491,289.199,4.24983,0.13634,1.10598,0.00565287,0.00370575,0.00249622,0.00194712,7.01629e-05,7.76792e-05,5.74076e-05,2.10808e-06,0.00643507,0.00827993,0.0273165,0.18725,0.00666699,0.0103627,1.59847e-07,1.35455e-06,1.25375e-05,8.15677e-08,1.1831e-05,9.43246e-05,1.49712e-06,1.80347e-09,1.61802e-06,6.12319e-06,16.4736,52.1995,10.3536,0.403202,32.222,0.123033,12.3412,0.0104851,0.123033,3.10069,0.169652,3.40079,0.000811356,0.0078587,3.21608,0.00492001,0.0189165,0.00292935,0.00639574,3.21608,0.0121587,3.06951,1.68403,0.00045835,0.0647297,0.000327976,0.00315275,0.000123033,0.00103356,0.0647297,1.37029,1.5144e-06,6.12,0.133518
2070.7917,283.056,284.115,0,0.215533,0,0,0.00166516,0.00384889,-0.00166516,0,0,0,0,0,0,0,0,0,0.000738626,0,1.29232e-06,3.84268e-08,1.68115e-08,-5.30618e-06,0,2.54406e-09,1.42663e-09,2.25284e-06,0,16.1948,52.3366,10.2267,0.769191,32.2706,0,12.3206,0.00987273,0,3.102,0.163562,3.40685,7.84561e-05,0.0167761,3.22003,0,0.0188889,0,0.00639838,3.22003,0.0118214,3.06984,1.68406,0.000950559,0.0648691,0,0.00314815,0,0.001034,0.0648691,0.686359,1.29232e-06,5.96812,0.00987273
2070.8750,275.793,276.537,0,0.22114,0,0,0.00127675,0.00278152,-0.00127675,0,0,0,0,0,0,0,0,0,0.000737392,0,1.22043e-06,3.03798e-06,2.30522e-08,9.82061e-06,0,1.57947e-07,1.71767e-09,2.44052e-06,0,16.1285,52.1945,10.2096,0.650028,32.309,0,12.3,0.00929634,0,3.10692,0.163289,3.40695,0.000244453,0.0137386,3.22327,0,0.0188611,0,0.00640841,3.22327,0.0118017,3.06984,1.68414,0.000788849,0.0649743,0,0.00314352,0,0.00103564,0.0649743,0.487954,1.22043e-06,5.91891,0.00929634
2070.9583,274.782,275.436,0,0.281759,0,0,0.00111895,0.00224105,-0.00111895,0,0,0,0,0,0,0,0,0,0.000736141,0,1.15173e-06,9.08069e-06,7.03116e-08,1.8913e-05,0,4.76961e-07,3.38949e-09,2.30607e-06,0,16.0662,52.083,10.1923,0.57408,32.3277,0,12.2791,0.00874488,0,3.11505,0.163012,3.40689,0.000642331,0.011883,3.22493,0,0.0188327,0,0.00642501,3.22493,0.0117817,3.06984,1.68421,0.000685695,0.0650217,0,0.00313878,0,0.00103835,0.0650217,0.574061,1.15173e-06,5.87389,0.00874488
2071.0417,277.244,277.123,0,0.251099,0,0,0.00125984,0.00220274,-0.00125984,0,0,0,0,0,0,0,0,0,0.000734952,0,1.09854e-06,1.57275e-05,3.26437e-07,2.69334e-05,0,7.88843e-07,1.05722e-08,2.51274e-06,0,16.008,51.9862,10.1758,0.518367,32.3377,0,12.2593,0.00825028,0,3.12218,0.162749,3.40664,0.00105823,0.010532,3.22587,0,0.0188054,0,0.00643949,3.22587,0.0117626,3.06984,1.68428,0.000609865,0.0650441,0,0.00313424,0,0.00104073,0.0650441,0.948776,1.09854e-06,5.83217,0.00825028
2071.1250,280.612,280.562,0,0.226846,0,0,0.00133993,0.0022414,-0.00133993,0,0,0,0,0,0,0,0,0,0.000733765,0,1.06244e-06,2.42835e-05,9.28521e-07,3.65452e-05,0,1.37674e-06,2.15006e-08,2.77106e-06,0,15.9448,51.8809,10.1594,0.467752,32.3421,0,12.2395,0.0077841,0,3.12619,0.162486,3.40614,0.00152391,0.00931235,3.22637,0,0.0187781,0,0.00644748,3.22637,0.0117436,3.06984,1.68436,0.00054065,0.0650501,0,0.00312968,0,0.00104206,0.0650501,1.09318,1.06244e-06,5.78544,0.0077841
2071.2083,289.682,288.438,1.64404,0.177826,0.943845,0.00512114,0.0030256,0.0024419,0.00209553,3.14523e-05,9.58583e-05,2.70848e-05,5.54118e-07,0.00285448,0.0181751,0.024978,0.397763,0.00681944,0.000733229,4.18824e-08,1.04298e-06,3.56893e-05,1.21357e-06,5.36925e-05,2.8568e-05,2.93078e-06,1.90293e-08,3.27407e-06,1.6977e-06,15.9014,51.7937,10.1506,0.425143,32.3397,0.0500903,12.3384,0.0100432,0.0500903,3.12747,0.162439,3.40529,0.00178341,0.00829299,3.22632,0.00200361,0.0189151,0.00119263,0.00644983,3.22632,0.0117372,3.06984,1.68443,0.000482916,0.0650362,0.000133574,0.00315252,5.00903e-05,0.00104249,0.0650362,1.88795,1.08487e-06,5.75084,0.0601335
2071.2917,291.738,290.975,4.45091,0.199661,2.08916,0.0122051,0.00499264,0.00242618,0.00721247,0.000144589,0.000158215,0.000122569,5.01266e-06,0.00796876,0.0127466,0.0456152,0.352073,0.0173934,0.000737188,4.23949e-07,1.08966e-06,2.39919e-05,4.33677e-07,6.67189e-05,7.20428e-05,1.99788e-06,9.44578e-09,3.40663e-06,4.4106e-06,16.0225,51.8683,10.1951,0.391528,32.3291,0.129916,12.5081,0.013685,0.129916,3.12513,0.163839,3.40443,0.00108225,0.00748818,3.22558,0.00519664,0.019152,0.00309324,0.00644524,3.22558,0.0118187,3.06983,1.68443,0.000438271,0.0650004,0.000346443,0.003192,0.000129916,0.00104171,0.0650004,3.17861,1.51361e-06,5.82744,0.143601
2071.3750,296.768,295.327,4.48339,0.156704,3.18515,0.0131895,0.0060367,0.00243764,0.00715284,0.000293078,0.000164498,0.000238603,2.16663e-05,0.015594,0.0115088,0.0659739,0.193113,0.0189255,0.000743349,2.42198e-06,1.16944e-06,1.39807e-05,1.16341e-07,7.49439e-05,7.64955e-05,1.30504e-06,8.27542e-09,3.43543e-06,4.80756e-06,16.2163,52.0128,10.2657,0.364762,32.3123,0.130756,12.4897,0.0129408,0.130756,3.11936,0.165892,3.40399,0.000542712,0.00684531,3.22427,0.00523024,0.0191287,0.00311324,0.00643366,3.22427,0.011943,3.06983,1.68439,0.000403435,0.0649495,0.000348683,0.00318812,0.000130756,0.00103979,0.0649495,3.58353,3.59142e-06,5.95062,0.143697
2071.4583,301.018,299.135,4.47489,0.137106,3.19344,0.0124218,0.0067362,0.0023005,0.00568556,0.000366475,0.000161349,0.000292736,3.37442e-05,0.0207519,0.0150638,0.0810707,0.135172,0.0175999,0.000749368,4.5419e-06,1.26233e-06,9.01703e-06,9.6842e-08,7.48253e-05,6.98225e-05,9.72734e-07,6.41848e-09,3.19656e-06,4.46447e-06,16.3815,52.1369,10.3347,0.345443,32.2951,0.130538,12.4689,0.0121853,0.130538,3.11482,0.167826,3.40392,0.000420661,0.00638165,3.22287,0.00522151,0.0191017,0.00310804,0.00642453,3.22287,0.0120639,3.06983,1.68435,0.00037878,0.0649,0.000348101,0.00318361,0.000130538,0.00103827,0.0649,3.89002,5.80422e-06,6.04689,0.142723
2071.5417,300.846,299.577,4.46626,0.10226,3.38274,0.0108011,0.00635813,0.00200897,0.00444296,0.000219002,0.000149547,0.000178522,1.59334e-05,0.0134958,0.0131342,0.0773889,0.179193,0.0150584,0.000754973,2.24076e-06,1.34843e-06,7.78902e-06,1.13612e-07,6.85754e-05,6.10814e-05,1.01257e-06,3.99235e-09,2.74418e-06,3.80995e-06,16.5205,52.2299,10.3986,0.328471,32.2742,0.130316,12.4477,0.0114625,0.130316,3.10672,0.169649,3.4038,0.000657278,0.00597439,3.22111,0.00521265,0.0190739,0.00310277,0.00640791,3.22111,0.0121764,3.06983,1.68431,0.000357091,0.0648433,0.00034751,0.00317899,0.000130316,0.00103557,0.0648433,3.72861,3.58919e-06,6.12183,0.141779
2071.6250,296.07,295.587,4.45779,0.132287,1.65394,0.00666592,0.0047841,0.00152109,0.00188182,0.000112919,0.000121125,9.38623e-05,6.11042e-06,0.0106002,0.0206128,0.0523878,0.171287,0.00879822,0.000758123,6.92622e-07,1.38365e-06,1.18863e-05,1.09329e-07,5.04572e-05,3.58754e-05,1.06206e-06,2.80072e-09,2.02533e-06,2.19513e-06,16.5757,52.2669,10.4336,0.319248,32.2624,0.130099,12.4269,0.0107931,0.130099,3.10958,0.170725,3.40374,0.000764671,0.005757,3.22008,0.00520394,0.0190464,0.00309759,0.00641388,3.22008,0.0122403,3.06984,1.68429,0.000345919,0.0648123,0.00034693,0.0031744,0.000130099,0.00103653,0.0648123,2.26378,2.07627e-06,6.1421,0.140892
2071.7083,288.271,288.858,3.63545,0.159086,0.993011,0.00543059,0.00363124,0.00253244,0.00179935,6.96461e-05,7.78723e-05,5.69809e-05,2.13014e-06,0.00666949,0.00814289,0.0267329,0.193536,0.00670604,0.00913292,1.57333e-07,1.36971e-06,1.60542e-05,7.66731e-08,1.66773e-05,8.61515e-05,1.77561e-06,2.02802e-09,1.73606e-06,5.57147e-06,16.5811,52.3324,10.4377,0.388145,32.2542,0.107215,12.4062,0.010163,0.107215,3.10886,0.170458,3.40448,0.000791603,0.00748625,3.21933,0.00428732,0.0190187,0.00255273,0.00641238,3.21933,0.0122278,3.0699,1.68429,0.00043811,0.0647931,0.000285779,0.00316978,0.000107215,0.00103629,0.0647931,1.43076,1.52704e-06,6.14344,0.117378
2071.7917,282.814,283.885,0,0.164774,0,0,0.00158777,0.00341593,-0.00158777,0,0,0,0,0,0,0,0,0,0.000746318,0,1.30058e-06,1.53174e-07,2.21043e-08,-4.10356e-06,0,9.65332e-09,1.65319e-09,2.01731e-06,0,16.3328,52.4421,10.3276,0.699908,32.2988,0,12.3855,0.00956943,0,3.11061,0.165158,3.4097,9.47782e-05,0.0150856,3.22295,0,0.0189908,0,0.00641589,3.22295,0.0119338,3.07018,1.68432,0.000856267,0.064921,0,0.00316513,0,0.00103687,0.064921,0.382861,1.30058e-06,6.00522,0.00956943
2071.8750,276.211,277.364,0,0.268657,0,0,0.0012132,0.0026641,-0.0012132,0,0,0,0,0,0,0,0,0,0.000745071,0,1.21787e-06,4.86416e-06,2.18744e-08,1.50976e-05,0,2.60048e-07,1.41934e-09,2.43157e-06,0,16.2657,52.3057,10.3103,0.592385,32.332,0,12.3648,0.00901075,0,3.11566,0.164882,3.40977,0.000359642,0.0123541,3.22575,0,0.0189627,0,0.00642614,3.22575,0.0119138,3.07018,1.68439,0.000709821,0.0650118,0,0.00316045,0,0.00103855,0.0650118,0.462628,1.21787e-06,5.95536,0.00901075
2071.9583,274.68,275.252,0,0.233329,0,0,0.00117284,0.00185056,-0.00117284,0,0,0,0,0,0,0,0,0,0.000743807,0,1.14508e-06,8.13595e-06,4.52236e-08,1.92214e-05,0,4.30822e-07,1.63295e-09,1.93288e-06,0,16.204,52.2015,10.2928,0.527247,32.3463,0,12.3438,0.00847623,0,3.12389,0.164602,3.40965,0.000822382,0.0107689,3.22702,0,0.018934,0,0.00644291,3.22702,0.0118936,3.07018,1.68446,0.000621945,0.0650478,0,0.00315566,0,0.0010413,0.0650478,0.474907,1.14508e-06,5.91119,0.00847623
2072.0417,276.778,276.616,0,0.264453,0,0,0.00124677,0.00204607,-0.00124677,0,0,0,0,0,0,0,0,0,0.000742606,0,1.09025e-06,1.75676e-05,1.06895e-07,2.77436e-05,0,8.63185e-07,2.46906e-09,2.35329e-06,0,16.146,52.1178,10.2762,0.485703,32.353,0,12.3239,0.00799683,0,3.13314,0.164336,3.40941,0.00120491,0.00976173,3.22765,0,0.0189065,0,0.00646174,3.22765,0.0118744,3.07018,1.68451,0.000566004,0.0650631,0,0.00315108,0,0.00104438,0.0650631,0.86316,1.09025e-06,5.86978,0.00799683
2072.1250,282.808,282.408,0,0.226544,0,0,0.0014702,0.00227516,-0.0014702,0,0,0,0,0,0,0,0,0,0.000741406,0,1.05089e-06,2.77735e-05,1.20454e-06,4.24652e-05,0,1.68103e-06,2.12623e-08,2.85032e-06,0,16.0818,52.0141,10.2596,0.440177,32.3553,0,12.304,0.00754497,0,3.13684,0.164071,3.40886,0.00170098,0.00866249,3.22795,0,0.0188789,0,0.00646904,3.22795,0.0118552,3.07018,1.68459,0.000503825,0.0650644,0,0.00314648,0,0.00104561,0.0650644,1.00149,1.05089e-06,5.82215,0.00754497
2072.2083,287.159,286.381,0.727886,0.195123,0.469415,0.00280765,0.0022826,0.00222083,0.000525056,1.42166e-05,5.58806e-05,1.22752e-05,1.92028e-07,0.00143707,0.012876,0.013097,0.279469,0.00375621,0.000740389,1.32717e-08,1.02515e-06,3.87593e-05,1.66095e-06,5.4122e-05,1.57921e-05,2.96951e-06,2.11553e-08,2.98777e-06,9.32004e-07,16.0192,51.9106,10.2451,0.403128,32.3504,0.0226871,12.3389,0.00837379,0.0226871,3.13779,0.163867,3.40789,0.00212538,0.00777097,3.22766,0.000907484,0.0189271,0.000540169,0.00647063,3.22766,0.0118395,3.07018,1.68467,0.00045405,0.0650454,6.04989e-05,0.00315452,2.26871e-05,0.00104593,0.0650454,1.48284,1.03842e-06,5.77413,0.0310609
2072.2917,292.081,290.88,4.44747,0.170658,2.34085,0.0116545,0.00491958,0.00219618,0.00673493,0.000110411,0.000156486,9.43976e-05,2.88664e-06,0.00654023,0.0160705,0.0451048,0.448378,0.0166314,0.000743802,2.53567e-07,1.06138e-06,2.7989e-05,9.22684e-07,6.33217e-05,6.93365e-05,2.68486e-06,1.3475e-08,3.06948e-06,4.2118e-06,16.1163,51.9671,10.283,0.375294,32.3391,0.129695,12.5801,0.0137356,0.129695,3.1365,0.165054,3.40687,0.00144694,0.00710087,3.2268,0.0051878,0.0192625,0.00308797,0.00646805,3.2268,0.0119076,3.07018,1.68468,0.000417421,0.0650097,0.000345853,0.00321041,0.000129695,0.0010455,0.0650097,3.11386,1.31495e-06,5.83324,0.143431
2072.3750,297.716,296.063,4.73863,0.143517,3.30975,0.0135524,0.00626929,0.00230726,0.00728312,0.000266699,0.000164762,0.000219804,1.66264e-05,0.0137648,0.0110761,0.0689302,0.228254,0.0195427,0.000749912,1.95562e-06,1.14304e-06,1.55491e-05,2.25633e-07,7.31034e-05,7.95615e-05,1.61508e-06,7.41853e-09,3.22708e-06,4.96838e-06,16.2954,52.1025,10.3528,0.352721,32.3225,0.137264,12.5782,0.0133513,0.137264,3.1319,0.167046,3.40628,0.000737604,0.00655606,3.22548,0.00549055,0.019262,0.00326819,0.00645895,3.22548,0.0120271,3.07018,1.68463,0.000388153,0.0649613,0.000366037,0.00321034,0.000137264,0.00104397,0.0649613,3.75621,3.09866e-06,5.9425,0.150615
2072.4583,300.272,298.331,4.72959,0.130057,3.16133,0.0116634,0.00642574,0.00185268,0.00523768,0.00041914,0.000154076,0.000335337,3.81279e-05,0.0250141,0.0178021,0.0744545,0.103435,0.01656,0.000756095,4.8512e-06,1.24389e-06,4.77142e-06,8.95122e-08,5.90068e-05,6.46706e-05,5.14363e-07,4.96501e-09,2.53073e-06,4.19792e-06,16.4593,52.2349,10.4236,0.337364,32.3079,0.137035,12.5572,0.0125718,0.137035,3.13035,0.168973,3.40626,0.000372863,0.00618753,3.22427,0.00548138,0.0192349,0.00326273,0.00645604,3.22427,0.0121481,3.07018,1.68457,0.00036872,0.06492,0.000365426,0.00320582,0.000137035,0.00104345,0.06492,3.96915,6.09509e-06,6.0358,0.149606
2072.5417,299.203,298.344,4.72041,0.176817,2.96937,0.0115282,0.00633806,0.00256445,0.00519014,0.000198555,0.000149913,0.00016081,1.55921e-05,0.0111386,0.0122216,0.0734107,0.228811,0.0163145,0.000761721,2.06183e-06,1.33043e-06,1.8081e-05,3.44514e-08,9.06986e-05,6.67899e-05,1.5948e-06,3.20733e-09,3.4966e-06,4.13851e-06,16.5989,52.3299,10.4876,0.321602,32.287,0.136802,12.5359,0.0118261,0.136802,3.12232,0.170757,3.40611,0.000626672,0.00580478,3.22249,0.00547208,0.0192071,0.00325719,0.00643962,3.22249,0.0122588,3.07018,1.68454,0.000348509,0.0648642,0.000364805,0.00320118,0.000136802,0.00104077,0.0648642,3.65017,3.39226e-06,6.1113,0.148628
2072.6250,294.788,294.866,4.7114,0.19443,1.70531,0.00907486,0.00528385,0.00224936,0.00379101,0.000110194,0.000133671,9.19846e-05,5.47133e-06,0.0072481,0.0115786,0.054173,0.276802,0.0125197,0.00076628,6.34281e-07,1.37928e-06,2.55541e-05,8.07303e-08,8.17809e-05,5.18493e-05,2.31809e-06,3.39421e-09,3.00443e-06,3.15916e-06,16.7078,52.3931,10.5391,0.307995,32.2642,0.136574,12.5149,0.0111354,0.136574,3.11312,0.172272,3.40558,0.000924262,0.00547916,3.22048,0.00546294,0.0191795,0.00325175,0.00642071,3.22048,0.0123489,3.07018,1.68453,0.000331587,0.0648057,0.000364196,0.00319658,0.000136574,0.00103771,0.0648057,2.55746,2.01356e-06,6.16863,0.147709
2072.7083,289.029,289.605,3.84026,0.183188,0.920804,0.00559321,0.00380367,0.00278919,0.00178953,6.27731e-05,7.81951e-05,5.18482e-05,1.91544e-06,0.0058823,0.00824131,0.0293663,0.217206,0.00694043,0.00955831,1.51494e-07,1.36692e-06,2.19183e-05,1.25319e-07,1.76736e-05,8.99445e-05,1.99403e-06,3.33205e-09,1.82921e-06,5.80869e-06,16.7282,52.47,10.5484,0.379203,32.2536,0.112551,12.494,0.0104853,0.112551,3.10898,0.17211,3.40616,0.000882079,0.00727434,3.21948,0.00450101,0.0191517,0.00267978,0.00641217,3.21948,0.0123426,3.07025,1.68452,0.000427375,0.0647818,0.00030003,0.00319195,0.000112551,0.00103633,0.0647818,1.51579,1.51842e-06,6.1798,0.123036
2072.7917,280.416,281.687,0,0.190477,0,0,0.00141728,0.00337158,-0.00141728,0,0,0,0,0,0,0,0,0,0.000754334,0,1.30405e-06,3.39707e-07,6.35476e-08,-2.99603e-06,0,1.64365e-08,4.4025e-09,1.97228e-06,0,16.4727,52.5898,10.4333,0.707521,32.2996,0,12.4732,0.00987295,0,3.10992,0.166551,3.41156,9.8458e-05,0.0152989,3.2232,0,0.0191237,0,0.00641404,3.2232,0.0120343,3.07055,1.68456,0.000868825,0.0649149,0,0.00318728,0,0.00103664,0.0649149,0.407018,1.30405e-06,6.03944,0.00987295
2072.8750,275.961,277.155,0,0.24591,0,0,0.00124348,0.00285243,-0.00124348,0,0,0,0,0,0,0,0,0,0.000753075,0,1.22487e-06,4.45872e-06,1.72366e-07,1.49202e-05,0,2.03063e-07,1.03271e-08,2.56093e-06,0,16.4076,52.454,10.4158,0.597304,32.3341,0,12.4523,0.00929655,0,3.11491,0.166273,3.41164,0.000357628,0.0124874,3.22609,0,0.0190955,0,0.00642422,3.22609,0.0120142,3.07055,1.68463,0.000718594,0.0650099,0,0.00318258,0,0.0010383,0.0650099,0.630783,1.22487e-06,5.9918,0.00929655
2072.9583,273.464,273.815,0,0.186063,0,0,0.0010827,0.00173652,-0.0010827,0,0,0,0,0,0,0,0,0,0.000751797,0,1.15735e-06,9.56552e-06,3.9802e-07,1.82427e-05,0,5.02693e-07,1.54487e-08,1.79579e-06,0,16.347,52.353,10.3982,0.533097,32.349,0,12.4312,0.00874508,0,3.12397,0.165991,3.41153,0.000781992,0.0109195,3.2274,0,0.0190666,0,0.00644272,3.2274,0.0119938,3.07055,1.68469,0.000632012,0.065048,0,0.00317777,0,0.00104132,0.065048,0.633926,1.15735e-06,5.94881,0.00874508
2073.0417,276.781,276.465,0,0.212611,0,0,0.00121766,0.00199683,-0.00121766,0,0,0,0,0,0,0,0,0,0.000750582,0,1.0974e-06,1.4957e-05,4.42756e-07,2.57882e-05,0,7.25931e-07,1.07411e-08,2.25647e-06,0,16.2893,52.2696,10.3814,0.490538,32.3563,0,12.4111,0.00825046,0,3.13347,0.165723,3.41129,0.00115188,0.00988412,3.22807,0,0.019039,0,0.0064621,3.22807,0.0119744,3.07055,1.68475,0.000574509,0.0650653,0,0.00317317,0,0.00104449,0.0650653,0.477824,1.0974e-06,5.90797,0.00825046
2073.1250,283.201,282.637,0,0.202669,0,0,0.0014715,0.00228818,-0.0014715,0,0,0,0,0,0,0,0,0,0.00074937,0,1.04697e-06,2.62559e-05,1.3232e-06,4.01943e-05,0,1.67929e-06,2.46643e-08,2.81796e-06,0,16.2248,52.1637,10.3646,0.441841,32.36,0,12.3911,0.00778427,0,3.13709,0.165455,3.41075,0.00162866,0.00870436,3.22849,0,0.0190113,0,0.00646925,3.22849,0.0119551,3.07055,1.68483,0.000507444,0.0650705,0,0.00316855,0,0.0010457,0.0650705,0.918541,1.04697e-06,5.86022,0.00778427
2073.2083,290.797,289.733,1.1408,0.193054,0.720778,0.00393159,0.00278962,0.0025144,0.00114197,2.07551e-05,7.38677e-05,1.78813e-05,3.39588e-07,0.00193302,0.0140507,0.0204924,0.3498,0.0052817,0.000748518,2.68809e-08,1.02458e-06,4.09854e-05,1.26687e-06,6.05209e-05,2.21967e-05,3.13302e-06,1.60598e-08,3.3613e-06,1.31523e-06,16.1647,52.0586,10.352,0.401411,32.3554,0.0350022,12.4562,0.00928884,0.0350022,3.13699,0.165306,3.40976,0.00203111,0.00773062,3.22823,0.00140009,0.0191015,0.000833385,0.0064687,3.22823,0.0119426,3.07055,1.68491,0.000452663,0.0650523,9.33391e-05,0.00318358,3.50022e-05,0.00104566,0.0650523,1.80866,1.05146e-06,5.81273,0.044291
2073.2917,291.982,291.131,4.82775,0.187104,2.2236,0.0115216,0.00495594,0.00229797,0.00656569,0.000108558,0.000157113,9.27575e-05,2.90756e-06,0.00650238,0.0146885,0.0461959,0.435557,0.0162592,0.000752157,2.45899e-07,1.07287e-06,2.91851e-05,7.6544e-07,6.67958e-05,6.7765e-05,2.68336e-06,1.23754e-08,3.20295e-06,4.11452e-06,16.2696,52.1182,10.3926,0.371317,32.3431,0.139459,12.6917,0.0144602,0.139459,3.13413,0.16658,3.40872,0.00136985,0.00700691,3.2273,0.00557835,0.0194293,0.00332045,0.00646303,3.2273,0.0120159,3.07055,1.68491,0.000412977,0.0650138,0.00037189,0.00323822,0.000139459,0.00104471,0.0650138,3.10935,1.31877e-06,5.87702,0.153919
2073.3750,297.199,296.024,4.98942,0.171192,3.07531,0.0139066,0.00628354,0.00247822,0.0076231,0.000237603,0.000165024,0.000195744,1.48576e-05,0.0119103,0.0106693,0.0692943,0.262249,0.0199815,0.000758196,1.73748e-06,1.15185e-06,2.00531e-05,1.93494e-07,7.9612e-05,8.18462e-05,1.83651e-06,8.10046e-09,3.4567e-06,5.08411e-06,16.4509,52.252,10.4616,0.347898,32.3253,0.143577,12.6812,0.0138495,0.143577,3.12796,0.168576,3.40808,0.000759009,0.0064417,3.22585,0.00574306,0.0194172,0.00341849,0.00645073,3.22585,0.0121352,3.07055,1.68488,0.000382557,0.0649619,0.000382871,0.0032362,0.000143577,0.00104265,0.0649619,3.77299,2.88932e-06,5.98924,0.157426
2073.4583,300.937,299.338,4.97984,0.151342,3.39035,0.012976,0.00690725,0.002352,0.00606874,0.00031658,0.00016292,0.000255144,2.64613e-05,0.0172937,0.0127395,0.0825621,0.163281,0.0183652,0.000764853,3.63633e-06,1.25733e-06,1.14874e-05,1.06342e-07,7.90028e-05,7.38403e-05,1.2165e-06,5.69423e-09,3.21736e-06,4.66381e-06,16.6368,52.3923,10.538,0.329716,32.3052,0.143337,12.66,0.0130409,0.143337,3.12053,0.170703,3.40783,0.000517538,0.00600378,3.22417,0.00573347,0.01939,0.00341278,0.00643572,3.22417,0.0122662,3.07055,1.68483,0.000359294,0.0649067,0.000382231,0.00323167,0.000143337,0.00104018,0.0649067,4.18353,4.89367e-06,6.09884,0.156378
2073.5417,298.828,298.12,4.97012,0.14617,2.90996,0.0117409,0.00639161,0.002229,0.00534928,0.000241919,0.00014988,0.000196711,1.81655e-05,0.0135378,0.0119859,0.072496,0.179065,0.0164922,0.000770812,2.40761e-06,1.34609e-06,1.25548e-05,7.58736e-08,7.85428e-05,6.69299e-05,1.50906e-06,3.60543e-09,2.99674e-06,4.18609e-06,16.7887,52.5008,10.606,0.31511,32.2842,0.143094,12.6385,0.0122674,0.143094,3.11279,0.172612,3.40764,0.000602738,0.00565281,3.22235,0.00572374,0.0193621,0.00340699,0.00641995,3.22235,0.0123837,3.07055,1.68478,0.000340799,0.0648514,0.000381583,0.00322702,0.000143094,0.0010376,0.0648514,3.50179,3.7537e-06,6.18266,0.155361
2073.6250,294.679,294.589,4.96058,0.158251,1.76243,0.00894821,0.00532742,0.00192668,0.00362079,0.000157821,0.000133109,0.000130889,8.88682e-06,0.0105861,0.012248,0.0527487,0.187996,0.0122068,0.000775407,9.95812e-07,1.38189e-06,1.5643e-05,8.39812e-08,6.89782e-05,4.98308e-05,1.60373e-06,2.59876e-09,2.53971e-06,3.07837e-06,16.9018,52.5809,10.658,0.304555,32.266,0.142855,12.6174,0.0115509,0.142855,3.10856,0.174115,3.40742,0.00075011,0.00540065,3.22074,0.00571418,0.0193344,0.0034013,0.00641135,3.22074,0.0124746,3.07055,1.68475,0.000327665,0.0648055,0.000380946,0.0032224,0.000142855,0.00103619,0.0648055,2.33432,2.3777e-06,6.24385,0.154405
2073.7083,289.501,289.975,4.0413,0.132372,1.26554,0.00594335,0.00395896,0.00243743,0.00198439,8.07555e-05,8.00996e-05,6.53161e-05,2.65239e-06,0.00702647,0.00810292,0.0297403,0.180602,0.0073479,0.00997164,2.11335e-07,1.36831e-06,1.30062e-05,8.43095e-08,1.50824e-05,9.44521e-05,1.54045e-06,2.0188e-09,1.56251e-06,6.11466e-06,16.9194,52.6663,10.6662,0.383377,32.2567,0.117727,12.5964,0.0108766,0.117727,3.10682,0.173888,3.40829,0.000770702,0.00737472,3.21985,0.00470801,0.0193065,0.00280302,0.00640781,3.21985,0.0124655,3.07061,1.68474,0.000433453,0.064785,0.000313826,0.00321775,0.000117727,0.00103561,0.064785,1.51086,1.57964e-06,6.25319,0.128603
2073.7917,281.56,282.66,0,0.211383,0,0,0.00153541,0.00349761,-0.00153541,0,0,0,0,0,0,0,0,0,0.000762882,0,1.30933e-06,1.67722e-08,1.9017e-08,-5.37738e-06,0,1.171e-09,1.58796e-09,1.93728e-06,0,16.6546,52.8062,10.5471,0.741595,32.3006,0,12.5753,0.0102414,0,3.10942,0.168094,3.41408,7.96143e-05,0.0161057,3.22339,0,0.0192784,0,0.00641315,3.22339,0.0121446,3.07093,1.68476,0.000915073,0.0649124,0,0.00321306,0,0.00103647,0.0649124,0.666673,1.30933e-06,6.10754,0.0102414
2073.8750,273.157,274.288,0,0.34631,0,0,0.00109869,0.00217325,-0.00109869,0,0,0,0,0,0,0,0,0,0.000761608,0,1.2419e-06,2.27909e-06,3.7938e-08,8.24457e-06,0,1.10443e-07,2.64146e-09,1.77595e-06,0,16.5887,52.6722,10.5295,0.630937,32.3371,0,12.5543,0.00964346,0,3.11545,0.167813,3.41418,0.000240406,0.013274,3.22643,0,0.0192501,0,0.00642551,3.22643,0.0121243,3.07093,1.68483,0.000765446,0.0650142,0,0.00320834,0,0.00103848,0.0650142,0.828893,1.2419e-06,6.05918,0.00964346
2073.9583,272.99,273.317,0,0.407624,0,0,0.00107163,0.00205012,-0.00107163,0,0,0,0,0,0,0,0,0,0.000760315,0,1.17519e-06,7.11128e-06,1.33234e-07,1.43853e-05,0,3.47905e-07,6.18738e-09,2.00833e-06,0,16.53,52.5832,10.5116,0.573279,32.3525,0,12.533,0.00907141,0,3.12741,0.167528,3.41417,0.000564089,0.011867,3.22776,0,0.0192211,0,0.00645004,3.22776,0.0121037,3.07093,1.68488,0.00068861,0.0650547,0,0.00320352,0,0.00104247,0.0650547,0.543187,1.17519e-06,6.01839,0.00907141
2074.0417,274.957,275.035,0,0.354546,0,0,0.00116588,0.00212313,-0.00116588,0,0,0,0,0,0,0,0,0,0.000759087,0,1.11841e-06,1.26106e-05,4.66445e-07,2.30333e-05,0,6.00343e-07,1.49696e-08,2.307e-06,0,16.4727,52.4904,10.4946,0.517521,32.3643,0,12.5128,0.00855834,0,3.13585,0.167258,3.414,0.000944786,0.0105061,3.22882,0,0.0191934,0,0.00646725,3.22882,0.0120841,3.07093,1.68494,0.000611839,0.065084,0,0.0031989,0,0.00104528,0.065084,0.780441,1.11841e-06,5.9781,0.00855834
2074.1250,280.245,279.621,0,0.238419,0,0,0.00136329,0.00222948,-0.00136329,0,0,0,0,0,0,0,0,0,0.000757861,0,1.07827e-06,2.05671e-05,1.02573e-06,3.28113e-05,0,1.13242e-06,2.42195e-08,2.64452e-06,0,16.4125,52.3936,10.4777,0.468474,32.3707,0,12.4926,0.00807475,0,3.14201,0.166987,3.41361,0.00136693,0.00932172,3.22945,0,0.0191655,0,0.00647969,3.22945,0.0120646,3.07093,1.68501,0.000544483,0.065097,0,0.00319425,0,0.00104734,0.065097,1.13221,1.07827e-06,5.93477,0.00807475
2074.2083,287.659,286.828,9.09452e-05,0.171182,6.17472e-05,5.8723e-07,0.00168712,0.0023669,-0.00168653,0,0,0,0,0,0,0,0,0,0.000756596,0,1.05116e-06,3.28252e-05,1.33984e-06,4.8409e-05,0,2.70081e-06,1.83019e-08,3.05757e-06,0,16.3404,52.2776,10.4602,0.422382,32.3708,3.02878e-06,12.4717,0.00760335,3.02878e-06,3.14404,0.166709,3.41287,0.0018741,0.00821759,3.22959,1.21151e-07,0.0191366,7.21138e-08,0.00648352,3.22959,0.0120445,3.07093,1.6851,0.000481334,0.0650912,8.07674e-09,0.00318943,3.02878e-09,0.00104801,0.0650912,1.2463,1.05116e-06,5.88025,0.00760638
2074.2917,291.787,290.787,3.46301,0.199141,1.44834,0.0102632,0.00441649,0.00245864,0.00584674,7.32289e-05,0.000149556,6.2815e-05,1.63219e-06,0.0047646,0.0212016,0.0438325,0.554691,0.0140284,0.000757523,1.41249e-07,1.05329e-06,3.70981e-05,8.46735e-07,6.52658e-05,5.86407e-05,3.06291e-06,9.88277e-09,3.38729e-06,3.53923e-06,16.3509,52.2427,10.4688,0.387112,32.3623,0.101938,12.7018,0.0128224,0.101938,3.14247,0.167156,3.4118,0.00178779,0.00737311,3.229,0.00407753,0.0194558,0.0024271,0.00648014,3.229,0.0120679,3.07093,1.68515,0.000433999,0.065062,0.000271835,0.00324264,0.000101938,0.00104749,0.065062,2.34425,1.19454e-06,5.8821,0.114761
2074.3750,296.922,295.516,5.21663,0.172738,3.21501,0.0139042,0.00620166,0.00252165,0.00770251,0.000202445,0.000164855,0.000168306,1.08777e-05,0.0104299,0.0109567,0.0666973,0.292465,0.0195375,0.000763396,1.24134e-06,1.12356e-06,2.20977e-05,2.42879e-07,7.70242e-05,8.03194e-05,2.08019e-06,7.85642e-09,3.53018e-06,4.97002e-06,16.5459,52.3881,10.5361,0.359302,32.3461,0.149228,12.7975,0.0146536,0.149228,3.13671,0.169202,3.41099,0.00087212,0.00670594,3.22774,0.00596911,0.0195907,0.00355304,0.0064687,3.22774,0.01219,3.07093,1.68511,0.000397504,0.0650129,0.000397941,0.00326512,0.000149228,0.00104557,0.0650129,3.83328,2.3649e-06,6.00981,0.163881
2074.4583,298.721,297.476,5.20656,0.152453,3.08439,0.0136029,0.00663899,0.00234026,0.00696387,0.000325529,0.000163065,0.000263314,2.60878e-05,0.0169079,0.0124933,0.074982,0.165253,0.0190485,0.000769631,3.27359e-06,1.21603e-06,1.23735e-05,1.10787e-07,7.67761e-05,7.65364e-05,1.24367e-06,5.75466e-09,3.24047e-06,4.84498e-06,16.7345,52.5318,10.6078,0.339113,32.3275,0.148979,12.7761,0.0137981,0.148979,3.1306,0.171282,3.41069,0.000515529,0.00622142,3.22622,0.00595914,0.0195636,0.00354711,0.00645651,3.22622,0.0123178,3.07093,1.68507,0.000371525,0.0649601,0.000397276,0.0032606,0.000148979,0.00104354,0.0649601,3.7021,4.48962e-06,6.12672,0.162777
2074.5417,298.937,297.512,5.19634,0.0772174,3.30414,0.0111132,0.00630288,0.00154719,0.00481031,0.00037007,0.000149317,0.000297673,3.17957e-05,0.0223767,0.0136051,0.0689382,0.102599,0.015294,0.000775442,3.95163e-06,1.3046e-06,2.45521e-06,7.73111e-08,5.15218e-05,5.99309e-05,3.52674e-07,3.85985e-09,2.09995e-06,3.87434e-06,16.8976,52.6604,10.6744,0.324697,32.3103,0.148726,12.7544,0.0129796,0.148726,3.12776,0.173174,3.41067,0.000410492,0.00587826,3.22476,0.00594903,0.0195357,0.00354109,0.00645095,3.22476,0.0124362,3.07093,1.68501,0.000353485,0.0649135,0.000396602,0.00325594,0.000148726,0.00104259,0.0649135,3.56802,5.25623e-06,6.22323,0.161705
2074.6250,296.24,295.4,5.18631,0.0988245,1.43768,0.00584446,0.00474221,0.00109557,0.00110225,0.000166369,0.000117073,0.000135705,1.21011e-05,0.0171938,0.0212053,0.0492627,0.0917422,0.00735298,0.000778278,1.31198e-06,1.32773e-06,2.93179e-06,6.82973e-08,3.21849e-05,2.89366e-05,4.40319e-07,2.85408e-09,1.41931e-06,1.82133e-06,16.944,52.6984,10.7057,0.317472,32.3022,0.148477,12.7331,0.0122216,0.148477,3.1348,0.174125,3.41082,0.000461667,0.00570888,3.22406,0.00593909,0.019508,0.00353517,0.00646572,3.22406,0.0124952,3.07093,1.68498,0.000344876,0.064892,0.00039594,0.00325133,0.000148477,0.00104493,0.064892,1.80874,2.63971e-06,6.23832,0.160699
2074.7083,287.573,288.319,4.22327,0.133694,1.03472,0.00566169,0.0036882,0.00205181,0.00197349,0.000113874,7.83992e-05,8.52535e-05,4.64941e-06,0.00941239,0.0084439,0.0223074,0.0982495,0.00683984,0.0103354,3.41329e-07,1.30293e-06,5.88559e-06,5.12592e-08,1.30117e-05,9.46009e-05,7.17189e-07,2.14227e-09,1.43656e-06,6.16566e-06,16.9297,52.7719,10.7023,0.403908,32.2987,0.122361,12.7119,0.0115081,0.122361,3.13962,0.173559,3.41204,0.000458235,0.00782463,3.22372,0.00489321,0.01948,0.00291335,0.00647581,3.22372,0.0124669,3.071,1.68497,0.000459965,0.0648842,0.000326184,0.00324667,0.000122361,0.00104654,0.0648842,1.40625,1.64426e-06,6.22735,0.133869
2074.7917,284.583,285.123,0,0.169771,0,0,0.00176542,0.00339231,-0.00176542,0,0,0,0,0,0,0,0,0,0.000764229,0,1.24202e-06,4.18801e-11,1.49156e-08,-5.0155e-06,0,2.61525e-12,1.68335e-09,1.94213e-06,0,16.6528,52.926,10.5786,0.792764,32.3373,0,12.6906,0.010836,0,3.14309,0.167511,3.41808,6.03486e-05,0.0171793,3.22684,0,0.0194518,0,0.00648303,3.22684,0.012132,3.07132,1.68499,0.000979912,0.0649961,0,0.00324197,0,0.0010477,0.0649961,0.433172,1.24202e-06,6.07421,0.010836
2074.8750,278.923,279.917,0,0.225882,0,0,0.00140265,0.00338201,-0.00140265,0,0,0,0,0,0,0,0,0,0.000762952,0,1.16643e-06,1.67005e-06,1.3502e-08,6.17384e-06,0,7.69243e-08,1.35184e-09,2.77902e-06,0,16.5801,52.773,10.5609,0.666863,32.3791,0,12.6695,0.0102033,0,3.14695,0.167231,3.41819,0.000163027,0.0139675,3.23034,0,0.0194234,0,0.00649096,3.23034,0.0121117,3.07132,1.68507,0.000807442,0.0651116,0,0.00323724,0,0.00104898,0.0651116,0.481378,1.16643e-06,6.01916,0.0102033
2074.9583,273.756,274.772,0,0.239757,0,0,0.00102668,0.00225793,-0.00102668,0,0,0,0,0,0,0,0,0,0.000761658,0,1.10045e-06,7.66142e-06,2.1735e-08,1.66208e-05,0,3.96313e-07,1.57291e-09,2.26203e-06,0,16.5182,52.6542,10.543,0.580098,32.4016,0,12.6479,0.00959809,0,3.15428,0.166948,3.41818,0.000518355,0.0118827,3.23232,0,0.0193944,0,0.00650597,3.23232,0.0120912,3.07132,1.68514,0.000690875,0.0651691,0,0.0032324,0,0.00105143,0.0651691,0.612089,1.10045e-06,5.9752,0.00959809
2075.0417,275.548,275.606,0,0.227457,0,0,0.00117808,0.00204409,-0.00117808,0,0,0,0,0,0,0,0,0,0.000760427,0,1.05131e-06,1.37583e-05,2.11297e-07,2.37043e-05,0,6.8868e-07,9.43155e-09,2.28573e-06,0,16.4614,52.5609,10.526,0.525322,32.4119,0,12.6275,0.00905523,0,3.16231,0.166678,3.41798,0.000921128,0.0105804,3.23328,0,0.0193666,0,0.00652238,3.23328,0.0120717,3.07132,1.68521,0.000617259,0.0651927,0,0.00322776,0,0.0010541,0.0651927,0.758271,1.05131e-06,5.93538,0.00905523
2075.1250,281.978,281.506,0,0.194943,0,0,0.00139093,0.0022725,-0.00139093,0,0,0,0,0,0,0,0,0,0.000759199,0,1.01195e-06,2.31853e-05,7.4108e-07,3.43504e-05,0,1.53314e-06,2.15703e-08,2.75719e-06,0,16.3998,52.4623,10.509,0.477544,32.4169,0,12.6071,0.00854356,0,3.16807,0.166409,3.41755,0.00133332,0.00944768,3.23382,0,0.0193386,0,0.00653404,3.23382,0.0120522,3.07132,1.68528,0.000552548,0.0652007,0,0.0032231,0,0.00105602,0.0652007,0.940533,1.01195e-06,5.89083,0.00854356
2075.2083,287.277,286.42,0.542045,0.190688,0.403659,0.00192828,0.00209824,0.00239978,-0.000169965,1.01795e-05,4.59731e-05,8.75387e-06,1.74683e-07,0.00141309,0.0150037,0.012952,0.222403,0.00248562,0.000758066,1.37219e-08,9.87965e-07,3.44559e-05,8.50389e-07,4.95401e-05,1.04797e-05,2.42413e-06,1.59231e-08,3.15134e-06,6.0667e-07,16.3343,52.3527,10.493,0.432653,32.4158,0.0170285,12.6288,0.0090242,0.0170285,3.16991,0.166169,3.41674,0.00175289,0.00839342,3.23389,0.000681139,0.0193688,0.00040544,0.00653754,3.23389,0.0120342,3.07132,1.68537,0.000491996,0.0651905,4.54092e-05,0.00322814,1.70285e-05,0.00105664,0.0651905,1.48651,1.00169e-06,5.84129,0.0260527
2075.2917,294.884,293.462,4.34896,0.155585,2.44264,0.0113535,0.00538856,0.00245744,0.00596492,0.000125763,0.0001553,0.000106655,4.30731e-06,0.0074695,0.0164499,0.0553224,0.405642,0.0164991,0.000761138,4.23378e-07,1.02297e-06,2.9084e-05,6.85909e-07,6.44958e-05,6.88457e-05,2.95338e-06,1.0747e-08,3.41214e-06,4.17226e-06,16.388,52.3583,10.5263,0.396536,32.4063,0.127067,12.8842,0.0146825,0.127067,3.16753,0.16713,3.41577,0.00132081,0.00754408,3.23325,0.00508268,0.0197239,0.00302541,0.00653277,3.23325,0.012088,3.07132,1.68539,0.00044413,0.0651572,0.000338845,0.00328732,0.000127067,0.00105584,0.0651572,3.08388,1.44635e-06,5.86168,0.14175
2075.3750,299.54,297.844,4.75398,0.177002,3.19669,0.0131598,0.00664343,0.00271568,0.00651638,0.000265289,0.000164525,0.000216422,1.90796e-05,0.0143637,0.0114369,0.0764182,0.215338,0.0194133,0.000768153,2.46672e-06,1.11862e-06,1.7736e-05,1.19172e-07,8.16993e-05,7.92969e-05,1.55642e-06,6.01834e-09,3.80745e-06,4.92806e-06,16.5587,52.4777,10.6057,0.368064,32.3897,0.137652,12.8898,0.0144206,0.137652,3.16123,0.169205,3.4152,0.000628835,0.00687037,3.23197,0.0055061,0.0197343,0.00327744,0.00652024,3.23197,0.0122125,3.07132,1.68536,0.000407112,0.0651062,0.000367073,0.00328905,0.000137652,0.00105374,0.0651062,4.12609,3.58533e-06,5.95294,0.152073
2075.4583,300.524,298.771,4.7449,0.110197,3.72191,0.0130577,0.00673167,0.0022005,0.00632604,0.000383608,0.000161893,0.000307469,3.41262e-05,0.0214033,0.0147742,0.0799549,0.146413,0.0193037,0.000775555,4.52281e-06,1.23032e-06,8.50677e-06,6.47764e-08,7.18994e-05,7.70931e-05,7.76127e-07,4.83312e-09,3.05654e-06,4.90351e-06,16.7337,52.6013,10.6897,0.345459,32.3693,0.137423,12.8682,0.0135787,0.137423,3.15284,0.171387,3.41497,0.000437813,0.00633608,3.23031,0.0054969,0.0197068,0.00327197,0.00650327,3.23031,0.0123467,3.07132,1.68531,0.000378386,0.0650476,0.00036646,0.00328446,0.000137423,0.00105095,0.0650476,4.0021,5.75313e-06,6.04397,0.151001
2075.5417,299.188,298.152,4.73569,0.133211,2.66412,0.0107104,0.00630226,0.00176673,0.00440818,0.000461108,0.000148879,0.00036642,4.49595e-05,0.0284677,0.0133041,0.0718885,0.0809869,0.0155906,0.000781504,5.84363e-06,1.30968e-06,3.43009e-06,5.46196e-08,5.491e-05,6.00148e-05,5.19451e-07,3.97778e-09,2.36571e-06,3.94408e-06,16.8583,52.6995,10.7566,0.332056,32.3558,0.137189,12.8464,0.0127732,0.137189,3.15336,0.173115,3.41513,0.000308358,0.00601992,3.22919,0.00548757,0.0196785,0.00326641,0.00650464,3.22919,0.012457,3.07132,1.68525,0.000361828,0.0650103,0.000365838,0.00327976,0.000137189,0.00105112,0.0650103,3.31278,7.15331e-06,6.10165,0.149963
2075.6250,293.989,294.072,4.72665,0.186107,1.53011,0.00869001,0.00513077,0.00197139,0.00355924,0.00022137,0.000132975,0.000179519,1.72592e-05,0.0151674,0.0124112,0.051089,0.150009,0.0123967,0.000786251,1.95775e-06,1.34539e-06,1.08851e-05,3.89198e-08,6.73288e-05,4.9878e-05,9.03503e-07,2.74053e-09,2.64167e-06,3.12249e-06,16.9587,52.7712,10.8095,0.320626,32.3408,0.13696,12.825,0.0120273,0.13696,3.15116,0.174547,3.41519,0.000506391,0.00574627,3.22789,0.00547841,0.0196505,0.00326096,0.00650026,3.22789,0.0125473,3.07132,1.68522,0.000347154,0.0649704,0.000365227,0.00327509,0.00013696,0.00105039,0.0649704,2.33375,3.30314e-06,6.14913,0.148988
2075.7083,289.929,290.188,3.85257,0.175961,1.06786,0.00566954,0.0039087,0.00283893,0.00176084,7.88062e-05,7.84929e-05,6.15837e-05,2.88957e-06,0.00700617,0.00852506,0.0273192,0.167514,0.00729176,0.00960329,2.32607e-07,1.33266e-06,1.68218e-05,4.39106e-08,2.11271e-05,9.16964e-05,1.5053e-06,2.28919e-09,1.99946e-06,5.91938e-06,16.9761,52.8465,10.8197,0.39136,32.331,0.112869,12.8035,0.0113251,0.112869,3.14798,0.174386,3.41602,0.000635091,0.0075134,3.22699,0.00451356,0.0196223,0.00268736,0.00649377,3.22699,0.0125418,3.07139,1.68521,0.000442109,0.0649471,0.000300862,0.00327038,0.000112869,0.00104933,0.0649471,1.44573,1.56526e-06,6.15637,0.124194
2075.7917,284.175,285.131,0,0.220998,0,0,0.00162729,0.00409692,-0.00162729,0,0,0,0,0,0,0,0,0,0.000774491,0,1.27221e-06,3.29016e-07,6.17719e-08,-6.41978e-07,0,1.54887e-08,5.58618e-09,2.60645e-06,0,16.7134,52.9469,10.7051,0.707237,32.3799,0,12.7822,0.0106637,0,3.14645,0.168822,3.42149,8.83804e-05,0.015124,3.23096,0,0.0195938,0,0.00649059,3.23096,0.0122332,3.07169,1.68526,0.00086443,0.0650877,0,0.00326563,0,0.00104882,0.0650877,0.569906,1.27221e-06,6.00825,0.0106637
2075.8750,274.958,276.339,0,0.267097,0,0,0.00113124,0.00252604,-0.00113124,0,0,0,0,0,0,0,0,0,0.000773198,0,1.19894e-06,5.497e-06,2.58057e-07,1.51639e-05,0,2.94569e-07,1.92197e-08,2.34412e-06,0,16.648,52.8053,10.6873,0.592713,32.4138,0,12.7608,0.0100411,0,3.15075,0.16854,3.42153,0.000393484,0.0122583,3.23384,0,0.0195651,0,0.00649941,3.23384,0.0122127,3.07169,1.68534,0.000709463,0.0651796,0,0.00326085,0,0.00105025,0.0651796,0.586402,1.19894e-06,5.96079,0.0100411
2075.9583,273.807,274.2,0,0.359739,0,0,0.00111842,0.00170088,-0.00111842,0,0,0,0,0,0,0,0,0,0.000771886,0,1.13643e-06,8.40804e-06,3.0893e-07,1.64922e-05,0,4.14776e-07,1.24351e-08,1.78231e-06,0,16.5877,52.7099,10.6691,0.534816,32.4266,0,12.7392,0.0094455,0,3.16083,0.168254,3.42142,0.000799858,0.0108676,3.23498,0,0.0195357,0,0.00652008,3.23498,0.012192,3.07169,1.6854,0.000632088,0.0652114,0,0.00325596,0,0.00105361,0.0652114,0.748746,1.13643e-06,5.91855,0.0094455
2076.0417,276.747,276.498,0,0.240532,0,0,0.00116593,0.00197149,-0.00116593,0,0,0,0,0,0,0,0,0,0.000770639,0,1.08798e-06,1.57624e-05,3.50957e-07,2.62377e-05,0,8.52077e-07,8.96781e-09,2.26728e-06,0,16.5317,52.6317,10.6519,0.49537,32.4333,0,12.7186,0.00891127,0,3.1713,0.167982,3.4212,0.00113798,0.00991676,3.23562,0,0.0195076,0,0.0065415,3.23562,0.0121723,3.07169,1.68545,0.000578938,0.0652269,0,0.00325127,0,0.0010571,0.0652269,0.775856,1.08798e-06,5.87985,0.00891127
2076.1250,283.247,282.868,0,0.203971,0,0,0.00141235,0.00230386,-0.00141235,0,0,0,0,0,0,0,0,0,0.000769394,0,1.04955e-06,2.62578e-05,6.81952e-07,4.03413e-05,0,1.69492e-06,1.15426e-08,2.86505e-06,0,16.468,52.5283,10.6347,0.448367,32.4365,0,12.698,0.00840774,0,3.17547,0.167711,3.42066,0.00160936,0.00879197,3.236,0,0.0194794,0,0.00654983,3.236,0.0121527,3.07169,1.68553,0.000514573,0.06523,0,0.00324657,0,0.00105849,0.06523,1.18334,1.04955e-06,5.83332,0.00840774
2076.2083,290.169,289.072,0.982721,0.191215,0.575303,0.00343186,0.00257032,0.00247276,0.000861538,1.81805e-05,6.5314e-05,1.56653e-05,2.91083e-07,0.00173611,0.0128457,0.0191459,0.312265,0.00464499,0.000768418,2.30498e-08,1.03205e-06,4.01586e-05,9.52509e-07,5.85159e-05,1.9563e-05,3.14355e-06,1.10551e-08,3.3205e-06,1.15505e-06,16.4078,52.424,10.6206,0.408389,32.4319,0.0302032,12.7477,0.0095366,0.0302032,3.17591,0.167533,3.41973,0.00205975,0.00784096,3.23575,0.00120813,0.0195483,0.000719124,0.00655042,3.23575,0.0121383,3.07169,1.68562,0.000460669,0.0652113,8.05419e-05,0.00325805,3.02032e-05,0.00105864,0.0652113,1.75486,1.0551e-06,5.78722,0.0397398
2076.2917,293.172,292.214,5.1385,0.182527,2.35373,0.0130736,0.00536813,0.0023993,0.00770549,0.000134359,0.000158339,0.000114104,4.41415e-06,0.00698257,0.0122341,0.0507794,0.423074,0.0188891,0.000772156,4.22158e-07,1.07357e-06,2.8783e-05,5.89919e-07,6.90333e-05,7.87881e-05,2.62046e-06,9.65246e-09,3.35512e-06,4.79927e-06,16.5203,52.4903,10.662,0.377566,32.4195,0.147172,13.001,0.01511,0.147172,3.17288,0.168893,3.4187,0.00133294,0.00710732,3.23482,0.00588689,0.0199009,0.0035041,0.0065444,3.23482,0.0122168,3.07169,1.68562,0.000420085,0.0651718,0.00039246,0.00331681,0.000147172,0.00105763,0.0651718,3.04693,1.49573e-06,5.85834,0.162282
2076.3750,297.52,295.818,5.40066,0.118425,3.64165,0.0138276,0.00642312,0.00196218,0.00740451,0.00044248,0.00016499,0.000358769,3.47616e-05,0.022964,0.0106991,0.0673345,0.151164,0.0200682,0.000778746,3.92091e-06,1.15799e-06,8.41287e-06,1.54795e-07,6.01999e-05,7.93825e-05,9.45351e-07,6.85377e-09,2.72734e-06,5.10361e-06,16.726,52.6527,10.737,0.354823,32.4032,0.153758,12.9954,0.0145791,0.153758,3.1687,0.171109,3.41824,0.000513054,0.00656598,3.23352,0.00615034,0.0198957,0.00366091,0.00653626,3.23352,0.0123515,3.07169,1.68556,0.000390803,0.0651236,0.000410022,0.00331594,0.000153758,0.00105624,0.0651236,3.96266,5.0789e-06,5.989,0.168338
2076.4583,302.201,299.457,5.39018,0.07297,2.56339,0.00681115,0.00540928,0.00115476,0.00140187,0.000310098,0.000124484,0.000246283,3.04957e-05,0.0289718,0.0270854,0.0656882,0.0611041,0.00888771,0.000783162,3.91183e-06,1.23668e-06,5.26387e-07,5.58436e-08,3.19316e-05,3.34557e-05,1.08834e-07,4.57539e-09,1.54553e-06,2.21195e-06,16.8284,52.7401,10.7864,0.343281,32.3942,0.153502,12.9737,0.0137279,0.153502,3.17412,0.172516,3.41843,0.000269851,0.00629607,3.2328,0.00614007,0.0198679,0.0036548,0.00654784,3.2328,0.0124426,3.07169,1.68551,0.000376692,0.0650977,0.000409338,0.00331132,0.000153502,0.00105804,0.0650977,2.88231,5.14851e-06,6.04201,0.16723
2076.5417,299.254,298.213,5.37956,0.116708,2.9152,0.0107341,0.00614996,0.00175658,0.00458419,0.000350485,0.000148104,0.000279452,3.29399e-05,0.0221745,0.014962,0.0722228,0.108793,0.0151889,0.000786765,4.29521e-06,1.29661e-06,4.86297e-06,4.27706e-08,5.6503e-05,5.9859e-05,6.1006e-07,2.97204e-09,2.39101e-06,3.84231e-06,16.8982,52.7894,10.8262,0.332248,32.383,0.153241,12.9516,0.0129136,0.153241,3.17595,0.173723,3.41854,0.000374826,0.0060256,3.23186,0.00612965,0.0198395,0.0036486,0.0065519,3.23186,0.012518,3.07169,1.68547,0.000362066,0.0650665,0.000408643,0.00330658,0.000153241,0.00105865,0.0650665,3.47025,5.59182e-06,6.07194,0.166155
2076.6250,296.55,296.175,5.36913,0.132575,1.84326,0.00875561,0.00553871,0.00178171,0.0032169,0.000204578,0.00013188,0.000165791,1.60478e-05,0.0145039,0.0142977,0.0579638,0.137726,0.0120196,0.000790628,1.92343e-06,1.3345e-06,8.78221e-06,4.14363e-08,6.00857e-05,4.84191e-05,1.00123e-06,2.19927e-09,2.3955e-06,3.0271e-06,16.986,52.8535,10.8691,0.322431,32.3693,0.152985,12.93,0.0121594,0.152985,3.17579,0.175029,3.41856,0.000510166,0.00578883,3.23068,0.00611941,0.0198113,0.00364251,0.00655175,3.23068,0.0125987,3.07169,1.68544,0.000349317,0.0650301,0.000407961,0.00330188,0.000152985,0.0010586,0.0650301,2.4637,3.25794e-06,6.11688,0.165145
2076.7083,288.323,289.025,4.37054,0.157728,1.06182,0.00582898,0.0037703,0.00243981,0.00205868,9.06306e-05,7.81093e-05,6.91793e-05,3.42408e-06,0.00753075,0.00790131,0.0249201,0.138241,0.00726066,0.0106386,2.649e-07,1.32978e-06,1.1168e-05,3.80037e-08,1.82457e-05,9.84919e-05,1.10889e-06,1.69694e-09,1.73012e-06,6.38464e-06,16.9976,52.9429,10.8733,0.408441,32.3612,0.126076,12.9084,0.0114495,0.126076,3.17566,0.174697,3.41967,0.00055761,0.00792081,3.22994,0.00504201,0.0197828,0.0030018,0.00655156,3.22994,0.0125843,3.07176,1.68543,0.000464513,0.0650109,0.000336091,0.00329713,0.000126076,0.00105855,0.0650109,1.5873,1.59468e-06,6.1243,0.137525
2076.7917,282.86,283.886,0,0.216602,0,0,0.00154807,0.00370237,-0.00154807,0,0,0,0,0,0,0,0,0,0.000776807,0,1.27497e-06,1.98387e-09,1.23177e-08,-4.86115e-06,0,9.82635e-11,1.34172e-09,2.12622e-06,0,16.716,53.0949,10.7455,0.796274,32.4053,0,12.8869,0.0107809,0,3.17737,0.168483,3.42589,6.22801e-05,0.0172822,3.23351,0,0.0197541,0,0.00655508,3.23351,0.01224,3.0721,1.68546,0.000984464,0.0651382,0,0.00329234,0,0.00105912,0.0651382,0.678298,1.27497e-06,5.97044,0.0107809
2076.8750,274.115,275.11,0,0.285556,0,0,0.00109355,0.00276376,-0.00109355,0,0,0,0,0,0,0,0,0,0.00077551,0,1.20489e-06,1.76761e-06,1.29055e-08,5.71878e-06,0,8.70483e-08,1.24209e-09,2.28989e-06,0,16.653,52.9602,10.7276,0.679547,32.4441,0,12.8653,0.0101515,0,3.18345,0.168202,3.42601,0.000163366,0.0143134,3.23676,0,0.0197252,0,0.00656756,3.23676,0.0122196,3.0721,1.68553,0.000826678,0.0652454,0,0.00328753,0,0.00106115,0.0652454,0.475651,1.20489e-06,5.92546,0.0101515
2076.9583,271.422,272.24,0,0.237334,0,0,0.000926154,0.00118718,-0.000926154,0,0,0,0,0,0,0,0,0,0.000774194,0,1.14031e-06,1.73563e-06,3.78278e-08,6.82709e-06,0,9.35347e-08,2.01365e-09,1.10235e-06,0,16.5957,52.8687,10.7094,0.615614,32.4619,0,12.8435,0.00954928,0,3.19555,0.167916,3.42606,0.000463884,0.0127756,3.23831,0,0.0196956,0,0.00659242,3.23831,0.0121989,3.0721,1.68558,0.000742272,0.0652915,0,0.0032826,0,0.00106518,0.0652915,0.677777,1.14031e-06,5.88633,0.00954928
2077.0417,273.069,273.15,0,0.431385,0,0,0.000979523,0.00180982,-0.000979523,0,0,0,0,0,0,0,0,0,0.000772943,0,1.08879e-06,7.12001e-06,7.88147e-08,1.40678e-05,0,3.63902e-07,2.537e-09,1.89039e-06,0,16.5423,52.7976,10.6921,0.573813,32.4729,0,12.8228,0.00900918,0,3.20859,0.167645,3.42604,0.000727834,0.0117596,3.23929,0,0.0196673,0,0.00661916,3.23929,0.0121792,3.0721,1.68563,0.000685359,0.0653191,0,0.00327788,0,0.00106953,0.0653191,0.93653,1.08879e-06,5.85026,0.00900918
2077.1250,280.218,279.403,0,0.393653,0,0,0.00132193,0.00239994,-0.00132193,0,0,0,0,0,0,0,0,0,0.000771695,0,1.05629e-06,1.60307e-05,1.51681e-07,2.77909e-05,0,8.38185e-07,3.56637e-09,2.75551e-06,0,16.4858,52.7118,10.6748,0.526119,32.4818,0,12.8021,0.00850012,0,3.21815,0.167374,3.42584,0.00109437,0.010611,3.24013,0,0.0196388,0,0.00663863,3.24013,0.0121595,3.0721,1.68569,0.00062034,0.0653392,0,0.00327313,0,0.00107272,0.0653392,1.1341,1.05629e-06,5.811,0.00850012
2077.2083,285.935,285.211,0,0.181399,0,0,0.00146415,0.00254693,-0.00146415,0,0,0,0,0,0,0,0,0,0.000770406,0,1.02759e-06,2.81207e-05,7.65642e-07,4.22845e-05,0,2.02655e-06,1.24557e-08,3.19625e-06,0,16.4184,52.5924,10.657,0.466824,32.4868,0,12.7807,0.00800371,0,3.22038,0.167095,3.42527,0.00161904,0.00919588,3.24072,0,0.0196092,0,0.00664289,3.24072,0.0121392,3.0721,1.68578,0.000538594,0.0653452,0,0.0032682,0,0.00107346,0.0653452,1.05725,1.02759e-06,5.76141,0.00800371
2077.2917,292.991,291.596,2.01377,0.156035,1.42436,0.00710891,0.00347405,0.00258873,0.00363485,5.43058e-05,0.000110074,4.64938e-05,1.2944e-06,0.0037764,0.0142948,0.0367315,0.394067,0.0100658,0.000770303,1.22688e-07,1.01196e-06,3.62793e-05,1.00158e-06,5.94934e-05,4.22666e-05,3.37836e-06,1.11252e-08,3.51854e-06,2.53121e-06,16.3881,52.5108,10.6531,0.42141,32.4823,0.0604464,12.9014,0.0107648,0.0604464,3.2191,0.167197,3.4243,0.00182595,0.00812099,3.24052,0.00241786,0.0197766,0.0014392,0.00663993,3.24052,0.0121416,3.0721,1.68586,0.000477148,0.0653243,0.00016119,0.0032961,6.04464e-05,0.00107303,0.0653243,2.16123,1.13464e-06,5.73498,0.0712112
2077.3750,297.718,295.981,5.07863,0.149283,3.16987,0.0135421,0.00615885,0.00248385,0.00738324,0.000234906,0.000163967,0.000195149,1.28359e-05,0.0124115,0.0123228,0.0682597,0.255762,0.0197428,0.000775801,1.53989e-06,1.08417e-06,1.77694e-05,3.0879e-07,6.86984e-05,8.1069e-05,2.06247e-06,6.75995e-09,3.49337e-06,5.01507e-06,16.5522,52.625,10.7149,0.388223,32.4696,0.1458,13.0808,0.0145973,0.1458,3.21493,0.169072,3.42352,0.000872337,0.00733345,3.23961,0.005832,0.0200269,0.00347143,0.0066316,3.23961,0.0122525,3.0721,1.68583,0.000433226,0.0652823,0.0003888,0.00333782,0.0001458,0.00107164,0.0652823,3.84092,2.62406e-06,5.83724,0.160397
2077.4583,302.43,300.284,5.09767,0.11356,3.67771,0.0119998,0.00667977,0.0019461,0.00532,0.000395601,0.000161569,0.0003173,3.50452e-05,0.0240777,0.0158646,0.085299,0.118236,0.0172132,0.000781936,4.96507e-06,1.20479e-06,4.13365e-06,9.79608e-08,5.56411e-05,6.78676e-05,6.22204e-07,4.33812e-09,2.69639e-06,4.35558e-06,16.7141,52.7462,10.7843,0.365696,32.455,0.146277,13.0606,0.0137821,0.146277,3.21139,0.171073,3.42342,0.00043676,0.00679831,3.23849,0.00585107,0.0200014,0.00348278,0.00662468,3.23849,0.0123759,3.0721,1.68578,0.000403931,0.0652374,0.000390071,0.00333356,0.000146277,0.00107047,0.0652374,4.2133,6.16986e-06,5.92978,0.160059
2077.5417,299.151,298.2,5.08769,0.147461,2.87276,0.0116099,0.00627833,0.0022254,0.00533159,0.000371435,0.000149847,0.000294536,3.674e-05,0.0209495,0.0118442,0.0724862,0.11815,0.0167586,0.000787512,4.84211e-06,1.29283e-06,7.77289e-06,3.18562e-08,7.0777e-05,6.6298e-05,8.72239e-07,2.9064e-09,3.07108e-06,4.24851e-06,16.8519,52.8484,10.847,0.349109,32.4399,0.146028,13.0385,0.0129645,0.146028,3.20751,0.172861,3.42352,0.00036786,0.00640083,3.23727,0.00584114,0.0199727,0.00347687,0.00661694,3.23727,0.012489,3.0721,1.68574,0.00038209,0.0651933,0.000389409,0.00332879,0.000146028,0.00106917,0.0651933,3.56743,6.13494e-06,6.00485,0.158993
2077.6250,295.34,295.113,5.07789,0.0984015,2.12794,0.00819363,0.0050254,0.00131195,0.00316823,0.00026618,0.000132499,0.000215923,2.07543e-05,0.0201005,0.0151553,0.0547967,0.096783,0.011426,0.000791756,2.30573e-06,1.34568e-06,2.03964e-06,5.17879e-08,4.00244e-05,4.49894e-05,3.59996e-07,2.29212e-09,1.7526e-06,2.868e-06,16.9525,52.9242,10.8942,0.337402,32.4265,0.145785,13.0167,0.0122074,0.145785,3.20785,0.174272,3.4236,0.000436183,0.00612508,3.23615,0.00583139,0.0199443,0.00347106,0.0066178,3.23615,0.0125763,3.0721,1.6857,0.000367367,0.0651564,0.000388759,0.00332405,0.000145785,0.00106928,0.0651564,2.44878,3.65141e-06,6.05828,0.157992
2077.7083,287.094,287.781,4.13589,0.145841,0.797184,0.00537158,0.00345897,0.00202964,0.0019126,0.00012561,7.79183e-05,9.2625e-05,5.68374e-06,0.0110242,0.00866011,0.020273,0.0848745,0.00679106,0.0101761,3.93219e-07,1.32555e-06,6.52243e-06,3.07096e-08,1.46274e-05,9.28422e-05,7.60802e-07,1.81904e-09,1.51035e-06,6.05517e-06,16.9567,53.0127,10.8962,0.421678,32.4223,0.120142,12.9949,0.0114947,0.120142,3.21204,0.173874,3.42483,0.000369594,0.00818557,3.23577,0.00480427,0.0199156,0.00286051,0.00662655,3.23577,0.012559,3.07217,1.68568,0.000479814,0.0651459,0.000320256,0.00331927,0.000120142,0.00107068,0.0651459,1.23923,1.71877e-06,6.06052,0.131636
2077.7917,283.06,283.864,0,0.174946,0,0,0.00151056,0.00328965,-0.00151056,0,0,0,0,0,0,0,0,0,0.000778453,0,1.25491e-06,4.0802e-11,1.1141e-08,-4.79047e-06,0,2.27044e-12,1.47428e-09,1.90735e-06,0,16.6874,53.167,10.7743,0.805103,32.4588,0,12.9732,0.0108234,0,3.21568,0.167939,3.43075,5.27738e-05,0.0173955,3.23873,0,0.0198867,0,0.00663406,3.23873,0.0122302,3.07249,1.68571,0.00099257,0.0652512,0,0.00331445,0,0.00107189,0.0652512,0.343896,1.25491e-06,5.91311,0.0108234
2077.8750,278.876,279.858,0,0.217756,0,0,0.00130216,0.00345219,-0.00130216,0,0,0,0,0,0,0,0,0,0.000777153,0,1.17595e-06,1.87569e-06,1.04776e-08,6.63114e-06,0,9.04129e-08,1.19637e-09,2.87396e-06,0,16.6199,53.0193,10.7563,0.679508,32.5002,0,12.9516,0.0101915,0,3.21971,0.167658,3.43086,0.000162455,0.0141957,3.2422,0,0.0198576,0,0.00664231,3.2422,0.0122098,3.07249,1.68578,0.00082062,0.0653651,0,0.00330959,0,0.00107324,0.0653651,0.44429,1.17595e-06,5.86359,0.0101915
2077.9583,276.819,277.595,0,0.256193,0,0,0.00115622,0.00268759,-0.00115622,0,0,0,0,0,0,0,0,0,0.000775834,0,1.10851e-06,8.52322e-06,6.51097e-08,2.10124e-05,0,3.8542e-07,5.05103e-09,2.75355e-06,0,16.5571,52.8898,10.7381,0.583544,32.524,0,12.9296,0.00958694,0,3.22506,0.167374,3.43084,0.000588493,0.0118942,3.24433,0,0.0198278,0,0.0066532,3.24433,0.012189,3.07249,1.68587,0.000691102,0.0654249,0,0.00330463,0,0.00107502,0.0654249,0.702,1.10851e-06,5.81908,0.00958694
2078.0417,277.363,277.365,0,0.279593,0,0,0.0011615,0.00220428,-0.0011615,0,0,0,0,0,0,0,0,0,0.000774581,0,1.06488e-06,1.64801e-05,3.75973e-07,2.69527e-05,0,8.64451e-07,2.0728e-08,2.53745e-06,0,16.5001,52.7914,10.7207,0.525757,32.5337,0,12.9087,0.00904471,0,3.23186,0.167103,3.43058,0.00101909,0.0105287,3.24526,0,0.0197993,0,0.00666704,3.24526,0.0121694,3.07249,1.68594,0.000613668,0.0654459,0,0.00329988,0,0.00107729,0.0654459,0.876798,1.06488e-06,5.77938,0.00904471
2078.1250,283.357,282.988,0.00128941,0.202088,0.00116969,9.30585e-06,0.00139444,0.00238358,-0.00138514,0,0,0,0,0,0,0,0,0,0.00077333,0,1.02581e-06,2.73827e-05,6.08194e-07,3.93778e-05,0,1.73458e-06,1.96179e-08,2.97337e-06,0,16.4388,52.6883,10.7034,0.476299,32.5373,4.28375e-05,12.888,0.00853593,4.28375e-05,3.23592,0.166834,3.43003,0.00144904,0.00936505,3.24571,1.7135e-06,0.0197707,1.01994e-06,0.00667513,3.24571,0.0121497,3.07249,1.68602,0.000546878,0.0654488,1.14233e-07,0.00329512,4.28375e-08,0.00107864,0.0654488,0.960368,1.02581e-06,5.73535,0.00857876
2078.2083,287.122,286.569,3.2531,0.197613,1.39195,0.008601,0.00360677,0.00235239,0.00499422,7.09063e-05,0.000137129,6.10332e-05,1.35359e-06,0.00490494,0.0187435,0.0257731,0.492101,0.01253,0.000773912,7.92009e-08,1.01597e-06,2.96035e-05,5.50361e-07,5.29144e-05,5.2656e-05,2.13444e-06,1.36815e-08,3.16743e-06,3.14638e-06,16.4369,52.6412,10.7074,0.43376,32.5337,0.0970216,13.0909,0.013104,0.0970216,3.2368,0.167152,3.42919,0.00142082,0.00837063,3.24557,0.00388086,0.0200524,0.00231004,0.00667682,3.24557,0.0121647,3.07249,1.68608,0.000490199,0.0654311,0.000258724,0.00334207,9.70216e-05,0.00107893,0.0654311,2.22355,1.09517e-06,5.72955,0.110126
2078.2917,292.362,291.417,4.90857,0.189524,2.30816,0.0131805,0.00548106,0.00244011,0.00769945,0.000350952,0.000159619,0.000286758,2.4825e-05,0.0177896,0.0118316,0.0475955,0.180723,0.0199743,0.000779557,2.13116e-06,1.07257e-06,1.31141e-05,1.88348e-07,6.58874e-05,8.04366e-05,1.25657e-06,1.09341e-08,3.40272e-06,5.07469e-06,16.607,52.7658,10.7705,0.401216,32.5228,0.14155,13.1724,0.014622,0.14155,3.23487,0.16904,3.42866,0.000534155,0.00760617,3.2448,0.005662,0.0201678,0.00337024,0.00667325,3.2448,0.0122772,3.07249,1.68605,0.000447635,0.0653943,0.000377467,0.00336129,0.00014155,0.00107829,0.0653943,3.21182,3.20373e-06,5.83649,0.156172
2078.3750,298,296.186,4.89916,0.128547,3.53965,0.013905,0.00669976,0.00231034,0.00720522,0.000745229,0.000165167,0.000583855,8.23887e-05,0.0374983,0.0102465,0.0692817,0.0720024,0.0210969,0.000786579,9.51421e-06,1.16184e-06,5.05609e-06,2.85427e-08,6.86854e-05,7.9352e-05,5.86695e-07,6.53501e-09,3.22036e-06,5.36523e-06,16.808,52.9218,10.8497,0.375805,32.5074,0.141314,13.1504,0.0137681,0.141314,3.23061,0.17122,3.4287,0.00019972,0.00700646,3.24361,0.00565255,0.0201396,0.00336461,0.00666482,3.24361,0.0124181,3.07249,1.68599,0.000414923,0.0653471,0.000376836,0.0033566,0.000141314,0.00107687,0.0653471,3.98257,1.0676e-05,5.95829,0.155082
2078.4583,300.662,299.238,4.88977,0.145789,3.21446,0.0132132,0.00709781,0.00212729,0.00611537,0.000777963,0.000162647,0.000611653,8.37665e-05,0.0412867,0.0133874,0.0823527,0.062645,0.0198409,0.000793444,1.13999e-05,1.27048e-06,2.91498e-06,2.56996e-08,6.41698e-05,7.34872e-05,4.02747e-07,4.32634e-09,2.88782e-06,5.04037e-06,16.9856,53.0612,10.9271,0.357161,32.4918,0.141078,13.1285,0.0129643,0.141078,3.2266,0.173291,3.42907,0.000187691,0.00656564,3.24236,0.00564311,0.0201112,0.00335899,0.00665679,3.24236,0.0125588,3.07249,1.68591,0.000391037,0.0653018,0.000376207,0.00335187,0.000141078,0.00107553,0.0653018,4.01925,1.26704e-05,6.05852,0.154042
2078.5417,299.605,298.655,4.88025,0.116612,3.13676,0.011412,0.00637049,0.00191945,0.00504155,0.000441748,0.000149745,0.000349352,4.49142e-05,0.0257366,0.0120475,0.0741568,0.0937254,0.0168687,0.000799433,6.03893e-06,1.35741e-06,4.10174e-06,3.22807e-08,6.18292e-05,6.57945e-05,5.14595e-07,2.9637e-09,2.57694e-06,4.27523e-06,17.1358,53.1744,10.9942,0.342051,32.4749,0.140838,13.1062,0.0121953,0.140838,3.2217,0.175208,3.42933,0.00031373,0.00620835,3.24095,0.00563353,0.020082,0.00335329,0.00664682,3.24095,0.0126843,3.07249,1.68585,0.000371684,0.0652551,0.000375569,0.00334701,0.000140838,0.0010739,0.0652551,3.57398,7.39634e-06,6.1416,0.153034
2078.6250,294.625,294.474,4.8709,0.148245,1.82647,0.00875992,0.00517078,0.0016824,0.00358914,0.000305367,0.000133874,0.00024528,2.66295e-05,0.0210423,0.0135099,0.0527935,0.0986227,0.012676,0.000803728,2.9222e-06,1.39432e-06,5.59183e-06,3.06731e-08,5.46607e-05,4.98307e-05,5.58611e-07,2.23974e-09,2.20973e-06,3.19237e-06,17.2388,53.2547,11.0415,0.332011,32.4619,0.140603,13.0843,0.011483,0.140603,3.2219,0.176655,3.42947,0.000365414,0.00597132,3.23983,0.00562412,0.0200531,0.00334769,0.00664729,3.23983,0.012776,3.07249,1.68581,0.00035899,0.0652207,0.000374942,0.00334219,0.000140603,0.00107397,0.0652207,2.53446,4.31652e-06,6.19729,0.152086
2078.7083,287.901,288.508,3.96897,0.195494,0.87149,0.00547787,0.00358071,0.00274517,0.00189717,8.52862e-05,7.85981e-05,6.65192e-05,3.66302e-06,0.0074653,0.00895939,0.0242884,0.149366,0.00716708,0.00985483,2.82543e-07,1.38338e-06,1.26376e-05,1.69614e-08,2.31071e-05,9.25396e-05,1.04066e-06,1.59255e-09,1.99615e-06,5.98204e-06,17.2548,53.3356,11.0466,0.406804,32.4538,0.115871,13.0624,0.0108126,0.115871,3.22023,0.176437,3.43051,0.000510262,0.00783761,3.23908,0.00463369,0.020024,0.00275884,0.00664382,3.23908,0.0127685,3.07255,1.6858,0.000459613,0.0652014,0.000308888,0.00333733,0.000115871,0.00107341,0.0652014,1.42745,1.66592e-06,6.20825,0.126684
2078.7917,281.637,282.828,0,0.217445,0,0,0.00153299,0.00373164,-0.00153299,0,0,0,0,0,0,0,0,0,0.000791035,0,1.32181e-06,8.67126e-08,1.35573e-08,-3.01266e-06,0,4.61869e-09,1.53735e-09,2.24449e-06,0,16.9885,53.4526,10.927,0.744531,32.4995,0,13.0406,0.0101812,0,3.21998,0.170709,3.4362,6.46709e-05,0.0159925,3.24279,0,0.0199946,0,0.00664321,3.24279,0.0124506,3.07286,1.68584,0.000913422,0.0653334,0,0.00333244,0,0.00107333,0.0653334,0.702665,1.32181e-06,6.06153,0.0101812
2078.8750,274.414,275.187,0,0.235947,0,0,0.0011274,0.00250121,-0.0011274,0,0,0,0,0,0,0,0,0,0.000789714,0,1.25154e-06,3.26452e-06,3.22907e-08,1.01734e-05,0,1.60727e-07,2.94502e-09,2.21335e-06,0,16.9264,53.3299,10.9087,0.643983,32.5319,0,13.0189,0.00958678,0,3.22763,0.170424,3.43629,0.000248446,0.0134542,3.24551,0,0.0199651,0,0.00665884,3.24551,0.0124298,3.07286,1.6859,0.00077817,0.065422,0,0.00332752,0,0.00107588,0.065422,0.546074,1.25154e-06,6.01766,0.00958678
2078.9583,276.477,277.006,0,0.255553,0,0,0.00119244,0.00245072,-0.00119244,0,0,0,0,0,0,0,0,0,0.000788374,0,1.17397e-06,1.05883e-05,1.70922e-07,2.21556e-05,0,5.13183e-07,1.03371e-08,2.54504e-06,0,16.8626,53.2122,10.8902,0.563851,32.551,0,12.9968,0.0090181,0,3.23477,0.170135,3.43621,0.000696472,0.0115012,3.2472,0,0.0199349,0,0.00667334,3.2472,0.0124087,3.07286,1.68598,0.000668396,0.0654704,0,0.00332248,0,0.00107826,0.0654704,0.509201,1.17397e-06,5.97238,0.0090181
2079.0417,277.187,277.175,0,0.259267,0,0,0.00119175,0.00218289,-0.00119175,0,0,0,0,0,0,0,0,0,0.000787101,0,1.11439e-06,1.71946e-05,5.40404e-07,2.84201e-05,0,8.78812e-07,2.17205e-08,2.50871e-06,0,16.8042,53.1159,10.8726,0.510056,32.5597,0,12.9758,0.00850804,0,3.24201,0.16986,3.43591,0.00112474,0.0102107,3.24803,0,0.019906,0,0.00668801,3.24803,0.0123887,3.07286,1.68605,0.000595496,0.0654897,0,0.00331767,0,0.00108067,0.0654897,0.799261,1.11439e-06,5.93154,0.00850804
2079.1250,276.308,276.344,0,0.214376,0,0,0.0010314,0.00173258,-0.0010314,0,0,0,0,0,0,0,0,0,0.000785829,0,1.08045e-06,1.88277e-05,1.03829e-06,2.91363e-05,0,1.30908e-06,2.15732e-08,2.13324e-06,0,16.7464,53.027,10.8551,0.468821,32.5629,0,12.9548,0.00802729,0,3.24895,0.169586,3.43546,0.00154223,0.00922988,3.2484,0,0.019877,0,0.00670199,3.2484,0.0123686,3.07286,1.68612,0.000539882,0.0654938,0,0.00331283,0,0.00108298,0.0654938,1.25256,1.08045e-06,5.89132,0.00802729
2079.2083,288.846,287.558,0.246005,0.211038,0.13668,0.00123762,0.00190447,0.00256551,-0.000666843,5.46884e-06,2.83485e-05,4.69472e-06,9.06729e-08,0.000709156,0.00705178,0.00878338,0.144841,0.0015125,0.000784547,7.34114e-09,1.05536e-06,3.93722e-05,8.46246e-07,5.51158e-05,6.32144e-06,2.55388e-06,1.19173e-08,3.38039e-06,3.70671e-07,16.683,52.9279,10.8373,0.43125,32.561,0.00783527,12.9506,0.00795881,0.00783527,3.25269,0.169316,3.43467,0.00194954,0.00833452,3.24837,0.000313411,0.0198709,0.000186554,0.00670929,3.24837,0.0123487,3.07286,1.6862,0.000488872,0.0654829,2.08941e-05,0.00331182,7.83527e-06,0.00108423,0.0654829,1.40139,1.0627e-06,5.84574,0.0157941
2079.2917,292.074,291.001,4.85108,0.162634,2.49551,0.0129147,0.00466705,0.00231797,0.00824766,0.000113933,0.000158582,9.72388e-05,3.17853e-06,0.00589856,0.0120149,0.0455156,0.494408,0.0177782,0.000786144,2.75512e-07,1.07796e-06,2.99579e-05,8.14918e-07,6.27055e-05,7.37847e-05,2.86962e-06,1.33516e-08,3.21026e-06,4.51382e-06,16.7669,52.9631,10.854,0.396215,32.5504,0.139291,13.2213,0.0140573,0.139291,3.24961,0.170277,3.43358,0.0014824,0.00750289,3.24761,0.00557165,0.0202468,0.00331646,0.00670288,3.24761,0.0124034,3.07286,1.68622,0.000442329,0.0654473,0.000371443,0.00337447,0.000139291,0.0010832,0.0654473,2.9752,1.35348e-06,5.91289,0.153348
2079.3750,296.634,295.132,5.7944,0.169232,2.86643,0.0142748,0.0061465,0.00239709,0.00812831,0.000327503,0.0001649,0.00026787,2.2825e-05,0.0160847,0.0107264,0.0646085,0.174621,0.0196668,0.000790797,2.49135e-06,1.15602e-06,1.21823e-05,2.27024e-07,7.17376e-05,7.89062e-05,1.26655e-06,7.44715e-09,3.33708e-06,5.00428e-06,16.9926,53.1488,10.9072,0.372579,32.5364,0.163317,13.2532,0.0144237,0.163317,3.24724,0.172392,3.43314,0.000586854,0.00694026,3.24653,0.00653267,0.0202934,0.0038885,0.00669841,3.24653,0.0125324,3.07286,1.68617,0.00041166,0.0654046,0.000435512,0.00338223,0.000163317,0.00108241,0.0654046,3.77796,3.64737e-06,6.08539,0.177741
2079.4583,299.633,298.011,5.78307,0.138596,3.56654,0.0138097,0.00673102,0.00230779,0.0070787,0.000399475,0.000162993,0.000318748,3.71894e-05,0.0206164,0.0121355,0.0766045,0.131588,0.0188541,0.000795792,4.74038e-06,1.26911e-06,9.52616e-06,5.4602e-08,7.38837e-05,7.44999e-05,9.46621e-07,4.58787e-09,3.17173e-06,4.79469e-06,17.1978,53.3086,10.9645,0.35202,32.5179,0.163044,13.2311,0.0135816,0.163044,3.24096,0.174474,3.43302,0.000393846,0.00644978,3.24502,0.00652177,0.0202649,0.003882,0.00668576,3.24502,0.0126629,3.07286,1.68612,0.00038536,0.0653517,0.000434784,0.00337749,0.000163044,0.00108032,0.0653517,4.24177,6.00949e-06,6.23331,0.176626
2079.5417,299.233,298.33,5.77157,0.161944,3.43764,0.0125437,0.00653393,0.00257989,0.00600975,0.00020842,0.000150411,0.000168945,1.62094e-05,0.0109582,0.0109481,0.0732197,0.21675,0.0169487,0.000800501,2.16528e-06,1.36582e-06,1.72808e-05,4.00163e-08,8.8217e-05,6.90459e-05,1.58954e-06,3.61345e-09,3.49321e-06,4.30796e-06,17.3708,53.4317,11.0183,0.333859,32.4956,0.162767,13.2086,0.0127759,0.162767,3.23138,0.176389,3.43281,0.000602998,0.00601628,3.24313,0.0065107,0.0202358,0.00387542,0.0066662,3.24313,0.0127817,3.07286,1.68608,0.000362381,0.0652912,0.000434046,0.00337263,0.000162767,0.00107713,0.0652912,3.94745,3.5311e-06,6.35248,0.175543
2079.6250,294.003,294.141,5.76028,0.14966,2.085,0.00992108,0.00539343,0.00195391,0.00452765,0.000176317,0.000134327,0.000146247,9.91556e-06,0.0107353,0.0120954,0.0519202,0.178171,0.0131161,0.000804377,1.081e-06,1.42134e-06,1.41371e-05,1.14295e-07,6.74718e-05,5.32264e-05,1.55857e-06,3.68804e-09,2.5874e-06,3.31864e-06,17.5059,53.5298,11.0623,0.320974,32.4766,0.162496,13.1866,0.0120298,0.162496,3.22633,0.177968,3.43253,0.000717998,0.00571177,3.24148,0.00649983,0.0202068,0.00386894,0.0066559,3.24148,0.0128774,3.07286,1.68605,0.000346517,0.0652417,0.000433322,0.0033678,0.000162496,0.00107544,0.0652417,2.69736,2.50234e-06,6.44365,0.174525
2079.7083,287.756,288.398,4.6853,0.182558,0.948174,0.00593331,0.00381835,0.00269019,0.00211496,7.32242e-05,7.75581e-05,5.92188e-05,2.19558e-06,0.00626935,0.00788237,0.0239027,0.180352,0.00695036,0.011264,1.55122e-07,1.40898e-06,1.7075e-05,7.94673e-08,1.83431e-05,0.000101445,1.54383e-06,2.76975e-09,1.80076e-06,6.59098e-06,17.5292,53.6323,11.0605,0.411076,32.4676,0.133913,13.1645,0.0113275,0.133913,3.22433,0.177573,3.43353,0.000701952,0.00796993,3.24064,0.00535549,0.0201776,0.00318841,0.0066518,3.24064,0.0128593,3.07294,1.68605,0.000467718,0.0652213,0.000356993,0.00336294,0.000133913,0.00107478,0.0652213,1.50103,1.5641e-06,6.46872,0.145241
2079.7917,284.751,285.333,0,0.201352,0,0,0.00184881,0.00404598,-0.00184881,0,0,0,0,0,0,0,0,0,0.000788877,0,1.34311e-06,3.07212e-08,3.11265e-08,-4.40669e-06,0,1.84164e-09,2.94227e-09,2.33872e-06,0,17.2292,53.7884,10.9224,0.818846,32.5158,0,13.1426,0.0106659,0,3.22456,0.17095,3.44007,6.83747e-05,0.0178766,3.24452,0,0.0201482,0,0.00665225,3.24452,0.0124924,3.0733,1.68608,0.00101554,0.0653609,0,0.00335803,0,0.00107485,0.0653609,0.422285,1.34311e-06,6.30681,0.0106659
2079.8750,276.773,278.119,0,0.223187,0,0,0.00132864,0.0032243,-0.00132864,0,0,0,0,0,0,0,0,0,0.00078756,0,1.25821e-06,2.45793e-06,6.81868e-08,8.42918e-06,0,1.17149e-07,5.87206e-09,2.71709e-06,0,17.1551,53.6263,10.9041,0.682973,32.5601,0,13.1206,0.0100432,0,3.22815,0.170665,3.44018,0.000207319,0.0144014,3.24825,0,0.0201186,0,0.00665953,3.24825,0.0124716,3.0733,1.68616,0.000830442,0.0654828,0,0.0033531,0,0.00107605,0.0654828,0.489081,1.25821e-06,6.25092,0.0100432
2079.9583,273.254,273.953,0,0.250608,0,0,0.00108419,0.00206345,-0.00108419,0,0,0,0,0,0,0,0,0,0.000786224,0,1.18657e-06,7.71449e-06,1.71627e-07,1.51934e-05,0,3.96288e-07,1.00042e-08,2.05435e-06,0,17.0916,53.5122,10.8856,0.602646,32.5808,0,13.0983,0.00944748,0,3.23718,0.170375,3.44014,0.000567525,0.012452,3.25007,0,0.0200883,0,0.006678,3.25007,0.0124504,3.0733,1.68624,0.000722349,0.0655356,0,0.00334805,0,0.00107906,0.0655356,0.625224,1.18657e-06,6.20592,0.00944748
2080.0417,275.913,275.99,0,0.255523,0,0,0.0012261,0.00223439,-0.0012261,0,0,0,0,0,0,0,0,0,0.000784954,0,1.12573e-06,1.36182e-05,3.52012e-07,2.37356e-05,0,6.93934e-07,1.32919e-08,2.47432e-06,0,17.0338,53.4209,10.8681,0.548896,32.5916,0,13.0772,0.00891314,0,3.24648,0.1701,3.43995,0.000931994,0.0111522,3.25107,0,0.0200593,0,0.00669696,3.25107,0.0124303,3.0733,1.6863,0.000649525,0.0655609,0,0.00334322,0,0.00108216,0.0655609,0.657788,1.12573e-06,6.16579,0.00891314
2080.1250,283.002,282.417,0,0.192371,0,0,0.00152413,0.00243638,-0.00152413,0,0,0,0,0,0,0,0,0,0.000783686,0,1.08088e-06,2.36485e-05,6.65488e-07,3.54599e-05,0,1.61356e-06,1.61576e-08,2.93283e-06,0,16.9681,53.3133,10.8505,0.495417,32.5981,0,13.0561,0.0084095,0,3.2517,0.169825,3.43951,0.00136814,0.00986417,3.25175,0,0.0200302,0,0.00670743,3.25175,0.0124102,3.0733,1.68638,0.00057618,0.0655724,0,0.00333836,0,0.0010839,0.0655724,1.02967,1.08088e-06,6.11759,0.0084095
2080.2083,287.455,286.739,0.647369,0.197336,0.35268,0.0024934,0.00222138,0.00254289,0.00027202,1.23682e-05,5.30331e-05,1.06735e-05,1.73432e-07,0.00140283,0.0119362,0.0114751,0.248294,0.00311492,0.000782526,1.1263e-08,1.05137e-06,3.50071e-05,7.53587e-07,5.03925e-05,1.30175e-05,2.35454e-06,1.20776e-08,3.31237e-06,7.6788e-07,16.8997,53.1966,10.8342,0.446051,32.5979,0.0202306,13.0836,0.00904703,0.0202306,3.25295,0.169594,3.43869,0.00179795,0.00869047,3.2519,0.000809223,0.0200683,0.000481681,0.00670963,3.2519,0.0123925,3.0733,1.68647,0.00050897,0.0655638,5.39482e-05,0.00334471,2.02306e-05,0.00108432,0.0655638,1.44794,1.06263e-06,6.06553,0.0292776
2080.2917,293.299,292.235,4.48618,0.192003,2.22573,0.0120443,0.0051414,0.00263497,0.00690292,0.000106552,0.000157531,9.07334e-05,3.20274e-06,0.0061006,0.0151221,0.0510224,0.457257,0.0164514,0.000785064,2.92498e-07,1.08232e-06,2.98763e-05,5.5328e-07,6.79755e-05,6.82992e-05,2.52213e-06,1.0854e-08,3.64407e-06,4.16634e-06,16.9832,53.2296,10.862,0.407495,32.5886,0.130645,13.3309,0.0145379,0.130645,3.25025,0.170648,3.43774,0.00131906,0.00777576,3.25129,0.00522581,0.0204122,0.0031106,0.00670417,3.25129,0.0124525,3.0733,1.68649,0.000457517,0.0655307,0.000348387,0.00340203,0.000130645,0.00108342,0.0655307,3.08647,1.37482e-06,6.12126,0.145183
2080.3750,295.905,294.648,4.83591,0.197808,2.38065,0.0136506,0.0060521,0.00267278,0.00759848,0.000218346,0.000164415,0.000180335,1.31038e-05,0.0112871,0.0115211,0.062896,0.255119,0.0190009,0.000790508,1.43585e-06,1.14769e-06,1.80542e-05,1.53906e-07,7.92738e-05,7.76091e-05,1.46907e-06,9.04092e-09,3.73523e-06,4.82896e-06,17.1785,53.3726,10.9245,0.377866,32.5722,0.139722,13.3313,0.0141861,0.139722,3.24404,0.172646,3.43714,0.000695454,0.00706988,3.25004,0.00558887,0.0204151,0.00332671,0.00669173,3.25004,0.0125724,3.0733,1.68646,0.000418818,0.0654797,0.000372591,0.00340252,0.000139722,0.00108135,0.0654797,3.30603,2.58353e-06,6.25398,0.153908
2080.4583,299.915,298.599,4.82665,0.158317,3.28354,0.0137386,0.00688396,0.00259327,0.00685466,0.000313982,0.000163308,0.000252511,2.68233e-05,0.0159754,0.0118918,0.0796914,0.173381,0.0190825,0.000796455,3.54946e-06,1.24279e-06,1.46208e-05,1.18126e-07,8.26556e-05,7.66666e-05,1.58785e-06,8.91652e-09,3.57281e-06,4.85279e-06,17.3697,53.5131,10.993,0.355041,32.5524,0.139488,13.309,0.0133579,0.139488,3.23598,0.174724,3.43686,0.000495037,0.00652501,3.24844,0.00557954,0.0203864,0.00332115,0.00667538,3.24844,0.0127003,3.0733,1.68642,0.000389472,0.0654223,0.000371969,0.00339773,0.000139488,0.00107866,0.0654223,4.02094,4.79224e-06,6.37665,0.152846
2080.5417,299.333,298.388,4.81727,0.116796,3.15743,0.0121666,0.00657691,0.00202717,0.00558974,0.000308556,0.000150313,0.000250216,2.40528e-05,0.0165759,0.0113966,0.0732814,0.139667,0.0167143,0.000802064,3.19455e-06,1.33525e-06,5.92642e-06,1.33436e-07,6.58369e-05,6.6705e-05,8.96584e-07,5.23912e-09,2.7199e-06,4.24523e-06,17.5306,53.6302,11.0575,0.337752,32.5327,0.139252,13.2865,0.0125655,0.139252,3.22916,0.176646,3.43675,0.000541366,0.00611374,3.24678,0.00557007,0.0203569,0.00331552,0.00666149,3.24678,0.0128193,3.0733,1.68638,0.000367578,0.065368,0.000371338,0.00339282,0.000139252,0.00107639,0.065368,3.61619,4.5298e-06,6.47312,0.151817
2080.6250,295.058,294.924,4.80805,0.149252,1.94542,0.00925354,0.00549056,0.00196855,0.00376298,0.000177633,0.000134019,0.00014633,1.11548e-05,0.0116046,0.0125615,0.0543971,0.165109,0.012357,0.00080635,1.25539e-06,1.37368e-06,1.15156e-05,9.44638e-08,6.63832e-05,4.99979e-05,1.4377e-06,3.40357e-09,2.60066e-06,3.11846e-06,17.646,53.7144,11.1062,0.325841,32.5164,0.139019,13.2643,0.0118317,0.139019,3.2262,0.178123,3.43664,0.000660075,0.00582976,3.24537,0.00556077,0.0203277,0.00330998,0.00665546,3.24537,0.01291,3.0733,1.68635,0.000352509,0.0653251,0.000370718,0.00338795,0.000139019,0.0010754,0.0653251,2.47961,2.62907e-06,6.53977,0.150851
2080.7083,289.539,289.896,3.91826,0.169683,0.918169,0.00561248,0.00403403,0.00271347,0.00157845,7.28575e-05,7.78478e-05,5.82193e-05,2.36592e-06,0.00670629,0.00888091,0.0275776,0.177261,0.00663485,0.00975539,1.86839e-07,1.36398e-06,1.62309e-05,8.17571e-08,1.76077e-05,8.97357e-05,1.64061e-06,2.435e-09,1.83528e-06,5.82e-06,17.6595,53.792,11.111,0.399971,32.5079,0.114566,13.2421,0.0111409,0.114566,3.22465,0.177869,3.43752,0.000724061,0.00768639,3.24459,0.00458127,0.0202982,0.00272776,0.00665228,3.24459,0.0128993,3.07336,1.68634,0.000451684,0.0653054,0.000305383,0.00338304,0.000114566,0.00107489,0.0653054,1.50644,1.55082e-06,6.54847,0.125707
2080.7917,281.676,282.956,0,0.191141,0,0,0.00163908,0.0035466,-0.00163908,0,0,0,0,0,0,0,0,0,0.000793715,0,1.3006e-06,6.55734e-08,2.07476e-08,-4.23414e-06,0,3.6858e-09,1.88646e-09,2.07023e-06,0,17.3917,53.907,10.9932,0.735003,32.5545,0,13.22,0.0104903,0,3.22583,0.172206,3.44312,7.70632e-05,0.0158138,3.24836,0,0.0202685,0,0.00665463,3.24836,0.0125851,3.07367,1.68638,0.00090026,0.0654395,0,0.00337809,0,0.00107528,0.0654395,0.470906,1.3006e-06,6.39853,0.0104903
2080.8750,277.458,278.565,0,0.237362,0,0,0.00142705,0.0030819,-0.00142705,0,0,0,0,0,0,0,0,0,0.00079239,0,1.22117e-06,4.64375e-06,3.3924e-08,1.51488e-05,0,2.24702e-07,2.53231e-09,2.76284e-06,0,17.3193,53.7576,10.9748,0.616877,32.5911,0,13.1979,0.00987785,0,3.23045,0.171919,3.44319,0.000333826,0.0128232,3.25145,0,0.0202387,0,0.00666404,3.25145,0.0125641,3.07367,1.68645,0.000739668,0.0655393,0,0.00337311,0,0.00107682,0.0655393,0.474696,1.22117e-06,6.34446,0.00987785
2080.9583,275.383,276.107,0,0.224247,0,0,0.00124623,0.00228959,-0.00124623,0,0,0,0,0,0,0,0,0,0.000791045,0,1.15039e-06,1.17834e-05,1.75816e-07,2.25992e-05,0,6.57647e-07,8.04781e-09,2.40913e-06,0,17.252,53.6403,10.9562,0.542763,32.6076,0,13.1755,0.0092919,0,3.23797,0.171627,3.44306,0.000799934,0.0110246,3.25293,0,0.0202081,0,0.00667933,3.25293,0.0125428,3.07367,1.68653,0.000639334,0.0655806,0,0.00336802,0,0.00107932,0.0655806,0.646978,1.15039e-06,6.29582,0.0092919
2081.0417,275.881,276.275,0,0.230709,0,0,0.00123726,0.00202919,-0.00123726,0,0,0,0,0,0,0,0,0,0.000789767,0,1.09405e-06,1.74971e-05,4.66915e-07,2.81221e-05,0,9.89987e-07,1.29813e-08,2.3375e-06,0,17.1911,53.5447,10.9385,0.493114,32.615,0,13.1543,0.00876635,0,3.24546,0.17135,3.44274,0.00122001,0.00982973,3.25364,0,0.0201789,0,0.00669454,3.25364,0.0125225,3.07367,1.6866,0.000572139,0.0655965,0,0.00336314,0,0.00108182,0.0655965,0.641094,1.09405e-06,6.25264,0.00876635
2081.1250,278.869,278.773,0,0.24939,0,0,0.00133612,0.00204408,-0.00133612,0,0,0,0,0,0,0,0,0,0.000788492,0,1.05604e-06,2.45917e-05,1.20793e-06,3.68343e-05,0,1.35377e-06,2.51565e-08,2.53895e-06,0,17.1285,53.4505,10.9208,0.453275,32.617,0,13.133,0.00827101,0,3.25178,0.171073,3.44221,0.00163478,0.00887833,3.25391,0,0.0201495,0,0.00670727,3.25391,0.0125023,3.07367,1.68667,0.000518527,0.0655973,0,0.00335825,0,0.00108393,0.0655973,1.12256,1.05604e-06,6.20765,0.00827101
2081.2083,286.533,285.849,0.264824,0.226837,0.125624,0.00121648,0.00196316,0.00235823,-0.000746684,5.0254e-06,3.16373e-05,4.33163e-06,5.41338e-08,0.0007714,0.00917694,0.00676319,0.176381,0.00147027,0.000787229,3.08309e-09,1.03079e-06,3.8449e-05,1.69735e-06,5.51394e-05,6.16407e-06,2.45146e-06,2.77103e-08,3.13398e-06,3.55883e-07,17.0576,53.341,10.9032,0.416741,32.6127,0.00845662,13.1327,0.00828525,0.00845662,3.25404,0.170804,3.44132,0.00212198,0.00800503,3.25367,0.000338265,0.020149,0.000201348,0.00671152,3.25367,0.0124824,3.07367,1.68675,0.000469573,0.0655798,2.2551e-05,0.00335816,8.45662e-06,0.00108468,0.0655798,1.39008,1.03387e-06,6.15435,0.0167419
2081.2917,291.97,290.853,4.06272,0.178403,2.27128,0.0122168,0.00499989,0.00233054,0.00721688,9.51425e-05,0.000158874,8.14384e-05,2.35327e-06,0.00518096,0.0130866,0.0452274,0.579417,0.0172364,0.000789778,2.0402e-07,1.05222e-06,3.38165e-05,1.3392e-06,6.54445e-05,7.19577e-05,3.03658e-06,2.28352e-08,3.22584e-06,4.36746e-06,17.118,53.3578,10.9309,0.386615,32.6011,0.119363,13.3949,0.0141743,0.119363,3.25206,0.171697,3.44016,0.00165582,0.00728502,3.25281,0.00477453,0.020513,0.00284198,0.00670742,3.25281,0.0125322,3.07367,1.68678,0.000429994,0.0655426,0.000318302,0.00341884,0.000119363,0.00108402,0.0655426,2.94599,1.25624e-06,6.1871,0.133538
2081.3750,297.848,295.893,4.73227,0.138979,3.02006,0.0133677,0.00643693,0.00228016,0.00693077,0.000261452,0.000164455,0.000215585,1.61757e-05,0.0137891,0.0114278,0.0676483,0.21685,0.0189084,0.000796309,1.91739e-06,1.12619e-06,1.44082e-05,3.7682e-07,6.97091e-05,7.67645e-05,1.69412e-06,1.07817e-08,3.15722e-06,4.80152e-06,17.3094,53.5077,11.0059,0.364101,32.5855,0.137103,13.4185,0.0143572,0.137103,3.24875,0.173762,3.43952,0.000731589,0.00674583,3.25158,0.0054841,0.0205481,0.00326435,0.00670099,3.25158,0.012656,3.07367,1.68673,0.000400901,0.0654965,0.000365607,0.00342468,0.000137103,0.00108292,0.0654965,3.48955,3.04358e-06,6.30344,0.15146
2081.4583,299.678,298.082,4.72324,0.154832,2.83219,0.0126271,0.00675538,0.00223283,0.00587174,0.000332702,0.000159921,0.000267928,2.8074e-05,0.0187238,0.0157439,0.0762204,0.146641,0.0177243,0.000802473,3.60796e-06,1.21554e-06,1.02563e-05,1.06895e-07,7.20445e-05,7.07464e-05,1.00056e-06,5.38525e-09,3.04987e-06,4.49702e-06,17.4619,53.6241,11.0766,0.347053,32.5694,0.136874,13.396,0.013519,0.136874,3.24581,0.175657,3.43941,0.000473678,0.00633751,3.25025,0.00547495,0.0205192,0.0032589,0.00669524,3.25025,0.0127731,3.07367,1.68668,0.000379224,0.0654508,0.000364996,0.00341986,0.000136874,0.00108194,0.0654508,3.61671,4.8235e-06,6.38528,0.150393
2081.5417,300.121,298.825,4.71408,0.114809,3.05833,0.011626,0.006699,0.00207317,0.00492703,0.0002694,0.00014952,0.000218743,2.06393e-05,0.0151775,0.0114339,0.0741562,0.155815,0.0161815,0.000808623,2.78896e-06,1.29408e-06,6.35752e-06,8.22824e-08,6.93596e-05,6.50865e-05,8.29237e-07,3.35832e-09,2.77897e-06,4.10354e-06,17.6135,53.7329,11.147,0.33122,32.5491,0.136641,13.3733,0.0127171,0.136641,3.23904,0.177559,3.4393,0.000575546,0.00595781,3.24852,0.00546565,0.0204895,0.00325336,0.00668145,3.24852,0.0128905,3.07367,1.68663,0.000359174,0.0653962,0.000364377,0.00341492,0.000136641,0.00107968,0.0653962,3.40906,4.08303e-06,6.46648,0.149358
2081.6250,295.845,295.541,4.70508,0.12561,2.07284,0.00909139,0.00560078,0.00162598,0.00349061,0.000218803,0.000134009,0.000179773,1.43416e-05,0.0144959,0.0125693,0.0564202,0.131522,0.0123803,0.000813271,1.65568e-06,1.33464e-06,5.6579e-06,8.43707e-08,5.2691e-05,4.96123e-05,8.36597e-07,2.54671e-09,2.10621e-06,3.12225e-06,17.717,53.8119,11.1997,0.321151,32.535,0.136413,13.351,0.0119744,0.136413,3.23876,0.179019,3.43932,0.000603371,0.00571806,3.2473,0.00545653,0.0204601,0.00324793,0.00668098,3.2473,0.0129799,3.07367,1.68659,0.000346683,0.0653595,0.000363768,0.00341002,0.000136413,0.00107959,0.0653595,2.54548,2.99032e-06,6.51727,0.148388
2081.7083,289.961,290.392,3.83516,0.169995,0.913116,0.00562983,0.00408706,0.0026445,0.00154277,8.75834e-05,7.80288e-05,6.84816e-05,3.68443e-06,0.00770406,0.00823466,0.0285935,0.146821,0.00689933,0.00959491,3.22806e-07,1.32877e-06,1.4339e-05,4.8716e-08,2.03883e-05,8.91189e-05,1.28644e-06,1.93126e-09,1.84915e-06,5.78164e-06,17.7245,53.8866,11.2083,0.395266,32.5281,0.112418,13.3287,0.0112753,0.112418,3.23879,0.178787,3.44028,0.000598035,0.00756613,3.24664,0.00449563,0.0204305,0.00267663,0.00668107,3.24664,0.012971,3.07373,1.68658,0.000445773,0.0653439,0.000299675,0.00340508,0.000112418,0.0010796,0.0653439,1.4165,1.65158e-06,6.51621,0.123694
2081.7917,281.694,282.872,0,0.193166,0,0,0.00161407,0.00348873,-0.00161407,0,0,0,0,0,0,0,0,0,0.000801289,0,1.2643e-06,7.77757e-08,1.59244e-08,-3.95948e-06,0,4.51808e-09,1.54595e-09,2.0286e-06,0,17.4617,54.0019,11.0933,0.728539,32.5714,0,13.3064,0.0106168,0,3.24019,0.173225,3.44576,7.35562e-05,0.0156326,3.25015,0,0.0204007,0,0.00668391,3.25015,0.0126623,3.07403,1.68662,0.000892442,0.0654695,0,0.00340011,0,0.00108006,0.0654695,0.453545,1.2643e-06,6.36848,0.0106168
2081.8750,278.248,279.101,0,0.196908,0,0,0.00143631,0.00298416,-0.00143631,0,0,0,0,0,0,0,0,0,0.000799951,0,1.18532e-06,4.41636e-06,1.77074e-08,1.40641e-05,0,2.35966e-07,1.40871e-09,2.65809e-06,0,17.3901,53.8587,11.0747,0.616003,32.6069,0,13.2842,0.00999697,0,3.2456,0.172936,3.44584,0.000302938,0.0127787,3.25313,0,0.0203706,0,0.00669495,3.25313,0.0126411,3.07403,1.68669,0.000739353,0.0655669,0,0.0033951,0,0.00108187,0.0655669,0.367983,1.18532e-06,6.3154,0.00999697
2081.9583,273.442,274.208,0,0.334272,0,0,0.00116095,0.00178497,-0.00116095,0,0,0,0,0,0,0,0,0,0.000798594,0,1.11534e-06,8.50928e-06,4.23416e-08,1.70974e-05,0,4.42916e-07,1.68167e-09,1.82994e-06,0,17.3238,53.7481,11.0559,0.546616,32.6231,0,13.2617,0.00940395,0,3.25457,0.172642,3.44575,0.000743654,0.0111007,3.25455,0,0.0203399,0,0.00671326,3.25455,0.0126197,3.07403,1.68676,0.000645841,0.065608,0,0.00338998,0,0.00108486,0.065608,0.588068,1.11534e-06,6.2679,0.00940395
2082.0417,277.577,277.697,0,0.240242,0,0,0.00131253,0.00221592,-0.00131253,0,0,0,0,0,0,0,0,0,0.000797304,0,1.06072e-06,1.67968e-05,8.95847e-08,2.89809e-05,0,9.02714e-07,2.47958e-09,2.51043e-06,0,17.2623,53.6582,11.0381,0.501009,32.6309,0,13.2402,0.00887208,0,3.264,0.172363,3.4455,0.00112607,0.00999966,3.25528,0,0.0203105,0,0.00673247,3.25528,0.0125993,3.07403,1.68682,0.000584097,0.065626,0,0.00338508,0,0.001088,0.065626,0.931732,1.06072e-06,6.22422,0.00887208
2082.1250,280.548,280.081,0,0.219827,0,0,0.00141724,0.00211339,-0.00141724,0,0,0,0,0,0,0,0,0,0.000796016,0,1.03498e-06,2.45406e-05,6.43306e-07,3.64211e-05,0,1.51727e-06,1.18806e-08,2.5907e-06,0,17.198,53.5593,11.0203,0.457329,32.634,0,13.2189,0.00837076,0,3.26999,0.172085,3.44501,0.00157212,0.00895715,3.25565,0,0.0202809,0,0.00674453,3.25565,0.0125789,3.07403,1.68689,0.000524919,0.06563,0,0.00338015,0,0.00109,0.06563,1.10569,1.03498e-06,6.1777,0.00837076
2082.2083,289.149,288.061,0.710321,0.190505,0.338867,0.00290754,0.0025333,0.00246091,0.00037424,1.54048e-05,5.48004e-05,1.32548e-05,2.6219e-07,0.00145771,0.0102585,0.0157183,0.25771,0.00391266,0.000794923,2.17766e-08,1.00778e-06,3.85736e-05,1.07346e-06,5.63135e-05,1.64622e-05,2.96541e-06,1.33055e-08,3.24937e-06,9.72867e-07,17.1305,53.4501,11.0046,0.417402,32.6306,0.0221217,13.2534,0.00917681,0.0221217,3.2716,0.171866,3.44412,0.00202233,0.00800563,3.25548,0.00088487,0.0203286,0.000526708,0.00674747,3.25548,0.0125619,3.07403,1.68697,0.000470982,0.0656147,5.89913e-05,0.0033881,2.21217e-05,0.00109053,0.0656147,1.46622,1.02955e-06,6.12583,0.0312986
2082.2917,294.415,293.196,4.62683,0.176538,2.42188,0.0128231,0.00574665,0.00251896,0.00707641,0.000125818,0.000158644,0.000106785,4.19797e-06,0.00674476,0.0131968,0.0551902,0.450029,0.0184442,0.000799039,4.30493e-07,1.04473e-06,3.05972e-05,6.21474e-07,7.08829e-05,7.69328e-05,2.81565e-06,1.06666e-08,3.4757e-06,4.68048e-06,17.2247,53.4957,11.0505,0.384728,32.6183,0.134254,13.5182,0.0150546,0.134254,3.26797,0.17315,3.44307,0.00138506,0.00722662,3.25457,0.00537017,0.0206968,0.00319653,0.00674012,3.25457,0.0126355,3.07403,1.68698,0.000427831,0.0655753,0.000358011,0.00344947,0.000134254,0.00108933,0.0655753,3.10726,1.47522e-06,6.17423,0.149309
2082.3750,298.238,297.087,4.95887,0.183772,2.90894,0.0146192,0.00687947,0.00271185,0.00773968,0.000283512,0.000165175,0.000231359,2.02927e-05,0.0135957,0.0102338,0.0739883,0.222829,0.0212857,0.000806488,2.51937e-06,1.1292e-06,1.83145e-05,1.51187e-07,8.50894e-05,8.68291e-05,1.72446e-06,7.14615e-09,3.74763e-06,5.42017e-06,17.4165,53.6365,11.1356,0.359483,32.5998,0.142812,13.5181,0.0146684,0.142812,3.26072,0.175376,3.44246,0.00064619,0.00662283,3.25309,0.00571247,0.0206992,0.00340028,0.00672559,3.25309,0.0127694,3.07403,1.68694,0.000395105,0.0655211,0.000380831,0.00344987,0.000142812,0.00108691,0.0655211,3.70364,3.64857e-06,6.28092,0.15748
2082.4583,299.69,298.513,4.94935,0.161092,3.46483,0.0140571,0.00703556,0.00259388,0.00702157,0.000345341,0.000164048,0.000276321,3.11426e-05,0.0173293,0.0119581,0.0801261,0.168623,0.0204058,0.000814331,4.15784e-06,1.23019e-06,1.34892e-05,4.58115e-08,8.68196e-05,8.22005e-05,1.29749e-06,4.60801e-09,3.52569e-06,5.19258e-06,17.6158,53.7833,11.2254,0.339256,32.5775,0.142573,13.4955,0.013812,0.142573,3.25073,0.177697,3.44223,0.000456365,0.00613979,3.25123,0.00570293,0.0206702,0.0033946,0.00670529,3.25123,0.0129125,3.07403,1.68688,0.000369337,0.0654595,0.000380195,0.00344504,0.000142573,0.00108358,0.0654595,4.19191,5.38803e-06,6.3904,0.156385
2082.5417,300.909,299.503,4.9397,0.104984,3.26237,0.0111432,0.00676059,0.00179073,0.00438261,0.00034468,0.000149419,0.000277035,2.98293e-05,0.0205664,0.0126322,0.0768261,0.115142,0.0157586,0.000820825,4.14689e-06,1.32972e-06,3.15975e-06,8.23697e-08,5.84568e-05,6.23522e-05,5.04268e-07,3.79239e-09,2.35426e-06,3.98991e-06,17.7618,53.892,11.2992,0.32526,32.5588,0.142331,13.4726,0.0129927,0.142331,3.24619,0.179635,3.44221,0.000454882,0.00580858,3.24962,0.00569325,0.0206404,0.00338884,0.00669615,3.24962,0.0130328,3.07403,1.68683,0.000352056,0.0654099,0.00037955,0.00344007,0.000142331,0.00108206,0.0654099,3.65863,5.4766e-06,6.46258,0.155324
2082.6250,296.722,296.403,4.93023,0.148029,1.72264,0.00865729,0.00566684,0.00180762,0.00299046,0.000217453,0.000132119,0.000176423,1.68619e-05,0.015389,0.0141814,0.0589726,0.13457,0.0118976,0.000825298,2.06695e-06,1.37107e-06,9.2279e-06,5.91206e-08,6.08223e-05,4.76852e-05,9.29146e-07,2.82186e-09,2.34311e-06,2.9947e-06,17.8459,53.9545,11.3493,0.316164,32.5457,0.142094,13.4501,0.0122339,0.142094,3.24669,0.180997,3.44227,0.000520516,0.0055912,3.24847,0.00568374,0.0206109,0.00338318,0.00669733,3.24847,0.0131171,3.07403,1.68679,0.000340695,0.0653763,0.000378916,0.00343515,0.000142094,0.00108223,0.0653763,2.35773,3.43802e-06,6.49662,0.154328
2082.7083,290.324,290.805,4.01682,0.175199,1.11789,0.00608814,0.00413813,0.00287882,0.00195001,7.62382e-05,8.05003e-05,6.08486e-05,2.97065e-06,0.0063258,0.00806507,0.0308303,0.192703,0.00769455,0.00997271,2.61876e-07,1.35752e-06,1.78355e-05,3.95659e-08,2.49274e-05,9.54547e-05,1.5069e-06,2.01405e-09,2.01946e-06,6.16547e-06,17.8556,54.0256,11.3591,0.392033,32.5353,0.1171,13.4276,0.0115197,0.1171,3.24277,0.180784,3.44314,0.000692033,0.00749272,3.24749,0.00468293,0.0205811,0.00278809,0.00668926,3.24749,0.0131088,3.0741,1.68678,0.000442316,0.0653526,0.000312166,0.00343018,0.0001171,0.00108092,0.0653526,1.4506,1.6194e-06,6.49648,0.128619
2082.7917,282.304,283.642,0,0.186545,0,0,0.0015915,0.00362657,-0.0015915,0,0,0,0,0,0,0,0,0,0.000813025,0,1.29159e-06,1.57925e-07,1.99519e-08,-3.54179e-06,0,8.37726e-09,1.85368e-09,2.09723e-06,0,17.587,54.147,11.2406,0.735409,32.5816,0,13.4052,0.0108469,0,3.24299,0.175026,3.44884,7.53262e-05,0.0158236,3.25122,0,0.0205511,0,0.00668969,3.25122,0.0127894,3.07441,1.68682,0.000902684,0.0654871,0,0.00342518,0,0.001081,0.0654871,0.534532,1.29159e-06,6.34644,0.0108469
2082.8750,275.493,275.978,0,0.233165,0,0,0.00125879,0.00251755,-0.00125879,0,0,0,0,0,0,0,0,0,0.000811667,0,1.21769e-06,3.25908e-06,2.75034e-08,1.06532e-05,0,1.59715e-07,2.07376e-09,2.17705e-06,0,17.5215,54.0202,11.2218,0.633202,32.6148,0,13.3828,0.0102137,0,3.25077,0.174734,3.44893,0.000268973,0.0132268,3.254,0,0.0205209,0,0.00670563,3.254,0.012768,3.07441,1.68688,0.000765218,0.0655787,0,0.00342014,0,0.00108359,0.0655787,0.507241,1.21769e-06,6.29969,0.0102137
2082.9583,272.93,273.77,0,0.328949,0,0,0.00107545,0.0018452,-0.00107545,0,0,0,0,0,0,0,0,0,0.00081029,0,1.15115e-06,7.60831e-06,8.00122e-08,1.59038e-05,0,3.4629e-07,3.51474e-09,1.83673e-06,0,17.4565,53.9123,11.2027,0.562998,32.6322,0,13.3601,0.0096078,0,3.26062,0.174437,3.44888,0.00068258,0.0115117,3.25552,0,0.02049,0,0.00672578,3.25552,0.0127464,3.07441,1.68695,0.00067017,0.0656238,0,0.00341499,0,0.00108687,0.0656238,0.738831,1.15115e-06,6.25377,0.0096078
2083.0417,276.322,276.337,0,0.282147,0,0,0.00122421,0.00229517,-0.00122421,0,0,0,0,0,0,0,0,0,0.000808981,0,1.08844e-06,1.46574e-05,2.57978e-07,2.61642e-05,0,7.07141e-07,7.8391e-09,2.53865e-06,0,17.3984,53.8266,11.1847,0.515746,32.6416,0,13.3385,0.00906439,0,3.27088,0.174155,3.44869,0.00104762,0.0103646,3.25637,0,0.0204604,0,0.00674673,3.25637,0.0127258,3.07441,1.68701,0.000605897,0.0656465,0,0.00341006,0,0.00109029,0.0656465,0.320177,1.08844e-06,6.21374,0.00906439
2083.1250,280.577,280.46,0,0.191386,0,0,0.00133488,0.00217524,-0.00133488,0,0,0,0,0,0,0,0,0,0.000807674,0,1.03731e-06,2.23026e-05,9.6247e-07,3.46188e-05,0,1.49755e-06,1.98986e-08,2.61316e-06,0,17.3338,53.7221,11.1666,0.465302,32.6469,0,13.317,0.00855221,0,3.27608,0.173874,3.44821,0.00150127,0.00915178,3.25693,0,0.0204307,0,0.00675716,3.25693,0.0127052,3.07441,1.68708,0.000536706,0.065656,0,0.00340511,0,0.00109203,0.065656,0.994148,1.03731e-06,6.16718,0.00855221
2083.2083,288.347,287.025,0.137804,0.180852,0.129102,0.000537498,0.00184367,0.00242499,-0.00130617,2.26278e-06,1.49744e-05,1.93979e-06,3.92148e-08,0.000491153,0.00776651,0.00607322,0.0774589,0.00055159,0.000806335,3.64333e-09,1.00736e-06,3.56335e-05,1.07553e-06,5.16837e-05,2.30669e-06,2.74876e-06,1.33246e-08,3.15373e-06,1.30606e-07,17.2634,53.6127,11.1481,0.424599,32.6454,0.00443901,13.3057,0.00830366,0.00443901,3.2793,0.173587,3.44743,0.00197507,0.00818024,3.25693,0.00017756,0.0204149,0.000105691,0.00676342,3.25693,0.0126842,3.07441,1.68717,0.000481548,0.0656463,1.18374e-05,0.00340248,4.43901e-06,0.0010931,0.0656463,1.19197,1.011e-06,6.11532,0.0127427
2083.2917,293.673,292.619,4.49345,0.158038,2.43876,0.0124809,0.0051047,0.00241035,0.00737616,0.000112945,0.000155615,9.65531e-05,2.96583e-06,0.00603121,0.0138643,0.0515173,0.472074,0.0174844,0.0008083,2.68593e-07,1.03254e-06,3.33269e-05,9.49452e-07,6.49813e-05,7.28411e-05,3.45697e-06,1.00934e-08,3.31081e-06,4.43562e-06,17.3088,53.6112,11.1687,0.390132,32.6353,0.129981,13.592,0.0147538,0.129981,3.27691,0.174371,3.44635,0.00165198,0.00735704,3.25621,0.00519924,0.0208124,0.00309479,0.00675845,3.25621,0.0127278,3.07441,1.6872,0.000435626,0.0656126,0.000346616,0.00346873,0.000129981,0.0010923,0.0656126,3.16852,1.30113e-06,6.14008,0.144735
2083.3750,295.954,294.84,5.6085,0.171531,3.21724,0.0148112,0.00642193,0.00246395,0.00838923,0.000313631,0.00016538,0.000256713,2.16158e-05,0.0148368,0.00992141,0.0641567,0.205425,0.0211037,0.00081486,2.41929e-06,1.12591e-06,1.59378e-05,1.40018e-07,7.47148e-05,8.54605e-05,1.57713e-06,5.56516e-09,3.41524e-06,5.37615e-06,17.5241,53.7819,11.2439,0.365265,32.6197,0.158827,13.6407,0.0154654,0.158827,3.27284,0.17659,3.44571,0.000633331,0.00676165,3.25498,0.00635307,0.0208826,0.00378159,0.00675057,3.25498,0.0128616,3.07441,1.68715,0.000403227,0.0655657,0.000423538,0.00348043,0.000158827,0.00109095,0.0655657,4.01577,3.5452e-06,6.28018,0.174292
2083.4583,300.472,298.466,5.59757,0.0937414,3.48597,0.0124525,0.00695037,0.00169105,0.0055021,0.000572474,0.000159305,0.000455342,5.54649e-05,0.0338813,0.0158818,0.0771077,0.0789714,0.0173315,0.000821547,7.16926e-06,1.23744e-06,2.31692e-06,4.60654e-08,5.14439e-05,6.57358e-05,3.1351e-07,3.84192e-09,2.28816e-06,4.39489e-06,17.7176,53.9377,11.3206,0.347238,32.6033,0.158562,13.6179,0.0145625,0.158562,3.26954,0.178723,3.44572,0.000278866,0.00633221,3.25364,0.00634246,0.0208536,0.00377528,0.00674419,3.25364,0.012997,3.07441,1.68708,0.000380313,0.065519,0.000422831,0.0034756,0.000158562,0.00108985,0.065519,3.80955,8.4067e-06,6.39707,0.173124
2083.5417,298.226,297.402,5.58649,0.165379,2.8463,0.0123472,0.00666944,0.00243397,0.00567774,0.000345659,0.000150053,0.000274363,3.38112e-05,0.0182463,0.0105822,0.0693396,0.132355,0.0172333,0.000826901,4.27853e-06,1.31167e-06,1.06086e-05,2.219e-08,8.15214e-05,6.85555e-05,9.95392e-07,2.5695e-09,3.29561e-06,4.37923e-06,17.8521,54.0411,11.3814,0.333258,32.5878,0.158292,13.5948,0.0136987,0.158292,3.26789,0.18041,3.44586,0.000390807,0.00599435,3.25233,0.0063317,0.0208238,0.00376887,0.00674111,3.25233,0.0131063,3.07441,1.68703,0.000362508,0.0654766,0.000422113,0.00347063,0.000158292,0.0010893,0.0654766,3.51496,5.5902e-06,6.47074,0.171991
2083.6250,294.847,294.706,5.57561,0.161018,1.98447,0.00981234,0.00566498,0.00211695,0.00414735,0.000181874,0.000134243,0.000149495,1.17942e-05,0.0111987,0.0122605,0.0536631,0.178384,0.0133539,0.000831615,1.32458e-06,1.3594e-06,1.50191e-05,4.02484e-08,7.31482e-05,5.43342e-05,1.60528e-06,2.00044e-09,2.81043e-06,3.3776e-06,17.9755,54.1264,11.4347,0.320222,32.5683,0.158028,13.5721,0.0128987,0.158028,3.26234,0.181991,3.44567,0.000636413,0.00568211,3.25063,0.00632113,0.0207942,0.00376257,0.00672985,3.25063,0.0132029,3.07441,1.687,0.000346135,0.0654256,0.000421408,0.0034657,0.000158028,0.00108745,0.0654256,2.57316,2.68398e-06,6.54086,0.170927
2083.7083,288.593,289.213,4.53675,0.185244,0.926818,0.00592809,0.00397728,0.00278465,0.00195082,7.29934e-05,7.81756e-05,5.92556e-05,2.42751e-06,0.00627188,0.00814708,0.0258607,0.186732,0.00722417,0.0110043,1.91069e-07,1.35136e-06,1.73702e-05,4.10791e-08,2.00844e-05,0.000100392,1.58623e-06,1.60816e-09,1.89582e-06,6.50893e-06,17.9926,54.2166,11.4401,0.406531,32.5583,0.130231,13.5494,0.0121456,0.130231,3.25922,0.18167,3.44664,0.000700025,0.00784535,3.2497,0.00520819,0.0207643,0.00310075,0.00672351,3.2497,0.0131887,3.07448,1.687,0.000462149,0.0654023,0.000347179,0.00346072,0.000130231,0.00108641,0.0654023,1.51838,1.54243e-06,6.55243,0.142377
2083.7917,285.307,285.932,0,0.201585,0,0,0.00184996,0.00418168,-0.00184996,0,0,0,0,0,0,0,0,0,0.000817284,0,1.28745e-06,3.07511e-08,1.48924e-08,-3.90212e-06,0,1.62983e-09,1.4783e-09,2.47984e-06,0,17.6955,54.3579,11.3067,0.795666,32.6076,0,13.5268,0.0114363,0,3.25919,0.175228,3.453,6.69446e-05,0.0172911,3.25369,0,0.0207343,0,0.00672346,3.25369,0.0128315,3.07483,1.68704,0.000984704,0.065545,0,0.00345571,0,0.0010864,0.065545,0.474633,1.28745e-06,6.3888,0.0114363
2083.8750,275.23,276.668,0,0.239904,0,0,0.00119706,0.00282362,-0.00119706,0,0,0,0,0,0,0,0,0,0.000815919,0,1.20987e-06,2.96535e-06,3.61014e-08,9.00152e-06,0,1.68617e-07,3.00798e-09,2.40861e-06,0,17.6235,54.202,11.2878,0.665073,32.6497,0,13.5042,0.0107686,0,3.2637,0.174935,3.4531,0.000233129,0.0139625,3.25723,0,0.020704,0,0.00673272,3.25723,0.0128101,3.07483,1.68712,0.000807186,0.0656606,0,0.00345066,0,0.0010879,0.0656606,0.464043,1.20987e-06,6.3357,0.0107686
2083.9583,273.843,274.538,0,0.303688,0,0,0.00110187,0.00235265,-0.00110187,0,0,0,0,0,0,0,0,0,0.000814534,0,1.13678e-06,8.08547e-06,8.56035e-08,1.74843e-05,0,3.87998e-07,4.79484e-09,2.38195e-06,0,17.5617,54.0955,11.2687,0.59141,32.6685,0,13.4813,0.0101298,0,3.27381,0.174638,3.45305,0.000593269,0.0121713,3.2589,0,0.020673,0,0.00675346,3.2589,0.0127883,3.07483,1.68718,0.000707622,0.0657085,0,0.00344549,0,0.00109127,0.0657085,0.355647,1.13678e-06,6.29309,0.0101298
2084.0417,276.531,276.475,0,0.309826,0,0,0.00126097,0.00225415,-0.00126097,0,0,0,0,0,0,0,0,0,0.000813219,0,1.06663e-06,1.46399e-05,6.6104e-07,2.5942e-05,0,7.14966e-07,2.58147e-08,2.5276e-06,0,17.5028,53.9982,11.2505,0.533714,32.6796,0,13.4595,0.0095569,0,3.28208,0.174356,3.45284,0.00101065,0.0107761,3.25993,0,0.0206433,0,0.00677035,3.25993,0.0127677,3.07483,1.68725,0.000629023,0.065734,0,0.00344055,0,0.00109403,0.065734,0.501536,1.06663e-06,6.25235,0.0095569
2084.1250,280.868,280.817,0,0.194928,0,0,0.00137429,0.00226262,-0.00137429,0,0,0,0,0,0,0,0,0,0.000811905,0,1.02256e-06,2.38661e-05,1.03124e-06,3.47694e-05,0,1.55546e-06,2.52572e-08,2.74272e-06,0,17.4372,53.8925,11.2323,0.482731,32.6849,0,13.4378,0.00901688,0,3.28758,0.174075,3.45236,0.00144938,0.0095505,3.26051,0,0.0206134,0,0.00678144,3.26051,0.012747,3.07483,1.68733,0.000559355,0.0657426,0,0.00343557,0,0.00109586,0.0657426,0.971854,1.02256e-06,6.20494,0.00901688
2084.2083,287.773,286.6,0.327153,0.175656,0.292331,0.00122183,0.00196424,0.00244189,-0.000742412,5.55626e-06,2.96602e-05,4.76946e-06,1.00651e-07,0.000838154,0.00988003,0.0105272,0.149105,0.00141359,0.000810598,8.88659e-09,9.92832e-07,3.48095e-05,1.12122e-06,4.97428e-05,5.92109e-06,2.63585e-06,1.73575e-08,3.19019e-06,3.42798e-07,17.3683,53.7826,11.2141,0.439486,32.6841,0.0103721,13.4411,0.00908199,0.0103721,3.2908,0.1738,3.45155,0.00185782,0.00852168,3.26058,0.000414883,0.0206181,0.000246954,0.00678774,3.26058,0.0127267,3.07483,1.68742,0.000500741,0.0657333,2.76589e-05,0.00343636,1.03721e-05,0.00109693,0.0657333,1.29076,1.00172e-06,6.15415,0.0194541
2084.2917,294.973,293.591,4.64218,0.173996,2.53004,0.0123269,0.00538394,0.00263923,0.00694293,0.000112525,0.000152577,9.56855e-05,3.54589e-06,0.0060219,0.0154626,0.0547444,0.456405,0.017096,0.000812703,3.47301e-07,1.03181e-06,3.39604e-05,9.55225e-07,6.91077e-05,7.11644e-05,3.2902e-06,1.29731e-08,3.64827e-06,4.33624e-06,17.4158,53.7801,11.2364,0.402068,32.6743,0.134264,13.7266,0.015458,0.134264,3.28794,0.174627,3.45046,0.00149206,0.00763102,3.25992,0.00537056,0.0210149,0.00319676,0.00678192,3.25992,0.0127727,3.07483,1.68745,0.000450752,0.0656988,0.000358037,0.00350248,0.000134264,0.00109598,0.0656988,3.45487,1.37911e-06,6.17935,0.149722
2084.3750,297.321,296.133,5.37002,0.18602,2.96128,0.0147966,0.00665501,0.00272105,0.00814164,0.000293248,0.000165101,0.000239201,2.11297e-05,0.0140016,0.0103496,0.0696815,0.213429,0.0209738,0.000819263,2.51067e-06,1.13203e-06,1.71998e-05,1.32075e-07,8.16026e-05,8.51628e-05,1.55079e-06,6.68113e-09,3.7912e-06,5.34171e-06,17.6249,53.938,11.3116,0.37366,32.6575,0.153007,13.7509,0.0155921,0.153007,3.28189,0.176837,3.44981,0.000616136,0.00695261,3.25863,0.00612028,0.0210512,0.00364302,0.00676996,3.25863,0.012906,3.07483,1.68741,0.000413668,0.0656473,0.000408018,0.00350854,0.000153007,0.00109396,0.0656473,3.79481,3.6427e-06,6.31328,0.168599
2084.4583,300.564,299.272,5.35961,0.151955,3.46789,0.0140985,0.0071951,0.00264465,0.00690338,0.000311344,0.000163305,0.000249568,2.75369e-05,0.0156486,0.0115627,0.0823221,0.182181,0.0197956,0.000826179,3.78318e-06,1.23515e-06,1.41224e-05,6.19456e-08,8.56311e-05,7.99097e-05,1.33481e-06,6.01603e-09,3.63103e-06,5.03629e-06,17.827,54.0845,11.391,0.35023,32.6356,0.152751,13.7279,0.0146818,0.152751,3.27169,0.179097,3.44957,0.000488403,0.00639241,3.25685,0.00611006,0.021022,0.00363694,0.00674931,3.25685,0.0130453,3.07483,1.68736,0.000383579,0.0655846,0.000407337,0.00350366,0.000152751,0.00109056,0.0655846,4.12793,5.01834e-06,6.43599,0.167433
2084.5417,300.145,299.222,5.34906,0.16763,2.87652,0.0122859,0.00691766,0.00267359,0.00536826,0.00021582,0.000149344,0.00017455,1.72478e-05,0.0115318,0.0120972,0.0763417,0.212808,0.0169685,0.000832339,2.38529e-06,1.31727e-06,1.84012e-05,6.09391e-08,9.12945e-05,6.92303e-05,1.7824e-06,4.73717e-09,3.5968e-06,4.30971e-06,17.9906,54.1968,11.4614,0.331906,32.6125,0.152492,13.7046,0.0138109,0.152492,3.26175,0.181116,3.4493,0.000615756,0.00595511,3.25488,0.00609969,0.0209919,0.00363077,0.00672908,3.25488,0.0131691,3.07483,1.68733,0.0003604,0.0655222,0.000406646,0.00349866,0.000152492,0.00108725,0.0655222,3.38934,3.70256e-06,6.5292,0.166303
2084.6250,297.185,296.82,5.3387,0.101431,2.25601,0.00919358,0.0059078,0.00177432,0.00328578,0.000149706,0.000133465,0.000124642,7.87116e-06,0.0101135,0.0131865,0.0607924,0.192597,0.0121952,0.000836809,9.98127e-07,1.36711e-06,6.04443e-06,1.86115e-07,6.07293e-05,4.98191e-05,9.20746e-07,3.67658e-09,2.33724e-06,3.07396e-06,18.0916,54.2604,11.5119,0.319083,32.593,0.152238,13.6817,0.0130043,0.152238,3.25673,0.182626,3.44907,0.000894347,0.0056526,3.25318,0.0060895,0.0209621,0.0036247,0.00671891,3.25318,0.0132593,3.07483,1.6873,0.000344642,0.0654717,0.000405967,0.00349368,0.000152238,0.00108558,0.0654717,2.52956,2.36524e-06,6.57976,0.165242
2084.7083,288.861,289.649,4.34603,0.127872,1.15301,0.006111,0.00399476,0.00239247,0.00211624,8.96027e-05,7.88956e-05,7.26686e-05,2.7663e-06,0.00751304,0.00783191,0.0281429,0.161557,0.00748831,0.0106368,2.15636e-07,1.35364e-06,1.24785e-05,1.52844e-07,1.14471e-05,9.86482e-05,1.33541e-06,2.77279e-09,1.50522e-06,6.40274e-06,18.1039,54.3548,11.5171,0.404407,32.5871,0.125459,13.6589,0.0122451,0.125459,3.25935,0.182303,3.4502,0.000785356,0.00778631,3.2526,0.0050171,0.020932,0.00298713,0.00672445,3.2526,0.0132447,3.0749,1.68729,0.000459095,0.065459,0.000334427,0.00348867,0.000125459,0.00108645,0.065459,1.48699,1.56928e-06,6.58682,0.137704
2084.7917,283.875,284.916,0,0.176869,0,0,0.00171265,0.0036848,-0.00171265,0,0,0,0,0,0,0,0,0,0.000823066,0,1.28614e-06,4.94674e-09,2.43784e-08,-5.34203e-06,0,3.26789e-10,2.10963e-09,2.06457e-06,0,17.8183,54.5011,11.3891,0.788166,32.6327,0,13.6361,0.01153,0,3.26197,0.176109,3.45632,7.56122e-05,0.0171106,3.2563,0,0.0209017,0,0.00672988,3.2563,0.0129014,3.07524,1.68732,0.000973681,0.0655912,0,0.00348362,0,0.00108732,0.0655912,0.370944,1.28614e-06,6.42917,0.01153
2084.8750,277.403,278.545,0,0.235472,0,0,0.00138548,0.00327967,-0.00138548,0,0,0,0,0,0,0,0,0,0.000821691,0,1.20805e-06,2.86122e-06,2.37381e-08,1.00716e-05,0,1.34465e-07,1.86106e-09,2.78381e-06,0,17.7457,54.3468,11.3701,0.659641,32.6747,0,13.6133,0.0108568,0,3.26668,0.175815,3.45642,0.000233704,0.0138218,3.25981,0,0.0208711,0,0.00673953,3.25981,0.0128798,3.07524,1.68739,0.000798603,0.065707,0,0.00347852,0,0.00108889,0.065707,0.559083,1.20805e-06,6.37567,0.0108568
2084.9583,274.591,275.176,0,0.286634,0,0,0.0012223,0.00220469,-0.0012223,0,0,0,0,0,0,0,0,0,0.000820297,0,1.14333e-06,8.56633e-06,1.04574e-07,1.79578e-05,0,4.10584e-07,5.27116e-09,2.22468e-06,0,17.6791,54.2272,11.3508,0.577689,32.6952,0,13.5902,0.0102128,0,3.27526,0.175517,3.45637,0.000648818,0.0118321,3.26161,0,0.0208399,0,0.00675712,3.26161,0.012858,3.07524,1.68747,0.000687931,0.0657591,0,0.00347332,0,0.00109175,0.0657591,0.571574,1.14333e-06,6.32834,0.0102128
2085.0417,276.718,277.133,0,0.215573,0,0,0.00125446,0.00214304,-0.00125446,0,0,0,0,0,0,0,0,0,0.000818972,0,1.08711e-06,1.47166e-05,3.01489e-07,2.58157e-05,0,8.5366e-07,9.52018e-09,2.39767e-06,0,17.6159,54.1286,11.3324,0.523527,32.7051,0,13.5682,0.00963517,0,3.28405,0.175233,3.45613,0.00104638,0.0105247,3.26255,0,0.02081,0,0.00677506,3.26255,0.0128372,3.07524,1.68754,0.000614545,0.065782,0,0.00346833,0,0.00109468,0.065782,0.969924,1.08711e-06,6.28346,0.00963517
2085.1250,279.887,279.535,0,0.207354,0,0,0.00134179,0.00213568,-0.00134179,0,0,0,0,0,0,0,0,0,0.000817649,0,1.05194e-06,2.20788e-05,5.24249e-07,3.29737e-05,0,1.41383e-06,9.88608e-09,2.58352e-06,0,17.5533,54.0344,11.3141,0.47976,32.7096,0,13.5463,0.00909073,0,3.29179,0.17495,3.4557,0.00145609,0.00947712,3.26303,0,0.0207799,0,0.00679078,3.26303,0.0128165,3.07524,1.6876,0.000555359,0.0657894,0,0.00346332,0,0.00109727,0.0657894,0.95923,1.05194e-06,6.23914,0.00909073
2085.2083,286.195,285.507,0.129495,0.191197,0.0982977,0.000742546,0.00174636,0.00237216,-0.00100382,3.41896e-06,2.0029e-05,2.94162e-06,4.19279e-08,0.00062491,0.00819723,0.0047197,0.0985478,0.000852855,0.0008163,2.54053e-09,1.01998e-06,3.41166e-05,8.41008e-07,4.86609e-05,3.5688e-06,2.45668e-06,1.0746e-08,3.08765e-06,2.0486e-07,17.4823,53.9231,11.2954,0.43684,32.7087,0.00417867,13.5342,0.00880072,0.00417867,3.29523,0.174663,3.45494,0.0019294,0.00845494,3.26309,0.000167147,0.0207631,9.94921e-05,0.00679752,3.26309,0.0127954,3.07524,1.68769,0.000497128,0.0657805,1.11431e-05,0.00346052,4.17867e-06,0.00109841,0.0657805,1.2823,1.02252e-06,6.18691,0.0129794
2085.2917,290.794,289.716,4.26464,0.152034,1.99249,0.0118259,0.0046343,0.00220531,0.00719159,0.000111648,0.000157273,9.57757e-05,2.55289e-06,0.00637064,0.0158658,0.0404452,0.467004,0.0164673,0.000818265,2.0057e-07,1.03609e-06,2.65643e-05,8.58063e-07,5.65157e-05,6.84811e-05,2.7684e-06,9.43777e-09,3.03054e-06,4.16731e-06,17.5348,53.9355,11.3161,0.403727,32.7009,0.124158,13.8123,0.0150465,0.124158,3.29609,0.175432,3.45406,0.00159184,0.00766775,3.26257,0.00496633,0.0211494,0.00295615,0.00679929,3.26257,0.0128378,3.07524,1.68772,0.000453116,0.0657527,0.000331088,0.0035249,0.000124158,0.0010987,0.0657527,2.61847,1.23666e-06,6.21874,0.139205
2085.3750,297.205,295.903,5.32429,0.186451,2.83349,0.0141178,0.00649288,0.00275517,0.00762495,0.000232407,0.000164231,0.000191534,1.44408e-05,0.0116545,0.0118163,0.0684693,0.253458,0.0198967,0.000824433,1.67604e-06,1.1102e-06,2.02361e-05,1.29311e-07,8.15537e-05,8.1412e-05,1.78324e-06,5.77951e-09,3.83703e-06,5.06012e-06,17.7292,54.0827,11.3866,0.376081,32.6856,0.151883,13.8592,0.0157099,0.151883,3.29177,0.177498,3.45341,0.000718506,0.00700572,3.2614,0.00607533,0.0212172,0.00361627,0.00679089,3.2614,0.0129616,3.07524,1.68768,0.000416795,0.0657055,0.000405022,0.0035362,0.000151883,0.00109726,0.0657055,3.66866,2.78623e-06,6.34262,0.167593
2085.4583,299.969,298.757,5.31398,0.187783,3.08785,0.0145774,0.00725485,0.00285594,0.00732254,0.000317894,0.000162731,0.000254733,2.8198e-05,0.0152616,0.0122325,0.0804292,0.187211,0.0205904,0.000831411,3.78649e-06,1.20777e-06,1.46276e-05,4.30412e-08,9.21272e-05,8.3194e-05,1.34626e-06,4.51347e-09,3.92437e-06,5.24485e-06,17.9327,54.2316,11.4668,0.352417,32.6643,0.15163,13.8361,0.0147927,0.15163,3.28214,0.179756,3.45312,0.000488513,0.00643922,3.25967,0.00606518,0.0211877,0.00361023,0.00677142,3.25967,0.0131004,3.07524,1.68763,0.000386235,0.0656442,0.000404346,0.00353128,0.00015163,0.00109405,0.0656442,4.00792,4.99426e-06,6.46594,0.166422
2085.5417,300.456,299.277,5.30353,0.0967902,3.25237,0.011894,0.00676222,0.00201299,0.00513174,0.00025804,0.00014877,0.000209852,1.93791e-05,0.0145559,0.0123939,0.0758703,0.167595,0.0164092,0.000837715,2.66722e-06,1.29749e-06,8.03826e-06,9.28305e-08,6.70906e-05,6.62358e-05,9.38799e-07,3.7235e-09,2.70856e-06,4.1634e-06,18.0982,54.3467,11.5389,0.334002,32.6416,0.151372,13.8126,0.0139152,0.151372,3.27288,0.181803,3.45291,0.000605832,0.00600208,3.25775,0.00605489,0.0211574,0.0036041,0.00675258,3.25775,0.0132257,3.07524,1.68759,0.000363079,0.0655826,0.000403659,0.00352624,0.000151372,0.00109096,0.0655826,3.49163,3.96472e-06,6.55923,0.165288
2085.6250,295.649,295.559,5.29327,0.140325,2.00466,0.00959651,0.00577096,0.00185669,0.00382555,0.00022789,0.000133783,0.000186298,1.60272e-05,0.0143725,0.0123044,0.0565854,0.135342,0.0129912,0.0008422,1.8899e-06,1.34719e-06,8.17442e-06,7.92403e-08,6.13492e-05,5.21076e-05,1.01927e-06,2.96986e-09,2.43626e-06,3.28239e-06,18.203,54.428,11.5895,0.323324,32.6278,0.15112,13.7896,0.0131026,0.15112,3.27386,0.183267,3.4529,0.000573526,0.00574762,3.25655,0.00604478,0.0211274,0.00359808,0.00675481,3.25655,0.0133154,3.07524,1.68755,0.000349898,0.0655464,0.000402985,0.00352123,0.00015112,0.00109129,0.0655464,2.58938,3.23709e-06,6.6135,0.164222
2085.7083,289.287,289.787,4.30944,0.185793,0.77241,0.00566632,0.00403628,0.00279031,0.00163003,8.20469e-05,7.69368e-05,6.56139e-05,2.94314e-06,0.00712319,0.00827565,0.0255474,0.145034,0.00661057,0.0105702,2.3332e-07,1.33222e-06,1.54786e-05,6.79053e-08,1.80452e-05,9.54219e-05,1.26912e-06,2.19989e-09,1.88414e-06,6.19769e-06,18.212,54.511,11.5947,0.40537,32.6203,0.124538,13.7665,0.0123376,0.124538,3.27333,0.18293,3.45396,0.000643368,0.00779454,3.25584,0.00498032,0.021097,0.00296519,0.00675382,3.25584,0.0133006,3.07531,1.68754,0.00046,0.0655292,0.000331991,0.00351617,0.000124538,0.00109111,0.0655292,1.37111,1.56554e-06,6.61739,0.136876
2085.7917,283.749,284.714,0,0.197349,0,0,0.00168538,0.00399517,-0.00168538,0,0,0,0,0,0,0,0,0,0.000828494,0,1.27145e-06,8.74446e-08,2.95156e-08,-3.41311e-06,0,4.83864e-09,2.73424e-09,2.39007e-06,0,17.925,54.6397,11.4668,0.772587,32.6687,0,13.7435,0.0116171,0,3.27343,0.176758,3.46001,7.27859e-05,0.0166635,3.25976,0,0.0210665,0,0.00675405,3.25976,0.0129581,3.07564,1.68758,0.000952502,0.0656693,0,0.00351108,0,0.00109114,0.0656693,0.417886,1.27145e-06,6.45822,0.0116171
2085.8750,278.451,279.443,0,0.216397,0,0,0.0014474,0.00322214,-0.0014474,0,0,0,0,0,0,0,0,0,0.00082711,0,1.19387e-06,4.19218e-06,8.8826e-08,1.32362e-05,0,2.12239e-07,6.89881e-09,2.86045e-06,0,17.8501,54.4789,11.4477,0.64165,32.7096,0,13.7206,0.0109389,0,3.27746,0.176463,3.46009,0.000297545,0.0133526,3.26321,0,0.0210357,0,0.00676231,3.26321,0.0129365,3.07564,1.68767,0.000774251,0.0657809,0,0.00350595,0,0.00109249,0.0657809,0.575108,1.19387e-06,6.40248,0.0109389
2085.9583,274.375,274.991,0,0.263381,0,0,0.00119758,0.00215264,-0.00119758,0,0,0,0,0,0,0,0,0,0.000825706,0,1.13073e-06,1.04235e-05,1.99133e-07,1.99687e-05,0,5.30294e-07,9.94515e-09,2.24083e-06,0,17.7834,54.3638,11.4282,0.566733,32.7272,0,13.6973,0.01029,0,3.28652,0.176163,3.45998,0.000718921,0.0115443,3.26478,0,0.0210042,0,0.00678087,3.26478,0.0129145,3.07564,1.68774,0.000673193,0.0658249,0,0.0035007,0,0.00109551,0.0658249,0.636408,1.13073e-06,6.35514,0.01029
2086.0417,276.396,276.766,0,0.303021,0,0,0.00125525,0.00219112,-0.00125525,0,0,0,0,0,0,0,0,0,0.000824373,0,1.07822e-06,1.6779e-05,5.59684e-07,2.83216e-05,0,8.55566e-07,1.86235e-08,2.50782e-06,0,17.7201,54.2631,11.4098,0.512673,32.7359,0,13.6752,0.00970799,0,3.29445,0.175879,3.45969,0.00115669,0.0102437,3.26562,0,0.020974,0,0.00679703,3.26562,0.0128937,3.07564,1.68781,0.000599726,0.0658441,0,0.00349567,0,0.00109815,0.0658441,0.95161,1.07822e-06,6.31034,0.00970799
2086.1250,281.033,280.535,0,0.222588,0,0,0.00143403,0.00225025,-0.00143403,0,0,0,0,0,0,0,0,0,0.000823041,0,1.04209e-06,2.48956e-05,8.9379e-07,3.68463e-05,0,1.44491e-06,2.01184e-08,2.77391e-06,0,17.6577,54.1682,11.3913,0.469829,32.7392,0,13.6531,0.00915944,0,3.30147,0.175595,3.45918,0.00155264,0.0092222,3.266,0,0.0209437,0,0.00681125,3.266,0.0128728,3.07564,1.68788,0.000541647,0.0658479,0,0.00349062,0,0.00110049,0.0658479,0.917618,1.04209e-06,6.2664,0.00915944
2086.2083,287.825,287.077,0.760658,0.168739,0.465404,0.00301589,0.0023343,0.00234037,0.000681595,1.68235e-05,5.5695e-05,1.45242e-05,2.46197e-07,0.00157894,0.0117433,0.0143254,0.245351,0.00393671,0.000821884,1.74256e-08,1.00871e-06,3.62042e-05,1.31303e-06,5.16314e-05,1.6497e-05,3.10541e-06,1.71852e-08,3.09754e-06,9.79222e-07,17.5905,54.0584,11.3749,0.427962,32.7363,0.0235926,13.6898,0.0099851,0.0235926,3.30355,0.17537,3.45833,0.00200366,0.00822951,3.26591,0.000943705,0.0209946,0.000561729,0.0068152,3.26591,0.0128553,3.07564,1.68797,0.000484992,0.0658332,6.29137e-05,0.0034991,2.35926e-05,0.00110118,0.0658332,1.3197,1.02614e-06,6.21565,0.0335777
2086.2917,294.331,292.082,4.91824,0.102625,3.00048,0.0116043,0.0052861,0.00186855,0.0063182,0.000134719,0.000155079,0.000114974,3.80625e-06,0.00819355,0.0163429,0.0479707,0.354576,0.0160641,0.000825199,3.53814e-07,1.04288e-06,1.0946e-05,8.44671e-07,4.81228e-05,6.64552e-05,1.33184e-06,9.65724e-09,2.56615e-06,4.06284e-06,17.6857,54.117,11.4115,0.398562,32.7275,0.141609,13.9644,0.0160524,0.141609,3.30524,0.176542,3.45755,0.00137044,0.00753406,3.26529,0.00566436,0.0213767,0.00337165,0.00681889,3.26529,0.0129225,3.07564,1.68797,0.000446301,0.0658035,0.000377624,0.00356279,0.000141609,0.00110175,0.0658035,3.31096,1.39669e-06,6.27421,0.157662
2086.3750,297.669,296.482,5.26786,0.165695,2.84545,0.0148604,0.0068136,0.00251884,0.00804681,0.000356522,0.00016505,0.000289862,2.68716e-05,0.0168195,0.0104112,0.0709928,0.171197,0.0211923,0.00083126,3.28616e-06,1.13244e-06,1.46102e-05,1.49352e-07,7.36217e-05,8.52096e-05,1.57364e-06,5.18808e-09,3.50749e-06,5.39823e-06,17.8592,54.2566,11.4807,0.376345,32.7156,0.150493,13.9641,0.0156194,0.150493,3.3055,0.178512,3.45729,0.000571303,0.00700147,3.26438,0.00601973,0.0213791,0.00358317,0.00681995,3.26438,0.013042,3.07564,1.68791,0.000417078,0.0657663,0.000401315,0.00356318,0.000150493,0.00110183,0.0657663,3.59082,4.41859e-06,6.37849,0.166113
2086.4583,299.733,298.18,5.25768,0.1301,2.97499,0.0134248,0.00718153,0.00195972,0.00624325,0.000625566,0.000162198,0.000495709,6.272e-05,0.03334,0.0124636,0.0770016,0.0791842,0.0189223,0.000838254,8.06848e-06,1.22092e-06,3.61337e-06,3.74129e-08,5.8451e-05,7.17503e-05,5.11494e-07,3.41084e-09,2.66187e-06,4.80775e-06,18.0524,54.4091,11.5609,0.356578,32.6988,0.150242,13.9408,0.0147075,0.150242,3.30126,0.180674,3.45732,0.000268165,0.00652989,3.26303,0.00600968,0.0213493,0.00357719,0.00681159,3.26303,0.0131797,3.07564,1.68785,0.000391527,0.0657174,0.000400645,0.00355822,0.000150242,0.00110042,0.0657174,3.59283,9.2894e-06,6.49152,0.164949
2086.5417,299.943,298.704,5.24735,0.111241,3.13335,0.0116711,0.0067785,0.00194754,0.00489261,0.000408952,0.000147703,0.000322545,4.25218e-05,0.0232422,0.0138946,0.0735853,0.096309,0.0162148,0.000844296,5.70076e-06,1.30043e-06,4.10759e-06,2.53924e-08,6.26377e-05,6.32902e-05,5.18688e-07,2.48619e-09,2.62267e-06,4.11288e-06,18.2027,54.5267,11.6298,0.3422,32.6832,0.149987,13.9171,0.0138351,0.149987,3.29865,0.182511,3.45755,0.000314583,0.0061847,3.26173,0.00599948,0.0213187,0.00357112,0.00680648,3.26173,0.0132999,3.07564,1.68779,0.000372876,0.0656738,0.000399965,0.00355312,0.000149987,0.00109955,0.0656738,3.53204,7.00119e-06,6.57287,0.163822
2086.6250,297.376,296.615,5.23721,0.0799892,1.29345,0.00499572,0.00468237,0.00101144,0.000313348,0.000131162,0.000107894,0.000106613,9.96968e-06,0.0150209,0.0198483,0.0484573,0.0915831,0.00607958,0.000847035,1.17221e-06,1.31935e-06,8.33825e-07,4.79056e-08,2.77357e-05,2.39947e-05,1.75019e-07,2.04277e-09,1.29008e-06,1.49352e-06,18.238,54.5519,11.6596,0.334562,32.6743,0.149736,13.8939,0.0130271,0.149736,3.30514,0.183429,3.45771,0.000481335,0.00600814,3.26097,0.00598946,0.0212884,0.00356515,0.00682007,3.26097,0.0133563,3.07564,1.68777,0.000363641,0.0656498,0.000399297,0.00354806,0.000149736,0.00110171,0.0656498,1.55616,2.49156e-06,6.57833,0.162764
2086.7083,288.907,289.554,4.26428,0.134636,0.790748,0.00483938,0.00366928,0.00187831,0.0011701,0.000100914,7.61579e-05,7.24983e-05,4.21965e-06,0.0101701,0.0104384,0.0249063,0.0871653,0.00569063,0.0104845,3.44749e-07,1.2843e-06,3.74842e-06,4.65818e-08,4.54995e-06,9.01273e-05,6.02485e-07,1.66146e-09,1.23614e-06,5.88277e-06,18.1897,54.6015,11.6472,0.423714,32.6739,0.123398,13.8707,0.0122665,0.123398,3.31426,0.182634,3.45903,0.000456244,0.00818172,3.26092,0.00493451,0.0212577,0.00293805,0.006839,3.26092,0.0133128,3.07571,1.68776,0.000482167,0.0656496,0.000328954,0.00354296,0.000123398,0.00110475,0.0656496,1.32829,1.62905e-06,6.54248,0.135665
2086.7917,284.548,285.148,0,0.186447,0,0,0.00176154,0.00374315,-0.00176154,0,0,0,0,0,0,0,0,0,0.000831884,0,1.22624e-06,4.42243e-09,1.21101e-08,-5.01147e-06,0,2.6597e-10,1.27842e-09,2.22149e-06,0,17.8995,54.7446,11.5193,0.811589,32.7151,0,13.8475,0.0115502,0,3.31844,0.176468,3.46512,6.4393e-05,0.0174753,3.26427,0,0.0212269,0,0.00684763,3.26427,0.0129703,3.07604,1.68779,0.000999568,0.0657681,0,0.00353781,0,0.00110615,0.0657681,0.43584,1.22624e-06,6.38016,0.0115502
2086.8750,279.947,281.115,0,0.228525,0,0,0.00149129,0.00374307,-0.00149129,0,0,0,0,0,0,0,0,0,0.000830495,0,1.15054e-06,2.57989e-06,1.08929e-08,9.55844e-06,0,1.19912e-07,1.03874e-09,3.17753e-06,0,17.8216,54.5733,11.5001,0.670442,32.7603,0,13.8244,0.0108758,0,3.32098,0.176173,3.46522,0.00021752,0.0139058,3.26807,0,0.0211958,0,0.00685278,3.26807,0.0129487,3.07604,1.68788,0.000806539,0.0658916,0,0.00353263,0,0.00110699,0.0658916,0.471558,1.15054e-06,6.32159,0.0108758
2086.9583,277.552,278.201,0,0.249059,0,0,0.00134489,0.0027358,-0.00134489,0,0,0,0,0,0,0,0,0,0.000829085,0,1.08816e-06,1.01934e-05,8.13757e-08,2.37138e-05,0,4.66707e-07,5.64881e-09,2.86034e-06,0,17.7533,54.4406,11.4805,0.577989,32.7822,0,13.8009,0.0102307,0,3.3271,0.175874,3.46516,0.000673842,0.0116993,3.27005,0,0.021164,0,0.00686526,3.27005,0.0129267,3.07604,1.68797,0.000682423,0.065946,0,0.00352734,0,0.00110903,0.065946,0.686156,1.08816e-06,6.27274,0.0102307
2087.0417,279.082,279.336,0,0.223619,0,0,0.00134129,0.00234073,-0.00134129,0,0,0,0,0,0,0,0,0,0.000827746,0,1.03928e-06,2.01525e-05,4.95591e-07,3.1087e-05,0,1.15246e-06,2.4492e-08,2.72399e-06,0,17.6883,54.3295,11.462,0.517176,32.7912,0,13.7786,0.00965206,0,3.33281,0.17559,3.46482,0.00115286,0.0102621,3.27094,0,0.0211336,0,0.00687681,3.27094,0.0129058,3.07604,1.68805,0.000600605,0.0659642,0,0.00352226,0,0.00111094,0.0659642,0.786433,1.03928e-06,6.22632,0.00965206
2087.1250,282.185,282.001,0,0.215541,0,0,0.00146502,0.00228699,-0.00146502,0,0,0,0,0,0,0,0,0,0.000826409,0,1.00593e-06,2.84089e-05,6.29109e-07,4.00734e-05,0,1.77371e-06,1.79617e-08,2.87321e-06,0,17.6214,54.2231,11.4435,0.470981,32.7932,0,13.7564,0.00910667,0,3.33753,0.175307,3.46419,0.00156701,0.00918032,3.27125,0,0.021103,0,0.00688624,3.27125,0.012885,3.07604,1.68813,0.000538742,0.065963,0,0.00351716,0,0.00111251,0.065963,1.04841,1.00593e-06,6.1779,0.00910667
2087.2083,288.48,287.661,2.12286,0.191833,0.912254,0.00613786,0.00325656,0.00243351,0.0028813,3.84048e-05,0.000100147,3.31181e-05,6.40983e-07,0.00294481,0.0184202,0.0245042,0.43942,0.00859736,0.000826032,4.24404e-08,9.88211e-07,3.7478e-05,7.41087e-07,5.59731e-05,3.61897e-05,2.869e-06,1.40209e-08,3.27e-06,2.15353e-06,17.5799,54.1393,11.4361,0.431776,32.7884,0.063684,13.8937,0.0122159,0.063684,3.33916,0.175308,3.46324,0.00177279,0.00826314,3.27101,0.00254736,0.0212935,0.00151629,0.00688934,3.27101,0.0128807,3.07604,1.6882,0.000486723,0.0659426,0.000169824,0.00354892,6.3684e-05,0.00111305,0.0659426,1.83707,1.03065e-06,6.1438,0.0758999
2087.2917,291.288,290.581,5.07143,0.212376,1.72771,0.0127747,0.00538699,0.00251746,0.00738772,0.000174895,0.000157787,0.000147542,6.91896e-06,0.00933099,0.0132233,0.0438524,0.316469,0.0188812,0.000831396,5.80602e-07,1.03492e-06,2.05856e-05,3.39058e-07,6.94621e-05,7.82151e-05,1.59837e-06,1.34134e-08,3.49548e-06,4.79023e-06,17.7228,54.2365,11.4961,0.400227,32.7763,0.145621,14.077,0.0160843,0.145621,3.33714,0.17698,3.46243,0.000909555,0.00752226,3.27013,0.00582485,0.0215497,0.00346717,0.00688555,3.27013,0.0129781,3.07604,1.68818,0.00044567,0.0659029,0.000388323,0.00359162,0.000145621,0.00111238,0.0659029,2.83699,1.61552e-06,6.2267,0.161705
2087.3750,296.777,295.56,5.08631,0.203458,2.72385,0.0147242,0.00673759,0.00276952,0.00798665,0.000402841,0.000165085,0.000322297,3.63802e-05,0.0191397,0.0102532,0.067157,0.157703,0.0220248,0.000839014,4.12911e-06,1.10796e-06,1.12636e-05,1.06103e-07,8.46148e-05,8.83503e-05,8.84767e-07,1.57991e-08,3.83306e-06,5.60814e-06,17.9287,54.3908,11.5826,0.3737,32.758,0.145994,14.0551,0.0151788,0.145994,3.33036,0.179276,3.46214,0.000401919,0.00689537,3.26869,0.00583977,0.021522,0.00347605,0.00687199,3.26869,0.0131181,3.07604,1.68813,0.000411574,0.065848,0.000389318,0.003587,0.000145994,0.00111012,0.065848,3.75931,5.23707e-06,6.34616,0.161173
2087.4583,302.833,300.437,5.07652,0.104112,3.96245,0.0127074,0.00732858,0.0020772,0.00537879,0.000471991,0.000160592,0.000373963,4.7187e-05,0.0266521,0.0141551,0.0848468,0.10509,0.0185195,0.000846393,6.67589e-06,1.22467e-06,4.90848e-06,1.1138e-07,6.46276e-05,7.23236e-05,6.23924e-07,1.04131e-08,2.8046e-06,4.69624e-06,18.1077,54.5227,11.6662,0.353322,32.7383,0.14575,14.0316,0.0142926,0.14575,3.32333,0.181475,3.46216,0.000334217,0.00641555,3.26708,0.00583002,0.0214918,0.00347025,0.00685777,3.26708,0.0132563,3.07604,1.68808,0.000385899,0.0657922,0.000388668,0.00358197,0.00014575,0.00110778,0.0657922,4.42965,7.90055e-06,6.44142,0.160043
2087.5417,300.424,299.609,5.06659,0.186735,2.64304,0.0123874,0.00693893,0.00274996,0.00544844,0.000294844,0.000149682,0.000234838,2.78448e-05,0.015381,0.0104208,0.0774457,0.169104,0.0180388,0.000852612,3.94134e-06,1.32141e-06,1.49748e-05,4.80325e-08,9.28212e-05,7.2918e-05,1.45777e-06,5.11479e-09,3.6774e-06,4.58246e-06,18.2422,54.6163,11.7362,0.337483,32.7193,0.145503,14.0078,0.0134448,0.145503,3.31734,0.183369,3.4622,0.000482802,0.00603936,3.26546,0.00582012,0.0214608,0.00346436,0.00684562,3.26546,0.0133755,3.07604,1.68803,0.000365893,0.0657407,0.000388008,0.0035768,0.000145503,0.00110578,0.0657407,3.61433,5.26274e-06,6.50595,0.158948
2087.6250,296.286,296.243,5.05684,0.162048,1.92132,0.00966916,0.00571626,0.00228733,0.00395289,0.000146397,0.000133621,0.000121106,8.56775e-06,0.00918779,0.0131972,0.0594121,0.225411,0.013662,0.000857766,1.05684e-06,1.37085e-06,2.03619e-05,8.00007e-08,7.98751e-05,5.63565e-05,2.19317e-06,3.26604e-09,3.00337e-06,3.45192e-06,18.3582,54.6856,11.7938,0.323133,32.6965,0.14526,13.9844,0.0126596,0.14526,3.30776,0.185046,3.46183,0.000790675,0.00570177,3.26346,0.0058104,0.0214301,0.00345857,0.00682591,3.26346,0.0134759,3.07604,1.68801,0.000348039,0.0656816,0.00038736,0.00357168,0.00014526,0.00110259,0.0656816,2.52678,2.4277e-06,6.56443,0.15792
2087.7083,289.317,290.055,4.11892,0.166064,0.871512,0.00575799,0.00393822,0.00279122,0.00181978,6.9018e-05,7.91425e-05,5.59098e-05,2.33314e-06,0.00638587,0.00846341,0.0305988,0.21209,0.00722145,0.010209,1.92892e-07,1.35757e-06,1.94044e-05,7.86529e-08,2.04603e-05,9.51322e-05,1.91047e-06,2.40678e-09,1.8844e-06,6.14501e-06,18.3735,54.7633,11.8027,0.40035,32.6856,0.119709,13.961,0.0119205,0.119709,3.30391,0.184864,3.46258,0.000809129,0.00764926,3.26244,0.00478716,0.0213991,0.00285022,0.00681797,3.26244,0.0134686,3.07611,1.688,0.000451937,0.0656567,0.000319113,0.00356651,0.000119709,0.0011013,0.0656567,1.28706,1.55046e-06,6.57082,0.13163
2087.7917,281.751,282.974,0,0.198078,0,0,0.00150473,0.00367497,-0.00150473,0,0,0,0,0,0,0,0,0,0.000844963,0,1.29158e-06,1.66854e-07,2.49416e-08,-4.53578e-06,0,1.03037e-08,1.98421e-09,2.09728e-06,0,18.0997,54.8935,11.6792,0.755628,32.7325,0,13.9377,0.0112243,0,3.30567,0.178944,3.4684,8.49857e-05,0.0163162,3.26623,0,0.0213678,0,0.00682153,3.26623,0.0131398,3.07643,1.68804,0.000929577,0.0657925,0,0.00356131,0,0.00110189,0.0657925,0.565391,1.29158e-06,6.42058,0.0112243
2087.8750,273.614,275.116,0,0.193704,0,0,0.00112183,0.00228323,-0.00112183,0,0,0,0,0,0,0,0,0,0.000843553,0,1.21273e-06,2.38904e-06,3.74973e-08,9.01823e-06,0,1.30088e-07,2.46117e-09,1.93015e-06,0,18.0332,54.7584,11.6597,0.643674,32.7688,0,13.9145,0.010569,0,3.31273,0.178645,3.46849,0.000283236,0.0134546,3.26927,0,0.0213364,0,0.00683597,3.26927,0.0131178,3.07643,1.68811,0.000777919,0.0658929,0,0.00355607,0,0.00110424,0.0658929,0.404424,1.21273e-06,6.3735,0.010569
2087.9583,275.946,276.205,0,0.352782,0,0,0.00122947,0.00251016,-0.00122947,0,0,0,0,0,0,0,0,0,0.000842121,0,1.13616e-06,9.21694e-06,9.43091e-08,1.97205e-05,0,4.57451e-07,4.15491e-09,2.53056e-06,0,17.9683,54.6542,11.6399,0.575762,32.7862,0,13.8908,0.00994209,0,3.32387,0.178342,3.46845,0.000666284,0.0117889,3.27079,0,0.0213042,0,0.00685878,3.27079,0.0130956,3.07643,1.68817,0.000685642,0.0659378,0,0.00355071,0,0.00110796,0.0659378,0.555802,1.13616e-06,6.32845,0.00994209
2088.0417,274.725,275.294,0,0.261222,0,0,0.00109917,0.00211263,-0.00109917,0,0,0,0,0,0,0,0,0,0.000840761,0,1.08142e-06,1.49026e-05,3.13848e-07,2.55266e-05,0,7.87047e-07,9.03062e-09,2.35509e-06,0,17.9088,54.558,11.6211,0.52,32.7966,0,13.8684,0.00937978,0,3.33267,0.178054,3.46821,0.00109123,0.0104363,3.27175,0,0.0212735,0,0.00687667,3.27175,0.0130744,3.07643,1.68824,0.000609679,0.0659623,0,0.00354558,0,0.00111089,0.0659623,0.750307,1.08142e-06,6.28769,0.00937978
2088.1250,280.907,280.441,0,0.223915,0,0,0.00138297,0.00227051,-0.00138297,0,0,0,0,0,0,0,0,0,0.000839403,0,1.04604e-06,2.38346e-05,8.1896e-07,3.60447e-05,0,1.41492e-06,1.63092e-08,2.73916e-06,0,17.8463,54.4607,11.6023,0.473552,32.8013,0,13.846,0.00884977,0,3.33957,0.177767,3.46775,0.00152388,0.00931732,3.27225,0,0.0212426,0,0.00689057,3.27225,0.0130533,3.07643,1.68831,0.000546286,0.0659705,0,0.00354043,0,0.00111319,0.0659705,1.1555,1.04604e-06,6.24398,0.00884977
2088.2083,287.707,286.626,0.0502466,0.19178,0.0509418,0.000344283,0.00173769,0.00246024,-0.00139341,1.40888e-06,1.05672e-05,1.20241e-06,2.19427e-08,0.00035831,0.00586634,0.00360478,0.0541545,0.000348429,0.000838004,1.71351e-09,1.02382e-06,3.67446e-05,1.22506e-06,5.29253e-05,1.45176e-06,2.68755e-06,1.66305e-08,3.20604e-06,8.16277e-08,17.7745,54.3474,11.583,0.430968,32.7996,0.00163892,13.8268,0.00842231,0.00163892,3.34239,0.177471,3.46692,0.00201915,0.00829793,3.27223,6.5557e-05,0.0212158,3.9022e-05,0.00689597,3.27223,0.0130316,3.07643,1.6884,0.000488519,0.0659597,4.37046e-06,0.00353597,1.63892e-06,0.00111413,0.0659597,1.37169,1.02553e-06,6.19155,0.0100612
2088.2917,292.479,291.364,4.46378,0.149675,2.42963,0.012276,0.00468664,0.00231217,0.00758934,0.000102353,0.000157988,8.76484e-05,2.50348e-06,0.00559548,0.0142153,0.0476556,0.515029,0.0167962,0.000839295,2.22528e-07,1.04679e-06,3.16382e-05,1.14684e-06,6.17245e-05,6.98321e-05,3.53467e-06,1.24461e-08,3.17022e-06,4.25377e-06,17.82,54.3487,11.5957,0.397508,32.7899,0.128631,14.1044,0.0146998,0.128631,3.3413,0.178172,3.46583,0.0017208,0.00749737,3.27154,0.00514523,0.021601,0.00306263,0.0068936,3.27154,0.01307,3.07643,1.68844,0.00044407,0.0659272,0.000343015,0.00360017,0.000128631,0.00111377,0.0659272,3.05865,1.26932e-06,6.22433,0.14333
2088.3750,297.247,295.758,5.98138,0.148092,3.26178,0.0150928,0.00650809,0.00235671,0.00858467,0.000324966,0.000165361,0.000266678,2.16498e-05,0.0151718,0.00980512,0.0676464,0.199686,0.0209707,0.000844777,2.53448e-06,1.13523e-06,1.36701e-05,2.36316e-07,6.97703e-05,8.45191e-05,1.70778e-06,6.46731e-09,3.25445e-06,5.34141e-06,18.0401,54.5269,11.6584,0.37308,32.7752,0.167793,14.174,0.0158971,0.167793,3.3385,0.180332,3.46523,0.000695133,0.00691153,3.2704,0.0067117,0.0217002,0.00399506,0.00688829,3.2704,0.0132004,3.07643,1.68838,0.00041217,0.0658827,0.000447447,0.0036167,0.000167793,0.00111283,0.0658827,3.91033,3.66972e-06,6.38168,0.18369
2088.4583,301.287,299.088,5.96963,0.0850037,3.48302,0.0116126,0.00676234,0.00155868,0.00485027,0.000522888,0.000153765,0.000415478,5.11394e-05,0.0322676,0.0167429,0.0766804,0.0737423,0.0156387,0.000850347,6.73961e-06,1.24629e-06,1.86078e-06,5.30664e-08,4.57074e-05,5.91465e-05,2.87517e-07,4.05969e-09,2.10034e-06,3.95684e-06,18.2281,54.6835,11.7222,0.356437,32.7611,0.167512,14.1504,0.014969,0.167512,3.33795,0.182351,3.46528,0.000274419,0.006515,3.26925,0.0067005,0.02167,0.00398839,0.00688756,3.26925,0.0133289,3.07643,1.68831,0.000390933,0.0658419,0.0004467,0.00361167,0.000167512,0.00111265,0.0658419,3.80628,7.9859e-06,6.50587,0.182481
2088.5417,299.722,298.981,5.95771,0.179291,2.68608,0.0125552,0.00689055,0.00255759,0.00566468,0.000291799,0.000149796,0.000232093,2.7946e-05,0.0156472,0.011523,0.0753709,0.158192,0.0170452,0.000854583,3.91823e-06,1.32312e-06,1.26932e-05,2.29779e-08,8.37226e-05,6.83408e-05,1.3122e-06,2.6188e-09,3.44174e-06,4.32999e-06,18.3424,54.7675,11.7701,0.3427,32.7462,0.167228,14.1263,0.014081,0.167228,3.33622,0.183878,3.46539,0.000442125,0.00618073,3.26801,0.00668912,0.021639,0.00398162,0.0068843,3.26801,0.0134266,3.07643,1.68827,0.000372991,0.0658007,0.000445942,0.00360649,0.000167228,0.00111207,0.0658007,3.63913,5.24135e-06,6.57235,0.181309
2088.6250,294.918,294.733,5.946,0.120942,2.20633,0.00992347,0.00568363,0.00183619,0.00423984,0.000197177,0.000134154,0.000162941,1.1814e-05,0.0121705,0.0122508,0.0536041,0.155975,0.013142,0.000858872,1.31072e-06,1.3722e-06,6.2745e-06,6.41164e-08,6.11589e-05,5.30706e-05,9.70376e-07,2.01296e-09,2.4207e-06,3.3223e-06,18.4741,54.8618,11.8186,0.329395,32.7272,0.166949,14.1028,0.0132587,0.166949,3.33119,0.185476,3.46525,0.000668811,0.00586283,3.26637,0.00667795,0.0216082,0.00397497,0.00687408,3.26637,0.0135238,3.07643,1.68824,0.000356299,0.0657506,0.000445197,0.00360136,0.000166949,0.0011104,0.0657506,2.60124,2.68292e-06,6.65549,0.180208
2088.7083,288.848,289.534,4.83461,0.168865,1.00687,0.00624173,0.00407813,0.00267455,0.0021636,9.04484e-05,7.61058e-05,7.09852e-05,3.39413e-06,0.00720327,0.00741706,0.0269434,0.150795,0.0072788,0.0116054,2.8324e-07,1.36463e-06,1.54971e-05,4.53999e-08,1.89087e-05,0.000105009,1.48033e-06,1.59756e-09,1.83086e-06,6.83141e-06,18.4916,54.9662,11.8192,0.42332,32.7198,0.137583,14.0792,0.0124846,0.137583,3.33148,0.185061,3.46644,0.000619231,0.00820186,3.26568,0.00550226,0.0215771,0.00327579,0.00687474,3.26568,0.0135051,3.07651,1.68823,0.00048234,0.0657338,0.00036678,0.00359618,0.000137583,0.00111049,0.0657338,1.54515,1.64787e-06,6.67243,0.150068
2088.7917,284.736,285.277,0,0.18977,0,0,0.00183778,0.00397149,-0.00183778,0,0,0,0,0,0,0,0,0,0.000843215,0,1.29997e-06,1.23514e-08,1.1656e-08,-4.94865e-06,0,9.1255e-10,1.28825e-09,2.26143e-06,0,18.1832,55.1332,11.6777,0.850466,32.7664,0,14.0557,0.0117555,0,3.33305,0.178251,3.47318,5.99822e-05,0.0185436,3.26945,0,0.0215458,0,0.00687799,3.26945,0.0131276,3.07688,1.68826,0.00105543,0.0658688,0,0.00359096,0,0.00111102,0.0658688,0.388108,1.29997e-06,6.50554,0.0117555
2088.8750,279.11,280.295,0,0.227208,0,0,0.00143937,0.00370258,-0.00143937,0,0,0,0,0,0,0,0,0,0.000841807,0,1.21961e-06,2.35071e-06,1.22399e-08,8.01936e-06,0,1.14733e-07,1.24598e-09,3.09582e-06,0,18.1056,54.9599,11.6582,0.703747,32.8145,0,14.0322,0.0110692,0,3.33617,0.177953,3.47329,0.000182383,0.0147895,3.27348,0,0.0215142,0,0.00688433,3.27348,0.0131057,3.07688,1.68835,0.000855139,0.0660007,0,0.00358571,0,0.00111206,0.0660007,0.555979,1.21961e-06,6.44737,0.0110692
2088.9583,275.443,276.304,0,0.229014,0,0,0.00105736,0.00266526,-0.00105736,0,0,0,0,0,0,0,0,0,0.000840379,0,1.14367e-06,8.73508e-06,7.86475e-08,1.88054e-05,0,4.10803e-07,5.34412e-09,2.70195e-06,0,18.0404,54.8312,11.6384,0.608586,32.8387,0,14.0084,0.0104126,0,3.34356,0.177651,3.47325,0.00058019,0.0124852,3.27563,0,0.021482,0,0.00689943,3.27563,0.0130834,3.07688,1.68844,0.000726204,0.0660616,0,0.00358033,0,0.00111452,0.0660616,0.316778,1.14367e-06,6.40198,0.0104126
2089.0417,275.896,276.507,0,0.258494,0,0,0.00117189,0.00237194,-0.00117189,0,0,0,0,0,0,0,0,0,0.000839021,0,1.07218e-06,1.47316e-05,5.5403e-07,2.71712e-05,0,6.79421e-07,2.69968e-08,2.67593e-06,0,17.9814,54.7275,11.6196,0.544836,32.8504,0,13.9858,0.00982365,0,3.35084,0.177364,3.47301,0.00102646,0.0109568,3.27675,0,0.0214511,0,0.00691422,3.27675,0.0130623,3.07688,1.68852,0.000639711,0.0660877,0,0.00357518,0,0.00111695,0.0660877,0.289522,1.07218e-06,6.36181,0.00982365
2089.1250,282.512,281.981,0,0.199235,0,0,0.00150213,0.00239321,-0.00150213,0,0,0,0,0,0,0,0,0,0.000837666,0,1.02176e-06,2.55115e-05,9.90469e-07,3.6688e-05,0,1.62956e-06,3.06104e-08,2.93007e-06,0,17.9166,54.624,11.6008,0.495148,32.8552,0,13.9632,0.00926857,0,3.35704,0.177078,3.47252,0.00144574,0.00977449,3.2773,0,0.0214201,0,0.00692672,3.2773,0.0130412,3.07688,1.68859,0.00057251,0.0660942,0,0.00357001,0,0.00111901,0.0660942,0.981635,1.02176e-06,6.31574,0.00926857
2089.2083,288.381,287.525,1.16157,0.199957,0.682136,0.00388207,0.00265162,0.00259466,0.00123046,2.01476e-05,7.10358e-05,1.73471e-05,3.43737e-07,0.00187324,0.013695,0.0182597,0.332322,0.00504832,0.000836689,2.55885e-08,1.00047e-06,3.64686e-05,9.57684e-07,5.39631e-05,2.11651e-05,2.4901e-06,1.83655e-08,3.42503e-06,1.25524e-06,17.8561,54.5162,11.5865,0.448178,32.8534,0.0355815,14.0286,0.0107522,0.0355815,3.35858,0.176916,3.47162,0.00178816,0.00866619,3.27732,0.00142326,0.0215108,0.000847179,0.00692955,3.27732,0.0130273,3.07688,1.68868,0.000509186,0.0660807,9.48841e-05,0.00358513,3.55815e-05,0.00111953,0.0660807,1.80156,1.02606e-06,6.26962,0.0463337
2089.2917,291.773,291.095,4.94372,0.207569,1.98066,0.0131982,0.00532169,0.00261674,0.00787655,0.000137102,0.000158285,0.000116145,4.83884e-06,0.00693414,0.0132997,0.0461389,0.430561,0.0186804,0.00084036,4.19524e-07,1.03987e-06,2.6842e-05,5.95936e-07,6.89333e-05,7.75362e-05,2.07613e-06,1.80654e-08,3.62468e-06,4.74195e-06,17.9636,54.5729,11.6272,0.410974,32.8425,0.142371,14.2716,0.0160635,0.142371,3.35579,0.178216,3.47068,0.00117457,0.00778747,3.27658,0.00569485,0.0218492,0.00338979,0.00692403,3.27658,0.0131018,3.07688,1.68869,0.000460097,0.0660429,0.000379656,0.00364153,0.000142371,0.0011186,0.0660429,2.96741,1.45939e-06,6.33639,0.158435
2089.3750,297.486,296.02,5.11135,0.154016,3.16707,0.0147902,0.00679554,0.00251516,0.00799468,0.000456721,0.000165206,0.00036504,4.18103e-05,0.0216506,0.00997954,0.0690038,0.135139,0.0211834,0.000847318,4.94204e-06,1.1247e-06,1.06497e-05,1.5401e-07,7.32931e-05,8.37079e-05,1.20671e-06,1.2304e-08,3.49125e-06,5.39243e-06,18.1797,54.742,11.707,0.383845,32.8268,0.146617,14.2589,0.0153703,0.146617,3.35163,0.180465,3.47031,0.000397717,0.0071434,3.27539,0.00586469,0.0218343,0.00349088,0.00691589,3.27539,0.0132395,3.07687,1.68864,0.000424935,0.0659942,0.000390979,0.00363905,0.000146617,0.00111721,0.0659942,3.81449,6.06674e-06,6.47275,0.161987
2089.4583,299.945,298.191,5.10151,0.120735,3.44137,0.0138401,0.00705136,0.00231789,0.00678873,0.000487383,0.000163657,0.000384527,5.05044e-05,0.0250862,0.0124153,0.0777808,0.108786,0.0196692,0.000854503,6.49238e-06,1.22555e-06,6.17979e-06,4.56414e-08,7.37081e-05,7.68478e-05,5.94369e-07,5.89333e-09,3.18932e-06,4.99923e-06,18.3835,54.8982,11.7894,0.362083,32.8076,0.146372,14.2351,0.0144729,0.146372,3.34497,0.182692,3.47037,0.000309683,0.00662582,3.27384,0.00585489,0.0218037,0.00348506,0.00690244,3.27384,0.0133818,3.07687,1.68858,0.00039705,0.0659385,0.000390326,0.00363395,0.000146372,0.00111499,0.0659385,3.94367,7.71793e-06,6.59414,0.160845
2089.5417,301.525,300,5.09152,0.16299,2.27275,0.0107531,0.0069251,0.00242024,0.00382796,0.000282434,0.000145877,0.000225368,2.63144e-05,0.018172,0.0159248,0.0774493,0.15863,0.0147296,0.000859792,3.69321e-06,1.306e-06,1.20733e-05,4.36971e-08,7.81943e-05,5.87143e-05,1.11974e-06,3.64364e-09,3.25068e-06,3.72337e-06,18.5024,54.9837,11.8493,0.34658,32.7913,0.146124,14.2109,0.0136144,0.146124,3.34345,0.184366,3.47046,0.000473624,0.00625745,3.27247,0.00584496,0.0217722,0.00347914,0.00689953,3.27247,0.0134875,3.07687,1.68854,0.000377747,0.0658934,0.000389664,0.00362871,0.000146124,0.00111448,0.0658934,3.12368,4.99921e-06,6.65312,0.159738
2089.6250,296.765,296.653,5.08172,0.166263,2.20578,0.00970583,0.00583234,0.00244895,0.00387349,0.000112427,0.000133399,9.35356e-05,5.94154e-06,0.00700583,0.0118116,0.0603797,0.281868,0.0132047,0.000864199,7.44206e-07,1.34505e-06,2.50155e-05,5.85839e-08,8.461e-05,5.46352e-05,2.44173e-06,2.52006e-09,3.25221e-06,3.33612e-06,18.6018,55.0337,11.8988,0.330434,32.768,0.14588,14.1872,0.0128193,0.14588,3.33336,0.185857,3.47,0.000931687,0.00587147,3.27046,0.0058352,0.021741,0.00347333,0.00687878,3.27046,0.0135764,3.07688,1.68853,0.000357286,0.065832,0.000389013,0.0036235,0.00014588,0.00111112,0.065832,2.6879,2.08926e-06,6.70302,0.158699
2089.7083,290.243,290.728,4.13897,0.185965,1.03819,0.00603168,0.00414199,0.00307683,0.00188969,6.09859e-05,7.92197e-05,4.97913e-05,1.95923e-06,0.00547957,0.0084977,0.0316018,0.243774,0.00731422,0.0102551,1.61493e-07,1.33979e-06,2.37956e-05,6.657e-08,2.11525e-05,9.58814e-05,1.98918e-06,2.14039e-09,2.09453e-06,6.19685e-06,18.6169,55.1074,11.9062,0.405542,32.7565,0.12022,14.1635,0.0120709,0.12022,3.32843,0.185646,3.47058,0.000896957,0.00776679,3.2694,0.00480739,0.0217096,0.00286238,0.00686859,3.2694,0.013567,3.07694,1.68854,0.000458214,0.0658048,0.000320453,0.00361826,0.00012022,0.00110948,0.0658048,1.56034,1.50129e-06,6.7107,0.132291
2089.7917,284.122,285.198,0,0.204639,0,0,0.00176827,0.00416972,-0.00176827,0,0,0,0,0,0,0,0,0,0.000851212,0,1.28396e-06,4.55709e-07,3.12181e-08,-2.14822e-06,0,2.22523e-08,2.30061e-09,2.5692e-06,0,18.3384,55.2204,11.7828,0.744851,32.8092,0,14.1399,0.0113659,0,3.32794,0.179721,3.47638,9.93104e-05,0.0160153,3.27368,0,0.0216779,0,0.0068675,3.27368,0.0132381,3.07726,1.68858,0.00091235,0.0659562,0,0.00361298,0,0.00110931,0.0659562,0.621727,1.28396e-06,6.55554,0.0113659
2089.8750,276.021,277.164,0,0.260924,0,0,0.00131178,0.00297492,-0.00131178,0,0,0,0,0,0,0,0,0,0.00084979,0,1.21423e-06,5.46668e-06,1.93044e-07,1.63743e-05,0,2.54861e-07,1.21443e-08,2.73716e-06,0,18.2665,55.0679,11.7632,0.622123,32.8463,0,14.1163,0.0107024,0,3.33295,0.179421,3.47644,0.000403635,0.0129113,3.27683,0,0.021646,0,0.00687771,3.27683,0.013216,3.07726,1.68866,0.000745842,0.0660569,0,0.00360766,0,0.00111098,0.0660569,0.541286,1.21423e-06,6.50329,0.0107024
2089.9583,275.674,276.572,0,0.319977,0,0,0.00121116,0.00235796,-0.00121116,0,0,0,0,0,0,0,0,0,0.000848348,0,1.14242e-06,1.31572e-05,4.64142e-07,2.51859e-05,0,6.89335e-07,2.08161e-08,2.51265e-06,0,18.1977,54.9475,11.7432,0.546423,32.8626,0,14.0923,0.0100675,0,3.34078,0.179116,3.47627,0.000897581,0.0110683,3.27829,0,0.0216134,0,0.00689364,3.27829,0.0131936,3.07726,1.68875,0.000643111,0.0660968,0,0.00360223,0,0.00111359,0.0660968,0.589571,1.14242e-06,6.45451,0.0100675
2090.0417,279.817,279.757,0,0.245431,0,0,0.00144383,0.00234206,-0.00144383,0,0,0,0,0,0,0,0,0,0.000846978,0,1.08694e-06,2.18104e-05,7.52235e-07,3.37011e-05,0,1.24978e-06,2.26118e-08,2.74095e-06,0,18.1341,54.8477,11.7242,0.495737,32.8693,0,14.0695,0.00949811,0,3.34852,0.178827,3.47587,0.00132402,0.00984419,3.27896,0,0.0215821,0,0.00690934,3.27896,0.0131723,3.07726,1.68882,0.00057459,0.0661106,0,0.00359702,0,0.00111617,0.0661106,0.751712,1.08694e-06,6.40986,0.00949811
2090.1250,280.918,280.864,0,0.228375,0,0,0.00141581,0.00217336,-0.00141581,0,0,0,0,0,0,0,0,0,0.00084561,0,1.04661e-06,2.88563e-05,1.05326e-06,4.15127e-05,0,1.73006e-06,2.20509e-08,2.74342e-06,0,18.0666,54.7436,11.7053,0.452858,32.8704,0,14.0468,0.00896142,0,3.35379,0.178538,3.4752,0.00175781,0.00881754,3.27917,0,0.0215508,0,0.00691987,3.27917,0.013151,3.07726,1.68889,0.000516756,0.066108,0,0.00359179,0,0.00111793,0.066108,0.976776,1.04661e-06,6.36128,0.00896142
2090.2083,287.96,287.233,1.68509,0.176721,0.855078,0.00536896,0.00287767,0.00229324,0.00249129,3.02571e-05,8.43122e-05,2.61633e-05,4.16935e-07,0.00221447,0.0145289,0.0211659,0.385305,0.00715546,0.00084481,2.72564e-08,1.02619e-06,3.8298e-05,1.3073e-06,5.55534e-05,2.99372e-05,3.29262e-06,1.79999e-08,3.07654e-06,1.79535e-06,18.0159,54.6534,11.693,0.416973,32.8647,0.05082,14.1505,0.0113329,0.05082,3.35587,0.178444,3.4742,0.00205555,0.007958,3.27882,0.0020328,0.0216944,0.00121,0.00692382,3.27882,0.0131411,3.07726,1.68897,0.000468822,0.0660864,0.00013552,0.00361574,5.082e-05,0.00111862,0.0660864,1.78901,1.05345e-06,6.32282,0.0621529
2090.2917,295.075,293.295,5.30039,0.116444,3.15655,0.0128071,0.00570079,0.00207694,0.00710636,0.000157397,0.00015868,0.000133402,5.5211e-06,0.00851786,0.0136099,0.0548748,0.349196,0.0176988,0.000848856,5.40422e-07,1.07918e-06,1.79365e-05,6.34813e-07,5.87439e-05,7.29546e-05,1.78901e-06,1.00061e-08,2.87258e-06,4.48691e-06,18.1493,54.7471,11.7385,0.389448,32.8528,0.151276,14.3783,0.0162646,0.151276,3.35562,0.179935,3.4733,0.00121814,0.0073,3.27792,0.00605105,0.0220121,0.00360182,0.00692359,3.27792,0.0132279,3.07726,1.68896,0.00043291,0.0660488,0.000403403,0.00366868,0.000151276,0.00111854,0.0660488,3.57481,1.6196e-06,6.41084,0.167541
2090.3750,303.203,299.465,5.37523,0.0650255,2.84594,0.00836052,0.00608032,0.00133729,0.0022802,0.000225057,0.000118604,0.000184459,1.53279e-05,0.0154222,0.0178449,0.0561255,0.101792,0.0109875,0.000853861,1.8314e-06,1.16419e-06,1.28277e-06,2.03034e-07,3.62575e-05,4.35105e-05,2.40027e-07,5.70655e-09,1.81973e-06,2.76792e-06,18.2944,54.8711,11.7953,0.37287,32.843,0.153135,14.3596,0.0154303,0.153135,3.36091,0.18166,3.47323,0.000564785,0.00690649,3.27716,0.00612539,0.0219888,0.00364607,0.00693499,3.27716,0.0133328,3.07726,1.6889,0.000412078,0.0660193,0.00040836,0.00366481,0.000153135,0.0011203,0.0660193,3.00814,2.9956e-06,6.49907,0.168565
2090.4583,301.978,300.482,5.36481,0.12629,2.64013,0.010419,0.00630261,0.00184819,0.00411638,0.000222183,0.000146133,0.000180366,1.70662e-05,0.014623,0.0199478,0.0800112,0.163262,0.0139361,0.000856039,2.4443e-06,1.21177e-06,7.21411e-06,1.156e-07,5.35024e-05,5.60815e-05,9.96909e-07,3.54798e-09,2.51171e-06,3.5152e-06,18.3062,54.8715,11.8185,0.361573,32.8355,0.152879,14.3356,0.0145294,0.152879,3.36816,0.182476,3.47326,0.000632017,0.00663101,3.27657,0.00611517,0.021958,0.00363998,0.0069503,3.27657,0.0133806,3.07726,1.68888,0.000397353,0.0659969,0.000407678,0.00365966,0.000152879,0.00112272,0.0659969,3.45658,3.65607e-06,6.48772,0.167409
2090.5417,303.627,301.493,5.35425,0.0709955,2.12126,0.00633976,0.00573016,0.00138903,0.000609597,0.000150781,0.000100778,0.000121239,1.29567e-05,0.0116773,0.0200983,0.0571762,0.105251,0.00799658,0.000860334,1.8349e-06,1.28246e-06,2.27555e-06,7.03913e-08,4.15104e-05,3.18421e-05,3.2522e-07,2.52145e-09,1.85216e-06,2.00172e-06,18.4054,54.9437,11.8668,0.349045,32.8217,0.15262,14.3113,0.0136675,0.15262,3.36766,0.183948,3.47324,0.000587748,0.0063265,3.27543,0.00610479,0.0219263,0.0036338,0.0069495,3.27543,0.0134703,3.07726,1.68885,0.000380718,0.0659579,0.000406986,0.00365438,0.00015262,0.00112255,0.0659579,2.31119,3.11736e-06,6.53851,0.166287
2090.6250,297.176,296.867,5.34387,0.0818144,1.17393,0.00468914,0.00438006,0.00118922,0.000309076,4.92123e-05,8.94849e-05,4.15787e-05,1.87956e-06,0.00559336,0.0246795,0.0419285,0.188043,0.00541775,0.00086035,2.0631e-07,1.25046e-06,5.54432e-06,1.15986e-07,3.57234e-05,2.22903e-05,9.15461e-07,1.94654e-09,1.58325e-06,1.33673e-06,18.3432,54.88,11.8643,0.342895,32.8157,0.152365,14.2874,0.0128693,0.152365,3.37821,0.184093,3.47327,0.00110101,0.00618106,3.27493,0.00609459,0.0218948,0.00362773,0.00697143,3.27493,0.0134752,3.07726,1.68886,0.000373164,0.0659417,0.000406306,0.00364914,0.000152365,0.00112607,0.0659417,1.50516,1.45677e-06,6.47886,0.165234
2090.7083,291.191,291.48,4.3502,0.157801,0.914136,0.00552755,0.00401937,0.0026545,0.00150818,6.49583e-05,7.68427e-05,5.23961e-05,2.06637e-06,0.00612892,0.00816244,0.0329653,0.186618,0.00640569,0.0106673,1.92289e-07,1.2382e-06,1.78537e-05,8.46473e-08,9.37153e-06,9.47333e-05,2.03142e-06,1.52728e-09,1.76722e-06,6.14519e-06,18.3147,54.9369,11.8555,0.42675,32.8131,0.125564,14.2635,0.012118,0.125564,3.38234,0.183442,3.47425,0.000884487,0.00826805,3.27468,0.00502144,0.0218631,0.00298963,0.00697997,3.27468,0.0134393,3.07733,1.68886,0.000484477,0.065936,0.000334723,0.00364385,0.000125564,0.00112745,0.065936,1.56542,1.43048e-06,6.45924,0.137682
2090.7917,283.269,284.209,0,0.207744,0,0,0.00158269,0.00408997,-0.00158269,0,0,0,0,0,0,0,0,0,0.000845208,0,1.18706e-06,6.18623e-08,1.53731e-08,-4.2557e-06,0,2.87473e-09,1.13074e-09,2.53831e-06,0,18.0266,55.071,11.7249,0.797719,32.8629,0,14.2397,0.0114103,0,3.38378,0.177202,3.48029,9.24881e-05,0.0172722,3.27874,0,0.0218312,0,0.00698287,3.27874,0.0130927,3.07767,1.6889,0.00098092,0.0660777,0,0.00363853,0,0.00112793,0.0660777,0.453442,1.18706e-06,6.30176,0.0114103
2090.8750,279.519,280.4,0,0.23312,0,0,0.00140677,0.00357636,-0.00140677,0,0,0,0,0,0,0,0,0,0.000843796,0,1.11856e-06,4.45661e-06,2.30037e-08,1.53865e-05,0,2.06982e-07,1.56486e-09,3.2568e-06,0,17.9551,54.9065,11.7053,0.658431,32.9058,0,14.2159,0.0107441,0,3.38716,0.176906,3.48037,0.000335837,0.0137394,3.2824,0,0.0217991,0,0.0069897,3.2824,0.0130708,3.07767,1.689,0.000791018,0.0661933,0,0.00363318,0,0.00112905,0.0661933,0.525974,1.11856e-06,6.24976,0.0107441
2090.9583,275.036,275.68,0,0.263402,0,0,0.00117033,0.00213324,-0.00117033,0,0,0,0,0,0,0,0,0,0.000842364,0,1.06231e-06,1.17362e-05,1.54892e-07,2.1302e-05,0,6.11648e-07,7.34496e-09,2.28609e-06,0,17.8891,54.7869,11.6854,0.578447,32.9237,0,14.1918,0.0101068,0,3.39563,0.176606,3.48024,0.000796959,0.0118056,3.28403,0,0.0217662,0,0.00700697,3.28403,0.0130486,3.07767,1.68908,0.00068378,0.0662369,0,0.0036277,0,0.00113188,0.0662369,0.763403,1.06231e-06,6.20367,0.0101068
2091.0417,275.89,276.138,0,0.260025,0,0,0.00115098,0.00206437,-0.00115098,0,0,0,0,0,0,0,0,0,0.000841004,0,1.02138e-06,1.7267e-05,3.21928e-07,2.78377e-05,0,8.74283e-07,1.08281e-08,2.42107e-06,0,17.8282,54.6923,11.6666,0.527798,32.9314,0,14.1689,0.00953518,0,3.40491,0.176321,3.47992,0.00119772,0.0105838,3.28479,0,0.0217347,0,0.00702584,3.28479,0.0130276,3.07767,1.68915,0.000615627,0.0662527,0,0.00362246,0,0.00113497,0.0662527,0.909653,1.02138e-06,6.16159,0.00953518
2091.1250,282.943,282.518,0,0.192125,0,0,0.00139869,0.0023579,-0.00139869,0,0,0,0,0,0,0,0,0,0.000839646,0,9.82182e-07,2.84636e-05,7.79809e-07,4.0632e-05,0,1.95326e-06,1.70374e-08,2.9764e-06,0,17.7647,54.5923,11.6477,0.482298,32.9342,0,14.146,0.00899639,0,3.41116,0.176036,3.47933,0.0016057,0.00949229,3.28516,0,0.0217031,0,0.00703839,3.28516,0.0130065,3.07767,1.68922,0.000553977,0.0662538,0,0.00361719,0,0.00113705,0.0662538,0.924203,9.82182e-07,6.11695,0.00899639
2091.2083,289.95,288.727,0.291391,0.167595,0.237691,0.00125609,0.00209471,0.00252024,-0.000838617,7.18112e-06,3.02427e-05,6.16179e-06,1.23818e-07,0.0010843,0.00912775,0.0106472,0.144865,0.00174441,0.000838341,1.11982e-08,9.56804e-07,4.10986e-05,9.53456e-07,5.73657e-05,7.46221e-06,3.64885e-06,1.22995e-08,3.39749e-06,4.22127e-07,17.6931,54.4759,11.6294,0.440448,32.9298,0.00930062,14.146,0.00901361,0.00930062,3.41259,0.175764,3.47836,0.00210413,0.0084906,3.28496,0.000372025,0.021703,0.000221443,0.0070409,3.28496,0.012986,3.07767,1.68932,0.000497803,0.0662338,2.48017e-05,0.00361717,9.30063e-06,0.00113753,0.0662338,1.18827,9.68003e-07,6.06371,0.0183142
2091.2917,294.876,293.828,3.84634,0.19226,2.28196,0.0120528,0.00577409,0.00277629,0.00627867,0.000129242,0.000157452,0.000109637,4.34355e-06,0.00732538,0.0147781,0.0583371,0.509689,0.020395,0.000843172,4.47382e-07,9.90667e-07,3.82879e-05,6.36925e-07,7.72561e-05,8.66828e-05,3.05922e-06,1.24698e-08,3.87947e-06,5.15583e-06,17.7344,54.4638,11.6795,0.405304,32.9163,0.113763,14.388,0.0144426,0.113763,3.40787,0.176911,3.47709,0.00150495,0.00764745,3.28399,0.00455051,0.0220391,0.00270864,0.00703108,3.28399,0.013049,3.07767,1.68935,0.000451554,0.0661891,0.000303367,0.00367319,0.000113763,0.00113596,0.0661891,3.33735,1.43805e-06,6.05486,0.128205
2091.3750,296.797,295.758,4.41398,0.172793,2.71118,0.0143797,0.006914,0.00262285,0.00746565,0.000588825,0.000164686,0.000467268,5.7956e-05,0.0285966,0.010635,0.0685025,0.134681,0.0250502,0.000853902,6.72343e-06,1.08302e-06,1.10361e-05,1.43637e-07,8.04722e-05,9.89811e-05,1.13374e-06,1.13235e-08,3.66329e-06,6.36769e-06,17.9123,54.5911,11.7955,0.379052,32.8981,0.128972,14.4031,0.0144601,0.128972,3.40165,0.179548,3.47654,0.000388465,0.00701776,3.28257,0.00515887,0.0220623,0.00307075,0.00701852,3.28257,0.0132077,3.07767,1.68928,0.000417782,0.0661342,0.000343925,0.00367704,0.000128972,0.00113388,0.0661342,3.45461,7.80645e-06,6.11673,0.143432
2091.4583,299.067,297.879,4.40562,0.18581,2.75265,0.0133438,0.0068294,0.00278733,0.00651439,0.00058122,0.000162649,0.000454709,6.4755e-05,0.0304787,0.0132945,0.0772,0.113852,0.0231042,0.000863773,8.29215e-06,1.16651e-06,8.4669e-06,2.00943e-08,9.15319e-05,9.06535e-05,7.32606e-07,6.54745e-09,3.82363e-06,5.86366e-06,18.0924,54.7192,11.902,0.357699,32.8765,0.128756,14.3791,0.0136159,0.128756,3.39268,0.182123,3.4767,0.000274558,0.00650479,3.28079,0.00515025,0.0220309,0.00306563,0.00700019,3.28079,0.0133738,3.07767,1.6892,0.000390579,0.066073,0.00034335,0.00367181,0.000128756,0.00113089,0.066073,3.62994,9.45866e-06,6.19041,0.142372
2091.5417,300.149,299.282,4.39714,0.183245,2.6816,0.0118735,0.00647584,0.00281162,0.00539768,0.000326965,0.000149688,0.000259747,3.16325e-05,0.0177935,0.0118204,0.0767329,0.168113,0.0203244,0.000871845,4.42729e-06,1.25237e-06,1.48059e-05,3.85471e-08,9.68713e-05,8.30177e-05,1.34307e-06,7.32123e-09,3.76802e-06,5.15288e-06,18.2513,54.8209,11.9883,0.338623,32.851,0.128538,14.3547,0.0128082,0.128538,3.37992,0.184566,3.47665,0.000444635,0.00604822,3.27862,0.00514151,0.0219987,0.00306042,0.00697393,3.27862,0.0135249,3.07767,1.68914,0.000366594,0.0660045,0.000342767,0.00366645,0.000128538,0.00112664,0.0660045,3.6025,5.67966e-06,6.26307,0.141346
2091.6250,297.774,297.379,4.38882,0.159944,2.13325,0.00951221,0.00558231,0.00241272,0.00392989,0.000195075,0.000134129,0.00015946,1.36447e-05,0.0122828,0.0114458,0.0630454,0.197721,0.0158753,0.000877611,1.7762e-06,1.31245e-06,1.90165e-05,9.42741e-08,8.56973e-05,6.59074e-05,1.93671e-06,5.79485e-09,3.17527e-06,4.00685e-06,18.3643,54.8845,12.0489,0.32408,32.8269,0.128323,14.3307,0.0120602,0.128323,3.3693,0.186515,3.47633,0.000664788,0.00570279,3.2765,0.00513293,0.0219668,0.00305531,0.00695198,3.2765,0.0136408,3.07767,1.68911,0.000348625,0.0659426,0.000342195,0.00366114,0.000128323,0.0011231,0.0659426,2.76436,3.08865e-06,6.3154,0.140383
2091.7083,290.052,290.721,3.57972,0.193366,0.820253,0.00566523,0.00371995,0.00298357,0.00194528,8.81434e-05,8.17218e-05,6.87979e-05,3.278e-06,0.00792514,0.00919428,0.0305404,0.18708,0.0085823,0.00913926,2.8745e-07,1.31114e-06,1.83204e-05,8.72353e-08,2.72417e-05,9.33745e-05,1.47179e-06,4.01663e-09,2.11944e-06,5.96629e-06,18.3867,54.9532,12.0626,0.389255,32.8138,0.105751,14.3068,0.0113561,0.105751,3.36344,0.186717,3.47697,0.000705051,0.00733768,3.27527,0.00422876,0.0219347,0.00251789,0.00693978,3.27527,0.0136549,3.07773,1.6891,0.000436097,0.0659127,0.000281882,0.00365579,0.000105751,0.00112115,0.0659127,1.4197,1.59859e-06,6.32404,0.117108
2091.7917,284.42,285.338,0,0.192129,0,0,0.00148225,0.00393623,-0.00148225,0,0,0,0,0,0,0,0,0,0.000867198,0,1.24987e-06,5.71984e-07,4.89101e-08,1.18074e-06,0,2.83923e-08,4.181e-09,2.50429e-06,0,18.1442,55.0513,11.9537,0.683368,32.8604,0,14.2829,0.0106929,0,3.36332,0.181572,3.48209,0.000104609,0.0144384,3.27903,0,0.0219024,0,0.00693937,3.27903,0.0133687,3.07801,1.68914,0.000828739,0.0660478,0,0.0036504,0,0.00112111,0.0660478,0.477203,1.24987e-06,6.19048,0.0106929
2091.8750,279.278,280.416,0,0.233707,0,0,0.0012471,0.00309067,-0.0012471,0,0,0,0,0,0,0,0,0,0.00086575,0,1.18078e-06,8.89018e-06,1.87213e-07,2.46806e-05,0,4.36471e-07,1.19768e-08,2.97694e-06,0,18.0756,54.9005,11.9337,0.564637,32.8938,0,14.259,0.0100686,0,3.36646,0.181269,3.4821,0.000556187,0.011465,3.28186,0,0.0218699,0,0.00694561,3.28186,0.0133464,3.07801,1.68923,0.000667243,0.0661387,0,0.00364498,0,0.00112215,0.0661387,0.674027,1.18078e-06,6.14182,0.0100686
2091.9583,272.232,273.337,0,0.158269,0,0,0.000873669,0.00146817,-0.000873669,0,0,0,0,0,0,0,0,0,0.000864281,0,1.11992e-06,1.03597e-05,4.76728e-07,2.09053e-05,0,6.08749e-07,1.53493e-08,1.60619e-06,0,18.0156,54.8031,11.9135,0.506924,32.9043,0,14.2348,0.00947133,0,3.37631,0.180961,3.48186,0.00105178,0.0100851,3.2828,0,0.0218366,0,0.00696565,3.2828,0.0133237,3.07801,1.6893,0.000590596,0.0661648,0,0.00363943,0,0.00112544,0.0661648,0.679643,1.11992e-06,6.1021,0.00947133
2092.0417,274.187,274.329,0,0.223261,0,0,0.000921404,0.00162027,-0.000921404,0,0,0,0,0,0,0,0,0,0.000862885,0,1.0678e-06,1.53994e-05,5.81945e-07,2.4779e-05,0,9.81299e-07,8.92389e-09,1.9121e-06,0,17.9627,54.7372,11.8942,0.476782,32.908,0,14.2118,0.00893564,0,3.38968,0.180669,3.48161,0.00143043,0.00936616,3.28315,0,0.0218048,0,0.00699291,3.28315,0.0133022,3.07801,1.68934,0.000551119,0.0661733,0,0.00363413,0,0.00112989,0.0661733,0.809376,1.0678e-06,6.06844,0.00893564
2092.1250,280.24,279.698,0,0.200021,0,0,0.00116075,0.00194328,-0.00116075,0,0,0,0,0,0,0,0,0,0.000861491,0,1.03277e-06,2.3151e-05,6.41168e-07,3.72358e-05,0,1.84546e-06,6.7304e-09,2.42817e-06,0,17.9063,54.6575,11.875,0.443188,32.9094,0,14.1889,0.00843073,0,3.39868,0.180377,3.48112,0.00184714,0.00855655,3.28333,0,0.0217729,0,0.00701106,3.28333,0.0132807,3.07801,1.6894,0.000505392,0.066174,0,0.00362881,0,0.00113289,0.066174,1.02349,1.03277e-06,6.03124,0.00843073
2092.2083,289.549,288.478,0,0.197211,0,0,0.00156369,0.00248589,-0.00156369,0,0,0,0,0,0,0,0,0,0.000860052,0,1.00914e-06,4.2315e-05,9.02741e-07,6.05983e-05,0,3.46592e-06,6.95177e-09,3.28609e-06,0,17.8381,54.5516,11.8552,0.408006,32.9043,0,14.1652,0.00793837,0,3.40108,0.180076,3.48022,0.0024152,0.00771156,3.283,0,0.0217397,0,0.00701552,3.283,0.0132585,3.07801,1.68949,0.000457786,0.0661558,0,0.00362328,0,0.00113369,0.0661558,1.44734,1.00914e-06,5.98293,0.00793837
2092.2917,291.962,291.256,4.65772,0.182405,1.84867,0.0117259,0.00413403,0.00237105,0.00759183,7.46236e-05,0.00014983,6.42687e-05,1.36498e-06,0.00414185,0.0166449,0.045165,0.635116,0.0163991,0.00086043,1.1759e-07,1.02454e-06,4.3431e-05,1.03187e-06,6.92006e-05,6.87155e-05,4.33123e-06,8.2856e-09,3.25105e-06,4.15106e-06,17.8691,54.5367,11.8569,0.378611,32.8912,0.131254,14.3739,0.0127237,0.131254,3.39782,0.180624,3.47886,0.00224493,0.00700759,3.28198,0.00525014,0.0220289,0.00312508,0.00700846,3.28198,0.0132873,3.07801,1.68954,0.000419044,0.0661159,0.000350009,0.00367149,0.000131254,0.00113261,0.0661159,2.65656,1.14213e-06,6.01217,0.143977
2092.3750,296.959,295.61,7.48087,0.162462,3.2664,0.0161153,0.00637553,0.00243226,0.00973978,0.000258085,0.000165391,0.000213819,1.4791e-05,0.0112984,0.00959243,0.0669667,0.283754,0.0228763,0.000865046,1.75699e-06,1.10543e-06,2.18645e-05,2.63486e-07,7.72436e-05,9.37421e-05,2.22786e-06,6.27961e-09,3.33152e-06,5.8331e-06,18.1197,54.7441,11.9088,0.357315,32.8738,0.202307,14.4761,0.0147687,0.202307,3.39331,0.182987,3.47795,0.000909169,0.00649784,3.28055,0.00809229,0.0221725,0.00481684,0.00699944,3.28055,0.0134283,3.07801,1.68947,0.000391638,0.0660664,0.000539486,0.00369542,0.000202307,0.0011311,0.0660664,3.8944,2.86242e-06,6.21086,0.217076
2092.4583,300.221,298.854,7.46569,0.157045,3.20808,0.0153145,0.00737855,0.00232373,0.00793597,0.000569044,0.000162245,0.000451606,5.60643e-05,0.0265017,0.0122042,0.0801377,0.102161,0.0214064,0.000870508,7.59742e-06,1.21302e-06,6.46759e-06,5.88791e-08,7.55074e-05,8.30997e-05,8.12641e-07,4.39653e-09,3.10319e-06,5.45378e-06,18.3621,54.9473,11.9707,0.341159,32.8557,0.201969,14.452,0.0139065,0.201969,3.38845,0.185399,3.47785,0.000332074,0.00611118,3.27902,0.00807878,0.0221411,0.0048088,0.00698966,3.27902,0.0135801,3.07801,1.68939,0.000371099,0.0660167,0.000538585,0.00369018,0.000201969,0.00112948,0.0660167,4.05213,8.81045e-06,6.39134,0.215876
2092.5417,297.781,297.295,7.45029,0.18607,3.04979,0.0137035,0.0066301,0.00256207,0.00707335,0.000303008,0.000150081,0.000242522,2.72325e-05,0.0146245,0.0109691,0.069442,0.167327,0.0190117,0.000875738,3.4693e-06,1.31399e-06,1.38895e-05,2.01902e-08,8.93478e-05,7.67019e-05,1.25092e-06,2.84547e-09,3.37994e-06,4.83995e-06,18.5689,55.1072,12.0299,0.326196,32.8332,0.201627,14.4274,0.0130815,0.201627,3.37889,0.187588,3.47784,0.000458481,0.00575259,3.27707,0.00806507,0.0221088,0.00480063,0.00697005,3.27707,0.0137185,3.07801,1.68933,0.000352153,0.0659581,0.000537671,0.00368481,0.000201627,0.0011263,0.0659581,3.89487,4.78329e-06,6.53902,0.214708
2092.6250,294.96,294.981,7.43518,0.128238,2.3013,0.0105115,0.00578551,0.00205425,0.00472599,0.000176831,0.000133813,0.000145898,1.08309e-05,0.0104421,0.0121193,0.0546027,0.188671,0.0140609,0.000879784,1.22341e-06,1.36811e-06,1.51755e-05,5.05984e-08,7.30839e-05,5.73966e-05,1.59719e-06,2.45244e-09,2.67167e-06,3.55953e-06,18.7183,55.2156,12.0751,0.314309,32.8115,0.20129,14.4033,0.0123176,0.20129,3.37153,0.189315,3.47755,0.000674211,0.00547136,3.27514,0.0080516,0.0220769,0.00479262,0.00695489,3.27514,0.013823,3.07801,1.6893,0.000337621,0.0659037,0.000536773,0.00367948,0.00020129,0.00112384,0.0659037,2.5071,2.59153e-06,6.6432,0.213608
2092.7083,289.53,290.04,6.0285,0.154776,0.976573,0.00618915,0.00422719,0.00263359,0.00196195,8.63452e-05,7.37793e-05,6.91204e-05,3.13093e-06,0.00708603,0.00720061,0.0266986,0.150358,0.00693243,0.013836,2.57745e-07,1.35801e-06,1.4268e-05,7.08705e-08,1.74558e-05,0.000119392,1.65037e-06,2.27252e-09,1.67592e-06,7.78119e-06,18.7294,55.3358,12.0663,0.432423,32.8031,0.165884,14.3793,0.0115984,0.165884,3.37083,0.188648,3.47897,0.000637475,0.00841981,3.27431,0.00663461,0.0220447,0.00394961,0.00695342,3.27431,0.0137902,3.07811,1.68928,0.000496964,0.0658862,0.000442269,0.00367411,0.000165884,0.00112361,0.0658862,1.49453,1.61575e-06,6.66309,0.177482
2092.7917,282.276,283.436,0,0.181603,0,0,0.00149724,0.0034885,-0.00149724,0,0,0,0,0,0,0,0,0,0.000859968,0,1.29566e-06,5.31541e-11,1.58838e-08,-4.94509e-06,0,4.26069e-12,1.92921e-09,1.77505e-06,0,18.3654,55.5657,11.8946,0.977864,32.8491,0,14.3553,0.0109211,0,3.37329,0.18041,3.48714,5.32891e-05,0.0217234,3.27799,0,0.0220122,0,0.00695836,3.27799,0.0133339,3.07855,1.68931,0.00123298,0.0660211,0,0.00366871,0,0.00112443,0.0660211,0.476618,1.29566e-06,6.47078,0.0109211
2092.8750,275.855,277.153,0,0.293094,0,0,0.00119509,0.00329274,-0.00119509,0,0,0,0,0,0,0,0,0,0.000858532,0,1.2155e-06,5.39862e-08,1.44276e-08,-2.83953e-06,0,2.71997e-09,1.86942e-09,2.30051e-06,0,18.2966,55.4174,11.8748,0.844497,32.8969,0,14.3313,0.0102835,0,3.37947,0.180109,3.48727,5.457e-05,0.0182096,3.28192,0,0.0219796,0,0.00697094,3.28192,0.0133116,3.07855,1.68938,0.0010502,0.0661561,0,0.00366327,0,0.00112649,0.0661561,0.647298,1.2155e-06,6.42184,0.0102835
2092.9583,274.939,275.123,0,0.303521,0,0,0.00118714,0.00257881,-0.00118714,0,0,0,0,0,0,0,0,0,0.000857075,0,1.14895e-06,2.09118e-06,2.52159e-08,5.44433e-06,0,1.05045e-07,2.61739e-09,2.25529e-06,0,18.2337,55.3056,11.8546,0.753452,32.926,0,14.307,0.00967348,0,3.39251,0.179804,3.48737,0.000183582,0.0159692,3.28442,0,0.0219463,0,0.00699759,3.28442,0.013289,3.07855,1.68944,0.000929404,0.0662339,0,0.00365771,0,0.00113084,0.0662339,0.459192,1.14895e-06,6.37903,0.00967348
2093.0417,276.975,277.156,0,0.223122,0,0,0.00118807,0.00281554,-0.00118807,0,0,0,0,0,0,0,0,0,0.000855691,0,1.09401e-06,7.07872e-06,6.98992e-08,1.50911e-05,0,3.574e-07,4.53258e-09,2.81386e-06,0,18.1713,55.1876,11.8355,0.66486,32.95,0,14.2839,0.00912635,0,3.40152,0.179513,3.48737,0.000489079,0.0138,3.28655,0,0.0219143,0,0.00701587,3.28655,0.0132675,3.07855,1.68952,0.000807175,0.0662945,0,0.00365239,0,0.00113384,0.0662945,0.795778,1.09401e-06,6.33578,0.00912635
2093.1250,282.675,282.211,0,0.203544,0,0,0.00142481,0.0029751,-0.00142481,0,0,0,0,0,0,0,0,0,0.000854309,0,1.04975e-06,1.5624e-05,1.89191e-07,2.80034e-05,0,8.54642e-07,7.26903e-09,3.33083e-06,0,18.1066,55.0677,11.8164,0.587004,32.9663,0,14.2608,0.00861067,0,3.40788,0.179223,3.48715,0.000895918,0.0119237,3.28808,0,0.0218823,0,0.00702859,3.28808,0.0132461,3.07855,1.6896,0.000699727,0.0663315,0,0.00364705,0,0.00113596,0.0663315,0.905127,1.04975e-06,6.29021,0.00861067
2093.2083,286.946,286.04,1.06651,0.195085,0.715693,0.00330667,0.00230836,0.00291698,0.000998311,1.89199e-05,6.15684e-05,1.62186e-05,4.19476e-07,0.00182268,0.0120277,0.0153894,0.246923,0.00400758,0.000853094,3.2977e-08,1.02198e-06,2.56817e-05,4.75708e-07,4.20073e-05,1.66675e-05,1.61193e-06,1.22579e-08,3.60246e-06,9.93516e-07,18.0469,54.9488,11.7992,0.517029,32.9744,0.0325907,14.3038,0.00963569,0.0325907,3.41046,0.179018,3.48664,0.00135143,0.0102505,3.28898,0.00130363,0.0219417,0.00077597,0.00703348,3.28898,0.0132295,3.07855,1.6897,0.00060342,0.0663438,8.69087e-05,0.00365695,3.25907e-05,0.00113682,0.0663438,1.63565,1.05496e-06,6.2477,0.0422264
2093.2917,294.034,292.935,5.51956,0.154219,2.76111,0.0138697,0.00536099,0.00286447,0.00850867,0.000268868,0.000156116,0.000221325,1.71187e-05,0.0126891,0.0120354,0.0524578,0.262777,0.0187708,0.000855135,1.50039e-06,1.07117e-06,1.86584e-05,3.52382e-07,5.71141e-05,7.57434e-05,1.74797e-06,1.10093e-08,3.81985e-06,4.77138e-06,18.1537,54.9942,11.821,0.459459,32.9726,0.156535,14.5343,0.0147511,0.156535,3.40846,0.180198,3.48596,0.000764055,0.00889661,3.28908,0.00626139,0.0222622,0.00372702,0.00702941,3.28908,0.0132982,3.07855,1.68973,0.000525027,0.066327,0.000417426,0.00371036,0.000156535,0.00113615,0.066327,3.37346,2.57156e-06,6.33277,0.171286
2093.3750,298.329,296.248,5.79608,0.118608,3.4708,0.0148131,0.00716078,0.00227895,0.00765231,0.00102335,0.000164864,0.0008099,0.000104457,0.048455,0.0104648,0.0686959,0.0482449,0.0202333,0.000859872,1.1875e-05,1.15769e-06,1.9817e-06,3.45743e-08,5.42035e-05,7.17332e-05,2.97253e-07,5.98429e-09,3.14146e-06,5.14765e-06,18.3769,55.1726,11.8751,0.423425,32.9641,0.163357,14.5246,0.0142083,0.163357,3.40818,0.18223,3.48602,0.000154833,0.00805156,3.28856,0.00653429,0.0222508,0.00388946,0.00702915,3.28856,0.0134327,3.07855,1.68967,0.000477165,0.0662948,0.000435619,0.00370847,0.000163357,0.00113606,0.0662948,3.97723,1.30327e-05,6.5018,0.177565
2093.4583,303.064,300.561,5.78474,0.0759997,2.92529,0.009852,0.00657439,0.00160623,0.00327761,0.000567197,0.000137382,0.00044827,5.84758e-05,0.0358042,0.019228,0.0733352,0.0526136,0.0128292,0.000863912,7.86988e-06,1.24938e-06,9.00494e-07,2.18846e-08,4.02482e-05,4.65688e-05,1.53213e-07,3.84595e-09,2.20989e-06,3.23515e-06,18.5228,55.2891,11.9209,0.401129,32.9548,0.163084,14.5003,0.0133788,0.163084,3.41041,0.183802,3.48646,0.0001861,0.00752634,3.28791,0.00652338,0.022219,0.00388296,0.00703394,3.28791,0.0135453,3.07855,1.68962,0.000447752,0.066263,0.000434892,0.00370317,0.000163084,0.0011368,0.066263,3.22865,9.11925e-06,6.60192,0.176463
2093.5417,303.055,301.036,5.77324,0.0716848,2.13253,0.00616495,0.00564596,0.00137298,0.000518994,0.000180056,0.000111187,0.000142634,1.80073e-05,0.0166102,0.0223941,0.0631173,0.0852835,0.00742651,0.00086572,2.54498e-06,1.29471e-06,1.53071e-06,4.09337e-08,3.57243e-05,2.89376e-05,2.41106e-07,2.68486e-09,1.87721e-06,1.84448e-06,18.5512,55.3023,11.9398,0.387101,32.9473,0.162808,14.4757,0.0125851,0.162808,3.41676,0.184677,3.48667,0.000393881,0.00719282,3.28736,0.00651231,0.0221865,0.00387637,0.00704716,3.28736,0.0136004,3.07855,1.6896,0.000429217,0.0662385,0.000434154,0.00369774,0.000162808,0.00113892,0.0662385,2.47847,3.83968e-06,6.61137,0.175393
2093.6250,298.529,297.802,5.76194,0.119324,1.34998,0.00550668,0.00490971,0.00168718,0.00059697,5.7185e-05,9.45715e-05,4.77588e-05,2.8195e-06,0.00579202,0.0192029,0.0441618,0.19008,0.00648512,0.000865879,3.23808e-07,1.28121e-06,1.32497e-05,6.13556e-08,4.85289e-05,2.6627e-05,1.20057e-06,1.96364e-09,2.3204e-06,1.6129e-06,18.5066,55.2484,11.9391,0.376437,32.9403,0.162536,14.4516,0.0118501,0.162536,3.42504,0.184971,3.48665,0.000855734,0.00693778,3.28682,0.00650143,0.0221542,0.0038699,0.00706427,3.28682,0.0136149,3.07855,1.68962,0.000415348,0.0662172,0.000433429,0.00369236,0.000162536,0.00114168,0.0662172,1.80158,1.60501e-06,6.56743,0.174386
2093.7083,290.028,290.477,4.68664,0.179207,1.04298,0.00620785,0.00406458,0.00311007,0.00214327,6.4691e-05,7.7098e-05,5.23285e-05,2.0773e-06,0.00554838,0.00791702,0.0294195,0.212448,0.00708986,0.0113272,1.80379e-07,1.27907e-06,1.98957e-05,4.39789e-08,1.79057e-05,0.000102241,1.91789e-06,1.46723e-09,2.31577e-06,6.63631e-06,18.4975,55.3138,11.9267,0.458954,32.9335,0.133946,14.4274,0.0111583,0.133946,3.42379,0.184372,3.48752,0.000800682,0.00900762,3.28628,0.0053561,0.0221217,0.00318919,0.00706159,3.28628,0.013583,3.07863,1.68964,0.000525829,0.0661973,0.00035703,0.00368694,0.000133946,0.00114126,0.0661973,1.70464,1.45945e-06,6.57081,0.145104
2093.7917,282.845,283.73,0,0.224635,0,0,0.00160726,0.00430616,-0.00160726,0,0,0,0,0,0,0,0,0,0.000849333,0,1.23385e-06,7.26292e-08,1.24516e-08,-4.22148e-06,0,4.29446e-09,1.14134e-09,2.73984e-06,0,18.1998,55.4626,11.7864,0.853065,32.9856,0,14.4033,0.0105067,0,3.42417,0.177743,3.49404,7.30122e-05,0.01859,3.29057,0,0.0220889,0,0.0070622,3.29057,0.0132151,3.07899,1.68968,0.00105501,0.066344,0,0.00368149,0,0.00114139,0.066344,0.704479,1.23385e-06,6.4134,0.0105067
2093.8750,277.627,278.637,0,0.239307,0,0,0.00132847,0.00341448,-0.00132847,0,0,0,0,0,0,0,0,0,0.000847915,0,1.16342e-06,3.28545e-06,2.92615e-08,1.12995e-05,0,1.53331e-07,2.44445e-09,3.09933e-06,0,18.1272,55.2969,11.7667,0.711285,33.0299,0,14.3793,0.00989326,0,3.42853,0.177446,3.49413,0.000259731,0.0149844,3.29437,0,0.022056,0,0.00707095,3.29437,0.013193,3.07899,1.68978,0.000861816,0.0664621,0,0.003676,0,0.00114284,0.0664621,0.455916,1.16342e-06,6.36054,0.00989326
2093.9583,276.473,277.085,0,0.249237,0,0,0.00129392,0.00261987,-0.00129392,0,0,0,0,0,0,0,0,0,0.000846476,0,1.09815e-06,1.09795e-05,1.6393e-07,2.18964e-05,0,5.84097e-07,9.89494e-09,2.80907e-06,0,18.0586,55.1673,11.7467,0.621203,33.051,0,14.3549,0.0093064,0,3.43647,0.177145,3.49404,0.00070204,0.0127946,3.29631,0,0.0220224,0,0.00708702,3.29631,0.0131707,3.07899,1.68987,0.0007398,0.0665125,0,0.0036704,0,0.00114549,0.0665125,0.674118,1.09815e-06,6.31185,0.0093064
2094.0417,280.828,280.732,0,0.20647,0,0,0.00142936,0.0026218,-0.00142936,0,0,0,0,0,0,0,0,0,0.000845109,0,1.04468e-06,2.03441e-05,3.61238e-07,3.23782e-05,0,1.23836e-06,1.34146e-08,3.10959e-06,0,17.993,55.0549,11.7277,0.55755,33.0611,0,14.3317,0.00878003,0,3.44327,0.176858,3.4937,0.00115739,0.0112573,3.29733,0,0.0219902,0,0.00710069,3.29733,0.0131494,3.07899,1.68995,0.000653366,0.0665319,0,0.00366504,0,0.00114776,0.0665319,0.650109,1.04468e-06,6.26525,0.00878003
2094.1250,284.722,284.479,0,0.199429,0,0,0.00155184,0.00265452,-0.00155184,0,0,0,0,0,0,0,0,0,0.000843744,0,1.00222e-06,3.08383e-05,5.1336e-07,4.49059e-05,0,1.96636e-06,1.23002e-08,3.40489e-06,0,17.9234,54.9376,11.7088,0.503039,33.0642,0,14.3086,0.00828392,0,3.4469,0.176573,3.49304,0.0016095,0.00995226,3.29779,0,0.0219579,0,0.00710776,3.29779,0.0131281,3.07899,1.69005,0.000579508,0.0665309,0,0.00365966,0,0.00114897,0.0665309,1.01979,1.00222e-06,6.21465,0.00828392
2094.2083,289.406,288.671,2.17608,0.198378,1.04444,0.00724551,0.00358445,0.0026639,0.00366106,4.78851e-05,0.000115691,4.11896e-05,8.9785e-07,0.00349933,0.0173574,0.0305106,0.510323,0.0107174,0.000843937,6.51314e-08,9.93829e-07,3.80901e-05,7.99864e-07,6.03527e-05,4.53165e-05,2.83822e-06,1.66414e-08,3.65626e-06,2.68346e-06,17.8919,54.8544,11.7078,0.456963,33.0589,0.0658868,14.437,0.0112541,0.0658868,3.44664,0.176718,3.49202,0.00176971,0.00885392,3.29757,0.00263547,0.0221358,0.00156873,0.00710684,3.29757,0.013132,3.07899,1.69013,0.000517952,0.066506,0.000175698,0.0036893,6.58868e-05,0.00114888,0.066506,1.96159,1.05896e-06,6.18415,0.0771409
2094.2917,293.236,292.249,4.29108,0.183785,2.12908,0.0123609,0.00549224,0.00265237,0.00686861,0.000191474,0.000158041,0.000160172,9.13242e-06,0.010487,0.0139738,0.0515956,0.3049,0.0191752,0.000850059,8.91837e-07,1.03719e-06,2.09593e-05,3.13694e-07,7.15386e-05,7.94903e-05,1.94071e-06,1.15311e-08,3.74167e-06,4.85148e-06,18.0292,54.9421,11.7753,0.422514,33.0464,0.125796,14.5517,0.0136707,0.125796,3.44397,0.178504,3.49122,0.000875352,0.00803075,3.29671,0.00503185,0.0222962,0.00299515,0.00710147,3.29671,0.0132352,3.07899,1.69011,0.000472845,0.0664628,0.000335457,0.00371603,0.000125796,0.00114799,0.0664628,2.92905,1.92903e-06,6.25393,0.139467
2094.3750,297.794,296.592,4.2877,0.185593,2.89728,0.0144643,0.00665622,0.00290766,0.00780811,0.000440249,0.000164762,0.000350739,4.15092e-05,0.0210545,0.0103556,0.0720481,0.148531,0.0229325,0.000858196,5.07312e-06,1.12085e-06,1.13923e-05,5.45592e-08,8.70739e-05,9.1826e-05,1.00579e-06,7.33034e-09,4.07582e-06,5.82882e-06,18.2191,55.0768,11.8661,0.39362,33.0276,0.125709,14.5277,0.0128785,0.125709,3.43644,0.18085,3.49094,0.000386991,0.00733751,3.29528,0.00502835,0.0222645,0.00299306,0.00708606,3.29528,0.013378,3.07899,1.69006,0.000435399,0.0664046,0.000335223,0.00371075,0.000125709,0.00114548,0.0664046,3.77497,6.19396e-06,6.35298,0.138587
2094.4583,301.138,299.717,4.2796,0.161761,3.17887,0.0132897,0.00693142,0.0028587,0.00635831,0.000375333,0.000163116,0.000297454,3.71814e-05,0.0196845,0.0126376,0.084341,0.159117,0.02081,0.000866374,5.14023e-06,1.21804e-06,1.13745e-05,3.91191e-08,9.14814e-05,8.37222e-05,1.13821e-06,5.44059e-09,3.9248e-06,5.2775e-06,18.4075,55.206,11.9574,0.369133,33.0044,0.125499,14.5035,0.0121266,0.125499,3.42496,0.18326,3.49089,0.000412241,0.00675121,3.2934,0.00501995,0.0222322,0.00298807,0.0070624,3.2934,0.0135278,3.07899,1.69002,0.000404108,0.0663375,0.000334663,0.00370536,0.000125499,0.00114165,0.0663375,3.98097,6.35827e-06,6.45011,0.137625
2094.5417,300.824,299.967,4.27139,0.175575,2.57413,0.0118991,0.00656925,0.00285545,0.00532986,0.000254996,0.00014963,0.000205531,2.1239e-05,0.013723,0.0117496,0.0792946,0.213474,0.0184205,0.000873339,3.04587e-06,1.30561e-06,1.81195e-05,5.25271e-08,9.65182e-05,7.5338e-05,1.59125e-06,4.21458e-09,3.83483e-06,4.66788e-06,18.5591,55.3022,12.0346,0.34943,32.9803,0.125286,14.4789,0.0114073,0.125286,3.41342,0.185426,3.49071,0.000607204,0.00628102,3.29136,0.00501143,0.0221991,0.002983,0.00703851,3.29136,0.0136601,3.07899,1.68998,0.000379274,0.0662716,0.000334095,0.00369985,0.000125286,0.00113781,0.0662716,3.3958,4.35147e-06,6.52447,0.136693
2094.6250,296.411,296.267,4.26333,0.134864,2.18238,0.00960758,0.0054224,0.00226298,0.00418518,0.000161056,0.00013484,0.00013345,9.17166e-06,0.00999848,0.0114135,0.0597054,0.219342,0.0146252,0.000878678,1.12202e-06,1.35375e-06,1.8811e-05,1.04795e-07,7.9182e-05,6.04653e-05,1.75199e-06,3.93339e-09,2.99886e-06,3.69109e-06,18.6754,55.3706,12.0931,0.334026,32.9569,0.125077,14.4547,0.0107411,0.125077,3.4042,0.187193,3.49026,0.000803968,0.00591629,3.28933,0.00500306,0.0221664,0.00297801,0.00701934,3.28933,0.0137645,3.07899,1.68995,0.000360302,0.066211,0.000333538,0.00369439,0.000125077,0.00113473,0.066211,2.61397,2.47576e-06,6.58231,0.135818
2094.7083,291.237,291.676,3.47828,0.193651,0.66348,0.00544995,0.00400237,0.00318043,0.00144758,7.46255e-05,8.07518e-05,6.0496e-05,2.76864e-06,0.00699488,0.00941631,0.0328383,0.197764,0.00738707,0.0089311,2.57172e-07,1.33842e-06,2.16034e-05,1.07217e-07,2.34974e-05,8.65825e-05,1.91036e-06,3.30813e-09,2.2002e-06,5.56328e-06,18.694,55.4355,12.1059,0.395519,32.9458,0.103076,14.4305,0.010114,0.103076,3.40018,0.187246,3.49082,0.000810648,0.0074673,3.28829,0.0041216,0.0221334,0.00245419,0.00701083,3.28829,0.0137698,3.07904,1.68995,0.000442833,0.0661854,0.000274739,0.0036889,0.000103076,0.00113339,0.0661854,1.30497,1.59559e-06,6.58807,0.11319
2094.7917,286.089,286.875,0,0.183614,0,0,0.00177805,0.00420975,-0.00177805,0,0,0,0,0,0,0,0,0,0.000868187,0,1.27223e-06,1.43765e-06,4.80687e-08,5.20847e-06,0,7.21787e-08,3.64205e-09,2.87859e-06,0,18.4459,55.5069,11.9986,0.665907,32.9966,0,14.4064,0.00952334,0,3.39847,0.182174,3.49576,0.000142762,0.0140183,3.29241,0,0.0221003,0,0.00700702,3.29241,0.0134873,3.07932,1.69,0.000803384,0.0663312,0,0.00368338,0,0.00113282,0.0663312,0.43918,1.27223e-06,6.44732,0.00952334
2094.8750,278.606,280.125,0,0.223082,0,0,0.00127955,0.00288073,-0.00127955,0,0,0,0,0,0,0,0,0,0.000866737,0,1.19332e-06,1.14275e-05,8.52641e-08,2.76155e-05,0,6.0245e-07,4.74037e-09,2.87696e-06,0,18.3705,55.3506,11.9786,0.552452,33.0263,0,14.3824,0.00896735,0,3.40136,0.18187,3.4957,0.000678606,0.0111856,3.29495,0,0.022067,0,0.00701263,3.29495,0.0134648,3.07932,1.69009,0.000649183,0.0664108,0,0.00367783,0,0.00113379,0.0664108,0.368325,1.19332e-06,6.39195,0.00896735
2094.9583,275.401,275.914,0,0.243694,0,0,0.00114388,0.00193267,-0.00114388,0,0,0,0,0,0,0,0,0,0.000865266,0,1.12291e-06,1.70412e-05,3.59107e-07,2.79625e-05,0,9.19584e-07,1.12175e-08,2.18013e-06,0,18.3067,55.2496,11.9583,0.497408,33.0349,0,14.358,0.00843541,0,3.41066,0.181561,3.49538,0.00118753,0.00985966,3.29574,0,0.022033,0,0.00703141,3.29574,0.0134419,3.07932,1.69016,0.000575853,0.0664314,0,0.00367216,0,0.00113689,0.0664314,0.592405,1.12291e-06,6.34846,0.00843541
2095.0417,277.988,278.266,0,0.258558,0,0,0.00123541,0.00206984,-0.00123541,0,0,0,0,0,0,0,0,0,0.000863868,0,1.07002e-06,2.42947e-05,1.12272e-06,3.82772e-05,0,1.30658e-06,2.7522e-08,2.52375e-06,0,18.2445,55.1568,11.9389,0.456575,33.0374,0,14.3348,0.00795831,0,3.4183,0.181268,3.49485,0.00163136,0.0088759,3.29603,0,0.0220005,0,0.00704671,3.29603,0.0134202,3.07932,1.69023,0.00052086,0.066435,0,0.00366674,0,0.00113943,0.066435,0.774948,1.07002e-06,6.30553,0.00795831
2095.1250,281.655,281.7,0,0.204746,0,0,0.00132135,0.00201219,-0.00132135,0,0,0,0,0,0,0,0,0,0.000862473,0,1.0288e-06,3.3122e-05,1.57722e-06,4.64372e-05,0,2.42977e-06,2.34941e-08,2.61144e-06,0,18.1789,55.0598,11.9197,0.423314,33.0343,0,14.3116,0.00750862,0,3.42325,0.180975,3.49405,0.00209347,0.00807652,3.29585,0,0.0219678,0,0.00705641,3.29585,0.0133986,3.07932,1.69031,0.000476427,0.0664228,0,0.00366131,0,0.00114108,0.0664228,1.05954,1.0288e-06,6.25928,0.00750862
2095.2083,286.164,285.557,0.0873508,0.201652,0.0620918,0.000494372,0.00156791,0.00214504,-0.00107353,1.93886e-06,1.46835e-05,1.66138e-06,2.31451e-08,0.00043653,0.0075327,0.00461042,0.0832267,0.000540449,0.000861038,1.74137e-09,1.00796e-06,4.28072e-05,1.78969e-06,5.78773e-05,2.25304e-06,3.43242e-06,1.80859e-08,2.89239e-06,1.27971e-07,18.1092,54.9571,11.8998,0.396185,33.0258,0.0028289,14.2936,0.00720615,0.0028289,3.42587,0.180675,3.49292,0.00255657,0.00742228,3.29521,0.000113156,0.0219422,6.73547e-05,0.00706126,3.29521,0.0133763,3.07932,1.69039,0.000440661,0.0663961,7.54373e-06,0.00365703,2.8289e-06,0.00114196,0.0663961,1.34192,1.00971e-06,6.20938,0.010035
2095.2917,292.456,291.502,4.79505,0.220395,1.92087,0.0129501,0.00476995,0.00250118,0.00818012,7.54337e-05,0.00015839,6.48619e-05,1.50465e-06,0.00391965,0.01346,0.0480099,0.709248,0.017972,0.000862265,1.3815e-07,1.03063e-06,4.47952e-05,1.3899e-06,7.71182e-05,7.50775e-05,3.49459e-06,1.69039e-08,3.43912e-06,4.55458e-06,18.1718,54.9795,11.9117,0.37284,33.0112,0.137176,14.5504,0.0130996,0.137176,3.42371,0.181472,3.49151,0.00209789,0.00685877,3.29403,0.00548706,0.0222979,0.00326611,0.00705654,3.29403,0.0134201,3.07932,1.69042,0.000410335,0.0663534,0.000365804,0.00371632,0.000137176,0.00114124,0.0663534,3.05161,1.16878e-06,6.26004,0.150276
2095.3750,298.342,296.933,6.23509,0.158971,3.46366,0.0157071,0.00657438,0.00254173,0.00913271,0.000208613,0.00016531,0.000173525,1.1106e-05,0.00930387,0.00950942,0.0728618,0.323538,0.0219375,0.000867468,1.40741e-06,1.12374e-06,2.4718e-05,5.68134e-07,8.36475e-05,9.00958e-05,2.55502e-06,1.44537e-08,3.45625e-06,5.587e-06,18.4119,55.173,11.9711,0.352828,32.9912,0.173802,14.6031,0.0140315,0.173802,3.41708,0.183788,3.49056,0.000995282,0.00637755,3.29236,0.0069521,0.0223728,0.00413815,0.00704313,3.29236,0.0135583,3.07932,1.69036,0.000384824,0.0662978,0.000463473,0.0037288,0.000173802,0.00113903,0.0662978,4.06564,2.53115e-06,6.44081,0.187834
2095.4583,299.967,298.668,6.22277,0.151381,3.54225,0.0154531,0.00719568,0.00244519,0.0082574,0.000385525,0.000163227,0.000309764,3.3344e-05,0.0175821,0.0109442,0.0799626,0.155569,0.0214793,0.000873431,4.51213e-06,1.24065e-06,1.1884e-05,1.20531e-07,8.29834e-05,8.57544e-05,1.39243e-06,7.13209e-09,3.24619e-06,5.47159e-06,18.6516,55.3673,12.0396,0.336899,32.9696,0.173512,14.5787,0.0132123,0.173512,3.40915,0.186203,3.49021,0.000481812,0.00599525,3.29051,0.00694049,0.0223407,0.00413124,0.00702698,3.29051,0.0137069,3.07932,1.69029,0.000364718,0.0662406,0.000462699,0.00372346,0.000173512,0.00113638,0.0662406,4.19954,5.75278e-06,6.61203,0.186724
2095.5417,299.329,298.45,6.21027,0.153511,3.09243,0.0133992,0.00695129,0.00232423,0.00644793,0.000335978,0.000150169,0.000269449,2.96589e-05,0.0162684,0.0102891,0.0733773,0.146554,0.0183468,0.000879055,3.96564e-06,1.34083e-06,9.98563e-06,6.07627e-08,8.10916e-05,7.31769e-05,1.0583e-06,4.08246e-09,3.01916e-06,4.66577e-06,18.8511,55.5253,12.1039,0.324215,32.9483,0.173218,14.554,0.0124285,0.173218,3.40165,0.188362,3.49017,0.000473093,0.00569182,3.28863,0.00692871,0.0223079,0.00412423,0.00701162,3.28863,0.0138423,3.07932,1.69023,0.000348834,0.0661863,0.000461914,0.00371798,0.000173218,0.00113388,0.0661863,3.86487,5.30647e-06,6.74722,0.185646
2095.6250,296.853,296.404,6.19801,0.0945023,2.38999,0.0094595,0.00583146,0.00136323,0.00362805,0.000235112,0.00013334,0.000192577,1.61314e-05,0.0155142,0.0130899,0.0591938,0.120608,0.0124362,0.000883103,1.93252e-06,1.39872e-06,2.0946e-06,9.55154e-08,4.44462e-05,4.94881e-05,3.72974e-07,2.90756e-09,1.72458e-06,3.13509e-06,18.9762,55.6245,12.1495,0.315565,32.9319,0.172928,14.5297,0.0117027,0.172928,3.40073,0.18994,3.49018,0.000579107,0.00549043,3.28716,0.00691714,0.0222754,0.00411734,0.00700973,3.28716,0.013939,3.07932,1.69018,0.00033862,0.0661457,0.000461143,0.00371256,0.000172928,0.00113358,0.0661457,2.67924,3.33124e-06,6.82675,0.184631
2095.7083,290.668,291.154,5.03706,0.174759,0.796577,0.00593032,0.00437241,0.00268229,0.00155791,0.000104884,7.64517e-05,8.00605e-05,5.22125e-06,0.00854015,0.00832319,0.0298191,0.113154,0.00671727,0.0120139,4.84152e-07,1.38244e-06,1.03575e-05,5.02064e-08,1.69861e-05,0.00010499,1.00138e-06,2.13588e-09,1.71382e-06,6.85394e-06,18.9689,55.7176,12.1429,0.415673,32.9285,0.142511,14.5054,0.0110195,0.142511,3.40454,0.189331,3.49159,0.000496234,0.00796629,3.28678,0.00569964,0.0222426,0.00339312,0.00701752,3.28678,0.0139093,3.0794,1.69016,0.000472654,0.0661406,0.000379935,0.0037071,0.000142511,0.00113485,0.0661406,1.49412,1.86659e-06,6.82597,0.15353
2095.7917,283.971,284.861,0,0.208084,0,0,0.00174458,0.00402301,-0.00174458,0,0,0,0,0,0,0,0,0,0.00086617,0,1.32335e-06,4.49935e-09,1.3842e-08,-4.79344e-06,0,3.15317e-10,1.58263e-09,2.23908e-06,0,18.6442,55.8856,11.9951,0.860449,32.9758,0,14.4812,0.0103759,0,3.40513,0.182248,3.49859,5.816e-05,0.0187068,3.29056,0,0.0222096,0,0.00701859,3.29056,0.0135164,3.07978,1.69019,0.00107015,0.0662792,0,0.0037016,0,0.00113504,0.0662792,0.578216,1.32335e-06,6.64912,0.0103759
2095.8750,278.761,279.896,0,0.204613,0,0,0.00141949,0.00366448,-0.00141949,0,0,0,0,0,0,0,0,0,0.000864724,0,1.24344e-06,1.99119e-06,2.06983e-08,6.73922e-06,0,9.91363e-08,2.16754e-09,2.99352e-06,0,18.568,55.716,11.9751,0.714954,33.0242,0,14.457,0.00977016,0,3.40889,0.181944,3.49871,0.00016284,0.0149824,3.29459,0,0.0221764,0,0.00702611,3.29459,0.0134939,3.07978,1.69028,0.000871471,0.0664135,0,0.00369607,0,0.0011363,0.0664135,0.373634,1.24344e-06,6.59294,0.00977016
2095.9583,275.867,276.773,0,0.265629,0,0,0.00126858,0.00269472,-0.00126858,0,0,0,0,0,0,0,0,0,0.000863256,0,1.16685e-06,8.15898e-06,1.35092e-07,1.86079e-05,0,3.8876e-07,9.52122e-09,2.6767e-06,0,18.4982,55.5818,11.9547,0.617249,33.0497,0,14.4325,0.0091906,0,3.41666,0.181635,3.49868,0.000554141,0.0126185,3.29683,0,0.0221426,0,0.00704183,3.29683,0.013471,3.07978,1.69036,0.00073886,0.0664789,0,0.00369043,0,0.00113889,0.0664789,0.632624,1.16685e-06,6.54346,0.0091906
2096.0417,274.307,274.793,0,0.234421,0,0,0.001118,0.0019828,-0.001118,0,0,0,0,0,0,0,0,0,0.000861862,0,1.11377e-06,1.39697e-05,4.48627e-07,2.23377e-05,0,7.64568e-07,1.94425e-08,2.19041e-06,0,18.435,55.4789,11.9354,0.556635,33.0615,0,14.4092,0.00867078,0,3.42579,0.181342,3.49846,0.000956226,0.0111739,3.29793,0,0.0221102,0,0.00706033,3.29793,0.0134492,3.07978,1.69043,0.000657176,0.0665065,0,0.00368503,0,0.00114193,0.0665065,0.978946,1.11377e-06,6.49955,0.00867078
2096.1250,282.039,281.543,0,0.217724,0,0,0.00147732,0.00254711,-0.00147732,0,0,0,0,0,0,0,0,0,0.00086047,0,1.07819e-06,2.35072e-05,5.8727e-07,3.63838e-05,0,1.32069e-06,1.67083e-08,3.04819e-06,0,18.3702,55.3789,11.9161,0.50787,33.0673,0,14.3859,0.00818084,0,3.43362,0.181049,3.49803,0.00136354,0.0100096,3.29853,0,0.0220776,0,0.00707607,3.29853,0.0134275,3.07978,1.69051,0.000590776,0.066517,0,0.0036796,0,0.00114454,0.066517,0.993738,1.07819e-06,6.45401,0.00818084
2096.2083,291.3,289.594,0.430738,0.165093,0.329704,0.00192987,0.00242068,0.00280209,-0.000490805,9.56843e-06,3.78912e-05,8.17834e-06,2.25302e-07,0.000990984,0.00776639,0.0157867,0.176497,0.00237446,0.00085911,2.43721e-08,1.04785e-06,3.91037e-05,9.68647e-07,5.41862e-05,9.9022e-06,3.19179e-06,1.65617e-08,3.61589e-06,5.86565e-07,18.2961,55.2559,11.8972,0.456999,33.0674,0.0135714,14.3936,0.00843111,0.0135714,3.43546,0.180775,3.4972,0.00182518,0.00881098,3.29871,0.000542854,0.0220878,0.000323127,0.00707939,3.29871,0.0134067,3.07978,1.6906,0.00052146,0.0665093,3.61903e-05,0.00368131,1.35714e-05,0.00114515,0.0665093,1.45836,1.07222e-06,6.39893,0.0220025
2096.2917,293.947,293.064,4.69535,0.163087,2.31271,0.0132035,0.00530347,0.0026129,0.00789999,0.00013537,0.000157906,0.000114711,4.74177e-06,0.00712365,0.0139822,0.0548154,0.414014,0.0180577,0.000861552,4.60797e-07,1.08105e-06,2.89545e-05,5.48846e-07,6.67468e-05,7.45693e-05,2.84815e-06,9.46704e-09,3.57587e-06,4.57836e-06,18.3786,55.2827,11.9236,0.415149,33.0575,0.135757,14.6555,0.0143436,0.135757,3.43142,0.181858,3.49609,0.00127592,0.00782962,3.29806,0.0054303,0.0224512,0.00323232,0.00707101,3.29806,0.0134685,3.07978,1.69063,0.000465541,0.0664739,0.00036202,0.00374187,0.000135757,0.00114381,0.0664739,3.0125,1.54185e-06,6.45501,0.150101
2096.3750,297.435,295.902,5.29144,0.120729,3.57951,0.0151774,0.00666227,0.00218203,0.00851511,0.000511751,0.000165169,0.000412648,4.28663e-05,0.0241048,0.00974792,0.0682551,0.132265,0.0211952,0.000867375,5.00332e-06,1.16246e-06,6.845e-06,1.16498e-07,6.13018e-05,8.27368e-05,8.76379e-07,5.44681e-09,3.00002e-06,5.39381e-06,18.5978,55.4579,11.9905,0.388305,33.0432,0.151074,14.6673,0.0143052,0.151074,3.42868,0.184029,3.49572,0.000456888,0.00719662,3.29697,0.00604298,0.0224698,0.00359701,0.00706571,3.29697,0.0136016,3.07978,1.69058,0.0004306,0.0664294,0.000402865,0.00374496,0.000151074,0.00114289,0.0664294,3.96758,6.16578e-06,6.60729,0.16538
2096.4583,303.303,300.759,5.2812,0.107833,2.55648,0.00876125,0.00633417,0.00150761,0.00242709,0.000395529,0.000140142,0.000313122,4.00427e-05,0.0307838,0.024489,0.077388,0.0667896,0.0113673,0.000871726,5.49948e-06,1.24334e-06,1.07091e-06,3.74624e-08,3.78494e-05,4.2675e-05,2.22081e-07,3.68858e-09,1.98775e-06,2.84683e-06,18.7186,55.558,12.0397,0.373069,33.0337,0.150822,14.6428,0.01347,0.150822,3.43262,0.185543,3.49595,0.000251929,0.00683963,3.29624,0.00603289,0.0224377,0.003591,0.00707411,3.29624,0.0137008,3.07978,1.69052,0.000411251,0.0664001,0.000402192,0.00373961,0.000150822,0.00114421,0.0664001,3.12774,6.74281e-06,6.67883,0.164292
2096.5417,300.281,299.135,5.27082,0.117917,2.07613,0.00892907,0.00585688,0.00176098,0.00307219,0.000253609,0.000135132,0.000201811,2.42724e-05,0.0192288,0.0196865,0.0701128,0.110056,0.0118018,0.000874461,3.27765e-06,1.28237e-06,5.66889e-06,3.3389e-08,5.23534e-05,4.64738e-05,5.87406e-07,2.56704e-09,2.36404e-06,2.96535e-06,18.7648,55.5879,12.0696,0.361447,33.0248,0.150566,14.618,0.012671,0.150566,3.43682,0.186565,3.49613,0.000380332,0.00656066,3.29554,0.00602265,0.0224048,0.00358491,0.00708293,3.29554,0.0137646,3.07978,1.6905,0.00039588,0.0663737,0.00040151,0.00373413,0.000150566,0.00114561,0.0663737,2.6498,4.56001e-06,6.69513,0.163237
2096.6250,294.867,294.72,5.26063,0.174414,1.77529,0.00963284,0.00545926,0.0023292,0.00417358,0.000146426,0.000133138,0.000120519,9.2817e-06,0.00905519,0.0119391,0.0532934,0.218452,0.0129095,0.000877872,1.07174e-06,1.31344e-06,1.81827e-05,2.70357e-08,7.73711e-05,5.26543e-05,1.60724e-06,1.7971e-09,3.13238e-06,3.25751e-06,18.8569,55.6453,12.1077,0.34717,33.0077,0.150315,14.5936,0.011931,0.150315,3.43352,0.187855,3.49592,0.000690084,0.0062157,3.29409,0.00601259,0.0223721,0.00357892,0.00707618,3.29409,0.013842,3.07978,1.69049,0.000377371,0.066327,0.000400839,0.00372869,0.000150315,0.00114451,0.066327,2.42957,2.38518e-06,6.74924,0.162246
2096.7083,289.52,290.07,4.28315,0.169053,1.00994,0.00625433,0.00408723,0.0029397,0.0021671,7.17649e-05,7.95435e-05,5.83166e-05,2.48116e-06,0.00589357,0.00752698,0.0290403,0.207022,0.007583,0.0105539,2.16466e-07,1.30765e-06,1.87845e-05,3.61916e-08,2.17024e-05,9.84997e-05,1.75556e-06,1.44062e-09,2.10367e-06,6.38379e-06,18.8822,55.7338,12.1116,0.425098,32.9968,0.123875,14.5692,0.0112344,0.123875,3.42973,0.187613,3.49673,0.000758136,0.00817704,3.29312,0.00495353,0.0223393,0.0029494,0.00706832,3.29312,0.0138317,3.07985,1.69049,0.000482266,0.0662997,0.0003302,0.00372321,0.000123875,0.00114324,0.0662997,1.51484,1.52412e-06,6.77059,0.135109
2096.7917,285.062,285.715,0,0.177237,0,0,0.001851,0.00406415,-0.001851,0,0,0,0,0,0,0,0,0,0.000864029,0,1.24309e-06,1.68489e-07,1.37285e-08,-3.64288e-06,0,9.32108e-09,1.28321e-09,2.48675e-06,0,18.6014,55.8698,11.9832,0.792446,33.0446,0,14.5449,0.0105783,0,3.43138,0.181495,3.50276,7.47377e-05,0.0171112,3.29701,0,0.0223062,0,0.0070716,3.29701,0.013492,3.08018,1.69053,0.000975159,0.0664369,0,0.00371771,0,0.00114379,0.0664369,0.423437,1.24309e-06,6.61816,0.0105783
2096.8750,278.979,280.246,0,0.248694,0,0,0.00145638,0.00356489,-0.00145638,0,0,0,0,0,0,0,0,0,0.000862586,0,1.17031e-06,4.9968e-06,1.74883e-08,1.69522e-05,0,2.27955e-07,1.39368e-09,3.24989e-06,0,18.5212,55.6942,11.9632,0.650685,33.0882,0,14.5206,0.00996073,0,3.43414,0.181192,3.50284,0.000352035,0.0135062,3.30071,0,0.022273,0,0.0070771,3.30071,0.0134695,3.08018,1.69062,0.000781339,0.0665547,0,0.00371216,0,0.00114471,0.0665547,0.565253,1.17031e-06,6.55796,0.00996073
2096.9583,273.699,274.447,0,0.228451,0,0,0.00117656,0.00203321,-0.00117656,0,0,0,0,0,0,0,0,0,0.000861122,0,1.11147e-06,1.09937e-05,1.40887e-07,2.06642e-05,0,5.75153e-07,6.54776e-09,2.162e-06,0,18.4532,55.5741,11.9429,0.572696,33.1054,0,14.496,0.00936987,0,3.44282,0.180885,3.50269,0.00082878,0.0116202,3.30226,0,0.022239,0,0.00709472,3.30226,0.0134466,3.08018,1.69071,0.000676464,0.0665967,0,0.0037065,0,0.00114761,0.0665967,0.722533,1.11147e-06,6.51028,0.00936987
2097.0417,276.073,276.176,0,0.284503,0,0,0.00124622,0.00215764,-0.00124622,0,0,0,0,0,0,0,0,0,0.000859732,0,1.06406e-06,1.84215e-05,3.85067e-07,2.85847e-05,0,9.5796e-07,1.21596e-08,2.5139e-06,0,18.3908,55.4825,11.9236,0.525936,33.1125,0,14.4725,0.00883992,0,3.45322,0.180593,3.50238,0.00120919,0.0104937,3.30297,0,0.0222065,0,0.00711585,3.30297,0.0134249,3.08018,1.69077,0.000613692,0.066612,0,0.00370109,0,0.00115107,0.066612,0.876802,1.06406e-06,6.46718,0.00883992
2097.1250,276.655,276.804,0,0.252487,0,0,0.00119849,0.00196036,-0.00119849,0,0,0,0,0,0,0,0,0,0.000858343,0,1.04058e-06,2.27857e-05,8.31763e-07,3.33753e-05,0,1.27516e-06,1.826e-08,2.43926e-06,0,18.3275,55.3891,11.9044,0.484628,33.1154,0,14.4492,0.00834042,0,3.46152,0.180301,3.50186,0.00160302,0.00950499,3.30332,0,0.0221739,0,0.00713258,3.30332,0.0134032,3.08018,1.69084,0.000557999,0.0666146,0,0.00369565,0,0.00115384,0.0666146,1.37591,1.04058e-06,6.42318,0.00834042
2097.2083,288.884,287.353,0,0.203612,0,0,0.00184841,0.00262084,-0.00184841,0,0,0,0,0,0,0,0,0,0.00085691,0,1.02094e-06,3.97917e-05,1.57683e-06,5.6794e-05,0,2.81773e-06,2.44214e-08,3.47248e-06,0,18.2551,55.2785,11.8845,0.445257,33.1127,0,14.425,0.00785333,0,3.46546,0.18,3.50103,0.00209018,0.0085628,3.30324,0,0.02214,0,0.00714024,3.30324,0.0133808,3.08018,1.69093,0.000504791,0.0666004,0,0.00369,0,0.00115515,0.0666004,1.38075,1.02094e-06,6.37064,0.00785333
2097.2917,293.336,292.507,2.71466,0.20124,1.48877,0.0101454,0.00455735,0.00276683,0.00558801,6.23846e-05,0.000139591,5.35147e-05,1.33435e-06,0.00377865,0.0176015,0.0474163,0.64303,0.0147969,0.000858019,1.22677e-07,1.03324e-06,4.71615e-05,1.40945e-06,7.53005e-05,6.2273e-05,3.78525e-06,2.1129e-08,3.82366e-06,3.73154e-06,18.2445,55.213,11.8944,0.407952,33.1001,0.0812058,14.604,0.0119867,0.0812058,3.46046,0.180406,3.4996,0.00205081,0.00767002,3.30234,0.00324823,0.0223878,0.00193347,0.00712962,3.30234,0.0134006,3.08018,1.691,0.000455213,0.0665581,0.000216549,0.00373131,8.12058e-05,0.00115349,0.0665581,2.65167,1.15592e-06,6.3501,0.0931925
2097.3750,298.207,296.816,4.62438,0.183861,2.96812,0.014838,0.00673013,0.00284503,0.00810786,0.000212819,0.000164944,0.000176357,1.2065e-05,0.00994771,0.00994399,0.0726844,0.32146,0.0222285,0.000865767,1.51299e-06,1.11398e-06,2.51468e-05,4.27375e-07,8.65852e-05,9.18551e-05,2.37164e-06,1.3242e-08,3.94407e-06,5.65027e-06,18.437,55.3524,11.9823,0.380541,33.0815,0.134361,14.7129,0.0142335,0.134361,3.45335,0.182665,3.49861,0.000926925,0.00701408,3.30089,0.00537445,0.0225404,0.00319908,0.00711523,3.30089,0.0135336,3.08018,1.69096,0.000419696,0.0665022,0.000358296,0.00375673,0.000134361,0.00115112,0.0665022,3.88641,2.62697e-06,6.45473,0.148595
2097.4583,301.191,299.841,4.61571,0.164223,3.13629,0.0144333,0.00728968,0.00284499,0.00714361,0.000315723,0.000163391,0.00025412,2.66979e-05,0.0153192,0.0114247,0.0850214,0.19657,0.0215249,0.000874276,3.80426e-06,1.21677e-06,1.60763e-05,9.32909e-08,9.2551e-05,8.7356e-05,1.63869e-06,6.92156e-09,3.86642e-06,5.46998e-06,18.6406,55.4985,12.079,0.357819,33.0582,0.13414,14.6884,0.0134027,0.13414,3.4419,0.185138,3.49821,0.000547391,0.00647034,3.29896,0.00536561,0.0225081,0.00319381,0.00709186,3.29896,0.0136835,3.08018,1.6909,0.000390615,0.0664362,0.000357707,0.00375135,0.00013414,0.0011473,0.0664362,3.93924,5.02103e-06,6.56166,0.147543
2097.5417,300.181,299.39,4.60678,0.148776,2.68903,0.012299,0.00673361,0.00262971,0.00556544,0.000236799,0.000149623,0.000192011,1.83667e-05,0.0125618,0.0120057,0.0773552,0.204366,0.0180537,0.000881648,2.60176e-06,1.29747e-06,1.52627e-05,7.65897e-08,8.99847e-05,7.3697e-05,1.56302e-06,4.42081e-09,3.50253e-06,4.57736e-06,18.8065,55.6104,12.1624,0.339874,33.0337,0.133913,14.6634,0.0126076,0.133913,3.43033,0.187325,3.49794,0.000633417,0.00604276,3.29687,0.0053565,0.0224751,0.00318839,0.00706815,3.29687,0.0138168,3.08018,1.69086,0.000367972,0.0663709,0.0003571,0.00374585,0.000133913,0.00114344,0.0663709,3.25765,3.89923e-06,6.64417,0.14652
2097.6250,297.742,297.259,4.59801,0.130582,2.05162,0.00956619,0.00593842,0.00191656,0.00362778,0.000194071,0.000134176,0.000160501,1.14686e-05,0.0122358,0.0121451,0.0626235,0.168206,0.0136681,0.000887042,1.45625e-06,1.34179e-06,8.91017e-06,1.37983e-07,6.43368e-05,5.55736e-05,1.0004e-06,3.19849e-09,2.48924e-06,3.44643e-06,18.9192,55.6882,12.2226,0.327811,33.0149,0.133689,14.6389,0.0118713,0.133689,3.42634,0.18899,3.4978,0.000772467,0.00575844,3.29522,0.00534756,0.0224423,0.00318307,0.00705998,3.29522,0.0139164,3.08018,1.69082,0.000353272,0.0663226,0.000356504,0.00374038,0.000133689,0.00114211,0.0663226,2.54967,2.79804e-06,6.69662,0.14556
2097.7083,289.212,290.076,3.74793,0.178041,0.843695,0.00576394,0.00387938,0.00290066,0.00188456,7.32887e-05,7.98053e-05,5.8843e-05,2.43692e-06,0.00655028,0.00834111,0.0294473,0.197846,0.00744667,0.00949371,2.041e-07,1.32858e-06,1.91144e-05,6.98703e-08,2.29393e-05,9.06154e-05,1.67308e-06,2.31322e-09,2.00452e-06,5.84346e-06,18.9326,55.76,12.2348,0.397786,33.0053,0.110173,14.6145,0.0111783,0.110173,3.42432,0.18889,3.49855,0.000777713,0.00751355,3.29431,0.00440568,0.0224093,0.00262318,0.00705578,3.29431,0.0139138,3.08024,1.69082,0.000446924,0.066301,0.000293678,0.00373489,0.000110173,0.00114144,0.066301,1.39542,1.53268e-06,6.69776,0.121352
2097.7917,283.801,284.751,0,0.197572,0,0,0.00169657,0.00399973,-0.00169657,0,0,0,0,0,0,0,0,0,0.000875746,0,1.269e-06,6.16984e-07,2.34982e-08,-4.81686e-07,0,3.24854e-08,1.99243e-09,2.48685e-06,0,18.6771,55.8626,12.122,0.706884,33.0538,0,14.5901,0.0105254,0,3.42482,0.183473,3.50387,0.000100511,0.0150015,3.29824,0,0.0223761,0,0.00705668,3.29824,0.0136125,3.08054,1.69086,0.000859957,0.0664412,0,0.00372936,0,0.00114161,0.0664412,0.53208,1.269e-06,6.55504,0.0105254
2097.8750,274.965,276.364,0,0.222037,0,0,0.00118454,0.00259116,-0.00118454,0,0,0,0,0,0,0,0,0,0.000874284,0,1.19483e-06,6.34651e-06,4.18846e-08,1.74824e-05,0,3.39458e-07,2.70198e-09,2.41783e-06,0,18.6061,55.7197,12.1018,0.595877,33.0869,0,14.5657,0.00991095,0,3.43084,0.183167,3.50391,0.000444338,0.0122033,3.30102,0,0.0223427,0,0.0070689,3.30102,0.0135898,3.08054,1.69094,0.000709488,0.0665315,0,0.00372379,0,0.00114361,0.0665315,0.580922,1.19483e-06,6.5043,0.00991095
2097.9583,274.901,275.471,0,0.277745,0,0,0.00118162,0.0021682,-0.00118162,0,0,0,0,0,0,0,0,0,0.0008728,0,1.13313e-06,1.30564e-05,1.20339e-07,2.46217e-05,0,7.12775e-07,4.60244e-09,2.31806e-06,0,18.5408,55.6146,12.0813,0.532969,33.0999,0,14.541,0.00932303,0,3.44098,0.182856,3.50373,0.000920224,0.0106792,3.30218,0,0.0223086,0,0.00708954,3.30218,0.0135667,3.08054,1.69101,0.000624612,0.0665643,0,0.00371811,0,0.00114699,0.0665643,0.73685,1.13313e-06,6.45952,0.00932303
2098.0417,281.407,280.849,0,0.220954,0,0,0.00152564,0.0024352,-0.00152564,0,0,0,0,0,0,0,0,0,0.000871391,0,1.07969e-06,2.27292e-05,5.01253e-07,3.6558e-05,0,1.31613e-06,1.2549e-08,2.84354e-06,0,18.4767,55.5162,12.0617,0.484385,33.1061,0,14.5175,0.00879573,0,3.44903,0.182561,3.50334,0.00137923,0.00950828,3.30279,0,0.022276,0,0.00710583,3.30279,0.0135448,3.08054,1.69108,0.000558718,0.0665776,0,0.00371267,0,0.00114968,0.0665776,0.638671,1.07969e-06,6.41494,0.00879573
2098.1250,281.833,282.144,0,0.224735,0,0,0.00139125,0.00225295,-0.00139125,0,0,0,0,0,0,0,0,0,0.000869983,0,1.03837e-06,3.21677e-05,1.15885e-06,4.68929e-05,0,1.93282e-06,2.14861e-08,2.85e-06,0,18.4035,55.3994,12.0423,0.438641,33.1057,0,14.4941,0.00829873,0,3.45161,0.182266,3.50257,0.00191748,0.00841496,3.30286,0,0.0222433,0,0.00711076,3.30286,0.0135229,3.08054,1.69116,0.000496882,0.0665711,0,0.00370721,0,0.00115054,0.0665711,1.035,1.03837e-06,6.36125,0.00829873
2098.2083,287.267,286.581,2.116,0.204934,0.772932,0.00634035,0.0030578,0.00228193,0.00328255,3.46759e-05,9.93086e-05,3.00032e-05,4.46192e-07,0.00251766,0.0158758,0.0201962,0.476268,0.00878469,0.000869462,2.72786e-08,1.01934e-06,3.9567e-05,1.62166e-06,5.83715e-05,3.68503e-05,3.03118e-06,2.33859e-08,3.05565e-06,2.20285e-06,18.3681,55.3278,12.0332,0.406926,33.0986,0.0631393,14.6187,0.0111965,0.0631393,3.45411,0.182267,3.50151,0.00210621,0.0076558,3.30236,0.00252557,0.0224156,0.00150332,0.00711556,3.30236,0.0135185,3.08054,1.69123,0.000454928,0.0665474,0.000168371,0.00373593,6.31393e-05,0.00115137,0.0665474,1.85431,1.04661e-06,6.33498,0.0743358
2098.2917,291.593,290.818,5.54015,0.189795,2.21001,0.0141753,0.0055238,0.00238083,0.00865147,0.000180323,0.000159264,0.000152294,6.9364e-06,0.00852422,0.0116153,0.0450379,0.356485,0.0205671,0.000874336,6.05854e-07,1.06061e-06,2.39794e-05,5.53438e-07,7.01832e-05,8.49487e-05,2.14288e-06,1.31262e-08,3.26528e-06,5.22708e-06,18.5325,55.4525,12.0879,0.38146,33.0854,0.157159,14.816,0.0154676,0.157159,3.45309,0.184012,3.50058,0.00108749,0.00704554,3.30132,0.00628638,0.0226908,0.00374189,0.00711378,3.30132,0.0136203,3.08054,1.6912,0.000421797,0.0665076,0.000419092,0.0037818,0.000157159,0.00115103,0.0665076,3.01825,1.66647e-06,6.44462,0.172627
2098.3750,297.14,295.954,5.57246,0.200343,2.73532,0.0148473,0.00673096,0.00275079,0.0081163,0.000342086,0.000164705,0.000276045,2.81279e-05,0.0161375,0.0105223,0.0689348,0.181132,0.0214805,0.000881368,3.25971e-06,1.14469e-06,1.33317e-05,7.58588e-08,8.79033e-05,8.6562e-05,1.11033e-06,7.91835e-09,3.73663e-06,5.46295e-06,18.7586,55.6309,12.1682,0.359458,33.0662,0.157952,14.7938,0.0146186,0.157952,3.44659,0.186371,3.50021,0.000474571,0.00651624,3.29975,0.00631807,0.0226622,0.00376075,0.0071008,3.29975,0.0137639,3.08054,1.69114,0.000393471,0.0664532,0.000421204,0.00377703,0.000157952,0.00114886,0.0664532,3.62479,4.4044e-06,6.59044,0.17257
2098.4583,299.78,298.481,5.56161,0.149675,3.64854,0.0155388,0.00738114,0.00256522,0.00815768,0.000462025,0.000164046,0.000365385,4.67575e-05,0.0208761,0.0111574,0.0797638,0.138313,0.0225551,0.000888758,6.2372e-06,1.24619e-06,1.0866e-05,4.31563e-08,8.60164e-05,8.9475e-05,1.07229e-06,6.95196e-09,3.41736e-06,5.74721e-06,18.9792,55.7999,12.2527,0.340883,33.0433,0.157688,14.7691,0.0137651,0.157688,3.43658,0.188782,3.50009,0.000361889,0.00607141,3.2978,0.00630752,0.0226299,0.00375447,0.00708044,3.2978,0.0139139,3.08054,1.69108,0.000369973,0.0663914,0.000420501,0.00377165,0.000157688,0.00114553,0.0663914,4.28344,7.48339e-06,6.72647,0.171453
2098.5417,302.262,300.86,5.55061,0.113824,3.33322,0.0123356,0.00742872,0.00215266,0.00490683,0.000342792,0.000149808,0.000273954,3.14226e-05,0.0182765,0.0108728,0.0812126,0.130638,0.0172973,0.000895334,4.60435e-06,1.34213e-06,5.49107e-06,9.29956e-08,7.25291e-05,6.87868e-05,8.09797e-07,5.07669e-09,2.78914e-06,4.38673e-06,19.1515,55.93,12.3275,0.327144,33.0222,0.15742,14.744,0.0129486,0.15742,3.4292,0.190906,3.50014,0.000473207,0.00574408,3.29595,0.00629681,0.0225968,0.0037481,0.00706544,3.29595,0.0140477,3.08054,1.69102,0.000352837,0.0663368,0.000419787,0.00376613,0.00015742,0.00114307,0.0663368,3.77378,5.94648e-06,6.82396,0.170369
2098.6250,295.717,295.669,5.53981,0.141272,1.71928,0.00905749,0.00563464,0.00165535,0.00342285,0.00024356,0.000132966,0.000198025,1.84212e-05,0.016453,0.0130094,0.0567974,0.118633,0.0123581,0.000899644,2.19624e-06,1.39087e-06,7.56886e-06,8.04543e-08,5.38982e-05,4.91543e-05,8.81151e-07,3.42876e-09,2.08819e-06,3.11078e-06,19.2446,56.0026,12.3756,0.318874,33.0085,0.157157,14.7194,0.0121924,0.157157,3.43065,0.192356,3.5002,0.00049617,0.00554942,3.29473,0.0062863,0.0225639,0.00374184,0.00706851,3.29473,0.0141366,3.08054,1.69097,0.000342831,0.0663026,0.000419086,0.00376066,0.000157157,0.00114355,0.0663026,2.52334,3.58711e-06,6.86894,0.16935
2098.7083,287.99,288.74,4.50794,0.173804,0.935515,0.00618268,0.0039393,0.00263575,0.00224338,9.68227e-05,7.8275e-05,7.40583e-05,3.81095e-06,0.00757815,0.00769684,0.0251808,0.142143,0.00766415,0.0110163,2.95093e-07,1.37818e-06,1.2666e-05,4.3651e-08,2.22824e-05,0.000101976,1.2446e-06,2.33691e-09,1.80283e-06,6.61876e-06,19.2595,56.098,12.3805,0.407798,33.0004,0.129514,14.6948,0.0114806,0.129514,3.43033,0.192028,3.50133,0.000540423,0.00775488,3.29394,0.0051796,0.0225309,0.00308366,0.00706785,3.29394,0.0141226,3.08061,1.69095,0.000462,0.0662856,0.000345276,0.00375514,0.000129514,0.00114344,0.0662856,1.41214,1.67327e-06,6.87894,0.140994
2098.7917,285.469,286.028,0,0.201453,0,0,0.00191036,0.004166,-0.00191036,0,0,0,0,0,0,0,0,0,0.00088538,0,1.31162e-06,4.76973e-08,1.62598e-08,-4.3479e-06,0,2.70735e-09,1.80485e-09,2.38472e-06,0,18.964,56.2448,12.2475,0.802692,33.0467,0,14.6703,0.0108101,0,3.43153,0.185625,3.50768,6.18254e-05,0.017277,3.29765,0,0.0224976,0,0.00707024,3.29765,0.0137671,3.08096,1.69099,0.000991743,0.0664207,0,0.0037496,0,0.00114384,0.0664207,0.504568,1.31162e-06,6.7164,0.0108101
2098.8750,275.444,276.81,0,0.218759,0,0,0.00124927,0.00297161,-0.00124927,0,0,0,0,0,0,0,0,0,0.000883902,0,1.23373e-06,2.87346e-06,2.16968e-08,9.38288e-06,0,1.41019e-07,2.05451e-09,2.5026e-06,0,18.8884,56.0848,12.2271,0.670053,33.09,0,14.6458,0.010179,0,3.43639,0.185315,3.50779,0.00022547,0.0138996,3.30127,0,0.0224641,0,0.0070801,3.30127,0.0137441,3.08096,1.69107,0.000811307,0.0665407,0,0.00374402,0,0.00114546,0.0665407,0.52048,1.23373e-06,6.66131,0.010179
2098.9583,275.043,275.629,0,0.295702,0,0,0.00122836,0.00254539,-0.00122836,0,0,0,0,0,0,0,0,0,0.000882402,0,1.16183e-06,8.64882e-06,1.5969e-07,1.9824e-05,0,3.73194e-07,1.00804e-08,2.56351e-06,0,18.8218,55.9692,12.2063,0.591047,33.1099,0,14.6209,0.00957518,0,3.4465,0.185,3.50774,0.000630235,0.0119926,3.30301,0,0.0224299,0,0.00710071,3.30301,0.0137208,3.08096,1.69114,0.000704539,0.0665919,0,0.00373831,0,0.00114883,0.0665919,0.56051,1.16183e-06,6.61547,0.00957518
2099.0417,275.56,276.059,0,0.243692,0,0,0.00111679,0.00219833,-0.00111679,0,0,0,0,0,0,0,0,0,0.000880977,0,1.10415e-06,1.61728e-05,6.37657e-07,2.59713e-05,0,8.59979e-07,2.77925e-08,2.44935e-06,0,18.7597,55.8681,12.1866,0.532514,33.1207,0,14.5973,0.00903361,0,3.45519,0.184701,3.50748,0.00105382,0.0105909,3.30402,0,0.0223972,0,0.00711831,3.30402,0.0136986,3.08096,1.69121,0.000624944,0.0666173,0,0.00373286,0,0.00115173,0.0666173,0.695638,1.10415e-06,6.57305,0.00903361
2099.1250,282.323,282.001,0,0.240462,0,0,0.00152071,0.00254574,-0.00152071,0,0,0,0,0,0,0,0,0,0.000879554,0,1.06034e-06,2.5354e-05,9.23404e-07,4.01079e-05,0,1.28103e-06,2.90382e-08,3.07117e-06,0,18.6931,55.762,12.1669,0.482255,33.1255,0,14.5737,0.00852317,0,3.4611,0.184403,3.50698,0.00151386,0.00939511,3.30454,0,0.0223643,0,0.00713015,3.30454,0.0136765,3.08096,1.69129,0.000556369,0.0666248,0,0.00372738,0,0.0011537,0.0666248,0.983097,1.06034e-06,6.5262,0.00852317
2099.2083,288.509,287.623,0.242667,0.206577,0.206583,0.00115851,0.00200486,0.00263812,-0.000846353,4.49121e-06,2.78938e-05,3.84294e-06,8.26557e-08,0.000618043,0.00637562,0.00987408,0.156961,0.00135815,0.000878118,7.71314e-09,1.03304e-06,4.08428e-05,1.31058e-06,5.66176e-05,5.66443e-06,2.57739e-06,2.81438e-08,3.43373e-06,3.30118e-07,18.6165,55.6373,12.147,0.435828,33.1229,0.00772719,14.568,0.00845267,0.00772719,3.46205,0.184108,3.50605,0.00202921,0.00830262,3.30448,0.000309088,0.0223559,0.000183981,0.00713167,3.30448,0.0136544,3.08096,1.69139,0.000493606,0.0666108,2.06058e-05,0.00372599,7.72719e-06,0.00115402,0.0666108,1.50827,1.04075e-06,6.46945,0.0161799
2099.2917,293.577,292.612,4.9582,0.190551,2.23573,0.0134783,0.00527688,0.00267935,0.00820138,9.96382e-05,0.000158646,8.48088e-05,3.02556e-06,0.00499277,0.0120428,0.0527893,0.568222,0.0183411,0.00087988,3.01896e-07,1.0603e-06,3.66615e-05,8.70265e-07,7.23706e-05,7.61646e-05,3.05158e-06,1.8014e-08,3.66128e-06,4.65291e-06,18.69,55.6605,12.1654,0.400459,33.1114,0.141927,14.8666,0.0152105,0.141927,3.45871,0.185044,3.50481,0.00153306,0.00746877,3.30364,0.00567707,0.0227704,0.00337921,0.00712479,3.30364,0.0137069,3.08095,1.69142,0.000446795,0.0665726,0.000378471,0.00379506,0.000141927,0.00115291,0.0665726,3.02423,1.36219e-06,6.52456,0.157137
2099.3750,297.794,296.593,5.94317,0.186861,2.90419,0.0156255,0.00679066,0.00282308,0.00883487,0.000249637,0.000164912,0.00020475,1.66502e-05,0.0112252,0.0101775,0.0716155,0.258115,0.0214517,0.000885304,2.0316e-06,1.14332e-06,1.93127e-05,1.94787e-07,8.55886e-05,8.73218e-05,1.7746e-06,9.94186e-09,3.866e-06,5.46211e-06,18.9177,55.8353,12.2276,0.373221,33.0929,0.166881,14.9024,0.0156565,0.166881,3.45142,0.187285,3.50411,0.00070932,0.00682351,3.30218,0.00667525,0.0228225,0.00397336,0.00711027,3.30218,0.0138416,3.08095,1.69138,0.000411444,0.0665175,0.000445016,0.00380374,0.000166881,0.00115047,0.0665175,3.74609,3.17492e-06,6.6901,0.182538
2099.4583,302.907,300.263,5.9315,0.066639,3.83297,0.0125294,0.00723041,0.00165068,0.00529899,0.000436159,0.00015973,0.000348631,4.01211e-05,0.0262722,0.0156186,0.083555,0.103684,0.0167166,0.000890883,5.58398e-06,1.2503e-06,3.08802e-06,1.05491e-07,5.0325e-05,6.4767e-05,3.53475e-07,6.45001e-09,2.21558e-06,4.23015e-06,19.1169,55.9948,12.2917,0.354794,33.0751,0.166602,14.8776,0.0147425,0.166602,3.44799,0.189426,3.50401,0.000370897,0.00639169,3.30071,0.0066641,0.0227903,0.00396673,0.00710363,3.30071,0.0139746,3.08095,1.69132,0.000388486,0.0664677,0.000444273,0.00379838,0.000166602,0.00114933,0.0664677,4.02234,6.83428e-06,6.82515,0.181345
2099.5417,300.692,299.464,5.91967,0.108657,2.55224,0.0101554,0.0065733,0.00161502,0.00358212,0.000392628,0.000141319,0.000310162,4.03779e-05,0.0251319,0.0176221,0.0739438,0.0791426,0.0133069,0.000894861,5.5956e-06,1.32842e-06,2.32284e-06,4.74969e-08,4.76969e-05,5.09442e-05,3.69611e-07,4.07519e-09,2.10598e-06,3.3557e-06,19.2204,56.0809,12.3366,0.343834,33.0645,0.16632,14.8523,0.013868,0.16632,3.45211,0.190892,3.50425,0.000296047,0.0061298,3.29982,0.00665279,0.0227572,0.00395999,0.00711244,3.29982,0.0140693,3.08095,1.69126,0.000374595,0.0664382,0.000443519,0.00379287,0.00016632,0.0011507,0.0664382,3.10031,6.92402e-06,6.88383,0.180188
2099.6250,299.252,298.248,5.90805,0.0925155,1.46219,0.00588645,0.0053203,0.00119539,0.000566154,0.000131666,0.000113716,0.000107045,9.95621e-06,0.0137093,0.0203822,0.0565761,0.107105,0.00703317,0.000896489,1.26349e-06,1.33374e-06,1.70006e-06,7.01786e-08,3.33288e-05,2.79212e-05,3.47777e-07,2.85186e-09,1.51944e-06,1.73886e-06,19.2284,56.0827,12.3534,0.33687,33.0571,0.166042,14.8275,0.0130581,0.166042,3.46031,0.191598,3.50441,0.000522626,0.00596662,3.29919,0.00664168,0.0227245,0.00395338,0.00712956,3.29919,0.0141116,3.08095,1.69124,0.000365999,0.0664182,0.000442779,0.00378741,0.000166042,0.00115344,0.0664182,1.83079,2.59723e-06,6.87503,0.1791
2099.7083,289.662,290.278,4.80411,0.103348,0.822018,0.00453923,0.0037223,0.00180682,0.00081693,8.13285e-05,6.7379e-05,5.9394e-05,3.64748e-06,0.00897857,0.00941094,0.0284833,0.0965459,0.00474282,0.0115831,3.33204e-07,1.30667e-06,3.65307e-06,6.67855e-08,1.20826e-06,9.39488e-05,4.12779e-07,2.14344e-09,1.09383e-06,6.15189e-06,19.1812,56.1434,12.3366,0.436798,33.0561,0.136836,14.8027,0.0122957,0.136836,3.46932,0.190721,3.50587,0.000489072,0.00842294,3.29909,0.00547202,0.0226915,0.00325799,0.00714824,3.29909,0.0140639,3.08103,1.69123,0.000499805,0.0664169,0.000364792,0.00378191,0.000136836,0.00115644,0.0664169,1.11651,1.63987e-06,6.84463,0.149131
2099.7917,284.303,285.071,0,0.17679,0,0,0.00181414,0.00349797,-0.00181414,0,0,0,0,0,0,0,0,0,0.000879008,0,1.23751e-06,9.5102e-12,1.71536e-08,-5.43213e-06,0,5.08423e-13,1.64886e-09,2.0151e-06,0,18.8533,56.3076,12.1904,0.880785,33.0979,0,14.778,0.0115776,0,3.47566,0.183802,3.51262,6.82858e-05,0.0191202,3.30247,0,0.0226582,0,0.00716134,3.30247,0.013679,3.0814,1.69127,0.00109422,0.0665372,0,0.00377637,0,0.00115855,0.0665372,0.520137,1.23751e-06,6.66292,0.0115776
2099.8750,275.381,276.765,0,0.259724,0,0,0.00126828,0.0033857,-0.00126828,0,0,0,0,0,0,0,0,0,0.00087754,0,1.17362e-06,9.33831e-07,1.54263e-08,2.08966e-06,0,5.09414e-08,1.41475e-09,2.6288e-06,0,18.7795,56.1534,12.17,0.749571,33.1428,0,14.7533,0.0109017,0,3.48156,0.183495,3.51275,0.000124575,0.0157346,3.30622,0,0.0226248,0,0.00717342,3.30622,0.0136562,3.0814,1.69134,0.00091362,0.0666617,0,0.0037708,0,0.00116052,0.0666617,0.734493,1.17362e-06,6.60949,0.0109017
2099.9583,273.381,274.05,0,0.342181,0,0,0.00110305,0.00255043,-0.00110305,0,0,0,0,0,0,0,0,0,0.000876051,0,1.10474e-06,4.93695e-06,5.08469e-08,1.22974e-05,0,2.36994e-07,3.89034e-09,2.43121e-06,0,18.7148,56.0341,12.1494,0.658197,33.1688,0,14.7283,0.010255,0,3.49229,0.183184,3.51279,0.000389289,0.0135269,3.30849,0,0.0225906,0,0.00719537,3.30849,0.013633,3.0814,1.69141,0.000791414,0.066729,0,0.0037651,0,0.0011641,0.066729,0.356399,1.10474e-06,6.56545,0.010255
2100.0417,278.359,278.295,0,0.258922,0,0,0.0013926,0.00271334,-0.0013926,0,0,0,0,0,0,0,0,0,0.000874636,0,1.04881e-06,1.25693e-05,3.56838e-07,2.55872e-05,0,6.06485e-07,2.15191e-08,2.95633e-06,0,18.65,55.9206,12.1297,0.585803,33.1844,0,14.7045,0.009675,0,3.50038,0.182888,3.51266,0.000825641,0.011797,3.30994,0,0.0225578,0,0.00721183,3.30994,0.013611,3.0814,1.69149,0.000693034,0.0667658,0,0.00375964,0,0.00116679,0.0667658,0.904265,1.04881e-06,6.52027,0.009675
2100.1250,281.718,281.621,0,0.220079,0,0,0.0014601,0.00263318,-0.0014601,0,0,0,0,0,0,0,0,0,0.000873223,0,1.01979e-06,2.29413e-05,6.67244e-07,3.64286e-05,0,1.27104e-06,2.86738e-08,3.14644e-06,0,18.5803,55.8015,12.1101,0.523728,33.1922,0,14.6808,0.00912831,0,3.50524,0.182592,3.51223,0.00132499,0.0103252,3.31076,0,0.0225249,0,0.00722155,3.31076,0.013589,3.0814,1.69158,0.000608667,0.0667794,0,0.00375416,0,0.00116841,0.0667794,1.15977,1.01979e-06,6.47014,0.00912831
2100.2083,290.538,289.263,0.480916,0.176695,0.259949,0.00221667,0.00245331,0.00284789,-0.000236635,1.18742e-05,4.55013e-05,1.01972e-05,2.17609e-07,0.00128907,0.00947508,0.0126893,0.214568,0.00300307,0.000871925,1.69516e-08,1.00287e-06,3.95356e-05,9.22565e-07,5.35704e-05,1.26511e-05,2.98439e-06,2.07879e-08,3.68403e-06,7.40231e-07,18.5059,55.6762,12.0918,0.471032,33.1924,0.0151552,14.6949,0.00948117,0.0151552,3.50688,0.18233,3.51136,0.00173953,0.00909001,3.31097,0.000606209,0.0225444,0.000360839,0.00722457,3.31097,0.0135688,3.0814,1.69168,0.00053751,0.0667707,4.04139e-05,0.00375739,1.51552e-05,0.00116896,0.0667707,1.61904,1.01982e-06,6.41408,0.0246364
2100.2917,293.499,292.407,4.28997,0.15192,2.47382,0.0133412,0.00571162,0.00259099,0.00762955,0.000197416,0.000158468,0.000165266,9.30011e-06,0.00980875,0.0125423,0.0519837,0.365476,0.0200232,0.000876219,8.98482e-07,1.03675e-06,2.40499e-05,4.05546e-07,6.37999e-05,8.273e-05,2.29609e-06,1.07897e-08,3.54468e-06,5.07717e-06,18.5885,55.7057,12.1388,0.429592,33.1833,0.125503,14.9519,0.0152308,0.125503,3.50426,0.183568,3.51037,0.00105838,0.00812048,3.3104,0.00502014,0.0229014,0.00298818,0.00721927,3.3104,0.013639,3.0814,1.6917,0.000482667,0.0667368,0.000334676,0.00381691,0.000125503,0.00116809,0.0667368,2.94716,1.93523e-06,6.44971,0.140734
2100.3750,296.727,295.668,4.73818,0.202884,2.38368,0.0152961,0.00710319,0.00291188,0.00819287,0.00060047,0.000164993,0.000473586,6.24014e-05,0.0272592,0.00990305,0.0678943,0.105868,0.0233281,0.000885008,7.17112e-06,1.11883e-06,8.6448e-06,4.63653e-08,8.24311e-05,9.08867e-05,8.0507e-07,6.18084e-09,4.02533e-06,5.93661e-06,18.7967,55.8646,12.2384,0.399661,33.1684,0.137252,14.9575,0.0150115,0.137252,3.49984,0.185953,3.51016,0.000287203,0.00741452,3.30929,0.00549009,0.0229114,0.00326791,0.0072106,3.30929,0.0137875,3.0814,1.69164,0.000443738,0.0666891,0.000366006,0.00381857,0.000137252,0.00116661,0.0666891,3.63981,8.28996e-06,6.55835,0.152264
2100.4583,301.507,299.862,4.72914,0.128167,3.52726,0.0141585,0.00745721,0.00271013,0.00670127,0.000462614,0.000162979,0.000365404,4.74076e-05,0.0229208,0.0125033,0.0848204,0.132188,0.0212839,0.000893528,6.66947e-06,1.21341e-06,9.05671e-06,4.10274e-08,8.33263e-05,8.42201e-05,9.73191e-07,5.48694e-09,3.69577e-06,5.40621e-06,18.9895,55.9981,12.3348,0.373029,33.1466,0.137023,14.9325,0.0141351,0.137023,3.48901,0.188326,3.51021,0.000355647,0.00678511,3.30755,0.00548093,0.0228788,0.00326246,0.00718859,3.30755,0.0139376,3.0814,1.69159,0.000409659,0.0666251,0.000365395,0.00381314,0.000137023,0.001163,0.0666251,3.93399,7.88288e-06,6.65469,0.151158
2100.5417,300.116,299.247,4.71996,0.176348,2.77922,0.0129122,0.00703574,0.00269912,0.0058765,0.000418788,0.000150047,0.000331745,4.18483e-05,0.0207794,0.0106732,0.0765686,0.133799,0.0193264,0.000901108,5.82157e-06,1.30944e-06,1.0621e-05,3.75437e-08,8.69944e-05,7.65249e-05,9.98084e-07,4.24079e-09,3.60369e-06,4.90903e-06,19.1569,56.1201,12.4202,0.354343,33.1268,0.136791,14.9072,0.0132966,0.136791,3.48207,0.190505,3.51031,0.000389277,0.00634342,3.3059,0.00547162,0.0228454,0.00325692,0.00717449,3.3059,0.0140762,3.0814,1.69153,0.000386074,0.0665699,0.000364775,0.00380757,0.000136791,0.00116069,0.0665699,3.79944,7.13101e-06,6.73674,0.150087
2100.6250,296.911,296.712,4.71096,0.178828,1.93893,0.00991235,0.00589677,0.00259717,0.00401559,0.000138196,0.000133981,0.000113911,8.53703e-06,0.00837172,0.0121838,0.0609037,0.255201,0.014372,0.000906803,1.08429e-06,1.36497e-06,2.31397e-05,4.21107e-08,8.8608e-05,5.9498e-05,2.08114e-06,2.95053e-09,3.41895e-06,3.62967e-06,19.2797,56.1905,12.4836,0.337414,33.1027,0.136562,14.8823,0.0125201,0.136562,3.47068,0.192284,3.50999,0.000785361,0.00594404,3.30382,0.00546249,0.0228123,0.00325148,0.00715114,3.30382,0.0141834,3.0814,1.69151,0.00036485,0.0665063,0.000364166,0.00380205,0.000136562,0.00115689,0.0665063,2.65631,2.44926e-06,6.79616,0.149082
2100.7083,289.275,290.079,3.8399,0.155267,1.0933,0.00637925,0.00396213,0.00282388,0.00241712,8.78236e-05,8.17662e-05,7.0194e-05,2.8844e-06,0.00704568,0.00799314,0.0294314,0.187854,0.00852164,0.00969881,2.38258e-07,1.35616e-06,1.76565e-05,8.77909e-08,2.19722e-05,9.65178e-05,1.68703e-06,2.78171e-09,1.97393e-06,6.21598e-06,19.3111,56.2756,12.5,0.40769,33.0906,0.112541,14.8574,0.0117891,0.112541,3.46627,0.192326,3.51064,0.000752638,0.0077085,3.30271,0.00450023,0.022779,0.00267955,0.00714206,3.30271,0.0141886,3.08146,1.6915,0.000459431,0.0664774,0.000299966,0.00379649,0.000112541,0.00115542,0.0664774,1.46207,1.59442e-06,6.81105,0.12433
2100.7917,284.794,285.693,0,0.185675,0,0,0.00175388,0.00411481,-0.00175388,0,0,0,0,0,0,0,0,0,0.000895688,0,1.29351e-06,4.90077e-07,2.9893e-08,-1.01374e-06,0,2.73753e-08,2.6745e-09,2.55778e-06,0,19.0526,56.3852,12.3856,0.72677,33.1388,0,14.8326,0.0111007,0,3.46698,0.186816,3.51608,9.11636e-05,0.0154097,3.30662,0,0.0227454,0,0.00714346,3.30662,0.0138824,3.08176,1.69154,0.000885858,0.0666166,0,0.0037909,0,0.00115566,0.0666166,0.443939,1.29351e-06,6.66697,0.0111007
2100.8750,279.049,280.089,0,0.225931,0,0,0.00143249,0.00319362,-0.00143249,0,0,0,0,0,0,0,0,0,0.000894192,0,1.21732e-06,7.3794e-06,7.43619e-08,2.12175e-05,0,3.62647e-07,5.05966e-09,3.00265e-06,0,18.9749,56.2209,12.3649,0.59993,33.1758,0,14.8078,0.0104526,0,3.47027,0.186504,3.51611,0.000478471,0.0122251,3.30976,0,0.0227116,0,0.00715009,3.30976,0.0138592,3.08176,1.69163,0.000713342,0.0667167,0,0.00378527,0,0.00115676,0.0667167,0.665274,1.21732e-06,6.61001,0.0104526
