time_decimal_year,TSOI,TSOIBNF,ELAI,H2OSOI,TVEG,GPP,AR,HR,NPP,NPP_NUPTAKE,NPP_PUPTAKE,NPP_NACTIVE,NPP_NFIX,NUPTAKE_NPP_FRACTION,PUPTAKE_NPP_FRACTION,COST_NFIX,COST_NACTIVE,COST_PACTIVE,VEGC_TO_LITTER,SNFIX,FNFIX,NGAS,NLEACH,NNETMIN,NUP,FN2O,PLOSS,PNETMIN,PUP,TOTVEGC,TOTECOC,VEGCAG,TOTLITC,SOILC,LEAFC,WOODC,CROOTC,FROOTC,CWDC,TOTVEGN,TOTECON,SMINN,TOTLITN,SOILN,LEAFN,WOODN,FROOTN,CWDN,TOTSOMN,TOTVEGP,TOTECOP,SMINP,TOTLITP,SOILP,LEAFP,WOODP,FROOTP,CWDP,TOTSOMP,ET,TNFIX,VEGCBG,TOTROOTC
2015.0417,303.313,303.317,3.57523,0.370596,1.72037,0.0102788,0.00709671,0.00365655,0.00318206,5.21578e-05,7.1926e-05,4.32902e-05,1.95904e-06,0.00379444,0.0063953,0.0649624,0.586352,0.0172676,0.00209987,2.77202e-07,1.98026e-06,2.4458e-05,2.5467e-08,8.37453e-05,6.65824e-05,7.26962e-07,3.12683e-07,4.96241e-06,4.29546e-06,13.4457,35.7872,8.73083,0.258639,20.5333,0.267224,11.0027,0.0105661,0.212176,1.54959,0.214182,-0.304396,0.00130018,0.00508287,-0.527843,0.0111345,0.0168568,0.0050518,0.00288244,-0.527843,0.0154564,2.81596,2.2044,0.000300661,0.0412717,0.000788288,0.00280946,0.000212176,0.000516531,0.0412717,3.29965,2.25746e-06,4.71489,0.222742
2015.1250,303.268,303.293,3.54852,0.368033,1.6841,0.00991509,0.00709999,0.00358279,0.0028151,4.61124e-05,6.98571e-05,3.8288e-05,1.69891e-06,0.0034971,0.00631421,0.0643323,0.627647,0.0164585,0.00209112,2.39197e-07,2.02404e-06,2.70913e-05,2.65524e-08,8.26993e-05,6.37358e-05,8.15907e-07,3.77293e-07,4.86452e-06,4.10875e-06,13.4698,35.8084,8.73251,0.257474,20.533,0.265425,11.0072,0.0105642,0.210747,1.54806,0.214386,-0.304125,0.00139993,0.00505294,-0.527843,0.0110596,0.0168637,0.00501779,0.00287925,-0.527843,0.0154697,2.816,2.20444,0.000298867,0.0412702,0.000782982,0.00281062,0.000210747,0.00051602,0.0412702,3.13417,2.26324e-06,4.73728,0.221311
2015.2083,303.081,303.097,3.50774,0.371512,1.51083,0.00967161,0.00703333,0.00358348,0.00263828,3.83961e-05,6.89663e-05,3.18779e-05,1.39245e-06,0.00294919,0.0062681,0.0637533,0.708916,0.0159407,0.00207748,1.99494e-07,1.94584e-06,2.88968e-05,4.60058e-08,8.31172e-05,6.18926e-05,8.46717e-07,7.0948e-07,4.85854e-06,3.98246e-06,13.4848,35.8221,8.73223,0.257779,20.5328,0.262674,11.0104,0.0105302,0.208563,1.54681,0.214501,-0.303787,0.00162762,0.00505869,-0.527851,0.0109449,0.0168689,0.00496578,0.00287663,-0.527851,0.0154771,2.81604,2.20447,0.000298796,0.0412689,0.000774866,0.00281149,0.000208563,0.000515603,0.0412689,2.94498,2.14533e-06,4.75253,0.219093
2015.2917,302.861,302.877,3.46939,0.374345,1.48457,0.00952968,0.00699473,0.0035285,0.00253494,3.4841e-05,6.83641e-05,2.89184e-05,1.25814e-06,0.00269003,0.00624692,0.0631202,0.751538,0.0156422,0.00206464,1.81444e-07,1.91158e-06,2.94183e-05,3.59679e-08,8.25906e-05,6.0788e-05,8.57345e-07,5.79167e-07,4.79952e-06,3.90786e-06,13.497,35.832,8.73204,0.257451,20.5322,0.260081,11.0135,0.0104961,0.206504,1.54542,0.214608,-0.303595,0.00176879,0.00504949,-0.527894,0.0108369,0.0168739,0.00491677,0.00287372,-0.527894,0.0154838,2.81608,2.2045,0.000298015,0.0412669,0.000767218,0.00281232,0.000206504,0.00051514,0.0412669,2.83115,2.09303e-06,4.76495,0.217
2015.3750,303.331,303.332,3.43383,0.35021,2.10005,0.00956624,0.0070218,0.00348875,0.00254445,3.93895e-05,6.92692e-05,3.27013e-05,1.43723e-06,0.00302159,0.00601429,0.0621194,0.668619,0.0158081,0.00205271,2.04307e-07,1.89522e-06,4.29759e-05,3.20962e-08,8.00409e-05,6.11144e-05,1.35929e-06,3.25753e-07,4.6858e-06,3.9323e-06,13.5075,35.842,8.73199,0.25753,20.5322,0.257672,11.0166,0.0104631,0.204591,1.54485,0.214708,-0.303685,0.00157239,0.00505399,-0.527891,0.0107365,0.0168789,0.00487122,0.00287252,-0.527891,0.0154899,2.81612,2.20453,0.000298376,0.0412666,0.000760111,0.00281315,0.000204591,0.000514951,0.0412666,3.05682,2.09953e-06,4.77549,0.215054
2015.4583,304.244,304.201,3.40529,0.33019,2.9532,0.00956152,0.00704685,0.00339586,0.00251467,4.84732e-05,7.00622e-05,4.025e-05,1.78968e-06,0.00378686,0.00591101,0.0609598,0.551749,0.0158684,0.00204318,2.45627e-07,1.90662e-06,3.92609e-05,2.21634e-08,7.76625e-05,6.08963e-05,1.33693e-06,1.28658e-07,4.56977e-06,3.92755e-06,13.5179,35.8518,8.7327,0.25668,20.5325,0.255735,11.0201,0.0104406,0.203053,1.54469,0.214822,-0.303824,0.00130028,0.00503564,-0.527854,0.0106558,0.0168843,0.0048346,0.00287217,-0.527854,0.0154972,2.81617,2.20457,0.000297748,0.0412673,0.000754397,0.00281405,0.000203053,0.000514897,0.0412673,3.62464,2.15225e-06,4.78522,0.213494
2015.5417,304.747,304.717,3.38017,0.288496,3.21667,0.00955079,0.00715814,0.00302495,0.00239265,8.38265e-05,7.06162e-05,6.9601e-05,3.11943e-06,0.00674636,0.0063421,0.0610269,0.33116,0.0158651,0.00203483,4.15636e-07,1.96117e-06,2.45026e-05,4.37076e-08,6.48306e-05,6.01271e-05,1.02015e-06,4.80993e-08,4.03413e-06,3.91869e-06,13.5257,35.8664,8.73378,0.259513,20.5345,0.254028,11.0237,0.010422,0.201698,1.54669,0.214929,-0.303751,0.00101005,0.00511393,-0.527681,0.0105847,0.01689,0.00480234,0.00287633,-0.527681,0.0155047,2.81622,2.20461,0.000302354,0.0412724,0.000749362,0.002815,0.000201698,0.000515564,0.0412724,3.923,2.3768e-06,4.79187,0.21212
2015.6250,305.555,305.52,3.35344,0.25227,3.31427,0.00942605,0.0072609,0.00264768,0.00216515,0.000119189,7.13914e-05,9.87614e-05,4.5864e-06,0.0100549,0.0073291,0.0602167,0.227715,0.0155823,0.00202588,5.87293e-07,2.02588e-06,9.60761e-06,3.56411e-08,4.99e-05,5.83323e-05,4.19784e-07,2.39195e-08,3.47199e-06,3.84413e-06,13.5266,35.8872,8.73441,0.267948,20.5401,0.252209,11.0269,0.0103963,0.200254,1.55262,0.214986,-0.303122,0.000862745,0.00533834,-0.527197,0.0105089,0.0168951,0.00476794,0.00288863,-0.527197,0.0155102,2.81628,2.20462,0.00031489,0.041287,0.000743996,0.00281585,0.000200254,0.00051754,0.041287,4.11717,2.61317e-06,4.79217,0.21065
2015.7083,305.37,305.352,3.33993,0.291108,3.11559,0.00976211,0.00728046,0.00318426,0.00248165,0.000122611,7.28254e-05,0.00010108,5.34084e-06,0.0098689,0.00731531,0.0606032,0.235973,0.016308,0.00202153,6.84617e-07,2.0768e-06,1.67674e-05,1.33602e-08,6.42934e-05,6.09971e-05,6.82157e-07,1.52757e-08,4.24417e-06,4.01619e-06,13.5311,35.9039,8.73671,0.268675,20.5468,0.251288,11.0311,0.0103951,0.199523,1.55729,0.215086,-0.302527,0.000731904,0.00535076,-0.526594,0.0104705,0.0169015,0.00475054,0.00289831,-0.526594,0.0155193,2.81633,2.20465,0.000315393,0.0413037,0.00074128,0.00281693,0.000199523,0.000519096,0.0413037,4.19873,2.76141e-06,4.79442,0.209918
2015.7917,304.653,304.67,3.33945,0.322906,2.39687,0.00991822,0.00727075,0.00345757,0.00264746,0.000111094,7.26371e-05,9.14797e-05,4.99497e-06,0.0086663,0.00696323,0.0614059,0.267187,0.016592,0.00202173,6.54165e-07,2.11174e-06,1.93473e-05,6.18361e-09,7.37008e-05,6.2396e-05,6.984e-07,9.28332e-09,4.66577e-06,4.09218e-06,13.5418,35.9196,8.74076,0.266378,20.5514,0.251256,11.0364,0.010419,0.199497,1.55998,0.215246,-0.301984,0.000735262,0.00528748,-0.526156,0.0104692,0.0169095,0.00474993,0.00290391,-0.526156,0.015532,2.81639,2.20468,0.000311962,0.0413139,0.000741185,0.00281826,0.000199497,0.000519995,0.0413139,3.64643,2.76591e-06,4.80109,0.209916
2015.8750,303.98,303.983,3.35135,0.363204,2.0267,0.0101684,0.00719822,0.00373361,0.00297014,7.01868e-05,7.3208e-05,5.81145e-05,2.8298e-06,0.00521752,0.00665675,0.0635875,0.44561,0.0172051,0.00202625,3.84773e-07,2.11007e-06,2.25285e-05,1.99175e-09,8.65655e-05,6.55181e-05,7.02957e-07,7.12195e-09,5.11808e-06,4.2431e-06,13.5611,35.9307,8.74653,0.258726,20.552,0.252066,11.0428,0.0104674,0.20014,1.55885,0.21548,-0.301568,0.00101203,0.00508723,-0.526049,0.0105029,0.0169191,0.00476524,0.00290156,-0.526049,0.0155483,2.81644,2.20473,0.000301338,0.0413127,0.000743574,0.00281986,0.00020014,0.000519617,0.0413127,3.44573,2.49484e-06,4.81459,0.210608
2015.9583,303.091,303.144,3.38479,0.375929,1.31385,0.0102323,0.00721117,0.00358521,0.00302115,5.30452e-05,7.19332e-05,4.40547e-05,1.9794e-06,0.00381025,0.00641548,0.0645936,0.58279,0.0174335,0.00203827,2.79044e-07,2.09859e-06,2.23346e-05,2.82616e-09,8.48579e-05,6.69987e-05,6.60495e-07,2.373e-08,4.94368e-06,4.31718e-06,13.5855,35.9472,8.75516,0.254675,20.5502,0.254341,11.0511,0.0105524,0.201947,1.55678,0.215778,-0.301182,0.0013152,0.00498182,-0.526154,0.0105978,0.0169313,0.00480826,0.00289727,-0.526154,0.0155677,2.81649,2.20477,0.000295728,0.0413059,0.000750287,0.00282188,0.000201947,0.000518928,0.0413059,3.00087,2.37764e-06,4.83036,0.212499
2016.0417,303.139,303.128,3.43197,0.370855,1.85489,0.0101989,0.00722618,0.00354817,0.00297269,4.75919e-05,7.24136e-05,3.95366e-05,1.74448e-06,0.00347288,0.0065986,0.0664233,0.665361,0.0174486,0.00205504,2.48326e-07,2.08281e-06,2.55751e-05,3.33885e-08,8.30739e-05,6.72289e-05,7.51254e-07,3.91285e-07,4.84411e-06,4.32573e-06,13.6112,35.9699,8.76542,0.254557,20.5489,0.257546,11.0602,0.0106583,0.204491,1.55534,0.216089,-0.300823,0.00146044,0.00497661,-0.526243,0.0107313,0.0169447,0.00486884,0.00289427,-0.526243,0.0155875,2.81654,2.20481,0.000295218,0.0413013,0.000759738,0.00282412,0.000204491,0.000518446,0.0413013,3.2336,2.33114e-06,4.84573,0.215149
2016.1250,303.251,303.275,3.46635,0.375693,1.38638,0.0100296,0.0072999,0.00357293,0.00272968,4.34884e-05,7.08417e-05,3.61298e-05,1.57996e-06,0.00315208,0.006101,0.0637574,0.681556,0.0169801,0.00206735,2.2419e-07,2.06803e-06,2.53718e-05,4.44165e-08,8.4034e-05,6.58069e-05,7.36081e-07,5.89028e-07,4.8751e-06,4.23273e-06,13.6306,35.9868,8.77416,0.254478,20.5479,0.259875,11.0686,0.0107395,0.20634,1.55387,0.21634,-0.300549,0.00156115,0.00497325,-0.526315,0.0108283,0.016957,0.00491287,0.00289123,-0.526315,0.0156035,2.81658,2.20483,0.00029487,0.041298,0.000766609,0.00282616,0.00020634,0.000517958,0.041298,3.05148,2.29222e-06,4.85639,0.21708
2016.2083,303.073,303.088,3.48589,0.373485,1.41751,0.0096673,0.00722727,0.00354608,0.00244003,3.71787e-05,6.94432e-05,3.08692e-05,1.34099e-06,0.00284118,0.00639216,0.0637959,0.747024,0.0160861,0.00207452,1.91547e-07,2.0526e-06,2.88988e-05,4.48546e-08,8.29592e-05,6.26557e-05,8.40235e-07,6.27187e-07,4.80671e-06,4.02641e-06,13.6435,35.9975,8.78118,0.25492,20.5469,0.261197,11.076,0.0107917,0.20739,1.55221,0.216526,-0.300278,0.00171911,0.00498309,-0.526393,0.0108834,0.016968,0.00493786,0.0028878,-0.526393,0.0156152,2.81662,2.20486,0.000294998,0.041295,0.000770509,0.002828,0.00020739,0.000517405,0.041295,2.84932,2.24415e-06,4.86227,0.218182
2016.2917,302.997,303.02,3.48834,0.371934,1.46019,0.00937609,0.00721386,0.00350527,0.00216223,3.35445e-05,6.78984e-05,2.78357e-05,1.21005e-06,0.00263041,0.00629341,0.0622561,0.760278,0.0153392,0.00207577,1.73654e-07,2.02122e-06,3.26854e-05,5.09007e-08,8.08806e-05,5.999e-05,9.6695e-07,7.13819e-07,4.72639e-06,3.85406e-06,13.6485,36.0021,8.78594,0.256107,20.5465,0.261363,11.082,0.0108092,0.207522,1.55103,0.216629,-0.300094,0.00180576,0.00501266,-0.526426,0.0108903,0.0169771,0.004941,0.00288536,-0.526426,0.0156215,2.81666,2.20488,0.000296276,0.0412938,0.000770999,0.00282952,0.000207522,0.000517009,0.0412938,2.71527,2.19487e-06,4.86253,0.218331
2016.3750,303.182,303.174,3.48075,0.35918,1.97561,0.00962633,0.00723272,0.00350335,0.00239361,3.60295e-05,6.9425e-05,2.99098e-05,1.3003e-06,0.00273407,0.00612688,0.0624952,0.742407,0.0159267,0.00207353,1.86044e-07,1.99349e-06,3.87416e-05,3.68083e-08,8.02805e-05,6.20416e-05,1.18206e-06,4.96604e-07,4.69782e-06,3.98584e-06,13.6484,36.002,8.78931,0.25667,20.5467,0.260849,11.087,0.0108055,0.207114,1.55019,0.216682,-0.300058,0.00175986,0.00502809,-0.526411,0.0108689,0.0169849,0.0049313,0.00288365,-0.526411,0.0156245,2.81669,2.20492,0.000297051,0.0412943,0.000769484,0.00283082,0.000207114,0.000516732,0.0412943,2.9208,2.17954e-06,4.85911,0.21792
2016.4583,303.666,303.644,3.49708,0.326819,2.6428,0.00984485,0.00726683,0.00332514,0.00257802,5.55245e-05,7.06083e-05,4.6101e-05,2.07404e-06,0.00411592,0.00575449,0.0614971,0.504437,0.0164318,0.00207958,2.9057e-07,1.98801e-06,3.9731e-05,3.62456e-08,7.31858e-05,6.35199e-05,1.37855e-06,1.37286e-07,4.42811e-06,4.10193e-06,13.6594,36.016,8.79592,0.257957,20.548,0.261953,11.0942,0.0108495,0.207991,1.55061,0.216843,-0.30024,0.00126263,0.0050662,-0.526297,0.0109149,0.0169956,0.00495216,0.00288456,-0.526297,0.0156348,2.81674,2.20494,0.000299611,0.0412978,0.00077274,0.0028326,0.000207991,0.000516871,0.0412978,3.31437,2.27858e-06,4.86352,0.21884
2016.5417,305.127,305.074,3.50469,0.293466,3.32567,0.00958681,0.00743751,0.00314337,0.0021493,8.58918e-05,7.05762e-05,7.12254e-05,3.28975e-06,0.00696277,0.00612085,0.0606128,0.322668,0.0158021,0.00208262,4.33433e-07,2.00719e-06,2.41832e-05,3.64917e-08,6.61605e-05,6.0415e-05,9.8443e-07,4.41929e-08,4.16562e-06,3.93989e-06,13.6632,36.0278,8.8015,0.260817,20.5511,0.262468,11.1007,0.0108762,0.208399,1.55259,0.216948,-0.30009,0.00095211,0.00514368,-0.526023,0.0109364,0.0170056,0.00496189,0.00288873,-0.526023,0.0156424,2.8168,2.20498,0.000304104,0.0413059,0.000774258,0.00283426,0.000208399,0.000517529,0.0413059,4.00316,2.44062e-06,4.86173,0.219276
2016.6250,305.253,305.234,3.50847,0.29519,3.10797,0.00968133,0.00747805,0.00318829,0.00220329,0.000103754,7.0883e-05,8.58517e-05,4.16694e-06,0.00838051,0.00686456,0.0601535,0.268091,0.0159356,0.00208433,5.41836e-07,2.04484e-06,1.9974e-05,2.31251e-08,6.55937e-05,6.07368e-05,8.17396e-07,2.32049e-08,4.22625e-06,3.98113e-06,13.6629,36.0379,8.80651,0.263764,20.5557,0.262723,11.1069,0.0108946,0.208602,1.55551,0.217017,-0.299641,0.00084309,0.00522048,-0.525616,0.010947,0.0170149,0.00496671,0.00289485,-0.525616,0.0156487,2.81685,2.20501,0.000308334,0.0413174,0.000775011,0.00283582,0.000208602,0.000518502,0.0413174,4.0939,2.58667e-06,4.85637,0.219497
2016.7083,305.659,305.618,3.50333,0.298373,3.1997,0.00943845,0.00747084,0.00327787,0.00196762,9.68281e-05,6.97156e-05,8.01332e-05,3.86332e-06,0.00800358,0.0071792,0.0578451,0.270746,0.0153162,0.00208296,4.94797e-07,2.08221e-06,2.09656e-05,1.46315e-08,6.75579e-05,5.86279e-05,8.38804e-07,1.57589e-08,4.3676e-06,3.83981e-06,13.6582,36.0419,8.81031,0.265067,20.5604,0.262376,11.1123,0.0108944,0.208326,1.55815,0.217041,-0.299144,0.000846682,0.00525356,-0.525186,0.0109325,0.0170232,0.00496015,0.0029004,-0.525186,0.0156522,2.81691,2.20504,0.000310313,0.0413287,0.000773987,0.00283721,0.000208326,0.000519383,0.0413287,4.21641,2.57701e-06,4.84793,0.219221
2016.7917,305.169,305.176,3.50601,0.299159,2.74174,0.00993765,0.00754829,0.00323524,0.00238936,0.000112925,7.21918e-05,9.33191e-05,4.66856e-06,0.00896354,0.00692997,0.0598497,0.255034,0.0163445,0.00208427,5.98824e-07,2.11792e-06,1.86736e-05,9.97721e-09,6.54404e-05,6.20157e-05,7.39426e-07,1.01898e-08,4.30815e-06,4.07186e-06,13.6563,36.0502,8.81512,0.267123,20.5655,0.262556,11.1183,0.010909,0.20847,1.56129,0.217097,-0.298606,0.000799497,0.00530633,-0.524715,0.0109401,0.0170324,0.00496357,0.00290699,-0.524715,0.0156579,2.81696,2.20508,0.000313162,0.0413407,0.00077452,0.00283873,0.00020847,0.00052043,0.0413407,3.76242,2.71674e-06,4.84115,0.219379
2016.8750,303.916,303.932,3.52587,0.346456,2.02181,0.0101247,0.00745519,0.00364975,0.00266947,8.72574e-05,7.16199e-05,7.20082e-05,3.77318e-06,0.00661316,0.00662165,0.0625772,0.338412,0.0167363,0.00209155,5.11618e-07,2.11145e-06,2.25444e-05,2.9947e-09,7.91329e-05,6.41958e-05,7.51016e-07,6.59676e-09,4.92299e-06,4.18168e-06,13.6649,36.0599,8.82231,0.263669,20.5692,0.263897,11.1259,0.0109583,0.209534,1.56216,0.217239,-0.298147,0.000839312,0.00521391,-0.524348,0.0109959,0.0170438,0.00498892,0.00290886,-0.524348,0.015669,2.81702,2.20512,0.000308248,0.0413483,0.000778475,0.00284063,0.000209534,0.00052072,0.0413483,3.15779,2.62307e-06,4.84256,0.220493
2016.9583,304.597,304.572,3.57295,0.344254,2.75177,0.010294,0.00765613,0.00365925,0.00263786,7.19328e-05,7.32069e-05,5.95669e-05,2.87667e-06,0.00536543,0.00663643,0.0621733,0.432073,0.0173711,0.00210818,3.83408e-07,2.10871e-06,2.69755e-05,1.88267e-09,8.18639e-05,6.67793e-05,8.8752e-07,7.3444e-09,4.96031e-06,4.32413e-06,13.6793,36.07,8.83296,0.259267,20.5703,0.267069,11.1357,0.0110508,0.212053,1.56107,0.217458,-0.297752,0.00098132,0.00510057,-0.524198,0.0111281,0.0170581,0.00504888,0.00290669,-0.524198,0.0156841,2.81708,2.20516,0.000302408,0.0413488,0.000787832,0.00284302,0.000212053,0.000520358,0.0413488,3.75473,2.49211e-06,4.84636,0.223104
2017.0417,304.828,304.82,3.63147,0.359441,2.09335,0.0103984,0.0077575,0.00378237,0.00264091,6.77638e-05,7.18761e-05,5.61951e-05,2.62231e-06,0.00486334,0.00599176,0.0595343,0.455475,0.0174951,0.0021287,3.43596e-07,2.11944e-06,2.31659e-05,2.4678e-09,8.601e-05,6.76545e-05,7.44174e-07,9.71695e-09,5.13979e-06,4.37757e-06,13.6905,36.078,8.8448,0.256919,20.5709,0.271002,11.1459,0.011157,0.215175,1.55973,0.217679,-0.297424,0.00106397,0.00504018,-0.524111,0.0112919,0.0170732,0.00512322,0.00290399,-0.524111,0.0156991,2.81713,2.20521,0.000299336,0.0413482,0.000799432,0.00284554,0.000215175,0.000519911,0.0413482,3.57098,2.46304e-06,4.84572,0.226332
2017.1250,304.072,304.102,3.67002,0.379144,1.14599,0.00987425,0.00763718,0.00370151,0.00223708,4.4724e-05,6.86134e-05,3.71333e-05,1.63464e-06,0.00339012,0.00612767,0.05965,0.622546,0.0161483,0.00214234,2.20404e-07,2.10842e-06,2.08627e-05,5.82046e-09,8.54919e-05,6.33052e-05,6.08715e-07,5.26888e-08,5.06601e-06,4.07774e-06,13.6967,36.0798,8.85427,0.255569,20.5702,0.273586,11.1549,0.0112271,0.217227,1.55729,0.217831,-0.29696,0.00143699,0.00500262,-0.524129,0.0113996,0.0170865,0.00517207,0.002899,-0.524129,0.0157092,2.81719,2.20526,0.000296984,0.0413449,0.000807055,0.00284775,0.000217227,0.000519098,0.0413449,2.92585,2.32883e-06,4.84244,0.228454
2017.2083,303.355,303.384,3.68625,0.377591,1.1861,0.00971362,0.00745926,0.00361764,0.00225435,3.42402e-05,6.81847e-05,2.83967e-05,1.24321e-06,0.00265086,0.0064132,0.0613204,0.778476,0.0157791,0.00214832,1.74211e-07,2.07708e-06,2.67054e-05,6.49197e-08,8.22851e-05,6.20972e-05,7.67366e-07,7.19361e-07,4.89731e-06,3.98914e-06,13.6982,36.0812,8.86106,0.257676,20.57,0.274672,11.1623,0.0112553,0.21809,1.55535,0.2179,-0.29649,0.00179056,0.00505234,-0.524128,0.0114449,0.0170977,0.00519261,0.00289504,-0.524128,0.0157136,2.81724,2.2053,0.000298845,0.0413433,0.00081026,0.00284962,0.00021809,0.00051845,0.0413433,2.77459,2.25129e-06,4.83709,0.229345
2017.2917,303.301,303.299,3.68953,0.373048,1.62683,0.00954077,0.00738136,0.0035849,0.00215941,3.13045e-05,6.78454e-05,2.59466e-05,1.13505e-06,0.00246975,0.0063226,0.0611539,0.817856,0.015411,0.00214987,1.60304e-07,2.04591e-06,3.1761e-05,7.15147e-08,8.01829e-05,6.07203e-05,9.33522e-07,8.39974e-07,4.81795e-06,3.89842e-06,13.6966,36.0812,8.8662,0.259748,20.5707,0.274891,11.1687,0.011259,0.218264,1.55406,0.21792,-0.29621,0.00192349,0.00510384,-0.52405,0.011454,0.0171076,0.00519676,0.00289243,-0.52405,0.0157147,2.81727,2.20533,0.000301131,0.0413446,0.000810906,0.00285126,0.000218264,0.000518019,0.0413446,2.85228,2.20621e-06,4.83043,0.229523
2017.3750,303.693,303.699,3.69067,0.351434,2.22356,0.00966492,0.00740711,0.00357147,0.00225782,3.55486e-05,6.87354e-05,2.94948e-05,1.28e-06,0.00277325,0.00619928,0.0605998,0.740102,0.0156979,0.00215068,1.7791e-07,2.02891e-06,4.3418e-05,3.56909e-08,7.88785e-05,6.16215e-05,1.37307e-06,3.41266e-07,4.75633e-06,3.95983e-06,13.694,36.0793,8.87105,0.260143,20.5721,0.274968,11.1749,0.0112589,0.218325,1.55308,0.217935,-0.29623,0.00174691,0.00511642,-0.523919,0.0114572,0.0171171,0.0051982,0.00289047,-0.523919,0.0157154,2.81732,2.20536,0.000301894,0.0413477,0.000811132,0.00285285,0.000218325,0.000517693,0.0413477,3.08629,2.20682e-06,4.82291,0.229583
2017.4583,303.867,303.883,3.7066,0.318358,2.93004,0.0100978,0.00743744,0.00333325,0.00266036,5.86872e-05,7.05198e-05,4.86887e-05,2.22298e-06,0.00427193,0.00573302,0.0601716,0.497306,0.0167073,0.00215655,3.06695e-07,2.02738e-06,3.76972e-05,2.68488e-08,7.06886e-05,6.49481e-05,1.34295e-06,1.14167e-07,4.41561e-06,4.19737e-06,13.6988,36.0889,8.87788,0.261855,20.5748,0.276033,11.1824,0.0112877,0.21917,1.55354,0.218015,-0.296381,0.00122673,0.00516578,-0.523679,0.0115016,0.0171284,0.00521833,0.00289152,-0.523679,0.0157206,2.81737,2.2054,0.000305069,0.0413541,0.000814273,0.00285474,0.00021917,0.000517847,0.0413541,3.50553,2.33408e-06,4.82088,0.230458
2017.5417,304.491,304.467,3.73041,0.305438,2.67999,0.0100947,0.00762447,0.00329557,0.00247025,0.000111215,7.06104e-05,9.17117e-05,4.83574e-06,0.00821226,0.00569664,0.0589507,0.247692,0.0166522,0.00216514,6.49979e-07,2.04285e-06,2.21584e-05,2.9987e-08,6.53351e-05,6.38294e-05,8.74717e-07,3.79774e-08,4.34527e-06,4.18885e-06,13.7058,36.11,8.88592,0.267298,20.5802,0.277623,11.1908,0.0113329,0.220432,1.55673,0.218114,-0.296078,0.000793687,0.00531016,-0.523194,0.0115678,0.017141,0.00524839,0.00289827,-0.523194,0.0157286,2.81743,2.20542,0.000313449,0.041368,0.000818963,0.00285684,0.000220432,0.000518912,0.041368,3.69142,2.69283e-06,4.81983,0.231765
2017.6250,304.319,304.295,3.76473,0.360296,2.5773,0.0102722,0.00752508,0.00379478,0.00274712,7.62648e-05,7.19795e-05,6.29291e-05,3.29267e-06,0.00577943,0.00644422,0.0634136,0.412397,0.0170803,0.0021773,4.49429e-07,2.06428e-06,2.16665e-05,7.65803e-09,8.19748e-05,6.60843e-05,6.97128e-07,4.87113e-08,5.10024e-06,4.28994e-06,13.7187,36.1243,8.89539,0.264324,20.5845,0.279911,11.2001,0.0113995,0.222249,1.55681,0.21826,-0.295504,0.000897875,0.00522834,-0.522789,0.0116632,0.017155,0.00529165,0.00289854,-0.522789,0.01574,2.81749,2.20546,0.000308766,0.0413776,0.000825713,0.00285916,0.000222249,0.000518937,0.0413776,4.00283,2.51371e-06,4.82327,0.233649
2017.7083,305.099,305.07,3.78652,0.337002,2.94509,0.0101749,0.00768928,0.00368574,0.00248563,6.78093e-05,7.16989e-05,5.61097e-05,2.73083e-06,0.00523755,0.00670035,0.0604122,0.437174,0.0167361,0.00218519,3.57225e-07,2.0929e-06,2.87982e-05,9.24575e-09,7.97689e-05,6.49576e-05,9.67157e-07,6.46467e-08,4.93694e-06,4.20885e-06,13.7263,36.1315,8.90336,0.262474,20.5868,0.281361,11.2086,0.0114433,0.223401,1.55594,0.218373,-0.295136,0.000960681,0.00518235,-0.52255,0.0117236,0.0171677,0.00531907,0.00289686,-0.52255,0.0157483,2.81754,2.20551,0.000306336,0.0413817,0.000829992,0.00286128,0.000223401,0.000518647,0.0413817,3.99363,2.45013e-06,4.82296,0.234844
2017.7917,304.917,304.908,3.81067,0.357985,2.5163,0.0104637,0.0077054,0.00383128,0.00275835,6.26015e-05,7.28438e-05,5.1898e-05,2.40684e-06,0.00472386,0.00663347,0.0613701,0.502895,0.0173308,0.00219388,3.14354e-07,2.12237e-06,2.49041e-05,8.39239e-09,8.50458e-05,6.72735e-05,7.83492e-07,6.17408e-08,5.1584e-06,4.34925e-06,13.7354,36.1388,8.91174,0.26034,20.5885,0.282967,11.2174,0.0114925,0.224676,1.55452,0.218505,-0.294743,0.00109018,0.00512747,-0.52236,0.0117905,0.0171809,0.00534943,0.00289404,-0.52236,0.0157576,2.8176,2.20556,0.000303377,0.0413843,0.000834729,0.00286349,0.000224676,0.000518175,0.0413843,3.92837,2.43673e-06,4.82365,0.236168
2017.8750,303.44,303.494,3.83481,0.379156,1.20785,0.0103438,0.00761129,0.00363764,0.00273254,5.25626e-05,7.01531e-05,4.35928e-05,1.99516e-06,0.0038624,0.0062406,0.0621926,0.560198,0.0168882,0.00220258,2.76193e-07,2.11855e-06,1.87142e-05,3.74159e-08,7.99676e-05,6.62267e-05,5.49809e-07,5.62371e-07,4.93261e-06,4.27427e-06,13.7473,36.1509,8.92025,0.260616,20.5899,0.28457,11.2264,0.0115427,0.225949,1.55313,0.218648,-0.294279,0.00125237,0.00513348,-0.522204,0.0118573,0.0171944,0.00537974,0.00289124,-0.522204,0.0157675,2.81766,2.2056,0.000303526,0.0413862,0.000839459,0.00286573,0.000225949,0.000517709,0.0413862,2.93431,2.39474e-06,4.82705,0.237492
2017.9583,303.431,303.443,3.86215,0.376331,1.58335,0.0107144,0.00761064,0.00369772,0.00310371,4.80988e-05,7.20946e-05,3.99317e-05,1.77035e-06,0.00340405,0.0062088,0.0643752,0.663163,0.0178066,0.00221237,2.48361e-07,2.103e-06,2.14313e-05,4.58383e-08,8.14346e-05,6.97999e-05,6.17466e-07,7.35737e-07,4.99166e-06,4.49536e-06,13.7653,36.1716,8.92944,0.26272,20.5917,0.286384,11.236,0.0116019,0.227389,1.55192,0.218828,-0.293665,0.00145218,0.00518301,-0.522017,0.0119329,0.0172088,0.00541402,0.00288884,-0.522017,0.0157794,2.8177,2.20562,0.00030555,0.0413897,0.000844808,0.00286813,0.000227389,0.000517307,0.0413897,3.26725,2.35136e-06,4.83584,0.238991
2018.0417,303.668,303.67,3.89371,0.364085,2.13626,0.0106665,0.0076659,0.00370676,0.00300064,4.80532e-05,7.21804e-05,3.98947e-05,1.7623e-06,0.00342261,0.00625672,0.0638913,0.662664,0.0177258,0.00222357,2.45087e-07,2.09909e-06,2.85446e-05,3.17148e-08,8.03896e-05,6.96114e-05,8.60857e-07,4.86087e-07,4.95197e-06,4.48375e-06,13.786,36.1943,8.93911,0.263991,20.5936,0.288474,11.2458,0.0116718,0.229048,1.55074,0.219042,-0.293235,0.0014546,0.00521479,-0.521832,0.0120199,0.0172235,0.00545352,0.00288648,-0.521832,0.0157934,2.81774,2.20564,0.000307023,0.0413934,0.000850972,0.00287058,0.000229048,0.000516913,0.0413934,3.41325,2.34417e-06,4.84685,0.24072
2018.1250,304.157,304.146,3.90365,0.363007,2.17639,0.0101959,0.00768604,0.00374157,0.00250984,4.60828e-05,7.02507e-05,3.82544e-05,1.68111e-06,0.00347268,0.00610351,0.0617795,0.63246,0.0166292,0.00222745,2.29428e-07,2.09879e-06,2.8223e-05,1.79129e-08,8.13255e-05,6.55258e-05,8.60901e-07,2.97722e-07,5.00613e-06,4.22362e-06,13.7967,36.2065,8.94608,0.264208,20.5959,0.289131,11.254,0.0117006,0.22957,1.54971,0.219159,-0.292926,0.0014159,0.00522157,-0.521606,0.0120473,0.0172359,0.00546595,0.00288447,-0.521606,0.0158012,2.81779,2.20568,0.000307376,0.0413984,0.000852912,0.00287265,0.00022957,0.000516571,0.0413984,3.45718,2.32822e-06,4.85063,0.241271
2018.2083,304.647,304.631,3.9031,0.339593,2.8466,0.0101345,0.00770027,0.00366856,0.00243423,4.93548e-05,7.04413e-05,4.09581e-05,1.82045e-06,0.0037583,0.00597101,0.0601888,0.582627,0.0164805,0.00222779,2.4316e-07,2.10465e-06,3.79314e-05,2.33638e-08,7.83139e-05,6.48094e-05,1.24437e-06,2.75536e-07,4.8652e-06,4.18162e-06,13.803,36.2155,8.95187,0.264913,20.5985,0.289094,11.2616,0.0117091,0.229541,1.54898,0.219231,-0.29268,0.00131754,0.00524157,-0.521353,0.0120458,0.0172475,0.00546526,0.00288306,-0.521353,0.0158063,2.81784,2.20572,0.000308451,0.0414041,0.000852804,0.00287458,0.000229541,0.000516326,0.0414041,3.73095,2.34781e-06,4.85116,0.24125
2018.2917,303.12,303.16,3.88769,0.37237,1.41451,0.0097982,0.00751738,0.00370611,0.00228083,4.54413e-05,6.76674e-05,3.76774e-05,1.70598e-06,0.00352794,0.00636341,0.0614451,0.573354,0.0156017,0.00222309,2.4138e-07,2.09208e-06,2.29504e-05,1.92606e-08,8.0098e-05,6.18194e-05,6.77601e-07,2.78437e-07,4.97405e-06,3.98952e-06,13.8037,36.2189,8.95569,0.265197,20.6015,0.288075,11.2679,0.0116882,0.228732,1.54853,0.219234,-0.292373,0.00132644,0.00524932,-0.521066,0.0120034,0.0172573,0.005446,0.00288225,-0.521066,0.0158071,2.8179,2.20576,0.000308894,0.0414107,0.000849798,0.00287622,0.000228732,0.000516177,0.0414107,2.78102,2.33346e-06,4.84799,0.24042
2018.3750,303.448,303.464,3.87474,0.339968,2.40015,0.00991382,0.00750931,0.00354888,0.00240451,5.00625e-05,6.89413e-05,4.15006e-05,1.90525e-06,0.0038445,0.00603305,0.0612212,0.531384,0.0159439,0.0022192,2.67697e-07,2.07264e-06,3.65228e-05,2.25307e-08,7.4484e-05,6.28003e-05,1.19808e-06,2.55899e-07,4.7129e-06,4.05575e-06,13.8068,36.2267,8.95972,0.266646,20.6047,0.287218,11.2742,0.0116708,0.228051,1.54862,0.21925,-0.292094,0.00124984,0.00528847,-0.520765,0.0119676,0.0172672,0.00542978,0.00288254,-0.520765,0.0158086,2.81795,2.2058,0.000311035,0.0414176,0.000847268,0.00287787,0.000228051,0.000516205,0.0414176,3.13355,2.34034e-06,4.84705,0.239722
2018.4583,303.423,303.401,3.85351,0.364057,1.83886,0.00993359,0.00750521,0.00374783,0.00242838,5.09015e-05,6.88102e-05,4.21861e-05,1.95569e-06,0.00386974,0.00605943,0.0615386,0.521414,0.0160064,0.00221249,2.77568e-07,2.05017e-06,2.49831e-05,1.12549e-08,8.03163e-05,6.29561e-05,7.56082e-07,1.68219e-07,5.02787e-06,4.06644e-06,13.8061,36.2301,8.96257,0.266568,20.6084,0.285811,11.2798,0.0116362,0.226934,1.54897,0.219224,-0.291799,0.00121456,0.00528699,-0.520408,0.011909,0.0172759,0.00540319,0.00288339,-0.520408,0.0158076,2.81801,2.20585,0.000311138,0.0414259,0.000843119,0.00287932,0.000226934,0.000516324,0.0414259,3.15579,2.32774e-06,4.84354,0.23857
2018.5417,303.978,303.969,3.85736,0.351482,2.69249,0.0103564,0.00753291,0.00367447,0.00282346,5.19444e-05,7.08275e-05,4.31036e-05,1.94259e-06,0.00380274,0.005695,0.0614622,0.561746,0.0170112,0.0022143,2.6828e-07,2.05786e-06,3.11409e-05,1.51173e-08,7.95979e-05,6.65563e-05,9.83975e-07,2.33606e-07,4.94294e-06,4.2947e-06,13.8152,36.2394,8.96871,0.265333,20.6108,0.286066,11.2874,0.011649,0.227136,1.54812,0.219315,-0.291428,0.00128713,0.00525462,-0.520167,0.0119196,0.0172876,0.00540801,0.00288173,-0.520167,0.0158139,2.81806,2.20589,0.000309354,0.0414302,0.000843871,0.00288127,0.000227136,0.000516042,0.0414302,3.73527,2.32614e-06,4.84648,0.238785
2018.6250,304.643,304.625,3.86422,0.33903,2.89476,0.0103535,0.00767415,0.00367335,0.00267935,6.19875e-05,7.12564e-05,5.1352e-05,2.42977e-06,0.00463554,0.00593236,0.0611783,0.482937,0.0170111,0.00221712,3.25052e-07,2.08272e-06,3.22015e-05,9.45163e-09,7.86058e-05,6.62979e-05,1.06661e-06,9.71015e-08,4.91539e-06,4.28977e-06,13.825,36.2524,8.97519,0.265482,20.6137,0.286521,11.2953,0.0116676,0.227498,1.54819,0.219417,-0.291248,0.00106678,0.00526083,-0.519875,0.0119386,0.0172995,0.00541661,0.00288197,-0.519875,0.0158212,2.81812,2.20593,0.000309907,0.0414363,0.000845213,0.00288326,0.000227498,0.000516062,0.0414363,3.9863,2.40777e-06,4.84978,0.239165
2018.7083,305.096,305.06,3.87729,0.33821,3.07885,0.0103538,0.00774135,0.00371041,0.00261246,6.64856e-05,7.20347e-05,5.50395e-05,2.64242e-06,0.005066,0.00657809,0.0606905,0.454415,0.0169562,0.00222206,3.46751e-07,2.11232e-06,2.85973e-05,7.01682e-09,8.00122e-05,6.59577e-05,9.58912e-07,5.58332e-08,4.97227e-06,4.27275e-06,13.8357,36.2647,8.98251,0.264565,20.6165,0.287387,11.3037,0.0116983,0.228185,1.54789,0.219545,-0.290933,0.000996493,0.00523846,-0.519594,0.0119747,0.0173123,0.00543298,0.00288147,-0.519594,0.0158303,2.81818,2.20598,0.000308821,0.041442,0.000847768,0.00288538,0.000228185,0.000515962,0.041442,4.11415,2.45907e-06,4.85316,0.239884
2018.7917,304.785,304.773,3.88501,0.33346,2.80955,0.0105005,0.00777828,0.00363957,0.00272222,7.92716e-05,7.23014e-05,6.55231e-05,3.28227e-06,0.00593839,0.00653012,0.0611196,0.386559,0.017222,0.00222518,4.33024e-07,2.1364e-06,2.69972e-05,9.90098e-09,7.70883e-05,6.67377e-05,9.35823e-07,3.65333e-08,4.86356e-06,4.33742e-06,13.8436,36.2769,8.98917,0.265251,20.6198,0.287898,11.3117,0.0117188,0.228591,1.54826,0.219645,-0.290595,0.000895763,0.00525818,-0.519277,0.011996,0.0173244,0.00544264,0.00288238,-0.519277,0.015838,2.81824,2.20602,0.000310064,0.0414488,0.000849275,0.0028874,0.000228591,0.000516088,0.0414488,3.81808,2.56943e-06,4.85439,0.24031
2018.8750,304.017,304.055,3.89464,0.348074,1.91645,0.0104784,0.00772108,0.00368795,0.00275737,8.16132e-05,7.09039e-05,6.73611e-05,3.50058e-06,0.00605167,0.00629156,0.0619359,0.3678,0.0170851,0.00222896,4.73424e-07,2.14266e-06,2.25698e-05,7.26798e-09,7.81493e-05,6.64282e-05,7.57848e-07,2.65515e-08,4.94193e-06,4.32232e-06,13.8535,36.291,8.99613,0.2654,20.6234,0.288535,11.3199,0.0117431,0.229097,1.54871,0.219752,-0.290166,0.00086467,0.00526292,-0.518928,0.0120225,0.0173369,0.00545468,0.00288344,-0.518928,0.0158464,2.8183,2.20606,0.000310445,0.0414565,0.000851153,0.00288948,0.000229097,0.000516237,0.0414565,3.2294,2.61608e-06,4.85738,0.24084
2018.9583,304.067,304.056,3.89982,0.352748,2.45806,0.0107354,0.00768134,0.00372434,0.00305403,6.90892e-05,7.25118e-05,5.71964e-05,2.77122e-06,0.0049818,0.00611943,0.0635735,0.459838,0.0176874,0.00223125,3.78509e-07,2.13126e-06,2.49379e-05,7.80444e-09,8.00527e-05,6.88385e-05,8.03915e-07,5.23121e-08,5.00772e-06,4.46137e-06,13.8692,36.3084,9.00288,0.264603,20.6263,0.288877,11.3282,0.0117665,0.229369,1.54833,0.219889,-0.289602,0.00101748,0.00524094,-0.518632,0.0120368,0.0173496,0.00546116,0.00288276,-0.518632,0.0158566,2.81836,2.20611,0.000309219,0.0414621,0.000852164,0.00289159,0.000229369,0.000516111,0.0414621,3.59191,2.50977e-06,4.86632,0.241135
2019.0417,304.091,304.105,3.90155,0.349471,2.27193,0.010486,0.00775595,0.00370401,0.0027301,6.89434e-05,7.12213e-05,5.70167e-05,2.82478e-06,0.00503998,0.00626872,0.0616383,0.433199,0.017115,0.00223238,3.8319e-07,2.14238e-06,2.53141e-05,6.61117e-09,7.94794e-05,6.67873e-05,8.21127e-07,6.42383e-08,4.9763e-06,4.33201e-06,13.8853,36.3268,9.00915,0.264279,20.629,0.288992,11.3362,0.0117892,0.22946,1.54818,0.220047,-0.289221,0.000969327,0.00523381,-0.518354,0.0120416,0.0173617,0.00546332,0.00288255,-0.518354,0.0158678,2.81842,2.20615,0.00030896,0.0414675,0.000852502,0.00289362,0.00022946,0.000516059,0.0414675,3.49359,2.52557e-06,4.87613,0.241249
2019.1250,303.909,303.901,3.88867,0.356873,2.18314,0.0103127,0.0077003,0.00374429,0.00261235,5.82593e-05,7.00969e-05,4.8279e-05,2.26433e-06,0.00428749,0.00607694,0.0616379,0.494522,0.0167644,0.00222855,3.12098e-07,2.12712e-06,2.55041e-05,9.08584e-09,8.11565e-05,6.5675e-05,7.88072e-07,1.22317e-07,5.04503e-06,4.24961e-06,13.8948,36.3379,9.01345,0.263769,20.6316,0.28814,11.3429,0.011782,0.228783,1.54781,0.220132,-0.288737,0.00112416,0.00522011,-0.518095,0.0120061,0.0173721,0.00544722,0.00288189,-0.518095,0.0158743,2.81848,2.2062,0.000308251,0.0414722,0.000849989,0.00289535,0.000228783,0.000515937,0.0414722,3.32643,2.43922e-06,4.88133,0.240565
2019.2083,303.724,303.749,3.87679,0.363225,1.94641,0.0102098,0.0076138,0.00374267,0.00259596,5.31306e-05,6.93029e-05,4.40713e-05,2.00805e-06,0.00392175,0.00590064,0.0611244,0.52916,0.0165248,0.00222507,2.77223e-07,2.12364e-06,2.46355e-05,1.01975e-08,8.19324e-05,6.4877e-05,7.47366e-07,1.591e-07,5.06154e-06,4.19343e-06,13.9045,36.3485,9.01801,0.262969,20.6338,0.287354,11.3498,0.0117756,0.228159,1.54723,0.220224,-0.288333,0.00122581,0.00519955,-0.517863,0.0119733,0.0173828,0.00543236,0.00288077,-0.517863,0.0158811,2.81854,2.20624,0.000307157,0.0414761,0.00084767,0.00289713,0.000228159,0.000515742,0.0414761,3.26279,2.40087e-06,4.88652,0.239935
2019.2917,303.436,303.443,3.855,0.361215,1.8456,0.0100617,0.0075473,0.00368718,0.00251444,4.53727e-05,6.91491e-05,3.76624e-05,1.66071e-06,0.00339541,0.00618163,0.0616003,0.600003,0.0162393,0.0022182,2.33636e-07,2.10405e-06,2.93641e-05,2.34232e-08,8.06496e-05,6.38487e-05,8.91199e-07,3.60975e-07,4.97462e-06,4.11853e-06,13.9107,36.3562,9.02115,0.26324,20.6357,0.28591,11.3558,0.0117479,0.227012,1.54666,0.220267,-0.287893,0.00141616,0.00520508,-0.517661,0.0119131,0.0173922,0.00540505,0.00287967,-0.517661,0.0158844,2.81859,2.20629,0.000307172,0.0414794,0.00084341,0.00289869,0.000227012,0.000515554,0.0414794,3.00322,2.33768e-06,4.8895,0.23876
2019.3750,303.805,303.802,3.82422,0.344916,2.33429,0.0097569,0.00750157,0.0036285,0.00225533,4.56091e-05,6.83497e-05,3.78379e-05,1.68799e-06,0.00357191,0.00623908,0.0604525,0.564804,0.015566,0.00220826,2.34265e-07,2.08169e-06,3.64586e-05,1.47339e-08,7.84497e-05,6.1133e-05,1.17284e-06,1.83031e-07,4.86595e-06,3.9461e-06,13.9107,36.3592,9.02295,0.263577,20.6381,0.283868,11.3608,0.0117004,0.225391,1.54676,0.220261,-0.287731,0.00133055,0.00521551,-0.517418,0.011828,0.0174002,0.00536645,0.00287996,-0.517418,0.0158844,2.81865,2.20633,0.000307786,0.0414842,0.000837386,0.00290003,0.000225391,0.000515587,0.0414842,3.09225,2.31595e-06,4.88778,0.237091
2019.4583,304.213,304.202,3.79734,0.325791,2.66395,0.010008,0.00757881,0.00349476,0.00242914,6.29599e-05,6.95498e-05,5.216e-05,2.46404e-06,0.0047571,0.00597006,0.0596718,0.431456,0.016177,0.0021996,3.35954e-07,2.07731e-06,3.36042e-05,2.01714e-08,7.37229e-05,6.29369e-05,1.17698e-06,8.03708e-08,4.67743e-06,4.07964e-06,13.9111,36.3653,9.02508,0.264848,20.6414,0.282081,11.3659,0.0116582,0.223973,1.54791,0.220262,-0.287643,0.00106519,0.00525055,-0.517103,0.0117536,0.0174083,0.00533268,0.00288244,-0.517103,0.0158851,2.8187,2.20638,0.000309903,0.0414914,0.000832117,0.00290138,0.000223973,0.00051597,0.0414914,3.467,2.41327e-06,4.88605,0.235631
2019.5417,304.803,304.774,3.77831,0.323074,2.87602,0.00996988,0.00766492,0.0035416,0.00230496,7.52166e-05,6.95165e-05,6.22497e-05,3.02349e-06,0.00575564,0.0059075,0.0583012,0.352657,0.0160867,0.00219361,4.0135e-07,2.0828e-06,2.72243e-05,1.70092e-08,7.4749e-05,6.22537e-05,9.73371e-07,3.57449e-08,4.74924e-06,4.05024e-06,13.9124,36.3728,9.0282,0.265552,20.6454,0.280815,11.3716,0.0116299,0.222967,1.54947,0.220287,-0.287354,0.000927569,0.00526894,-0.516723,0.0117009,0.0174172,0.00530875,0.00288577,-0.516723,0.0158879,2.81876,2.20642,0.000311036,0.0415003,0.000828383,0.00290287,0.000222967,0.000516489,0.0415003,3.67993,2.48415e-06,4.88422,0.234597
2019.6250,305.338,305.304,3.76424,0.30348,3.19627,0.0101592,0.00774351,0.00336744,0.00241569,9.84442e-05,7.06311e-05,8.1422e-05,4.00132e-06,0.00763464,0.00604769,0.0591596,0.291906,0.0165303,0.00218929,5.14116e-07,2.1081e-06,2.28207e-05,1.79489e-08,6.86923e-05,6.33604e-05,9.0047e-07,2.3977e-08,4.49948e-06,4.14659e-06,13.9127,36.3816,9.03178,0.267558,20.6497,0.279878,11.3775,0.0116098,0.222223,1.5517,0.22032,-0.286936,0.000842591,0.00532191,-0.516311,0.0116618,0.0174264,0.00529103,0.00289049,-0.516311,0.0158917,2.81882,2.20646,0.00031398,0.0415101,0.000825618,0.0029044,0.000222223,0.000517232,0.0415101,4.12976,2.62221e-06,4.88088,0.233833
2019.7083,304.913,304.905,3.76461,0.328726,2.93964,0.0103024,0.00764097,0.00362629,0.00266146,9.16611e-05,7.21909e-05,7.568e-05,3.88427e-06,0.00706053,0.006801,0.0610322,0.327546,0.016885,0.0021899,5.09327e-07,2.13861e-06,2.39294e-05,9.10588e-09,7.6484e-05,6.47067e-05,8.5127e-07,1.76526e-08,4.87638e-06,4.22257e-06,13.9196,36.394,9.03722,0.266842,20.6542,0.279903,11.3845,0.0116175,0.222243,1.55336,0.220411,-0.286447,0.000825707,0.00530122,-0.515879,0.0116628,0.0174372,0.0052915,0.00289404,-0.515879,0.0158997,2.81888,2.2065,0.000312836,0.0415198,0.000825691,0.0029062,0.000222243,0.000517788,0.0415198,4.11857,2.64794e-06,4.88235,0.23386
2019.7917,305.035,305.019,3.7637,0.350553,2.83393,0.0102807,0.00760231,0.00384783,0.00267842,6.8594e-05,7.28303e-05,5.68133e-05,2.69266e-06,0.00536781,0.00710239,0.0613983,0.446177,0.0168677,0.00219007,3.5085e-07,2.16797e-06,2.63112e-05,4.6012e-09,8.51478e-05,6.49417e-05,8.59157e-07,1.50615e-08,5.21002e-06,4.2096e-06,13.9272,36.4,9.04248,0.263106,20.6566,0.279842,11.3914,0.0116223,0.222195,1.55306,0.220505,-0.286017,0.000999926,0.0052034,-0.515619,0.0116603,0.0174478,0.00529035,0.0028935,-0.515619,0.0159071,2.81894,2.20655,0.000307516,0.0415236,0.000825512,0.00290797,0.000222195,0.000517688,0.0415236,4.09828,2.51882e-06,4.88475,0.233817
2019.8750,303.756,303.824,3.7697,0.363058,1.60922,0.0104457,0.00756537,0.0036918,0.00288037,6.23218e-05,7.10078e-05,5.16874e-05,2.38589e-06,0.00457696,0.00646629,0.0619276,0.485133,0.0171547,0.00219259,3.22267e-07,2.18074e-06,2.28393e-05,4.57867e-09,8.23099e-05,6.64879e-05,7.43794e-07,1.7474e-08,5.0299e-06,4.30302e-06,13.9388,36.4099,9.04866,0.261,20.6578,0.280242,11.3989,0.0116404,0.222512,1.55238,0.220637,-0.285667,0.00112076,0.0051495,-0.515466,0.011677,0.0174592,0.00529791,0.00289216,-0.515466,0.0159164,2.819,2.20661,0.000304694,0.0415245,0.000826692,0.00290987,0.000222512,0.000517459,0.0415245,3.24722,2.50301e-06,4.89009,0.234153
2019.9583,303.16,303.161,3.78643,0.38114,1.35728,0.0106311,0.00755374,0.00366049,0.00307734,4.91329e-05,7.13162e-05,4.07961e-05,1.81326e-06,0.0034662,0.00605181,0.0644931,0.635789,0.0177143,0.00219878,2.57711e-07,2.15114e-06,1.90715e-05,7.93268e-08,8.1621e-05,6.89451e-05,5.62977e-07,4.80425e-07,5.00361e-06,4.44326e-06,13.9573,36.4305,9.0563,0.262481,20.6589,0.281356,11.4074,0.0116772,0.223396,1.55181,0.220813,-0.285024,0.00142608,0.00518099,-0.515335,0.0117234,0.017472,0.00531896,0.00289103,-0.515335,0.0159283,2.81906,2.20665,0.000305776,0.0415254,0.000829976,0.00291201,0.000223396,0.00051727,0.0415254,3.1018,2.40885e-06,4.90098,0.235074
2020.0417,303.165,303.191,3.81143,0.371645,1.57545,0.0105888,0.00757087,0.00367243,0.00301793,4.54142e-05,7.05302e-05,3.77167e-05,1.65777e-06,0.00318647,0.00579794,0.0639712,0.679899,0.0176249,0.00220776,2.34894e-07,2.13225e-06,2.59784e-05,7.36025e-08,8.16153e-05,6.8889e-05,7.664e-07,6.16192e-07,4.97546e-06,4.43667e-06,13.9767,36.4513,9.0648,0.263365,20.6601,0.283018,11.4163,0.0117285,0.224716,1.55113,0.221015,-0.284563,0.00153209,0.00520106,-0.515201,0.0117926,0.0174854,0.00535038,0.00288967,-0.515201,0.0159414,2.8191,2.20667,0.000306525,0.0415272,0.000834879,0.00291423,0.000224716,0.000517043,0.0415272,3.0236,2.36715e-06,4.91191,0.236445
2020.1250,303.612,303.604,3.83546,0.371222,1.84723,0.0103734,0.00759137,0.00371688,0.00278205,4.43268e-05,7.08545e-05,3.68043e-05,1.61146e-06,0.00323515,0.0062404,0.0638299,0.687219,0.0172113,0.00221642,2.25653e-07,2.12039e-06,2.58876e-05,3.45963e-08,8.27585e-05,6.73157e-05,7.61846e-07,4.60317e-07,5.03436e-06,4.33517e-06,13.9961,36.4722,9.07328,0.263982,20.6615,0.284614,11.4253,0.0117789,0.225984,1.55055,0.221214,-0.284204,0.001528,0.0052158,-0.51505,0.0118591,0.0174988,0.00538056,0.00288853,-0.51505,0.0159544,2.81914,2.2067,0.000307174,0.0415299,0.000839588,0.00291647,0.000225984,0.000516851,0.0415299,3.35303,2.34604e-06,4.92282,0.237762
2020.2083,303.693,303.707,3.84237,0.372869,1.77375,0.010364,0.00759616,0.00371514,0.0027678,4.07811e-05,7.0438e-05,3.38567e-05,1.47366e-06,0.0029292,0.00593365,0.0619942,0.724114,0.0171451,0.00221927,2.05255e-07,2.11619e-06,2.71354e-05,3.85572e-08,8.29368e-05,6.72e-05,7.95548e-07,5.68626e-07,5.02361e-06,4.32422e-06,14.0078,36.4848,9.07976,0.264582,20.6628,0.285072,11.4331,0.0117964,0.226347,1.54963,0.221338,-0.28381,0.00165586,0.00522886,-0.51492,0.0118782,0.0175107,0.00538922,0.00288669,-0.51492,0.0159625,2.81919,2.20673,0.000307389,0.041532,0.000840939,0.00291846,0.000226347,0.000516545,0.041532,3.36479,2.32144e-06,4.92806,0.238144
2020.2917,303.503,303.497,3.84485,0.365121,1.9214,0.010078,0.00758625,0.00367991,0.00249178,3.80695e-05,6.92842e-05,3.15931e-05,1.37539e-06,0.00281031,0.00593749,0.0614773,0.724528,0.0164473,0.00222061,1.93721e-07,2.09863e-06,3.20075e-05,3.96833e-08,8.10944e-05,6.46949e-05,9.58566e-07,5.98008e-07,4.94142e-06,4.16278e-06,14.0181,36.4979,9.08568,0.266201,20.6644,0.285237,11.4406,0.0118053,0.226478,1.54916,0.221444,-0.283466,0.00169592,0.00526902,-0.514761,0.0118851,0.0175222,0.00539233,0.00288575,-0.514761,0.0159694,2.81923,2.20676,0.000309226,0.0415353,0.000841424,0.00292036,0.000226478,0.000516385,0.0415353,3.10728,2.29235e-06,4.93246,0.238283
2020.3750,303.341,303.374,3.83989,0.337828,2.33564,0.0101019,0.00755079,0.0035221,0.00255107,4.82876e-05,6.94702e-05,4.00473e-05,1.81977e-06,0.00357224,0.00604481,0.0616412,0.575367,0.0164604,0.00221942,2.56746e-07,2.08798e-06,4.12542e-05,1.96501e-08,7.47414e-05,6.45426e-05,1.36413e-06,1.72919e-07,4.67178e-06,4.16483e-06,14.0235,36.5077,9.0906,0.267257,20.6672,0.284908,11.4474,0.0117993,0.226217,1.54967,0.221511,-0.283463,0.00133765,0.00530066,-0.514499,0.0118714,0.0175327,0.00538612,0.00288688,-0.514499,0.0159739,2.81928,2.20679,0.000311276,0.0415419,0.000840455,0.00292212,0.000226217,0.000516555,0.0415419,3.10983,2.34472e-06,4.93294,0.238016
2020.4583,303.243,303.232,3.83608,0.342838,2.30232,0.0101427,0.00750477,0.00358311,0.00263791,6.43067e-05,6.98122e-05,5.31459e-05,2.68012e-06,0.00472966,0.00586467,0.0624751,0.431439,0.0165922,0.00221862,3.82397e-07,2.0712e-06,2.96058e-05,8.17118e-09,7.51802e-05,6.46725e-05,9.69076e-07,7.52697e-08,4.77158e-06,4.19156e-06,14.0312,36.5224,9.09562,0.268567,20.6713,0.284655,11.4543,0.0117951,0.226016,1.55128,0.221575,-0.283323,0.000994424,0.00533747,-0.514121,0.0118608,0.0175433,0.00538133,0.00289034,-0.514121,0.0159788,2.81934,2.20683,0.000313779,0.0415518,0.000839708,0.00292388,0.000226016,0.000517094,0.0415518,3.24866,2.4536e-06,4.9356,0.237811
2020.5417,304.696,304.673,3.83354,0.320767,3.19696,0.010155,0.00769041,0.00351136,0.00246458,7.15069e-05,7.05128e-05,5.91283e-05,2.93522e-06,0.00536459,0.00583666,0.0598594,0.398365,0.0166075,0.00221825,3.94214e-07,2.0808e-06,2.7338e-05,9.67512e-09,7.41842e-05,6.43931e-05,9.72555e-07,5.39985e-08,4.69079e-06,4.18138e-06,14.0367,36.5317,9.10089,0.26781,20.675,0.284486,11.4613,0.0117932,0.225882,1.55219,0.22164,-0.282978,0.000939235,0.00531933,-0.513768,0.0118538,0.0175542,0.00537815,0.00289231,-0.513768,0.015984,2.8194,2.20688,0.000312992,0.0415601,0.000839211,0.0029257,0.000225882,0.000517396,0.0415601,3.89425,2.47501e-06,4.93578,0.237675
2020.6250,304.487,304.462,3.831,0.301313,3.05702,0.0101645,0.00771225,0.00330497,0.00245224,0.00011393,7.07363e-05,9.3644e-05,5.28859e-06,0.00874639,0.00640928,0.061532,0.250717,0.0165989,0.00221787,7.13495e-07,2.10447e-06,2.11807e-05,1.71008e-08,6.51888e-05,6.36413e-05,8.33122e-07,2.91574e-08,4.38429e-06,4.18327e-06,14.0403,36.5485,9.10603,0.272234,20.6804,0.284318,11.4682,0.0117908,0.225748,1.55552,0.221689,-0.282531,0.000719014,0.00543663,-0.513274,0.0118468,0.0175648,0.00537496,0.00289933,-0.513274,0.0159891,2.81946,2.20691,0.000319712,0.0415729,0.000838714,0.00292747,0.000225748,0.000518507,0.0415729,3.86859,2.81796e-06,4.93431,0.237539
2020.7083,304.951,304.924,3.84282,0.327752,2.85848,0.0106111,0.00785707,0.00366828,0.00275398,0.000118812,7.25081e-05,9.74897e-05,5.72375e-06,0.0087761,0.00633875,0.0615691,0.266511,0.017565,0.00222238,7.51938e-07,2.13052e-06,1.96202e-05,9.36176e-09,7.50201e-05,6.71143e-05,7.00688e-07,2.05136e-08,4.90568e-06,4.40848e-06,14.048,36.565,9.11306,0.272495,20.6864,0.285102,11.4763,0.0118165,0.226371,1.55814,0.221787,-0.281905,0.000677521,0.00544053,-0.512716,0.0118795,0.0175771,0.00538979,0.00290485,-0.512716,0.0159984,2.81952,2.20694,0.000319863,0.0415867,0.000841027,0.00292952,0.000226371,0.000519378,0.0415867,4.08098,2.88246e-06,4.93494,0.238188
2020.7917,304.975,304.96,3.85633,0.321464,2.95177,0.0104998,0.00782055,0.00358324,0.00267925,0.000103999,7.27104e-05,8.55629e-05,4.74974e-06,0.00787808,0.00665816,0.0613671,0.295456,0.0172537,0.00222747,6.21183e-07,2.15546e-06,2.14394e-05,6.23851e-09,7.38831e-05,6.61845e-05,7.79232e-07,1.51457e-08,4.80505e-06,4.33173e-06,14.0572,36.5786,9.12039,0.271131,20.6908,0.285998,11.4847,0.0118461,0.227083,1.5594,0.221904,-0.281334,0.000729915,0.00540481,-0.51228,0.0119168,0.0175898,0.00540673,0.00290757,-0.51228,0.0160083,2.81959,2.20699,0.000317965,0.0415958,0.000843671,0.00293164,0.000227083,0.000519799,0.0415958,3.98266,2.77664e-06,4.93684,0.238929
2020.8750,304.018,304.049,3.87228,0.357582,1.931,0.0107213,0.00776449,0.00379338,0.00295676,8.73794e-05,7.20308e-05,7.20863e-05,3.79699e-06,0.00632389,0.00617009,0.0628426,0.364719,0.0176963,0.00223338,5.1258e-07,2.16594e-06,1.87966e-05,3.58387e-09,8.12151e-05,6.84099e-05,6.16056e-07,1.13746e-08,5.1381e-06,4.45501e-06,14.0693,36.5929,9.1281,0.269036,20.6946,0.287055,11.4934,0.0118808,0.227922,1.55998,0.222039,-0.280753,0.000849077,0.00534888,-0.511898,0.0119608,0.0176029,0.00542671,0.00290887,-0.511898,0.0160191,2.81965,2.20703,0.000315009,0.0416029,0.000846788,0.00293381,0.000227922,0.000519992,0.0416029,3.42496,2.67852e-06,4.94125,0.239802
2020.9583,303.437,303.454,3.88955,0.369267,1.70036,0.0108886,0.00770405,0.00376884,0.0031846,6.24471e-05,7.16035e-05,5.17722e-05,2.42912e-06,0.00432226,0.00578148,0.0642157,0.513774,0.0180105,0.00223977,3.40286e-07,2.14939e-06,2.02606e-05,5.69927e-09,8.22506e-05,7.0252e-05,6.1651e-07,3.92289e-08,5.13066e-06,4.54556e-06,14.0902,36.6137,9.13636,0.267552,20.6966,0.288198,11.5026,0.0119248,0.228829,1.5593,0.222237,-0.280062,0.00114541,0.00530658,-0.511659,0.0120085,0.0176168,0.00544831,0.00290754,-0.511659,0.0160331,2.81971,2.20708,0.000312542,0.0416057,0.00085016,0.00293614,0.000228829,0.000519766,0.0416057,3.19071,2.48967e-06,4.95383,0.240754
2021.0417,303.607,303.604,3.89861,0.361799,1.99339,0.0106854,0.00774118,0.00375201,0.00294425,5.59397e-05,7.1027e-05,4.64115e-05,2.12029e-06,0.00391541,0.00576968,0.0631222,0.549761,0.0176105,0.00224338,2.96371e-07,2.13228e-06,2.54582e-05,1.66544e-08,8.16423e-05,6.89057e-05,7.73844e-07,2.00775e-07,5.08079e-06,4.45292e-06,14.1111,36.636,9.14351,0.267428,20.6986,0.288797,11.5111,0.0119581,0.229305,1.55887,0.222434,-0.279564,0.00123837,0.00530248,-0.511446,0.0120334,0.0176297,0.00545965,0.00290671,-0.511446,0.0160464,2.81977,2.20712,0.000312306,0.0416086,0.000851928,0.00293828,0.000229305,0.000519624,0.0416086,3.19977,2.42865e-06,4.96761,0.241263
2021.1250,303.771,303.776,3.89983,0.3621,1.91859,0.0105074,0.00776336,0.00378257,0.00274404,5.3947e-05,7.04794e-05,4.47646e-05,2.02814e-06,0.00385154,0.005846,0.0624057,0.554344,0.0172257,0.00224433,2.81806e-07,2.12088e-06,2.58769e-05,1.61522e-08,8.25942e-05,6.74995e-05,7.83122e-07,2.32095e-07,5.11522e-06,4.36159e-06,14.1263,36.6525,9.14964,0.266932,20.7007,0.288878,11.519,0.0119753,0.229369,1.55855,0.222589,-0.279175,0.00125942,0.00528996,-0.511219,0.0120368,0.0176417,0.00546117,0.00290611,-0.511219,0.0160571,2.81982,2.20715,0.000311688,0.0416123,0.000852167,0.00294028,0.000229369,0.000519517,0.0416123,3.29764,2.40269e-06,4.97664,0.241345
2021.2083,304.077,304.069,3.89235,0.357284,2.28486,0.0103447,0.00772683,0.00376562,0.00261789,4.8731e-05,7.01559e-05,4.04588e-05,1.78724e-06,0.00354439,0.0058672,0.0610171,0.592754,0.0168584,0.00224234,2.4494e-07,2.1173e-06,3.02225e-05,1.83664e-08,8.26496e-05,6.6111e-05,9.32744e-07,2.61547e-07,5.08235e-06,4.26717e-06,14.1371,36.6638,9.1548,0.266276,20.7025,0.288383,11.5263,0.0119747,0.228976,1.5579,0.222704,-0.278777,0.00136557,0.00527251,-0.511024,0.0120162,0.017653,0.00545182,0.00290482,-0.511024,0.016065,2.81988,2.2072,0.000310576,0.0416151,0.000850707,0.00294217,0.000228976,0.000519299,0.0416151,3.48492,2.36224e-06,4.98228,0.240951
2021.2917,302.859,302.906,3.864,0.366669,1.48101,0.00975999,0.00752384,0.00367086,0.00223614,4.18937e-05,6.70348e-05,3.47519e-05,1.54556e-06,0.00324108,0.00621884,0.0617328,0.609693,0.0154629,0.00223326,2.20884e-07,2.10085e-06,2.76386e-05,1.89572e-08,8.01535e-05,6.11184e-05,8.28955e-07,3.04105e-07,4.95764e-06,3.94399e-06,14.1385,36.6674,9.15709,0.266567,20.7046,0.286506,11.5318,0.0119311,0.227486,1.55774,0.222715,-0.278476,0.00143413,0.00528018,-0.51081,0.011938,0.0176616,0.00541634,0.00290456,-0.51081,0.0160662,2.81993,2.20724,0.000310892,0.041619,0.00084517,0.0029436,0.000227486,0.000519247,0.041619,2.72484,2.32173e-06,4.98139,0.239417
2021.3750,303.755,303.733,3.83225,0.340147,2.46378,0.00999767,0.00761574,0.00359955,0.00238193,4.65792e-05,6.93163e-05,3.86554e-05,1.71761e-06,0.0035188,0.00607536,0.0612394,0.578836,0.0161262,0.00222298,2.40131e-07,2.07438e-06,3.80922e-05,2.07814e-08,7.73426e-05,6.31725e-05,1.24392e-06,2.38419e-07,4.82194e-06,4.07721e-06,14.1378,36.6706,9.15872,0.267383,20.7072,0.2844,11.5366,0.0118783,0.225814,1.55828,0.222703,-0.278275,0.00136832,0.00530225,-0.510554,0.0118502,0.0176695,0.00537652,0.00290573,-0.510554,0.0160658,2.81998,2.20729,0.000312072,0.0416243,0.000838958,0.00294491,0.000225814,0.000519427,0.0416243,3.14336,2.31451e-06,4.97908,0.237692
2021.4583,304.836,304.791,3.80839,0.32153,2.86566,0.00990042,0.00774179,0.00355419,0.00215863,6.49872e-05,6.93745e-05,5.38746e-05,2.49789e-06,0.00501142,0.00596872,0.0582829,0.402908,0.0159011,0.00221536,3.33066e-07,2.07375e-06,3.21241e-05,2.80334e-08,7.47983e-05,6.1781e-05,1.1572e-06,7.15487e-08,4.75026e-06,4.00963e-06,14.1365,36.6764,9.16124,0.268868,20.7109,0.282816,11.542,0.0118393,0.224556,1.56002,0.222714,-0.278193,0.00104081,0.00534273,-0.510199,0.0117842,0.0176779,0.00534657,0.00290942,-0.510199,0.0160672,2.82004,2.20733,0.000314466,0.0416329,0.000834284,0.00294632,0.000224556,0.000520007,0.0416329,3.60891,2.40682e-06,4.9753,0.236395
2021.5417,304.829,304.816,3.78735,0.318832,2.87645,0.0101906,0.00774794,0.00352148,0.0024427,8.15403e-05,7.00732e-05,6.75155e-05,3.24899e-06,0.00606298,0.00578402,0.058105,0.336529,0.0165277,0.00220869,4.28612e-07,2.08777e-06,2.74771e-05,1.87684e-08,7.37557e-05,6.37753e-05,1.01105e-06,3.15994e-08,4.7206e-06,4.15503e-06,14.1337,36.6798,9.16407,0.269282,20.715,0.281417,11.5475,0.0118042,0.223445,1.56182,0.222725,-0.277897,0.000925393,0.00535413,-0.509814,0.0117259,0.0176866,0.00532012,0.00291323,-0.509814,0.0160692,2.8201,2.20738,0.000315282,0.0416418,0.000830157,0.00294777,0.000223445,0.000520606,0.0416418,3.77844,2.51639e-06,4.96967,0.235249
2021.6250,305.753,305.699,3.77201,0.269166,3.54843,0.00989183,0.00783399,0.00302888,0.00205784,9.31362e-05,6.98197e-05,7.72335e-05,3.52481e-06,0.00754837,0.00646578,0.057699,0.29862,0.015837,0.00220394,4.46157e-07,2.112e-06,1.5212e-05,2.11032e-08,6.09445e-05,6.08446e-05,6.12391e-07,2.33028e-08,4.02299e-06,3.98183e-06,14.1321,36.6865,9.16748,0.271124,20.7191,0.280396,11.5532,0.0117792,0.222634,1.5642,0.222751,-0.277436,0.000909257,0.00540532,-0.50942,0.0116834,0.0176956,0.00530082,0.00291826,-0.50942,0.0160726,2.82016,2.20742,0.000318311,0.0416509,0.000827145,0.00294927,0.000222634,0.000521402,0.0416509,4.03514,2.55816e-06,4.96458,0.234413
2021.7083,304.881,304.898,3.75944,0.283529,2.6017,0.0104906,0.00780188,0.00310566,0.00268875,0.000168931,7.16021e-05,0.000138195,8.50037e-06,0.012536,0.00623569,0.0597546,0.176851,0.0171738,0.00220012,1.10657e-06,2.13504e-06,1.12499e-05,1.65197e-08,5.34889e-05,6.4613e-05,4.40187e-07,1.63421e-08,4.07175e-06,4.30884e-06,14.1287,36.7143,9.17113,0.284312,20.7284,0.279559,11.559,0.0117585,0.22197,1.57285,0.222756,-0.276528,0.000621766,0.0057516,-0.508593,0.0116485,0.0177048,0.00528499,0.00293629,-0.508593,0.0160764,2.82022,2.20743,0.00033768,0.0416746,0.000824675,0.00295079,0.00022197,0.000524284,0.0416746,3.81517,3.24161e-06,4.9576,0.233728
2021.7917,304.688,304.683,3.77666,0.359096,2.27219,0.0106363,0.00772596,0.00405912,0.00291031,8.98585e-05,7.28218e-05,7.39253e-05,4.13403e-06,0.00657286,0.00648179,0.061558,0.361011,0.0175461,0.00220647,5.46353e-07,2.14842e-06,1.87346e-05,2.00863e-09,8.63581e-05,6.73653e-05,5.87602e-07,1.05462e-08,5.51193e-06,4.39028e-06,14.143,36.7261,9.17877,0.274191,20.7351,0.280706,11.5675,0.0117972,0.22288,1.57389,0.222905,-0.275827,0.000796177,0.00547642,-0.507942,0.0116963,0.0177175,0.00530667,0.00293852,-0.507942,0.0160892,2.82028,2.20747,0.000322333,0.0416887,0.000828059,0.00295291,0.00022288,0.000524631,0.0416887,3.84189,2.69478e-06,4.96418,0.234677
2021.8750,303.828,303.888,3.78734,0.366024,1.83512,0.0103833,0.00764708,0.00382527,0.00273623,5.54272e-05,7.04707e-05,4.59714e-05,2.1065e-06,0.00411211,0.00641134,0.0619381,0.537237,0.0169029,0.0022106,2.85075e-07,2.15368e-06,2.28652e-05,1.51792e-09,8.52081e-05,6.57957e-05,6.95806e-07,1.76578e-08,5.25556e-06,4.2527e-06,14.1558,36.7318,9.18561,0.267471,20.7361,0.281416,11.5754,0.0118232,0.223445,1.57231,0.223057,-0.275282,0.00119188,0.00530092,-0.507767,0.0117259,0.0177296,0.00532011,0.00293527,-0.507767,0.0161,2.82034,2.20753,0.000312788,0.0416874,0.000830155,0.00295493,0.000223444,0.000524102,0.0416874,3.16369,2.43876e-06,4.97024,0.235268
2021.9583,303.686,303.664,3.80387,0.37066,1.85498,0.0107352,0.00768514,0.00377666,0.00305007,4.98507e-05,7.2184e-05,4.13946e-05,1.83418e-06,0.00352379,0.00613233,0.0640705,0.642637,0.0179491,0.0022167,2.55067e-07,2.13229e-06,2.38438e-05,1.23561e-08,8.4067e-05,6.97413e-05,7.04249e-07,1.73352e-07,5.17286e-06,4.49407e-06,14.17,36.7457,9.19313,0.26693,20.7371,0.282515,11.5838,0.0118546,0.224317,1.57168,0.223208,-0.274786,0.00141219,0.00528337,-0.507624,0.0117717,0.0177422,0.00534088,0.00293399,-0.507624,0.01611,2.8204,2.20758,0.000311555,0.041687,0.000833397,0.00295703,0.000224317,0.000523893,0.041687,3.34489,2.38736e-06,4.97687,0.236172
2022.0417,304.106,304.111,3.84608,0.369857,1.86505,0.0107388,0.00781402,0.00381209,0.00292479,4.73101e-05,7.16844e-05,3.92982e-05,1.71495e-06,0.00330806,0.00594539,0.0620027,0.670073,0.0179271,0.00223152,2.33161e-07,2.13368e-06,2.55333e-05,2.50477e-08,8.59668e-05,6.99114e-05,7.56603e-07,3.78085e-07,5.20984e-06,4.50325e-06,14.1893,36.7632,9.20373,0.265834,20.7376,0.285319,11.5939,0.0119321,0.226543,1.57046,0.223443,-0.274403,0.00149885,0.00525267,-0.507529,0.0118885,0.0177573,0.00539388,0.0029315,-0.507529,0.0161253,2.82045,2.20762,0.000309671,0.0416862,0.000841666,0.00295955,0.000226543,0.000523488,0.0416862,3.42741,2.36684e-06,4.98557,0.238475
2022.1250,304.22,304.214,3.87803,0.3725,1.86693,0.0106439,0.00783094,0.0038143,0.00281291,4.21055e-05,7.09623e-05,3.49653e-05,1.51659e-06,0.0029525,0.00579694,0.0611306,0.736179,0.0176841,0.00224284,2.05581e-07,2.12691e-06,2.6116e-05,3.63746e-08,8.61418e-05,6.92328e-05,7.62466e-07,6.00025e-07,5.19429e-06,4.45528e-06,14.205,36.7782,9.21317,0.266116,20.738,0.287436,11.6035,0.0119914,0.228224,1.5691,0.223639,-0.27397,0.00166456,0.00525644,-0.507459,0.0119767,0.0177715,0.0054339,0.00292872,-0.507459,0.016138,2.8205,2.20765,0.000309439,0.0416855,0.000847911,0.00296192,0.000228224,0.000523035,0.0416855,3.45959,2.33249e-06,4.9918,0.240215
2022.2083,303.292,303.324,3.89019,0.374993,1.35732,0.0101092,0.00766506,0.00371189,0.00244416,3.58467e-05,6.83214e-05,2.97391e-05,1.29228e-06,0.00266023,0.0060438,0.0616276,0.772676,0.0163628,0.00224746,1.81616e-07,2.11317e-06,2.75632e-05,3.32795e-08,8.29571e-05,6.45779e-05,7.97811e-07,5.92147e-07,5.0325e-06,4.15457e-06,14.2142,36.7885,9.2203,0.267491,20.7388,0.28824,11.6117,0.0120133,0.228863,1.56802,0.223754,-0.273594,0.00180097,0.00528976,-0.507365,0.0120102,0.017784,0.00544912,0.00292652,-0.507365,0.0161455,2.82054,2.20768,0.00031078,0.0416863,0.000850285,0.002964,0.000228863,0.000522675,0.0416863,2.88322,2.29478e-06,4.99386,0.240876
2022.2917,303.94,303.928,3.87826,0.361113,1.94213,0.00982228,0.00769194,0.00376261,0.00213034,3.3753e-05,6.79801e-05,2.79876e-05,1.21335e-06,0.00261698,0.00621376,0.0601426,0.775704,0.0157175,0.00224391,1.67677e-07,2.08798e-06,3.74661e-05,2.84722e-08,8.30054e-05,6.20339e-05,1.13659e-06,4.39255e-07,5.04209e-06,3.99017e-06,14.2135,36.7902,9.22425,0.268745,20.7404,0.287451,11.6178,0.0119884,0.228236,1.56753,0.223763,-0.27337,0.00182328,0.00532146,-0.507203,0.0119774,0.0177937,0.0054342,0.00292555,-0.507203,0.016146,2.82059,2.20772,0.000312188,0.0416896,0.000847957,0.00296561,0.000228236,0.000522511,0.0416896,3.04968,2.25566e-06,4.98921,0.240225
2022.3750,303.528,303.553,3.86097,0.345713,2.15193,0.0100285,0.00762209,0.003634,0.00240642,4.02111e-05,6.8671e-05,3.33658e-05,1.46312e-06,0.00302723,0.00611482,0.0609897,0.677655,0.0161765,0.00223852,2.04392e-07,2.06859e-06,4.27987e-05,1.51468e-08,7.87249e-05,6.35823e-05,1.36825e-06,1.88941e-07,4.84394e-06,4.09535e-06,14.2093,36.7881,9.2274,0.268721,20.7426,0.286305,11.6234,0.0119523,0.227326,1.56748,0.223745,-0.273417,0.00158093,0.00532456,-0.506993,0.0119296,0.0178025,0.00541254,0.00292548,-0.506993,0.0161449,2.82064,2.20777,0.000312633,0.0416944,0.000844577,0.00296708,0.000227327,0.000522493,0.0416944,3.00167,2.27298e-06,4.98187,0.239279
2022.4583,304.217,304.177,3.86237,0.314904,3.02088,0.010092,0.00763008,0.00342324,0.00246192,6.29682e-05,6.98967e-05,5.21847e-05,2.43761e-06,0.0047574,0.00574094,0.0598439,0.439027,0.0164095,0.00223947,3.32809e-07,2.06126e-06,3.41954e-05,2.0809e-08,7.08406e-05,6.37928e-05,1.23884e-06,8.18674e-08,4.54383e-06,4.13422e-06,14.215,36.8019,9.23294,0.271188,20.7464,0.286398,11.6305,0.0119524,0.2274,1.56925,0.223806,-0.273425,0.00109548,0.00539262,-0.506649,0.0119335,0.0178134,0.00541429,0.00292923,-0.506649,0.0161493,2.8207,2.20781,0.000316842,0.0417034,0.000844851,0.0029689,0.0002274,0.000523085,0.0417034,3.58807,2.39406e-06,4.9821,0.239352
2022.5417,305.082,305.053,3.85466,0.27308,3.4041,0.010175,0.00781927,0.00305834,0.00235576,0.000117155,7.02753e-05,9.67547e-05,4.88899e-06,0.00885481,0.00573111,0.0581654,0.24197,0.016549,0.00223733,6.38845e-07,2.08416e-06,1.59816e-05,2.92065e-08,5.81255e-05,6.32781e-05,7.04104e-07,3.23021e-08,4.01801e-06,4.16485e-06,14.2128,36.8158,9.23735,0.276923,20.7526,0.285887,11.6369,0.0119347,0.226994,1.57344,0.223806,-0.27299,0.000814351,0.005545,-0.506094,0.0119122,0.0178234,0.00540463,0.002938,-0.506094,0.0161511,2.82076,2.20784,0.000325466,0.0417187,0.000843343,0.00297056,0.000226994,0.000524479,0.0417187,3.99462,2.723e-06,4.97549,0.238929
2022.6250,306.467,306.374,3.83551,0.206696,3.60279,0.00884012,0.0075356,0.00211279,0.00130451,0.000161493,6.44974e-05,0.00013134,7.95319e-06,0.0149648,0.00696642,0.054175,0.13428,0.0137138,0.00223131,9.88942e-07,2.11707e-06,1.01091e-06,2.20751e-08,3.06552e-05,5.22402e-05,5.69665e-08,2.08967e-08,2.66779e-06,3.52029e-06,14.2029,36.8406,9.24011,0.292534,20.7625,0.284617,11.6421,0.0118944,0.225986,1.5827,0.223721,-0.272006,0.000576051,0.00596019,-0.50522,0.0118593,0.0178317,0.00538061,0.00295733,-0.50522,0.0161496,2.82082,2.20785,0.000348807,0.0417442,0.000839596,0.00297195,0.000225986,0.000527567,0.0417442,4.07103,3.10602e-06,4.96276,0.23788
2022.7083,308.726,308.6,3.67528,0.168636,2.68485,0.00489116,0.0063044,0.0016642,-0.00141325,7.94057e-05,3.79023e-05,6.2408e-05,4.18743e-06,0.013001,0.00745849,0.0335252,0.0688815,0.00564344,0.002177,4.78291e-07,2.12134e-06,2.79665e-07,1.02061e-08,1.40857e-05,2.58431e-05,1.60796e-08,1.24973e-08,2.06838e-06,1.76964e-06,14.1289,36.8266,9.22378,0.322383,20.7765,0.27393,11.6348,0.0115736,0.2175,1.5988,0.22299,-0.270849,0.00044152,0.00673867,-0.50401,0.011414,0.0178226,0.00517858,0.00299084,-0.50401,0.0161067,2.82088,2.20786,0.000394885,0.0417814,0.000808071,0.00297043,0.0002175,0.000532934,0.0417814,3.16373,2.59963e-06,4.9051,0.229074
2022.7917,308.431,308.393,3.4439,0.188275,2.53784,0.00620876,0.00642423,0.00231473,-0.00021547,0.000100838,4.71963e-05,8.19557e-05,5.47273e-06,0.0124694,0.0075817,0.0383904,0.0990546,0.0083134,0.00209746,6.20917e-07,2.09466e-06,3.84395e-06,6.34e-09,2.2079e-05,3.39276e-05,1.64806e-07,7.21621e-09,2.98315e-06,2.295e-06,14.0207,36.7744,9.19657,0.344468,20.7934,0.258349,11.6197,0.0110987,0.205129,1.61588,0.221934,-0.269774,0.000498636,0.00732223,-0.502555,0.0107648,0.0178024,0.00488403,0.00302633,-0.502555,0.0160413,2.82094,2.2079,0.00042922,0.0418258,0.000762111,0.00296707,0.000205129,0.000538627,0.0418258,3.13031,2.71557e-06,4.82411,0.216228
2022.8750,304.79,304.859,3.40554,0.316807,1.88138,0.00986821,0.00726299,0.00394071,0.00260522,0.000165907,7.00599e-05,0.000133786,1.05131e-05,0.0134203,0.00688624,0.0570647,0.169919,0.016079,0.00208435,1.30286e-06,2.09957e-06,1.08562e-05,1.53572e-09,6.3614e-05,5.94107e-05,4.05919e-07,4.18373e-09,5.35684e-06,3.96812e-06,13.9945,36.7531,9.19425,0.322598,20.8124,0.255752,11.62,0.0109998,0.203067,1.62355,0.221704,-0.26891,0.000443478,0.0066967,-0.500796,0.0106566,0.0178037,0.00483493,0.00304219,-0.500796,0.0160308,2.821,2.20795,0.00039006,0.0418707,0.000754449,0.00296728,0.000203067,0.000541182,0.0418707,3.26894,3.40243e-06,4.80026,0.214067
2022.9583,303.783,303.81,3.52222,0.375529,1.53757,0.0106202,0.00753533,0.00416765,0.00308489,8.37561e-05,7.17205e-05,6.90032e-05,3.77724e-06,0.00596368,0.00629774,0.0626514,0.4147,0.0188728,0.0021248,5.10564e-07,2.08094e-06,1.44229e-05,4.48382e-10,8.6746e-05,7.14395e-05,4.29325e-07,4.0359e-09,5.91257e-06,4.62165e-06,14.0096,36.7472,9.21026,0.295891,20.8189,0.263645,11.6306,0.0111325,0.209334,1.62278,0.221942,-0.268167,0.000870641,0.00599481,-0.500015,0.0109854,0.017819,0.00498415,0.00304053,-0.500015,0.0160482,2.82105,2.20802,0.000350704,0.0418776,0.000777732,0.00296984,0.000209334,0.000540928,0.0418776,3.24751,2.5915e-06,4.79933,0.220467
2023.0417,302.777,302.846,3.7018,0.384395,0.975569,0.0104153,0.00746984,0.0037751,0.00294547,5.84392e-05,7.00855e-05,4.84365e-05,2.28345e-06,0.00413456,0.00617155,0.0630366,0.542241,0.0183401,0.00218652,3.21959e-07,2.06869e-06,1.47676e-05,1.27784e-08,8.19933e-05,7.05034e-05,4.28885e-07,1.91059e-07,5.39368e-06,4.53622e-06,14.03,36.7566,9.23282,0.286043,20.8195,0.275709,11.6442,0.0113317,0.218913,1.62102,0.222282,-0.267538,0.00119357,0.00573671,-0.499788,0.0114881,0.0178387,0.00521221,0.00303682,-0.499788,0.0160702,2.82111,2.20808,0.000336473,0.0418709,0.000813318,0.00297311,0.000218913,0.000540339,0.0418709,2.81923,2.39065e-06,4.79716,0.230244
2023.1250,303.883,303.864,3.85474,0.372568,1.94489,0.0106606,0.00766419,0.00393308,0.00299638,5.1344e-05,7.13427e-05,4.2615e-05,1.91515e-06,0.00358595,0.00588065,0.0627393,0.651292,0.0189428,0.00223867,2.63828e-07,2.0529e-06,2.15758e-05,5.65109e-08,8.50783e-05,7.31605e-05,6.34555e-07,8.35776e-07,5.45987e-06,4.69729e-06,14.0492,36.7731,9.25267,0.283778,20.8204,0.285889,11.6568,0.0114962,0.226996,1.61968,0.222572,-0.26691,0.00139834,0.00567204,-0.499586,0.0119122,0.0178569,0.00540466,0.00303401,-0.499586,0.0160885,2.82115,2.2081,0.000332279,0.0418675,0.000843347,0.00297615,0.000226996,0.000539894,0.0418675,3.41983,2.31672e-06,4.79654,0.238492
2023.2083,303.233,303.272,3.98418,0.377023,1.30068,0.010204,0.00762028,0.00383407,0.00258372,4.27818e-05,6.86988e-05,3.5498e-05,1.56658e-06,0.0031417,0.00622804,0.0619312,0.698483,0.0175494,0.00228258,2.19911e-07,2.04804e-06,2.22261e-05,3.63039e-08,8.34392e-05,6.86465e-05,6.41705e-07,6.2698e-07,5.29525e-06,4.40591e-06,14.0641,36.7849,9.27026,0.281725,20.8214,0.294443,11.6686,0.0116284,0.233788,1.61767,0.222803,-0.266381,0.00157402,0.00561743,-0.499404,0.0122687,0.0178741,0.00556638,0.0030298,-0.499404,0.0161031,2.82119,2.20814,0.000329017,0.0418656,0.000868582,0.00297902,0.000233788,0.000539223,0.0418656,2.92513,2.26795e-06,4.79384,0.245416
2023.2917,302.962,302.987,4.06864,0.368056,1.61136,0.0101505,0.00757473,0.0038007,0.00257578,3.90231e-05,6.82208e-05,3.23618e-05,1.42893e-06,0.00287614,0.00601886,0.0622121,0.742306,0.0172801,0.00231117,2.04368e-07,2.0191e-06,2.95358e-05,4.60727e-08,8.01387e-05,6.79714e-05,8.82066e-07,7.72588e-07,5.14135e-06,4.36055e-06,14.0711,36.7947,9.28281,0.283459,20.8236,0.299993,11.6777,0.0116946,0.238194,1.61652,0.222902,-0.265864,0.00169582,0.00565926,-0.499149,0.0124999,0.0178877,0.00567129,0.0030274,-0.499149,0.0161092,2.82123,2.20817,0.000330714,0.0418681,0.000884953,0.00298128,0.000238194,0.000538839,0.0418681,2.81405,2.22347e-06,4.78829,0.249889
2023.3750,303.719,303.713,4.1481,0.315427,3.18154,0.0103537,0.00761822,0.00353193,0.00273548,5.93142e-05,7.00994e-05,4.91518e-05,2.28306e-06,0.00432283,0.00563736,0.0609898,0.52455,0.017722,0.00233799,3.18225e-07,2.0132e-06,3.7975e-05,2.93786e-08,6.99336e-05,6.91614e-05,1.36174e-06,1.9824e-07,4.67347e-06,4.46038e-06,14.0801,36.8101,9.29507,0.28518,20.828,0.305191,11.6868,0.0117595,0.242322,1.61679,0.223008,-0.265711,0.00125701,0.00571015,-0.498714,0.0127165,0.0179014,0.00576956,0.00302798,-0.498714,0.016116,2.82129,2.2082,0.000334003,0.0418772,0.000900287,0.00298356,0.000242322,0.000538931,0.0418772,3.53897,2.33143e-06,4.78505,0.254081
2023.4583,302.614,302.648,4.22481,0.277778,2.82546,0.0105662,0.00767054,0.00310206,0.00289566,0.000173801,6.97839e-05,0.000140951,1.01431e-05,0.0123045,0.00555847,0.0630936,0.17776,0.0180907,0.00236381,1.46793e-06,2.02082e-06,1.51157e-05,3.17917e-08,5.24668e-05,6.87932e-05,6.56758e-07,4.54915e-08,4.03218e-06,4.58096e-06,14.0921,36.8458,9.30732,0.295048,20.8368,0.310189,11.6963,0.0118263,0.24629,1.62185,0.223093,-0.265203,0.000609648,0.00597441,-0.497919,0.0129248,0.0179154,0.00586404,0.00303854,-0.497919,0.016124,2.82135,2.20821,0.000349501,0.0418986,0.000915029,0.00298591,0.00024629,0.000540617,0.0418986,3.31949,3.48875e-06,4.78477,0.258116
2023.5417,304.827,304.771,4.28297,0.270013,3.46047,0.010304,0.00802217,0.00323515,0.00228183,0.000227859,7.004e-05,0.00018114,1.60362e-05,0.0172348,0.00573232,0.0593509,0.122655,0.0173185,0.00238343,2.14614e-06,2.03752e-06,7.90485e-06,8.79067e-09,5.33518e-05,6.47701e-05,3.47481e-07,2.29695e-08,4.2053e-06,4.39356e-06,14.0958,36.8731,9.3177,0.301267,20.8486,0.313965,11.7049,0.0118679,0.249288,1.62747,0.223074,-0.264198,0.000386902,0.0061329,-0.496843,0.0130821,0.0179284,0.00593543,0.00305027,-0.496843,0.0161291,2.82142,2.20823,0.000358324,0.0419274,0.000926169,0.00298806,0.000249288,0.000542489,0.0419274,3.99968,4.18366e-06,4.77808,0.261156
2023.6250,305.834,305.758,4.28777,0.199259,3.60892,0.00836607,0.00733607,0.00206101,0.00103,0.00032491,6.12968e-05,0.000234961,2.65263e-05,0.0322127,0.00729239,0.0533216,0.0484762,0.013013,0.00238536,3.41571e-06,2.07422e-06,5.02418e-07,5.08726e-09,1.9699e-05,4.74319e-05,2.77502e-08,1.51658e-08,2.56962e-06,3.4248e-06,14.0793,36.8996,9.32185,0.320963,20.8618,0.314275,11.7098,0.0118286,0.249534,1.63755,0.222823,-0.262978,0.000210336,0.00657459,-0.495657,0.013095,0.0179363,0.0059413,0.00307129,-0.495657,0.0161226,2.82149,2.20824,0.000387967,0.0419602,0.000927084,0.00298938,0.000249534,0.000545851,0.0419602,4.02975,5.48993e-06,4.75743,0.261363
2023.7083,306.857,306.814,4.10407,0.184221,2.70029,0.00579746,0.00627477,0.00184998,-0.000477305,0.000215871,4.62312e-05,0.000146861,1.87461e-05,0.0323796,0.00840099,0.0423874,0.0268319,0.00734294,0.00232449,2.29234e-06,2.07815e-06,1.06926e-07,1.82335e-09,7.92818e-06,2.93528e-05,5.54667e-09,9.0208e-09,2.28173e-06,2.15757e-06,13.9984,36.8848,9.30311,0.353041,20.8794,0.302307,11.701,0.0114826,0.240031,1.65393,0.221856,-0.261739,0.000135597,0.00728785,-0.494124,0.0125963,0.0179251,0.00571503,0.00310535,-0.494124,0.01607,2.82155,2.20826,0.000435637,0.0420061,0.000891778,0.00298751,0.000240031,0.000551309,0.0420061,3.19912,4.37049e-06,4.69531,0.251514
2023.7917,304.843,304.848,4.0233,0.305024,2.62012,0.0102584,0.00768328,0.00410686,0.00257515,0.000468283,7.25149e-05,0.000339089,5.0109e-05,0.0366825,0.00691187,0.0602529,0.0592071,0.0177795,0.00229761,6.48449e-06,2.08387e-06,3.52893e-06,3.48024e-10,4.43192e-05,6.08715e-05,1.37516e-07,5.14782e-09,5.36345e-06,4.43689e-06,13.9498,36.8658,9.29583,0.349884,20.9016,0.297017,11.6985,0.0112993,0.235831,1.66451,0.221216,-0.260528,0.0001325,0.00711924,-0.492123,0.0123759,0.0179223,0.00561503,0.00312733,-0.492123,0.0160424,2.82162,2.2083,0.000425895,0.0420604,0.000876175,0.00298705,0.000235831,0.000554838,0.0420604,3.94023,8.56837e-06,4.65401,0.247131
2023.8750,303.766,303.816,4.11301,0.348606,1.79201,0.0110323,0.00775249,0.00438023,0.00327985,0.000216411,7.18412e-05,0.000170253,1.80372e-05,0.0149841,0.00602979,0.0626693,0.164343,0.0192429,0.00232788,2.42795e-06,2.09872e-06,8.46438e-06,2.50174e-10,7.41067e-05,7.18583e-05,2.79131e-07,3.01538e-09,6.0016e-06,4.82377e-06,13.9687,36.8718,9.30912,0.322562,20.9157,0.302897,11.7081,0.0113984,0.2405,1.66491,0.221315,-0.259384,0.000354348,0.00649871,-0.49068,0.012621,0.0179365,0.0057262,0.00312813,-0.49068,0.0160592,2.82168,2.20836,0.000385886,0.0420869,0.000893521,0.00298941,0.0002405,0.00055497,0.0420869,3.31664,4.52668e-06,4.65956,0.251899
2023.9583,303.207,303.234,4.1436,0.379244,1.39768,0.010957,0.00744252,0.00419023,0.00351451,8.07002e-05,7.04531e-05,6.63277e-05,3.79702e-06,0.00560994,0.00573266,0.0638647,0.40063,0.0182932,0.00233852,5.35387e-07,2.08153e-06,1.09494e-05,2.05198e-10,8.24164e-05,7.12204e-05,3.15342e-07,5.18281e-09,5.91709e-06,4.62914e-06,13.9963,36.8882,9.31707,0.307798,20.9214,0.304897,11.7158,0.011447,0.242089,1.6627,0.22147,-0.258347,0.000829596,0.00617858,-0.489948,0.0127043,0.017948,0.00576401,0.00312351,-0.489948,0.0160726,2.82175,2.20843,0.00036457,0.0420908,0.000899422,0.00299134,0.000242089,0.000554232,0.0420908,3.06336,2.61692e-06,4.67922,0.253536
2024.0417,302.498,302.543,4.12595,0.376126,1.24646,0.0106718,0.00731479,0.00398781,0.00335697,5.52657e-05,6.90957e-05,4.57392e-05,2.21145e-06,0.00389723,0.00585326,0.0650127,0.554837,0.0177077,0.00233311,3.21151e-07,2.05999e-06,1.72373e-05,2.39851e-09,8.04225e-05,6.94814e-05,5.02549e-07,6.0688e-08,5.56444e-06,4.48935e-06,14.0273,36.9148,9.32045,0.30247,20.9244,0.303745,11.7217,0.0114582,0.241173,1.66068,0.221623,-0.25753,0.00117179,0.00606459,-0.489509,0.0126563,0.017957,0.00574222,0.00311929,-0.489509,0.0160835,2.82181,2.20849,0.000356278,0.0420903,0.00089602,0.00299284,0.000241173,0.000553559,0.0420903,2.801,2.38114e-06,4.70681,0.252631
2024.1250,303.615,303.599,4.11104,0.363211,2.11802,0.0108002,0.00745288,0.00407127,0.00334735,5.15451e-05,7.07011e-05,4.27355e-05,1.9633e-06,0.00360074,0.00573977,0.0637383,0.616278,0.0181531,0.00232861,2.76103e-07,2.0483e-06,2.45433e-05,1.98898e-08,8.36782e-05,7.09389e-05,7.41278e-07,4.45511e-07,5.59084e-06,4.57551e-06,14.0567,36.9421,9.32407,0.298892,20.9275,0.30277,11.7277,0.011471,0.240399,1.65899,0.221781,-0.25691,0.00130951,0.00598651,-0.489103,0.0126157,0.0179661,0.0057238,0.00311573,-0.489103,0.0160942,2.82187,2.20854,0.000350803,0.0420921,0.000893146,0.00299436,0.000240399,0.000552995,0.0420921,3.39971,2.32441e-06,4.73262,0.251871
2024.2083,303.26,303.274,4.08062,0.375323,1.44452,0.0102662,0.00739841,0.00399228,0.00286782,4.16018e-05,6.80805e-05,3.44951e-05,1.54227e-06,0.0030565,0.00596804,0.062077,0.678713,0.016821,0.00231891,2.18921e-07,2.04079e-06,2.24016e-05,2.14883e-08,8.45242e-05,6.62007e-05,6.51559e-07,5.57427e-07,5.4963e-06,4.26457e-06,14.0766,36.9587,9.32579,0.295269,20.93,0.300778,11.7325,0.0114532,0.238818,1.65685,0.221861,-0.256374,0.00151802,0.0059038,-0.488769,0.0125327,0.0179737,0.00568614,0.00311125,-0.488769,0.0160996,2.82192,2.20858,0.000345321,0.0420931,0.00088727,0.00299561,0.000238818,0.000552284,0.0420931,3.03943,2.25971e-06,4.7508,0.250271
2024.2917,303.359,303.371,4.0466,0.362963,1.8506,0.0102744,0.0073696,0.00394625,0.00290477,3.783e-05,6.84281e-05,3.13696e-05,1.38263e-06,0.00276444,0.00590263,0.061754,0.745145,0.0168769,0.00230797,1.95834e-07,2.02511e-06,3.29068e-05,2.45228e-08,8.36739e-05,6.63274e-05,9.99413e-07,5.18594e-07,5.3564e-06,4.26711e-06,14.0927,36.9727,9.32685,0.29328,20.932,0.298548,11.7368,0.0114247,0.237047,1.65478,0.221913,-0.255926,0.00169967,0.00585953,-0.488505,0.0124397,0.0179804,0.00564398,0.00310689,-0.488505,0.0161031,2.82197,2.20863,0.000342079,0.042094,0.000880692,0.00299674,0.000237047,0.000551592,0.042094,3.03766,2.22095e-06,4.76586,0.248472
2024.3750,303.343,303.34,4.01319,0.352748,2.01127,0.0100935,0.00737576,0.00390808,0.00271778,4.11878e-05,6.79267e-05,3.41579e-05,1.51769e-06,0.00309026,0.00602154,0.0617665,0.663468,0.0164693,0.00229719,2.15259e-07,2.01117e-06,3.62283e-05,1.09877e-08,8.23029e-05,6.46446e-05,1.13473e-06,2.09322e-07,5.25577e-06,4.16399e-06,14.107,36.9865,9.3278,0.291041,20.9348,0.296353,11.7409,0.0113937,0.235304,1.65363,0.221955,-0.255798,0.00151504,0.00581225,-0.488185,0.0123483,0.0179869,0.00560248,0.00310445,-0.488185,0.0161058,2.82202,2.20868,0.000339652,0.042098,0.000874217,0.00299782,0.000235304,0.000551209,0.042098,2.94554,2.22642e-06,4.7792,0.246698
2024.4583,304.293,304.268,3.9805,0.332164,2.88651,0.0102885,0.00740751,0.0038001,0.00288104,4.91685e-05,6.9562e-05,4.07891e-05,1.83093e-06,0.00361458,0.00566921,0.059777,0.577551,0.017001,0.00228662,2.49732e-07,2.00752e-06,3.91204e-05,1.05715e-08,8.03303e-05,6.61226e-05,1.32211e-06,1.19678e-07,5.10489e-06,4.26509e-06,14.118,36.9967,9.32865,0.288385,20.9376,0.294203,11.7448,0.0113606,0.233597,1.65264,0.221984,-0.255705,0.00133123,0.00575226,-0.487875,0.0122587,0.0179932,0.00556183,0.00310236,-0.487875,0.0161079,2.82208,2.20873,0.000336597,0.0421023,0.000867873,0.00299886,0.000233597,0.00055088,0.0421023,3.5219,2.25725e-06,4.7894,0.244957
2024.5417,304.549,304.53,3.96209,0.282915,3.35988,0.0104364,0.00749947,0.00327448,0.00293694,9.87306e-05,7.0101e-05,8.16563e-05,4.01154e-06,0.00724835,0.00550921,0.059875,0.312302,0.0173353,0.00228085,5.38133e-07,2.02809e-06,2.34276e-05,3.09386e-08,6.35741e-05,6.63842e-05,9.92537e-07,4.77952e-08,4.34369e-06,4.33998e-06,14.1329,37.0213,9.33125,0.291571,20.9423,0.292989,11.7497,0.0113516,0.232634,1.65455,0.222061,-0.255488,0.000919312,0.00584474,-0.487419,0.0122081,0.0180009,0.0055389,0.0031063,-0.487419,0.0161137,2.82214,2.20877,0.000342186,0.0421122,0.000864295,0.00300014,0.000232634,0.000551515,0.0421122,3.90034,2.56622e-06,4.80161,0.243985
2024.6250,305.674,305.624,3.93911,0.242749,3.64989,0.0100332,0.00760913,0.00282545,0.00242408,0.000146205,7.01919e-05,0.000120295,6.52176e-06,0.0118396,0.00660363,0.0591113,0.194272,0.0164257,0.00227351,8.30882e-07,2.06622e-06,7.52396e-06,2.47868e-08,4.89588e-05,6.19564e-05,3.46527e-07,2.40276e-08,3.68432e-06,4.1143e-06,14.1405,37.0506,9.33309,0.299672,20.9504,0.291473,11.7541,0.0113313,0.23143,1.66006,0.222073,-0.254724,0.000700364,0.00606293,-0.486678,0.012145,0.0180077,0.00551023,0.00311773,-0.486678,0.0161174,2.82221,2.20879,0.000354447,0.0421316,0.000859822,0.00300128,0.00023143,0.000553352,0.0421316,4.23499,2.8971e-06,4.80741,0.242761
2024.7083,307.546,307.424,3.85882,0.176553,3.21958,0.00701368,0.00668016,0.00171972,0.000333523,0.00014688,5.41162e-05,0.000115464,8.18216e-06,0.0176314,0.0079593,0.0466158,0.0877039,0.0100058,0.00224672,9.85143e-07,2.09441e-06,1.05173e-07,1.22796e-08,1.91166e-05,3.92977e-05,6.72742e-09,1.56436e-08,2.11738e-06,2.69027e-06,14.1166,37.0751,9.32731,0.3234,20.9625,0.286159,11.7535,0.0112001,0.22721,1.67264,0.221774,-0.253579,0.000428921,0.00668534,-0.485612,0.0119235,0.0180076,0.00540977,0.00314386,-0.485612,0.0161031,2.82227,2.2088,0.00039061,0.0421626,0.000844146,0.00300127,0.00022721,0.000557548,0.0421626,3.56595,3.07956e-06,4.78928,0.23841
2024.7917,305.525,305.57,3.72263,0.26417,2.39794,0.00950695,0.00723487,0.00330663,0.00227207,0.000271343,6.70746e-05,0.000208179,2.14324e-05,0.0217171,0.00676154,0.0541968,0.0876157,0.0155754,0.00220065,2.68848e-06,2.09522e-06,5.77587e-06,3.58317e-09,4.09623e-05,5.64442e-05,2.37775e-07,8.88836e-09,4.3209e-06,3.91266e-06,14.0642,37.0666,9.31354,0.33683,20.9795,0.277103,11.7474,0.0109556,0.22002,1.68609,0.221177,-0.252489,0.000299447,0.00698276,-0.48412,0.0115462,0.0179998,0.00523857,0.00317173,-0.48412,0.0160703,2.82233,2.20882,0.000409087,0.042206,0.000817432,0.00299997,0.00022002,0.000562029,0.042206,3.51229,4.7837e-06,4.75066,0.230975
2024.8750,304.167,304.196,3.73594,0.36469,1.44276,0.0104921,0.00744965,0.00445746,0.00304245,0.000126991,7.03441e-05,0.00010237,8.19381e-06,0.00923106,0.00612032,0.0608183,0.279591,0.017619,0.00220551,1.07953e-06,2.09326e-06,1.07777e-05,5.59362e-10,8.57253e-05,6.65887e-05,3.32381e-07,4.93891e-09,6.12269e-06,4.3824e-06,14.0799,37.071,9.31885,0.31203,20.9918,0.277992,11.7531,0.0109901,0.220726,1.68724,0.221264,-0.251538,0.000600368,0.00632231,-0.482899,0.0115832,0.0180084,0.00525537,0.00317404,-0.482899,0.0160824,2.82239,2.20888,0.000370795,0.0422315,0.000820054,0.00300141,0.000220726,0.000562412,0.0422315,3.18353,3.17279e-06,4.76104,0.231716
2024.9583,303.422,303.443,3.72528,0.376819,1.4625,0.0105417,0.00721756,0.00403966,0.00332412,5.03284e-05,6.99379e-05,4.17086e-05,1.95444e-06,0.00360353,0.0060109,0.063432,0.616184,0.0175586,0.00220225,2.71614e-07,2.06998e-06,1.8893e-05,4.49111e-09,8.71105e-05,6.77763e-05,5.56349e-07,6.94359e-08,5.66356e-06,4.37244e-06,14.1028,37.078,9.32168,0.297671,20.9935,0.27728,11.7577,0.0109954,0.220161,1.684,0.221423,-0.250749,0.00127079,0.00596268,-0.482572,0.0115536,0.0180155,0.00524192,0.00316724,-0.482572,0.0160935,2.82245,2.20895,0.000349166,0.0422276,0.000817955,0.00300258,0.000220161,0.000561333,0.0422276,3.00899,2.34159e-06,4.78115,0.231156
2025.0417,304.356,304.365,3.71389,0.358176,2.15057,0.0105682,0.00734177,0.00401114,0.00322647,4.72333e-05,7.11924e-05,3.92147e-05,1.73686e-06,0.00337677,0.00617364,0.0616219,0.666714,0.0177773,0.00219876,2.32287e-07,2.07236e-06,3.10643e-05,1.67799e-08,8.96477e-05,6.84172e-05,9.80968e-07,2.19945e-07,5.56389e-06,4.40798e-06,14.134,37.0981,9.32474,0.289671,20.9933,0.276519,11.7627,0.0110136,0.219556,1.68118,0.221672,-0.250435,0.00143006,0.0057652,-0.482464,0.0115219,0.018023,0.00522753,0.00316129,-0.482464,0.0161095,2.8225,2.20901,0.000338313,0.042221,0.00081571,0.00300384,0.000219556,0.000560393,0.042221,3.49144,2.30465e-06,4.80924,0.23057
2025.1250,303.708,303.716,3.69636,0.377665,1.36881,0.0103304,0.00728514,0.00393594,0.00304526,3.78463e-05,6.92687e-05,3.13935e-05,1.393e-06,0.00270492,0.00600316,0.0617109,0.78928,0.0172384,0.00219316,1.92093e-07,2.06203e-06,2.43685e-05,3.95657e-08,9.05009e-05,6.67276e-05,7.00716e-07,7.78553e-07,5.46607e-06,4.29117e-06,14.1592,37.1153,9.32691,0.285815,20.992,0.275348,11.767,0.0110167,0.218627,1.67824,0.221872,-0.250055,0.00173445,0.00566645,-0.482483,0.0114731,0.0180297,0.0052054,0.0031551,-0.482483,0.0161221,2.82255,2.20905,0.000332253,0.0422134,0.000812256,0.00300495,0.000218627,0.000559414,0.0422134,3.01589,2.25412e-06,4.83229,0.229643
2025.2083,304.215,304.199,3.67289,0.378112,1.67966,0.0103626,0.00731508,0.00389938,0.0030475,3.29523e-05,6.9797e-05,2.73038e-05,1.21973e-06,0.00234199,0.00570343,0.0605391,0.907476,0.0173779,0.00218551,1.65696e-07,2.05064e-06,2.89871e-05,4.87632e-08,9.06018e-05,6.71988e-05,8.4255e-07,9.9034e-07,5.37127e-06,4.31442e-06,14.1794,37.128,9.32829,0.283177,20.9903,0.273778,11.7709,0.0110058,0.21738,1.6751,0.222034,-0.249748,0.0020355,0.00559933,-0.482566,0.0114077,0.0180357,0.00517571,0.00314847,-0.482566,0.0161321,2.82258,2.20908,0.000327932,0.0422059,0.000807624,0.00300594,0.00021738,0.000558366,0.0422059,3.43361,2.21634e-06,4.85115,0.228386
2025.2917,303.665,303.704,3.65328,0.363024,1.76279,0.00992802,0.00721435,0.00385364,0.00271367,3.09663e-05,6.81015e-05,2.56544e-05,1.13769e-06,0.00230782,0.00594858,0.0601067,0.882653,0.0163471,0.00217917,1.56385e-07,2.0501e-06,4.09693e-05,2.4592e-08,8.9555e-05,6.34624e-05,1.24293e-06,3.70059e-07,5.23287e-06,4.07551e-06,14.1983,37.1396,9.33008,0.280374,20.9887,0.272465,11.7749,0.0109995,0.216337,1.67212,0.222199,-0.249742,0.00204667,0.00553191,-0.482662,0.0113529,0.0180419,0.00515088,0.00314219,-0.482662,0.016142,2.82262,2.20912,0.000324238,0.0421997,0.00080375,0.00300698,0.000216337,0.000557373,0.0421997,3.04425,2.20649e-06,4.86826,0.227337
2025.3750,304.045,304.023,3.62452,0.333214,2.77922,0.0100782,0.00721784,0.00364844,0.00286034,3.74751e-05,6.96658e-05,3.11124e-05,1.34637e-06,0.00273988,0.00568355,0.0602543,0.761279,0.0168244,0.00216966,1.84359e-07,2.03575e-06,5.12936e-05,3.45487e-08,8.28173e-05,6.48529e-05,1.72513e-06,2.67785e-07,4.90635e-06,4.16946e-06,14.2114,37.1489,9.33047,0.278979,20.988,0.270536,11.7779,0.0109715,0.214806,1.67052,0.222296,-0.249952,0.00180785,0.00550315,-0.482698,0.0112726,0.0180467,0.00511442,0.00313877,-0.482698,0.0161477,2.82267,2.20917,0.00032304,0.0421966,0.00079806,0.00300779,0.000214806,0.00055684,0.0421966,3.37677,2.22011e-06,4.88088,0.225777
2025.4583,303.622,303.632,3.6162,0.286525,3.00485,0.010327,0.00722725,0.00314111,0.0030998,8.39466e-05,7.03634e-05,6.97778e-05,3.05932e-06,0.00594824,0.00551522,0.0615617,0.370291,0.0174151,0.00216716,4.24597e-07,2.04373e-06,2.91911e-05,6.0744e-08,6.51456e-05,6.62825e-05,1.22155e-06,6.40612e-08,4.17767e-06,4.31425e-06,14.2318,37.1774,9.33349,0.282665,20.9904,0.269977,11.7826,0.0109818,0.214362,1.67261,0.222471,-0.250102,0.00115556,0.00560863,-0.48248,0.0112493,0.0180538,0.00510386,0.00314305,-0.48248,0.0161591,2.82272,2.20919,0.000329666,0.0422021,0.000796411,0.00300897,0.000214362,0.000557538,0.0422021,3.52052,2.46833e-06,4.89827,0.225344
2025.5417,304.527,304.512,3.61172,0.254897,3.24818,0.0103429,0.00738461,0.00284226,0.0029583,0.000136181,7.10928e-05,0.000112534,5.62974e-06,0.00980896,0.00576316,0.0608796,0.22442,0.0174646,0.00216599,7.56655e-07,2.05848e-06,1.04029e-05,3.33448e-08,5.40172e-05,6.55004e-05,4.80832e-07,2.62838e-08,3.74858e-06,4.32483e-06,14.2496,37.2127,9.33705,0.289086,20.9962,0.269677,11.7876,0.0109985,0.214123,1.67777,0.222628,-0.249556,0.000837834,0.00578155,-0.481958,0.0112367,0.0180614,0.00509817,0.00315371,-0.481958,0.0161712,2.82278,2.20921,0.000339759,0.0422169,0.000795524,0.00301024,0.000214123,0.000559258,0.0422169,3.86265,2.81513e-06,4.91259,0.225122
2025.6250,306.197,306.113,3.59467,0.222477,3.43839,0.00894815,0.00722737,0.00242299,0.00172078,0.00015828,6.65131e-05,0.000129487,7.82662e-06,0.0139697,0.00718723,0.0559455,0.14474,0.0144021,0.00216048,9.90297e-07,2.08698e-06,3.69122e-06,1.73774e-08,3.90412e-05,5.3904e-05,1.84795e-07,1.76173e-08,3.14633e-06,3.61653e-06,14.2566,37.25,9.33882,0.301416,21.0054,0.26853,11.7914,0.0109877,0.213213,1.68668,0.22268,-0.248606,0.000587857,0.00610994,-0.481155,0.011189,0.0180673,0.0050765,0.00317217,-0.481155,0.0161783,2.82284,2.20921,0.000358283,0.0422402,0.000792143,0.00301122,0.000213213,0.000562228,0.0422402,4.03552,3.07727e-06,4.91775,0.224201
2025.7083,307.407,307.313,3.50199,0.175765,2.93804,0.00669015,0.00650035,0.00171909,0.000189799,0.000137834,5.3953e-05,0.000109348,8.00491e-06,0.0166896,0.00826243,0.0462058,0.090317,0.00964969,0.0021288,9.65752e-07,2.1054e-06,5.93856e-07,7.29246e-09,2.12541e-05,3.75086e-05,3.25824e-08,1.06083e-08,2.16258e-06,2.56026e-06,14.2206,37.2592,9.3301,0.321534,21.0172,0.262281,11.7882,0.0108203,0.208251,1.69982,0.222323,-0.247537,0.000416586,0.00664204,-0.480118,0.0109286,0.0180635,0.00495836,0.00319938,-0.480118,0.0161597,2.82289,2.20922,0.000388755,0.0422708,0.000773709,0.00301058,0.000208251,0.000566607,0.0422708,3.35505,3.07116e-06,4.89053,0.219072
2025.7917,307.171,307.136,3.3364,0.206582,2.38462,0.00618125,0.00610279,0.00217951,7.84549e-05,0.000142091,5.29278e-05,0.000109693,9.00422e-06,0.0181178,0.00843421,0.0446208,0.0784456,0.00901004,0.00207145,1.06815e-06,2.09207e-06,1.92091e-06,3.64836e-09,2.1386e-05,3.46227e-05,9.22223e-08,6.3469e-09,2.85277e-06,2.37946e-06,14.1447,37.2345,9.31065,0.341245,21.0328,0.251043,11.7775,0.0104959,0.199328,1.71579,0.22158,-0.246488,0.000360102,0.00710585,-0.478766,0.0104604,0.0180492,0.00474591,0.00323244,-0.478766,0.0161157,2.82295,2.20925,0.00041647,0.0423115,0.000740558,0.0030082,0.000199328,0.00057193,0.0423115,3.13368,3.16022e-06,4.83405,0.209824
2025.8750,305.023,305.052,3.27737,0.316838,2.14204,0.0102231,0.00715657,0.0040803,0.00306658,0.000188202,7.31581e-05,0.000150819,1.28819e-05,0.0139429,0.00663807,0.0592246,0.172473,0.0177315,0.00205097,1.61855e-06,2.08164e-06,1.15589e-05,1.00261e-09,6.92229e-05,6.45707e-05,4.36866e-07,3.73374e-09,5.4925e-06,4.3182e-06,14.1193,37.2181,9.30484,0.327075,21.0483,0.247016,11.7752,0.01038,0.196131,1.72337,0.22134,-0.245624,0.0004114,0.0067073,-0.47733,0.0102926,0.0180464,0.00466979,0.00324804,-0.47733,0.0161046,2.823,2.20929,0.000392122,0.0423481,0.00072868,0.00300774,0.000196131,0.000574458,0.0423481,3.5338,3.70019e-06,4.81449,0.206511
2025.9583,303.979,304.016,3.33238,0.35773,1.4962,0.0100626,0.00721952,0.00420299,0.00284306,8.72038e-05,7.07226e-05,7.17034e-05,4.08196e-06,0.00639709,0.00642613,0.0606586,0.365533,0.0173999,0.00207038,5.40556e-07,2.07784e-06,1.78714e-05,5.04228e-10,9.02542e-05,6.54463e-05,5.66885e-07,2.24727e-09,5.87198e-06,4.25549e-06,14.1439,37.2196,9.31419,0.301065,21.0531,0.250773,11.7824,0.0104826,0.199114,1.72163,0.221623,-0.244994,0.000828892,0.00604358,-0.476734,0.0104491,0.0180569,0.0047408,0.00324428,-0.476734,0.0161252,2.82306,2.20936,0.000354889,0.0423519,0.00073976,0.00300949,0.000199114,0.000573876,0.0423519,2.9466,2.6184e-06,4.8297,0.209596
2026.0417,304.402,304.408,3.40071,0.353929,2.26142,0.0103669,0.00726107,0.00404418,0.00310587,5.61535e-05,7.2101e-05,4.66452e-05,2.08613e-06,0.00399091,0.00613207,0.0612517,0.57486,0.0181804,0.00209436,2.75946e-07,2.07068e-06,3.08984e-05,3.75383e-10,9.3533e-05,6.89562e-05,9.75317e-07,2.51575e-09,5.6831e-06,4.44169e-06,14.1679,37.2225,9.32504,0.285941,21.0509,0.255423,11.7905,0.0106008,0.202806,1.71775,0.221929,-0.244668,0.00126454,0.00566123,-0.476759,0.0106428,0.0180686,0.00482871,0.00323611,-0.476759,0.0161448,2.82311,2.20943,0.000334587,0.0423388,0.000753478,0.00301143,0.000202806,0.000572582,0.0423388,3.4842,2.34663e-06,4.8429,0.213407
2026.1250,304.549,304.547,3.46495,0.362856,2.03315,0.0103117,0.00738259,0.00399136,0.0029291,4.54327e-05,7.08455e-05,3.77563e-05,1.64242e-06,0.00323043,0.00594417,0.0605561,0.69942,0.0179593,0.00211687,2.17101e-07,2.06578e-06,3.10629e-05,6.47511e-10,9.50356e-05,6.85726e-05,9.53193e-07,6.0978e-09,5.58642e-06,4.40718e-06,14.1917,37.2311,9.33568,0.278112,21.0474,0.259779,11.7987,0.0107147,0.206265,1.71385,0.222233,-0.24447,0.00155791,0.00546332,-0.476952,0.0108244,0.0180804,0.00491107,0.00322792,-0.476952,0.0161638,2.82316,2.20949,0.000323985,0.0423244,0.000766329,0.0030134,0.000206265,0.000571284,0.0423244,3.389,2.28288e-06,4.85603,0.21698
2026.2083,303.923,303.95,3.52141,0.362792,1.93297,0.0100955,0.00728626,0.00385221,0.00280926,4.15467e-05,6.92835e-05,3.45133e-05,1.50131e-06,0.00299654,0.00582525,0.060331,0.713838,0.017319,0.00213665,2.0266e-07,2.06331e-06,3.39512e-05,1.49869e-09,9.13051e-05,6.64652e-05,1.04393e-06,1.62061e-08,5.32426e-06,4.27123e-06,14.2126,37.2405,9.34566,0.273725,21.044,0.263596,11.8067,0.0108162,0.209295,1.7102,0.222512,-0.244459,0.0016287,0.00535483,-0.477175,0.0109834,0.018092,0.00498322,0.00322024,-0.477175,0.016181,2.82322,2.20954,0.000318284,0.042312,0.000777587,0.00301534,0.000209295,0.000570066,0.042312,3.19249,2.26597e-06,4.86697,0.220111
2026.2917,303.772,303.777,3.5543,0.357928,1.90042,0.00982491,0.00722051,0.00380525,0.00260441,3.67191e-05,6.86457e-05,3.04874e-05,1.31872e-06,0.00271971,0.00587426,0.0599986,0.75268,0.0166789,0.00214826,1.81469e-07,2.0457e-06,3.90557e-05,1.14747e-08,8.97929e-05,6.41626e-05,1.21144e-06,1.04152e-07,5.2015e-06,4.1202e-06,14.2278,37.2485,9.35275,0.27203,21.0414,0.265814,11.813,0.0108744,0.211056,1.70717,0.222689,-0.244343,0.0017925,0.00531331,-0.477352,0.0110758,0.0181014,0.00502515,0.00321385,-0.477352,0.0161918,2.82328,2.2096,0.000315851,0.0423034,0.00078413,0.00301689,0.000211056,0.000569056,0.0423034,3.02585,2.22717e-06,4.87506,0.221931
2026.3750,303.56,303.587,3.58878,0.337808,2.3819,0.0101938,0.00726619,0.00363923,0.00292763,4.64527e-05,6.98316e-05,3.85921e-05,1.69123e-06,0.00328426,0.00567897,0.060731,0.632986,0.0174783,0.00216041,2.34128e-07,2.03517e-06,4.38216e-05,1.81398e-08,8.37694e-05,6.70572e-05,1.4522e-06,1.16792e-07,4.92292e-06,4.31535e-06,14.2434,37.2597,9.36019,0.271148,21.04,0.268135,11.8197,0.0109373,0.212899,1.70509,0.222877,-0.24457,0.00150001,0.00529636,-0.477453,0.0111725,0.0181112,0.00506903,0.00320947,-0.477453,0.0162032,2.82333,2.20964,0.00031529,0.0422984,0.000790976,0.00301853,0.000212899,0.000568363,0.0422984,3.1821,2.2693e-06,4.88324,0.223836
2026.4583,303.598,303.59,3.63194,0.30846,2.79904,0.0101922,0.00734907,0.00337276,0.00284313,7.94005e-05,6.99871e-05,6.58236e-05,3.10045e-06,0.00572998,0.0057549,0.0618196,0.373071,0.0174176,0.00217554,4.31929e-07,2.03148e-06,3.08824e-05,3.23454e-08,7.28657e-05,6.63378e-05,1.17473e-06,5.44554e-08,4.51732e-06,4.30934e-06,14.264,37.2854,9.36898,0.274294,21.0413,0.271034,11.8273,0.011019,0.215201,1.70578,0.223097,-0.244597,0.00103675,0.00538362,-0.477326,0.0112933,0.0181224,0.00512383,0.00321086,-0.477326,0.0162175,2.82339,2.20968,0.000320577,0.0423013,0.000799527,0.00302041,0.000215201,0.000568592,0.0423013,3.40102,2.46341e-06,4.89504,0.22622
2026.5417,304.992,304.959,3.66541,0.287937,3.10092,0.0102225,0.00760471,0.00328894,0.00261774,0.000109513,7.04286e-05,9.06197e-05,4.42263e-06,0.0079691,0.00568584,0.0588315,0.266369,0.0173878,0.00218733,5.79885e-07,2.04541e-06,2.03152e-05,2.38163e-08,6.82106e-05,6.5702e-05,8.49196e-07,2.67459e-08,4.37932e-06,4.30476e-06,14.2774,37.3076,9.37675,0.277644,21.0448,0.273277,11.8345,0.0110837,0.216982,1.70772,0.22326,-0.244205,0.000853097,0.00547305,-0.477006,0.0113868,0.018133,0.00516624,0.00321488,-0.477006,0.0162294,2.82345,2.20971,0.000325599,0.0423098,0.000806145,0.00302217,0.000216982,0.000569241,0.0423098,3.82309,2.62529e-06,4.90062,0.228066
2026.6250,306.59,306.501,3.6896,0.220007,3.83762,0.00948274,0.00764112,0.00235758,0.00184163,0.000149781,6.8456e-05,0.000123492,6.37209e-06,0.0127008,0.0068243,0.0555953,0.172106,0.0156528,0.00219595,7.77754e-07,2.08369e-06,2.4071e-06,2.25696e-08,4.05194e-05,5.8638e-05,1.28711e-07,1.93111e-08,3.05932e-06,3.90559e-06,14.2821,37.3355,9.38339,0.288567,21.0512,0.274896,11.841,0.0111319,0.218268,1.71363,0.223365,-0.243389,0.000694704,0.00576611,-0.476442,0.0114542,0.0181428,0.00519685,0.00322713,-0.476442,0.0162389,2.8235,2.20972,0.000341985,0.042326,0.00081092,0.0030238,0.000218268,0.000571211,0.042326,4.36884,2.86144e-06,4.89867,0.229399
2026.7083,307.086,307.044,3.62343,0.213659,3.00792,0.00768876,0.00689121,0.00219209,0.000797555,0.000166084,6.13064e-05,0.0001336,9.36242e-06,0.0172785,0.00774166,0.0495644,0.10438,0.0120211,0.00217354,1.10928e-06,2.11554e-06,2.81259e-06,9.04222e-09,2.77491e-05,4.51088e-05,1.41121e-07,1.16571e-08,2.82174e-06,3.07067e-06,14.2439,37.3446,9.3781,0.310984,21.0633,0.270461,11.8399,0.0110053,0.214746,1.72639,0.22304,-0.242296,0.000451737,0.00635208,-0.475394,0.0112694,0.0181419,0.005113,0.0032536,-0.475394,0.0162223,2.82356,2.20972,0.000374467,0.0423576,0.000797838,0.00302365,0.000214746,0.000575464,0.0423576,3.7798,3.22483e-06,4.86584,0.225752
2026.7917,305.338,305.37,3.59162,0.292498,2.53715,0.0102497,0.00749431,0.00352797,0.00275535,0.000246127,7.26438e-05,0.000193759,1.80867e-05,0.018621,0.00674846,0.0580089,0.123046,0.0175923,0.00216284,2.24018e-06,2.13315e-06,7.56171e-06,2.21011e-09,5.71538e-05,6.37025e-05,3.02467e-07,6.69765e-09,4.61912e-06,4.33601e-06,14.2214,37.3475,9.37692,0.313273,21.0777,0.268326,11.8412,0.0109415,0.213051,1.73508,0.222834,-0.241294,0.000337346,0.00636591,-0.474103,0.0111804,0.0181442,0.00507263,0.00327159,-0.474103,0.016215,2.82362,2.20975,0.000374429,0.0423936,0.000791538,0.00302404,0.000213051,0.00057836,0.0423936,3.75823,4.37333e-06,4.8445,0.223992
2026.8750,304.933,304.941,3.64912,0.344346,2.45535,0.0108778,0.00756272,0.00422144,0.00331505,0.00012178,7.43775e-05,9.95211e-05,6.36793e-06,0.00856465,0.00648896,0.0607561,0.28769,0.018887,0.00218289,8.13536e-07,2.14979e-06,1.65162e-05,8.05823e-10,8.68205e-05,7.09975e-05,5.48423e-07,3.90822e-09,5.72477e-06,4.65161e-06,14.2447,37.3592,9.3876,0.295291,21.085,0.272186,11.85,0.0110512,0.216115,1.73422,0.22307,-0.240487,0.000633795,0.00589657,-0.473357,0.0113413,0.0181571,0.0051456,0.00326978,-0.473357,0.0162345,2.82368,2.2098,0.000348407,0.0424071,0.000802925,0.00302619,0.000216115,0.000578073,0.0424071,3.93941,2.96332e-06,4.85709,0.227167
2026.9583,303.696,303.738,3.6997,0.374089,1.45528,0.0107203,0.00745635,0.00409441,0.00326397,6.54443e-05,7.11404e-05,5.42264e-05,2.59174e-06,0.00448272,0.00590352,0.061675,0.495142,0.0181782,0.00220059,3.51365e-07,2.1492e-06,1.72378e-05,4.52103e-10,9.16874e-05,6.99014e-05,5.15565e-07,3.37827e-09,5.67419e-06,4.52239e-06,14.2775,37.3758,9.39805,0.282928,21.0853,0.275572,11.8592,0.01116,0.218804,1.73014,0.223392,-0.239854,0.00111108,0.00558359,-0.473202,0.0114824,0.0181706,0.00520961,0.00326129,-0.473202,0.0162564,2.82374,2.20986,0.000331764,0.0424019,0.000812913,0.00302843,0.000218804,0.000576712,0.0424019,3.08295,2.50056e-06,4.87946,0.229964
2027.0417,302.918,302.954,3.71532,0.378845,1.18316,0.0104007,0.00732362,0.00388248,0.00307703,4.28421e-05,6.9756e-05,3.55653e-05,1.57356e-06,0.00301512,0.00606039,0.0630878,0.703257,0.0174654,0.0022063,2.22591e-07,2.11797e-06,2.18087e-05,3.16473e-09,8.81266e-05,6.77158e-05,6.26578e-07,4.06687e-08,5.36871e-06,4.35833e-06,14.3023,37.3923,9.40419,0.279644,21.0839,0.276616,11.8658,0.0112104,0.219633,1.72645,0.223616,-0.239281,0.00157995,0.00549743,-0.473228,0.0115259,0.0181804,0.00522935,0.00325361,-0.473228,0.0162708,2.8238,2.20991,0.00032653,0.0423943,0.000815993,0.00303007,0.000219633,0.000575482,0.0423943,2.77366,2.34056e-06,4.89809,0.230843
2027.1250,304.276,304.257,3.72693,0.364526,2.15391,0.0105199,0.00748601,0.00399201,0.00303386,3.95682e-05,7.10911e-05,3.28447e-05,1.43513e-06,0.00279002,0.00598033,0.0616613,0.793138,0.017851,0.00221064,1.94631e-07,2.10249e-06,3.31167e-05,2.75332e-08,9.1071e-05,6.9034e-05,1.00433e-06,3.41732e-07,5.42998e-06,4.43712e-06,14.3247,37.4082,9.40985,0.277461,21.083,0.27739,11.8722,0.0112523,0.220248,1.72308,0.22382,-0.238988,0.00175628,0.00544176,-0.473253,0.0115581,0.0181899,0.005244,0.0032466,-0.473253,0.0162835,2.82385,2.20996,0.000323106,0.042389,0.000818278,0.00303165,0.000220248,0.000574359,0.042389,3.47233,2.29712e-06,4.91482,0.2315
2027.2083,303.666,303.706,3.73655,0.36664,1.64078,0.0101085,0.00740555,0.00387098,0.00270298,3.70347e-05,6.87558e-05,3.07343e-05,1.33836e-06,0.00270775,0.00610859,0.0604892,0.768424,0.0167721,0.00221432,1.83195e-07,2.10136e-06,3.294e-05,2.68988e-08,8.89148e-05,6.52412e-05,1.00199e-06,3.53831e-07,5.25825e-06,4.19533e-06,14.3438,37.4197,9.41544,0.274817,21.0817,0.278033,11.8786,0.0112904,0.220758,1.71938,0.224016,-0.238916,0.00176996,0.00537708,-0.473317,0.0115849,0.0181996,0.00525614,0.0032389,-0.473317,0.0162956,2.8239,2.21001,0.000319583,0.0423836,0.000820173,0.00303326,0.000220758,0.000573126,0.0423836,3.03815,2.28455e-06,4.92837,0.232048
2027.2917,302.979,302.986,3.72162,0.372483,1.54957,0.00987943,0.00726891,0.0037881,0.00261052,3.14716e-05,6.76503e-05,2.60832e-05,1.1489e-06,0.00235509,0.00604122,0.0623929,0.866797,0.0162551,0.0022096,1.64054e-07,2.06698e-06,3.26839e-05,6.16903e-08,8.5957e-05,6.3431e-05,9.63721e-07,9.36923e-07,5.10801e-06,4.07443e-06,14.3542,37.4278,9.41777,0.275986,21.081,0.277036,11.8829,0.0112788,0.219967,1.71661,0.224088,-0.238608,0.00201648,0.0054055,-0.473351,0.0115434,0.0182063,0.0052373,0.00323313,-0.473351,0.0162998,2.82394,2.21004,0.000320408,0.0423807,0.000817234,0.00303438,0.000219967,0.000572203,0.0423807,2.78475,2.23104e-06,4.93644,0.231246
2027.3750,303.847,303.844,3.71943,0.32704,2.89791,0.010397,0.00740365,0.00361829,0.00299333,4.33169e-05,7.03903e-05,3.59847e-05,1.56043e-06,0.00302169,0.00547409,0.0604628,0.691115,0.0175033,0.00220922,2.15412e-07,2.05306e-06,4.93922e-05,3.60061e-08,7.9905e-05,6.771e-05,1.69238e-06,2.37885e-07,4.81411e-06,4.35785e-06,14.3676,37.4397,9.42169,0.275892,21.0815,0.27689,11.8882,0.0112907,0.219851,1.71476,0.224213,-0.238788,0.00165857,0.00540888,-0.473298,0.0115373,0.0182143,0.00523454,0.00322929,-0.473298,0.0163073,2.82398,2.21007,0.000320873,0.042381,0.000816803,0.00303572,0.000219851,0.000571588,0.042381,3.44474,2.26848e-06,4.94591,0.231141
2027.4583,303.753,303.756,3.73205,0.313386,2.57074,0.0102744,0.00749399,0.00350014,0.0027804,7.75927e-05,6.9663e-05,6.43697e-05,2.97406e-06,0.00557115,0.00580043,0.0611455,0.369364,0.017143,0.00221392,4.12234e-07,2.05552e-06,3.20652e-05,4.01728e-08,7.34957e-05,6.5892e-05,1.21443e-06,5.57228e-08,4.63806e-06,4.28352e-06,14.3857,37.4652,9.42762,0.279041,21.0845,0.277732,11.8949,0.0113313,0.220519,1.7159,0.22439,-0.238848,0.00105372,0.00549673,-0.47302,0.0115724,0.0182242,0.00525046,0.00323168,-0.47302,0.016319,2.82404,2.2101,0.000326316,0.0423885,0.000819287,0.00303737,0.000220519,0.000571968,0.0423885,3.34091,2.46775e-06,4.95805,0.231851
2027.5417,305.073,305.03,3.73674,0.303597,3.22105,0.0104108,0.00765431,0.00352589,0.00275653,9.64226e-05,7.07283e-05,7.98573e-05,3.83233e-06,0.00690654,0.00546907,0.0588721,0.309869,0.0174404,0.00221591,5.02024e-07,2.06817e-06,2.48135e-05,2.01205e-08,7.38663e-05,6.64942e-05,9.70698e-07,2.73312e-08,4.68523e-06,4.34295e-06,14.3967,37.4809,9.4326,0.279503,21.0881,0.278045,11.9009,0.0113558,0.220768,1.71656,0.224514,-0.238531,0.000903141,0.00551097,-0.472692,0.0115854,0.0182334,0.00525638,0.00323307,-0.472692,0.0163282,2.8241,2.21014,0.000327289,0.0423968,0.00082021,0.0030389,0.000220768,0.000572187,0.0423968,3.99762,2.5702e-06,4.96412,0.232124
2027.6250,305.573,305.531,3.7543,0.258867,3.48048,0.0105529,0.00782643,0.00298595,0.00272652,0.000138904,7.14583e-05,0.000114711,5.80856e-06,0.0100944,0.00578142,0.058424,0.224176,0.0176802,0.00222229,7.35092e-07,2.09635e-06,1.05836e-05,1.98081e-08,5.77796e-05,6.67068e-05,4.78642e-07,2.02574e-08,3.92858e-06,4.40609e-06,14.4107,37.5066,9.43927,0.283893,21.0928,0.279216,11.9081,0.0114051,0.221697,1.71916,0.22468,-0.23794,0.000769739,0.00562977,-0.472258,0.0116342,0.0182441,0.00527851,0.00323848,-0.472258,0.0163411,2.82416,2.21017,0.000334113,0.0424082,0.000823664,0.00304068,0.000221697,0.000573052,0.0424082,4.02733,2.83144e-06,4.97144,0.233103
2027.7083,305.535,305.514,3.76981,0.267228,3.13038,0.0105032,0.00779385,0.0030612,0.00270932,0.000216353,7.27592e-05,0.000175003,1.27872e-05,0.0160722,0.00648917,0.0590436,0.140046,0.0175533,0.00222798,1.61806e-06,2.12715e-06,7.61517e-06,8.94371e-09,5.21052e-05,6.48014e-05,3.2126e-07,1.27842e-08,3.9839e-06,4.37479e-06,14.4212,37.5465,9.44574,0.296158,21.1023,0.280249,11.9151,0.0114503,0.222518,1.72691,0.224795,-0.236945,0.000475548,0.00594853,-0.471419,0.0116773,0.0182547,0.00529805,0.00325461,-0.471419,0.0163533,2.82422,2.21017,0.00035172,0.0424323,0.000826712,0.00304244,0.000222518,0.000575636,0.0424323,4.12418,3.74521e-06,4.97541,0.233968
2027.7917,305.383,305.379,3.78717,0.319174,2.79557,0.0107901,0.00781982,0.00387362,0.00297031,0.000140931,7.37283e-05,0.000115039,7.45457e-06,0.0102434,0.00668358,0.059997,0.233376,0.0181057,0.00223431,9.4343e-07,2.1589e-06,1.64483e-05,2.80755e-09,7.73026e-05,6.82942e-05,6.11112e-07,7.59737e-09,5.1595e-06,4.50756e-06,14.4344,37.5638,9.45254,0.290637,21.1102,0.281405,11.9225,0.011499,0.223436,1.72856,0.224925,-0.236115,0.00058038,0.00579404,-0.470673,0.0117254,0.0182656,0.0053199,0.00325808,-0.470673,0.0163663,2.82428,2.21021,0.000342592,0.0424503,0.000830122,0.00304427,0.000223436,0.000576187,0.0424503,4.08472,3.10233e-06,4.98181,0.234935
2027.8750,303.981,304.029,3.81843,0.357647,1.81134,0.0110477,0.00774016,0.00408287,0.00330759,9.27774e-05,7.20438e-05,7.64929e-05,4.10872e-06,0.00631955,0.00592113,0.0619795,0.366937,0.0185371,0.00224537,5.48089e-07,2.16858e-06,1.90966e-05,1.27578e-09,8.82068e-05,7.12723e-05,6.13231e-07,4.93023e-09,5.52867e-06,4.64308e-06,14.4568,37.5797,9.46129,0.282991,21.1133,0.283483,11.9311,0.0115752,0.225086,1.72665,0.22516,-0.235475,0.000842454,0.0055955,-0.470328,0.011812,0.0182784,0.00535918,0.00325417,-0.470328,0.0163837,2.82434,2.21025,0.000332106,0.0424544,0.000836251,0.00304641,0.000225086,0.000575551,0.0424544,3.29217,2.71667e-06,4.99554,0.236661
2027.9583,304.039,304.038,3.83518,0.358752,2.18921,0.0110889,0.0076827,0.00399119,0.00340615,6.12356e-05,7.25621e-05,5.0817e-05,2.32792e-06,0.00414223,0.00590959,0.0630072,0.545037,0.0185228,0.00225154,3.16337e-07,2.15473e-06,2.57889e-05,1.08206e-09,8.87752e-05,7.18005e-05,8.09032e-07,1.04175e-08,5.42771e-06,4.64311e-06,14.487,37.6013,9.46875,0.277783,21.1134,0.284595,11.9394,0.0116359,0.225968,1.72314,0.225441,-0.234892,0.0011938,0.00546108,-0.470235,0.0118583,0.0182907,0.0053802,0.00324694,-0.470235,0.0164026,2.8244,2.21031,0.000325004,0.0424512,0.000839531,0.00304846,0.000225968,0.00057438,0.0424512,3.40741,2.47106e-06,5.0182,0.237604
2028.0417,303.676,303.699,3.82842,0.367995,1.79872,0.0108107,0.00764731,0.00396438,0.00316339,5.21979e-05,7.10276e-05,4.33408e-05,1.93789e-06,0.00360196,0.00590199,0.0630183,0.610847,0.0179074,0.00224973,2.67068e-07,2.14428e-06,2.4145e-05,1.76286e-09,8.91469e-05,6.97397e-05,7.2203e-07,2.49893e-08,5.38891e-06,4.50277e-06,14.5133,37.6222,9.47327,0.275363,21.1134,0.284147,11.9459,0.0116591,0.225612,1.72016,0.225681,-0.234511,0.00135183,0.00539953,-0.470185,0.0118397,0.0183005,0.00537173,0.00324079,-0.470185,0.0164183,2.82446,2.21036,0.0003217,0.0424485,0.000838209,0.00305009,0.000225612,0.000573386,0.0424485,3.21418,2.41135e-06,5.04006,0.237272
2028.1250,304.592,304.56,3.82085,0.351551,2.52011,0.0107764,0.00777505,0.00396854,0.00300132,5.04409e-05,7.15656e-05,4.19037e-05,1.83864e-06,0.00347643,0.00576491,0.0607393,0.625804,0.0179306,0.00224763,2.45705e-07,2.14097e-06,3.40197e-05,5.29188e-09,8.93318e-05,6.97081e-05,1.0758e-06,6.76579e-08,5.34939e-06,4.49794e-06,14.5359,37.6402,9.47762,0.273751,21.1132,0.283644,11.9522,0.0116781,0.225213,1.71729,0.225904,-0.234255,0.00140206,0.0053596,-0.470156,0.0118187,0.0183101,0.00536222,0.00323488,-0.470156,0.0164327,2.82452,2.2104,0.000319517,0.0424462,0.000836726,0.00305168,0.000225213,0.000572431,0.0424462,3.6618,2.38668e-06,5.05826,0.236892
2028.2083,303.969,304.004,3.80295,0.348623,2.04523,0.0104675,0.00771331,0.0038637,0.00275416,4.85819e-05,6.96213e-05,4.03432e-05,1.78378e-06,0.00342343,0.00585703,0.0600774,0.600588,0.0171358,0.00224202,2.42177e-07,2.13652e-06,3.69856e-05,7.31859e-09,8.68223e-05,6.68596e-05,1.18132e-06,8.9522e-08,5.19096e-06,4.316e-06,14.5509,37.6505,9.48069,0.272017,21.1131,0.282454,11.9577,0.0116747,0.224269,1.71452,0.226069,-0.234135,0.0013849,0.00531844,-0.470136,0.0117692,0.0183186,0.00533973,0.00322916,-0.470136,0.0164434,2.82458,2.21045,0.000317447,0.0424443,0.000833217,0.00305311,0.000224269,0.000571506,0.0424443,3.14446,2.3787e-06,5.07019,0.235943
2028.2917,303.501,303.517,3.77427,0.367766,1.49298,0.0100424,0.00758303,0.00389985,0.00245938,4.1529e-05,6.79825e-05,3.4472e-05,1.51414e-06,0.00306179,0.00618437,0.0605405,0.651672,0.0161771,0.00223271,2.10848e-07,2.11189e-06,2.72349e-05,1.00405e-08,8.89269e-05,6.3342e-05,8.11271e-07,1.80539e-07,5.2664e-06,4.08477e-06,14.5601,37.656,9.48217,0.27085,21.1131,0.280546,11.9621,0.0116463,0.222754,1.712,0.226164,-0.233909,0.0015282,0.00528939,-0.470114,0.0116896,0.0183256,0.00530366,0.00322398,-0.470114,0.0164495,2.82464,2.21051,0.000315768,0.042443,0.000827588,0.00305427,0.000222754,0.000570666,0.042443,2.78489,2.32274e-06,5.07794,0.2344
2028.3750,303.669,303.671,3.74188,0.334796,2.60744,0.0103159,0.00752999,0.00365773,0.0027859,4.50563e-05,6.96156e-05,3.74354e-05,1.62278e-06,0.00319867,0.00568243,0.0606295,0.634965,0.0169088,0.00222209,2.25091e-07,2.0843e-06,4.38712e-05,3.24069e-08,8.14313e-05,6.57528e-05,1.4678e-06,2.45886e-07,4.89073e-06,4.2402e-06,14.5662,37.6604,9.48294,0.271137,21.113,0.278388,11.9659,0.0116068,0.22104,1.71005,0.226227,-0.23381,0.00154092,0.00529945,-0.470098,0.0115997,0.0183317,0.00526286,0.00321996,-0.470098,0.0164534,2.82469,2.21056,0.000316205,0.042442,0.000821222,0.00305529,0.00022104,0.000570016,0.042442,3.20987,2.30939e-06,5.08325,0.232647
2028.4583,304.842,304.802,3.72918,0.275854,3.37794,0.0103906,0.00777896,0.00315766,0.00261166,8.68408e-05,7.04239e-05,7.21968e-05,3.13035e-06,0.00614498,0.00550462,0.0579028,0.344117,0.017094,0.00221819,4.13191e-07,2.09109e-06,2.33715e-05,5.31144e-08,6.50322e-05,6.5568e-05,9.8372e-07,6.42345e-08,4.17033e-06,4.27602e-06,14.5773,37.6798,9.48623,0.2754,21.1157,0.277541,11.9713,0.0116047,0.220367,1.71138,0.226364,-0.233769,0.00108525,0.00541626,-0.469858,0.0115644,0.01834,0.00524684,0.00322277,-0.469858,0.0164627,2.82475,2.21059,0.000322976,0.0424485,0.000818722,0.00305667,0.000220367,0.00057046,0.0424485,3.75799,2.50428e-06,5.0911,0.231972
2028.5417,306.444,306.377,3.69497,0.190492,3.47582,0.00907479,0.00746031,0.00198332,0.00161448,0.000134015,6.69643e-05,0.000110798,5.33398e-06,0.0119304,0.00666878,0.0543854,0.171239,0.0142893,0.00220692,6.54785e-07,2.1113e-06,4.74181e-07,4.15147e-08,2.89772e-05,5.42135e-05,2.95697e-08,2.63913e-08,2.50703e-06,3.61017e-06,14.5716,37.7109,9.48658,0.294672,21.1236,0.275255,11.9747,0.0115568,0.218552,1.72102,0.226357,-0.232851,0.000782461,0.00594023,-0.469174,0.0114692,0.0183456,0.00520362,0.00324282,-0.469174,0.0164646,2.82481,2.21059,0.000352916,0.0424696,0.000811979,0.0030576,0.000218552,0.000573672,0.0424696,3.84195,2.76609e-06,5.085,0.230109
2028.6250,307.293,307.166,3.60987,0.189161,3.09251,0.00734415,0.0070154,0.0019296,0.000328753,0.000161942,5.62898e-05,0.000128341,9.2705e-06,0.0170148,0.00720963,0.0466239,0.0883611,0.0109028,0.00217808,1.12704e-06,2.12533e-06,1.37697e-06,1.23666e-08,2.37065e-05,4.20069e-05,7.352e-08,1.65454e-08,2.39338e-06,2.87493e-06,14.5358,37.7243,9.4796,0.315859,21.1376,0.26955,11.9731,0.0113999,0.214023,1.73509,0.226045,-0.231753,0.000422331,0.00647962,-0.467972,0.0112315,0.0183441,0.00509578,0.00327207,-0.467972,0.0164491,2.82486,2.21059,0.000383425,0.0425064,0.00079515,0.00305735,0.000214023,0.000578363,0.0425064,3.56792,3.25237e-06,5.05622,0.225423
2028.7083,309.924,309.826,3.39956,0.14705,2.57184,0.0050418,0.00637637,0.00169528,-0.00133457,8.55028e-05,4.09182e-05,6.7997e-05,4.51843e-06,0.0132864,0.00785404,0.0324662,0.0748129,0.0061379,0.00210554,4.79947e-07,2.10205e-06,5.4702e-07,7.30907e-09,1.29639e-05,2.66204e-05,2.91796e-08,9.51991e-09,2.16746e-06,1.81831e-06,14.4319,37.6842,9.45461,0.348743,21.1501,0.255337,11.9591,0.0109748,0.202738,1.75338,0.225108,-0.230659,0.000434557,0.00738512,-0.466897,0.0106393,0.0183254,0.00482709,0.00331001,-0.466897,0.0163918,2.82492,2.21061,0.000438607,0.0425399,0.000753226,0.00305423,0.000202738,0.00058446,0.0425399,2.89701,2.582e-06,4.97733,0.213713
2028.7917,308.878,308.82,3.21101,0.200415,2.43186,0.00564585,0.00619526,0.00242101,-0.000549411,8.68373e-05,4.63553e-05,7.04634e-05,4.43871e-06,0.012252,0.00812093,0.0368696,0.10092,0.0075176,0.00203973,4.76479e-07,2.08435e-06,2.19676e-06,3.93756e-09,2.52871e-05,3.05693e-05,1.09775e-07,5.54697e-09,3.19121e-06,2.06203e-06,14.3352,37.6284,9.43111,0.353722,21.1704,0.242466,11.9452,0.0105796,0.192518,1.76907,0.224245,-0.229648,0.000462569,0.00743626,-0.465135,0.010103,0.0183068,0.00458375,0.00334251,-0.465135,0.0163387,2.82498,2.21065,0.000439804,0.0425926,0.000715256,0.00305113,0.000192518,0.000589692,0.0425926,3.30022,2.56083e-06,4.90411,0.203097
2028.8750,304.911,304.988,3.15661,0.297065,1.88249,0.00979641,0.00709137,0.00379672,0.00270504,0.000170647,7.0427e-05,0.000138211,1.0207e-05,0.013112,0.00676429,0.0560052,0.162206,0.0163878,0.00202069,1.24726e-06,2.08317e-06,1.20344e-05,1.47408e-09,6.11308e-05,5.98242e-05,4.83383e-07,3.31883e-09,5.18429e-06,3.99709e-06,14.3055,37.6021,9.42526,0.333128,21.1871,0.23873,11.9425,0.0104567,0.189552,1.77641,0.224022,-0.228854,0.000459231,0.00686822,-0.463561,0.00994731,0.0183033,0.00451314,0.00335761,-0.463561,0.0163274,2.82503,2.21071,0.000403806,0.0426308,0.000704237,0.00305056,0.000189552,0.000592136,0.0426308,3.05688,3.33043e-06,4.88026,0.200009
2028.9583,305.059,305.036,3.28417,0.355949,2.22159,0.01044,0.0075788,0.00447959,0.00286122,8.88939e-05,7.284e-05,7.32961e-05,3.94522e-06,0.00630312,0.00641726,0.0586261,0.389357,0.0190473,0.00206534,5.03758e-07,2.06771e-06,1.94804e-05,3.93718e-10,9.51927e-05,7.10739e-05,6.19861e-07,1.95677e-09,6.30678e-06,4.59915e-06,14.3206,37.5909,9.44138,0.303359,21.1925,0.247473,11.9521,0.0106159,0.196494,1.77446,0.22432,-0.228255,0.000845695,0.00609031,-0.462865,0.0103116,0.018317,0.00467842,0.00335344,-0.462865,0.0163483,2.82508,2.21078,0.000360404,0.0426344,0.000730026,0.00305284,0.000196494,0.000591486,0.0426344,3.46003,2.57147e-06,4.87924,0.20711
2029.0417,304.537,304.587,3.49247,0.364396,1.54491,0.0103961,0.0076669,0.00419072,0.00272923,5.88676e-05,7.03595e-05,4.89127e-05,2.17237e-06,0.00414547,0.00606535,0.0583872,0.556269,0.0186625,0.00213767,2.79019e-07,2.06701e-06,2.46238e-05,3.92104e-10,9.635e-05,7.09855e-05,7.68088e-07,1.88907e-09,5.95395e-06,4.56332e-06,14.3378,37.583,9.46632,0.285907,21.1899,0.261637,11.9661,0.0108672,0.20774,1.76926,0.224727,-0.227912,0.00126448,0.00564349,-0.46289,0.0109018,0.0183369,0.00494619,0.00334259,-0.46289,0.0163741,2.82514,2.21085,0.000336766,0.0426185,0.000771808,0.00305615,0.00020774,0.000589753,0.0426185,3.01732,2.34603e-06,4.87152,0.218607
2029.1250,305.028,305.019,3.66522,0.379062,1.70274,0.0104864,0.00776021,0.00407334,0.00272617,4.36607e-05,7.04822e-05,3.62655e-05,1.5776e-06,0.00307813,0.00589327,0.0580628,0.7584,0.0187752,0.00219708,2.01737e-07,2.0577e-06,2.24168e-05,3.45535e-09,9.45643e-05,7.19941e-05,6.65207e-07,3.23542e-08,5.72881e-06,4.61155e-06,14.3523,37.5827,9.48748,0.279777,21.1865,0.27326,11.9785,0.0110686,0.216969,1.7641,0.225055,-0.227503,0.00168461,0.00548272,-0.463057,0.0113861,0.0183546,0.00516592,0.00333183,-0.463057,0.0163942,2.82519,2.21091,0.000327503,0.0426032,0.000806095,0.00305911,0.000216969,0.000588032,0.0426032,3.41739,2.25943e-06,4.86484,0.228037
2029.2083,303.861,303.899,3.82043,0.380474,1.2805,0.01033,0.00765155,0.00396049,0.00267842,3.42589e-05,6.86745e-05,2.839e-05,1.26556e-06,0.00243269,0.00587346,0.0593388,0.904,0.0181052,0.00225007,1.70295e-07,2.04941e-06,2.59829e-05,6.77507e-08,9.1261e-05,7.02344e-05,7.42458e-07,8.08508e-07,5.47383e-06,4.49335e-06,14.3677,37.589,9.50706,0.278819,21.1837,0.283614,11.9905,0.0112471,0.225189,1.75887,0.22535,-0.227041,0.00205296,0.00545382,-0.463219,0.0118174,0.0183719,0.00536165,0.00332095,-0.463219,0.0164121,2.82524,2.21095,0.00032505,0.0425919,0.000836636,0.00306199,0.000225189,0.00058629,0.0425919,2.96242,2.21971e-06,4.8606,0.236436
2029.2917,303.767,303.779,3.926,0.366142,1.6527,0.0100089,0.00763312,0.0039703,0.00237576,3.05773e-05,6.73863e-05,2.53098e-05,1.12979e-06,0.00227489,0.00602217,0.0594015,0.937447,0.0171275,0.00228594,1.546e-07,2.0194e-06,3.79582e-05,5.83115e-08,8.89735e-05,6.6954e-05,1.13571e-06,6.69682e-07,5.35551e-06,4.28417e-06,14.3746,37.5918,9.5211,0.279791,21.1827,0.290607,11.9996,0.0113518,0.230742,1.75474,0.2255,-0.22678,0.00218784,0.00547903,-0.463259,0.0121088,0.0183853,0.00549385,0.00331236,-0.463259,0.0164207,2.82528,2.21098,0.000325895,0.0425872,0.000857265,0.00306422,0.000230742,0.000584913,0.0425872,2.78163,2.174e-06,4.85346,0.242094
2029.3750,304.399,304.395,4.0269,0.324641,2.75791,0.0104184,0.00776659,0.00375948,0.00265176,4.39286e-05,6.94969e-05,3.64798e-05,1.57127e-06,0.00315277,0.0057608,0.0584065,0.703439,0.0179995,0.00232006,2.09246e-07,2.00965e-06,5.04105e-05,3.1786e-08,8.02692e-05,7.00494e-05,1.75049e-06,1.82359e-07,4.98632e-06,4.4964e-06,14.383,37.599,9.53494,0.28037,21.1837,0.297253,12.009,0.0114558,0.236019,1.75192,0.225659,-0.226986,0.00168251,0.00550186,-0.463136,0.0123857,0.018399,0.00561949,0.00330651,-0.463136,0.0164301,2.82533,2.21102,0.000327683,0.0425886,0.000876869,0.0030665,0.000236019,0.000583972,0.0425886,3.27682,2.2189e-06,4.84802,0.247474
2029.4583,304.937,304.92,4.12245,0.257405,3.46685,0.0106294,0.00794106,0.00305555,0.00268833,0.000110063,7.0139e-05,9.1361e-05,4.06603e-06,0.00777187,0.00549595,0.0568899,0.296702,0.0183005,0.00235226,5.26002e-07,2.02046e-06,1.70367e-05,4.94453e-08,5.69894e-05,7.01407e-05,7.6199e-07,4.93322e-08,3.96932e-06,4.58521e-06,14.3926,37.6233,9.54854,0.288233,21.1888,0.303515,12.0185,0.0115579,0.240991,1.75367,0.225808,-0.226832,0.00101198,0.00571634,-0.462678,0.0126467,0.018413,0.00573787,0.00331019,-0.462678,0.0164401,2.82539,2.21105,0.000340226,0.0426012,0.000895341,0.00306883,0.000240991,0.000584557,0.0426012,3.77334,2.54646e-06,4.84401,0.252549
2029.5417,306.211,306.152,4.16902,0.17287,3.46628,0.00876894,0.00726436,0.00173763,0.00150458,0.000195167,6.50484e-05,0.000153809,1.04681e-05,0.0193239,0.0068762,0.053181,0.107926,0.0140359,0.00236806,1.28331e-06,2.04507e-06,8.61443e-08,2.48972e-08,1.97345e-05,5.28012e-05,5.44666e-09,2.37805e-08,2.10263e-06,3.59765e-06,14.3857,37.6664,9.55665,0.315558,21.2,0.306556,12.0251,0.0115852,0.243405,1.76511,0.225741,-0.225684,0.000509757,0.00644808,-0.461717,0.0127734,0.0184229,0.00579537,0.00333398,-0.461717,0.0164401,2.82546,2.21104,0.000382721,0.0426305,0.000904312,0.00307049,0.000243405,0.000588369,0.0426305,3.67647,3.32837e-06,4.82907,0.254991
2029.6250,307.382,307.287,4.03662,0.181837,2.72389,0.00576186,0.00630109,0.0019005,-0.000539234,0.000171792,4.48218e-05,0.00012093,1.24377e-05,0.0235899,0.00753192,0.0392618,0.0420596,0.00769267,0.00232399,1.48802e-06,2.04864e-06,1.13985e-07,6.40708e-09,1.1592e-05,3.14204e-05,7.29552e-09,1.43665e-08,2.32143e-06,2.23454e-06,14.3176,37.6646,9.54305,0.347632,21.2174,0.297888,12.0187,0.0113219,0.236523,1.78201,0.224962,-0.224462,0.000244449,0.00718552,-0.460224,0.0124122,0.0184148,0.0056315,0.0033691,-0.460224,0.0163965,2.82552,2.21104,0.000429485,0.042677,0.000878743,0.00306914,0.000236523,0.000594005,0.042677,3.14642,3.53667e-06,4.77456,0.247845
2029.7083,306.767,306.748,3.92504,0.211672,2.83,0.00763404,0.00687605,0.00260488,0.000757991,0.000335671,5.76441e-05,0.000237986,3.15963e-05,0.0332736,0.00729393,0.0463794,0.0381521,0.0120264,0.00228656,3.78811e-06,2.04498e-06,1.36383e-06,1.54581e-09,1.95582e-05,4.28943e-05,6.24987e-08,8.07911e-09,3.30216e-06,3.14804e-06,14.2531,37.646,9.53122,0.35888,21.238,0.290543,12.0129,0.0110887,0.230691,1.79594,0.224205,-0.2233,0.000149184,0.00736238,-0.458415,0.0121062,0.0184074,0.00549265,0.00339798,-0.458415,0.0163573,2.82559,2.21107,0.000443603,0.0427302,0.000857078,0.0030679,0.000230691,0.000598646,0.0427302,3.50265,5.83308e-06,4.72189,0.24178
2029.7917,304.919,304.989,3.88667,0.296814,2.12466,0.0100432,0.00744165,0.00398542,0.0026015,0.000434326,7.04259e-05,0.000314697,4.58421e-05,0.0344307,0.00682378,0.0570639,0.0599287,0.017463,0.00227367,5.72226e-06,2.05232e-06,3.35399e-06,4.30581e-10,4.46646e-05,6.004e-05,1.28197e-07,4.72488e-09,5.24385e-06,4.34191e-06,14.2131,37.6327,9.52784,0.355235,21.2584,0.288007,12.0118,0.0109754,0.228677,1.80595,0.223686,-0.222132,0.000145609,0.00718382,-0.456566,0.0120005,0.0184065,0.0054447,0.00341873,-0.456566,0.0163367,2.82565,2.21111,0.000434175,0.0427795,0.000849595,0.00306775,0.000228677,0.000601985,0.0427795,3.46345,7.77459e-06,4.68531,0.239653
2029.8750,304.275,304.293,3.99257,0.344254,2.1828,0.011185,0.00765301,0.00454764,0.00353195,0.000188271,7.32041e-05,0.000150149,1.39252e-05,0.012809,0.00607844,0.0616084,0.197585,0.0199263,0.00230952,1.83701e-06,2.05869e-06,1.0765e-05,2.49964e-10,8.01764e-05,7.42926e-05,3.54958e-07,2.78104e-09,6.24322e-06,4.93953e-06,14.2379,37.6382,9.54212,0.324855,21.2711,0.294995,12.0213,0.0111048,0.234226,1.8043,0.22386,-0.221053,0.000419491,0.00648269,-0.455231,0.0122917,0.0184202,0.00557682,0.00341528,-0.455231,0.0163571,2.82572,2.21117,0.000389625,0.0428023,0.000870211,0.00307004,0.000234226,0.000601435,0.0428023,3.58702,3.8957e-06,4.69575,0.245331
2029.9583,302.923,302.985,4.06461,0.370612,1.52146,0.0111982,0.00739834,0.00427586,0.00379988,9.23627e-05,7.12724e-05,7.58957e-05,4.38159e-06,0.0061142,0.00585658,0.0638517,0.375645,0.019292,0.00233401,6.12297e-07,2.05521e-06,1.33776e-05,1.58827e-10,8.54041e-05,7.42962e-05,4.05118e-07,2.22856e-09,5.99891e-06,4.83307e-06,14.2766,37.6598,9.55387,0.308043,21.2752,0.299729,12.0304,0.0112168,0.237985,1.80004,0.22416,-0.220161,0.000805751,0.00610996,-0.454643,0.0124889,0.0184335,0.00566631,0.00340642,-0.454643,0.0163791,2.82578,2.21124,0.00036645,0.042802,0.000884174,0.00307225,0.000237985,0.000600012,0.042802,3.0011,2.66751e-06,4.7227,0.249202
2030.0417,302.989,303.01,4.09841,0.377,1.49853,0.0111995,0.0074345,0.00416839,0.00376496,6.31718e-05,7.10485e-05,5.23064e-05,2.53336e-06,0.00413223,0.00565504,0.0642833,0.539631,0.019353,0.00234571,3.60693e-07,2.03698e-06,1.5719e-05,1.078e-09,8.60341e-05,7.51163e-05,4.59035e-07,2.23552e-08,5.82496e-06,4.85085e-06,14.318,37.6939,9.56215,0.302812,21.277,0.301944,12.0383,0.0113003,0.239743,1.79612,0.224452,-0.21933,0.00114032,0.00599519,-0.454315,0.0125812,0.0184451,0.00570817,0.00339828,-0.454315,0.0163986,2.82585,2.2113,0.000358107,0.0427986,0.000890707,0.00307418,0.000239743,0.000598708,0.0427986,3.08446,2.39767e-06,4.75581,0.251044
2030.1250,303.315,303.323,4.12174,0.371536,1.8047,0.0111095,0.00745079,0.00415221,0.00365872,5.14566e-05,7.07872e-05,4.26875e-05,1.94155e-06,0.00342052,0.00546741,0.0639819,0.657686,0.0191909,0.00235389,2.73896e-07,2.02801e-06,2.17084e-05,2.19732e-08,8.7148e-05,7.47212e-05,6.4096e-07,4.42642e-07,5.7165e-06,4.81231e-06,14.3538,37.7241,9.56925,0.299779,21.2785,0.30347,12.0455,0.0113649,0.240955,1.79207,0.224703,-0.218637,0.00139671,0.00592937,-0.454056,0.0126448,0.0184558,0.00573702,0.00338987,-0.454056,0.0164148,2.8259,2.21134,0.000352819,0.0427964,0.000895209,0.00307596,0.000240955,0.000597358,0.0427964,3.3057,2.3019e-06,4.78453,0.25232
2030.2083,303.166,303.191,4.15139,0.370261,1.65933,0.0110338,0.00749992,0.00409497,0.00353387,5.12979e-05,7.01722e-05,4.25714e-05,1.91711e-06,0.00336022,0.00541166,0.0621857,0.627744,0.0189194,0.0023642,2.70841e-07,2.02921e-06,2.32367e-05,1.89329e-08,8.64023e-05,7.3895e-05,6.95924e-07,4.18469e-07,5.59961e-06,4.76084e-06,14.3919,37.757,9.5774,0.296716,21.2803,0.305406,12.0536,0.0114413,0.242492,1.7881,0.224986,-0.218149,0.00141329,0.0058636,-0.453794,0.0127255,0.0184677,0.00577363,0.00338162,-0.453794,0.016433,2.82596,2.21138,0.000348744,0.0427963,0.000900922,0.00307795,0.000242492,0.000596033,0.0427963,3.14181,2.30005e-06,4.81448,0.253934
2030.2917,303.137,303.146,4.15782,0.361452,2.07758,0.0108081,0.00748326,0.00404174,0.0033248,4.43863e-05,6.96968e-05,3.68298e-05,1.63616e-06,0.00300186,0.00550877,0.0623329,0.69734,0.0183469,0.00236676,2.33109e-07,2.01444e-06,3.01754e-05,3.20591e-08,8.47526e-05,7.1885e-05,9.24972e-07,6.64517e-07,5.44622e-06,4.62534e-06,14.4199,37.783,9.58272,0.296504,21.2821,0.305826,12.06,0.0114755,0.242826,1.78443,0.225162,-0.217573,0.00158089,0.00586392,-0.453554,0.012743,0.0184773,0.00578157,0.00337401,-0.453554,0.0164443,2.826,2.21142,0.000347602,0.0427975,0.00090216,0.00307955,0.000242826,0.000594809,0.0427975,3.14724,2.24755e-06,4.83716,0.254301
2030.3750,303.522,303.524,4.16188,0.34269,2.45636,0.0106766,0.00751491,0.00401641,0.00316173,5.31648e-05,6.98092e-05,4.40856e-05,2.0186e-06,0.00367404,0.00551094,0.0612678,0.565992,0.0180121,0.00236852,2.83514e-07,2.0134e-06,3.56911e-05,9.10886e-09,8.29795e-05,7.03973e-05,1.1578e-06,1.50783e-07,5.34808e-06,4.54125e-06,14.4448,37.8071,9.58778,0.295073,21.2854,0.306091,12.0662,0.0115044,0.243036,1.78187,0.225321,-0.217391,0.00129149,0.00583918,-0.453212,0.012754,0.0184867,0.00578658,0.00336872,-0.453212,0.0164545,2.82606,2.21146,0.000346415,0.0428029,0.000902942,0.00308111,0.000243036,0.000593958,0.0428029,3.3257,2.29691e-06,4.85705,0.254541
2030.4583,303.525,303.524,4.16649,0.332957,2.61414,0.0108532,0.00758549,0.00391068,0.00326769,6.85079e-05,7.00944e-05,5.66765e-05,2.79232e-06,0.00463127,0.00537911,0.0612222,0.447713,0.0183759,0.00237046,3.91726e-07,2.015e-06,3.15113e-05,6.36442e-09,7.99883e-05,7.15184e-05,1.06692e-06,7.03065e-08,5.20751e-06,4.63083e-06,14.4687,37.832,9.5929,0.294155,21.2891,0.306392,12.0725,0.0115331,0.243275,1.78003,0.225472,-0.21713,0.00103452,0.00582498,-0.452827,0.0127665,0.0184961,0.00579226,0.00336494,-0.452827,0.0164646,2.82612,2.2115,0.000345941,0.0428102,0.000903828,0.00308269,0.000243275,0.000593344,0.0428102,3.37573,2.40673e-06,4.87581,0.254808
2030.5417,304.744,304.703,4.17718,0.259461,3.80345,0.0109278,0.00776599,0.00312994,0.00316176,0.00013696,7.12163e-05,0.000112541,6.35613e-06,0.00969422,0.00536634,0.0608967,0.255854,0.0185293,0.00237445,8.42458e-07,2.03746e-06,1.47184e-05,1.96586e-08,5.81381e-05,7.06693e-05,6.12513e-07,3.83724e-08,4.09209e-06,4.65831e-06,14.4922,37.8663,9.59888,0.298672,21.2946,0.307089,12.0793,0.0115722,0.243829,1.78086,0.225631,-0.216614,0.000740655,0.00595388,-0.452306,0.0127956,0.0185064,0.00580544,0.0033667,-0.452306,0.0164765,2.82619,2.21154,0.000353374,0.0428222,0.000905885,0.00308441,0.000243829,0.00059362,0.0428222,4.17166,2.87992e-06,4.8933,0.255401
2030.6250,306.271,306.199,4.13791,0.209165,3.33055,0.00888489,0.00728867,0.00239481,0.00159622,0.000252231,6.41824e-05,0.000192651,1.74552e-05,0.0227899,0.00718033,0.054426,0.0830237,0.0141985,0.00236175,2.20054e-06,2.0753e-06,2.34653e-06,1.43219e-08,2.74973e-05,5.27381e-05,8.85629e-08,2.27337e-08,2.99291e-06,3.66481e-06,14.4873,37.9094,9.59853,0.323965,21.306,0.304524,12.0822,0.0115203,0.241792,1.79207,0.22549,-0.215467,0.000353877,0.00660198,-0.451302,0.0126888,0.0185112,0.00575696,0.00339,-0.451302,0.0164731,2.82626,2.21153,0.000392081,0.0428517,0.000898321,0.0030852,0.000241792,0.000597356,0.0428517,4.03323,4.27584e-06,4.8888,0.253313
2030.7083,305.955,305.928,4.09765,0.224089,3.55608,0.0101116,0.00785774,0.00276559,0.00225382,0.000387755,6.88373e-05,0.000287543,3.29608e-05,0.0300814,0.00644001,0.0553591,0.0660982,0.0167114,0.00234864,4.0952e-06,2.10958e-06,1.99128e-06,3.24569e-09,3.49565e-05,5.93126e-05,9.17235e-08,1.33689e-08,3.53126e-06,4.24024e-06,14.4752,37.9285,9.59775,0.329913,21.3222,0.301894,12.0846,0.0114629,0.239704,1.80118,0.225259,-0.214295,0.000221248,0.00667671,-0.449862,0.0125792,0.0185153,0.00570723,0.00340894,-0.449862,0.0164682,2.82632,2.21155,0.00039962,0.0428924,0.000890561,0.00308588,0.000239704,0.000600392,0.0428924,4.04642,6.20477e-06,4.87741,0.251167
2030.7917,304.957,304.966,4.0964,0.309843,2.53562,0.0113301,0.00811145,0.00413958,0.0032187,0.000386759,7.32071e-05,0.000287686,3.83794e-05,0.0259374,0.00599911,0.0594096,0.0888982,0.0193448,0.00234858,4.90727e-06,2.13269e-06,5.83371e-06,7.62338e-10,6.0673e-05,6.91115e-05,2.24447e-07,7.79499e-09,5.47621e-06,4.85699e-06,14.4749,37.9506,9.60175,0.329763,21.3378,0.301812,12.0899,0.0114737,0.239638,1.80811,0.225125,-0.21308,0.00021019,0.00658867,-0.448427,0.0125757,0.0185234,0.00570568,0.00342335,-0.448427,0.0164742,2.82639,2.21157,0.000397278,0.0429295,0.000890319,0.00308723,0.000239638,0.000602702,0.0429295,3.86112,7.03997e-06,4.87318,0.251112
2030.8750,303.779,303.831,4.12525,0.35069,1.83092,0.0112616,0.00775804,0.00438654,0.0035036,0.000142081,7.16148e-05,0.000114945,8.73498e-06,0.00962342,0.00584219,0.0623356,0.242595,0.0190871,0.00235862,1.17886e-06,2.13591e-06,1.28321e-05,5.26137e-10,8.36512e-05,7.29765e-05,4.21732e-07,4.686e-09,5.99083e-06,4.80984e-06,14.5019,37.9666,9.6096,0.312486,21.3462,0.303699,12.0977,0.0115386,0.241137,1.806,0.225306,-0.212065,0.000527803,0.00621088,-0.447529,0.0126544,0.0185349,0.00574136,0.00341901,-0.447529,0.0164924,2.82645,2.21163,0.000372135,0.0429436,0.000895886,0.00308915,0.000241137,0.000601999,0.0429436,3.29134,3.31477e-06,4.89226,0.252676
2030.9583,303.593,303.578,4.09193,0.367453,2.0956,0.0115303,0.00748333,0.00431375,0.00404694,7.44966e-05,7.29466e-05,6.15543e-05,3.14956e-06,0.00481598,0.00563763,0.0640792,0.464917,0.0191114,0.00234798,4.39159e-07,2.12365e-06,1.67027e-05,4.1171e-10,8.9749e-05,7.42997e-05,5.02288e-07,6.81597e-09,5.96204e-06,4.82452e-06,14.5416,37.9948,9.61104,0.302298,21.3491,0.301518,12.1024,0.0115292,0.239405,1.80183,0.225554,-0.211182,0.000984028,0.00598223,-0.447114,0.0125635,0.0185422,0.00570013,0.00341041,-0.447114,0.0165104,2.82652,2.21169,0.000357507,0.0429434,0.000889453,0.00309036,0.000239405,0.000600609,0.0429434,3.46214,2.56281e-06,4.93056,0.250935
2031.0417,303.378,303.421,4.01108,0.360719,2.10685,0.0112433,0.00745375,0.00412404,0.00378958,5.87658e-05,7.17369e-05,4.87316e-05,2.26494e-06,0.00386329,0.00586269,0.0635079,0.558354,0.0185821,0.00232138,3.16139e-07,2.12247e-06,2.51058e-05,1.30383e-09,8.7619e-05,7.24525e-05,7.83256e-07,2.4079e-08,5.65406e-06,4.68836e-06,14.5837,38.0286,9.60714,0.296851,21.3502,0.296214,12.1042,0.0114622,0.235194,1.79793,0.225808,-0.210613,0.00121157,0.00585879,-0.446893,0.0123425,0.0185454,0.00559985,0.00340234,-0.446893,0.0165274,2.82658,2.21175,0.000349656,0.0429403,0.000873806,0.00309091,0.000235194,0.00059931,0.0429403,3.29779,2.43861e-06,4.97651,0.246656
2031.1250,304.551,304.515,3.9343,0.347541,2.60424,0.0110174,0.00759502,0.00416289,0.00342234,5.25574e-05,7.16851e-05,4.36452e-05,1.93735e-06,0.00354715,0.00568954,0.0612485,0.612684,0.0182596,0.002296,2.60245e-07,2.12073e-06,3.31256e-05,4.52953e-09,9.10614e-05,7.09884e-05,1.06286e-06,6.71441e-08,5.66841e-06,4.58642e-06,14.6181,38.0547,9.60329,0.291838,21.3507,0.291155,12.1058,0.0113934,0.231177,1.79413,0.226026,-0.210238,0.00135295,0.00574195,-0.446753,0.0121317,0.0185483,0.00550422,0.00339444,-0.446753,0.0165417,2.82664,2.2118,0.000342645,0.0429371,0.000858883,0.00309139,0.000231177,0.000598042,0.0429371,3.616,2.38098e-06,5.01477,0.24257
2031.2083,303.363,303.4,3.85774,0.371828,1.44409,0.0107099,0.00742925,0.00410506,0.00328061,4.55547e-05,6.93912e-05,3.78192e-05,1.68037e-06,0.0030887,0.00555582,0.0613876,0.655149,0.0175554,0.00227058,2.34939e-07,2.11163e-06,2.51767e-05,1.15687e-08,9.22231e-05,6.85009e-05,7.48693e-07,2.01866e-07,5.61616e-06,4.42083e-06,14.646,38.0743,9.59921,0.287774,21.3504,0.286091,12.107,0.0113183,0.227156,1.79021,0.226212,-0.20996,0.00149966,0.00564592,-0.446704,0.0119207,0.0185508,0.00540848,0.00338631,-0.446704,0.0165537,2.8267,2.21186,0.000336912,0.0429326,0.000843944,0.0030918,0.000227156,0.000596738,0.0429326,2.98112,2.34657e-06,5.04676,0.238474
2031.2917,303.082,303.105,3.7784,0.371696,1.43819,0.0102758,0.00733943,0.00399682,0.00293639,3.44021e-05,6.80895e-05,2.8534e-05,1.25311e-06,0.00245212,0.00576183,0.0619468,0.813094,0.0166645,0.00224405,1.78095e-07,2.08222e-06,3.05216e-05,2.94136e-08,9.15895e-05,6.51551e-05,8.94075e-07,5.80075e-07,5.45238e-06,4.19443e-06,14.6658,38.0861,9.59424,0.285325,21.349,0.28082,12.1074,0.011228,0.222971,1.78601,0.226331,-0.209582,0.00189327,0.00558672,-0.44677,0.0117011,0.018552,0.00530884,0.00337757,-0.44677,0.016561,2.82675,2.21191,0.000332722,0.0429263,0.000828397,0.003092,0.000222971,0.000595337,0.0429263,2.7819,2.26031e-06,5.07155,0.234199
2031.3750,303.316,303.338,3.71488,0.341645,2.28403,0.0105908,0.00736791,0.00382656,0.00322288,4.00039e-05,7.0069e-05,3.3212e-05,1.45716e-06,0.00272119,0.00562611,0.061729,0.743202,0.0175354,0.0022228,2.0552e-07,2.06243e-06,4.8877e-05,2.36525e-08,8.63058e-05,6.80428e-05,1.5854e-06,2.60803e-07,5.14878e-06,4.38184e-06,14.6877,38.102,9.59094,0.283466,21.348,0.276586,12.1087,0.0111619,0.219609,1.7829,0.226497,-0.209659,0.00174459,0.00554684,-0.446818,0.0115246,0.0185543,0.00522879,0.00337106,-0.446818,0.0165711,2.8268,2.21195,0.000330456,0.042922,0.000815906,0.00309238,0.000219609,0.000594299,0.042922,3.03594,2.26794e-06,5.09674,0.230771
2031.4583,303.718,303.698,3.66655,0.341342,2.36265,0.0106508,0.00742466,0.00386703,0.00322616,5.23558e-05,7.05273e-05,4.34717e-05,1.95894e-06,0.00352673,0.00543359,0.0614967,0.575478,0.0177687,0.00220666,2.73231e-07,2.04859e-06,3.86367e-05,1.24894e-08,8.72626e-05,6.85352e-05,1.27197e-06,8.75036e-08,5.20334e-06,4.42622e-06,14.7119,38.1231,9.58936,0.281897,21.3482,0.273354,12.1108,0.0111204,0.217043,1.78118,0.226703,-0.209864,0.00132973,0.00551416,-0.446778,0.01139,0.0185579,0.00516769,0.00336747,-0.446778,0.016584,2.82685,2.21199,0.00032905,0.0429213,0.000806372,0.00309298,0.000217043,0.000593726,0.0429213,3.28959,2.32182e-06,5.12251,0.228163
2031.5417,305.513,305.449,3.62603,0.317523,3.3237,0.0103989,0.00763634,0.00377805,0.00276255,5.65643e-05,7.09045e-05,4.70277e-05,2.03689e-06,0.00407786,0.00564825,0.0585323,0.530282,0.0172793,0.00219315,2.62767e-07,2.06253e-06,3.59224e-05,1.65065e-08,8.65948e-05,6.62581e-05,1.29739e-06,5.42967e-08,5.08624e-06,4.28458e-06,14.732,38.1365,9.58865,0.278557,21.3474,0.270637,12.1134,0.0110902,0.214886,1.77855,0.22692,-0.209847,0.00125655,0.0054339,-0.446819,0.0112768,0.0185621,0.00511633,0.003362,-0.446819,0.0165979,2.82691,2.21204,0.000324744,0.0429181,0.000798358,0.00309368,0.000214886,0.000592849,0.0429181,4.00584,2.3253e-06,5.14337,0.225976
2031.6250,306.409,306.339,3.58534,0.229064,3.71574,0.010089,0.00767546,0.00265143,0.0024135,9.93821e-05,7.08878e-05,8.29505e-05,3.17391e-06,0.00773969,0.00662684,0.057184,0.294142,0.0166048,0.00217953,3.89194e-07,2.09902e-06,7.48236e-06,4.91018e-08,5.23283e-05,6.28913e-05,3.86291e-07,2.90253e-08,3.47624e-06,4.11861e-06,14.7424,38.159,9.58758,0.285539,21.3497,0.267903,12.1156,0.0110534,0.212715,1.78134,0.227083,-0.209416,0.00111301,0.00562878,-0.446609,0.0111629,0.0185657,0.00506465,0.00336777,-0.446609,0.016609,2.82697,2.21207,0.000335884,0.0429239,0.000790294,0.00309428,0.000212715,0.000593781,0.0429239,4.21596,2.48821e-06,5.15483,0.223769
2031.7083,307.956,307.852,3.49014,0.175662,3.11374,0.00723093,0.0068138,0.0017211,0.000417122,9.09709e-05,5.74539e-05,7.55421e-05,3.19351e-06,0.0099146,0.00779435,0.046208,0.167686,0.0107734,0.00214697,3.68497e-07,2.12202e-06,4.26872e-07,3.40766e-08,2.25882e-05,4.21634e-05,2.52247e-08,1.93382e-08,2.1656e-06,2.7996e-06,14.7148,38.1781,9.57863,0.309732,21.3591,0.261481,12.1123,0.0108955,0.207616,1.79448,0.226891,-0.208393,0.00084324,0.0062839,-0.445806,0.0108953,0.0185617,0.00494324,0.00339498,-0.445806,0.0165984,2.82703,2.21207,0.000373162,0.042949,0.00077135,0.00309361,0.000207616,0.00059816,0.042949,3.5418,2.49052e-06,5.13618,0.218512
2031.7917,309.898,309.78,3.29346,0.148698,2.49583,0.00527773,0.00634638,0.00173789,-0.00106865,6.07103e-05,4.16293e-05,5.03212e-05,2.19571e-06,0.008177,0.00725421,0.0326943,0.123796,0.00687901,0.00207867,2.32887e-07,2.10127e-06,2.41147e-06,1.74e-08,1.70244e-05,2.94499e-05,1.1683e-07,1.10392e-08,2.23494e-06,1.96777e-06,14.6235,38.1481,9.55463,0.341218,21.3708,0.24811,12.0985,0.010511,0.196999,1.81253,0.226097,-0.207341,0.00077339,0.0071637,-0.444807,0.0103381,0.018543,0.00469045,0.00343235,-0.444807,0.0165487,2.82708,2.21208,0.000425043,0.0429806,0.000731905,0.0030905,0.000196999,0.000604178,0.0429806,2.86738,2.33416e-06,5.0689,0.20751
2031.8750,304.799,304.877,3.21346,0.325498,1.72527,0.0103694,0.00723586,0.00429296,0.00313353,0.000133984,7.21216e-05,0.000110005,6.39478e-06,0.00970871,0.00645848,0.0574065,0.23801,0.0174796,0.00205076,7.87001e-07,2.09458e-06,1.63176e-05,3.80105e-09,7.59073e-05,6.47571e-05,5.93848e-07,6.07099e-09,5.75393e-06,4.26971e-06,14.5942,38.1263,9.54576,0.322827,21.3888,0.242638,12.0941,0.0103624,0.192655,1.82053,0.225897,-0.206619,0.00065456,0.00658769,-0.443207,0.0101101,0.0185372,0.00458701,0.00344881,-0.443207,0.0165379,2.82714,2.21213,0.000389759,0.0430255,0.000715764,0.00308953,0.000192655,0.000606844,0.0430255,3.3035,2.88158e-06,5.04842,0.203017
2031.9583,304.869,304.874,3.26398,0.369696,1.87581,0.0106783,0.00748716,0.00443192,0.00319113,5.97458e-05,7.30419e-05,4.96134e-05,2.25044e-06,0.0041258,0.00647097,0.0596303,0.578231,0.018617,0.00206864,2.86619e-07,2.08531e-06,2.28388e-05,9.1984e-10,0.000102327,7.02978e-05,6.92009e-07,4.75803e-09,6.23256e-06,4.53103e-06,14.6198,38.1177,9.5544,0.291903,21.3906,0.246099,12.1008,0.0104697,0.195403,1.81535,0.226259,-0.206151,0.00126009,0.00577147,-0.442879,0.0102544,0.0185468,0.00465245,0.00343794,-0.442879,0.0165616,2.82719,2.21221,0.000344134,0.0430226,0.000725975,0.00309114,0.000195403,0.000605117,0.0430226,3.39284,2.37193e-06,5.06536,0.205873
2032.0417,304.867,304.876,3.35347,0.374155,1.62273,0.0107752,0.00758273,0.00419575,0.00319245,4.19891e-05,7.22782e-05,3.48883e-05,1.52076e-06,0.00283373,0.00603832,0.0597866,0.818952,0.0188461,0.00210009,1.95374e-07,2.08252e-06,2.71132e-05,2.19167e-09,0.000103326,7.17495e-05,7.96592e-07,2.0726e-08,5.92725e-06,4.60516e-06,14.6485,38.122,9.56807,0.279356,21.3851,0.252209,12.1106,0.0106424,0.200254,1.80903,0.226686,-0.205874,0.00180011,0.00544496,-0.443229,0.0105089,0.0185608,0.00476796,0.00342473,-0.443229,0.016588,2.82724,2.21227,0.000326275,0.0430022,0.000743998,0.00309346,0.000200254,0.000603009,0.0430022,3.35657,2.27789e-06,5.08042,0.210897
2032.1250,304.38,304.408,3.42941,0.386104,1.19398,0.0104121,0.00756277,0.00396916,0.00284937,3.13551e-05,7.00668e-05,2.59681e-05,1.17697e-06,0.00216144,0.00587033,0.0589976,1.00702,0.0179116,0.00212673,1.54163e-07,2.07606e-06,2.49537e-05,6.09713e-08,9.91883e-05,6.87668e-05,7.00168e-07,6.56992e-07,5.56951e-06,4.40651e-06,14.6728,38.129,9.58031,0.274898,21.3786,0.257371,12.1198,0.0107916,0.204353,1.80271,0.227063,-0.205622,0.00230023,0.00532591,-0.443722,0.010724,0.0185739,0.00486554,0.00341154,-0.443722,0.016611,2.82729,2.21233,0.000319009,0.0429819,0.000759225,0.00309566,0.000204353,0.000600904,0.0429819,3.03217,2.23022e-06,5.09245,0.215144
2032.2083,303.743,303.765,3.47648,0.373403,1.57173,0.0100971,0.00740313,0.0038854,0.00269399,2.6084e-05,6.89225e-05,2.15396e-05,1.00871e-06,0.00188407,0.00604861,0.0610806,1.1524,0.0171294,0.0021433,1.37216e-07,2.04997e-06,4.12335e-05,1.07043e-07,9.4508e-05,6.61274e-05,1.21404e-06,1.09616e-06,5.29215e-06,4.23427e-06,14.6876,38.1335,9.58905,0.274912,21.3735,0.26056,12.127,0.0108855,0.206885,1.7975,0.227315,-0.205486,0.00261902,0.00532357,-0.444144,0.0108569,0.0185844,0.00492583,0.00340066,-0.444144,0.0166257,2.82731,2.21235,0.000317911,0.0429673,0.000768631,0.0030974,0.000206885,0.000599167,0.0429673,2.8998,2.18719e-06,5.09855,0.21777
2032.2917,303.342,303.381,3.51652,0.365633,1.55172,0.0101418,0.00741347,0.00383643,0.00272837,2.73143e-05,6.91181e-05,2.25826e-05,1.03686e-06,0.00193012,0.00597208,0.0608951,1.07362,0.0171907,0.0021574,1.43997e-07,2.02538e-06,4.76604e-05,6.29782e-08,9.27043e-05,6.64816e-05,1.43522e-06,6.11349e-07,5.18115e-06,4.25879e-06,14.701,38.1372,9.59705,0.273747,21.3695,0.263266,12.1339,0.0109672,0.209034,1.79292,0.227538,-0.205712,0.00255149,0.00529679,-0.444489,0.0109697,0.0185945,0.00497699,0.00339109,-0.444489,0.0166387,2.82734,2.21238,0.000316396,0.0429569,0.000776615,0.00309908,0.000209034,0.00059764,0.0429569,2.7428,2.16938e-06,5.10393,0.220001
2032.3750,304.447,304.42,3.5582,0.34223,2.38561,0.0103687,0.00761169,0.00384988,0.00275704,3.58375e-05,7.04206e-05,2.97375e-05,1.30524e-06,0.00246038,0.0055208,0.0586901,0.836909,0.0177046,0.00217206,1.7484e-07,2.00686e-06,5.48631e-05,2.32667e-08,9.11786e-05,6.8241e-05,1.77982e-06,1.77569e-07,5.14793e-06,4.38021e-06,14.7151,38.1446,9.60548,0.27265,21.3671,0.266077,12.1412,0.0110539,0.211265,1.78967,0.227769,-0.206292,0.00198349,0.00527581,-0.444705,0.0110867,0.0186051,0.00503011,0.00338431,-0.444705,0.0166523,2.82739,2.21242,0.000315849,0.0429512,0.000784904,0.00310085,0.000211265,0.000596557,0.0429512,3.21741,2.1817e-06,5.10966,0.222319
2032.4583,304.538,304.536,3.60549,0.341851,2.1788,0.0104488,0.00765267,0.00386294,0.00279613,4.8368e-05,7.02654e-05,4.02224e-05,1.7259e-06,0.00331225,0.0054812,0.0580672,0.615433,0.0177528,0.00218864,2.28881e-07,2.00717e-06,4.17422e-05,2.19016e-08,9.05287e-05,6.83679e-05,1.40718e-06,7.22127e-08,5.16368e-06,4.4041e-06,14.7312,38.1559,9.61489,0.271941,21.3657,0.269258,12.1493,0.0111535,0.213791,1.78705,0.228024,-0.206679,0.00149652,0.00526373,-0.444842,0.0112193,0.0186169,0.00509026,0.00337886,-0.444842,0.0166679,2.82745,2.21246,0.000315742,0.042948,0.000794289,0.00310282,0.000213791,0.000595682,0.042948,3.26383,2.23605e-06,5.11634,0.224944
2032.5417,305.597,305.555,3.65326,0.336044,3.17041,0.0106206,0.00778333,0.00391982,0.00283723,5.05106e-05,7.15425e-05,4.20044e-05,1.79869e-06,0.00353066,0.00550333,0.057834,0.631726,0.0180963,0.00220537,2.27289e-07,2.02303e-06,4.1119e-05,1.23488e-08,9.29128e-05,6.95184e-05,1.38734e-06,5.93105e-08,5.24657e-06,4.47932e-06,14.7473,38.1634,9.62465,0.269495,21.3635,0.272463,12.1578,0.0112558,0.216336,1.7831,0.228282,-0.206748,0.00143635,0.00520499,-0.445042,0.0113528,0.0186293,0.00515085,0.00337069,-0.445042,0.016684,2.8275,2.21251,0.000312821,0.0429427,0.000803743,0.00310489,0.000216336,0.000594368,0.0429427,4.09937,2.25032e-06,5.12267,0.227592
2032.6250,305.947,305.921,3.70053,0.304705,3.57076,0.0106309,0.00787958,0.003594,0.00275133,6.4202e-05,7.27982e-05,5.34789e-05,2.18831e-06,0.00460134,0.00650018,0.0576486,0.523645,0.0180586,0.00222191,2.69236e-07,2.06856e-06,3.27754e-05,2.19069e-08,8.24468e-05,6.91155e-05,1.24941e-06,4.07468e-08,4.77963e-06,4.46915e-06,14.7627,38.1743,9.63453,0.269677,21.3619,0.275627,12.1666,0.0113588,0.218848,1.78009,0.228539,-0.206783,0.00129467,0.00521628,-0.445198,0.0114847,0.0186421,0.00521067,0.00336447,-0.445198,0.0167002,2.82756,2.21255,0.000313705,0.0429389,0.000813077,0.00310702,0.000218848,0.000593363,0.0429389,4.32125,2.3378e-06,5.12818,0.230207
2032.7083,306.054,306.031,3.74267,0.269006,3.4354,0.010708,0.00800931,0.00314184,0.00269869,0.000115227,7.35015e-05,9.59674e-05,3.91964e-06,0.00838418,0.00673431,0.057399,0.279054,0.0180599,0.00223668,4.7748e-07,2.11446e-06,1.75058e-05,3.86081e-08,6.27607e-05,6.83438e-05,7.80615e-07,2.49748e-08,4.10728e-06,4.48006e-06,14.774,38.2007,9.64396,0.278599,21.3652,0.27844,12.1752,0.0114529,0.221082,1.78286,0.228757,-0.206322,0.00101701,0.00545464,-0.444922,0.0116019,0.0186547,0.00526385,0.00337025,-0.444922,0.0167152,2.82762,2.21257,0.000327072,0.0429485,0.000821375,0.00310911,0.000221082,0.000594286,0.0429485,4.38241,2.59194e-06,5.13002,0.232535
2032.7917,305.73,305.712,3.78546,0.329739,2.86753,0.010918,0.00799445,0.00400919,0.00292357,9.92444e-05,7.40401e-05,8.22513e-05,3.8696e-06,0.00703807,0.00663025,0.0581787,0.338792,0.0184169,0.00225165,4.77127e-07,2.153e-06,2.48444e-05,1.11683e-08,8.66056e-05,7.01447e-05,8.93972e-07,1.6098e-08,5.30893e-06,4.57613e-06,14.7872,38.22,9.65368,0.278952,21.37,0.281291,12.1841,0.0115494,0.223345,1.78383,0.228972,-0.205809,0.000889972,0.0054588,-0.444502,0.0117207,0.0186678,0.00531773,0.00337233,-0.444502,0.0167309,2.82768,2.2126,0.000327091,0.042961,0.000829783,0.0031113,0.000223345,0.00059461,0.042961,4.13647,2.63013e-06,5.13356,0.234894
2032.8750,304.593,304.634,3.82884,0.363982,2.10148,0.0109443,0.00790686,0.00403996,0.00303749,6.52527e-05,7.21727e-05,5.41831e-05,2.43386e-06,0.00451079,0.00619009,0.059889,0.507954,0.0183145,0.00226681,3.14726e-07,2.16319e-06,2.40641e-05,3.65781e-09,9.15264e-05,7.07577e-05,7.7633e-07,1.33699e-08,5.4315e-06,4.57809e-06,14.8048,38.2286,9.6637,0.273517,21.3703,0.284174,12.1934,0.0116484,0.225634,1.78005,0.229213,-0.205394,0.00116444,0.00531882,-0.444455,0.0118408,0.0186814,0.00537225,0.00336457,-0.444455,0.0167472,2.82774,2.21265,0.000319617,0.0429604,0.00083829,0.00311357,0.000225634,0.000593351,0.0429604,3.43378,2.47791e-06,5.14106,0.237283
2032.9583,304.814,304.814,3.86049,0.353536,2.55068,0.0113392,0.00792692,0.00405909,0.00341228,5.79164e-05,7.39844e-05,4.81371e-05,2.10201e-06,0.00383786,0.00609599,0.0605621,0.599658,0.0191277,0.00227801,2.72268e-07,2.16986e-06,3.03286e-05,2.00476e-08,9.27252e-05,7.3958e-05,9.74629e-07,1.33668e-07,5.44294e-06,4.77519e-06,14.829,38.2471,9.6728,0.272196,21.3697,0.286274,12.2025,0.0117362,0.227301,1.77627,0.229492,-0.205019,0.00132967,0.00528562,-0.444484,0.0119283,0.0186948,0.00541194,0.00335679,-0.444484,0.0167651,2.8278,2.2127,0.000317703,0.0429579,0.000844483,0.0031158,0.000227301,0.00059209,0.0429579,3.81322,2.44213e-06,5.15616,0.239038
2033.0417,303.693,303.751,3.87981,0.370389,1.50104,0.0109266,0.00784546,0.00398434,0.00308118,4.65499e-05,7.06408e-05,3.86765e-05,1.6803e-06,0.00312686,0.00585794,0.0609559,0.677263,0.0180721,0.00228504,2.28161e-07,2.16229e-06,2.58918e-05,3.15212e-08,9.19401e-05,7.0598e-05,7.66432e-07,3.46029e-07,5.37942e-06,4.55183e-06,14.8554,38.2673,9.68051,0.27127,21.3685,0.287553,12.2108,0.0118084,0.228317,1.77218,0.229777,-0.204636,0.00155269,0.00526172,-0.444576,0.0119816,0.0187072,0.00543613,0.00334838,-0.444576,0.0167834,2.82786,2.21274,0.000316351,0.0429541,0.000848258,0.00311787,0.000228317,0.000590727,0.0429541,2.97319,2.39045e-06,5.17486,0.240126
2033.1250,303.942,303.941,3.88484,0.37761,1.48065,0.0110972,0.00790249,0.00399287,0.00319469,4.10522e-05,7.11503e-05,3.40907e-05,1.4837e-06,0.00269207,0.0055666,0.0611851,0.792756,0.0185331,0.00228721,2.02044e-07,2.13901e-06,2.40922e-05,4.96306e-08,9.2504e-05,7.24615e-05,6.9162e-07,6.79814e-07,5.40497e-06,4.66376e-06,14.8752,38.2837,9.68636,0.272426,21.3675,0.287887,12.218,0.0118503,0.228582,1.7685,0.229989,-0.204226,0.00181061,0.00528942,-0.444656,0.0119955,0.0187179,0.00544243,0.00334081,-0.444656,0.0167967,2.8279,2.21277,0.000317244,0.0429512,0.000849241,0.00311966,0.000228582,0.0005895,0.0429512,3.21082,2.34106e-06,5.18888,0.240432
2033.2083,304.012,304.022,3.90014,0.372127,1.60659,0.0108989,0.00788861,0.00398591,0.0030103,3.50861e-05,7.04301e-05,2.90926e-05,1.28431e-06,0.00233702,0.00551999,0.0602464,0.890866,0.0180299,0.00229288,1.74525e-07,2.1232e-06,3.19612e-05,5.16213e-08,9.20394e-05,7.07886e-05,9.33836e-07,7.15411e-07,5.35666e-06,4.55119e-06,14.8987,38.3026,9.69381,0.273806,21.366,0.288899,12.2264,0.0119126,0.229386,1.76419,0.230252,-0.203824,0.00205886,0.00532206,-0.444789,0.0120377,0.0187304,0.00546157,0.00333194,-0.444789,0.0168131,2.82794,2.2128,0.000318281,0.0429472,0.000852228,0.00312173,0.000229386,0.000588062,0.0429472,3.13285,2.29772e-06,5.20489,0.241299
2033.2917,304.544,304.529,3.89849,0.358559,2.02807,0.0105591,0.00796586,0.00402699,0.00259323,3.47031e-05,6.98457e-05,2.8777e-05,1.25739e-06,0.00241528,0.00576002,0.0583122,0.842347,0.0172336,0.00229281,1.67353e-07,2.10853e-06,4.09457e-05,2.55314e-08,9.21716e-05,6.77284e-05,1.25482e-06,3.07457e-07,5.35892e-06,4.35619e-06,14.9127,38.3124,9.69903,0.273939,21.3653,0.28879,12.2333,0.0119394,0.229299,1.76049,0.230427,-0.203784,0.0019849,0.00532892,-0.44485,0.0120331,0.0187409,0.0054595,0.00332434,-0.44485,0.0168238,2.82799,2.21284,0.000318459,0.0429458,0.000851906,0.00312348,0.000229299,0.000586828,0.0429458,3.18504,2.27588e-06,5.21363,0.241239
2033.3750,304.172,304.182,3.88477,0.341607,2.51358,0.0106725,0.00787378,0.00382155,0.00279871,3.88009e-05,7.00948e-05,3.22176e-05,1.38732e-06,0.00265216,0.00559672,0.0588686,0.769058,0.017461,0.00228863,1.86646e-07,2.0914e-06,4.64068e-05,2.6796e-08,8.60594e-05,6.84528e-05,1.5276e-06,2.21018e-07,5.06992e-06,4.40666e-06,14.9186,38.3146,9.70257,0.27391,21.3649,0.287882,12.2391,0.0119396,0.228578,1.75725,0.230534,-0.203857,0.00184848,0.00533299,-0.44489,0.0119953,0.0187498,0.00544234,0.00331772,-0.44489,0.0168303,2.82805,2.21288,0.000318691,0.0429449,0.000849227,0.00312496,0.000228578,0.000585751,0.0429449,3.24273,2.27805e-06,5.21599,0.240518
2033.4583,304.3,304.297,3.89422,0.269353,3.34537,0.0110106,0.00793342,0.003096,0.00307721,9.3123e-05,7.14833e-05,7.74932e-05,3.28323e-06,0.00616762,0.00518527,0.0591979,0.359003,0.0182466,0.00229231,4.38754e-07,2.09564e-06,2.37224e-05,6.86303e-08,6.15785e-05,7.04306e-05,1.02843e-06,7.12698e-08,4.03647e-06,4.59486e-06,14.9355,38.343,9.70918,0.280634,21.3681,0.288507,12.2469,0.0119846,0.229075,1.75874,0.230732,-0.203887,0.00116852,0.00551702,-0.444626,0.0120214,0.0187614,0.00545416,0.00332091,-0.444626,0.0168432,2.8281,2.21291,0.000329506,0.0429537,0.000851072,0.00312691,0.000229075,0.000586247,0.0429537,3.69731,2.5344e-06,5.22632,0.24106
2033.5417,305.525,305.48,3.90051,0.214934,3.44237,0.0104522,0.0079475,0.00237843,0.00250466,0.000188202,7.10791e-05,0.000154086,8.78834e-06,0.0139378,0.00574839,0.0573842,0.15448,0.0170561,0.00229494,1.11423e-06,2.11504e-06,2.37601e-06,3.67994e-08,3.56359e-05,6.42227e-05,1.27148e-07,2.69495e-08,3.00714e-06,4.31057e-06,14.947,38.391,9.7155,0.298667,21.3774,0.288924,12.2546,0.0120228,0.229405,1.76786,0.230869,-0.202931,0.000687661,0.00599936,-0.443827,0.0120387,0.018773,0.00546203,0.00333994,-0.443827,0.0168552,2.82817,2.2129,0.000356967,0.0429789,0.0008523,0.00312883,0.000229405,0.000589288,0.0429789,3.94545,3.22927e-06,5.23152,0.241428
2033.6250,306.428,306.363,3.88735,0.236966,3.44657,0.00988833,0.00805347,0.00275345,0.00183486,0.000273444,6.86382e-05,0.00021159,1.89693e-05,0.0217692,0.00658903,0.0542411,0.0900401,0.0158526,0.00229095,2.31313e-06,2.14436e-06,3.17777e-06,7.62995e-09,3.95089e-05,5.83979e-05,1.51645e-07,1.70294e-08,3.51121e-06,4.04124e-06,14.9428,38.4223,9.71911,0.310405,21.3912,0.288052,12.2604,0.0120196,0.228714,1.7779,0.230843,-0.201825,0.000327253,0.0062703,-0.442627,0.0120024,0.018782,0.00544556,0.00336087,-0.442627,0.0168605,2.82823,2.2129,0.000372581,0.0430147,0.00084973,0.00313033,0.000228714,0.000592632,0.0430147,4.18589,4.45749e-06,5.2237,0.240733
2033.7083,308.415,308.327,3.74581,0.167941,2.73343,0.00577324,0.00666888,0.00170286,-0.000895648,0.000143973,4.55072e-05,0.00010451,9.82922e-06,0.0196891,0.00768853,0.0372127,0.0519134,0.00731239,0.00224318,1.11174e-06,2.15081e-06,1.17896e-07,4.34913e-09,1.32887e-05,3.03106e-05,7.20366e-09,1.01163e-08,2.11634e-06,2.12281e-06,14.8748,38.4088,9.70516,0.336289,21.405,0.278642,12.2545,0.0117523,0.221242,1.79278,0.230194,-0.200678,0.000276872,0.00688885,-0.441429,0.0116103,0.0187747,0.00526767,0.00339184,-0.441429,0.016825,2.82829,2.21291,0.000412568,0.0430508,0.000821972,0.00312911,0.000221242,0.000597594,0.0430508,3.13686,3.26255e-06,5.16959,0.232994
2033.7917,304.917,304.948,3.66424,0.325942,2.34774,0.0110949,0.00784569,0.00444127,0.00324923,0.000285206,7.46812e-05,0.000218821,2.45584e-05,0.0194786,0.00649598,0.0595985,0.129422,0.0187528,0.00221557,3.10607e-06,2.14535e-06,8.30656e-06,9.07438e-10,6.7162e-05,6.82054e-05,3.03323e-07,5.62644e-09,5.86588e-06,4.66961e-06,14.834,38.3888,9.69833,0.329463,21.4233,0.273198,12.2527,0.011597,0.216919,1.80208,0.229796,-0.19963,0.000298155,0.00665211,-0.439788,0.0113835,0.018773,0.00516475,0.00341117,-0.439788,0.0168066,2.82835,2.21296,0.000398565,0.0430959,0.000805912,0.00312883,0.000216919,0.000600694,0.0430959,3.88039,5.25141e-06,5.13564,0.228516
2033.8750,304.281,304.344,3.71224,0.36198,1.60656,0.0112729,0.00784993,0.00433889,0.00342295,0.000112468,7.30562e-05,9.21428e-05,5.6508e-06,0.00740303,0.00598597,0.0604217,0.317418,0.0189711,0.00223241,7.28878e-07,2.15751e-06,1.36056e-05,5.5604e-10,8.85087e-05,7.24835e-05,4.34757e-07,3.4134e-09,6.02317e-06,4.74335e-06,14.8615,38.394,9.70897,0.303076,21.4301,0.276409,12.2623,0.0117048,0.219469,1.79928,0.230092,-0.198803,0.000699025,0.00601648,-0.439016,0.0115173,0.0187871,0.00522545,0.00340542,-0.439016,0.0168297,2.82841,2.21302,0.000359806,0.0431056,0.000815385,0.00313118,0.000219469,0.000599761,0.0431056,3.35301,2.88639e-06,5.15249,0.231174
2033.9583,303.993,304.002,3.78543,0.37125,1.85261,0.0114897,0.00792096,0.00420423,0.00356875,6.39219e-05,7.37053e-05,5.30258e-05,2.47434e-06,0.00407683,0.00579459,0.0626646,0.564087,0.0197366,0.00225778,3.3365e-07,2.14491e-06,1.86606e-05,1.14658e-09,9.24669e-05,7.63206e-05,5.5543e-07,1.82241e-08,5.86587e-06,4.92804e-06,14.8953,38.4121,9.72286,0.291982,21.43,0.281288,12.274,0.0118513,0.223343,1.79486,0.230476,-0.198066,0.00118421,0.00574677,-0.438869,0.0117206,0.0188041,0.00531768,0.00339632,-0.438869,0.0168551,2.82847,2.21308,0.000343596,0.0430977,0.000829776,0.00313402,0.000223343,0.000598285,0.0430977,3.36217,2.47856e-06,5.17247,0.235194
2034.0417,303.945,303.966,3.87143,0.360584,1.9226,0.0112452,0.00796884,0.00410913,0.00327636,5.30819e-05,7.22613e-05,4.40968e-05,1.95406e-06,0.00343399,0.0056078,0.0615712,0.640124,0.0191124,0.00228741,2.64462e-07,2.13564e-06,2.80637e-05,6.76425e-09,9.13894e-05,7.44348e-05,8.57414e-07,1.00686e-07,5.65477e-06,4.79831e-06,14.9267,38.433,9.73822,0.286765,21.4288,0.286998,12.2866,0.0120141,0.227877,1.79069,0.230856,-0.197584,0.00141384,0.00562273,-0.438864,0.0119585,0.0188223,0.00542563,0.00338775,-0.438864,0.0168793,2.82853,2.21313,0.000336397,0.0430895,0.00084662,0.00313706,0.000227877,0.000596897,0.0430895,3.17612,2.4001e-06,5.1885,0.239891
2034.1250,303.679,303.713,3.93018,0.3701,1.62592,0.0109195,0.00794689,0.004043,0.00297258,4.82879e-05,7.04511e-05,4.01144e-05,1.75697e-06,0.00322744,0.00569952,0.0616383,0.667789,0.0182843,0.00230773,2.40372e-07,2.11667e-06,2.47706e-05,2.06823e-08,9.01097e-05,7.16485e-05,7.4044e-07,3.69816e-07,5.54152e-06,4.61825e-06,14.9481,38.4479,9.75034,0.284194,21.4283,0.290884,12.2973,0.0121268,0.230962,1.78723,0.231129,-0.197248,0.00150801,0.00556426,-0.43883,0.0121204,0.0188381,0.00549909,0.00338064,-0.43883,0.0168966,2.82859,2.21318,0.000332952,0.043085,0.000858082,0.00313968,0.000230962,0.000595743,0.043085,3.03775,2.35704e-06,5.1978,0.243088
2034.2083,302.984,303.008,3.9651,0.378144,1.21666,0.0107871,0.00782729,0.0039712,0.00295986,3.99375e-05,6.96319e-05,3.31489e-05,1.4542e-06,0.00267904,0.00561797,0.0625451,0.770102,0.0179186,0.00231997,2.07103e-07,2.08455e-06,2.42888e-05,4.1925e-08,8.79505e-05,7.05804e-05,7.00359e-07,8.0458e-07,5.40678e-06,4.54191e-06,14.9639,38.4612,9.75971,0.284997,21.4283,0.293188,12.3065,0.0121951,0.232791,1.78402,0.231309,-0.196739,0.0017727,0.00558592,-0.43878,0.0122164,0.0188517,0.00554265,0.00337408,-0.43878,0.0169078,2.82863,2.21321,0.00033305,0.0430826,0.000864879,0.00314196,0.000232791,0.000594674,0.0430826,2.85246,2.29165e-06,5.20414,0.244986
2034.2917,302.996,303.01,3.9915,0.36932,1.64101,0.0106127,0.00780053,0.0039442,0.00281214,3.54447e-05,6.93702e-05,2.93902e-05,1.29552e-06,0.00242242,0.00569793,0.0621103,0.836127,0.0174966,0.00232932,1.84935e-07,2.05831e-06,3.22007e-05,4.20455e-08,8.66094e-05,6.91157e-05,9.56508e-07,7.68766e-07,5.30627e-06,4.44404e-06,14.9777,38.4738,9.76812,0.286333,21.4288,0.294927,12.3152,0.0122481,0.234172,1.78096,0.23146,-0.19631,0.00194419,0.00562052,-0.438703,0.0122888,0.0188647,0.00557552,0.00336784,-0.438703,0.0169171,2.82867,2.21324,0.000333923,0.0430822,0.000870009,0.00314412,0.000234172,0.000593653,0.0430822,2.83956,2.24325e-06,5.20956,0.24642
2034.3750,303.73,303.729,4.0274,0.326541,2.89269,0.011081,0.00797121,0.00376785,0.00310976,5.02984e-05,7.14578e-05,4.17787e-05,1.83719e-06,0.00325717,0.00524926,0.0607751,0.644828,0.0185459,0.00234187,2.55089e-07,2.04852e-06,4.446e-05,2.46874e-08,7.95815e-05,7.27867e-05,1.52983e-06,2.03427e-07,4.98877e-06,4.6937e-06,14.9945,38.4908,9.7779,0.286725,21.4306,0.297287,12.3248,0.0123207,0.236046,1.77899,0.231657,-0.196318,0.00154019,0.00563906,-0.438518,0.0123872,0.0188791,0.00562014,0.00336386,-0.438518,0.0169293,2.82872,2.21327,0.000335296,0.0430858,0.000876971,0.00314651,0.000236046,0.000592997,0.0430858,3.42617,2.30361e-06,5.21658,0.248367
2034.4583,303.84,303.836,4.07469,0.273662,3.18606,0.0113171,0.00808858,0.00321965,0.0032285,0.000137523,7.20704e-05,0.000113205,6.21295e-06,0.00874545,0.00510264,0.0609349,0.257179,0.0189879,0.00235825,8.61101e-07,2.05616e-06,1.98276e-05,4.08589e-08,6.00642e-05,7.30623e-05,8.68078e-07,5.17758e-08,4.20764e-06,4.81435e-06,15.0155,38.5272,9.78937,0.293888,21.4362,0.30039,12.3357,0.012417,0.238509,1.78157,0.231886,-0.19609,0.000842972,0.00583524,-0.438024,0.0125165,0.0188952,0.00567879,0.00336936,-0.438024,0.0169452,2.82878,2.21329,0.000346992,0.0430995,0.000886123,0.0031492,0.000238509,0.000593857,0.0430995,3.64624,2.91727e-06,5.22617,0.250926
2034.5417,305.48,305.411,4.10939,0.20759,3.58114,0.0102294,0.00808444,0.00234703,0.00214497,0.000267724,7.03501e-05,0.000207627,1.72949e-05,0.0212242,0.00612143,0.058088,0.101471,0.0165518,0.00237041,2.22415e-06,2.07685e-06,1.71344e-06,1.61329e-08,3.36126e-05,6.14574e-05,8.97599e-08,2.40996e-08,2.95773e-06,4.23108e-06,15.028,38.5744,9.79953,0.310146,21.4464,0.302662,12.3459,0.0124908,0.240314,1.78987,0.232,-0.19507,0.000411222,0.00625657,-0.437124,0.0126111,0.0189105,0.00572175,0.00338673,-0.437124,0.0169581,2.82885,2.21328,0.000371985,0.043126,0.000892826,0.00315174,0.000240314,0.000596623,0.043126,3.90843,4.301e-06,5.22846,0.252804
2034.6250,306.385,306.32,4.04093,0.202626,3.17754,0.00812555,0.0074895,0.00217945,0.000636049,0.000406129,6.17446e-05,0.000291171,3.65993e-05,0.0386098,0.00719537,0.0512569,0.0317355,0.0123534,0.00234792,4.51333e-06,2.09673e-06,4.39147e-07,3.21082e-09,1.71525e-05,4.34731e-05,2.32591e-08,1.51842e-08,2.70798e-06,3.25731e-06,14.9867,38.5906,9.79612,0.337132,21.462,0.298174,12.3473,0.0123644,0.23675,1.80475,0.231545,-0.193843,0.000139409,0.00682999,-0.435776,0.0124242,0.0189135,0.00563692,0.00341776,-0.435776,0.0169399,2.82891,2.21328,0.000410974,0.043167,0.000879589,0.00315224,0.00023675,0.000601583,0.043167,3.69588,6.61006e-06,5.19054,0.249115
2034.7083,306.704,306.683,3.91982,0.227253,2.93935,0.00864161,0.00765241,0.00278878,0.000989195,0.000439312,6.2693e-05,0.000315443,4.34058e-05,0.0372646,0.00718971,0.0497452,0.0347954,0.013599,0.00230746,5.22081e-06,2.10434e-06,1.20935e-06,1.03852e-09,2.43678e-05,4.74297e-05,5.5757e-08,8.65793e-09,3.54243e-06,3.5454e-06,14.9189,38.5694,9.78519,0.351069,21.4809,0.290199,12.3435,0.0121296,0.230418,1.8185,0.230826,-0.192642,0.000119498,0.00708082,-0.434115,0.0120918,0.0189091,0.00548613,0.0034464,-0.434115,0.0169061,2.82898,2.2133,0.00042901,0.0432155,0.000856061,0.00315152,0.000230418,0.000606166,0.0432155,3.73925,7.32515e-06,5.13375,0.242547
2034.7917,304.326,304.36,3.94811,0.327352,1.93855,0.0113766,0.00820704,0.00429328,0.00316958,0.000438111,7.40377e-05,0.000322785,4.61005e-05,0.0289231,0.00610305,0.0607713,0.0879673,0.0193361,0.00231742,5.96566e-06,2.1221e-06,4.26295e-06,2.59369e-10,6.08512e-05,6.85484e-05,1.46631e-07,4.92484e-09,5.70448e-06,4.877e-06,14.9152,38.5771,9.79349,0.339061,21.4983,0.292067,12.3519,0.0121825,0.231901,1.82453,0.230703,-0.191413,0.000186102,0.00673255,-0.432494,0.0121697,0.0189216,0.00552145,0.00345902,-0.432494,0.0169159,2.82904,2.21333,0.00040823,0.0432558,0.000861573,0.00315361,0.000231901,0.000608178,0.0432558,3.55765,8.08776e-06,5.12167,0.244084
2034.8750,304.181,304.209,4.00813,0.360743,2.04583,0.0114523,0.00799271,0.0045799,0.00345954,0.000115089,7.3964e-05,9.39257e-05,6.18573e-06,0.00754923,0.00612248,0.0625549,0.318567,0.0193467,0.00233812,8.26188e-07,2.12242e-06,1.37171e-05,1.59612e-10,8.9541e-05,7.46121e-05,4.22515e-07,3.2018e-09,6.30924e-06,4.88322e-06,14.9459,38.5854,9.80621,0.313241,21.5055,0.29602,12.3633,0.0122996,0.23504,1.82083,0.230971,-0.190396,0.000663684,0.00617676,-0.431659,0.0123344,0.0189384,0.00559619,0.00345145,-0.431659,0.0169393,2.8291,2.2134,0.000372071,0.0432648,0.000873235,0.0031564,0.00023504,0.000606943,0.0432648,3.46795,2.94861e-06,5.13965,0.24734
2034.9583,302.678,302.726,4.04332,0.38431,1.08541,0.0113915,0.0077925,0.00411155,0.00359901,6.47666e-05,7.17612e-05,5.36087e-05,2.6294e-06,0.00416561,0.00575469,0.0650569,0.531089,0.0190523,0.00235046,3.75504e-07,2.10431e-06,1.26196e-05,9.30937e-10,8.54939e-05,7.47221e-05,3.59661e-07,2.47779e-08,5.76699e-06,4.83543e-06,14.9777,38.606,9.81618,0.304373,21.5071,0.298333,12.3732,0.0123754,0.236876,1.81685,0.231253,-0.189534,0.00111715,0.00599625,-0.431344,0.0124308,0.0189532,0.00563991,0.0034433,-0.431344,0.0169585,2.82917,2.21346,0.000359058,0.0432605,0.000880056,0.00315887,0.000236876,0.000605615,0.0432605,2.86119,2.47982e-06,5.16152,0.249252
2035.0417,303.12,303.142,4.07446,0.373819,1.56507,0.011325,0.00786302,0.0041474,0.00346202,5.28449e-05,7.19286e-05,4.38425e-05,2.00056e-06,0.00340658,0.00575442,0.0641814,0.638286,0.0189588,0.00236141,2.83359e-07,2.08466e-06,2.01497e-05,1.77432e-08,8.75517e-05,7.45582e-05,5.92171e-07,4.44257e-07,5.71205e-06,4.81131e-06,15.0115,38.6344,9.82567,0.301241,21.5082,0.300375,12.3829,0.0124486,0.238498,1.81342,0.231553,-0.188826,0.00136738,0.00593628,-0.431119,0.0125159,0.0189676,0.00567852,0.0034363,-0.431119,0.0169778,2.82923,2.21351,0.000353945,0.0432577,0.000886081,0.00316127,0.000238498,0.000604475,0.0432577,3.02963,2.36802e-06,5.18587,0.250946
2035.1250,303.315,303.309,4.08358,0.375048,1.51622,0.0111398,0.00791186,0.00415247,0.00322792,4.35779e-05,7.11638e-05,3.61536e-05,1.61594e-06,0.0028646,0.00575417,0.0637897,0.753129,0.0185276,0.00236497,2.29311e-07,2.0577e-06,2.30266e-05,3.31482e-08,8.89288e-05,7.31653e-05,6.68119e-07,8.71001e-07,5.67453e-06,4.71268e-06,15.0346,38.6543,9.83237,0.300102,21.5093,0.300972,12.3908,0.0124789,0.238972,1.81019,0.231751,-0.188205,0.00162544,0.00591886,-0.43093,0.0125408,0.0189796,0.00568981,0.00342971,-0.43093,0.0169904,2.82927,2.21354,0.000351349,0.0432563,0.000887843,0.00316327,0.000238972,0.000603398,0.0432563,3.0773,2.28701e-06,5.20227,0.251451
2035.2083,303.664,303.681,4.10315,0.368134,1.80069,0.0111519,0.00796101,0.0041818,0.00319093,4.17347e-05,7.10027e-05,3.46366e-05,1.52526e-06,0.00272051,0.00541624,0.0618279,0.772493,0.0184859,0.00237205,2.12183e-07,2.05444e-06,2.90162e-05,1.72178e-08,9.09287e-05,7.31071e-05,8.58705e-07,4.22796e-07,5.67282e-06,4.70733e-06,15.0603,38.6737,9.84069,0.297091,21.5101,0.302254,12.4,0.01253,0.23999,1.80617,0.232,-0.187779,0.0017334,0.00585373,-0.430788,0.0125942,0.0189933,0.00571404,0.00342147,-0.430788,0.0170061,2.82932,2.21358,0.000347079,0.0432547,0.000891623,0.00316556,0.00023999,0.000602057,0.0432547,3.24537,2.26662e-06,5.21961,0.25252
2035.2917,303.33,303.344,4.11106,0.352547,2.36207,0.0112143,0.00792458,0.00400363,0.00328969,4.24803e-05,7.10944e-05,3.52637e-05,1.5494e-06,0.00271419,0.00523875,0.0617874,0.755841,0.0186047,0.00237522,2.18564e-07,2.0478e-06,3.80206e-05,2.36598e-08,8.56778e-05,7.35539e-05,1.20211e-06,4.10323e-07,5.37288e-06,4.73672e-06,15.0812,38.6911,9.84754,0.296166,21.511,0.302771,12.4082,0.0125582,0.2404,1.80275,0.232193,-0.187457,0.00175264,0.00584007,-0.430657,0.0126157,0.0190058,0.00572382,0.00341449,-0.430657,0.0170181,2.82937,2.21362,0.000345854,0.0432543,0.000893149,0.00316764,0.0002404,0.000600917,0.0432543,3.25766,2.26636e-06,5.23368,0.252959
2035.3750,303.415,303.413,4.12884,0.320291,2.71601,0.0111053,0.00796576,0.00378295,0.00313949,6.97289e-05,7.13777e-05,5.77268e-05,2.80769e-06,0.00455965,0.00532293,0.0618566,0.454071,0.0183611,0.0023817,3.95537e-07,2.04442e-06,3.64849e-05,1.99478e-08,7.61016e-05,7.21444e-05,1.30143e-06,1.06021e-07,5.00314e-06,4.67889e-06,15.106,38.7216,9.85574,0.298285,21.5148,0.303933,12.4174,0.0126055,0.241323,1.80248,0.232419,-0.187458,0.00108631,0.00590813,-0.430285,0.0126641,0.0190196,0.00574579,0.00341406,-0.430285,0.0170327,2.82943,2.21365,0.000350201,0.0432626,0.000896577,0.00316993,0.000241323,0.000600827,0.0432626,3.33386,2.43996e-06,5.2503,0.253929
2035.4583,304.088,304.065,4.13595,0.316048,2.80416,0.0111153,0.00814535,0.00381738,0.00296994,9.52887e-05,7.13708e-05,7.85289e-05,4.24823e-06,0.00622999,0.00531313,0.0601547,0.325637,0.0183117,0.00238462,5.82987e-07,2.04535e-06,2.58924e-05,1.17283e-08,7.67021e-05,7.14972e-05,9.45213e-07,3.93613e-08,5.06072e-06,4.66782e-06,15.1226,38.7432,9.86261,0.29839,21.5197,0.304398,12.4257,0.0126318,0.241692,1.80247,0.232577,-0.187085,0.000821313,0.00591854,-0.429817,0.0126835,0.0190322,0.00575458,0.00341419,-0.429817,0.0170441,2.82949,2.21369,0.00035092,0.0432735,0.000897949,0.00317203,0.000241692,0.000600823,0.0432735,3.47943,2.62834e-06,5.26002,0.254324
2035.5417,305.689,305.627,4.13544,0.262656,3.57451,0.0109181,0.00838166,0.00326543,0.00253641,0.000148592,7.13052e-05,0.000122088,6.90571e-06,0.0102244,0.00533419,0.0567967,0.205127,0.017761,0.00238499,8.78663e-07,2.06461e-06,1.15768e-05,1.67991e-08,6.0406e-05,6.82922e-05,5.09686e-07,2.43685e-08,4.27438e-06,4.52627e-06,15.1311,38.7648,9.86859,0.302945,21.5261,0.304365,12.4335,0.0126429,0.241666,1.80471,0.232681,-0.186409,0.000667222,0.00604545,-0.429222,0.0126821,0.0190442,0.00575395,0.00341901,-0.429222,0.0170532,2.82956,2.21372,0.000358061,0.0432883,0.000897851,0.00317403,0.000241666,0.000601572,0.0432883,4.04701,2.94327e-06,5.26247,0.254309
2035.6250,306.394,306.326,4.11183,0.201517,3.52392,0.00958169,0.00791583,0.00217571,0.00166586,0.000297512,6.81324e-05,0.000224669,2.09212e-05,0.0250032,0.00677536,0.0543492,0.0776003,0.0150974,0.00237761,2.56161e-06,2.09595e-06,7.80423e-07,1.03546e-08,2.49442e-05,5.55507e-05,4.03645e-08,1.68393e-08,2.72882e-06,3.89244e-06,15.1225,38.7997,9.8714,0.324611,21.5373,0.302821,12.4391,0.0126077,0.24044,1.81533,0.232607,-0.185256,0.000336235,0.00659051,-0.428231,0.0126178,0.0190531,0.00572476,0.00344119,-0.428231,0.0170546,2.82962,2.21372,0.000390745,0.043317,0.000893297,0.00317552,0.00024044,0.00060511,0.043317,3.97051,4.65756e-06,5.25107,0.253048
2035.7083,305.647,305.662,4.02222,0.242874,2.80923,0.0094133,0.00777086,0.00286924,0.00164244,0.000427687,6.7976e-05,0.000306815,4.15694e-05,0.0358373,0.00723634,0.0558315,0.0447131,0.0149792,0.00234798,5.21715e-06,2.11314e-06,1.78761e-06,1.76746e-09,2.85727e-05,5.25745e-05,8.06116e-08,9.80698e-09,3.63818e-06,3.85442e-06,15.0768,38.8041,9.86522,0.344071,21.5544,0.296947,12.4388,0.0124397,0.235776,1.82886,0.232108,-0.184055,0.000149581,0.00695469,-0.426736,0.012373,0.0190536,0.00561371,0.0034694,-0.426736,0.0170338,2.82969,2.21373,0.00041683,0.0433608,0.000875968,0.0031756,0.000235776,0.000609622,0.0433608,3.66599,7.33028e-06,5.21154,0.248215
2035.7917,304.881,304.873,4.04148,0.303218,2.61871,0.0117035,0.00853959,0.00402236,0.00316392,0.000409022,7.46261e-05,0.000303403,4.12881e-05,0.0258709,0.00595957,0.0602113,0.0829174,0.0197066,0.00235492,5.33282e-06,2.12514e-06,5.30115e-06,5.5182e-10,5.97107e-05,7.0812e-05,2.08578e-07,5.6596e-09,5.32352e-06,4.98765e-06,15.0795,38.8185,9.87304,0.334389,21.5704,0.298211,12.4473,0.0124822,0.23678,1.83417,0.232065,-0.182856,0.000196492,0.00665079,-0.425249,0.0124257,0.0190664,0.00563762,0.00348053,-0.425249,0.0170459,2.82975,2.21375,0.00040066,0.0433983,0.000879699,0.00317774,0.00023678,0.00061139,0.0433983,3.79739,7.45796e-06,5.20651,0.249262
2035.8750,304.689,304.707,4.08226,0.307882,2.54788,0.0116519,0.00838349,0.00399397,0.00326836,0.000249045,7.38391e-05,0.000196712,1.92874e-05,0.0159486,0.00571666,0.0599374,0.14211,0.0194243,0.00236912,2.51009e-06,2.14145e-06,9.25763e-06,6.37915e-10,7.04952e-05,7.28474e-05,3.5495e-07,3.53402e-09,5.39052e-06,4.93091e-06,15.1027,38.8411,9.88387,0.323154,21.58,0.300886,12.4579,0.0125683,0.238904,1.83529,0.232265,-0.18175,0.000345871,0.00642905,-0.424273,0.0125372,0.0190822,0.00568818,0.00348298,-0.424273,0.0170678,2.82982,2.21379,0.000384983,0.0434165,0.000887589,0.00318036,0.000238904,0.000611764,0.0434165,3.59588,4.65154e-06,5.21879,0.251472
2035.9583,303.74,303.775,4.09424,0.357403,1.72036,0.0114541,0.00810024,0.00443371,0.00335384,0.000103435,7.19581e-05,8.4709e-05,5.23541e-06,0.00665661,0.0056297,0.0617474,0.327575,0.0187676,0.00237369,7.17312e-07,2.12965e-06,1.66301e-05,2.45199e-10,8.97676e-05,7.32277e-05,5.23096e-07,2.34001e-09,6.08951e-06,4.78883e-06,15.1302,38.8586,9.89149,0.31043,21.5851,0.301671,12.4668,0.0126086,0.239527,1.83299,0.232496,-0.180821,0.000721913,0.00614864,-0.423666,0.0125699,0.0190956,0.00570302,0.00347833,-0.423666,0.0170869,2.82989,2.21385,0.000367626,0.0434221,0.000889903,0.0031826,0.000239527,0.000610997,0.0434221,3.10539,2.84696e-06,5.23868,0.252135
2036.0417,303.901,303.896,4.09012,0.366886,2.14158,0.0116481,0.00809209,0.00432707,0.00355597,6.65562e-05,7.29383e-05,5.51609e-05,2.61973e-06,0.00420984,0.00574804,0.062899,0.528623,0.0193294,0.00237285,3.58703e-07,2.11896e-06,1.89655e-05,2.12471e-10,9.26368e-05,7.58934e-05,5.71043e-07,3.38156e-09,5.99355e-06,4.91464e-06,15.1587,38.876,9.89703,0.302147,21.5861,0.301401,12.4743,0.0126249,0.239312,1.829,0.232754,-0.180111,0.00113335,0.00595944,-0.423427,0.0125586,0.0191071,0.00569791,0.00347018,-0.423427,0.0171045,2.82995,2.21391,0.000356025,0.0434182,0.000889107,0.00318451,0.000239312,0.000609668,0.0434182,3.43872,2.47767e-06,5.26167,0.251937
2036.1250,304.477,304.467,4.0875,0.368694,2.04506,0.0113799,0.00814808,0.00428918,0.0032318,5.05958e-05,7.19705e-05,4.20136e-05,1.86114e-06,0.0032491,0.00553353,0.060095,0.657345,0.0187534,0.00237251,2.48923e-07,2.11684e-06,2.39994e-05,8.10626e-10,9.41605e-05,7.39212e-05,7.25781e-07,1.37959e-08,5.91288e-06,4.77129e-06,15.1853,38.8934,9.90273,0.297439,21.586,0.30123,12.482,0.0126427,0.239176,1.82464,0.233017,-0.179549,0.00145188,0.00585176,-0.42333,0.0125515,0.0191187,0.00569467,0.00346122,-0.42333,0.0171215,2.83001,2.21397,0.000349006,0.0434127,0.000888602,0.00318645,0.000239176,0.000608214,0.0434127,3.47881,2.36577e-06,5.28258,0.251819
2036.2083,304.585,304.584,4.07243,0.358639,2.34057,0.0111219,0.00807907,0.0042744,0.0030428,4.23172e-05,7.1219e-05,3.51319e-05,1.52978e-06,0.0028135,0.00549466,0.0593313,0.752077,0.0181811,0.002368,2.02646e-07,2.12142e-06,3.34846e-05,4.6053e-09,9.49629e-05,7.17482e-05,1.02976e-06,6.87614e-08,5.80526e-06,4.6236e-06,15.2046,38.9039,9.90693,0.293906,21.5854,0.300242,12.4887,0.0126346,0.238392,1.82001,0.233217,-0.179164,0.00169306,0.00577187,-0.423297,0.0125103,0.0191292,0.00567601,0.0034517,-0.423297,0.0171341,2.83008,2.21403,0.000343658,0.0434072,0.000885689,0.00318819,0.000238392,0.000606671,0.0434072,3.55649,2.32406e-06,5.29769,0.251027
2036.2917,303.939,303.953,4.04437,0.367733,1.63664,0.010569,0.00801831,0.00417113,0.00255065,3.5537e-05,6.85904e-05,2.94717e-05,1.28569e-06,0.00247803,0.00575153,0.0589174,0.79917,0.0168626,0.0023591,1.74923e-07,2.10786e-06,3.16933e-05,1.84253e-08,9.35772e-05,6.69481e-05,9.4811e-07,2.88413e-07,5.66297e-06,4.31203e-06,15.2161,38.9081,9.90929,0.291502,21.5847,0.298401,12.4942,0.012598,0.23693,1.81579,0.23334,-0.178903,0.00189052,0.00571907,-0.423296,0.0124336,0.0191378,0.0056412,0.00344304,-0.423296,0.0171416,2.83014,2.21409,0.000340211,0.0434026,0.000880258,0.00318963,0.00023693,0.000605265,0.0434026,2.93264,2.28278e-06,5.3068,0.249528
2036.3750,304.355,304.351,4.01378,0.332565,2.86558,0.0110397,0.00803441,0.00396302,0.00300533,4.10493e-05,7.10552e-05,3.40883e-05,1.47072e-06,0.00270715,0.00535512,0.058766,0.756185,0.0180309,0.00234932,1.97228e-07,2.09238e-06,4.90045e-05,3.20072e-08,8.69865e-05,7.09564e-05,1.6526e-06,2.75307e-07,5.30093e-06,4.57078e-06,15.2239,38.9118,9.9111,0.290654,21.5847,0.296392,12.4991,0.0125535,0.235335,1.81257,0.233434,-0.178876,0.00180641,0.00570604,-0.423259,0.0123499,0.0191457,0.00560322,0.00343642,-0.423259,0.0171471,2.83019,2.21414,0.000339215,0.0434005,0.000874332,0.00319095,0.000235335,0.000604189,0.0434005,3.46273,2.28961e-06,5.31277,0.247889
2036.4583,304.631,304.607,4.0083,0.282032,3.20343,0.0111007,0.00815857,0.00343579,0.00294212,8.83101e-05,7.13481e-05,7.34541e-05,3.15745e-06,0.00581544,0.00526114,0.0580102,0.355718,0.0181607,0.00234798,4.17168e-07,2.09925e-06,2.87661e-05,5.74136e-08,6.85854e-05,7.06082e-05,1.23149e-06,6.17367e-08,4.53686e-06,4.60327e-06,15.2406,38.938,9.91614,0.295422,21.5882,0.296032,12.5061,0.0125576,0.235049,1.8138,0.233625,-0.178895,0.00113207,0.0058415,-0.422933,0.0123349,0.0191565,0.00559642,0.00343909,-0.422933,0.0171596,2.83025,2.21417,0.000347305,0.0434085,0.00087327,0.00319275,0.000235049,0.000604601,0.0434085,3.65034,2.51642e-06,5.32443,0.247607
2036.5417,305.586,305.548,3.99575,0.215774,3.49061,0.010688,0.00815029,0.00248703,0.00253767,0.000162495,7.05568e-05,0.000134079,6.81763e-06,0.0116487,0.0056309,0.0561747,0.180046,0.0172469,0.00234427,8.63732e-07,2.11812e-06,2.06641e-06,3.6134e-08,4.03043e-05,6.58332e-05,1.18731e-07,2.5771e-08,3.18965e-06,4.38591e-06,15.2479,38.9727,9.92028,0.308164,21.5961,0.295206,12.5126,0.0125465,0.234394,1.82049,0.233741,-0.17807,0.000778369,0.00618742,-0.42223,0.0123005,0.0191665,0.0055808,0.00345309,-0.42223,0.0171695,2.83032,2.21418,0.000367068,0.0434286,0.000870833,0.00319442,0.000234394,0.000606831,0.0434286,3.8676,2.98185e-06,5.32766,0.24694
2036.6250,308.763,308.557,3.88911,0.130406,2.96223,0.00594353,0.00690581,0.00129323,-0.000962275,0.000127407,4.46063e-05,9.83824e-05,7.11481e-06,0.0152938,0.00660605,0.0369588,0.0641086,0.00788719,0.00230867,8.39592e-07,2.12022e-06,8.0837e-10,1.30152e-08,1.30703e-05,3.33254e-05,4.37596e-11,1.65992e-08,1.46269e-06,2.29941e-06,15.2068,38.9956,9.91151,0.344405,21.6073,0.288163,12.5104,0.012342,0.228801,1.83708,0.233349,-0.176856,0.000398315,0.0071755,-0.421266,0.012007,0.0191644,0.00544764,0.00348761,-0.421266,0.0171488,2.83038,2.21417,0.000426203,0.0434583,0.000850056,0.00319407,0.000228801,0.000612359,0.0434583,3.05441,2.95982e-06,5.29531,0.241143
2036.7083,308.676,308.665,3.65093,0.196466,2.64325,0.00678579,0.00698574,0.0025914,-0.000199956,0.000148665,5.10609e-05,0.000114872,9.57643e-06,0.0170172,0.00763972,0.0386194,0.0748812,0.00915785,0.0022277,1.05125e-06,2.0969e-06,2.02902e-06,5.84894e-09,2.04194e-05,3.65204e-05,9.38821e-08,9.38109e-09,3.38905e-06,2.51628e-06,15.0932,38.9476,9.88384,0.373245,21.6247,0.272302,12.495,0.0118577,0.216208,1.85639,0.232303,-0.175713,0.000351014,0.00788225,-0.419777,0.0113461,0.019144,0.0051478,0.00352773,-0.419777,0.0170846,2.83044,2.2142,0.00046973,0.0435051,0.000803269,0.00319067,0.000216208,0.000618796,0.0435051,3.35368,3.14814e-06,5.20938,0.228065
2036.7917,307.885,307.823,3.51609,0.188239,2.73868,0.00656487,0.00659703,0.00223889,-3.21649e-05,0.000150112,5.23783e-05,0.000112773,1.02774e-05,0.0197622,0.00880385,0.042354,0.0720747,0.00869378,0.00218148,1.15103e-06,2.09645e-06,9.03594e-07,2.21982e-09,2.09634e-05,3.41279e-05,4.71331e-08,5.484e-09,2.91029e-06,2.36137e-06,15.024,38.9104,9.86883,0.370542,21.6458,0.263231,12.4873,0.011572,0.209006,1.86995,0.231686,-0.174654,0.000296957,0.00772378,-0.417917,0.0109682,0.0191341,0.00497633,0.00355586,-0.417917,0.0170498,2.8305,2.21424,0.000459538,0.0435589,0.000776513,0.00318901,0.000209006,0.000623317,0.0435589,3.26438,3.24748e-06,5.1552,0.220578
2036.8750,304.955,305.022,3.42502,0.311341,1.80274,0.0102169,0.00732929,0.0042557,0.00288759,0.000195945,7.154e-05,0.000155751,1.40137e-05,0.0149862,0.00688806,0.0571333,0.156548,0.0171952,0.00215008,1.7309e-06,2.08774e-06,9.14416e-06,8.40016e-10,6.55393e-05,6.33821e-05,3.40103e-07,3.25219e-09,5.78292e-06,4.25726e-06,14.9786,38.8774,9.85894,0.356078,21.6638,0.257074,12.4824,0.0113691,0.204117,1.87894,0.231278,-0.173701,0.000375257,0.00731547,-0.416243,0.0107116,0.0191279,0.00485992,0.00357445,-0.416243,0.0170277,2.83056,2.2143,0.000432879,0.0436004,0.000758348,0.00318799,0.000204116,0.000626313,0.0436004,3.25799,3.81864e-06,5.11964,0.215486
2036.9583,304.43,304.455,3.56025,0.321924,2.57039,0.0114748,0.0079912,0.00422237,0.00348365,0.000134334,7.4579e-05,0.000110044,6.77795e-06,0.00849728,0.006026,0.0608929,0.278378,0.0206902,0.00219692,8.79256e-07,2.08146e-06,1.84449e-05,4.62054e-10,8.45018e-05,7.77374e-05,6.65018e-07,1.98015e-09,5.94758e-06,5.08816e-06,15.0108,38.8818,9.87787,0.323923,21.6705,0.266207,12.4952,0.0115702,0.211369,1.87659,0.231706,-0.172987,0.000636824,0.00651112,-0.415411,0.0110922,0.0191462,0.00503259,0.0035695,-0.415411,0.0170579,2.83062,2.21437,0.000386694,0.0436066,0.000785291,0.00319103,0.000211369,0.000625529,0.0436066,3.45613,2.96072e-06,5.13291,0.222939
2037.0417,304.67,304.681,3.75955,0.331833,2.45088,0.0114461,0.00815863,0.0042202,0.00328746,0.000126288,7.37273e-05,0.000103742,6.03103e-06,0.00799301,0.00581458,0.0600001,0.291614,0.0204306,0.00226536,7.80383e-07,2.09201e-06,1.95097e-05,4.46943e-10,8.88792e-05,7.74682e-05,6.81237e-07,1.44681e-09,5.94843e-06,5.06599e-06,15.044,38.9023,9.90417,0.31162,21.672,0.279562,12.512,0.0118549,0.221972,1.87466,0.232206,-0.172413,0.00069801,0.00620771,-0.41509,0.0116487,0.0191702,0.00528505,0.00356546,-0.41509,0.0170917,2.83067,2.21441,0.000370288,0.0436014,0.000824685,0.00319503,0.000221972,0.000624885,0.0436014,3.63332,2.87239e-06,5.13985,0.233827
2037.1250,304.842,304.845,3.92253,0.346372,2.36731,0.0113719,0.00821951,0.0043597,0.00315243,8.84639e-05,7.26338e-05,7.32176e-05,3.61427e-06,0.00562457,0.00556056,0.0586322,0.401385,0.0200348,0.00232087,4.65636e-07,2.10172e-06,2.36191e-05,2.90493e-10,9.54401e-05,7.71364e-05,7.82367e-07,1.14759e-09,6.09396e-06,5.00332e-06,15.0707,38.9151,9.92651,0.30207,21.6716,0.290375,12.527,0.0120831,0.230558,1.87076,0.232617,-0.171892,0.000924297,0.00596995,-0.41496,0.0120992,0.0191917,0.00548947,0.00355739,-0.41496,0.0171191,2.83073,2.21446,0.000357368,0.0435929,0.000856582,0.00319862,0.000230558,0.000623587,0.0435929,3.62533,2.56736e-06,5.14417,0.242641
2037.2083,303.772,303.816,4.05581,0.362552,1.86847,0.0110277,0.00803199,0.00421875,0.00299569,6.33353e-05,7.01933e-05,5.2555e-05,2.40953e-06,0.00412626,0.00542468,0.0593791,0.512779,0.0189503,0.00236603,3.24635e-07,2.09895e-06,2.28941e-05,1.69414e-10,9.30885e-05,7.39628e-05,7.32921e-07,1.17982e-09,5.86115e-06,4.77644e-06,15.0939,38.9271,9.94579,0.296303,21.6707,0.299151,12.5406,0.0122645,0.237526,1.86617,0.232952,-0.171395,0.00118996,0.00582823,-0.414913,0.0124649,0.0192115,0.00565538,0.00354792,-0.414913,0.0171409,2.8308,2.21452,0.000349608,0.0435846,0.00088247,0.00320192,0.000237526,0.000622058,0.0435846,3.07702,2.42359e-06,5.14811,0.249791
2037.2917,303.579,303.591,4.13577,0.366856,1.68618,0.0108085,0.00800799,0.0041996,0.00280054,4.34865e-05,6.92412e-05,3.60911e-05,1.59047e-06,0.00294194,0.0056308,0.0603977,0.71179,0.0182816,0.00239311,2.20138e-07,2.069e-06,2.7486e-05,9.43051e-10,9.25714e-05,7.19488e-05,8.32561e-07,9.80876e-09,5.75423e-06,4.6269e-06,15.106,38.9331,9.95885,0.295291,21.6702,0.304386,12.5508,0.012358,0.241682,1.86166,0.233121,-0.170784,0.00162669,0.00580175,-0.414872,0.012683,0.0192265,0.00575434,0.00353859,-0.414872,0.0171513,2.83087,2.21459,0.00034697,0.0435791,0.000897911,0.00320442,0.000241682,0.000620554,0.0435791,2.91445,2.28914e-06,5.14714,0.25404
2037.3750,303.682,303.701,4.21921,0.324766,2.65455,0.0111809,0.00802888,0.0039034,0.00315206,5.65775e-05,7.06893e-05,4.69784e-05,2.09123e-06,0.00365239,0.00530288,0.0602288,0.588047,0.0190881,0.00242125,2.87844e-07,2.05431e-06,4.06348e-05,4.54448e-09,8.20696e-05,7.48015e-05,1.41975e-06,2.36886e-08,5.24503e-06,4.8239e-06,15.1227,38.9482,9.97267,0.295619,21.6713,0.309824,12.5617,0.0124631,0.246,1.85858,0.233328,-0.170632,0.00139946,0.00581855,-0.41471,0.0129096,0.0192426,0.00585715,0.00353225,-0.41471,0.017164,2.83093,2.21464,0.000348151,0.0435793,0.000913954,0.0032071,0.000246,0.000619527,0.0435793,3.2405,2.34215e-06,5.15002,0.258464
2037.4583,304.271,304.254,4.3095,0.260566,3.37312,0.0113625,0.00828697,0.00318296,0.00307557,0.00014684,7.1533e-05,0.000120976,6.47478e-06,0.00940822,0.00510627,0.0589908,0.232648,0.0193729,0.00245159,8.67773e-07,2.06099e-06,1.45566e-05,2.03587e-08,5.78033e-05,7.43979e-05,6.60973e-07,2.30513e-08,4.18161e-06,4.90829e-06,15.1441,38.9866,9.98772,0.304539,21.6771,0.315683,12.5737,0.0125859,0.250652,1.86083,0.233558,-0.170213,0.000804638,0.00605992,-0.414172,0.0131537,0.0192602,0.00596791,0.00353701,-0.414172,0.0171801,2.831,2.21466,0.000362129,0.0435928,0.000931237,0.00321003,0.000250652,0.000620276,0.0435928,3.77652,2.92876e-06,5.15635,0.263238
2037.5417,306.209,306.118,4.34432,0.181288,3.38442,0.00877254,0.00771854,0.00185783,0.001054,0.000279032,6.16868e-05,0.000206965,1.96717e-05,0.0256553,0.0063852,0.0507682,0.0640022,0.0136715,0.00246353,2.48007e-06,2.08466e-06,8.38918e-08,8.89441e-09,1.84534e-05,5.11917e-05,5.38366e-09,1.52922e-08,2.28927e-06,3.60563e-06,15.1381,39.0317,9.99634,0.332182,21.6891,0.317935,12.5819,0.012616,0.25244,1.87243,0.233496,-0.16901,0.000307242,0.00675264,-0.413127,0.0132475,0.0192727,0.00601048,0.0035612,-0.413127,0.0171828,2.83107,2.21465,0.00040427,0.0436237,0.00093788,0.00321212,0.00025244,0.000624142,0.0436237,3.66294,4.56473e-06,5.14173,0.265056
2037.6250,308.889,308.773,4.14713,0.162807,2.77514,0.00524361,0.00671587,0.00184922,-0.00147226,0.000145444,3.98877e-05,9.89977e-05,1.11796e-05,0.0216783,0.00702083,0.0326943,0.0348197,0.00626756,0.00239833,1.24809e-06,2.08037e-06,2.29607e-08,2.8517e-09,9.77138e-06,2.76561e-05,1.51184e-09,9.00454e-09,2.28964e-06,1.97014e-06,15.0421,39.009,9.97587,0.370199,21.7058,0.30512,12.572,0.0122382,0.242265,1.89088,0.232498,-0.167759,0.000199349,0.00764096,-0.411697,0.0127136,0.0192599,0.00576822,0.00359959,-0.411697,0.0171256,2.83114,2.21466,0.00046259,0.0436682,0.000900078,0.00320999,0.000242265,0.000630294,0.0436682,3.16663,3.32846e-06,5.06627,0.254503
2037.7083,308.159,308.118,3.91026,0.229052,2.14773,0.00705605,0.00695673,0.00328189,9.93224e-05,0.000168204,4.65892e-05,0.000127263,1.36542e-05,0.0164949,0.00655572,0.0365957,0.0654197,0.0101169,0.00231892,1.60318e-06,2.06238e-06,3.58449e-06,1.68607e-09,3.00671e-05,4.07072e-05,1.41261e-07,5.20556e-09,4.22545e-06,2.81516e-06,14.9302,38.9493,9.949,0.384755,21.7273,0.289563,12.5573,0.0117779,0.229913,1.90705,0.231372,-0.16659,0.000260998,0.00796271,-0.409819,0.0120654,0.0192404,0.00547413,0.00363317,-0.409819,0.0170576,2.8312,2.21471,0.00048161,0.0437243,0.000854188,0.00320673,0.000229913,0.000635684,0.0437243,3.14432,3.66556e-06,4.9812,0.241691
2037.7917,305.569,305.584,3.94703,0.303957,2.74083,0.0116453,0.00813571,0.0044297,0.00350955,0.000260495,7.33482e-05,0.000206251,2.01198e-05,0.0170905,0.00592259,0.0562172,0.134002,0.0199929,0.0023315,2.43093e-06,2.0764e-06,8.58386e-06,5.26211e-10,7.05545e-05,7.33913e-05,3.41154e-07,3.04588e-09,6.04997e-06,4.97341e-06,14.9273,38.9343,9.95574,0.350402,21.7471,0.291995,12.5629,0.0118008,0.231844,1.90954,0.231335,-0.165532,0.000322002,0.00710845,-0.407936,0.0121667,0.0192488,0.00552009,0.00363829,-0.407936,0.0170623,2.83127,2.21478,0.000426053,0.0437682,0.00086136,0.00320814,0.000231844,0.000636512,0.0437682,3.90216,4.50733e-06,4.97159,0.243644
2037.8750,304.886,304.919,4.05419,0.345112,2.28234,0.0117799,0.00801189,0.00470097,0.00376799,0.000132764,7.33333e-05,0.000108334,7.12586e-06,0.00851165,0.00583101,0.0589358,0.288635,0.0203353,0.00236781,9.03478e-07,2.09102e-06,1.53445e-05,3.06949e-10,9.24463e-05,7.73408e-05,5.0981e-07,1.88921e-09,6.57079e-06,5.07157e-06,14.9608,38.9487,9.97173,0.327426,21.7541,0.299044,12.5745,0.0119551,0.237441,1.90646,0.231662,-0.164612,0.000627312,0.00655581,-0.407088,0.0124604,0.0192657,0.00565336,0.00363191,-0.407088,0.0170879,2.83133,2.21484,0.000392366,0.0437754,0.000882156,0.00321094,0.000237441,0.000635488,0.0437754,3.64707,2.99449e-06,4.98904,0.249396
2037.9583,304.434,304.466,4.13015,0.360524,1.99922,0.0117679,0.0079364,0.00459425,0.0038315,6.95039e-05,7.20891e-05,5.76405e-05,2.6916e-06,0.00439974,0.0055065,0.0598747,0.517007,0.0199522,0.00239363,3.50752e-07,2.09949e-06,2.18566e-05,1.28649e-10,9.8425e-05,7.74232e-05,6.75266e-07,1.48549e-09,6.45351e-06,5.00919e-06,15.0002,38.966,9.98503,0.311214,21.7546,0.304019,12.5853,0.012081,0.241391,1.9001,0.232028,-0.16389,0.00112458,0.00616163,-0.406822,0.0126677,0.0192815,0.0057474,0.00361871,-0.406822,0.0171124,2.8314,2.21492,0.000369826,0.0437661,0.000896829,0.00321358,0.000241391,0.000633366,0.0437661,3.3898,2.45024e-06,5.01513,0.253472
2038.0417,303.911,303.923,4.16913,0.371129,1.8063,0.0117798,0.00790342,0.00439484,0.00387634,5.18612e-05,7.16493e-05,4.30759e-05,1.90309e-06,0.00321939,0.00529268,0.061083,0.683959,0.0200644,0.00240706,2.57329e-07,2.09005e-06,2.24978e-05,2.79945e-10,9.62404e-05,7.82571e-05,6.66562e-07,4.20428e-09,6.15488e-06,5.04246e-06,15.0379,38.991,9.99448,0.30514,21.7536,0.306564,12.5943,0.0121651,0.243411,1.89441,0.232346,-0.163276,0.00150866,0.00601515,-0.406753,0.0127737,0.0192947,0.00579551,0.00360691,-0.406753,0.0171327,2.83147,2.21498,0.000360765,0.0437563,0.000904336,0.00321579,0.000243411,0.00063147,0.0437563,3.28546,2.34738e-06,5.04341,0.255576
2038.1250,303.774,303.805,4.20056,0.373673,1.55113,0.0113907,0.00789428,0.00433109,0.00349646,4.27579e-05,7.03054e-05,3.54883e-05,1.55702e-06,0.00275323,0.00556468,0.0607827,0.782692,0.0191646,0.00241798,2.12118e-07,2.08103e-06,2.49875e-05,1.305e-09,9.60272e-05,7.51311e-05,7.34698e-07,2.07669e-08,6.0075e-06,4.83472e-06,15.0717,39.0152,10.0031,0.301826,21.7527,0.308612,12.6029,0.0122359,0.245038,1.88891,0.232633,-0.162798,0.00175651,0.00593663,-0.406719,0.0128591,0.0193075,0.00583423,0.0035955,-0.406719,0.0171507,2.83153,2.21504,0.000355505,0.0437491,0.000910377,0.00321792,0.000245038,0.000629638,0.0437491,3.13881,2.29315e-06,5.06856,0.257273
2038.2083,304.07,304.077,4.22676,0.358083,2.23351,0.0114956,0.00790018,0.00431948,0.00359542,4.17372e-05,7.08036e-05,3.46395e-05,1.51811e-06,0.00263798,0.00512605,0.0599279,0.8039,0.0194636,0.00242715,2.05231e-07,2.07622e-06,3.65034e-05,1.01479e-08,9.46253e-05,7.62348e-05,1.12743e-06,1.34745e-07,5.8678e-06,4.90364e-06,15.1044,39.0406,10.0114,0.300114,21.7524,0.310316,12.6114,0.0122978,0.246391,1.88369,0.232901,-0.162453,0.00183548,0.00589901,-0.406673,0.0129301,0.0193202,0.00586644,0.00358469,-0.406673,0.0171673,2.8316,2.2151,0.000352689,0.0437445,0.000915404,0.00322004,0.000246391,0.000627898,0.0437445,3.39265,2.28145e-06,5.09295,0.258688
2038.2917,303.621,303.639,4.23963,0.366371,1.82425,0.0110776,0.00788046,0.0042593,0.00319709,3.76674e-05,6.91858e-05,3.12421e-05,1.3672e-06,0.00248516,0.00540763,0.0601515,0.826289,0.0184274,0.00243189,1.88535e-07,2.06512e-06,3.20792e-05,2.48184e-08,9.42709e-05,7.25111e-05,9.62151e-07,3.63567e-07,5.78574e-06,4.66384e-06,15.1308,39.0604,10.0181,0.298679,21.7523,0.311153,12.6191,0.0123351,0.247055,1.87867,0.233105,-0.16214,0.00193738,0.00586759,-0.406625,0.0129649,0.0193317,0.00588227,0.00357427,-0.406625,0.0171799,2.83166,2.21515,0.000350361,0.0437417,0.000917874,0.00322195,0.000247055,0.000626222,0.0437417,3.07273,2.25365e-06,5.1127,0.25939
2038.3750,304.017,304.018,4.24231,0.332236,2.68587,0.0111975,0.00794206,0.00407622,0.00325544,4.48038e-05,7.01693e-05,3.72007e-05,1.61933e-06,0.00292571,0.00535063,0.0596438,0.711708,0.0187266,0.00243323,2.20529e-07,2.05397e-06,4.78277e-05,2.26765e-08,8.69881e-05,7.3405e-05,1.60769e-06,2.09172e-07,5.43704e-06,4.72815e-06,15.1517,39.0789,10.0235,0.298698,21.7534,0.311327,12.6259,0.0123529,0.247193,1.87505,0.233259,-0.162108,0.00167339,0.00587678,-0.406484,0.0129722,0.019342,0.00588556,0.0035668,-0.406484,0.0171892,2.83172,2.2152,0.000350817,0.0437429,0.000918387,0.00322367,0.000247193,0.000625018,0.0437429,3.27725,2.2745e-06,5.12822,0.259546
2038.4583,303.669,303.697,4.26441,0.273022,3.22525,0.0116374,0.00798781,0.00334585,0.00364957,0.000113384,7.13966e-05,9.38239e-05,4.58441e-06,0.00701054,0.00499971,0.0602573,0.325088,0.0197101,0.00244103,6.32866e-07,2.05976e-06,2.36299e-05,4.04927e-08,6.37639e-05,7.59623e-05,1.01851e-06,5.81647e-08,4.40942e-06,4.97169e-06,15.1791,39.1174,10.0314,0.304603,21.7579,0.312761,12.6343,0.0124065,0.248332,1.87571,0.23348,-0.161982,0.000999115,0.00604206,-0.406072,0.013032,0.0193547,0.00591268,0.00356823,-0.406072,0.0172039,2.83178,2.21523,0.000360771,0.0437533,0.000922619,0.00322578,0.000248332,0.000625237,0.0437533,3.58018,2.69263e-06,5.1477,0.260739
2038.5417,305.039,304.982,4.28633,0.226583,3.45372,0.0112247,0.00828863,0.00274761,0.00293609,0.000270091,7.11774e-05,0.000214469,1.6426e-05,0.0178964,0.00519719,0.0577231,0.1159,0.0187268,0.00244879,2.13168e-06,2.07273e-06,2.79853e-06,2.14799e-08,4.08999e-05,6.94461e-05,1.4784e-07,2.54762e-08,3.52468e-06,4.74427e-06,15.2023,39.1757,10.0395,0.321361,21.7684,0.314183,12.643,0.0124603,0.249461,1.8836,0.233637,-0.160949,0.000493463,0.00648248,-0.405147,0.0130912,0.0193677,0.00593955,0.00358468,-0.405147,0.0172187,2.83185,2.21522,0.000386397,0.0437803,0.000926812,0.00322794,0.000249461,0.000627867,0.0437803,3.89552,4.20441e-06,5.16276,0.261922
2038.6250,307.938,307.805,4.21509,0.148261,3.30553,0.00698324,0.00714482,0.00150879,-0.000161579,0.000246121,5.04853e-05,0.00017446,1.9492e-05,0.0266647,0.00675118,0.0416306,0.0388442,0.00974715,0.00242557,2.32202e-06,2.09727e-06,7.36154e-09,4.9875e-09,1.40092e-05,3.78065e-05,4.80877e-10,1.64253e-08,1.75146e-06,2.72445e-06,15.1734,39.2047,10.0357,0.351671,21.7818,0.309551,12.644,0.01234,0.245784,1.89786,0.233278,-0.159693,0.000198714,0.00720293,-0.403986,0.0128982,0.01937,0.005852,0.00361434,-0.403986,0.0172048,2.83192,2.21522,0.000434072,0.0438151,0.00091315,0.00322833,0.000245784,0.000632619,0.0438151,3.46676,4.41929e-06,5.13771,0.258124
2038.7083,306.243,306.245,4.08654,0.246584,3.32088,0.0103482,0.00811359,0.003517,0.00223465,0.000500868,6.8923e-05,0.000361508,5.03888e-05,0.0363875,0.00636796,0.0526726,0.0440292,0.0169675,0.00238298,6.05088e-06,2.10564e-06,1.97848e-06,1.26438e-09,3.31764e-05,5.83625e-05,8.80914e-08,9.15603e-09,4.60543e-06,4.31285e-06,15.1155,39.1939,10.0238,0.364843,21.8015,0.301166,12.6394,0.0121057,0.239126,1.91207,0.232604,-0.158467,0.000137226,0.00741294,-0.402266,0.0125488,0.0193646,0.00569348,0.00364388,-0.402266,0.0171728,2.83198,2.21524,0.000450799,0.0438663,0.000888415,0.00322743,0.000239126,0.000637357,0.0438663,4.23137,8.15652e-06,5.0917,0.251232
2038.7917,305.216,305.229,4.11774,0.285868,2.75471,0.0118086,0.00844043,0.00391404,0.00336816,0.000495401,7.3578e-05,0.000361545,5.22338e-05,0.0311114,0.00574191,0.0574588,0.0619337,0.0201282,0.0023938,6.5218e-06,2.13684e-06,3.59446e-06,4.72651e-10,5.20696e-05,7.02463e-05,1.56562e-07,5.37213e-09,5.23713e-06,5.05805e-06,15.1235,39.2118,10.0321,0.351337,21.8195,0.303208,12.6475,0.0121672,0.240747,1.91736,0.232568,-0.157217,0.000153789,0.00699341,-0.400587,0.0126339,0.0193766,0.00573207,0.00365489,-0.400587,0.0171876,2.83205,2.21527,0.000425777,0.0439082,0.000894437,0.00322943,0.000240747,0.000639121,0.0439082,3.76028,8.65864e-06,5.09148,0.252914
2038.8750,304.247,304.296,4.1684,0.329686,1.88331,0.0117676,0.00822793,0.00442248,0.0035397,0.00028525,7.23417e-05,0.000218097,2.54878e-05,0.0179133,0.00565019,0.0597093,0.1417,0.0198526,0.00241115,3.29861e-06,2.14165e-06,7.47451e-06,3.41478e-10,7.48385e-05,7.34074e-05,2.58476e-07,3.27686e-09,6.02989e-06,5.01112e-06,15.1515,39.2397,10.043,0.338825,21.8308,0.306516,12.6575,0.0122667,0.243374,1.91862,0.232741,-0.156025,0.00031603,0.00670259,-0.399442,0.0127718,0.0193913,0.00579461,0.00365753,-0.399442,0.0172111,2.83212,2.21531,0.000406852,0.0439298,0.000904196,0.00323188,0.000243374,0.000639541,0.0439298,3.298,5.44025e-06,5.10848,0.25564
2038.9583,303.562,303.581,4.15163,0.365708,1.57097,0.0117058,0.00783736,0.00455641,0.00386841,9.02314e-05,7.12991e-05,7.42087e-05,4.22349e-06,0.00563193,0.00523323,0.0618343,0.384829,0.0192754,0.00240607,5.81798e-07,2.11953e-06,1.48028e-05,1.84863e-10,9.22004e-05,7.49667e-05,4.53675e-07,2.26914e-09,6.35169e-06,4.88739e-06,15.1874,39.2578,10.0465,0.321188,21.8351,0.305422,12.6634,0.0122677,0.242505,1.91411,0.232973,-0.155067,0.000836818,0.00633401,-0.398858,0.0127262,0.0194004,0.00577393,0.00364822,-0.398858,0.0172297,2.83219,2.21538,0.000382249,0.0439316,0.000900968,0.00323339,0.000242505,0.000638038,0.0439316,3.02698,2.70132e-06,5.14087,0.254773
2039.0417,302.619,302.672,4.08045,0.387728,0.696628,0.0109436,0.00760174,0.00423438,0.00334188,4.35123e-05,6.86771e-05,3.60512e-05,1.66618e-06,0.00293951,0.00586842,0.0632805,0.703115,0.0176772,0.00238275,2.39179e-07,2.08539e-06,1.52781e-05,4.39522e-09,9.10155e-05,6.95924e-05,4.28871e-07,8.48244e-08,5.95224e-06,4.49191e-06,15.2162,39.2757,10.0433,0.315151,21.8352,0.300767,12.6652,0.0121841,0.238809,1.90909,0.233131,-0.154229,0.0014868,0.00620862,-0.398693,0.0125322,0.0194038,0.00568592,0.00363781,-0.398693,0.0172402,2.83225,2.21545,0.000371597,0.0439245,0.000887236,0.00323396,0.000238809,0.000636363,0.0439245,2.51849,2.32456e-06,5.17294,0.250993
2039.1250,304.872,304.829,4.03139,0.357362,2.6167,0.0116007,0.00787004,0.00449159,0.00373066,4.19486e-05,7.27695e-05,3.47947e-05,1.55171e-06,0.00267698,0.00562743,0.0612177,0.844928,0.0194927,0.00236675,2.05343e-07,2.07807e-06,3.49569e-05,2.69975e-08,9.87722e-05,7.59037e-05,1.083e-06,4.11195e-07,6.1377e-06,4.88727e-06,15.2499,39.2975,10.0426,0.309094,21.8347,0.297549,12.6685,0.0121383,0.236254,1.90382,0.233379,-0.153781,0.00176256,0.00607374,-0.398623,0.0123981,0.0194091,0.0056251,0.00362686,-0.398623,0.0172556,2.8323,2.21551,0.00036254,0.0439178,0.000877746,0.00323485,0.000236254,0.000634607,0.0439178,3.8036,2.28342e-06,5.20728,0.248393
2039.2083,304.251,304.262,3.99557,0.363665,1.9285,0.0114725,0.0078656,0.00435811,0.00360691,3.99054e-05,7.11306e-05,3.31115e-05,1.46475e-06,0.00247456,0.00514124,0.0590517,0.820875,0.0191482,0.00235519,1.96725e-07,2.08333e-06,3.41941e-05,1.95248e-08,9.87847e-05,7.47466e-05,1.03825e-06,3.21346e-07,5.9731e-06,4.81232e-06,15.2852,39.319,10.0436,0.302838,21.8329,0.295194,12.6729,0.012116,0.234384,1.89798,0.23368,-0.153585,0.00187828,0.00593183,-0.398689,0.0123,0.019416,0.00558058,0.00361472,-0.398689,0.0172741,2.83236,2.21556,0.000354243,0.043909,0.000870799,0.00323601,0.000234384,0.000632659,0.043909,3.33368,2.28006e-06,5.24164,0.2465
2039.2917,303.461,303.484,3.94555,0.370129,1.67908,0.010727,0.00769237,0.0041677,0.0030346,3.28172e-05,6.85802e-05,2.71887e-05,1.21032e-06,0.00221958,0.00563862,0.0603805,0.894406,0.0174715,0.00233878,1.68342e-07,2.06337e-06,3.35135e-05,3.79334e-08,9.48288e-05,6.85367e-05,1.00371e-06,6.60285e-07,5.68224e-06,4.40986e-06,15.3087,39.3331,10.0425,0.300235,21.8312,0.291898,12.6757,0.0120595,0.231767,1.89297,0.233864,-0.153354,0.00208677,0.00587662,-0.398786,0.0121627,0.0194207,0.00551826,0.0036043,-0.398786,0.0172852,2.83241,2.21561,0.000350285,0.0439017,0.000861075,0.00323679,0.000231767,0.000630991,0.0439017,2.83281,2.23171e-06,5.26628,0.243827
2039.3750,304.021,304.016,3.90874,0.341622,2.49943,0.0110992,0.00776447,0.00412602,0.00333477,4.06037e-05,7.07193e-05,3.37075e-05,1.47584e-06,0.00262607,0.00529091,0.0597556,0.769681,0.0184517,0.00232678,2.01357e-07,2.05407e-06,4.88827e-05,2.0345e-08,9.28967e-05,7.18389e-05,1.5971e-06,1.99566e-07,5.54987e-06,4.62652e-06,15.3337,39.3506,10.0428,0.297514,21.8302,0.289467,12.6794,0.0120248,0.229837,1.88911,0.234085,-0.153529,0.00179802,0.00582048,-0.398829,0.0120614,0.0194265,0.00547231,0.00359627,-0.398829,0.0172984,2.83246,2.21565,0.000347317,0.0438976,0.000853905,0.00323776,0.000229837,0.000629703,0.0438976,3.27726,2.25543e-06,5.29089,0.241862
2039.4583,305.278,305.238,3.87729,0.310184,3.14595,0.0110461,0.00796104,0.00388676,0.00308504,5.501e-05,7.10475e-05,4.57644e-05,1.94446e-06,0.00358089,0.0051082,0.0564521,0.57155,0.018364,0.00231656,2.50424e-07,2.05614e-06,4.3904e-05,2.22426e-08,8.64025e-05,7.10564e-05,1.62512e-06,7.63766e-08,5.21153e-06,4.5924e-06,15.3545,39.3662,10.0437,0.29544,21.8299,0.287387,12.6832,0.0119969,0.228185,1.88629,0.2343,-0.153738,0.00142035,0.0057796,-0.398828,0.0119747,0.0194326,0.00543298,0.0035904,-0.398828,0.0173116,2.83252,2.2157,0.000345278,0.0438956,0.000847767,0.00323877,0.000228185,0.000628764,0.0438956,3.70243,2.30657e-06,5.31081,0.240182
2039.5417,305.721,305.68,3.85545,0.248586,3.59787,0.0110521,0.00802989,0.00307301,0.00302223,0.000106501,7.15095e-05,8.87336e-05,3.61928e-06,0.00725713,0.00537672,0.0573331,0.308677,0.0183602,0.00230958,4.5279e-07,2.08157e-06,1.44476e-05,4.00628e-08,6.17435e-05,7.00592e-05,6.46357e-07,3.09134e-08,4.05447e-06,4.58771e-06,15.3736,39.3943,10.0458,0.300385,21.8325,0.28594,12.6878,0.0119857,0.227036,1.88772,0.234526,-0.153475,0.00107102,0.00592218,-0.398588,0.0119144,0.0194397,0.00540563,0.00359336,-0.398588,0.0173266,2.83258,2.21573,0.000353648,0.0439017,0.0008435,0.00323995,0.000227036,0.000629239,0.0439017,4.07564,2.53436e-06,5.32786,0.239022
2039.6250,307.139,307.041,3.80917,0.19217,3.33304,0.00899938,0.00748357,0.00205617,0.00151581,0.000156642,6.42912e-05,0.000128815,6.93046e-06,0.0133164,0.00646981,0.0507524,0.141995,0.0143026,0.00229426,8.22168e-07,2.10875e-06,1.2512e-06,2.6137e-08,2.83677e-05,5.44083e-05,6.64268e-08,2.0256e-08,2.60022e-06,3.65475e-06,15.3729,39.4366,10.0443,0.322454,21.842,0.282867,12.6898,0.0119202,0.224596,1.89928,0.234561,-0.152422,0.00065205,0.00651788,-0.39777,0.0117864,0.0194433,0.00534753,0.00361735,-0.39777,0.0173314,2.83264,2.21572,0.000387351,0.0439267,0.000834434,0.00324056,0.000224596,0.000633093,0.0439267,3.77958,2.93091e-06,5.32862,0.236517
2039.7083,307.177,307.159,3.67153,0.211207,2.85776,0.00827222,0.0071689,0.00245178,0.00110332,0.000191599,6.16496e-05,0.000152227,1.16994e-05,0.0176796,0.00723033,0.0485363,0.0996254,0.0128184,0.00224753,1.36742e-06,2.11207e-06,2.27088e-06,8.25147e-09,2.99329e-05,4.81258e-05,1.16249e-07,1.17184e-08,3.16505e-06,3.29506e-06,15.3183,39.4328,10.0298,0.3435,21.8567,0.273685,12.683,0.0116592,0.217306,1.91432,0.234068,-0.151304,0.000423102,0.00705948,-0.396503,0.0114038,0.0194345,0.00517396,0.00364855,-0.396503,0.0173036,2.8327,2.21573,0.000417884,0.0439653,0.00080735,0.00323909,0.000217306,0.000638108,0.0439653,3.55325,3.47949e-06,5.28851,0.228965
2039.7917,306.948,306.922,3.57423,0.223849,2.84906,0.00817896,0.0070088,0.00255678,0.00117016,0.000225669,6.47284e-05,0.000172473,1.61417e-05,0.0218629,0.00773108,0.050379,0.0826083,0.0129377,0.00221434,1.87278e-06,2.12341e-06,2.10729e-06,2.76763e-09,3.12786e-05,4.71914e-05,1.08281e-07,6.86438e-09,3.34063e-06,3.26973e-06,15.278,39.4275,10.0201,0.350636,21.8725,0.267155,12.6788,0.011473,0.212121,1.92631,0.233713,-0.150236,0.000299947,0.00717766,-0.3951,0.0111317,0.0194293,0.00505049,0.00367335,-0.3951,0.0172863,2.83276,2.21575,0.000424642,0.0440053,0.000788085,0.00323822,0.000212121,0.000642102,0.0440053,3.67507,3.99619e-06,5.25797,0.223594
2039.8750,304.645,304.696,3.54245,0.325522,1.86679,0.0109762,0.00773621,0.00428753,0.00324001,0.00023097,7.31911e-05,0.00018221,1.80018e-05,0.0154302,0.00617698,0.0589794,0.157756,0.0189072,0.00220362,2.27544e-06,2.12722e-06,8.57647e-06,7.33785e-10,7.51402e-05,6.92047e-05,3.15654e-07,3.98107e-09,5.73773e-06,4.67035e-06,15.2714,39.4295,10.0188,0.340023,21.8859,0.265016,12.6799,0.0114178,0.210423,1.93219,0.233671,-0.149255,0.000361779,0.00686877,-0.393842,0.0110426,0.0194314,0.00501006,0.00368546,-0.393842,0.0172901,2.83282,2.21579,0.000406433,0.044036,0.000781776,0.00323857,0.000210423,0.000644062,0.044036,3.25268,4.40266e-06,5.25258,0.22184
2039.9583,303.555,303.606,3.58265,0.373509,1.32408,0.0110552,0.0076685,0.00457505,0.00338665,7.01299e-05,7.19876e-05,5.80169e-05,2.90612e-06,0.00455704,0.00600387,0.0620558,0.496754,0.0190551,0.00221775,3.95083e-07,2.10179e-06,1.62549e-05,2.84433e-10,0.00010114,7.28477e-05,4.76579e-07,3.79285e-09,6.38797e-06,4.71567e-06,15.3026,39.4314,10.0272,0.31319,21.8885,0.267722,12.6873,0.0115048,0.212571,1.9272,0.234017,-0.148464,0.0010803,0.0062015,-0.393438,0.0111553,0.0194422,0.00506122,0.00367504,-0.393438,0.0173143,2.83288,2.21587,0.00036944,0.0440343,0.000789758,0.00324037,0.000212571,0.000642401,0.0440343,2.87068,2.49687e-06,5.2754,0.224076
2040.0417,304.297,304.296,3.6476,0.365737,1.92109,0.011405,0.00784276,0.00438329,0.00356224,4.94244e-05,7.32036e-05,4.10771e-05,1.80142e-06,0.00311,0.00597914,0.0620856,0.737711,0.0198913,0.00224037,2.39991e-07,2.08568e-06,2.73075e-05,1.41488e-09,0.000102382,7.64128e-05,8.24348e-07,1.92439e-08,6.13597e-06,4.91857e-06,15.3391,39.4461,10.0388,0.300991,21.8849,0.272083,12.6967,0.0116369,0.216034,1.9211,0.234452,-0.148006,0.00159261,0.00589795,-0.393611,0.011337,0.0194559,0.00514367,0.00366233,-0.393611,0.0173415,2.83293,2.21593,0.000352756,0.0440182,0.000802624,0.00324265,0.000216034,0.000640368,0.0440182,3.26616,2.32567e-06,5.30031,0.227671
2040.1250,304.867,304.86,3.70725,0.363565,1.93269,0.0113157,0.00798593,0.00433765,0.00332975,4.18467e-05,7.22547e-05,3.47546e-05,1.52194e-06,0.00263451,0.00549801,0.0592365,0.838452,0.0195842,0.00226113,1.97345e-07,2.08322e-06,3.44037e-05,5.78763e-09,0.000103898,7.5561e-05,1.05667e-06,7.29353e-08,6.02768e-06,4.85755e-06,15.3713,39.4597,10.0501,0.29372,21.88,0.276076,12.7062,0.011761,0.219204,1.9147,0.234867,-0.147831,0.00187193,0.00571839,-0.393937,0.0115034,0.0194695,0.00521915,0.00364897,-0.393937,0.017367,2.83299,2.21599,0.000342831,0.0440013,0.000814401,0.00324493,0.000219204,0.000638234,0.0440013,3.37108,2.28057e-06,5.32122,0.230965
2040.2083,304.002,304.047,3.75522,0.375003,1.47629,0.0107843,0.00785337,0.00419004,0.00293095,3.37122e-05,6.96807e-05,2.79425e-05,1.24565e-06,0.00222957,0.00566966,0.0594221,0.935628,0.018172,0.00227788,1.66607e-07,2.07335e-06,3.10745e-05,2.99801e-08,0.000101039,7.06604e-05,9.09618e-07,4.42922e-07,5.78439e-06,4.53933e-06,15.399,39.4722,10.0601,0.289974,21.8749,0.279277,12.7151,0.0118637,0.221746,1.90823,0.235231,-0.147667,0.00216552,0.00562672,-0.394325,0.0116368,0.0194826,0.00527967,0.0036355,-0.394325,0.017389,2.83305,2.21604,0.000337462,0.0439855,0.000823845,0.0032471,0.000221746,0.000636078,0.0439855,2.97085,2.23996e-06,5.33888,0.23361
2040.2917,303.818,303.819,3.77765,0.368199,1.83367,0.0109233,0.00784991,0.00411855,0.00307337,3.06794e-05,7.0184e-05,2.53875e-05,1.15968e-06,0.0019967,0.00536583,0.0605477,1.04124,0.0184622,0.00228588,1.5883e-07,2.05126e-06,4.04913e-05,6.71487e-08,9.7506e-05,7.18655e-05,1.21325e-06,9.49899e-07,5.5881e-06,4.61246e-06,15.4174,39.4819,10.0669,0.290287,21.8712,0.280772,12.722,0.0119159,0.222933,1.90298,0.235471,-0.147474,0.00242738,0.00563651,-0.394633,0.011699,0.0194929,0.00530792,0.00362455,-0.394633,0.0174031,2.83308,2.21607,0.000337074,0.0439747,0.000828253,0.00324881,0.000222933,0.000634326,0.0439747,3.11426,2.21009e-06,5.35049,0.234849
2040.3750,303.998,303.994,3.81489,0.328109,2.71678,0.011202,0.00793426,0.0038824,0.00326778,4.24109e-05,7.13517e-05,3.52505e-05,1.51012e-06,0.00266762,0.00513481,0.0595274,0.784184,0.0190598,0.00229892,2.05212e-07,2.04495e-06,5.53757e-05,4.46533e-08,8.8627e-05,7.39858e-05,1.92313e-06,1.97077e-07,5.20631e-06,4.76071e-06,15.4409,39.4986,10.0759,0.289562,21.869,0.283248,12.7304,0.0119989,0.224899,1.89909,0.235777,-0.147854,0.0019433,0.00562841,-0.39482,0.0118022,0.0195052,0.00535473,0.00361646,-0.39482,0.0174215,2.83313,2.21611,0.000337336,0.0439687,0.000835557,0.00325087,0.000224899,0.000633029,0.0439687,3.30831,2.25016e-06,5.36508,0.236898
2040.4583,305.041,305.013,3.85375,0.28732,3.33315,0.0112785,0.00813105,0.00354111,0.0031474,7.96898e-05,7.18657e-05,6.64209e-05,2.71446e-06,0.00498734,0.00493429,0.0571616,0.435005,0.0191404,0.00231252,3.51751e-07,2.05037e-06,3.0954e-05,4.52469e-08,7.64967e-05,7.36891e-05,1.25499e-06,5.47385e-08,4.70724e-06,4.78549e-06,15.463,39.523,10.0852,0.291961,21.8698,0.285827,12.7392,0.0120864,0.226947,1.89825,0.236077,-0.148075,0.00128539,0.00570046,-0.394753,0.0119097,0.0195182,0.00540349,0.00361473,-0.394753,0.0174402,2.83319,2.21614,0.000341956,0.0439709,0.000843165,0.00325303,0.000226947,0.000632749,0.0439709,3.75638,2.40212e-06,5.37778,0.239033
2040.5417,305.682,305.639,3.90105,0.236825,3.49202,0.0111966,0.00825772,0.00289009,0.0029389,0.000147737,7.23359e-05,0.000122486,5.65343e-06,0.00983674,0.00540604,0.0570699,0.219358,0.0188517,0.00232898,7.07388e-07,2.07393e-06,9.84942e-06,3.52268e-08,5.44942e-05,7.15408e-05,4.56973e-07,2.56485e-08,3.77084e-06,4.72838e-06,15.4859,39.5657,10.096,0.301895,21.8752,0.288959,12.7491,0.0121926,0.229433,1.90274,0.236385,-0.147446,0.000860341,0.00596948,-0.394285,0.0120402,0.0195328,0.0054627,0.00362407,-0.394285,0.0174617,2.83325,2.21615,0.000357636,0.0439854,0.000852404,0.00325546,0.000229433,0.000634245,0.0439854,3.9875,2.78131e-06,5.38988,0.241626
2040.6250,306.346,306.302,3.91994,0.217593,3.53512,0.0104602,0.00809077,0.00256602,0.00236948,0.000240604,7.1773e-05,0.000191522,1.38811e-05,0.0183805,0.00632321,0.056187,0.12371,0.0172935,0.0023358,1.67196e-06,2.10929e-06,4.77772e-06,1.19056e-08,4.04332e-05,6.40309e-05,2.01975e-07,1.66859e-08,3.28906e-06,4.35901e-06,15.4922,39.6064,10.1031,0.317075,21.8852,0.290208,12.7567,0.0122424,0.230425,1.91193,0.236518,-0.146432,0.000460194,0.0063685,-0.393422,0.0120922,0.0195441,0.00548631,0.0036432,-0.393422,0.0174746,2.83331,2.21614,0.0003802,0.0440116,0.000856088,0.00325736,0.000230425,0.000637311,0.0440116,4.09099,3.78126e-06,5.38914,0.242667
2040.7083,308.104,308.016,3.82312,0.188195,2.63793,0.00681984,0.0070802,0.00214856,-0.000260352,0.000221781,5.16441e-05,0.000160924,1.70816e-05,0.0233623,0.0071985,0.0409027,0.0489274,0.0098474,0.00230332,1.97571e-06,2.11706e-06,1.40834e-06,3.43891e-09,1.95895e-05,3.79842e-05,6.26822e-08,9.88544e-09,2.72882e-06,2.69752e-06,15.4403,39.6117,10.0946,0.344998,21.8988,0.283789,12.7541,0.0120579,0.225329,1.92764,0.236042,-0.14528,0.000236912,0.00701854,-0.392254,0.0118248,0.0195413,0.00536497,0.00367583,-0.392254,0.0174509,2.83337,2.21614,0.000422193,0.0440477,0.000837154,0.00325688,0.000225329,0.000642548,0.0440477,3.29339,4.09277e-06,5.34565,0.237386
2040.7917,305.639,305.666,3.76306,0.270645,2.67401,0.0109857,0.00817076,0.00362985,0.00281494,0.000419822,7.37568e-05,0.000311573,3.96686e-05,0.0290932,0.00637058,0.055934,0.0732795,0.0185608,0.00228315,4.78349e-06,2.12175e-06,3.48683e-06,8.8521e-10,4.93616e-05,6.52128e-05,1.38423e-07,5.70423e-09,4.73959e-06,4.63898e-06,15.4006,39.6013,10.0904,0.345682,21.9166,0.279799,12.7538,0.0119408,0.222161,1.93849,0.235677,-0.144171,0.000192881,0.00694237,-0.390682,0.0116585,0.0195416,0.00528954,0.00369833,-0.390682,0.0174371,2.83344,2.21617,0.000419226,0.0440928,0.000825385,0.00325693,0.000222161,0.000646162,0.0440928,3.65269,6.90524e-06,5.31019,0.234101
2040.8750,304.77,304.799,3.82211,0.355933,1.98924,0.0117032,0.00816648,0.00481393,0.00353671,0.000143208,7.43544e-05,0.00011573,8.94896e-06,0.00892776,0.00576276,0.0590611,0.283116,0.0199316,0.00230363,1.14606e-06,2.12466e-06,1.34366e-05,3.11377e-10,9.59644e-05,7.57284e-05,4.25551e-07,3.28514e-09,6.58874e-06,4.98641e-06,15.4251,39.6076,10.1022,0.320217,21.9256,0.283727,12.764,0.0120644,0.225279,1.93658,0.23594,-0.143181,0.000606172,0.00632468,-0.389747,0.0118222,0.0195564,0.00536379,0.00369439,-0.389747,0.0174615,2.8335,2.21622,0.00038141,0.0441097,0.000836971,0.00325941,0.000225279,0.000645528,0.0441097,3.51486,3.27072e-06,5.32296,0.237344
2040.9583,304.623,304.626,3.88827,0.37744,1.6014,0.0118861,0.00819695,0.00452933,0.00368912,6.17525e-05,7.36138e-05,5.12584e-05,2.34886e-06,0.0037553,0.0054396,0.0601399,0.61064,0.0202714,0.0023265,3.06146e-07,2.1202e-06,1.63619e-05,2.87e-10,0.000102643,7.87019e-05,4.73632e-07,4.85984e-09,6.38524e-06,5.08277e-06,15.462,39.6192,10.1153,0.303588,21.9242,0.288113,12.7753,0.0122047,0.228762,1.92941,0.236368,-0.142429,0.00129483,0.00593493,-0.389706,0.0120049,0.019573,0.0054467,0.00367952,-0.389706,0.0174896,2.83356,2.2163,0.000357843,0.044098,0.000849909,0.00326216,0.000228762,0.000643135,0.044098,3.3873,2.42635e-06,5.34674,0.240966
2041.0417,303.833,303.873,3.94187,0.382405,1.29356,0.011608,0.00808555,0.00426377,0.00352242,4.07826e-05,7.21282e-05,3.38243e-05,1.51986e-06,0.00252765,0.00561038,0.0611969,0.863113,0.0195994,0.00234507,2.0514e-07,2.10788e-06,2.13148e-05,1.32774e-08,9.80107e-05,7.66971e-05,6.05993e-07,2.32905e-07,5.94633e-06,4.93304e-06,15.4952,39.6386,10.1268,0.299864,21.9207,0.291656,12.7857,0.0123216,0.231574,1.92287,0.236752,-0.141789,0.00184802,0.00584933,-0.389904,0.0121525,0.0195881,0.00551368,0.00366599,-0.389904,0.0175134,2.83362,2.21635,0.000351099,0.0440839,0.000860359,0.00326469,0.000231574,0.000640957,0.0440839,3.08783,2.31302e-06,5.36836,0.243896
2041.1250,304.538,304.52,3.98624,0.370598,2.02854,0.0114792,0.00816378,0.00431795,0.0033154,3.50747e-05,7.25218e-05,2.90357e-05,1.32665e-06,0.00222679,0.00568574,0.0604778,0.998614,0.0193592,0.00236048,1.75893e-07,2.09711e-06,3.27175e-05,4.92398e-08,9.89349e-05,7.58868e-05,9.78235e-07,7.8374e-07,5.89243e-06,4.875e-06,15.525,39.6585,10.1373,0.298531,21.918,0.29458,12.7956,0.0124214,0.233896,1.91697,0.237096,-0.141366,0.00213999,0.00582192,-0.390078,0.0122744,0.0196027,0.00556896,0.00365376,-0.390078,0.0175345,2.83367,2.21639,0.000348226,0.0440741,0.000868985,0.00326712,0.000233896,0.000638989,0.0440741,3.47512,2.273e-06,5.38765,0.246318
2041.2083,304.405,304.43,4.02112,0.358568,1.98643,0.0113641,0.00821958,0.00429458,0.00314457,3.66321e-05,7.10115e-05,3.03654e-05,1.35636e-06,0.002309,0.00527126,0.0584493,0.900582,0.0189312,0.0023727,1.79032e-07,2.10022e-06,4.12799e-05,2.14771e-08,9.8076e-05,7.44925e-05,1.27583e-06,2.82257e-07,5.78642e-06,4.79027e-06,15.549,39.6716,10.147,0.295415,21.916,0.296875,12.8051,0.0125038,0.235719,1.91114,0.2374,-0.141367,0.0020501,0.00575417,-0.390214,0.01237,0.0196169,0.00561234,0.00364171,-0.390214,0.0175529,2.83372,2.21643,0.000344347,0.0440672,0.000875755,0.00326948,0.000235719,0.000637045,0.0440672,3.25989,2.27925e-06,5.40206,0.248222
2041.2917,303.872,303.894,4.03468,0.360457,1.85004,0.010995,0.00811904,0.00420153,0.00287599,3.42903e-05,6.95942e-05,2.84211e-05,1.25721e-06,0.00224847,0.00551708,0.0593317,0.897177,0.0180205,0.00237773,1.71155e-07,2.07824e-06,3.97581e-05,2.3764e-08,9.59944e-05,7.11571e-05,1.21943e-06,3.40764e-07,5.65348e-06,4.57669e-06,15.5647,39.6791,10.1539,0.294162,21.9143,0.297766,12.813,0.0125441,0.236426,1.90595,0.237601,-0.141259,0.00211787,0.00573027,-0.390339,0.0124071,0.0196287,0.00562919,0.00363101,-0.390339,0.0175648,2.83377,2.21648,0.000342787,0.0440619,0.000878383,0.00327145,0.000236426,0.000635318,0.0440619,2.94369,2.24939e-06,5.41078,0.24897
2041.3750,303.946,303.962,4.05751,0.318135,3.01783,0.0114141,0.00811739,0.00386805,0.00329668,5.39477e-05,7.13141e-05,4.4865e-05,1.92649e-06,0.00336575,0.0050251,0.0591217,0.606788,0.018999,0.00238587,2.61408e-07,2.0743e-06,4.92895e-05,4.28857e-08,8.30704e-05,7.44681e-05,1.7798e-06,1.34961e-07,5.12766e-06,4.80926e-06,15.5846,39.6988,10.1622,0.295807,21.9149,0.299264,12.8218,0.0126028,0.237615,1.90345,0.237838,-0.1415,0.00152743,0.00578457,-0.390276,0.0124696,0.0196418,0.00565751,0.00362587,-0.390276,0.0175793,2.83383,2.21652,0.000346285,0.0440631,0.000882802,0.00327363,0.000237615,0.000634482,0.0440631,3.52504,2.33571e-06,5.42242,0.250218
2041.4583,304.167,304.156,4.09302,0.267679,3.45524,0.0117055,0.00827836,0.00328411,0.00342717,0.000124216,7.24995e-05,0.000102755,5.07708e-06,0.00755874,0.00482151,0.0596153,0.291328,0.0196389,0.00239828,6.8179e-07,2.08333e-06,1.97598e-05,3.28959e-08,6.43892e-05,7.5728e-05,8.35709e-07,4.34415e-08,4.3145e-06,4.97107e-06,15.6096,39.7343,10.1722,0.30124,21.9189,0.301591,12.8318,0.0126871,0.239463,1.90454,0.238111,-0.141331,0.00091851,0.00593676,-0.389925,0.0125665,0.0196567,0.0057015,0.00362824,-0.389925,0.0175974,2.83389,2.21654,0.000355525,0.0440733,0.000889666,0.00327612,0.000239463,0.000634845,0.0440733,3.81755,2.76512e-06,5.4374,0.25215
2041.5417,305.654,305.578,4.12598,0.211579,3.54603,0.0105915,0.00827491,0.00247192,0.00231654,0.000252791,6.91361e-05,0.000199547,1.51159e-05,0.0184848,0.00583221,0.0561515,0.109129,0.0171536,0.00240986,1.91964e-06,2.10656e-06,3.36149e-06,1.76081e-08,3.78514e-05,6.43358e-05,1.63333e-07,2.33319e-08,3.14458e-06,4.39942e-06,15.6279,39.7872,10.1822,0.318145,21.9284,0.303747,12.842,0.0127677,0.241175,1.91278,0.23831,-0.140313,0.000455265,0.00638035,-0.389104,0.0126563,0.0196719,0.00574226,0.00364546,-0.389104,0.017615,2.83396,2.21654,0.000381632,0.0440982,0.000896027,0.00327864,0.000241175,0.000637594,0.0440982,3.97083,4.0262e-06,5.44565,0.253943
2041.6250,308.613,308.437,4.00818,0.149729,2.80208,0.00578286,0.006986,0.00156442,-0.00120314,0.000180398,4.30398e-05,0.000128021,1.36294e-05,0.0210422,0.0064561,0.0353561,0.0375986,0.00760625,0.00237075,1.61257e-06,2.11653e-06,5.2197e-08,5.2904e-09,1.26788e-05,3.16976e-05,3.17732e-09,1.45696e-08,1.85907e-06,2.26138e-06,15.5711,39.7944,10.1721,0.351982,21.9419,0.296017,12.8389,0.0125461,0.235037,1.92941,0.237749,-0.139097,0.000226428,0.00719328,-0.387945,0.0123343,0.0196686,0.00559613,0.00368006,-0.387945,0.0175862,2.83402,2.21653,0.000434308,0.0441343,0.000873224,0.0032781,0.000235037,0.000643135,0.0441343,3.03379,3.7291e-06,5.39894,0.247583
2041.7083,307.834,307.849,3.77574,0.19246,2.64777,0.00736734,0.00711904,0.00254777,0.000248302,0.000248599,5.54627e-05,0.000178882,2.15063e-05,0.0256214,0.00769831,0.0428192,0.0511855,0.0104105,0.00229226,2.46301e-06,2.08953e-06,1.20767e-06,2.92471e-09,1.79067e-05,3.92205e-05,5.53776e-08,8.24628e-09,3.28693e-06,2.80242e-06,15.4577,39.7499,10.1455,0.385243,21.9579,0.28064,12.8243,0.0120821,0.222828,1.94906,0.236675,-0.137938,0.000225444,0.00801694,-0.386576,0.0116936,0.0196492,0.00530544,0.00372087,-0.386576,0.0175218,2.83409,2.21656,0.000487508,0.0441772,0.000827866,0.00327486,0.000222828,0.000649685,0.0441772,3.29987,4.55255e-06,5.31216,0.234911
2041.7917,307.325,307.299,3.68259,0.197753,2.77132,0.00735702,0.0069346,0.00241461,0.000422412,0.000274311,5.74908e-05,0.000194104,2.51008e-05,0.0290551,0.00792815,0.0447715,0.0452997,0.0107009,0.00226069,2.85194e-06,2.09762e-06,6.65293e-07,8.58917e-10,2.03201e-05,3.9225e-05,3.35901e-08,4.85172e-09,3.13532e-06,2.82878e-06,15.4014,39.7213,10.1364,0.377563,21.9809,0.274424,12.8206,0.0118882,0.217893,1.96149,0.236131,-0.136828,0.000165304,0.00767863,-0.384549,0.0114346,0.0196447,0.00518792,0.00374667,-0.384549,0.0174961,2.83415,2.2166,0.00046704,0.0442356,0.000809529,0.00327412,0.000217893,0.000653832,0.0442356,3.35244,4.94956e-06,5.26494,0.229781
2041.8750,305.425,305.449,3.65515,0.314257,2.64401,0.0117138,0.0080824,0.00467651,0.00363137,0.000304056,7.61348e-05,0.000235131,2.68639e-05,0.0191107,0.00592368,0.0574493,0.122445,0.020353,0.00225149,3.27471e-06,2.09971e-06,7.96641e-06,3.25743e-10,7.11838e-05,7.37692e-05,3.08416e-07,2.87744e-09,6.33536e-06,5.04457e-06,15.3805,39.7036,10.1357,0.357295,21.9982,0.272589,12.822,0.0118233,0.216435,1.96761,0.235929,-0.135786,0.000273527,0.00716237,-0.38291,0.0113581,0.0196474,0.00515322,0.00375933,-0.38291,0.0174912,2.83421,2.21665,0.000433418,0.0442742,0.000804114,0.00327456,0.000216435,0.000655871,0.0442742,3.95362,5.37442e-06,5.24483,0.228259
2041.9583,304.036,304.097,3.77854,0.362785,1.64273,0.0115884,0.00808192,0.00477068,0.00350643,0.000124853,7.32768e-05,0.000101764,6.87201e-06,0.00773724,0.00576371,0.0600854,0.31727,0.0201905,0.00229393,8.90865e-07,2.11158e-06,1.3657e-05,1.9954e-10,9.71487e-05,7.68462e-05,4.28222e-07,1.74352e-09,6.72028e-06,5.0305e-06,15.4192,39.7143,10.1546,0.327975,22.0036,0.280828,12.8358,0.0120365,0.222977,1.96347,0.236373,-0.134881,0.000693109,0.00649056,-0.382188,0.0117014,0.0196672,0.00530898,0.0037507,-0.382188,0.0175242,2.83427,2.21672,0.000391453,0.0442769,0.000828419,0.00327787,0.000222977,0.000654489,0.0442769,3.181,3.00244e-06,5.26467,0.235014
2042.0417,303.726,303.74,3.91117,0.363325,1.94478,0.0117667,0.00808206,0.00449013,0.00368463,6.92121e-05,7.32153e-05,5.74284e-05,2.67485e-06,0.0041966,0.00549988,0.0620267,0.534061,0.0205796,0.00233922,3.63203e-07,2.09462e-06,2.07492e-05,1.33449e-10,9.80504e-05,7.96346e-05,6.32085e-07,2.13589e-09,6.34822e-06,5.14409e-06,15.4536,39.7264,10.1742,0.312859,22.0024,0.289626,12.8499,0.012248,0.229963,1.95752,0.236799,-0.134243,0.00117164,0.00613957,-0.382092,0.012068,0.0196874,0.00547531,0.00373838,-0.382092,0.0175518,2.83433,2.21679,0.000370872,0.044264,0.000854372,0.00328123,0.000229963,0.000652506,0.044264,3.23115,2.45782e-06,5.27948,0.242211
2042.1250,304.399,304.426,4.03505,0.369039,1.93119,0.0115734,0.00822759,0.00445731,0.00334586,5.27787e-05,7.23353e-05,4.38555e-05,1.92251e-06,0.0032828,0.00563244,0.0601014,0.682243,0.0200012,0.00238131,2.53474e-07,2.09859e-06,2.33786e-05,3.87558e-10,0.000100268,7.80036e-05,7.04543e-07,6.61126e-09,6.25067e-06,5.0239e-06,15.4874,39.744,10.1932,0.30534,21.9999,0.297787,12.864,0.0124494,0.236443,1.95128,0.237225,-0.133733,0.00150733,0.0059652,-0.382156,0.012408,0.0197078,0.0056296,0.00372545,-0.382156,0.0175785,2.83439,2.21685,0.00036003,0.0442509,0.000878447,0.00328463,0.000236443,0.000650425,0.0442509,3.47645,2.35206e-06,5.29423,0.248893
2042.2083,303.026,303.064,4.1226,0.37559,1.25185,0.0112831,0.00804764,0.00425582,0.00323544,4.03256e-05,7.01183e-05,3.34607e-05,1.47817e-06,0.00254956,0.00549169,0.0619325,0.819308,0.0191503,0.00241104,2.08367e-07,2.07747e-06,2.57e-05,6.31176e-09,9.47732e-05,7.5343e-05,7.46708e-07,1.07548e-07,5.87932e-06,4.84384e-06,15.5128,39.7601,10.2081,0.30395,21.9979,0.303525,12.876,0.0125875,0.240999,1.94547,0.237526,-0.133187,0.00186842,0.00594007,-0.382235,0.0126471,0.0197253,0.00573807,0.00371343,-0.382235,0.0175968,2.83446,2.21691,0.000357042,0.044241,0.000895372,0.00328755,0.000240999,0.000648489,0.044241,2.83252,2.28584e-06,5.30464,0.253586
2042.2917,303.972,303.964,4.20015,0.355619,2.40761,0.0115223,0.00816864,0.00430516,0.00335362,3.96079e-05,7.14353e-05,3.28586e-05,1.44851e-06,0.00245277,0.00510183,0.0602656,0.859179,0.019669,0.00243733,1.97926e-07,2.06468e-06,3.92118e-05,3.36418e-08,9.47722e-05,7.73221e-05,1.22036e-06,4.55414e-07,5.82596e-06,4.96879e-06,15.5372,39.7774,10.2221,0.303139,21.997,0.308584,12.8876,0.0127113,0.245016,1.94004,0.237805,-0.13283,0.00198535,0.00592834,-0.38225,0.0128579,0.0197424,0.00583371,0.00370223,-0.38225,0.0176137,2.83452,2.21695,0.000355383,0.0442358,0.000910295,0.0032904,0.000245016,0.00064668,0.0442358,3.39013,2.2626e-06,5.31505,0.257727
2042.3750,303.681,303.697,4.27886,0.31623,2.81358,0.0116058,0.00822316,0.00392745,0.00338266,6.16734e-05,7.15339e-05,5.12095e-05,2.29829e-06,0.00379764,0.00510611,0.0603806,0.56479,0.0197161,0.00246393,3.16471e-07,2.06154e-06,4.41596e-05,2.36251e-08,8.11269e-05,7.73481e-05,1.58803e-06,1.23502e-07,5.23632e-06,4.99804e-06,15.564,39.8043,10.2367,0.304416,21.9987,0.313698,12.8999,0.0128414,0.249076,1.93715,0.238099,-0.132923,0.00136873,0.00597687,-0.382064,0.013071,0.0197604,0.00593039,0.00369632,-0.382064,0.0176319,2.83458,2.21699,0.000358661,0.0442383,0.000925381,0.00329339,0.000249076,0.000645717,0.0442383,3.30723,2.37801e-06,5.32736,0.261918
2042.4583,303.886,303.892,4.3475,0.316022,2.8799,0.0117993,0.0083656,0.00400114,0.00343371,0.000101063,7.18327e-05,8.34687e-05,4.31486e-06,0.00613694,0.00501969,0.0605131,0.339068,0.0200025,0.00248713,5.91179e-07,2.05938e-06,2.67996e-05,1.55711e-08,8.06198e-05,7.79379e-05,9.87014e-07,3.99567e-08,5.32402e-06,5.08346e-06,15.588,39.8348,10.2503,0.306971,22.0034,0.31814,12.9118,0.0129566,0.252604,1.93646,0.238348,-0.132651,0.000878456,0.00605204,-0.381625,0.0132561,0.0197779,0.00601437,0.00369501,-0.381625,0.0176486,2.83464,2.21702,0.000363185,0.044249,0.000938486,0.00329632,0.000252604,0.000645486,0.044249,3.56178,2.65056e-06,5.33771,0.26556
2042.5417,304.834,304.788,4.42433,0.224885,3.62969,0.0117303,0.00865514,0.00278383,0.00307514,0.000280539,7.21387e-05,0.000221196,1.7705e-05,0.0176377,0.00493144,0.0585348,0.129806,0.0197367,0.00251299,2.3048e-06,2.08391e-06,4.36078e-06,1.6285e-08,4.40596e-05,7.38196e-05,2.13433e-07,2.48345e-08,3.59505e-06,5.03638e-06,15.6134,39.8844,10.2653,0.319459,22.011,0.323095,12.9249,0.0130902,0.256537,1.94058,0.238597,-0.131764,0.000489818,0.00638494,-0.380939,0.0134625,0.0197972,0.00610803,0.0037037,-0.380939,0.0176684,2.83471,2.21703,0.000383167,0.0442678,0.000953101,0.00329953,0.000256537,0.000646859,0.0442678,3.96343,4.38871e-06,5.3481,0.269628
2042.6250,307.202,307.105,4.39997,0.166979,3.35545,0.00800168,0.00775267,0.00171575,0.00024901,0.000365225,5.78301e-05,0.00026038,3.14063e-05,0.0365231,0.00704573,0.047129,0.0316508,0.0116626,0.00250547,3.76273e-06,2.10682e-06,3.07512e-08,3.77199e-09,1.41121e-05,4.26355e-05,1.97642e-09,1.66832e-08,2.05963e-06,3.16859e-06,15.5868,39.9179,10.2678,0.351542,22.0248,0.321523,12.9301,0.0130405,0.255289,1.95479,0.238292,-0.130455,0.000146798,0.00711668,-0.379744,0.013397,0.0198055,0.00607832,0.00373335,-0.379744,0.0176603,2.83478,2.21702,0.000432356,0.0443039,0.000948464,0.00330092,0.000255289,0.000651597,0.0443039,3.58667,5.86956e-06,5.31907,0.26833
2042.7083,310.921,310.681,4.16311,0.119202,2.59838,0.00437132,0.00693504,0.00126397,-0.00256372,0.000133187,3.10525e-05,8.84617e-05,1.14403e-05,0.0221594,0.00645406,0.0248919,0.0187821,0.00444386,0.00242723,1.19366e-06,2.08798e-06,2.95554e-11,1.48079e-09,6.57542e-06,2.2296e-05,1.37183e-12,9.499e-09,1.36429e-06,1.62446e-06,15.4734,39.8879,10.2426,0.400075,22.0388,0.306158,12.9174,0.0125923,0.243089,1.97569,0.237139,-0.129187,0.000121,0.00832694,-0.37855,0.0127568,0.019789,0.00578784,0.00377684,-0.37855,0.0175946,2.83485,2.21703,0.00051264,0.0443415,0.00090314,0.00329816,0.000243089,0.000658565,0.0443415,2.66651,3.28165e-06,5.23077,0.255682
2042.7917,310.556,310.495,3.8573,0.153496,2.47852,0.005325,0.00672062,0.00226095,-0.00139563,0.000126537,3.49136e-05,8.98955e-05,1.03343e-05,0.0168899,0.00710011,0.0265554,0.0409121,0.00585943,0.00232452,1.06863e-06,2.04238e-06,7.29721e-07,1.61093e-09,1.04488e-05,2.67254e-05,3.1564e-08,5.41242e-09,3.0089e-06,1.88845e-06,15.3304,39.8234,10.2067,0.44129,22.0544,0.286052,12.8969,0.0119969,0.227125,1.99735,0.235763,-0.127997,0.000216236,0.00942215,-0.37722,0.0119191,0.0197614,0.00540775,0.0038218,-0.37722,0.0175092,2.83492,2.21706,0.00058286,0.0443833,0.000843831,0.00329357,0.000227125,0.000665784,0.0443833,2.80379,3.11101e-06,5.12368,0.239122
2042.8750,305.692,305.776,3.75377,0.283433,2.08084,0.0101779,0.00750289,0.00453997,0.00267497,0.000370384,6.74785e-05,0.000269458,3.82821e-05,0.0281134,0.0064785,0.0506976,0.0633389,0.0164232,0.00228945,4.52209e-06,2.03969e-06,3.45156e-06,4.35627e-10,4.31251e-05,5.81367e-05,1.39346e-07,3.1853e-09,6.03363e-06,4.1387e-06,15.2695,39.7709,10.1955,0.406979,22.0865,0.27918,12.8912,0.0117692,0.221669,2.00794,0.235135,-0.126884,0.000164477,0.00834544,-0.374372,0.0116328,0.0197541,0.00527784,0.00384372,-0.374372,0.0174767,2.83498,2.21713,0.000511573,0.0444646,0.00082356,0.00329235,0.000221669,0.000669312,0.0444646,3.34565,6.56178e-06,5.07401,0.233438
2042.9583,304.752,304.763,3.87258,0.328535,2.8148,0.0121711,0.00809262,0.0048642,0.00407847,0.000193301,7.49205e-05,0.000155052,1.33564e-05,0.011782,0.00568042,0.0592966,0.207742,0.0214832,0.00232996,1.70139e-06,2.04382e-06,1.16828e-05,1.82751e-10,8.44958e-05,8.01232e-05,4.19488e-07,1.87676e-09,6.84248e-06,5.31675e-06,15.2994,39.7628,10.2123,0.355591,22.1029,0.287071,12.9027,0.0119392,0.227934,2.00486,0.235417,-0.12584,0.000439846,0.00711683,-0.372651,0.0119615,0.0197708,0.005427,0.00383727,-0.372651,0.0175029,2.83504,2.21722,0.000432081,0.0444936,0.000846835,0.00329513,0.000227934,0.000668285,0.0444936,3.91154,3.74521e-06,5.08718,0.239873
2043.0417,304.41,304.45,4.01453,0.298585,2.49207,0.0117132,0.00820068,0.00404871,0.00351248,0.000206853,7.20493e-05,0.000167186,1.27972e-05,0.012943,0.0056172,0.0586245,0.171502,0.0203116,0.00237808,1.65104e-06,2.06721e-06,1.25382e-05,4.4777e-10,7.43414e-05,7.59875e-05,5.05471e-07,1.35681e-09,5.71683e-06,5.07628e-06,15.3362,39.79,10.2318,0.341518,22.1083,0.29644,12.916,0.0121404,0.235373,2.00395,0.235831,-0.124982,0.000467561,0.00681891,-0.371935,0.0123519,0.0197898,0.00560412,0.00383538,-0.371935,0.0175334,2.83511,2.21727,0.000412579,0.0444965,0.000874472,0.00329829,0.000235373,0.000667984,0.0444965,3.45779,3.71825e-06,5.10439,0.247513
2043.1250,304.149,304.19,4.12547,0.363121,1.59972,0.0115845,0.00808752,0.0047435,0.00349697,0.000101258,7.07276e-05,8.32318e-05,4.77326e-06,0.0062765,0.00531708,0.0586697,0.362622,0.0199815,0.00241551,6.27924e-07,2.06834e-06,1.51759e-05,1.55235e-10,9.83615e-05,7.70426e-05,4.77893e-07,9.75328e-10,6.73642e-06,5.01895e-06,15.3684,39.8063,10.2479,0.327208,22.111,0.303712,12.9275,0.0122931,0.241147,1.99975,0.236166,-0.124176,0.000826951,0.00647731,-0.371474,0.0126549,0.0198065,0.0057416,0.00382667,-0.371474,0.0175576,2.83517,2.21733,0.000391833,0.0444929,0.000895924,0.00330108,0.000241147,0.000666583,0.0444929,3.20145,2.69626e-06,5.12042,0.25344
2043.2083,303.615,303.653,4.2023,0.379355,1.3024,0.0111334,0.00794194,0.00450434,0.00319142,4.78987e-05,6.87543e-05,3.97365e-05,1.78957e-06,0.00313945,0.00559545,0.0601715,0.686719,0.0188442,0.00244143,2.43837e-07,2.0512e-06,1.80154e-05,1.7955e-10,9.81213e-05,7.38816e-05,5.23816e-07,2.78423e-09,6.37869e-06,4.75704e-06,15.3946,39.8151,10.2603,0.318129,22.1098,0.308725,12.9371,0.01239,0.245127,1.99257,0.236428,-0.123384,0.00150249,0.00625953,-0.371385,0.0128638,0.0198206,0.00583637,0.00381179,-0.371385,0.0175742,2.83524,2.21741,0.000377229,0.0444804,0.000910711,0.00330344,0.000245127,0.000664189,0.0444804,2.87932,2.29504e-06,5.13428,0.257517
2043.2917,303.924,303.938,4.26226,0.362295,1.77879,0.0113954,0.00803963,0.00451673,0.00335573,3.97712e-05,6.98289e-05,3.29739e-05,1.47115e-06,0.00253124,0.00543042,0.0596609,0.836117,0.0194764,0.00246165,2.002e-07,2.03043e-06,3.32677e-05,2.3098e-09,9.80652e-05,7.63435e-05,1.00783e-06,3.13171e-08,6.21296e-06,4.90348e-06,15.4178,39.827,10.2709,0.314497,22.1087,0.312621,12.9458,0.0124617,0.248221,1.986,0.236649,-0.122853,0.00187065,0.00617812,-0.371349,0.0130261,0.0198335,0.00591003,0.00379818,-0.371349,0.0175873,2.83531,2.21748,0.000371011,0.0444713,0.000922205,0.00330558,0.000248221,0.000662002,0.0444713,3.00595,2.23063e-06,5.1469,0.260683
2043.3750,304.089,304.089,4.32,0.342899,2.44805,0.0115617,0.00810041,0.00436675,0.00346126,4.37209e-05,7.05454e-05,3.62906e-05,1.58798e-06,0.00273183,0.00527402,0.0592577,0.775854,0.0198212,0.00248111,2.14699e-07,2.01597e-06,4.41842e-05,7.78819e-09,9.40238e-05,7.75727e-05,1.43537e-06,8.09602e-08,5.93171e-06,4.98658e-06,15.4412,39.8406,10.2815,0.310735,22.1085,0.316362,12.9547,0.0125337,0.251192,1.98015,0.236876,-0.122711,0.00180012,0.00609739,-0.371271,0.013182,0.0198467,0.00598076,0.00378605,-0.371271,0.0176008,2.83538,2.21754,0.000366401,0.0444665,0.000933241,0.00330778,0.000251192,0.00066005,0.0444665,3.25097,2.23067e-06,5.15976,0.263726
2043.4583,304.438,304.428,4.39993,0.297682,3.43667,0.0120117,0.00825096,0.00387951,0.00376073,8.33854e-05,7.18422e-05,6.91992e-05,3.17035e-06,0.00496121,0.00477045,0.0583462,0.449476,0.0207977,0.00250785,4.20323e-07,2.02835e-06,3.45469e-05,1.82209e-08,7.81987e-05,8.06676e-05,1.33332e-06,5.35722e-08,5.21076e-06,5.2313e-06,15.4746,39.8753,10.2951,0.312193,22.111,0.321523,12.9656,0.0126487,0.255289,1.97747,0.237198,-0.122708,0.0011526,0.00615104,-0.370991,0.0133971,0.0198628,0.00607832,0.00378055,-0.370991,0.0176211,2.83544,2.21758,0.000370126,0.0444703,0.000948465,0.00331046,0.000255289,0.000659158,0.0444703,3.89088,2.44867e-06,5.17957,0.267938
2043.5417,305.711,305.646,4.47514,0.222735,3.91357,0.0114656,0.00843831,0.00283235,0.00302726,0.000214159,7.09087e-05,0.000173933,1.07491e-05,0.0144741,0.00511317,0.0562729,0.153727,0.0193875,0.002533,1.34585e-06,2.06848e-06,4.90501e-06,2.42687e-08,4.63703e-05,7.31763e-05,2.45656e-07,2.65001e-08,3.6769e-06,4.91598e-06,15.5032,39.9298,10.3085,0.325684,22.119,0.326361,12.9768,0.0127596,0.25913,1.98184,0.237467,-0.121875,0.000610439,0.00651839,-0.37026,0.0135986,0.0198792,0.00616977,0.0037897,-0.37026,0.0176412,2.83552,2.21759,0.000391421,0.0444897,0.000962734,0.0033132,0.00025913,0.000660614,0.0444897,4.3201,3.41434e-06,5.19472,0.27189
2043.6250,309.859,309.652,4.36652,0.146902,3.25491,0.00581502,0.00711303,0.00159148,-0.001298,0.000121431,4.05222e-05,9.10962e-05,6.95365e-06,0.0160701,0.00631015,0.0319358,0.0553512,0.0071048,0.00249761,7.54064e-07,2.09901e-06,5.83105e-09,1.02148e-08,1.44109e-05,3.15611e-05,4.11607e-10,1.72506e-08,1.89558e-06,2.19243e-06,15.4533,39.9436,10.2994,0.361392,22.132,0.31936,12.974,0.0125522,0.253572,1.99694,0.236937,-0.120585,0.000347331,0.00744477,-0.369135,0.0133069,0.0198764,0.00603743,0.00382112,-0.369135,0.0176126,2.83559,2.21759,0.000447793,0.0445237,0.000942084,0.00331273,0.000253572,0.000665647,0.0445237,3.45255,2.85307e-06,5.15389,0.266124
2043.7083,311.075,310.962,4.07023,0.131944,2.50136,0.00445126,0.00649911,0.00159745,-0.00204784,5.78808e-05,3.05281e-05,4.46801e-05,2.81196e-06,0.0116683,0.00708488,0.0240087,0.0568905,0.00416612,0.00239924,2.68534e-07,2.07493e-06,5.67233e-08,6.58802e-09,8.27319e-06,2.23511e-05,3.66073e-09,9.53638e-09,2.03048e-06,1.53665e-06,15.327,39.8997,10.2658,0.409075,22.1455,0.300084,12.9555,0.0120044,0.238267,2.01809,0.23565,-0.119315,0.000395546,0.00875391,-0.367979,0.0125037,0.0198515,0.00567301,0.00386502,-0.367979,0.0175326,2.83565,2.21761,0.000528696,0.04456,0.000885222,0.00330858,0.000238267,0.000672698,0.04456,2.73988,2.34346e-06,5.06113,0.250271
2043.7917,307.204,307.256,3.83661,0.231266,2.53136,0.00827724,0.00676245,0.00340604,0.00151479,0.000197973,5.68832e-05,0.000154813,1.33986e-05,0.0182781,0.00721245,0.0428607,0.0884345,0.0124247,0.00232054,1.50041e-06,2.05739e-06,3.63887e-06,3.07357e-09,2.98643e-05,4.69199e-05,1.59618e-07,5.37393e-09,4.45876e-06,3.23247e-06,15.2244,39.8403,10.2382,0.409009,22.1727,0.284688,12.9396,0.0115509,0.226042,2.0341,0.234591,-0.118149,0.000363453,0.00861584,-0.365617,0.0118623,0.0198301,0.00538196,0.00389816,-0.365617,0.0174671,2.83572,2.21768,0.000515729,0.044631,0.000839807,0.00330501,0.000226042,0.000678032,0.044631,3.40403,3.5578e-06,4.98619,0.237593
2043.8750,304.401,304.471,3.88357,0.350799,1.74347,0.0118617,0.00775865,0.005223,0.00410307,0.00019323,7.225e-05,0.000154088,1.37097e-05,0.0122667,0.00573368,0.0589214,0.210188,0.0206894,0.00233653,1.71897e-06,2.06161e-06,9.93249e-06,4.07697e-10,8.68676e-05,7.67588e-05,3.3324e-07,2.996e-09,7.19124e-06,5.1062e-06,15.2372,39.8329,10.2454,0.367565,22.1929,0.2878,12.9448,0.0115958,0.228513,2.03529,0.234666,-0.117142,0.000447419,0.00751499,-0.363671,0.0119919,0.0198378,0.0054408,0.00390055,-0.363671,0.017478,2.83578,2.21775,0.000448632,0.0446744,0.000848988,0.0033063,0.000228513,0.000678432,0.0446744,3.39908,3.78058e-06,4.99185,0.240109
2043.9583,304.319,304.339,3.96063,0.366143,2.06385,0.012069,0.00769303,0.00492433,0.00437601,7.30788e-05,7.26944e-05,6.05345e-05,2.93335e-06,0.0044411,0.00552885,0.0601822,0.523479,0.0208915,0.00236284,3.82464e-07,2.05989e-06,1.75876e-05,2.20325e-10,0.000103508,7.98755e-05,5.31154e-07,3.1714e-09,7.01916e-06,5.16809e-06,15.2871,39.8464,10.2576,0.335334,22.1964,0.292893,12.9542,0.0117277,0.232557,2.02757,0.235102,-0.116276,0.00110393,0.00670178,-0.363068,0.0122041,0.0198513,0.00553707,0.00388446,-0.363068,0.0175072,2.83585,2.21784,0.000401432,0.0446698,0.00086401,0.00330855,0.000232557,0.000675858,0.0446698,3.37093,2.44235e-06,5.02942,0.244285
2044.0417,304.349,304.367,4.01121,0.363178,1.84888,0.0120408,0.00781362,0.0046934,0.00422714,5.50817e-05,7.18645e-05,4.57762e-05,2.01827e-06,0.0032723,0.0050961,0.0594938,0.672083,0.0208978,0.00238022,2.65263e-07,2.05983e-06,2.57836e-05,6.91851e-10,0.000104456,8.0393e-05,7.8704e-07,1.06483e-08,6.66782e-06,5.18161e-06,15.3414,39.8766,10.2677,0.320979,22.1942,0.296223,12.9629,0.0118434,0.235201,2.02006,0.235574,-0.115767,0.00149122,0.00634351,-0.363044,0.0123429,0.019864,0.00560003,0.00386881,-0.363044,0.0175369,2.83591,2.21791,0.000381424,0.044654,0.000873833,0.00331067,0.000235201,0.000673353,0.044654,3.30689,2.3251e-06,5.07371,0.247045
2044.1250,304.672,304.692,4.05033,0.369838,1.87476,0.0118068,0.00786922,0.00458291,0.00393759,4.21377e-05,7.1138e-05,3.49715e-05,1.54554e-06,0.00256305,0.00519548,0.0584852,0.854019,0.0204058,0.00239372,2.00344e-07,2.05994e-06,2.92329e-05,5.49636e-09,0.000104884,7.88124e-05,8.76239e-07,7.785e-08,6.4432e-06,5.06712e-06,15.3872,39.9029,10.2765,0.313077,22.1905,0.298792,12.971,0.0119379,0.237241,2.01211,0.235985,-0.115323,0.00190619,0.00614457,-0.363211,0.0124499,0.0198758,0.0056486,0.00385223,-0.363211,0.0175623,2.83597,2.21798,0.000369464,0.0446374,0.000881412,0.00331264,0.000237241,0.000670702,0.0446374,3.43262,2.26029e-06,5.11073,0.249179
2044.2083,304.074,304.099,4.08196,0.370281,1.75662,0.0115965,0.00781633,0.00445619,0.00378016,3.65284e-05,7.01006e-05,3.02772e-05,1.35422e-06,0.00223935,0.00515109,0.0588425,0.93381,0.019873,0.00240471,1.80638e-07,2.05614e-06,3.22585e-05,2.62596e-08,0.000103028,7.70669e-05,9.54602e-07,3.9387e-07,6.18957e-06,4.95106e-06,15.4298,39.9291,10.2846,0.308251,22.1868,0.300866,12.9789,0.0120193,0.238888,2.00425,0.23636,-0.115049,0.00216844,0.00602622,-0.363439,0.0125363,0.0198874,0.00568781,0.00383588,-0.363439,0.0175851,2.83603,2.21804,0.000362278,0.0446229,0.00088753,0.00331457,0.000238888,0.000668085,0.0446229,3.10703,2.23678e-06,5.14521,0.250907
2044.2917,304.467,304.47,4.09283,0.36477,1.91399,0.0111673,0.00788613,0.00448056,0.0032812,3.20818e-05,6.90185e-05,2.65494e-05,1.20155e-06,0.00206872,0.0053188,0.0575041,0.988,0.0188268,0.00240873,1.58759e-07,2.0423e-06,3.94721e-05,3.34505e-08,0.000104046,7.32454e-05,1.188e-06,4.61395e-07,6.13055e-06,4.7038e-06,15.4611,39.947,10.2902,0.305306,22.1836,0.301578,12.9852,0.0120608,0.239453,1.99701,0.236625,-0.114909,0.00234366,0.00595582,-0.363654,0.012566,0.0198968,0.00570127,0.0038208,-0.363654,0.0176009,2.83609,2.21809,0.000357614,0.044612,0.00088963,0.00331613,0.000239453,0.00066567,0.044612,3.11412,2.20106e-06,5.17093,0.251514
2044.3750,304.333,304.34,4.10282,0.340667,2.52756,0.0113822,0.00789784,0.00428128,0.00348432,3.63779e-05,6.9876e-05,3.01568e-05,1.33678e-06,0.00229625,0.00516988,0.0578821,0.900512,0.0193252,0.00241245,1.77408e-07,2.03773e-06,5.62006e-05,3.43039e-08,9.70343e-05,7.50114e-05,1.8542e-06,2.7237e-07,5.76853e-06,4.82056e-06,15.4894,39.9645,10.2956,0.303314,22.1811,0.302232,12.9914,0.0120996,0.239972,1.99062,0.236875,-0.115089,0.00215227,0.0059134,-0.363836,0.0125932,0.0199062,0.00571362,0.00380752,-0.363836,0.0176155,2.83614,2.21814,0.000355225,0.0446039,0.000891558,0.00331769,0.000239972,0.000663542,0.0446039,3.31652,2.21514e-06,5.19374,0.252072
2044.4583,305.166,305.134,4.11459,0.336371,2.92358,0.0114189,0.0080327,0.00433109,0.00338619,4.29515e-05,7.03392e-05,3.5666e-05,1.54886e-06,0.00271217,0.00502888,0.0563413,0.760242,0.0193839,0.00241677,1.99152e-07,2.03742e-06,4.59725e-05,1.09358e-08,9.87405e-05,7.50536e-05,1.5404e-06,1.03314e-07,5.8338e-06,4.8307e-06,15.5162,39.9825,10.3014,0.300914,22.1801,0.303002,12.9979,0.0121413,0.240584,1.98534,0.237119,-0.115357,0.00177661,0.00586057,-0.36391,0.0126253,0.0199159,0.00572818,0.00379654,-0.36391,0.0176301,2.8362,2.21819,0.000352677,0.0446001,0.00089383,0.00331931,0.000240584,0.000661781,0.0446001,3.64592,2.23657e-06,5.21483,0.252725
2044.5417,306.027,305.989,4.13498,0.263576,3.73449,0.0116275,0.00822844,0.00345621,0.0033991,8.35468e-05,7.11937e-05,6.97583e-05,2.67571e-06,0.0052945,0.00493193,0.0548359,0.439839,0.0197761,0.00242399,3.25762e-07,2.06844e-06,2.51318e-05,4.62317e-08,7.19819e-05,7.58084e-05,1.07121e-06,4.87395e-08,4.58648e-06,4.92627e-06,15.542,40.0099,10.3084,0.304163,22.1807,0.304335,13.0053,0.0121992,0.241642,1.98302,0.237388,-0.115366,0.00133567,0.00595787,-0.36384,0.0126808,0.0199268,0.00575337,0.00379173,-0.36384,0.0176469,2.83627,2.21823,0.000358552,0.0446014,0.000897761,0.00332114,0.000241642,0.000661007,0.0446014,4.17512,2.3942e-06,5.23358,0.253841
2044.6250,307.691,307.596,4.10853,0.176407,3.56671,0.00864274,0.00743626,0.0019641,0.00120648,0.000102814,5.99438e-05,8.55919e-05,3.38808e-06,0.00945326,0.00682421,0.0470381,0.189809,0.0132798,0.00241554,3.88786e-07,2.10041e-06,9.06884e-08,4.60326e-08,2.6485e-05,5.21457e-05,6.26498e-09,2.45416e-08,2.47996e-06,3.45451e-06,15.5426,40.0544,10.3094,0.329303,22.1891,0.302603,13.0088,0.0121672,0.240267,1.99342,0.237401,-0.114335,0.000930469,0.00664502,-0.363126,0.0126087,0.0199324,0.00572064,0.00381332,-0.363126,0.0176492,2.83633,2.21823,0.000398289,0.0446239,0.000892653,0.00332206,0.000240267,0.000664475,0.0446239,3.88006,2.48919e-06,5.23321,0.252434
2044.7083,309.006,308.922,3.91049,0.159303,2.85009,0.0059283,0.00656946,0.00174471,-0.000641161,7.03128e-05,4.49187e-05,5.82038e-05,2.57543e-06,0.00973343,0.00744233,0.0361482,0.125815,0.0076324,0.00234913,2.74575e-07,2.10302e-06,3.6262e-07,2.25409e-08,1.55519e-05,3.27495e-05,2.22085e-08,1.48042e-08,2.18546e-06,2.19461e-06,15.4621,40.0426,10.2874,0.365167,22.2034,0.289575,12.9972,0.0118001,0.229923,2.01201,0.236595,-0.113109,0.000740418,0.00761535,-0.361912,0.0120659,0.019917,0.00547434,0.00385185,-0.361912,0.017599,2.8364,2.21824,0.000454149,0.0446625,0.000854222,0.00331951,0.000229923,0.00067067,0.0446625,3.21704,2.37759e-06,5.17463,0.241723
2044.7917,309.514,309.401,3.70707,0.176192,2.52704,0.0052438,0.00639066,0.00212525,-0.00114686,6.41552e-05,3.8565e-05,5.2821e-05,2.68822e-06,0.0088468,0.00690435,0.0312383,0.107466,0.00654514,0.00228009,2.88622e-07,2.097e-06,1.42004e-06,8.99779e-09,2.12066e-05,2.91609e-05,7.16995e-08,8.21426e-09,2.69418e-06,1.96258e-06,15.3729,40.0051,10.2634,0.380722,22.2229,0.276056,12.9836,0.0114083,0.219188,2.02869,0.235724,-0.111991,0.000643055,0.00798726,-0.360231,0.0115026,0.0198987,0.00521877,0.00388638,-0.360231,0.0175445,2.83646,2.21828,0.000473665,0.0447139,0.000814343,0.00331644,0.000219188,0.000676231,0.0447139,3.10708,2.38562e-06,5.10945,0.230597
2044.8750,307.352,307.404,3.49615,0.222014,2.17814,0.00744502,0.00632511,0.00290887,0.00111992,9.70615e-05,5.59195e-05,8.00828e-05,4.01377e-06,0.0101179,0.00750792,0.0431444,0.162375,0.0112437,0.00220759,4.53106e-07,2.07237e-06,6.75738e-06,5.74957e-09,3.2626e-05,4.33562e-05,3.08297e-07,4.79695e-09,3.87197e-06,2.88153e-06,15.2747,39.9521,10.2369,0.390799,22.2416,0.261889,12.9675,0.0109872,0.207939,2.04497,0.234789,-0.110941,0.00070777,0.00822982,-0.358588,0.0109123,0.0198768,0.00495094,0.00391999,-0.358588,0.0174851,2.83652,2.21833,0.000486529,0.0447622,0.000772551,0.0033128,0.000207939,0.000681656,0.0447622,3.12735,2.52548e-06,5.03776,0.218927
2044.9583,305.216,305.249,3.5123,0.341033,2.0318,0.0117245,0.00759231,0.00513201,0.00413223,0.000121126,7.30656e-05,9.97553e-05,5.52268e-06,0.00750111,0.0058042,0.0569626,0.318262,0.0209172,0.00221322,6.67836e-07,2.07023e-06,1.86713e-05,9.35626e-10,9.58675e-05,7.76318e-05,6.4222e-07,2.70725e-09,7.05725e-06,5.07385e-06,15.2848,39.9423,10.24,0.354058,22.2573,0.26298,12.9701,0.0110062,0.208806,2.04617,0.234908,-0.110267,0.000730503,0.00722494,-0.357052,0.0109577,0.0198806,0.00497157,0.00392231,-0.357052,0.0174942,2.83658,2.2184,0.000427957,0.0447949,0.00077577,0.00331343,0.000208806,0.000682056,0.0447949,3.49521,2.73806e-06,5.04481,0.219812
2045.0417,305.332,305.326,3.60998,0.366617,2.166,0.0117863,0.00767599,0.00496351,0.00411028,6.20483e-05,7.32266e-05,5.15793e-05,2.28543e-06,0.0037966,0.00571975,0.0579997,0.633319,0.0211423,0.00224704,2.83194e-07,2.07519e-06,2.28367e-05,3.20141e-10,0.000113436,7.96726e-05,6.9854e-07,1.8433e-09,7.09298e-06,5.13546e-06,15.3366,39.9533,10.2542,0.322319,22.2567,0.269558,12.98,0.0111904,0.214029,2.03779,0.235449,-0.109746,0.00136262,0.00639826,-0.356861,0.0112318,0.0198947,0.00509593,0.00390479,-0.356861,0.0175287,2.83663,2.21848,0.000383119,0.0447819,0.000795175,0.00331578,0.000214029,0.000679265,0.0447819,3.69091,2.35838e-06,5.08236,0.225219
2045.1250,306.493,306.481,3.70038,0.308566,3.43425,0.0115686,0.00796954,0.00421274,0.00359903,6.11282e-05,7.28489e-05,5.09467e-05,2.08106e-06,0.0038305,0.00566377,0.0537929,0.615992,0.0205965,0.00227825,2.40457e-07,2.11019e-06,4.38741e-05,1.69404e-09,9.70436e-05,7.77578e-05,1.6629e-06,3.19871e-09,5.92526e-06,5.01445e-06,15.3817,39.9733,10.2679,0.309614,22.2516,0.275616,12.99,0.0113643,0.218839,2.03039,0.235975,-0.109709,0.00148239,0.00607505,-0.35713,0.0114842,0.0199088,0.00521046,0.00388933,-0.35713,0.0175612,2.83669,2.21854,0.000365852,0.0447606,0.000813045,0.00331814,0.000218839,0.000676797,0.0447606,4.23851,2.35065e-06,5.11382,0.230204
2045.2083,304.584,304.659,3.76947,0.357435,1.48231,0.0110897,0.00774048,0.00441231,0.00334925,5.99835e-05,6.8806e-05,4.99598e-05,2.08255e-06,0.00378977,0.00531623,0.055405,0.545168,0.0191411,0.00230208,2.6164e-07,2.12062e-06,3.04853e-05,1.88566e-09,0.000103489,7.29488e-05,1.03403e-06,3.19905e-09,6.17449e-06,4.71275e-06,15.4187,39.9955,10.2792,0.303414,22.2484,0.280226,12.9987,0.0114999,0.2225,2.02509,0.236396,-0.10971,0.00140207,0.00591765,-0.357304,0.0116763,0.0199214,0.00529761,0.00387824,-0.357304,0.0175876,2.83675,2.2186,0.000357733,0.0447472,0.000826644,0.00332023,0.0002225,0.000675029,0.0447472,3.04288,2.38226e-06,5.13944,0.233999
2045.2917,304.653,304.639,3.79867,0.356291,2.23122,0.0109779,0.0076774,0.004331,0.00330054,3.83244e-05,6.91817e-05,3.18079e-05,1.39583e-06,0.00247587,0.00522398,0.0565691,0.825758,0.0189606,0.00231226,1.80834e-07,2.09081e-06,3.92055e-05,5.0818e-09,0.000102917,7.25152e-05,1.29495e-06,1.7645e-08,5.96838e-06,4.65954e-06,15.4432,40.0034,10.2856,0.298815,22.2436,0.28217,13.0044,0.01156,0.224043,2.01773,0.236637,-0.109397,0.0019508,0.00579638,-0.357644,0.0117573,0.0199298,0.00533435,0.00386291,-0.357644,0.0176019,2.83682,2.21867,0.000350054,0.0447316,0.000832377,0.00332163,0.000224043,0.000672578,0.0447316,3.17249,2.27165e-06,5.1576,0.235603
2045.3750,304.604,304.636,3.85026,0.312469,2.78521,0.0113749,0.00775679,0.00393324,0.00361806,5.57817e-05,7.04102e-05,4.64611e-05,1.92584e-06,0.00344034,0.00503931,0.0565745,0.606625,0.019831,0.00233006,2.48766e-07,2.09114e-06,4.63253e-05,1.49058e-08,9.00906e-05,7.55546e-05,1.72138e-06,2.54825e-08,5.34769e-06,4.87334e-06,15.4758,40.026,10.2951,0.296965,22.2406,0.285596,13.0123,0.0116649,0.226763,2.01272,0.236983,-0.109704,0.00157541,0.00575768,-0.357872,0.0119,0.0199411,0.00539912,0.00385244,-0.357872,0.0176228,2.83688,2.21872,0.000348664,0.0447219,0.000842483,0.00332352,0.000226763,0.000670906,0.0447219,3.40493,2.3399e-06,5.1807,0.238428
2045.4583,305.161,305.141,3.90775,0.249769,3.39671,0.0114176,0.00799296,0.00310474,0.00342465,0.000114003,7.08282e-05,9.50484e-05,3.82408e-06,0.00710846,0.00491148,0.0562564,0.299346,0.0198429,0.00234983,4.83417e-07,2.09728e-06,1.50331e-05,3.39304e-08,6.2968e-05,7.4764e-05,6.87891e-07,2.33546e-08,4.15181e-06,4.89247e-06,15.5104,40.0696,10.3056,0.303605,22.2422,0.289402,13.021,0.0117832,0.229785,2.01344,0.237336,-0.109469,0.00111731,0.0059415,-0.357718,0.0120586,0.0199538,0.00547107,0.00385389,-0.357718,0.0176455,2.83694,2.21875,0.000359835,0.0447256,0.000853711,0.00332563,0.000229785,0.000671147,0.0447256,3.86969,2.5807e-06,5.20479,0.241568
2045.5417,307.625,307.509,3.90217,0.171601,3.32313,0.00794289,0.00713592,0.00176335,0.000806971,0.000130443,5.64333e-05,0.000107485,5.51861e-06,0.0129665,0.00641263,0.0462836,0.128386,0.012264,0.00234825,6.43641e-07,2.11988e-06,3.17435e-07,1.9348e-08,2.21354e-05,4.7533e-05,1.82913e-08,1.51559e-08,2.26072e-06,3.194e-06,15.51,40.1185,10.3081,0.3314,22.2511,0.28903,13.0248,0.0117814,0.22949,2.02602,0.237364,-0.108365,0.000645649,0.00670031,-0.356955,0.0120431,0.0199596,0.00546405,0.00387994,-0.356955,0.0176498,2.837,2.21873,0.000403436,0.0447494,0.000852614,0.0033266,0.00022949,0.00067534,0.0447494,3.67935,2.76352e-06,5.20186,0.241271
2045.6250,310.504,310.324,3.70227,0.15935,2.61425,0.00471595,0.00651831,0.00182404,-0.00180236,6.06264e-05,3.53308e-05,4.98593e-05,2.57713e-06,0.00929465,0.00640792,0.0284505,0.0893974,0.00568385,0.00228038,2.65167e-07,2.11403e-06,6.53916e-08,8.90117e-09,1.93232e-05,2.6243e-05,4.54008e-09,8.82576e-09,2.30874e-06,1.7763e-06,15.4168,40.0879,10.2845,0.360535,22.2665,0.275734,13.0114,0.0113971,0.218933,2.04406,0.236487,-0.10719,0.000592372,0.00746076,-0.355648,0.0114892,0.0199416,0.00521269,0.00391729,-0.355648,0.0175955,2.83707,2.21876,0.000446595,0.0447907,0.000813394,0.0033236,0.000218933,0.000681354,0.0447907,3.03877,2.3792e-06,5.13228,0.23033
2045.7083,310.678,310.594,3.43964,0.14858,2.17227,0.00399884,0.00605284,0.00166584,-0.00205399,2.43527e-05,2.91217e-05,2.02035e-05,7.60429e-07,0.00599301,0.00808719,0.0246386,0.123768,0.00355496,0.00218991,7.16688e-08,2.08025e-06,1.36086e-07,7.49241e-09,1.49767e-05,1.9306e-05,8.68339e-09,5.19673e-09,2.1677e-06,1.29395e-06,15.2867,40.0189,10.251,0.387114,22.2817,0.258055,12.9908,0.0108734,0.204895,2.06337,0.2353,-0.106079,0.000826538,0.00818534,-0.354348,0.0107525,0.0199134,0.00487846,0.00395719,-0.354348,0.0175195,2.83713,2.2188,0.000489529,0.0448313,0.000761241,0.0033189,0.000204896,0.000687789,0.0448313,2.61782,2.15192e-06,5.03573,0.215769
2045.7917,308.788,308.837,3.19751,0.213649,1.75968,0.0056925,0.00580726,0.002966,-0.000114767,4.17257e-05,4.07202e-05,3.47678e-05,1.33254e-06,0.00529925,0.00706351,0.0323994,0.20041,0.007694,0.00210523,1.46017e-07,2.04155e-06,1.26755e-05,5.84679e-09,3.38588e-05,3.22433e-05,4.75166e-07,3.15245e-09,3.99151e-06,2.12058e-06,15.1649,39.9419,10.2183,0.395396,22.3006,0.241537,12.9698,0.0103717,0.191781,2.08101,0.234168,-0.105125,0.00105785,0.00835676,-0.352701,0.0100643,0.0198844,0.00456621,0.00399355,-0.352701,0.0174464,2.83718,2.21886,0.000498608,0.0448808,0.000712518,0.00331407,0.000191781,0.000693669,0.0448808,2.80059,2.18757e-06,4.94656,0.202152
2045.8750,304.665,304.743,3.21606,0.353474,1.83697,0.0114279,0.00709297,0.00522267,0.0043349,8.00116e-05,7.23738e-05,6.65393e-05,2.94604e-06,0.00508394,0.00597568,0.0570733,0.461689,0.0203662,0.00211164,3.58376e-07,2.03511e-06,2.41538e-05,1.00486e-09,0.000102386,7.51129e-05,7.92779e-07,1.80734e-09,7.32035e-06,4.86004e-06,15.1703,39.9131,10.22,0.347103,22.3153,0.242815,12.9703,0.0103835,0.192795,2.08029,0.234255,-0.104836,0.00110904,0.00704123,-0.351234,0.0101175,0.0198852,0.00459035,0.00399182,-0.351234,0.0174514,2.83723,2.21895,0.000421669,0.0449105,0.000716284,0.00331419,0.000192795,0.000693431,0.0449105,3.31486,2.39349e-06,4.95033,0.203178
2045.9583,304.567,304.594,3.37373,0.361666,2.24951,0.0118488,0.00734222,0.00472847,0.0045066,5.55379e-05,7.40696e-05,4.6235e-05,1.97424e-06,0.00335397,0.00570277,0.059883,0.721271,0.0220613,0.0021667,2.50555e-07,2.03723e-06,3.03614e-05,3.96844e-10,0.000111411,8.1971e-05,9.57122e-07,1.44754e-09,6.82916e-06,5.26093e-06,15.2289,39.926,10.24,0.314302,22.3119,0.253583,12.9823,0.0106489,0.201345,2.07086,0.234901,-0.10459,0.00162358,0.00618416,-0.351271,0.0105662,0.0199018,0.00479393,0.00397205,-0.351271,0.0174912,2.83729,2.21904,0.000374392,0.0448896,0.000748051,0.00331697,0.000201345,0.000690286,0.0448896,3.5704,2.28779e-06,4.9889,0.211994
2046.0417,305.04,305.051,3.57247,0.346342,2.67823,0.0121789,0.00764878,0.00445938,0.00453011,5.53885e-05,7.47574e-05,4.61028e-05,1.96823e-06,0.00323647,0.00572404,0.0596079,0.761589,0.0228409,0.0022355,2.46627e-07,2.05627e-06,4.18397e-05,5.42751e-10,0.000107704,8.54559e-05,1.36908e-06,3.03405e-09,6.35779e-06,5.48527e-06,15.2938,39.962,10.2653,0.30111,22.3049,0.267033,12.9977,0.0109757,0.212024,2.06229,0.235642,-0.104585,0.00169389,0.00584494,-0.35172,0.0111266,0.0199233,0.00504819,0.00395413,-0.35172,0.0175369,2.83735,2.2191,0.000356469,0.0448633,0.000787724,0.00332055,0.000212024,0.00068743,0.0448633,3.92336,2.30289e-06,5.02853,0.223
2046.1250,304.361,304.393,3.73208,0.36782,1.63402,0.0114089,0.00769282,0.00446524,0.00371605,4.66719e-05,7.04194e-05,3.88041e-05,1.67388e-06,0.0028801,0.00542804,0.0587258,0.778028,0.0206631,0.00229033,2.16972e-07,2.06245e-06,2.91095e-05,8.01582e-10,0.000109035,7.82656e-05,8.76067e-07,5.17883e-09,6.28719e-06,5.02556e-06,15.3455,39.9923,10.2862,0.294359,22.2983,0.277732,13.011,0.0112377,0.220519,2.05406,0.236238,-0.104544,0.00179774,0.00567216,-0.352189,0.0115724,0.019942,0.00525045,0.00393696,-0.352189,0.0175735,2.83741,2.21915,0.000347112,0.0448417,0.000819285,0.00332367,0.000220519,0.000684688,0.0448417,3.10206,2.27942e-06,5.0593,0.231757
2046.2083,303.947,303.993,3.85944,0.372812,1.41917,0.011397,0.00769452,0.00434496,0.00370251,3.90259e-05,6.97746e-05,3.2392e-05,1.42527e-06,0.00240881,0.00524175,0.0595573,0.911353,0.0204612,0.00233381,1.89285e-07,2.0523e-06,3.12019e-05,2.26587e-09,0.00010555,7.80439e-05,9.21268e-07,1.9764e-08,6.03906e-06,5.00533e-06,15.3886,40.0174,10.3036,0.291378,22.292,0.286203,13.0226,0.0114455,0.227245,2.04536,0.236717,-0.104326,0.00212833,0.00559522,-0.352685,0.0119253,0.0199584,0.00541059,0.00391881,-0.352685,0.0176025,2.83747,2.21921,0.00034236,0.0448228,0.000844273,0.00332641,0.000227245,0.000681787,0.0448228,3.05893,2.24158e-06,5.08507,0.23869
2046.2917,303.457,303.477,3.94975,0.370419,1.58617,0.0111399,0.00763343,0.00424513,0.0035065,3.25075e-05,6.87259e-05,2.69151e-05,1.22041e-06,0.00204729,0.00521749,0.0601779,1.0206,0.0197176,0.00236454,1.68392e-07,2.02348e-06,3.73997e-05,6.32851e-08,0.000100414,7.56825e-05,1.10924e-06,5.26867e-07,5.79067e-06,4.85016e-06,15.4227,40.0411,10.3167,0.292985,22.2875,0.292175,13.0319,0.011591,0.231987,2.03791,0.237058,-0.104033,0.00243616,0.0056346,-0.353065,0.0121742,0.0199718,0.00552349,0.00390328,-0.353065,0.0176227,2.83752,2.21926,0.000343362,0.0448104,0.000861889,0.00332864,0.000231987,0.000679302,0.0448104,2.86248,2.19187e-06,5.10593,0.243578
2046.3750,304.004,304.019,4.05309,0.333251,2.70529,0.0116567,0.00783365,0.00412302,0.00382301,4.41034e-05,7.0631e-05,3.66355e-05,1.59503e-06,0.00264057,0.00490542,0.0590841,0.806342,0.0208314,0.00239953,2.15103e-07,2.01766e-06,5.54472e-05,3.41255e-08,9.39572e-05,7.98505e-05,1.86423e-06,2.00231e-07,5.54232e-06,5.12882e-06,15.4625,40.0727,10.3319,0.293307,22.2851,0.298973,13.0429,0.0117644,0.237384,2.03178,0.237468,-0.104323,0.00194139,0.00565068,-0.353273,0.0124574,0.0199875,0.00565201,0.00389054,-0.353273,0.0176474,2.83758,2.21929,0.000344805,0.0448043,0.000881942,0.00333125,0.000237384,0.00067726,0.0448043,3.33693,2.23276e-06,5.13052,0.249149
2046.4583,304.528,304.528,4.15047,0.333567,2.42351,0.0117829,0.00804583,0.00423344,0.00373702,6.61478e-05,7.08693e-05,5.50044e-05,2.40267e-06,0.00393065,0.00486091,0.0579023,0.532961,0.0209102,0.0024324,3.17455e-07,2.02099e-06,3.84314e-05,1.96866e-08,9.42351e-05,8.00779e-05,1.33802e-06,6.07862e-08,5.67256e-06,5.17136e-06,15.5007,40.1083,10.3468,0.294757,22.2853,0.305345,13.0539,0.0119314,0.242444,2.02756,0.237858,-0.10452,0.00131595,0.00569501,-0.35327,0.0127229,0.0200034,0.00577248,0.00388179,-0.35327,0.0176716,2.83764,2.21932,0.000347778,0.0448049,0.00090074,0.00333391,0.000242444,0.000675852,0.0448049,3.43111,2.33845e-06,5.15391,0.254375
2046.5417,305.39,305.361,4.25511,0.328257,3.22358,0.0120991,0.00828106,0.00428316,0.00381803,7.7066e-05,7.17426e-05,6.40482e-05,2.84664e-06,0.00456251,0.00461849,0.0572785,0.48891,0.0214417,0.00246755,3.60991e-07,2.04228e-06,3.34852e-05,1.01778e-08,9.51803e-05,8.21146e-05,1.18574e-06,3.88552e-08,5.74604e-06,5.31489e-06,15.5418,40.1431,10.3631,0.29415,22.2852,0.312157,13.0662,0.0121152,0.247852,2.02194,0.238284,-0.10427,0.00116803,0.00568434,-0.353277,0.0130067,0.0200212,0.00590124,0.00387019,-0.353277,0.0176988,2.83771,2.21937,0.000347519,0.0448048,0.000920833,0.00333686,0.000247852,0.000673981,0.0448048,4.15347,2.40327e-06,5.17871,0.259967
2046.6250,306.508,306.45,4.34729,0.302316,4.01216,0.0119138,0.00856,0.00407409,0.00335381,8.76354e-05,7.24947e-05,7.28759e-05,3.14268e-06,0.00557473,0.00553867,0.055937,0.438791,0.0208124,0.00249846,3.74088e-07,2.09339e-06,2.75046e-05,1.14802e-08,8.8302e-05,7.96566e-05,1.07492e-06,2.67312e-08,5.42285e-06,5.17203e-06,15.5765,40.174,10.3782,0.294987,22.2857,0.318127,13.0781,0.0122805,0.252593,2.01682,0.238668,-0.103915,0.00107117,0.00571194,-0.353227,0.0132555,0.0200383,0.00601412,0.00385963,-0.353227,0.0177237,2.83778,2.21941,0.000348891,0.0448062,0.000938446,0.00333972,0.000252593,0.000672273,0.0448062,4.72152,2.46748e-06,5.19826,0.264874
2046.7083,305.806,305.812,4.43799,0.296181,3.30657,0.0125747,0.00866547,0.0039448,0.00390924,0.000160432,7.3424e-05,0.00013245,6.80777e-06,0.00952564,0.00534352,0.0567187,0.246072,0.0220174,0.00252874,8.28188e-07,2.15049e-06,1.83423e-05,1.72844e-08,7.78878e-05,8.33301e-05,7.38915e-07,2.17414e-08,5.21291e-06,5.49403e-06,15.6089,40.2201,10.3935,0.303531,22.2908,0.323972,13.0904,0.012446,0.257234,2.01684,0.239033,-0.103212,0.000746772,0.00593839,-0.35279,0.0134991,0.0200561,0.00612462,0.00385977,-0.35279,0.0177493,2.83785,2.21942,0.000361732,0.0448194,0.000955688,0.00334269,0.000257234,0.000672282,0.0448194,4.38367,2.97868e-06,5.21541,0.26968
2046.7917,305.178,305.203,4.5359,0.349401,2.38781,0.0126248,0.00857551,0.00464654,0.00404933,0.000117442,7.37046e-05,9.68392e-05,5.16636e-06,0.00698568,0.00552795,0.0585584,0.349108,0.0219288,0.0025613,6.45507e-07,2.1865e-06,1.8472e-05,3.37002e-09,9.86848e-05,8.41177e-05,6.17736e-07,1.33994e-08,6.21959e-06,5.49362e-06,15.6503,40.2588,10.4101,0.301055,22.295,0.330253,13.1038,0.0126274,0.262221,2.01246,0.239439,-0.102439,0.000802067,0.00587232,-0.352403,0.0137608,0.0200756,0.00624336,0.0038508,-0.352403,0.0177781,2.83792,2.21946,0.000357922,0.0448293,0.000974216,0.00334593,0.000262221,0.000670821,0.0448293,4.04548,2.832e-06,5.24021,0.274848
2046.8750,304.316,304.36,4.60726,0.365843,2.04248,0.0123759,0.00841775,0.00455985,0.00395811,6.40362e-05,7.22733e-05,5.3167e-05,2.37818e-06,0.00390403,0.00551284,0.060569,0.598738,0.0212021,0.00258509,3.11374e-07,2.19407e-06,2.07755e-05,1.5893e-09,9.97467e-05,8.26597e-05,6.27677e-07,1.87484e-08,6.1542e-06,5.3394e-06,15.6881,40.2867,10.4238,0.298341,22.2955,0.334812,13.1157,0.0127647,0.265841,2.0048,0.239782,-0.101607,0.00129413,0.00580161,-0.352319,0.0139507,0.020093,0.00632954,0.00383503,-0.352319,0.0178008,2.838,2.21952,0.000353242,0.044829,0.000987664,0.00334883,0.000265841,0.000668267,0.044829,3.47687,2.50544e-06,5.26424,0.278605
2046.9583,303.671,303.697,4.56713,0.358525,2.04311,0.0126902,0.00804756,0.00445452,0.00464265,5.707e-05,7.19724e-05,4.74205e-05,2.083e-06,0.00330631,0.00496956,0.062783,0.659538,0.0209236,0.00257261,2.84394e-07,2.17901e-06,2.87315e-05,3.80249e-09,9.5613e-05,8.20489e-05,8.86104e-07,5.03937e-08,5.97629e-06,5.31197e-06,15.7367,40.3318,10.4256,0.299858,22.2967,0.332248,13.1214,0.0127515,0.263805,1.9986,0.240101,-0.100968,0.00145819,0.0058435,-0.352193,0.0138439,0.0201018,0.00628108,0.00382229,-0.352193,0.0178215,2.83807,2.21957,0.000355324,0.0448307,0.000980102,0.0033503,0.000263805,0.000666201,0.0448307,3.30734,2.46341e-06,5.31101,0.276557
2047.0417,303.801,303.805,4.4419,0.375537,1.78767,0.0125255,0.00807284,0.00445261,0.00445264,5.04113e-05,7.20413e-05,4.18735e-05,1.83659e-06,0.00293719,0.00516218,0.0625147,0.738976,0.0207592,0.00253218,2.51108e-07,2.16679e-06,2.09714e-05,2.17593e-08,9.79437e-05,8.12421e-05,6.10995e-07,3.43875e-07,6.04643e-06,5.25058e-06,15.7902,40.3812,10.4177,0.300353,22.2978,0.324224,13.1215,0.0126223,0.257434,1.9929,0.240414,-0.100373,0.00162116,0.0058545,-0.352073,0.0135096,0.0201028,0.00612938,0.00381055,-0.352073,0.0178418,2.83814,2.21961,0.00035504,0.0448326,0.000956432,0.00335047,0.000257434,0.000664299,0.0448326,3.40753,2.4179e-06,5.37248,0.270056
2047.1250,304.598,304.592,4.33266,0.349223,2.43843,0.0121341,0.00817913,0.00446122,0.00395495,4.73605e-05,7.15151e-05,3.93425e-05,1.70929e-06,0.00282812,0.00510551,0.0593708,0.739292,0.0200406,0.00249674,2.25953e-07,2.16303e-06,3.84952e-05,2.41555e-08,9.8118e-05,7.8335e-05,1.21549e-06,3.10102e-07,5.96745e-06,5.06011e-06,15.8376,40.4218,10.4111,0.299153,22.298,0.317181,13.1221,0.0125114,0.251841,1.98698,0.240733,-0.0999982,0.00167603,0.00582649,-0.352032,0.0132161,0.0201044,0.00599622,0.00379837,-0.352032,0.0178621,2.83819,2.21965,0.000353003,0.0448322,0.000935654,0.00335074,0.000251841,0.000662328,0.0448322,3.42725,2.38898e-06,5.42651,0.264353
2047.2083,303.984,304.014,4.2195,0.373663,1.59661,0.0116724,0.0080422,0.00440793,0.0036302,4.02284e-05,6.95941e-05,3.33837e-05,1.46472e-06,0.00248315,0.00514554,0.059454,0.811173,0.0190461,0.00245975,1.97771e-07,2.15091e-06,2.66981e-05,2.42153e-08,0.000100192,7.45891e-05,7.86101e-07,3.9631e-07,5.97436e-06,4.81288e-06,15.8725,40.4484,10.4035,0.297439,22.2975,0.309842,13.1218,0.0123826,0.246015,1.98088,0.240969,-0.0996517,0.00186956,0.00578336,-0.35206,0.0129103,0.0201048,0.0058575,0.00378578,-0.35206,0.0178769,2.83825,2.2197,0.000349735,0.04483,0.000914008,0.0033508,0.000246015,0.000660295,0.04483,3.12699,2.34868e-06,5.46902,0.258397
2047.2917,303.649,303.675,4.11296,0.374794,1.37277,0.0113232,0.00798092,0.00431473,0.00334229,3.30924e-05,6.86824e-05,2.74101e-05,1.22622e-06,0.0021036,0.00531486,0.0600743,0.942144,0.0183767,0.0024247,1.68981e-07,2.12619e-06,3.11751e-05,3.69853e-08,9.93762e-05,7.19945e-05,9.06968e-07,6.33913e-07,5.8436e-06,4.63814e-06,15.901,40.4687,10.3961,0.297109,22.2958,0.302894,13.1212,0.0122544,0.240498,1.97483,0.241168,-0.0992737,0.00220894,0.00577419,-0.352198,0.0126208,0.0201047,0.00572614,0.00377326,-0.352198,0.0178889,2.8383,2.21975,0.000348091,0.0448252,0.000893512,0.00335078,0.000240498,0.000658277,0.0448252,2.87555,2.29517e-06,5.5049,0.252752
2047.3750,303.223,303.245,4.00702,0.357463,1.92145,0.0112711,0.00784695,0.00414992,0.00342415,3.17556e-05,6.90595e-05,2.62903e-05,1.1855e-06,0.00201461,0.00542546,0.061257,0.987415,0.0184263,0.00238959,1.66561e-07,2.09055e-06,4.71505e-05,5.12083e-08,9.41253e-05,7.19172e-05,1.46653e-06,6.59687e-07,5.55016e-06,4.62941e-06,15.92,40.4818,10.388,0.297527,22.2944,0.295947,13.1197,0.0121153,0.234982,1.96984,0.241298,-0.0991382,0.00233085,0.00578676,-0.352317,0.0123313,0.0201034,0.0055948,0.00376293,-0.352317,0.0178963,2.83835,2.21979,0.000347858,0.0448216,0.000873018,0.00335057,0.000234982,0.000656614,0.0448216,2.77261,2.25711e-06,5.53197,0.247097
2047.4583,304.294,304.277,3.93758,0.322545,2.93286,0.0119062,0.00800879,0.00400278,0.00389745,5.06553e-05,7.15646e-05,4.21213e-05,1.82129e-06,0.00297687,0.00477985,0.05974,0.700995,0.0200491,0.00236662,2.45206e-07,2.07467e-06,5.044e-05,2.36752e-08,8.93814e-05,7.73876e-05,1.76729e-06,1.35755e-07,5.34672e-06,4.99652e-06,15.9518,40.5093,10.3843,0.296488,22.2943,0.291373,13.1208,0.0120427,0.23135,1.9667,0.241588,-0.099545,0.00167053,0.00576919,-0.352329,0.0121408,0.0201056,0.00550833,0.00375641,-0.352329,0.017914,2.8384,2.21982,0.000347741,0.0448215,0.000859525,0.00335094,0.00023135,0.000655566,0.0448215,3.50898,2.31987e-06,5.56744,0.243392
2047.5417,305.309,305.252,3.89611,0.254902,3.73433,0.0117296,0.00817668,0.00319906,0.00355292,0.000114904,7.2867e-05,9.55978e-05,4.08944e-06,0.00733089,0.0053941,0.0600953,0.321324,0.0197835,0.00235304,5.24649e-07,2.09724e-06,1.6789e-05,4.38264e-08,6.48726e-05,7.50532e-05,7.44126e-07,4.22372e-08,4.22049e-06,4.91902e-06,15.9913,40.5573,10.3842,0.30137,22.2969,0.288632,13.1242,0.0120229,0.229174,1.96774,0.241985,-0.0994222,0.00104124,0.00590722,-0.352115,0.0120266,0.020111,0.00545652,0.00375858,-0.352115,0.0179398,2.83847,2.21984,0.000356173,0.0448286,0.000851441,0.00335183,0.000229174,0.000655912,0.0448286,4.18196,2.62189e-06,5.60712,0.241197
2047.6250,307.461,307.342,3.82062,0.178133,3.40795,0.00878402,0.00762913,0.00190135,0.00115489,0.00016221,6.10166e-05,0.000132677,7.48555e-06,0.0139759,0.0065817,0.0490133,0.125505,0.0137287,0.00232783,8.91558e-07,2.12887e-06,2.77049e-07,2.61097e-08,2.59163e-05,5.24207e-05,1.66282e-08,2.31332e-08,2.38362e-06,3.53982e-06,15.9945,40.6042,10.379,0.324274,22.3059,0.283626,13.1239,0.0119228,0.225199,1.97951,0.242076,-0.0983711,0.000594573,0.00652836,-0.351353,0.011818,0.0201112,0.00536189,0.00378298,-0.351353,0.0179485,2.83853,2.21983,0.00039164,0.044853,0.000836674,0.00335187,0.000225199,0.000659835,0.044853,3.779,3.02043e-06,5.61555,0.237122
2047.7083,308.09,308.054,3.63199,0.210069,2.87777,0.00770673,0.00719151,0.00254955,0.000515222,0.000159541,5.73583e-05,0.000128948,8.9041e-06,0.0151534,0.00713321,0.0432008,0.0988896,0.0116851,0.00226357,9.98364e-07,2.1356e-06,3.27192e-06,9.6833e-09,3.08776e-05,4.46381e-05,1.5392e-07,1.36082e-08,3.30248e-06,3.04045e-06,15.918,40.5831,10.3572,0.347973,22.3209,0.271033,13.1121,0.0115689,0.2152,1.99631,0.241428,-0.0972363,0.000446393,0.00714178,-0.350071,0.0112933,0.0200953,0.00512382,0.00381777,-0.350071,0.0179101,2.83859,2.21984,0.000426526,0.0448932,0.000799526,0.00334921,0.0002152,0.000665436,0.0448932,3.78689,3.13396e-06,5.56074,0.226769
2047.7917,305.388,305.421,3.57747,0.332164,2.20317,0.0120915,0.00816715,0.00465253,0.00392431,0.000190373,7.52877e-05,0.000154126,1.15783e-05,0.0114447,0.0058276,0.057854,0.216946,0.0209198,0.00224506,1.39699e-06,2.15673e-06,1.28533e-05,1.8218e-09,8.92537e-05,7.73742e-05,4.54532e-07,7.34747e-09,6.25892e-06,5.14567e-06,15.9183,40.5837,10.3531,0.330036,22.3349,0.267374,13.1115,0.0114912,0.212295,2.00052,0.241509,-0.0963243,0.000500939,0.00663184,-0.348793,0.0111408,0.0200949,0.00505464,0.00382644,-0.348793,0.0179198,2.83865,2.21989,0.000395774,0.0449268,0.000788732,0.00334915,0.000212295,0.00066684,0.0449268,3.83887,3.55372e-06,5.56516,0.223786
2047.8750,304.766,304.781,3.59275,0.360592,2.21984,0.0121253,0.00803301,0.00466868,0.00409227,7.52703e-05,7.5604e-05,6.24547e-05,2.93235e-06,0.00447835,0.00592159,0.0605759,0.524901,0.021074,0.00225064,3.77028e-07,2.15968e-06,2.27809e-05,5.81527e-10,0.000107878,7.99764e-05,7.03094e-07,4.89885e-09,6.50241e-06,5.17951e-06,15.9638,40.5979,10.3587,0.305285,22.3348,0.268402,13.1174,0.011561,0.213111,1.99405,0.242032,-0.095702,0.00112356,0.00598982,-0.34866,0.0111836,0.0201035,0.00507407,0.00381298,-0.34866,0.0179546,2.83871,2.21995,0.000360803,0.0449201,0.000791764,0.00335058,0.000213111,0.000664685,0.0449201,3.61516,2.53671e-06,5.60507,0.224672
2047.9583,305.306,305.307,3.65053,0.336421,2.67298,0.0121919,0.00838469,0.00428974,0.00380723,6.93311e-05,7.5652e-05,5.76779e-05,2.52277e-06,0.0040662,0.00583764,0.0590138,0.566317,0.0213283,0.00227083,3.15612e-07,2.17214e-06,3.61759e-05,1.47613e-09,0.0001014,8.12007e-05,1.22804e-06,7.32551e-09,5.96284e-06,5.24955e-06,16.0125,40.6256,10.3701,0.294927,22.3302,0.272279,13.1272,0.0117146,0.21619,1.98796,0.242655,-0.095516,0.00126038,0.00572784,-0.34896,0.0113452,0.0201176,0.00514738,0.0038003,-0.34896,0.0179939,2.83877,2.22,0.000347194,0.0449034,0.000803202,0.00335293,0.00021619,0.000662652,0.0449034,3.74492,2.48775e-06,5.64241,0.227904
2048.0417,304.187,304.233,3.7082,0.377769,1.32604,0.0115071,0.00825996,0.00429702,0.0032471,4.99957e-05,7.16918e-05,4.15553e-05,1.81996e-06,0.0031016,0.00571461,0.0601493,0.70755,0.0195931,0.00229096,2.39065e-07,2.1664e-06,2.19001e-05,2.04594e-09,0.000104156,7.54436e-05,6.57609e-07,1.39403e-08,5.98442e-06,4.8652e-06,16.044,40.6411,10.3815,0.289654,22.3254,0.27614,13.137,0.0118614,0.219255,1.98204,0.243123,-0.0952446,0.00156917,0.0055919,-0.349317,0.011506,0.0201316,0.00522036,0.00378803,-0.349317,0.0180232,2.83882,2.22005,0.000339476,0.0448883,0.00081459,0.00335527,0.000219255,0.000660681,0.0448883,3.08603,2.40546e-06,5.66251,0.231116
2048.1250,304.937,304.912,3.76222,0.373944,2.18433,0.0119603,0.00835257,0.00428614,0.00360768,4.12803e-05,7.38486e-05,3.42588e-05,1.52637e-06,0.0024587,0.00538623,0.0602951,0.929279,0.0207449,0.00230978,1.97187e-07,2.15718e-06,2.8941e-05,7.49485e-08,0.000103783,7.99392e-05,8.55717e-07,7.30556e-07,5.88765e-06,5.14065e-06,16.0757,40.6608,10.3926,0.288667,22.3205,0.279743,13.1468,0.0120012,0.222116,1.97583,0.243575,-0.0947929,0.00201114,0.00556262,-0.349717,0.0116562,0.0201458,0.00528848,0.00377513,-0.349717,0.018051,2.83887,2.22009,0.000336826,0.0448744,0.00082522,0.00335763,0.000222116,0.000658611,0.0448744,3.67253,2.35437e-06,5.68309,0.234118
2048.2083,304.422,304.446,3.81179,0.363631,1.88477,0.0115887,0.00834335,0.0042855,0.00324539,3.72921e-05,7.12282e-05,3.09349e-05,1.37885e-06,0.00223145,0.00496983,0.0581484,0.915372,0.0196952,0.00232708,1.8118e-07,2.14793e-06,3.92033e-05,3.69804e-08,0.000103912,7.64388e-05,1.18595e-06,4.07088e-07,5.82944e-06,4.91642e-06,16.1046,40.6764,10.4036,0.286689,22.3157,0.283042,13.1567,0.0121335,0.224735,1.96941,0.244009,-0.0947072,0.0021453,0.00551534,-0.350139,0.0117936,0.0201602,0.00535084,0.00376182,-0.350139,0.0180775,2.83892,2.22012,0.000334184,0.0448616,0.000834949,0.00336003,0.000224735,0.00065647,0.0448616,3.17065,2.32911e-06,5.70104,0.236869
2048.2917,303.846,303.868,3.836,0.376016,1.20988,0.0109373,0.0082736,0.00420457,0.00266368,3.08688e-05,6.90066e-05,2.55548e-05,1.15543e-06,0.00199826,0.00554262,0.0592214,1.00112,0.018089,0.00233574,1.56943e-07,2.12023e-06,3.23884e-05,4.52508e-08,0.000102318,7.0683e-05,9.35327e-07,6.00593e-07,5.72049e-06,4.54447e-06,16.1216,40.6825,10.4113,0.286393,22.3111,0.28465,13.1646,0.0122128,0.226012,1.96342,0.244313,-0.0945913,0.00238777,0.00550935,-0.350551,0.0118606,0.0201719,0.00538124,0.00374941,-0.350551,0.0180957,2.83897,2.22017,0.000333262,0.0448504,0.000839693,0.00336198,0.000226012,0.000654473,0.0448504,2.73672,2.27718e-06,5.71032,0.238225
2048.3750,304.591,304.59,3.84712,0.350555,2.21801,0.0112344,0.00838434,0.00421129,0.00285011,3.23676e-05,7.03849e-05,2.68044e-05,1.21069e-06,0.00202222,0.00517998,0.0576492,0.992605,0.0187628,0.00233992,1.59374e-07,2.09423e-06,5.43778e-05,3.82433e-08,0.000100621,7.31091e-05,1.71271e-06,3.58518e-07,5.63648e-06,4.69971e-06,16.1308,40.6822,10.4173,0.286193,22.3073,0.285387,13.1714,0.0122637,0.226598,1.95795,0.244546,-0.0947222,0.00239436,0.00550833,-0.35091,0.0118914,0.020182,0.00539518,0.0037381,-0.35091,0.0181092,2.83901,2.22021,0.00033285,0.0448416,0.000841869,0.00336367,0.000226598,0.000652649,0.0448416,3.13014,2.2536e-06,5.71351,0.238861
2048.4583,304.818,304.802,3.87373,0.34439,2.41812,0.0115222,0.00845094,0.00417846,0.00307122,3.94461e-05,7.12399e-05,3.27484e-05,1.43265e-06,0.00240175,0.00505098,0.0573826,0.845975,0.0193448,0.00234937,1.86489e-07,2.082e-06,5.00654e-05,1.62863e-08,9.92312e-05,7.5217e-05,1.62826e-06,1.44838e-07,5.60254e-06,4.84197e-06,16.1456,40.6879,10.4255,0.284985,22.3043,0.287151,13.1798,0.0123462,0.227998,1.95313,0.244847,-0.0951289,0.00201012,0.00548453,-0.351198,0.0119648,0.0201943,0.00542852,0.00372815,-0.351198,0.0181272,2.83907,2.22025,0.000332062,0.044835,0.000847071,0.00336572,0.000227998,0.000651045,0.044835,3.33249,2.26849e-06,5.7201,0.240344
2048.5417,305.985,305.946,3.91266,0.269154,3.63474,0.0116321,0.00866218,0.00341725,0.0029699,7.85036e-05,7.24544e-05,6.56288e-05,2.44391e-06,0.00491171,0.0051086,0.0558468,0.470104,0.0195287,0.00236302,3.00062e-07,2.1006e-06,2.86665e-05,6.89701e-08,7.35523e-05,7.52045e-05,1.26705e-06,6.48639e-08,4.51433e-06,4.88559e-06,16.1637,40.7091,10.4356,0.289523,22.3039,0.289726,13.1896,0.0124549,0.230043,1.95195,0.245195,-0.0952675,0.00145559,0.00561299,-0.351257,0.0120722,0.0202087,0.00547721,0.00372577,-0.351257,0.0181489,2.83913,2.22028,0.00033976,0.0448355,0.000854668,0.00336811,0.000230043,0.00065065,0.0448355,4.08603,2.40066e-06,5.72814,0.242498
2048.6250,307.092,307.041,3.92167,0.206695,3.59123,0.0106136,0.00844567,0.00245094,0.00216789,0.000131129,7.05163e-05,0.000109142,4.48856e-06,0.00942415,0.00640777,0.0532414,0.234739,0.0173366,0.00236652,5.24454e-07,2.1357e-06,5.02489e-06,5.17579e-08,3.91128e-05,6.6221e-05,2.35304e-07,2.66064e-08,3.12835e-06,4.37519e-06,16.163,40.7439,10.4417,0.309059,22.3109,0.290322,13.1968,0.0125007,0.230515,1.96088,0.245365,-0.0944265,0.00100083,0.00614331,-0.35068,0.012097,0.0202194,0.00548846,0.00374435,-0.35068,0.018161,2.83919,2.22028,0.000370076,0.0448553,0.000856424,0.00336991,0.000230515,0.000653625,0.0448553,4.16422,2.66015e-06,5.72131,0.243016
2048.7083,305.932,305.926,3.94675,0.269239,3.26053,0.0121574,0.00896731,0.00351472,0.00319008,0.000250956,7.5167e-05,0.000203717,1.43853e-05,0.0152597,0.00573023,0.0566783,0.144913,0.0205745,0.00237544,1.72823e-06,2.16467e-06,7.88915e-06,1.04204e-08,6.09024e-05,7.64466e-05,3.48781e-07,1.63285e-08,4.59507e-06,5.16167e-06,16.167,40.7779,10.45,0.317119,22.3238,0.291977,13.2055,0.0125785,0.23183,1.96989,0.245559,-0.0934358,0.000478591,0.00633287,-0.349569,0.0121659,0.0202323,0.00551976,0.00376314,-0.349569,0.0181779,2.83926,2.22028,0.000380072,0.0448895,0.000861308,0.00337204,0.00023183,0.000656631,0.0448895,4.21002,3.8929e-06,5.71697,0.244408
2048.7917,306.84,306.795,4.00026,0.229209,3.68529,0.0115302,0.00895065,0.00278832,0.0025796,0.000352561,7.53726e-05,0.000271828,2.50326e-05,0.0240038,0.00637953,0.0547054,0.0977019,0.0192131,0.002394,2.88006e-06,2.20364e-06,2.57076e-06,3.74067e-09,4.52399e-05,6.94019e-05,1.24855e-07,9.6669e-09,3.64413e-06,4.82996e-06,16.1825,40.8112,10.4625,0.319916,22.3337,0.295503,13.2171,0.0127161,0.234629,1.97516,0.245844,-0.0923594,0.000323384,0.00638539,-0.348686,0.0123128,0.0202492,0.00558641,0.00377416,-0.348686,0.0182035,2.83932,2.22028,0.000383523,0.0449138,0.000871708,0.00337486,0.000234629,0.000658387,0.0449138,4.25119,5.08369e-06,5.72003,0.247345
2048.8750,307.668,307.606,3.94312,0.179639,2.77857,0.00765407,0.00781382,0.00183844,-0.000159746,0.000417202,6.21036e-05,0.00029831,3.80775e-05,0.045525,0.00820954,0.0479778,0.0258397,0.0112506,0.00237517,4.2459e-06,2.20158e-06,4.00455e-08,8.08098e-10,1.34179e-05,3.86988e-05,2.51876e-09,6.03983e-09,2.30134e-06,2.95849e-06,16.1345,40.8213,10.46,0.349185,22.3469,0.291734,13.2188,0.012623,0.231637,1.9907,0.245473,-0.0911459,0.000101759,0.0070094,-0.347537,0.0121558,0.0202524,0.00551516,0.00380649,-0.347537,0.0181924,2.83938,2.22027,0.000426676,0.0449484,0.000860591,0.0033754,0.000231637,0.000663568,0.0449484,3.13753,6.44748e-06,5.67448,0.24426
2048.9583,304.956,305.024,3.89569,0.311337,1.61424,0.0108543,0.00862155,0.00430394,0.0022327,0.000468641,7.21713e-05,0.00034636,4.73425e-05,0.0334453,0.00609072,0.0568047,0.0816766,0.0185448,0.00235941,5.77577e-06,2.18011e-06,3.12419e-06,1.90538e-10,5.78466e-05,6.4727e-05,1.06987e-07,3.54435e-09,5.61749e-06,4.66972e-06,16.0686,40.7909,10.4577,0.353724,22.3656,0.288603,13.2198,0.0125236,0.229151,2.00291,0.244926,-0.0899131,0.000175533,0.0070276,-0.345874,0.0120253,0.0202547,0.00545596,0.00383187,-0.345874,0.0181724,2.83945,2.2203,0.000429193,0.0449957,0.000851354,0.00337578,0.000229151,0.000667637,0.0449957,3.11602,7.95588e-06,5.61092,0.241674
2049.0417,304.814,304.812,4.02008,0.37158,1.85462,0.0120867,0.00875643,0.00488672,0.00333026,9.8388e-05,7.38547e-05,8.09161e-05,4.62917e-06,0.00581547,0.00546736,0.0591261,0.39914,0.0209016,0.00240178,5.98791e-07,2.15839e-06,1.25002e-05,1.35022e-10,9.87793e-05,8.08019e-05,3.80184e-07,3.28623e-09,6.78241e-06,5.26074e-06,16.0852,40.7796,10.4779,0.323266,22.3732,0.296804,13.2354,0.0127591,0.235662,1.998,0.245207,-0.0888717,0.00080846,0.00633574,-0.345045,0.0123671,0.020277,0.005611,0.00382179,-0.345045,0.0181962,2.83951,2.22037,0.000384574,0.0450074,0.000875545,0.00337951,0.000235662,0.000665999,0.0450074,3.3523,2.75718e-06,5.60732,0.248421
2049.1250,305.547,305.54,4.15251,0.372425,2.00694,0.0122206,0.00890206,0.0047015,0.00331857,6.06658e-05,7.34963e-05,5.0402e-05,2.24334e-06,0.00353417,0.00507415,0.0563553,0.629086,0.0209804,0.00244665,2.76886e-07,2.16296e-06,1.80448e-05,5.39423e-10,0.000104211,8.20218e-05,5.37021e-07,1.26542e-08,6.59118e-06,5.29704e-06,16.1134,40.7855,10.4997,0.309642,22.3719,0.305477,13.2525,0.0130157,0.242549,1.99062,0.245649,-0.088159,0.00135375,0.00603229,-0.345001,0.0127284,0.0203016,0.00577497,0.00380664,-0.345001,0.0182246,2.83957,2.22044,0.000365509,0.0449964,0.00090113,0.0033836,0.000242549,0.000663542,0.0449964,3.71263,2.43984e-06,5.61371,0.255564
2049.2083,305.332,305.333,4.26138,0.359878,2.12332,0.0118131,0.00890252,0.00462628,0.00291061,4.3124e-05,7.14586e-05,3.57863e-05,1.5778e-06,0.00259334,0.00510733,0.0550565,0.794387,0.0197633,0.00248347,1.96958e-07,2.16085e-06,3.20291e-05,8.38239e-09,0.00010362,7.79768e-05,9.7845e-07,1.47236e-07,6.34507e-06,5.02281e-06,16.1369,40.7942,10.5191,0.304716,22.3693,0.312564,13.2685,0.0132306,0.248176,1.98325,0.246026,-0.087565,0.00180403,0.00592724,-0.345113,0.0130237,0.0203249,0.00590895,0.00379149,-0.345113,0.0182481,2.83964,2.2205,0.000358139,0.0449845,0.000922036,0.00338749,0.000248176,0.000661083,0.0449845,3.37073,2.3578e-06,5.61778,0.261406
2049.2917,305.174,305.189,4.33325,0.351448,2.20953,0.0116673,0.00888055,0.00453612,0.00278678,4.17838e-05,7.07758e-05,3.4677e-05,1.51104e-06,0.00258338,0.00525061,0.0551621,0.788787,0.0192208,0.00250785,1.90082e-07,2.1526e-06,3.95852e-05,1.06527e-08,0.000101025,7.60853e-05,1.25069e-06,1.6228e-07,6.14905e-06,4.90266e-06,16.1489,40.7951,10.5342,0.301273,22.3679,0.31722,13.2821,0.0133764,0.251872,1.97699,0.246272,-0.0874199,0.00184075,0.00585823,-0.34517,0.0132177,0.0203448,0.00599696,0.00377869,-0.34517,0.0182631,2.8397,2.22056,0.000354042,0.0449776,0.00093577,0.00339079,0.000251872,0.000658998,0.0449776,3.27219,2.34268e-06,5.61474,0.265249
2049.3750,304.809,304.826,4.39462,0.306308,3.19114,0.0119404,0.00883721,0.00397944,0.00310314,5.92043e-05,7.1628e-05,4.9253e-05,2.08183e-06,0.00357532,0.00500293,0.0560706,0.594709,0.0197323,0.0025287,2.67599e-07,2.14895e-06,4.61986e-05,2.94415e-08,8.32682e-05,7.7764e-05,1.73671e-06,1.02531e-07,5.31505e-06,5.0302e-06,16.1609,40.8046,10.5482,0.302274,22.3684,0.321181,13.2951,0.013504,0.255018,1.97309,0.246487,-0.0874139,0.00151363,0.0059011,-0.345087,0.0133828,0.020364,0.00607185,0.0037708,-0.345087,0.0182764,2.83977,2.22061,0.000356504,0.044977,0.000947455,0.003394,0.000255018,0.000657698,0.044977,3.61203,2.41655e-06,5.61269,0.268522
2049.4583,305.564,305.53,4.4551,0.23087,3.74691,0.0118409,0.00901583,0.00299583,0.0028251,0.000144996,7.16584e-05,0.000120138,5.61056e-06,0.00901374,0.00494056,0.0545132,0.237083,0.0194086,0.00254923,6.96126e-07,2.16074e-06,1.03538e-05,3.91699e-08,5.32805e-05,7.51551e-05,4.80997e-07,3.5116e-08,3.88604e-06,4.96546e-06,16.173,40.8376,10.5624,0.313819,22.3745,0.325074,13.3085,0.013632,0.258108,1.97624,0.246687,-0.0869591,0.000890029,0.00621948,-0.344533,0.013545,0.0203837,0.00614544,0.00377755,-0.344533,0.0182904,2.83984,2.22063,0.000374962,0.0449925,0.000958938,0.00339729,0.000258108,0.000658748,0.0449925,4.00127,2.85687e-06,5.6106,0.27174
2049.5417,307.155,307.086,4.43208,0.185527,3.46425,0.00921709,0.00827995,0.0021113,0.000937145,0.000291087,6.5066e-05,0.000217375,2.02557e-05,0.02529,0.00656087,0.0493299,0.071248,0.0139596,0.00254226,2.34963e-06,2.17738e-06,5.09049e-07,1.40137e-08,1.8706e-05,5.20791e-05,2.72451e-08,2.11125e-08,2.61157e-06,3.67263e-06,16.1447,40.8724,10.5661,0.347979,22.3881,0.323592,13.3152,0.0135992,0.256932,1.99157,0.246474,-0.085654,0.000332027,0.00709684,-0.343367,0.0134833,0.0203943,0.00611744,0.00380956,-0.343367,0.0182825,2.83991,2.22061,0.00042718,0.0450287,0.000954569,0.00339904,0.000256932,0.000663856,0.0450287,3.83441,4.52701e-06,5.57862,0.270532
2049.6250,309.857,309.693,4.25392,0.145374,2.82774,0.00531915,0.00729754,0.00170091,-0.0019784,0.000145412,3.80984e-05,9.95862e-05,1.08667e-05,0.0200338,0.00630003,0.029507,0.0332638,0.0061515,0.00248376,1.14175e-06,2.17357e-06,3.56434e-08,3.28873e-09,1.03834e-05,2.7861e-05,2.19575e-09,1.19446e-08,2.05181e-06,1.98584e-06,16.0488,40.846,10.549,0.381643,22.4057,0.312071,13.308,0.0132588,0.247784,2.00985,0.24556,-0.084387,0.000199684,0.00786554,-0.34186,0.0130032,0.0203854,0.00589962,0.00384768,-0.34186,0.0182315,2.83998,2.22063,0.0004787,0.0450753,0.000920581,0.00339757,0.000247784,0.000669951,0.0450753,3.08927,3.31532e-06,5.49984,0.261043
2049.7083,310.107,310.029,3.96413,0.153361,2.27301,0.00445506,0.00674932,0.00178393,-0.00229425,6.04e-05,3.11485e-05,4.39362e-05,3.55466e-06,0.0126869,0.00743987,0.024581,0.0505973,0.00392763,0.00238697,3.44893e-07,2.14036e-06,5.34395e-11,2.90545e-09,1.05323e-05,2.13065e-05,4.66529e-12,6.73462e-09,2.19799e-06,1.47131e-06,15.9073,40.7734,10.5156,0.410862,22.4253,0.29311,13.2893,0.0126824,0.23273,2.02997,0.244243,-0.0831676,0.000299743,0.0085785,-0.340179,0.0122132,0.0203605,0.00554118,0.00388951,-0.340179,0.0181499,2.84005,2.22067,0.000522971,0.0451275,0.000864651,0.00339342,0.00023273,0.000676656,0.0451275,2.63214,2.48525e-06,5.39165,0.245412
2049.7917,306.722,306.798,3.75543,0.257293,2.22848,0.00904317,0.00721064,0.00396445,0.00183253,0.000236222,6.28706e-05,0.000181814,1.81988e-05,0.0199696,0.00703044,0.0466483,0.0870496,0.0140451,0.00231633,2.06871e-06,2.11128e-06,4.20199e-06,1.61935e-09,3.64877e-05,5.19789e-05,1.79153e-07,3.91207e-09,5.28612e-06,3.59256e-06,15.8016,40.7086,10.4911,0.411832,22.4491,0.279291,13.2753,0.0122479,0.221757,2.04612,0.243243,-0.0820309,0.000298889,0.00858296,-0.338079,0.0116374,0.0203419,0.00527992,0.00392302,-0.338079,0.0180885,2.84011,2.22073,0.000518832,0.0451881,0.000823885,0.00339032,0.000221757,0.000682039,0.0451881,3.45622,4.17999e-06,5.31054,0.234005
2049.8750,305.014,305.062,3.84299,0.348871,2.08537,0.0123998,0.00824623,0.00534256,0.00415352,0.000169976,7.47458e-05,0.000137264,1.07542e-05,0.0100288,0.00562561,0.0572408,0.24684,0.0213921,0.00234638,1.30113e-06,2.12293e-06,1.17222e-05,2.38934e-10,9.47256e-05,8.02187e-05,3.85595e-07,2.23056e-09,7.46005e-06,5.30334e-06,15.8241,40.6955,10.5056,0.359803,22.4672,0.285111,13.2866,0.012403,0.226378,2.04443,0.243477,-0.0810588,0.000518015,0.00726554,-0.336238,0.0118799,0.0203582,0.00538995,0.00391955,-0.336238,0.0181093,2.84017,2.22082,0.000437238,0.045223,0.000841053,0.00339304,0.000226378,0.000681478,0.045223,3.68304,3.42407e-06,5.31856,0.238781
2049.9583,304.056,304.108,4.07654,0.376324,1.53114,0.0124383,0.00855621,0.00479693,0.00388205,7.90093e-05,7.34018e-05,6.54995e-05,3.12621e-06,0.00457923,0.00545181,0.060264,0.52299,0.0225849,0.0024252,4.09016e-07,2.11975e-06,1.39701e-05,1.19977e-10,0.000102007,8.67705e-05,4.10486e-07,1.75456e-09,6.96316e-06,5.59766e-06,15.8678,40.7044,10.5362,0.331323,22.4683,0.300495,13.3064,0.0127387,0.238593,2.03694,0.244038,-0.0802144,0.0011037,0.00657054,-0.335831,0.0125209,0.0203865,0.00568078,0.00390407,-0.335831,0.0181461,2.84024,2.2209,0.0003965,0.0452114,0.000886434,0.00339774,0.000238593,0.000678981,0.0452114,3.28321,2.52876e-06,5.33165,0.251332
2050.0417,303.31,303.363,4.36326,0.371611,1.38765,0.0122225,0.00854945,0.00455576,0.00367304,5.67417e-05,7.13866e-05,4.71104e-05,2.12278e-06,0.00330364,0.00512794,0.0613269,0.675228,0.0218374,0.00252067,2.91706e-07,2.10012e-06,2.07383e-05,9.85989e-10,9.71823e-05,8.51641e-05,6.14902e-07,1.65266e-08,6.45817e-06,5.47582e-06,15.903,40.7249,10.5713,0.324534,22.4668,0.31915,13.3278,0.0130952,0.253405,2.03064,0.244556,-0.0794372,0.00146093,0.00640874,-0.335754,0.0132982,0.0204169,0.00603346,0.00389108,-0.335754,0.0181784,2.84031,2.22096,0.000385815,0.0451979,0.000941465,0.00340282,0.000253405,0.000676879,0.0451979,2.86353,2.39182e-06,5.3317,0.266501
2050.1250,303.985,304.005,4.62341,0.366443,1.7871,0.0125455,0.00879663,0.00464916,0.00374886,5.65533e-05,7.19306e-05,4.69754e-05,2.0791e-06,0.0031986,0.00484277,0.0601183,0.696298,0.0224306,0.00260613,2.8015e-07,2.08582e-06,2.37155e-05,5.66767e-09,9.89038e-05,8.79947e-05,7.073e-07,9.95514e-08,6.48338e-06,5.65921e-06,15.9395,40.7526,10.6039,0.321384,22.4669,0.335832,13.3485,0.0134189,0.266651,2.02471,0.245047,-0.0787959,0.00154276,0.00633871,-0.335603,0.0139933,0.0204467,0.00634883,0.00387892,-0.335603,0.018209,2.84038,2.22101,0.00038146,0.0451917,0.000990674,0.00340778,0.000266651,0.000674904,0.0451917,3.24762,2.36597e-06,5.33563,0.28007
2050.2083,303.253,303.306,4.83331,0.372822,1.35218,0.0119258,0.00865666,0.00454523,0.00326917,4.79159e-05,6.92258e-05,3.97606e-05,1.75673e-06,0.00291285,0.00520355,0.0608346,0.738395,0.0205783,0.00267445,2.44083e-07,2.0707e-06,2.23166e-05,2.08999e-08,9.50562e-05,8.17502e-05,6.54306e-07,4.02493e-07,6.26385e-06,5.25927e-06,15.9697,40.7786,10.6315,0.321847,22.4683,0.349137,13.367,0.0136696,0.277215,2.0188,0.245414,-0.0780847,0.00166101,0.00635765,-0.335384,0.0145476,0.0204735,0.00660036,0.00386683,-0.335384,0.0182319,2.84045,2.22105,0.000381474,0.0451904,0.00102992,0.00341226,0.000277215,0.000672934,0.0451904,2.91239,2.31478e-06,5.3382,0.290885
2050.2917,303.232,303.24,4.9688,0.366799,1.77944,0.0120718,0.00867242,0.0045572,0.00339942,4.38092e-05,6.98092e-05,3.63215e-05,1.61364e-06,0.00264683,0.00517129,0.0615714,0.813542,0.0207706,0.00271832,2.27393e-07,2.04577e-06,2.74744e-05,3.24089e-08,9.23995e-05,8.27738e-05,8.19355e-07,6.21755e-07,6.16101e-06,5.3208e-06,15.9874,40.7976,10.651,0.325236,22.4713,0.357649,13.3813,0.0138113,0.283973,2.01366,0.245586,-0.0773384,0.00182082,0.00644776,-0.335049,0.0149023,0.0204946,0.00676126,0.00385637,-0.335049,0.0182422,2.84051,2.2211,0.000384912,0.0451948,0.00105503,0.00341576,0.000283973,0.000671221,0.0451948,3.02447,2.27317e-06,5.33639,0.297784
2050.3750,303.225,303.252,5.11302,0.329733,2.75008,0.0124755,0.00874588,0.00437326,0.00372966,6.61443e-05,7.10185e-05,5.48049e-05,2.5736e-06,0.00387665,0.00489729,0.0616428,0.57153,0.0215574,0.0027647,3.62402e-07,2.03972e-06,3.82143e-05,1.56502e-08,8.23089e-05,8.56353e-05,1.31227e-06,1.77046e-07,5.78662e-06,5.53109e-06,16.0137,40.8298,10.6719,0.328349,22.4774,0.366644,13.3969,0.0139745,0.291115,2.01042,0.245828,-0.0769413,0.00130278,0.00654025,-0.334462,0.0152771,0.0205174,0.00693131,0.00384986,-0.334462,0.0182575,2.84058,2.22113,0.000390834,0.045208,0.00108156,0.00341957,0.000291115,0.00067014,0.045208,3.33334,2.40212e-06,5.34172,0.30509
2050.4583,303.713,303.705,5.24471,0.317734,3.00794,0.0127264,0.00895376,0.00435485,0.00377269,0.000122268,7.18581e-05,0.000100067,6.21326e-06,0.00700376,0.00475535,0.0607964,0.317872,0.0219802,0.00280686,8.57946e-07,2.04173e-06,2.39639e-05,4.52437e-09,7.86187e-05,8.64316e-05,8.64429e-07,5.71709e-08,5.7659e-06,5.6524e-06,16.0416,40.8697,10.692,0.332333,22.4865,0.374802,13.4123,0.0141258,0.297593,2.00925,0.24605,-0.0763257,0.000738985,0.00665335,-0.333616,0.015617,0.0205402,0.00708554,0.00384769,-0.333616,0.018273,2.84066,2.22117,0.000398065,0.0452291,0.00110563,0.00342336,0.000297593,0.00066975,0.0452291,3.60186,2.89968e-06,5.34964,0.311719
2050.5417,304.861,304.835,5.35817,0.287457,3.70719,0.0126787,0.00924362,0.00409546,0.00343509,0.000208993,7.18051e-05,0.000167799,1.37251e-05,0.0121861,0.00467127,0.0576039,0.181918,0.0215808,0.00284309,1.79578e-06,2.06886e-06,1.42765e-05,4.65344e-09,6.99944e-05,8.3446e-05,5.75528e-07,2.81413e-08,5.39239e-06,5.57237e-06,16.0646,40.908,10.7105,0.337104,22.4973,0.381789,13.4273,0.0142548,0.30314,2.00895,0.246212,-0.0752969,0.000462299,0.00678384,-0.332603,0.0159081,0.0205624,0.00721763,0.00384735,-0.332603,0.0182874,2.84074,2.2212,0.00040564,0.0452544,0.00112624,0.00342706,0.00030314,0.00066965,0.0452544,4.16057,3.86464e-06,5.35415,0.317395
2050.6250,305.849,305.804,5.43136,0.215732,4.05127,0.0118683,0.00946364,0.00277488,0.00240468,0.000728535,7.12314e-05,0.000541179,6.27633e-05,0.0483857,0.00524357,0.0554504,0.0382597,0.0196779,0.00286658,7.81501e-06,2.1149e-06,6.74866e-07,3.88172e-09,2.74552e-05,6.62712e-05,3.63913e-08,2.03398e-08,3.48822e-06,5.12794e-06,16.0679,40.9568,10.7247,0.360158,22.5122,0.386276,13.4399,0.0143279,0.306703,2.01654,0.246099,-0.0738642,0.000145215,0.00729911,-0.331271,0.0160951,0.0205813,0.00730246,0.00386339,-0.331271,0.0182941,2.84083,2.2212,0.000440421,0.0452912,0.00113948,0.00343022,0.000306703,0.000672182,0.0452912,4.45141,9.92991e-06,5.34318,0.321031
2050.7083,306.234,306.182,5.3951,0.210647,3.42958,0.00943341,0.00863775,0.00256213,0.000795662,0.000843226,6.30776e-05,0.000633673,6.48567e-05,0.0719082,0.0066525,0.0518964,0.0106441,0.0144093,0.00285579,8.02722e-06,2.15059e-06,1.28729e-07,3.32837e-10,1.30495e-05,4.46399e-05,7.16222e-09,1.19332e-08,3.14065e-06,3.90665e-06,16.0221,40.9782,10.7267,0.391912,22.5338,0.384054,13.4454,0.0142359,0.304939,2.03044,0.245308,-0.0721957,3.58321e-05,0.00793577,-0.329368,0.0160025,0.0205904,0.00726045,0.0038925,-0.329368,0.0182766,2.84091,2.2212,0.000483859,0.0453464,0.00113292,0.00343173,0.000304939,0.000676812,0.0453464,3.92252,1.01778e-05,5.29538,0.319175
2050.7917,306.512,306.509,5.17973,0.22308,2.70289,0.00840977,0.00786404,0.003019,0.00054573,0.000628341,5.80899e-05,0.000461509,5.34405e-05,0.0625022,0.0072946,0.0482479,0.0124603,0.0123282,0.00278843,6.42957e-06,2.15506e-06,3.71572e-07,1.99423e-10,1.25108e-05,4.09583e-05,1.7454e-08,6.88657e-09,3.74588e-06,3.40923e-06,15.9295,40.9557,10.7078,0.421773,22.558,0.37078,13.4381,0.0138636,0.294399,2.04639,0.244055,-0.0706309,3.7368e-05,0.00858841,-0.327238,0.0154495,0.0205816,0.0070095,0.00392584,-0.327238,0.0182196,2.84099,2.22123,0.000524521,0.0454083,0.00109377,0.00343027,0.000294399,0.00068213,0.0454083,3.4888,8.58463e-06,5.22173,0.308263
2050.8750,304.14,304.19,5.15116,0.354611,1.71425,0.0126272,0.00895431,0.00573059,0.00367294,0.000353654,7.13974e-05,0.00026372,3.75291e-05,0.0208447,0.00513902,0.0591689,0.117417,0.0217309,0.00277978,4.92229e-06,2.1525e-06,4.68039e-06,9.26073e-11,7.54911e-05,8.0809e-05,1.52233e-07,3.69085e-09,7.59779e-06,5.58114e-06,15.9126,40.9386,10.7094,0.392945,22.5842,0.369014,13.4425,0.0137767,0.292997,2.04892,0.243613,-0.0690927,0.00023921,0.00789355,-0.32477,0.0153759,0.0205889,0.00697612,0.00393127,-0.32477,0.0182111,2.84107,2.2213,0.000479554,0.0454677,0.00108856,0.00343148,0.000292997,0.000682974,0.0454677,3.31979,7.07479e-06,5.20324,0.306774
2050.9583,304.152,304.153,5.10777,0.355885,2.3729,0.0131048,0.00844414,0.00519073,0.00466069,0.000113971,7.23937e-05,9.32526e-05,5.85713e-06,0.0064819,0.00486568,0.0613918,0.337798,0.0215052,0.00276667,7.89374e-07,2.14267e-06,1.28152e-05,9.16209e-11,9.11212e-05,8.4595e-05,4.04692e-07,3.47486e-09,7.20521e-06,5.54401e-06,15.9557,40.9609,10.7115,0.365963,22.596,0.366318,13.4488,0.0137334,0.290856,2.04317,0.243767,-0.0677329,0.000679785,0.00733662,-0.323436,0.0152635,0.0205989,0.00692515,0.00391952,-0.323436,0.0182266,2.84116,2.22139,0.000441032,0.0454843,0.0010806,0.00343315,0.000290856,0.000681056,0.0454843,3.54572,2.93204e-06,5.24419,0.30459
2051.0417,303.875,303.896,4.98436,0.36341,2.06522,0.0128366,0.0083766,0.00501815,0.00445995,7.50818e-05,7.11623e-05,6.21263e-05,3.05423e-06,0.00432436,0.00486854,0.0610891,0.489263,0.0209821,0.00272808,4.16051e-07,2.1389e-06,1.6702e-05,1.82045e-10,9.67291e-05,8.30087e-05,5.08051e-07,7.03036e-09,7.03642e-06,5.39692e-06,16.0057,40.998,10.7059,0.352812,22.6017,0.358624,13.4515,0.0136208,0.284747,2.03771,0.243956,-0.0667239,0.00104369,0.00705553,-0.322687,0.0149429,0.0206037,0.00677969,0.00390833,-0.322687,0.0182404,2.84123,2.22147,0.000422778,0.0454875,0.00105791,0.00343396,0.000284747,0.000679236,0.0454875,3.39404,2.55496e-06,5.29981,0.298368
2051.1250,304.477,304.481,4.88723,0.35603,2.43849,0.0127755,0.00846757,0.00492368,0.0043079,6.2267e-05,7.13352e-05,5.16674e-05,2.346e-06,0.00358613,0.00476944,0.0598065,0.596147,0.0210039,0.00269768,3.10429e-07,2.15079e-06,2.41643e-05,4.61713e-10,9.89843e-05,8.29441e-05,7.58477e-07,1.45501e-08,6.86117e-06,5.37607e-06,16.0571,41.0378,10.7029,0.343764,22.605,0.352533,13.4555,0.0135453,0.279911,2.03191,0.244225,-0.0659397,0.00128432,0.00685532,-0.3222,0.0146892,0.0206105,0.00666456,0.00389642,-0.3222,0.0182584,2.84131,2.22154,0.000410165,0.0454865,0.00103994,0.00343508,0.000279911,0.000677304,0.0454865,3.70483,2.46122e-06,5.35424,0.293457
2051.2083,303.174,303.233,4.77086,0.370193,1.2878,0.0115765,0.00816023,0.00470917,0.00341624,4.04364e-05,6.68489e-05,3.35118e-05,1.49227e-06,0.00256766,0.00536377,0.0598965,0.753961,0.0182673,0.00266086,2.08688e-07,2.13302e-06,2.51677e-05,1.73589e-09,9.78652e-05,7.29702e-05,7.46292e-07,5.23232e-08,6.54277e-06,4.71746e-06,16.0924,41.0642,10.6971,0.33881,22.6069,0.345196,13.4575,0.0134238,0.274086,2.02619,0.244346,-0.0651787,0.00171453,0.00674728,-0.321871,0.0143835,0.0206144,0.00652586,0.00388465,-0.321871,0.0182663,2.84139,2.22162,0.000402005,0.0454839,0.0010183,0.00343573,0.000274086,0.000675398,0.0454839,2.75089,2.34171e-06,5.39521,0.28751
2051.2917,302.91,302.916,4.6312,0.375681,1.52507,0.0114867,0.00802962,0.00452775,0.00345709,3.17318e-05,6.7168e-05,2.62314e-05,1.19756e-06,0.00204157,0.00532851,0.0617289,0.967652,0.0183178,0.00261615,1.71414e-07,2.09161e-06,2.8076e-05,2.49084e-08,9.53388e-05,7.27701e-05,8.20765e-07,6.95965e-07,6.2505e-06,4.69184e-06,16.1066,41.0741,10.6875,0.337453,22.6085,0.336335,13.4566,0.0132428,0.26705,2.02152,0.244274,-0.0645612,0.00217601,0.0067229,-0.321609,0.0140143,0.0206141,0.00635834,0.00387502,-0.321609,0.0182612,2.84145,2.2217,0.000398155,0.0454827,0.000992161,0.00343569,0.00026705,0.000673839,0.0454827,2.78796,2.26302e-06,5.41906,0.280293
2051.3750,303.989,303.979,4.53036,0.354059,2.04784,0.0118226,0.0082303,0.00466809,0.00359227,3.39827e-05,6.92194e-05,2.81141e-05,1.27619e-06,0.00210739,0.00524803,0.0602142,0.962611,0.0192614,0.00258381,1.75509e-07,2.06974e-06,4.45798e-05,1.97746e-08,9.9635e-05,7.5803e-05,1.38769e-06,3.65446e-07,6.34644e-06,4.8839e-06,16.1305,41.091,10.6822,0.333419,22.6102,0.329899,13.458,0.0131253,0.26194,2.01689,0.244355,-0.0643427,0.00217285,0.00663159,-0.321368,0.0137461,0.0206171,0.00623666,0.00386546,-0.321368,0.0182656,2.84151,2.22175,0.000392438,0.0454826,0.000973174,0.00343618,0.00026194,0.000672296,0.0454826,3.06098,2.24525e-06,5.44831,0.275065
2051.4583,304.327,304.321,4.46245,0.337883,2.70469,0.0123209,0.00827822,0.00450338,0.00404267,4.24914e-05,7.08588e-05,3.52505e-05,1.56031e-06,0.00246463,0.0048049,0.0589982,0.828725,0.0205271,0.00256211,2.10184e-07,2.06367e-06,4.93649e-05,1.16641e-08,9.70746e-05,8.01055e-05,1.63744e-06,1.56687e-07,6.12486e-06,5.16529e-06,16.162,41.1132,10.6806,0.32805,22.611,0.325546,13.4615,0.0130632,0.258483,2.01217,0.24456,-0.0643848,0.00191179,0.00650811,-0.32122,0.0135647,0.0206229,0.00615436,0.00385571,-0.32122,0.0182778,2.84157,2.22181,0.000386138,0.045481,0.000960332,0.00343716,0.000258483,0.000670725,0.045481,3.458,2.27385e-06,5.48141,0.271546
2051.5417,305.708,305.664,4.41892,0.310246,3.3744,0.0123628,0.00854466,0.00430959,0.00381809,6.59249e-05,7.15863e-05,5.48214e-05,2.3708e-06,0.00382032,0.00453906,0.0557783,0.551903,0.0206738,0.00254838,2.98637e-07,2.08612e-06,4.18275e-05,1.48393e-08,9.11942e-05,8.00402e-05,1.56827e-06,5.87123e-08,5.83224e-06,5.18681e-06,16.1983,41.1465,10.6819,0.325747,22.613,0.322747,13.4669,0.0130433,0.256261,2.00947,0.244851,-0.0645007,0.00132545,0.00646294,-0.32099,0.0134481,0.0206313,0.00610145,0.00385015,-0.32099,0.0182961,2.84164,2.22186,0.00038432,0.0454833,0.000952076,0.00343856,0.000256261,0.000669823,0.0454833,4.21057,2.38476e-06,5.51639,0.269304
2051.6250,306.241,306.2,4.39234,0.278236,3.8487,0.0124196,0.00870264,0.00386577,0.00371693,0.000105341,7.26034e-05,8.75918e-05,3.79596e-06,0.00633555,0.00511336,0.0561847,0.368047,0.0208278,0.00254019,4.6025e-07,2.12997e-06,2.12771e-05,1.8787e-08,7.90465e-05,7.98064e-05,8.66322e-07,2.75219e-08,5.20392e-06,5.21612e-06,16.2324,41.1824,10.6851,0.325639,22.6159,0.321035,13.4733,0.0130504,0.254901,2.00838,0.245168,-0.0641859,0.00100864,0.00647229,-0.320682,0.0133767,0.0206412,0.00606908,0.00384795,-0.320682,0.0183169,2.84171,2.2219,0.000385429,0.0454888,0.000947025,0.00344019,0.000254901,0.000669461,0.0454888,4.45658,2.59022e-06,5.54733,0.267952
2051.7083,306.94,306.869,4.36413,0.227373,4.01631,0.0114611,0.0086082,0.00292841,0.00285289,0.000180507,7.024e-05,0.000148701,7.80555e-06,0.0122769,0.00594833,0.053221,0.174877,0.018748,0.00253145,9.14063e-07,2.18032e-06,5.92441e-06,1.98776e-08,4.97969e-05,7.09158e-05,2.85282e-07,1.96674e-08,3.84543e-06,4.73852e-06,16.2564,41.2325,10.688,0.337925,22.6239,0.319215,13.4794,0.0130493,0.253457,2.01431,0.245406,-0.0632225,0.000668715,0.00680505,-0.319962,0.0133009,0.0206505,0.00603468,0.00386031,-0.319962,0.0183351,2.84178,2.22191,0.000404439,0.0455083,0.000941657,0.00344175,0.000253457,0.000671438,0.0455083,4.5811,3.09438e-06,5.5684,0.266506
2051.7917,307.06,307.057,4.22969,0.211143,2.88078,0.00882372,0.00757468,0.00240053,0.00124903,0.000237924,6.25532e-05,0.000182556,1.57274e-05,0.0213647,0.00711102,0.0490138,0.0829768,0.0134348,0.00248732,1.84539e-06,2.20963e-06,1.83975e-06,6.98389e-09,2.53662e-05,5.01135e-05,8.6482e-08,1.16517e-08,3.08621e-06,3.48446e-06,16.2176,41.2496,10.6764,0.365499,22.6377,0.310502,13.4757,0.012829,0.246539,2.02881,0.245026,-0.0619736,0.000361451,0.007506,-0.318757,0.0129379,0.0206463,0.00586997,0.00389043,-0.318757,0.0183155,2.84185,2.22192,0.000444634,0.0455442,0.000915956,0.00344105,0.000246539,0.000676269,0.0455442,3.5963,4.05503e-06,5.54116,0.259368
2051.8750,304.566,304.597,4.16935,0.354126,1.59641,0.0123573,0.00853182,0.00518098,0.00382545,0.000193318,7.22006e-05,0.000153032,1.4354e-05,0.0113397,0.00528698,0.0589734,0.245353,0.0209678,0.00246764,1.81999e-06,2.19596e-06,9.76861e-06,6.51793e-10,9.56625e-05,7.86705e-05,3.11093e-07,6.1656e-09,6.96137e-06,5.24261e-06,16.2142,41.2538,10.6739,0.352885,22.6531,0.306578,13.4775,0.0127474,0.243423,2.03356,0.244951,-0.0608438,0.000522373,0.00712503,-0.317343,0.0127744,0.0206497,0.00579578,0.00390029,-0.317343,0.0183177,2.84192,2.22196,0.000423359,0.0455809,0.00090438,0.00344161,0.000243423,0.000677852,0.0455809,3.22057,4.01595e-06,5.54033,0.25617
2051.9583,304.943,304.942,4.15028,0.359343,2.3618,0.0125355,0.00833673,0.00485878,0.00419879,6.51113e-05,7.37073e-05,5.40673e-05,2.44889e-06,0.00379251,0.00552986,0.0597537,0.5977,0.0213106,0.00246178,3.13806e-07,2.18296e-06,2.31396e-05,4.12519e-10,0.000107988,8.20078e-05,7.22518e-07,7.24028e-09,6.80497e-06,5.3085e-06,16.258,41.2679,10.6771,0.32863,22.6545,0.305334,13.4833,0.0127568,0.242435,2.0267,0.245351,-0.060036,0.00125925,0.00652353,-0.317056,0.0127225,0.0206585,0.00577227,0.00388608,-0.317056,0.0183443,2.84199,2.22204,0.000389138,0.0455769,0.000900711,0.00344309,0.000242435,0.000675566,0.0455769,3.591,2.49676e-06,5.58085,0.255192
2052.0417,305.253,305.237,4.11519,0.360987,2.2412,0.0125643,0.00847827,0.00475619,0.004086,4.83238e-05,7.24939e-05,4.01466e-05,1.76305e-06,0.00274591,0.00488445,0.0580723,0.798621,0.0213925,0.00245053,2.23178e-07,2.17965e-06,3.03764e-05,1.15746e-09,0.000111526,8.26168e-05,9.27788e-07,1.92432e-08,6.68166e-06,5.32885e-06,16.304,41.2935,10.6782,0.318497,22.651,0.303041,13.4877,0.0127385,0.240615,2.01996,0.245795,-0.0595573,0.00174812,0.00627148,-0.317244,0.012627,0.0206653,0.00572892,0.00387208,-0.317244,0.0183721,2.84205,2.22211,0.000374922,0.045562,0.000893947,0.00344422,0.000240615,0.000673321,0.045562,3.53983,2.40283e-06,5.62584,0.253353
2052.1250,305.184,305.194,4.08149,0.360102,1.8633,0.0120734,0.00848851,0.00467617,0.00358492,4.09043e-05,7.10547e-05,3.39436e-05,1.49905e-06,0.00241429,0.00513211,0.056681,0.870967,0.020294,0.0024397,1.89073e-07,2.17662e-06,3.70024e-05,2.03986e-09,0.000111965,7.85811e-05,1.13677e-06,3.25558e-08,6.52025e-06,5.06362e-06,16.3417,41.3128,10.6792,0.311416,22.6463,0.300835,13.4918,0.0127181,0.238863,2.01333,0.246201,-0.0594251,0.00198601,0.00609844,-0.317569,0.0125351,0.0206719,0.00568722,0.00385828,-0.317569,0.0183971,2.84212,2.22217,0.000365465,0.0455461,0.00088744,0.00344532,0.000238863,0.000671109,0.0455461,3.34664,2.36569e-06,5.6625,0.251581
2052.2083,303.856,303.911,4.0344,0.382716,1.13764,0.0114426,0.00820484,0.00437564,0.00323778,3.01287e-05,6.84841e-05,2.49065e-05,1.15179e-06,0.00188386,0.00534634,0.0590686,1.08023,0.0188405,0.00242434,1.5443e-07,2.15473e-06,2.76744e-05,2.39854e-08,0.000106654,7.33594e-05,7.86058e-07,4.69393e-07,6.11752e-06,4.71983e-06,16.3697,41.3259,10.6783,0.308704,22.6408,0.297747,13.4947,0.0126664,0.236411,2.00669,0.246507,-0.0591123,0.00251322,0.00603006,-0.318007,0.0124064,0.0206767,0.00562883,0.00384448,-0.318007,0.0184154,2.84218,2.22224,0.000360502,0.0455298,0.000878329,0.00344612,0.000236411,0.000668897,0.0455298,2.78819,2.30916e-06,5.6914,0.249077
2052.2917,303.717,303.729,3.98018,0.359544,2.02085,0.0116548,0.00813627,0.00434323,0.00351848,2.88866e-05,6.9733e-05,2.38535e-05,1.12713e-06,0.00173193,0.00500782,0.0595535,1.14983,0.0195054,0.0024065,1.54192e-07,2.11914e-06,5.16122e-05,5.58911e-08,0.000103603,7.56497e-05,1.58114e-06,7.09787e-07,5.92713e-06,4.86231e-06,16.3902,41.3367,10.6762,0.308524,22.6365,0.294181,13.4966,0.012594,0.23358,2.00151,0.246729,-0.0590402,0.0027441,0.00602823,-0.318375,0.0122578,0.02068,0.00556142,0.00383369,-0.318375,0.018428,2.84222,2.22228,0.000359475,0.045518,0.00086781,0.00344666,0.00023358,0.000667171,0.045518,2.97673,2.27334e-06,5.71402,0.246174
2052.3750,304.479,304.468,3.9605,0.322362,2.75355,0.0119689,0.00831714,0.00410581,0.00365172,4.29733e-05,7.14029e-05,3.57018e-05,1.55042e-06,0.00249219,0.00475226,0.0581262,0.821996,0.0203253,0.00240028,2.05579e-07,2.10669e-06,6.13713e-05,3.28873e-08,9.50266e-05,7.83691e-05,2.15984e-06,1.48237e-07,5.56899e-06,5.04996e-06,16.4233,41.3626,10.6784,0.307049,22.6341,0.292884,13.5012,0.0125896,0.23255,1.99825,0.247106,-0.0596522,0.00200058,0.00600163,-0.318587,0.0122038,0.0206872,0.00553691,0.00382687,-0.318587,0.0184507,2.84227,2.22232,0.000359036,0.0455118,0.000863985,0.00344786,0.00023255,0.000666084,0.0455118,3.37261,2.31227e-06,5.74482,0.24514
2052.4583,304.532,304.526,3.9498,0.296596,3.08489,0.011941,0.00833756,0.00379682,0.00360343,7.67119e-05,7.17131e-05,6.3915e-05,2.66387e-06,0.00450986,0.00475492,0.0583516,0.46899,0.0202815,0.00239709,3.51977e-07,2.10596e-06,3.55822e-05,3.26933e-08,8.45187e-05,7.76369e-05,1.40212e-06,4.58112e-08,5.12705e-06,5.04152e-06,16.4545,41.394,10.6818,0.308042,22.6339,0.292179,13.5066,0.012601,0.23199,1.99752,0.247487,-0.0599396,0.00131672,0.00603726,-0.318606,0.0121744,0.0206953,0.00552357,0.00382534,-0.318606,0.0184744,2.84234,2.22235,0.000361789,0.0455118,0.000861904,0.00344922,0.00023199,0.000665839,0.0455118,3.59286,2.45794e-06,5.7727,0.244591
2052.5417,306.071,305.998,3.94782,0.23398,3.69258,0.0115897,0.00852747,0.00295993,0.00306221,0.000138009,7.17507e-05,0.000114704,4.99398e-06,0.00896926,0.00562339,0.0570658,0.245649,0.0195092,0.00239686,6.18784e-07,2.12629e-06,1.00534e-05,3.34644e-08,5.85515e-05,7.37334e-05,4.72168e-07,2.49611e-08,3.92196e-06,4.86275e-06,16.4836,41.4393,10.6865,0.316157,22.6378,0.292048,13.5128,0.012629,0.231886,2.00172,0.247866,-0.0593974,0.00092255,0.00626049,-0.31828,0.0121689,0.0207047,0.0055211,0.00383406,-0.31828,0.0184997,2.8424,2.22236,0.000374968,0.0455223,0.000861518,0.00345078,0.000231886,0.000667242,0.0455223,4.18109,2.74508e-06,5.79714,0.244515
2052.6250,307.516,307.413,3.91206,0.204531,3.44312,0.00999389,0.00830633,0.00241538,0.00168757,0.000227196,6.55324e-05,0.000182463,1.26492e-05,0.0163981,0.00595164,0.0496851,0.111788,0.0164557,0.00238517,1.47842e-06,2.15985e-06,3.03243e-06,1.26005e-08,3.64817e-05,6.13166e-05,1.39175e-07,1.62021e-08,3.12344e-06,4.17897e-06,16.483,41.4813,10.6863,0.336243,22.648,0.289687,13.5156,0.0125828,0.230011,2.014,0.247982,-0.0583069,0.000464972,0.00679119,-0.317404,0.0120705,0.0207094,0.00547646,0.0038595,-0.317404,0.0185111,2.84246,2.22235,0.000405041,0.0455497,0.000854552,0.00345157,0.000230011,0.000671332,0.0455497,4.00765,3.63827e-06,5.79666,0.242594
2052.7083,309.82,309.718,3.74235,0.174423,2.77533,0.00576338,0.0073789,0.00201817,-0.00161552,0.000109955,4.2754e-05,8.66379e-05,6.09822e-06,0.0135053,0.00662285,0.0320737,0.0718896,0.00747199,0.00232771,6.4002e-07,2.16273e-06,4.19367e-07,5.31051e-09,2.08089e-05,3.15007e-05,2.34254e-08,9.47641e-09,2.62382e-06,2.16278e-06,16.3977,41.4529,10.6673,0.3623,22.6618,0.278411,13.5055,0.0122467,0.221058,2.03107,0.247336,-0.0571485,0.00039038,0.00745403,-0.316224,0.0116007,0.0206961,0.00526329,0.00389489,-0.316224,0.0184736,2.84253,2.22237,0.000444922,0.0455866,0.000821291,0.00344935,0.000221058,0.000677023,0.0455866,3.38819,2.80275e-06,5.7304,0.233305
2052.7917,311.304,311.18,3.48991,0.154193,2.10163,0.00399418,0.00673325,0.00175355,-0.00273908,3.19546e-05,2.82768e-05,2.63667e-05,1.22065e-06,0.00638092,0.00651281,0.0224622,0.0956754,0.00377676,0.00224096,1.14989e-07,2.13961e-06,1.22618e-07,5.00766e-09,1.76307e-05,2.02368e-05,6.59471e-09,5.57463e-09,2.26157e-06,1.3657e-06,16.261,41.3716,10.6352,0.383118,22.6779,0.261458,13.4859,0.0117171,0.207597,2.04957,0.246237,-0.0560279,0.000632537,0.00800845,-0.314839,0.0108943,0.0206694,0.00494279,0.00393318,-0.314839,0.018404,2.84259,2.22241,0.000476804,0.0456291,0.00077128,0.00344489,0.000207597,0.000683191,0.0456291,2.61788,2.2546e-06,5.62581,0.219314
2052.8750,305.673,305.75,3.36638,0.311274,2.35368,0.0114117,0.00774361,0.0047592,0.00366807,0.000128636,7.33624e-05,0.000106218,5.49481e-06,0.00843419,0.00615393,0.0535554,0.273471,0.0193736,0.00219808,6.28401e-07,2.11876e-06,1.94145e-05,1.90786e-09,8.11802e-05,7.16595e-05,7.52622e-07,3.23947e-09,6.52489e-06,4.70735e-06,16.1977,41.3192,10.6195,0.366669,22.6952,0.253089,13.4763,0.0114487,0.200953,2.05959,0.245794,-0.0552667,0.000719204,0.00753381,-0.313268,0.0105456,0.0206565,0.00478459,0.00395378,-0.313268,0.018376,2.84264,2.22248,0.000447006,0.0456715,0.000746595,0.00344275,0.000200953,0.00068653,0.0456715,3.63347,2.74716e-06,5.57816,0.212402
2052.9583,304.912,304.954,3.50706,0.348351,2.06059,0.0122437,0.0083649,0.00482713,0.00387879,8.77293e-05,7.39666e-05,7.28381e-05,3.37762e-06,0.00512669,0.00561678,0.0579869,0.464076,0.0219255,0.00224693,4.17913e-07,2.11897e-06,2.61177e-05,6.37881e-10,0.0001081,8.22801e-05,8.66793e-07,1.92425e-09,6.8759e-06,5.32858e-06,16.2338,41.3185,10.639,0.331009,22.6984,0.262618,13.4893,0.0116976,0.208519,2.05528,0.246353,-0.0548401,0.00105491,0.00660264,-0.312795,0.0109427,0.0206748,0.00496474,0.00394466,-0.312795,0.0184118,2.8427,2.22255,0.000394538,0.0456703,0.000774704,0.0034458,0.000208519,0.000685093,0.0456703,3.43249,2.53689e-06,5.59478,0.220217
2053.0417,305.329,305.348,3.74091,0.328298,2.80131,0.0124841,0.00865446,0.00441832,0.00382964,7.59592e-05,7.42661e-05,6.32224e-05,2.74301e-06,0.00428344,0.0052933,0.0570968,0.534895,0.0224681,0.00232742,3.37138e-07,2.12887e-06,3.51884e-05,4.99381e-10,0.000103581,8.51383e-05,1.2292e-06,1.53255e-09,6.29868e-06,5.50056e-06,16.2757,41.334,10.6705,0.315037,22.6938,0.278316,13.5099,0.0121045,0.220983,2.0495,0.247025,-0.054639,0.00123764,0.00619555,-0.31303,0.0115967,0.0207037,0.0052615,0.00393257,-0.31303,0.0184539,2.84276,2.22261,0.000373168,0.0456506,0.00082101,0.00345062,0.000220983,0.000683167,0.0456506,3.73679,2.466e-06,5.60513,0.233088
2053.1250,305.173,305.191,3.94427,0.351186,2.29938,0.0121966,0.00869409,0.00455965,0.00350248,7.27164e-05,7.2674e-05,6.05026e-05,2.62402e-06,0.00423451,0.00536308,0.0574303,0.541376,0.021601,0.00239674,3.26038e-07,2.13872e-06,2.78904e-05,5.17856e-10,0.000107345,8.25804e-05,9.37901e-07,1.51563e-09,6.41935e-06,5.33931e-06,16.3114,41.3553,10.6989,0.308924,22.69,0.291809,13.5292,0.0124605,0.231697,2.04491,0.24761,-0.0544238,0.00125976,0.006041,-0.313258,0.012159,0.0207311,0.00551658,0.003923,-0.313258,0.0184908,2.84282,2.22266,0.000365129,0.045636,0.000860812,0.00345518,0.000231696,0.000681636,0.045636,3.58314,2.46476e-06,5.61257,0.244157
2053.2083,304.237,304.289,4.10806,0.377987,1.30008,0.0118489,0.00858116,0.00449637,0.00326769,4.55897e-05,7.02319e-05,3.78749e-05,1.65075e-06,0.00268527,0.00504446,0.0576492,0.779471,0.0204957,0.00245215,2.1584e-07,2.12753e-06,2.25376e-05,6.83098e-10,0.00010843,7.94933e-05,6.63458e-07,4.43049e-09,6.32981e-06,5.11626e-06,16.3411,41.3682,10.7229,0.304499,22.6848,0.302572,13.5464,0.0127467,0.240242,2.03785,0.248073,-0.053916,0.00181955,0.00592505,-0.313642,0.0126074,0.0207556,0.00572005,0.00390836,-0.313642,0.0185194,2.84289,2.22272,0.000358076,0.0456191,0.000892561,0.00345927,0.000240242,0.000679285,0.0456191,3.02668,2.34337e-06,5.61823,0.252989
2053.2917,303.405,303.425,4.202,0.372242,1.28223,0.0111741,0.00842499,0.00438166,0.00274913,3.17218e-05,6.76282e-05,2.62459e-05,1.194e-06,0.00203524,0.0053786,0.0598473,0.998663,0.0187553,0.0024839,1.64879e-07,2.08878e-06,3.3335e-05,1.18303e-08,0.000102363,7.34544e-05,9.79701e-07,1.02809e-07,6.0122e-06,4.71987e-06,16.3538,41.3731,10.7385,0.306292,22.681,0.308704,13.5587,0.0129063,0.245111,2.03202,0.248299,-0.0534588,0.00232061,0.00596875,-0.313943,0.0128629,0.0207735,0.00583598,0.00389626,-0.313943,0.0185324,2.84296,2.22278,0.00035901,0.0456079,0.000910651,0.00346225,0.000245111,0.000677341,0.0456079,2.54685,2.25366e-06,5.61527,0.258018
2053.3750,304.983,304.968,4.29528,0.339971,2.68947,0.0119875,0.00871231,0.00442528,0.00327523,3.7272e-05,7.10203e-05,3.08848e-05,1.38304e-06,0.00219256,0.00487601,0.0565816,0.951946,0.0206279,0.00251528,1.78503e-07,2.06692e-06,5.49294e-05,3.64736e-08,0.000101719,8.02744e-05,1.81231e-06,2.45051e-07,5.99017e-06,5.15851e-06,16.3669,41.3773,10.7544,0.305467,22.6785,0.314761,13.5715,0.0130686,0.249921,2.02638,0.248545,-0.0534953,0.00226666,0.00595241,-0.314144,0.0131153,0.0207921,0.00595049,0.00388459,-0.314144,0.0185467,2.84302,2.22284,0.000358196,0.045601,0.000928518,0.00346535,0.000249921,0.00067546,0.045601,3.4034,2.24542e-06,5.6125,0.262989
2053.4583,305.384,305.369,4.4098,0.313254,2.99287,0.0121784,0.00891307,0.00421407,0.00326536,6.25984e-05,7.1288e-05,5.21118e-05,2.18226e-06,0.00364934,0.00479012,0.0551438,0.569736,0.020825,0.00255359,2.74721e-07,2.07812e-06,4.65144e-05,3.32187e-08,9.16186e-05,8.08968e-05,1.74117e-06,7.33577e-08,5.66052e-06,5.22989e-06,16.3903,41.401,10.7734,0.307838,22.6791,0.322158,13.5867,0.0132755,0.255794,2.02364,0.24889,-0.0538346,0.0014654,0.00602309,-0.314092,0.0134235,0.0208141,0.00609033,0.00387898,-0.314092,0.0185678,2.84308,2.22288,0.000363108,0.0456025,0.000950338,0.00346901,0.000255794,0.000674547,0.0456025,3.65813,2.35284e-06,5.61691,0.269069
2053.5417,306.023,305.99,4.51913,0.295145,3.53559,0.0125109,0.00916718,0.00407223,0.00334369,0.000104424,7.19975e-05,8.67897e-05,3.82902e-06,0.00597508,0.00455533,0.0538384,0.353366,0.0213404,0.00259002,4.65389e-07,2.10267e-06,2.85424e-05,2.0301e-08,8.46762e-05,8.23952e-05,1.15859e-06,3.02773e-08,5.45437e-06,5.37603e-06,16.4119,41.4275,10.7924,0.311175,22.6822,0.329179,13.6022,0.0134769,0.261368,2.02229,0.249217,-0.0536013,0.00101529,0.0061155,-0.313825,0.013716,0.0208366,0.00622305,0.0038763,-0.313825,0.0185892,2.84316,2.22291,0.000368868,0.0456102,0.000971048,0.00347277,0.000261368,0.000674095,0.0456102,4.1982,2.56806e-06,5.61946,0.274845
2053.6250,306.68,306.651,4.61127,0.218632,3.98076,0.0121073,0.00926766,0.00276893,0.00283966,0.000225695,7.19099e-05,0.000183586,1.08187e-05,0.0141481,0.00520482,0.0529145,0.1666,0.020306,0.0026207,1.25993e-06,2.1441e-06,3.21241e-06,2.07799e-08,4.47091e-05,7.65236e-05,1.68955e-07,2.11147e-08,3.59701e-06,5.14763e-06,16.4259,41.4682,10.8096,0.326001,22.6894,0.335067,13.6169,0.0136504,0.266043,2.02696,0.249465,-0.0526801,0.000654311,0.00651412,-0.313199,0.0139614,0.0208581,0.00633436,0.00388614,-0.313199,0.0186079,2.84323,2.22292,0.000391979,0.045629,0.000988417,0.00347635,0.000266043,0.000675654,0.045629,4.39692,3.40403e-06,5.6163,0.279694
2053.7083,307.005,306.965,4.59626,0.211526,3.18382,0.00956227,0.00843371,0.00255265,0.00112856,0.000420097,6.42807e-05,0.000302071,3.67621e-05,0.0346994,0.00665089,0.0491819,0.0434029,0.0149023,0.00261635,4.27434e-06,2.17067e-06,9.64056e-07,3.5687e-09,2.30923e-05,5.31446e-05,4.12052e-08,1.26871e-08,3.21496e-06,3.89781e-06,16.3917,41.4966,10.8136,0.358077,22.7049,0.334109,13.6234,0.0136275,0.265283,2.04195,0.249173,-0.0513457,0.00018157,0.00724793,-0.311865,0.0139215,0.0208682,0.00631625,0.00391739,-0.311865,0.0185988,2.8433,2.22291,0.000438527,0.0456702,0.000985592,0.00347803,0.000265283,0.00068065,0.0456702,3.86478,6.44501e-06,5.57813,0.27891
2053.7917,305.546,305.556,4.62365,0.329082,2.62592,0.0128045,0.00922863,0.0050217,0.00357587,0.00030564,7.4201e-05,0.00023369,2.76068e-05,0.0174815,0.00542307,0.0565985,0.149511,0.0218469,0.00262577,3.33311e-06,2.18816e-06,8.41325e-06,4.84744e-10,8.284e-05,8.10361e-05,2.96514e-07,6.86685e-09,6.65367e-06,5.52743e-06,16.3789,41.4975,10.8228,0.348838,22.7229,0.335856,13.633,0.0136816,0.266669,2.04682,0.249009,-0.0500464,0.000315663,0.00693875,-0.310238,0.0139942,0.0208826,0.00634927,0.00392764,-0.310238,0.0186014,2.84338,2.22295,0.000421443,0.0457147,0.000990743,0.00348044,0.000266669,0.000682273,0.0457147,3.998,5.52127e-06,5.5561,0.280351
2053.8750,304.861,304.913,4.70365,0.360812,1.74459,0.0125629,0.00898483,0.00498974,0.00357812,9.92811e-05,7.19781e-05,8.17863e-05,4.4542e-06,0.00591489,0.00533066,0.0578421,0.396719,0.0210082,0.00265238,5.5721e-07,2.20051e-06,1.46207e-05,3.85154e-10,0.000101948,8.1958e-05,4.61023e-07,4.23743e-09,6.88261e-06,5.34528e-06,16.4068,41.5068,10.8389,0.329647,22.7291,0.340942,13.6473,0.0138355,0.270708,2.04131,0.249277,-0.0490019,0.000850778,0.00651211,-0.309559,0.0142062,0.0209036,0.00644542,0.00391637,-0.309559,0.0186224,2.84345,2.22302,0.000393678,0.0457239,0.00100575,0.00348393,0.000270708,0.000680436,0.0457239,3.41601,2.75772e-06,5.56793,0.284543
2053.9583,304.069,304.09,4.7195,0.368231,1.92223,0.0131066,0.00871357,0.0047402,0.00439305,5.97617e-05,7.25197e-05,4.96126e-05,2.23498e-06,0.00333012,0.00489001,0.0611263,0.658807,0.0217663,0.00265822,2.97955e-07,2.18265e-06,2.07305e-05,5.47851e-10,0.000100628,8.5697e-05,6.21922e-07,1.1013e-08,6.56914e-06,5.54612e-06,16.4445,41.5339,10.8483,0.324028,22.7303,0.341947,13.6583,0.0139033,0.271506,2.03509,0.249577,-0.0480705,0.00138608,0.00639,-0.309327,0.0142481,0.02092,0.00646443,0.00390363,-0.309327,0.0186421,2.84353,2.22309,0.000384855,0.0457209,0.00100871,0.00348667,0.000271506,0.000678363,0.0457209,3.35184,2.4806e-06,5.59622,0.285409
2054.0417,303.745,303.781,4.69161,0.368668,1.68573,0.0126483,0.0086285,0.00464937,0.00401978,4.91505e-05,7.14162e-05,4.07996e-05,1.80171e-06,0.00281979,0.00512182,0.0606237,0.742379,0.0208111,0.00264986,2.44218e-07,2.17107e-06,2.43673e-05,1.75827e-09,0.000100275,8.21812e-05,7.31237e-07,3.71177e-08,6.41489e-06,5.3102e-06,16.4869,41.5693,10.8528,0.321622,22.731,0.340178,13.6665,0.013914,0.270101,2.02971,0.249889,-0.0474057,0.00164107,0.00634007,-0.309168,0.0141743,0.0209326,0.00643098,0.0038926,-0.309168,0.0186619,2.8436,2.22315,0.000380985,0.0457188,0.00100349,0.00348876,0.000270101,0.000676569,0.0457188,3.13971,2.41529e-06,5.63408,0.284015
2054.1250,304.492,304.478,4.65891,0.365591,2.12906,0.0126901,0.00875686,0.0047128,0.0039332,4.28334e-05,7.14472e-05,3.55245e-05,1.57903e-06,0.00244231,0.00482884,0.0597129,0.871083,0.0210323,0.00263991,2.09292e-07,2.15544e-06,2.98479e-05,1.57181e-08,0.00010304,8.2974e-05,8.96735e-07,2.96477e-07,6.46024e-06,5.35289e-06,16.522,41.5985,10.8565,0.320641,22.7314,0.338101,13.674,0.0139097,0.268452,2.02438,0.25015,-0.046798,0.0019185,0.00632005,-0.309068,0.0140878,0.0209441,0.00639171,0.00388168,-0.309068,0.0186782,2.84367,2.22321,0.000378553,0.0457167,0.000997367,0.00349069,0.000268452,0.000674792,0.0457167,3.49788,2.36473e-06,5.66547,0.282362
2054.2083,304.626,304.638,4.63565,0.356805,2.13334,0.0125873,0.00881481,0.00470135,0.00377246,4.18115e-05,7.12203e-05,3.46792e-05,1.5322e-06,0.00237197,0.00477977,0.0576519,0.855311,0.0207875,0.00263304,2.008e-07,2.15273e-06,3.75796e-05,1.5497e-08,0.000103458,8.20162e-05,1.15714e-06,2.68024e-07,6.40455e-06,5.29044e-06,16.5568,41.625,10.8616,0.318102,22.7315,0.336621,13.6824,0.0139212,0.267277,2.0186,0.250446,-0.0464523,0.00197601,0.00626368,-0.309008,0.0140261,0.0209571,0.00636373,0.00386984,-0.309008,0.0186966,2.84374,2.22326,0.000375197,0.0457144,0.000993001,0.00349285,0.000267277,0.000672868,0.0457144,3.36844,2.35353e-06,5.69524,0.281198
2054.2917,303.736,303.769,4.59734,0.360066,1.72316,0.0120082,0.00862863,0.00456683,0.00337955,3.8514e-05,6.92851e-05,3.19343e-05,1.40233e-06,0.0023285,0.00523261,0.059609,0.859722,0.019448,0.00262122,1.91425e-07,2.13253e-06,3.6658e-05,1.1717e-08,0.000100427,7.70238e-05,1.11667e-06,2.15087e-07,6.2063e-06,4.96954e-06,16.5819,41.6443,10.8645,0.316931,22.7318,0.334179,13.6894,0.013898,0.265338,2.0137,0.250641,-0.0461859,0.00201371,0.00624156,-0.308942,0.0139244,0.0209679,0.00631758,0.00385981,-0.308942,0.0187085,2.8438,2.22332,0.000373626,0.0457133,0.000985799,0.00349465,0.000265338,0.000671234,0.0457133,2.93028,2.32396e-06,5.71746,0.279236
2054.3750,304.209,304.211,4.5603,0.332326,2.79166,0.0123406,0.00871627,0.00437359,0.00362435,4.56749e-05,7.08739e-05,3.79212e-05,1.65499e-06,0.00265348,0.00494669,0.0589071,0.764598,0.0202968,0.00260976,2.22482e-07,2.11278e-06,4.96166e-05,1.52014e-08,9.38002e-05,7.98425e-05,1.66887e-06,1.66706e-07,5.88277e-06,5.1553e-06,16.6034,41.6629,10.8673,0.31657,22.733,0.331814,13.6961,0.013872,0.263461,2.00998,0.250817,-0.0461062,0.00179625,0.00624074,-0.308813,0.0138259,0.0209784,0.00627287,0.00385221,-0.308813,0.0187191,2.84387,2.22337,0.000373581,0.0457149,0.000978823,0.0034964,0.000263461,0.000669993,0.0457149,3.31484,2.33527e-06,5.73612,0.277333
2054.4583,304.997,304.967,4.54636,0.294712,3.28044,0.0125554,0.00894627,0.00400611,0.0036091,8.63219e-05,7.17364e-05,7.16794e-05,3.24317e-06,0.00488865,0.00464266,0.056871,0.426671,0.0208002,0.00260585,4.19133e-07,2.11569e-06,3.45265e-05,2.1336e-08,8.11962e-05,8.09539e-05,1.36673e-06,5.73985e-08,5.36876e-06,5.27214e-06,16.6305,41.6962,10.8729,0.319537,22.7367,0.330924,13.7046,0.013888,0.262753,2.00946,0.251073,-0.0460916,0.00111813,0.00632764,-0.308462,0.0137887,0.0209914,0.00625603,0.00385128,-0.308462,0.0187356,2.84394,2.22341,0.000379202,0.0457238,0.000976196,0.00349856,0.000262753,0.000669819,0.0457238,3.75069,2.53483e-06,5.75755,0.276641
2054.5417,306.934,306.84,4.52573,0.186105,3.94065,0.0112056,0.0087946,0.00231495,0.00241097,0.000193597,6.95836e-05,0.000157366,8.87892e-06,0.0140166,0.00534636,0.0524418,0.156016,0.0178817,0.00259975,1.04139e-06,2.14171e-06,1.89619e-06,2.66322e-08,3.68275e-05,6.80516e-05,1.01417e-07,2.66192e-08,2.92685e-06,4.57508e-06,16.6448,41.7433,10.8777,0.337273,22.7447,0.329603,13.7126,0.0138881,0.261705,2.0166,0.251242,-0.0451931,0.000644249,0.00681697,-0.307763,0.0137337,0.0210037,0.00623106,0.00386627,-0.307763,0.0187491,2.84402,2.22342,0.000407915,0.0457442,0.000972299,0.00350061,0.000261705,0.000672201,0.0457442,4.10602,3.18311e-06,5.76704,0.275593
2054.6250,310.914,310.675,4.33436,0.137884,3.04154,0.00532926,0.00766386,0.00147933,-0.0023346,0.00010773,3.54425e-05,8.00031e-05,6.10866e-06,0.0141953,0.00570422,0.027199,0.0478602,0.00605817,0.00253719,6.29988e-07,2.15033e-06,7.22005e-10,9.5327e-09,1.09768e-05,2.85351e-05,4.13263e-11,1.66849e-08,1.74179e-06,1.98935e-06,16.5653,41.7447,10.8595,0.384976,22.7573,0.317279,13.7048,0.0135377,0.25192,2.03709,0.250515,-0.0438597,0.000324981,0.00808857,-0.306698,0.0132202,0.0209941,0.00599809,0.00390892,-0.306698,0.0187071,2.84409,2.22341,0.000486019,0.0457782,0.000935947,0.00349902,0.00025192,0.00067903,0.0457782,3.27115,2.78032e-06,5.70588,0.265457
2054.7083,311.845,311.745,4.01695,0.154246,2.43159,0.00461505,0.0073121,0.00190716,-0.00269704,6.1562e-05,2.94549e-05,4.81801e-05,3.11457e-06,0.0101942,0.00567524,0.0214921,0.0560601,0.00446306,0.0024315,2.89661e-07,2.12737e-06,4.15141e-07,5.80695e-09,1.07956e-05,2.33794e-05,2.05396e-08,9.15132e-09,2.48646e-06,1.60818e-06,16.4127,41.6717,10.8226,0.424823,22.7746,0.296585,13.6838,0.0129109,0.235489,2.05955,0.249168,-0.0426018,0.00037976,0.00912411,-0.305229,0.012358,0.0209659,0.00560688,0.00395558,-0.305229,0.0186225,2.84415,2.22344,0.000549884,0.0458252,0.000874903,0.00349432,0.000235489,0.000686517,0.0458252,2.97183,2.41703e-06,5.59012,0.2484
2054.7917,307.329,307.353,3.87144,0.2636,3.43329,0.0115832,0.00826404,0.00440953,0.00331916,0.000267203,7.28171e-05,0.000213594,1.72424e-05,0.0184445,0.00618275,0.0486928,0.117798,0.0186761,0.00238259,1.80043e-06,2.1402e-06,5.80339e-06,1.77127e-09,5.45895e-05,6.76823e-05,2.59982e-07,5.10183e-09,5.88999e-06,4.62184e-06,16.3434,41.6148,10.8069,0.397348,22.8032,0.286999,13.6758,0.0126165,0.227878,2.07089,0.248585,-0.041501,0.00034174,0.0082917,-0.302698,0.0119586,0.0209556,0.00542566,0.00397907,-0.302698,0.0185889,2.84422,2.22351,0.000494647,0.0458976,0.000846626,0.0034926,0.000227878,0.000690296,0.0458976,4.41426,3.94062e-06,5.53658,0.240494
2054.8750,305.8,305.859,3.85461,0.290588,2.12591,0.0111593,0.00794066,0.0040881,0.00321868,0.000255989,7.09141e-05,0.00019892,1.9111e-05,0.0183855,0.00603539,0.0532836,0.127102,0.0184135,0.00237718,2.19511e-06,2.15701e-06,6.46295e-06,7.2961e-10,6.30565e-05,6.69402e-05,2.51192e-07,3.12236e-09,5.64508e-06,4.56337e-06,16.3375,41.6158,10.8081,0.380714,22.8197,0.285884,13.6789,0.0125832,0.226992,2.07793,0.248563,-0.0404087,0.000315362,0.0078217,-0.301103,0.0119121,0.0209606,0.00540457,0.00399363,-0.301103,0.0185942,2.84428,2.22356,0.000464194,0.0459335,0.000843336,0.00349343,0.000226992,0.000692642,0.0459335,3.37492,4.35211e-06,5.52935,0.239575
2054.9583,305.353,305.365,3.95752,0.359386,1.90189,0.0126834,0.00867149,0.0052807,0.00401191,0.00010059,7.31872e-05,8.29699e-05,4.46337e-06,0.00573163,0.00519959,0.0565568,0.420975,0.0222235,0.00241225,5.47095e-07,2.1463e-06,1.69952e-05,2.12328e-10,0.000111423,8.42277e-05,5.29331e-07,1.831e-09,7.51768e-06,5.47795e-06,16.3701,41.6168,10.8245,0.347373,22.8255,0.292684,13.6914,0.0127633,0.232391,2.07374,0.248959,-0.039526,0.000887711,0.00697372,-0.300331,0.0121954,0.0209786,0.00553311,0.00398489,-0.300331,0.0186226,2.84435,2.22364,0.000416172,0.0459362,0.000863393,0.00349643,0.000232391,0.000691245,0.0459362,3.52224,2.6934e-06,5.54562,0.245154
2055.0417,304.762,304.814,4.12254,0.386794,1.12304,0.0124822,0.00866595,0.00469255,0.00381625,5.19857e-05,7.14271e-05,4.31742e-05,1.92373e-06,0.00295169,0.00499144,0.0568515,0.750188,0.0216376,0.00246804,2.41561e-07,2.14796e-06,1.50129e-05,2.01948e-10,0.000108044,8.34043e-05,4.28135e-07,3.59174e-09,6.84531e-06,5.37296e-06,16.4118,41.6291,10.8487,0.330033,22.8215,0.30352,13.7087,0.0130457,0.240995,2.06571,0.249507,-0.0388214,0.00161429,0.00653717,-0.300448,0.0126469,0.0210034,0.00573797,0.00396824,-0.300448,0.0186571,2.84441,2.22372,0.000391154,0.0459152,0.000895357,0.00350056,0.000240995,0.000688572,0.0459152,3.23221,2.38952e-06,5.56312,0.25404
2055.1250,304.591,304.61,4.24154,0.384698,1.35314,0.0121495,0.00859995,0.00459542,0.00354953,3.52531e-05,7.01746e-05,2.9145e-05,1.37378e-06,0.00208438,0.00500915,0.0582427,1.05776,0.0208531,0.0025081,1.76983e-07,2.12903e-06,2.28088e-05,4.79575e-08,0.000105226,8.09971e-05,6.50417e-07,8.02497e-07,6.49712e-06,5.20335e-06,16.4432,41.6478,10.8675,0.327961,22.8176,0.311275,13.7231,0.0132465,0.247152,2.05911,0.249906,-0.0380967,0.00222115,0.00647993,-0.300658,0.01297,0.0210242,0.00588458,0.00395454,-0.300658,0.0186813,2.84447,2.22377,0.000385539,0.0458986,0.000918234,0.00350403,0.000247152,0.00068637,0.0458986,3.21001,2.30601e-06,5.57568,0.260399
2055.2083,305.15,305.154,4.34902,0.372648,1.94454,0.0121947,0.00873537,0.00468301,0.00345929,3.12588e-05,7.04108e-05,2.57777e-05,1.25323e-06,0.00182092,0.00483561,0.0555814,1.15849,0.0208564,0.00254416,1.576e-07,2.12303e-06,3.44728e-05,6.16913e-08,0.000107346,8.13022e-05,1.01788e-06,9.9721e-07,6.47392e-06,5.21965e-06,16.4726,41.665,10.8855,0.325549,22.8147,0.318238,13.7374,0.0134299,0.252681,2.05225,0.25028,-0.0376346,0.0025568,0.00641925,-0.300831,0.0132602,0.0210449,0.00601621,0.00394034,-0.300831,0.0187036,2.8445,2.2238,0.000380974,0.0458872,0.000938774,0.00350748,0.000252681,0.000684083,0.0458872,3.37926,2.28063e-06,5.58712,0.266111
2055.2917,304.21,304.247,4.4182,0.372442,1.41132,0.0116421,0.00860674,0.00458278,0.00303541,2.70421e-05,6.82377e-05,2.22639e-05,1.08435e-06,0.00168534,0.00530822,0.0575999,1.2266,0.0193574,0.00256746,1.43106e-07,2.10121e-06,3.78297e-05,4.00845e-08,0.000105531,7.6082e-05,1.11063e-06,6.36743e-07,6.29094e-06,4.88583e-06,16.4912,41.6721,10.8989,0.323593,22.8119,0.3227,13.7491,0.0135457,0.256224,2.04552,0.250516,-0.0374204,0.00279102,0.0063743,-0.301029,0.0134461,0.0210622,0.00610057,0.00392642,-0.301029,0.0187172,2.84455,2.22385,0.000377914,0.0458778,0.000951937,0.00351036,0.000256224,0.00068184,0.0458778,2.78294,2.24432e-06,5.59221,0.26977
2055.3750,304.852,304.849,4.47741,0.337947,2.66467,0.0121688,0.00873812,0.00452598,0.00343064,3.3366e-05,7.05114e-05,2.75765e-05,1.27914e-06,0.0019615,0.00495511,0.0565565,1.06784,0.0205904,0.0025874,1.64966e-07,2.07955e-06,6.14003e-05,3.16746e-08,0.000100318,8.05274e-05,2.02545e-06,2.81099e-07,6.08037e-06,5.17489e-06,16.5081,41.681,10.9114,0.321861,22.8109,0.326506,13.7604,0.0136457,0.259246,2.04013,0.250726,-0.0376204,0.00248937,0.00634076,-0.301092,0.0136047,0.0210789,0.00617251,0.00391531,-0.301092,0.0187292,2.84461,2.2239,0.000376641,0.045874,0.000963163,0.00351314,0.000259246,0.000680044,0.045874,3.29336,2.24452e-06,5.59668,0.272891
2055.4583,305.615,305.585,4.55198,0.308372,3.09631,0.0123223,0.0089194,0.0042825,0.00340288,5.62848e-05,7.10769e-05,4.68093e-05,1.98633e-06,0.00327044,0.00476706,0.0544933,0.642437,0.0208172,0.00261235,2.46034e-07,2.07915e-06,5.07078e-05,2.10137e-08,9.07964e-05,8.11189e-05,1.896e-06,7.13383e-08,5.73654e-06,5.24033e-06,16.5318,41.7043,10.9262,0.322264,22.8127,0.331282,13.7734,0.0137779,0.263038,2.03753,0.251007,-0.0380685,0.00156463,0.00636504,-0.300915,0.0138037,0.0210979,0.00626281,0.00391002,-0.300915,0.0187462,2.84468,2.22395,0.000379429,0.0458781,0.000977253,0.00351632,0.000263038,0.000679178,0.0458781,3.65184,2.32519e-06,5.60557,0.276816
2055.5417,305.869,305.854,4.63323,0.319089,3.0974,0.0126362,0.00909156,0.00447656,0.00354468,8.28669e-05,7.15843e-05,6.8876e-05,3.03524e-06,0.00471994,0.00459371,0.053566,0.435098,0.0213313,0.00263943,3.69194e-07,2.10377e-06,3.48256e-05,1.13671e-08,9.45845e-05,8.28127e-05,1.28171e-06,2.95383e-08,6.022e-06,5.38051e-06,16.5576,41.7309,10.9422,0.322072,22.816,0.336466,13.7875,0.013926,0.267154,2.03532,0.251314,-0.0379261,0.00109784,0.00636804,-0.300612,0.0140197,0.0211187,0.00636081,0.00390557,-0.300612,0.018766,2.84475,2.22399,0.00038048,0.0458856,0.000992544,0.00351978,0.000267154,0.000678439,0.0458856,4.04163,2.47297e-06,5.61536,0.28108
2055.6250,306.562,306.536,4.71001,0.282133,3.86578,0.0127982,0.00927356,0.00399208,0.00352462,0.000118874,7.23681e-05,9.86875e-05,4.44364e-06,0.00700868,0.00477488,0.0538242,0.332336,0.0215524,0.00266498,5.18517e-07,2.14432e-06,2.11648e-05,1.36274e-08,8.02626e-05,8.31284e-05,8.70598e-07,2.25079e-08,5.34133e-06,5.44364e-06,16.5816,41.7589,10.958,0.32383,22.8197,0.341345,13.8016,0.014069,0.271028,2.03373,0.251607,-0.0374143,0.000913581,0.00642211,-0.30026,0.014223,0.0211394,0.00645305,0.00390244,-0.30026,0.0187858,2.84483,2.22403,0.000384036,0.0458941,0.00100694,0.00352324,0.000271028,0.000677911,0.0458941,4.51002,2.66284e-06,5.62365,0.285097
2055.7083,306.244,306.233,4.78737,0.256306,3.55229,0.0131495,0.00947642,0.00341191,0.00367312,0.000309302,7.33039e-05,0.000246488,1.91502e-05,0.0175237,0.00484895,0.0542005,0.13039,0.0221832,0.00269064,2.26213e-06,2.19108e-06,5.681e-06,1.03086e-08,5.46225e-05,8.24033e-05,2.68392e-07,1.46582e-08,4.49423e-06,5.62302e-06,16.6043,41.8134,10.9741,0.339842,22.8294,0.346241,13.8162,0.0142159,0.274915,2.03986,0.251859,-0.0363128,0.000477763,0.00683763,-0.299403,0.014427,0.021161,0.0065456,0.00391534,-0.299403,0.0188068,2.8449,2.22403,0.000408456,0.0459188,0.00102138,0.00352683,0.000274915,0.000679955,0.0459188,4.41952,4.45321e-06,5.63018,0.289131
2055.7917,305.139,305.179,4.87119,0.320666,2.52778,0.0132787,0.00931908,0.00463226,0.00395961,0.000229257,7.32524e-05,0.000183971,1.56412e-05,0.0129553,0.00514816,0.0573506,0.172648,0.0222438,0.00271834,1.9432e-06,2.21821e-06,1.16177e-05,1.40944e-09,8.61235e-05,8.44969e-05,4.33725e-07,8.56171e-09,6.19934e-06,5.66318e-06,16.633,41.8564,10.9914,0.339794,22.8413,0.351525,13.8319,0.0143775,0.279111,2.04231,0.252102,-0.0350753,0.000406853,0.00681579,-0.298321,0.0146471,0.021184,0.0066455,0.00392061,-0.298321,0.0188309,2.84498,2.22406,0.000407343,0.0459477,0.00103697,0.00353067,0.000279111,0.000680771,0.0459477,3.82517,4.16141e-06,5.64156,0.293488
2055.8750,303.715,303.774,4.93201,0.363561,1.77115,0.0128658,0.00896238,0.00483397,0.00390341,0.000100926,7.12847e-05,8.30143e-05,4.67532e-06,0.00588967,0.00522682,0.0612596,0.392815,0.0212054,0.00273858,6.20348e-07,2.21328e-06,1.45978e-05,4.423e-10,9.87055e-05,8.3235e-05,4.51473e-07,5.54431e-09,6.60856e-06,5.43424e-06,16.6651,41.8828,11.0063,0.331656,22.8473,0.355346,13.8462,0.0144994,0.282145,2.03868,0.252357,-0.0339853,0.000838953,0.00661371,-0.297708,0.0148063,0.0212052,0.00671773,0.0039133,-0.297708,0.018851,2.84506,2.22412,0.000395519,0.0459589,0.00104824,0.0035342,0.000282145,0.000679561,0.0459589,3.17841,2.83363e-06,5.65887,0.296644
2055.9583,303.655,303.668,4.90703,0.361498,2.25221,0.0135653,0.00871176,0.0047345,0.00485349,7.0379e-05,7.32004e-05,5.83969e-05,2.69229e-06,0.00382844,0.00490246,0.0637048,0.585221,0.0224096,0.00273133,3.68705e-07,2.19252e-06,2.08593e-05,7.02464e-10,9.85614e-05,8.83274e-05,6.36697e-07,1.38871e-08,6.48798e-06,5.73153e-06,16.7077,41.922,11.0118,0.329346,22.8506,0.353777,13.8554,0.0144962,0.280899,2.03436,0.252627,-0.0330062,0.00123238,0.00655539,-0.297325,0.014741,0.0212193,0.00668808,0.00390452,-0.297325,0.0188692,2.84514,2.22418,0.000391563,0.0459634,0.00104361,0.00353655,0.000280899,0.000678121,0.0459634,3.525,2.56123e-06,5.69593,0.295396
2056.0417,304.021,304.036,4.8396,0.354211,2.28832,0.0132562,0.00882017,0.00472006,0.004436,6.75668e-05,7.24514e-05,5.60937e-05,2.54307e-06,0.00371659,0.00485051,0.0617404,0.580326,0.0218419,0.00271039,3.43614e-07,2.19266e-06,2.6119e-05,1.30959e-09,9.89728e-05,8.61094e-05,8.29075e-07,2.48435e-08,6.45543e-06,5.58637e-06,16.7613,41.9728,11.0124,0.327373,22.8535,0.349536,13.8617,0.01444,0.277532,2.0306,0.252992,-0.0323339,0.00126588,0.00650855,-0.296997,0.0145643,0.0212294,0.0066079,0.00389689,-0.296997,0.0188932,2.84522,2.22423,0.00038912,0.0459675,0.0010311,0.00353823,0.000277532,0.000676868,0.0459675,3.53499,2.53627e-06,5.74895,0.291972
2056.1250,303.446,303.473,4.75944,0.372913,1.38549,0.0124717,0.00872954,0.00462937,0.00374212,4.84222e-05,6.96647e-05,4.019e-05,1.7786e-06,0.00279959,0.00497019,0.0608961,0.71903,0.0201245,0.00268521,2.4658e-07,2.17404e-06,2.15549e-05,5.25551e-09,0.000100354,7.9897e-05,6.30927e-07,1.1971e-07,6.39514e-06,5.16939e-06,16.7981,42.0052,11.0109,0.325862,22.8551,0.344475,13.8663,0.0143497,0.273513,2.02617,0.253233,-0.0315859,0.00162467,0.00646785,-0.296799,0.0143534,0.0212371,0.00651221,0.00388783,-0.296799,0.0189088,2.84529,2.22429,0.000385836,0.0459683,0.00101617,0.00353952,0.000273513,0.00067539,0.0459683,2.91475,2.42062e-06,5.78729,0.287863
2056.2083,304.322,304.314,4.68038,0.360542,2.23309,0.012767,0.00880096,0.0047016,0.00396601,4.45347e-05,7.13697e-05,3.69569e-05,1.62995e-06,0.00248179,0.00466902,0.0590839,0.81082,0.0209983,0.00266027,2.18979e-07,2.15571e-06,3.25564e-05,1.8498e-08,0.000102603,8.28458e-05,9.94609e-07,3.52477e-07,6.43138e-06,5.34997e-06,16.8297,42.0322,11.0093,0.324691,22.8561,0.339464,13.8708,0.0142552,0.269535,2.02172,0.253454,-0.0310277,0.00185168,0.00643765,-0.29665,0.0141446,0.0212446,0.00641749,0.00387873,-0.29665,0.0189226,2.84536,2.22434,0.000383413,0.0459685,0.00100139,0.00354077,0.000269535,0.000673905,0.0459685,3.43011,2.37469e-06,5.8204,0.28379
2056.2917,303.671,303.702,4.60633,0.36715,1.64337,0.0121367,0.0086777,0.00457019,0.00345899,3.7902e-05,6.92509e-05,3.14133e-05,1.39489e-06,0.00225804,0.00503843,0.0601035,0.882708,0.019573,0.00263683,1.91868e-07,2.13685e-06,3.18073e-05,2.29158e-08,0.000100961,7.75416e-05,9.54656e-07,4.6918e-07,6.26039e-06,5.00474e-06,16.8565,42.0541,11.0079,0.323578,22.8566,0.334752,13.8751,0.0141627,0.265793,2.01734,0.253654,-0.0305937,0.00203691,0.00640992,-0.296565,0.0139483,0.0212519,0.00632841,0.00386977,-0.296565,0.0189349,2.84542,2.2244,0.000381174,0.0459676,0.000987489,0.00354198,0.000265793,0.000672448,0.0459676,2.93672,2.32872e-06,5.84865,0.279956
2056.3750,304.113,304.107,4.53608,0.345031,2.49202,0.0123568,0.00873934,0.00453247,0.0036175,4.07801e-05,7.07246e-05,3.38244e-05,1.49331e-06,0.00236461,0.00491011,0.0594627,0.848736,0.0202203,0.0026145,2.0257e-07,2.11642e-06,4.70165e-05,1.95712e-08,9.88229e-05,7.95862e-05,1.50709e-06,2.74654e-07,6.12656e-06,5.13577e-06,16.8783,42.0719,11.0065,0.322502,22.8573,0.330265,13.8792,0.0140704,0.262231,2.01373,0.253831,-0.030415,0.00196967,0.00638648,-0.296465,0.0137613,0.0212587,0.00624359,0.00386236,-0.296465,0.0189455,2.84548,2.22445,0.000379723,0.0459679,0.000974254,0.00354312,0.000262231,0.000671242,0.0459679,3.26141,2.31899e-06,5.8718,0.276301
2056.4583,304.432,304.427,4.49224,0.330854,2.95026,0.012803,0.00881141,0.00440103,0.00399155,5.46505e-05,7.19772e-05,4.54189e-05,1.98516e-06,0.00300567,0.00454554,0.0588217,0.675532,0.021295,0.00260075,2.64748e-07,2.11357e-06,4.40257e-05,8.36242e-09,9.56802e-05,8.32563e-05,1.49973e-06,9.53387e-08,5.96868e-06,5.38398e-06,16.9071,42.0973,11.0083,0.320417,22.8587,0.327458,13.8851,0.0140256,0.260001,2.01102,0.254104,-0.0304437,0.00156952,0.00634062,-0.296315,0.0136443,0.0212681,0.00619051,0.00385683,-0.296315,0.0189625,2.84555,2.2245,0.000378019,0.0459701,0.000965972,0.00354469,0.000260001,0.00067034,0.0459701,3.65477,2.37831e-06,5.89882,0.274027
2056.5417,305.389,305.344,4.47864,0.254554,3.88874,0.0128929,0.00904261,0.00343276,0.00385031,0.00013483,7.28808e-05,0.000111849,5.15547e-06,0.00760869,0.00437337,0.058315,0.306071,0.0215415,0.00259694,6.51869e-07,2.14053e-06,1.74544e-05,3.26582e-08,6.59024e-05,8.27506e-05,7.78889e-07,4.23147e-08,4.57707e-06,5.44279e-06,16.9457,42.1483,11.014,0.32665,22.863,0.326586,13.8936,0.0140391,0.259309,2.01291,0.254491,-0.0301067,0.000953104,0.00651425,-0.295926,0.013608,0.0212812,0.00617402,0.00386086,-0.295926,0.0189879,2.84562,2.22452,0.00038888,0.0459804,0.000963399,0.00354686,0.000259309,0.000670968,0.0459804,4.29061,2.7924e-06,5.93175,0.273348
2056.6250,307.804,307.677,4.40713,0.17527,3.65071,0.00903079,0.00826552,0.00199681,0.000765271,0.000203553,6.04283e-05,0.000159646,1.10403e-05,0.0182528,0.00683271,0.0482048,0.0958217,0.0134651,0.002574,1.28011e-06,2.1745e-06,7.13151e-08,1.87205e-08,2.27462e-05,5.19507e-05,4.56858e-09,2.34542e-08,2.49304e-06,3.5679e-06,16.9399,42.1944,11.0117,0.354115,22.8742,0.321984,13.8966,0.0139295,0.255656,2.02616,0.254477,-0.0289096,0.000441598,0.00723908,-0.294956,0.0134163,0.0212865,0.00608704,0.0038885,-0.294956,0.0189914,2.8457,2.22451,0.000431439,0.04601,0.000949826,0.00354776,0.000255655,0.000675387,0.04601,3.94513,3.45461e-06,5.92823,0.269585
2056.7083,307.854,307.842,4.18734,0.200734,2.71618,0.00807391,0.00784379,0.00253661,0.000230112,0.000257713,5.59161e-05,0.000189469,1.96619e-05,0.0234701,0.00679258,0.0427618,0.0567522,0.0117358,0.00250148,2.21508e-06,2.17284e-06,1.50789e-06,5.70601e-09,2.14585e-05,4.44613e-05,6.82087e-08,1.35522e-08,3.23898e-06,3.15337e-06,16.8441,42.1672,10.9886,0.385385,22.8922,0.307744,13.8851,0.0135033,0.244349,2.04554,0.253614,-0.0276414,0.000263988,0.00796899,-0.293418,0.0128229,0.0212717,0.00581783,0.00392881,-0.293418,0.0189414,2.84576,2.22452,0.000476973,0.0460578,0.00090782,0.00354529,0.000244349,0.000681847,0.0460578,3.40614,4.38792e-06,5.85546,0.257852
2056.7917,305.5,305.517,4.1359,0.336951,2.49123,0.0130541,0.00897478,0.00531237,0.00407933,0.00022864,7.51105e-05,0.000181588,1.68896e-05,0.0127516,0.00526292,0.0574597,0.1956,0.0223061,0.00248471,2.08056e-06,2.18005e-06,1.12451e-05,7.73135e-10,9.34598e-05,8.32195e-05,3.90574e-07,7.00033e-09,7.1821e-06,5.57241e-06,16.834,42.1555,10.9871,0.360355,22.9107,0.304395,13.8875,0.013414,0.241689,2.0505,0.253554,-0.0265247,0.000419642,0.00727903,-0.291717,0.0126834,0.021276,0.00575451,0.00393911,-0.291717,0.0189454,2.84583,2.22458,0.000435831,0.0461018,0.000897939,0.00354599,0.000241689,0.000683499,0.0461018,3.92712,4.2606e-06,5.84693,0.255103
2056.8750,304.633,304.661,4.16331,0.368408,1.92107,0.0126544,0.00872587,0.00490637,0.0039285,8.36433e-05,7.37651e-05,6.92172e-05,3.43718e-06,0.00482415,0.00561852,0.0596681,0.486109,0.0213746,0.00249439,4.36639e-07,2.18811e-06,1.5747e-05,4.75968e-10,0.000106903,8.23023e-05,4.82898e-07,4.991e-09,6.95798e-06,5.34878e-06,16.8745,42.1676,10.9962,0.3343,22.9134,0.306184,13.897,0.0134877,0.24311,2.04534,0.254008,-0.0256742,0.00102717,0.00664699,-0.291285,0.0127579,0.0212901,0.00578834,0.00392843,-0.291285,0.0189766,2.8459,2.22465,0.000398049,0.0461002,0.000903218,0.00354834,0.00024311,0.000681781,0.0461002,3.45664,2.62475e-06,5.87829,0.256598
2056.9583,304.596,304.608,4.20986,0.356284,2.24582,0.0131392,0.00887226,0.00472062,0.00426689,5.85997e-05,7.42457e-05,4.87108e-05,2.14624e-06,0.00320795,0.00529198,0.0612655,0.717858,0.0225566,0.00251043,2.79248e-07,2.17694e-06,2.95005e-05,1.27814e-09,0.000107425,8.73416e-05,9.15569e-07,2.04537e-08,6.64327e-06,5.64084e-06,16.9195,42.1941,11.0079,0.324104,22.9107,0.309216,13.9084,0.0135978,0.245518,2.03973,0.254523,-0.0250235,0.00151025,0.00639779,-0.291371,0.0128843,0.0213068,0.00584566,0.0039168,-0.291371,0.0190091,2.84597,2.22472,0.000383265,0.0460862,0.000912162,0.00355114,0.000245518,0.000679912,0.0460862,3.43458,2.45619e-06,5.91159,0.259115
2057.0417,304.314,304.343,4.27112,0.376811,1.37418,0.0126831,0.00890522,0.00462423,0.00377786,4.83537e-05,7.22472e-05,4.0165e-05,1.76581e-06,0.00269514,0.00506751,0.0597927,0.798075,0.0214331,0.00253135,2.32678e-07,2.16879e-06,2.22027e-05,4.07588e-09,0.000108204,8.35572e-05,6.4634e-07,8.487e-08,6.53721e-06,5.39071e-06,16.9624,42.2233,11.0216,0.318886,22.9075,0.313196,13.9209,0.0137359,0.248678,2.03447,0.255035,-0.0245718,0.00177209,0.00627059,-0.291556,0.0130501,0.0213252,0.0059209,0.0039059,-0.291556,0.0190412,2.84603,2.22477,0.000375674,0.0460735,0.000923903,0.00355421,0.000248678,0.000678158,0.0460735,3.17156,2.40147e-06,5.94076,0.262414
2057.1250,304.66,304.653,4.3095,0.365236,1.97566,0.0127376,0.00901331,0.00463482,0.00372427,3.99427e-05,7.21232e-05,3.31115e-05,1.49571e-06,0.00219646,0.00467352,0.0587499,0.959494,0.0215768,0.00254462,1.9566e-07,2.15098e-06,3.43546e-05,2.97791e-08,0.000108431,8.43252e-05,1.02948e-06,5.03953e-07,6.43431e-06,5.43083e-06,16.9932,42.2432,11.0325,0.317151,22.9039,0.315684,13.9318,0.0138286,0.250653,2.029,0.255437,-0.024094,0.00216367,0.00622803,-0.291817,0.0131537,0.0213414,0.00596793,0.00389456,-0.291817,0.0190659,2.84609,2.22482,0.000372177,0.0460615,0.00093124,0.00355689,0.000250653,0.000676332,0.0460615,3.31507,2.34664e-06,5.9607,0.264482
2057.2083,304.528,304.542,4.33977,0.366711,1.88563,0.0120499,0.0089064,0.00452844,0.00314348,3.58482e-05,6.9914e-05,2.96912e-05,1.33978e-06,0.00211849,0.00496247,0.057813,0.966705,0.0198986,0.00255523,1.74692e-07,2.14206e-06,3.59481e-05,2.61541e-08,0.000105284,7.82165e-05,1.09958e-06,4.47254e-07,6.23923e-06,5.0391e-06,17.0191,42.2592,11.0426,0.315296,22.901,0.317642,13.9425,0.0139061,0.252207,2.02379,0.255802,-0.0239453,0.00222129,0.00618667,-0.292039,0.0132353,0.0213573,0.00600494,0.00388379,-0.292039,0.0190881,2.84615,2.22487,0.000369482,0.0460525,0.000937016,0.00355954,0.000252207,0.000674596,0.0460525,3.19022,2.31676e-06,5.97647,0.266114
2057.2917,304.52,304.525,4.34087,0.361572,1.85367,0.0120381,0.00893662,0.00459013,0.00310153,3.33729e-05,7.02623e-05,2.76091e-05,1.26174e-06,0.00197815,0.00509417,0.0580598,1.02774,0.0198555,0.00255614,1.66534e-07,2.1194e-06,4.15807e-05,2.8441e-08,0.000107165,7.80473e-05,1.25792e-06,4.59319e-07,6.26503e-06,5.02506e-06,17.0323,42.2648,11.049,0.314788,22.8987,0.317713,13.9506,0.0139237,0.252264,2.01905,0.256021,-0.0237569,0.00240067,0.00617705,-0.29223,0.0132383,0.0213697,0.00600629,0.003874,-0.29223,0.019101,2.8462,2.22492,0.000368124,0.0460459,0.000937226,0.00356161,0.000252264,0.000673015,0.0460459,3.03484,2.28593e-06,5.98331,0.266188
2057.3750,304.596,304.615,4.35415,0.329609,2.6808,0.0123891,0.00897046,0.0043211,0.00341864,4.21189e-05,7.13533e-05,3.49583e-05,1.53252e-06,0.00239248,0.00479429,0.057388,0.852895,0.0206304,0.00256109,2.01035e-07,2.1037e-06,5.88548e-05,2.74027e-08,9.72031e-05,8.07845e-05,2.01395e-06,1.8357e-07,5.83266e-06,5.20891e-06,17.0485,42.2752,11.0569,0.314187,22.8972,0.318571,13.9599,0.0139654,0.252945,2.01531,0.256288,-0.0239759,0.0020557,0.00617106,-0.292357,0.013274,0.0213836,0.0060225,0.00386631,-0.292357,0.0191169,2.84627,2.22497,0.000368294,0.0460419,0.000939756,0.00356394,0.000252945,0.000671771,0.0460419,3.30023,2.30473e-06,5.9916,0.266911
2057.4583,304.232,304.223,4.37273,0.337008,2.361,0.012289,0.0089677,0.00439631,0.00332127,5.58654e-05,7.06466e-05,4.64171e-05,2.0485e-06,0.00319974,0.00480901,0.0585469,0.619744,0.0203392,0.00256781,2.7396e-07,2.0891e-06,4.16015e-05,7.35394e-09,9.73785e-05,7.96081e-05,1.39273e-06,6.47712e-08,5.94416e-06,5.1508e-06,17.0686,42.2956,11.0657,0.314727,22.8983,0.31977,13.9697,0.014018,0.253897,2.01389,0.256567,-0.0241947,0.00144139,0.00619367,-0.29226,0.013324,0.0213984,0.00604518,0.00386344,-0.29226,0.0191341,2.84633,2.22501,0.00037046,0.0460448,0.000943294,0.0035664,0.000253897,0.000671296,0.0460448,3.17667,2.36306e-06,6.00293,0.267915
2057.5417,305.714,305.677,4.40889,0.317633,3.4199,0.0129396,0.00928486,0.00433293,0.00365474,7.54858e-05,7.28718e-05,6.27384e-05,2.79472e-06,0.00414341,0.004385,0.0562747,0.514704,0.0217609,0.00258035,3.48674e-07,2.10227e-06,3.73593e-05,6.29377e-09,9.58407e-05,8.45804e-05,1.3499e-06,3.79829e-08,5.87875e-06,5.48903e-06,17.0912,42.3152,11.077,0.313362,22.8991,0.322101,13.9814,0.0141069,0.255748,2.01158,0.256918,-0.0240518,0.00119282,0.0061644,-0.292186,0.0134211,0.0214158,0.00608923,0.00385875,-0.292186,0.0191563,2.84641,2.22506,0.00036938,0.0460465,0.000950169,0.0035693,0.000255748,0.000670528,0.0460465,4.17031,2.45094e-06,6.01413,0.269855
2057.6250,306.029,306.003,4.46391,0.308764,3.4743,0.0130494,0.00946921,0.00425885,0.00358022,0.000108388,7.36033e-05,8.99118e-05,4.20205e-06,0.00607875,0.0047993,0.0565613,0.367083,0.0218953,0.0025991,5.11541e-07,2.14448e-06,2.74541e-05,1.06428e-08,9.17255e-05,8.46688e-05,1.05317e-06,2.47035e-08,5.76162e-06,5.53277e-06,17.1196,42.3462,11.091,0.314829,22.9011,0.325639,13.9949,0.0142351,0.258558,2.01069,0.257336,-0.0236829,0.000918742,0.00620739,-0.292002,0.0135686,0.0214358,0.00615613,0.00385702,-0.292002,0.019184,2.84648,2.22509,0.000372193,0.0460514,0.000960607,0.00357263,0.000258558,0.000670231,0.0460514,4.37531,2.65602e-06,6.02859,0.272793
2057.7083,306.938,306.898,4.50679,0.232546,3.93072,0.0127611,0.00967727,0.00300625,0.00308386,0.000218597,7.41064e-05,0.000178331,1.02299e-05,0.0128077,0.00534375,0.0538141,0.19822,0.0211767,0.00261384,1.18076e-06,2.19033e-06,5.85175e-06,1.52405e-08,5.3237e-05,8.00423e-05,2.77668e-07,1.80662e-08,3.96824e-06,5.3648e-06,17.1373,42.3832,11.1036,0.325355,22.9062,0.32839,14.0078,0.01434,0.260742,2.01439,0.257671,-0.0228456,0.000681895,0.00649328,-0.291557,0.0136832,0.0214548,0.00620814,0.00386484,-0.291557,0.019208,2.84655,2.22511,0.000388785,0.0460644,0.000968723,0.0035758,0.000260742,0.000671464,0.0460644,4.41753,3.37109e-06,6.03368,0.275082
2057.7917,305.671,305.695,4.55402,0.305367,2.62933,0.0133749,0.009677,0.0043157,0.00369793,0.000298936,7.45953e-05,0.000237071,2.14609e-05,0.0164261,0.00504347,0.0564008,0.135502,0.0222901,0.00262999,2.59239e-06,2.21808e-06,1.00306e-05,2.68511e-09,7.83622e-05,8.32992e-05,4.01038e-07,1.08964e-08,5.76361e-06,5.6658e-06,17.1538,42.4285,11.117,0.334794,22.9181,0.331413,14.0212,0.0144545,0.263142,2.02176,0.257934,-0.0216266,0.00035471,0.00670942,-0.290505,0.0138091,0.0214747,0.00626528,0.0038803,-0.290505,0.019233,2.84662,2.22511,0.000401648,0.0460951,0.000977639,0.00357912,0.000263142,0.000673921,0.0460951,3.9325,4.81046e-06,6.03682,0.277596
2057.8750,304.17,304.207,4.60256,0.362934,1.75567,0.0132126,0.00931591,0.00485918,0.00389669,0.000116361,7.32082e-05,9.54467e-05,5.7324e-06,0.00641069,0.00504109,0.0603455,0.362046,0.021796,0.00264656,7.49589e-07,2.21263e-06,1.48738e-05,6.24091e-10,0.000102924,8.50031e-05,4.62145e-07,6.72695e-09,6.66211e-06,5.56613e-06,17.1833,42.4512,11.1308,0.324602,22.9237,0.334512,14.0352,0.0145727,0.265603,2.01962,0.258275,-0.0205708,0.000781365,0.00644932,-0.289952,0.0139383,0.0214954,0.00632388,0.00387601,-0.289952,0.0192595,2.8467,2.22516,0.000386409,0.0461066,0.000986782,0.00358256,0.000265603,0.000673207,0.0461066,3.28074,2.96222e-06,6.0525,0.280175
2057.9583,304.293,304.297,4.64008,0.368302,1.96701,0.0133346,0.00930081,0.00468962,0.00403383,6.66488e-05,7.38824e-05,5.53242e-05,2.52558e-06,0.00362469,0.00503027,0.0613085,0.610588,0.0221243,0.00265953,3.36232e-07,2.19773e-06,1.94597e-05,8.88883e-10,0.000103116,8.71401e-05,5.8604e-07,1.7745e-08,6.49537e-06,5.64589e-06,17.2193,42.4795,11.1436,0.32041,22.9245,0.336902,14.0487,0.0146728,0.267501,2.01527,0.258677,-0.0196389,0.00128749,0.00634009,-0.289811,0.0140379,0.0215156,0.00636906,0.00386712,-0.289811,0.019286,2.84677,2.22522,0.000379395,0.0461051,0.000993832,0.00358593,0.000267501,0.000671755,0.0461051,3.47832,2.53397e-06,6.07572,0.282173
2058.0417,304.801,304.807,4.66544,0.366898,1.93103,0.0132327,0.0094603,0.00474214,0.00377237,5.49874e-05,7.28844e-05,4.56874e-05,2.00302e-06,0.00299686,0.00476497,0.0591685,0.722626,0.0218746,0.0026685,2.59612e-07,2.19548e-06,2.37923e-05,2.46526e-09,0.000106557,8.65004e-05,7.13435e-07,5.16988e-08,6.56154e-06,5.59316e-06,17.2508,42.504,11.1547,0.318084,22.9243,0.338516,14.061,0.01475,0.268782,2.01077,0.259062,-0.0189868,0.00158111,0.00628105,-0.289769,0.0141051,0.021534,0.00639956,0.00385793,-0.289769,0.0193106,2.84684,2.22527,0.000375657,0.0461022,0.000998592,0.00358899,0.000268782,0.000670256,0.0461022,3.51667,2.45509e-06,6.09611,0.283532
2058.1250,303.995,304.021,4.66944,0.372356,1.51636,0.0124948,0.00923368,0.00459486,0.00326113,3.99264e-05,7.03362e-05,3.30949e-05,1.47739e-06,0.00230931,0.00497068,0.0598095,0.894663,0.0202005,0.00267051,1.98406e-07,2.17956e-06,2.70938e-05,2.12048e-08,0.000103094,8.05353e-05,7.92814e-07,4.26126e-07,6.32066e-06,5.19783e-06,17.2726,42.5214,11.163,0.31905,22.9235,0.33877,14.0715,0.0147834,0.268983,2.00625,0.259344,-0.0183166,0.00199557,0.00630269,-0.289807,0.0141157,0.02155,0.00640436,0.0038487,-0.289807,0.0193282,2.84691,2.22532,0.000375464,0.0460983,0.00099934,0.00359166,0.000268983,0.000668751,0.0460983,3.05616,2.37797e-06,6.10952,0.283766
2058.2083,303.84,303.864,4.64352,0.381837,1.29505,0.0122376,0.00917845,0.0044672,0.00305916,3.33821e-05,6.94033e-05,2.76004e-05,1.27144e-06,0.00196365,0.00500949,0.059409,1.01231,0.0196216,0.00266277,1.73385e-07,2.14767e-06,2.56635e-05,4.80546e-08,9.86998e-05,7.8417e-05,7.36003e-07,1.1288e-06,6.12646e-06,5.05564e-06,17.2816,42.5313,11.1676,0.322663,22.9241,0.337122,14.0797,0.0147551,0.267674,2.00297,0.259486,-0.0177231,0.00229126,0.00639126,-0.289734,0.014047,0.0215627,0.0063732,0.00384201,-0.289734,0.0193366,2.84696,2.22536,0.000378668,0.0460988,0.000994479,0.00359378,0.000267674,0.000667655,0.0460988,2.93395,2.32106e-06,6.11398,0.28243
2058.2917,304.353,304.354,4.63011,0.363188,1.79586,0.012328,0.0092865,0.00462349,0.00304151,3.27473e-05,7.04105e-05,2.70587e-05,1.25481e-06,0.00191774,0.00515344,0.0585834,1.05054,0.0198589,0.00265909,1.67868e-07,2.12596e-06,4.00163e-05,2.63649e-08,0.000102736,7.91772e-05,1.20572e-06,4.73628e-07,6.26254e-06,5.10207e-06,17.2926,42.539,11.1738,0.322856,22.9245,0.336268,14.0887,0.0147496,0.266997,1.99909,0.259676,-0.0173869,0.00238901,0.00639624,-0.289682,0.0140114,0.0215767,0.00635706,0.00383411,-0.289682,0.0193479,2.84701,2.2254,0.000378314,0.0460992,0.00099196,0.00359611,0.000266997,0.000666364,0.0460992,3.0343,2.29383e-06,6.11883,0.281746
2058.3750,304.984,304.96,4.61817,0.33492,2.83231,0.0124484,0.00933507,0.00450478,0.00311333,3.90042e-05,7.14739e-05,3.23188e-05,1.44326e-06,0.0022591,0.00486746,0.0569998,0.897625,0.0201976,0.00265587,1.87597e-07,2.11287e-06,5.53222e-05,2.2328e-08,9.74881e-05,8.01397e-05,1.85138e-06,2.2422e-07,6.03078e-06,5.16933e-06,17.3018,42.5457,11.18,0.322394,22.9255,0.335507,14.0978,0.0147451,0.266393,1.99608,0.259861,-0.0174185,0.00208365,0.00639095,-0.289582,0.0139797,0.0215906,0.00634269,0.00382799,-0.289582,0.0193588,2.84708,2.22545,0.000378312,0.0461012,0.000989717,0.00359844,0.000266393,0.000665359,0.0461012,3.42272,2.30047e-06,6.12178,0.281138
2058.4583,306.069,306.02,4.61133,0.28802,3.67729,0.0125734,0.00953637,0.00403138,0.00303707,6.69595e-05,7.21322e-05,5.57623e-05,2.29551e-06,0.00381501,0.00459963,0.0536634,0.559218,0.0204393,0.00265432,2.80174e-07,2.1213e-06,3.73644e-05,2.25878e-08,8.33913e-05,8.04357e-05,1.46203e-06,6.48186e-08,5.36911e-06,5.21959e-06,17.3084,42.5556,11.1868,0.323281,22.9286,0.335072,14.1073,0.0147494,0.266047,1.99533,0.260052,-0.0175782,0.00142458,0.00642512,-0.289306,0.0139616,0.0216051,0.00633445,0.0038266,-0.289306,0.0193706,2.84715,2.22549,0.000381095,0.0461086,0.000988433,0.00360086,0.000266047,0.00066511,0.0461086,4.04672,2.40147e-06,6.12163,0.280796
2058.5417,307.262,307.184,4.59341,0.169439,3.82923,0.0109485,0.00902266,0.00199544,0.00192589,0.000163551,6.87908e-05,0.000134592,6.55661e-06,0.0122436,0.00543549,0.0505168,0.176094,0.0170583,0.00264917,7.48659e-07,2.15531e-06,2.33009e-07,3.99157e-08,2.68422e-05,6.6113e-05,1.35951e-08,2.77631e-08,2.44692e-06,4.41975e-06,17.3038,42.5964,11.1922,0.348635,22.9376,0.333928,14.1158,0.0147301,0.265139,2.0063,0.260151,-0.0166162,0.000786278,0.00712551,-0.288528,0.0139139,0.0216184,0.00631283,0.00384955,-0.288528,0.0193789,2.84722,2.22549,0.000422342,0.0461327,0.000985058,0.00360307,0.000265139,0.000668766,0.0461327,3.97377,2.90397e-06,6.11158,0.279869
2058.6250,309.808,309.65,4.40072,0.150205,2.89636,0.00584008,0.00779523,0.00168204,-0.00195515,0.00011999,3.94749e-05,8.99779e-05,6.76835e-06,0.0150952,0.00597422,0.0305887,0.054221,0.00690693,0.00258639,7.09432e-07,2.15394e-06,1.63911e-08,1.10107e-08,1.05836e-05,3.13057e-05,1.1601e-09,1.67914e-08,2.0234e-06,2.17701e-06,17.214,42.5899,11.1739,0.394281,22.9533,0.321564,14.1081,0.0143487,0.255322,2.02828,0.259379,-0.0152581,0.000341674,0.00832299,-0.287197,0.0133988,0.0216091,0.00607909,0.00389536,-0.287197,0.0193334,2.84729,2.22548,0.000494388,0.0461755,0.000948586,0.00360151,0.000255322,0.000676093,0.0461755,3.16853,2.86337e-06,6.04003,0.26967
2058.7083,312.292,312.083,4.09072,0.127213,2.38796,0.00398413,0.00753298,0.00152117,-0.00354885,4.84709e-05,2.45028e-05,3.75017e-05,2.42019e-06,0.00894476,0.00528441,0.0183695,0.0472006,0.00343339,0.00248354,2.23093e-07,2.12433e-06,2.5015e-11,5.76415e-09,1.02101e-05,2.06318e-05,1.58506e-12,9.20766e-09,1.76783e-06,1.42478e-06,17.0603,42.5152,11.1381,0.432237,22.9715,0.301424,14.0876,0.0137066,0.239331,2.05116,0.258041,-0.0139833,0.000377837,0.00931215,-0.285657,0.0125596,0.0215819,0.00569836,0.00394294,-0.285657,0.0192497,2.84736,2.22551,0.000556027,0.0462244,0.000889178,0.00359699,0.000239331,0.000683718,0.0462244,2.6054,2.34742e-06,5.92223,0.253038
2058.7917,309.54,309.56,3.79869,0.206429,2.56765,0.00692391,0.00737999,0.00335099,-0.000456087,9.64199e-05,4.45908e-05,7.88591e-05,4.72888e-06,0.0105783,0.00654188,0.0315379,0.102025,0.00859117,0.00238501,4.71613e-07,2.08806e-06,2.82823e-06,3.98309e-09,2.64132e-05,3.60622e-05,1.35718e-07,5.22217e-09,4.51114e-06,2.43736e-06,16.9091,42.4206,11.1022,0.444326,22.9953,0.282166,14.066,0.0130766,0.22404,2.07191,0.256752,-0.0128005,0.000484868,0.00958111,-0.283604,0.0117572,0.0215529,0.00533427,0.003986,-0.283604,0.0191678,2.84743,2.22557,0.00057037,0.0462874,0.000832367,0.00359215,0.00022404,0.000690635,0.0462874,3.42363,2.55967e-06,5.80689,0.237116
2058.8750,308.415,308.43,3.62406,0.226659,2.06314,0.00770029,0.00723751,0.00333251,0.000462772,9.47881e-05,4.96132e-05,7.78895e-05,4.32521e-06,0.00882264,0.00619431,0.0360703,0.141988,0.0107076,0.00232534,4.61626e-07,2.08546e-06,7.07158e-06,2.38687e-09,3.90846e-05,4.29387e-05,3.14514e-07,3.1875e-09,4.57407e-06,2.8658e-06,16.8127,42.3427,11.0806,0.423231,23.0207,0.270501,14.0532,0.0126773,0.214778,2.08593,0.255966,-0.011753,0.000585882,0.00898925,-0.281309,0.0112711,0.0215357,0.00511375,0.004015,-0.281309,0.0191186,2.84749,2.22565,0.000530028,0.04635,0.000797957,0.00358929,0.000214778,0.00069531,0.04635,3.03608,2.54709e-06,5.73213,0.227455
2058.9583,306.201,306.244,3.89918,0.30293,2.47271,0.0123844,0.00951365,0.00477565,0.00287079,0.000193836,7.26008e-05,0.000158419,1.00393e-05,0.0114988,0.00541787,0.0516072,0.207972,0.0230196,0.00241831,1.12744e-06,2.08751e-06,1.39311e-05,6.84663e-10,8.39954e-05,8.49207e-05,5.59953e-07,1.96238e-09,6.81092e-06,5.61197e-06,16.797,42.3085,11.1103,0.384884,23.0369,0.288783,14.068,0.012925,0.229294,2.08968,0.256183,-0.0109517,0.00052932,0.00796094,-0.279648,0.0120329,0.0215569,0.00545938,0.00402264,-0.279648,0.0191346,2.84755,2.22573,0.000468594,0.0463804,0.000851887,0.00359281,0.000229294,0.000696562,0.0463804,3.61123,3.21495e-06,5.68666,0.242219
2059.0417,306.045,306.042,4.42456,0.301285,3.03734,0.0130527,0.00986154,0.0045672,0.00319115,0.000210634,7.3368e-05,0.000171728,1.1366e-05,0.0117918,0.00495247,0.0537735,0.213664,0.0244094,0.00259305,1.32239e-06,2.1009e-06,1.38343e-05,3.89996e-10,8.67841e-05,9.11558e-05,5.38987e-07,1.3182e-09,6.52152e-06,6.03691e-06,16.8037,42.302,11.1667,0.365794,23.043,0.323075,14.0968,0.0134722,0.256522,2.08948,0.256734,-0.0100981,0.000530211,0.00746745,-0.278852,0.0134617,0.0215975,0.00610766,0.00402214,-0.278852,0.019173,2.84761,2.22578,0.000441725,0.046384,0.000953043,0.00359958,0.000256522,0.000696494,0.046384,3.98225,3.4233e-06,5.63696,0.269994
2059.1250,306.002,306.015,4.89884,0.334317,2.55811,0.0129514,0.00987864,0.00511122,0.00307279,0.000138191,7.15385e-05,0.000113553,6.50621e-06,0.00775234,0.00481008,0.0524386,0.306075,0.0236545,0.00274691,7.59186e-07,2.11954e-06,1.83133e-05,1.46699e-10,0.000102838,9.09877e-05,6.35674e-07,9.12576e-10,7.25124e-06,5.94428e-06,16.8175,42.305,11.218,0.353496,23.0473,0.353239,14.1241,0.0139576,0.280471,2.08671,0.257237,-0.0091485,0.000696478,0.00714994,-0.278249,0.0147185,0.0216364,0.00667789,0.00401638,-0.278249,0.0192086,2.84769,2.22583,0.000425029,0.0463839,0.00104202,0.00360607,0.000280471,0.000695569,0.0463839,3.6614,2.87872e-06,5.59955,0.294429
2059.2083,304.381,304.432,5.26414,0.372037,1.58755,0.0125796,0.00952467,0.00500704,0.00305493,7.6383e-05,6.91158e-05,6.32614e-05,3.00633e-06,0.00446846,0.00505973,0.0560481,0.500791,0.0222235,0.0028631,3.86954e-07,2.10863e-06,1.4935e-05,8.16091e-11,0.000101948,8.77228e-05,4.55896e-07,7.63703e-10,7.08231e-06,5.66798e-06,16.8279,42.3068,11.2579,0.347403,23.05,0.375991,14.1465,0.0142975,0.298537,2.08141,0.257564,-0.00813335,0.00110929,0.00698994,-0.277802,0.0156666,0.0216685,0.00710803,0.00400544,-0.277802,0.0192304,2.84777,2.2259,0.000415676,0.0463814,0.00110914,0.00361141,0.000298537,0.000693802,0.0463814,3.02742,2.49559e-06,5.57007,0.312835
2059.2917,304.176,304.226,5.52659,0.374249,1.37096,0.0120219,0.00939778,0.00492093,0.0026241,4.90169e-05,6.6478e-05,4.06181e-05,1.81596e-06,0.0030774,0.00526064,0.0562498,0.700444,0.0204288,0.00294539,2.38444e-07,2.08878e-06,1.88729e-05,4.19309e-10,9.86481e-05,8.20242e-05,5.56591e-07,7.24448e-09,6.84741e-06,5.28024e-06,16.8325,42.3106,11.2874,0.348438,23.0537,0.392084,14.1639,0.0145101,0.311314,2.07604,0.257716,-0.00706378,0.0015428,0.0070101,-0.277327,0.0163371,0.0216939,0.00741225,0.00399438,-0.277327,0.0192398,2.84786,2.22598,0.000415227,0.0463837,0.00115661,0.00361566,0.000311314,0.000692015,0.0463837,2.83639,2.32722e-06,5.54506,0.325825
2059.3750,304.145,304.164,5.68898,0.349001,2.298,0.0124263,0.00939345,0.0049372,0.00303282,4.52239e-05,6.79074e-05,3.74633e-05,1.66083e-06,0.0027643,0.00515741,0.0575957,0.793922,0.0213017,0.00299588,2.20932e-07,2.06206e-06,3.5304e-05,2.20514e-09,9.49146e-05,8.54016e-05,1.1281e-06,2.93068e-08,6.67132e-06,5.49008e-06,16.8263,42.3076,11.3069,0.350689,23.0592,0.401935,14.1764,0.0145996,0.319136,2.07142,0.25767,-0.00623434,0.00176771,0.00706842,-0.276725,0.0167475,0.0217126,0.00759848,0.00398487,-0.276725,0.0192363,2.84795,2.22606,0.000417703,0.0463927,0.00118567,0.00361876,0.000319136,0.000690473,0.0463927,3.16291,2.28299e-06,5.51941,0.333736
2059.4583,303.608,303.635,5.88052,0.335801,2.61495,0.0132102,0.00939619,0.00477374,0.00381397,6.74276e-05,6.98887e-05,5.59e-05,2.54939e-06,0.00380344,0.00479937,0.0597408,0.599802,0.0231007,0.00305492,3.4702e-07,2.05552e-06,3.33944e-05,3.37567e-09,8.7165e-05,9.20789e-05,1.1351e-06,4.22385e-08,6.41373e-06,5.94187e-06,16.838,42.3282,11.3299,0.353887,23.0677,0.413453,14.1914,0.0147392,0.328281,2.0686,0.257772,-0.00561709,0.00136147,0.00715777,-0.275888,0.0172275,0.0217346,0.00781622,0.00397912,-0.275888,0.0192427,2.84804,2.22612,0.000423644,0.0464103,0.00121964,0.00362243,0.000328281,0.000689533,0.0464103,3.37301,2.40254e-06,5.50814,0.343021
2059.5417,305.15,305.124,6.08624,0.270872,4.15088,0.01356,0.00980626,0.00409938,0.00375372,0.0002054,7.16552e-05,0.000164046,1.21608e-05,0.0114471,0.00441234,0.0563884,0.255761,0.0237725,0.00311781,1.5434e-06,2.08227e-06,1.75532e-05,5.9418e-09,6.58579e-05,9.20261e-05,7.06032e-07,3.10026e-08,5.41209e-06,6.11682e-06,16.8598,42.3713,11.355,0.362511,23.0799,0.425709,14.208,0.0149069,0.338013,2.06899,0.257953,-0.0047691,0.000646319,0.00739018,-0.274739,0.0177381,0.0217591,0.00804793,0.0039801,-0.274739,0.0192562,2.84813,2.22615,0.000438323,0.046438,0.0012558,0.00362652,0.000338013,0.000689664,0.046438,4.46405,3.62566e-06,5.50487,0.35292
2059.6250,307.54,307.411,6.17998,0.19433,4.13071,0.00998137,0.00931367,0.00256102,0.000667701,0.000582139,5.68784e-05,0.000422776,5.05986e-05,0.0454271,0.00519271,0.0440403,0.0235549,0.0152062,0.00314657,5.94282e-06,2.14067e-06,3.38602e-07,3.27912e-09,1.74276e-05,5.40712e-05,1.82031e-08,2.2418e-08,3.14802e-06,4.21892e-06,16.8443,42.4208,11.3689,0.39739,23.0986,0.431256,14.219,0.0149391,0.342417,2.08055,0.257616,-0.00317919,0.000106364,0.00817095,-0.273077,0.0179693,0.0217758,0.00815278,0.0040043,-0.273077,0.0192509,2.84823,2.22615,0.000491458,0.0464851,0.00127216,0.00362929,0.000342417,0.000693518,0.0464851,4.46255,8.08349e-06,5.47534,0.357356
2059.7083,308.075,308.012,5.95506,0.197746,3.39959,0.00848339,0.00860868,0.00285173,-0.000125298,0.00060511,4.92354e-05,0.00044415,5.18372e-05,0.050244,0.00564289,0.0376384,0.0135263,0.0119814,0.00307883,5.896e-06,2.17011e-06,2.31048e-07,7.21185e-10,1.18546e-05,4.19191e-05,1.18545e-08,1.2626e-08,3.53215e-06,3.48547e-06,16.7426,42.403,11.3497,0.438333,23.1237,0.41791,14.2114,0.0145555,0.33182,2.09838,0.256258,-0.00144652,5.87012e-05,0.0090848,-0.270889,0.0174132,0.0217666,0.00790048,0.00404149,-0.270889,0.0191853,2.84832,2.22617,0.000550927,0.0465501,0.00123279,0.00362777,0.00033182,0.000699461,0.0465501,3.92549,8.06611e-06,5.39286,0.346376
2059.7917,306.017,306.087,5.79422,0.291879,2.18867,0.0115816,0.00913247,0.00505701,0.00244912,0.000558425,6.21066e-05,0.000397914,6.29751e-05,0.0358944,0.00533196,0.0479164,0.0438543,0.018989,0.00302993,7.53398e-06,2.1827e-06,2.06193e-06,2.56495e-10,4.32282e-05,6.73352e-05,7.7651e-08,6.81489e-09,6.60191e-06,5.01465e-06,16.665,42.3725,11.3362,0.442712,23.1542,0.40828,14.2063,0.0142527,0.324174,2.11058,0.255129,0.000254741,0.00010025,0.00910931,-0.268151,0.017012,0.0217609,0.00771843,0.00406693,-0.268151,0.0191348,2.84841,2.22623,0.000551773,0.0466255,0.00120439,0.00362681,0.000324174,0.000703528,0.0466255,3.71813,9.71669e-06,5.32881,0.338427
2059.8750,303.769,303.827,5.87623,0.363222,1.72883,0.0135,0.00920255,0.00572923,0.00429746,0.00019,6.95019e-05,0.000151607,1.3975e-05,0.010837,0.00478496,0.0586303,0.220334,0.0233261,0.0030553,1.85794e-06,2.17545e-06,6.59803e-06,8.87148e-11,8.88962e-05,9.02401e-05,2.03807e-07,3.76199e-09,7.97269e-06,5.98322e-06,16.6797,42.3684,11.3479,0.404279,23.1768,0.4132,14.2151,0.0142765,0.328081,2.10762,0.255037,0.00189369,0.00044674,0.00822716,-0.265878,0.017217,0.0217742,0.00781145,0.00406082,-0.265878,0.0191423,2.8485,2.22633,0.000493265,0.0466702,0.0012189,0.00362904,0.000328081,0.000702539,0.0466702,3.29239,4.03339e-06,5.33176,0.342357
2059.9583,303.355,303.394,5.83149,0.374916,1.61464,0.0134964,0.00865044,0.00527688,0.00484601,8.18963e-05,6.91321e-05,6.73895e-05,3.72233e-06,0.00464109,0.00467428,0.0615606,0.464585,0.0216041,0.00304223,5.14864e-07,2.16194e-06,1.05432e-05,2.22921e-10,9.38145e-05,8.60478e-05,3.08552e-07,1.13804e-08,7.49149e-06,5.6113e-06,16.7211,42.4026,11.3497,0.391299,23.1874,0.410516,14.2209,0.014228,0.325949,2.10281,0.255115,0.00339967,0.000906295,0.00796939,-0.264642,0.0171051,0.0217834,0.0077607,0.00405088,-0.264642,0.0191504,2.8486,2.22642,0.000471986,0.0466831,0.00121098,0.00363057,0.000325949,0.000700937,0.0466831,3.34167,2.67681e-06,5.37141,0.340177
2060.0417,304.455,304.438,5.68003,0.362333,2.50613,0.013836,0.00882551,0.00531549,0.00501052,6.11415e-05,7.07638e-05,5.06382e-05,2.37632e-06,0.00330609,0.00443066,0.0597698,0.649714,0.0227657,0.00299648,3.16156e-07,2.16235e-06,1.98996e-05,2.42449e-09,9.93026e-05,9.00806e-05,6.11073e-07,8.63302e-08,7.43671e-06,5.83969e-06,16.7719,42.4487,11.3429,0.384236,23.1946,0.401396,14.224,0.014131,0.318708,2.0979,0.255213,0.00459665,0.00128741,0.00781777,-0.263762,0.0167251,0.0217888,0.0075883,0.00404069,-0.263762,0.0191579,2.84868,2.22651,0.000460133,0.0466903,0.00118408,0.00363147,0.000318708,0.000699301,0.0466903,3.85109,2.4785e-06,5.42901,0.33284
2060.1250,303.883,303.918,5.55044,0.368421,1.8263,0.0130308,0.00872478,0.0051227,0.00430601,4.94821e-05,6.80584e-05,4.0985e-05,1.87424e-06,0.00281101,0.00466708,0.0587189,0.71182,0.021026,0.00295716,2.54055e-07,2.16783e-06,2.15924e-05,1.2237e-08,9.88895e-05,8.36306e-05,6.48551e-07,5.04817e-07,7.15202e-06,5.41582e-06,16.8205,42.4929,11.338,0.37834,23.2008,0.393538,14.2277,0.0140558,0.312469,2.09324,0.255347,0.00555629,0.00151114,0.00768815,-0.263021,0.0163977,0.0217951,0.00743974,0.00403099,-0.263021,0.0191671,2.84876,2.22658,0.000451265,0.046697,0.0011609,0.00363252,0.000312469,0.000697745,0.046697,3.2971,2.42189e-06,5.48253,0.326525
2060.2083,303.725,303.75,5.40053,0.368127,1.61136,0.0126177,0.00863026,0.00508105,0.00398743,3.86795e-05,6.69739e-05,3.19968e-05,1.4566e-06,0.00227839,0.0047763,0.0589339,0.866245,0.0202385,0.00291116,1.99842e-07,2.14866e-06,2.6482e-05,1.0187e-08,0.000102301,8.04939e-05,7.83994e-07,4.03539e-07,7.07971e-06,5.20195e-06,16.8515,42.5195,11.3301,0.37382,23.2057,0.384386,14.2294,0.0139316,0.305203,2.08849,0.255331,0.00640586,0.00188907,0.00758585,-0.262421,0.0160164,0.0217985,0.00726673,0.00402111,-0.262421,0.0191661,2.84883,2.22665,0.000443698,0.0467018,0.00113391,0.00363308,0.000305203,0.000696162,0.0467018,3.06248,2.3485e-06,5.52141,0.319134
2060.2917,303.672,303.695,5.26846,0.362714,1.87587,0.0125873,0.00859666,0.00498735,0.0039906,3.44598e-05,6.72708e-05,2.84652e-05,1.31448e-06,0.00203313,0.00486801,0.05956,0.986358,0.0203695,0.0028704,1.80922e-07,2.12927e-06,3.49167e-05,1.37589e-08,0.000101978,8.05924e-05,1.05917e-06,3.96848e-07,6.89139e-06,5.20075e-06,16.8804,42.5436,11.3235,0.370172,23.2093,0.376268,14.2314,0.0138232,0.298757,2.08375,0.255338,0.00704612,0.00216489,0.00750208,-0.26197,0.0156781,0.0218023,0.00711326,0.00401124,-0.26197,0.0191664,2.84891,2.22673,0.000437724,0.0467046,0.00110996,0.00363371,0.000298757,0.000694583,0.0467046,3.12212,2.3102e-06,5.55689,0.31258
2060.3750,304.075,304.061,5.14843,0.35269,2.12652,0.012384,0.00863417,0.00499826,0.00374987,3.48947e-05,6.73784e-05,2.88407e-05,1.31658e-06,0.00211121,0.00506087,0.0595723,0.967103,0.020099,0.00283313,1.79713e-07,2.10532e-06,4.1527e-05,1.0335e-08,0.000102822,7.91779e-05,1.29536e-06,2.43447e-07,6.84026e-06,5.10897e-06,16.9061,42.5652,11.3176,0.365905,23.2133,0.368844,14.2334,0.013722,0.292862,2.07994,0.255346,0.00737472,0.0021306,0.00740522,-0.261511,0.0153688,0.0218061,0.0069729,0.00400327,-0.261511,0.0191664,2.84898,2.2268,0.000432246,0.0467096,0.00108806,0.00363435,0.000292862,0.000693313,0.0467096,3.02487,2.28504e-06,5.58843,0.306584
2060.4583,304.848,304.833,5.06224,0.331088,2.99906,0.0131242,0.00878139,0.0048514,0.0043428,4.503e-05,7.00249e-05,3.73323e-05,1.66193e-06,0.0024874,0.00456267,0.0573857,0.828286,0.0220095,0.0028064,2.17324e-07,2.09944e-06,5.00261e-05,9.11185e-09,9.99642e-05,8.56213e-05,1.69523e-06,1.27724e-07,6.61544e-06,5.52715e-06,16.937,42.5898,11.3153,0.360033,23.2167,0.363486,14.2374,0.0136707,0.288608,2.07613,0.255468,0.00748722,0.0018674,0.00726822,-0.261111,0.0151456,0.0218125,0.00687161,0.0039953,-0.261111,0.0191736,2.84906,2.22687,0.000425555,0.0467138,0.00107225,0.00363542,0.000288608,0.000692044,0.0467138,3.63225,2.31677e-06,5.62165,0.302279
2060.5417,305.69,305.643,5.0147,0.262974,3.92508,0.0131572,0.00893142,0.0038847,0.00422578,9.89174e-05,7.08453e-05,8.23048e-05,3.4764e-06,0.00555231,0.00430591,0.0555019,0.420302,0.0221359,0.00279192,4.33381e-07,2.12417e-06,2.56416e-05,2.9435e-08,7.26113e-05,8.49967e-05,1.10923e-06,4.85068e-08,5.23284e-06,5.54887e-06,16.9789,42.6395,11.3176,0.361839,23.2223,0.360521,14.2442,0.0136834,0.286253,2.07638,0.255731,0.00770177,0.00118497,0.00733445,-0.260545,0.015022,0.0218229,0.00681556,0.00399577,-0.260545,0.0191907,2.84914,2.22692,0.000431056,0.046725,0.00106351,0.00363715,0.000286253,0.000692127,0.046725,4.27153,2.55755e-06,5.66135,0.299937
2060.6250,308.098,307.962,4.91463,0.176501,3.84125,0.00910848,0.00805619,0.00220634,0.00105229,0.000136673,5.43074e-05,0.000112637,5.75649e-06,0.0116276,0.00570073,0.0435243,0.130583,0.0134827,0.0027605,6.61854e-07,2.16535e-06,2.56621e-07,2.80943e-08,2.61778e-05,5.3921e-05,1.58099e-08,2.50625e-08,2.77612e-06,3.6296e-06,16.9835,42.6949,11.3128,0.388171,23.2347,0.354249,14.2461,0.013587,0.281274,2.08854,0.255649,0.00892871,0.000643941,0.00805474,-0.25944,0.0147607,0.0218265,0.00669699,0.00402101,-0.25944,0.0191884,2.84922,2.22692,0.000473124,0.0467561,0.001045,0.00363776,0.000281274,0.00069618,0.0467561,4.11818,2.8272e-06,5.67065,0.294861
2060.7083,311.281,311.092,4.60218,0.149119,2.89911,0.00493653,0.00732965,0.00186962,-0.00239312,5.68448e-05,3.00186e-05,4.67063e-05,2.42102e-06,0.00844019,0.00528149,0.0241435,0.0734838,0.00516645,0.00265971,2.42797e-07,2.167e-06,5.46761e-08,1.41204e-08,1.39352e-05,2.68636e-05,3.909e-09,1.47158e-08,2.30227e-06,1.8339e-06,16.8738,42.6653,11.2799,0.429434,23.2524,0.33447,14.2291,0.0130708,0.26557,2.10965,0.254486,0.0103603,0.000552967,0.00917402,-0.257917,0.0139366,0.0218037,0.00632308,0.00406479,-0.257917,0.0191163,2.84929,2.22694,0.000538534,0.0468027,0.000986661,0.00363395,0.00026557,0.000703218,0.0468027,3.23013,2.40979e-06,5.59387,0.27864
2060.7917,308.088,308.135,4.29792,0.235635,2.43238,0.0092513,0.00752058,0.00389515,0.00173073,0.00012677,5.33992e-05,0.00010388,6.11706e-06,0.0100423,0.00572306,0.0395223,0.144137,0.0136642,0.00255992,6.68073e-07,2.14919e-06,8.61148e-06,6.92007e-09,4.34001e-05,5.34495e-05,3.69639e-07,7.94928e-09,5.20594e-06,3.57844e-06,16.7558,42.6034,11.2457,0.443406,23.2758,0.31493,14.21,0.0125418,0.250055,2.12842,0.253297,0.0116126,0.000583635,0.0095046,-0.255876,0.0131224,0.0217779,0.00595368,0.00410361,-0.255876,0.0190414,2.84936,2.227,0.000556841,0.0468634,0.00092902,0.00362965,0.000250054,0.000709473,0.0468634,3.39195,2.81726e-06,5.51015,0.262596
2060.8750,305.375,305.415,4.27067,0.342272,2.35053,0.0130144,0.00836563,0.00563726,0.00464878,0.000108072,7.13482e-05,8.90486e-05,4.85429e-06,0.00635371,0.00518345,0.0560094,0.382889,0.0221452,0.00255119,5.87006e-07,2.15454e-06,2.0647e-05,1.00088e-09,0.000106092,8.2881e-05,7.00674e-07,4.28414e-09,7.92092e-06,5.41146e-06,16.7764,42.5935,11.2461,0.394418,23.2944,0.313167,14.2128,0.0125343,0.248655,2.12831,0.253422,0.0124793,0.000823263,0.00816928,-0.254039,0.0130489,0.0217823,0.00592035,0.00410318,-0.254039,0.0190517,2.84943,2.2271,0.000477924,0.0469018,0.000923819,0.00363038,0.000248655,0.000709438,0.0469018,3.81397,2.74155e-06,5.53027,0.261189
2060.9583,305.204,305.227,4.28181,0.34407,2.45273,0.0133537,0.00835496,0.00517746,0.00499878,7.20763e-05,7.17184e-05,5.99112e-05,2.66386e-06,0.00394716,0.00491931,0.0574109,0.576249,0.0229733,0.00255532,3.2795e-07,2.16783e-06,2.9974e-05,5.55167e-10,0.00011371,8.66564e-05,9.94397e-07,2.81801e-09,7.46211e-06,5.61598e-06,16.8372,42.6191,11.2522,0.364008,23.2956,0.31389,14.2198,0.0126174,0.249229,2.12237,0.253942,0.0130107,0.00125037,0.00738135,-0.253654,0.013079,0.0217925,0.00593401,0.00409064,-0.253654,0.0190851,2.8495,2.22719,0.000435059,0.0468916,0.000925951,0.00363208,0.000249229,0.000707455,0.0468916,3.66388,2.49578e-06,5.58497,0.261846
2061.0417,305.067,305.091,4.26536,0.349338,2.31039,0.0131138,0.00842622,0.00498771,0.00468759,5.78236e-05,7.13725e-05,4.80738e-05,2.09816e-06,0.00317092,0.00499455,0.0574467,0.694699,0.0226946,0.0025503,2.62249e-07,2.17525e-06,3.37361e-05,2.56212e-10,0.000115376,8.58302e-05,1.09565e-06,2.56869e-09,7.18056e-06,5.54685e-06,16.8966,42.654,11.255,0.348618,23.2922,0.312823,14.2249,0.0126575,0.248381,2.11667,0.25445,0.0132938,0.00152431,0.0069879,-0.253747,0.0130346,0.0218001,0.00591384,0.00407864,-0.253747,0.0191171,2.84957,2.22727,0.000414093,0.0468732,0.000922803,0.00363334,0.000248381,0.000705557,0.0468732,3.63846,2.4375e-06,5.64152,0.261039
2061.1250,305.917,305.892,4.24946,0.35583,2.49078,0.0129037,0.00858779,0.0050379,0.00431586,4.52446e-05,7.09376e-05,3.75596e-05,1.65897e-06,0.00249948,0.00477282,0.0550031,0.873008,0.0224095,0.00254544,2.00276e-07,2.17984e-06,3.65195e-05,3.01592e-10,0.000121935,8.48975e-05,1.14363e-06,3.3677e-09,7.21397e-06,5.47297e-06,16.9468,42.6804,11.2579,0.337333,23.2865,0.311791,14.2299,0.0126937,0.247562,2.10984,0.254917,0.0135409,0.00195778,0.00669855,-0.254097,0.0129916,0.0218075,0.00589434,0.00406427,-0.254097,0.0191459,2.84964,2.22734,0.000398211,0.0468517,0.000919759,0.00363459,0.000247562,0.00070328,0.0468517,3.80513,2.38011e-06,5.6889,0.260256
2061.2083,304.986,305.012,4.22827,0.366858,1.73086,0.0124718,0.00844902,0.00484083,0.00402276,3.41988e-05,6.90963e-05,2.82868e-05,1.31381e-06,0.00192545,0.00472454,0.055446,1.06171,0.0214027,0.00253882,1.65201e-07,2.17485e-06,3.81027e-05,6.9951e-10,0.000120145,8.1458e-05,1.13915e-06,7.83177e-09,6.88468e-06,5.24236e-06,16.9903,42.7018,11.26,0.330193,23.279,0.310414,14.2345,0.0127165,0.246469,2.10225,0.255333,0.0137458,0.00250422,0.00651481,-0.254655,0.0129342,0.0218145,0.00586831,0.00404831,-0.254655,0.0191711,2.84971,2.22742,0.000387492,0.046828,0.000915697,0.00363574,0.000246469,0.000700749,0.046828,3.16522,2.34005e-06,5.73028,0.259185
2061.2917,305.397,305.393,4.20578,0.346148,2.27509,0.012275,0.00853049,0.00473262,0.00374454,3.2711e-05,6.91039e-05,2.70384e-05,1.26293e-06,0.00187548,0.00474853,0.0545467,1.08127,0.0210566,0.00253175,1.56918e-07,2.1568e-06,5.98433e-05,2.91329e-09,0.000116202,8.00376e-05,1.92931e-06,2.25259e-08,6.61079e-06,5.14956e-06,17.0278,42.7216,11.2619,0.32569,23.2724,0.308951,14.2388,0.0127315,0.245307,2.0958,0.255702,0.0135398,0.00258957,0.00640405,-0.255191,0.0128732,0.021821,0.00584065,0.00403473,-0.255191,0.0191931,2.84978,2.2275,0.000381483,0.0468087,0.000911381,0.00363683,0.000245307,0.000698599,0.0468087,3.28359,2.31372e-06,5.76589,0.258039
2061.3750,305.677,305.674,4.19078,0.305792,2.96085,0.0123267,0.00864798,0.00422383,0.00367871,4.52159e-05,6.96008e-05,3.76113e-05,1.56986e-06,0.00259251,0.00468873,0.0535159,0.80384,0.0212074,0.00252716,1.91535e-07,2.15396e-06,5.57459e-05,1.49969e-08,0.000100051,8.03329e-05,2.13257e-06,2.60061e-08,5.84437e-06,5.18205e-06,17.0615,42.7444,11.2646,0.323439,23.2678,0.307975,14.2436,0.0127573,0.244532,2.09163,0.256071,0.0129549,0.0020761,0.00635655,-0.255575,0.0128326,0.0218282,0.00582219,0.00402593,-0.255575,0.0192152,2.84985,2.22756,0.000379727,0.046796,0.000908501,0.00363804,0.000244532,0.000697212,0.046796,3.49258,2.34549e-06,5.79691,0.257289
2061.4583,305.613,305.605,4.17094,0.341024,2.3202,0.0122565,0.00867848,0.00470588,0.00357807,5.37708e-05,6.90997e-05,4.47931e-05,1.83566e-06,0.00309903,0.00467711,0.0537233,0.651748,0.0209694,0.00252093,2.25948e-07,2.14207e-06,4.82511e-05,1.38832e-08,0.000112763,7.94026e-05,1.67325e-06,2.26449e-08,6.50316e-06,5.1328e-06,17.0865,42.7646,11.2666,0.322357,23.266,0.306682,14.2479,0.0127689,0.243505,2.08973,0.256372,0.0126916,0.00169171,0.0063335,-0.255728,0.0127787,0.0218347,0.00579775,0.00402184,-0.255728,0.0192335,2.84991,2.22761,0.000378867,0.0467914,0.000904686,0.00363912,0.000243505,0.000696576,0.0467914,3.37906,2.36802e-06,5.8199,0.256274
2061.5417,306.772,306.725,4.17859,0.298592,3.66764,0.0127236,0.00891482,0.00421924,0.00380875,6.08976e-05,7.10219e-05,5.07886e-05,2.03166e-06,0.00341966,0.00438473,0.0520845,0.639939,0.0220858,0.0025239,2.33623e-07,2.15641e-06,3.96685e-05,1.36362e-08,0.000100659,8.32812e-05,1.52734e-06,2.49724e-08,5.82922e-06,5.38659e-06,17.1204,42.7851,11.2723,0.318013,23.2616,0.30718,14.2546,0.0128341,0.243901,2.08511,0.256796,0.0125518,0.00162784,0.00622874,-0.256113,0.0127995,0.0218446,0.00580717,0.00401212,-0.256113,0.0192596,2.84998,2.22767,0.000373717,0.0467797,0.000906157,0.00364076,0.000243901,0.000695036,0.0467797,4.29125,2.39003e-06,5.84816,0.256735
2061.6250,308.926,308.812,4.15842,0.162087,3.9727,0.0100317,0.00848605,0.00192182,0.00154568,9.02813e-05,6.31272e-05,7.56857e-05,2.45814e-06,0.00704637,0.00599134,0.0450405,0.281695,0.0161775,0.00251758,2.55547e-07,2.20108e-06,4.50076e-07,4.08296e-08,3.217e-05,6.17856e-05,2.8265e-08,1.87403e-08,2.49824e-06,4.05702e-06,17.1277,42.8263,11.2742,0.34033,23.2644,0.305864,14.2588,0.0128389,0.242856,2.09384,0.257029,0.0133037,0.00126734,0.00686085,-0.255883,0.0127446,0.021851,0.00578228,0.00403013,-0.255883,0.0192745,2.85005,2.22767,0.000410972,0.046788,0.000902274,0.00364183,0.000242856,0.000697948,0.046788,4.22597,2.45663e-06,5.85353,0.255695
2061.7083,311.658,311.479,3.96806,0.157193,2.90807,0.00553869,0.0076138,0.00194003,-0.00207511,4.69888e-05,3.7747e-05,3.92722e-05,1.30748e-06,0.00571223,0.00588945,0.026486,0.150303,0.00705545,0.00245388,1.22824e-07,2.20833e-06,7.10057e-07,2.09798e-08,2.3258e-05,3.15216e-05,4.125e-08,1.09705e-08,2.48747e-06,2.1008e-06,17.0369,42.8036,11.2526,0.373805,23.279,0.293373,14.247,0.0124855,0.232938,2.11397,0.256339,0.014515,0.00102343,0.00773755,-0.254657,0.0122241,0.0218352,0.00554615,0.00407177,-0.254657,0.0192308,2.85012,2.22768,0.000460618,0.0468278,0.000865427,0.0036392,0.000232938,0.000704657,0.0468278,3.34331,2.33115e-06,5.78427,0.245424
2061.7917,310.833,310.8,3.70017,0.179888,2.39133,0.00582318,0.00700388,0.00243202,-0.0011807,3.84678e-05,3.95035e-05,3.21984e-05,1.02052e-06,0.0048523,0.00655852,0.0275596,0.202283,0.00733595,0.00236288,9.50834e-08,2.18304e-06,3.55333e-06,1.36726e-08,2.65364e-05,3.18289e-05,1.85206e-07,6.26154e-09,3.28072e-06,2.10382e-06,16.899,42.726,11.2188,0.397126,23.2957,0.275594,14.2262,0.0119518,0.218822,2.13416,0.255202,0.0156369,0.00121016,0.00834387,-0.253232,0.0114833,0.0218068,0.00521004,0.00411346,-0.253232,0.0191574,2.85018,2.22773,0.00049549,0.0468729,0.000812982,0.00363447,0.000218822,0.000711385,0.0468729,3.11998,2.27812e-06,5.68015,0.230774
2061.8750,308.47,308.49,3.52825,0.223399,2.32868,0.00796266,0.00689339,0.0030707,0.00106927,6.20776e-05,5.28913e-05,5.19533e-05,1.79032e-06,0.00542866,0.00633608,0.0372196,0.264861,0.0121899,0.00230375,1.85227e-07,2.17117e-06,1.21832e-05,7.54746e-09,4.37827e-05,4.71242e-05,5.48969e-07,3.73598e-09,4.19056e-06,3.08911e-06,16.8138,42.6709,11.1965,0.394206,23.3141,0.264054,14.2122,0.0116007,0.209659,2.14879,0.254509,0.0165075,0.00124548,0.00822067,-0.251611,0.0110025,0.0217875,0.00499187,0.00414355,-0.251611,0.0191122,2.85024,2.22779,0.000485221,0.04692,0.000778939,0.00363126,0.000209659,0.000716263,0.04692,3.33314,2.35639e-06,5.61726,0.221259
2061.9583,305.03,305.084,3.58023,0.35644,1.93357,0.0128213,0.00819631,0.00544539,0.00462504,8.53006e-05,7.27608e-05,7.10093e-05,3.08257e-06,0.00470909,0.00536626,0.0562505,0.499838,0.0234195,0.00232163,3.69638e-07,2.15523e-06,2.79895e-05,1.14304e-09,0.000114327,8.62095e-05,9.12211e-07,2.09216e-09,7.64336e-06,5.5822e-06,16.8233,42.661,11.2035,0.362023,23.3247,0.267554,14.2167,0.0116885,0.212438,2.15095,0.254732,0.0168597,0.00118169,0.00734633,-0.250548,0.0111483,0.0217939,0.00505805,0.00414774,-0.250548,0.0191258,2.8503,2.22786,0.000435192,0.0469407,0.000789265,0.00363232,0.000212438,0.000716983,0.0469407,3.43521,2.52487e-06,5.61984,0.224127
2062.0417,306.016,306.025,3.77269,0.343666,2.65129,0.0129678,0.00856186,0.00501251,0.00440595,6.22939e-05,7.3172e-05,5.18838e-05,2.19555e-06,0.00335395,0.00506443,0.0542283,0.684213,0.0238376,0.0023877,2.55398e-07,2.16349e-06,3.75404e-05,4.74094e-10,0.000120981,8.85333e-05,1.24585e-06,1.51997e-09,7.22453e-06,5.70623e-06,16.8829,42.6808,11.2295,0.33406,23.3203,0.280436,14.2338,0.0120516,0.222667,2.14359,0.255482,0.0170681,0.00156737,0.0066208,-0.250734,0.0116851,0.0218179,0.00530158,0.00413223,-0.250734,0.0191725,2.85036,2.22793,0.000396441,0.0469202,0.000827265,0.00363631,0.000222667,0.000714531,0.0469202,3.79232,2.41889e-06,5.65332,0.234718
2062.1250,304.971,305.01,3.91288,0.36382,1.90396,0.0122494,0.00843288,0.00474999,0.00381653,4.52076e-05,6.97977e-05,3.75631e-05,1.63799e-06,0.00259785,0.00517473,0.0562097,0.846983,0.0219361,0.00243552,2.02456e-07,2.15506e-06,3.36753e-05,4.06243e-10,0.000117841,8.24078e-05,1.05647e-06,2.19201e-09,6.81263e-06,5.30209e-06,16.9238,42.6952,11.2494,0.322063,23.3127,0.289738,14.2475,0.0123174,0.230052,2.13655,0.256032,0.0171419,0.00194658,0.00631297,-0.251267,0.0120727,0.0218372,0.00547743,0.00411744,-0.251267,0.019206,2.85042,2.22801,0.000379978,0.0468944,0.000854704,0.00363953,0.000230052,0.000712185,0.0468944,3.18118,2.35752e-06,5.67447,0.24237
2062.2083,305.141,305.177,4.0568,0.365452,1.85954,0.0126592,0.00859078,0.00477769,0.00406844,3.94652e-05,7.04548e-05,3.27158e-05,1.48551e-06,0.00214266,0.00463123,0.055351,0.997813,0.0227804,0.00248428,1.83715e-07,2.14573e-06,3.75503e-05,1.44664e-09,0.000120544,8.59844e-05,1.13263e-06,1.13245e-08,6.78424e-06,5.5251e-06,16.9708,42.7202,11.2704,0.315915,23.3045,0.299214,14.2625,0.0125951,0.237576,2.12891,0.256616,0.0173129,0.00235004,0.00615295,-0.251908,0.0124675,0.0218583,0.00565658,0.00410141,-0.251908,0.0192416,2.85049,2.22807,0.000371125,0.0468699,0.000882657,0.00364305,0.000237576,0.000709637,0.0468699,3.37035,2.32944e-06,5.70045,0.250171
2062.2917,304.821,304.828,4.17394,0.360535,2.06993,0.0122369,0.00855518,0.00462506,0.00368172,3.32595e-05,6.92588e-05,2.75032e-05,1.28135e-06,0.00188247,0.00475234,0.0559208,1.10024,0.0216387,0.00252382,1.6293e-07,2.12995e-06,4.58393e-05,7.82963e-09,0.000114812,8.21708e-05,1.41643e-06,5.13932e-08,6.4597e-06,5.27815e-06,17.0112,42.7439,11.2885,0.314081,23.297,0.306876,14.2761,0.0128256,0.24366,2.12164,0.257104,0.0174086,0.00265356,0.00610564,-0.25254,0.0127868,0.0218777,0.00580142,0.00408619,-0.25254,0.0192709,2.85055,2.22813,0.000368062,0.0468494,0.000905258,0.00364628,0.00024366,0.000707214,0.0468494,3.12173,2.29288e-06,5.72273,0.256485
2062.3750,305.029,305.047,4.28634,0.298347,3.16596,0.0128328,0.00879271,0.00404596,0.00404012,5.52482e-05,7.06753e-05,4.60469e-05,1.86552e-06,0.00295187,0.00438225,0.055034,0.736864,0.0228482,0.00256156,2.34501e-07,2.12544e-06,5.64203e-05,4.63576e-08,9.31233e-05,8.66322e-05,2.20395e-06,7.763e-08,5.54937e-06,5.58873e-06,17.0506,42.7775,11.3064,0.315886,23.2932,0.314181,14.2899,0.0130504,0.24946,2.11773,0.257581,0.0169376,0.0019933,0.00616211,-0.252877,0.0130911,0.0218975,0.00593952,0.00407799,-0.252877,0.0192998,2.85062,2.22817,0.000372259,0.0468398,0.000926807,0.00364958,0.00024946,0.00070591,0.0468398,3.54309,2.35994e-06,5.74419,0.26251
2062.4583,305.335,305.326,4.392,0.275371,3.18219,0.0127542,0.00904741,0.00381897,0.00370675,0.000110458,7.03945e-05,9.22111e-05,3.61468e-06,0.00601891,0.00449063,0.0548465,0.339445,0.0223753,0.00259694,4.49091e-07,2.12651e-06,2.68044e-05,4.63267e-08,7.98301e-05,8.43845e-05,1.1846e-06,3.26231e-08,5.17883e-06,5.51259e-06,17.0868,42.8268,11.324,0.324051,23.296,0.321011,14.3039,0.013266,0.254883,2.11992,0.258019,0.0170531,0.00122026,0.00638172,-0.252651,0.0133757,0.0219176,0.00606864,0.0040825,-0.252651,0.0193279,2.85069,2.22819,0.000385668,0.0468479,0.000946955,0.00365294,0.000254883,0.000706639,0.0468479,3.73549,2.5756e-06,5.76271,0.268149
2062.5417,307.177,307.108,4.49052,0.225789,3.90084,0.0124592,0.00926729,0.00294978,0.00319187,0.000221571,7.10066e-05,0.000182362,9.63444e-06,0.0129705,0.00441606,0.0505715,0.16806,0.0216262,0.00262983,1.07731e-06,2.16125e-06,4.12003e-06,2.50193e-08,4.95831e-05,7.98845e-05,2.19709e-07,2.19598e-08,3.93937e-06,5.3575e-06,17.1145,42.8843,11.3413,0.339221,23.3036,0.327347,14.3181,0.0134711,0.259913,2.127,0.258401,0.0179877,0.000707458,0.00678716,-0.252005,0.0136397,0.0219381,0.00618841,0.00409719,-0.252005,0.0193551,2.85076,2.22819,0.000409405,0.0468682,0.000965643,0.00365635,0.000259913,0.000708999,0.0468682,4.49645,3.23855e-06,5.77319,0.273384
2062.6250,308.93,308.798,4.4942,0.180435,3.41595,0.00844173,0.00836597,0.00217026,7.57516e-05,0.000274294,5.35133e-05,0.000204011,1.99387e-05,0.0222127,0.005671,0.0390001,0.0554555,0.0130931,0.00263151,2.16745e-06,2.19416e-06,4.95769e-07,4.35327e-09,2.50934e-05,4.92204e-05,2.6607e-08,1.30152e-08,2.77899e-06,3.48541e-06,17.096,42.9201,11.3466,0.365629,23.3174,0.32758,14.3248,0.0134965,0.260099,2.14107,0.258296,0.0192794,0.000253059,0.00741855,-0.250815,0.0136494,0.0219481,0.00619283,0.0041264,-0.250815,0.0193564,2.85084,2.22818,0.000447735,0.0469049,0.000966333,0.00365803,0.000260099,0.000713689,0.0469049,3.83366,4.36161e-06,5.74937,0.273595
2062.7083,312.926,312.737,4.22839,0.12791,2.51135,0.00418367,0.00745638,0.00156394,-0.00327271,5.26272e-05,2.51291e-05,4.00617e-05,2.79667e-06,0.00943347,0.00548067,0.0186766,0.0517188,0.00376261,0.00254388,2.48981e-07,2.1791e-06,2.12303e-09,3.39702e-09,1.31765e-05,2.15956e-05,1.83029e-10,7.52075e-09,1.88583e-06,1.49227e-06,16.9615,42.8627,11.3166,0.406599,23.3323,0.310405,14.3081,0.0129966,0.246462,2.16226,0.257095,0.0205782,0.000366828,0.00849687,-0.249551,0.0129338,0.0219258,0.00586814,0.00417035,-0.249551,0.0192833,2.85091,2.22821,0.00051498,0.0469448,0.000915669,0.0036543,0.000246462,0.000720753,0.0469448,2.72637,2.42808e-06,5.64491,0.259459
2062.7917,307.652,307.74,3.99384,0.253724,2.48357,0.0100543,0.00761384,0.00407299,0.00244042,0.000195979,6.14116e-05,0.000158471,1.16199e-05,0.0144431,0.00628801,0.0425961,0.125537,0.0160532,0.00246549,1.2196e-06,2.15134e-06,6.15745e-06,2.29656e-09,4.68491e-05,5.95163e-05,2.66334e-07,4.33464e-09,5.54484e-06,4.03158e-06,16.8453,42.7956,11.2887,0.414912,23.3552,0.29508,14.2917,0.0125374,0.234293,2.18024,0.256041,0.0217752,0.000425668,0.00866826,-0.247567,0.0122952,0.0219036,0.00557841,0.00420754,-0.247567,0.0192174,2.85097,2.22827,0.000520862,0.0470048,0.00087046,0.00365061,0.000234293,0.000726747,0.0470048,3.68723,3.37094e-06,5.55662,0.246831
2062.8750,305.634,305.69,4.0957,0.335809,2.38806,0.0134996,0.00860224,0.00536935,0.00489733,0.00015409,7.39153e-05,0.000126157,7.85681e-06,0.00835107,0.0052626,0.0545196,0.2902,0.0239232,0.00249991,9.03804e-07,2.16975e-06,1.6245e-05,4.282e-10,0.000103171,8.85729e-05,5.66446e-07,2.48556e-09,7.50094e-06,5.82165e-06,16.8819,42.8013,11.3043,0.369952,23.3708,0.301763,14.3033,0.0127307,0.2396,2.17867,0.256417,0.0227162,0.000626064,0.00749181,-0.246023,0.0125737,0.0219202,0.00570476,0.00420417,-0.246023,0.0192455,2.85104,2.22834,0.000448377,0.0470369,0.000890175,0.00365337,0.0002396,0.000726222,0.0470369,3.84099,3.07355e-06,5.57757,0.25233
2062.9583,305.504,305.521,4.22326,0.337594,2.86821,0.0136339,0.00864267,0.00502881,0.00499125,9.16293e-05,7.39332e-05,7.60893e-05,3.5016e-06,0.00483815,0.00504999,0.0564103,0.480806,0.024107,0.00254291,4.19649e-07,2.18089e-06,2.66815e-05,2.84983e-10,0.000111126,9.07331e-05,9.14332e-07,1.5777e-09,7.16754e-06,5.89225e-06,16.9493,42.836,11.3245,0.344124,23.3709,0.310087,14.3187,0.0129943,0.246209,2.17175,0.257085,0.0233802,0.00105135,0.00684078,-0.245786,0.0129205,0.0219421,0.00586212,0.00418976,-0.245786,0.0192891,2.85111,2.22842,0.000412138,0.0470265,0.00091473,0.00365702,0.000246209,0.000723918,0.0470265,3.90121,2.60054e-06,5.62481,0.259203
2063.0417,305.169,305.221,4.307,0.318866,2.57916,0.0131374,0.00876205,0.00456477,0.00437538,9.87815e-05,7.14342e-05,8.20729e-05,3.70906e-06,0.00538792,0.00481286,0.0561169,0.4061,0.0228465,0.00257117,4.5278e-07,2.19359e-06,2.91091e-05,5.21581e-10,9.9882e-05,8.64054e-05,1.0839e-06,1.29683e-09,6.44537e-06,5.62883e-06,17.0079,42.882,11.3397,0.336556,23.3696,0.315521,14.3314,0.0131891,0.250524,2.16794,0.257668,0.0237691,0.00100782,0.00665776,-0.245746,0.013147,0.0219604,0.00596486,0.00418181,-0.245746,0.0193267,2.85118,2.22846,0.00040254,0.0470164,0.000930761,0.00366007,0.000250524,0.000722645,0.0470164,3.61128,2.64637e-06,5.66819,0.263713
2063.1250,305.056,305.065,4.37542,0.351176,2.35045,0.0131174,0.00874229,0.00495053,0.00437513,7.52075e-05,7.17599e-05,6.25286e-05,2.76461e-06,0.00403491,0.00485188,0.0567066,0.539145,0.0228853,0.00259427,3.45556e-07,2.19629e-06,2.76286e-05,2.33532e-10,0.000113573,8.71201e-05,9.01726e-07,1.0913e-09,6.96722e-06,5.64774e-06,17.0606,42.919,11.3533,0.328235,23.3677,0.319943,14.3433,0.0133547,0.254035,2.16249,0.258174,0.0242388,0.00124684,0.00644804,-0.245801,0.0133312,0.0219776,0.00604846,0.0041705,-0.245801,0.0193594,2.85125,2.22852,0.000390879,0.0470061,0.000943805,0.00366294,0.000254035,0.000720829,0.0470061,3.59572,2.54184e-06,5.70728,0.26739
2063.2083,304.471,304.504,4.42163,0.370587,1.62608,0.0127708,0.00866178,0.00484191,0.00410898,4.79538e-05,6.99637e-05,3.98347e-05,1.74333e-06,0.00261648,0.00463126,0.0568249,0.781744,0.0219835,0.00261,2.25395e-07,2.18102e-06,2.54444e-05,1.52048e-10,0.000114434,8.44674e-05,7.53616e-07,1.5263e-09,6.82432e-06,5.44961e-06,17.1045,42.9458,11.3644,0.322646,23.3635,0.322921,14.3539,0.0134781,0.2564,2.1551,0.258592,0.0247951,0.00182086,0.00630554,-0.246079,0.0134553,0.0219931,0.00610475,0.00415517,-0.246079,0.0193855,2.85132,2.22859,0.000382119,0.0469912,0.000952589,0.00366552,0.0002564,0.000718366,0.0469912,3.16118,2.40642e-06,5.74012,0.269878
2063.2917,303.752,303.793,4.44203,0.37141,1.61807,0.0122648,0.00848675,0.00456075,0.00377807,3.52078e-05,6.84058e-05,2.91442e-05,1.32872e-06,0.00201847,0.0048264,0.0583746,0.985309,0.0208043,0.00261721,1.78797e-07,2.15049e-06,3.36673e-05,5.26971e-09,0.000104886,8.03466e-05,1.01753e-06,5.00521e-08,6.31626e-06,5.17399e-06,17.1387,42.9713,11.3723,0.323484,23.3602,0.324234,14.3625,0.01355,0.257442,2.14891,0.258891,0.0253366,0.00230592,0.00632547,-0.246328,0.01351,0.0220059,0.00612956,0.00414234,-0.246328,0.0194034,2.85139,2.22866,0.000381577,0.0469803,0.000956461,0.00366765,0.000257442,0.000716305,0.0469803,2.87373,2.32929e-06,5.76639,0.270992
2063.3750,304.352,304.369,4.48092,0.331248,2.71611,0.0129924,0.00871064,0.00450452,0.00428177,4.57419e-05,7.08008e-05,3.79839e-05,1.6658e-06,0.0024252,0.00445215,0.0577053,0.845624,0.022517,0.00263049,2.19225e-07,2.13198e-06,5.36461e-05,1.65293e-08,0.00010191,8.65083e-05,1.82343e-06,1.1281e-07,6.1587e-06,5.57728e-06,17.1789,43.0031,11.3828,0.322119,23.3584,0.326732,14.3729,0.0136577,0.259425,2.14378,0.259268,0.0252537,0.00201663,0.00629885,-0.246461,0.0136141,0.0220211,0.00617678,0.00413171,-0.246461,0.0194263,2.85146,2.22871,0.000380706,0.0469746,0.000963829,0.00367018,0.000259425,0.000714593,0.0469746,3.37152,2.35121e-06,5.79608,0.273083
2063.4583,305.266,305.242,4.53546,0.319069,3.04763,0.0130765,0.00895265,0.00449116,0.00412385,6.69192e-05,7.12473e-05,5.56827e-05,2.39111e-06,0.00353812,0.00431009,0.0555341,0.575473,0.0226241,0.00264892,3.01961e-07,2.13369e-06,4.2344e-05,1.32556e-08,9.95573e-05,8.66759e-05,1.52292e-06,5.4857e-08,6.12974e-06,5.61307e-06,17.2231,43.0445,11.3955,0.322234,23.3585,0.330226,14.3849,0.0137965,0.262199,2.14056,0.259703,0.0251056,0.00140043,0.00631025,-0.246433,0.0137597,0.0220386,0.00624284,0.00412509,-0.246433,0.0194535,2.85153,2.22875,0.000382209,0.0469745,0.000974137,0.00367311,0.000262199,0.00071352,0.0469745,3.76007,2.43566e-06,5.82758,0.275996
2063.5417,306.335,306.286,4.59543,0.215791,3.91646,0.0129281,0.00916258,0.00288072,0.00376549,0.000186758,7.16319e-05,0.000154399,7.51493e-06,0.0104633,0.00427158,0.0536458,0.224682,0.0222113,0.00266911,8.87173e-07,2.1634e-06,5.80048e-06,3.15371e-08,5.10306e-05,8.32964e-05,2.89153e-07,2.9266e-08,3.82294e-06,5.53771e-06,17.2644,43.1073,11.4094,0.335465,23.3631,0.334058,14.3979,0.0139471,0.265242,2.14434,0.260132,0.0257534,0.000851255,0.00667432,-0.246037,0.0139193,0.0220576,0.00631528,0.00413302,-0.246037,0.0194823,2.85161,2.22876,0.000404253,0.0469864,0.00098544,0.00367627,0.000265242,0.000714781,0.0469864,4.21131,3.05057e-06,5.85504,0.279189
2063.6250,309.747,309.541,4.53255,0.150138,3.44517,0.00741933,0.00815725,0.00173509,-0.000737914,0.000202253,4.78036e-05,0.000152136,1.23826e-05,0.0188273,0.00572879,0.0356147,0.0561678,0.010538,0.00264907,1.33809e-06,2.18412e-06,2.58256e-08,9.76846e-09,1.81348e-05,4.20031e-05,1.76078e-09,1.92215e-08,2.1119e-06,2.94776e-06,17.2381,43.1485,11.4073,0.37269,23.3762,0.330033,14.4004,0.0138551,0.262047,2.16162,0.259908,0.0270943,0.000313824,0.0076292,-0.244925,0.0137516,0.0220621,0.0062392,0.00416895,-0.244925,0.0194741,2.85168,2.22874,0.000462616,0.0470216,0.000973569,0.00367702,0.000262047,0.000720541,0.0470216,3.65847,3.52221e-06,5.83076,0.275902
2063.7083,312.577,312.374,4.23868,0.147233,2.61494,0.00428144,0.00756386,0.00191061,-0.00328242,6.04373e-05,2.63628e-05,4.67575e-05,3.09255e-06,0.00958101,0.00506126,0.0188641,0.0495544,0.00421019,0.0025523,2.78867e-07,2.17189e-06,1.63618e-09,5.56493e-09,1.36919e-05,2.30402e-05,1.40254e-10,1.06014e-08,2.45158e-06,1.59251e-06,17.098,43.0876,11.3739,0.41255,23.3932,0.311075,14.3817,0.0132938,0.246994,2.18387,0.258645,0.0284013,0.000371073,0.00864988,-0.24348,0.0129617,0.0220371,0.00588081,0.00421512,-0.24348,0.0193962,2.85175,2.22877,0.000525438,0.0470679,0.000917646,0.00367285,0.000246994,0.000727956,0.0470679,3.04658,2.45076e-06,5.72404,0.260288
2063.7917,315.151,314.961,3.8928,0.117849,2.06914,0.00279327,0.00722899,0.00154347,-0.00443573,8.12532e-06,1.03272e-05,6.72494e-06,2.52432e-07,0.00242725,0.00320714,0.00805835,0.0537855,0.00119778,0.00243627,1.89825e-08,2.12572e-06,2.13555e-11,5.98611e-09,1.37164e-05,1.40716e-05,2.21227e-12,5.94716e-09,1.86583e-06,9.72012e-07,16.9255,42.9866,11.3313,0.444619,23.4102,0.288395,14.3557,0.0126013,0.228986,2.20626,0.257136,0.0296512,0.000715778,0.00956569,-0.242028,0.0120167,0.0220017,0.00545205,0.00426151,-0.242028,0.0192997,2.85182,2.22883,0.000581073,0.0471134,0.000850743,0.00366695,0.000228986,0.000735422,0.0471134,2.28607,2.1447e-06,5.59421,0.241587
2063.8750,308.911,309.01,3.64672,0.243283,2.20708,0.00946894,0.0073344,0.00430949,0.00213454,9.46102e-05,5.40837e-05,7.86677e-05,3.34961e-06,0.00690684,0.00527117,0.0345862,0.19356,0.0137861,0.00235236,3.31959e-07,2.08935e-06,1.21452e-05,4.35315e-09,4.66972e-05,5.29991e-05,5.28009e-07,3.50602e-09,6.04431e-06,3.50117e-06,16.7989,42.8987,11.2995,0.440845,23.4345,0.272024,14.3357,0.0120861,0.215987,2.22444,0.256036,0.0306739,0.000845165,0.00940038,-0.239906,0.0113346,0.0219743,0.00514255,0.00429904,-0.239906,0.0192289,2.85188,2.2289,0.000568259,0.0471761,0.000802449,0.00366239,0.000215987,0.000741479,0.0471761,3.33445,2.42131e-06,5.49944,0.228073
2063.9583,307.226,307.212,3.76804,0.268335,3.51912,0.0128997,0.00864129,0.00437679,0.00425838,0.000149521,7.17162e-05,0.000123971,5.79257e-06,0.00894379,0.00511603,0.0483666,0.262757,0.0223386,0.00239375,5.98965e-07,2.10794e-06,1.2336e-05,1.32534e-09,7.71829e-05,8.16071e-05,5.14986e-07,2.15383e-09,6.23674e-06,5.36278e-06,16.8184,42.8842,11.315,0.386352,23.4542,0.280123,14.3454,0.0122646,0.222418,2.22524,0.256355,0.0313504,0.000741525,0.00791736,-0.237964,0.011672,0.021988,0.00529566,0.00430051,-0.237964,0.0192504,2.85195,2.22899,0.000475223,0.0472169,0.00082634,0.00366467,0.000222418,0.000741746,0.0472169,4.38378,2.7069e-06,5.50338,0.234682
2064.0417,307.588,307.635,3.85902,0.246361,2.33859,0.00998067,0.00769769,0.00346702,0.00228298,0.000141167,6.2177e-05,0.000116106,6.35878e-06,0.011295,0.00638415,0.0440189,0.175081,0.0163176,0.00242475,6.70632e-07,2.13862e-06,1.01657e-05,1.0615e-09,5.72204e-05,6.06451e-05,4.04628e-07,1.5276e-09,4.96462e-06,4.03197e-06,16.8042,42.8903,11.3263,0.388376,23.4633,0.286175,14.3521,0.0123661,0.227223,2.23441,0.256409,0.0322871,0.000591744,0.00798884,-0.237022,0.0119242,0.0219977,0.00541008,0.00431938,-0.237022,0.0192554,2.85201,2.22902,0.00047802,0.0472339,0.000844194,0.00366629,0.000227223,0.000744802,0.0472339,3.39197,2.80925e-06,5.47796,0.239589
2064.1250,306.718,306.716,4.02908,0.338912,2.47306,0.01291,0.00876144,0.00540307,0.00414853,0.000110892,7.18185e-05,9.18032e-05,4.51601e-06,0.00613064,0.00502285,0.0499039,0.388967,0.0233283,0.00248215,4.92932e-07,2.15021e-06,1.98757e-05,2.68846e-10,0.000114507,8.66922e-05,6.88633e-07,1.00718e-09,7.75921e-06,5.64454e-06,16.8306,42.8939,11.348,0.363201,23.4686,0.29739,14.3658,0.0126199,0.236128,2.23154,0.2568,0.0329801,0.000882615,0.00730702,-0.236323,0.0123915,0.022017,0.0056221,0.00431332,-0.236323,0.0192819,2.85207,2.22909,0.000438221,0.0472361,0.000877277,0.0036695,0.000236128,0.000743848,0.0472361,3.99009,2.64315e-06,5.48263,0.248748
2064.2083,305.89,305.944,4.22001,0.342793,2.33427,0.0124723,0.00860647,0.0050996,0.00386585,5.87482e-05,6.92017e-05,4.88799e-05,2.08616e-06,0.00334059,0.00474127,0.0509922,0.642079,0.0220994,0.00254618,2.38023e-07,2.1605e-06,3.4239e-05,1.74387e-10,0.000117111,8.36378e-05,1.16194e-06,6.8951e-10,7.30939e-06,5.3941e-06,16.8726,42.8994,11.3731,0.340841,23.4641,0.309873,14.3822,0.0129193,0.24604,2.22181,0.257335,0.0333931,0.00149149,0.00673558,-0.236462,0.0129116,0.0220404,0.00585808,0.00429305,-0.236462,0.0193154,2.85214,2.22919,0.000407039,0.0472128,0.000914099,0.0036734,0.00024604,0.000740602,0.0472128,3.44154,2.39852e-06,5.49948,0.258959
2064.2917,304.94,304.995,4.35539,0.363022,1.78122,0.0122885,0.00851419,0.00499307,0.00377435,4.06464e-05,6.84507e-05,3.37118e-05,1.49485e-06,0.00234681,0.00494135,0.0538993,0.889139,0.0215788,0.00259128,1.84254e-07,2.1393e-06,3.40478e-05,1.24626e-10,0.000117835,8.22723e-05,1.06536e-06,6.27749e-10,7.09463e-06,5.28875e-06,16.9055,42.9073,11.392,0.33099,23.4583,0.318648,14.3953,0.0131252,0.253007,2.21259,0.257701,0.03376,0.00211182,0.00648437,-0.236811,0.0132772,0.0220591,0.00602397,0.0042739,-0.236811,0.0193373,2.85221,2.22927,0.000392691,0.0471902,0.000939984,0.00367652,0.000253007,0.000737529,0.0471902,3.05672,2.32355e-06,5.51351,0.266132
2064.3750,305.345,305.341,4.48514,0.338717,2.63045,0.0125534,0.00865593,0.00481179,0.00389744,4.08734e-05,6.93902e-05,3.38938e-05,1.50542e-06,0.00229837,0.00463353,0.0538178,0.910618,0.0221877,0.00263428,1.84798e-07,2.12223e-06,5.24422e-05,2.07119e-10,0.000111308,8.46521e-05,1.74546e-06,1.29427e-09,6.69372e-06,5.44161e-06,16.9413,42.9256,11.4106,0.326221,23.4536,0.327,14.4087,0.0133274,0.259638,2.20448,0.258076,0.033759,0.00218306,0.00636857,-0.237126,0.0136253,0.0220784,0.00618187,0.00425705,-0.237126,0.0193597,2.85228,2.22935,0.000386529,0.0471736,0.000964622,0.00367973,0.000259638,0.000734827,0.0471736,3.37329,2.30703e-06,5.53068,0.272966
2064.4583,305.603,305.599,4.61088,0.272803,3.25896,0.0127842,0.00894581,0.00385556,0.00383842,8.05799e-05,6.96522e-05,6.73466e-05,2.51576e-06,0.00442996,0.00456673,0.0530338,0.506671,0.022508,0.00267574,3.02451e-07,2.1222e-06,3.30097e-05,2.16603e-09,8.00389e-05,8.55437e-05,1.41597e-06,1.93209e-09,5.27305e-06,5.54791e-06,16.9774,42.9625,11.4293,0.330136,23.4534,0.335041,14.4225,0.0135282,0.266022,2.20156,0.258454,0.0336467,0.0015546,0.0064829,-0.237096,0.0139603,0.0220983,0.00633387,0.00425101,-0.237096,0.0193828,2.85236,2.22939,0.000393957,0.0471711,0.000988339,0.00368306,0.000266022,0.000733852,0.0471711,3.70587,2.42465e-06,5.5481,0.279551
2064.5417,308.503,308.371,4.70316,0.194437,3.88944,0.0100995,0.00854673,0.00242017,0.0015528,0.000116785,5.77539e-05,9.74109e-05,3.7119e-06,0.00846877,0.00481618,0.0418998,0.19379,0.0163672,0.00270617,4.02901e-07,2.15726e-06,2.91321e-06,3.02251e-09,3.75533e-05,6.38125e-05,1.58796e-07,1.8539e-09,3.1839e-06,4.22446e-06,16.9953,43.019,11.4445,0.352497,23.4618,0.34091,14.4346,0.0136749,0.270682,2.20952,0.258689,0.0346309,0.00094829,0.00708606,-0.23636,0.0142048,0.0221159,0.00644482,0.00426758,-0.23636,0.0193994,2.85243,2.22939,0.000428986,0.0471925,0.00100565,0.00368599,0.000270682,0.000736507,0.0471925,4.26828,2.56016e-06,5.55081,0.284357
2064.6250,313.091,312.836,4.46046,0.141315,2.44876,0.00382874,0.00720565,0.00179783,-0.00337691,2.3938e-05,2.0845e-05,1.99165e-05,7.04066e-07,0.004297,0.00426049,0.0165852,0.0888879,0.00333286,0.00262713,6.42957e-08,2.15809e-06,4.34017e-08,2.43149e-09,1.75954e-05,2.1489e-05,3.00658e-09,1.47959e-09,2.26024e-06,1.45985e-06,16.8862,42.9863,11.418,0.393966,23.4769,0.325401,14.4204,0.0132244,0.258368,2.22919,0.257628,0.0360017,0.000927521,0.00820507,-0.235067,0.0135586,0.0220971,0.00615162,0.0043084,-0.235067,0.0193326,2.85251,2.22942,0.00049371,0.0472332,0.000959903,0.00368284,0.000258368,0.000743065,0.0472332,2.76287,2.22239e-06,5.46816,0.271593
2064.7083,315.791,315.594,4.07785,0.109643,1.89991,0.00244222,0.0069136,0.0014823,-0.00447138,2.59665e-06,6.50227e-06,2.15003e-06,4.94163e-08,0.00106708,0.00271042,0.00533401,0.0619259,0.000660433,0.00250017,3.43772e-09,2.09583e-06,5.1171e-09,2.75283e-09,1.3168e-05,1.31122e-05,4.86036e-10,1.10399e-09,1.82573e-06,9.11632e-07,16.7161,42.8968,11.3719,0.437859,23.4907,0.300576,14.3927,0.0125004,0.238657,2.25212,0.25599,0.0373035,0.00137298,0.00947721,-0.233892,0.0125242,0.0220593,0.00568231,0.00435587,-0.233892,0.0192276,2.85258,2.22947,0.000572765,0.0472704,0.000886673,0.00367654,0.000238657,0.000750708,0.0472704,2.02835,2.09927e-06,5.34423,0.251157
2064.7917,310.827,310.9,3.74612,0.213088,1.9968,0.00662344,0.00655264,0.00362199,7.0797e-05,3.00658e-05,3.32965e-05,2.51846e-05,8.24302e-07,0.00285666,0.00470186,0.0221294,0.237804,0.00782696,0.00238791,7.69939e-08,2.04053e-06,1.62748e-05,2.45994e-09,3.44249e-05,3.43907e-05,7.55794e-07,8.24151e-10,5.11846e-06,2.2605e-06,16.5636,42.8019,11.3295,0.451138,23.5138,0.278664,14.3661,0.011843,0.221259,2.27329,0.254504,0.0383427,0.00160182,0.00973828,-0.231901,0.0116112,0.0220227,0.00526808,0.00439957,-0.231901,0.0191318,2.85264,2.22954,0.00058764,0.0473317,0.000822036,0.00367045,0.000221259,0.000757762,0.0473317,2.94355,2.11752e-06,5.23411,0.233102
2064.8750,306.096,306.193,3.76461,0.32787,1.95682,0.0122947,0.00760413,0.00548893,0.00469059,7.32113e-05,6.74474e-05,6.11629e-05,2.3347e-06,0.00461265,0.0051308,0.0473836,0.461723,0.0202994,0.00239409,2.5019e-07,2.04594e-06,3.32106e-05,7.2524e-10,9.90724e-05,7.47519e-05,1.23096e-06,5.89505e-10,7.78903e-06,4.83996e-06,16.5561,42.7616,11.3309,0.394226,23.537,0.279901,14.3663,0.011826,0.222241,2.27428,0.254434,0.0385979,0.00134515,0.00811788,-0.229701,0.0116628,0.0220231,0.00529146,0.0044014,-0.229701,0.0191263,2.85271,2.22966,0.000485866,0.0473833,0.000825685,0.00367051,0.000222241,0.000758092,0.0473833,3.38274,2.29613e-06,5.22526,0.234067
2064.9583,304.351,304.433,3.91843,0.374741,1.63947,0.0125784,0.00780695,0.00521535,0.00477146,4.5243e-05,6.8235e-05,3.75832e-05,1.64321e-06,0.00268966,0.00524894,0.0559515,0.846265,0.0221792,0.00244618,2.02898e-07,2.03488e-06,2.62388e-05,1.29178e-10,0.0001174,8.22178e-05,8.06902e-07,3.81022e-10,7.60245e-06,5.27556e-06,16.5968,42.7539,11.3491,0.35532,23.5372,0.290103,14.3766,0.0120354,0.230342,2.26455,0.254851,0.0388766,0.00192894,0.0070943,-0.229379,0.0120879,0.0220377,0.00548433,0.00438104,-0.229379,0.0191512,2.85277,2.22977,0.000427103,0.0473695,0.000855779,0.00367294,0.000230342,0.000754851,0.0473695,3.05906,2.23778e-06,5.2478,0.242377
2065.0417,306.23,306.214,4.14344,0.336065,3.27232,0.0136664,0.00836385,0.00503729,0.00530259,5.06402e-05,7.24745e-05,4.20704e-05,1.85084e-06,0.00269053,0.00482843,0.0539377,0.913257,0.0255032,0.00252168,2.12689e-07,2.04879e-06,5.06149e-05,2.12662e-10,0.000117197,9.45436e-05,1.74824e-06,7.25487e-10,7.19723e-06,6.06415e-06,16.657,42.7843,11.3759,0.340324,23.5315,0.304879,14.3923,0.0123539,0.242074,2.25549,0.255501,0.0389572,0.00205028,0.0067058,-0.229662,0.0127035,0.0220596,0.00576367,0.00436212,-0.229662,0.0191905,2.85284,2.22984,0.000405675,0.0473451,0.000899367,0.00367661,0.000242074,0.00075183,0.0473451,4.14866,2.26148e-06,5.28108,0.254428
2065.1250,305.048,305.095,4.33937,0.377349,1.569,0.0127799,0.00832079,0.00492834,0.00445908,4.09267e-05,6.86246e-05,3.39183e-05,1.53707e-06,0.00231268,0.00491805,0.0550851,0.979808,0.023208,0.00258685,1.88238e-07,2.05607e-06,2.61558e-05,3.08356e-10,0.000117294,8.7174e-05,7.7092e-07,2.19493e-09,7.03357e-06,5.59229e-06,16.7107,42.8147,11.3999,0.332174,23.5257,0.317612,14.407,0.012632,0.252184,2.24611,0.256073,0.0390857,0.00221768,0.00649503,-0.230042,0.0132341,0.0220804,0.00600437,0.00434257,-0.230042,0.0192252,2.8529,2.22991,0.00039367,0.0473236,0.000936926,0.00368007,0.000252184,0.000748703,0.0473236,3.32758,2.24431e-06,5.31082,0.264816
2065.2083,304.63,304.669,4.51327,0.379055,1.5715,0.0126372,0.00833546,0.00479671,0.00430177,3.31069e-05,6.78326e-05,2.73303e-05,1.30884e-06,0.00185684,0.00469151,0.0556535,1.16469,0.0228483,0.0026442,1.65712e-07,2.05618e-06,2.98053e-05,3.35331e-08,0.000112625,8.64681e-05,8.63941e-07,2.39875e-07,6.70783e-06,5.54194e-06,16.7641,42.8531,11.4219,0.332036,23.5204,0.328803,14.4211,0.0128784,0.261069,2.23658,0.256592,0.0396556,0.00268824,0.00648436,-0.230432,0.0137004,0.0221004,0.00621594,0.00432273,-0.230432,0.0192564,2.85297,2.22997,0.000391237,0.0473065,0.000969938,0.0036834,0.000261069,0.000745527,0.0473065,3.19923,2.22189e-06,5.34214,0.273948
2065.2917,305.12,305.132,4.66159,0.364062,2.01384,0.0127984,0.00854649,0.00494289,0.00425188,3.21469e-05,6.86104e-05,2.65078e-05,1.28543e-06,0.00177448,0.00460216,0.0545051,1.20962,0.0231583,0.00269279,1.60063e-07,2.05188e-06,4.28848e-05,6.74635e-08,0.000115565,8.79766e-05,1.29461e-06,4.88027e-07,6.7998e-06,5.63826e-06,16.8121,42.886,11.4415,0.330814,23.5162,0.338269,14.4341,0.013089,0.268585,2.227,0.257046,0.0398856,0.00284913,0.00645437,-0.230767,0.0140948,0.0221191,0.00639489,0.00430282,-0.230767,0.0192835,2.85304,2.23002,0.000389093,0.0472942,0.000997861,0.00368652,0.000268585,0.000742333,0.0472942,3.29039,2.21195e-06,5.3706,0.281674
2065.3750,304.9,304.931,4.79657,0.335404,2.74741,0.0131472,0.00861435,0.00475502,0.00453287,4.03218e-05,6.95621e-05,3.33961e-05,1.5134e-06,0.00215644,0.00447089,0.055209,1.00396,0.0238451,0.00273675,1.90592e-07,2.04832e-06,5.99576e-05,3.79428e-08,0.00010617,9.07987e-05,2.00153e-06,2.13114e-07,6.4263e-06,5.82876e-06,16.8592,42.9226,11.4599,0.330366,23.5141,0.34682,14.447,0.0132833,0.275375,2.21902,0.257475,0.0396802,0.00240384,0.00645331,-0.230939,0.0144511,0.0221376,0.00655656,0.00428626,-0.230939,0.0193092,2.8531,2.23007,0.000389836,0.0472883,0.00102309,0.0036896,0.000275375,0.000739674,0.0472883,3.41628,2.23892e-06,5.39925,0.288659
2065.4583,304.886,304.888,4.94643,0.295726,3.19036,0.0134543,0.00880007,0.00426309,0.00465428,8.39705e-05,7.02823e-05,6.98757e-05,2.98112e-06,0.00439434,0.00428288,0.0556773,0.517209,0.0243852,0.00278525,3.76608e-07,2.05589e-06,4.3262e-05,2.76829e-08,8.73269e-05,9.25725e-05,1.70784e-06,6.6512e-08,5.72346e-06,5.99659e-06,16.916,42.983,11.4806,0.335021,23.5164,0.356247,14.4617,0.0135082,0.28286,2.21559,0.257978,0.0394777,0.0013709,0.00658722,-0.230737,0.0148439,0.0221587,0.00673476,0.00427917,-0.230737,0.0193405,2.85318,2.2301,0.000398918,0.0472943,0.00105089,0.00369312,0.00028286,0.000738528,0.0472943,3.61769,2.4325e-06,5.43538,0.296368
2065.5417,306.27,306.227,5.08217,0.211282,3.95596,0.0129642,0.00896088,0.00290115,0.00400334,0.000284256,7.04077e-05,0.00022615,1.5235e-05,0.016889,0.0044202,0.0529984,0.150197,0.0230666,0.00282898,1.77062e-06,2.08151e-06,4.23343e-06,2.3513e-08,4.59479e-05,8.43748e-05,2.20563e-07,2.9021e-08,3.78991e-06,5.72295e-06,16.966,43.0638,11.5003,0.352769,23.5248,0.364726,14.4763,0.0137152,0.289593,2.2202,0.258391,0.0403341,0.000598575,0.00706301,-0.230008,0.0151972,0.0221798,0.00689506,0.00428881,-0.230008,0.0193703,2.85326,2.2301,0.000428051,0.0473166,0.00107591,0.00369663,0.000289593,0.000740066,0.0473166,4.21934,3.85213e-06,5.46566,0.303308
2065.6250,308.077,307.985,5.05692,0.185537,3.35672,0.00847332,0.00791007,0.00224501,0.000563256,0.000442657,5.35707e-05,0.00031802,3.90217e-05,0.0374938,0.00583241,0.0403524,0.0271332,0.0130881,0.00282134,4.32948e-06,2.11589e-06,9.12047e-08,3.20985e-09,1.68579e-05,4.63064e-05,5.77963e-09,1.84055e-08,2.80468e-06,3.51835e-06,16.9465,43.1144,11.5015,0.38966,23.5418,0.363151,14.4798,0.0136626,0.288342,2.23643,0.258012,0.0418027,0.000129069,0.00789037,-0.228551,0.0151316,0.0221855,0.00686529,0.00432254,-0.228551,0.0193594,2.85334,2.23008,0.000482365,0.0473618,0.00107126,0.00369759,0.000288342,0.000745477,0.0473618,3.74191,6.44537e-06,5.44499,0.302005
2065.7083,311.736,311.565,4.76982,0.133927,2.63786,0.0046726,0.00699719,0.00163907,-0.00232459,9.88124e-05,2.70569e-05,6.6314e-05,7.29062e-06,0.0154271,0.00520393,0.0197197,0.0279932,0.004517,0.00272941,6.81365e-07,2.10442e-06,6.97989e-11,2.04981e-09,9.57093e-06,2.42359e-05,4.20898e-12,1.01553e-08,1.92369e-06,1.7229e-06,16.8329,43.0851,11.471,0.435163,23.5593,0.345114,14.4636,0.0131727,0.274021,2.25767,0.256686,0.0432298,0.000192488,0.00903625,-0.227051,0.01438,0.0221639,0.0065243,0.0043666,-0.227051,0.019283,2.85342,2.2301,0.000556639,0.0474087,0.00101806,0.00369399,0.000274021,0.000752557,0.0474087,2.82669,2.78579e-06,5.36189,0.287193
2065.7917,307.401,307.465,4.53964,0.25443,2.79588,0.0109438,0.00795629,0.00440834,0.00298755,0.000432118,6.25242e-05,0.000317083,4.08579e-05,0.0281771,0.00556855,0.043503,0.0576518,0.0183814,0.0026547,4.35678e-06,2.09059e-06,2.67786e-06,1.14841e-09,3.86119e-05,6.38588e-05,1.22803e-07,5.62548e-09,5.8891e-06,4.60062e-06,16.7415,43.0405,11.4455,0.438606,23.5866,0.330493,14.4495,0.0127608,0.262411,2.27383,0.255611,0.0445555,0.000190874,0.00902939,-0.224676,0.0137708,0.0221449,0.00624788,0.00440005,-0.224676,0.0192202,2.85349,2.23017,0.000553498,0.0474794,0.000974924,0.00369082,0.000262411,0.000757943,0.0474794,3.76677,6.44736e-06,5.29597,0.275172
2065.8750,304.73,304.824,4.65026,0.331839,2.02161,0.0134157,0.00859183,0.00537429,0.00482387,0.000434335,7.1181e-05,0.000326048,4.26902e-05,0.0238269,0.0049656,0.0560732,0.126629,0.0241799,0.00269092,5.06361e-06,2.10304e-06,5.67905e-06,1.57338e-10,8.09521e-05,8.47427e-05,1.89757e-07,3.16315e-09,7.37118e-06,5.92153e-06,16.7758,43.062,11.4604,0.40251,23.6086,0.337548,14.4598,0.0129176,0.268013,2.27517,0.255748,0.0459074,0.000265556,0.00807134,-0.22258,0.0140648,0.0221597,0.00638126,0.00440279,-0.22258,0.0192464,2.85357,2.23022,0.000494242,0.0475281,0.000995736,0.00369328,0.000268013,0.000758392,0.0475281,3.42871,7.16664e-06,5.31531,0.28093
2065.9583,304.643,304.665,4.66905,0.3592,2.34404,0.0139714,0.00813976,0.00549475,0.0058316,0.000107696,7.21948e-05,8.87904e-05,4.82722e-06,0.00550636,0.00467442,0.0584336,0.413729,0.0242101,0.00269747,6.12427e-07,2.10402e-06,1.46036e-05,8.16126e-11,0.000110155,9.13098e-05,4.4921e-07,2.27083e-09,7.79946e-06,5.96176e-06,16.853,43.1038,11.467,0.369274,23.6149,0.338744,14.4667,0.0129879,0.268963,2.26665,0.256245,0.0470788,0.000870044,0.00731943,-0.221741,0.0141146,0.0221699,0.00640387,0.0043851,-0.221741,0.0192832,2.85365,2.23031,0.000445935,0.0475309,0.000999264,0.00369499,0.000268963,0.00075555,0.0475309,3.55712,2.71645e-06,5.38602,0.281951
2066.0417,305.243,305.258,4.58678,0.349818,2.65879,0.0137196,0.00825872,0.00522552,0.00546086,7.11184e-05,7.23579e-05,5.91054e-05,2.62838e-06,0.00370718,0.0047998,0.0568828,0.594043,0.0238783,0.00267119,3.23967e-07,2.12154e-06,2.65618e-05,1.5801e-10,0.000112959,9.04317e-05,8.60037e-07,3.68531e-09,7.41184e-06,5.86191e-06,16.9361,43.1611,11.4631,0.353128,23.614,0.333505,14.4685,0.0129446,0.264803,2.25794,0.256779,0.0477871,0.00128344,0.00695034,-0.221592,0.0138963,0.022173,0.00630483,0.004367,-0.221592,0.0193178,2.85372,2.23038,0.000423157,0.0475181,0.00098381,0.0036955,0.000264803,0.000752646,0.0475181,3.82453,2.4455e-06,5.47292,0.277747
2066.1250,304.326,304.376,4.49866,0.380139,1.26303,0.0127201,0.00818797,0.00494142,0.00453214,4.36762e-05,6.82711e-05,3.62302e-05,1.61842e-06,0.00242614,0.00477922,0.0573497,0.85237,0.0215483,0.00264284,2.0935e-07,2.1132e-06,2.04153e-05,4.24056e-10,0.000112288,8.2372e-05,5.88545e-07,1.2881e-08,7.04621e-06,5.31876e-06,17,43.2036,11.458,0.344282,23.6105,0.327868,14.4692,0.0128777,0.260327,2.24889,0.257183,0.0484418,0.00190223,0.0067439,-0.221736,0.0136614,0.0221744,0.00619826,0.0043482,-0.221736,0.0193432,2.85379,2.23046,0.000409201,0.0475015,0.000967181,0.00369574,0.000260327,0.000749632,0.0475015,2.97493,2.32255e-06,5.54195,0.273205
2066.2083,304.404,304.408,4.406,0.370349,1.82852,0.0127903,0.00814421,0.00493734,0.00464612,3.37197e-05,6.88823e-05,2.78583e-05,1.32356e-06,0.0018449,0.00456711,0.0577754,1.10754,0.0219735,0.00261283,1.73192e-07,2.08881e-06,3.42016e-05,2.87045e-08,0.000114034,8.37414e-05,1.00892e-06,6.40037e-07,6.89566e-06,5.39246e-06,17.0531,43.2414,11.4519,0.341242,23.6066,0.321914,14.469,0.0127932,0.2556,2.24044,0.257507,0.049024,0.00248583,0.00667604,-0.221976,0.0134134,0.0221747,0.00608571,0.0043306,-0.221976,0.0193627,2.85385,2.23053,0.000402638,0.0474866,0.000949619,0.00369578,0.0002556,0.000746812,0.0474866,3.16485,2.26201e-06,5.6012,0.268393
2066.2917,305.03,305.039,4.33746,0.352054,2.19594,0.0125951,0.008278,0.00493724,0.00431715,3.28192e-05,6.88134e-05,2.71125e-05,1.2832e-06,0.00181529,0.0046088,0.0553682,1.1031,0.0216112,0.00259064,1.62513e-07,2.08145e-06,5.219e-05,1.98591e-08,0.000115839,8.22517e-05,1.63493e-06,2.95454e-07,6.80953e-06,5.29519e-06,17.1069,43.2748,11.4485,0.334335,23.602,0.317492,14.4703,0.0127472,0.252088,2.23151,0.2579,0.0490095,0.00259002,0.00651569,-0.222308,0.0132291,0.022177,0.0060021,0.004312,-0.222308,0.0193863,2.85391,2.23059,0.000393404,0.0474718,0.000936573,0.00369617,0.000252088,0.000743835,0.0474718,3.21386,2.24396e-06,5.65844,0.264836
2066.3750,304.915,304.919,4.27816,0.33909,2.56165,0.0127807,0.00830434,0.00473852,0.00447636,3.84147e-05,6.96993e-05,3.18309e-05,1.44512e-06,0.00207334,0.00445198,0.0558864,0.970114,0.0221557,0.0025714,1.84192e-07,2.0698e-06,5.74951e-05,1.24805e-08,0.000111124,8.39977e-05,1.89226e-06,1.42157e-07,6.50511e-06,5.41112e-06,17.1556,43.3064,11.4459,0.328986,23.5979,0.313653,14.4719,0.012711,0.249041,2.22403,0.258276,0.0486355,0.00230282,0.00639587,-0.222635,0.0130691,0.0221797,0.00592954,0.00429643,-0.222635,0.0194088,2.85398,2.23065,0.000387204,0.0474593,0.00092525,0.00369662,0.000249041,0.000741344,0.0474593,3.30726,2.25399e-06,5.70968,0.261752
2066.4583,305.572,305.557,4.24627,0.302626,3.03395,0.0128328,0.00848125,0.0043136,0.00435158,6.16259e-05,7.00487e-05,5.13634e-05,2.10443e-06,0.00333834,0.00433307,0.0542876,0.618792,0.0222879,0.00256123,2.59187e-07,2.07483e-06,4.98245e-05,2.75662e-08,9.7746e-05,8.41003e-05,1.92916e-06,6.02969e-08,5.89992e-06,5.4435e-06,17.2091,43.3518,11.4467,0.327533,23.5956,0.311583,14.4756,0.0127236,0.247397,2.21951,0.258745,0.0482057,0.00161554,0.00637497,-0.222816,0.0129829,0.0221853,0.00589041,0.00428699,-0.222816,0.0194377,2.85404,2.23069,0.000386956,0.0474528,0.000919145,0.00369755,0.000247397,0.000739838,0.0474528,3.60594,2.33402e-06,5.76244,0.260121
2066.5417,305.893,305.883,4.22857,0.239907,3.56022,0.0132218,0.00860421,0.00331244,0.00461756,0.000135413,7.14986e-05,0.000112935,4.53677e-06,0.0072217,0.00422254,0.0550098,0.314206,0.0231981,0.00255576,5.4662e-07,2.09371e-06,1.36091e-05,3.6846e-08,6.76622e-05,8.63089e-05,6.24408e-07,2.85657e-08,4.48179e-06,5.66768e-06,17.2613,43.412,11.4492,0.333328,23.5972,0.310434,14.4804,0.0127605,0.246485,2.22026,0.259228,0.0484933,0.00111267,0.00654376,-0.222679,0.012935,0.0221925,0.00586868,0.00428848,-0.222679,0.0194689,2.85411,2.23071,0.000397506,0.0474569,0.000915754,0.00369876,0.000246485,0.000740087,0.0474569,3.96221,2.64033e-06,5.81204,0.259245
2066.6250,308.863,308.709,4.16874,0.160002,3.39808,0.00885917,0.00787717,0.00184631,0.000982003,0.000176506,5.66426e-05,0.00014325,8.09761e-06,0.014337,0.00569834,0.0417373,0.105649,0.0139455,0.00253621,8.76753e-07,2.11603e-06,1.95198e-07,1.83204e-08,2.44597e-05,5.28518e-05,1.20049e-08,1.92788e-08,2.3708e-06,3.59447e-06,17.2759,43.4801,11.4459,0.363165,23.6063,0.306534,14.4812,0.0127038,0.243388,2.23474,0.25937,0.0496824,0.000532484,0.00736402,-0.221903,0.0127725,0.0221941,0.00579496,0.00431843,-0.221903,0.0194813,2.85418,2.23069,0.000445819,0.0474816,0.000904251,0.00369902,0.000243388,0.000744912,0.0474816,3.64773,2.99279e-06,5.82995,0.256092
2066.7083,311.86,311.683,3.92778,0.138249,2.67638,0.00513005,0.00726017,0.00164859,-0.00213012,7.79412e-05,3.42808e-05,6.2845e-05,3.55936e-06,0.0105489,0.00575273,0.0240313,0.0674108,0.0059893,0.00245538,3.26214e-07,2.10662e-06,1.1477e-08,7.38294e-09,1.68984e-05,2.73618e-05,8.59524e-10,1.0961e-08,2.06143e-06,1.87448e-06,17.1705,43.4475,11.4172,0.3993,23.6212,0.290713,14.4645,0.0122573,0.230826,2.25643,0.258441,0.050928,0.000445147,0.00831839,-0.220639,0.0121133,0.0221713,0.00549587,0.00436328,-0.220639,0.0194243,2.85425,2.23071,0.000502417,0.0475221,0.000857581,0.00369522,0.000230826,0.000752144,0.0475221,2.95982,2.43283e-06,5.75327,0.243084
2066.7917,309.757,309.74,3.69165,0.199839,2.62571,0.00783899,0.00719215,0.00297337,0.00064684,0.000139004,5.28216e-05,0.000113726,6.73408e-06,0.012742,0.00635656,0.0354447,0.109825,0.0117452,0.00237507,6.53704e-07,2.08619e-06,2.1032e-06,4.26394e-09,3.20233e-05,4.45854e-05,1.10778e-07,6.21019e-09,4.02492e-06,3.01939e-06,17.0588,43.3893,11.3873,0.413997,23.6406,0.275031,14.4459,0.0117987,0.218375,2.27591,0.257486,0.0520761,0.000485092,0.00867763,-0.218977,0.0114599,0.0221458,0.00519939,0.00440346,-0.218977,0.0193643,2.85431,2.23075,0.000521447,0.0475734,0.00081132,0.00369097,0.000218375,0.000758636,0.0475734,3.37293,2.73989e-06,5.67155,0.230173
2066.8750,306.172,306.24,3.60061,0.27452,2.10225,0.0112658,0.00749749,0.0040813,0.00376833,0.000238723,7.10597e-05,0.000191849,1.51685e-05,0.0159676,0.00600055,0.0519284,0.139968,0.0198402,0.00234385,1.7045e-06,2.08189e-06,7.25822e-06,1.42852e-09,6.2999e-05,7.04367e-05,3.01531e-07,3.68156e-09,5.57659e-06,4.76274e-06,17.0315,43.3779,11.3761,0.399525,23.6602,0.26893,14.4393,0.0116334,0.21353,2.28672,0.257266,0.0531141,0.000391931,0.00823613,-0.217205,0.0112057,0.0221367,0.00508405,0.00442565,-0.217205,0.0193536,2.85437,2.2308,0.000490738,0.0476214,0.000793322,0.00368945,0.00021353,0.000762238,0.0476214,3.31443,3.78639e-06,5.65544,0.225164
2066.9583,304.965,305.028,3.65644,0.361274,1.52489,0.0127259,0.00812834,0.00535552,0.00459757,0.000113309,7.23246e-05,9.31964e-05,5.34219e-06,0.00616355,0.00529395,0.0565937,0.408322,0.0228755,0.00236317,6.42025e-07,2.07813e-06,1.49059e-05,3.08104e-10,0.000115903,8.4229e-05,4.74519e-07,2.09698e-09,7.58743e-06,5.4981e-06,17.0897,43.3999,11.385,0.361216,23.6668,0.272676,14.446,0.011777,0.216505,2.28227,0.257852,0.0539393,0.000870883,0.00722192,-0.216421,0.0113618,0.0221462,0.00515488,0.00441623,-0.216421,0.0193943,2.85443,2.23087,0.000433261,0.0476288,0.000804373,0.00369103,0.000216505,0.000760756,0.0476288,3.14784,2.72016e-06,5.70464,0.228282
2067.0417,305.763,305.74,3.72238,0.364915,2.29823,0.0130056,0.00828328,0.00509914,0.00472235,5.24126e-05,7.36317e-05,4.35491e-05,1.94528e-06,0.00278765,0.0050591,0.0561449,0.822047,0.0237146,0.00238593,2.33711e-07,2.06923e-06,2.77218e-05,5.67546e-10,0.000123257,8.83231e-05,8.54783e-07,6.73849e-09,7.30979e-06,5.6889e-06,17.1513,43.4223,11.3956,0.338503,23.6604,0.277086,14.4541,0.0119413,0.220006,2.27204,0.258509,0.0545046,0.00173561,0.00663443,-0.216769,0.0115455,0.0221574,0.00523824,0.00439489,-0.216769,0.0194352,2.85449,2.23094,0.000400471,0.0476028,0.000817381,0.0036929,0.000220006,0.000757348,0.0476028,3.59623,2.30294e-06,5.75568,0.231947
2067.1250,306.022,306.044,3.79123,0.365109,1.97393,0.0125654,0.0084226,0.00501757,0.00414277,3.95765e-05,7.17082e-05,3.27938e-05,1.51015e-06,0.00218402,0.00521808,0.0539415,1.02272,0.0225453,0.00240966,1.76501e-07,2.07881e-06,3.70734e-05,1.78085e-09,0.000126884,8.44853e-05,1.13607e-06,2.15417e-08,7.12463e-06,5.43244e-06,17.2086,43.4443,11.4069,0.324357,23.6505,0.281675,14.4629,0.0121133,0.22365,2.26083,0.259178,0.0545972,0.00228099,0.00627609,-0.217509,0.0117367,0.0221698,0.00532499,0.00437152,-0.217509,0.0194761,2.85455,2.23102,0.000381026,0.047571,0.000830917,0.00369497,0.00022365,0.000753611,0.047571,3.48466,2.25531e-06,5.80167,0.235763
2067.2083,305.541,305.562,3.84138,0.364597,1.92923,0.0121161,0.00839303,0.0048388,0.00372308,3.15098e-05,6.93399e-05,2.60202e-05,1.25401e-06,0.0018103,0.00499913,0.054524,1.19778,0.0213325,0.00242697,1.49878e-07,2.08288e-06,4.34862e-05,1.17019e-08,0.000124033,8.04171e-05,1.32441e-06,1.29783e-07,6.77398e-06,5.16695e-06,17.2555,43.4619,11.4161,0.316822,23.6399,0.285006,14.4705,0.012248,0.226295,2.24976,0.259741,0.0545497,0.00274845,0.00608689,-0.218375,0.0118755,0.0221806,0.00538798,0.00434844,-0.218375,0.01951,2.85461,2.23109,0.000370182,0.0475407,0.000840745,0.00369677,0.000226295,0.000749921,0.0475407,3.21067,2.23276e-06,5.83932,0.238543
2067.2917,305.279,305.287,3.86516,0.35775,2.15964,0.0122214,0.00841189,0.00465683,0.00380948,2.90308e-05,6.94141e-05,2.39312e-05,1.18367e-06,0.00160813,0.00458744,0.0541033,1.25997,0.0215297,0.00243528,1.45694e-07,2.06136e-06,5.63977e-05,7.20065e-08,0.000118086,8.12682e-05,1.77483e-06,6.63944e-07,6.43105e-06,5.21876e-06,17.288,43.4728,11.4219,0.313823,23.6306,0.286583,14.4759,0.0123271,0.227547,2.24029,0.260149,0.0543839,0.00306826,0.00601427,-0.219176,0.0119412,0.0221884,0.00541777,0.00432868,-0.219176,0.0195337,2.85466,2.23114,0.000365723,0.0475164,0.000845394,0.00369807,0.000227547,0.000746762,0.0475164,3.13925,2.20705e-06,5.86616,0.239874
2067.3750,305.271,305.282,3.9212,0.309598,2.9122,0.0125461,0.00851453,0.00423,0.00403154,4.45234e-05,7.06806e-05,3.70245e-05,1.58194e-06,0.00239723,0.00443107,0.0543304,0.870424,0.0222255,0.00245455,1.94843e-07,2.05802e-06,6.62289e-05,5.00461e-08,0.00010272,8.37753e-05,2.45541e-06,1.30209e-07,5.78141e-06,5.39627e-06,17.3344,43.5044,11.4323,0.312176,23.6241,0.290291,14.4846,0.0124739,0.230491,2.23374,0.260706,0.0534701,0.0022326,0.00598591,-0.21977,0.0120957,0.0222008,0.00548788,0.00431504,-0.21977,0.0195673,2.85471,2.23118,0.000365571,0.0475003,0.000856333,0.00370013,0.000230491,0.000744581,0.0475003,3.3649,2.25287e-06,5.90215,0.242965
2067.4583,306.272,306.249,3.97672,0.265652,3.10565,0.0126632,0.0088835,0.00372544,0.00377972,9.33232e-05,7.10259e-05,7.82197e-05,2.73812e-06,0.00499153,0.0043886,0.0515883,0.404124,0.0222972,0.00247362,3.20764e-07,2.06517e-06,2.8447e-05,7.00783e-08,8.24821e-05,8.35352e-05,1.32241e-06,3.95425e-08,5.05261e-06,5.43784e-06,17.3739,43.5483,11.4429,0.317682,23.6231,0.293953,14.4936,0.0126205,0.233399,2.23358,0.26123,0.0533245,0.00151951,0.0061415,-0.219881,0.0122483,0.0222137,0.00555711,0.00431464,-0.219881,0.0195999,2.85478,2.2312,0.000375628,0.0474994,0.000867136,0.00370228,0.000233399,0.000744526,0.0474994,3.62792,2.38593e-06,5.93107,0.246019
2067.5417,306.969,306.937,4.03677,0.239291,3.51869,0.0128995,0.00907665,0.00325957,0.00382281,0.000143726,7.22329e-05,0.000120151,4.48033e-06,0.00775544,0.00457846,0.0510134,0.275246,0.0226703,0.00249419,5.01973e-07,2.08554e-06,8.32231e-06,4.01428e-08,6.54918e-05,8.43562e-05,4.33131e-07,2.33089e-08,4.39367e-06,5.54811e-06,17.4105,43.6002,11.4544,0.325681,23.6268,0.297902,14.5035,0.0127776,0.236534,2.23719,0.261743,0.0539477,0.00111605,0.00635737,-0.219591,0.0124128,0.0222279,0.00563177,0.0043221,-0.219591,0.0196336,2.85485,2.23121,0.000388589,0.0475101,0.000878785,0.00370465,0.000236534,0.000745731,0.0475101,4.07405,2.58752e-06,5.95611,0.249312
2067.6250,309.361,309.242,4.01118,0.170046,3.30697,0.00833793,0.00793767,0.0019152,0.000400255,0.000130062,5.79105e-05,0.000107717,4.87194e-06,0.0122543,0.00693763,0.0411314,0.139091,0.0127337,0.00248591,4.90887e-07,2.11242e-06,4.43052e-08,1.72328e-08,2.56018e-05,4.88706e-05,3.23423e-09,1.4349e-08,2.48799e-06,3.28235e-06,17.3991,43.6387,11.4546,0.352304,23.6362,0.296218,14.5059,0.0127562,0.235197,2.25111,0.261793,0.0550995,0.00067499,0.00708041,-0.2188,0.0123426,0.0222317,0.00559992,0.00435091,-0.2188,0.019639,2.85491,2.23119,0.000429974,0.0475359,0.000873816,0.00370528,0.000235197,0.00075037,0.0475359,3.66369,2.60331e-06,5.94452,0.247953
2067.7083,311.726,311.553,3.81321,0.152716,2.43519,0.00511997,0.00736357,0.00183525,-0.0022436,6.80548e-05,3.70215e-05,5.61797e-05,2.66699e-06,0.00927947,0.00635851,0.0259738,0.0920124,0.00635678,0.00241902,2.45792e-07,2.10128e-06,1.58395e-08,7.74948e-09,2.02875e-05,2.84154e-05,1.22966e-09,8.27715e-09,2.34906e-06,1.92517e-06,17.2931,43.5985,11.4306,0.383008,23.6511,0.283127,14.4917,0.012366,0.224802,2.27125,0.260962,0.0563116,0.000594989,0.00789761,-0.217535,0.0117972,0.0222125,0.00535244,0.00439257,-0.217535,0.0195871,2.85497,2.23121,0.000475837,0.0475764,0.0008352,0.00370208,0.000224802,0.000757085,0.0475764,2.83233,2.34707e-06,5.86256,0.237169
2067.7917,309.35,309.389,3.58528,0.227262,2.24456,0.00835277,0.00734745,0.00342506,0.00100532,0.000100404,5.4473e-05,8.33126e-05,3.70838e-06,0.00826196,0.00630854,0.0359992,0.177425,0.0131702,0.00234096,3.67377e-07,2.07316e-06,9.14469e-06,5.12664e-09,4.5777e-05,5.05677e-05,3.93048e-07,4.80356e-09,4.59441e-06,3.35297e-06,17.1683,43.5238,11.4008,0.396572,23.6692,0.267897,14.4728,0.011895,0.21271,2.28978,0.259952,0.0573772,0.000753336,0.00822515,-0.215984,0.0111626,0.0221866,0.00506453,0.00443081,-0.215984,0.0195224,2.85504,2.23126,0.000493955,0.0476242,0.000790275,0.00369776,0.00021271,0.00076326,0.0476242,3.34613,2.44054e-06,5.76751,0.224605
2067.8750,305.303,305.385,3.63753,0.335444,1.9367,0.0130923,0.0083239,0.00520677,0.00476845,0.000115441,7.35875e-05,9.5673e-05,4.64215e-06,0.00619928,0.0051048,0.0544392,0.370564,0.0233313,0.00235901,5.36471e-07,2.07638e-06,2.2092e-05,1.03558e-09,0.00010698,8.63703e-05,7.67671e-07,2.74637e-09,7.22768e-06,5.63551e-06,17.1946,43.5217,11.409,0.357453,23.6813,0.271407,14.4789,0.012011,0.215497,2.28828,0.260325,0.057982,0.000874306,0.00715143,-0.214796,0.0113089,0.0221951,0.00513089,0.00442757,-0.214796,0.0195471,2.85509,2.23133,0.000431,0.0476498,0.000800629,0.00369919,0.000215497,0.000762761,0.0476498,3.32604,2.61285e-06,5.78561,0.227508
2067.9583,305.94,305.949,3.80159,0.333679,2.84681,0.013635,0.00877406,0.00493953,0.00486092,8.67625e-05,7.57737e-05,7.22566e-05,3.11308e-06,0.0044487,0.00513035,0.0553632,0.528931,0.0248869,0.0024153,3.62259e-07,2.0844e-06,3.15212e-05,5.801e-10,0.000115645,9.29326e-05,1.08875e-06,1.75307e-09,7.00662e-06,6.0183e-06,17.2635,43.5535,11.4327,0.332204,23.6781,0.282358,14.4955,0.0123546,0.224192,2.27969,0.261134,0.058338,0.00120063,0.00649571,-0.214902,0.0117651,0.0222184,0.0053379,0.00440968,-0.214902,0.0195985,2.85516,2.2314,0.000395611,0.0476331,0.000832931,0.00370306,0.000224192,0.000759897,0.0476331,3.91315,2.44666e-06,5.83077,0.236547
2068.0417,304.904,304.987,3.98814,0.325795,2.07093,0.0129056,0.00876886,0.00436126,0.00413677,0.000102501,7.23375e-05,8.53269e-05,3.67538e-06,0.00552752,0.00523321,0.0562805,0.404793,0.0228753,0.00247882,4.43947e-07,2.10654e-06,2.73048e-05,8.25794e-10,9.91424e-05,8.60096e-05,1.04783e-06,1.38356e-09,6.13314e-06,5.60209e-06,17.3265,43.601,11.4598,0.325851,23.6741,0.294703,14.5147,0.0127386,0.233994,2.27447,0.261919,0.0585849,0.0010692,0.00633707,-0.21514,0.0122795,0.0222454,0.00557128,0.00439883,-0.21514,0.0196485,2.85522,2.23143,0.000387869,0.0476179,0.000869347,0.00370756,0.000233994,0.000758157,0.0476179,3.31508,2.55049e-06,5.86668,0.246732
2068.1250,305.249,305.235,4.12441,0.35951,2.42266,0.0134934,0.00889601,0.00493486,0.00459743,6.66908e-05,7.39331e-05,5.54975e-05,2.40959e-06,0.00341921,0.00492191,0.0576113,0.66462,0.024259,0.00252492,2.98926e-07,2.09907e-06,2.70036e-05,5.11677e-10,0.000117604,9.21168e-05,8.74484e-07,2.92146e-09,6.87726e-06,5.95068e-06,17.3763,43.633,11.4809,0.319907,23.6699,0.30364,14.5304,0.0130247,0.24109,2.26696,0.262503,0.0590979,0.00146905,0.00617897,-0.215436,0.0126519,0.0222677,0.00574024,0.00438329,-0.215436,0.0196855,2.85529,2.23149,0.000378422,0.0476035,0.000895711,0.00371128,0.00024109,0.000755652,0.0476035,3.68465,2.39799e-06,5.89537,0.254115
2068.2083,304.766,304.819,4.26119,0.36526,1.56055,0.01256,0.0088923,0.00481061,0.00366767,4.87563e-05,7.01442e-05,4.05216e-05,1.75856e-06,0.00268524,0.00490786,0.0559759,0.778395,0.0217202,0.00257099,2.20183e-07,2.10459e-06,2.8755e-05,7.19706e-10,0.000115868,8.3493e-05,8.8478e-07,7.49175e-09,6.67634e-06,5.38626e-06,17.4269,43.6629,11.5028,0.314742,23.6638,0.312552,14.5473,0.0133169,0.248166,2.25748,0.263116,0.0594116,0.00180202,0.00604955,-0.215919,0.0130232,0.0222917,0.00590871,0.00436371,-0.215919,0.0197236,2.85536,2.23154,0.000371392,0.0475856,0.000921999,0.00371529,0.000248166,0.000752494,0.0475856,3.06129,2.32478e-06,5.92406,0.261483
2068.2917,303.806,303.841,4.33115,0.370889,1.57891,0.0123547,0.00869767,0.00465889,0.00365707,3.54446e-05,6.88267e-05,2.9345e-05,1.34445e-06,0.001984,0.00471635,0.0584379,1.01868,0.0211348,0.00259464,1.79387e-07,2.07478e-06,3.30316e-05,9.50474e-09,0.000110335,8.17578e-05,9.80318e-07,9.19108e-08,6.37546e-06,5.26279e-06,17.4555,43.6789,11.5164,0.315785,23.6587,0.317084,14.5591,0.0134778,0.251765,2.24896,0.263454,0.0598946,0.00237718,0.00607403,-0.216356,0.0132121,0.0223088,0.0059944,0.00434612,-0.216356,0.0197438,2.85543,2.23161,0.000371246,0.0475719,0.000935369,0.00371813,0.000251765,0.000749653,0.0475719,2.83831,2.25416e-06,5.9391,0.265243
2068.3750,304.515,304.52,4.41872,0.334517,2.62508,0.013029,0.00893464,0.00459213,0.00409437,4.51757e-05,7.10727e-05,3.75128e-05,1.65109e-06,0.00236635,0.00435845,0.0570906,0.858548,0.0226636,0.00262403,2.15467e-07,2.05829e-06,5.6014e-05,3.00081e-08,0.000104685,8.73991e-05,1.88522e-06,1.92511e-07,6.19264e-06,5.63299e-06,17.4934,43.7086,11.5326,0.31679,23.656,0.322732,14.5728,0.0136753,0.25625,2.24243,0.263877,0.0597818,0.00206748,0.00610746,-0.216603,0.0134474,0.0223286,0.00610118,0.0043327,-0.216603,0.0197694,2.85549,2.23165,0.000373691,0.0475653,0.000952031,0.00372143,0.00025625,0.000747478,0.0475653,3.28902,2.27376e-06,5.96076,0.269925
2068.4583,305.128,305.119,4.52013,0.305115,3.28178,0.0134904,0.00918126,0.00430682,0.00430911,7.38394e-05,7.21954e-05,6.1474e-05,2.62235e-06,0.003731,0.00415917,0.0559468,0.569224,0.0235361,0.00265789,3.30916e-07,2.05986e-06,4.21778e-05,1.65638e-08,9.46309e-05,9.04792e-05,1.5763e-06,6.97373e-08,5.80471e-06,5.86332e-06,17.5358,43.7474,11.5511,0.318193,23.6556,0.329243,14.5884,0.0139029,0.261419,2.23779,0.264362,0.0596041,0.00141702,0.00615347,-0.216652,0.0137187,0.0223511,0.00622426,0.00432322,-0.216652,0.0197996,2.85556,2.23169,0.000377338,0.0475648,0.000971237,0.00372518,0.000261419,0.00074593,0.0475648,3.72197,2.39077e-06,5.98469,0.275322
2068.5417,305.991,305.947,4.63319,0.227236,3.85034,0.0132589,0.00937944,0.0030819,0.00387944,0.000217976,7.27615e-05,0.000179011,9.54069e-06,0.0121742,0.00471219,0.0560425,0.198297,0.0228719,0.00269547,1.14283e-06,2.08922e-06,6.65578e-06,3.14297e-08,5.49532e-05,8.57643e-05,3.48316e-07,3.08723e-08,4.06329e-06,5.73137e-06,17.5809,43.8151,11.5718,0.332331,23.6608,0.336463,14.6059,0.0141565,0.267152,2.241,0.264867,0.0602803,0.000757436,0.00653667,-0.216211,0.0140195,0.0223762,0.00636075,0.00433004,-0.216211,0.019834,2.85564,2.23169,0.000400342,0.0475794,0.000992534,0.00372937,0.000267151,0.000746999,0.0475794,4.24309,3.23205e-06,6.00915,0.281308
2068.6250,309.282,309.104,4.61361,0.164939,3.32898,0.00775348,0.00832433,0.00193648,-0.000570849,0.00028092,4.96414e-05,0.000205598,2.07985e-05,0.0235565,0.00556968,0.0371713,0.0439902,0.0114861,0.00268967,2.30913e-06,2.12099e-06,3.38139e-08,7.21393e-09,1.80113e-05,4.43682e-05,2.27371e-09,1.97632e-08,2.40804e-06,3.18944e-06,17.561,43.8601,11.5755,0.36799,23.6741,0.335213,14.6123,0.0141495,0.266159,2.25697,0.264694,0.0616174,0.000233473,0.00741178,-0.215085,0.0139674,0.0223862,0.00633711,0.00436332,-0.215085,0.019831,2.85571,2.23167,0.000455019,0.0476154,0.000988846,0.00373103,0.000266159,0.000752323,0.0476154,3.65301,4.43012e-06,5.98555,0.280308
2068.7083,310.305,310.221,4.36444,0.166226,2.77264,0.00628481,0.00780861,0.00213164,-0.0015238,0.000169034,4.13804e-05,0.000122209,1.22447e-05,0.0186813,0.00590027,0.0291579,0.0445827,0.00783593,0.00260817,1.25458e-06,2.11649e-06,7.2381e-08,3.32533e-09,1.5315e-05,3.30658e-05,4.40958e-09,1.09276e-08,2.69322e-06,2.3434e-06,17.4348,43.8093,11.5484,0.404242,23.6924,0.319228,14.598,0.0136785,0.253467,2.27791,0.263547,0.0629335,0.000233597,0.00828112,-0.213535,0.0133014,0.0223672,0.00603493,0.00440684,-0.213535,0.0197631,2.85578,2.23169,0.00051,0.0476648,0.000941693,0.00372787,0.000253467,0.000759304,0.0476648,3.22477,3.37107e-06,5.88635,0.267145
2068.7917,312.246,312.111,4.07333,0.155833,2.20739,0.00395089,0.00727447,0.00211855,-0.00332358,3.57398e-05,2.28196e-05,2.85133e-05,1.7741e-06,0.00707486,0.00527634,0.0170296,0.0594407,0.00320487,0.00251137,1.53757e-07,2.09004e-06,2.41278e-08,2.95154e-09,1.59204e-05,1.99006e-05,1.69895e-09,6.15298e-09,2.71526e-06,1.36477e-06,17.289,43.7273,11.5139,0.427112,23.7131,0.300286,14.5777,0.0131019,0.238427,2.29814,0.262235,0.064201,0.000410274,0.00886608,-0.211759,0.0125121,0.0223399,0.00567683,0.0044488,-0.211759,0.0196816,2.85585,2.23175,0.000543827,0.0477198,0.000885817,0.00372331,0.000238427,0.000766046,0.0477198,2.76219,2.2438e-06,5.77506,0.251529
2068.8750,306.757,306.87,3.87516,0.277173,1.99824,0.0108295,0.00777193,0.0045908,0.00305756,0.000169219,6.47581e-05,0.000138,9.01592e-06,0.011758,0.00598539,0.0461582,0.16659,0.0173876,0.00244461,9.88874e-07,2.07335e-06,8.90013e-06,1.97882e-09,5.92551e-05,6.47036e-05,3.55044e-07,3.58331e-09,6.19761e-06,4.3269e-06,17.1843,43.6528,11.4897,0.419304,23.7366,0.287245,14.5633,0.0126932,0.228073,2.3126,0.261329,0.065313,0.000508966,0.00866335,-0.209667,0.0119688,0.0223204,0.00543031,0.00447872,-0.209667,0.0196247,2.85592,2.23182,0.000525727,0.0477788,0.00084735,0.00372006,0.000228073,0.000770867,0.0477788,3.34028,3.06222e-06,5.69457,0.240766
2068.9583,305.714,305.741,4.03162,0.359499,2.01779,0.0135764,0.0088671,0.00583032,0.00470932,9.70754e-05,7.27828e-05,8.03736e-05,3.98565e-06,0.00514679,0.00476249,0.0543169,0.472797,0.0240366,0.00249756,4.68452e-07,2.07238e-06,1.82702e-05,2.62e-10,0.000119125,9.04184e-05,5.75111e-07,1.99273e-09,8.26537e-06,5.8706e-06,17.2247,43.6432,11.5119,0.365281,23.7478,0.297556,14.5787,0.012975,0.23626,2.30539,0.261814,0.0661604,0.00101041,0.00728239,-0.20841,0.0123984,0.0223423,0.00562523,0.00446378,-0.20841,0.0196575,2.85598,2.23192,0.000442837,0.0477953,0.000877765,0.00372371,0.00023626,0.000768464,0.0477953,3.53453,2.54083e-06,5.7128,0.249235
2069.0417,306.348,306.35,4.26061,0.344972,2.71657,0.0135849,0.00913543,0.00528975,0.00444944,6.60252e-05,7.30775e-05,5.49504e-05,2.35732e-06,0.00346127,0.00486321,0.0528283,0.663689,0.0241676,0.00257438,2.67801e-07,2.09118e-06,3.16397e-05,1.79536e-10,0.000119594,9.18187e-05,1.05135e-06,1.74323e-09,7.56592e-06,5.9268e-06,17.28,43.6593,11.5436,0.340611,23.744,0.312509,14.6004,0.0133835,0.248132,2.29462,0.262515,0.0666055,0.00146356,0.00666737,-0.208482,0.0130215,0.0223729,0.00590791,0.00444152,-0.208482,0.0197016,2.85605,2.232,0.000408237,0.0477735,0.000921874,0.00372882,0.000248132,0.000764875,0.0477735,3.84786,2.35898e-06,5.73647,0.261516
2069.1250,306.121,306.141,4.44798,0.360903,2.40532,0.0134172,0.00916629,0.00519679,0.00425089,5.04641e-05,7.19079e-05,4.19132e-05,1.84537e-06,0.00267685,0.0046674,0.0531571,0.847444,0.0236669,0.0026367,2.13332e-07,2.10563e-06,3.12681e-05,2.09879e-10,0.000120955,9.07066e-05,9.7766e-07,2.55667e-09,7.36406e-06,5.84218e-06,17.3266,43.679,11.5706,0.330043,23.7383,0.324612,14.6198,0.0137196,0.257742,2.28405,0.263094,0.0669846,0.0018758,0.00640548,-0.208811,0.0135257,0.0224006,0.0061367,0.0044197,-0.208811,0.0197375,2.85612,2.23207,0.000392858,0.0477507,0.000957575,0.00373343,0.000257742,0.000761351,0.0477507,3.87973,2.31896e-06,5.75592,0.271461
2069.2083,304.835,304.902,4.60499,0.38011,1.16662,0.0125224,0.00899834,0.00492429,0.00352402,3.48427e-05,6.81194e-05,2.88081e-05,1.33664e-06,0.00196626,0.00493106,0.0540549,1.04631,0.0212462,0.00268861,1.65224e-07,2.11109e-06,2.4987e-05,8.15979e-10,0.00011562,8.25378e-05,7.16101e-07,1.17891e-08,6.92275e-06,5.31035e-06,17.3687,43.7003,11.5947,0.326515,23.7323,0.334666,14.638,0.014004,0.265725,2.27287,0.263586,0.0674966,0.00243326,0.0063182,-0.209237,0.0139447,0.0224267,0.00632678,0.00439665,-0.209237,0.0197676,2.85619,2.23215,0.000386215,0.0477301,0.000987233,0.00373778,0.000265725,0.000757622,0.0477301,2.87793,2.27632e-06,5.774,0.279729
2069.2917,304.935,304.938,4.68902,0.357879,2.13589,0.0127393,0.00902592,0.00491893,0.00371342,3.05422e-05,6.89102e-05,2.51704e-05,1.22421e-06,0.00169447,0.00469496,0.0549812,1.2128,0.0217792,0.00271644,1.54279e-07,2.08196e-06,4.89547e-05,2.85373e-08,0.000111409,8.45509e-05,1.53145e-06,2.38426e-07,6.68594e-06,5.43405e-06,17.3914,43.7116,11.61,0.32807,23.7285,0.340012,14.651,0.0141561,0.26997,2.26364,0.263821,0.0678804,0.00284148,0.00636134,-0.209521,0.0141674,0.0224456,0.00642785,0.00437768,-0.209521,0.0197811,2.85627,2.23222,0.00038679,0.0477183,0.001003,0.00374094,0.00026997,0.000754545,0.0477183,3.1061,2.23624e-06,5.78135,0.284126
2069.3750,304.974,304.992,4.78738,0.33219,2.64742,0.0128609,0.0090735,0.00477402,0.00378738,3.90751e-05,6.94772e-05,3.23634e-05,1.45756e-06,0.00215518,0.00463744,0.0546832,0.950452,0.021953,0.00274883,1.83009e-07,2.07197e-06,5.93823e-05,1.97061e-08,0.000105193,8.52157e-05,2.00591e-06,1.45864e-07,6.42878e-06,5.48751e-06,17.4209,43.7316,11.6275,0.327068,23.7274,0.346242,14.6657,0.0143386,0.274916,2.25616,0.264132,0.0675143,0.00226564,0.00635002,-0.209596,0.014427,0.022467,0.00654562,0.00436236,-0.209596,0.0197995,2.85634,2.23227,0.000387045,0.0477145,0.00102138,0.0037445,0.000274916,0.000752055,0.0477145,3.19913,2.25498e-06,5.7934,0.289255
2069.4583,305.874,305.847,4.88621,0.299213,3.17583,0.013229,0.00936111,0.0044669,0.00386793,7.16271e-05,7.05755e-05,5.9667e-05,2.45501e-06,0.00385684,0.00445567,0.0530459,0.54631,0.0226778,0.00278125,2.96039e-07,2.07143e-06,4.51547e-05,2.41284e-08,9.27344e-05,8.75341e-05,1.77639e-06,5.5166e-08,5.99087e-06,5.6741e-06,17.4532,43.7656,11.6455,0.33041,23.7296,0.352469,14.681,0.0145253,0.279861,2.25234,0.264455,0.0673017,0.00143756,0.00644921,-0.209395,0.0146865,0.0224893,0.00666335,0.00435464,-0.209395,0.0198196,2.85641,2.23232,0.000393598,0.0477198,0.00103975,0.00374822,0.000279861,0.000750779,0.0477198,3.66799,2.36747e-06,5.80766,0.294386
2069.5417,307.291,307.223,4.98046,0.227136,4.04683,0.0128641,0.00948933,0.00331023,0.00337474,0.000148636,7.01821e-05,0.00012364,5.18687e-06,0.00883686,0.00465276,0.0496317,0.250641,0.0216295,0.00281211,5.76674e-07,2.09817e-06,1.06025e-05,2.96862e-08,6.0017e-05,8.25404e-05,5.0945e-07,2.71875e-08,4.35007e-06,5.44898e-06,17.4808,43.8108,11.6635,0.340997,23.7358,0.35838,14.6967,0.0147072,0.284554,2.25329,0.264752,0.0679209,0.000924786,0.00674109,-0.208854,0.0149327,0.0225123,0.00677508,0.00435688,-0.208854,0.01984,2.85649,2.23234,0.000410976,0.0477355,0.00105719,0.00375204,0.000284554,0.000751098,0.0477355,4.35203,2.67484e-06,5.81722,0.299261
2069.6250,309.649,309.519,4.90029,0.161996,3.44089,0.00766851,0.00804349,0.00192219,-0.000374972,0.000141045,4.80016e-05,0.000113184,6.49484e-06,0.0147671,0.00581423,0.0354779,0.087866,0.0103552,0.00278695,6.56079e-07,2.13546e-06,4.27595e-08,1.48121e-08,1.84907e-05,4.29415e-05,2.96296e-09,1.7686e-08,2.36298e-06,2.94142e-06,17.4391,43.8385,11.6599,0.380308,23.7496,0.353348,14.6985,0.0145686,0.280558,2.26948,0.264338,0.0693273,0.000474824,0.00779275,-0.207669,0.0147231,0.022516,0.00667995,0.00439066,-0.207669,0.0198174,2.85657,2.23234,0.000471354,0.0477728,0.00104234,0.00375267,0.000280558,0.000756494,0.0477728,3.70412,2.79154e-06,5.77916,0.295126
2069.7083,311.88,311.747,4.58802,0.162312,2.64162,0.0049677,0.00751906,0.00222429,-0.00255136,5.38678e-05,3.01495e-05,4.41348e-05,2.24361e-06,0.00889297,0.00566797,0.0218727,0.0748252,0.00488945,0.00268607,1.96356e-07,2.12724e-06,2.69144e-07,7.53683e-09,1.64909e-05,2.58925e-05,1.67046e-08,9.69155e-09,2.82763e-06,1.7678e-06,17.3033,43.7818,11.626,0.41835,23.7694,0.333569,14.6802,0.0139868,0.264854,2.29076,0.263009,0.0707391,0.000499867,0.00878299,-0.205987,0.013899,0.0224916,0.00630604,0.00443491,-0.205987,0.0197345,2.85665,2.23237,0.000529039,0.047826,0.000983998,0.00374861,0.000264854,0.000763585,0.047826,3.12267,2.3236e-06,5.6773,0.27884
2069.7917,310.12,310.121,4.26962,0.214133,2.27198,0.00702009,0.00728071,0.00343536,-0.000260628,6.70603e-05,4.05286e-05,5.55511e-05,2.49488e-06,0.0069614,0.00581242,0.0279384,0.141717,0.00909521,0.0025814,2.40228e-07,2.10425e-06,8.08516e-06,5.45526e-09,3.49947e-05,3.91806e-05,3.11956e-07,5.4235e-09,4.49429e-06,2.61238e-06,17.1628,43.6982,11.589,0.433025,23.793,0.31309,14.6587,0.0133696,0.248594,2.30941,0.261636,0.072019,0.000706993,0.00913988,-0.203938,0.0130457,0.0224627,0.0059189,0.00447363,-0.203938,0.0196472,2.85672,2.23244,0.000547622,0.0478878,0.00092359,0.00374378,0.000248594,0.000769803,0.0478878,3.24482,2.34448e-06,5.57378,0.261963
2069.8750,306.64,306.712,4.28569,0.25833,2.89255,0.0132692,0.00882933,0.00424197,0.00443983,0.000267249,7.15745e-05,0.000215201,1.53528e-05,0.0148031,0.00496506,0.0482484,0.161448,0.0227841,0.00258692,1.67783e-06,2.11914e-06,7.3627e-06,1.52793e-09,6.35949e-05,8.25724e-05,3.23275e-07,3.16798e-09,5.8096e-06,5.57767e-06,17.156,43.6892,11.5936,0.402935,23.8151,0.314138,14.6633,0.0133771,0.249426,2.3151,0.261576,0.0729865,0.000493389,0.00831192,-0.20188,0.0130894,0.0224698,0.00593871,0.00448544,-0.20188,0.0196462,2.85679,2.23251,0.000498188,0.047939,0.000926682,0.00374496,0.000249426,0.0007717,0.047939,3.68866,3.79697e-06,5.56242,0.262803
2069.9583,304.839,304.887,4.39836,0.347922,1.68026,0.0133177,0.00868139,0.00557827,0.00463635,0.000139582,7.02245e-05,0.000114122,7.29388e-06,0.00754801,0.00472825,0.0553334,0.303118,0.0228157,0.00262457,8.95998e-07,2.10747e-06,1.4269e-05,2.78453e-10,0.000107848,8.56195e-05,4.76817e-07,1.88627e-09,7.84487e-06,5.62681e-06,17.2026,43.7194,11.6115,0.376838,23.8262,0.321421,14.6771,0.0135841,0.255208,2.3137,0.261959,0.0740479,0.000671424,0.00761242,-0.200677,0.0133928,0.0224896,0.00607639,0.0044826,-0.200677,0.0196762,2.85686,2.23257,0.000458351,0.047957,0.000948165,0.00374827,0.000255208,0.000771234,0.047957,3.11662,3.00346e-06,5.59111,0.268793
2070.0417,305.89,305.893,4.50478,0.350031,2.50374,0.0138613,0.00891309,0.00543147,0.00494818,7.24761e-05,7.17944e-05,6.0272e-05,2.65091e-06,0.00375515,0.00446043,0.0548081,0.609524,0.0243471,0.00265999,3.12021e-07,2.10638e-06,2.6574e-05,1.07102e-10,0.000118858,9.25186e-05,8.58114e-07,1.32788e-09,7.74271e-06,5.98792e-06,17.2597,43.7418,11.6293,0.352386,23.8257,0.32826,14.6913,0.0137945,0.260639,2.30403,0.262477,0.0747678,0.0013024,0.00698483,-0.200459,0.0136778,0.0225101,0.00620568,0.00446265,-0.200459,0.0197099,2.85693,2.23266,0.000423449,0.0479435,0.000968339,0.00375168,0.000260639,0.000768011,0.0479435,3.73342,2.4184e-06,5.63039,0.274433
2070.1250,305.648,305.664,4.60643,0.362729,2.12161,0.01346,0.00896783,0.00526069,0.00449221,5.16983e-05,7.04712e-05,4.2947e-05,1.88348e-06,0.0027227,0.0044773,0.0539603,0.79812,0.0233933,0.00269372,2.24913e-07,2.11531e-06,2.7464e-05,1.06325e-10,0.000119885,8.95977e-05,8.44375e-07,1.56176e-09,7.47355e-06,5.78058e-06,17.3154,43.7715,11.6469,0.340488,23.8217,0.334758,14.7058,0.0139993,0.265798,2.29387,0.263003,0.075288,0.00178556,0.00668039,-0.200623,0.0139485,0.022531,0.00632852,0.00444169,-0.200623,0.0197429,2.857,2.23274,0.00040633,0.0479241,0.000987506,0.00375516,0.000265798,0.000764623,0.0479241,3.59483,2.34022e-06,5.66854,0.279797
2070.2083,305.146,305.174,4.68482,0.365698,2.14745,0.0133132,0.00885594,0.00505536,0.00445728,3.89165e-05,6.97286e-05,3.22078e-05,1.48984e-06,0.00206134,0.00444146,0.0547798,1.01985,0.0230174,0.00271976,1.8375e-07,2.11484e-06,3.41112e-05,8.73827e-10,0.000115401,8.85785e-05,1.04039e-06,1.07867e-08,7.05852e-06,5.70279e-06,17.365,43.802,11.6621,0.33629,23.8172,0.339746,14.7191,0.0141626,0.269758,2.28356,0.263445,0.0758552,0.00231277,0.00656955,-0.200893,0.0141563,0.0225503,0.00642282,0.00442043,-0.200893,0.01977,2.85708,2.23281,0.000398751,0.0479067,0.00100222,0.00375839,0.000269758,0.000761185,0.0479067,3.41748,2.29859e-06,5.70286,0.283921
2070.2917,304.91,304.94,4.74925,0.357997,1.86745,0.0129464,0.00888479,0.00503869,0.0040616,3.63864e-05,6.88644e-05,3.01012e-05,1.38174e-06,0.00199857,0.00470476,0.0552958,1.03337,0.022095,0.00274122,1.73714e-07,2.10752e-06,4.23812e-05,2.33102e-09,0.000114971,8.53275e-05,1.31195e-06,2.83084e-08,6.9414e-06,5.49463e-06,17.4108,43.8317,11.6759,0.332807,23.8139,0.343831,14.7317,0.0143015,0.273002,2.27426,0.263834,0.0760338,0.00242285,0.00648602,-0.20111,0.0143266,0.0225689,0.00650005,0.00440131,-0.20111,0.0197936,2.85715,2.23288,0.000394063,0.0478948,0.00101427,0.00376148,0.000273002,0.000758087,0.0478948,3.08347,2.28124e-06,5.73488,0.287304
2070.3750,305.229,305.235,4.81104,0.303156,3.25752,0.0135264,0.0090372,0.00444044,0.00448916,5.637e-05,7.0804e-05,4.69286e-05,1.9411e-06,0.002917,0.00425021,0.0544818,0.737024,0.0234693,0.00276175,2.40792e-07,2.10149e-06,5.53408e-05,1.68663e-08,9.46881e-05,9.01073e-05,2.12923e-06,3.75869e-08,6.01433e-06,5.82163e-06,17.4552,43.8702,11.6897,0.333858,23.8131,0.347735,14.7445,0.0144366,0.276102,2.26813,0.264211,0.0758903,0.00190771,0.0065246,-0.201142,0.0144892,0.0225876,0.00657386,0.00438875,-0.201142,0.0198167,2.85723,2.23294,0.000397025,0.047891,0.00102579,0.0037646,0.000276102,0.000756043,0.047891,3.67142,2.34228e-06,5.76553,0.290539
2070.4583,305.86,305.845,4.88689,0.201245,3.79052,0.0132313,0.00905559,0.00271409,0.00417567,0.000174014,7.09453e-05,0.000144196,6.60255e-06,0.00954735,0.00425523,0.0527303,0.242112,0.022831,0.00278681,7.89327e-07,2.12254e-06,5.04762e-06,3.7851e-08,4.46471e-05,8.60274e-05,2.54786e-07,2.66365e-08,3.56143e-06,5.70071e-06,17.5018,43.9456,11.7055,0.351678,23.8194,0.352512,14.7589,0.0146002,0.279895,2.27274,0.264622,0.0764437,0.000991568,0.00701625,-0.200584,0.0146883,0.0226087,0.00666416,0.00439851,-0.200584,0.0198441,2.85731,2.23294,0.000427096,0.0479074,0.00103988,0.00376811,0.000279895,0.000757581,0.0479074,3.97766,2.91187e-06,5.79628,0.294495
2070.5417,309.217,309.06,4.79904,0.146302,3.32953,0.00758654,0.00787239,0.00162778,-0.000285851,0.000192643,4.82526e-05,0.00014338,1.13654e-05,0.0196932,0.00581679,0.0360002,0.0560738,0.0102406,0.00275904,1.1981e-06,2.13619e-06,1.57839e-09,9.76123e-09,1.41512e-05,4.12584e-05,8.86111e-11,1.73735e-08,1.92585e-06,2.89302e-06,17.4708,43.9958,11.7009,0.398099,23.8341,0.34697,14.7601,0.0144541,0.275494,2.29282,0.264252,0.0778952,0.000317954,0.00822471,-0.199339,0.0144573,0.0226115,0.00655939,0.00444031,-0.199339,0.019826,2.85739,2.23291,0.000500703,0.0479468,0.00102353,0.00376859,0.000275494,0.000764272,0.0479468,3.48229,3.33429e-06,5.76993,0.289948
2070.6250,314.723,314.399,4.47709,0.109332,2.48568,0.0033444,0.007549,0.00144566,-0.0042046,4.25546e-05,1.68249e-05,3.1323e-05,2.18014e-06,0.0073944,0.00340574,0.0122413,0.0306967,0.00262632,0.00265441,1.87962e-07,2.11177e-06,3.11492e-11,4.70494e-09,1.09102e-05,1.92273e-05,1.972e-12,9.51371e-09,1.6066e-06,1.34349e-06,17.3316,43.9485,11.6651,0.451381,23.8484,0.326467,14.7402,0.0138475,0.259214,2.31713,0.262873,0.0792551,0.000348291,0.00966844,-0.198125,0.013603,0.022585,0.00617177,0.00449082,-0.198125,0.019741,2.85746,2.23293,0.000592476,0.0479857,0.000963048,0.00376416,0.000259215,0.000772376,0.0479857,2.55178,2.29974e-06,5.6665,0.273062
2070.7083,316.017,315.799,4.09053,0.123215,2.04714,0.00256786,0.00734406,0.00161381,-0.00477621,5.8901e-06,7.85506e-06,4.86915e-06,1.77263e-07,0.00190652,0.00270825,0.00548628,0.0371856,0.00084961,0.00252621,1.20882e-08,2.06045e-06,1.9774e-09,5.18607e-09,9.51292e-06,1.36188e-05,1.7582e-10,5.38224e-09,2.0602e-06,9.4675e-07,17.1525,43.8546,11.6182,0.496162,23.8638,0.301406,14.7118,0.0130863,0.239317,2.34208,0.261215,0.0805567,0.00064057,0.0109676,-0.196809,0.0125589,0.0225464,0.00569802,0.00454254,-0.196809,0.019635,2.85753,2.23297,0.000673629,0.0480274,0.000889124,0.00375773,0.000239317,0.000780692,0.0480274,2.36299,2.07254e-06,5.53433,0.252403
2070.7917,315.824,315.736,3.72623,0.126683,1.96027,0.00313438,0.00674732,0.00198246,-0.00361294,3.87555e-06,8.66187e-06,3.21261e-06,9.16524e-08,0.00143003,0.00356178,0.00675695,0.0790174,0.000963852,0.00240285,6.58817e-09,2.00407e-06,7.61725e-08,5.56332e-09,1.17988e-05,1.30539e-05,4.74292e-09,3.25797e-09,2.83705e-06,9.00974e-07,16.9754,43.75,11.5712,0.52471,23.8833,0.277327,14.682,0.0123372,0.220198,2.3666,0.259589,0.0817614,0.000991256,0.0117394,-0.195152,0.0115555,0.0225055,0.0052428,0.00459325,-0.195152,0.0195302,2.8576,2.23303,0.000722077,0.0480794,0.000818093,0.00375092,0.000220198,0.000788866,0.0480794,2.26046,2.01065e-06,5.40419,0.232535
2070.8750,308.253,308.376,3.4601,0.22744,2.14335,0.00831425,0.00620559,0.00412447,0.00210867,4.85227e-05,4.67457e-05,4.06001e-05,1.3782e-06,0.00501038,0.00674807,0.0325199,0.2624,0.00995932,0.00231108,1.33599e-07,1.97671e-06,6.69328e-06,4.70159e-09,3.3614e-05,3.94802e-05,3.29459e-07,2.11465e-09,5.74431e-06,2.58891e-06,16.848,43.6455,11.5348,0.49402,23.9188,0.259448,14.6579,0.0117596,0.206002,2.38471,0.258345,0.0828064,0.0012181,0.0106638,-0.192051,0.0108106,0.0224722,0.00490481,0.00463058,-0.192051,0.0194493,2.85766,2.23315,0.000648919,0.0481717,0.000765353,0.00374537,0.000206002,0.000794903,0.0481717,3.12415,2.11031e-06,5.31321,0.217762
2070.9583,307.38,307.408,3.58881,0.270653,2.99456,0.0119678,0.00769654,0.00471044,0.00427129,0.00012976,6.98318e-05,0.000108114,4.39953e-06,0.00860332,0.00592441,0.0459722,0.281019,0.021619,0.00235487,4.38482e-07,1.99985e-06,1.68782e-05,1.59131e-09,7.13284e-05,7.73107e-05,7.45935e-07,1.41221e-09,6.83513e-06,5.04807e-06,16.8387,43.6074,11.5457,0.43442,23.9448,0.268121,14.6608,0.0118216,0.212888,2.38951,0.258389,0.0834681,0.000908115,0.00906199,-0.189531,0.0111719,0.0224763,0.00506876,0.00464028,-0.189531,0.0194513,2.85772,2.23325,0.000544583,0.0482274,0.000790935,0.00374604,0.000212888,0.000796503,0.0482274,4.12247,2.43834e-06,5.29302,0.224709
2071.0417,307.603,307.628,3.8669,0.246947,2.58631,0.0109594,0.007885,0.00389662,0.00307444,0.000141003,6.21635e-05,0.000116619,5.71632e-06,0.00920524,0.00531592,0.0421621,0.211855,0.0199277,0.00244924,5.86742e-07,2.02846e-06,1.15417e-05,7.00204e-10,6.65134e-05,7.27609e-05,4.59407e-07,1.01348e-09,5.68052e-06,4.78931e-06,16.8468,43.6084,11.5731,0.413347,23.9552,0.286693,14.6723,0.0120706,0.227634,2.39307,0.258724,0.0842164,0.000686504,0.00851051,-0.188352,0.0119458,0.0224923,0.00541986,0.00464746,-0.188352,0.0194734,2.85778,2.2333,0.000510279,0.0482415,0.000845721,0.00374872,0.000227634,0.000797689,0.0482415,3.44145,2.6152e-06,5.2737,0.239705
2071.1250,307.145,307.148,4.17827,0.27103,3.26802,0.0131022,0.00877285,0.0042799,0.00432932,0.000210593,7.04945e-05,0.000173139,9.72134e-06,0.0113601,0.00455019,0.0469376,0.201622,0.0252781,0.00255324,1.00898e-06,2.04397e-06,1.11626e-05,3.57026e-10,7.9622e-05,9.09085e-05,4.99988e-07,7.47617e-10,6.25491e-06,6.02225e-06,16.8745,43.6267,11.605,0.397275,23.9618,0.30714,14.6872,0.0123823,0.243869,2.39318,0.259207,0.0850185,0.000578366,0.00808054,-0.187495,0.0127977,0.0225131,0.0058064,0.00464754,-0.187495,0.0195064,2.85784,2.23335,0.000484976,0.0482458,0.000906036,0.00375218,0.000243869,0.000797727,0.0482458,4.14683,3.05295e-06,5.26952,0.256251
2071.2083,305.898,305.954,4.50991,0.295748,2.28753,0.0128636,0.0086089,0.00449691,0.00425473,0.000303104,6.94158e-05,0.000240641,2.10057e-05,0.0165716,0.00453179,0.0495644,0.141168,0.0246518,0.00266246,2.36493e-06,2.06782e-06,7.99017e-06,1.4169e-10,8.07479e-05,8.78864e-05,3.05622e-07,5.61222e-10,6.42079e-06,5.95608e-06,16.9149,43.6744,11.6398,0.395769,23.9688,0.328578,14.7046,0.0127329,0.260891,2.39496,0.259744,0.0861244,0.000368065,0.0080269,-0.186666,0.013691,0.0225376,0.0062117,0.00465113,-0.186666,0.019547,2.85792,2.23338,0.00048183,0.0482534,0.000969276,0.00375627,0.000260891,0.000798321,0.0482534,3.4913,4.43275e-06,5.27505,0.273624
2071.2917,305.306,305.357,4.79883,0.34532,2.0536,0.0130629,0.00873432,0.00556471,0.00432857,0.000102386,6.88363e-05,8.45841e-05,4.35126e-06,0.00551434,0.00455248,0.0522279,0.408447,0.0245874,0.00275616,5.19054e-07,2.06602e-06,2.07381e-05,4.00738e-11,0.000114747,9.2414e-05,6.92171e-07,3.89007e-10,7.83575e-06,5.9933e-06,16.9642,43.6967,11.6706,0.374378,23.9719,0.346956,14.7207,0.0130327,0.275483,2.38631,0.260269,0.0871536,0.000904816,0.00747414,-0.186128,0.0144568,0.0225604,0.00655912,0.00463317,-0.186128,0.0195842,2.85799,2.23345,0.00045101,0.0482491,0.00102349,0.00376006,0.000275483,0.000795438,0.0482491,3.20266,2.58507e-06,5.29359,0.288516
2071.3750,305.598,305.613,5.04838,0.286241,3.08516,0.0133714,0.00891674,0.00450286,0.00445469,0.000119784,6.98742e-05,9.93112e-05,4.64068e-06,0.00631162,0.00441708,0.0522215,0.37461,0.0251114,0.00283607,5.51194e-07,2.06175e-06,2.40791e-05,1.10497e-10,8.90678e-05,9.44745e-05,9.66871e-07,3.07391e-10,6.25906e-06,6.14906e-06,17.0159,43.7336,11.6976,0.366129,23.973,0.362615,14.7355,0.0132869,0.287916,2.37861,0.260791,0.087823,0.000966781,0.00727911,-0.185831,0.0151092,0.0225814,0.00685515,0.0046172,-0.185831,0.0196176,2.85807,2.23352,0.000441399,0.0482424,0.00106968,0.00376357,0.000287916,0.000792869,0.0482424,3.50164,2.61295e-06,5.31826,0.301203
2071.4583,306.937,306.885,5.25632,0.215066,3.66584,0.0124234,0.00914607,0.00307085,0.00327732,0.000352201,6.70618e-05,0.000274252,2.27804e-05,0.0215221,0.00465421,0.0478662,0.101537,0.02243,0.002902,2.52352e-06,2.08131e-06,3.47154e-06,1.39457e-10,4.58583e-05,8.08682e-05,1.61214e-07,2.62985e-10,4.12566e-06,5.5905e-06,17.0558,43.8055,11.7207,0.383873,23.9825,0.375517,14.7488,0.0134923,0.298161,2.38336,0.26115,0.0890164,0.000403912,0.00774438,-0.184909,0.0156468,0.0226005,0.00709906,0.00462708,-0.184909,0.019646,2.85816,2.23352,0.000470081,0.0482631,0.00110774,0.00376675,0.000298161,0.000794454,0.0482631,4.05061,4.60483e-06,5.33503,0.311653
2071.5417,310.592,310.435,5.13174,0.148659,2.57346,0.00506146,0.00690856,0.00184662,-0.0018471,0.00011824,3.03047e-05,7.9939e-05,8.78529e-06,0.0174052,0.00558945,0.0231181,0.0326249,0.00543658,0.00286272,8.68379e-07,2.09087e-06,6.78091e-09,5.74216e-11,1.22206e-05,2.73381e-05,4.78119e-10,2.30728e-10,2.34157e-06,1.94763e-06,16.9907,43.8199,11.7079,0.429902,23.998,0.367791,14.7421,0.0132334,0.292026,2.40135,0.260315,0.0905084,0.000214049,0.00886228,-0.183547,0.0153249,0.0225919,0.006953,0.00466436,-0.183547,0.0196016,2.85824,2.23353,0.000542403,0.0483028,0.00108495,0.00376532,0.000292026,0.000800449,0.0483028,2.85822,2.95925e-06,5.2828,0.305259
2071.6250,314.067,313.826,4.71414,0.129595,1.71402,0.00245536,0.00648947,0.00178481,-0.00403411,8.0344e-06,7.06257e-06,6.4979e-06,3.97014e-07,0.00291045,0.00266174,0.00730971,0.0318771,0.000893058,0.00272888,3.40087e-08,2.04051e-06,1.18647e-12,1.20012e-10,1.26248e-05,1.51996e-05,1.22492e-13,2.0069e-10,2.18742e-06,1.06088e-06,16.8421,43.7554,11.6612,0.472232,24.0176,0.341582,14.7155,0.0125479,0.271216,2.42337,0.258592,0.0919556,0.000505527,0.0100009,-0.181853,0.0142328,0.0225555,0.00645752,0.00470993,-0.181853,0.0194928,2.85832,2.23359,0.000610359,0.0483546,0.00100764,0.00375926,0.000271216,0.00080779,0.0483546,1.94872,2.07452e-06,5.18096,0.283764
2071.7083,316.548,316.366,4.2815,0.116542,1.27952,0.00135468,0.00640462,0.0016188,-0.00504994,0,0,0,0,0,0,0,0,0,0.00258705,0,1.95932e-06,1.26322e-11,2.27253e-10,1.11347e-05,1.19445e-05,1.29472e-12,1.75228e-10,2.03057e-06,8.45629e-07,16.6783,43.6744,11.6101,0.515236,24.0336,0.313845,14.6851,0.0118173,0.249193,2.44716,0.256793,0.0933112,0.000940434,0.0112807,-0.180462,0.0130771,0.0225137,0.00593317,0.00475903,-0.180462,0.0193778,2.8584,2.23365,0.000691166,0.0483964,0.000925816,0.00375228,0.000249193,0.00081572,0.0483964,1.54803,1.95932e-06,5.06828,0.26101
2071.7917,312.646,312.711,3.89015,0.179896,1.32736,0.0033858,0.0055273,0.00305922,-0.0021415,4.61924e-06,8.78542e-06,3.84396e-06,1.2593e-07,0.000871107,0.00198767,0.00720566,0.0828515,0.00147727,0.00245585,1.16795e-08,1.88647e-06,4.50727e-06,3.36349e-10,1.79724e-05,1.50108e-05,2.21482e-07,1.55686e-10,4.48344e-06,1.02721e-06,16.5247,43.5857,11.561,0.53341,24.0575,0.28822,14.6546,0.0111258,0.228846,2.47009,0.255093,0.0945305,0.00133165,0.0116944,-0.178395,0.0120094,0.0224713,0.00544872,0.00480625,-0.178395,0.0192685,2.85847,2.23373,0.000716435,0.0484588,0.000850224,0.00374522,0.000228846,0.000823363,0.0484588,2.17129,1.89815e-06,4.96374,0.239972
2071.8750,306.039,306.152,3.75659,0.298494,2.00622,0.0119261,0.00648528,0.00567805,0.00544085,6.70904e-05,6.33336e-05,5.60289e-05,2.10893e-06,0.00507714,0.00606727,0.0454853,0.419814,0.0182776,0.0024101,2.25061e-07,1.87819e-06,3.39295e-05,2.0539e-10,7.80242e-05,6.62606e-05,1.44602e-06,1.35783e-10,8.14107e-06,4.28006e-06,16.465,43.498,11.5402,0.466857,24.0911,0.279367,14.6391,0.0108127,0.221818,2.47508,0.254338,0.0950349,0.0013189,0.00981074,-0.175249,0.0116406,0.0224496,0.00528138,0.00481624,-0.175249,0.0192186,2.85853,2.23388,0.000591281,0.048536,0.000824112,0.00374159,0.000221818,0.000825028,0.048536,3.30817,2.10325e-06,4.92477,0.23263
2071.9583,306.154,306.193,3.93249,0.32951,2.42311,0.0135259,0.00753523,0.00574319,0.00599063,7.3526e-05,6.79558e-05,6.12419e-05,2.58133e-06,0.00413398,0.00454685,0.0484636,0.538108,0.0243701,0.00246915,2.84129e-07,1.8971e-06,3.37131e-05,5.67976e-11,0.000113948,8.79983e-05,1.21512e-06,1.12805e-10,8.44947e-06,5.66219e-06,16.5114,43.4882,11.5557,0.410662,24.0997,0.291029,14.644,0.0109746,0.231077,2.46637,0.254782,0.0951922,0.00131059,0.00834851,-0.174047,0.0121265,0.0224561,0.00550183,0.00479783,-0.174047,0.0192452,2.85859,2.23401,0.000502833,0.0485378,0.000858511,0.00374268,0.000231077,0.000822122,0.0485378,3.71941,2.18123e-06,4.95575,0.242051
2072.0417,304.528,304.626,4.13904,0.378556,1.10274,0.012956,0.00760841,0.00555475,0.00534757,5.02897e-05,6.60032e-05,4.17714e-05,1.84681e-06,0.00287483,0.00477457,0.0535236,0.781451,0.0237326,0.00253807,2.26354e-07,1.91035e-06,2.26374e-05,2.36716e-11,0.000124933,8.68749e-05,6.82942e-07,8.76659e-11,8.20669e-06,5.56783e-06,16.5738,43.5049,11.5756,0.381299,24.0956,0.304595,14.6523,0.0111982,0.241848,2.45412,0.2554,0.0955192,0.00177913,0.00759617,-0.174029,0.0126917,0.0224673,0.0057583,0.00477217,-0.174029,0.0192826,2.85866,2.23411,0.000459392,0.0485095,0.000898529,0.00374455,0.000241848,0.00081804,0.0485095,2.95654,2.13671e-06,4.99827,0.253047
2072.1250,304.601,304.639,4.33148,0.377597,1.44215,0.0132364,0.0077955,0.00526162,0.00544086,3.73046e-05,6.7261e-05,3.08288e-05,1.48429e-06,0.00201139,0.00454955,0.0553233,1.12858,0.0251808,0.00260163,1.86237e-07,1.90201e-06,2.73753e-05,1.10057e-11,0.000123298,9.27057e-05,7.97254e-07,9.09888e-11,7.64296e-06,5.92249e-06,16.6386,43.5354,11.5944,0.368186,24.0879,0.3171,14.6605,0.0114095,0.251777,2.44075,0.256008,0.0960675,0.00250792,0.00725719,-0.17445,0.0132127,0.0224786,0.00599469,0.00474424,-0.17445,0.0193188,2.85873,2.2342,0.000438161,0.0484775,0.000935416,0.00374643,0.000251777,0.000813584,0.0484775,3.04547,2.08825e-06,5.04421,0.263187
2072.2083,305.051,305.093,4.54909,0.369491,1.70369,0.0133021,0.00805633,0.00525909,0.00524579,3.51708e-05,6.78042e-05,2.90179e-05,1.42288e-06,0.00187419,0.00454686,0.0546018,1.23116,0.0255498,0.00267287,1.74639e-07,1.91336e-06,3.73807e-05,5.44789e-11,0.000123544,9.46558e-05,1.1183e-06,4.56244e-10,7.43156e-06,6.04655e-06,16.7146,43.5809,11.6166,0.359163,24.0804,0.331093,14.6712,0.0116641,0.262888,2.42679,0.256746,0.0963298,0.00278074,0.00703077,-0.174943,0.0137958,0.0224933,0.00625924,0.00471509,-0.174943,0.0193631,2.8588,2.23427,0.000424693,0.0484504,0.000976696,0.00374888,0.000262888,0.000808929,0.0484504,3.29707,2.088e-06,5.09795,0.274552
2072.2917,304.746,304.769,4.72594,0.366591,1.88539,0.0131819,0.00814265,0.00517894,0.0050393,3.3214e-05,6.76181e-05,2.73761e-05,1.35046e-06,0.00177598,0.00451875,0.0554954,1.27079,0.0252606,0.00273021,1.70726e-07,1.91189e-06,4.13394e-05,4.31232e-10,0.000120149,9.41635e-05,1.23914e-06,3.53855e-09,7.17307e-06,6.01632e-06,16.7813,43.6258,11.6348,0.356024,24.0745,0.342352,14.6802,0.0118671,0.271827,2.41402,0.257355,0.0965664,0.0029344,0.00695571,-0.175368,0.0142649,0.0225058,0.00647207,0.00468846,-0.175368,0.0193994,2.85888,2.23434,0.000419504,0.0484312,0.00100991,0.00375097,0.000271827,0.000804673,0.0484312,3.16453,2.08261e-06,5.14645,0.283694
2072.3750,304.833,304.852,4.88167,0.338546,2.61176,0.0133273,0.00829363,0.00500605,0.00503369,3.78443e-05,6.79057e-05,3.12819e-05,1.47304e-06,0.00197671,0.00429274,0.0550955,1.13543,0.0255276,0.00278031,1.85702e-07,1.91436e-06,6.05979e-05,2.99139e-09,0.000111762,9.55843e-05,2.03058e-06,1.56314e-08,6.7809e-06,6.11461e-06,16.8436,43.6709,11.6512,0.354037,24.0708,0.352181,14.6887,0.0120464,0.279632,2.40247,0.257909,0.0965371,0.00269618,0.00691624,-0.175649,0.0146745,0.0225177,0.0066579,0.00466438,-0.175649,0.0194324,2.85896,2.2344,0.00041742,0.0484194,0.0010389,0.00375295,0.000279632,0.000800825,0.0484194,3.35031,2.10007e-06,5.19244,0.291678
2072.4583,305.269,305.274,5.06757,0.270273,3.33927,0.0139752,0.00864876,0.00408843,0.00532644,0.000106766,6.97003e-05,8.90648e-05,3.53735e-06,0.00528693,0.00405314,0.0541863,0.474402,0.0269437,0.00283968,4.35809e-07,1.93704e-06,3.35156e-05,1.95715e-08,7.99532e-05,0.000100234,1.51437e-06,1.94921e-08,5.46572e-06,6.49776e-06,16.9177,43.7489,11.6714,0.359937,24.0733,0.363814,14.6998,0.0122755,0.288868,2.39802,0.25859,0.0963755,0.00145407,0.00709014,-0.175414,0.0151592,0.0225333,0.00687782,0.00465504,-0.175414,0.0194746,2.85904,2.23442,0.000429357,0.0484252,0.00107322,0.00375555,0.000288868,0.00079934,0.0484252,3.75127,2.37285e-06,5.24627,0.301144
2072.5417,306.559,306.522,5.22364,0.206542,3.83673,0.0125436,0.00849348,0.00276919,0.00405012,0.000389522,6.84046e-05,0.000298611,2.63397e-05,0.0242221,0.0046675,0.0516389,0.107578,0.0233866,0.0028892,3.01689e-06,1.9798e-06,1.35605e-06,9.9648e-09,3.55888e-05,8.2243e-05,7.21572e-08,1.33028e-08,3.60488e-06,5.72275e-06,16.9778,43.853,11.6889,0.385236,24.0845,0.373502,14.71,0.0124681,0.29656,2.4055,0.259081,0.0975139,0.000457915,0.00774469,-0.17444,0.0155628,0.0225477,0.00706096,0.00467043,-0.17444,0.0195112,2.85912,2.23439,0.000469933,0.0484545,0.00110179,0.00375795,0.00029656,0.000801832,0.0484545,4.26204,4.99669e-06,5.28889,0.309028
2072.6250,310.037,309.837,5.1937,0.171965,3.31717,0.0076509,0.00775193,0.00232022,-0.000101035,0.000366526,4.39907e-05,0.000259989,3.58268e-05,0.0292921,0.00499103,0.0322993,0.0274424,0.0120864,0.00287984,3.84263e-06,2.02069e-06,3.14814e-07,8.87146e-10,2.2141e-05,4.46854e-05,1.61628e-08,8.12425e-09,2.87896e-06,3.34574e-06,16.96,43.899,11.6864,0.41709,24.1024,0.371643,14.7092,0.0124019,0.295084,2.41954,0.258662,0.0990208,0.000127056,0.00842547,-0.172893,0.0154854,0.0225468,0.00702581,0.00469944,-0.172893,0.0195009,2.85921,2.23438,0.000517248,0.0485015,0.00109631,0.0037578,0.000295084,0.000806514,0.0485015,3.64237,5.86332e-06,5.27359,0.307486
2072.7083,312.496,312.342,4.84129,0.154032,2.41802,0.00419066,0.00668335,0.002237,-0.00249269,5.52478e-05,2.19149e-05,4.07341e-05,3.44079e-06,0.00974421,0.0046857,0.016992,0.0450871,0.00381797,0.00276745,3.08285e-07,2.01282e-06,6.95671e-08,1.51357e-09,1.56314e-05,2.29797e-05,4.07416e-09,4.93109e-09,2.81516e-06,1.59698e-06,16.8353,43.8535,11.6475,0.455901,24.1225,0.349624,14.6873,0.0118696,0.277601,2.43981,0.257178,0.100474,0.000308827,0.00941529,-0.171169,0.0145679,0.0225167,0.00660956,0.00474126,-0.171169,0.0194107,2.85929,2.23443,0.000577389,0.0485551,0.00103136,0.00375278,0.000277601,0.000813268,0.0485551,2.85013,2.32111e-06,5.1878,0.289471
2072.7917,309.538,309.546,4.57078,0.203007,2.77351,0.00822319,0.00683813,0.00334453,0.00138506,0.000160829,4.66798e-05,0.000127752,9.52123e-06,0.0143752,0.00563086,0.0316023,0.093772,0.012404,0.00267975,9.06248e-07,2.00786e-06,3.07283e-06,1.26477e-09,3.07937e-05,4.78639e-05,1.42738e-07,3.04053e-09,4.42809e-06,3.27071e-06,16.7396,43.8048,11.6159,0.462683,24.1473,0.332482,14.6684,0.0114383,0.263991,2.45524,0.256034,0.101809,0.000375905,0.00961259,-0.168987,0.0138537,0.0224906,0.0062855,0.00477301,-0.168987,0.0193401,2.85936,2.2345,0.00058306,0.0486189,0.000980794,0.00374843,0.000263991,0.000818413,0.0486189,3.48952,2.91411e-06,5.12366,0.275429
2072.8750,307.195,307.29,4.40115,0.245917,2.13471,0.0100567,0.00687014,0.00399049,0.00318657,0.000247765,5.85036e-05,0.000195107,1.81597e-05,0.0182083,0.00613314,0.0425559,0.101432,0.0173276,0.00262397,1.94267e-06,1.99828e-06,4.74425e-06,6.85006e-10,4.53813e-05,6.18953e-05,2.17709e-07,1.99231e-09,5.45154e-06,4.25171e-06,16.6818,43.784,11.5945,0.463632,24.17,0.321601,14.6547,0.0111451,0.255352,2.46851,0.255251,0.103087,0.000331749,0.00964281,-0.166938,0.0134003,0.0224714,0.0060798,0.00480024,-0.166938,0.0192938,2.85943,2.23456,0.0005794,0.0486745,0.000948697,0.00374524,0.000255352,0.000822837,0.0486745,3.12767,3.94095e-06,5.08737,0.266497
2072.9583,304.034,304.124,4.35304,0.375377,1.02226,0.0131858,0.00737147,0.00605936,0.00581434,0.00011689,6.79702e-05,9.49819e-05,6.76216e-06,0.00647297,0.00456701,0.0571425,0.389976,0.0229475,0.00260813,8.5159e-07,1.98786e-06,9.48223e-06,8.06719e-11,0.000112053,8.43112e-05,2.82673e-07,1.15285e-09,8.49683e-06,5.52535e-06,16.7359,43.8033,11.5889,0.418403,24.1859,0.318496,14.6515,0.0111035,0.252886,2.46316,0.255473,0.104251,0.000787267,0.00847613,-0.165274,0.0132709,0.0224667,0.00602109,0.0047889,-0.165274,0.0193135,2.85951,2.23466,0.000507903,0.0487027,0.000939536,0.00374446,0.000252886,0.000821052,0.0487027,2.94984,2.83945e-06,5.147,0.263989
2073.0417,305.055,305.08,4.23592,0.356254,2.32118,0.0134681,0.00754895,0.00547855,0.00591916,5.39336e-05,7.00172e-05,4.47744e-05,2.0263e-06,0.00281689,0.00480572,0.0563326,0.771181,0.0241393,0.00256962,2.49263e-07,1.98771e-06,2.91736e-05,2.20366e-10,0.000118145,8.90706e-05,9.51259e-07,2.57034e-09,7.79214e-06,5.75245e-06,16.8287,43.8526,11.5781,0.388501,24.1848,0.31091,14.6474,0.0110425,0.246863,2.45053,0.256019,0.105038,0.00158568,0.00773144,-0.165061,0.0129549,0.0224608,0.00587768,0.00476252,-0.165061,0.0193481,2.85958,2.23476,0.000463834,0.0486857,0.000917159,0.00374346,0.000246863,0.000816842,0.0486857,3.41075,2.23698e-06,5.25062,0.257905
2073.1250,305.954,305.936,4.14754,0.364477,2.22495,0.0135287,0.00772793,0.0055571,0.00580076,4.42416e-05,7.03854e-05,3.66735e-05,1.68884e-06,0.00227587,0.00446577,0.0545053,0.981386,0.0245893,0.00254045,1.99896e-07,1.99968e-06,3.05071e-05,5.07606e-10,0.000131462,9.05639e-05,9.18566e-07,7.40527e-09,7.92793e-06,5.83472e-06,16.9195,43.9033,11.5705,0.367714,24.1787,0.305155,14.645,0.0110243,0.242293,2.43733,0.256639,0.105334,0.00211579,0.00721919,-0.165375,0.012715,0.0224573,0.00576887,0.00473495,-0.165375,0.0193865,2.85964,2.23484,0.000435304,0.0486593,0.00090018,0.00374288,0.000242293,0.000812442,0.0486593,3.65973,2.19958e-06,5.34901,0.253317
2073.2083,306.145,306.154,4.07619,0.355441,2.34331,0.0132204,0.00785184,0.00534304,0.00536854,3.45358e-05,6.94694e-05,2.85121e-05,1.39634e-06,0.00179201,0.00436108,0.0523519,1.19173,0.0239658,0.00251685,1.62051e-07,2.01588e-06,5.01505e-05,2.17237e-09,0.000131434,8.83276e-05,1.57354e-06,2.19369e-08,7.51502e-06,5.68053e-06,17.0073,43.951,11.5649,0.352997,24.1684,0.300488,14.6437,0.0110327,0.238587,2.42229,0.257293,0.105446,0.00271431,0.00685759,-0.166122,0.0125206,0.0224552,0.00568065,0.00470357,-0.166122,0.0194265,2.85971,2.23493,0.000414663,0.0486256,0.000886414,0.00374254,0.000238587,0.000807431,0.0486256,3.61912,2.17793e-06,5.44245,0.24962
2073.2917,306.356,306.345,4.02209,0.323419,2.96182,0.0131623,0.00799358,0.00490556,0.00516874,3.95195e-05,6.94741e-05,3.27373e-05,1.51751e-06,0.00201679,0.00405796,0.0506199,1.01514,0.0239197,0.00249895,1.73989e-07,2.03253e-06,6.56198e-05,6.64409e-09,0.000120348,8.80493e-05,2.32109e-06,2.71803e-08,6.8153e-06,5.66755e-06,17.0885,43.9996,11.5612,0.342408,24.159,0.296938,14.6435,0.0110641,0.235769,2.40975,0.257946,0.104825,0.00245568,0.00660809,-0.166863,0.0123727,0.0224547,0.00561355,0.00467735,-0.166863,0.0194663,2.85978,2.235,0.000401938,0.0485976,0.000875944,0.00374244,0.000235769,0.000803249,0.0485976,3.69847,2.20652e-06,5.52731,0.246833
2073.3750,306.413,306.417,3.98674,0.219695,3.77581,0.013183,0.00807529,0.00305172,0.00510768,8.84531e-05,7.01286e-05,7.4245e-05,2.48117e-06,0.00453761,0.00394745,0.0504303,0.479159,0.0240452,0.00248731,2.81645e-07,2.06383e-06,1.38249e-05,5.61153e-08,6.55734e-05,8.78999e-05,6.44629e-07,2.65369e-08,4.18019e-06,5.71303e-06,17.1643,44.0732,11.5597,0.346405,24.1555,0.294613,14.6446,0.0111237,0.233923,2.40696,0.258611,0.104677,0.00179526,0.00674402,-0.167145,0.0122758,0.022456,0.00556959,0.00467133,-0.167145,0.0195075,2.85984,2.23502,0.000411827,0.0485875,0.000869084,0.00374266,0.000233923,0.000802318,0.0485875,4.13643,2.34548e-06,5.60465,0.245047
2073.4583,307.96,307.907,3.90369,0.147983,3.1337,0.00942341,0.00713676,0.00161719,0.00228664,0.000116379,6.22682e-05,9.71198e-05,3.64506e-06,0.00931977,0.00569511,0.0459429,0.209766,0.0158551,0.00245946,3.88834e-07,2.0818e-06,1.16742e-07,3.48685e-08,2.06309e-05,5.83629e-05,7.9492e-09,1.71824e-08,2.14608e-06,3.86625e-06,17.191,44.161,11.5514,0.382664,24.1629,0.28913,14.641,0.0110726,0.229569,2.42445,0.258847,0.105831,0.00102083,0.0077734,-0.166518,0.0120473,0.0224508,0.00546593,0.00470728,-0.166518,0.0195231,2.85991,2.23498,0.000473105,0.0486075,0.000852909,0.00374179,0.000229569,0.000808149,0.0486075,3.32644,2.47064e-06,5.6396,0.240642
2073.5417,309.638,309.511,3.71554,0.168309,2.62473,0.00648035,0.00668158,0.0021193,-0.000201231,9.55612e-05,4.69924e-05,7.90054e-05,3.69884e-06,0.0108731,0.00679904,0.035736,0.122326,0.00958343,0.00239549,3.69742e-07,2.07327e-06,5.19911e-07,1.01591e-08,2.56373e-05,3.74184e-05,3.05301e-08,9.60481e-09,2.74691e-06,2.51883e-06,17.1349,44.1667,11.5279,0.40684,24.1802,0.276623,14.6266,0.0107853,0.219638,2.44474,0.258314,0.107014,0.000640554,0.00836024,-0.16505,0.0115262,0.0224306,0.00522949,0.00474899,-0.16505,0.0194901,2.85997,2.23499,0.000503973,0.0486541,0.000816015,0.00373844,0.000219638,0.000814914,0.0486541,3.09789,2.44301e-06,5.60706,0.230424
2073.6250,315.256,314.933,3.4588,0.128031,1.96049,0.00299062,0.00678633,0.00184727,-0.0037957,1.86261e-05,1.8531e-05,1.55038e-05,5.56146e-07,0.00345254,0.00450115,0.0133991,0.0914307,0.0028289,0.00230694,4.62183e-08,2.03944e-06,8.27907e-08,7.20238e-09,2.37018e-05,1.74694e-05,5.53357e-09,5.58016e-09,2.36754e-06,1.18426e-06,17.0141,44.1011,11.4932,0.427691,24.1947,0.259351,14.604,0.0103269,0.205925,2.46456,0.257259,0.108123,0.000927819,0.00894689,-0.163801,0.0108066,0.0223989,0.00490297,0.00478967,-0.163801,0.0194223,2.86003,2.23503,0.000538848,0.0486928,0.000765067,0.00373314,0.000205925,0.000821521,0.0486928,2.30634,2.08566e-06,5.52093,0.216252
2073.7083,317.311,317.104,3.16724,0.109768,1.72197,0.00239311,0.0065756,0.00144382,-0.00418249,4.41622e-06,1.04038e-05,3.68413e-06,9.90025e-08,0.00122307,0.00304667,0.00645216,0.100666,0.00129018,0.00220472,5.91563e-09,1.97574e-06,1.25475e-13,7.88069e-09,1.99229e-05,1.24713e-05,2.37907e-14,3.42346e-09,1.78849e-06,8.52776e-07,16.8483,43.9968,11.4514,0.456458,24.2048,0.239449,14.5755,0.00976452,0.190123,2.48726,0.255888,0.109167,0.00152565,0.00985098,-0.162934,0.0099773,0.0223588,0.00452673,0.00483622,-0.162934,0.0193329,2.86009,2.23509,0.000597484,0.0487194,0.000706358,0.00372647,0.000190123,0.000829088,0.0487194,1.91706,1.98166e-06,5.39689,0.199887
2073.7917,315.181,315.13,2.89669,0.131961,1.60486,0.00294908,0.00587894,0.00174298,-0.00292986,3.83177e-06,1.26888e-05,3.18463e-06,9.07443e-08,0.00106203,0.00382445,0.00769536,0.153291,0.00150738,0.00210825,5.8742e-09,1.91165e-06,2.25303e-07,7.82585e-09,1.73994e-05,1.23235e-05,1.4137e-08,2.22137e-09,2.75304e-06,8.35083e-07,16.6893,43.8985,11.4102,0.482068,24.2158,0.220697,14.5464,0.00921966,0.175233,2.51128,0.254549,0.110118,0.00204859,0.0106198,-0.161985,0.00919595,0.0223176,0.00417222,0.00488542,-0.161985,0.0192452,2.86014,2.23514,0.000647573,0.0487485,0.000651042,0.00371961,0.000175233,0.000837094,0.0487485,2.0717,1.91752e-06,5.27908,0.184453
2073.8750,310.791,310.872,2.67489,0.212583,1.53408,0.00629753,0.00558222,0.0038088,0.000715307,2.00437e-05,3.66165e-05,1.67644e-05,5.85756e-07,0.00207255,0.0059205,0.0237482,0.394874,0.00806548,0.00202788,5.45178e-08,1.86674e-06,3.41475e-05,6.23082e-09,5.13414e-05,3.19151e-05,1.19228e-06,1.49999e-09,5.42027e-06,2.07342e-06,16.563,43.8011,11.3741,0.468014,24.2389,0.205113,14.5196,0.00875886,0.16286,2.53115,0.253441,0.110755,0.00235107,0.0100104,-0.159974,0.00854663,0.0222795,0.00387762,0.00492595,-0.159974,0.0191717,2.86019,2.23523,0.000608668,0.048809,0.000605072,0.00371325,0.00016286,0.000843716,0.048809,2.49507,1.92125e-06,5.18892,0.171619
2073.9583,307.031,307.099,2.78829,0.316899,2.52778,0.0125097,0.00722542,0.00573861,0.00528424,5.64357e-05,7.05827e-05,4.71305e-05,1.89211e-06,0.003233,0.00516959,0.0459581,0.735257,0.023987,0.002068,1.8579e-07,1.87776e-06,4.88749e-05,1.2548e-09,0.000123748,8.4199e-05,1.82188e-06,9.56143e-10,8.46282e-06,5.39164e-06,16.5836,43.7468,11.3822,0.387261,24.2514,0.213096,14.5198,0.00893455,0.169198,2.5245,0.253818,0.109941,0.00202401,0.00779128,-0.158604,0.00887922,0.0222787,0.00402852,0.00491165,-0.158604,0.0191923,2.86023,2.23537,0.000475773,0.0488283,0.000628618,0.00371311,0.000169198,0.000841499,0.0488283,3.71862,2.06355e-06,5.20143,0.178133
2074.0417,306.932,306.969,3.08608,0.315917,2.60133,0.0126953,0.00761929,0.00500058,0.00507596,6.19148e-05,7.07012e-05,5.17645e-05,2.00688e-06,0.00340232,0.00499453,0.0482718,0.708544,0.0250174,0.00217363,2.05618e-07,1.9075e-06,4.77716e-05,1.06769e-09,0.000124854,8.86245e-05,1.81591e-06,7.0267e-10,7.45707e-06,5.68512e-06,16.6516,43.7584,11.4149,0.351878,24.2422,0.233852,14.5353,0.00943121,0.185679,2.5127,0.254759,0.109422,0.00202007,0.00686058,-0.159104,0.00974406,0.0222992,0.00442092,0.00488682,-0.159104,0.0192492,2.86028,2.23545,0.000422738,0.0487902,0.000689846,0.00371653,0.000185679,0.000837567,0.0487902,3.7934,2.11311e-06,5.2367,0.19511
2074.1250,306.739,306.792,3.37053,0.303819,2.6385,0.0124647,0.00788796,0.00456518,0.00457679,6.93702e-05,6.99973e-05,5.80998e-05,2.11782e-06,0.00384248,0.00526909,0.0484046,0.605367,0.0244683,0.00227302,2.21393e-07,1.94424e-06,4.44604e-05,9.6634e-10,0.000114496,8.74718e-05,1.76783e-06,5.40507e-10,6.65493e-06,5.62723e-06,16.7179,43.7901,11.4467,0.338059,24.2312,0.253361,14.5513,0.00991078,0.201168,2.50286,0.255673,0.109078,0.00190484,0.00650386,-0.15987,0.0105569,0.0223205,0.00478972,0.00486611,-0.15987,0.0193049,2.86034,2.23551,0.000403064,0.0487528,0.000747393,0.00372009,0.000201168,0.000834287,0.0487528,3.74654,2.16563e-06,5.27123,0.211079
2074.2083,305.69,305.734,3.62924,0.344585,1.96202,0.0126051,0.00787335,0.00505425,0.00473171,5.98604e-05,6.87177e-05,4.99763e-05,1.98985e-06,0.00321459,0.0044945,0.0519569,0.707512,0.0245976,0.00236215,2.26543e-07,1.95682e-06,4.53788e-05,4.19463e-10,0.000129627,8.91766e-05,1.58669e-06,4.00615e-10,7.188e-06,5.73032e-06,16.7843,43.8233,11.4758,0.327445,24.2203,0.270845,14.5665,0.0103495,0.215051,2.49127,0.256504,0.108775,0.00190847,0.00623055,-0.16071,0.0112854,0.022341,0.00512026,0.00484186,-0.16071,0.0193558,2.8604,2.23557,0.000387917,0.0487188,0.000798969,0.0037235,0.000215051,0.000830425,0.0487188,3.22772,2.18336e-06,5.30848,0.2254
2074.2917,304.957,305.013,3.85693,0.363483,1.81657,0.0125518,0.00793368,0.00496094,0.00461814,4.2222e-05,6.83989e-05,3.50503e-05,1.56539e-06,0.00225137,0.00449437,0.05363,0.961998,0.0242489,0.00243964,1.8976e-07,1.94943e-06,3.9202e-05,1.36451e-10,0.000128228,8.89007e-05,1.2737e-06,3.56383e-10,6.95686e-06,5.69583e-06,16.8491,43.8524,11.5019,0.319238,24.2076,0.286031,14.5806,0.0107395,0.227109,2.47644,0.257249,0.108717,0.00238667,0.00602198,-0.161752,0.0119182,0.0223602,0.00540735,0.00481098,-0.161752,0.0194008,2.86046,2.23564,0.000376083,0.0486832,0.000843766,0.00372669,0.000227109,0.00082548,0.0486832,2.98481,2.1392e-06,5.34721,0.237848
2074.3750,305.434,305.455,4.08951,0.300369,2.987,0.0132428,0.00825087,0.0043155,0.00499188,6.33533e-05,7.00578e-05,5.28939e-05,2.08468e-06,0.00317512,0.00401985,0.0526128,0.710567,0.0257474,0.0025179,2.49527e-07,1.95339e-06,5.52573e-05,8.16419e-10,0.000104209,9.47161e-05,2.17773e-06,8.66829e-10,5.93617e-06,6.09336e-06,16.9207,43.9048,11.5293,0.319647,24.1988,0.301353,14.5964,0.0111432,0.239274,2.46565,0.258045,0.108374,0.00201733,0.00604324,-0.16252,0.0125566,0.0223817,0.005697,0.0047885,-0.16252,0.0194492,2.86053,2.23568,0.000377951,0.0486602,0.000888963,0.00373028,0.000239274,0.000821884,0.0486602,3.53457,2.20291e-06,5.3914,0.250417
2074.4583,306.981,306.934,4.30849,0.23223,3.85622,0.0130336,0.0087064,0.00322535,0.00432722,0.000130987,7.02275e-05,0.000109718,3.84322e-06,0.00695091,0.00409817,0.0496149,0.328141,0.0248822,0.00259084,4.23698e-07,1.98271e-06,1.07202e-05,1.89061e-09,6.70009e-05,9.10658e-05,5.19918e-07,1.06892e-09,4.36493e-06,5.94777e-06,16.986,43.9791,11.5559,0.330824,24.1983,0.315612,14.6123,0.0115286,0.250596,2.46394,0.258789,0.108638,0.0013037,0.00634839,-0.162588,0.0131507,0.0224037,0.00596657,0.00478486,-0.162588,0.0194963,2.8606,2.23568,0.000396347,0.0486601,0.000931026,0.00373394,0.000250596,0.000821312,0.0486601,4.26615,2.40641e-06,5.43016,0.262125
2074.5417,311.617,311.387,4.31788,0.129069,3.00076,0.00601716,0.00712577,0.00146502,-0.00110861,7.161e-05,3.78353e-05,5.96415e-05,2.26193e-06,0.00779857,0.00504724,0.0274707,0.1203,0.00857794,0.00259407,2.16544e-07,2.01626e-06,3.29745e-10,1.36379e-09,2.01953e-05,3.66825e-05,2.81525e-11,9.65447e-10,1.78289e-06,2.45942e-06,16.9687,44.0267,11.5575,0.372076,24.2065,0.316217,14.6136,0.01156,0.251077,2.47953,0.258687,0.109906,0.000808432,0.00750787,-0.161915,0.0131759,0.0224055,0.00597801,0.004817,-0.161915,0.0194913,2.86067,2.23566,0.000463991,0.048683,0.000932811,0.00373424,0.000251077,0.000826511,0.048683,3.12242,2.2328e-06,5.41118,0.262637
2074.6250,315.827,315.546,4.00245,0.115953,1.94108,0.00260607,0.00675691,0.00145647,-0.00415084,9.56325e-06,1.21462e-05,7.98036e-06,2.32083e-07,0.00228499,0.00316796,0.00844721,0.0662322,0.00169825,0.00248874,1.71357e-08,1.97741e-06,1.1226e-09,1.38221e-09,1.51999e-05,1.56872e-05,1.11271e-10,7.74075e-10,1.82127e-06,1.07526e-06,16.8267,43.9686,11.5184,0.420507,24.2184,0.29563,14.5896,0.0110243,0.23473,2.50296,0.257293,0.11118,0.00105291,0.00888603,-0.160917,0.0123181,0.0223721,0.00558882,0.00486527,-0.160917,0.019402,2.86074,2.23569,0.000547323,0.0487164,0.000872082,0.00372868,0.00023473,0.00083432,0.0487164,2.16468,1.99455e-06,5.30831,0.245755
2074.7083,318.399,318.157,3.65274,0.103786,1.59767,0.00181064,0.0066128,0.00131882,-0.00480216,1.13978e-06,3.43985e-06,9.42044e-07,1.93417e-08,0.000581054,0.00169278,0.00264736,0.0424084,0.000334735,0.00236976,1.11779e-09,1.91483e-06,1.00603e-08,1.64279e-09,1.52736e-05,1.11893e-05,8.27816e-10,6.08427e-10,1.56822e-06,7.83393e-07,16.6608,43.8807,11.4727,0.462788,24.2301,0.272411,14.5604,0.0104043,0.216294,2.527,0.255717,0.11236,0.00152941,0.0101393,-0.159941,0.0113507,0.0223313,0.00514986,0.00491471,-0.159941,0.0193002,2.8608,2.23574,0.000626477,0.0487484,0.000803588,0.00372188,0.000216294,0.000842333,0.0487484,1.72495,1.91595e-06,5.1881,0.226698
2074.7917,316.373,316.297,3.32521,0.131524,1.25321,0.00181385,0.0058561,0.00212575,-0.00404225,2.734e-07,8.20803e-07,2.26783e-07,5.88243e-09,9.51981e-05,0.00027737,0.000649262,0.0110251,9.81909e-05,0.00225614,4.08311e-10,1.84966e-06,3.80992e-07,1.87878e-09,1.73721e-05,9.7765e-06,2.36837e-08,4.86692e-10,3.25281e-06,6.8965e-07,16.5,43.7755,11.4274,0.472716,24.2533,0.250269,14.5303,0.00979858,0.198714,2.54944,0.25418,0.11342,0.00203397,0.0102189,-0.157974,0.0104281,0.022289,0.00473128,0.00496076,-0.157974,0.0192006,2.86086,2.23582,0.000631415,0.0488116,0.000738274,0.00371483,0.000198714,0.000849815,0.0488116,1.79431,1.85007e-06,5.07258,0.208512
2074.8750,308.036,308.218,3.12101,0.255135,2.10043,0.00914706,0.00562565,0.00452473,0.00352141,3.0808e-05,5.32532e-05,2.57957e-05,8.44656e-07,0.00319373,0.00696484,0.0341724,0.527417,0.0120266,0.00218404,7.57375e-08,1.82607e-06,2.11206e-05,1.72173e-09,5.55592e-05,4.42038e-05,1.04582e-06,3.93875e-10,6.49213e-06,2.84658e-06,16.3953,43.681,11.396,0.443592,24.2792,0.236277,14.5076,0.00939638,0.187604,2.5629,0.253129,0.114093,0.00236429,0.00930076,-0.15569,0.0098451,0.0222568,0.00446676,0.00498819,-0.15569,0.0191312,2.86092,2.23593,0.000570738,0.0488774,0.000696999,0.00370947,0.000187604,0.000854301,0.0488774,3.39958,1.90181e-06,4.9993,0.197001
2074.9583,306.966,307.041,3.24114,0.319472,2.16158,0.012533,0.00697467,0.00546471,0.00555837,6.03802e-05,6.80227e-05,5.05305e-05,1.87208e-06,0.00364992,0.00518733,0.0449531,0.628114,0.0228019,0.00222562,1.84229e-07,1.8518e-06,5.21848e-05,6.42626e-10,0.000111222,8.07014e-05,2.07285e-06,3.07971e-10,7.87623e-06,5.1799e-06,16.4159,43.6535,11.4052,0.388473,24.2915,0.244527,14.5089,0.00955549,0.194154,2.55755,0.253402,0.113774,0.00197051,0.00779228,-0.154368,0.0101888,0.0222577,0.00462272,0.00497675,-0.154368,0.0191456,2.86097,2.23604,0.000476394,0.0488981,0.000721335,0.00370962,0.000194154,0.000852516,0.0488981,3.61523,2.03603e-06,5.01068,0.20371
2075.0417,307.467,307.472,3.48323,0.33052,2.63278,0.0131529,0.00765268,0.00542457,0.00550023,5.42471e-05,6.9414e-05,4.5198e-05,1.89725e-06,0.00295701,0.00469964,0.0456303,0.79944,0.0252296,0.00230941,1.88367e-07,1.88106e-06,4.92264e-05,2.41227e-10,0.000130324,9.01233e-05,1.78387e-06,2.38695e-10,7.84834e-06,5.77306e-06,16.4801,43.6613,11.4303,0.353561,24.2849,0.261008,14.5201,0.00992003,0.20724,2.54281,0.254168,0.113381,0.00205983,0.00687727,-0.15467,0.0108755,0.0222725,0.00493429,0.00494601,-0.15467,0.0191917,2.86103,2.23614,0.00042445,0.0488678,0.00076995,0.00371208,0.00020724,0.000847604,0.0488678,3.85514,2.06942e-06,5.04977,0.21716
2075.1250,307.478,307.505,3.73645,0.303203,3.07462,0.0131538,0.00797276,0.00472312,0.00518109,6.95591e-05,6.97118e-05,5.8187e-05,2.18862e-06,0.00373302,0.0046121,0.0458834,0.641857,0.0255795,0.002396,2.1747e-07,1.92686e-06,4.59808e-05,2.86156e-10,0.000113703,9.19122e-05,1.82644e-06,2.02611e-10,6.73804e-06,5.90996e-06,16.5504,43.6959,11.4575,0.339734,24.2755,0.278015,14.5334,0.0103106,0.220744,2.5303,0.25501,0.11302,0.00188211,0.00652558,-0.155317,0.0115842,0.0222903,0.0052558,0.00491992,-0.155317,0.019243,2.86109,2.2362,0.000405473,0.0488353,0.000820119,0.00371504,0.000220744,0.000843433,0.0488353,4.18581,2.14433e-06,5.09289,0.231054
2075.2083,306.123,306.19,3.9914,0.32559,2.31657,0.0130765,0.00802627,0.00487674,0.0050502,7.73899e-05,6.84949e-05,6.47225e-05,2.44585e-06,0.00404859,0.00437272,0.0484844,0.538948,0.0252372,0.00248214,2.66609e-07,1.96877e-06,3.92894e-05,2.05129e-10,0.000116498,9.1686e-05,1.46249e-06,1.69231e-10,6.81458e-06,5.91155e-06,16.6268,43.7491,11.4856,0.333937,24.2687,0.294913,14.5479,0.0107096,0.234161,2.51969,0.255872,0.112938,0.00160532,0.00637903,-0.155816,0.0122883,0.0223099,0.00557526,0.00489782,-0.155816,0.0192965,2.86115,2.23624,0.000397562,0.0488133,0.000869966,0.00371832,0.000234161,0.000839897,0.0488133,3.56542,2.23538e-06,5.14122,0.244871
2075.2917,305.208,305.263,4.16755,0.368379,1.45761,0.0120582,0.00789517,0.00524556,0.00416299,4.24714e-05,6.56731e-05,3.52648e-05,1.53988e-06,0.00245573,0.00482831,0.0514919,0.872082,0.0225162,0.00254101,1.82386e-07,1.96171e-06,3.27716e-05,4.80299e-11,0.000129995,8.30617e-05,1.04536e-06,1.26348e-10,7.25182e-06,5.32767e-06,16.6847,43.7745,11.5048,0.325357,24.2599,0.306458,14.5579,0.010985,0.243328,2.50453,0.256454,0.113115,0.00216037,0.00616074,-0.156527,0.0127693,0.0223236,0.00579352,0.00486639,-0.156527,0.0193318,2.86122,2.23632,0.000384882,0.0487878,0.000904022,0.00372059,0.000243328,0.000834844,0.0487878,2.75607,2.14409e-06,5.17985,0.254313
2075.3750,305.2,305.235,4.301,0.347774,2.20806,0.0126179,0.0080285,0.00494847,0.00458943,3.67378e-05,6.70928e-05,3.04079e-05,1.40624e-06,0.00200312,0.00453453,0.0525797,1.07139,0.023913,0.00258522,1.69397e-07,1.93945e-06,5.40092e-05,3.98516e-11,0.000120948,8.85085e-05,1.80071e-06,1.27997e-10,6.74904e-06,5.66686e-06,16.7321,43.7946,11.5195,0.322277,24.2508,0.31513,14.5657,0.0111951,0.250213,2.48937,0.256899,0.113181,0.00266531,0.00608723,-0.157306,0.0131306,0.0223341,0.00595745,0.00483499,-0.157306,0.0193578,2.86129,2.23639,0.000380121,0.0487638,0.000929603,0.00372235,0.000250213,0.00082979,0.0487638,3.02272,2.10884e-06,5.21264,0.261408
2075.4583,305.843,305.85,4.48371,0.31278,3.05218,0.0134262,0.00839364,0.00463735,0.00503259,5.57289e-05,6.915e-05,4.64039e-05,1.92956e-06,0.00282025,0.00412369,0.0517625,0.804995,0.0257692,0.00264537,2.25357e-07,1.94562e-06,5.15707e-05,1.18754e-10,0.000108398,9.54801e-05,1.91962e-06,2.33226e-10,6.26144e-06,6.13356e-06,16.7991,43.8442,11.5406,0.322573,24.2451,0.326905,14.5778,0.0114894,0.259563,2.47748,0.257565,0.112722,0.00206497,0.00610725,-0.157826,0.0136213,0.0223507,0.00618007,0.00481037,-0.157826,0.0193981,2.86136,2.23644,0.000382076,0.0487496,0.000964339,0.00372512,0.000259563,0.000825826,0.0487496,3.69003,2.17098e-06,5.25849,0.271052
2075.5417,307.483,307.435,4.67768,0.213232,4.00134,0.0131695,0.00855959,0.00290778,0.00460994,0.000161568,7.02832e-05,0.000134918,5.09369e-06,0.00890096,0.00422775,0.0488421,0.279104,0.025089,0.00270872,5.38952e-07,1.99471e-06,5.72341e-06,5.25202e-10,5.07244e-05,9.16604e-05,2.94072e-07,3.04689e-10,3.86625e-06,6.02454e-06,16.8674,43.9367,11.5636,0.342373,24.2482,0.33929,14.5916,0.0118067,0.269396,2.47876,0.258268,0.113307,0.00116871,0.00664739,-0.15759,0.0141373,0.02237,0.0064142,0.004813,-0.15759,0.0194431,2.86144,2.23643,0.000414501,0.0487593,0.00100087,0.00372833,0.000269396,0.000826254,0.0487593,4.47104,2.53367e-06,5.30373,0.281203
2075.6250,307.861,307.814,4.80821,0.233918,3.58957,0.0116214,0.00840699,0.00319826,0.00321439,0.000334604,6.55132e-05,0.000260938,2.15548e-05,0.0211718,0.00514232,0.0452497,0.0973369,0.02136,0.0027511,2.25883e-06,2.05079e-06,4.13904e-06,1.29965e-10,4.74335e-05,7.58887e-05,2.01626e-07,2.92499e-10,4.2107e-06,5.24653e-06,16.908,44.0198,11.5799,0.363933,24.2614,0.347557,14.602,0.0120268,0.27596,2.48647,0.258644,0.114539,0.000359703,0.00717156,-0.156466,0.0144818,0.0223844,0.00657048,0.00482895,-0.156466,0.0194735,2.86152,2.2364,0.000443824,0.0487951,0.00102526,0.00373074,0.00027596,0.000828823,0.0487951,4.38326,4.30962e-06,5.32812,0.287987
2075.7083,311.577,311.429,4.63349,0.163146,2.36314,0.00449359,0.00678153,0.00204192,-0.00228794,5.7521e-05,2.69399e-05,4.54798e-05,3.15347e-06,0.00937239,0.00543782,0.0206285,0.0645292,0.00474936,0.00269459,2.89184e-07,2.06732e-06,1.5204e-07,1.09152e-10,2.08862e-05,2.51893e-05,9.17098e-09,2.59743e-10,2.57286e-06,1.73036e-06,16.8345,44.0078,11.5606,0.396027,24.2769,0.336467,14.5914,0.0117624,0.267154,2.50036,0.25781,0.115918,0.000405086,0.00798095,-0.155136,0.0140197,0.0223699,0.00636082,0.00485766,-0.155136,0.019426,2.86159,2.23643,0.000491034,0.0488367,0.000992544,0.00372832,0.000267154,0.000833453,0.0488367,2.87515,2.3565e-06,5.27385,0.278917
2075.7917,308.099,308.179,4.40533,0.273605,2.36408,0.0109986,0.00749925,0.00459713,0.00349937,0.000160724,6.08591e-05,0.00013183,7.70614e-06,0.0103719,0.00568047,0.0410805,0.186698,0.019606,0.00261988,7.76696e-07,2.05429e-06,1.16658e-05,1.05365e-10,6.58198e-05,7.23769e-05,4.84403e-07,2.16962e-10,6.10799e-06,4.80664e-06,16.7453,43.9622,11.5338,0.407277,24.2968,0.32187,14.5755,0.0113993,0.255565,2.51284,0.256824,0.117124,0.000558431,0.00826906,-0.153411,0.0134115,0.0223478,0.00608488,0.00488338,-0.153411,0.0193642,2.86167,2.23649,0.00050457,0.0488883,0.000949487,0.00372464,0.000255565,0.000837613,0.0488883,3.79484,2.83099e-06,5.2115,0.266964
2075.8750,305.541,305.624,4.56695,0.368429,2.02086,0.0138244,0.00842408,0.00576381,0.00540036,0.000117722,7.12167e-05,9.72038e-05,5.0749e-06,0.00615054,0.00493635,0.053303,0.413339,0.0260794,0.00267282,5.76373e-07,2.07961e-06,1.25107e-05,1.73733e-11,0.000116422,9.61472e-05,3.88522e-07,1.51478e-10,7.87598e-06,6.25173e-06,16.8113,43.9907,11.5526,0.37027,24.3072,0.332235,14.5865,0.0116596,0.263794,2.50198,0.257428,0.118099,0.000864233,0.00729726,-0.152351,0.0138433,0.0223631,0.00628082,0.00486095,-0.152351,0.0194052,2.86174,2.23657,0.000446503,0.0489081,0.000980061,0.00372718,0.000263794,0.000833994,0.0489081,3.60579,2.65598e-06,5.25868,0.275454
2075.9583,305.182,305.223,4.58177,0.366821,1.88303,0.0141978,0.0079707,0.00546167,0.0062271,5.78154e-05,7.08929e-05,4.80321e-05,2.13794e-06,0.00286454,0.00447218,0.0554136,0.765196,0.0250358,0.00267798,2.57702e-07,2.07992e-06,2.2896e-05,1.42034e-11,0.000122336,9.39459e-05,6.95561e-07,1.95415e-10,7.5607e-06,6.07508e-06,16.9028,44.0466,11.5571,0.352789,24.3046,0.333183,14.5911,0.0117578,0.264548,2.48643,0.258108,0.119002,0.00162061,0.00685313,-0.152408,0.0138829,0.0223695,0.00629875,0.00482888,-0.152408,0.0194485,2.86182,2.23664,0.000420496,0.0488939,0.00098286,0.00372825,0.000264548,0.000828811,0.0488939,3.3473,2.33762e-06,5.34565,0.276305
2076.0417,304.512,304.561,4.455,0.378252,1.74753,0.0141767,0.00789686,0.00502675,0.00627979,4.48624e-05,7.10601e-05,3.71814e-05,1.71828e-06,0.00219877,0.00442216,0.0580451,0.998805,0.0252527,0.00263689,2.16896e-07,2.07476e-06,2.50214e-05,4.45726e-10,0.00011404,9.47538e-05,7.48196e-07,5.55497e-09,6.93547e-06,6.10951e-06,16.9997,44.1204,11.5469,0.347299,24.3003,0.325066,14.5884,0.0116872,0.258102,2.47313,0.258724,0.119671,0.0021236,0.00671458,-0.152693,0.0135446,0.0223657,0.00614529,0.00480143,-0.152693,0.0194871,2.86189,2.2367,0.000411172,0.0488781,0.000958914,0.00372762,0.000258102,0.000824378,0.0488781,3.4143,2.29166e-06,5.45287,0.269789
2076.1250,305.19,305.201,4.36316,0.375898,1.77641,0.0140837,0.00810791,0.00516198,0.00597579,4.03229e-05,7.10594e-05,3.33657e-05,1.5832e-06,0.00196253,0.00425292,0.0563638,1.11449,0.0252562,0.00260706,1.95184e-07,2.08e-06,2.85772e-05,8.37769e-09,0.000122262,9.47137e-05,8.35463e-07,1.06876e-07,7.10186e-06,6.10018e-06,17.1001,44.1959,11.5406,0.341476,24.2948,0.319152,14.5878,0.0116712,0.253406,2.45958,0.259446,0.120109,0.00243835,0.00656947,-0.153119,0.0132982,0.022365,0.00603348,0.00477343,-0.153119,0.0195321,2.86196,2.23676,0.000402265,0.0488614,0.000941468,0.0037275,0.000253406,0.00081986,0.0488614,3.56696,2.27518e-06,5.55951,0.265077
2076.2083,305.587,305.608,4.28172,0.357499,2.19975,0.0135664,0.0082214,0.00520659,0.00534497,3.58795e-05,7.02179e-05,2.96425e-05,1.43251e-06,0.00180404,0.00431352,0.0539891,1.16547,0.0241378,0.00258051,1.72144e-07,2.0867e-06,4.70047e-05,3.23325e-08,0.000125443,9.05965e-05,1.44694e-06,3.66764e-07,7.06375e-06,5.8316e-06,17.1908,44.2591,11.5353,0.335327,24.2878,0.313883,14.5878,0.0116672,0.249223,2.44517,0.260148,0.120276,0.0026693,0.00642055,-0.153706,0.0130787,0.022365,0.00593389,0.00474366,-0.153706,0.0195755,2.86202,2.23681,0.000393661,0.0488423,0.000925927,0.0037275,0.000249223,0.000815057,0.0488423,3.39879,2.25884e-06,5.65547,0.26089
2076.2917,305.005,305.036,4.20092,0.348763,2.12225,0.0130353,0.00819585,0.00499894,0.00483947,3.6096e-05,6.89634e-05,2.98686e-05,1.39664e-06,0.00188056,0.0043644,0.0545185,1.06681,0.0229336,0.00255402,1.73157e-07,2.07866e-06,5.53698e-05,1.92371e-08,0.000120654,8.6179e-05,1.75944e-06,1.84763e-07,6.75167e-06,5.54966e-06,17.2634,44.3056,11.5296,0.329232,24.2808,0.308634,14.5872,0.01165,0.245055,2.43221,0.260727,0.119959,0.00255402,0.00627977,-0.154318,0.01286,0.0223642,0.00583465,0.00471688,-0.154318,0.0196109,2.86208,2.23686,0.00038652,0.0488244,0.000910442,0.00372737,0.000245055,0.000810737,0.0488244,3.0971,2.25181e-06,5.7338,0.256705
2076.3750,305.307,305.304,4.1292,0.33968,2.43568,0.0131389,0.0083366,0.00489014,0.00480227,4.14516e-05,6.98797e-05,3.43856e-05,1.54889e-06,0.002124,0.00429961,0.0541093,0.943274,0.023291,0.00253043,1.90812e-07,2.06337e-06,5.68514e-05,1.68301e-08,0.000118622,8.72406e-05,1.8944e-06,1.18541e-07,6.61085e-06,5.62135e-06,17.3261,44.346,11.5246,0.324581,24.2744,0.303957,14.5868,0.0116384,0.241342,2.42094,0.261258,0.119521,0.00229033,0.00617451,-0.154895,0.0126651,0.0223636,0.00574623,0.00469359,-0.154895,0.0196432,2.86215,2.23692,0.000381356,0.0488087,0.000896646,0.00372727,0.000241342,0.00080698,0.0488087,3.22087,2.25418e-06,5.80149,0.25298
2076.4583,305.706,305.709,4.08858,0.320938,2.96991,0.0136463,0.00848497,0.00466637,0.00516131,5.40221e-05,7.10308e-05,4.49475e-05,1.9429e-06,0.00261945,0.00393473,0.0528693,0.771845,0.0244881,0.00251717,2.33446e-07,2.0674e-06,5.53155e-05,1.24431e-08,0.000113034,9.14983e-05,1.95591e-06,6.97504e-08,6.32169e-06,5.9058e-06,17.3947,44.3938,11.5234,0.320471,24.2681,0.3013,14.5888,0.0116806,0.239232,2.41046,0.261902,0.119063,0.00188152,0.00608226,-0.155475,0.0125544,0.0223664,0.005696,0.00467195,-0.155475,0.019683,2.86221,2.23696,0.000377106,0.0487937,0.000888809,0.00372773,0.000239232,0.000803488,0.0487937,3.65194,2.30084e-06,5.87129,0.250913
2076.5417,306.588,306.556,4.07816,0.248858,3.83948,0.0138462,0.00873091,0.00355444,0.00511531,0.000125205,7.34288e-05,0.000104716,3.90976e-06,0.0063641,0.00468548,0.0542755,0.391033,0.0250371,0.00251404,4.46203e-07,2.09589e-06,1.8591e-05,3.96305e-08,7.76643e-05,9.23168e-05,8.35086e-07,3.4215e-08,4.78126e-06,6.03686e-06,17.4708,44.4681,11.5263,0.325239,24.2657,0.300617,14.5933,0.0117796,0.23869,2.40637,0.26266,0.119083,0.00126117,0.00622436,-0.155726,0.012526,0.0223728,0.0056831,0.0046635,-0.155726,0.0197312,2.86228,2.23698,0.000386401,0.0487892,0.000886795,0.0037288,0.00023869,0.000802122,0.0487892,4.37031,2.54209e-06,5.94449,0.25047
2076.6250,308.91,308.797,4.05459,0.202075,3.81835,0.0109953,0.00861099,0.00264359,0.0023843,0.000174384,6.45372e-05,0.000144612,6.53481e-06,0.0114626,0.00563719,0.0441507,0.163485,0.0186114,0.00250649,6.77062e-07,2.14671e-06,4.44792e-06,2.35032e-08,4.69515e-05,6.88289e-05,2.0535e-07,2.25588e-08,3.48638e-06,4.60237e-06,17.5184,44.5463,11.5272,0.342826,24.2717,0.299071,14.5966,0.0118414,0.237462,2.41344,0.263207,0.120045,0.000697975,0.00670108,-0.155239,0.0124615,0.0223773,0.00565386,0.00467812,-0.155239,0.0197689,2.86235,2.23696,0.000414171,0.0488065,0.000882232,0.00372956,0.000237462,0.000804479,0.0488065,4.41229,2.82377e-06,5.99115,0.249303
2076.7083,311.36,311.238,3.86429,0.180272,2.95023,0.00661911,0.0078003,0.00229803,-0.00118119,9.44965e-05,4.32034e-05,7.829e-05,3.51063e-06,0.00882587,0.00545176,0.0274769,0.108663,0.0095056,0.00244239,3.22147e-07,2.16926e-06,6.35389e-07,1.16176e-08,3.03368e-05,3.85971e-05,3.89199e-08,1.29793e-08,3.01868e-06,2.60025e-06,17.4398,44.524,11.5047,0.370202,24.2843,0.286517,14.5837,0.0115369,0.227494,2.42972,0.262651,0.121245,0.000635931,0.00742917,-0.154182,0.0119384,0.0223595,0.00541653,0.00471173,-0.154182,0.0197354,2.86241,2.23697,0.000455207,0.048841,0.0008452,0.00372658,0.000227494,0.000809907,0.048841,3.69169,2.49141e-06,5.93512,0.239031
2076.7917,307.113,307.188,3.72194,0.279216,2.45366,0.0121637,0.008151,0.00426018,0.00401273,0.000187701,7.05172e-05,0.000154476,8.51517e-06,0.0110128,0.00557972,0.0474444,0.19184,0.0214586,0.00239399,8.97914e-07,2.17847e-06,1.24137e-05,4.54905e-09,7.4254e-05,7.77772e-05,5.02303e-07,7.14536e-09,5.68356e-06,5.17675e-06,17.3881,44.5001,11.4875,0.372169,24.2996,0.277057,14.5735,0.011316,0.219983,2.44023,0.262321,0.12224,0.000594111,0.00744379,-0.152853,0.0115443,0.0223454,0.0052377,0.00473338,-0.152853,0.0197159,2.86247,2.23701,0.000453467,0.0488809,0.000817295,0.00372423,0.000219983,0.00081341,0.0488809,3.78858,3.07638e-06,5.90065,0.231299
2076.8750,305.61,305.667,3.76048,0.345853,1.84756,0.0135048,0.00854956,0.00530188,0.00495519,0.000114377,7.36711e-05,9.47622e-05,4.63937e-06,0.00585521,0.00513445,0.0544963,0.406171,0.0242914,0.00240737,5.31267e-07,2.18218e-06,1.99334e-05,1.01999e-09,0.000120214,8.95836e-05,6.6907e-07,3.97687e-09,7.30736e-06,5.84401e-06,17.4562,44.5348,11.4949,0.343292,24.3027,0.279628,14.5799,0.0114756,0.222025,2.4325,0.263067,0.122901,0.000921346,0.00667787,-0.152483,0.0116514,0.0223541,0.0052863,0.00471738,-0.152483,0.0197658,2.86254,2.23706,0.000410143,0.0488848,0.000824879,0.00372568,0.000222025,0.000810832,0.0488848,3.39615,2.71345e-06,5.9613,0.2335
2076.9583,305.605,305.615,3.78958,0.366374,2.08984,0.0139354,0.00860999,0.00508131,0.00532543,5.90582e-05,7.43402e-05,4.91288e-05,2.16073e-06,0.00291455,0.00490895,0.0563582,0.798415,0.0253498,0.00241753,2.57026e-07,2.16994e-06,2.73407e-05,1.08822e-09,0.0001255,9.46517e-05,8.47089e-07,1.02517e-08,7.10145e-06,6.10485e-06,17.529,44.5697,11.5014,0.326397,24.295,0.281565,14.5858,0.0116153,0.223563,2.41935,0.263871,0.123448,0.00170856,0.00624114,-0.153063,0.0117321,0.0223622,0.00532292,0.00469025,-0.153063,0.0198165,2.8626,2.23713,0.000385535,0.04886,0.000830593,0.00372704,0.000223563,0.00080645,0.04886,3.50438,2.42697e-06,6.02758,0.235178
2077.0417,305.491,305.516,3.81285,0.348669,2.17224,0.0133465,0.00866493,0.00491889,0.00468158,4.7108e-05,7.30077e-05,3.91348e-05,1.73901e-06,0.00241457,0.00507568,0.0556262,0.919396,0.024019,0.0024257,2.08274e-07,2.16057e-06,4.56386e-05,3.08059e-09,0.000124376,9.00848e-05,1.48049e-06,2.57424e-08,6.80561e-06,5.80126e-06,17.5991,44.6077,11.5072,0.316949,24.2849,0.283113,14.5913,0.0117376,0.224791,2.40672,0.264672,0.123539,0.00208996,0.00600544,-0.153893,0.0117966,0.0223699,0.00535218,0.00466418,-0.153893,0.019866,2.86266,2.23718,0.000372783,0.0488319,0.000835158,0.00372831,0.000224791,0.000802241,0.0488319,3.29503,2.36884e-06,6.09195,0.236529
2077.1250,305.546,305.557,3.83523,0.370328,1.69112,0.0131418,0.00878204,0.00492257,0.00435975,4.32758e-05,7.17621e-05,3.59017e-05,1.63684e-06,0.0022299,0.00470473,0.055119,0.982181,0.0235152,0.00243357,1.97186e-07,2.15089e-06,3.27971e-05,1.24719e-08,0.000126066,8.85182e-05,9.99861e-07,1.38011e-07,6.79629e-06,5.69857e-06,17.6607,44.6435,11.5129,0.31216,24.2755,0.284599,14.5968,0.0118549,0.225971,2.39522,0.265421,0.123439,0.00220809,0.00588697,-0.154717,0.0118585,0.0223776,0.00538027,0.00464045,-0.154717,0.0199121,2.86272,2.23723,0.000366023,0.0488073,0.000839541,0.0037296,0.000225971,0.000798407,0.0488073,3.22632,2.34808e-06,6.14775,0.237826
2077.2083,306.152,306.144,3.85395,0.352175,2.36378,0.0132981,0.00894925,0.00495609,0.00434883,3.79399e-05,7.19133e-05,3.14012e-05,1.49107e-06,0.00191521,0.00426553,0.053121,1.12426,0.0238521,0.0024402,1.73881e-07,2.13868e-06,5.24746e-05,3.49337e-08,0.000128582,8.99689e-05,1.64877e-06,3.27369e-07,6.76925e-06,5.78531e-06,17.7134,44.667,11.5184,0.307451,24.2643,0.28584,14.6023,0.0119635,0.226957,2.38185,0.266125,0.123407,0.00261812,0.00577191,-0.155721,0.0119102,0.0223853,0.00540375,0.00461288,-0.155721,0.0199552,2.86278,2.23728,0.000359339,0.0487798,0.000843205,0.00373088,0.000226957,0.00079395,0.0487798,3.48736,2.31256e-06,6.19498,0.238921
2077.2917,304.705,304.776,3.86538,0.372194,1.39633,0.0122435,0.00869378,0.0047375,0.00354971,3.12588e-05,6.88943e-05,2.58226e-05,1.23773e-06,0.00171932,0.00482049,0.054577,1.15374,0.0212399,0.00244436,1.54402e-07,2.12487e-06,3.95825e-05,4.33112e-08,0.000122699,8.06576e-05,1.17527e-06,5.06057e-07,6.46248e-06,5.1863e-06,17.7574,44.6862,11.5229,0.305301,24.2539,0.286598,14.6072,0.0120534,0.227559,2.36968,0.266747,0.123178,0.00280623,0.00572372,-0.156687,0.0119418,0.0223923,0.00541806,0.00458778,-0.156687,0.0199928,2.86283,2.23732,0.000356275,0.0487554,0.000845439,0.00373205,0.000227559,0.000789892,0.0487554,2.7641,2.27927e-06,6.23444,0.239612
2077.3750,305.318,305.303,3.8595,0.346723,2.38738,0.0128108,0.00885892,0.00471517,0.00395188,3.33127e-05,7.07949e-05,2.75361e-05,1.31943e-06,0.00171539,0.00432341,0.0540107,1.16047,0.0226455,0.00244262,1.62575e-07,2.09457e-06,6.45215e-05,4.59872e-08,0.000120781,8.57763e-05,2.06835e-06,3.74952e-07,6.36681e-06,5.51347e-06,17.7884,44.6962,11.5251,0.304352,24.2445,0.286208,14.6105,0.0121022,0.227249,2.3589,0.267227,0.122823,0.00289775,0.00570764,-0.157575,0.0119256,0.022397,0.0054107,0.00456558,-0.157575,0.0200213,2.86288,2.23737,0.000355114,0.0487345,0.000844289,0.00373284,0.000227249,0.0007863,0.0487345,3.20012,2.25714e-06,6.26333,0.239352
2077.4583,306.438,306.41,3.90364,0.300199,3.32998,0.0135916,0.00923279,0.00428404,0.00435882,6.01089e-05,7.27132e-05,5.01669e-05,2.01261e-06,0.00292106,0.0039483,0.0516211,0.734422,0.0243321,0.00245788,2.32137e-07,2.10245e-06,5.7897e-05,5.78337e-08,0.0001051,9.18932e-05,2.26219e-06,9.42414e-08,5.77925e-06,5.93363e-06,17.8393,44.7326,11.5342,0.304672,24.2376,0.28913,14.6186,0.0122555,0.229569,2.35102,0.267963,0.121993,0.00200648,0.0057295,-0.158255,0.0120473,0.0224084,0.00546593,0.00454939,-0.158255,0.0200666,2.86294,2.23739,0.000357562,0.0487199,0.000852907,0.00373474,0.000229569,0.000783674,0.0487199,3.89395,2.33459e-06,6.30508,0.241824
2077.5417,307.316,307.274,3.96268,0.22871,3.86486,0.0136082,0.00943769,0.00315911,0.00417056,0.00013005,7.43613e-05,0.000109062,3.73159e-06,0.00670106,0.0047112,0.0516875,0.351669,0.0243028,0.0024782,4.06213e-07,2.13709e-06,1.038e-05,6.11175e-08,6.83033e-05,9.08036e-05,5.26331e-07,3.28115e-08,4.20784e-06,5.94329e-06,17.8903,44.7906,11.5457,0.313453,24.2364,0.293028,14.6285,0.0124406,0.232664,2.35039,0.268738,0.122175,0.0013411,0.00597432,-0.158427,0.0122097,0.0224224,0.00553962,0.0045482,-0.158427,0.020116,2.863,2.23739,0.000372648,0.0487201,0.000864407,0.00373707,0.000232664,0.000783464,0.0487201,4.33827,2.5433e-06,6.34462,0.245105
2077.6250,310.016,309.843,3.94485,0.170058,3.30911,0.00841783,0.00843859,0.00196597,-2.07649e-05,0.000131023,5.4303e-05,0.000108826,4.63954e-06,0.0101571,0.00587712,0.0368343,0.134787,0.013345,0.00247251,4.71586e-07,2.16951e-06,3.84521e-07,2.6897e-08,2.84831e-05,5.19419e-05,2.27523e-08,2.06198e-08,2.52607e-06,3.48371e-06,17.8905,44.8411,11.5469,0.341916,24.2447,0.291849,14.6315,0.0124592,0.231728,2.36393,0.269014,0.1233,0.000721281,0.00674888,-0.15776,0.0121606,0.022427,0.00551734,0.00457627,-0.15776,0.0201357,2.86307,2.23736,0.000417482,0.0487443,0.00086093,0.00373783,0.000231728,0.000787977,0.0487443,3.75763,2.6411e-06,6.34369,0.244187
2077.7083,313.704,313.532,3.71145,0.130371,2.64183,0.00488601,0.00815089,0.00152538,-0.00326487,4.54184e-05,3.22954e-05,3.79268e-05,1.30164e-06,0.00593646,0.00544265,0.0192781,0.105703,0.0056446,0.0023932,1.01933e-07,2.1562e-06,1.2654e-10,1.45446e-08,1.8884e-05,2.66799e-05,1.0686e-11,1.15498e-08,1.87233e-06,1.79246e-06,17.7515,44.7726,11.5174,0.379007,24.2569,0.276346,14.6134,0.0120041,0.219419,2.38514,0.268061,0.124485,0.000774734,0.00778385,-0.156755,0.0115147,0.0224021,0.00522426,0.00462013,-0.156755,0.0200753,2.86313,2.23738,0.000478848,0.0487785,0.000815198,0.00373369,0.000219419,0.000795048,0.0487785,2.95923,2.25814e-06,6.2341,0.231423
2077.7917,310.629,310.623,3.4709,0.193431,2.44125,0.00669697,0.00756171,0.00278453,-0.000864738,6.42304e-05,4.5785e-05,5.36571e-05,1.90343e-06,0.00689668,0.00666906,0.0284738,0.168367,0.00914842,0.00231028,1.64747e-07,2.12956e-06,2.98654e-06,9.50333e-09,3.03694e-05,3.70935e-05,1.45794e-07,6.51455e-09,3.77844e-06,2.45977e-06,17.6032,44.6802,11.4851,0.395597,24.2759,0.260178,14.5924,0.0115116,0.206581,2.40548,0.267011,0.125566,0.000884292,0.00815926,-0.155151,0.010841,0.0223731,0.0049186,0.00466211,-0.155151,0.0200074,2.86319,2.23743,0.000498867,0.0488303,0.000767503,0.00372885,0.000206581,0.000801827,0.0488303,3.32862,2.29431e-06,6.1181,0.218093
2077.8750,307.156,307.239,3.41988,0.279314,2.31093,0.0121311,0.0082783,0.00434655,0.00385276,0.000160433,7.36987e-05,0.000133084,6.14881e-06,0.00950858,0.00559735,0.0472635,0.234313,0.0213861,0.00229253,6.22651e-07,2.13499e-06,1.49182e-05,3.19971e-09,7.497e-05,7.78661e-05,6.32706e-07,3.81735e-09,5.94407e-06,5.1426e-06,17.5681,44.6505,11.4782,0.375453,24.2934,0.256725,14.5879,0.01142,0.203839,2.41354,0.266966,0.126354,0.000728581,0.00756896,-0.153588,0.0106971,0.0223669,0.00485332,0.00467872,-0.153588,0.0200052,2.86325,2.23747,0.000460406,0.0488738,0.000757317,0.00372781,0.000203839,0.000804514,0.0488738,3.53907,2.75764e-06,6.08989,0.215259
2077.9583,305.808,305.844,3.61748,0.347626,1.90555,0.0134986,0.00928868,0.00537032,0.00420989,0.0001022,7.44889e-05,8.48997e-05,3.91415e-06,0.00523966,0.00502605,0.0535029,0.457087,0.0246818,0.00236079,4.46648e-07,2.12194e-06,2.35006e-05,7.05546e-10,0.000121734,9.19827e-05,7.81989e-07,2.21933e-09,7.51031e-06,5.97174e-06,17.6084,44.6538,11.5052,0.342407,24.2962,0.270045,14.6057,0.0118314,0.214416,2.40671,0.267683,0.126888,0.00103535,0.00668815,-0.153183,0.0112521,0.0223914,0.00510515,0.00466461,-0.153183,0.0200518,2.86331,2.23754,0.000410283,0.0488741,0.000796611,0.0037319,0.000214416,0.000802237,0.0488741,3.36872,2.56859e-06,6.10324,0.226247
2078.0417,305.658,305.701,3.93774,0.372541,1.68822,0.0135905,0.00943847,0.00506638,0.00415199,6.31227e-05,7.398e-05,5.25406e-05,2.26738e-06,0.00319596,0.00501792,0.0543669,0.729424,0.0246592,0.00247024,2.63458e-07,2.12517e-06,2.15341e-05,3.69617e-10,0.000123249,9.34776e-05,6.89814e-07,1.72921e-09,7.1858e-06,6.02771e-06,17.6579,44.6652,11.549,0.324128,24.2886,0.291372,14.6349,0.012475,0.231349,2.3945,0.26853,0.127293,0.00161751,0.00621544,-0.153709,0.0121407,0.022432,0.00550832,0.00463949,-0.153709,0.0201049,2.86337,2.2376,0.000384524,0.0488477,0.000859522,0.00373867,0.000231349,0.000798168,0.0488477,3.49576,2.38863e-06,6.10896,0.243824
2078.1250,306.909,306.902,4.23404,0.356057,2.54722,0.0139701,0.00982488,0.00523597,0.00414519,4.95891e-05,7.47191e-05,4.11547e-05,1.86336e-06,0.0024202,0.00468375,0.0506527,0.93562,0.0253425,0.00256998,2.04e-07,2.13957e-06,3.7838e-05,1.58913e-09,0.000128879,9.68845e-05,1.19998e-06,1.18191e-08,7.25107e-06,6.23351e-06,17.7069,44.6851,11.5906,0.317248,24.2796,0.310776,14.6637,0.0130752,0.246756,2.38132,0.269339,0.127661,0.00209154,0.0060371,-0.154419,0.0129492,0.0224724,0.00587515,0.00461243,-0.154419,0.0201551,2.86343,2.23765,0.000374241,0.048821,0.000916761,0.00374541,0.000246756,0.000793774,0.048821,3.98233,2.34357e-06,6.11633,0.259832
2078.2083,306.169,306.182,4.48917,0.36219,2.23059,0.0136231,0.00981146,0.00501556,0.00381168,4.0665e-05,7.19875e-05,3.3659e-05,1.57621e-06,0.00202064,0.00428255,0.0508501,1.03478,0.0240213,0.00265486,1.80321e-07,2.14492e-06,3.79943e-05,1.1539e-08,0.000120154,9.28776e-05,1.18458e-06,9.96967e-08,6.84362e-06,5.97508e-06,17.7487,44.7052,11.6279,0.316113,24.2719,0.327253,14.6908,0.0135994,0.259839,2.36845,0.270027,0.127962,0.0024113,0.00600972,-0.155072,0.0136358,0.0225106,0.00618664,0.0045861,-0.155072,0.0201976,2.86351,2.23771,0.000372147,0.0488,0.000965365,0.00375177,0.000259839,0.000789484,0.0488,3.50729,2.32524e-06,6.12083,0.273438
2078.2917,305.142,305.202,4.68204,0.351602,1.83643,0.012766,0.00959814,0.00498945,0.00316784,3.73046e-05,6.90242e-05,3.08882e-05,1.39893e-06,0.00204285,0.00470262,0.0528415,0.989044,0.0216124,0.00271851,1.68413e-07,2.13783e-06,4.71549e-05,1.58234e-08,0.000117085,8.44992e-05,1.48504e-06,1.42228e-07,6.71683e-06,5.44347e-06,17.7777,44.7164,11.6581,0.315463,24.2665,0.339568,14.714,0.0140065,0.269617,2.35687,0.270523,0.12793,0.00240206,0.00600337,-0.155561,0.0141489,0.0225436,0.00641944,0.00456248,-0.155561,0.020228,2.86358,2.23776,0.000372273,0.0487866,0.00100169,0.00375727,0.000269617,0.000785622,0.0487866,2.9171,2.30624e-06,6.11959,0.283623
2078.3750,305.075,305.093,4.81234,0.34498,2.24173,0.0133014,0.00969819,0.00493084,0.00360325,4.20863e-05,7.04729e-05,3.49043e-05,1.54425e-06,0.00219184,0.00453256,0.0542658,0.925216,0.0226896,0.00276135,1.91564e-07,2.10638e-06,4.99983e-05,1.67045e-08,0.000111946,8.86644e-05,1.62483e-06,1.37812e-07,6.59727e-06,5.71525e-06,17.7957,44.7252,11.6808,0.317838,24.2639,0.347815,14.7329,0.014295,0.276165,2.34775,0.270817,0.127885,0.00226563,0.00607268,-0.155815,0.0144925,0.0225707,0.00657536,0.00454401,-0.155815,0.0202457,2.86365,2.23782,0.000376122,0.0487811,0.00102602,0.00376179,0.000276165,0.000782584,0.0487811,3.12723,2.29794e-06,6.11491,0.29046
2078.4583,305.611,305.626,4.97031,0.330996,2.81414,0.0138675,0.00993487,0.0048868,0.00393268,5.22987e-05,7.14173e-05,4.34695e-05,1.86631e-06,0.00260647,0.00430292,0.0529236,0.783996,0.0237062,0.00281287,2.24613e-07,2.10131e-06,4.86306e-05,1.07919e-08,0.000108658,9.27068e-05,1.66283e-06,8.49762e-08,6.53204e-06,5.98658e-06,17.8255,44.7464,11.7078,0.319249,24.2627,0.357742,14.755,0.0146393,0.284047,2.33889,0.271241,0.127855,0.00190936,0.00611705,-0.155938,0.0149061,0.0226024,0.00676302,0.00452609,-0.155938,0.020272,2.86373,2.23787,0.000379042,0.0487793,0.0010553,0.00376707,0.000284047,0.00077963,0.0487793,3.48742,2.32592e-06,6.11775,0.298686
2078.5417,306.977,306.932,5.13985,0.263995,4.03197,0.0143335,0.0103958,0.00401778,0.00393767,0.000120663,7.29102e-05,0.000100655,3.98696e-06,0.00587138,0.00389491,0.0495797,0.392773,0.0245189,0.00286777,4.42005e-07,2.12774e-06,2.55208e-05,2.83532e-08,7.88771e-05,9.48594e-05,1.09165e-06,4.11927e-08,5.31342e-06,6.20489e-06,17.8605,44.7888,11.737,0.328114,24.2655,0.36831,14.7792,0.0150089,0.292438,2.33469,0.271722,0.128065,0.00119159,0.00635975,-0.155726,0.0153465,0.0226372,0.00696281,0.00451788,-0.155726,0.0203032,2.86381,2.2379,0.000393798,0.0487876,0.00108648,0.00377287,0.000292438,0.00077823,0.0487876,4.52353,2.56975e-06,6.12355,0.307447
2078.6250,308.609,308.495,5.26259,0.203238,4.25934,0.0118686,0.0101929,0.00284188,0.00167566,0.00023406,6.38636e-05,0.000188334,1.09787e-05,0.0152435,0.00503615,0.0436375,0.12394,0.0187866,0.00290753,1.14566e-06,2.18405e-06,3.91464e-06,1.84591e-08,4.22757e-05,7.26258e-05,1.84735e-07,2.42508e-08,3.62694e-06,4.93179e-06,17.8743,44.8438,11.7609,0.35223,24.2762,0.375907,14.8004,0.0152918,0.29847,2.34103,0.271996,0.129232,0.000523488,0.0069975,-0.154816,0.015663,0.022668,0.00710643,0.00453148,-0.154816,0.0203255,2.86389,2.23789,0.000431288,0.0488168,0.00110889,0.00377799,0.00029847,0.000780343,0.0488168,4.66316,3.32971e-06,6.11348,0.313762
2078.7083,312.831,312.643,5.03188,0.147005,3.0691,0.00519877,0.00874565,0.00195579,-0.00354688,7.78729e-05,2.87971e-05,6.0465e-05,3.71153e-06,0.0101652,0.00479498,0.0189192,0.0506076,0.00519697,0.00283486,3.19018e-07,2.20796e-06,6.29238e-09,7.90711e-09,1.44736e-05,2.79991e-05,4.9146e-10,1.41188e-08,2.3982e-06,1.93974e-06,17.7516,44.8055,11.7404,0.40048,24.2928,0.361576,14.7925,0.0149032,0.287091,2.36063,0.270946,0.130733,0.000378255,0.00825592,-0.15342,0.0150659,0.0226583,0.00683551,0.00457244,-0.15342,0.0202632,2.86397,2.2379,0.000507042,0.048862,0.00106661,0.00377638,0.000287091,0.000786876,0.048862,3.40168,2.52698e-06,6.01121,0.301994
2078.7917,308.209,308.287,4.79133,0.254376,3.07525,0.0116949,0.00898196,0.00427067,0.00271291,0.000269673,6.4655e-05,0.00021484,1.72137e-05,0.017308,0.0055419,0.0412301,0.106466,0.0181825,0.00275803,1.70589e-06,2.20969e-06,5.23723e-06,3.44421e-09,4.86836e-05,6.82138e-05,2.3781e-07,7.5449e-09,5.61263e-06,4.68326e-06,17.6314,44.7367,11.7168,0.410988,24.3185,0.346491,14.7814,0.0144751,0.275114,2.37577,0.269863,0.132119,0.000367951,0.00847085,-0.151187,0.0144374,0.0226442,0.00655034,0.00460413,-0.151187,0.0201975,2.86405,2.23796,0.00051521,0.0489296,0.00102212,0.00377403,0.000275114,0.000791925,0.0489296,4.16401,3.91558e-06,5.91455,0.289589
2078.8750,306.032,306.104,4.90249,0.310414,2.19897,0.0139866,0.00970273,0.00510805,0.0042839,0.000302407,7.21693e-05,0.000238361,2.2722e-05,0.0159993,0.00478077,0.0507606,0.143241,0.0233867,0.00279449,2.45917e-06,2.23049e-06,8.34358e-06,6.00907e-10,8.37807e-05,8.66904e-05,3.24456e-07,4.26918e-09,6.93424e-06,5.89317e-06,17.6508,44.7517,11.7375,0.386992,24.3379,0.353491,14.7992,0.014715,0.280672,2.37605,0.270043,0.133414,0.000325712,0.00780383,-0.149364,0.0147291,0.0226699,0.00668267,0.00460509,-0.149364,0.0202187,2.86413,2.23802,0.000473523,0.0489734,0.00104277,0.00377832,0.000280672,0.000792017,0.0489734,3.5954,4.68966e-06,5.9133,0.295387
2078.9583,305.788,305.819,5.02415,0.336061,2.25095,0.0144436,0.00981421,0.00550293,0.00462934,0.000143669,7.23311e-05,0.000118134,6.73947e-06,0.00715706,0.00441188,0.0527235,0.306074,0.0242866,0.00283423,7.79514e-07,2.22314e-06,1.65207e-05,3.98469e-10,0.000107478,9.33333e-05,5.77358e-07,2.55396e-09,7.5814e-06,6.13459e-06,17.6936,44.7752,11.7604,0.365862,24.3463,0.361109,14.8191,0.0149851,0.286721,2.36945,0.270433,0.134558,0.000689099,0.00727462,-0.14843,0.0150465,0.0226987,0.00682668,0.00459189,-0.14843,0.0202487,2.86421,2.23809,0.00044293,0.0489858,0.00106524,0.00378312,0.000286721,0.000789818,0.0489858,3.58659,3.00266e-06,5.93316,0.301706
2079.0417,306.225,306.225,5.13194,0.324715,3.05584,0.0145805,0.00997397,0.00524363,0.00460649,9.74198e-05,7.2792e-05,8.09158e-05,3.66512e-06,0.00481418,0.0043023,0.0524031,0.453108,0.0246949,0.00286936,4.20975e-07,2.22822e-06,2.77277e-05,2.59371e-10,0.000107242,9.58298e-05,1.01205e-06,1.7968e-09,7.24403e-06,6.24127e-06,17.7412,44.8037,11.7819,0.353221,24.3485,0.367821,14.8383,0.0152351,0.292049,2.3608,0.270893,0.135398,0.00102178,0.00696324,-0.148054,0.0153261,0.0227266,0.00695356,0.00457445,-0.148054,0.0202798,2.86429,2.23815,0.000425818,0.0489833,0.00108504,0.00378777,0.000292049,0.000786933,0.0489833,3.99946,2.64919e-06,5.95928,0.307285
2079.1250,306.164,306.163,5.21382,0.335886,2.79038,0.0140869,0.00995573,0.00537893,0.00413115,7.56406e-05,7.10821e-05,6.28725e-05,2.75887e-06,0.00381931,0.00427714,0.0510908,0.534892,0.0235254,0.00289615,3.19802e-07,2.22881e-06,2.97094e-05,1.32498e-10,0.000113376,9.20157e-05,1.0104e-06,1.57172e-09,7.41304e-06,5.97588e-06,17.7806,44.8293,11.8006,0.3461,24.3501,0.372895,14.856,0.0154368,0.296078,2.35253,0.271275,0.136075,0.00123086,0.00678912,-0.147778,0.0155375,0.0227525,0.00704948,0.00455782,-0.147778,0.0203052,2.86437,2.23822,0.000416268,0.0489812,0.0011,0.00379209,0.000296078,0.000784177,0.0489812,3.62107,2.54861e-06,5.97997,0.311515
2079.2083,305.252,305.3,5.27251,0.356957,1.83509,0.0135912,0.00977091,0.0053337,0.00382025,6.00311e-05,6.89814e-05,4.98746e-05,2.16969e-06,0.00316175,0.00452097,0.0528044,0.639385,0.022222,0.00291555,2.61608e-07,2.22624e-06,2.58697e-05,1.1307e-10,0.000114221,8.76245e-05,8.31906e-07,1.55044e-09,7.36032e-06,5.68092e-06,17.8142,44.8502,11.817,0.341639,24.3509,0.376519,14.8726,0.0155959,0.298956,2.34353,0.271585,0.13668,0.0014731,0.00668115,-0.147599,0.0156886,0.022777,0.00711801,0.00453969,-0.147599,0.0203256,2.86446,2.2383,0.000409913,0.048978,0.0011107,0.00379617,0.000298956,0.000781176,0.048978,3.27913,2.48784e-06,5.99715,0.314552
2079.2917,305.257,305.287,5.29974,0.347136,2.25811,0.0132829,0.0096873,0.0051788,0.00359564,4.64383e-05,6.82863e-05,3.85251e-05,1.68333e-06,0.00253077,0.00463295,0.0528457,0.778526,0.0215444,0.00292498,2.04641e-07,2.21163e-06,3.77353e-05,2.13811e-10,0.000110372,8.52077e-05,1.25496e-06,2.52921e-09,7.06382e-06,5.51213e-06,17.8398,44.8654,11.8296,0.339988,24.3512,0.378197,14.8869,0.0156941,0.300288,2.33437,0.271785,0.137272,0.00181099,0.00664235,-0.147487,0.0157585,0.0227983,0.00714972,0.00452125,-0.147487,0.0203383,2.86454,2.23838,0.000406735,0.048975,0.00111564,0.00379971,0.000300288,0.000778123,0.048975,3.26859,2.41627e-06,6.01018,0.315982
2079.3750,304.987,305.003,5.28765,0.346998,2.37807,0.0135063,0.00963534,0.00516449,0.00387095,4.09991e-05,6.88017e-05,3.39592e-05,1.51795e-06,0.00219338,0.00456909,0.0547116,0.91792,0.0220903,0.00292199,1.90225e-07,2.18255e-06,4.216e-05,5.22129e-10,0.000110764,8.71136e-05,1.36877e-06,5.61705e-09,7.00375e-06,5.62661e-06,17.852,44.8696,11.8374,0.339474,24.3521,0.377452,14.8979,0.0157155,0.299697,2.32592,0.271832,0.13775,0.00213173,0.00663243,-0.14735,0.0157275,0.0228151,0.00713565,0.00450426,-0.14735,0.0203411,2.86463,2.23846,0.000405059,0.0489744,0.00111345,0.00380252,0.000299697,0.000775307,0.0489744,3.23017,2.37278e-06,6.01465,0.315413
2079.4583,305.839,305.83,5.33819,0.273332,3.5799,0.0143223,0.00993748,0.00422864,0.00438479,8.82702e-05,7.15304e-05,7.36084e-05,2.93767e-06,0.0043484,0.00413525,0.0525828,0.5105,0.0240102,0.00293876,3.51615e-07,2.18424e-06,3.54755e-05,6.58329e-09,8.19403e-05,9.34322e-05,1.48157e-06,9.37394e-09,5.65599e-06,6.08249e-06,17.8879,44.9109,11.853,0.345017,24.356,0.380562,14.9142,0.0158534,0.302166,2.32198,0.272134,0.13788,0.0014389,0.0067891,-0.146979,0.015857,0.0228392,0.00719444,0.0044966,-0.146979,0.0203605,2.86471,2.23851,0.000414976,0.0489827,0.00112262,0.00380653,0.000302166,0.000773993,0.0489827,3.94218,2.53585e-06,6.03489,0.31802
2079.5417,307.419,307.34,5.36019,0.187698,3.87849,0.0114736,0.00920686,0.0023602,0.00226678,0.000233961,6.52751e-05,0.000185042,1.15321e-05,0.0169994,0.00511019,0.0474435,0.120166,0.0179103,0.00294659,1.27634e-06,2.21403e-06,2.15558e-07,7.36935e-09,2.54353e-05,6.85927e-05,1.42005e-08,7.53515e-09,2.99281e-06,4.67481e-06,17.9057,44.9842,11.8655,0.377374,24.3685,0.381913,14.9286,0.0159379,0.303239,2.33262,0.272265,0.139098,0.000558383,0.00764574,-0.14589,0.0159133,0.0228609,0.00721997,0.00451915,-0.14589,0.020373,2.8648,2.23849,0.000465612,0.0490155,0.00112661,0.00381015,0.000303239,0.000777541,0.0490155,4.17945,3.49038e-06,6.04024,0.319177
2079.6250,310.737,310.585,5.12752,0.171429,2.7743,0.00615596,0.00820771,0.00231212,-0.00205175,0.000140574,3.82241e-05,0.000101551,8.79588e-06,0.0165433,0.00550272,0.0274719,0.0475013,0.00722708,0.00287368,8.72243e-07,2.21578e-06,2.20602e-07,1.91349e-09,1.5706e-05,3.3193e-05,1.38728e-08,4.95089e-09,2.85872e-06,2.33482e-06,17.809,44.9669,11.8454,0.417065,24.3892,0.367531,14.9212,0.0155307,0.29182,2.35161,0.271276,0.140592,0.000283628,0.00858212,-0.144108,0.0153141,0.0228522,0.00694809,0.0045589,-0.144108,0.0203162,2.86488,2.23851,0.000522439,0.0490706,0.00108418,0.0038087,0.00029182,0.000783871,0.0490706,3.19018,3.08802e-06,5.96362,0.307351
2079.7083,313.273,313.083,4.73175,0.143253,2.17605,0.00367899,0.00780137,0.00205134,-0.00412238,2.25255e-05,1.66171e-05,1.82513e-05,1.00204e-06,0.00519871,0.00424632,0.0135554,0.0583471,0.00228054,0.00274697,8.67235e-08,2.1752e-06,3.90492e-09,2.13178e-09,1.39867e-05,1.89702e-05,3.41545e-10,3.15316e-09,2.51821e-06,1.30847e-06,17.64,44.8748,11.8024,0.451326,24.4109,0.342699,14.8976,0.0147844,0.272103,2.37258,0.269658,0.142042,0.000521516,0.00950538,-0.142245,0.0142794,0.0228208,0.00647863,0.00460266,-0.142245,0.0202144,2.86496,2.23857,0.000576588,0.049128,0.00101093,0.00380346,0.000272103,0.000790861,0.049128,2.52155,2.26192e-06,5.83764,0.286887
2079.7917,310.298,310.347,4.36881,0.222881,2.32763,0.00783047,0.00764566,0.00387106,0.000184812,6.74556e-05,4.19313e-05,5.60166e-05,2.39197e-06,0.00589167,0.00494624,0.0268709,0.161214,0.0100175,0.00262843,2.24783e-07,2.13996e-06,9.16703e-06,2.14067e-09,3.65188e-05,4.24949e-05,3.99432e-07,2.06222e-09,5.21984e-06,2.82624e-06,17.4783,44.77,11.7605,0.463593,24.4362,0.31951,14.8733,0.0140687,0.253691,2.39189,0.268139,0.143333,0.000770051,0.00981654,-0.140036,0.0133132,0.0227881,0.00604025,0.00464286,-0.140036,0.0201175,2.86503,2.23865,0.000592368,0.0491935,0.000942527,0.00379802,0.000253691,0.000797298,0.0491935,3.47916,2.36475e-06,5.71782,0.267759
2079.8750,306.067,306.139,4.36369,0.333604,2.28953,0.0138153,0.00876211,0.00598414,0.00505316,0.000119332,7.12704e-05,9.88092e-05,4.81841e-06,0.00648901,0.00489469,0.0501722,0.351108,0.0231452,0.00262706,5.21166e-07,2.15675e-06,1.81744e-05,4.63659e-10,0.000103915,8.64221e-05,6.52118e-07,1.31168e-09,8.37722e-06,5.65534e-06,17.4762,44.7389,11.7638,0.412767,24.4583,0.319185,14.878,0.0140472,0.253433,2.39169,0.268108,0.144159,0.000810868,0.00846161,-0.137864,0.0132997,0.0227956,0.00603412,0.00464263,-0.137864,0.0201168,2.8651,2.23876,0.00050791,0.0492399,0.00094157,0.00379927,0.000253433,0.00079723,0.0492399,3.8209,2.67791e-06,5.71234,0.26748
2079.9583,305.728,305.773,4.54885,0.343316,2.36909,0.0145048,0.00927208,0.00564903,0.00523271,7.90451e-05,7.18906e-05,6.57782e-05,2.85668e-06,0.00388307,0.00433932,0.0524726,0.564591,0.0255106,0.00268831,3.29561e-07,2.16369e-06,2.83356e-05,1.8383e-10,0.000119826,9.6309e-05,9.57412e-07,8.43316e-10,8.10618e-06,6.23361e-06,17.5366,44.7536,11.7913,0.374186,24.461,0.331074,14.8983,0.0143714,0.262873,2.38174,0.26872,0.144807,0.0012769,0.00747749,-0.137289,0.013795,0.0228247,0.00625887,0.00462226,-0.137289,0.0201562,2.86518,2.23886,0.000452616,0.0492311,0.00097664,0.00380411,0.000262873,0.000793912,0.0492311,3.64972,2.49325e-06,5.74529,0.277244
2080.0417,305.547,305.571,4.76565,0.344746,2.49301,0.014217,0.00941179,0.005419,0.00480523,6.18276e-05,7.07957e-05,5.14299e-05,2.21477e-06,0.00307023,0.0043672,0.0532569,0.697884,0.0249679,0.00275935,2.62731e-07,2.16205e-06,3.40722e-05,8.33205e-11,0.000120279,9.51218e-05,1.11998e-06,6.20689e-10,7.72572e-06,6.14259e-06,17.5938,44.7809,11.8225,0.357268,24.4579,0.344865,14.921,0.014736,0.273823,2.37194,0.269332,0.145272,0.00160141,0.0070526,-0.137316,0.0143696,0.0228571,0.00651959,0.00460224,-0.137316,0.0201948,2.86525,2.23894,0.000429307,0.0492115,0.00101732,0.00380951,0.000273823,0.000790647,0.0492115,3.50521,2.42478e-06,5.77127,0.288559
2080.1250,305.45,305.497,4.95103,0.33251,2.23353,0.0137632,0.00948254,0.00512789,0.00428069,6.37218e-05,6.94677e-05,5.30095e-05,2.26114e-06,0.00330554,0.00457535,0.0533635,0.643937,0.0238242,0.00281961,2.70078e-07,2.16268e-06,3.97176e-05,1.10789e-10,0.000112019,9.13812e-05,1.4169e-06,5.85951e-10,7.19612e-06,5.91124e-06,17.6445,44.815,11.8505,0.350663,24.4558,0.356535,14.9422,0.0150498,0.283088,2.36404,0.269865,0.145504,0.00150342,0.00689343,-0.137344,0.0148559,0.0228877,0.0067402,0.00458619,-0.137344,0.0202284,2.86533,2.23901,0.000420872,0.0491986,0.00105174,0.00381462,0.000283088,0.000788014,0.0491986,3.33486,2.43275e-06,5.79396,0.298138
2080.2083,304.286,304.351,5.06887,0.375257,1.14975,0.0129589,0.00921633,0.00520257,0.00374253,4.2567e-05,6.6319e-05,3.5286e-05,1.57078e-06,0.00233968,0.0046565,0.0552339,0.862658,0.0217399,0.00285789,2.00738e-07,2.13786e-06,2.24316e-05,9.17017e-11,0.000117458,8.4457e-05,6.61108e-07,7.34403e-10,7.32155e-06,5.45075e-06,17.6793,44.8354,11.871,0.347179,24.4538,0.363898,14.9593,0.0152456,0.288935,2.35508,0.270174,0.146131,0.00199069,0.00680232,-0.137404,0.0151627,0.0229126,0.00687941,0.00456797,-0.137404,0.0202478,2.86541,2.23909,0.000414116,0.049188,0.00107347,0.00381877,0.000288935,0.000785027,0.049188,2.77642,2.3386e-06,5.80831,0.304181
2080.2917,304.241,304.256,5.13199,0.370793,1.53095,0.0132519,0.00921575,0.0051636,0.00403611,3.27833e-05,6.71933e-05,2.70395e-05,1.2958e-06,0.00176179,0.00450639,0.0566847,1.15177,0.0225349,0.00287857,1.70008e-07,2.09888e-06,3.33469e-05,6.05303e-10,0.00011552,8.74696e-05,9.82255e-07,6.19272e-09,7.1373e-06,5.63111e-06,17.7025,44.8485,11.8851,0.348243,24.4517,0.367824,14.9725,0.0153461,0.292052,2.34615,0.270313,0.146805,0.00263104,0.00682682,-0.137516,0.0153263,0.0229323,0.00695362,0.00454982,-0.137516,0.0202557,2.86549,2.23917,0.000413289,0.0491792,0.00108505,0.00382205,0.000292052,0.000782049,0.0491792,2.89962,2.26889e-06,5.81732,0.307398
2080.3750,304.83,304.84,5.22215,0.35127,2.11481,0.0135342,0.00938421,0.00521151,0.00415002,3.4021e-05,6.84576e-05,2.80662e-05,1.33712e-06,0.00179359,0.00455127,0.05579,1.15474,0.0231909,0.0029078,1.70689e-07,2.07931e-06,5.04232e-05,2.85822e-09,0.000114681,8.98589e-05,1.59016e-06,2.43622e-08,7.08352e-06,5.78481e-06,17.7366,44.8723,11.9029,0.347492,24.4507,0.37341,14.9883,0.0154991,0.296487,2.33742,0.27058,0.14704,0.00266812,0.00681302,-0.137552,0.015559,0.0229556,0.00705922,0.00453211,-0.137552,0.0202717,2.86558,2.23924,0.000412276,0.0491747,0.00110152,0.00382594,0.000296487,0.000779141,0.0491747,3.13131,2.24999e-06,5.83372,0.311986
2080.4583,305.525,305.51,5.33623,0.304966,3.29078,0.0143,0.00960833,0.00472126,0.00469169,5.5054e-05,7.05439e-05,4.57742e-05,1.9341e-06,0.00269573,0.00406521,0.0539855,0.809978,0.0249401,0.00294446,2.37284e-07,2.07891e-06,5.39671e-05,9.72456e-09,9.83224e-05,9.61296e-05,2.04295e-06,2.75327e-08,6.35893e-06,6.20866e-06,17.7814,44.9126,11.924,0.348342,24.452,0.38044,15.0066,0.0156991,0.30207,2.33089,0.270957,0.146921,0.0020092,0.00684843,-0.137413,0.015852,0.0229824,0.00719213,0.00451895,-0.137413,0.0202951,2.86566,2.2393,0.000415466,0.0491766,0.00112226,0.0038304,0.00030207,0.000776962,0.0491766,3.72354,2.3162e-06,5.85741,0.317769
2080.5417,307.108,307.039,5.45668,0.215299,4.15805,0.0135832,0.00969085,0.00311514,0.00389233,0.000166373,6.99157e-05,0.000138234,5.94126e-06,0.00963326,0.00422487,0.0506052,0.251552,0.0231508,0.00298302,6.65215e-07,2.1144e-06,8.35456e-06,3.26787e-08,4.97529e-05,8.79328e-05,4.14992e-07,2.51389e-08,4.07197e-06,5.82109e-06,17.8265,44.9881,11.9465,0.366704,24.4604,0.387823,15.0263,0.015915,0.307932,2.33449,0.271351,0.147539,0.000987305,0.00734958,-0.136675,0.0161596,0.0230112,0.0073317,0.00452683,-0.136675,0.0203219,2.86575,2.23931,0.000445966,0.0491983,0.00114404,0.00383521,0.000307932,0.000778162,0.0491983,4.48103,2.77961e-06,5.87996,0.323847
2080.6250,311.089,310.872,5.33663,0.143589,3.31603,0.00676115,0.00830923,0.00182924,-0.00154808,0.000130821,3.87498e-05,0.000102079,6.42491e-06,0.0136439,0.00497063,0.0282621,0.0624057,0.00854457,0.00294604,6.38804e-07,2.14528e-06,3.54388e-08,1.02499e-08,1.59541e-05,3.82328e-05,2.41724e-09,1.52305e-08,2.13671e-06,2.64741e-06,17.7767,45.0203,11.9399,0.413934,24.4767,0.380454,15.0273,0.0157025,0.30208,2.35297,0.270787,0.149079,0.000407645,0.00860654,-0.135288,0.0158525,0.0230143,0.00719238,0.00456552,-0.135288,0.0202908,2.86583,2.2393,0.000519939,0.0492418,0.0011223,0.00383571,0.00030208,0.000784323,0.0492418,3.48895,2.78408e-06,5.83681,0.317783
2080.7083,313.215,313.04,4.94125,0.142587,2.46426,0.00417923,0.00768787,0.00211664,-0.00350864,3.23769e-05,1.95779e-05,2.65781e-05,1.28716e-06,0.00597809,0.00397794,0.0143649,0.0560781,0.00313247,0.00282083,1.05686e-07,2.12403e-06,1.96568e-08,6.337e-09,1.26792e-05,2.18424e-05,1.57217e-09,8.36692e-09,2.6832e-06,1.50273e-06,17.6196,44.9539,11.8981,0.461323,24.4966,0.355902,15.0048,0.0149768,0.282586,2.37631,0.269185,0.150588,0.000507713,0.00987375,-0.133593,0.0148295,0.0229845,0.00672824,0.00461418,-0.133593,0.0201905,2.86592,2.23934,0.000596223,0.0492958,0.00104988,0.00383075,0.000282586,0.000792102,0.0492958,2.80143,2.22972e-06,5.72158,0.297563
2080.7917,310.576,310.63,4.56336,0.20305,2.24831,0.00759605,0.00755671,0.00341725,3.93478e-05,7.87894e-05,3.92265e-05,6.51915e-05,3.03366e-06,0.00674599,0.00485575,0.0262532,0.131015,0.00957428,0.00269871,2.97871e-07,2.09014e-06,4.62477e-06,5.24402e-09,2.76876e-05,4.10708e-05,2.23351e-07,4.77056e-09,4.54003e-06,2.75304e-06,17.4634,44.8633,11.8554,0.480116,24.5226,0.332001,14.9804,0.0142527,0.263609,2.39717,0.267617,0.151974,0.000726033,0.0103253,-0.131353,0.0138337,0.0229518,0.0062764,0.00465759,-0.131353,0.0200908,2.86599,2.23941,0.000621307,0.0493645,0.000979375,0.0038253,0.000263609,0.000799056,0.0493645,3.07351,2.38801e-06,5.60798,0.277862
2080.8750,306.231,306.296,4.56941,0.309865,2.52565,0.0140179,0.0089345,0.00586305,0.00508337,0.000155129,6.95911e-05,0.000127775,6.98045e-06,0.00837327,0.00462477,0.0492727,0.258575,0.0236389,0.00270095,7.58464e-07,2.09326e-06,1.75957e-05,9.41508e-10,9.34931e-05,8.74332e-05,6.85911e-07,2.7593e-09,8.10378e-06,5.76137e-06,17.4615,44.838,11.8596,0.426472,24.5506,0.332394,14.9853,0.0142288,0.263921,2.39941,0.267527,0.152952,0.000642878,0.00884407,-0.128725,0.01385,0.0229595,0.00628384,0.00466238,-0.128725,0.0200874,2.86607,2.23951,0.000529041,0.0494287,0.000980535,0.00382658,0.000263921,0.000799805,0.0494287,3.63204,2.85173e-06,5.60192,0.27815
2080.9583,306.378,306.39,4.68549,0.304902,3.01426,0.0146293,0.00913144,0.00521415,0.00549791,0.00014666,7.13919e-05,0.000121292,6.09526e-06,0.00730109,0.00432728,0.0507594,0.29764,0.0252461,0.00273927,6.77732e-07,2.10765e-06,1.99347e-05,6.52603e-10,0.000100832,9.36997e-05,7.85962e-07,1.77213e-09,7.44706e-06,6.15593e-06,17.5235,44.8727,11.8789,0.394448,24.5597,0.339788,15.0008,0.0144384,0.269792,2.39507,0.268049,0.153818,0.000747601,0.00800906,-0.127642,0.0141581,0.0229819,0.00642362,0.00465354,-0.127642,0.0201234,2.86614,2.23959,0.000481235,0.0494386,0.00100235,0.00383032,0.000269792,0.000798357,0.0494386,3.97386,2.78538e-06,5.64464,0.28423
2081.0417,305.962,306.013,4.76047,0.307549,2.29171,0.0139632,0.00918959,0.0050002,0.00477359,0.000134185,6.92679e-05,0.000111212,5.28975e-06,0.00687895,0.00439063,0.0506646,0.298328,0.0238543,0.00276415,6.01753e-07,2.12413e-06,2.16317e-05,6.21169e-10,0.000100423,8.91848e-05,8.59244e-07,1.24239e-09,7.11882e-06,5.85709e-06,17.5843,44.9203,11.894,0.381365,24.5633,0.344542,15.0143,0.0145982,0.273566,2.39139,0.268554,0.154598,0.00082234,0.00767309,-0.127098,0.0143562,0.0230016,0.00651348,0.0046461,-0.127098,0.0201579,2.86622,2.23965,0.000462717,0.0494369,0.00101637,0.0038336,0.000273566,0.000797129,0.0494369,3.45255,2.72588e-06,5.69027,0.288164
2081.1250,306.2,306.219,4.81389,0.315443,2.70917,0.0136166,0.00923253,0.00516442,0.0043841,9.12324e-05,6.87249e-05,7.589e-05,3.28905e-06,0.00486055,0.00460084,0.0512808,0.43304,0.0232493,0.00278198,3.73814e-07,2.13312e-06,2.97459e-05,3.63443e-10,0.000109537,8.77811e-05,1.11746e-06,8.89773e-10,7.30073e-06,5.71892e-06,17.6355,44.9541,11.9067,0.368882,24.5644,0.347916,15.0264,0.0147179,0.276246,2.3854,0.268973,0.15523,0.00107244,0.00735263,-0.126802,0.0144968,0.0230194,0.00657727,0.00463389,-0.126802,0.020186,2.86629,2.23972,0.000444921,0.0494304,0.00102632,0.00383656,0.000276246,0.000795133,0.0494304,3.58623,2.50694e-06,5.7288,0.290963
2081.2083,305.623,305.64,4.84928,0.343734,2.27377,0.0139263,0.00913781,0.00545976,0.00478851,6.56387e-05,6.91596e-05,5.46147e-05,2.33596e-06,0.00331579,0.0042975,0.0525605,0.61977,0.0240754,0.00279397,2.77922e-07,2.12361e-06,3.48209e-05,1.69229e-10,0.000122008,9.13587e-05,1.17564e-06,6.46604e-10,7.68601e-06,5.91736e-06,17.6814,44.9788,11.9174,0.357071,24.5631,0.350146,15.0374,0.0148041,0.278016,2.37733,0.269329,0.155716,0.00146188,0.00705186,-0.126744,0.0145897,0.0230358,0.00661943,0.00461739,-0.126744,0.0202091,2.86637,2.23981,0.000428347,0.0494192,0.0010329,0.00383931,0.000278016,0.000792442,0.0494192,3.39994,2.40153e-06,5.76394,0.29282
2081.2917,304.967,305.018,4.8798,0.3593,1.56453,0.0130568,0.00901427,0.00534149,0.00404252,4.38397e-05,6.66729e-05,3.63649e-05,1.60371e-06,0.00239637,0.00471375,0.0535756,0.837267,0.0219883,0.00280441,1.97703e-07,2.1095e-06,3.33694e-05,6.2859e-11,0.000123291,8.41911e-05,1.04076e-06,5.36846e-10,7.50887e-06,5.43806e-06,17.7263,45.0017,11.9277,0.348334,24.5594,0.352067,15.0484,0.0148817,0.279542,2.36767,0.269669,0.156118,0.00196136,0.00683043,-0.126941,0.0146698,0.0230521,0.00665575,0.0045976,-0.126941,0.0202304,2.86645,2.23989,0.000415766,0.0494036,0.00103857,0.00384202,0.000279542,0.000789222,0.0494036,2.89618,2.3072e-06,5.79859,0.294423
2081.3750,305.305,305.29,4.87391,0.344395,2.50737,0.0131814,0.00903623,0.00511773,0.00414523,3.56592e-05,6.73092e-05,2.9483e-05,1.36471e-06,0.00190956,0.00434711,0.0533294,1.03594,0.0224563,0.00280308,1.68025e-07,2.07937e-06,4.96591e-05,1.68027e-10,0.000118068,8.57711e-05,1.65441e-06,1.01738e-09,7.10201e-06,5.52847e-06,17.7557,45.0142,11.9335,0.344797,24.5552,0.351697,15.0563,0.0148886,0.279247,2.35846,0.269846,0.156428,0.00248386,0.00674098,-0.127221,0.0146543,0.0230643,0.00664874,0.00457873,-0.127221,0.0202407,2.86653,2.23998,0.00040975,0.0493892,0.00103747,0.00384405,0.000279247,0.000786154,0.0493892,3.1978,2.2474e-06,5.82224,0.294136
2081.4583,307.175,307.113,4.92959,0.229255,3.81692,0.0137683,0.00941422,0.00345036,0.00435407,8.19993e-05,7.00376e-05,6.87323e-05,2.33112e-06,0.00425586,0.00410054,0.0487987,0.518152,0.0239181,0.00282159,2.57988e-07,2.09837e-06,2.0181e-05,3.6769e-09,6.81828e-05,9.0357e-05,9.36413e-07,1.96871e-09,4.66334e-06,5.87287e-06,17.8049,45.0699,11.9471,0.352355,24.556,0.355194,15.0695,0.0150135,0.282024,2.35665,0.270283,0.156511,0.00181284,0.00695832,-0.127118,0.0148,0.0230837,0.00671485,0.0045752,-0.127118,0.0202681,2.86661,2.24002,0.000423976,0.0493897,0.00104779,0.00384729,0.000282024,0.00078555,0.0493897,4.05131,2.35636e-06,5.85776,0.297037
2081.5417,309.754,309.635,4.87326,0.179751,3.38266,0.00912101,0.00826132,0.00228397,0.000859684,8.49781e-05,5.50056e-05,7.11615e-05,2.29888e-06,0.00724084,0.00545329,0.0373633,0.21401,0.0135642,0.00280408,2.24448e-07,2.12431e-06,7.59302e-07,3.98601e-09,2.6305e-05,5.39592e-05,4.79047e-08,1.88134e-09,2.96138e-06,3.57099e-06,17.7956,45.1255,11.9468,0.388632,24.5689,0.351651,15.0736,0.0149238,0.279211,2.37234,0.270195,0.157853,0.00113132,0.0079315,-0.126013,0.0146524,0.0230907,0.00664788,0.00460794,-0.126013,0.0202637,2.86669,2.24001,0.000479699,0.0494241,0.00103734,0.00384845,0.000279211,0.000790779,0.0494241,3.74804,2.34876e-06,5.84887,0.294135
2081.6250,314.743,314.451,4.56336,0.133237,2.21462,0.00335601,0.00767164,0.00183705,-0.00431564,1.39724e-05,1.62242e-05,1.16734e-05,3.37713e-07,0.00253956,0.00332685,0.0119601,0.0937808,0.00260401,0.0027038,2.77957e-08,2.10538e-06,1.98435e-08,3.10969e-09,1.86714e-05,1.97039e-05,1.63213e-09,1.457e-09,2.26116e-06,1.34285e-06,17.6674,45.0732,11.9128,0.427004,24.5859,0.331989,15.055,0.014332,0.2636,2.39292,0.268958,0.15924,0.00121395,0.00897868,-0.124562,0.0138332,0.023066,0.00627618,0.00465075,-0.124562,0.0201851,2.86677,2.24005,0.000540474,0.0494695,0.000979341,0.00384434,0.0002636,0.000797639,0.0494695,2.52632,2.13317e-06,5.75458,0.277932
2081.7083,317.458,317.212,4.16194,0.123897,1.85934,0.00219612,0.0076904,0.00174256,-0.00549428,1.56591e-06,4.76822e-06,1.29207e-06,2.65144e-08,0.000653493,0.00198175,0.0036873,0.0611574,0.000499984,0.0025712,1.64421e-09,2.05499e-06,4.42569e-09,3.31083e-09,1.65823e-05,1.28968e-05,4.20246e-10,1.0856e-09,2.1903e-06,9.00576e-07,17.4791,44.9623,11.8641,0.464195,24.6026,0.306072,15.0255,0.0135308,0.243021,2.4164,0.267251,0.160536,0.0016991,0.0100226,-0.123136,0.0127533,0.0230259,0.00578622,0.00469946,-0.123136,0.0200756,2.86684,2.24011,0.000606116,0.0495145,0.000902888,0.00383765,0.000243021,0.000805465,0.0495145,2.21582,2.05664e-06,5.61496,0.256552
2081.7917,318.227,318.02,3.78389,0.118529,1.44887,0.00165615,0.00718357,0.00165727,-0.00552741,4.50587e-08,1.80842e-07,3.65839e-08,2.83738e-10,6.12735e-05,0.000180926,0.000416045,0.0100957,1.91201e-05,0.0024436,1.54585e-11,1.98471e-06,5.6922e-08,3.51029e-09,1.45513e-05,1.07499e-05,4.65541e-09,8.22154e-10,2.2196e-06,7.6056e-07,17.2921,44.8498,11.8153,0.499185,24.6177,0.281168,14.9944,0.0127423,0.223247,2.44093,0.265566,0.161738,0.00222276,0.0110451,-0.121845,0.0117156,0.0229834,0.00531541,0.00475022,-0.121845,0.019967,2.86691,2.24017,0.000672092,0.0495545,0.000829424,0.00383056,0.000223247,0.000813643,0.0495545,1.80817,1.98473e-06,5.47672,0.235989
2081.8750,314.49,314.541,3.44466,0.17905,1.24898,0.00382506,0.00647219,0.00357386,-0.00264713,5.09301e-06,9.91436e-06,4.24829e-06,1.53652e-07,0.000505574,0.00146593,0.00623143,0.123278,0.00230118,0.00232672,1.29198e-08,1.92371e-06,3.23821e-05,3.33949e-09,3.59145e-05,1.67288e-05,1.1507e-06,6.37194e-10,5.18379e-06,1.13043e-06,17.118,44.72,11.7688,0.49561,24.644,0.25839,14.9635,0.0120025,0.205162,2.46245,0.263983,0.162661,0.00266871,0.010781,-0.119566,0.0107665,0.0229408,0.00488481,0.00479463,-0.119566,0.0198646,2.86697,2.24027,0.000655538,0.0496236,0.000762234,0.00382346,0.000205162,0.000820817,0.0496236,2.15513,1.93663e-06,5.34921,0.217165
2081.9583,308.293,308.36,3.59938,0.291913,3.08646,0.0133195,0.00840532,0.00592781,0.00491418,5.34799e-05,6.48646e-05,4.46919e-05,1.68894e-06,0.00354038,0.00545894,0.0376327,0.676134,0.0225493,0.00237854,1.4496e-07,1.91797e-06,4.12963e-05,9.76266e-10,0.00010688,8.04363e-05,1.69549e-06,4.73756e-10,8.69689e-06,5.12668e-06,17.0538,44.6047,11.7743,0.421258,24.6664,0.2688,14.9572,0.0118589,0.213428,2.46326,0.26365,0.161974,0.00216318,0.00872761,-0.117363,0.0112003,0.022932,0.00508161,0.00479605,-0.117363,0.0198404,2.86703,2.24043,0.000529618,0.0496701,0.000792941,0.00382199,0.000213428,0.000821088,0.0496701,4.07487,2.06293e-06,5.27954,0.225286
2082.0417,308.188,308.246,4.15987,0.260357,3.15583,0.01361,0.00886792,0.00417069,0.00474204,8.97055e-05,6.68252e-05,7.52924e-05,2.47844e-06,0.00516827,0.00468966,0.0391491,0.453558,0.0255846,0.00256646,2.23088e-07,1.97141e-06,2.54594e-05,9.57818e-10,8.19235e-05,9.18978e-05,1.16873e-06,3.99204e-10,6.26171e-06,5.90627e-06,17.0627,44.59,11.8219,0.395018,24.6707,0.305916,14.9708,0.012169,0.242897,2.4616,0.264261,0.162173,0.00178722,0.00802297,-0.116691,0.0127468,0.0229509,0.00578327,0.00479237,-0.116691,0.0198765,2.86709,2.2405,0.00048674,0.0496676,0.000902427,0.00382516,0.000242897,0.000820532,0.0496676,4.05884,2.1945e-06,5.24077,0.255066
2082.1250,306.774,306.837,4.70622,0.3215,1.88183,0.0136172,0.00891363,0.00529353,0.00470362,0.000100905,6.66375e-05,8.42846e-05,3.21323e-06,0.00556573,0.00471179,0.0450351,0.434326,0.0265954,0.00274454,3.30006e-07,1.98871e-06,3.3075e-05,3.48644e-10,0.000109002,9.70173e-05,1.2555e-06,3.1943e-10,7.70771e-06,6.25465e-06,17.0892,44.6104,11.8682,0.387699,24.6739,0.341064,14.9853,0.0124786,0.270804,2.45958,0.264914,0.162611,0.0012733,0.00781084,-0.116175,0.0142112,0.0229711,0.00644773,0.00478802,-0.116175,0.0199171,2.86717,2.24055,0.000472772,0.0496647,0.00100611,0.00382852,0.000270805,0.000819859,0.0496647,3.34531,2.31871e-06,5.221,0.283283
2082.2083,306.351,306.41,5.22873,0.355219,2.0072,0.0138734,0.00924062,0.00583669,0.00463275,6.95666e-05,6.66762e-05,5.78799e-05,2.44268e-06,0.00367655,0.00438507,0.0470562,0.653882,0.027327,0.00291041,2.63105e-07,1.99865e-06,2.69799e-05,8.12812e-11,0.000129374,0.00010161,8.94096e-07,2.37795e-10,8.3403e-06,6.51023e-06,17.1299,44.6193,11.912,0.37025,24.6716,0.37379,14.9997,0.0127686,0.296789,2.44747,0.265608,0.163163,0.001556,0.00735172,-0.116115,0.0155748,0.0229913,0.00706641,0.00476282,-0.116115,0.0199601,2.86725,2.24063,0.000446518,0.0496469,0.00110264,0.00383189,0.000296789,0.000815824,0.0496469,3.5274,2.26176e-06,5.21792,0.309558
2082.2917,304.583,304.661,5.57234,0.37453,1.18445,0.0124741,0.00884765,0.00538199,0.0036264,3.72436e-05,6.18282e-05,3.0778e-05,1.40915e-06,0.00228091,0.00508426,0.0518783,1.00258,0.023242,0.00301717,1.73071e-07,1.9829e-06,2.58126e-05,3.16851e-11,0.000118054,8.84655e-05,7.76804e-07,1.85117e-10,7.59254e-06,5.65153e-06,17.1558,44.6259,11.939,0.36689,24.6684,0.394865,15.0074,0.012891,0.313523,2.43484,0.265956,0.164025,0.00230503,0.0072575,-0.116231,0.016453,0.0230024,0.00746484,0.00473655,-0.116231,0.0199804,2.86733,2.24073,0.000439136,0.0496305,0.00116481,0.00383373,0.000313523,0.000811612,0.0496305,2.54792,2.15597e-06,5.21677,0.326414
2082.3750,306.014,306.023,5.88752,0.308396,3.28573,0.0141121,0.00933091,0.00514732,0.00478123,5.60053e-05,6.78237e-05,4.6474e-05,2.02484e-06,0.00292848,0.00439206,0.050704,0.864603,0.0280408,0.00311335,2.33648e-07,1.97619e-06,5.47444e-05,1.31803e-10,0.000104463,0.000105664,2.04532e-06,4.77516e-10,6.9701e-06,6.7571e-06,17.189,44.6523,11.9636,0.368431,24.6696,0.413862,15.0147,0.0129993,0.328607,2.42522,0.266341,0.164356,0.00202032,0.00730323,-0.116025,0.0172445,0.0230128,0.00782397,0.00471655,-0.116025,0.0200029,2.86743,2.2408,0.000441972,0.0496292,0.00122085,0.00383547,0.000328607,0.000808407,0.0496292,3.66092,2.20983e-06,5.22538,0.341606
2082.4583,305.771,305.786,6.22098,0.230476,3.60616,0.0142002,0.0095889,0.00360675,0.00461125,0.000242343,6.78751e-05,0.000197052,1.11379e-05,0.0127818,0.00430585,0.0510786,0.229667,0.0278643,0.00321375,1.27776e-06,1.99882e-06,9.80524e-06,6.52208e-10,5.54583e-05,0.000102344,5.07237e-07,6.73418e-10,4.75192e-06,6.81071e-06,17.2355,44.7286,11.9904,0.387344,24.6795,0.433665,15.0238,0.0131417,0.34433,2.42625,0.26684,0.16511,0.000860269,0.00781409,-0.115123,0.0180696,0.0230259,0.00819833,0.00471863,-0.115123,0.0200359,2.86752,2.2408,0.000473351,0.0496528,0.00127927,0.00383765,0.00034433,0.00080875,0.0496528,3.95349,3.27658e-06,5.2451,0.357471
2082.5417,309.537,309.409,6.27176,0.172429,3.45226,0.0080534,0.00791105,0.00231915,0.000142355,0.000315353,4.66326e-05,0.000217176,2.53954e-05,0.0341916,0.00612101,0.0338585,0.0299759,0.01171,0.00322876,2.52591e-06,2.03766e-06,3.07079e-09,1.33417e-10,1.28312e-05,4.47897e-05,2.31608e-10,6.45755e-10,2.87713e-06,3.31945e-06,17.2116,44.7879,11.9917,0.435925,24.6986,0.436652,15.0216,0.013018,0.346702,2.44176,0.266389,0.16679,0.000150873,0.0089588,-0.113459,0.0181941,0.0230233,0.0082548,0.0047507,-0.113459,0.0200192,2.86762,2.24079,0.000547623,0.049703,0.00128808,0.00383722,0.000346702,0.000813919,0.049703,3.7297,4.56358e-06,5.21988,0.35972
2082.6250,313.175,312.963,5.84896,0.161852,2.37848,0.00365011,0.00703803,0.00255698,-0.00338792,3.89805e-05,1.4607e-05,2.68457e-05,2.52385e-06,0.0079586,0.00366057,0.0116512,0.0322385,0.00255886,0.00310069,2.19328e-07,2.03338e-06,2.85077e-08,1.6147e-10,1.47327e-05,2.18202e-05,2.06152e-09,5.45157e-10,3.1313e-06,1.52992e-06,17.0786,44.7393,11.9487,0.475112,24.7251,0.411536,14.9984,0.0124341,0.326759,2.46054,0.264629,0.168463,0.000313789,0.00990194,-0.111172,0.0171476,0.0229915,0.00777999,0.00478949,-0.111172,0.0199134,2.86772,2.24085,0.000603752,0.0497726,0.00121399,0.00383192,0.000326759,0.000820179,0.0497726,2.82807,2.2527e-06,5.12985,0.339194
2082.7083,315.234,315.074,5.31719,0.15617,1.7836,0.0020485,0.00680571,0.00267349,-0.00475721,1.17805e-06,1.72078e-06,9.64376e-07,3.57842e-08,0.000672205,0.000864322,0.00213826,0.0169492,0.000219061,0.0029359,2.56923e-09,1.99999e-06,9.162e-08,3.95097e-10,1.60628e-05,1.4972e-05,6.32274e-09,4.49456e-10,3.46476e-06,1.05498e-06,16.9154,44.6523,11.8932,0.505068,24.7513,0.379236,14.9682,0.0117282,0.301113,2.48049,0.262612,0.170069,0.000768657,0.0107474,-0.108889,0.0158018,0.0229498,0.00716936,0.00483061,-0.108889,0.0197857,2.86781,2.24094,0.000652449,0.049841,0.00111871,0.00382497,0.000301113,0.000826831,0.049841,2.51825,2.00256e-06,5.02217,0.312841
2082.7917,315.147,315.098,4.81842,0.141183,1.39658,0.00211179,0.00612511,0.00240955,-0.00401332,5.9732e-07,1.34909e-06,4.94412e-07,1.55289e-08,0.000128533,0.000319746,0.000908322,0.0136354,0.000225077,0.00277726,1.19556e-09,1.94565e-06,9.59115e-07,6.99353e-10,1.60016e-05,1.3834e-05,4.79583e-08,3.75927e-10,3.20528e-06,9.73778e-07,16.7551,44.5606,11.8382,0.528215,24.7761,0.348173,14.937,0.01104,0.27645,2.50112,0.260651,0.171542,0.00132197,0.0114087,-0.106713,0.0145075,0.0229064,0.00658213,0.00487302,-0.106713,0.0196609,2.86789,2.24104,0.000692896,0.0499047,0.00102708,0.00381774,0.00027645,0.000833708,0.0499047,1.86653,1.94685e-06,4.9169,0.28749
2082.8750,306.457,306.618,4.64694,0.34851,2.24474,0.013935,0.00759873,0.00754856,0.0063363,5.77726e-05,6.14081e-05,4.80184e-05,2.04758e-06,0.00384374,0.00522247,0.0425339,0.594446,0.0225868,0.00272129,2.06428e-07,1.93047e-06,3.85343e-05,1.49171e-10,0.000110721,8.19351e-05,1.25641e-06,2.75384e-10,1.06793e-05,5.2522e-06,16.6912,44.475,11.8135,0.472369,24.8065,0.337335,14.919,0.0106887,0.267844,2.50492,0.259766,0.172118,0.00138905,0.00990431,-0.103822,0.0140559,0.022881,0.00637723,0.00488049,-0.103822,0.0196033,2.86797,2.2412,0.000598296,0.0499725,0.000995109,0.0038135,0.000267844,0.000834974,0.0499725,3.89744,2.1369e-06,4.87776,0.278533
2082.9583,306.151,306.207,4.72328,0.343461,2.62148,0.0147398,0.00767016,0.00621953,0.00706967,4.589e-05,6.55623e-05,3.80634e-05,1.69496e-06,0.00246935,0.00432678,0.0474066,0.843542,0.0244709,0.00274572,1.84216e-07,1.96501e-06,4.30405e-05,5.30026e-11,0.000129544,8.87963e-05,1.44439e-06,2.1582e-10,9.16236e-06,5.71702e-06,16.7516,44.4627,11.8177,0.408262,24.8127,0.342187,14.9181,0.0107406,0.271696,2.49018,0.260163,0.172474,0.00198886,0.00826047,-0.102787,0.0142581,0.0228794,0.00646896,0.00484959,-0.102787,0.0196268,2.86805,2.24136,0.000500634,0.0499652,0.00100942,0.00381323,0.000271696,0.000830061,0.0499652,3.9064,2.14922e-06,4.93393,0.282437
2083.0417,305.887,305.937,4.71418,0.3524,2.72322,0.0148273,0.00780605,0.00576916,0.00702129,4.57087e-05,6.68001e-05,3.78887e-05,1.72649e-06,0.00230613,0.00404759,0.0501643,0.948916,0.0263229,0.00274298,1.93686e-07,2.00528e-06,4.04891e-05,3.30788e-11,0.000130456,9.52367e-05,1.33473e-06,1.74022e-10,8.48349e-06,6.12473e-06,16.8409,44.5102,11.8191,0.383824,24.8079,0.34161,14.9207,0.0108635,0.271238,2.47758,0.260716,0.172505,0.00217606,0.0076435,-0.102854,0.014234,0.0228825,0.00645805,0.00482314,-0.102854,0.0196608,2.86812,2.24147,0.000464876,0.0499364,0.00100772,0.00381376,0.000271238,0.000825861,0.0499364,4.05881,2.19897e-06,5.02179,0.282102
2083.1250,305.624,305.682,4.72803,0.366719,1.99817,0.0142715,0.00794767,0.00549032,0.00632381,3.91795e-05,6.61272e-05,3.23973e-05,1.52991e-06,0.00198283,0.00416895,0.0510877,1.08212,0.0258834,0.0027477,1.76895e-07,2.02992e-06,3.63596e-05,1.8545e-11,0.00012924,9.40312e-05,1.13372e-06,1.45634e-10,7.99165e-06,6.04122e-06,16.9317,44.567,11.8233,0.369737,24.8007,0.342488,14.925,0.0110181,0.271935,2.46475,0.261324,0.172691,0.00252345,0.00728824,-0.103241,0.0142706,0.0228882,0.00647464,0.00479624,-0.103241,0.0196982,2.8682,2.24156,0.000443567,0.0499068,0.00101031,0.00381469,0.000271935,0.000821585,0.0499068,3.60759,2.20681e-06,5.10843,0.282953
2083.2083,305.055,305.101,4.73969,0.376706,1.6089,0.0137664,0.00795192,0.00532053,0.00581444,3.07521e-05,6.52639e-05,2.52955e-05,1.28766e-06,0.00158428,0.00420263,0.0528164,1.32935,0.0251996,0.00275172,1.55858e-07,2.03368e-06,3.38041e-05,2.28557e-10,0.000127364,9.19133e-05,9.93106e-07,2.04688e-09,7.59909e-06,5.89758e-06,17.0156,44.6253,11.8274,0.364333,24.7933,0.343226,14.9294,0.0111662,0.272522,2.45205,0.261881,0.173138,0.00309023,0.00714769,-0.103751,0.0143014,0.0228939,0.00648861,0.00476961,-0.103751,0.019732,2.86827,2.24164,0.000432799,0.049881,0.00101249,0.00381565,0.000272522,0.00081735,0.049881,3.21721,2.18953e-06,5.18826,0.283688
2083.2917,304.617,304.651,4.73101,0.37553,1.64377,0.0131364,0.00791762,0.00515736,0.00521879,2.52293e-05,6.41837e-05,2.06626e-05,1.10142e-06,0.00136825,0.00436717,0.0548127,1.54007,0.0240116,0.00274915,1.39053e-07,2.01646e-06,4.14222e-05,3.70488e-08,0.000122868,8.78085e-05,1.22684e-06,2.74308e-07,7.22154e-06,5.63102e-06,17.0834,44.6743,11.829,0.3632,24.787,0.342677,14.9323,0.0112718,0.272085,2.44073,0.262284,0.173507,0.0035912,0.00711885,-0.104233,0.0142785,0.0228976,0.00647822,0.00474587,-0.104233,0.0197558,2.86835,2.24172,0.000428715,0.0498616,0.00101087,0.00381626,0.000272085,0.000813575,0.0498616,2.98671,2.15551e-06,5.25434,0.283357
2083.3750,305.565,305.578,4.75672,0.326866,2.87993,0.0138528,0.00825986,0.0051246,0.00559294,3.39989e-05,6.68717e-05,2.80265e-05,1.3835e-06,0.00170504,0.00410672,0.0527759,1.27368,0.0260632,0.00275771,1.66114e-07,2.01516e-06,8.08144e-05,5.65289e-08,0.000119635,9.51076e-05,2.7993e-06,2.57231e-07,7.02135e-06,6.10301e-06,17.1576,44.7277,11.8348,0.35788,24.782,0.344304,14.9377,0.0114298,0.273378,2.43027,0.262812,0.17294,0.00304285,0.00699752,-0.104636,0.0143463,0.0229048,0.00650899,0.00472395,-0.104636,0.0197875,2.86842,2.24178,0.000422785,0.0498471,0.00101567,0.00381747,0.000273378,0.00081009,0.0498471,3.45351,2.18127e-06,5.32273,0.284807
2083.4583,306.685,306.657,4.81388,0.294304,3.46778,0.0141858,0.00861541,0.00475484,0.00557042,6.13911e-05,6.81706e-05,5.11307e-05,2.11419e-06,0.00295939,0.00379551,0.0495068,0.748531,0.0268778,0.00277644,2.37693e-07,2.03251e-06,5.58783e-05,2.62569e-08,0.000107829,9.79393e-05,2.22027e-06,6.3632e-08,6.51149e-06,6.31563e-06,17.2365,44.7942,11.8446,0.35516,24.7795,0.347915,14.9457,0.0116369,0.276245,2.42293,0.263446,0.172175,0.0019131,0.00694625,-0.104839,0.0144967,0.0229158,0.00657725,0.00470853,-0.104839,0.0198266,2.86849,2.24182,0.000421681,0.04984,0.00102632,0.0038193,0.000276245,0.000807642,0.04984,3.9663,2.27021e-06,5.39192,0.287881
2083.5417,307.595,307.548,4.88983,0.205707,3.95721,0.0135219,0.00857101,0.00298741,0.00495092,0.000156789,6.80711e-05,0.000130987,4.87076e-06,0.00879208,0.00430562,0.0484154,0.273116,0.0251791,0.00280122,5.15804e-07,2.07305e-06,5.05892e-06,4.52588e-08,5.45689e-05,9.08328e-05,2.79128e-07,2.9855e-08,4.00562e-06,5.98052e-06,17.3153,44.8929,11.857,0.369132,24.7832,0.352697,14.9556,0.0118742,0.280042,2.42515,0.264109,0.172755,0.00111499,0.00733989,-0.104522,0.014696,0.0229295,0.00666766,0.00471294,-0.104522,0.0198698,2.86857,2.24182,0.000446465,0.0498499,0.00104043,0.00382158,0.000280042,0.000808382,0.0498499,4.27235,2.58886e-06,5.45832,0.291916
2083.6250,309.707,309.572,4.83716,0.167279,3.18768,0.0086754,0.00756581,0.00210492,0.0011096,0.000221604,5.05352e-05,0.000173046,1.167e-05,0.0179402,0.00515018,0.0355515,0.0741953,0.0142642,0.00278458,1.17747e-06,2.09821e-06,2.01455e-07,1.13638e-08,2.37391e-05,5.29011e-05,1.27943e-08,1.86186e-08,2.68276e-06,3.66687e-06,17.3266,44.972,11.8541,0.406182,24.7972,0.349378,14.9561,0.0118841,0.277406,2.44195,0.264062,0.174167,0.000388488,0.00829986,-0.103331,0.0145577,0.0229301,0.0066049,0.00474754,-0.103331,0.0198722,2.86865,2.24179,0.000503862,0.0498874,0.00103063,0.00382169,0.000277406,0.000813982,0.0498874,3.48198,3.27568e-06,5.47258,0.28929
2083.7083,315.092,314.854,4.52128,0.128443,2.54976,0.00378065,0.00716401,0.0018567,-0.00338336,3.83416e-05,1.9352e-05,3.10806e-05,1.56528e-06,0.00612212,0.00403761,0.0129308,0.0557833,0.00355033,0.00268205,1.22071e-07,2.08581e-06,1.43293e-08,6.13959e-09,1.67185e-05,2.17677e-05,1.06738e-09,1.02617e-08,2.35649e-06,1.49754e-06,17.2095,44.9356,11.8182,0.449046,24.813,0.329298,14.9356,0.0114234,0.261463,2.46405,0.262785,0.175558,0.0005034,0.00946516,-0.101988,0.013721,0.0229016,0.00622531,0.00479308,-0.101988,0.0197935,2.86872,2.24182,0.000575235,0.0499302,0.000971402,0.00381694,0.000261463,0.000821351,0.0499302,2.84257,2.20789e-06,5.39132,0.272886
2083.7917,313.709,313.652,4.14995,0.175488,2.02277,0.00509678,0.0068194,0.00303011,-0.00172262,3.07848e-05,2.28697e-05,2.57045e-05,9.23798e-07,0.00323556,0.00348236,0.014006,0.117459,0.00581026,0.00255924,7.53872e-08,2.05062e-06,6.51223e-06,6.51096e-09,2.95897e-05,2.85958e-05,2.6151e-07,5.7921e-09,4.09592e-06,1.91181e-06,17.0574,44.8489,11.7731,0.470902,24.8349,0.305297,14.9081,0.0108354,0.242406,2.48571,0.261225,0.176846,0.000893821,0.0100042,-0.100115,0.012721,0.0228633,0.00577156,0.00483761,-0.100115,0.0196936,2.8688,2.24189,0.000606681,0.0499889,0.000900601,0.00381056,0.000242406,0.000828571,0.0499889,2.84434,2.12601e-06,5.28427,0.253241
2083.8750,306.754,306.872,4.08459,0.326871,2.03185,0.013664,0.00797381,0.00612733,0.0056902,0.000105373,6.7103e-05,8.78337e-05,3.61086e-06,0.00582152,0.0046909,0.0449865,0.38602,0.0241297,0.00253731,3.56106e-07,2.05513e-06,2.41272e-05,1.95692e-09,0.000109375,8.61262e-05,9.05869e-07,3.28304e-09,8.60336e-06,5.60602e-06,17.0483,44.814,11.7644,0.420539,24.8575,0.301038,14.9024,0.0107707,0.239024,2.48766,0.26107,0.177532,0.00101796,0.00862355,-0.098021,0.0125435,0.0228549,0.00569104,0.00484132,-0.098021,0.0196837,2.86886,2.242,0.000521137,0.0500414,0.000888037,0.00380916,0.000239024,0.000829221,0.0500414,3.56909,2.41124e-06,5.28391,0.249795
2083.9583,305.917,305.959,4.06098,0.355317,2.43353,0.0140919,0.00757701,0.00575665,0.00651486,4.87385e-05,6.87398e-05,4.04531e-05,1.82972e-06,0.00251969,0.00467465,0.0514533,0.876172,0.0249958,0.00252951,2.04955e-07,2.05024e-06,3.50311e-05,4.83977e-10,0.000133874,9.00534e-05,1.15626e-06,2.53602e-09,8.35282e-06,5.80953e-06,17.1237,44.8333,11.7624,0.377676,24.8568,0.29949,14.9018,0.0108207,0.237795,2.47516,0.261611,0.178049,0.0019118,0.00750493,-0.097794,0.012479,0.0228537,0.00566179,0.00481517,-0.097794,0.0197174,2.86893,2.24212,0.000454743,0.0500265,0.000883471,0.00380894,0.000237795,0.000825054,0.0500265,3.58753,2.2552e-06,5.36129,0.248616
2084.0417,306.408,306.426,3.98739,0.354423,2.43203,0.0145035,0.00782918,0.00561365,0.00667434,4.46824e-05,7.03186e-05,3.70249e-05,1.73744e-06,0.00215046,0.00435199,0.0511663,1.0459,0.026695,0.00250497,1.91089e-07,2.07191e-06,4.41919e-05,6.99221e-10,0.000141763,9.60718e-05,1.40066e-06,5.05777e-09,8.11732e-06,6.18632e-06,17.2303,44.8938,11.7556,0.355245,24.8465,0.294656,14.8992,0.0108228,0.233957,2.46172,0.262424,0.17798,0.00232637,0.006934,-0.0984915,0.0122776,0.0228497,0.00557039,0.00478708,-0.0984915,0.0197679,2.869,2.24221,0.000422981,0.0499902,0.00086921,0.00380829,0.000233957,0.000820572,0.0499902,3.83523,2.263e-06,5.47475,0.244779
2084.1250,306.862,306.882,3.93266,0.364811,2.15545,0.0135899,0.0079766,0.00545219,0.00561327,3.49859e-05,6.89081e-05,2.88746e-05,1.43231e-06,0.00179244,0.00455746,0.0494573,1.25222,0.0249267,0.0024867,1.52926e-07,2.09612e-06,4.27414e-05,1.0631e-09,0.000145006,8.98343e-05,1.31176e-06,8.57109e-09,7.83678e-06,5.77733e-06,17.3283,44.9475,11.751,0.339745,24.8325,0.291047,14.8979,0.0108523,0.231091,2.44694,0.263239,0.177809,0.00286475,0.0065419,-0.0995933,0.0121272,0.0228475,0.00550218,0.00475624,-0.0995933,0.0198182,2.86906,2.24229,0.000400844,0.0499485,0.000858566,0.00380792,0.000231091,0.000815648,0.0499485,3.69642,2.24905e-06,5.57731,0.241944
2084.2083,305.971,306.036,3.875,0.363155,1.73238,0.0132379,0.00794353,0.00514654,0.00529438,2.95728e-05,6.75439e-05,2.43322e-05,1.25858e-06,0.00151357,0.00435367,0.0505038,1.37848,0.0242511,0.00246736,1.41911e-07,2.09602e-06,5.49915e-05,3.72598e-09,0.000139083,8.76578e-05,1.70078e-06,2.70862e-08,7.29423e-06,5.63262e-06,17.4104,44.9904,11.7457,0.330172,24.8174,0.287235,14.896,0.0108685,0.228065,2.43241,0.263944,0.17743,0.00333138,0.00630369,-0.100875,0.0119684,0.0228445,0.00543011,0.00472588,-0.100875,0.019861,2.86913,2.24237,0.00038712,0.0499076,0.00084732,0.00380741,0.000228065,0.000810803,0.0499076,3.17731,2.23793e-06,5.66466,0.238933
2084.2917,305.231,305.26,3.81628,0.372344,1.55414,0.012505,0.00787728,0.00499201,0.0046277,2.36473e-05,6.60037e-05,1.9371e-05,1.05015e-06,0.00127354,0.00449956,0.0525059,1.57325,0.022687,0.00244757,1.26393e-07,2.07235e-06,4.96962e-05,7.31846e-08,0.000136719,8.21784e-05,1.45809e-06,5.67338e-07,7.0013e-06,5.27647e-06,17.4785,45.0276,11.7399,0.326277,24.8032,0.28334,14.8935,0.0108709,0.224972,2.41958,0.264529,0.177209,0.00391257,0.00620658,-0.102139,0.0118061,0.0228407,0.00535647,0.00469907,-0.102139,0.0198961,2.86918,2.24243,0.000380331,0.0498721,0.00083583,0.00380678,0.000224972,0.000806527,0.0498721,2.81115,2.19875e-06,5.73857,0.235843
2084.3750,306.049,306.046,3.77374,0.327019,2.77685,0.0132145,0.00809411,0.00477028,0.00512042,2.97032e-05,6.83896e-05,2.44544e-05,1.25634e-06,0.001483,0.0039926,0.0511253,1.38672,0.0246031,0.00243321,1.45673e-07,2.05286e-06,9.49413e-05,9.0714e-08,0.000127939,8.89031e-05,3.28139e-06,3.18923e-07,6.58643e-06,5.70959e-06,17.5427,45.0631,11.736,0.321755,24.7902,0.280511,14.8921,0.0108973,0.222726,2.40833,0.265134,0.176102,0.00352464,0.00610324,-0.103336,0.0116882,0.0228383,0.00530299,0.00467553,-0.103336,0.0199322,2.86923,2.24248,0.000375046,0.0498411,0.000827485,0.00380638,0.000222726,0.000802778,0.0498411,3.30603,2.19854e-06,5.80676,0.233623
2084.4583,307.16,307.124,3.76672,0.296537,3.12154,0.0134623,0.00846473,0.00444219,0.00499757,5.24136e-05,6.93956e-05,4.37214e-05,1.77145e-06,0.00256928,0.00382743,0.0484978,0.820015,0.0251927,0.00243097,1.92081e-07,2.05769e-06,6.38776e-05,7.25138e-08,0.000116178,9.08997e-05,2.58127e-06,6.70862e-08,6.1356e-06,5.86195e-06,17.616,45.117,11.7368,0.319421,24.7806,0.280043,14.8938,0.0109916,0.222354,2.40101,0.265894,0.174741,0.00237778,0.00605878,-0.10425,0.0116687,0.0228403,0.00529415,0.00466014,-0.10425,0.0199787,2.86929,2.24252,0.00037403,0.0498194,0.000826105,0.00380671,0.000222354,0.000800336,0.0498194,3.76002,2.24977e-06,5.8792,0.233346
2084.5417,307.962,307.916,3.78451,0.227115,3.72088,0.0135708,0.00860158,0.003228,0.0049692,9.60409e-05,7.14418e-05,8.07673e-05,2.55857e-06,0.00493202,0.00460643,0.0486052,0.470685,0.0254483,0.00243721,2.62318e-07,2.08963e-06,1.46816e-05,7.70014e-08,7.68109e-05,9.14039e-05,7.28201e-07,3.01577e-08,4.42067e-06,5.94221e-06,17.6913,45.1911,11.7411,0.324552,24.7755,0.281228,14.8979,0.0111345,0.223295,2.39965,0.266741,0.174687,0.0018366,0.00621206,-0.104759,0.0117181,0.0228456,0.00531655,0.00465711,-0.104759,0.0200318,2.86935,2.24252,0.000384235,0.0498096,0.0008296,0.0038076,0.000223295,0.000799885,0.0498096,4.23199,2.35194e-06,5.95017,0.23443
2084.6250,311.326,311.11,3.74326,0.156231,3.19535,0.00816092,0.00779329,0.0019048,0.000367627,7.71488e-05,4.93999e-05,6.48234e-05,1.97341e-06,0.00560434,0.00493426,0.0319222,0.214236,0.0136462,0.00242329,1.87542e-07,2.11979e-06,2.92949e-07,4.53837e-08,3.28618e-05,5.19676e-05,1.86644e-08,1.95222e-08,2.51717e-06,3.42539e-06,17.7138,45.2598,11.7373,0.351121,24.7812,0.278476,14.8965,0.0111433,0.22111,2.41366,0.267116,0.175715,0.00129065,0.00694519,-0.104322,0.0116034,0.0228434,0.00526452,0.00468586,-0.104322,0.020056,2.86942,2.2425,0.000427635,0.0498269,0.000821481,0.00380723,0.00022111,0.000804555,0.0498269,3.55061,2.30733e-06,5.97648,0.232253
2084.7083,316.092,315.846,3.50414,0.123234,2.50515,0.00397231,0.00769363,0.00171017,-0.00372133,1.98063e-05,2.3972e-05,1.66394e-05,4.48862e-07,0.00266238,0.00439267,0.0133849,0.152022,0.0044539,0.00234098,3.0854e-08,2.10362e-06,6.71119e-08,2.86422e-08,2.53465e-05,2.25179e-05,5.16737e-09,1.10122e-08,2.25849e-06,1.50291e-06,17.5843,45.1951,11.705,0.383848,24.7918,0.262419,14.8754,0.0107104,0.208361,2.43515,0.26617,0.17683,0.00152108,0.00785855,-0.103449,0.0109344,0.0228138,0.00496097,0.00473003,-0.103449,0.0199946,2.86948,2.24252,0.000482406,0.0498571,0.000774116,0.00380229,0.000208361,0.000811718,0.0498571,2.83044,2.13447e-06,5.87926,0.219071
2084.7917,314.795,314.695,3.2345,0.150086,2.02008,0.00396582,0.00703575,0.00213368,-0.00306992,1.22743e-05,2.26871e-05,1.02814e-05,2.91786e-07,0.00196457,0.00477504,0.0126823,0.206889,0.00384383,0.00224673,1.94651e-08,2.063e-06,1.17168e-06,2.20371e-08,2.73223e-05,1.99474e-05,6.70334e-08,6.31006e-09,3.02251e-06,1.32668e-06,17.4217,45.0914,11.6664,0.407216,24.8051,0.244072,14.849,0.0101849,0.193793,2.45731,0.264941,0.177845,0.00198432,0.00848594,-0.102342,0.0101699,0.0227767,0.00461412,0.0047755,-0.102342,0.0199142,2.86953,2.24258,0.000520542,0.0498941,0.000719994,0.00379611,0.000193793,0.000819103,0.0498941,2.72897,2.08246e-06,5.75539,0.203978
2084.8750,308.804,308.95,3.05894,0.26507,1.82775,0.0102627,0.00704096,0.00442266,0.00322176,5.0233e-05,5.81935e-05,4.21251e-05,1.45351e-06,0.0033826,0.00567658,0.0355209,0.500611,0.0171337,0.00218446,1.33727e-07,2.04405e-06,3.63688e-05,1.21535e-08,8.04996e-05,6.20379e-05,1.40885e-06,3.73686e-09,6.17724e-06,4.01561e-06,17.323,45.0093,11.6392,0.392935,24.8224,0.231988,14.8294,0.00984423,0.184198,2.47102,0.264234,0.178311,0.00210943,0.00801187,-0.100848,0.00966639,0.0227488,0.00438567,0.00480345,-0.100848,0.0198668,2.86959,2.24265,0.000489715,0.0499395,0.000684347,0.00379147,0.000184198,0.000823673,0.0499395,3.26003,2.17778e-06,5.68375,0.194042
2084.9583,306.331,306.397,3.15219,0.349679,2.10101,0.0134939,0.00789765,0.00556355,0.00559623,5.07615e-05,7.21267e-05,4.22661e-05,1.81749e-06,0.00261426,0.00510355,0.0497615,0.880127,0.0253006,0.0022172,1.92047e-07,2.04689e-06,5.06616e-05,1.99259e-09,0.000141177,9.00492e-05,1.7086e-06,2.13234e-09,8.02738e-06,5.78819e-06,17.3857,45.009,11.6498,0.341855,24.8209,0.238421,14.8348,0.0100849,0.189306,2.46056,0.264997,0.177802,0.00221667,0.00664031,-0.100833,0.00993444,0.0227556,0.00450729,0.00478148,-0.100833,0.0199132,2.86964,2.24275,0.000409634,0.049929,0.000703324,0.0037926,0.000189306,0.000820187,0.049929,3.59601,2.23894e-06,5.73588,0.199391
2085.0417,305.81,305.887,3.32026,0.381137,1.43343,0.0134576,0.00806728,0.00509478,0.00539028,3.9871e-05,7.13987e-05,3.30333e-05,1.56096e-06,0.00200282,0.0048475,0.0518,1.13168,0.0254657,0.00227616,1.73939e-07,2.05889e-06,3.20419e-05,9.26196e-10,0.000140952,9.14871e-05,1.02581e-06,1.81037e-09,7.43761e-06,5.8713e-06,17.4677,45.0395,11.6716,0.320016,24.8054,0.249943,14.8482,0.0104825,0.198455,2.44646,0.265975,0.177446,0.00272081,0.00607284,-0.102075,0.0104145,0.0227735,0.00472511,0.00475207,-0.102075,0.019973,2.86969,2.24283,0.000377759,0.0498832,0.000737312,0.00379558,0.000198455,0.000815488,0.0498832,3.39283,2.23283e-06,5.79606,0.208937
2085.1250,306.471,306.478,3.47698,0.373557,1.87054,0.013452,0.00834617,0.00509128,0.00510587,3.05912e-05,7.14714e-05,2.51623e-05,1.33186e-06,0.00152543,0.00465379,0.0512634,1.50543,0.0256421,0.00233072,1.46683e-07,2.05939e-06,4.36753e-05,2.88524e-08,0.000143382,9.27042e-05,1.34808e-06,6.96285e-08,7.23854e-06,5.94102e-06,17.5447,45.0788,11.6926,0.313149,24.7886,0.26059,14.8616,0.0108589,0.206908,2.43232,0.266894,0.17753,0.00354045,0.00588917,-0.103517,0.0108581,0.0227916,0.00492639,0.00472262,-0.103517,0.020029,2.86975,2.24289,0.000365803,0.0498386,0.000768718,0.00379859,0.000206908,0.000810774,0.0498386,3.55071,2.20608e-06,5.85217,0.217767
2085.2083,305.882,305.938,3.62891,0.363203,1.87937,0.0130742,0.0084305,0.00495256,0.0046437,2.76677e-05,6.97002e-05,2.27293e-05,1.20764e-06,0.00140481,0.00459393,0.0513252,1.53887,0.0245105,0.00238326,1.36983e-07,2.06267e-06,6.11766e-05,1.24192e-07,0.00013937,8.9385e-05,1.9182e-06,3.33839e-07,6.91928e-06,5.73046e-06,17.618,45.1141,11.7136,0.307189,24.7713,0.270828,14.8756,0.0112293,0.215037,2.41753,0.267792,0.17699,0.0038316,0.00574199,-0.105067,0.0112847,0.0228106,0.00511993,0.00469186,-0.105067,0.0200835,2.8698,2.24294,0.000357509,0.049796,0.000798918,0.00380177,0.000215037,0.000805842,0.049796,3.22757,2.19966e-06,5.90444,0.226266
2085.2917,305.466,305.496,3.74485,0.364781,1.75743,0.012572,0.00845039,0.00481594,0.00412164,2.64241e-05,6.80966e-05,2.17112e-05,1.1367e-06,0.00140503,0.00460312,0.0526367,1.49509,0.0231278,0.00242315,1.33866e-07,2.05049e-06,5.95894e-05,1.13608e-07,0.00013291,8.49254e-05,1.83213e-06,4.69959e-07,6.65075e-06,5.44817e-06,17.6756,45.1419,11.7303,0.304859,24.7566,0.278585,14.8872,0.0115258,0.221196,2.40484,0.268504,0.176157,0.00373747,0.00569046,-0.10644,0.0116079,0.0228266,0.00526658,0.00466552,-0.10644,0.0201263,2.86985,2.24299,0.00035457,0.0497618,0.0008218,0.00380443,0.000221196,0.000801614,0.0497618,2.92658,2.18436e-06,5.94528,0.232722
2085.3750,306.253,306.267,3.84437,0.355573,1.95331,0.0128742,0.00876095,0.00496818,0.00411329,2.74523e-05,6.89251e-05,2.25593e-05,1.18211e-06,0.00140725,0.00429065,0.0500895,1.44943,0.0236897,0.00245723,1.34677e-07,2.03144e-06,6.89697e-05,8.19116e-08,0.000136648,8.73086e-05,2.13414e-06,3.98153e-07,6.80264e-06,5.60232e-06,17.7234,45.1625,11.7453,0.303311,24.7432,0.285203,14.8981,0.0117885,0.226452,2.39254,0.26913,0.175424,0.0037091,0.00565793,-0.107713,0.0118837,0.0228415,0.0053917,0.00464001,-0.107713,0.0201638,2.8699,2.24303,0.000352665,0.0497322,0.000841325,0.00380692,0.000226452,0.000797514,0.0497322,3.08144,2.16612e-06,5.97813,0.23824
2085.4583,306.88,306.858,3.96699,0.336839,2.84141,0.0136266,0.00899664,0.00486292,0.00462995,3.43866e-05,7.04626e-05,2.838e-05,1.41159e-06,0.00166003,0.00388666,0.0488939,1.26162,0.0252534,0.00249901,1.54854e-07,2.03234e-06,7.92198e-05,4.12316e-08,0.000130877,9.33751e-05,2.64419e-06,1.64475e-07,6.62458e-06,5.99806e-06,17.7801,45.193,11.7639,0.301756,24.7306,0.29331,14.9118,0.0121006,0.232888,2.38056,0.269865,0.174361,0.00318468,0.0056296,-0.108933,0.0122215,0.0228606,0.00554495,0.00461521,-0.108933,0.0202084,2.86996,2.24307,0.000351765,0.0497048,0.000865237,0.0038101,0.000232888,0.000793521,0.0497048,3.65733,2.18719e-06,6.01612,0.244989
2085.5417,307.754,307.723,4.11465,0.275298,3.83529,0.0141614,0.00937873,0.00407601,0.0047827,6.30458e-05,7.2773e-05,5.26865e-05,2.01626e-06,0.00307037,0.00454694,0.048751,0.81715,0.0262556,0.002549,2.079e-07,2.06589e-06,4.54098e-05,6.14427e-08,0.00010263,9.70497e-05,1.84638e-06,6.36234e-08,5.52049e-06,6.26571e-06,17.8467,45.2448,11.7867,0.304512,24.7214,0.303003,14.9288,0.0124671,0.240584,2.37217,0.270715,0.173449,0.00226524,0.00571681,-0.109846,0.0126253,0.0228842,0.0057282,0.00459789,-0.109846,0.020261,2.87002,2.2431,0.000357789,0.0496865,0.000893831,0.00381404,0.000240584,0.000790722,0.0496865,4.38364,2.27379e-06,6.05999,0.253051
2085.6250,310.277,310.132,4.20632,0.167449,3.97218,0.0105106,0.00880836,0.00208604,0.00170226,8.4482e-05,6.09434e-05,7.10835e-05,2.07425e-06,0.0054894,0.00538032,0.0378743,0.315278,0.0179213,0.00258006,1.94046e-07,2.1179e-06,2.13363e-07,8.47574e-08,3.71214e-05,6.79071e-05,1.44912e-08,2.93101e-08,2.72085e-06,4.44491e-06,17.8816,45.3173,11.8026,0.330649,24.7242,0.308986,14.9416,0.0127191,0.245335,2.3808,0.271274,0.174231,0.00159654,0.00643818,-0.109694,0.0128746,0.0229023,0.00584131,0.00461579,-0.109694,0.0202966,2.87009,2.24307,0.000400701,0.0496977,0.00091148,0.00381706,0.000245335,0.000793599,0.0496977,4.32924,2.31194e-06,6.07907,0.258054
2085.7083,314.35,314.098,4.03462,0.13774,2.95596,0.00517605,0.00820277,0.00178698,-0.00302672,3.29319e-05,3.16233e-05,2.76721e-05,7.6389e-07,0.00355587,0.00469518,0.0182738,0.171976,0.00660273,0.00252276,5.93904e-08,2.13531e-06,1.09195e-07,4.7468e-08,2.50081e-05,3.06889e-05,7.5861e-09,1.75044e-08,2.23709e-06,2.03977e-06,17.782,45.2873,11.7829,0.368032,24.7364,0.297751,14.9307,0.012423,0.236414,2.40086,0.270575,0.175453,0.0014626,0.00745636,-0.108698,0.0124065,0.0228875,0.00562891,0.00465728,-0.108698,0.0202518,2.87016,2.24308,0.000460079,0.0497328,0.000878338,0.00381458,0.000236414,0.000800287,0.0497328,3.30546,2.1947e-06,5.99908,0.248837
2085.7917,316.487,316.276,3.7366,0.120391,2.24944,0.00338512,0.00781766,0.00159628,-0.00443255,9.34256e-06,1.6764e-05,7.82225e-06,2.04158e-07,0.00171705,0.00385224,0.00932034,0.144939,0.00260827,0.00242171,1.24861e-08,2.10312e-06,5.26591e-09,3.2582e-08,1.89379e-05,1.77734e-05,5.09105e-10,9.47042e-09,2.04626e-06,1.19978e-06,17.6111,45.1902,11.7444,0.406054,24.7491,0.278022,14.9063,0.0118434,0.22075,2.42398,0.26924,0.176636,0.00181927,0.00853328,-0.107661,0.0115845,0.0228538,0.00525595,0.00470502,-0.107661,0.0201654,2.87022,2.24312,0.000525732,0.0497685,0.000820142,0.00380897,0.00022075,0.000807993,0.0497685,2.52127,2.11561e-06,5.86672,0.232593
2085.8750,309.245,309.413,3.54557,0.252474,2.0304,0.0107793,0.00771684,0.00437586,0.0030625,6.69039e-05,5.92626e-05,5.61969e-05,1.81619e-06,0.00425634,0.00499334,0.0344831,0.382427,0.0173334,0.002356,1.63095e-07,2.07269e-06,2.47002e-05,1.70217e-08,6.0731e-05,6.45813e-05,1.07448e-06,5.32909e-09,6.08362e-06,4.20261e-06,17.4944,45.1118,11.7185,0.40526,24.7706,0.265225,14.8893,0.0114654,0.210589,2.44161,0.268365,0.177455,0.00177235,0.00840713,-0.105831,0.0110513,0.0228301,0.00501401,0.00474134,-0.105831,0.0201082,2.87028,2.24318,0.000515769,0.0498264,0.000782391,0.00380502,0.000210589,0.000813869,0.0498264,3.36853,2.23579e-06,5.77588,0.222054
2085.9583,306.117,306.186,3.68724,0.351056,2.15616,0.0138436,0.00859858,0.00576896,0.00524497,6.24868e-05,7.17419e-05,5.21072e-05,2.14603e-06,0.00323564,0.00503458,0.0498222,0.707676,0.0247238,0.00240471,2.29571e-07,2.07251e-06,3.95138e-05,2.00203e-09,0.00013021,9.06028e-05,1.32668e-06,2.91014e-09,8.12927e-06,5.84319e-06,17.5385,45.1032,11.7378,0.349825,24.7807,0.274731,14.9019,0.0117741,0.218137,2.43416,0.268947,0.177467,0.00173412,0.00687742,-0.104818,0.0114474,0.0228475,0.00519373,0.00472588,-0.104818,0.0201442,2.87035,2.24328,0.000423921,0.0498469,0.000810434,0.00380792,0.000218137,0.000811386,0.0498469,3.53549,2.30208e-06,5.80073,0.229911
2086.0417,306.797,306.827,3.90944,0.349732,2.50775,0.0139341,0.00895679,0.00534184,0.00497736,5.23027e-05,7.20624e-05,4.3494e-05,1.89732e-06,0.00263425,0.00491118,0.0490312,0.870656,0.0252962,0.00248058,1.9862e-07,2.09103e-06,4.08867e-05,1.03089e-09,0.000134403,9.33708e-05,1.37876e-06,2.29982e-09,7.63799e-06,6.01149e-06,17.6062,45.1258,11.7684,0.325994,24.7721,0.289509,14.9225,0.0122416,0.22987,2.42148,0.269792,0.177379,0.00205382,0.00625715,-0.105423,0.0120631,0.0228761,0.0054731,0.00469969,-0.105423,0.0201966,2.87041,2.24335,0.000389209,0.0498178,0.000854026,0.00381269,0.00022987,0.000807159,0.0498178,3.78085,2.28965e-06,5.83781,0.242112
2086.1250,306.935,306.971,4.10974,0.334044,2.62065,0.0139935,0.00916769,0.00509237,0.00482585,5.10262e-05,7.16798e-05,4.24124e-05,1.86256e-06,0.0025257,0.00459234,0.0486258,0.890224,0.0254781,0.0025483,1.95567e-07,2.10752e-06,5.59857e-05,1.17106e-09,0.000128899,9.46895e-05,1.9509e-06,3.0159e-09,7.16437e-06,6.09808e-06,17.6678,45.1558,11.7969,0.316743,24.7616,0.302679,14.9425,0.0126691,0.240327,2.4096,0.270567,0.177122,0.00212337,0.00602184,-0.106265,0.0126118,0.022904,0.00572207,0.00467522,-0.106265,0.0202444,2.87047,2.24342,0.000376294,0.0497873,0.000892874,0.00381734,0.000240327,0.0008032,0.0497873,3.76888,2.30308e-06,5.87091,0.252996
2086.2083,306.598,306.621,4.30493,0.353731,2.46955,0.0139509,0.00924457,0.00514366,0.00470638,4.78157e-05,7.05747e-05,3.97025e-05,1.77433e-06,0.00231936,0.00411265,0.0485177,0.905522,0.0252169,0.00261374,1.92367e-07,2.11987e-06,4.27351e-05,1.17987e-09,0.00013005,9.44476e-05,1.4054e-06,4.54664e-09,7.15925e-06,6.08358e-06,17.7318,45.1936,11.8257,0.312199,24.7519,0.315383,14.9634,0.0130913,0.250414,2.39762,0.271336,0.176999,0.00219811,0.00590723,-0.107093,0.0131412,0.0229333,0.00596225,0.00465059,-0.107093,0.0202922,2.87054,2.24347,0.000369768,0.0497612,0.000930351,0.00382222,0.000250414,0.000799208,0.0497612,3.60975,2.31224e-06,5.90615,0.263506
2086.2917,305.706,305.756,4.45289,0.360762,1.94719,0.0133666,0.00917927,0.00499625,0.00418737,3.91682e-05,6.85914e-05,3.24344e-05,1.49659e-06,0.00198839,0.00432013,0.0501897,1.00671,0.0235847,0.00266307,1.72153e-07,2.112e-06,4.05979e-05,1.84764e-09,0.000124761,8.91512e-05,1.27154e-06,1.20639e-08,6.8837e-06,5.74042e-06,17.7822,45.2219,11.849,0.310864,24.7431,0.32493,14.9813,0.0134233,0.257995,2.38577,0.271927,0.177016,0.00246828,0.00587617,-0.107882,0.013539,0.0229587,0.00614273,0.00462628,-0.107882,0.0203286,2.87062,2.24354,0.000367401,0.0497393,0.000958513,0.00382646,0.000257994,0.000795258,0.0497393,3.05492,2.28415e-06,5.93314,0.271418
2086.3750,306.245,306.261,4.58453,0.313509,2.87756,0.0138351,0.00943021,0.00466711,0.0044049,4.96956e-05,7.01691e-05,4.13116e-05,1.77522e-06,0.00243095,0.00414295,0.0497262,0.851448,0.0245957,0.00270673,2.00931e-07,2.09866e-06,6.17644e-05,1.00208e-08,0.000111347,9.29325e-05,2.2731e-06,2.73549e-08,6.33298e-06,5.99436e-06,17.8294,45.2561,11.8708,0.312882,24.7372,0.33336,14.9987,0.0137251,0.264688,2.37654,0.272466,0.176743,0.00217522,0.00593668,-0.108442,0.0138902,0.0229835,0.00630209,0.00460742,-0.108442,0.0203617,2.87069,2.24359,0.000370954,0.049726,0.00098338,0.00383058,0.000264688,0.000792182,0.049726,3.42129,2.29959e-06,5.9586,0.278413
2086.4583,306.226,306.224,4.7299,0.251056,3.33875,0.0141366,0.00969036,0.00366455,0.00444628,0.000121397,7.06516e-05,0.000101654,3.6255e-06,0.00587239,0.00406401,0.0501556,0.356859,0.0249934,0.00275463,4.10461e-07,2.10397e-06,1.94354e-05,3.64265e-08,7.54426e-05,9.37972e-05,9.49803e-07,2.39729e-08,4.90649e-06,6.13499e-06,17.8826,45.3205,11.895,0.324313,24.7382,0.342604,15.0182,0.0140559,0.272027,2.37536,0.273058,0.176864,0.00135951,0.00624617,-0.108405,0.0142754,0.0230112,0.00647684,0.00460524,-0.108405,0.0203998,2.87076,2.2436,0.000389473,0.0497311,0.00101065,0.0038352,0.000272027,0.000791787,0.0497311,3.75234,2.51443e-06,5.98757,0.286083
2086.5417,309.532,309.406,4.79266,0.172491,3.67024,0.0105001,0.00896505,0.0021232,0.00153506,0.000194708,6.13701e-05,0.000159124,7.74254e-06,0.0147237,0.00517447,0.0404013,0.128799,0.0168596,0.0027756,7.40506e-07,2.12871e-06,1.04293e-07,1.65985e-08,2.64766e-05,6.35162e-05,7.06375e-09,1.51582e-08,2.72505e-06,4.30023e-06,17.895,45.3902,11.9093,0.358356,24.7485,0.346575,15.0316,0.0142288,0.27518,2.38829,0.273271,0.178117,0.000614092,0.00716393,-0.107564,0.0144408,0.0230307,0.00655191,0.00463226,-0.107564,0.0204171,2.87084,2.24357,0.000442994,0.0497601,0.00102236,0.00383845,0.00027518,0.000796098,0.0497601,3.96548,2.86922e-06,5.98568,0.289409
2086.6250,313.099,312.874,4.57521,0.146073,2.63669,0.0050147,0.00809791,0.00189718,-0.00308322,7.47491e-05,2.98503e-05,6.04457e-05,3.21477e-06,0.00939472,0.00474549,0.0195998,0.0611563,0.00573656,0.00270528,2.72195e-07,2.13132e-06,2.12056e-09,5.65018e-09,1.94245e-05,2.83193e-05,1.83739e-10,8.78432e-09,2.31603e-06,1.94778e-06,17.7852,45.3563,11.8871,0.39656,24.766,0.332754,15.0207,0.013848,0.264207,2.40847,0.272308,0.179519,0.000467307,0.00815638,-0.106087,0.013865,0.0230164,0.00629064,0.00467423,-0.106087,0.0203591,2.87092,2.24359,0.000499788,0.0498083,0.000981594,0.00383607,0.000264207,0.000802825,0.0498083,2.98151,2.40351e-06,5.89814,0.278055
2086.7083,316.801,316.569,4.20945,0.116727,2.08282,0.0028261,0.00794191,0.00158116,-0.0051158,8.34896e-06,1.02818e-05,6.95568e-06,2.1206e-07,0.00206465,0.00266325,0.00643676,0.0556652,0.00138441,0.00258468,1.33107e-08,2.08788e-06,2.6241e-12,5.77494e-09,1.66678e-05,1.53761e-05,3.13178e-13,5.10203e-09,1.84351e-06,1.06109e-06,17.6045,45.2562,11.8434,0.439161,24.7808,0.309169,14.9945,0.0131503,0.24548,2.43172,0.270731,0.18085,0.000851778,0.00938986,-0.104845,0.0128823,0.0229809,0.00584476,0.00472244,-0.104845,0.0202586,2.87099,2.24364,0.000575734,0.0498487,0.000912021,0.00383014,0.00024548,0.000810575,0.0498487,2.3039,2.10119e-06,5.76105,0.25863
2086.7917,317.5,317.323,3.84028,0.124565,1.86056,0.00240621,0.00757194,0.00193529,-0.00516573,2.48081e-06,6.48177e-06,2.05778e-06,4.93449e-08,0.000847996,0.00238818,0.00364176,0.0575907,0.000687748,0.00246046,2.70228e-09,2.02682e-06,1.25942e-07,6.39184e-09,1.37374e-05,1.25745e-05,8.84915e-09,3.13026e-09,2.76686e-06,8.73465e-07,17.4147,45.1456,11.7963,0.480253,24.7942,0.284916,14.9648,0.0124123,0.226223,2.45648,0.269086,0.182083,0.00132285,0.0106139,-0.103713,0.0118717,0.0229401,0.00538627,0.00477365,-0.103713,0.0201527,2.87106,2.24369,0.00065339,0.0498852,0.000840478,0.00382334,0.000226223,0.000818826,0.0498852,2.32099,2.02952e-06,5.61834,0.238636
2086.8750,308.883,309.071,3.58817,0.227362,2.15442,0.00966184,0.00684614,0.00393674,0.0028157,5.50131e-05,5.1169e-05,4.61684e-05,1.4685e-06,0.00437356,0.00571698,0.0308563,0.31604,0.0129202,0.00237411,1.31227e-07,1.99882e-06,8.73267e-06,5.28626e-09,4.10456e-05,4.94937e-05,4.49196e-07,2.04914e-09,5.50135e-06,3.23374e-06,17.2787,45.0389,11.7623,0.458855,24.8267,0.268093,14.9425,0.0118855,0.212866,2.47463,0.267894,0.183098,0.00152023,0.0097689,-0.100896,0.0111708,0.0229093,0.00506823,0.00481111,-0.100896,0.0200752,2.87112,2.24379,0.000596934,0.0499706,0.000790852,0.00381821,0.000212866,0.000824877,0.0499706,3.11984,2.13005e-06,5.51635,0.224751
2086.9583,306.178,306.276,3.79397,0.326674,1.68808,0.0136183,0.00849819,0.00579515,0.00512009,9.80662e-05,6.90421e-05,8.18886e-05,3.23354e-06,0.00528335,0.00466019,0.0466258,0.414533,0.0243629,0.00244407,3.3886e-07,1.99681e-06,3.17598e-05,1.21613e-09,0.000106162,8.8523e-05,1.19961e-06,1.31414e-09,8.29476e-06,5.73473e-06,17.296,45.0189,11.7857,0.401322,24.8471,0.281831,14.955,0.012169,0.223774,2.47452,0.268216,0.183505,0.00117363,0.00818991,-0.0988846,0.0117432,0.0229266,0.00532794,0.00481084,-0.0988846,0.020095,2.87118,2.24389,0.000498198,0.0500124,0.000831377,0.00382109,0.000223774,0.00082484,0.0500124,3.22316,2.33567e-06,5.5103,0.235943
2087.0417,305.416,305.481,4.17286,0.381671,1.21675,0.0139403,0.0088329,0.00567797,0.00510739,5.78096e-05,6.88474e-05,4.80687e-05,2.10648e-06,0.00295748,0.00447037,0.0511513,0.766198,0.0255938,0.00257149,2.41753e-07,1.99066e-06,1.90914e-05,2.3975e-10,0.000129086,9.46761e-05,5.78448e-07,8.17615e-10,8.37154e-06,6.08297e-06,17.3453,45.0172,11.8294,0.363286,24.8459,0.306789,14.9794,0.0127024,0.24359,2.46272,0.268915,0.183965,0.00173983,0.00718601,-0.0986621,0.0127831,0.0229606,0.00579977,0.00478649,-0.0986621,0.0201384,2.87125,2.24398,0.000439948,0.0499942,0.000905,0.00382677,0.00024359,0.000820906,0.0499942,3.15115,2.23242e-06,5.51585,0.256293
2087.1250,306.293,306.324,4.5639,0.366983,2.18947,0.0143855,0.00922078,0.0054724,0.00516468,4.47226e-05,7.00298e-05,3.70231e-05,1.74998e-06,0.002166,0.00420869,0.0498344,1.05346,0.0269842,0.00270048,1.93284e-07,1.99751e-06,3.18487e-05,5.39265e-10,0.000128108,0.000100799,9.8529e-07,3.10279e-09,7.8428e-06,6.46118e-06,17.4096,45.0454,11.8755,0.34896,24.8379,0.332025,15.0065,0.0132644,0.263628,2.44895,0.269731,0.184534,0.00236261,0.0068073,-0.0991248,0.0138346,0.0229985,0.00627685,0.00475816,-0.0991248,0.0201885,2.87132,2.24406,0.00041735,0.0499627,0.000979443,0.00383308,0.000263628,0.000816316,0.0499627,3.58614,2.1908e-06,5.53408,0.276892
2087.2083,306.025,306.075,4.91681,0.364044,1.99548,0.0139782,0.00929413,0.00544593,0.00468407,3.92016e-05,6.85458e-05,3.23905e-05,1.54986e-06,0.00197774,0.00431582,0.0503285,1.13596,0.0257721,0.00281491,1.74238e-07,2.0159e-06,3.65783e-05,2.47844e-09,0.000128014,9.73466e-05,1.11153e-06,1.93721e-08,7.64394e-06,6.2432e-06,17.4724,45.0812,11.9178,0.342243,24.8312,0.35438,15.0325,0.0137696,0.281378,2.43535,0.270477,0.184862,0.00260313,0.00663524,-0.0995833,0.0147661,0.0230351,0.00669947,0.00473022,-0.0995833,0.0202343,2.87139,2.24413,0.000407328,0.0499391,0.00104539,0.00383919,0.000281378,0.000811782,0.0499391,3.42976,2.19014e-06,5.55455,0.295147
2087.2917,305.378,305.419,5.17411,0.356498,1.87289,0.0135003,0.00925586,0.00530169,0.00424447,3.47186e-05,6.68521e-05,2.8643e-05,1.37415e-06,0.00181939,0.00436645,0.0514536,1.16139,0.0243285,0.00289721,1.6308e-07,2.00778e-06,4.65804e-05,8.21065e-09,0.000120448,9.28428e-05,1.4576e-06,5.93047e-08,7.26316e-06,5.95826e-06,17.5208,45.112,11.9499,0.341612,24.8265,0.37043,15.0533,0.0141294,0.294121,2.42309,0.270975,0.18515,0.0027788,0.00662212,-0.0999314,0.0154348,0.0230648,0.00700289,0.00470514,-0.0999314,0.0202645,2.87148,2.2442,0.000405859,0.0499241,0.00109273,0.00384413,0.000294121,0.000807698,0.0499241,3.04657,2.17086e-06,5.57088,0.308251
2087.3750,305.6,305.614,5.37273,0.334704,2.78743,0.0140298,0.00940631,0.00514089,0.00462346,4.14816e-05,6.84252e-05,3.43285e-05,1.57118e-06,0.00207217,0.00419665,0.0516064,1.0404,0.0255089,0.00296013,1.85894e-07,1.99914e-06,5.669e-05,1.97881e-08,0.000112601,9.73703e-05,1.93699e-06,1.1309e-07,6.94631e-06,6.25553e-06,17.5606,45.1407,11.9759,0.342331,24.825,0.382676,15.0712,0.0144033,0.303845,2.41268,0.271335,0.185163,0.00252959,0.0066492,-0.100035,0.0159451,0.0230904,0.0072344,0.0046839,-0.100035,0.0202862,2.87156,2.24426,0.000407533,0.0499192,0.00112886,0.0038484,0.000303845,0.000804227,0.0499192,3.40738,2.18503e-06,5.58474,0.318248
2087.4583,306.103,306.118,5.61215,0.273922,3.46067,0.0146926,0.00981411,0.00439531,0.00487846,0.000105861,6.99177e-05,8.82051e-05,3.59561e-06,0.00506133,0.00403399,0.0504653,0.486499,0.0267715,0.00303519,4.12654e-07,2.019e-06,3.7271e-05,2.94612e-08,8.54311e-05,0.000101597,1.58336e-06,5.50393e-08,5.84831e-06,6.60543e-06,17.6175,45.204,12.0072,0.349847,24.8289,0.397281,15.0929,0.0147484,0.315441,2.40777,0.271872,0.185079,0.00136873,0.00685955,-0.0996958,0.0165536,0.0231215,0.0075105,0.00467409,-0.0996958,0.0203204,2.87164,2.24429,0.000421067,0.049929,0.00117194,0.00385358,0.000315441,0.000802591,0.049929,3.83337,2.43166e-06,5.61034,0.330189
2087.5417,308.188,308.086,5.80291,0.178017,4.23538,0.0124871,0.00954507,0.0024771,0.00294202,0.000359795,6.37958e-05,0.000275154,2.20111e-05,0.0230881,0.00441569,0.0434314,0.094808,0.0212616,0.00309462,2.25091e-06,2.06006e-06,1.50188e-06,1.75729e-08,3.28119e-05,7.77228e-05,8.29943e-08,2.75537e-08,3.0951e-06,5.41317e-06,17.6583,45.2955,12.0338,0.380704,24.8408,0.408802,15.1126,0.0150246,0.324589,2.41563,0.272193,0.186301,0.000425095,0.00766279,-0.0986709,0.0170337,0.0231499,0.0077283,0.00469072,-0.0986709,0.0203473,2.87174,2.24427,0.000471365,0.0499607,0.00120592,0.00385832,0.000324589,0.00080521,0.0499607,4.39047,4.31098e-06,5.62446,0.339613
2087.6250,311.57,311.403,5.63387,0.144351,3.19803,0.0067547,0.00819628,0.00193628,-0.00144159,0.000291114,3.82831e-05,0.000203255,2.59798e-05,0.0298941,0.00509522,0.025131,0.0200296,0.00846847,0.00304296,2.34075e-06,2.08963e-06,9.86387e-10,1.93808e-09,1.08514e-05,3.50503e-05,5.33299e-11,1.63593e-08,2.29362e-06,2.64772e-06,17.5786,45.3113,12.0203,0.436278,24.8595,0.398591,15.1082,0.0147473,0.316481,2.43687,0.271178,0.187911,0.000111326,0.00897477,-0.0970878,0.0166082,0.0231451,0.00753527,0.00473499,-0.0970878,0.0202957,2.87182,2.24426,0.00055787,0.0500114,0.0011758,0.00385751,0.000316481,0.00081229,0.0500114,3.38532,4.43038e-06,5.55836,0.331229
2087.7083,314.657,314.456,5.22369,0.12077,2.45914,0.00381661,0.00762768,0.00172056,-0.00381107,4.23435e-05,1.56499e-05,2.86276e-05,2.4107e-06,0.00812265,0.00352684,0.0100951,0.0245647,0.00246905,0.00291491,1.7939e-07,2.06337e-06,5.11021e-11,2.23446e-09,8.37913e-06,2.02762e-05,3.79746e-12,8.68128e-09,1.99764e-06,1.42406e-06,17.427,45.2599,11.9777,0.494647,24.8772,0.373478,15.0855,0.0140779,0.296542,2.46116,0.269461,0.189447,0.000247475,0.0105434,-0.0955899,0.0155619,0.0231146,0.00706052,0.00478549,-0.0955899,0.0201909,2.87191,2.2443,0.000657994,0.0500592,0.00110173,0.00385244,0.000296542,0.000820387,0.0500592,2.65107,2.24276e-06,5.44923,0.31062
2087.7917,310.547,310.602,4.8398,0.203022,2.51085,0.00775295,0.00723172,0.0038345,0.000521239,0.000138638,3.96892e-05,0.000109228,8.05624e-06,0.0135596,0.00537775,0.0246317,0.0730288,0.00960689,0.00279264,6.95257e-07,2.04035e-06,1.54534e-06,2.10209e-09,2.08558e-05,4.0072e-05,7.5133e-08,4.88405e-09,5.17717e-06,2.76337e-06,17.2843,45.1825,11.9355,0.508064,24.9084,0.349539,15.0617,0.0134239,0.277534,2.4818,0.26786,0.190913,0.000339464,0.0107955,-0.0929105,0.0145644,0.0230824,0.00660796,0.00482833,-0.0929105,0.0200905,2.87199,2.24438,0.000667277,0.0501421,0.00103111,0.00384707,0.000277534,0.000827267,0.0501421,3.29784,2.73561e-06,5.3488,0.290958
2087.8750,305.298,305.443,4.84935,0.327327,1.64431,0.0141195,0.00865267,0.00621791,0.00546682,0.000422959,6.85621e-05,0.000318805,3.88819e-05,0.0220333,0.00441496,0.0495472,0.118942,0.0249007,0.00279576,4.25218e-06,2.04686e-06,4.63171e-06,2.87658e-10,7.9593e-05,8.66835e-05,1.6775e-07,2.81886e-09,8.5374e-06,6.03787e-06,17.2739,45.1575,11.9378,0.454599,24.9429,0.350146,15.0639,0.0133921,0.278016,2.48613,0.267542,0.192271,0.000266743,0.00934703,-0.0897226,0.0145897,0.023086,0.00661943,0.00483741,-0.0897226,0.0200806,2.87207,2.24447,0.000572385,0.0502236,0.0010329,0.00384767,0.000278016,0.000828712,0.0502236,3.38766,6.29904e-06,5.33613,0.291408
2087.9583,305.528,305.573,4.91752,0.360293,1.93367,0.0145266,0.00849581,0.00621168,0.00603079,9.05491e-05,6.87752e-05,7.49955e-05,3.65325e-06,0.00450738,0.00423027,0.0524802,0.490991,0.0248285,0.00281812,4.25313e-07,2.04695e-06,1.52664e-05,6.25555e-11,0.000121805,9.29557e-05,4.70665e-07,1.64608e-09,8.95731e-06,6.05226e-06,17.348,45.1756,11.9499,0.39909,24.9541,0.354437,15.0741,0.0135343,0.281423,2.47439,0.267987,0.19349,0.00104487,0.0079838,-0.0883388,0.0147685,0.0231007,0.00670054,0.00481328,-0.0883388,0.0201145,2.87215,2.2446,0.0004884,0.0502339,0.00104556,0.00385011,0.000281423,0.000824797,0.0502339,3.41659,2.47227e-06,5.39817,0.294957
2088.0417,305.114,305.157,4.87148,0.378686,1.51661,0.0144429,0.0084895,0.00560579,0.00595337,4.73147e-05,6.86461e-05,3.92049e-05,1.81212e-06,0.00233871,0.00427795,0.0544018,0.917588,0.0251086,0.00280388,2.19299e-07,2.04251e-06,1.93899e-05,1.52599e-10,0.000122658,9.44167e-05,5.63643e-07,3.80637e-09,8.1816e-06,6.09469e-06,17.4269,45.2201,11.9508,0.379636,24.9516,0.351544,15.0791,0.0135586,0.279126,2.46198,0.268441,0.194425,0.00191998,0.00750975,-0.0882334,0.014648,0.0231082,0.00664586,0.00478775,-0.0882334,0.0201435,2.87223,2.2447,0.000457151,0.0502125,0.00103702,0.00385136,0.000279126,0.00082066,0.0502125,3.32006,2.26181e-06,5.47605,0.292685
2088.1250,304.962,304.997,4.84492,0.373024,1.46758,0.0139945,0.00853987,0.00547193,0.00545467,3.52697e-05,6.75938e-05,2.90941e-05,1.4268e-06,0.00176659,0.00423219,0.0541829,1.16881,0.0243604,0.0027959,1.75374e-07,2.03634e-06,2.95426e-05,1.58062e-09,0.000124794,9.17625e-05,8.62476e-07,3.38638e-08,7.81734e-06,5.91207e-06,17.5064,45.2724,11.9541,0.369663,24.9467,0.349872,15.0854,0.0136127,0.277799,2.44968,0.26895,0.195084,0.00256406,0.00726705,-0.0884591,0.0145783,0.0231176,0.00661425,0.00476244,-0.0884591,0.0201752,2.8723,2.24479,0.000440641,0.0501898,0.00103209,0.00385293,0.000277799,0.000816559,0.0501898,3.03828,2.21172e-06,5.55235,0.291411
2088.2083,305.572,305.592,4.82955,0.358912,2.24635,0.0144068,0.00868018,0.00547236,0.0057266,3.46982e-05,6.89649e-05,2.85925e-05,1.43354e-06,0.00166227,0.00392928,0.0531856,1.26158,0.0256083,0.00279152,1.71369e-07,2.03326e-06,4.65234e-05,1.17178e-08,0.00012606,9.6154e-05,1.43781e-06,1.77669e-07,7.63468e-06,6.18985e-06,17.5849,45.3248,11.9588,0.361137,24.9414,0.348904,15.0928,0.0136847,0.27703,2.4374,0.269485,0.195331,0.00282928,0.0070641,-0.0887848,0.0145379,0.0231285,0.00659594,0.0047372,-0.0887848,0.0202082,2.87238,2.24486,0.000428234,0.0501699,0.00102924,0.00385476,0.00027703,0.000812467,0.0501699,3.4706,2.20463e-06,5.62611,0.290714
2088.2917,304.199,304.261,4.80568,0.374448,1.26495,0.013119,0.00851678,0.00511894,0.00460226,2.77646e-05,6.55427e-05,2.28177e-05,1.15756e-06,0.00148187,0.00448101,0.0554934,1.33464,0.0224992,0.00278439,1.4903e-07,2.02238e-06,3.69123e-05,4.0019e-08,0.000119405,8.52226e-05,1.07941e-06,8.11657e-07,7.1284e-06,5.48767e-06,17.6523,45.3735,11.9623,0.358129,24.9366,0.347398,15.0994,0.0137334,0.275834,2.4265,0.269925,0.195592,0.00308851,0.00699625,-0.0891323,0.0144752,0.0231383,0.00656747,0.0047148,-0.0891323,0.0202351,2.87244,2.24492,0.0004227,0.0501543,0.00102479,0.00385639,0.000275834,0.000808834,0.0501543,2.71962,2.17141e-06,5.68992,0.289567
2088.3750,305.86,305.845,4.78947,0.330153,2.9549,0.0142629,0.00889341,0.00517808,0.00536951,3.67391e-05,6.9583e-05,3.0329e-05,1.4734e-06,0.00175375,0.00393171,0.0524881,1.17572,0.0254643,0.0027797,1.76097e-07,2.01055e-06,7.10524e-05,3.36903e-08,0.000118104,9.5591e-05,2.42025e-06,2.72172e-07,7.03031e-06,6.1549e-06,17.7138,45.4171,11.9667,0.353535,24.933,0.346374,15.1064,0.01379,0.275021,2.41676,0.270355,0.195303,0.00277241,0.00689468,-0.0894143,0.0144325,0.0231487,0.00654813,0.0046948,-0.0894143,0.0202613,2.8725,2.24497,0.000417436,0.0501433,0.00102177,0.00385812,0.000275021,0.000805586,0.0501433,3.50729,2.18665e-06,5.74708,0.288811
2088.4583,306.391,306.376,4.82141,0.274048,3.64669,0.0146928,0.00917958,0.00434451,0.00551322,7.79807e-05,7.0514e-05,6.5096e-05,2.56235e-06,0.00357581,0.00370878,0.0507748,0.626776,0.026347,0.00279062,2.92913e-07,2.02868e-06,4.29916e-05,3.21079e-08,9.37443e-05,9.84724e-05,1.75416e-06,6.40671e-08,5.88145e-06,6.38615e-06,17.7897,45.4859,11.9773,0.352727,24.9324,0.348391,15.1176,0.0139364,0.276622,2.4111,0.270984,0.194791,0.00168002,0.00689698,-0.089453,0.0145166,0.0231649,0.00658624,0.00468327,-0.089453,0.0203009,2.87258,2.24501,0.000419608,0.0501412,0.00102772,0.00386082,0.000276622,0.000803698,0.0501412,3.99205,2.32159e-06,5.81236,0.290558
2088.5417,307.22,307.185,4.87364,0.221919,3.79146,0.0145525,0.00939775,0.00322088,0.00515477,0.000266121,7.1521e-05,0.000218551,1.17645e-05,0.0129041,0.00389462,0.0500049,0.179482,0.0260103,0.0028081,1.264e-06,2.07333e-06,3.83347e-06,3.2835e-08,5.25754e-05,9.43836e-05,1.98773e-07,2.87394e-08,4.29159e-06,6.34335e-06,17.866,45.596,11.9908,0.37143,24.9406,0.35168,15.1309,0.0141207,0.279234,2.41794,0.27163,0.195734,0.000746648,0.00740721,-0.0887483,0.0146536,0.0231842,0.00664842,0.00469764,-0.0887483,0.0203453,2.87266,2.24499,0.000451114,0.050163,0.00103742,0.00386403,0.000279234,0.000805982,0.050163,4.3805,3.33732e-06,5.87513,0.293354
2088.6250,310.041,309.847,4.83921,0.149468,3.42528,0.00897286,0.00844197,0.00186201,0.000530891,0.00041433,5.21978e-05,0.000303096,3.42206e-05,0.0308952,0.00543927,0.0361805,0.0351132,0.0140513,0.00279761,3.49512e-06,2.11077e-06,1.23088e-07,3.63205e-09,2.10609e-05,5.01336e-05,7.14984e-09,1.78045e-08,2.26785e-06,3.71298e-06,17.8819,45.6714,11.9933,0.403101,24.9539,0.349507,15.1369,0.0141307,0.277509,2.43254,0.271653,0.197107,0.000160651,0.0081708,-0.0876055,0.0145631,0.0231933,0.00660735,0.00472803,-0.0876055,0.0203586,2.87274,2.24496,0.000502023,0.0501981,0.00103102,0.00386556,0.000277509,0.000810847,0.0501981,3.59194,5.60589e-06,5.88859,0.291639
2088.7083,315.201,314.987,4.51566,0.136617,2.56518,0.00391421,0.00795902,0.0020246,-0.00404481,4.69361e-05,1.93479e-05,3.52935e-05,2.59221e-06,0.007208,0.00401048,0.0121082,0.043893,0.00330061,0.00269265,1.9394e-07,2.0979e-06,7.88304e-10,2.83057e-09,1.67428e-05,2.11177e-05,6.41276e-11,9.89653e-09,2.61795e-06,1.46714e-06,17.7419,45.6148,11.9573,0.446878,24.9705,0.328938,15.1168,0.0135562,0.261177,2.45557,0.270295,0.19849,0.000326908,0.00928916,-0.0861974,0.013706,0.0231663,0.00621849,0.00477582,-0.0861974,0.0202779,2.87281,2.24499,0.000573754,0.0502431,0.000970339,0.00386105,0.000261177,0.000818523,0.0502431,2.9492,2.29184e-06,5.78464,0.274733
2088.7917,314.987,314.872,4.13901,0.153606,2.09668,0.00388148,0.00746872,0.00250832,-0.00358725,1.69748e-05,1.73717e-05,1.41265e-05,5.09021e-07,0.00285041,0.00338799,0.0105264,0.0909531,0.00297934,0.00256803,3.61819e-08,2.0667e-06,8.20964e-07,5.03174e-09,2.12443e-05,1.97976e-05,4.1359e-08,5.63285e-09,3.39229e-06,1.34394e-06,17.5676,45.5043,11.9115,0.467812,24.9921,0.304579,15.089,0.0128425,0.241836,2.47686,0.268702,0.199799,0.000781037,0.0098402,-0.084345,0.0126911,0.0231282,0.005758,0.00481991,-0.084345,0.0201759,2.87288,2.24506,0.000604226,0.0503008,0.000898484,0.00385471,0.000241836,0.000825621,0.0503008,2.76733,2.10289e-06,5.65604,0.254679
2088.8750,310.076,310.089,3.89409,0.210425,2.49185,0.00895519,0.00712384,0.00353311,0.00183136,7.21738e-05,4.90744e-05,6.0343e-05,2.13622e-06,0.00609895,0.00550713,0.0287922,0.211942,0.0123277,0.00248565,1.78547e-07,2.04813e-06,5.03594e-06,4.44764e-09,4.04597e-05,4.77059e-05,2.49817e-07,3.41022e-09,4.84352e-06,3.14821e-06,17.459,45.4252,11.8807,0.456988,25.0168,0.288496,15.0699,0.012367,0.229066,2.49237,0.267698,0.200895,0.000967634,0.00953452,-0.0821566,0.0120209,0.023102,0.00545394,0.00485194,-0.0821566,0.0201112,2.87295,2.24515,0.000579263,0.0503633,0.00085104,0.00385033,0.000229066,0.00083079,0.0503633,3.19656,2.22668e-06,5.5783,0.241433
2088.9583,308.722,308.776,3.77038,0.245256,2.39823,0.0109329,0.00738042,0.00394493,0.00355248,0.000111214,6.30054e-05,9.28218e-05,3.56094e-06,0.00768656,0.00574887,0.0381985,0.248943,0.0179943,0.0024436,3.2025e-07,2.04034e-06,1.16159e-05,2.59895e-09,5.79649e-05,6.5187e-05,5.49638e-07,2.19235e-09,5.61115e-06,4.29138e-06,17.4136,45.3942,11.865,0.441483,25.0359,0.280287,15.0602,0.0121276,0.222548,2.50325,0.267281,0.201844,0.000920029,0.00913005,-0.0803618,0.0116789,0.0230886,0.00529875,0.00487434,-0.0803618,0.0200845,2.87301,2.24522,0.000548957,0.0504068,0.000826824,0.00384811,0.000222548,0.000834415,0.0504068,3.3446,2.36059e-06,5.5486,0.234675
2089.0417,306.828,306.898,3.8163,0.333829,1.74504,0.0135066,0.00814201,0.00550499,0.00536458,0.000133288,7.02727e-05,0.000110583,5.14511e-06,0.00707966,0.00488217,0.0473728,0.359229,0.0245714,0.00245931,5.19329e-07,2.04871e-06,1.33173e-05,6.51125e-10,0.000108213,8.82034e-05,4.45404e-07,1.37687e-09,7.89057e-06,5.77861e-06,17.4572,45.4195,11.8721,0.412817,25.0458,0.283341,15.0654,0.0122373,0.224973,2.50355,0.267725,0.202568,0.000853041,0.00837487,-0.0792593,0.0118061,0.0230959,0.00535649,0.00487488,-0.0792593,0.0201143,2.87307,2.24528,0.000502766,0.0504216,0.000835833,0.00384932,0.000224972,0.000834517,0.0504216,3.56712,2.56804e-06,5.58517,0.23721
2089.1250,306.511,306.548,3.90922,0.393711,1.09797,0.0135925,0.00840712,0.00547352,0.0051854,4.58267e-05,6.92746e-05,3.79404e-05,1.82114e-06,0.00230513,0.00455702,0.0488766,0.960671,0.0248318,0.00249101,1.96782e-07,2.05052e-06,1.42128e-05,2.47444e-09,0.000130885,9.08182e-05,3.96039e-07,2.71169e-08,8.10504e-06,5.84693e-06,17.5316,45.4427,11.8859,0.380873,25.0402,0.289498,15.0753,0.0124469,0.229861,2.49002,0.26844,0.203349,0.00196037,0.00754415,-0.0794431,0.0120627,0.0231098,0.00547289,0.00484686,-0.0794431,0.0201593,2.87314,2.24538,0.000453371,0.0503928,0.000853996,0.00385164,0.000229861,0.000830007,0.0503928,3.36126,2.2473e-06,5.64571,0.242308
2089.2083,305.035,305.13,3.98961,0.386107,0.901786,0.0127719,0.0082354,0.00515239,0.00453652,2.71608e-05,6.6501e-05,2.228e-05,1.20397e-06,0.00144989,0.00455672,0.0521485,1.42184,0.0228327,0.00251839,1.42409e-07,2.03823e-06,2.68671e-05,9.40925e-08,0.000129094,8.42346e-05,7.54809e-07,1.05521e-06,7.42768e-06,5.40965e-06,17.6007,45.4717,11.8985,0.366798,25.0286,0.294801,15.0849,0.0126339,0.234072,2.47557,0.269107,0.203905,0.0030636,0.00718177,-0.0802636,0.0122837,0.0231233,0.00557315,0.00481695,-0.0802636,0.0201997,2.87319,2.24546,0.000430746,0.0503538,0.00086964,0.00385388,0.000234072,0.00082519,0.0503538,2.68797,2.18064e-06,5.70212,0.246706
2089.2917,305.18,305.209,4.03329,0.372504,1.33266,0.0124409,0.00830187,0.00523907,0.00413906,2.23462e-05,6.58869e-05,1.82453e-05,1.03272e-06,0.00122077,0.00452776,0.052276,1.63855,0.0221107,0.00253333,1.24583e-07,2.00384e-06,4.67449e-05,1.06785e-07,0.000131957,8.19077e-05,1.3648e-06,1.05859e-06,7.32754e-06,5.257e-06,17.6513,45.4908,11.9066,0.358189,25.0182,0.297674,15.0916,0.0127468,0.236353,2.46308,0.269574,0.204007,0.00376025,0.00696828,-0.0810866,0.0124033,0.0231328,0.00562746,0.0047911,-0.0810866,0.0202272,2.87322,2.2455,0.000417937,0.0503229,0.000878114,0.00385547,0.000236353,0.000821027,0.0503229,2.6302,2.12842e-06,5.74476,0.2491
2089.3750,306.667,306.645,4.09484,0.336574,2.69711,0.0134771,0.00865747,0.00521987,0.00481966,2.7377e-05,6.92911e-05,2.24406e-05,1.22432e-06,0.00135163,0.00405537,0.0491253,1.53021,0.0247015,0.00255423,1.36877e-07,1.98662e-06,8.48563e-05,6.95878e-08,0.000130614,9.12055e-05,2.84199e-06,3.74076e-07,7.15974e-06,5.85348e-06,17.7052,45.5115,11.9172,0.347687,25.008,0.301709,15.1002,0.0128969,0.239557,2.45053,0.270115,0.203323,0.00367138,0.00671605,-0.0819452,0.0125715,0.0231451,0.00570374,0.00476513,-0.0819452,0.0202594,2.87327,2.24556,0.000405205,0.050295,0.000890016,0.00385751,0.000239557,0.000816843,0.050295,3.31559,2.1235e-06,5.78798,0.252454
2089.4583,307.476,307.451,4.1953,0.296127,3.34964,0.0140354,0.00899247,0.00469365,0.00504292,4.59515e-05,7.04041e-05,3.81552e-05,1.69751e-06,0.00217528,0.00374336,0.0468755,1.00851,0.0258043,0.00258813,1.78206e-07,1.99903e-06,6.54514e-05,4.01667e-08,0.000115261,9.53939e-05,2.5317e-06,8.35641e-08,6.43865e-06,6.14283e-06,17.772,45.5525,11.9335,0.340069,24.9999,0.308267,15.1128,0.0131285,0.244764,2.4406,0.270835,0.202039,0.00257389,0.00654455,-0.0826582,0.0128447,0.0231629,0.00582771,0.00474463,-0.0826582,0.0203033,2.87333,2.24561,0.000398341,0.0502738,0.000909361,0.00386049,0.000244764,0.000813532,0.0502738,3.87643,2.17724e-06,5.83852,0.257892
2089.5417,309.223,309.123,4.30116,0.180374,3.91842,0.0127437,0.00884652,0.00254127,0.0038972,9.38956e-05,6.9895e-05,7.8979e-05,2.38744e-06,0.00547318,0.00500925,0.0441304,0.416776,0.022771,0.00262374,2.27672e-07,2.03933e-06,1.91511e-06,9.48089e-08,4.89005e-05,8.4042e-05,1.17972e-07,3.32829e-08,3.38702e-06,5.47617e-06,17.8362,45.6367,11.9511,0.35531,25.0005,0.315143,15.1267,0.0133744,0.250224,2.44473,0.271554,0.202445,0.00178139,0.00698526,-0.0826285,0.0131312,0.0231827,0.0059577,0.00475328,-0.0826285,0.0203487,2.8734,2.2456,0.000426781,0.0502765,0.000929644,0.00386379,0.000250224,0.000814912,0.0502765,4.15286,2.267e-06,5.88508,0.263598
2089.6250,312.305,312.12,4.22117,0.150409,3.08529,0.00697909,0.00775435,0.00196548,-0.000775268,5.95499e-05,4.26424e-05,5.00188e-05,1.46432e-06,0.00521493,0.00501309,0.0255832,0.186786,0.0102832,0.00259746,1.24268e-07,2.06571e-06,1.59242e-07,4.69816e-08,2.60174e-05,4.24722e-05,1.09907e-08,2.01374e-08,2.53647e-06,2.81294e-06,17.8056,45.6725,11.9442,0.390568,25.0124,0.309946,15.1245,0.0132426,0.246097,2.46386,0.271346,0.203713,0.00125509,0.00794613,-0.0816264,0.0129147,0.0231802,0.00585945,0.0047929,-0.0816264,0.0203357,2.87347,2.24558,0.000482866,0.0503093,0.000914314,0.00386336,0.000246097,0.000821286,0.0503093,3.42947,2.18998e-06,5.86145,0.25934
2089.7083,315.739,315.506,3.94627,0.11922,2.44747,0.0039837,0.00757201,0.00172979,-0.00358831,1.82835e-05,2.256e-05,1.53414e-05,4.07909e-07,0.00270952,0.00438513,0.0125989,0.142606,0.0039717,0.00250529,2.72216e-08,2.04802e-06,3.2749e-08,2.84462e-08,2.08266e-05,2.22642e-05,2.59918e-09,1.09313e-08,2.20369e-06,1.49363e-06,17.6709,45.6097,11.91,0.426189,25.0263,0.291932,15.1035,0.0126993,0.231794,2.48626,0.27017,0.204949,0.00145213,0.00894116,-0.080454,0.0121641,0.0231514,0.00551891,0.00483926,-0.080454,0.0202601,2.87354,2.24562,0.000542813,0.0503475,0.000861176,0.00385857,0.000231794,0.000828754,0.0503475,2.68356,2.07524e-06,5.76094,0.244494
2089.7917,315.868,315.769,3.63262,0.134058,2.01804,0.00358403,0.00711753,0.00196348,-0.0035335,8.61665e-06,1.68495e-05,7.20727e-06,1.97e-07,0.00157381,0.00369702,0.00903578,0.150327,0.00262948,0.00239831,1.22119e-08,2.00572e-06,3.68157e-07,2.11265e-08,1.89913e-05,1.75094e-05,2.51838e-08,6.15109e-09,2.75992e-06,1.18e-06,17.5056,45.5136,11.8682,0.456713,25.0413,0.271066,15.0763,0.0120509,0.215226,2.51,0.268746,0.206095,0.00185502,0.00978878,-0.0791838,0.0112946,0.023114,0.00512443,0.00488827,-0.0791838,0.0201678,2.8736,2.24567,0.000595514,0.0503882,0.000799622,0.00385234,0.000215226,0.000836666,0.0503882,2.48172,2.01793e-06,5.6373,0.227277
2089.8750,308.271,308.409,3.43817,0.26728,1.82887,0.0105844,0.00709793,0.00484186,0.00348647,5.46817e-05,5.72422e-05,4.58536e-05,1.5595e-06,0.0037221,0.00565316,0.0358114,0.44008,0.0166424,0.00233096,1.48755e-07,1.98098e-06,3.2225e-05,1.10875e-08,7.23575e-05,6.1843e-05,1.29109e-06,3.6189e-09,6.68704e-06,4.01315e-06,17.4033,45.4331,11.8407,0.438429,25.0657,0.257965,15.0576,0.0116303,0.204824,2.52554,0.267853,0.206756,0.00187193,0.00916059,-0.07705,0.0107488,0.023088,0.00487676,0.00492026,-0.07705,0.020109,2.87366,2.24576,0.000554782,0.0504513,0.000760976,0.003848,0.000204824,0.000841847,0.0504513,3.15823,2.12973e-06,5.56262,0.216454
2089.9583,305.807,305.914,3.60257,0.345505,1.66602,0.0137004,0.00825314,0.00571752,0.00544724,6.58805e-05,6.96244e-05,5.50324e-05,2.1719e-06,0.00337333,0.00471817,0.0491761,0.6587,0.0246362,0.00238763,2.33616e-07,1.98773e-06,3.56426e-05,2.0667e-09,0.000127869,8.94933e-05,1.26122e-06,2.09868e-09,8.27492e-06,5.77271e-06,17.4619,45.4307,11.8615,0.377539,25.0739,0.269054,15.0702,0.0119366,0.213629,2.5173,0.268519,0.206598,0.0017578,0.00752201,-0.0761039,0.0112108,0.0231054,0.0050864,0.00490307,-0.0761039,0.02015,2.87372,2.24586,0.000458125,0.0504617,0.000793687,0.0038509,0.000213629,0.000839099,0.0504617,3.21445,2.22135e-06,5.6004,0.225565
2090.0417,305.411,305.475,3.82502,0.376129,1.30696,0.0137915,0.00839092,0.0052968,0.00540061,4.32652e-05,7.00314e-05,3.58817e-05,1.65016e-06,0.00216362,0.00463175,0.052592,1.02773,0.0253424,0.00246375,1.9023e-07,1.98184e-06,2.8613e-05,7.51405e-10,0.0001328,9.29262e-05,9.26002e-07,2.27829e-09,7.76883e-06,5.96843e-06,17.5331,45.4531,11.8904,0.351414,25.0645,0.283914,15.0884,0.0123483,0.225428,2.5041,0.269307,0.206726,0.0024037,0.00683614,-0.0766957,0.01183,0.0231306,0.00536733,0.00487571,-0.0766957,0.0201983,2.87378,2.24595,0.000418746,0.0504266,0.000837523,0.0038551,0.000225428,0.000834699,0.0504266,3.13242,2.17207e-06,5.64268,0.237776
2090.1250,305.863,305.878,4.03051,0.379561,1.60221,0.0138134,0.00861217,0.0052149,0.00520127,3.205e-05,7.01184e-05,2.63746e-05,1.37114e-06,0.00159263,0.00466374,0.0525552,1.42185,0.025629,0.00253335,1.57298e-07,1.97317e-06,3.32427e-05,7.99837e-08,0.000133504,9.45732e-05,9.95943e-07,3.03096e-07,7.46499e-06,6.06376e-06,17.6015,45.4889,11.9178,0.343968,25.0527,0.297485,15.1065,0.0127335,0.236203,2.4907,0.270054,0.207129,0.00320293,0.00663231,-0.0776084,0.0123954,0.0231558,0.00562387,0.00484799,-0.0776084,0.0202437,2.87384,2.24602,0.000405076,0.0503901,0.000877553,0.0038593,0.000236203,0.000830235,0.0503901,3.32377,2.13047e-06,5.68371,0.248936
2090.2083,305.953,305.99,4.24791,0.36993,1.88758,0.0138658,0.00882445,0.00522835,0.00504131,2.91777e-05,6.93967e-05,2.39526e-05,1.2825e-06,0.00142272,0.00407917,0.0513357,1.53525,0.025563,0.00260629,1.46277e-07,1.98122e-06,4.63284e-05,1.47405e-07,0.000134441,9.52148e-05,1.38798e-06,6.82249e-07,7.32146e-06,6.10593e-06,17.6768,45.531,11.9477,0.337841,25.0403,0.311685,15.1268,0.0131478,0.247478,2.47601,0.270872,0.207124,0.0035978,0.00647521,-0.0786391,0.0129871,0.0231843,0.00589234,0.00481763,-0.0786391,0.0202937,2.87389,2.24607,0.000395702,0.0503559,0.000919444,0.00386406,0.000247478,0.000825337,0.0503559,3.31535,2.12749e-06,5.72913,0.260626
2090.2917,305.089,305.17,4.42505,0.364951,1.50426,0.012933,0.00873986,0.00507577,0.00419318,2.68004e-05,6.6607e-05,2.20063e-05,1.14416e-06,0.00141883,0.00440429,0.0522198,1.44231,0.0230104,0.00266527,1.36437e-07,1.98244e-06,5.38774e-05,6.46593e-08,0.000127813,8.6674e-05,1.64796e-06,3.6909e-07,6.99341e-06,5.56504e-06,17.7414,45.5693,11.9732,0.334706,25.0303,0.32314,15.145,0.0134906,0.256573,2.4629,0.271545,0.206733,0.00351572,0.00640346,-0.0795218,0.0134644,0.0232101,0.00610888,0.0047906,-0.0795218,0.0203345,2.87395,2.24612,0.000391898,0.0503303,0.000953232,0.00386835,0.000256573,0.000820966,0.0503303,2.86787,2.11888e-06,5.76819,0.270064
2090.3750,305.166,305.171,4.55053,0.340567,2.68035,0.0140158,0.00894264,0.0049434,0.00507321,3.24061e-05,6.97587e-05,2.66974e-05,1.34047e-06,0.00154291,0.00402956,0.05381,1.3626,0.025601,0.0027068,1.63765e-07,1.9593e-06,7.17681e-05,1.21325e-07,0.000119105,9.63283e-05,2.38384e-06,6.3751e-07,6.68358e-06,6.18552e-06,17.7915,45.6033,11.9926,0.336055,25.0234,0.331185,15.1598,0.0137382,0.262961,2.45245,0.272022,0.206431,0.00336055,0.00644531,-0.0801658,0.0137996,0.0232312,0.00626098,0.00476912,-0.0801658,0.020363,2.874,2.24616,0.000393964,0.0503141,0.000976966,0.00387187,0.000262961,0.000817484,0.0503141,3.16314,2.12306e-06,5.79887,0.2767
2090.4583,306.279,306.28,4.7431,0.267105,3.75126,0.0149677,0.00941894,0.00413611,0.00554878,7.9221e-05,7.16836e-05,6.62372e-05,2.49655e-06,0.00353623,0.00360274,0.051451,0.692518,0.0275282,0.00276997,2.85766e-07,1.97763e-06,4.54154e-05,6.98835e-08,9.1837e-05,0.000103446,1.8651e-06,9.4472e-08,5.54933e-06,6.6954e-06,17.8658,45.6724,12.0212,0.339292,25.0209,0.343436,15.1811,0.014118,0.272688,2.44637,0.272784,0.205653,0.00198365,0.00654915,-0.0804208,0.0143101,0.0232615,0.00649258,0.00475672,-0.0804208,0.0204106,2.87407,2.24618,0.000402119,0.0503096,0.0010131,0.00387691,0.000272688,0.000815455,0.0503096,4.06106,2.2634e-06,5.84456,0.286806
2090.5417,308.03,307.952,4.92882,0.188273,3.82821,0.0132825,0.00922825,0.00253348,0.00405424,0.000231148,7.10644e-05,0.00019001,8.83963e-06,0.0134804,0.00456887,0.0485639,0.187097,0.0236228,0.0028305,9.05392e-07,2.02447e-06,9.6087e-07,4.76682e-08,3.76758e-05,8.6808e-05,5.61168e-08,3.17528e-08,3.29284e-06,5.81745e-06,17.9361,45.7875,12.0499,0.366624,25.0291,0.355144,15.2032,0.0144903,0.281985,2.4557,0.273485,0.206645,0.000841088,0.00729243,-0.07975,0.0147979,0.023293,0.00671392,0.00477626,-0.07975,0.020458,2.87415,2.24613,0.00044738,0.050333,0.00104764,0.00388216,0.000281984,0.000818565,0.050333,4.12706,2.92986e-06,5.88612,0.296475
2090.6250,311.009,310.84,4.88205,0.157122,3.18716,0.00768431,0.00820603,0.00207496,-0.000521717,0.000251487,4.58284e-05,0.000184944,1.62263e-05,0.0213723,0.00538835,0.0297241,0.043815,0.0112219,0.00281599,1.51245e-06,2.05167e-06,1.52039e-07,6.22492e-09,1.95956e-05,4.38535e-05,9.64902e-09,1.87025e-08,2.57682e-06,3.13212e-06,17.9064,45.8319,12.0498,0.406051,25.0452,0.352202,15.2069,0.014429,0.279648,2.47427,0.273144,0.208065,0.000241526,0.00825681,-0.0783923,0.0146753,0.023299,0.00665829,0.00481494,-0.0783923,0.0204444,2.87423,2.24611,0.000507859,0.0503768,0.00103896,0.00388317,0.000279648,0.000824758,0.0503768,3.49467,3.56412e-06,5.85656,0.294077
2090.7083,314.561,314.336,4.57151,0.136919,2.49209,0.00404715,0.00779953,0.00200307,-0.00375238,5.42485e-05,2.15636e-05,4.18106e-05,2.70819e-06,0.00779769,0.00407365,0.0135053,0.0458071,0.00385947,0.00271551,2.08884e-07,2.04149e-06,9.53929e-11,4.19655e-09,1.72741e-05,2.29005e-05,7.15208e-12,1.01293e-08,2.48529e-06,1.58752e-06,17.7685,45.7733,12.0153,0.444245,25.0641,0.332512,15.1876,0.013859,0.264015,2.49646,0.271778,0.209444,0.000375675,0.00922537,-0.0767961,0.0138549,0.0232732,0.00628606,0.00486102,-0.0767961,0.0203607,2.8743,2.24615,0.000568039,0.0504282,0.00098088,0.00387887,0.000264015,0.000832153,0.0504282,2.86612,2.25038e-06,5.75319,0.277874
2090.7917,313.744,313.726,4.20177,0.167342,2.12523,0.00454665,0.00732855,0.00260399,-0.0027819,2.43487e-05,2.18465e-05,2.0297e-05,7.12901e-07,0.00364341,0.00399025,0.0133826,0.102577,0.0040071,0.00259355,5.34387e-08,2.01528e-06,7.10005e-07,5.52417e-09,2.04561e-05,2.29945e-05,3.65814e-08,5.70812e-09,3.4999e-06,1.55159e-06,17.5981,45.6693,11.9707,0.467391,25.0857,0.308673,15.1606,0.0131485,0.245087,2.51815,0.270185,0.210762,0.000776491,0.00984365,-0.0749492,0.0128616,0.0232364,0.00583539,0.00490597,-0.0749492,0.020259,2.87438,2.24622,0.000603613,0.0504861,0.000910559,0.00387273,0.000245087,0.000839382,0.0504861,2.92197,2.06872e-06,5.62741,0.258235
2090.8750,307.945,308.037,4.03973,0.258431,2.29642,0.011183,0.00750156,0.0045513,0.00368141,0.000120509,6.18358e-05,0.000100189,4.26274e-06,0.0085593,0.00591362,0.0394302,0.22198,0.0175776,0.00253937,4.06843e-07,2.0167e-06,1.23583e-05,3.24039e-09,5.86531e-05,6.50932e-05,5.36198e-07,3.40594e-09,6.21455e-06,4.29854e-06,17.5195,45.6099,11.9509,0.447808,25.1119,0.298096,15.1486,0.0128189,0.236689,2.53072,0.269423,0.21183,0.00078435,0.00929354,-0.0726027,0.0124209,0.0232201,0.00563544,0.00493198,-0.0726027,0.0202105,2.87444,2.24631,0.000563093,0.0505516,0.000879359,0.00387002,0.000236689,0.000843573,0.0505516,3.43882,2.42354e-06,5.56861,0.249507
2090.9583,307.089,307.13,4.12742,0.298809,2.71124,0.0146321,0.00873008,0.00533984,0.005902,0.000146804,7.21763e-05,0.000121957,5.52558e-06,0.00711424,0.00444549,0.0468097,0.312637,0.0260059,0.00256894,5.61948e-07,2.02677e-06,1.95296e-05,9.56605e-10,0.000101323,9.48332e-05,7.82249e-07,2.06514e-09,7.55339e-06,6.21936e-06,17.5678,45.6238,11.9641,0.403052,25.1255,0.303838,15.1584,0.0129935,0.241247,2.52738,0.269863,0.212558,0.000813431,0.00812751,-0.0711708,0.0126602,0.0232339,0.00574398,0.00492508,-0.0711708,0.0202401,2.87451,2.24639,0.000492667,0.0505755,0.000896296,0.00387232,0.000241247,0.000842459,0.0505755,3.85343,2.58872e-06,5.6037,0.254241
2091.0417,306.262,306.315,4.25706,0.334281,2.02508,0.0145233,0.00882707,0.00560959,0.00569619,0.000120701,7.10685e-05,0.000100313,4.53081e-06,0.00574815,0.00429501,0.0495386,0.385986,0.0259328,0.00261249,4.89966e-07,2.04571e-06,2.28477e-05,5.24927e-10,0.000121804,9.56117e-05,8.14137e-07,1.37408e-09,8.02315e-06,6.2422e-06,17.6495,45.6761,11.984,0.37909,25.1268,0.312282,15.1732,0.0132728,0.247952,2.52065,0.270624,0.213186,0.000946266,0.00751586,-0.0708116,0.013012,0.0232549,0.00590362,0.00491122,-0.0708116,0.0202905,2.87458,2.24645,0.000458083,0.0505674,0.000921205,0.00387581,0.000247952,0.000840217,0.0505674,3.52963,2.53568e-06,5.66554,0.261225
2091.1250,306.711,306.724,4.37768,0.359427,2.61014,0.0144996,0.00891805,0.0056275,0.00558152,6.40589e-05,7.18285e-05,5.32986e-05,2.31004e-06,0.00307768,0.00442122,0.0500146,0.738136,0.0261865,0.00265283,2.49627e-07,2.06111e-06,2.68558e-05,1.97291e-10,0.000132965,9.76202e-05,8.74577e-07,1.06924e-09,8.06057e-06,6.30568e-06,17.729,45.7152,12.0032,0.358128,25.1204,0.320087,15.188,0.0135373,0.254149,2.50763,0.271368,0.213723,0.00163697,0.00698317,-0.0711498,0.0133372,0.0232759,0.00605118,0.0048844,-0.0711498,0.020338,2.87465,2.24653,0.000428064,0.0505403,0.000944229,0.00387932,0.000254149,0.000835878,0.0505403,3.87782,2.31074e-06,5.72582,0.267687
2091.2083,305.674,305.738,4.49231,0.372204,1.51853,0.0140177,0.00889237,0.00538226,0.00512536,4.13347e-05,6.92816e-05,3.42171e-05,1.60737e-06,0.00199645,0.00416404,0.0507855,1.02986,0.0248924,0.00269103,1.85044e-07,2.07004e-06,2.99915e-05,7.74433e-10,0.000131546,9.37992e-05,8.96001e-07,6.54445e-09,7.63918e-06,6.04033e-06,17.8083,45.761,12.0223,0.348297,25.1111,0.327461,15.2032,0.0137935,0.260004,2.49332,0.272103,0.21426,0.00239265,0.00673261,-0.0718234,0.0136445,0.0232977,0.00619057,0.00485492,-0.0718234,0.0203838,2.87472,2.24661,0.000412673,0.0505095,0.00096598,0.00388294,0.000260004,0.000831107,0.0505095,3.16923,2.25508e-06,5.78605,0.273798
2091.2917,305.6,305.615,4.56053,0.367923,1.71537,0.0134392,0.00891327,0.00524728,0.00452592,3.05678e-05,6.81314e-05,2.5156e-05,1.27348e-06,0.00156242,0.0044027,0.0515965,1.29817,0.0235609,0.00271386,1.50661e-07,2.04915e-06,4.0939e-05,1.06148e-08,0.000128138,8.9143e-05,1.25161e-06,7.98481e-08,7.30367e-06,5.73317e-06,17.8671,45.794,12.0358,0.344679,25.1021,0.331829,15.2151,0.0139598,0.263472,2.48004,0.272621,0.214605,0.00305371,0.00664261,-0.0725406,0.0138265,0.0233148,0.00627315,0.00482758,-0.0725406,0.0204154,2.8748,2.24669,0.000406046,0.0504835,0.000978866,0.0038858,0.000263472,0.000826679,0.0504835,2.93518,2.19981e-06,5.83133,0.277432
2091.3750,306.656,306.659,4.64726,0.292285,3.53092,0.0144178,0.00923858,0.0046641,0.00517923,4.98382e-05,7.09132e-05,4.14292e-05,1.78208e-06,0.00231619,0.00376031,0.0487401,0.930373,0.0258767,0.00274266,1.97291e-07,2.04996e-06,6.7969e-05,6.38249e-08,0.000107197,9.7437e-05,2.69023e-06,1.32417e-07,6.34019e-06,6.2831e-06,17.9299,45.84,12.052,0.343124,25.0967,0.337358,15.229,0.0141634,0.267863,2.47025,0.273218,0.214071,0.00242533,0.00661974,-0.0729994,0.0140569,0.0233349,0.00637768,0.00480752,-0.0729994,0.0204521,2.87487,2.24674,0.000405931,0.0504687,0.000995176,0.00388915,0.000267863,0.000823417,0.0504687,3.86648,2.24725e-06,5.8779,0.282026
2091.4583,308.067,307.999,4.74799,0.19975,3.8083,0.0138948,0.0094688,0.00295583,0.00442599,0.000126906,7.07505e-05,0.000106552,3.43239e-06,0.00634958,0.0039469,0.0450878,0.331795,0.0245706,0.00277595,3.48901e-07,2.08278e-06,3.37882e-06,9.02333e-08,5.29464e-05,9.18455e-05,1.94851e-07,4.02212e-08,3.93002e-06,6.01781e-06,17.9919,45.9255,12.0705,0.359376,25.1004,0.343751,15.2448,0.0143965,0.272939,2.47379,0.273849,0.214511,0.00146916,0.00707473,-0.0726968,0.0143232,0.0233576,0.00649854,0.00481505,-0.0726968,0.0204928,2.87494,2.24673,0.000434827,0.0504789,0.00101403,0.00389293,0.000272939,0.000824597,0.0504789,4.08074,2.43168e-06,5.92141,0.287335
2091.5417,310.603,310.466,4.71941,0.156463,3.59033,0.00928746,0.00846332,0.0019995,0.000824135,0.000145873,5.47172e-05,0.000121178,5.04453e-06,0.0119815,0.00529652,0.0351076,0.132814,0.0141687,0.00276723,4.53e-07,2.11539e-06,1.68075e-07,2.80294e-08,2.45291e-05,5.50753e-05,1.05999e-08,2.29074e-08,2.50708e-06,3.71154e-06,17.9866,45.9882,12.0728,0.396177,25.114,0.341938,15.2501,0.0143773,0.271498,2.49134,0.273852,0.215918,0.000679185,0.00807347,-0.0715382,0.0142477,0.0233658,0.00646425,0.00485158,-0.0715382,0.020496,2.87502,2.2467,0.000492996,0.0505159,0.00100868,0.00389431,0.000271498,0.000830446,0.0505159,3.83875,2.56839e-06,5.91386,0.285876
2091.6250,315.344,315.087,4.44319,0.116497,2.57333,0.00420813,0.00795546,0.00164217,-0.00374734,3.80216e-05,2.25103e-05,3.16273e-05,1.18068e-06,0.005668,0.00427321,0.0137106,0.0712686,0.00399507,0.00267719,8.47469e-08,2.10326e-06,6.98656e-10,1.17988e-08,1.75022e-05,2.33264e-05,7.06573e-11,1.23064e-08,1.94888e-06,1.59279e-06,17.8629,45.948,12.0419,0.443042,25.1277,0.324291,15.2329,0.0138589,0.257487,2.51438,0.272719,0.217305,0.000650617,0.00942112,-0.0703844,0.0135124,0.0233429,0.00613065,0.00489941,-0.0703844,0.0204254,2.87509,2.24672,0.000573303,0.0505531,0.00095663,0.00389048,0.000257487,0.000838126,0.0505531,2.71419,2.188e-06,5.82098,0.271346
2091.7083,318.05,317.788,4.07322,0.122807,2.09964,0.00246209,0.00793292,0.00175234,-0.00547083,5.44169e-06,7.98189e-06,4.54503e-06,1.23932e-07,0.00133859,0.00193852,0.00449464,0.0507829,0.00106547,0.00255427,7.01523e-09,2.05974e-06,4.32039e-09,1.07039e-08,1.56783e-05,1.42325e-05,4.09119e-10,6.77127e-09,2.28224e-06,9.85087e-07,17.6816,45.847,11.9963,0.483243,25.1431,0.300273,15.2048,0.0131257,0.238417,2.53896,0.27112,0.218599,0.00103705,0.0105667,-0.0690756,0.0125116,0.0233045,0.0056766,0.00495034,-0.0690756,0.0203229,2.87516,2.24677,0.00064503,0.050595,0.000885781,0.00388409,0.000238417,0.000846321,0.050595,2.51604,2.06676e-06,5.68535,0.251543
2091.7917,315.963,315.875,3.71858,0.144519,1.84789,0.00299667,0.00711812,0.0022313,-0.00412145,3.56497e-06,8.83511e-06,2.96212e-06,7.8688e-08,0.00105073,0.00277763,0.00530108,0.0892784,0.00106049,0.00243403,4.67536e-09,2.02004e-06,9.67888e-10,1.01183e-08,1.9028e-05,1.32863e-05,8.67601e-11,4.00718e-09,3.11968e-06,9.1529e-07,17.499,45.7232,11.9497,0.494436,25.1678,0.276817,15.1748,0.0123914,0.219792,2.56191,0.269518,0.219778,0.00151867,0.0107132,-0.0669699,0.0115343,0.0232632,0.00523315,0.00499777,-0.0669699,0.0202195,2.87523,2.24685,0.000654186,0.0506613,0.000816587,0.00387719,0.000219792,0.000853971,0.0506613,2.49534,2.02471e-06,5.54931,0.232184
2091.8750,312.77,312.842,3.40514,0.185625,1.80489,0.00604174,0.00656401,0.00326707,-0.000522275,1.6693e-05,2.58623e-05,1.39754e-05,4.51713e-07,0.0018123,0.0046068,0.0157065,0.255991,0.00562103,0.00232567,3.84471e-08,1.97414e-06,1.48405e-05,9.01432e-09,3.23306e-05,2.65719e-05,6.21622e-07,2.53906e-09,4.60115e-06,1.75297e-06,17.3336,45.6084,11.9059,0.502452,25.1882,0.255714,15.1453,0.0117134,0.203037,2.58419,0.268039,0.220796,0.00200248,0.0109116,-0.0651999,0.010655,0.0232224,0.00483421,0.00504369,-0.0651999,0.0201234,2.87529,2.24693,0.000666854,0.0507144,0.000754337,0.0038704,0.000203037,0.000861395,0.0507144,2.61161,2.01259e-06,5.42768,0.21475
2091.9583,306.561,306.678,3.50467,0.329902,1.75741,0.013569,0.00809383,0.0064762,0.00547512,6.45166e-05,6.74447e-05,5.39598e-05,2.04455e-06,0.0035975,0.00466638,0.0434781,0.592408,0.023472,0.00235952,2.02769e-07,1.96588e-06,4.47444e-05,2.41313e-09,0.000118588,8.48756e-05,1.66709e-06,1.572e-09,9.4038e-06,5.45665e-06,17.3148,45.535,11.9134,0.423979,25.2126,0.262445,15.1463,0.0117611,0.208381,2.58363,0.267998,0.220743,0.00179966,0.0087215,-0.062818,0.0109355,0.0232236,0.00496146,0.00504233,-0.062818,0.0201185,2.87535,2.24708,0.000531748,0.0507662,0.000774193,0.0038706,0.000208381,0.000861209,0.0507662,3.2755,2.16865e-06,5.40138,0.220143
2092.0417,306.279,306.341,3.87704,0.360891,2.02208,0.0142371,0.00849198,0.00600443,0.0057451,5.00091e-05,6.91521e-05,4.1563e-05,1.84226e-06,0.00251487,0.00426609,0.0476143,0.898919,0.0263145,0.00248645,1.95355e-07,1.96911e-06,3.8013e-05,5.37042e-10,0.00014079,9.60952e-05,1.25377e-06,9.93152e-10,8.92331e-06,6.15564e-06,17.3712,45.523,11.9548,0.373607,25.209,0.287349,15.1677,0.0122591,0.228155,2.56917,0.268776,0.220653,0.00221343,0.00739043,-0.0627398,0.0119731,0.0232532,0.00543227,0.00501231,-0.0627398,0.0201657,2.87541,2.2472,0.00045426,0.0507384,0.000847656,0.00387554,0.000228155,0.000856389,0.0507384,3.41137,2.16446e-06,5.4164,0.240414
2092.1250,306.434,306.501,4.2792,0.350622,2.26696,0.0143964,0.00885164,0.00561387,0.0055448,4.58728e-05,6.9585e-05,3.80364e-05,1.7521e-06,0.00222924,0.00431692,0.0481768,1.0273,0.0271732,0.00262093,1.86689e-07,1.98808e-06,4.77611e-05,2.74327e-10,0.00013798,0.000100311,1.5848e-06,9.31373e-10,8.18804e-06,6.42493e-06,17.4463,45.5496,12.0007,0.352383,25.1972,0.313697,15.1931,0.0128167,0.249076,2.55363,0.269718,0.220533,0.00248252,0.00684005,-0.0634874,0.013071,0.0232885,0.00593037,0.00498012,-0.0634874,0.0202233,2.87548,2.24728,0.000423304,0.050695,0.000925379,0.00388142,0.000249076,0.00085121,0.050695,3.57673,2.17477e-06,5.44565,0.261892
2092.2083,305.988,306.033,4.63283,0.362865,1.81952,0.0140892,0.00897142,0.00552521,0.00511783,3.91304e-05,6.86773e-05,3.23505e-05,1.54257e-06,0.00192633,0.00434273,0.0495799,1.14918,0.0264168,0.00273707,1.72812e-07,1.99414e-06,3.9632e-05,2.94119e-10,0.00013649,9.86096e-05,1.20937e-06,1.46335e-09,7.8754e-06,6.31604e-06,17.5179,45.5857,12.0415,0.343469,25.1861,0.336428,15.2166,0.0133008,0.267124,2.53824,0.270544,0.220591,0.00279652,0.00660849,-0.0643064,0.0140181,0.0233215,0.0063601,0.00494831,-0.0643064,0.0202738,2.87555,2.24736,0.000409464,0.0506587,0.000992432,0.00388691,0.000267124,0.000846081,0.0506587,3.17799,2.16695e-06,5.4764,0.280425
2092.2917,305.84,305.867,4.91828,0.368135,2.17654,0.0141694,0.00906443,0.00531577,0.00510496,3.44338e-05,6.85051e-05,2.83721e-05,1.41714e-06,0.00168136,0.00399271,0.0504881,1.30266,0.0265133,0.00282938,1.62616e-07,1.98893e-06,4.04267e-05,1.65846e-09,0.000127078,9.9703e-05,1.24224e-06,9.623e-09,7.40234e-06,6.38487e-06,17.58,45.6237,12.0751,0.342527,25.1774,0.354474,15.2368,0.0136845,0.281452,2.52372,0.271202,0.220853,0.00314526,0.00658133,-0.0649936,0.01477,0.0233501,0.00670125,0.00491835,-0.0649936,0.0203137,2.87563,2.24743,0.000406305,0.0506332,0.00104566,0.00389168,0.000281452,0.000841241,0.0506332,3.4129,2.15154e-06,5.50487,0.295137
2092.3750,306.016,306.055,5.1977,0.327852,2.83008,0.014461,0.00930846,0.00521671,0.00515258,4.24931e-05,6.92505e-05,3.51607e-05,1.63365e-06,0.00203151,0.00405771,0.0499698,1.0831,0.026999,0.00291857,1.85938e-07,2.00144e-06,6.68321e-05,6.64682e-09,0.000119405,0.000102122,2.33135e-06,2.81514e-08,7.07648e-06,6.55232e-06,17.6485,45.675,12.1088,0.34292,25.1725,0.371889,15.258,0.0140672,0.29528,2.51113,0.271895,0.220639,0.00265988,0.0066004,-0.0654089,0.0154956,0.0233801,0.00703048,0.00489244,-0.0654089,0.0203562,2.87571,2.24748,0.000407676,0.0506196,0.00109704,0.00389668,0.00029528,0.000837044,0.0506196,3.46649,2.18737e-06,5.53968,0.309347
2092.4583,306.526,306.523,5.45645,0.254592,3.56476,0.01474,0.00962814,0.00409145,0.00511184,0.000107469,7.00176e-05,8.98801e-05,3.29039e-06,0.00509138,0.00390046,0.0489217,0.473313,0.027337,0.00300019,3.63807e-07,2.01863e-06,3.0358e-05,3.07558e-08,8.15732e-05,0.000103013,1.35706e-06,2.8023e-08,5.45216e-06,6.69276e-06,17.7175,45.75,12.1409,0.352609,25.1741,0.387802,15.279,0.0144256,0.307915,2.50589,0.272557,0.220549,0.00152134,0.00686916,-0.0652805,0.0161587,0.02341,0.00733131,0.00488181,-0.0652805,0.020398,2.8758,2.2475,0.000424357,0.0506242,0.00114398,0.00390167,0.000307915,0.000835298,0.0506242,3.86752,2.38244e-06,5.57656,0.322341
2092.5417,308.426,308.349,5.64534,0.18531,3.76743,0.0126081,0.00923831,0.0025173,0.00336978,0.000341039,6.6364e-05,0.000264185,1.87987e-05,0.0217014,0.00458986,0.042615,0.107197,0.0220936,0.00305935,1.84857e-06,2.05255e-06,1.02964e-06,1.74713e-08,3.09903e-05,8.01599e-05,5.87133e-08,1.98361e-08,3.21756e-06,5.53899e-06,17.7623,45.8513,12.1659,0.386763,25.1864,0.399298,15.2966,0.0146835,0.317043,2.51579,0.272933,0.221872,0.000507036,0.00776077,-0.0642311,0.0166377,0.0234354,0.00754863,0.00490253,-0.0642311,0.0204275,2.87589,2.24747,0.000478614,0.0506576,0.00117789,0.0039059,0.000317043,0.000838596,0.0506576,4.03366,3.90112e-06,5.59634,0.331726
2092.6250,313.126,312.88,5.48927,0.141849,2.97266,0.00547029,0.00810622,0.00201408,-0.00263593,0.000203992,2.91915e-05,0.000144135,1.72251e-05,0.0204347,0.00415632,0.0187627,0.0222974,0.00659832,0.0030112,1.54712e-06,2.06828e-06,4.68824e-10,1.83956e-09,1.37004e-05,3.07718e-05,2.95159e-11,1.1318e-08,2.4248e-06,2.27807e-06,17.6888,45.8687,12.1524,0.438491,25.2049,0.389795,15.2914,0.0144159,0.309497,2.53649,0.272001,0.223445,0.000168321,0.00899321,-0.0626632,0.0162417,0.0234292,0.00736899,0.00494559,-0.0626632,0.0203798,2.87597,2.24747,0.000558946,0.0507078,0.00114986,0.00390487,0.000309497,0.000845497,0.0507078,3.27422,3.6154e-06,5.53632,0.323913
2092.7083,317.141,316.888,5.03417,0.124986,2.3621,0.00269312,0.00784471,0.00205141,-0.00515159,8.90348e-06,7.72061e-06,7.31558e-06,3.32468e-07,0.00221732,0.00210882,0.00475993,0.0317912,0.00108492,0.00286784,2.1348e-08,2.045e-06,3.51334e-10,3.34679e-09,1.53044e-05,1.65016e-05,3.15541e-11,6.35397e-09,2.52715e-06,1.14967e-06,17.5177,45.7859,12.1033,0.483999,25.2249,0.361706,15.264,0.0136686,0.287195,2.55934,0.270169,0.224977,0.000531727,0.0102521,-0.0609693,0.0150714,0.023392,0.00683797,0.00499302,-0.0609693,0.0202649,2.87606,2.24753,0.000636024,0.0507618,0.001067,0.00389867,0.000287195,0.000853114,0.0507618,2.66696,2.06635e-06,5.41443,0.300863
2092.7917,314.72,314.715,4.58436,0.159401,2.20051,0.00472683,0.00717241,0.00280966,-0.00244559,1.69137e-05,1.60714e-05,1.41232e-05,4.71725e-07,0.00211834,0.00328147,0.00978597,0.105127,0.00356984,0.00272278,3.75515e-08,2.00878e-06,2.81373e-06,4.83412e-09,1.93989e-05,2.31212e-05,1.35647e-07,3.76586e-09,3.82228e-06,1.5615e-06,17.3425,45.6865,12.0515,0.514841,25.247,0.33333,15.2337,0.0128986,0.264664,2.58214,0.268331,0.226393,0.000993144,0.0111003,-0.0590721,0.013889,0.0233504,0.00630153,0.00504021,-0.0590721,0.0201476,2.87614,2.2476,0.000687468,0.050821,0.000983295,0.00389174,0.000264664,0.000860713,0.050821,2.82722,2.04633e-06,5.29097,0.277563
2092.8750,307.988,308.119,4.3869,0.272107,2.07087,0.0115533,0.00732253,0.00534128,0.0042308,9.18752e-05,5.63352e-05,7.65655e-05,3.03466e-06,0.00642094,0.00568913,0.035874,0.271267,0.0169903,0.00265794,2.89591e-07,2.01125e-06,1.53142e-05,2.91985e-09,6.3049e-05,6.39896e-05,6.18088e-07,2.35517e-09,7.34091e-06,4.19485e-06,17.2626,45.6163,12.0272,0.47894,25.2813,0.320683,15.2184,0.0125146,0.254622,2.59348,0.267393,0.227475,0.000980368,0.0100484,-0.0560102,0.013362,0.0233296,0.00606243,0.0050636,-0.0560102,0.0200875,2.87621,2.24772,0.000613825,0.0509065,0.000945986,0.00388826,0.000254622,0.000864493,0.0509065,3.41859,2.30084e-06,5.23538,0.267137
2092.9583,306.65,306.718,4.43056,0.344298,1.99832,0.0142684,0.0081507,0.00646613,0.00611771,7.11817e-05,6.69836e-05,5.92581e-05,2.51908e-06,0.00368346,0.00426217,0.0449694,0.552761,0.0235503,0.00267243,2.57457e-07,2.0204e-06,2.7287e-05,4.54931e-10,0.000127216,8.67918e-05,9.35329e-07,1.40975e-09,9.30693e-06,5.62756e-06,17.3156,45.6071,12.0335,0.411431,25.2967,0.323496,15.223,0.012594,0.256856,2.58333,0.267718,0.228085,0.00131836,0.00829943,-0.054294,0.0134793,0.0233361,0.00611562,0.00504255,-0.054294,0.0201086,2.87628,2.24786,0.000506818,0.0509292,0.000954286,0.00388935,0.000256856,0.000861112,0.0509292,3.47142,2.27785e-06,5.28206,0.26945
2093.0417,306.15,306.193,4.42551,0.369171,1.95526,0.0142859,0.00813705,0.00587208,0.00614884,4.20027e-05,6.78259e-05,3.47771e-05,1.62645e-06,0.00210582,0.00423436,0.0482004,0.980286,0.0247017,0.00267107,1.77711e-07,2.02512e-06,2.89971e-05,1.84545e-10,0.000135481,9.10728e-05,9.17707e-07,9.3505e-10,8.62759e-06,5.86547e-06,17.3865,45.6253,12.0364,0.378816,25.2918,0.323171,15.2272,0.0126597,0.256598,2.56813,0.268168,0.22853,0.00225567,0.00746643,-0.0543709,0.0134657,0.023342,0.00610947,0.00501106,-0.0543709,0.0201364,2.87636,2.24798,0.000457474,0.0509,0.000953327,0.00389034,0.000256598,0.000856044,0.0509,3.54283,2.20283e-06,5.35016,0.269257
2093.1250,307.107,307.109,4.46585,0.359845,2.63313,0.0146636,0.00843887,0.00580772,0.00622476,3.43021e-05,6.90296e-05,2.82334e-05,1.46657e-06,0.00162858,0.00384007,0.0468466,1.31419,0.0263592,0.00268468,1.53411e-07,2.04143e-06,4.52058e-05,4.71582e-10,0.000140598,9.70527e-05,1.40765e-06,3.33646e-09,8.31674e-06,6.23722e-06,17.4736,45.6706,12.0452,0.363193,25.2817,0.325764,15.2353,0.0128105,0.258657,2.55203,0.268826,0.228843,0.00299184,0.00706695,-0.0550203,0.0135738,0.0233535,0.00615849,0.00497771,-0.0550203,0.0201769,2.87643,2.24808,0.000432921,0.0508632,0.000960975,0.00389224,0.000258657,0.000850677,0.0508632,3.85809,2.19484e-06,5.42843,0.271467
2093.2083,306.005,306.07,4.50569,0.360118,1.69811,0.0138399,0.00841865,0.00554969,0.00542123,3.03541e-05,6.70965e-05,2.49613e-05,1.28339e-06,0.00152873,0.00430847,0.0490391,1.34821,0.0245506,0.00269815,1.43187e-07,2.04647e-06,5.1402e-05,1.3127e-09,0.000137682,9.08973e-05,1.58688e-06,1.03355e-08,7.82752e-06,5.8429e-06,17.5557,45.7137,12.0543,0.350862,25.271,0.32832,15.2438,0.0129606,0.260686,2.53614,0.269461,0.22858,0.00323576,0.00676436,-0.0558266,0.0136803,0.0233655,0.00620681,0.00494479,-0.0558266,0.0202157,2.8765,2.24816,0.000415829,0.0508293,0.000968514,0.00389426,0.000260686,0.000845379,0.0508293,3.04373,2.18965e-06,5.50137,0.273647
2093.2917,305.893,305.925,4.53118,0.358831,1.86226,0.0135183,0.00846548,0.00543163,0.00505282,2.73796e-05,6.66825e-05,2.24716e-05,1.17556e-06,0.00140601,0.00431094,0.0500582,1.4511,0.0240225,0.00270688,1.3491e-07,2.02941e-06,5.68637e-05,3.52801e-09,0.000135986,8.90677e-05,1.74717e-06,2.59041e-08,7.55758e-06,5.72363e-06,17.6268,45.7536,12.0617,0.344694,25.2606,0.329952,15.2513,0.0130797,0.261982,2.5215,0.269987,0.2284,0.00356487,0.00661486,-0.0566817,0.0137483,0.0233763,0.00623767,0.00491451,-0.0566817,0.0202476,2.87657,2.24825,0.000406564,0.0508001,0.00097333,0.00389605,0.000261982,0.000840501,0.0508001,2.98537,2.16432e-06,5.5651,0.275062
2093.3750,306.311,306.325,4.56489,0.314128,2.81477,0.0140569,0.00867432,0.00494907,0.00538256,3.67039e-05,6.84906e-05,3.03318e-05,1.44513e-06,0.00177742,0.00407727,0.0493903,1.1813,0.0254524,0.00271831,1.62307e-07,2.01773e-06,8.21921e-05,1.36968e-08,0.000119653,9.41537e-05,3.00748e-06,3.64088e-08,6.77469e-06,6.05742e-06,17.695,45.7976,12.0703,0.34078,25.2524,0.332108,15.2596,0.013212,0.263693,2.50935,0.270522,0.227537,0.00299194,0.00653124,-0.0573976,0.0138381,0.0233883,0.00627842,0.00488939,-0.0573976,0.0202801,2.87665,2.24832,0.000402535,0.0507784,0.000979688,0.00389804,0.000263693,0.000836452,0.0507784,3.25946,2.18003e-06,5.62476,0.276905
2093.4583,306.627,306.634,4.63095,0.263017,3.25561,0.0145729,0.00896423,0.00413393,0.00560863,8.59371e-05,6.96187e-05,7.20424e-05,2.51391e-06,0.00397231,0.00381033,0.0488299,0.539938,0.0265534,0.00274031,2.76439e-07,2.0249e-06,3.60085e-05,5.01284e-08,9.13699e-05,9.78572e-05,1.6769e-06,2.88834e-08,5.61441e-06,6.351e-06,17.7719,45.8726,12.0833,0.34541,25.2504,0.33632,15.271,0.0134053,0.267038,2.50482,0.271177,0.227021,0.00188198,0.0066696,-0.0575877,0.0140136,0.0234045,0.00635806,0.00488008,-0.0575877,0.0203211,2.87672,2.24835,0.000411808,0.0507743,0.000992115,0.00390076,0.000267038,0.000834942,0.0507743,3.72337,2.30133e-06,5.68862,0.280444
2093.5417,308.388,308.319,4.69786,0.182192,3.70414,0.0126194,0.00856464,0.00239919,0.00405473,0.00016682,6.70926e-05,0.000139252,5.25276e-06,0.00988511,0.00473044,0.044954,0.221014,0.022235,0.00276259,5.25179e-07,2.058e-06,1.22998e-06,3.59912e-08,3.77694e-05,8.13775e-05,7.32795e-08,2.05891e-08,3.1811e-06,5.39837e-06,17.8422,45.9829,12.0968,0.370179,25.2571,0.340575,15.2831,0.0136007,0.270416,2.51342,0.271781,0.227998,0.00100793,0.00735011,-0.0570393,0.0141909,0.0234218,0.00643848,0.00489793,-0.0570393,0.0203616,2.8768,2.24832,0.000452671,0.0507931,0.00100466,0.00390364,0.000270416,0.000837805,0.0507931,4.04789,2.58318e-06,5.74541,0.284017
2093.6250,311.603,311.43,4.58419,0.172656,3.07231,0.00746721,0.00790206,0.00238036,-0.00043485,0.000140055,4.44066e-05,0.000114651,6.08875e-06,0.0122538,0.00533638,0.0281079,0.0876194,0.0110748,0.00272593,5.43376e-07,2.08276e-06,8.21041e-07,7.75881e-09,2.92909e-05,4.41152e-05,4.60758e-08,1.18451e-08,3.07921e-06,3.01473e-06,17.8131,46.0192,12.0871,0.402228,25.2729,0.333332,15.2799,0.0134407,0.264665,2.53095,0.271452,0.229357,0.00048055,0.00818687,-0.055697,0.0138891,0.0234179,0.00630156,0.00493428,-0.055697,0.0203448,2.87688,2.24831,0.000499425,0.0508361,0.000983299,0.00390298,0.000264665,0.00084365,0.0508361,3.57202,2.62613e-06,5.72598,0.278106
2093.7083,315.701,315.454,4.25821,0.131569,2.20228,0.00335089,0.0074757,0.00202173,-0.00412481,1.80716e-05,1.60314e-05,1.50427e-05,5.27051e-07,0.00312496,0.00349093,0.0100061,0.0747679,0.00267787,0.00261862,3.71998e-08,2.06327e-06,2.59943e-08,6.80436e-09,2.27624e-05,1.90366e-05,2.06799e-09,6.77288e-09,2.59098e-06,1.30001e-06,17.6714,45.9474,12.0484,0.434684,25.2895,0.312339,15.2568,0.0128474,0.247997,2.55184,0.270102,0.230692,0.000827027,0.00907499,-0.0542901,0.0130144,0.0233864,0.0059047,0.0049775,-0.0542901,0.0202594,2.87695,2.24836,0.00055216,0.050881,0.000921374,0.00389773,0.000247997,0.000850613,0.050881,2.62194,2.10047e-06,5.62299,0.260845
2093.7917,314.33,314.328,3.90448,0.165992,2.08066,0.00555122,0.007165,0.00281186,-0.00161378,2.59949e-05,2.60082e-05,2.17884e-05,6.94591e-07,0.00246758,0.00391295,0.0150668,0.180033,0.00634496,0.00249994,5.77447e-08,2.02219e-06,7.44588e-06,7.50709e-09,3.08193e-05,2.99484e-05,3.37699e-07,4.03255e-09,3.85871e-06,1.98749e-06,17.5036,45.8435,12.0033,0.458865,25.3072,0.289173,15.2284,0.0121683,0.229604,2.57377,0.268558,0.231895,0.00136552,0.00973051,-0.0527811,0.0120491,0.0233472,0.00546675,0.00502277,-0.0527811,0.0201599,2.87702,2.24843,0.000593073,0.0509283,0.000853038,0.00389119,0.000229604,0.000857922,0.0509283,2.79536,2.07994e-06,5.50034,0.241772
2093.8750,307.292,307.401,3.86231,0.280262,2.46281,0.013884,0.00769731,0.00491779,0.00618665,0.000130498,7.05662e-05,0.000109105,4.10899e-06,0.00693123,0.00478221,0.0433934,0.314625,0.0244049,0.00248563,3.9202e-07,2.03002e-06,1.92219e-05,3.05595e-09,8.12967e-05,8.7238e-05,8.46224e-07,2.49974e-09,6.91639e-06,5.71126e-06,17.4987,45.8347,11.9981,0.425264,25.3298,0.286393,15.2252,0.0120974,0.227396,2.58085,0.268488,0.232588,0.00104942,0.00873362,-0.05072,0.0119333,0.0233427,0.00541419,0.00503727,-0.05072,0.0201554,2.87708,2.2485,0.00052925,0.050983,0.000844836,0.00389045,0.000227396,0.000860283,0.050983,3.70109,2.42204e-06,5.50068,0.239493
2093.9583,306.581,306.63,3.94989,0.330921,2.36754,0.0148507,0.00820016,0.00573557,0.00665057,0.000102856,7.22036e-05,8.57063e-05,3.64503e-06,0.00488475,0.00457992,0.0489866,0.467468,0.0268604,0.00251547,3.80509e-07,2.04842e-06,2.74409e-05,6.80269e-10,0.000125227,9.70517e-05,9.78411e-07,1.55243e-09,8.18419e-06,6.31136e-06,17.5937,45.8874,12.0111,0.385837,25.3347,0.292184,15.2346,0.0123097,0.231994,2.57314,0.269316,0.23307,0.00110467,0.00768272,-0.0500543,0.0121746,0.0233558,0.00552368,0.00502121,-0.0500543,0.0202091,2.87715,2.24858,0.000467547,0.0509846,0.00086192,0.00389263,0.000231994,0.000857713,0.0509846,3.79419,2.42893e-06,5.58261,0.244304
2094.0417,305.423,305.47,3.97849,0.367036,1.82592,0.0137597,0.00808251,0.00563615,0.00567715,5.17817e-05,6.96974e-05,4.30364e-05,1.89903e-06,0.00266412,0.0048208,0.0533328,0.841759,0.0247265,0.00252534,2.20016e-07,2.04739e-06,2.87678e-05,2.67493e-10,0.000138133,9.03098e-05,9.06843e-07,1.00615e-09,8.10373e-06,5.82529e-06,17.6817,45.9283,12.0171,0.359777,25.327,0.29407,15.24,0.012419,0.233492,2.5598,0.270053,0.233437,0.00188724,0.00700938,-0.0505062,0.0122532,0.0233633,0.00555932,0.00499355,-0.0505062,0.0202555,2.87721,2.24867,0.000429861,0.0509544,0.000867482,0.00389389,0.000233492,0.000853267,0.0509544,3.28191,2.2674e-06,5.66459,0.245911
2094.1250,306.558,306.589,4.03068,0.381742,1.69922,0.0146105,0.00849242,0.00535375,0.00611811,4.03287e-05,7.07925e-05,3.33311e-05,1.64478e-06,0.00185377,0.0040903,0.0496529,1.18255,0.0269771,0.00254315,1.79031e-07,2.05909e-06,2.76009e-05,9.29633e-10,0.000137611,9.89596e-05,8.1669e-07,7.418e-09,7.68826e-06,6.36425e-06,17.7741,45.9796,12.0265,0.346115,25.3147,0.297502,15.2477,0.0125765,0.236217,2.54465,0.270895,0.23375,0.00268189,0.00665466,-0.0514432,0.0123962,0.0233742,0.00562421,0.00496216,-0.0514432,0.0203076,2.87728,2.24874,0.000409113,0.0509162,0.000877606,0.00389569,0.000236217,0.000848218,0.0509162,3.60553,2.23812e-06,5.74762,0.248793
2094.2083,306.562,306.598,4.1015,0.372505,1.79334,0.0142237,0.00863035,0.00541133,0.00559338,3.12537e-05,6.97423e-05,2.56829e-05,1.37396e-06,0.00146134,0.00390254,0.0489967,1.45341,0.0260957,0.00256723,1.49835e-07,2.07025e-06,4.10697e-05,5.02161e-08,0.000142698,9.62376e-05,1.20737e-06,4.35732e-07,7.61065e-06,6.18236e-06,17.8716,46.0403,12.0388,0.339176,25.3009,0.302145,15.2577,0.0127747,0.239904,2.52857,0.271823,0.233999,0.00337309,0.00647391,-0.0525999,0.0125896,0.0233882,0.00571199,0.00492884,-0.0525999,0.020365,2.87734,2.2488,0.000397624,0.0508781,0.000891303,0.00389804,0.000239904,0.000842856,0.0508781,3.51849,2.22009e-06,5.83278,0.252678
2094.2917,305.694,305.73,4.13995,0.370809,1.60683,0.0134025,0.00857569,0.005193,0.00482681,2.55743e-05,6.81884e-05,2.09432e-05,1.148e-06,0.00128692,0.00435407,0.0511916,1.60714,0.0241003,0.00258042,1.32903e-07,2.06178e-06,4.84111e-05,7.8485e-08,0.000137091,8.93553e-05,1.4308e-06,6.67967e-07,7.20246e-06,5.73867e-06,17.9452,46.0804,12.0471,0.334515,25.2874,0.30466,15.2652,0.012905,0.2419,2.51328,0.272527,0.233836,0.00384603,0.00636001,-0.0537942,0.0126944,0.0233989,0.00575952,0.0048972,-0.0537942,0.0204078,2.87739,2.24885,0.00039051,0.0508439,0.000898719,0.00389982,0.0002419,0.000837761,0.0508439,2.97831,2.19469e-06,5.89803,0.254805
2094.3750,306.266,306.269,4.17309,0.334777,2.7674,0.0138511,0.00876751,0.00506022,0.00508363,2.92541e-05,6.95148e-05,2.40345e-05,1.27013e-06,0.00139151,0.00390173,0.0498583,1.47679,0.0251923,0.00259179,1.43743e-07,2.04511e-06,8.6674e-05,8.54417e-08,0.000129817,9.3473e-05,2.92447e-06,4.23784e-07,6.87404e-06,6.00497e-06,18.01,46.1177,12.0548,0.331477,25.276,0.306821,15.2724,0.0130226,0.243616,2.50019,0.273162,0.233153,0.00367239,0.00629335,-0.0548452,0.0127845,0.0234092,0.00580038,0.00487011,-0.0548452,0.0204463,2.87744,2.2489,0.000387036,0.0508167,0.000905096,0.00390154,0.000243616,0.000833396,0.0508167,3.34869,2.18886e-06,5.95519,0.256639
2094.4583,307.392,307.366,4.23267,0.291761,3.16787,0.0138983,0.00915686,0.00460413,0.00474143,5.05618e-05,6.99865e-05,4.20974e-05,1.76464e-06,0.00242815,0.00387119,0.0468267,0.866733,0.0251542,0.00261201,1.85858e-07,2.05501e-06,6.55623e-05,6.03199e-08,0.000113492,9.3317e-05,2.64335e-06,7.73651e-08,6.24337e-06,6.02002e-06,18.0795,46.1693,12.0664,0.329883,25.2686,0.3107,15.2824,0.0131945,0.246696,2.49131,0.273904,0.231859,0.00238951,0.00627124,-0.0555583,0.0129461,0.0234234,0.0058737,0.00485178,-0.0555583,0.020492,2.8775,2.24893,0.00038767,0.0508004,0.000916537,0.0039039,0.000246696,0.000830437,0.0508004,3.64489,2.24087e-06,6.01315,0.25989
2094.5417,308.37,308.329,4.30524,0.211178,3.8412,0.014357,0.0092976,0.00302364,0.00505936,0.000122738,7.22149e-05,0.000103218,3.21511e-06,0.00597244,0.00417922,0.0462275,0.392845,0.0261714,0.00263652,3.15676e-07,2.08807e-06,4.24165e-06,8.0854e-08,6.0197e-05,9.63046e-05,2.52953e-07,3.14811e-08,4.05428e-06,6.29264e-06,18.1465,46.2516,12.08,0.342915,25.2688,0.315407,15.294,0.013394,0.250433,2.49335,0.274669,0.232219,0.00165338,0.0066365,-0.0555961,0.0131422,0.02344,0.0059627,0.00485606,-0.0555961,0.0205408,2.87757,2.24892,0.000410796,0.0508039,0.000930423,0.00390666,0.000250433,0.000831116,0.0508039,4.3105,2.40374e-06,6.06645,0.263827
2094.6250,310.23,310.126,4.31676,0.178221,3.34604,0.00990373,0.00835891,0.00224142,0.00154482,0.000138184,5.78108e-05,0.000115378,4.24146e-06,0.00976381,0.00557225,0.0360828,0.16491,0.0162697,0.00264076,3.88864e-07,2.12216e-06,7.98853e-07,2.80066e-08,3.34374e-05,6.15426e-05,4.88551e-08,1.97594e-08,2.91041e-06,4.10682e-06,18.1743,46.3309,12.0858,0.369952,25.2795,0.316151,15.3006,0.0134667,0.251024,2.50716,0.275049,0.233411,0.000828661,0.00736103,-0.0547125,0.0131732,0.0234495,0.00597676,0.0048847,-0.0547125,0.0205674,2.87765,2.24889,0.000452682,0.0508339,0.000932618,0.00390826,0.000251024,0.000835721,0.0508339,3.7911,2.51103e-06,6.08846,0.264491
2094.7083,309.633,309.613,4.20747,0.211577,3.25738,0.010375,0.00844118,0.00307864,0.00193377,0.000215792,6.06636e-05,0.000176937,9.95859e-06,0.0140136,0.00523771,0.0364571,0.116034,0.0175285,0.0026047,9.14416e-07,2.14342e-06,4.12361e-06,6.61368e-09,4.39233e-05,6.43049e-05,1.8959e-07,1.09762e-08,4.09345e-06,4.36748e-06,18.1332,46.3398,12.075,0.388786,25.2953,0.30906,15.2957,0.0132833,0.245394,2.52253,0.274749,0.234603,0.000476934,0.00783567,-0.0533755,0.0128777,0.0234434,0.00584271,0.00491654,-0.0533755,0.0205519,2.87771,2.2489,0.000478021,0.0508768,0.0009117,0.00390723,0.000245394,0.000840843,0.0508768,4.09952,3.05784e-06,6.05819,0.258677
2094.7917,311.804,311.688,4.04666,0.163805,2.44415,0.00641761,0.00761176,0.00213787,-0.00119415,0.000106193,4.1895e-05,8.6766e-05,4.83472e-06,0.0110214,0.00585558,0.0253409,0.0895073,0.00884935,0.00255103,4.08868e-07,2.14431e-06,3.16023e-07,3.34277e-09,2.66239e-05,3.61964e-05,1.89243e-08,6.35655e-09,2.77821e-06,2.46471e-06,18.0582,46.316,12.0565,0.408824,25.3102,0.298542,15.2853,0.0129823,0.237043,2.53872,0.274148,0.235839,0.000460121,0.00837684,-0.0520954,0.0124395,0.0234293,0.00564387,0.00495005,-0.0520954,0.0205169,2.87778,2.24892,0.000508077,0.0509163,0.000880675,0.00390489,0.000237043,0.00084624,0.0509163,2.92651,2.55318e-06,6.00177,0.250025
2094.8750,307.68,307.784,3.88895,0.267554,1.79359,0.0115795,0.00812811,0.00449033,0.0034514,0.000192499,6.5559e-05,0.000157667,9.53076e-06,0.0117242,0.00552126,0.0424726,0.169025,0.0202229,0.00249786,9.52795e-07,2.11239e-06,9.52578e-06,1.7604e-09,7.24189e-05,7.34183e-05,3.82514e-07,3.7561e-09,6.05643e-06,4.91162e-06,17.9846,46.2795,12.037,0.41298,25.3283,0.288158,15.2735,0.0126734,0.228797,2.55373,0.27354,0.236955,0.000509115,0.00844274,-0.0505178,0.0120068,0.0234133,0.00544755,0.00498105,-0.0505178,0.0204799,2.87785,2.24897,0.000510253,0.0509632,0.000850041,0.00390221,0.000228797,0.000851242,0.0509632,2.9954,3.06518e-06,5.94754,0.241471
2094.9583,305.994,306.046,3.97106,0.352172,1.89831,0.014616,0.00882692,0.00595418,0.00578908,0.000100661,7.37094e-05,8.35866e-05,3.90831e-06,0.00465533,0.00453789,0.0522293,0.50619,0.0268344,0.00252585,4.36295e-07,2.09906e-06,2.3451e-05,3.45908e-10,0.000134367,9.90941e-05,7.63961e-07,2.11734e-09,8.32426e-06,6.43958e-06,18.0606,46.3062,12.0503,0.368025,25.3333,0.29358,15.2837,0.0128714,0.233102,2.5442,0.274317,0.237712,0.00109585,0.0072454,-0.0499074,0.0122327,0.0234276,0.00555005,0.00496134,-0.0499074,0.0205319,2.87791,2.24905,0.000442304,0.0509683,0.000866035,0.00390461,0.000233102,0.000848067,0.0509683,3.35929,2.53536e-06,6.01032,0.245974
2095.0417,306.198,306.209,4.04374,0.358551,2.50263,0.0145744,0.00894874,0.00542846,0.00562566,5.82586e-05,7.40743e-05,4.84412e-05,2.1443e-06,0.00271435,0.0047157,0.0526483,0.8405,0.0268297,0.00255062,2.40199e-07,2.09226e-06,3.16279e-05,3.10493e-10,0.000134032,9.98775e-05,1.02275e-06,2.14458e-09,7.71183e-06,6.44181e-06,18.1443,46.3457,12.0628,0.346098,25.3247,0.298359,15.2937,0.0130551,0.236897,2.53062,0.275185,0.238145,0.00184877,0.00668021,-0.0505019,0.0124319,0.0234418,0.00564041,0.00493326,-0.0505019,0.0205866,2.87798,2.24912,0.000411217,0.0509385,0.000880134,0.00390696,0.000236897,0.00084354,0.0509385,3.62715,2.33245e-06,6.08153,0.249952
2095.1250,306.043,306.072,4.12396,0.379732,1.69166,0.0141614,0.00906432,0.00526169,0.0050971,4.37678e-05,7.20635e-05,3.62479e-05,1.71124e-06,0.00209396,0.00468615,0.0524611,1.07108,0.0256797,0.00257786,1.94415e-07,2.09995e-06,2.55836e-05,1.43057e-09,0.00013359,9.62605e-05,7.57925e-07,1.79166e-08,7.44215e-06,6.19776e-06,18.2272,46.3959,12.0767,0.337184,25.3141,0.303614,15.3049,0.0132563,0.24107,2.51739,0.276076,0.238436,0.00234509,0.00644925,-0.0513405,0.0126508,0.0234577,0.00573975,0.00490594,-0.0513405,0.0206422,2.87804,2.24918,0.000397659,0.0509072,0.000895635,0.00390962,0.00024107,0.000839131,0.0509072,3.39955,2.29437e-06,6.15054,0.254326
2095.2083,305.919,305.964,4.18881,0.366013,1.6877,0.0137259,0.00911941,0.00530335,0.00460645,3.33294e-05,7.00057e-05,2.74729e-05,1.3891e-06,0.00162021,0.00422742,0.0512022,1.29002,0.0244779,0.00259991,1.58268e-07,2.0987e-06,4.25583e-05,2.27215e-08,0.000137448,9.23277e-05,1.27505e-06,2.55155e-07,7.3608e-06,5.93797e-06,18.298,46.4338,12.0889,0.331206,25.3019,0.307846,15.3154,0.0134275,0.24443,2.50266,0.276873,0.238667,0.00300416,0.00629679,-0.052382,0.0128272,0.0234727,0.00581976,0.00487552,-0.052382,0.0206913,2.87811,2.24924,0.000388325,0.0508747,0.00090812,0.00391211,0.00024443,0.000834221,0.0508747,3.14124,2.25697e-06,6.20908,0.257858
2095.2917,306.049,306.08,4.23614,0.352121,1.96162,0.0134576,0.00922383,0.00524218,0.00423377,3.15484e-05,6.93118e-05,2.59921e-05,1.31082e-06,0.00157021,0.0042574,0.0504777,1.29122,0.0237425,0.00261606,1.49844e-07,2.08307e-06,6.02105e-05,3.35647e-08,0.000134906,8.98339e-05,1.89128e-06,2.8664e-07,7.18155e-06,5.7782e-06,18.3558,46.4625,12.0991,0.326687,25.2907,0.310926,15.3247,0.0135622,0.246875,2.48934,0.277548,0.23833,0.00313391,0.00619042,-0.05339,0.0129555,0.023486,0.00587798,0.00484804,-0.05339,0.0207326,2.87817,2.24929,0.000382721,0.0508466,0.000917203,0.00391434,0.000246875,0.00082978,0.0508466,2.99593,2.23292e-06,6.25661,0.260437
2095.3750,306.631,306.606,4.27459,0.322507,2.99563,0.0141635,0.0094152,0.00492698,0.00474829,3.87935e-05,7.14949e-05,3.20948e-05,1.52656e-06,0.00179776,0.00381424,0.0491615,1.13456,0.025395,0.00262922,1.7066e-07,2.06695e-06,7.33567e-05,3.88564e-08,0.000124333,9.58348e-05,2.60056e-06,1.64027e-07,6.70634e-06,6.16808e-06,18.4038,46.4858,12.1084,0.323661,25.2807,0.313421,15.3334,0.0136781,0.248856,2.47756,0.278149,0.237676,0.00288718,0.00612536,-0.0543086,0.0130595,0.0234987,0.00592515,0.00482376,-0.0543086,0.0207692,2.87823,2.24935,0.000379795,0.050823,0.000924564,0.00391645,0.000248856,0.000825853,0.050823,3.49267,2.23761e-06,6.29549,0.262534
2095.4583,307.444,307.422,4.33334,0.293069,3.06399,0.0139535,0.00976571,0.00461529,0.00418783,6.4231e-05,7.09418e-05,5.36575e-05,2.08184e-06,0.00305793,0.00398374,0.0465878,0.669197,0.0246523,0.00264914,2.19088e-07,2.07332e-06,5.39765e-05,5.11273e-08,0.000111458,9.2973e-05,2.19452e-06,5.52835e-08,6.25718e-06,6.01605e-06,18.4546,46.5244,12.1206,0.324632,25.2749,0.317226,15.3444,0.0138367,0.251877,2.4703,0.278827,0.236882,0.00195272,0.00616463,-0.0548717,0.013218,0.0235145,0.00599708,0.00480889,-0.0548717,0.0208114,2.8783,2.24938,0.00038328,0.0508108,0.000935788,0.00391908,0.000251877,0.000823434,0.0508108,3.65685,2.29241e-06,6.33396,0.265714
2095.5417,309.36,309.276,4.39552,0.202169,3.97745,0.0135055,0.00980318,0.00289585,0.0037023,0.000128951,7.23197e-05,0.000108341,3.41144e-06,0.00697009,0.00464415,0.0438976,0.331396,0.0236946,0.00267017,3.18803e-07,2.10778e-06,4.20834e-06,5.99929e-08,5.58164e-05,8.84521e-05,2.39883e-07,2.79201e-08,3.86018e-06,5.80095e-06,18.497,46.5854,12.1337,0.339668,25.2758,0.32124,15.3562,0.0140037,0.255064,2.47292,0.279485,0.237415,0.00138518,0.00658361,-0.0548537,0.0133852,0.0235315,0.00607296,0.00481446,-0.0548537,0.0208539,2.87837,2.24938,0.000408897,0.0508158,0.000947627,0.00392192,0.000255064,0.000824308,0.0508158,4.39843,2.42659e-06,6.36332,0.269068
2095.6250,313.373,313.101,4.33141,0.148874,3.32889,0.00734888,0.00900361,0.00203027,-0.00165473,8.90137e-05,4.34271e-05,7.44027e-05,2.59619e-06,0.00723162,0.00517501,0.0253593,0.133898,0.01074,0.00264937,2.20784e-07,2.1421e-06,6.37875e-07,2.33516e-08,3.07463e-05,4.46258e-05,3.72715e-08,1.7356e-08,2.53618e-06,2.98694e-06,18.464,46.6114,12.1299,0.371509,25.287,0.317093,15.3566,0.013906,0.251772,2.48885,0.279447,0.238659,0.000839805,0.00744902,-0.0539242,0.0132125,0.0235329,0.00599457,0.00484755,-0.0539242,0.0208535,2.87844,2.24936,0.000458603,0.0508473,0.000935397,0.00392214,0.000251772,0.000829616,0.0508473,3.60395,2.36288e-06,6.33409,0.265678
2095.7083,314.001,313.892,4.05847,0.161432,2.59066,0.00565706,0.00846245,0.00239748,-0.00280539,3.95324e-05,3.25559e-05,3.31364e-05,1.01027e-06,0.00441309,0.00498182,0.0175908,0.153717,0.00660978,0.00255846,7.17361e-08,2.13676e-06,1.54723e-06,1.52166e-08,2.9362e-05,3.0815e-05,8.17115e-08,9.56608e-09,3.17221e-06,2.05554e-06,18.3096,46.5207,12.0967,0.399138,25.3031,0.299317,15.3366,0.0133577,0.237658,2.50881,0.278322,0.239886,0.00106916,0.0081783,-0.0525725,0.0124718,0.0235057,0.00565852,0.00488893,-0.0525725,0.0207818,2.87851,2.24941,0.000500784,0.0508916,0.00088296,0.00391762,0.000237658,0.000836272,0.0508916,3.2114,2.2085e-06,6.2129,0.251016
2095.7917,317.137,316.902,3.75227,0.119416,2.02348,0.00311009,0.00814651,0.00187517,-0.00503641,7.45743e-06,1.37883e-05,6.23318e-06,1.68874e-07,0.00149036,0.00334139,0.00733329,0.11745,0.00200078,0.00245469,9.8051e-09,2.09648e-06,4.04396e-08,1.35382e-08,2.39289e-05,1.60939e-05,2.77735e-09,5.49432e-09,2.40976e-06,1.09436e-06,18.1316,46.4045,12.0567,0.424432,25.3184,0.279066,15.3109,0.0127138,0.221578,2.53004,0.276964,0.241063,0.00156931,0.00887841,-0.0512814,0.011628,0.0234705,0.00527567,0.00493282,-0.0512814,0.0206941,2.87858,2.24947,0.000543402,0.0509333,0.000823221,0.00391175,0.000221578,0.000843345,0.0509333,2.31262,2.10629e-06,6.07488,0.234292
2095.8750,312.078,312.152,3.47387,0.178437,2.02393,0.00631685,0.00717256,0.00271781,-0.00085571,2.14154e-05,3.70251e-05,1.79373e-05,5.3681e-07,0.00273004,0.00603589,0.0196478,0.314249,0.00678398,0.00235873,3.8266e-08,2.04664e-06,1.15665e-06,1.19443e-08,3.03419e-05,2.95529e-05,7.39105e-08,3.35868e-09,3.84486e-06,1.93874e-06,17.9654,46.2895,12.0181,0.436069,25.337,0.260376,15.2851,0.0121035,0.206739,2.55104,0.275679,0.242128,0.00201937,0.0091399,-0.049686,0.0108492,0.0234348,0.00492235,0.00497616,-0.049686,0.0206103,2.87864,2.24954,0.000558313,0.0509829,0.000768089,0.0039058,0.000206739,0.000850348,0.0509829,2.73097,2.08491e-06,5.94725,0.218842
2095.9583,310.498,310.53,3.39119,0.228031,2.34629,0.00975414,0.00812916,0.00378561,0.00162498,5.42853e-05,5.55742e-05,4.56013e-05,1.46104e-06,0.00374251,0.0056869,0.0294931,0.427043,0.0160579,0.0023296,1.14675e-07,2.02832e-06,1.85119e-05,7.88812e-09,5.82959e-05,6.02098e-05,9.2419e-07,2.16022e-09,5.353e-06,3.89935e-06,17.8575,46.2015,12.0036,0.422382,25.3563,0.254768,15.2735,0.011852,0.202286,2.56528,0.274983,0.242844,0.00209217,0.00871965,-0.0479564,0.0106156,0.0234187,0.00481633,0.00500543,-0.0479564,0.0205637,2.8787,2.24962,0.00052969,0.0510305,0.000751546,0.00390312,0.000202286,0.000855093,0.0510305,3.40791,2.14299e-06,5.85391,0.214138
2096.0417,312.133,312.044,3.57761,0.193624,2.39319,0.00763718,0.00784521,0.00295451,-0.000208029,4.27764e-05,4.53176e-05,3.5904e-05,1.13541e-06,0.00347725,0.00555128,0.0241277,0.328245,0.0118874,0.00239391,8.77242e-08,2.04105e-06,1.22456e-05,4.21498e-09,4.91319e-05,4.67935e-05,5.70612e-07,1.50025e-09,4.23068e-06,3.04754e-06,17.8147,46.1628,12.0244,0.407885,25.3677,0.267381,15.2842,0.0121061,0.212301,2.57256,0.275018,0.243342,0.00181371,0.00832142,-0.0468313,0.0111411,0.0234334,0.00505478,0.00502033,-0.0468313,0.0205643,2.87875,2.24967,0.000504315,0.051054,0.000788753,0.00390556,0.000212301,0.000857519,0.051054,3.17704,2.12877e-06,5.79027,0.224407
2096.1250,308.708,308.789,3.70898,0.26932,2.3049,0.0119622,0.0084741,0.00441935,0.00348811,8.26264e-05,6.63987e-05,6.92928e-05,2.39179e-06,0.00472574,0.00514801,0.0377275,0.434664,0.0220118,0.00243863,2.10503e-07,2.03987e-06,2.82209e-05,2.22844e-09,8.34473e-05,8.09581e-05,1.18017e-06,1.07199e-09,6.3235e-06,5.24654e-06,17.7676,46.1279,12.0384,0.402084,25.3777,0.276179,15.2909,0.0122644,0.219286,2.58053,0.27491,0.243824,0.00157555,0.00813472,-0.0458332,0.0115077,0.0234428,0.0052211,0.00503669,-0.0458332,0.020556,2.87881,2.24972,0.000492084,0.0510743,0.000814705,0.00390713,0.000219286,0.000860177,0.0510743,3.58367,2.25037e-06,5.72917,0.231551
2096.2083,307.28,307.33,4.109,0.336158,2.0164,0.014,0.00936486,0.00581644,0.00463513,7.69136e-05,7.05743e-05,6.41816e-05,2.61551e-06,0.00362963,0.00401419,0.043604,0.582477,0.0263314,0.00257382,2.57019e-07,2.04359e-06,3.53399e-05,4.71313e-10,0.000131415,9.76443e-05,1.24039e-06,7.24449e-10,8.28205e-06,6.3037e-06,17.8157,46.1372,12.0878,0.371899,25.3778,0.302611,15.3208,0.0129295,0.240273,2.57183,0.27568,0.243938,0.0014976,0.0073328,-0.0455912,0.012609,0.0234842,0.00572079,0.00501864,-0.0455912,0.0206042,2.87888,2.2498,0.000447268,0.0510633,0.000892676,0.00391404,0.000240273,0.000857276,0.0510633,3.43683,2.30061e-06,5.72784,0.253203
2096.2917,305.417,305.509,4.45085,0.358261,1.40371,0.0129061,0.0090603,0.00557699,0.00384577,4.52269e-05,6.695e-05,3.75553e-05,1.64679e-06,0.00240097,0.00454848,0.0493834,0.8562,0.0232152,0.00268746,1.86426e-07,2.02911e-06,3.62615e-05,1.76578e-10,0.00013347,8.75671e-05,1.18213e-06,4.97225e-10,7.89892e-06,5.63478e-06,17.8642,46.1428,12.131,0.351623,25.3696,0.32479,15.3481,0.0134979,0.257883,2.55734,0.276328,0.244138,0.00210855,0.0068134,-0.0461005,0.0135331,0.0235225,0.00614007,0.00498874,-0.0461005,0.0206443,2.87895,2.24989,0.000419483,0.0510327,0.0009581,0.00392042,0.000257883,0.000852447,0.0510327,2.5901,2.21553e-06,5.73316,0.271381
2096.3750,306.244,306.256,4.73902,0.339012,2.53244,0.0141447,0.00943341,0.00535202,0.0047113,4.35132e-05,6.99224e-05,3.60498e-05,1.65961e-06,0.00207169,0.00403143,0.0490053,1.01878,0.026062,0.00278173,1.84787e-07,2.00634e-06,5.56025e-05,1.19615e-10,0.000127087,9.85355e-05,1.90734e-06,4.16958e-10,7.45836e-06,6.33213e-06,17.9098,46.159,12.1684,0.343967,25.3614,0.343169,15.3728,0.0139762,0.272477,2.5438,0.276863,0.244255,0.00251504,0.00661974,-0.0467043,0.014299,0.0235573,0.00648754,0.00496086,-0.0467043,0.0206768,2.87902,2.24997,0.000409005,0.0510061,0.00101232,0.00392622,0.000272477,0.000847932,0.0510061,3.31758,2.19112e-06,5.74142,0.286453
2096.4583,307.226,307.223,5.04564,0.298295,2.97333,0.0144379,0.00983689,0.0049146,0.00460099,6.89534e-05,7.0247e-05,5.75075e-05,2.29951e-06,0.00322891,0.00395974,0.0460316,0.67671,0.0262642,0.00288072,2.39807e-07,2.01111e-06,5.1551e-05,3.17792e-10,0.00010957,9.96421e-05,2.04701e-06,5.22838e-10,6.72991e-06,6.43796e-06,17.9666,46.2021,12.209,0.343837,25.3575,0.36244,15.4005,0.0144945,0.287777,2.5341,0.27751,0.243894,0.00180614,0.00662774,-0.0469903,0.0151019,0.0235965,0.00685184,0.004941,-0.0469903,0.0207171,2.8791,2.25002,0.000410796,0.0509939,0.00106916,0.00393274,0.000287777,0.000844699,0.0509939,3.61983,2.25092e-06,5.75765,0.302272
2096.5417,308.441,308.408,5.34227,0.225227,4.12224,0.0144773,0.00995844,0.00342187,0.00451891,0.000177318,7.12823e-05,0.000147835,5.81512e-06,0.00893208,0.00378046,0.0432364,0.282938,0.0260826,0.00297521,5.55809e-07,2.05472e-06,1.04359e-05,6.52249e-10,6.27384e-05,9.76982e-05,4.71176e-07,5.42493e-10,4.59764e-06,6.44816e-06,18.0236,46.2751,12.2494,0.358187,25.3608,0.380805,15.4291,0.0150014,0.302359,2.53259,0.278143,0.244454,0.00105068,0.00701994,-0.0466973,0.0158671,0.0236371,0.00719902,0.00493817,-0.0466973,0.020759,2.87919,2.25003,0.000434677,0.0510017,0.00112334,0.00393951,0.000302359,0.000844197,0.0510017,4.50007,2.61053e-06,5.77424,0.31736
2096.6250,313.119,312.893,5.31528,0.151532,2.90974,0.00568881,0.00814461,0.00202738,-0.0024558,7.96187e-05,3.03489e-05,6.55046e-05,3.14541e-06,0.00899341,0.00442335,0.0198412,0.0715704,0.00662257,0.00296731,2.6483e-07,2.08592e-06,4.11729e-08,3.82128e-10,2.09092e-05,3.29766e-05,2.79568e-09,4.93406e-10,2.5555e-06,2.26097e-06,17.9828,46.3109,12.2518,0.403923,25.375,0.379137,15.4345,0.0149574,0.301035,2.54912,0.277698,0.245976,0.000536355,0.00825538,-0.045486,0.0157976,0.0236457,0.0071675,0.00497267,-0.045486,0.020735,2.87928,2.25003,0.000506066,0.0510401,0.00111842,0.00394095,0.000301035,0.000849707,0.0510401,3.24055,2.35075e-06,5.73097,0.315992
2096.7083,315.758,315.58,4.89271,0.124508,2.04549,0.0032907,0.00762033,0.00180761,-0.00432963,1.01395e-05,1.14056e-05,8.4317e-06,2.67783e-07,0.00229637,0.00284292,0.0073323,0.0629337,0.00166179,0.00283312,1.8026e-08,2.0506e-06,8.69184e-09,5.29878e-10,1.73979e-05,1.77763e-05,6.79955e-10,4.15508e-10,2.15625e-06,1.22586e-06,17.8154,46.2306,12.2055,0.449816,25.3937,0.352852,15.4085,0.0142152,0.280165,2.5717,0.275958,0.247483,0.000902124,0.00950487,-0.0439016,0.0147024,0.0236106,0.00667059,0.00501959,-0.0439016,0.0206248,2.87936,2.25008,0.000580689,0.0510909,0.00104088,0.00393509,0.000280165,0.000857232,0.0510909,2.24352,2.06863e-06,5.60984,0.29438
2096.7917,310.037,310.16,4.5141,0.238682,1.80193,0.00830811,0.00726956,0.00444159,0.00103856,4.87784e-05,3.76558e-05,4.0741e-05,1.49941e-06,0.00371739,0.00441813,0.0243747,0.226473,0.0108089,0.00271036,1.41552e-07,2.00145e-06,1.76917e-05,5.61075e-10,4.5477e-05,4.59822e-05,6.78374e-07,3.38901e-10,6.10765e-06,3.02907e-06,17.6625,46.1413,12.1615,0.468284,25.4184,0.328852,15.3825,0.013519,0.261108,2.59212,0.274337,0.248744,0.00118603,0.00993713,-0.0417787,0.0137024,0.0235752,0.00621686,0.00506194,-0.0417787,0.0205211,2.87944,2.25017,0.000605354,0.0511562,0.000970083,0.0039292,0.000261108,0.000864041,0.0511562,3.00309,2.14301e-06,5.50096,0.274627
2096.8750,305.766,305.891,4.64233,0.3611,1.71129,0.0147582,0.00884397,0.00641417,0.00591424,7.8218e-05,6.87449e-05,6.51494e-05,2.73933e-06,0.00390027,0.00431593,0.0481806,0.560673,0.0252214,0.00275234,2.93784e-07,2.01165e-06,2.10284e-05,8.67836e-11,0.000123113,9.41912e-05,6.89619e-07,2.40927e-10,9.0639e-06,6.0971e-06,17.6875,46.1152,12.1789,0.403167,25.4397,0.337037,15.3944,0.0137163,0.267608,2.58489,0.274507,0.249329,0.00133137,0.00814506,-0.039702,0.0140435,0.0235923,0.00637161,0.00504706,-0.039702,0.0205321,2.87951,2.25029,0.000496661,0.0512011,0.00099423,0.00393205,0.000267608,0.000861631,0.0512011,3.42899,2.30544e-06,5.5086,0.281324
2096.9583,306.034,306.06,4.90394,0.356324,2.36836,0.0156659,0.00921928,0.00589854,0.00644667,5.75948e-05,7.11786e-05,4.78422e-05,2.12979e-06,0.00262425,0.00404452,0.0510759,0.865489,0.028151,0.00283725,2.37509e-07,2.01941e-06,3.11717e-05,2.65801e-11,0.000130574,0.000105771,9.93699e-07,1.79015e-10,8.4178e-06,6.81122e-06,17.7665,46.1491,12.2137,0.373924,25.4383,0.353572,15.4181,0.0141596,0.280736,2.57033,0.275217,0.24999,0.00191609,0.007376,-0.0395359,0.0147324,0.0236258,0.00668419,0.00501708,-0.0395359,0.0205767,2.87959,2.25039,0.000451766,0.0511842,0.001043,0.00393763,0.000280736,0.000856775,0.0511842,3.68846,2.25692e-06,5.55288,0.294895
2097.0417,304.785,304.88,5.15395,0.386925,1.52329,0.0148822,0.00911752,0.00528713,0.0057647,4.3903e-05,6.87234e-05,3.63359e-05,1.69785e-06,0.00208773,0.00416174,0.0538716,1.04526,0.0264028,0.00291756,2.04233e-07,2.02942e-06,1.87289e-05,9.97584e-11,0.00011786,0.000100376,5.34272e-07,1.01577e-09,7.53513e-06,6.4587e-06,17.8502,46.2088,12.2478,0.367378,25.4339,0.369183,15.4422,0.0145916,0.293131,2.55734,0.275952,0.250714,0.0023103,0.00719811,-0.0397366,0.0153829,0.0236599,0.00697931,0.00499039,-0.0397366,0.0206228,2.87967,2.25046,0.000439704,0.0511643,0.00108905,0.00394332,0.000293131,0.000852447,0.0511643,3.29967,2.23366e-06,5.60243,0.307723
2097.1250,305.956,305.956,5.38119,0.347254,2.81177,0.0157524,0.00953487,0.00564365,0.00621749,4.77671e-05,7.15562e-05,3.95383e-05,1.85705e-06,0.00210646,0.00389241,0.0526006,1.08089,0.0288148,0.00298975,2.14456e-07,2.04184e-06,4.46251e-05,2.76603e-09,0.000123788,0.000109558,1.45688e-06,2.01331e-08,7.71252e-06,7.04805e-06,17.933,46.2755,12.2799,0.365538,25.4315,0.383193,15.4657,0.0149885,0.304255,2.5454,0.276648,0.251307,0.00238557,0.00714895,-0.0398407,0.0159666,0.0236934,0.00724418,0.00496593,-0.0398407,0.0206663,2.87975,2.25052,0.000435914,0.0511534,0.00113038,0.00394891,0.000304255,0.000848468,0.0511534,3.89896,2.25629e-06,5.65315,0.319244
2097.2083,305.498,305.549,5.60101,0.362771,1.98233,0.0149691,0.00957879,0.00564471,0.00539035,4.6334e-05,6.90848e-05,3.83797e-05,1.7513e-06,0.00215072,0.00393664,0.0517913,0.971076,0.0266104,0.00305903,2.07067e-07,2.05915e-06,3.21811e-05,3.37707e-09,0.000125213,0.000102235,9.84465e-07,3.35511e-08,7.74184e-06,6.58697e-06,18.0169,46.3417,12.3121,0.362116,25.43,0.396609,15.4901,0.0153784,0.314908,2.53274,0.27735,0.251717,0.00226837,0.00706751,-0.0399088,0.0165256,0.0237285,0.0074978,0.00494004,-0.0399088,0.0207107,2.87984,2.25057,0.000431576,0.0511462,0.00116996,0.00395474,0.000314908,0.000844248,0.0511462,3.43282,2.26621e-06,5.70481,0.330286
2097.2917,305.21,305.231,5.72692,0.363595,2.10852,0.0144708,0.00957507,0.00547125,0.00489572,3.84975e-05,6.78179e-05,3.17927e-05,1.49996e-06,0.00187871,0.00414636,0.0529046,1.10209,0.0252653,0.00309869,1.82446e-07,2.0503e-06,3.50589e-05,3.8514e-08,0.000118682,9.77342e-05,1.08684e-06,3.43509e-07,7.42532e-06,6.2947e-06,18.0754,46.3894,12.3339,0.364237,25.429,0.404228,15.5086,0.0156124,0.320957,2.52072,0.277745,0.252402,0.00256977,0.00712266,-0.0399512,0.0168431,0.0237553,0.00764183,0.00491551,-0.0399512,0.0207355,2.87993,2.25064,0.000433129,0.051142,0.00119243,0.00395922,0.000320957,0.000840241,0.051142,3.19397,2.23274e-06,5.74144,0.336569
2097.3750,305.877,305.892,5.85115,0.315045,2.99089,0.0147991,0.00982228,0.00530584,0.00497686,5.31852e-05,6.92339e-05,4.41406e-05,1.92564e-06,0.0025607,0.00413429,0.051485,0.835527,0.025928,0.00313762,2.25757e-07,2.05399e-06,5.89922e-05,2.82855e-08,0.000108944,0.000100146,2.13821e-06,1.65274e-07,7.05745e-06,6.46616e-06,18.1347,46.4432,12.356,0.365811,25.4314,0.411697,15.5276,0.0158458,0.326887,2.51131,0.278163,0.252505,0.0019922,0.00717748,-0.0397242,0.0171543,0.023783,0.00778303,0.0048964,-0.0397242,0.020762,2.88001,2.25069,0.000437288,0.051147,0.00121447,0.00396383,0.000326887,0.000837104,0.051147,3.50094,2.27975e-06,5.77872,0.342733
2097.4583,305.973,305.981,5.97038,0.269168,3.65922,0.0154404,0.0100632,0.00455124,0.00537719,0.000130084,7.05458e-05,0.000107939,4.92389e-06,0.00589476,0.00383039,0.0510902,0.413887,0.0272177,0.00317484,5.71792e-07,2.06838e-06,2.96653e-05,1.53726e-08,8.59542e-05,0.000103978,1.23129e-06,4.56521e-08,6.01956e-06,6.80266e-06,18.193,46.5091,12.3779,0.371919,25.4376,0.418823,15.5469,0.0160731,0.332546,2.5065,0.278574,0.252758,0.0011057,0.0073525,-0.0391615,0.0174513,0.0238111,0.00791776,0.00488685,-0.0391615,0.0207893,2.8801,2.25072,0.000448744,0.0511624,0.00123549,0.00396852,0.000332546,0.000835499,0.0511624,3.93562,2.64017e-06,5.81508,0.348619
2097.5417,308.06,307.984,6.06319,0.178012,3.98013,0.012825,0.00976095,0.00250053,0.00306407,0.000617063,6.62638e-05,0.000461613,4.86918e-05,0.0395935,0.00454917,0.0444928,0.053625,0.0212334,0.00320394,5.01804e-06,2.10695e-06,2.72034e-07,9.57842e-09,2.56926e-05,7.33959e-05,1.54455e-08,2.62741e-08,3.13e-06,5.44726e-06,18.2341,46.6104,12.3975,0.407634,25.4518,0.424345,15.5651,0.0162593,0.33693,2.51681,0.278743,0.254196,0.000240757,0.00823786,-0.0379344,0.0176813,0.0238379,0.00802214,0.00490865,-0.0379344,0.0208112,2.8802,2.2507,0.000506731,0.0511997,0.00125178,0.00397299,0.00033693,0.000838937,0.0511997,4.18369,7.12499e-06,5.83659,0.353189
2097.6250,311.196,311.017,5.83294,0.156584,3.09158,0.00633175,0.00824485,0.00227918,-0.00191311,0.000296015,3.27191e-05,0.000209958,2.69311e-05,0.0279838,0.00461118,0.022961,0.016024,0.00735731,0.00313431,2.61887e-06,2.123e-06,7.38771e-10,9.50958e-10,1.25176e-05,3.23729e-05,3.32057e-11,1.51793e-08,2.73305e-06,2.4878e-06,18.1507,46.6196,12.3794,0.457374,25.4739,0.410587,15.5595,0.0159017,0.326006,2.53761,0.277547,0.255902,9.19921e-05,0.00936143,-0.0360499,0.0171081,0.0238316,0.00776205,0.00495211,-0.0360499,0.0207548,2.88029,2.2507,0.000581275,0.0512588,0.00121119,0.00397193,0.000326006,0.000845871,0.0512588,3.40966,4.74187e-06,5.77133,0.341908
2097.7083,312.698,312.611,5.38603,0.159677,2.47876,0.00525084,0.0077637,0.00252177,-0.00251286,7.12867e-05,2.41249e-05,5.37647e-05,4.0902e-06,0.00960412,0.00419031,0.015853,0.0434688,0.00477023,0.00299607,3.3971e-07,2.10374e-06,1.78861e-07,2.27593e-09,1.27671e-05,2.73063e-05,9.77894e-09,8.20636e-09,3.20493e-06,1.8987e-06,17.9932,46.5518,12.3337,0.501337,25.4969,0.383473,15.5353,0.0151539,0.304478,2.56037,0.275771,0.257496,0.000283275,0.0105174,-0.0340754,0.0159784,0.0237995,0.00724947,0.00499953,-0.0340754,0.0206458,2.88038,2.25076,0.000651679,0.0513205,0.00113121,0.00396658,0.000304478,0.000853456,0.0513205,2.96806,2.44345e-06,5.65943,0.319632
2097.7917,308.632,308.7,5.07019,0.263251,2.16451,0.0109542,0.00818782,0.00541107,0.00276634,0.000216269,5.32777e-05,0.000170975,1.44249e-05,0.0144179,0.00489528,0.0343114,0.102965,0.0165755,0.0028966,1.39924e-06,2.08863e-06,4.68212e-06,1.43007e-09,5.43378e-05,6.30901e-05,1.77262e-07,4.56477e-09,7.12947e-06,4.3097e-06,17.8845,46.4853,12.3008,0.495321,25.5294,0.363979,15.5179,0.0146013,0.288999,2.57607,0.274474,0.258976,0.00033388,0.0103457,-0.0312097,0.0151661,0.0237764,0.00688093,0.00503224,-0.0312097,0.0205665,2.88046,2.25085,0.000633079,0.0514034,0.00107371,0.00396273,0.000288999,0.000858691,0.0514034,3.48785,3.48787e-06,5.58366,0.303601
2097.8750,306.808,306.852,5.16523,0.326085,2.75703,0.0154554,0.00940106,0.00647135,0.00605436,0.000152771,7.12034e-05,0.000125992,6.7377e-06,0.00728237,0.00416806,0.0477306,0.311232,0.0272057,0.00292716,7.00021e-07,2.11316e-06,1.73691e-05,2.96177e-10,0.000115536,0.000100995,6.27813e-07,2.59431e-09,9.12546e-06,6.62594e-06,17.9344,46.4805,12.3165,0.426841,25.5513,0.369884,15.5306,0.0147555,0.293688,2.56796,0.274793,0.260157,0.000682466,0.00863561,-0.0289697,0.0154121,0.0237949,0.00699256,0.00501563,-0.0289697,0.0205922,2.88054,2.25097,0.000526701,0.0514446,0.00109112,0.00396581,0.000293688,0.000855987,0.0514446,3.96657,2.81319e-06,5.61787,0.308443
2097.9583,306.124,306.173,5.19712,0.35021,2.38761,0.0156051,0.00896795,0.00614274,0.00663717,8.50467e-05,7.0657e-05,7.07074e-05,3.12989e-06,0.00387891,0.00399989,0.0509606,0.568253,0.026792,0.00293793,3.48417e-07,2.12933e-06,2.29561e-05,1.87953e-10,0.000129307,0.000101028,7.53808e-07,1.6585e-09,8.83692e-06,6.56849e-06,18.0281,46.5317,12.3269,0.394797,25.5533,0.371861,15.5416,0.0148565,0.295258,2.55555,0.275447,0.261089,0.00123992,0.00785004,-0.0284383,0.0154945,0.0238111,0.00702995,0.00499016,-0.0284383,0.020636,2.88063,2.25107,0.000480019,0.0514329,0.00109696,0.00396851,0.000295258,0.000851852,0.0514329,3.72019,2.47775e-06,5.70117,0.310114
2098.0417,306.104,306.133,5.10318,0.36135,2.12356,0.0149354,0.00903784,0.00590108,0.00589758,4.96307e-05,6.94152e-05,4.11581e-05,1.86207e-06,0.00235508,0.00407426,0.0508467,0.893152,0.0256295,0.00290877,2.10483e-07,2.13626e-06,2.94342e-05,1.12487e-10,0.00013366,9.70506e-05,9.21475e-07,1.61773e-09,8.47391e-06,6.27359e-06,18.118,46.5871,12.3233,0.378221,25.5488,0.366034,15.5445,0.0147808,0.290631,2.54217,0.276014,0.261829,0.00198188,0.00744075,-0.0285698,0.0152517,0.0238161,0.00691978,0.00496262,-0.0285698,0.0206725,2.88071,2.25117,0.000454752,0.051409,0.00107977,0.00396935,0.000290631,0.000847389,0.051409,3.5605,2.34674e-06,5.79464,0.305412
2098.1250,306.978,306.955,5.01879,0.35941,2.66897,0.0149976,0.00920215,0.00584314,0.00579542,3.82974e-05,7.01545e-05,3.1593e-05,1.55904e-06,0.00179486,0.00399733,0.0492524,1.20207,0.0261925,0.00288249,1.69649e-07,2.14267e-06,4.01873e-05,4.38044e-10,0.000137706,9.88243e-05,1.26697e-06,4.65975e-09,8.27469e-06,6.37165e-06,18.1953,46.6335,12.3204,0.368109,25.5418,0.360775,15.5476,0.0147125,0.286456,2.52834,0.27654,0.262333,0.00267284,0.00719097,-0.0290051,0.0150326,0.0238213,0.00682037,0.00493415,-0.0290051,0.0207055,2.88079,2.25126,0.000438572,0.0513832,0.00106426,0.00397021,0.000286456,0.000842781,0.0513832,3.94604,2.31232e-06,5.8748,0.301168
2098.2083,306.116,306.165,4.95166,0.353449,2.12333,0.01452,0.009127,0.00565149,0.00539296,3.41715e-05,6.86593e-05,2.81505e-05,1.40638e-06,0.00162787,0.00406301,0.0496556,1.24357,0.0251397,0.00286163,1.58716e-07,2.15296e-06,5.15182e-05,1.22005e-09,0.000135567,9.50802e-05,1.62487e-06,1.35178e-08,7.88663e-06,6.12833e-06,18.2724,46.6803,12.3196,0.359359,25.5341,0.356577,15.5519,0.0146721,0.283122,2.51443,0.277112,0.262347,0.00292778,0.0069819,-0.0295794,0.0148577,0.0238282,0.00674101,0.00490551,-0.0295794,0.0207412,2.88087,2.25135,0.000426274,0.0513584,0.00105187,0.00397137,0.000283122,0.000838145,0.0513584,3.27927,2.31167e-06,5.95281,0.297794
2098.2917,305.564,305.604,4.88543,0.349579,1.85438,0.013939,0.00908843,0.00549409,0.00485055,3.32309e-05,6.72782e-05,2.74025e-05,1.33478e-06,0.00166338,0.00429968,0.051647,1.20574,0.0238832,0.00284096,1.57574e-07,2.13383e-06,5.71079e-05,1.98499e-09,0.000131977,9.04668e-05,1.81673e-06,2.11762e-08,7.59133e-06,5.83301e-06,18.3397,46.7229,12.3184,0.353381,25.5273,0.35242,15.5558,0.0146243,0.279822,2.50258,0.277601,0.262084,0.00288858,0.0068449,-0.0301319,0.0146845,0.0238345,0.00666242,0.0048811,-0.0301319,0.0207715,2.88095,2.25143,0.000418647,0.0513385,0.00103961,0.00397242,0.000279822,0.000834194,0.0513385,2.95301,2.2914e-06,6.02126,0.294446
2098.3750,306.089,306.084,4.80439,0.344523,2.18302,0.0138623,0.00921643,0.00545284,0.00464585,3.2554e-05,6.77735e-05,2.68335e-05,1.31417e-06,0.00163252,0.00426332,0.0507315,1.22346,0.0238957,0.00281538,1.52428e-07,2.10201e-06,6.22994e-05,2.89815e-09,0.000132836,9.01532e-05,2.01903e-06,2.68345e-08,7.50684e-06,5.81029e-06,18.3855,46.7453,12.3149,0.348046,25.5204,0.347316,15.5578,0.0145374,0.275769,2.49132,0.277929,0.261786,0.00299385,0.00672102,-0.0307154,0.0144718,0.0238382,0.00656593,0.00485792,-0.0307154,0.0207913,2.88103,2.25151,0.000411519,0.0513199,0.00102455,0.00397303,0.000275769,0.000830442,0.0513199,3.08264,2.25444e-06,6.07064,0.290307
2098.4583,307.113,307.094,4.78283,0.289932,3.5056,0.0149794,0.00951691,0.00472864,0.00546246,5.6317e-05,7.0615e-05,4.69129e-05,1.93237e-06,0.00252164,0.0036234,0.0475322,0.830873,0.0265956,0.00280897,2.09066e-07,2.11057e-06,5.83362e-05,2.1222e-08,0.000110649,9.95999e-05,2.33846e-06,2.81805e-08,6.47306e-06,6.43748e-06,18.4511,46.795,12.3187,0.346166,25.515,0.345955,15.5646,0.0145632,0.274688,2.48269,0.278525,0.261141,0.00227927,0.00668967,-0.0311924,0.0144151,0.0238485,0.0065402,0.00484016,-0.0311924,0.0208285,2.88111,2.25157,0.000410837,0.0513063,0.00102054,0.00397474,0.000274688,0.000827563,0.0513063,4.0073,2.31964e-06,6.13239,0.289251
2098.5417,308.985,308.895,4.77775,0.195521,3.96019,0.0134224,0.00937832,0.00275725,0.00404406,0.000114175,6.95675e-05,9.59406e-05,2.97352e-06,0.00645111,0.00452573,0.044506,0.342806,0.0231755,0.00280794,2.89253e-07,2.14699e-06,2.51958e-06,5.01761e-08,4.92435e-05,8.62804e-05,1.52795e-07,2.12892e-08,3.65921e-06,5.6542e-06,18.513,46.8838,12.3248,0.364731,25.5186,0.345634,15.5729,0.0146191,0.274433,2.48739,0.279144,0.261784,0.00149442,0.00720224,-0.030907,0.0144017,0.0238609,0.00653412,0.00485004,-0.030907,0.0208687,2.88119,2.25156,0.000441928,0.0513169,0.00101959,0.00397681,0.000274433,0.00082913,0.0513169,4.3042,2.43625e-06,6.18824,0.289052
2098.6250,314.233,313.93,4.57981,0.124842,2.98344,0.00547284,0.00839364,0.00163777,-0.0029208,4.21621e-05,3.02052e-05,3.53441e-05,1.05573e-06,0.00451506,0.00440973,0.0189822,0.129355,0.00653855,0.00274393,8.65834e-08,2.16111e-06,4.002e-10,2.3896e-08,2.08225e-05,3.16476e-05,3.26875e-11,1.25434e-08,1.94643e-06,2.12315e-06,18.45,46.8988,12.3049,0.410803,25.53,0.333046,15.5635,0.014273,0.264438,2.50804,0.278631,0.263163,0.00108845,0.0085016,-0.0299505,0.0138772,0.0238486,0.00629615,0.00489292,-0.0299505,0.0208371,2.88126,2.25155,0.000518259,0.0513485,0.000982457,0.00397477,0.000264438,0.000836013,0.0513485,3.14563,2.2477e-06,6.14503,0.278711
2098.7083,317.128,316.913,4.20983,0.113406,2.20694,0.00325275,0.00817759,0.00157356,-0.00492484,8.6504e-06,1.2902e-05,7.2434e-06,1.85456e-07,0.00167911,0.00283542,0.00756703,0.100144,0.00203093,0.0026219,1.11673e-08,2.12034e-06,2.45657e-08,1.75239e-08,1.68088e-05,1.72922e-05,2.23601e-09,7.08196e-09,1.9307e-06,1.18116e-06,18.2695,46.8051,12.26,0.460702,25.5417,0.309194,15.5361,0.0135474,0.2455,2.53316,0.277104,0.264494,0.00144646,0.00997318,-0.0289748,0.0128834,0.0238113,0.00584524,0.00494497,-0.0289748,0.0207392,2.88133,2.25159,0.00060922,0.0513807,0.000912099,0.00396855,0.0002455,0.000844388,0.0513807,2.40644,2.13151e-06,6.0095,0.259048
2098.7917,316.127,315.951,3.85076,0.148812,1.94505,0.00336219,0.00763265,0.00253756,-0.00427046,5.53943e-06,1.20401e-05,4.6195e-06,1.28177e-07,0.00114669,0.00276975,0.00661704,0.119893,0.00177187,0.00250105,7.6891e-09,2.07113e-06,4.70928e-07,1.39733e-08,2.10199e-05,1.56376e-05,2.96253e-08,4.19256e-09,3.58996e-06,1.06667e-06,18.0845,46.6848,12.2135,0.476808,25.5663,0.285612,15.5063,0.0128094,0.226776,2.55712,0.275526,0.26569,0.00181479,0.0102477,-0.0268932,0.0119008,0.0237704,0.00539943,0.00499449,-0.0268932,0.0206373,2.8814,2.25166,0.000625044,0.0514477,0.000842535,0.00396173,0.000226776,0.000852374,0.0514477,2.55156,2.07882e-06,5.87103,0.239586
2098.8750,318.164,318.041,3.51375,0.119044,1.78419,0.00280653,0.00752577,0.00195303,-0.00471923,1.06924e-06,5.67329e-06,8.71673e-07,1.86106e-08,0.000504319,0.00277359,0.00374936,0.127092,0.000570424,0.00238532,9.76354e-10,2.0173e-06,2.40574e-09,1.26096e-08,2.36342e-05,1.14151e-05,2.14343e-10,2.66886e-09,2.64012e-06,7.93162e-07,17.8922,46.5433,12.1671,0.486639,25.5853,0.263063,15.4752,0.0120855,0.208872,2.57914,0.273963,0.266799,0.00253789,0.0105168,-0.0252578,0.0109612,0.0237274,0.00497314,0.00503989,-0.0252578,0.020536,2.88146,2.25175,0.000643022,0.051498,0.000776016,0.00395457,0.000208872,0.000859714,0.051498,2.07242,2.01828e-06,5.72517,0.220957
2098.9583,311.974,312.062,3.24683,0.192314,1.87541,0.00733099,0.00686135,0.00349575,0.000469645,1.7767e-05,3.37224e-05,1.48519e-05,5.1286e-07,0.00170211,0.00519851,0.0187155,0.445405,0.00832861,0.00229194,3.93389e-08,1.96374e-06,1.31917e-05,1.05791e-08,4.09628e-05,3.42945e-05,7.07102e-07,1.78525e-09,5.07632e-06,2.2282e-06,17.7259,46.4209,12.1272,0.488229,25.6055,0.244922,15.447,0.011468,0.194468,2.60129,0.272585,0.26771,0.00303366,0.0105022,-0.0234967,0.0102054,0.0236881,0.0046302,0.00508544,-0.0234967,0.020446,2.88152,2.25184,0.000641547,0.0515504,0.000722504,0.00394801,0.000194468,0.000867098,0.0515504,2.66735,2.00308e-06,5.5987,0.205936
2099.0417,309.854,309.884,3.28173,0.239193,2.24309,0.0101953,0.00725316,0.00431069,0.00294214,3.64914e-05,5.32105e-05,3.05534e-05,1.08247e-06,0.0025858,0.00534601,0.0296195,0.597353,0.0160189,0.0023036,8.82861e-08,1.95861e-06,3.56973e-05,6.33522e-09,7.23144e-05,5.86964e-05,1.65153e-06,1.26376e-09,6.33728e-06,3.77927e-06,17.6645,46.3464,12.1259,0.445605,25.6262,0.247312,15.4422,0.0114097,0.196366,2.61011,0.272251,0.267971,0.00287908,0.009284,-0.0215461,0.0103049,0.0236812,0.00467538,0.00510336,-0.0215461,0.0204218,2.88157,2.25194,0.000562821,0.0515974,0.000729555,0.00394686,0.000196366,0.000870037,0.0515974,3.26286,2.0469e-06,5.53858,0.207776
2099.1250,308.041,308.105,3.54517,0.310277,2.12005,0.0132134,0.00831673,0.00554956,0.00489663,5.72234e-05,6.75275e-05,4.78512e-05,1.82014e-06,0.00311081,0.00477879,0.0400042,0.710417,0.0243526,0.00239456,1.63027e-07,1.9707e-06,5.10068e-05,2.21899e-09,0.000120445,8.68325e-05,1.91975e-06,8.8488e-10,8.22913e-06,5.58069e-06,17.6845,46.3285,12.1547,0.405218,25.6313,0.265182,15.4564,0.0117813,0.210554,2.60749,0.272731,0.267522,0.00231932,0.00818667,-0.0208126,0.0110495,0.0237006,0.00501319,0.00509764,-0.0208126,0.02045,2.88163,2.25203,0.000496931,0.0515973,0.000782266,0.0039501,0.000210554,0.000869165,0.0515973,3.48861,2.13373e-06,5.52975,0.222335
2099.2083,307.563,307.617,3.90167,0.3348,2.36567,0.0139782,0.00869428,0.00581915,0.00528393,4.82327e-05,6.8506e-05,4.00722e-05,1.79325e-06,0.00236186,0.0041256,0.0427191,0.921604,0.026634,0.00251603,1.71666e-07,1.98279e-06,5.62505e-05,5.98902e-10,0.000144579,9.5982e-05,1.98658e-06,6.10408e-10,8.56622e-06,6.1568e-06,17.7463,46.3298,12.1963,0.368932,25.6213,0.288981,15.4795,0.0123294,0.229451,2.59318,0.27357,0.26695,0.00243079,0.00723835,-0.0213572,0.0120411,0.0237324,0.00546313,0.0050678,-0.0213572,0.020501,2.88169,2.25214,0.000443815,0.051556,0.000852471,0.0039554,0.000229451,0.000864395,0.051556,3.57769,2.15446e-06,5.55005,0.241781
2099.2917,306.642,306.691,4.2285,0.354577,2.04766,0.013841,0.00877967,0.0056491,0.00506134,3.77447e-05,6.76973e-05,3.11992e-05,1.51001e-06,0.00184801,0.00405684,0.045849,1.14397,0.0263145,0.00262556,1.58281e-07,1.98555e-06,5.22326e-05,2.52208e-10,0.000145807,9.58869e-05,1.77579e-06,4.33295e-10,8.18433e-06,6.1449e-06,17.8116,46.3465,12.2351,0.350783,25.6068,0.310413,15.5021,0.0128344,0.246468,2.57733,0.274359,0.266664,0.002922,0.00677057,-0.0224228,0.0129341,0.0237638,0.00586828,0.00503486,-0.0224228,0.0205489,2.88176,2.25224,0.000417763,0.0515088,0.000915691,0.00396063,0.000246468,0.000859111,0.0515088,3.24638,2.14383e-06,5.57649,0.259302
2099.3750,307.097,307.126,4.53359,0.328689,2.45904,0.0139305,0.00905528,0.00539327,0.0048752,4.02338e-05,6.80045e-05,3.32813e-05,1.5802e-06,0.00196602,0.00405944,0.0452182,1.08828,0.026379,0.00272627,1.62561e-07,1.98735e-06,7.02647e-05,1.75276e-10,0.000136208,9.68433e-05,2.48397e-06,4.02011e-10,7.59945e-06,6.21376e-06,17.8782,46.3777,12.2721,0.342224,25.5942,0.330095,15.5246,0.0133099,0.262096,2.56305,0.275123,0.266005,0.0027438,0.00655793,-0.0234252,0.0137542,0.0237953,0.00624038,0.00500522,-0.0234252,0.0205954,2.88183,2.25232,0.000406522,0.051472,0.000973752,0.00396588,0.000262096,0.00085435,0.051472,3.26284,2.14991e-06,5.60613,0.275406
2099.4583,308.185,308.15,4.83747,0.228165,4.0438,0.0145966,0.00940196,0.00355142,0.00519463,8.86738e-05,6.98413e-05,7.43894e-05,2.5052e-06,0.00424256,0.00360376,0.0431974,0.571181,0.0277797,0.00282511,2.41996e-07,2.01337e-06,2.2286e-05,8.23871e-10,7.86938e-05,0.000102035,9.91115e-07,4.38611e-10,4.8825e-06,6.6057e-06,17.9506,46.4454,12.3098,0.348854,25.5889,0.34939,15.5485,0.0137908,0.277415,2.55709,0.275923,0.265784,0.00199331,0.0067526,-0.0238775,0.0145582,0.0238289,0.00660513,0.00499291,-0.0238775,0.0206453,2.88191,2.25235,0.000419358,0.0514573,0.00103067,0.00397148,0.000277415,0.000852364,0.0514573,4.34917,2.25536e-06,5.64084,0.291206
2099.5417,312.111,311.933,4.894,0.147515,3.08901,0.00693779,0.00775738,0.00186357,-0.00081959,5.19573e-05,3.77578e-05,4.36292e-05,1.24742e-06,0.0050223,0.00460101,0.0242905,0.193076,0.00967439,0.00284365,1.04082e-07,2.05215e-06,5.01948e-08,1.01961e-09,2.32582e-05,4.18039e-05,3.88092e-09,4.28984e-10,2.42454e-06,2.77191e-06,17.9413,46.5078,12.3188,0.393689,25.5986,0.352951,15.5556,0.0138597,0.280243,2.57424,0.275855,0.267126,0.00132832,0.00797957,-0.0230648,0.0147065,0.0238393,0.00667246,0.00502846,-0.0230648,0.0206416,2.88199,2.25232,0.000491441,0.0514844,0.00104117,0.00397322,0.000280243,0.000858081,0.0514844,3.40244,2.15623e-06,5.62248,0.294103
2099.6250,314.383,314.231,4.55874,0.143316,2.07045,0.00393998,0.007065,0.00213733,-0.00312502,1.356e-05,1.8931e-05,1.13495e-05,2.98614e-07,0.00242695,0.00381538,0.0121158,0.148188,0.00337182,0.00273503,2.05934e-08,2.02448e-06,7.12732e-07,1.03339e-09,2.17734e-05,2.17631e-05,4.42961e-08,3.70838e-10,2.83903e-06,1.46823e-06,17.8031,46.4511,12.2799,0.43527,25.6158,0.331698,15.5326,0.0132557,0.263368,2.59691,0.274398,0.268513,0.00157387,0.00908695,-0.0216206,0.013821,0.0238079,0.00627067,0.00507538,-0.0216206,0.0205485,2.88207,2.25237,0.000556058,0.0515315,0.000978479,0.00396799,0.000263368,0.000865638,0.0515315,2.52169,2.04508e-06,5.52327,0.276624
2099.7083,318.976,318.688,4.17518,0.11774,1.61831,0.0018021,0.00721751,0.00189237,-0.00541541,1.02959e-06,3.26804e-06,8.49539e-07,1.8054e-08,0.000386293,0.00127056,0.00213482,0.0506713,0.000389651,0.00260828,9.74079e-10,1.97399e-06,9.53403e-10,1.20145e-09,2.27802e-05,1.26483e-05,9.83562e-11,3.12642e-10,2.41246e-06,8.85762e-07,17.6377,46.3547,12.2325,0.46452,25.6334,0.306935,15.5032,0.0125438,0.243707,2.61905,0.272727,0.269794,0.00217617,0.00989627,-0.0201271,0.0127892,0.0237675,0.00580254,0.00512108,-0.0201271,0.0204412,2.88214,2.25244,0.000606061,0.051579,0.000905433,0.00396125,0.000243707,0.000873015,0.051579,1.97752,1.97496e-06,5.40526,0.256251
2099.7917,316.916,316.921,3.7952,0.141226,1.32875,0.00256256,0.00643092,0.0022732,-0.00386837,7.50626e-07,3.32965e-06,6.14419e-07,1.58414e-08,0.000284239,0.00135831,0.00299326,0.0863304,0.000429742,0.00248005,1.11555e-09,1.90736e-06,1.5076e-06,1.38904e-09,2.19123e-05,1.1829e-05,8.8144e-08,2.65312e-10,3.30751e-06,8.26385e-07,17.4656,46.2505,12.1828,0.492813,25.6493,0.281921,15.4711,0.0118114,0.223845,2.64287,0.271022,0.270965,0.00284088,0.0106987,-0.018767,0.011747,0.0237229,0.00532965,0.00517016,-0.018767,0.0203314,2.88221,2.25252,0.00065799,0.0516218,0.000831644,0.00395382,0.000223845,0.000880955,0.0516218,1.89318,1.90847e-06,5.2828,0.235657
2099.8750,306.944,307.124,3.64167,0.306455,1.73925,0.0124105,0.00683011,0.00598686,0.00558037,4.13033e-05,5.99414e-05,3.45167e-05,1.27427e-06,0.00279559,0.00543914,0.0395255,0.699919,0.0190421,0.00242721,1.23728e-07,1.88348e-06,6.22763e-05,7.95714e-10,9.6049e-05,6.83727e-05,2.50431e-06,2.17528e-10,8.497e-06,4.3988e-06,17.3866,46.1624,12.1595,0.446892,25.6772,0.271683,15.4542,0.0114668,0.215717,2.65171,0.270155,0.270993,0.00260827,0.00928784,-0.0162464,0.0113204,0.0236993,0.00513611,0.00518816,-0.0162464,0.020274,2.88227,2.25265,0.000566864,0.05169,0.000801444,0.00394988,0.000215717,0.000883903,0.05169,3.19583,2.00721e-06,5.2271,0.227183
2099.9583,307.436,307.476,3.95188,0.310697,2.79341,0.0149866,0.00838838,0.00560203,0.00659821,6.44159e-05,6.83565e-05,5.37902e-05,2.1405e-06,0.00313999,0.00410403,0.0432663,0.741645,0.0283352,0.00253201,2.05161e-07,1.90528e-06,5.20794e-05,2.48526e-10,0.000125161,0.000100614,2.0292e-06,1.75558e-10,8.22229e-06,6.45294e-06,17.4505,46.1599,12.1922,0.388839,25.6807,0.292286,15.4699,0.0118694,0.232075,2.63986,0.27087,0.270302,0.00215092,0.00774039,-0.015623,0.0121788,0.0237207,0.0055256,0.00516337,-0.015623,0.0203171,2.88234,2.25277,0.000475109,0.0516843,0.00086222,0.00395345,0.000232075,0.000879953,0.0516843,3.8836,2.11045e-06,5.25834,0.243945
2100.0417,306.418,306.499,4.37665,0.338423,2.10591,0.0150659,0.00867358,0.00561372,0.00639229,7.56273e-05,6.8694e-05,6.31827e-05,2.46953e-06,0.00356864,0.00418021,0.0472478,0.655481,0.0292139,0.00267321,2.58342e-07,1.93615e-06,3.92651e-05,1.52882e-10,0.000132256,0.000105044,1.41792e-06,1.46297e-10,8.13045e-06,6.75523e-06,17.5361,46.2107,12.2374,0.370353,25.6747,0.320003,15.4926,0.0124047,0.254082,2.6295,0.271874,0.270162,0.00180071,0.00725615,-0.0159107,0.0133337,0.0237521,0.00604958,0.00514175,-0.0159107,0.0203794,2.8824,2.25284,0.000447626,0.051658,0.00094398,0.00395868,0.000254082,0.000876501,0.051658,3.5924,2.19449e-06,5.29871,0.266487
2100.1250,306.075,306.138,4.76877,0.37595,1.65642,0.0148959,0.0088595,0.005572,0.00603645,5.18546e-05,6.80845e-05,4.30391e-05,1.93801e-06,0.00241113,0.00402608,0.0486656,0.94527,0.0290195,0.00280092,2.11774e-07,1.95348e-06,2.46436e-05,3.17978e-11,0.000135819,0.000106031,7.80829e-07,1.09554e-10,8.01664e-06,6.79562e-06,17.626,46.262,12.2795,0.357117,25.6649,0.345048,15.5148,0.0128987,0.273968,2.61391,0.272844,0.270525,0.00225965,0.00690991,-0.0165974,0.0143772,0.023783,0.00652305,0.0051094,-0.0165974,0.0204396,2.88248,2.2529,0.000427304,0.0516248,0.00101786,0.00396383,0.000273968,0.000871304,0.0516248,3.39713,2.16525e-06,5.3465,0.286867
2100.2083,305.999,306.04,5.1111,0.368288,1.90702,0.0148522,0.00902858,0.0056548,0.00582364,4.10006e-05,6.7891e-05,3.38596e-05,1.65028e-06,0.00189623,0.00393016,0.0492763,1.17434,0.0288897,0.00291047,1.85044e-07,1.95922e-06,3.37434e-05,8.89897e-11,0.00013641,0.000106759,1.02301e-06,4.46973e-10,7.89542e-06,6.83432e-06,17.7118,46.3224,12.3167,0.355626,25.6564,0.366513,15.5353,0.0133242,0.291012,2.59851,0.273709,0.271152,0.00276439,0.00686436,-0.0172626,0.0152716,0.0238116,0.00692885,0.00507747,-0.0172626,0.0204928,2.88256,2.25297,0.000422633,0.0515989,0.00108118,0.0039686,0.000291012,0.000866168,0.0515989,3.3396,2.14426e-06,5.39512,0.304336
2100.2917,305.967,305.998,5.39668,0.364902,1.96587,0.01455,0.00916442,0.00558494,0.00538559,3.5834e-05,6.7002e-05,2.95129e-05,1.47805e-06,0.00171532,0.00395068,0.0497649,1.29554,0.0278578,0.00300056,1.68166e-07,1.96189e-06,4.02534e-05,5.99131e-10,0.0001313,0.00010398,1.22488e-06,3.71332e-09,7.65358e-06,6.65784e-06,17.7902,46.3797,12.3484,0.356406,25.6497,0.384145,15.5535,0.0136756,0.305011,2.58338,0.274447,0.271597,0.00305031,0.00688482,-0.0178308,0.0160063,0.0238373,0.00726217,0.00504619,-0.0178308,0.0205381,2.88264,2.25303,0.00042242,0.0515805,0.00113319,0.00397288,0.000305011,0.000861127,0.0515805,3.20577,2.13006e-06,5.44187,0.318687
2100.3750,306.328,306.351,5.63002,0.330803,2.79136,0.0147506,0.00938533,0.00551157,0.00536524,4.15104e-05,6.79351e-05,3.42926e-05,1.62769e-06,0.00196968,0.00398246,0.0488851,1.13115,0.0281337,0.00307331,1.81852e-07,1.96556e-06,6.39768e-05,3.18343e-09,0.000123919,0.000105471,2.20843e-06,1.49203e-08,7.39394e-06,6.76231e-06,17.8593,46.4331,12.375,0.357395,25.6463,0.398366,15.5696,0.0139595,0.316302,2.57007,0.275062,0.271588,0.00271865,0.00692116,-0.0181322,0.0165988,0.0238601,0.00753101,0.00501872,-0.0181322,0.0205758,2.88273,2.25309,0.000424741,0.0515723,0.00117514,0.00397669,0.000316302,0.000856692,0.0515723,3.44803,2.14741e-06,5.48432,0.330262
2100.4583,306.443,306.452,5.84555,0.314091,2.99647,0.0150499,0.00960141,0.00534228,0.00544854,6.30464e-05,6.83413e-05,5.24119e-05,2.23794e-06,0.00293855,0.0039497,0.0488815,0.762133,0.0284911,0.00313986,2.48918e-07,1.97758e-06,5.30534e-05,3.7673e-09,0.000114472,0.000107153,1.97299e-06,1.6341e-08,7.1352e-06,6.89924e-06,17.9284,46.4953,12.4002,0.360159,25.6468,0.411357,15.5855,0.0142252,0.326618,2.55991,0.275661,0.271398,0.00183754,0.00700709,-0.0181053,0.0171401,0.0238829,0.00777661,0.0049978,-0.0181053,0.0206132,2.88282,2.25313,0.000430675,0.0515744,0.00121346,0.00398049,0.000326618,0.000853304,0.0515744,3.71578,2.2265e-06,5.52815,0.340843
2100.5417,308.422,308.36,6.05079,0.206557,4.27369,0.0144416,0.00965526,0.00320568,0.00478633,0.000216821,6.86967e-05,0.000178399,8.14532e-06,0.0114304,0.00383403,0.0430523,0.242185,0.0268558,0.0032027,7.93851e-07,2.02922e-06,5.43058e-06,1.29254e-08,5.10257e-05,9.87742e-05,2.82293e-07,1.29495e-08,4.17123e-06,6.56555e-06,17.9959,46.5915,12.4251,0.38136,25.6541,0.423606,15.6019,0.0144826,0.336344,2.56013,0.276233,0.272247,0.00092125,0.00758507,-0.0174899,0.0176505,0.0239064,0.00800818,0.00499841,-0.0174899,0.0206516,2.88292,2.25313,0.000466028,0.0515944,0.0012496,0.00398439,0.000336344,0.000853377,0.0515944,4.55203,2.82307e-06,5.57081,0.350826
2100.6250,312.148,311.956,5.99876,0.163441,3.41966,0.00755049,0.00844537,0.00235328,-0.000894881,0.000229174,3.82366e-05,0.000167834,1.48256e-05,0.019111,0.00443798,0.0241908,0.0412949,0.0106686,0.00318724,1.34117e-06,2.07454e-06,5.05866e-07,2.54279e-09,2.05867e-05,4.42295e-05,2.80102e-08,8.49561e-09,2.87661e-06,3.16246e-06,17.9733,46.6506,12.4229,0.428141,25.6727,0.420502,15.6031,0.0143856,0.333878,2.57645,0.275795,0.273901,0.000251979,0.0087329,-0.015911,0.0175212,0.0239089,0.00794948,0.00503235,-0.015911,0.0206335,2.88302,2.25312,0.000537737,0.0516444,0.00124044,0.00398482,0.000333878,0.000858818,0.0516444,3.76453,3.41571e-06,5.55035,0.348264
2100.7083,312.706,312.591,5.61276,0.172212,2.62573,0.00595644,0.00762947,0.00286384,-0.00167303,9.93576e-05,2.8545e-05,7.70017e-05,5.48684e-06,0.0110203,0.00423315,0.0179519,0.0562049,0.00672273,0.00306899,4.47379e-07,2.0752e-06,4.61462e-07,1.93142e-09,2.12466e-05,3.30424e-05,2.53389e-08,5.13838e-09,3.64532e-06,2.29542e-06,17.8474,46.6061,12.3839,0.465636,25.697,0.397306,15.5826,0.0138093,0.315461,2.59607,0.274248,0.27553,0.000364562,0.00967798,-0.0138329,0.0165547,0.0238812,0.00751098,0.00507304,-0.0138329,0.0205395,2.88311,2.25318,0.000592517,0.0517096,0.00117202,0.0039802,0.000315461,0.000865356,0.0517096,3.16214,2.52258e-06,5.46349,0.329271
2100.7917,309.775,309.859,5.30796,0.235433,2.87972,0.0113739,0.00815192,0.00431097,0.00322196,0.000246528,5.68062e-05,0.000197282,1.40427e-05,0.0153508,0.0048192,0.0330226,0.117278,0.0189708,0.00297397,1.23411e-06,2.06887e-06,4.7835e-06,1.48724e-09,4.49047e-05,6.91892e-05,2.3805e-07,3.17149e-09,5.76555e-06,4.73076e-06,17.7459,46.5563,12.3516,0.474342,25.7248,0.378702,15.5648,0.0133296,0.300689,2.61122,0.272993,0.277036,0.000442075,0.00989281,-0.0113965,0.0157795,0.023857,0.00715927,0.0051044,-0.0113965,0.0204628,2.88319,2.25325,0.000599997,0.0517811,0.00111714,0.00397617,0.000300689,0.000870407,0.0517811,3.82436,3.30298e-06,5.39431,0.314019
2100.8750,306.999,307.064,5.4264,0.285623,2.24695,0.0146711,0.00905288,0.00513532,0.00561818,0.000581793,6.88699e-05,0.000431941,5.69743e-05,0.0284029,0.00398464,0.0444484,0.0725525,0.0277645,0.00301109,5.71618e-06,2.08524e-06,3.90412e-06,1.89215e-10,7.09118e-05,9.327e-05,1.71855e-07,2.02841e-09,7.07513e-06,6.66676e-06,17.7816,46.5987,12.3651,0.454555,25.7484,0.385969,15.5729,0.0134573,0.306459,2.61422,0.27312,0.278495,0.000170982,0.00927403,-0.00918092,0.0160823,0.0238686,0.00729664,0.00511061,-0.00918092,0.020486,2.88328,2.2533,0.000562382,0.0518348,0.00113857,0.00397811,0.000306459,0.000871407,0.0518348,3.44371,7.80142e-06,5.41647,0.319916
